# vtk DataFile Version 3.0
Magnetic Field Scan Structured
ASCII
DATASET STRUCTURED_POINTS
DIMENSIONS 28 25 6
ORIGIN 95 152 0
SPACING 4 4 4
POINT_DATA 4200
SCALARS B_Magnitude double 1
LOOKUP_TABLE default
7600.965051
9404.458659
11932.027044
15850.146145
21140.949155
20608.009568
18711.440444
16754.446197
20121.434935
22511.040422
14681.863386
9695.553002
6357.778450
3843.619896
2095.594811
2112.430125
3818.985660
6193.330128
9354.614129
14134.239072
20367.151291
17077.622468
16543.218577
18150.127089
19948.206879
19144.846407
14581.414996
11385.070929
7116.202177
8815.143574
11192.777264
14913.177453
20217.939613
20937.417809
18009.475554
16486.147255
21005.694888
23450.638308
15578.182570
10562.170114
7313.688258
5037.560278
3673.979109
3571.661409
4785.283296
6904.874332
10002.382010
14952.432851
21287.137718
17272.819349
16857.759953
18736.645228
19693.688234
18029.335432
13600.942592
10616.405851
6571.879949
8110.841380
10263.770342
13632.974017
18627.950959
19873.146890
17285.540325
16173.296772
21389.249399
23580.611793
16155.078212
11190.299738
8090.252678
6042.784407
4938.750312
4859.996872
5839.107547
7735.119095
10690.421477
15549.945009
21776.445185
17499.173920
16297.258403
18148.272550
18623.085981
16570.978503
12474.573716
9752.409519
6010.363294
7395.440880
9331.825539
12352.074638
16998.611545
18649.401028
16719.802339
16209.606794
22025.165580
23431.151398
16711.338236
11882.194409
8908.668760
7015.459045
6008.772637
5909.710765
6723.509207
8431.990875
11250.152437
16040.279872
21924.942160
17659.740281
16001.313625
17322.534553
17215.773733
14958.700014
11243.520240
8845.305348
5432.910593
6636.586172
8321.867007
10961.624891
15210.779018
17175.625579
16224.522701
16347.923652
22424.777670
23178.538780
16976.903902
12295.302419
9458.927714
7697.078850
6790.815022
6690.929459
7418.368266
9005.074455
11721.316201
16387.192508
22044.376718
18147.481744
15838.845959
16364.874701
15719.973003
13368.236887
10040.284915
7935.393330
4863.231040
5921.673443
7368.763419
9666.208867
13535.849866
15660.703001
15777.680509
16738.440262
22971.469443
22949.532567
17021.090051
12510.849610
9806.470518
8148.148180
7321.904271
7247.192138
7921.910727
9414.341852
12022.569580
16555.751047
21875.999156
18524.207123
15743.616404
15103.287795
14137.055601
11716.312814
8821.694366
7047.044754
4310.980923
5196.007956
6417.977136
8327.772048
11699.989735
14010.830350
15253.159748
17023.943387
22501.296675
22685.688622
16797.447988
12514.937588
9963.382444
8423.925353
7648.754644
7561.856516
8194.091007
9617.536892
12130.512751
16498.483942
21552.851929
18679.402243
15472.077454
13840.323950
12536.500479
10191.723381
7711.176367
6205.240130
3778.143117
4540.800640
5563.182180
7151.917022
10128.392474
12573.756302
14433.949137
16995.980880
21412.725808
22168.821091
16205.936375
12217.788479
9832.614990
8398.906912
7708.178048
7659.867968
8271.008236
9625.457329
12023.095791
16184.181514
20869.018721
17939.078024
14637.973675
12597.891016
11110.726122
8765.510180
6689.651480
5452.451175
3317.632629
3953.627300
4805.638572
6119.891198
8735.548812
11150.335764
13082.518542
15786.177208
19900.965751
20976.746947
15383.319755
11729.682191
9570.562623
8282.024263
7646.863990
7590.313403
8143.982047
9395.226050
11621.574513
15503.901463
19870.882118
16964.569098
13599.165659
11440.912467
9907.098261
7648.945838
5879.430009
4821.245727
2934.779795
3494.491566
4234.085231
5357.606903
7605.808712
9906.398373
11799.722918
14364.696615
18183.190250
19151.228287
14165.025359
10954.912510
9040.032875
7903.838903
7362.269115
7344.879823
7858.627275
8986.764196
10995.771034
14484.934255
18305.042613
15389.936922
12181.929373
10264.089014
8888.460036
6826.524456
5276.205081
4317.790679
2589.177099
3076.027554
3729.539329
4697.288735
6537.511850
8590.197769
10351.021878
12638.591881
15943.033386
16971.293529
12824.885053
10116.622386
8486.813081
7511.614933
7032.556332
6993.589520
7428.110402
8400.293339
10118.881455
13048.516234
16114.178229
13499.841537
10820.602210
9197.426293
8207.660686
6473.741831
4920.634715
3940.242856
2297.749633
2746.047933
3345.109905
4211.846017
5662.089590
7387.678554
8925.596726
10806.062887
13314.706159
14627.943852
11446.964333
9170.576990
7788.106771
6961.780959
6572.384090
6562.965327
6945.774464
7773.978703
9220.478985
11666.023902
13615.761881
11454.546592
9496.549995
8383.810100
7887.978714
6266.015476
4608.912255
3611.285611
2038.497473
2437.199796
2981.299051
3765.843177
4934.602579
6293.612587
7550.052072
8965.834309
10732.934115
12289.980435
10451.643266
8416.368526
7210.753254
6491.231555
6135.613168
6105.930846
6422.403087
7132.917499
8393.340649
10465.600405
11418.291644
10138.348582
8860.800167
8086.495195
7629.779709
5883.291297
4281.834057
3325.919201
1807.595594
2173.623842
2665.922008
3362.302884
4379.757872
5495.132195
6389.380394
7403.056312
8547.352450
9737.238914
9628.569202
7849.329546
6648.737925
5973.987494
5661.348306
5647.265898
5952.108816
6623.994537
7803.288202
8970.910161
8558.638492
7818.075660
7129.319825
6537.876200
6129.235696
4967.039703
3788.248707
2988.606729
1600.842034
1919.788871
2347.105329
2938.086783
3773.070554
4792.703084
5496.264426
6162.586232
6872.340448
7607.529463
8081.814805
7459.930735
6326.676377
5620.283892
5268.429309
5205.643764
5499.301498
6228.041183
7056.980942
7040.277428
6660.399825
6306.455190
5941.460948
5653.229875
5299.487530
4238.911166
3333.783623
2669.865340
1402.580829
1680.950761
2046.244751
2532.825534
3181.192075
4010.427386
4656.056247
5093.576532
5526.466600
5934.144137
6245.197057
6183.101945
5801.142567
5293.238089
4849.514890
4651.352210
4901.546501
5402.913992
5581.024753
5497.275818
5411.494417
5290.085328
5127.083843
5185.739643
4495.924962
3574.535526
2866.843687
2338.671057
1231.182167
1464.294258
1765.753027
2151.311468
2645.825922
3283.203524
3994.106430
4339.224486
4572.667143
4843.872256
5074.523819
5140.085709
5079.934369
4726.532266
4112.921337
3692.587718
3948.567393
4255.924628
4387.747560
4450.986009
4494.502182
4492.043687
4672.059108
4506.721542
3704.195380
3005.383248
2459.717179
2035.232386
1070.062654
1264.349012
1508.442113
1813.384062
2186.604705
2647.746643
3207.866511
3711.215846
3999.796305
4280.570204
4381.730219
4257.103913
3898.839888
3204.739498
2729.239683
2981.780797
3295.341212
3482.741553
3597.622634
3663.787840
3745.077611
4029.010489
4123.747346
3565.124732
2975.924273
2479.805673
2075.821210
1749.817440
929.135439
1087.322638
1280.351185
1511.846806
1784.190967
2098.887096
2445.781722
2742.600993
2775.714378
2759.057944
2602.290710
2156.247170
1889.350790
2073.182507
2371.826603
2584.873387
2754.811235
2873.560250
2968.101204
3130.217698
3473.223798
3557.683638
3202.420704
2777.868175
2387.130831
2039.891840
1739.061112
1484.990833
801.473667
931.251376
1082.718267
1260.235986
1458.091909
1675.250699
1887.109587
2038.976529
1987.345812
1591.273269
1424.867884
1834.794158
2065.420215
2125.909191
2129.523460
2161.810075
2251.360259
2396.325734
2646.627102
2915.450980
2913.466860
2702.605090
2437.337823
2166.260393
1905.705626
1663.948723
1447.877465
1258.535373
690.064579
793.338293
910.642557
1042.022739
1184.132080
1332.623425
1472.425123
1576.584649
1608.348755
1574.848341
1626.534036
1792.198366
1859.008137
1838.764715
1804.173264
1797.601584
1862.880450
2036.460101
2172.109533
2213.098989
2152.214216
2028.831898
1872.990547
1701.664900
1527.856580
1357.031891
1197.738294
1053.940263
597.105524
678.504874
771.948423
871.599891
976.744746
1080.503467
1175.822453
1251.879183
1298.667298
1326.699526
1358.765699
1392.946006
1399.700626
1383.391260
1374.945932
1393.502378
1453.782402
1540.050511
1605.914898
1629.235678
1603.734463
1537.948703
1445.477933
1336.441873
1218.672321
1100.037428
987.533746
884.009454
512.200034
576.665058
647.921310
721.645020
797.308428
870.324803
938.020696
992.331946
1030.842832
1056.501632
1071.248346
1077.227450
1071.457979
1063.093852
1059.937079
1074.834236
1110.156797
1154.678140
1195.494790
1215.533109
1208.961667
1174.694699
1119.828198
1048.949665
971.291758
888.078299
806.710574
729.740534
443.160638
494.876350
551.084326
605.501593
659.891568
713.829500
759.193553
795.387655
821.273175
835.157408
839.727393
835.692032
824.076669
814.065250
810.126608
820.755432
845.428325
877.878062
905.413749
923.146612
923.767819
905.283775
873.547367
827.849811
775.170371
718.747266
661.480309
605.398251
380.772185
421.856463
463.876857
505.884257
545.598776
583.500901
614.775850
639.149403
654.709575
661.391486
661.011584
654.111577
644.837297
636.172076
633.432704
638.879455
653.524162
671.383593
690.467133
703.314201
707.661767
698.639061
680.695451
652.689122
616.701690
577.502105
536.785816
495.522316
6606.482052
7966.354100
9645.385655
11629.358775
13366.331587
14026.594625
14174.659426
14288.288015
14071.390023
12577.327365
9867.944535
7172.737083
4876.446018
2879.253316
1221.575558
1104.288420
2688.632815
4560.797150
6715.237548
9188.710449
11502.702384
12675.960333
13012.665303
13260.561118
13434.436373
12761.761222
11122.248819
9362.012410
6179.215908
7432.966952
9005.206772
10906.081948
12702.829509
13598.915642
13889.163537
14104.076644
14090.621655
12805.416479
10151.697956
7465.301763
5240.802796
3448.887840
2250.139723
2187.166549
3283.170611
4927.650053
6980.877876
9379.409257
11559.711128
12550.362507
12747.658920
12865.305531
12848.323223
12033.643974
10397.609742
8734.502919
5722.303771
6878.099569
8328.974659
10113.563316
11886.187959
12932.841326
13420.960079
13860.346208
14106.650064
13118.760884
10655.216143
8078.465289
5977.047159
4374.049886
3384.643453
3243.971833
4015.922016
5429.592725
7347.278194
9635.891565
11645.572383
12404.437216
12410.160567
12325.053272
12090.745923
11138.672254
9567.234442
8035.067255
5211.546332
6238.132730
7538.273988
9166.909755
10895.689069
12082.828435
12793.358670
13458.682042
13956.873544
13182.374106
10874.547775
8426.479590
6467.179143
5041.648544
4227.445499
4129.085149
4774.510907
6024.265076
7790.270639
9943.101657
11739.914026
12216.404554
11976.055784
11670.662439
11233.038837
10206.155320
8721.548653
7323.360791
4726.432069
5645.056343
6807.075953
8288.037440
9924.863032
11191.054308
12105.648972
13033.372475
13822.998895
13314.723438
11165.910446
8850.637016
7006.788576
5694.870397
4953.720830
4838.930373
5360.284348
6458.776200
8099.613164
10126.385155
11742.132764
11947.067464
11449.372511
10919.568109
10286.864804
9205.775932
7829.716032
6590.884858
4232.934258
5023.329952
6036.305434
7359.916435
8907.580751
10266.596023
11364.016531
12493.109608
13494.440599
13191.239334
11214.341146
9023.704440
7303.643171
6101.196406
5441.038319
5342.012439
5820.080261
6838.727349
8391.504110
10311.840164
11753.798651
11691.674293
10923.599701
10159.305022
9364.832970
8255.972868
6993.119352
5897.434258
3774.404711
4467.815789
5354.108675
6523.702333
7965.348954
9365.148101
10638.555326
11973.047412
13142.090088
12987.696199
11156.517516
9095.821801
7475.338547
6358.151584
5760.292440
5675.542936
6110.306570
7060.357372
8514.043242
10313.745542
11592.442430
11337.289211
10353.139730
9390.866332
8445.849231
7326.274091
6179.697020
5227.392218
3333.838929
3919.860024
4680.800949
5708.202025
7049.742297
8483.947545
9849.248337
11298.333788
12588.702813
12565.081666
10893.389244
8987.681559
7495.548718
6475.183393
5929.729818
5844.128968
6244.934185
7129.437233
8502.020266
10198.722451
11377.658770
10982.270310
9820.575469
8683.063162
7638.237065
6519.373862
5478.856180
4642.981101
2948.198610
3468.978126
4134.618698
5048.860635
6298.851885
7704.606820
9111.080050
10594.436537
11899.527307
11924.255556
10408.604394
8659.052606
7295.487862
6377.909072
5897.597452
5843.804706
6228.183557
7048.687560
8318.210749
9882.601472
10909.302871
10412.593056
9173.532754
7983.822296
6908.008668
5821.449497
4868.514228
4125.639956
2608.282844
3052.528084
3632.727301
4443.961308
5578.630377
6910.580117
8285.356711
9742.722674
11012.080525
11101.332942
9772.075118
8231.692633
7032.580186
6218.309877
5785.210552
5727.315931
6063.738632
6801.709477
7950.444976
9355.421928
10267.245277
9755.294796
8542.760691
7380.330352
6342.012416
5306.908874
4413.671250
3715.945680
2318.024517
2722.456193
3250.891413
3979.498444
4991.811163
6201.038631
7462.988714
8782.260813
9936.645334
10061.955661
8952.187565
7634.299495
6591.858282
5886.935186
5524.615484
5494.298422
5800.670431
6449.614577
7445.149433
8647.803419
9362.469763
8840.153534
7761.056940
6754.761102
5867.160495
4926.169673
4057.385331
3382.368415
2051.867295
2414.555378
2892.310632
3546.273906
4425.468489
5475.180649
6579.374765
7711.032824
8714.642158
8941.988376
8121.181350
7035.640741
6161.472877
5560.463543
5241.705499
5200.223385
5452.753131
6005.173300
6849.672445
7842.063197
8380.501805
7950.113282
7101.801667
6302.951667
5554.636396
4664.005155
3787.838798
3107.447232
1831.525058
2166.604895
2604.216024
3191.169053
3950.997526
4830.041455
5741.669021
6657.631049
7471.141955
7782.063373
7271.962333
6400.600146
5651.647479
5133.796519
4865.635404
4844.360971
5071.194048
5546.323829
6247.001284
7000.187172
7317.354467
6975.166925
6356.752951
5743.138437
5108.217935
4292.291419
3479.916058
2847.427886
1625.363032
1927.151010
2318.438315
2838.871149
3496.052719
4229.129924
4952.798521
5654.165247
6281.336793
6636.717505
6454.230205
5843.390915
5220.654731
4765.813184
4514.194978
4472.556503
4657.675072
5060.308739
5610.752101
6079.912535
6171.781118
5919.008951
5515.979505
5069.119088
4544.707123
3852.770851
3148.828829
2580.088041
1443.782221
1713.449602
2060.581148
2511.755013
3072.394564
3691.254369
4271.278477
4794.388234
5251.020741
5553.152812
5559.647883
5210.815351
4726.100454
4325.801841
4096.414267
4059.655528
4224.326473
4560.616966
4927.245819
5134.734921
5120.905660
4957.147210
4706.934544
4391.753706
3950.133535
3360.960384
2781.081949
2304.100092
1273.780636
1507.138581
1805.299132
2182.290492
2643.507448
3157.368109
3637.172769
4030.213086
4352.547714
4576.060009
4644.211351
4503.697643
4217.153929
3904.048810
3665.579591
3582.380972
3701.628149
3943.049231
4162.803948
4266.566325
4271.891547
4202.755138
4066.658938
3843.421551
3437.628699
2924.580280
2441.940197
2038.695726
1121.159078
1322.265924
1572.012206
1882.470364
2252.904898
2670.799955
3074.578573
3391.780861
3624.866602
3781.378813
3834.609524
3751.315979
3554.079516
3294.475890
3077.359897
3021.205678
3131.796113
3306.859376
3455.213106
3549.276185
3595.265163
3592.845269
3524.351873
3305.046439
2921.380269
2490.450755
2101.038943
1779.411130
981.088237
1148.593865
1354.288234
1600.109799
1887.367943
2209.978252
2531.965995
2793.324358
2962.897746
3056.305467
3060.309060
2961.149345
2782.426089
2583.869475
2477.471584
2504.430659
2615.498214
2748.831444
2870.342735
2969.778020
3047.856607
3084.275065
3009.477083
2772.463832
2446.039968
2109.089404
1804.415839
1541.557139
854.504929
994.580744
1159.268636
1353.693252
1571.826098
1809.052766
2037.467470
2213.040888
2286.350521
2275.762187
2215.132770
2122.541547
2029.890273
1982.669269
2004.590289
2076.728850
2180.507140
2294.173567
2409.596550
2521.655182
2606.288432
2606.248567
2478.881706
2258.451685
2002.780806
1749.960311
1519.773133
1317.000763
745.007519
859.890096
988.486149
1137.343042
1297.146180
1465.469657
1618.719150
1727.027851
1747.887407
1692.636030
1648.661328
1655.447647
1676.410577
1689.867259
1704.977693
1740.025504
1807.134178
1908.629833
2025.614306
2126.674739
2168.335621
2118.440146
1995.101198
1825.261530
1641.944456
1454.983776
1281.277087
1124.309816
645.453955
737.147575
840.168276
955.597994
1075.065753
1194.073609
1300.839658
1374.585842
1401.940484
1393.034557
1392.260743
1413.707134
1424.975874
1415.857159
1408.404650
1425.784222
1482.931330
1572.123784
1663.541334
1723.159877
1725.861456
1671.246663
1578.369901
1458.435382
1325.126843
1189.687264
1063.594237
945.718251
561.240689
634.845618
715.514608
801.136204
888.131648
972.198880
1047.951518
1103.254934
1137.363879
1151.918344
1161.076472
1167.402301
1164.336970
1151.224192
1143.873674
1154.559046
1190.942596
1249.441300
1307.452864
1341.048667
1343.119757
1308.594693
1246.331339
1165.301676
1074.436772
979.455511
885.830984
797.411364
483.932472
543.989551
607.462265
673.428615
737.687875
800.231869
853.306682
893.431734
921.168289
934.214628
938.958266
932.548749
920.142287
906.547454
900.387398
908.327990
936.553412
977.376327
1014.973994
1037.235851
1041.147668
1021.267219
981.802353
927.866283
864.049491
795.645601
725.893495
661.119666
418.750214
466.830510
515.338992
563.631104
610.695571
654.330940
692.695432
723.040650
740.214611
749.321273
748.975288
740.827194
728.724817
716.225298
711.869329
715.781447
732.908491
756.549680
781.885934
799.856945
806.057876
794.876367
771.599042
737.409484
695.307956
648.492375
599.120032
550.145578
362.996703
400.344072
438.360815
476.468803
511.344433
542.829272
570.102721
588.969710
600.205858
602.746537
597.777816
588.339585
575.420470
562.267866
555.440438
558.048323
569.421541
587.827929
606.364936
620.290746
627.130825
621.753897
609.107082
586.914205
558.546929
525.406135
490.664767
457.094794
5665.771299
6632.984664
7711.106156
8801.851636
9661.698084
10103.540202
10176.505487
9973.144558
9414.019760
8350.915653
6852.013014
5199.854512
3603.229452
2105.239838
741.599438
778.723454
2104.635828
3503.857599
4994.851301
6514.846190
7885.033353
8884.764570
9497.367855
9835.909437
9884.887144
9496.876575
8677.835840
7658.220071
5310.956108
6212.259083
7220.809858
8255.178104
9108.396730
9593.635435
9732.853595
9629.545728
9225.530871
8344.324004
6991.339739
5423.051037
3882.987860
2458.092259
1290.097891
1108.719300
2140.320166
3468.473952
4907.860419
6358.885333
7624.162214
8497.051087
9006.494958
9273.530442
9269.060745
8868.222574
8087.253844
7139.716772
4919.726536
5739.783141
6666.496479
7640.198012
8488.178281
9045.401215
9302.693577
9344.833041
9089.507739
8338.056579
7062.123113
5573.017018
4135.503385
2886.799164
2026.389300
1940.110593
2665.011968
3787.760702
5091.117092
6414.794279
7542.346458
8257.937735
8623.992621
8772.306272
8678.000478
8236.712027
7482.768074
6605.434928
4525.729472
5273.834141
6126.583913
7036.437970
7873.156673
8484.626637
8862.265829
9071.830190
9023.898446
8473.186743
7352.577465
5979.037033
4663.124203
3562.406505
2839.471559
2690.646617
3179.730618
4113.001559
5279.726395
6494.073292
7476.028484
8024.095487
8229.108816
8241.546802
8043.527058
7562.649930
6841.091662
6038.855926
4113.197842
4772.168387
5536.651013
6376.371342
7201.237380
7880.592156
8386.676860
8746.115686
8846.531041
8418.809825
7413.489350
6153.180512
4953.956327
3986.497099
3394.528892
3300.643536
3726.529252
4542.285558
5596.891684
6678.675367
7501.197554
7853.846388
7871.855272
7725.269845
7423.536777
6908.409540
6220.030756
5485.677995
3709.990028
4304.269928
4988.751062
5764.890727
6563.471844
7292.778191
7928.290049
8466.303214
8748.574914
8473.967626
7582.050493
6422.183224
5319.903918
4439.865666
3903.192394
3786.267443
4112.771969
4807.766984
5747.905769
6729.878787
7429.371702
7636.193778
7491.222739
7194.675952
6789.276749
6236.411922
5586.392618
4934.350868
3315.949860
3828.089522
4435.239835
5147.922197
5927.269230
6710.170891
7435.466743
8082.422375
8479.444665
8315.987409
7531.117732
6465.552815
5459.671487
4674.969801
4207.835970
4117.025923
4421.010496
5059.147769
5934.171651
6834.356856
7429.879270
7487.004326
7166.780631
6715.144534
6208.458734
5634.243662
5017.097578
4419.802677
2955.313365
3411.074458
3953.344084
4607.755654
5364.229506
6181.923520
6999.234787
7744.388742
8227.156361
8135.645888
7439.562634
6464.677079
5539.398519
4822.805914
4403.348497
4318.258732
4581.969852
5154.666315
5942.527332
6746.438940
7246.970992
7207.327445
6788.234748
6237.131640
5662.342105
5064.456552
4479.955941
3943.935628
2620.837401
3013.854760
3497.601215
4101.773351
4830.242955
5649.140996
6497.185724
7286.807762
7818.844646
7794.641754
7181.268524
6308.184103
5481.695140
4842.312830
4468.364633
4394.580734
4636.033069
5156.925419
5878.234708
6617.441787
7052.840579
6954.875266
6464.006224
5842.068379
5213.760251
4599.685798
4032.584226
3535.874987
2329.916713
2690.796176
3132.074874
3692.796702
4387.884835
5190.818279
6027.380964
6807.170245
7338.986725
7352.055611
6817.665973
6035.928199
5295.967269
4730.371484
4407.335632
4353.277907
4573.903402
5041.220152
5687.704402
6335.560911
6694.208610
6547.068165
6040.808076
5419.461532
4799.986289
4200.014976
3654.765865
3185.286894
2065.997022
2385.815080
2785.829607
3302.658325
3946.978787
4695.790918
5487.231211
6225.616952
6741.350982
6795.619317
6356.689396
5695.021178
5058.740043
4567.596656
4283.820727
4228.793727
4418.050564
4827.393224
5391.499322
5958.011202
6264.031232
6119.895825
5658.491195
5081.211869
4490.099587
3903.130504
3359.946282
2898.000663
1846.890208
2141.519280
2513.169909
2985.940060
3570.143163
4245.682892
4951.737712
5607.357719
6079.113863
6161.442721
5821.990656
5267.431298
4718.724095
4296.853321
4058.672725
4023.225593
4194.501885
4548.540161
5030.146553
5497.805119
5730.722432
5589.619038
5183.922067
4684.650728
4159.154808
3611.768978
3087.722641
2642.342626
1648.165556
1914.776153
2252.627676
2681.006490
3199.236584
3787.439788
4391.189558
4951.906088
5367.083677
5486.949917
5265.095694
4835.240542
4385.776537
4027.507844
3815.973683
3773.473415
3910.400015
4206.930495
4606.721901
4977.268648
5147.614915
5035.655650
4727.414923
4323.327645
3863.462101
3354.042165
2855.573251
2424.779750
1466.453143
1712.077598
2020.549756
2404.640337
2861.225427
3363.381874
3865.476644
4326.913794
4669.829392
4809.658349
4684.657227
4361.740665
3990.623654
3685.720702
3505.328432
3474.849124
3597.336545
3844.757010
4155.939728
4414.752881
4512.606259
4419.157732
4184.071580
3860.327216
3465.334452
3020.651803
2577.975476
2193.633715
1307.977168
1526.082022
1799.693300
2134.262469
2527.117166
2951.171451
3364.949664
3729.696541
4008.402923
4144.216169
4098.655401
3892.847824
3614.837785
3360.540503
3195.385284
3151.796098
3243.091746
3438.743151
3667.011156
3840.826000
3897.617504
3832.580699
3668.199832
3420.533924
3092.736882
2709.447620
2321.331997
1979.019495
1156.362269
1350.525552
1588.960402
1875.726800
2207.141701
2562.999864
2899.620486
3188.267687
3401.188029
3516.780174
3506.070686
3370.374815
3161.619413
2953.769860
2814.447185
2780.172488
2858.879959
3011.041358
3173.469172
3290.052156
3333.163690
3298.062047
3183.634591
2984.362256
2704.984619
2372.863912
2044.675630
1756.979061
1024.101220
1189.884072
1391.479950
1630.933288
1903.017412
2190.759879
2466.692029
2693.289473
2855.759952
2940.631197
2939.367029
2852.563446
2705.780819
2547.474345
2434.655722
2404.095978
2463.984025
2579.578885
2701.774172
2798.403380
2845.056917
2836.127470
2751.944843
2587.502007
2347.393975
2067.752822
1792.961313
1548.055321
899.497831
1040.950348
1209.079637
1405.700195
1624.644583
1854.633740
2070.537133
2242.878896
2358.435720
2407.483269
2391.641033
2315.232164
2201.032102
2086.464032
2020.832483
2023.790846
2087.671271
2185.215741
2287.854579
2372.596579
2422.597012
2420.992895
2348.978606
2198.476539
1992.999461
1764.747110
1545.896022
1348.173569
789.958491
906.670319
1043.577996
1199.014076
1367.294366
1542.234421
1702.333633
1825.196910
1896.419349
1911.428726
1887.796911
1836.174745
1768.589657
1713.019458
1687.621415
1703.544406
1754.697842
1834.404171
1924.180141
2001.058196
2046.158813
2041.249449
1970.402477
1840.780436
1676.262822
1496.260118
1323.482544
1163.766141
689.370875
786.199012
896.531384
1020.882704
1150.132622
1280.935762
1394.416890
1478.223096
1518.109079
1517.889093
1495.838603
1465.522628
1432.371163
1405.510597
1394.389414
1413.414497
1461.314965
1533.499603
1612.113865
1676.652592
1707.193249
1689.906729
1623.031284
1517.280650
1390.305472
1253.706843
1120.523789
998.480776
599.777689
680.318140
767.003943
861.144702
959.139382
1053.299617
1134.407513
1194.499448
1224.506820
1230.093777
1221.739454
1209.485065
1193.530718
1174.839042
1164.823396
1173.838279
1206.575289
1260.700284
1321.711751
1371.667305
1389.050142
1370.428810
1317.696859
1238.220088
1144.474325
1042.856692
941.119469
846.206910
521.477986
587.597743
656.567376
729.988952
804.018064
872.853124
932.427940
977.370976
1000.704623
1009.203020
1005.072796
993.265872
974.617615
956.516052
946.163764
951.586744
980.282841
1024.513636
1069.088906
1103.650511
1114.486776
1099.188298
1061.376433
1003.987335
936.208416
862.865921
787.286271
716.882429
452.891556
503.932156
559.698126
615.617448
669.754620
720.964583
763.878984
795.404828
815.254233
822.252469
819.552295
808.679972
792.451842
777.068893
768.126770
770.657808
788.093061
816.640077
847.599314
871.098920
879.661741
871.512278
845.995569
806.898736
759.716122
706.216040
651.449705
597.745694
394.317069
436.166807
479.474884
522.041933
562.574991
600.340879
631.027354
653.030037
665.599762
668.917943
664.185254
651.418159
635.043188
619.583263
609.935818
612.051720
624.985864
644.695611
669.265058
685.651576
692.326060
690.582212
673.813256
649.417223
615.049403
578.696223
540.175920
499.978389
342.343398
376.085713
409.675903
441.430895
472.067429
499.226431
521.087993
535.707024
544.287267
544.084062
537.630317
526.399609
512.553028
499.453613
490.954623
489.344275
494.916993
506.704413
523.167150
534.082317
542.222925
543.270618
535.900962
518.821002
497.316308
471.292980
442.883583
414.152686
4769.073476
5452.415302
6152.873216
6795.619063
7274.472175
7508.755499
7488.289578
7232.179137
6741.479616
6006.336341
5066.224774
4010.138157
2920.462743
1869.723858
1005.515498
973.092801
1795.117144
2800.194727
3856.399556
4892.753543
5828.414361
6584.642098
7121.854874
7433.006911
7494.894736
7284.506447
6822.487329
6203.415892
4468.273156
5090.618881
5732.600308
6328.121551
6785.643861
7028.962505
7048.666252
6860.451887
6445.717191
5783.773600
4884.221724
3839.492249
2742.067854
1654.529341
637.870250
578.182180
1562.156162
2585.861410
3614.860301
4600.084864
5469.113594
6152.806251
6629.432507
6905.072727
6963.573817
6771.000399
6347.905046
5786.243374
4146.557853
4721.065079
5311.101011
5871.826404
6314.781055
6579.635159
6652.101809
6553.745512
6258.618437
5728.712449
4945.774712
3986.014100
2968.503185
1972.689340
1147.888842
961.235976
1631.831442
2553.690321
3525.868274
4443.480163
5233.753837
5828.994272
6224.888112
6439.597439
6456.913677
6258.240934
5865.604615
5350.984621
3814.375462
4326.426060
4863.518473
5385.235962
5826.477647
6132.127250
6282.922778
6278.460321
6085.551176
5635.323274
4924.501127
4038.766004
3117.396594
2254.625084
1639.536706
1544.185521
2025.715862
2784.902505
3627.471737
4436.506374
5109.040879
5584.886797
5872.822921
6002.586803
5968.929356
5755.042874
5381.931451
4908.884997
3476.785232
3942.851006
4434.592089
4923.716355
5357.912043
5698.392555
5932.046728
6054.104771
5997.277579
5680.454336
5073.662178
4286.218041
3460.296807
2717.185095
2195.259358
2059.300595
2369.762793
2976.282870
3713.208899
4428.586903
5005.227341
5371.055831
5550.824826
5589.382553
5491.256176
5253.604834
4893.869755
4464.118620
3141.372835
3549.070878
3993.883743
4453.581205
4892.697472
5280.415050
5589.874808
5794.287347
5826.338285
5586.996770
5063.585135
4362.824629
3626.132759
2977.353719
2554.878997
2465.875836
2735.600707
3263.313012
3908.045447
4524.278890
4984.714223
5222.726979
5277.035736
5209.015703
5046.509951
4781.634330
4435.170468
4042.442880
2824.722960
3195.959294
3600.304941
4029.891369
4471.206520
4899.306333
5294.142163
5599.248829
5726.168036
5572.693079
5127.231494
4503.583558
3842.871016
3266.128186
2887.542001
2784.668573
2983.555455
3416.868385
3974.279631
4511.496210
4893.467989
5046.597438
5010.017778
4856.289546
4627.949626
4335.359438
3997.095343
3634.834866
2523.480853
2846.299402
3212.203615
3620.986460
4065.779377
4523.813086
4963.322134
5327.768894
5516.544590
5427.783634
5050.052701
4494.538623
3902.240807
3395.426542
3072.787714
2992.208655
3174.912452
3562.577462
4063.052277
4540.606291
4857.228036
4931.944181
4801.146305
4555.461564
4265.222266
3944.325961
3608.227735
3269.553789
2256.017828
2549.791758
2889.824017
3280.642505
3724.568270
4205.193201
4680.709315
5081.220354
5308.941233
5263.280518
4942.221181
4446.298093
3915.732235
3468.932610
3181.183340
3108.701154
3262.137190
3599.324570
4033.804018
4447.432478
4701.038072
4720.040894
4543.356046
4256.465571
3933.012046
3594.719911
3260.362187
2942.528254
2007.800856
2269.075161
2581.918968
2953.518275
3388.739011
3868.610427
4351.686368
4765.726970
5019.729069
5011.568487
4739.739901
4306.548313
3843.880046
3448.625843
3199.646730
3136.506864
3270.543890
3568.226666
3958.454722
4319.665783
4535.772260
4525.100314
4321.943038
4012.574415
3666.052466
3310.994939
2974.603622
2665.359484
1797.222590
2041.478919
2332.893750
2685.456097
3099.398490
3561.104086
4027.540979
4429.476067
4680.147675
4696.481916
4470.642142
4094.159712
3688.287714
3346.018223
3132.411677
3083.326079
3205.929219
3466.149485
3803.287304
4114.870487
4287.658862
4256.284220
4050.624575
3746.844943
3404.409028
3055.815187
2722.328401
2422.633210
1602.936944
1828.523058
2099.244416
2428.246788
2813.228078
3241.539592
3671.951243
4050.502321
4292.130343
4330.168122
4155.027266
3844.094752
3501.242446
3206.230455
3021.119066
2974.338778
3076.436209
3300.937538
3590.077916
3854.996228
3999.053771
3965.890154
3780.857928
3503.720323
3179.363770
2839.456342
2509.137220
2212.683953
1436.594413
1645.822560
1898.617886
2203.233741
2555.119868
2938.191135
3320.364697
3653.093808
3873.409963
3924.682932
3795.635330
3540.457116
3248.654518
2997.783888
2843.543853
2807.506719
2899.336609
3089.776113
3331.914296
3545.185603
3656.298228
3621.051092
3461.499726
3216.610297
2924.253090
2608.923631
2299.407945
2020.925270
1281.301847
1471.739409
1702.035602
1979.742902
2294.899586
2629.984662
2960.595904
3244.018145
3440.260682
3503.447735
3420.221057
3228.260278
2994.748906
2784.432567
2646.402321
2608.596236
2679.350689
2835.907943
3032.190594
3200.029551
3282.685257
3255.555909
3129.824592
2926.246437
2669.648138
2383.986314
2097.672637
1835.425972
1145.909012
1319.543282
1529.528726
1772.988140
2047.906509
2339.058124
2617.171784
2853.293960
3017.395482
3079.901986
3027.573190
2881.332715
2692.557020
2515.527096
2399.982591
2371.215495
2432.819393
2561.652534
2715.202833
2840.679231
2902.800958
2881.722303
2781.142700
2613.420529
2392.260272
2142.754041
1887.952688
1656.354793
1020.850831
1175.037541
1357.058669
1570.781281
1805.193065
2049.165114
2279.842284
2472.204984
2605.259710
2662.110916
2633.746427
2533.317041
2389.431511
2249.198310
2149.825112
2119.915851
2166.365230
2266.211148
2386.219557
2484.095256
2533.934036
2522.818914
2446.578122
2311.669303
2125.869822
1908.566399
1686.611344
1481.112485
907.824334
1041.848020
1200.371389
1381.506885
1580.116757
1781.998406
1969.006060
2122.638693
2225.505329
2268.504227
2247.160472
2167.693521
2054.209806
1942.856829
1866.820066
1849.890874
1891.934392
1975.473646
2070.297975
2151.737268
2195.915956
2190.291989
2131.371339
2015.290301
1856.533478
1670.720923
1484.370854
1311.219815
802.876114
917.769541
1051.145835
1201.657761
1363.309376
1525.255028
1672.069197
1791.843463
1868.088527
1896.286704
1876.376759
1818.551100
1735.593810
1655.632649
1603.556469
1594.788039
1629.228862
1695.935775
1774.031279
1841.423449
1883.181323
1881.315250
1834.519808
1738.392347
1606.392186
1452.132166
1297.245559
1152.453101
707.157867
805.006987
916.256644
1039.791326
1168.150508
1295.584545
1409.881842
1497.457316
1548.300703
1561.580739
1541.780385
1494.587883
1435.501449
1379.786332
1346.975789
1348.870611
1383.359110
1443.236457
1510.720037
1567.541388
1601.520350
1599.445105
1555.935973
1474.136797
1365.587493
1241.257812
1116.864435
1000.187153
623.232488
703.624581
795.117550
892.903532
991.543937
1088.428246
1173.932227
1235.863109
1270.793301
1277.357985
1261.725946
1229.624790
1192.501519
1156.890934
1135.998120
1138.241057
1166.481341
1214.164247
1268.291718
1316.755889
1342.949143
1340.430298
1303.950976
1238.058648
1152.974047
1055.984921
959.234193
864.947091
545.537367
613.283177
686.800252
764.921444
842.068906
916.099967
977.480109
1023.865457
1047.508294
1049.946555
1037.634155
1013.692545
985.004942
957.102876
941.913132
943.170894
969.197162
1008.904413
1056.148757
1093.601523
1112.824099
1106.480648
1076.844906
1025.192621
960.364306
886.419650
812.146502
739.193710
478.537795
534.832481
592.571160
651.722663
710.895501
766.011171
810.916807
844.784536
862.547012
865.598060
857.703995
840.168312
818.518240
795.694585
783.022050
782.236344
799.282454
827.437957
862.263976
892.252404
907.615038
903.259635
881.659895
844.091465
796.926212
742.450967
685.611059
630.003113
417.572035
462.698361
510.091736
556.993675
602.901678
643.491061
676.866871
700.684907
713.525763
715.092869
706.211543
688.522993
669.836002
650.077044
636.110609
635.746747
649.380673
670.769737
698.081061
720.460838
731.357859
729.094380
715.881059
688.642623
655.308307
613.749969
572.543561
530.854407
364.561530
401.735780
439.382011
474.986652
508.790884
538.521909
563.172889
578.086098
587.363948
586.745472
579.220824
564.786423
548.146463
531.216655
519.335471
516.880984
522.919811
538.313644
556.832828
571.163577
582.662674
583.410996
575.093218
559.014357
535.527183
506.934426
475.784222
446.770979
320.007389
348.409921
377.969454
407.159983
432.799043
454.991142
471.354342
482.486100
486.749357
483.863981
475.444616
460.751232
443.008247
428.462119
417.043066
413.344299
417.579226
429.109910
442.675789
455.596354
463.326424
467.723310
463.820185
452.073176
436.250483
416.622205
395.709162
374.792309
4024.238981
4503.467826
4967.362409
5369.317735
5652.817411
5774.733549
5721.492930
5494.841722
5099.343521
4556.381905
3887.831579
3145.898391
2391.687056
1701.831249
1249.663394
1281.661492
1770.575659
2439.426802
3169.060251
3892.212724
4556.993235
5114.901054
5532.924647
5790.614998
5867.476244
5756.465952
5476.444803
5082.096534
3770.967962
4211.287292
4634.257808
5001.829902
5257.933914
5370.936052
5327.532613
5132.189737
4790.889292
4310.164473
3696.256745
2977.261480
2206.007998
1422.796510
741.408792
664.393000
1295.597376
2051.117648
2813.593700
3534.127622
4176.399379
4705.639216
5099.337756
5341.923536
5424.741599
5335.613169
5094.940334
4741.027666
3505.551265
3900.711455
4283.637085
4622.154003
4867.977388
4993.635059
4983.152769
4835.785710
4548.318589
4113.472285
3527.278896
2824.319495
2069.576978
1285.844680
553.561657
477.567353
1180.024330
1924.625435
2652.179919
3321.813891
3911.220317
4385.035848
4729.895592
4940.954475
5010.038465
4927.621104
4707.979269
4392.948713
3227.323747
3588.455148
3939.616746
4253.075671
4490.023665
4632.323154
4667.295704
4596.781334
4398.160051
4057.661328
3554.994026
2931.782188
2236.906500
1536.421493
939.418276
768.573655
1220.061043
1870.456542
2543.505485
3166.884800
3700.002363
4113.690558
4402.348421
4569.716522
4610.670248
4523.282576
4321.584946
4036.351375
2949.202644
3269.948867
3588.173882
3884.516828
4125.921141
4295.879741
4378.427513
4363.415088
4226.099439
3935.700953
3484.943970
2924.325303
2303.831059
1701.772529
1251.194531
1168.783700
1507.274239
2041.328586
2620.670958
3153.275544
3598.122279
3921.421508
4132.059554
4237.936634
4241.359981
4141.069045
3947.638885
3687.541647
2676.847562
2969.480140
3260.749222
3541.800886
3788.829164
3990.865983
4137.591306
4205.832742
4156.107781
3949.918567
3580.858448
3085.145374
2541.723080
2026.401641
1642.582676
1525.698715
1726.918543
2140.686086
2633.303026
3099.598863
3477.807221
3735.749350
3879.198360
3927.028555
3889.569717
3772.290259
3583.592196
3346.512670
2413.637047
2669.762498
2938.080184
3210.497115
3466.334369
3695.775317
3883.683771
3999.267875
3999.286615
3844.693389
3532.437241
3097.296650
2620.230780
2177.176799
1872.853515
1799.136577
1982.387713
2341.443963
2767.735186
3164.457650
3465.801770
3640.065067
3699.361740
3676.173542
3589.384985
3446.818374
3258.224240
3034.385489
2172.596617
2410.425447
2660.426803
2923.539524
3190.450165
3456.153932
3694.626988
3864.885744
3919.366237
3819.431596
3561.238708
3183.910975
2763.130737
2373.764717
2102.902917
2016.227862
2139.539874
2421.418236
2775.960739
3111.456572
3358.603495
3483.351414
3493.630531
3423.215767
3299.409880
3135.604490
2946.072258
2735.618871
1946.566217
2156.579875
2387.782134
2642.021813
2917.164668
3195.189930
3455.823164
3656.683956
3748.991971
3688.735200
3471.577264
3140.431124
2772.573921
2438.179029
2210.690249
2146.863331
2262.354119
2512.789447
2826.640432
3120.182810
3325.071038
3404.022696
3363.312136
3242.147799
3075.376664
2886.426919
2685.316660
2481.617748
1751.065044
1946.940753
2168.420498
2419.560282
2695.260924
2987.599412
3262.678638
3484.377372
3596.614070
3563.442848
3382.813323
3098.207946
2774.759572
2479.123449
2278.445615
2217.236829
2308.033759
2514.894253
2779.074619
3024.194526
3185.407980
3231.061507
3165.134219
3026.774905
2845.391478
2645.800747
2444.200284
2247.094045
1568.571821
1747.987674
1956.610303
2196.384102
2464.917977
2752.905974
3030.111872
3252.315450
3380.324103
3369.111172
3220.650361
2979.475847
2699.423311
2443.432945
2272.462983
2221.509789
2300.589393
2483.393924
2714.305867
2924.588177
3062.705086
3090.024427
3011.407753
2859.465089
2669.340595
2460.620843
2250.195913
2051.949071
1409.006906
1579.184188
1777.690581
2008.956655
2265.477483
2540.176877
2802.536623
3016.433111
3143.986121
3147.871279
3031.941621
2821.783456
2580.112864
2360.244336
2214.923290
2172.390701
2241.089880
2395.601738
2591.782874
2772.090220
2878.900297
2888.843509
2807.108740
2658.195950
2470.434316
2264.529391
2059.394768
1866.719580
1266.380840
1423.041749
1608.051935
1824.405616
2063.869920
2317.023430
2559.199641
2757.900760
2876.900567
2894.709151
2804.095282
2635.980952
2432.072307
2245.921630
2119.417340
2081.779769
2137.243184
2268.224925
2434.217237
2584.443687
2675.124352
2681.073469
2606.301265
2469.331824
2292.221948
2093.663588
1894.035644
1705.856127
1130.829616
1278.671091
1452.573867
1652.982522
1871.584713
2098.670498
2312.512212
2489.454280
2601.523368
2624.460763
2555.261453
2414.585926
2245.673114
2087.495228
1980.294941
1949.648893
1998.469366
2107.326075
2245.114286
2368.618235
2438.740468
2441.223330
2372.466856
2250.015433
2089.169027
1906.410428
1721.992280
1548.437489
1015.999763
1150.409488
1307.203976
1485.017285
1681.137834
1879.698004
2065.570678
2215.104953
2313.732928
2338.750842
2291.450635
2184.432749
2048.263455
1915.675954
1825.236559
1794.593384
1832.909093
1923.543825
2034.656865
2134.128590
2190.800285
2194.958222
2141.929650
2036.033545
1896.726555
1732.779791
1563.056562
1400.721645
905.908600
1027.965930
1169.049980
1326.953087
1497.910643
1667.973812
1825.885651
1951.892608
2031.017179
2055.298263
2019.590124
1933.382339
1822.687210
1714.860589
1638.807277
1614.701306
1648.647580
1722.153717
1814.854697
1893.847020
1941.132870
1946.451743
1900.689444
1811.946122
1690.982923
1545.891655
1395.814430
1254.560086
810.396483
916.763173
1038.918608
1175.630228
1318.362648
1461.004057
1590.746371
1694.477761
1758.201540
1777.715342
1751.835658
1687.077632
1600.524919
1514.023511
1453.592139
1434.165917
1461.426838
1520.652586
1594.876665
1660.059835
1702.318845
1707.634746
1672.334801
1600.701261
1496.686650
1372.032530
1243.295460
1119.032746
719.552086
812.520763
917.395641
1033.115996
1153.109907
1271.259258
1376.170687
1456.010735
1505.439375
1516.169313
1494.105231
1441.386471
1370.824174
1304.400965
1256.848086
1245.883901
1270.421657
1322.121364
1384.886893
1440.241866
1475.052869
1479.980685
1452.193729
1391.000838
1301.513651
1199.130514
1089.222841
985.322661
638.126543
717.841415
806.398297
901.033444
998.723762
1091.029029
1172.396974
1233.042284
1268.541276
1274.839096
1256.564130
1216.548801
1166.069378
1116.001984
1082.565953
1073.551149
1094.658381
1135.868881
1186.904620
1233.094804
1264.250536
1269.049032
1244.949763
1194.442370
1122.934549
1038.913138
949.935969
863.752674
563.727503
629.977182
704.031396
782.620613
860.684994
934.564377
997.002077
1041.925399
1066.858702
1068.222415
1051.897065
1018.353129
977.770904
938.744880
913.598293
909.036561
927.109060
965.594495
1008.602931
1047.101499
1071.934940
1073.962627
1054.586325
1012.841729
956.766848
888.374374
819.613630
750.288112
496.570176
553.141683
613.121139
674.867436
735.012547
792.167460
838.492256
871.925513
889.385726
891.224410
877.430902
851.971149
821.038135
791.873020
774.075601
768.747687
781.031081
809.273795
844.089467
874.504769
894.014387
897.276824
882.065189
850.368032
807.357463
755.465889
700.036338
645.382718
437.116170
483.284970
532.750909
582.733061
629.504475
672.914725
709.022651
732.839431
743.780991
742.401158
730.606137
709.932987
683.155023
658.218349
640.893416
636.996925
649.341282
671.787807
699.914762
724.658023
739.295399
741.019803
731.197696
709.109220
674.853798
636.327324
593.457938
552.971772
384.048240
422.829490
461.588046
500.295871
536.937559
568.933165
595.154895
612.343024
620.167321
618.399423
607.874656
590.079402
568.950445
549.046074
534.269142
529.160258
534.599486
550.213335
570.510172
588.925637
601.225337
605.963969
598.902035
582.503502
558.527992
530.061009
500.480663
467.566803
338.417461
369.394569
400.627927
430.757519
459.453271
483.809869
503.217923
514.177649
518.659086
514.533735
504.918139
487.695000
469.793790
449.643563
436.589359
430.718734
434.594621
446.809323
461.945359
475.514081
485.551344
490.004567
487.082931
476.972824
461.017936
440.784923
418.833180
395.016658
296.654201
322.438065
347.758692
371.132677
392.566901
411.475909
424.496875
432.475542
433.482469
429.151497
419.913369
404.866599
388.196338
372.722164
359.503292
352.870116
353.226605
359.159026
369.749978
380.005687
388.603392
392.399813
391.893215
385.454552
375.882613
361.472228
345.754650
330.612789
3384.448578
3724.743073
4037.704175
4297.860201
4468.363289
4525.707491
4457.076013
4270.209794
3971.495314
3582.884406
3122.120494
2614.745161
2107.243585
1660.649867
1387.812345
1403.641024
1705.059647
2159.352333
2675.202997
3192.813420
3676.422820
4088.990218
4405.946128
4609.288821
4681.246116
4624.557306
4454.625580
4193.143863
3178.119194
3484.484956
3765.549421
3996.201553
4147.599455
4199.061720
4137.912523
3967.514540
3688.499439
3316.163398
2855.811137
2328.675491
1787.457447
1273.856437
920.949011
938.175037
1311.022845
1815.454627
2349.549596
2866.514371
3339.120720
3738.151066
4045.030170
4245.452787
4328.790829
4294.033755
4150.655988
3922.944120
2957.585630
3236.373561
3492.389355
3701.668507
3837.071680
3886.151910
3838.964547
3697.790734
3464.370362
3137.822616
2714.121839
2214.566512
1663.863044
1093.219701
586.720764
510.471632
970.277795
1527.335419
2084.916983
2600.793966
3056.575246
3435.434007
3721.092432
3907.880100
3988.642543
3962.938673
3839.967637
3641.464196
2729.372818
2978.607448
3206.781492
3397.040039
3534.752119
3596.290572
3574.001044
3467.917380
3266.977891
2968.193229
2567.399607
2092.649733
1559.913054
996.702806
470.317418
398.178043
892.452313
1436.812795
1959.385911
2437.455872
2852.092780
3187.486752
3437.902446
3599.225616
3666.470279
3643.514807
3532.396169
3355.162265
2501.060502
2726.463041
2936.324164
3116.776714
3250.656620
3327.313829
3344.030102
3288.734930
3149.825739
2913.413896
2574.774506
2146.789976
1664.351503
1162.086434
727.003891
591.877298
909.720610
1379.858651
1860.035730
2302.086391
2679.435341
2976.026867
3185.910511
3318.005730
3364.084154
3333.422191
3230.004543
3070.259743
2274.236217
2473.543028
2664.750597
2836.443964
2978.734070
3078.210952
3123.698327
3105.083123
3001.564316
2806.223590
2509.678562
2130.182124
1701.047305
1267.485791
932.372859
858.687477
1097.305089
1485.754948
1897.793901
2275.015639
2588.240113
2823.220342
2980.734570
3068.347463
3089.519492
3044.487987
2945.556986
2799.685867
2059.606142
2243.928053
2421.074722
2589.204045
2739.735746
2863.114567
2951.002970
2980.904610
2934.384536
2791.275732
2543.587460
2213.418295
1841.867751
1476.034382
1196.470403
1101.475496
1245.574660
1541.168022
1886.664672
2213.909326
2481.370871
2675.055687
2792.009997
2843.258565
2835.641894
2777.394108
2676.173500
2539.314171
1853.887531
2016.373117
2184.290382
2350.695258
2509.091246
2652.028636
2764.564540
2828.807918
2816.953103
2709.165833
2502.876575
2215.899373
1890.364182
1578.283000
1354.131424
1286.501685
1408.509956
1656.378536
1951.878007
2227.674590
2447.435460
2586.169115
2651.644026
2657.319719
2617.471914
2540.565924
2433.603152
2302.429578
1670.560664
1822.243300
1981.442148
2148.650152
2317.223367
2480.245106
2619.231256
2712.474789
2729.492792
2653.874380
2484.740789
2241.946742
1960.834878
1693.284313
1495.844799
1430.093450
1512.776081
1706.404335
1949.714344
2178.002843
2356.660496
2463.552845
2498.359309
2477.165194
2415.295976
2324.692479
2211.615429
2085.837490
1499.283007
1639.198085
1791.163086
1956.643266
2128.372697
2300.135162
2453.928538
2567.064298
2605.103350
2555.661005
2412.290017
2202.259430
1958.946768
1729.961624
1565.089924
1510.178061
1580.927563
1745.683645
1952.886746
2149.411520
2298.471536
2375.068527
2382.984842
2336.735700
2249.452689
2142.143898
2023.510990
1895.528814
1349.864871
1482.972596
1630.218151
1792.343164
1966.377582
2141.489573
2300.069310
2415.951484
2469.241664
2437.786050
2324.239866
2145.954068
1935.209054
1735.958409
1595.282517
1547.208731
1604.318224
1740.204806
1914.380669
2079.748925
2198.295057
2253.092879
2242.394853
2181.541794
2086.685067
1972.497737
1848.790849
1725.116410
1208.590180
1334.766248
1475.899053
1634.994918
1804.838565
1977.302671
2134.491312
2255.004945
2315.411154
2297.606587
2203.317636
2051.330233
1872.000781
1700.299363
1580.324593
1538.344738
1585.357367
1701.535649
1848.522893
1988.154614
2088.284601
2128.957213
2109.011227
2041.609593
1942.590169
1822.610891
1696.267449
1572.768436
1088.261147
1207.417639
1342.526585
1491.629654
1653.434112
1817.084190
1965.027360
2080.273933
2142.491891
2134.944412
2061.008489
1931.571776
1776.517875
1631.106387
1528.062998
1493.896802
1533.315342
1629.895051
1757.432448
1872.537736
1953.944006
1982.076122
1958.907425
1889.701693
1791.340315
1673.520575
1552.481228
1431.653978
977.470361
1088.624591
1215.231905
1356.623659
1504.995216
1655.658120
1791.038025
1896.196292
1953.720747
1953.483240
1895.840611
1788.640896
1660.330986
1538.479507
1450.450686
1418.604330
1451.248055
1531.499524
1635.975256
1734.066253
1800.938204
1823.249676
1800.656988
1736.617948
1643.576723
1532.563808
1415.134749
1300.107971
879.114002
982.559549
1097.832066
1226.837676
1361.239522
1496.667297
1615.831640
1709.859990
1764.270900
1765.508236
1718.953960
1631.004575
1522.822454
1418.408493
1345.363264
1318.505974
1345.334706
1414.135009
1501.223805
1581.175334
1636.903127
1655.930431
1633.516826
1575.730458
1491.705129
1389.279589
1280.823311
1174.869041
788.217983
881.678930
987.264350
1103.006478
1221.949651
1338.370477
1442.457163
1522.117815
1566.899792
1571.282587
1536.652909
1465.268261
1377.474447
1291.459166
1229.039170
1206.275257
1226.435500
1282.102073
1353.982184
1422.390619
1467.728057
1482.311209
1464.548665
1416.019351
1342.123719
1250.558403
1153.991605
1057.505459
707.145096
790.395142
885.764394
986.430885
1088.626733
1190.066487
1276.810518
1343.894256
1379.644333
1381.756791
1352.185679
1294.818488
1222.242400
1150.083954
1098.133074
1080.320800
1099.499808
1145.617409
1206.550953
1262.449317
1301.515416
1314.738492
1301.070326
1257.260452
1192.902644
1114.598131
1028.511312
944.830402
632.597181
706.973044
787.049058
874.724933
961.243745
1044.708464
1114.640651
1168.352479
1196.895718
1197.781217
1173.265751
1127.167837
1068.399079
1011.754836
970.705120
957.281162
972.168210
1009.150092
1057.582863
1105.164058
1138.716152
1151.883787
1139.233687
1104.063203
1050.482610
983.324663
910.342721
838.559911
563.789466
626.934000
695.784690
771.086036
843.872175
912.023331
968.293299
1009.927401
1030.680943
1029.937389
1007.504257
967.925754
921.125515
874.957909
841.222520
831.057211
844.565518
876.907804
918.552136
958.592290
986.159053
997.119960
987.152010
957.307831
912.048741
857.063313
797.494174
738.376383
501.857082
556.335968
615.203050
674.397456
733.522997
788.147587
831.350729
863.095355
878.415479
875.832850
857.698662
827.110166
789.032949
752.665766
726.807636
716.895388
726.959019
753.846967
787.190887
818.942790
841.282772
852.724024
844.194503
821.300197
786.978489
742.282112
693.582801
645.235492
444.723149
492.233305
540.192035
590.337225
636.372302
679.969392
713.910999
736.214191
746.121405
742.911473
725.656332
699.667082
667.944187
637.094761
615.085103
607.600097
616.454832
638.931235
666.579019
692.922149
711.590083
718.838061
713.064286
695.613351
667.441292
633.813881
596.408649
558.124072
394.773354
434.896694
474.080995
512.992501
551.058736
582.660966
608.435253
625.607807
632.025580
627.850355
613.383796
591.848388
565.181839
539.814894
522.865168
514.195675
519.489248
535.057440
556.681455
578.492935
593.034991
599.558867
598.221012
584.073880
565.798257
538.800184
511.690791
481.545737
350.555658
382.130542
414.553669
446.237271
476.109236
501.875049
520.460182
531.580942
534.199381
529.987471
515.983039
497.267981
474.853532
453.321326
436.275364
428.993524
432.356959
442.694838
460.360757
476.531414
490.326553
495.914734
494.904237
485.688964
472.299738
451.864782
431.797797
409.431665
309.149296
335.857839
362.164594
387.754637
410.423410
429.647384
443.911894
450.641149
452.805538
447.130127
434.152268
417.954277
397.955270
379.525005
364.164140
356.428397
355.802799
361.638140
374.479673
386.209177
398.256749
404.759564
405.444336
401.100204
391.172836
378.448417
363.073476
346.932055
273.183632
296.158017
316.762954
337.542778
354.925607
369.738308
379.221233
384.595153
383.754594
377.579864
366.081555
350.875900
332.765876
314.722096
299.816554
291.425703
289.958875
293.550981
301.967086
312.745293
321.294199
328.283004
330.833092
329.054704
322.554656
315.319044
304.945633
294.778062

VECTORS B_Vector double
-4865.6963 3012.2122 5002.624
-5370.5361 3688.938 6781.8081
-5601.3203 4485.8643 9532.8643
-4589.2358 5354.9102 14194.752
2597.522 5990.7681 20107.2949
12123.3721 6072.5039 15518.9756
14236.4883 7518.5103 9534.7998
14262.9326 8756.5703 776.336
14268.9424 9887.6523 -10173.6797
6136.21 9805.916 -19311.5996
-2247.74 8302.2139 -11898.6563
-3043.4641 6387.4282 -6628.8638
-2637.188 4419.7539 -3732.6079
-2181.6301 2500.1602 -1939.8719
-1869.11 668.312 -671.792
-1738.092 -1109.446 458.832
-1777.7581 -2911.2441 1717.2319
-1908.776 -4780.354 3444.144
-1772.9501 -6695.1401 6288.1279
359.398 -8469.292 11310.1123
10858.8682 -9539.0723 14349.6318
14243.7002 -8815.4678 3324.1121
14216.0547 -7474.0361 -3964.928
13226.8086 -6522.0522 -10580.2402
8171.1963 -6159.0483 -17123.9199
-1851.0801 -5851.3359 -18134.5117
-5880.1841 -5113.3081 -12324.5762
-6167.4619 -4292.3423 -8553.248
-4193.7783 3388.438 4644.4639
-4568.8022 4134.8799 6303.6157
-4668.5679 5013.542 8851.3916
-3583.1621 6003.9902 13172.5439
3123.998 6786.4922 18786.9434
12772.4521 7300.9482 14897.5195
14246.1045 7846.6562 7734.3198
14273.75 8219.2764 -704.704
14261.7305 8546.2197 -12837.6162
4850.0703 7944.0181 -21524.4473
-3881.2581 6673.5039 -13530.7041
-4793.5762 5191.438 -7850.48
-4383.6938 3638.4541 -4586.3838
-3875.248 2077.0562 -2458.72
-3526.668 549.314 -871.2
-3389.6401 -970.014 571.12
-3449.74 -2510.978 2166.384
-3584.364 -4056.75 4286.3042
-3378.822 -5573.6743 7587.1841
-929.146 -6984.8223 13188.0322
10569.1865 -8109.894 16603.1367
14252.1143 -8296.2041 5138.144
14230.4785 -7696.4062 -4737.3921
13327.7764 -7088.1943 -11099.0879
8037.7739 -6798.5122 -16643.791
-1341.432 -6483.5879 -16769.6328
-4966.6641 -5665.0259 -11323.6641
-5306.8301 -4764.728 -7864.0317
-3483.396 3648.0701 4212.7358
-3723.7961 4423.3599 5687.9678
-3686.5342 5341.688 7951.1519
-2574.6841 6366.9941 11776.6875
3575.95 7234.8379 16788.9922
12826.542 7502.8843 13195.7764
14243.7002 7462.0161 6342.3359
14267.7402 7344.2202 -2017.312
14254.5186 7055.7402 -14301.2314
4030.3062 6315.3081 -22358.8633
-5012.3403 5211.8721 -14446.4316
-6037.646 4033.9121 -8514.5283
-5689.0659 2815.084 -5016.1758
-5193.8423 1566.2061 -2662.0
-4851.272 332.954 -863.456
-4705.8301 -920.732 791.824
-4762.3242 -2157.5901 2600.0481
-4887.332 -3399.2561 4938.7358
-4628.9019 -4606.064 8464.1924
-2117.9241 -5750.3682 14291.5518
9640.04 -6787.6943 18308.752
14253.3164 -7302.1499 7052.8481
14242.498 -7403.1182 -2818.8159
13534.5205 -7353.8359 -9596.752
8184.418 -7329.7959 -15036.9121
-593.788 -6954.772 -15029.168
-3948.5701 -6082.1201 -10150.4482
-4364.4619 -5130.1362 -7052.8481
-2739.3582 3834.3801 3730.6719
-2837.9221 4630.104 5020.0479
-2657.6221 5571.27 6998.6401
-1492.884 6604.9902 10330.4961
4262.292 7464.4199 14665.2002
12711.1504 7675.9722 11283.0078
14240.0947 7367.0581 4743.2002
14259.3262 6873.0361 -3490.6079
14244.9023 6122.9883 -15642.8799
2643.198 5070.0361 -22722.832
-6106.1602 4020.6902 -15027.2314
-7094.2041 3071.1101 -9023.6963
-6749.23 2123.9341 -5413.0562
-6269.6323 1162.334 -2925.2959
-5925.8604 193.522 -975.744
-5799.6499 -780.098 824.736
-5853.7402 -1770.546 2793.6479
-5951.1021 -2746.5701 5304.6401
-5645.7939 -3717.7861 8992.7197
-3037.4541 -4716.6479 15027.2314
8926.0518 -5803.2563 19166.4004
14241.2959 -6607.394 8086.6719
14232.8818 -7121.8501 -1657.2159
13301.332 -7443.9863 -8229.9355
8030.562 -7617.0742 -13186.0957
102.17 -7222.8184 -13098.9756
-2943.698 -6304.4902 -8832.0322
-3418.488 -5339.2842 -6168.0962
-2014.552 3875.248 3231.1841
-1974.886 4651.7402 4301.792
-1668.376 5572.4722 5951.2642
-482.002 6591.7681 8744.9121
4695.0122 7447.5923 12403.9521
12349.3486 7613.4683 9194.0635
14219.6602 7185.5562 3066.624
14250.9121 6362.186 -4867.104
14226.8721 5213.0742 -16531.5039
1656.3561 3918.52 -22784.7832
-6881.4502 2922.062 -15242.1279
-7834.6362 2166.0042 -9225.04
-7511.2983 1468.844 -5558.2559
-7050.9321 763.27 -2991.1199
-6721.584 46.878 -966.064
-6590.5659 -685.14 929.28
-6637.4443 -1432.7841 2987.248
-6732.4023 -2187.6401 5566.0
-6454.7402 -2971.344 9321.8398
-4012.2761 -3859.6221 15412.4961
7690.396 -5045.9961 20033.7285
14236.4883 -6100.1499 9457.3604
14219.6602 -6976.4082 -5.808
13008.0439 -7560.5801 -6437.2002
8069.0264 -7782.9502 -11019.7119
942.368 -7335.8062 -11135.8721
-1902.766 -6395.8423 -7502.0
-2456.8879 -5421.02 -5248.4961
-1310.1801 3823.562 2704.592
-1139.496 4576.0142 3581.6001
-709.18 5455.8779 4901.9521
536.092 6459.5483 7170.9438
5360.9199 7337.0083 10032.3516
12072.8887 7460.814 6621.1201
14200.4287 6826.1582 828.608
14244.9023 5740.752 -6655.9678
14107.874 4243.0601 -17625.3437
201.936 2721.3281 -22786.7207
-7612.2661 1855.8881 -15110.4795
-8383.9502 1317.392 -9192.1279
-8020.9463 836.592 -5579.5518
-7565.3882 359.398 -3004.6719
-7260.0801 -127.412 -940.896
-7153.1021 -622.636 983.488
-7215.606 -1134.688 3066.624
-7332.2002 -1653.952 5668.6079
-7112.2339 -2226.104 9434.1279
-4838.0503 -2960.5261 15553.8242
6507.6279 -4149.3042 20469.3281
14194.418 -5544.8262 10531.8398
14157.1563 -6687.9282 1645.6
12376.9941 -7472.834 -4367.6162
7998.1079 -7751.6982 -8706.1924
1679.194 -7238.4443 -9058.5439
-908.712 -6296.0762 -6111.9521
-1527.7421 -5356.1123 -4317.2798
-656.292 3648.0701 2201.2319
-372.62 4322.3921 2859.4719
183.906 5125.3281 3858.448
1476.056 6019.6162 5562.1279
5768.3979 6792.502 7581.376
11492.3223 6788.896 4259.2002
13957.624 6050.8682 -1109.328
14205.2363 4767.1323 -8080.8638
13130.6484 3038.656 -18018.3516
-808.946 1461.6321 -22624.0957
-7999.3101 805.34 -14748.4482
-8651.9961 519.264 -9027.5684
-8302.2139 300.5 -5500.1758
-7879.1104 68.514 -2979.5039
-7588.2261 -192.32 -940.896
-7482.4502 -480.8 981.552
-7554.5703 -787.31 3074.3679
-7696.4062 -1113.052 5658.9277
-7567.792 -1490.48 9362.4961
-5614.542 -2065.0361 15375.7119
4883.7261 -3229.7742 20742.3047
13603.0342 -4775.5459 11877.3604
13761.6982 -6121.7861 3539.0081
11737.5303 -7014.8721 -2139.28
8019.7441 -7362.25 -6216.4961
2514.584 -6947.5601 -7019.936
78.13 -6058.0801 -4770.3042
-631.05 -5158.9839 -3389.936
-67.312 3376.418 1694.0
319.732 3981.0242 2160.5759
965.206 4675.7803 2855.6001
2282.5981 5439.0503 4044.304
6159.0483 6042.4541 5304.6401
10943.0078 5905.4263 1864.368
13173.9199 4963.0581 -3186.656
13702.7998 3435.3162 -9449.6162
11126.9141 1611.8821 -18223.5684
-1908.776 163.472 -22085.8887
-8194.0342 -231.986 -13979.8555
-8678.4404 -265.642 -8595.8398
-8316.6377 -262.036 -5238.8159
-7910.3623 -295.692 -2807.2
-7654.3359 -361.802 -834.416
-7577.4082 -442.336 1029.952
-7668.7603 -527.678 3053.072
-7838.2422 -617.828 5552.4478
-7798.5762 -744.038 9120.4961
-6148.23 -1045.74 14934.3037
3533.8801 -2008.542 20469.3281
12101.7363 -3650.4741 12729.2002
12657.0605 -5179.418 5219.4561
10898.5342 -6318.9141 11.616
7877.9082 -6776.876 -3932.0159
3166.0681 -6418.6802 -5060.7041
953.186 -5634.9761 -3477.0559
186.31 -4833.2422 -2516.8
432.72 3039.8582 1256.464
883.47 3527.8701 1550.736
1584.2361 4077.1841 1990.208
2867.9722 4650.5381 2756.864
6285.2583 5035.1782 3384.1279
10122.042 4676.9819 9.68
11759.166 3575.95 -4481.8398
12107.7461 1972.4821 -9935.5518
9320.3086 164.674 -17582.752
-2490.5439 -1079.396 -20800.3848
-8053.4004 -1170.748 -13054.4482
-8463.2822 -919.53 -8069.248
-8155.5703 -679.13 -4961.9678
-7815.4043 -498.83 -2694.9119
-7593.0342 -378.63 -822.8
-7523.3184 -294.49 962.192
-7606.2563 -217.562 2902.064
-7774.5361 -123.806 5273.6641
-7791.3643 -21.636 8622.9443
-6451.1343 -39.666 14097.9521
2103.5 -742.836 19745.2637
10255.4639 -2293.416 13317.7441
11178.6006 -4017.084 6621.1201
9948.9541 -5305.6279 1939.8719
7726.4561 -5940.2842 -1779.184
3757.4521 -5796.0439 -3285.3921
1748.91 -5126.5303 -2286.416
929.146 -4414.9463 -1699.808
830.582 2687.6721 836.352
1327.0081 3080.7261 979.616
2049.4102 3509.8401 1186.7679
3281.46 3931.7422 1573.968
6193.9062 4088.002 1664.96
9155.6338 3455.75 -1539.12
10220.6064 2175.6201 -5480.8159
10190.5566 500.032 -10111.7275
7452.3999 -1317.392 -16533.4395
-2966.5361 -2240.5281 -18786.9434
-7650.73 -1958.058 -11759.2637
-8005.3203 -1454.42 -7335.5039
-7758.9102 -1042.134 -4520.5601
-7487.2583 -726.008 -2425.8081
-7315.3721 -475.992 -679.536
-7274.5039 -240.4 985.424
-7352.6343 10.818 2774.2881
-7494.4702 298.096 4950.3521
-7500.48 639.464 8015.04
-6347.7622 956.792 12984.752
1194.788 699.564 18252.6074
8389.96 -747.644 12880.208
9376.8018 -2592.7141 7331.6318
8726.5205 -4178.1519 3426.72
7224.02 -5178.2163 65.824
4182.96 -5149.3682 -1608.816
2423.2319 -4527.9341 -1210.0
1557.792 -3906.5 -977.68
1132.2841 2272.9819 505.296
1650.3461 2539.8259 536.272
2376.354 2818.6899 563.376
3500.2241 3069.908 623.392
5784.0239 3033.8481 282.656
7935.604 2178.0239 -2464.5281
8585.8857 794.522 -5726.688
8317.8398 -901.5 -9472.8477
5910.2339 -2637.188 -14570.3359
-2726.136 -3119.1899 -16457.9355
-6940.3481 -2441.262 -10504.7363
-7403.1182 -1770.546 -6663.7119
-7293.7363 -1232.05 -4160.4639
-7115.8403 -800.532 -2268.9919
-6986.0239 -448.346 -671.792
-6937.9443 -127.412 871.2
-6980.0142 209.148 2532.2881
-7060.5483 604.606 4510.8799
-7001.6499 1092.618 7223.2158
-5928.2642 1655.1541 11505.6475
473.588 1863.1 15999.1035
6422.2861 500.032 11863.8076
7516.106 -1494.0861 7639.4561
7239.646 -3232.178 4661.8882
6561.7183 -4418.5522 2187.6799
4701.022 -4447.3999 174.24
3067.5042 -3842.7942 -189.728
2099.894 -3318.7222 -319.44
1307.776 1878.7261 199.408
1824.636 2048.208 127.776
2525.4021 2193.6501 -1.936
3543.4961 2265.77 -222.64
5211.8721 2031.38 -877.008
6645.8579 1076.9921 -3041.4561
6947.5601 -305.308 -5595.04
6447.5283 -1946.0381 -8450.6396
4441.3901 -3529.072 -12045.792
-2020.562 -3581.96 -14037.9355
-6109.7661 -2553.0481 -9337.3281
-6717.978 -1853.484 -5960.9438
-6714.3721 -1313.786 -3720.9919
-6611.0 -872.652 -1999.8879
-6532.8701 -482.002 -534.336
-6505.2241 -94.958 863.456
-6525.6582 314.924 2358.0481
-6536.4761 780.098 4135.2959
-6369.3979 1334.22 6532.064
-5207.064 1994.118 10247.248
264.44 2468.908 13387.4395
4532.7422 1252.484 10444.7197
5572.4722 -544.506 7670.4321
5660.2183 -2135.9541 5804.1279
5847.73 -3167.27 4241.7759
5072.4399 -3235.7842 1750.144
3506.2341 -2924.4661 629.2
2462.8979 -2633.582 199.408
1415.9561 1466.4401 -9.68
1902.766 1516.9241 -135.52
2542.23 1516.9241 -352.352
3410.074 1418.36 -735.68
4562.792 1069.78 -1544.928
5416.2119 212.754 -3198.272
5457.0801 -1039.73 -5112.9761
4840.4541 -2461.696 -7134.1602
3264.6321 -3809.1382 -9488.3359
-736.826 -3979.822 -11604.3838
-5143.3579 -2538.624 -8737.168
-6072.5039 -1781.364 -5548.5762
-6191.502 -1258.494 -3475.1199
-6154.2402 -808.946 -1899.2159
-6096.5439 -408.68 -557.568
-6059.2822 -18.03 753.104
-6040.0503 383.438 2148.96
-5984.7583 831.784 3790.688
-5698.6821 1389.5121 6003.5361
-4238.252 2298.2241 9288.9277
14.424 3275.45 10938.4004
2924.4661 2365.5361 9414.7676
4005.064 950.782 7846.6079
4514.7119 -185.108 6706.3042
5264.7603 -1013.286 5428.5439
5005.1279 -1676.79 2598.1121
3632.4441 -1928.0081 1192.576
2638.3901 -1935.2201 596.288
1429.178 1092.618 -176.176
1866.7061 1060.1641 -340.736
2417.2219 950.782 -600.16
3119.1899 709.18 -1035.76
3956.9841 251.218 -1860.496
4380.0879 -466.376 -3285.3921
4152.9102 -1502.5 -4617.3599
3491.8101 -2656.4202 -5962.8799
2220.094 -3731.0081 -7362.6079
-67.312 -4161.3242 -8802.9922
-3743.0281 -2886.002 -8388.6875
-5392.1719 -1733.2841 -5434.3521
-5645.7939 -1203.202 -3298.9441
-5654.208 -796.926 -1755.952
-5626.562 -418.296 -466.576
-5596.5122 -24.04 755.04
-5567.6641 391.852 2067.6479
-5455.8779 841.4 3660.9761
-4905.3623 1495.2881 5881.5679
-2649.208 2834.3162 8088.6079
26.444 3461.76 7827.248
1806.6061 2863.1641 7047.04
2904.032 1942.432 6214.5601
3650.4741 1093.8201 5312.3838
4354.8462 337.762 4299.856
4262.292 -516.86 2497.4399
3360.792 -1062.568 1388.1119
2575.886 -1284.938 803.44
1381.098 762.068 -272.976
1748.91 659.898 -437.536
2191.2461 473.588 -695.024
2720.126 155.058 -1099.6479
3301.894 -365.408 -1788.864
3581.96 -1097.426 -2989.1841
3186.502 -1843.868 -4081.0879
2488.1401 -2658.824 -4971.6479
1421.9661 -3459.356 -5765.4082
-58.898 -3947.3682 -6503.0239
-2239.3259 -3603.5959 -6878.6079
-4323.5942 -2226.104 -5656.9922
-5097.6821 -1220.03 -3542.8799
-5240.7202 -712.786 -1901.152
-5223.8921 -350.984 -586.608
-5163.792 26.444 658.24
-5092.874 460.366 2023.12
-4859.686 1018.094 3759.7119
-3684.1301 2077.0562 5649.248
-1801.798 2997.7881 6110.0161
-227.178 2985.7681 5949.3281
1054.1541 2515.7861 5686.0317
2109.51 1872.7161 5229.1357
2913.6479 1187.576 4696.7358
3740.624 710.382 3686.144
3572.344 74.524 2280.6079
2980.96 -450.75 1422.96
2395.5859 -760.866 900.24
1277.7261 478.396 -325.248
1572.2161 340.166 -487.872
1911.1801 114.19 -722.128
2283.8 -230.784 -1070.608
2646.804 -746.442 -1599.136
2848.74 -1400.3301 -2450.9761
2464.1001 -1989.3101 -3413.168
1728.4761 -2608.3401 -4019.136
801.734 -3192.512 -4439.248
-268.046 -3550.708 -4747.0718
-1650.3461 -3491.8101 -4907.7598
-3050.676 -2867.9722 -4549.6001
-4124.062 -1881.13 -3620.3201
-4701.022 -1107.042 -2166.384
-4765.9302 -644.272 -623.392
-4589.2358 -62.504 755.04
-4365.6641 765.674 2092.8159
-3896.884 1685.204 3341.5359
-2785.0339 2406.4041 4195.312
-1604.67 2658.824 4536.0479
-492.82 2575.886 4733.52
590.182 2278.9919 4737.3921
1507.308 1821.03 4549.6001
2522.998 1467.642 4286.3042
3156.4521 1073.386 3016.2881
2944.9001 453.154 1974.72
2543.4321 -36.06 1322.288
2129.9441 -369.014 892.496
1150.314 269.248 -346.544
1376.29 109.382 -487.872
1622.7001 -122.604 -685.344
1870.312 -451.952 -962.192
2086.6721 -902.702 -1353.264
2204.468 -1473.652 -1936.0
1983.3 -2039.7941 -2803.3279
1217.626 -2419.626 -3389.936
395.458 -2812.6799 -3583.5359
-427.912 -3085.5339 -3709.376
-1412.35 -3120.3921 -3744.2239
-2448.4741 -2884.8 -3478.9919
-3418.488 -2486.938 -2816.8799
-4044.73 -1900.3621 -1539.12
-3996.6501 -970.014 44.528
-3581.96 213.956 871.2
-3555.5161 961.6 1422.96
-3185.3 1554.186 2356.1121
-2408.8081 2002.532 3072.4319
-1532.55 2212.8821 3544.8159
-625.04 2245.3359 3842.96
258.43 2077.0562 3974.6079
1194.788 1864.302 4114.0
2280.1941 1780.162 3455.76
2536.22 1250.0801 2392.896
2397.99 686.342 1676.576
2141.9641 241.602 1184.832
1853.484 -85.342 836.352
1009.68 97.362 -340.736
1174.354 -73.322 -462.704
1340.23 -296.894 -625.328
1491.682 -594.99 -842.16
1601.0641 -976.024 -1124.816
1620.296 -1450.8141 -1510.08
1447.208 -2000.1281 -2048.2881
830.582 -2482.1301 -2631.0239
18.03 -2905.2341 -2749.1199
-609.414 -3255.0161 -2712.3359
-1334.22 -3304.2981 -2549.7119
-2133.55 -3073.5142 -2030.864
-2830.71 -2494.1501 -983.488
-2904.032 -1346.24 156.816
-2705.7021 -120.2 336.864
-2930.4761 379.832 398.816
-2995.384 810.148 1109.328
-2652.814 1290.948 1850.816
-2069.844 1668.376 2423.8721
-1388.3101 1866.7061 2830.4319
-665.908 1890.7461 3163.4241
168.28 1911.1801 3542.8799
1256.09 2083.0659 3329.9199
1827.04 1770.546 2497.4399
1962.8661 1256.09 1850.816
1909.978 778.896 1376.496
1764.536 393.054 1020.272
1578.2261 98.564 749.232
870.248 -13.222 -325.248
988.044 -167.078 -422.048
1096.224 -367.812 -549.824
1179.162 -622.636 -712.448
1211.616 -936.358 -915.728
1157.526 -1306.574 -1165.472
949.58 -1714.052 -1463.616
449.548 -2079.46 -1730.7839
-397.862 -2292.2141 -1513.952
-840.198 -2542.23 -665.984
-991.65 -2367.9399 -425.92
-1419.562 -1595.0541 -300.08
-1733.2841 -677.928 -325.248
-1989.3101 -145.442 -565.312
-2329.4761 50.484 -443.344
-2560.26 348.58 71.632
-2543.4321 751.25 745.36
-2271.78 1105.84 1368.752
-1840.2621 1336.624 1906.96
-1300.564 1474.854 2435.488
-534.89 1729.678 2964.0159
409.882 2068.6421 2865.28
1038.5281 1955.6541 2313.52
1361.866 1590.246 1825.6479
1495.2881 1182.7681 1436.512
1504.9041 805.34 1117.072
1435.188 482.002 855.712
1318.594 219.966 646.624
739.23 -102.17 -292.336
817.36 -244.006 -373.648
879.864 -418.296 -472.384
914.722 -631.05 -594.352
902.702 -877.46 -735.68
818.562 -1151.516 -900.24
620.232 -1421.9661 -1074.48
256.026 -1616.6901 -1215.808
-280.066 -1572.2161 -1182.896
-623.838 -1206.808 -828.608
-542.102 -956.792 -906.048
-903.904 -847.41 -1353.264
-1395.522 -727.21 -1337.776
-1772.9501 -539.698 -1041.568
-2025.37 -256.026 -605.968
-2157.5901 87.746 -102.608
-2157.5901 454.356 454.96
-1983.3 763.27 1107.392
-1589.0441 1109.446 1802.416
-929.146 1574.62 2270.928
-197.128 1887.14 2210.9121
364.206 1864.302 1922.448
751.25 1652.75 1626.24
1000.064 1364.27 1353.264
1133.486 1056.558 1109.328
1180.364 760.866 892.496
1159.9301 498.83 708.576
1096.224 278.864 551.76
620.232 -145.442 -265.232
670.716 -266.844 -329.12
704.372 -413.488 -402.688
710.382 -584.172 -489.808
674.322 -775.29 -588.544
582.97 -974.822 -696.96
417.094 -1159.9301 -805.376
169.482 -1288.5441 -892.496
-133.422 -1301.766 -935.088
-379.832 -1210.4141 -933.152
-556.526 -1177.96 -973.808
-861.834 -1198.394 -1016.4
-1218.828 -1086.608 -888.624
-1500.0961 -855.824 -631.136
-1690.0121 -549.314 -311.696
-1784.9701 -174.29 121.968
-1746.506 258.43 594.352
-1544.5701 757.26 1089.968
-1127.4761 1215.222 1403.6
-635.858 1501.298 1496.528
-169.482 1586.64 1444.256
219.966 1522.9341 1322.288
516.86 1365.472 1173.2159
728.412 1157.526 1012.528
858.228 930.348 855.712
920.732 703.17 706.64
929.146 492.82 573.056
899.096 308.914 454.96
519.264 -186.31 -228.448
546.91 -290.884 -276.848
560.132 -412.286 -334.928
548.112 -549.314 -396.88
503.638 -694.756 -466.576
417.094 -840.198 -536.272
281.268 -970.014 -602.096
99.766 -1062.568 -654.368
-111.786 -1101.032 -679.536
-323.338 -1093.8201 -677.6
-537.294 -1069.78 -642.752
-776.492 -1012.084 -559.504
-1014.488 -872.652 -410.432
-1205.6061 -647.878 -201.344
-1325.806 -361.802 42.592
-1359.462 -12.02 305.888
-1289.746 364.206 563.376
-1105.84 730.816 784.08
-820.966 1020.498 929.28
-490.416 1194.788 993.168
-163.472 1250.0801 991.232
125.008 1211.616 938.96
358.196 1107.042 857.648
533.688 960.398 760.848
651.484 792.118 658.24
718.796 620.232 555.632
745.24 455.558 460.768
739.23 306.51 375.584
427.912 -194.724 -203.28
443.538 -281.268 -238.128
443.538 -379.832 -280.72
421.902 -486.81 -325.248
375.024 -596.192 -373.648
296.894 -703.17 -418.176
185.108 -796.926 -458.832
43.272 -863.036 -487.872
-123.806 -894.288 -497.552
-301.702 -888.278 -485.936
-486.81 -845.006 -443.344
-673.12 -757.26 -365.904
-840.198 -615.424 -251.68
-971.216 -419.498 -104.544
-1042.134 -183.906 60.016
-1046.942 78.13 230.384
-978.428 347.378 393.008
-835.39 594.99 530.464
-631.05 796.926 629.2
-397.862 923.136 683.408
-159.866 974.822 696.96
57.696 959.196 675.664
241.602 894.288 629.2
385.842 792.118 569.184
490.416 671.918 501.424
556.526 540.9 431.728
591.384 412.286 362.032
598.596 292.086 298.144
355.792 -201.936 -170.368
360.6 -274.056 -199.408
353.388 -354.59 -230.384
326.944 -437.528 -261.36
281.268 -520.466 -292.336
212.754 -599.798 -323.312
120.2 -664.706 -346.544
6.01 -709.18 -360.096
-125.008 -728.412 -358.16
-266.844 -715.19 -338.8
-409.882 -669.514 -298.144
-549.314 -585.374 -232.32
-668.312 -460.366 -143.264
-756.058 -299.298 -38.72
-799.33 -109.382 73.568
-793.32 94.958 187.792
-735.624 296.894 292.336
-628.646 479.598 381.392
-482.002 623.838 445.28
-312.52 719.998 485.936
-139.432 764.472 499.488
25.242 759.664 491.744
169.482 718.796 466.576
287.278 647.878 427.856
376.226 558.93 383.328
438.73 460.366 334.928
474.79 360.6 286.528
490.416 263.238 238.128
292.086 -193.522 -149.072
290.884 -253.622 -170.368
278.864 -316.126 -193.6
252.42 -381.034 -216.832
210.35 -443.538 -238.128
151.452 -501.234 -257.488
73.322 -546.91 -271.04
-19.232 -575.758 -276.848
-123.806 -582.97 -271.04
-234.39 -564.94 -251.68
-346.176 -518.062 -220.704
-450.75 -442.336 -170.368
-538.496 -337.762 -108.416
-599.798 -209.148 -34.848
-628.646 -63.706 44.528
-620.232 90.15 123.904
-574.556 239.198 199.408
-491.618 373.822 263.296
-382.236 483.204 311.696
-257.228 557.728 342.672
-125.008 597.394 358.16
0.0 601.0 356.224
114.19 576.96 342.672
210.35 528.88 319.44
286.076 463.972 288.464
341.368 389.448 255.552
378.63 311.318 218.768
396.66 233.188 183.92
-3509.8401 2644.4001 4932.9277
-3458.1541 3211.7441 6417.8398
-2835.5181 3862.0261 8371.2637
-920.732 4561.5898 10657.6797
3047.0701 5237.1143 11914.1436
7677.1743 5897.0122 10150.4482
10886.5146 6660.2822 6168.0962
12213.5225 7356.2402 933.152
10773.5264 7697.6079 -4762.5601
6113.3721 7395.9062 -8131.2002
1794.5861 6427.0942 -7269.6802
-140.634 5077.248 -5064.5762
-740.432 3590.374 -3215.696
-830.582 2067.4399 -1823.712
-771.684 586.576 -743.424
-647.878 -863.036 234.256
-461.568 -2322.2642 1273.8879
-73.322 -3789.906 2536.1599
911.116 -5211.8721 4135.2959
3304.2981 -6437.9121 5662.7998
7403.1182 -7191.5659 5078.1279
10346.8164 -7254.0703 1000.912
10344.4121 -6847.7939 -3928.144
8329.8604 -6263.6221 -8198.96
4769.5361 -5637.3799 -11222.9922
420.7 -5008.7339 -11730.2236
-2539.8259 -4350.0381 -9916.1924
-3734.614 -3697.3521 -7747.8721
-2942.4961 2973.748 4547.6641
-2810.2761 3559.1221 5889.312
-2137.156 4216.6162 7664.624
-262.036 4895.7461 9741.9521
3542.2939 5485.9282 10895.8076
8099.0762 5953.5063 9159.2158
11298.7998 6352.5703 4989.0718
12445.5078 6617.0103 -499.488
10643.71 6629.0303 -6427.52
5494.3423 6196.3101 -9767.1201
765.674 5321.2539 -8611.3281
-1365.472 4191.374 -6024.832
-2025.37 2954.5161 -3825.5359
-2133.55 1675.588 -2129.6001
-2074.6521 399.064 -774.4
-1961.6641 -846.208 468.512
-1780.162 -2095.0859 1794.672
-1372.6841 -3331.9441 3360.896
-304.106 -4525.5303 5306.5762
2329.4761 -5566.4619 7180.624
6889.8643 -6302.0859 6814.7197
10398.502 -6540.082 2571.0081
10690.5879 -6375.4082 -2751.0559
8744.5498 -6070.1001 -7225.1519
5237.1143 -5727.5303 -10239.5039
1032.5181 -5287.5981 -10760.2881
-1851.0801 -4701.022 -9087.584
-3069.908 -4057.9521 -7099.312
-2369.1421 3197.3201 4112.064
-2152.782 3804.3301 5310.4478
-1423.168 4472.6421 6880.5439
419.498 5145.7622 8696.5117
4039.9221 5690.2681 9621.9199
8387.5566 6000.3843 7804.0161
11385.3438 6116.978 3616.448
12313.2881 6061.686 -1936.0
10138.8701 5782.8223 -7922.1118
4620.4883 5213.0742 -11116.5117
-300.5 4392.1079 -9703.2324
-2512.1799 3430.5081 -6868.9277
-3203.3301 2413.616 -4431.5039
-3311.51 1360.6641 -2512.928
-3238.188 314.924 -933.152
-3113.1802 -733.22 542.08
-2919.658 -1788.576 2098.624
-2474.918 -2825.9021 3920.3999
-1305.3721 -3825.9661 6135.1841
1512.116 -4734.6782 8255.1035
6373.0039 -5478.7163 8061.5039
10200.1719 -5922.2539 3841.0239
10705.0117 -6076.1104 -1579.776
8833.498 -6056.8779 -6098.3999
5453.4741 -5891.002 -9041.1201
1479.662 -5531.604 -9554.1602
-1205.6061 -4971.4722 -8084.7358
-2382.364 -4328.4019 -6336.5278
-1796.99 3309.106 3602.896
-1513.318 3902.894 4625.104
-757.26 4554.3779 5959.0078
997.66 5203.458 7480.7041
4357.25 5707.0962 8195.0879
8369.5264 5910.2339 6404.2881
11152.1563 5811.6699 2350.304
11911.8203 5479.918 -3035.6479
9589.5566 4945.0283 -8853.3281
3929.3381 4237.0503 -11848.3203
-1062.568 3441.3262 -10260.7998
-3328.3381 2628.7742 -7281.2959
-4055.5481 1811.4141 -4700.6079
-4192.5762 968.812 -2627.1521
-4127.668 127.412 -904.112
-4002.6602 -717.594 716.32
-3801.926 -1567.4081 2425.8081
-3352.3782 -2406.4041 4388.9121
-2172.0142 -3240.592 6743.0879
700.766 -4056.75 9050.7998
5679.4502 -4834.4438 9066.2881
9726.584 -5427.0303 5018.1118
10468.2178 -5809.2661 -307.824
8801.0439 -5999.1821 -4770.3042
5637.3799 -5983.5562 -7654.9438
1970.078 -5674.6421 -8251.2324
-551.718 -5130.1362 -7031.5518
-1710.446 -4487.0659 -5529.2158
-1232.05 3341.5601 3107.28
-877.46 3932.9441 3953.312
-90.15 4568.8022 5045.2158
1597.458 5192.6401 6259.0879
4687.8003 5649.3999 6679.2002
8298.6084 5775.6099 4797.4082
10724.2441 5549.6343 859.584
11212.2559 5027.9663 -4344.3838
8668.8242 4285.1299 -9877.4717
2990.5762 3446.134 -12508.4961
-1887.14 2660.0261 -10678.9756
-4073.5781 1977.29 -7604.6079
-4781.5562 1328.2101 -4946.48
-4913.7759 686.342 -2795.584
-4856.0801 44.474 -977.68
-4743.0923 -609.414 739.552
-4543.5601 -1271.7161 2543.9041
-4083.1941 -1938.826 4613.4878
-2894.416 -2633.582 7091.5679
-36.06 -3377.6201 9546.416
4973.876 -4198.5859 9772.9277
9090.7266 -4948.6343 5966.752
9985.0146 -5534.0083 873.136
8535.4023 -5895.8101 -3409.2959
5667.4302 -5963.1221 -6175.8398
2348.708 -5691.4702 -6843.7598
57.696 -5161.3882 -5887.376
-1043.3361 -4532.7422 -4669.6318
-691.15 3280.2581 2584.5601
-287.278 3822.3601 3246.6719
508.446 4411.3398 4088.832
2093.884 4983.4922 4994.8799
4882.5239 5380.1519 5153.6318
8084.6523 5419.8179 3266.032
10170.1221 5048.3999 -472.384
10409.3203 4359.6543 -5358.8481
7784.1523 3471.376 -10462.1436
2221.2961 2578.29 -12744.6875
-2488.1401 1858.292 -10775.7764
-4588.0342 1311.3821 -7658.8159
-5273.1743 838.996 -4983.2642
-5407.7983 378.63 -2799.4561
-5358.5161 -76.928 -940.896
-5250.3359 -548.112 818.928
-5065.228 -1033.72 2673.616
-4625.2959 -1542.166 4795.4722
-3497.8201 -2104.7021 7331.6318
-771.684 -2770.6101 9902.6396
4090.406 -3596.384 10415.6797
8266.1543 -4442.5923 6973.4722
9374.3984 -5167.3979 2178.0
8225.2861 -5653.0059 -1897.28
5727.5303 -5812.8721 -4594.1279
2762.196 -5580.8862 -5420.7998
661.1 -5076.0459 -4764.4961
-407.478 -4471.4399 -3823.6001
-200.734 3137.22 2088.9441
256.026 3640.8582 2576.8159
1064.972 4174.5459 3178.9119
2556.6541 4682.9922 3753.9041
5045.9961 5008.7339 3591.28
7784.1523 4952.2402 1608.816
9454.9326 4464.228 -1963.104
9398.4385 3631.2422 -6468.1758
6656.6763 2615.552 -11025.5195
1322.2001 1694.8201 -12808.5762
-3051.8782 1074.588 -10677.04
-4978.6841 685.14 -7581.376
-5603.7241 381.034 -4932.9277
-5723.9243 94.958 -2766.5439
-5684.2583 -187.512 -913.792
-5591.7041 -478.396 846.032
-5423.4243 -786.108 2702.656
-5025.562 -1122.668 4830.3198
-3971.408 -1528.944 7374.2241
-1397.926 -2077.0562 10005.248
3249.0061 -2865.5681 10752.5439
7359.8462 -3798.3201 7742.064
8624.3506 -4649.3359 3345.408
7768.5264 -5257.5483 -443.344
5655.4102 -5488.332 -3037.584
3079.5242 -5314.042 -3993.968
1200.798 -4854.8779 -3630.0
194.724 -4294.7461 -2973.696
235.592 2913.6479 1603.0079
716.392 3336.752 1928.256
1514.52 3780.29 2307.7119
2887.2041 4174.5459 2611.6641
5066.4302 4369.27 2222.5281
7369.4619 4196.1821 245.872
8643.582 3598.7881 -3056.9441
8350.2939 2692.48 -7118.6719
5651.8042 1668.376 -11124.2559
649.08 811.35 -12522.0479
-3399.2561 334.156 -10344.0479
-5178.2163 112.988 -7345.1841
-5762.3882 -12.02 -4793.5361
-5887.396 -120.2 -2692.9761
-5857.3462 -237.996 -892.496
-5770.8022 -377.428 842.16
-5618.1479 -536.092 2673.616
-5259.9521 -718.796 4758.688
-4316.3818 -972.418 7260.0
-1979.6941 -1384.704 9908.4482
2359.5261 -2098.6921 10930.6563
6335.7422 -3036.252 8440.96
7776.9399 -3958.186 4505.0718
7257.6763 -4663.7603 985.424
5573.6743 -4996.7139 -1519.76
3380.0242 -4913.7759 -2632.96
1700.8301 -4531.54 -2567.136
735.624 -4033.9121 -2178.0
599.798 2640.7939 1165.472
1104.6381 3001.394 1343.584
1876.322 3357.186 1517.824
3121.594 3646.8682 1564.288
4994.3101 3720.1902 944.768
6835.7739 3406.468 -1014.464
7726.4561 2681.6621 -4015.2639
7212.0 1685.204 -7575.5679
4574.812 653.888 -10965.5039
-9.616 -100.968 -11923.8242
-3624.03 -385.842 -9749.6963
-5205.8623 -435.124 -6905.7119
-5729.9341 -407.478 -4497.3281
-5850.1343 -372.62 -2512.928
-5834.5083 -349.782 -786.016
-5768.3979 -336.56 873.136
-5639.7842 -334.156 2621.344
-5317.6479 -349.782 4613.4878
-4472.6421 -424.306 7000.5762
-2363.1321 -655.09 9573.5195
1584.2361 -1211.616 10725.4404
5315.2441 -2107.106 8702.3203
6818.9463 -3104.7661 5293.0239
6598.98 -3932.9441 2174.1279
5333.2739 -4387.3003 -168.432
3553.1121 -4400.522 -1378.432
2110.7122 -4098.8203 -1564.288
1216.4241 -3675.7161 -1424.896
889.48 2327.072 772.464
1388.3101 2586.7041 836.352
2115.52 2825.9021 857.648
3217.7542 2979.7581 718.256
4758.7183 2911.2441 -19.36
6177.0781 2476.1201 -1862.432
6745.624 1687.608 -4505.0718
6125.3921 692.352 -7544.5918
3691.342 -281.268 -10371.1523
-390.65 -869.046 -11060.3682
-3626.4341 -974.822 -9021.7598
-5072.4399 -847.41 -6427.52
-5584.4922 -664.706 -4222.416
-5726.3281 -492.82 -2373.5359
-5725.126 -348.58 -755.04
-5665.0259 -227.178 811.184
-5540.0181 -112.988 2462.592
-5243.124 -4.808 4332.7681
-4481.0562 73.322 6566.9121
-2613.1479 19.232 8983.04
903.904 -384.64 10220.1436
4303.1602 -1206.808 8671.3438
5808.064 -2234.5181 5852.5278
5865.7603 -3145.634 3188.592
5033.9761 -3708.1702 1062.864
3673.312 -3823.562 -224.576
2456.8879 -3606.0 -664.048
1616.6901 -3258.6221 -758.912
1098.6281 1994.118 435.6
1584.2361 2179.2261 391.072
2252.5481 2328.2739 271.04
3193.7141 2373.95 -30.976
4411.3398 2179.2261 -842.16
5441.4541 1626.306 -2489.696
5738.3481 762.068 -4710.2881
5036.3799 -250.016 -7190.3042
2857.1541 -1146.708 -9447.6797
-659.898 -1524.136 -9923.9355
-3485.8 -1436.39 -8119.584
-4797.1821 -1174.354 -5821.5518
-5291.2041 -897.894 -3827.4719
-5449.8682 -647.878 -2129.6001
-5472.7061 -418.296 -629.2
-5429.4341 -194.724 818.928
-5311.6382 31.252 2330.9441
-5021.9561 260.834 4038.4961
-4312.7759 477.194 6050.0
-2637.188 593.788 8214.4482
413.488 393.054 9345.0723
3327.136 -330.55 8183.4722
4725.062 -1348.644 6007.4082
4997.916 -2313.8501 3910.72
4596.4482 -2955.718 2135.408
3697.3521 -3148.0381 828.608
2711.7122 -3014.616 145.2
1936.422 -2768.2061 -166.496
1229.646 1634.72 160.688
1687.608 1726.072 52.272
2283.8 1768.1421 -152.944
3061.4941 1703.234 -549.824
3965.3982 1420.764 -1357.136
4656.5479 832.986 -2756.864
4749.1021 -9.616 -4553.4722
4050.74 -955.59 -6491.4082
2238.124 -1735.688 -8241.5518
-655.09 -1966.472 -8698.4482
-3160.0581 -1717.6581 -7281.2959
-4432.9761 -1346.24 -5294.96
-4957.0479 -988.044 -3523.52
-5149.3682 -664.706 -1990.208
-5191.438 -375.024 -619.52
-5149.3682 -102.17 718.256
-5018.3501 173.088 2125.728
-4721.4561 459.164 3682.272
-4039.9221 760.866 5478.8799
-2533.8162 1006.074 7352.9277
34.858 964.004 8324.7998
2436.4541 377.428 7558.144
3714.1802 -543.304 6028.7041
4172.1421 -1441.198 4499.2642
4150.5059 -2072.248 3055.0081
3651.676 -2341.4961 1713.36
2861.9622 -2346.304 807.312
2138.3582 -2233.3162 309.76
1292.15 1296.958 -52.272
1706.8401 1317.392 -212.96
2221.2961 1271.7161 -480.128
2842.73 1113.052 -929.28
3485.8 768.078 -1694.0
3895.6821 177.896 -2849.792
3821.158 -610.616 -4241.7759
3138.4221 -1464.036 -5686.0317
1681.598 -2120.3281 -6963.792
-561.334 -2269.376 -7422.624
-2746.5701 -1917.1901 -6454.624
-3994.2461 -1465.238 -4781.9199
-4543.5601 -1074.588 -3184.72
-4761.1221 -732.018 -1775.312
-4821.2222 -413.488 -509.168
-4789.9702 -90.15 718.256
-4656.5479 239.198 1994.08
-4344.0283 588.98 3397.6799
-3643.262 978.428 4979.3921
-2233.3162 1360.6641 6493.3437
-149.048 1477.2581 7165.1357
1705.6381 1051.75 6681.1357
2824.7 313.722 5686.0317
3404.064 -427.912 4605.7441
3639.656 -1025.306 3434.4639
3418.488 -1432.7841 2164.448
2824.7 -1628.7101 1215.808
2208.074 -1676.79 648.56
1289.746 968.812 -199.408
1650.3461 920.732 -377.52
2074.6521 801.734 -654.368
2554.25 578.162 -1095.776
2998.99 205.542 -1784.9919
3208.1379 -331.752 -2735.5679
3019.4241 -1007.276 -3794.5601
2389.5759 -1716.4561 -4828.3838
1253.686 -2280.1941 -5717.0078
-407.478 -2440.0601 -6158.416
-2226.104 -2101.0959 -5682.1602
-3497.8201 -1568.61 -4410.208
-4122.8599 -1103.436 -3006.6079
-4389.7041 -707.978 -1715.296
-4467.834 -361.802 -534.336
-4429.3701 -25.242 619.52
-4274.312 324.54 1821.776
-3922.126 704.372 3118.896
-3179.29 1149.1121 4477.9678
-1873.9181 1599.8621 5558.2559
-259.632 1757.324 5910.6079
1145.506 1468.844 5618.272
2133.55 920.732 5002.624
2776.6201 329.348 4228.2241
3125.2 -206.744 3293.136
3061.4941 -667.11 2241.8879
2644.4001 -986.842 1395.856
2147.9741 -1156.324 840.224
1235.656 686.342 -294.272
1534.954 592.586 -478.192
1871.514 426.71 -749.232
2227.3062 159.866 -1149.984
2522.998 -227.178 -1738.528
2601.1279 -738.028 -2512.928
2345.1021 -1301.766 -3324.1121
1763.334 -1859.494 -4052.0481
848.612 -2313.8501 -4636.7202
-370.216 -2496.554 -4946.48
-1759.728 -2281.396 -4754.8159
-2920.8601 -1777.7581 -3932.0159
-3616.8181 -1252.484 -2772.3521
-3944.9641 -812.552 -1577.84
-4048.3362 -425.508 -458.832
-4011.074 -32.454 625.328
-3834.3801 391.852 1728.848
-3435.3162 855.824 2874.96
-2654.0161 1348.644 3926.208
-1533.7521 1730.88 4584.4478
-325.742 1803.0 4781.9199
750.048 1573.418 4640.5918
1610.6801 1170.748 4265.0078
2254.9521 717.594 3699.696
2633.582 276.46 2931.104
2634.7839 -150.25 2081.2
2355.9199 -496.426 1391.984
1989.3101 -726.008 907.984
1144.3041 442.336 -342.672
1382.3 318.53 -509.168
1638.326 128.614 -747.296
1888.342 -145.442 -1084.16
2074.6521 -516.86 -1554.608
2090.2781 -965.206 -2160.5759
1823.4341 -1433.9861 -2801.3921
1284.938 -1875.12 -3327.9839
532.486 -2233.3162 -3697.76
-384.64 -2405.2021 -3873.936
-1414.754 -2305.436 -3775.2
-2376.354 -1934.0181 -3300.8799
-3085.5339 -1430.38 -2493.5679
-3488.2041 -929.146 -1486.848
-3608.4041 -462.77 -449.152
-3539.8901 18.03 549.824
-3337.9541 512.052 1515.8879
-2929.2742 994.054 2445.168
-2228.5081 1421.9661 3215.696
-1346.24 1674.386 3686.144
-421.902 1706.8401 3893.2959
454.356 1550.5801 3879.7439
1222.4341 1275.322 3662.9119
1854.686 950.782 3229.248
2216.488 586.576 2561.3279
2242.9321 198.33 1866.304
2055.4199 -143.038 1310.672
1786.172 -394.256 900.24
1031.316 252.42 -360.096
1214.02 115.392 -511.104
1397.926 -81.736 -714.384
1561.3981 -350.984 -991.232
1662.3661 -697.16 -1351.328
1634.72 -1091.416 -1808.224
1388.3101 -1489.2781 -2303.8401
902.702 -1842.666 -2700.72
266.844 -2123.9341 -2925.2959
-444.74 -2275.386 -2987.248
-1211.616 -2234.5181 -2871.0879
-1955.6541 -1990.5121 -2507.1199
-2561.4622 -1592.65 -1879.856
-2926.8701 -1089.012 -1049.312
-3026.636 -521.668 -193.6
-2968.9399 46.878 557.568
-2807.8721 557.728 1270.016
-2459.292 997.66 1972.7839
-1894.3521 1341.432 2559.3921
-1202.0 1538.5601 2964.0159
-460.366 1584.2361 3194.3999
278.864 1504.9041 3250.5439
973.62 1343.8361 3109.2161
1538.5601 1109.446 2706.5281
1830.646 778.896 2139.28
1863.1 417.094 1599.136
1745.3041 99.766 1165.472
1562.6 -147.846 838.288
909.914 102.17 -352.352
1044.538 -37.262 -476.256
1171.9501 -223.572 -640.816
1271.7161 -462.77 -853.776
1313.786 -758.462 -1122.88
1252.484 -1098.6281 -1452.0
1026.5081 -1444.8041 -1808.224
603.404 -1748.91 -2092.8159
60.1 -1984.5021 -2199.2959
-492.82 -2110.7122 -2154.7681
-1058.962 -2060.228 -1999.8879
-1617.8921 -1815.02 -1690.1281
-2079.46 -1402.734 -1204.192
-2349.9102 -866.642 -635.008
-2453.282 -324.54 -118.096
-2470.1101 144.24 387.2
-2370.344 544.506 962.192
-2092.6821 895.49 1541.056
-1641.932 1174.354 2040.5439
-1085.406 1353.452 2410.3201
-460.366 1436.39 2648.448
192.32 1444.8041 2718.144
805.34 1366.6741 2557.4561
1256.09 1161.1321 2181.8721
1480.864 860.632 1746.272
1530.146 539.698 1347.4559
1467.642 254.824 1018.336
1343.8361 20.434 755.04
786.108 -6.01 -334.928
881.066 -140.634 -439.472
959.196 -312.52 -571.12
1009.68 -524.072 -733.744
1008.478 -770.482 -927.344
923.136 -1045.74 -1151.92
715.19 -1320.998 -1376.496
355.792 -1551.782 -1537.184
-97.362 -1698.426 -1527.504
-507.244 -1742.9 -1372.624
-867.844 -1637.124 -1213.8719
-1245.272 -1370.28 -1037.696
-1583.0341 -995.256 -789.888
-1825.838 -591.384 -497.552
-1985.704 -221.168 -162.624
-2056.6221 133.422 255.552
-1994.118 474.79 743.424
-1770.546 782.502 1231.296
-1405.1381 1032.5181 1663.024
-931.55 1221.2321 1999.8879
-379.832 1352.25 2195.4241
183.906 1401.532 2189.616
661.1 1324.604 1988.272
990.448 1123.87 1690.1281
1168.344 860.632 1380.368
1228.444 590.182 1097.712
1208.01 343.772 855.712
1134.688 137.028 654.368
675.524 -86.544 -302.016
740.432 -206.744 -385.264
786.108 -353.388 -484.0
804.138 -528.88 -605.968
775.29 -727.21 -743.424
680.332 -938.762 -896.368
496.426 -1137.092 -1039.632
213.956 -1286.14 -1132.5599
-132.22 -1337.826 -1117.072
-436.326 -1287.342 -1008.656
-683.938 -1168.344 -940.896
-968.812 -990.448 -906.048
-1265.7061 -764.472 -789.888
-1508.51 -506.042 -569.184
-1669.578 -228.38 -259.424
-1734.4861 66.11 121.968
-1681.598 365.408 551.76
-1498.894 649.08 987.36
-1180.364 908.712 1372.624
-759.664 1123.87 1637.856
-289.682 1265.7061 1736.592
152.654 1290.948 1672.704
510.85 1197.192 1512.016
763.27 1022.902 1304.864
915.924 810.148 1095.776
985.64 587.778 894.432
991.65 381.034 716.32
953.186 200.734 561.44
569.748 -132.22 -272.976
609.414 -239.198 -338.8
631.05 -366.61 -416.24
627.444 -512.052 -507.232
585.374 -669.514 -604.032
494.022 -829.38 -702.768
341.368 -972.418 -793.76
129.816 -1070.9821 -851.84
-116.594 -1099.8301 -861.52
-349.782 -1063.77 -828.608
-563.738 -995.256 -793.76
-799.33 -901.5 -739.552
-1040.932 -753.654 -615.648
-1239.262 -548.112 -410.432
-1369.078 -296.894 -145.2
-1415.9561 -14.424 166.496
-1364.27 287.278 505.296
-1200.798 582.97 830.544
-927.944 845.006 1091.9041
-584.172 1036.124 1246.7839
-222.37 1129.88 1285.504
105.776 1125.072 1231.296
375.024 1039.73 1126.752
574.556 900.298 993.168
706.776 730.816 849.904
777.694 552.92 710.512
801.734 385.842 582.736
788.512 234.39 466.576
480.8 -164.674 -238.128
503.638 -257.228 -288.464
510.85 -361.802 -346.544
494.022 -477.194 -412.368
447.144 -598.596 -480.128
363.004 -716.392 -547.888
237.996 -819.764 -607.904
75.726 -890.682 -646.624
-110.584 -919.53 -660.176
-302.904 -903.904 -646.624
-494.022 -857.026 -607.904
-689.948 -774.088 -536.272
-875.056 -644.272 -418.176
-1024.104 -462.77 -249.744
-1116.6581 -244.006 -44.528
-1139.496 3.606 185.856
-1081.8 264.44 422.048
-941.166 514.456 640.816
-724.806 729.614 807.312
-463.972 875.056 904.112
-192.32 944.772 935.088
56.494 938.762 909.92
268.046 875.056 846.032
432.72 769.28 760.848
548.112 640.666 665.984
617.828 503.638 569.184
651.484 367.812 474.32
653.888 241.602 387.2
399.064 -176.694 -209.088
409.882 -256.026 -249.744
406.276 -342.57 -294.272
383.438 -436.326 -340.736
336.56 -530.082 -387.2
263.238 -620.232 -431.728
161.068 -694.756 -468.512
33.656 -746.442 -489.808
-114.19 -769.28 -493.68
-269.248 -757.26 -476.256
-426.71 -715.19 -433.664
-579.364 -635.858 -360.096
-716.392 -516.86 -257.488
-822.168 -360.6 -125.84
-883.47 -171.886 25.168
-888.278 38.464 185.856
-834.188 250.016 344.608
-722.402 448.346 482.064
-558.93 609.414 588.544
-365.408 718.796 652.432
-163.472 771.684 679.536
25.242 770.482 669.856
189.916 726.008 633.072
323.338 649.08 578.864
420.7 551.718 514.976
486.81 444.74 445.28
522.87 335.358 375.584
534.89 231.986 311.696
332.954 -179.098 -180.048
336.56 -245.208 -211.024
326.944 -314.924 -243.936
300.5 -388.246 -276.848
257.228 -459.164 -309.76
193.522 -525.274 -338.8
108.18 -580.566 -362.032
3.606 -617.828 -375.584
-114.19 -629.848 -371.712
-239.198 -615.424 -354.288
-364.206 -573.354 -315.568
-483.204 -500.032 -255.552
-585.374 -396.66 -176.176
-661.1 -264.44 -77.44
-701.968 -114.19 30.976
-699.564 49.282 143.264
-653.888 212.754 253.616
-564.94 363.004 348.48
-441.134 486.81 423.984
-295.692 572.152 474.32
-143.038 617.828 497.552
3.606 621.434 495.616
133.422 593.788 474.32
242.804 538.496 441.408
326.944 466.376 398.816
387.044 384.64 350.416
424.306 298.096 300.08
439.932 213.956 251.68
275.258 -175.492 -158.752
272.854 -229.582 -181.984
259.632 -286.076 -207.152
234.39 -344.974 -230.384
194.724 -400.266 -251.68
138.23 -449.548 -271.04
68.514 -489.214 -284.592
-15.626 -513.254 -288.464
-109.382 -518.062 -282.656
-206.744 -501.234 -263.296
-305.308 -460.366 -228.448
-395.458 -396.66 -180.048
-471.184 -307.712 -120.032
-524.072 -198.33 -46.464
-549.314 -74.524 34.848
-543.304 56.494 114.224
-504.84 182.704 189.728
-436.326 298.096 257.488
-343.772 391.852 309.76
-234.39 457.962 346.544
-118.998 495.224 365.904
-6.01 501.234 367.84
96.16 483.204 358.16
185.108 443.538 336.864
256.026 389.448 307.824
308.914 325.742 272.976
343.772 258.43 236.192
364.206 191.118 199.408
-2422.03 2295.8201 4578.6401
-2099.894 2750.176 5658.9277
-1289.746 3262.228 6866.9922
289.682 3824.7642 7922.1118
2662.4299 4399.3203 8179.6001
5257.5483 4955.8462 7062.5278
7213.2021 5457.0801 4663.8242
7960.8462 5806.8623 1539.12
7187.96 5876.5781 -1556.5439
5139.752 5558.0483 -3525.4561
2913.6479 4853.6763 -3860.384
1390.714 3872.844 -3178.9119
594.99 2757.3879 -2241.8879
252.42 1587.842 -1359.072
162.27 418.296 -590.48
241.602 -730.816 118.096
501.234 -1870.312 824.736
1013.286 -2976.1521 1546.864
1967.6741 -4026.7002 2205.104
3524.2642 -4914.978 2421.936
5435.4443 -5506.3623 1519.76
6762.4521 -5715.5103 -735.68
6781.6841 -5585.6943 -3606.7681
5524.3921 -5231.104 -6233.9199
3378.822 -4755.1123 -7980.1919
937.56 -4219.02 -8456.4482
-1031.316 -3676.918 -7792.3999
-2194.8521 -3152.8459 -6624.9922
-1980.896 2572.28 4203.0562
-1595.0541 3041.0601 5176.8638
-736.826 3548.304 6245.5361
842.602 4060.356 7138.0317
3162.4622 4531.54 7240.6401
5657.814 4923.3921 5982.2397
7471.6323 5216.6802 3418.9761
7999.3101 5359.7183 112.288
6900.6821 5282.79 -3095.6641
4497.8843 4914.978 -5023.9199
1997.724 4267.1001 -5165.248
314.924 3402.8621 -4210.7998
-536.092 2429.2419 -2981.4399
-890.682 1394.3201 -1817.9039
-965.206 360.6 -776.336
-864.238 -663.504 205.216
-581.768 -1677.9921 1194.512
-14.424 -2670.844 2212.8479
1056.558 -3598.7881 3165.3599
2827.104 -4390.9062 3628.064
5037.582 -4959.4521 2855.6001
6668.6963 -5234.71 571.12
6909.0962 -5245.5283 -2421.936
5792.438 -5076.0459 -5165.248
3738.22 -4780.354 -7006.3838
1384.704 -4390.9062 -7579.4399
-525.274 -3929.3381 -7048.9761
-1686.406 -3436.5181 -6026.7681
-1530.146 2745.3682 3784.8799
-1107.042 3208.1379 4628.9761
-241.602 3696.1501 5542.7681
1286.14 4170.9399 6270.7041
3485.8 4562.792 6251.3437
5852.5381 4826.0303 4927.1201
7534.1362 4933.0083 2332.8799
7909.1602 4878.918 -983.488
6615.8081 4632.5083 -4170.144
4006.2661 4180.5562 -5999.6641
1313.786 3538.688 -5968.688
-478.396 2775.418 -4809.0239
-1396.724 1943.634 -3372.512
-1780.162 1072.184 -2003.76
-1865.504 195.926 -766.656
-1771.748 -679.13 404.624
-1483.2681 -1543.368 1587.52
-885.874 -2385.97 2805.2639
260.834 -3192.512 3957.1841
2162.3979 -3906.5 4605.7441
4585.6299 -4485.8643 3966.864
6453.5381 -4854.8779 1724.976
6898.2783 -5009.936 -1299.056
5936.6782 -4994.3101 -4094.6399
4024.2961 -4834.4438 -5978.3682
1787.374 -4536.3481 -6638.5439
-37.262 -4124.062 -6243.6001
-1179.162 -3657.686 -5372.3999
-1080.598 2870.376 3327.9839
-615.424 3330.7419 4042.3679
256.026 3804.3301 4795.4722
1722.4661 4244.2622 5341.4238
3783.896 4574.812 5171.0562
5946.2939 4738.2842 3765.52
7415.1382 4714.2441 1153.856
7576.2061 4509.9043 -2135.408
6078.5142 4130.0723 -5236.8799
3307.9041 3606.0 -6917.3281
546.91 2977.354 -6700.4961
-1275.322 2293.416 -5372.3999
-2216.488 1587.842 -3782.9441
-2604.7341 865.44 -2270.928
-2693.6821 143.038 -886.688
-2589.1082 -584.172 441.408
-2281.396 -1311.3821 1784.9919
-1652.75 -2034.9861 3169.2319
-451.952 -2738.156 4491.52
1548.176 -3405.2661 5308.5122
4097.6182 -3999.054 4807.0879
6115.7759 -4460.6221 2662.0
6709.564 -4755.1123 -298.144
5897.0122 -4884.9282 -3047.2639
4144.4961 -4827.2319 -4921.312
2085.47 -4594.0439 -5633.7598
385.842 -4222.626 -5368.5278
-699.564 -3774.28 -4661.8882
-647.878 2884.8 2859.4719
-167.078 3315.116 3428.656
680.332 3755.0481 4011.3921
2054.218 4150.5059 4383.104
3944.9641 4420.9561 4092.7039
5898.2139 4491.874 2671.6799
7172.334 4344.0283 152.944
7183.1523 3996.6501 -2987.248
5582.0879 3497.8201 -5904.7998
2764.6001 2912.446 -7399.3921
-14.424 2307.8401 -7045.104
-1845.0701 1726.072 -5610.5278
-2793.448 1150.314 -3926.208
-3196.1182 569.748 -2313.52
-3289.874 -8.414 -836.352
-3192.512 -592.586 592.416
-2888.406 -1181.566 2036.672
-2258.5581 -1772.9501 3519.6479
-1060.1641 -2370.344 4958.0962
945.974 -2973.748 5904.7998
3545.9001 -3574.748 5560.1919
5666.228 -4097.6182 3575.792
6419.8823 -4494.2783 743.424
5796.0439 -4726.2642 -1936.0
4250.272 -4758.7183 -3794.5601
2381.1621 -4586.832 -4584.4478
808.946 -4246.666 -4472.1602
-228.38 -3816.3501 -3933.9519
-236.794 2841.5281 2373.5359
264.44 3253.814 2805.2639
1086.608 3657.686 3213.76
2367.9399 4008.6702 3399.616
4065.1641 4227.4341 2946.592
5757.5801 4228.6362 1467.488
6778.0781 3990.6401 -995.104
6585.7583 3541.092 -3970.7361
4872.9082 2953.314 -6638.5439
2071.0461 2330.678 -7879.52
-625.04 1757.324 -7349.0562
-2396.7881 1259.696 -5823.4878
-3310.3081 810.148 -4084.96
-3702.1602 375.024 -2421.936
-3800.7241 -56.494 -886.688
-3705.7661 -495.224 598.224
-3407.6702 -943.57 2100.5601
-2787.438 -1408.744 3655.168
-1599.8621 -1907.574 5180.7358
382.236 -2462.8979 6251.3437
2966.5361 -3068.7061 6080.9761
5134.9443 -3661.292 4305.6641
6006.394 -4154.1123 1668.832
5562.856 -4479.854 -865.392
4238.252 -4579.6201 -2675.552
2581.896 -4451.0059 -3523.52
1164.738 -4149.3042 -3554.4961
207.946 -3755.0481 -3194.3999
133.422 2708.106 1908.896
635.858 3063.8979 2205.104
1419.562 3408.8721 2456.7839
2587.906 3693.7461 2481.9519
4091.6082 3829.572 1930.192
5549.6343 3743.0281 466.576
6342.9541 3408.8721 -1852.752
5999.1821 2887.2041 -4582.5122
4255.0801 2260.9622 -6977.3437
1526.54 1655.1541 -8005.3599
-1060.1641 1152.718 -7366.48
-2753.782 759.664 -5800.2559
-3634.8481 438.73 -4050.1121
-4021.8921 135.826 -2379.344
-4121.6582 -157.462 -832.48
-4036.3162 -460.366 667.92
-3753.8459 -780.098 2201.2319
-3162.4622 -1126.274 3784.8799
-2036.188 -1526.54 5360.7842
-144.24 -2004.936 6532.064
2353.5161 -2577.0881 6559.168
4533.9438 -3187.7041 5033.6001
5529.2002 -3732.21 2619.408
5293.6079 -4125.2642 230.384
4208.2021 -4295.9482 -1542.9919
2780.2261 -4233.4438 -2468.3999
1512.116 -3978.6201 -2656.1919
616.626 -3618.02 -2462.592
453.154 2533.8162 1452.0
953.186 2845.134 1622.368
1688.8101 3136.0181 1715.296
2738.156 3355.9841 1572.032
4033.9121 3420.8921 894.432
5225.0942 3252.6121 -578.864
5778.0142 2840.3262 -2745.248
5285.1943 2245.3359 -5196.2241
3535.082 1584.2361 -7258.064
942.368 998.862 -8018.9121
-1471.248 578.162 -7269.6802
-3038.656 308.914 -5697.6479
-3860.824 110.584 -3970.7361
-4223.8281 -58.898 -2327.072
-4322.3921 -219.966 -811.184
-4247.8682 -389.448 671.792
-3985.832 -574.556 2185.7439
-3434.114 -792.118 3761.6479
-2379.96 -1067.376 5339.4878
-607.01 -1448.41 6561.104
1770.546 -1965.27 6746.96
3895.6821 -2581.896 5486.624
4967.8662 -3182.896 3357.0239
4916.1802 -3655.282 1171.28
4074.78 -3898.0862 -513.04
2884.8 -3890.874 -1479.104
1782.566 -3693.7461 -1802.416
971.216 -3387.2361 -1771.4399
722.402 2288.6082 1053.184
1205.6061 2525.4021 1119.0079
1887.14 2733.3481 1095.776
2817.488 2859.5581 842.16
3914.9141 2827.104 110.352
4856.0801 2579.4919 -1295.184
5202.2559 2114.3181 -3267.968
4614.478 1507.308 -5434.3521
2924.4661 877.46 -7198.0479
508.446 371.418 -7769.168
-1714.052 57.696 -6973.4722
-3172.0781 -96.16 -5451.7759
-3944.9641 -169.482 -3802.304
-4294.7461 -215.158 -2226.3999
-4395.7139 -260.834 -758.912
-4330.8062 -316.126 675.664
-4090.406 -389.448 2147.0239
-3584.364 -494.022 3674.5281
-2619.158 -656.292 5221.3921
-988.044 -936.358 6475.9199
1214.02 -1381.098 6808.9121
3246.6021 -1967.6741 5827.3599
4372.876 -2584.3 3997.8401
4507.5 -3102.3621 2046.3519
3916.116 -3411.2761 458.832
2960.5261 -3477.386 -547.888
2019.36 -3343.9641 -1000.912
1286.14 -3096.3521 -1122.88
920.732 2030.178 677.6
1379.896 2217.6899 646.624
1995.3201 2359.5261 511.104
2795.8521 2407.606 152.944
3690.1401 2293.416 -613.712
4402.9263 1961.6641 -1926.3199
4567.6001 1431.582 -3662.9119
3916.116 788.512 -5511.792
2315.052 183.906 -6961.856
116.594 -242.804 -7347.1201
-1885.938 -424.306 -6537.8721
-3202.1282 -462.77 -5095.5518
-3908.9041 -433.922 -3546.752
-4239.4541 -379.832 -2063.7759
-4342.8262 -324.54 -677.6
-4289.938 -274.056 687.28
-4071.1741 -234.39 2071.52
-3606.0 -223.572 3515.7759
-2724.9341 -269.248 4985.2002
-1245.272 -429.114 6197.1357
751.25 -766.876 6607.5679
2627.572 -1298.16 5854.4639
3739.4221 -1919.594 4338.5762
4012.2761 -2480.928 2667.8081
3654.0801 -2853.5481 1242.912
2938.8901 -2990.5762 243.936
2170.812 -2924.4661 -303.952
1525.338 -2740.5601 -555.632
1066.1741 1728.4761 379.456
1494.0861 1837.858 286.528
2040.9961 1894.3521 81.312
2708.106 1861.8981 -327.184
3406.468 1675.588 -1080.288
3906.5 1298.16 -2259.312
3932.9441 760.866 -3750.032
3274.248 146.644 -5293.0239
1831.848 -390.65 -6475.9199
-115.392 -717.594 -6756.6401
-1907.574 -795.724 -6011.2798
-3114.3821 -727.21 -4712.2241
-3787.502 -602.202 -3298.9441
-4114.4463 -456.76 -1930.192
-4223.8281 -319.732 -638.88
-4176.9502 -193.522 631.136
-3971.408 -80.534 1934.064
-3542.2939 14.424 3279.584
-2740.5601 67.312 4642.5278
-1418.36 14.424 5786.7041
359.398 -231.986 6249.4082
2043.4 -694.756 5726.688
3110.7761 -1288.5441 4547.6641
3501.426 -1858.292 3178.9119
3361.9941 -2262.1641 1934.064
2883.5981 -2449.676 958.32
2276.5881 -2450.8779 315.568
1711.6481 -2337.8901 -54.208
1149.1121 1441.198 116.16
1536.156 1491.682 -34.848
2004.936 1486.874 -292.336
2543.4321 1383.5021 -729.872
3065.1001 1134.688 -1436.512
3387.2361 718.796 -2456.7839
3301.894 171.886 -3686.144
2655.218 -415.892 -4921.312
1389.5121 -891.884 -5850.5918
-283.672 -1110.6481 -6053.8721
-1854.686 -1093.8201 -5409.1841
-2948.5061 -945.974 -4261.1357
-3577.1521 -754.856 -2983.376
-3893.2781 -556.526 -1730.7839
-4006.2661 -361.802 -540.144
-3970.2061 -167.078 629.2
-3779.0881 22.838 1819.84
-3372.812 198.33 3045.3279
-2635.9861 337.762 4270.8159
-1456.824 385.842 5287.2158
80.534 248.814 5724.752
1531.348 -123.806 5374.3359
2504.968 -651.484 4491.52
2965.334 -1187.576 3426.72
3011.01 -1603.468 2379.344
2739.3582 -1845.0701 1461.6799
2283.8 -1926.806 778.272
1804.202 -1901.5641 332.992
1181.566 1146.708 -73.568
1521.7321 1135.89 -245.872
1913.584 1067.376 -522.72
2334.2839 909.914 -954.448
2702.0959 633.454 -1591.392
2878.79 223.572 -2450.9761
2718.9241 -284.874 -3436.3999
2126.3381 -807.744 -4398.5918
1060.1641 -1216.4241 -5118.7842
-328.146 -1378.694 -5300.7681
-1702.032 -1295.756 -4810.96
-2714.116 -1081.8 -3852.6399
-3325.9341 -830.582 -2735.5679
-3646.8682 -576.96 -1608.816
-3764.6641 -334.156 -526.592
-3731.0081 -99.766 555.632
-3542.2939 127.412 1651.408
-3151.644 349.782 2764.6079
-2467.7061 551.718 3850.7039
-1425.572 680.332 4719.9678
-122.604 632.252 5107.168
1104.6381 356.994 4900.0161
1988.108 -82.938 4288.2397
2495.3521 -554.122 3486.7361
2669.6421 -957.994 2623.28
2550.644 -1245.272 1786.928
2224.9021 -1406.34 1107.392
1827.04 -1466.4401 625.328
1161.1321 869.046 -216.832
1449.6121 816.158 -404.624
1766.9401 704.372 -681.472
2084.2681 508.446 -1086.0959
2329.4761 213.956 -1647.536
2396.7881 -186.31 -2352.24
2181.6301 -656.292 -3122.7681
1644.3361 -1104.6381 -3846.832
768.078 -1439.996 -4375.3599
-359.398 -1563.802 -4534.1118
-1513.318 -1461.6321 -4185.6318
-2428.04 -1216.4241 -3413.168
-3014.616 -931.55 -2443.2319
-3334.3481 -647.878 -1430.704
-3458.1541 -370.216 -437.536
-3430.5081 -90.15 545.952
-3247.804 188.714 1535.248
-2866.77 468.78 2518.7361
-2221.2961 727.21 3436.3999
-1300.564 908.712 4119.8081
-225.976 919.53 4412.144
778.896 718.796 4290.1758
1550.5801 373.822 3868.1279
2057.824 -22.838 3266.032
2298.2241 -395.458 2563.2639
2280.1941 -706.776 1850.816
2062.6321 -927.944 1237.104
1756.1221 -1056.558 782.144
1105.84 629.848 -302.016
1342.634 542.102 -482.064
1591.448 399.064 -739.552
1822.2321 183.906 -1095.776
1977.29 -106.978 -1570.0959
1973.6841 -469.982 -2143.1521
1742.9 -871.45 -2743.312
1263.302 -1253.686 -3277.6479
538.496 -1540.964 -3660.9761
-358.196 -1653.952 -3782.9441
-1307.776 -1557.792 -3558.3679
-2117.9241 -1307.776 -2993.0559
-2687.6721 -990.448 -2205.104
-3018.2222 -663.504 -1320.3521
-3146.8359 -350.984 -429.792
-3116.7861 -42.07 466.576
-2931.678 265.642 1361.0079
-2563.866 566.142 2220.592
-1972.4821 837.794 2975.6321
-1183.97 1021.7 3508.032
-304.106 1052.952 3740.3521
520.466 911.116 3686.144
1199.5961 647.878 3405.4241
1692.416 328.146 2954.3359
1964.068 4.808 2389.0239
2008.542 -293.288 1794.672
1870.312 -536.092 1266.144
1639.5281 -706.776 853.776
1020.498 415.892 -350.416
1208.01 308.914 -518.848
1394.3201 149.048 -747.296
1551.782 -72.12 -1051.248
1634.72 -360.6 -1438.448
1585.438 -691.15 -1891.472
1353.452 -1030.114 -2348.3679
927.944 -1341.432 -2739.4399
332.954 -1573.418 -2996.928
-379.832 -1671.9821 -3070.4961
-1129.88 -1607.074 -2904.0
-1807.808 -1393.118 -2480.0159
-2319.8601 -1090.214 -1850.816
-2637.188 -748.846 -1099.6479
-2768.2061 -396.66 -317.504
-2741.762 -39.666 458.832
-2568.6741 311.318 1215.808
-2228.5081 635.858 1922.448
-1708.042 905.106 2516.8
-1051.75 1072.184 2927.2319
-341.368 1103.436 3126.6399
343.772 1003.67 3122.7681
935.156 811.35 2933.04
1387.108 558.93 2582.624
1653.952 281.268 2121.856
1722.4661 3.606 1632.048
1640.73 -239.198 1196.448
1478.4601 -426.71 847.968
921.934 254.824 -365.904
1064.972 135.826 -513.04
1199.5961 -24.04 -704.704
1302.968 -234.39 -952.512
1340.23 -491.618 -1258.4
1266.9081 -782.502 -1606.88
1044.538 -1078.194 -1957.296
670.716 -1336.624 -2239.9519
174.29 -1527.7421 -2406.448
-391.852 -1609.478 -2429.6799
-985.64 -1556.5901 -2290.2881
-1539.7621 -1369.078 -1972.7839
-1982.098 -1081.8 -1490.72
-2270.5781 -730.816 -894.432
-2394.384 -359.398 -255.552
-2373.95 7.212 379.456
-2223.7 347.378 1002.848
-1932.816 645.474 1581.712
-1495.2881 883.47 2069.584
-956.792 1033.72 2418.064
-369.014 1080.598 2605.856
211.552 1027.71 2634.896
730.816 895.49 2497.4399
1135.89 700.766 2216.72
1381.098 461.568 1841.136
1462.834 210.35 1446.192
1421.9661 -21.636 1091.9041
1308.978 -209.148 799.568
814.956 117.796 -362.032
919.53 -4.808 -487.872
1008.478 -163.472 -646.624
1066.1741 -360.6 -842.16
1066.1741 -586.576 -1076.416
978.428 -835.39 -1335.84
774.088 -1080.598 -1587.52
453.154 -1290.948 -1777.248
42.07 -1438.7941 -1868.24
-403.872 -1497.692 -1841.136
-858.228 -1444.8041 -1701.744
-1283.7361 -1275.322 -1444.256
-1634.72 -1010.882 -1072.5439
-1873.9181 -676.726 -619.52
-1989.3101 -324.54 -145.2
-1994.118 21.636 344.608
-1882.332 340.166 836.352
-1644.3361 615.424 1300.9919
-1284.938 832.986 1699.808
-841.4 976.024 1992.144
-349.782 1038.5281 2160.5759
143.038 1022.902 2189.616
585.374 931.55 2075.3921
926.742 769.28 1839.2
1133.486 558.93 1541.056
1217.626 332.954 1233.2319
1206.808 122.604 958.32
1135.89 -55.292 724.064
710.382 25.242 -344.608
784.906 -87.746 -445.28
841.4 -229.582 -573.056
867.844 -400.266 -724.064
843.804 -594.99 -896.368
750.048 -802.936 -1082.224
564.94 -1002.468 -1254.528
292.086 -1164.738 -1374.5599
-43.272 -1268.11 -1409.408
-391.852 -1289.746 -1355.2
-735.624 -1217.626 -1240.976
-1061.366 -1054.1541 -1064.8
-1341.432 -814.956 -815.056
-1548.176 -531.284 -505.296
-1663.568 -239.198 -152.944
-1686.406 48.08 236.192
-1601.0641 316.126 644.688
-1407.542 554.122 1037.696
-1111.85 752.452 1378.432
-736.826 896.692 1630.1119
-320.934 976.024 1769.504
94.958 985.64 1784.9919
461.568 919.53 1680.448
741.634 781.3 1492.656
919.53 601.0 1266.144
1002.468 406.276 1033.824
1013.286 218.764 822.8
972.418 55.292 636.944
610.616 -52.888 -315.568
658.696 -158.664 -398.816
688.746 -286.076 -497.552
692.352 -431.518 -613.712
653.888 -592.586 -737.616
561.334 -757.26 -867.328
401.468 -907.51 -979.616
179.098 -1021.7 -1053.184
-85.342 -1080.598 -1062.864
-352.186 -1074.588 -1012.528
-609.414 -1004.872 -925.408
-859.43 -873.854 -803.44
-1085.406 -691.15 -629.2
-1263.302 -471.184 -396.88
-1370.28 -229.582 -118.096
-1399.1281 20.434 199.408
-1334.22 268.046 532.4
-1175.556 494.022 851.84
-925.54 687.544 1126.752
-610.616 830.582 1322.288
-265.642 911.116 1419.088
72.12 920.732 1415.2159
363.004 859.43 1328.0959
587.778 740.432 1186.7679
735.624 588.98 1022.208
816.158 424.306 851.84
841.4 264.44 691.152
824.572 121.402 549.824
518.062 -96.16 -286.528
550.516 -188.714 -352.352
563.738 -295.692 -427.856
551.718 -417.094 -513.04
507.244 -545.708 -604.032
419.498 -673.12 -693.088
284.874 -786.108 -766.656
106.978 -866.642 -815.056
-98.564 -901.5 -822.8
-310.116 -887.076 -793.76
-518.062 -828.178 -733.744
-719.998 -727.21 -644.688
-905.106 -586.576 -511.104
-1051.75 -408.68 -327.184
-1141.9 -206.744 -100.672
-1163.536 9.616 154.88
-1107.042 228.38 422.048
-972.418 432.72 675.664
-764.472 610.616 888.624
-507.244 745.24 1033.824
-228.38 817.36 1099.6479
40.868 824.572 1093.84
272.854 775.29 1029.952
454.356 677.928 931.216
581.768 554.122 815.056
658.696 419.498 691.152
691.15 286.076 571.12
689.948 161.068 462.704
437.528 -131.018 -251.68
454.356 -212.754 -305.888
455.558 -304.106 -362.032
435.124 -402.67 -425.92
389.448 -504.84 -489.808
311.318 -602.202 -549.824
199.532 -685.14 -600.16
57.696 -744.038 -631.136
-103.372 -768.078 -633.072
-270.45 -757.26 -609.84
-438.73 -710.382 -559.504
-601.0 -629.848 -478.192
-745.24 -513.254 -362.032
-859.43 -363.004 -211.024
-926.742 -187.512 -34.848
-937.56 7.212 162.624
-888.278 205.542 360.096
-776.492 388.246 544.016
-609.414 542.102 691.152
-406.276 652.686 791.824
-186.31 710.382 838.288
21.636 715.19 834.416
204.34 674.322 793.76
352.186 597.394 726.0
459.164 500.032 644.688
531.284 391.852 555.632
567.344 280.066 468.512
578.162 176.694 385.264
365.408 -145.442 -224.576
372.62 -213.956 -263.296
367.812 -288.48 -307.824
343.772 -367.812 -354.288
299.298 -447.144 -398.816
230.784 -522.87 -439.472
138.23 -584.172 -472.384
24.04 -626.242 -489.808
-105.776 -643.07 -489.808
-241.602 -631.05 -468.512
-378.63 -588.98 -425.92
-507.244 -518.062 -358.16
-620.232 -417.094 -263.296
-706.776 -288.48 -145.2
-754.856 -141.836 -9.68
-758.462 16.828 135.52
-713.988 180.3 280.72
-623.838 328.146 412.368
-491.618 455.558 518.848
-331.752 545.708 592.416
-162.27 594.99 627.264
0.0 601.0 631.136
145.442 572.152 605.968
266.844 514.456 561.44
358.196 439.932 505.296
423.104 353.388 441.408
460.366 264.44 377.52
477.194 176.694 313.632
306.51 -152.654 -195.536
307.712 -210.35 -226.512
296.894 -272.854 -259.424
271.652 -336.56 -292.336
229.582 -399.064 -323.312
169.482 -455.558 -352.352
93.756 -501.234 -371.712
1.202 -530.082 -381.392
-103.372 -539.698 -375.584
-211.552 -526.476 -354.288
-319.732 -489.214 -315.568
-420.7 -425.508 -257.488
-506.042 -337.762 -181.984
-568.546 -229.582 -89.056
-601.0 -103.372 11.616
-599.798 30.05 118.096
-561.334 161.068 222.64
-488.012 281.268 313.632
-385.842 382.236 391.072
-264.44 453.154 441.408
-134.624 491.618 468.512
-7.212 500.032 476.256
108.18 479.598 460.768
205.542 437.528 433.664
283.672 378.63 393.008
341.368 311.318 348.48
378.63 239.198 302.016
396.66 168.28 253.616
254.824 -150.25 -172.304
251.218 -198.33 -197.472
239.198 -248.814 -220.704
213.956 -299.298 -243.936
175.492 -347.378 -267.168
125.008 -390.65 -284.592
61.302 -424.306 -296.208
-14.424 -443.538 -300.08
-98.564 -447.144 -294.272
-185.108 -432.72 -272.976
-270.45 -396.66 -242.0
-348.58 -342.57 -195.536
-414.69 -268.046 -137.456
-461.568 -179.098 -65.824
-484.406 -79.332 9.68
-480.8 26.444 87.12
-448.346 132.22 162.624
-390.65 225.976 230.384
-311.318 307.712 286.528
-216.36 364.206 325.248
-115.392 399.064 348.48
-15.626 409.882 356.224
78.13 397.862 350.416
158.664 366.61 331.056
223.572 322.136 305.888
274.056 269.248 272.976
307.712 211.552 238.128
328.146 152.654 201.344
-1599.8621 1972.4821 4036.5601
-1188.7781 2334.2839 4781.9199
-439.932 2738.156 5492.4321
723.604 3167.27 5968.688
2221.2961 3596.384 5920.2881
3759.856 3995.448 5126.5278
4924.5942 4311.5742 3637.7439
5395.7783 4487.0659 1748.208
5049.6021 4465.4302 -94.864
4057.9521 4198.5859 -1407.472
2864.366 3688.938 -1963.104
1869.11 2989.374 -1910.832
1214.02 2164.802 -1539.12
865.44 1276.524 -1057.056
742.836 367.812 -569.184
802.936 -539.698 -104.544
1050.548 -1418.36 327.184
1504.9041 -2260.9622 681.472
2211.6799 -3041.0601 855.712
3146.8359 -3688.938 654.368
4102.4263 -4137.2842 -152.944
4685.396 -4351.2402 -1572.032
4591.6401 -4338.0181 -3289.2639
3781.4922 -4143.2939 -4876.7842
2464.1001 -3825.9661 -5955.1357
977.226 -3443.73 -6344.272
-325.742 -3037.4541 -6100.3359
-1244.0701 -2641.9961 -5473.0718
-1251.282 2193.6501 3686.144
-812.552 2545.8359 4332.7681
-50.484 2923.2642 4930.9922
1103.436 3306.7021 5281.4082
2555.4521 3654.0801 5114.9121
4017.084 3937.752 4214.6719
5074.8442 4126.4663 2627.1521
5396.98 4181.7583 671.792
4860.8882 4062.76 -1188.704
3672.1101 3750.24 -2429.6799
2300.6279 3246.6021 -2832.3679
1180.364 2593.916 -2572.9441
451.952 1843.868 -1978.592
61.302 1046.942 -1279.696
-74.524 239.198 -586.608
-18.03 -572.152 81.312
237.996 -1366.6741 718.256
736.826 -2123.9341 1277.76
1532.55 -2823.498 1657.2159
2607.1379 -3423.2961 1626.24
3752.644 -3868.0361 931.216
4544.7622 -4121.6582 -462.704
4634.9121 -4186.5659 -2222.5281
3972.6101 -4095.2141 -3889.4241
2760.9941 -3888.47 -5074.2559
1342.634 -3596.384 -5577.6162
68.514 -3247.804 -5453.7119
-855.824 -2877.5881 -4946.48
-899.096 2340.2939 3302.8159
-430.316 2697.2881 3850.7039
335.358 3061.4941 4326.96
1453.218 3402.8621 4559.2798
2823.498 3685.332 4280.4961
4174.5459 3878.854 3289.2639
5089.2681 3958.186 1637.856
5245.5283 3912.51 -358.16
4524.3281 3715.3821 -2212.8479
3162.4622 3369.2061 -3386.064
1653.952 2882.396 -3662.9119
447.144 2282.5981 -3236.9919
-324.54 1616.6901 -2468.3999
-734.422 908.712 -1589.4559
-872.652 193.522 -720.192
-798.128 -519.264 131.648
-513.254 -1220.03 954.448
28.848 -1900.3621 1705.616
903.904 -2544.634 2267.0559
2093.884 -3108.3721 2387.0879
3388.438 -3560.324 1798.5439
4339.2202 -3865.6321 453.024
4574.812 -4014.6802 -1304.864
4037.5181 -4023.094 -2996.928
2941.2939 -3906.5 -4216.6079
1614.286 -3685.332 -4793.5361
409.882 -3388.438 -4770.3042
-480.8 -3048.272 -4371.4878
-557.728 2425.636 2890.448
-82.938 2758.5901 3331.856
661.1 3091.5439 3695.824
1717.6581 3389.6401 3815.856
2995.384 3612.01 3453.824
4225.0303 3721.3921 2429.6799
5018.3501 3697.3521 787.952
5053.208 3541.092 -1159.6639
4221.4243 3257.4202 -2933.04
2753.782 2861.9622 -3997.8401
1169.546 2381.1621 -4148.8481
-93.756 1837.858 -3595.1521
-905.106 1266.9081 -2700.72
-1336.624 663.504 -1690.1281
-1484.47 63.706 -693.088
-1417.1581 -543.304 284.592
-1127.4761 -1143.1021 1235.168
-568.546 -1726.072 2110.24
341.368 -2286.2041 2795.584
1604.67 -2803.064 3041.4561
2995.384 -3252.6121 2559.3921
4068.77 -3601.1921 1291.312
4437.7842 -3823.562 -420.112
4037.5181 -3913.7122 -2100.5601
3066.302 -3874.0461 -3349.28
1853.484 -3714.1802 -3986.2239
724.806 -3455.75 -4061.728
-132.22 -3137.22 -3773.2639
-233.188 2441.262 2464.5281
248.814 2763.3979 2801.3921
967.61 3071.1101 3049.2
1954.452 3331.9441 3053.072
3113.1802 3505.032 2594.24
4187.7681 3553.1121 1519.76
4817.6162 3459.356 -112.288
4710.6382 3234.582 -1999.8879
3759.856 2888.406 -3672.592
2230.9121 2465.302 -4605.7441
615.424 1992.916 -4625.104
-657.494 1504.9041 -3959.1199
-1472.4501 1015.69 -2962.0801
-1907.574 518.062 -1864.368
-2055.4199 26.444 -770.528
-1980.896 -471.184 307.824
-1681.598 -970.014 1359.072
-1104.6381 -1466.4401 2342.5601
-168.28 -1965.27 3146.0
1128.678 -2453.282 3509.968
2585.502 -2912.446 3144.064
3740.624 -3303.0959 1986.3359
4215.4141 -3592.7781 365.904
3941.3582 -3757.4521 -1260.3359
3107.1702 -3779.0881 -2493.5679
2020.562 -3667.302 -3173.104
992.852 -3446.134 -3329.9199
197.128 -3155.25 -3151.8079
66.11 2390.7781 2036.672
534.89 2674.45 2270.928
1214.02 2942.4961 2412.2561
2121.53 3156.4521 2317.3921
3161.26 3269.4399 1804.3521
4097.6182 3247.804 737.616
4594.0439 3075.918 -824.736
4377.6841 2773.0142 -2592.304
3366.802 2381.1621 -4115.936
1816.222 1947.24 -4911.6318
209.148 1510.9141 -4828.3838
-1052.952 1098.6281 -4088.832
-1863.1 697.16 -3031.7759
-2298.2241 304.106 -1868.24
-2450.8779 -86.544 -716.32
-2382.364 -479.598 418.176
-2089.0759 -879.864 1531.376
-1520.53 -1287.342 2584.5601
-596.192 -1709.244 3463.5039
689.948 -2143.166 3924.272
2152.782 -2579.4919 3682.272
3365.6001 -2985.7681 2652.3201
3943.762 -3316.3181 1138.368
3803.1282 -3535.082 -416.24
3116.7861 -3614.4141 -1639.792
2164.802 -3549.5061 -2361.9199
1238.0601 -3365.6001 -2609.728
497.628 -3103.564 -2541.968
329.348 2287.406 1624.304
789.714 2548.24 1759.824
1425.572 2779.0242 1790.8
2240.5281 2948.5061 1589.4559
3144.4321 3017.02 1000.912
3917.3181 2941.2939 -81.312
4259.8882 2716.52 -1581.712
3926.9341 2364.334 -3215.696
2867.9722 1938.826 -4561.2158
1334.22 1501.298 -5198.1602
-223.572 1101.032 -5002.624
-1437.592 752.452 -4201.1201
-2218.8921 448.346 -3105.344
-2638.3901 159.866 -1918.576
-2788.6401 -120.2 -739.552
-2722.53 -405.074 422.048
-2438.8582 -703.17 1568.16
-1884.7361 -1018.094 2662.0
-983.236 -1364.27 3600.96
278.864 -1750.1121 4148.8481
1723.6681 -2170.812 4032.688
2958.1221 -2597.522 3157.616
3614.4141 -2973.748 1786.928
3597.5862 -3244.198 340.736
3057.8879 -3371.6101 -836.352
2250.144 -3351.176 -1581.712
1436.39 -3206.936 -1905.024
769.28 -2977.354 -1937.936
556.526 2132.3481 1229.36
994.054 2337.8901 1283.568
1579.428 2513.3821 1227.424
2306.6379 2621.562 958.32
3086.7361 2623.9661 342.672
3715.3821 2483.332 -702.768
3923.3281 2206.8721 -2090.8799
3513.446 1830.646 -3562.24
2443.666 1407.542 -4741.2642
961.6 1004.872 -5246.5601
-528.88 669.514 -4977.4561
-1685.204 405.074 -4146.9121
-2432.8481 186.31 -3045.3279
-2840.3262 -4.808 -1860.496
-2988.1721 -187.512 -691.152
-2930.4761 -375.024 474.32
-2662.4299 -578.162 1630.1119
-2138.3582 -804.138 2733.6321
-1286.14 -1073.386 3701.6321
-85.342 -1397.926 4319.2158
1313.786 -1782.566 4323.0879
2539.8259 -2196.054 3612.5759
3258.6221 -2584.3 2398.7041
3361.9941 -2887.2041 1055.12
2972.5461 -3057.8879 -73.568
2311.446 -3083.1301 -842.16
1605.8721 -2983.364 -1240.976
1001.266 -2793.448 -1372.624
740.432 1944.8361 871.2
1152.718 2111.9141 844.096
1680.396 2242.9321 704.704
2311.446 2299.426 363.968
2956.9202 2246.5381 -286.528
3435.3162 2055.4199 -1287.4399
3519.4561 1729.678 -2555.52
3042.262 1317.392 -3850.7039
1989.3101 895.49 -4840.0
582.97 530.082 -5203.9678
-807.744 256.026 -4869.04
-1883.5341 78.13 -4026.8799
-2580.6941 -44.474 -2944.656
-2962.9302 -140.634 -1798.5439
-3104.7661 -228.38 -654.368
-3054.282 -320.934 482.064
-2804.2661 -427.912 1610.752
-2313.8501 -563.738 2698.7839
-1516.9241 -744.038 3662.9119
-390.65 -994.054 4317.2798
927.944 -1324.604 4414.0801
2117.9241 -1717.6581 3852.6399
2865.5681 -2120.3281 2816.8799
3069.908 -2458.0901 1628.176
2823.498 -2675.6521 580.8
2307.8401 -2750.176 -180.048
1721.264 -2696.0859 -631.136
1193.5861 -2553.0481 -846.032
879.864 1716.4561 557.568
1258.494 1827.04 476.256
1728.4761 1896.756 284.592
2268.1741 1889.5441 -90.992
2789.842 1781.364 -726.0
3137.22 1548.176 -1651.408
3122.7961 1206.808 -2780.0959
2616.7542 804.138 -3901.04
1611.8821 418.296 -4735.4561
310.116 112.988 -5000.688
-970.014 -84.14 -4638.6558
-1968.876 -187.512 -3825.5359
-2623.9661 -230.784 -2799.4561
-2990.5762 -245.208 -1699.808
-3131.21 -252.42 -607.904
-3087.938 -264.44 482.064
-2858.356 -292.086 1562.3521
-2406.4041 -347.378 2611.6641
-1670.78 -449.548 3560.304
-635.858 -627.444 4226.2881
588.98 -900.298 4406.3359
1717.6581 -1260.8981 3992.032
2473.7161 -1653.952 3134.384
2762.196 -2008.542 2106.3679
2648.0061 -2258.5581 1151.92
2272.9819 -2373.95 400.752
1799.394 -2366.738 -94.864
1340.23 -2271.78 -383.328
974.822 1482.066 288.464
1319.796 1549.3781 158.752
1726.072 1567.4081 -79.376
2168.408 1510.9141 -476.256
2568.6741 1352.25 -1086.0959
2798.2561 1081.8 -1918.576
2706.9041 718.796 -2894.3201
2192.448 323.338 -3835.2161
1253.686 -38.464 -4508.9438
67.312 -289.682 -4687.0562
-1086.608 -408.68 -4317.2798
-1991.714 -433.922 -3550.624
-2593.916 -406.276 -2590.3679
-2937.688 -353.388 -1562.3521
-3072.312 -292.086 -536.272
-3036.252 -231.986 484.0
-2827.104 -185.108 1500.4
-2410.01 -163.472 2485.824
-1736.89 -187.512 3378.3201
-795.724 -288.48 4026.8799
314.924 -492.82 4247.584
1351.048 -804.138 3955.248
2080.6621 -1171.9501 3271.8401
2426.8381 -1526.54 2412.2561
2426.8381 -1796.99 1572.032
2185.2361 -1952.0481 867.328
1819.828 -1994.118 350.416
1436.39 -1950.8461 11.616
1022.902 1232.05 71.632
1330.614 1251.282 -85.184
1674.386 1220.03 -338.8
2028.9761 1116.6581 -729.872
2322.2642 926.742 -1289.376
2454.4841 643.07 -2017.312
2309.042 292.086 -2840.1121
1815.02 -74.524 -3620.3201
973.62 -385.842 -4162.3999
-79.332 -581.768 -4290.1758
-1113.052 -641.868 -3951.376
-1941.23 -605.808 -3262.1599
-2504.968 -516.86 -2390.96
-2831.9121 -403.872 -1448.1281
-2965.334 -287.278 -501.424
-2935.2839 -175.492 447.216
-2740.5601 -73.322 1395.856
-2358.324 4.808 2309.6479
-1746.506 43.272 3136.3201
-901.5 8.414 3748.0959
87.746 -132.22 3995.9041
1022.902 -388.246 3811.9839
1716.4561 -718.796 3291.2
2099.894 -1056.558 2598.1121
2193.6501 -1333.0181 1875.984
2065.0361 -1516.9241 1223.552
1798.192 -1603.468 700.832
1479.662 -1613.084 323.312
1034.922 991.65 -96.8
1298.16 973.62 -274.912
1581.832 903.904 -534.336
1854.686 768.078 -907.984
2056.6221 554.122 -1411.344
2107.106 262.036 -2030.864
1924.402 -81.736 -2704.592
1454.42 -424.306 -3324.1121
712.786 -689.948 -3744.2239
-189.916 -829.38 -3831.344
-1096.224 -841.4 -3535.136
-1837.858 -759.664 -2929.168
-2355.9199 -627.444 -2147.0239
-2663.6321 -473.588 -1291.312
-2793.448 -312.52 -429.792
-2768.2061 -150.25 443.344
-2589.1082 1.202 1304.864
-2234.5181 135.826 2129.6001
-1674.386 234.39 2871.0879
-921.934 262.036 3413.168
-60.1 181.502 3651.2959
757.26 -16.828 3540.9441
1390.714 -299.298 3155.6799
1782.566 -607.01 2607.792
1941.23 -876.258 2003.76
1900.3621 -1081.8 1422.96
1720.062 -1210.4141 929.28
1471.248 -1271.7161 549.824
1009.68 758.462 -216.832
1229.646 706.776 -393.008
1455.6221 608.212 -638.88
1659.962 451.952 -979.616
1789.7781 234.39 -1417.152
1783.7681 -43.272 -1932.1279
1584.2361 -352.186 -2476.144
1161.1321 -651.484 -2958.208
525.274 -882.268 -3283.4561
-245.208 -991.65 -3351.2161
-1028.912 -973.62 -3113.0879
-1696.022 -857.026 -2609.728
-2176.822 -688.746 -1937.936
-2471.312 -496.426 -1182.896
-2598.7241 -301.702 -398.816
-2577.0881 -109.382 389.136
-2407.606 76.928 1173.2159
-2079.46 244.006 1912.7679
-1575.822 375.024 2563.2639
-917.126 442.336 3033.7119
-174.29 408.68 3252.48
534.89 266.844 3200.208
1107.042 39.666 2927.2319
1498.894 -223.572 2503.248
1696.022 -477.194 2005.696
1717.6581 -689.948 1502.3359
1604.67 -848.612 1051.248
1412.35 -949.58 687.28
956.792 557.728 -294.272
1137.092 482.002 -464.64
1312.584 365.408 -695.024
1454.42 194.724 -995.104
1526.54 -26.444 -1364.88
1478.4601 -292.086 -1788.864
1270.514 -574.556 -2214.7839
891.884 -828.178 -2580.688
353.388 -1016.892 -2818.8159
-288.48 -1102.234 -2861.408
-948.378 -1072.184 -2667.8081
-1525.338 -947.176 -2253.5039
-1959.26 -762.068 -1682.384
-2234.5181 -545.708 -1018.336
-2355.9199 -322.136 -325.248
-2339.092 -93.756 377.52
-2182.832 126.21 1066.736
-1881.13 328.146 1707.552
-1430.38 489.214 2255.4399
-859.43 580.566 2644.5759
-230.784 573.354 2836.24
372.62 468.78 2818.8159
877.46 288.48 2623.28
1246.474 64.908 2296.0959
1458.026 -163.472 1889.536
1518.126 -372.62 1465.552
1455.6221 -543.304 1072.5439
1317.392 -668.312 749.232
885.874 381.034 -334.928
1027.71 290.884 -489.808
1157.526 163.472 -689.216
1254.8881 -4.808 -944.768
1286.14 -212.754 -1248.72
1215.222 -449.548 -1587.52
1015.69 -691.15 -1920.512
677.928 -912.318 -2195.4241
223.572 -1072.184 -2363.856
-306.51 -1141.9 -2385.1521
-853.42 -1107.042 -2232.208
-1348.644 -977.226 -1908.896
-1736.89 -782.502 -1442.3199
-1992.916 -551.718 -884.752
-2108.3081 -307.712 -286.528
-2093.884 -62.504 325.248
-1953.25 169.482 921.536
-1684.0021 375.024 1469.424
-1292.15 539.698 1932.1279
-805.34 639.464 2261.248
-275.258 657.494 2431.616
240.4 588.98 2441.2959
687.544 453.154 2303.8401
1028.912 271.652 2052.1599
1240.464 70.918 1724.976
1322.2001 -125.008 1370.688
1295.756 -298.096 1037.696
1198.394 -436.326 753.104
801.734 239.198 -352.352
908.712 140.634 -489.808
1002.468 10.818 -660.176
1058.962 -157.462 -873.136
1057.76 -354.59 -1119.0079
972.418 -564.94 -1382.304
783.704 -774.088 -1632.048
490.416 -954.388 -1831.4559
109.382 -1081.8 -1941.808
-320.934 -1134.688 -1937.936
-764.472 -1099.8301 -1804.3521
-1173.152 -979.63 -1537.184
-1501.298 -790.916 -1157.728
-1724.87 -557.728 -698.896
-1830.646 -305.308 -201.344
-1823.4341 -49.282 307.824
-1702.032 192.32 803.44
-1471.248 405.074 1254.528
-1135.89 570.95 1633.984
-727.21 670.716 1910.832
-282.47 700.766 2061.8401
155.058 658.696 2083.136
543.304 556.526 1984.4
846.208 407.478 1783.056
1043.3361 233.188 1517.824
1132.2841 51.686 1227.424
1131.082 -114.19 954.448
1068.578 -253.622 716.32
713.988 121.402 -346.544
793.32 25.242 -460.768
855.824 -99.766 -602.096
885.874 -250.016 -772.464
866.642 -421.902 -964.128
775.29 -605.808 -1165.472
602.202 -782.502 -1349.392
347.378 -931.55 -1490.72
28.848 -1032.5181 -1556.5439
-320.934 -1068.578 -1533.312
-679.13 -1025.306 -1417.152
-1009.68 -907.51 -1210.0
-1282.5341 -727.21 -915.728
-1476.056 -503.638 -555.632
-1573.418 -264.44 -160.688
-1574.62 -24.04 251.68
-1476.056 199.532 660.176
-1282.5341 393.054 1037.696
-1002.468 548.112 1357.136
-658.696 651.484 1591.392
-282.47 695.958 1726.912
91.352 679.13 1752.08
425.508 605.808 1678.512
691.15 484.406 1519.76
869.046 335.358 1308.736
959.196 173.088 1076.416
974.822 18.03 855.712
938.762 -116.594 658.24
623.838 36.06 -331.056
679.13 -61.302 -427.856
715.19 -179.098 -544.016
723.604 -313.722 -677.6
688.746 -465.174 -820.864
598.596 -619.03 -968.0
444.74 -762.068 -1099.6479
229.582 -878.662 -1190.64
-30.05 -950.782 -1221.616
-310.116 -966.408 -1186.7679
-591.384 -920.732 -1086.0959
-852.218 -811.35 -921.536
-1074.588 -650.282 -695.024
-1235.656 -449.548 -418.176
-1322.2001 -233.188 -108.416
-1330.614 -14.424 220.704
-1252.484 195.926 553.696
-1093.8201 379.832 861.52
-859.43 527.678 1124.816
-572.152 629.848 1316.48
-257.228 680.332 1426.832
56.494 676.726 1448.1281
336.56 621.434 1386.176
560.132 520.466 1260.3359
715.19 390.65 1095.776
800.532 247.612 915.728
828.178 108.18 741.488
811.35 -15.626 584.672
542.102 -31.252 -305.888
578.162 -117.796 -383.328
598.596 -221.168 -474.32
592.586 -336.56 -576.928
550.516 -461.568 -683.408
463.972 -587.778 -789.888
328.146 -700.766 -882.816
149.048 -787.31 -940.896
-63.706 -836.592 -954.448
-287.278 -836.592 -921.536
-510.85 -788.512 -842.16
-719.998 -691.15 -718.256
-901.5 -554.122 -549.824
-1037.326 -385.842 -336.864
-1114.254 -200.734 -92.928
-1125.072 -10.818 172.304
-1064.972 173.088 443.344
-932.752 340.166 698.896
-738.028 478.396 913.792
-496.426 580.566 1072.5439
-233.188 635.858 1159.6639
27.646 640.666 1177.088
260.834 598.596 1128.688
449.548 515.658 1031.8879
582.97 406.276 907.984
663.504 284.874 770.528
698.362 163.472 636.944
695.958 50.484 511.104
462.77 -75.726 -278.784
484.406 -155.058 -342.672
490.416 -244.006 -414.304
473.588 -344.974 -491.744
430.316 -447.144 -569.184
350.984 -548.112 -644.688
236.794 -634.656 -704.704
88.948 -698.362 -743.424
-80.534 -729.614 -747.296
-259.632 -722.402 -716.32
-437.528 -677.928 -652.432
-604.606 -596.192 -553.696
-750.048 -480.8 -420.112
-859.43 -337.762 -251.68
-923.136 -177.896 -58.08
-930.348 -6.01 154.88
-881.066 162.27 369.776
-771.684 313.722 569.184
-610.616 442.336 739.552
-413.488 534.89 859.584
-198.33 585.374 925.408
13.222 591.384 935.088
201.936 555.324 900.24
356.994 486.81 828.608
469.982 396.66 737.616
544.506 293.288 635.008
581.768 188.714 534.336
590.182 91.352 435.6
394.256 -105.776 -249.744
407.478 -173.088 -300.08
403.872 -250.016 -354.288
383.438 -330.55 -410.432
338.964 -413.488 -468.512
268.046 -491.618 -522.72
170.684 -557.728 -563.376
50.484 -605.808 -586.608
-87.746 -626.242 -586.608
-231.986 -616.626 -561.44
-376.226 -576.96 -511.104
-512.052 -507.244 -431.728
-628.646 -411.084 -325.248
-716.392 -289.682 -189.728
-766.876 -153.856 -36.784
-771.684 -8.414 127.776
-729.614 137.028 296.208
-638.262 271.652 451.088
-507.244 385.842 580.8
-346.176 468.78 675.664
-171.886 516.86 726.0
-1.202 524.072 735.68
152.654 496.426 712.448
280.066 442.336 662.112
378.63 369.014 596.288
445.942 284.874 520.784
484.406 197.128 443.344
498.83 112.988 367.84
331.752 -121.402 -222.64
336.56 -180.3 -261.36
328.146 -245.208 -303.952
304.106 -312.52 -346.544
263.238 -379.832 -387.2
201.936 -439.932 -423.984
118.998 -490.416 -451.088
20.434 -524.072 -464.64
-90.15 -537.294 -460.768
-206.744 -526.476 -437.536
-322.136 -490.416 -393.008
-429.114 -429.114 -325.248
-521.668 -346.176 -238.128
-588.98 -241.602 -131.648
-623.838 -123.806 -11.616
-625.04 2.404 116.16
-588.98 127.412 242.0
-514.456 241.602 356.224
-409.882 337.762 453.024
-282.47 407.478 522.72
-144.24 445.942 561.44
-7.212 453.154 571.12
115.392 433.922 557.568
219.966 390.65 522.72
302.904 332.954 476.256
361.802 263.238 420.112
400.266 191.118 362.032
418.296 120.2 303.952
280.066 -127.412 -195.536
280.066 -177.896 -226.512
269.248 -230.784 -259.424
245.208 -284.874 -290.4
206.744 -337.762 -319.44
152.654 -384.64 -344.608
84.14 -423.104 -362.032
3.606 -445.942 -367.84
-86.544 -454.356 -362.032
-180.3 -442.336 -340.736
-274.056 -409.882 -303.952
-359.398 -356.994 -249.744
-431.518 -286.076 -180.048
-483.204 -198.33 -96.8
-509.648 -99.766 -3.872
-508.446 3.606 92.928
-477.194 105.776 185.856
-418.296 200.734 272.976
-332.954 281.268 346.544
-231.986 338.964 396.88
-122.604 373.822 429.792
-14.424 383.438 439.472
85.342 370.216 431.728
173.088 337.762 410.432
242.804 292.086 377.52
295.692 236.794 336.864
330.55 177.896 292.336
352.186 118.998 247.808
235.592 -128.614 -174.24
230.784 -170.684 -197.472
218.764 -215.158 -220.704
194.724 -259.632 -245.872
161.068 -301.702 -265.232
114.19 -337.762 -282.656
56.494 -365.408 -292.336
-9.616 -382.236 -294.272
-82.938 -384.64 -286.528
-157.462 -371.418 -267.168
-231.986 -342.57 -234.256
-298.096 -295.692 -189.728
-352.186 -233.188 -133.584
-391.852 -158.664 -69.696
-409.882 -76.928 1.936
-406.276 9.616 75.504
-379.832 94.958 145.2
-331.752 171.886 211.024
-265.642 236.794 263.296
-186.31 283.672 303.952
-99.766 312.52 327.184
-14.424 322.136 338.8
67.312 313.722 334.928
138.23 288.48 319.44
197.128 252.42 296.208
242.804 207.946 267.168
275.258 161.068 234.256
295.692 111.786 201.344
-1022.902 1669.578 3515.7759
-629.848 1943.634 4013.3279
-18.03 2244.134 4431.5039
824.572 2557.856 4648.3359
1818.626 2865.5681 4520.5601
2798.2561 3132.4121 3962.9919
3549.5061 3325.9341 3012.416
3899.2881 3408.8721 1835.328
3791.1082 3343.9641 669.856
3316.3181 3115.584 -236.192
2668.4399 2723.7319 -758.912
2049.4102 2200.8621 -923.472
1579.428 1584.2361 -846.032
1284.938 913.52 -640.816
1161.1321 233.188 -398.816
1188.7781 -451.952 -158.752
1366.6741 -1125.072 36.784
1692.416 -1751.3141 139.392
2157.5901 -2319.8601 77.44
2699.6921 -2793.448 -240.064
3184.0981 -3136.0181 -890.56
3425.7 -3321.126 -1843.072
3286.2681 -3349.9741 -2931.104
2735.752 -3246.6021 -3937.824
1890.7461 -3049.4741 -4642.5278
924.338 -2788.6401 -4950.3521
22.838 -2495.3521 -4874.8481
-682.736 -2199.6602 -4530.2397
-752.452 1860.696 3192.4639
-334.156 2138.3582 3612.5759
289.682 2429.2419 3935.8879
1120.264 2712.9141 4050.1121
2069.844 2964.1321 3817.792
2973.748 3163.6641 3161.488
3614.4141 3285.0662 2127.6641
3827.168 3301.894 888.624
3559.1221 3193.7141 -292.336
2925.668 2947.304 -1153.856
2143.166 2565.0681 -1577.84
1424.37 2063.834 -1604.944
899.096 1490.48 -1355.2
580.566 861.834 -971.872
453.154 219.966 -544.016
492.82 -429.114 -120.032
703.17 -1055.3561 265.232
1083.0021 -1651.548 553.696
1628.7101 -2196.054 664.048
2277.79 -2658.824 482.064
2895.6182 -3008.606 -77.44
3280.2581 -3224.9661 -991.232
3269.4399 -3307.9041 -2090.8799
2829.5081 -3268.238 -3138.2561
2069.844 -3133.614 -3914.592
1163.536 -2925.668 -4307.6001
299.298 -2673.248 -4326.96
-395.458 -2396.7881 -4071.408
-485.608 1977.29 2853.6641
-61.302 2240.5281 3192.4639
552.92 2504.968 3430.592
1351.048 2753.782 3457.696
2244.134 2952.1121 3153.7439
3073.5142 3085.5339 2443.2319
3625.2322 3128.8062 1378.432
3734.614 3068.7061 143.264
3359.5901 2898.022 -1000.912
2620.3601 2616.7542 -1790.8
1739.2941 2229.71 -2108.304
949.58 1753.718 -1999.8879
373.822 1234.454 -1618.496
24.04 675.524 -1093.84
-116.594 106.978 -530.464
-78.13 -469.982 32.912
139.432 -1033.72 551.76
546.91 -1568.61 971.872
1146.708 -2065.0361 1206.1281
1876.322 -2495.3521 1134.496
2602.3301 -2845.134 656.304
3104.7661 -3089.1401 -214.896
3211.7441 -3217.7542 -1304.864
2881.1941 -3236.9861 -2373.5359
2215.2861 -3162.4622 -3192.4639
1375.088 -3007.4041 -3653.2319
558.93 -2791.0439 -3750.032
-115.392 -2541.0281 -3581.6001
-224.774 2050.6121 2481.9519
204.34 2304.2341 2743.312
801.734 2551.8459 2892.384
1551.782 2763.3979 2836.24
2367.9399 2918.4561 2456.7839
3097.554 2998.99 1694.0
3535.082 2986.97 604.032
3529.072 2878.79 -623.392
3039.8582 2667.238 -1728.848
2204.468 2367.9399 -2449.04
1256.09 1985.704 -2667.8081
424.306 1551.782 -2450.9761
-181.502 1078.194 -1951.488
-545.708 582.97 -1312.608
-691.15 80.534 -631.136
-641.868 -419.498 52.272
-401.468 -915.924 698.896
38.464 -1395.522 1244.848
682.736 -1854.686 1601.072
1482.066 -2269.376 1637.856
2288.6082 -2626.3701 1246.7839
2883.5981 -2900.426 441.408
3087.938 -3077.1201 -613.712
2857.1541 -3152.8459 -1666.896
2281.396 -3130.0081 -2501.312
1527.7421 -3018.2222 -3002.7361
772.886 -2836.72 -3167.2959
137.028 -2609.542 -3076.304
18.03 2054.218 2116.0481
436.326 2285.002 2298.032
1001.266 2497.7561 2373.5359
1698.426 2674.45 2247.696
2440.0601 2781.428 1825.6479
3080.7261 2801.8621 1055.12
3428.104 2723.7319 -3.872
3337.9541 2551.8459 -1177.088
2780.2261 2297.022 -2203.168
1890.7461 1978.4921 -2828.4961
902.702 1609.478 -2956.272
44.474 1222.4341 -2656.1919
-578.162 816.158 -2075.3921
-956.792 393.054 -1351.328
-1105.84 -27.646 -584.672
-1061.366 -454.356 181.984
-820.966 -877.46 909.92
-375.024 -1289.746 1537.184
284.874 -1692.416 1980.528
1114.254 -2071.0461 2100.5601
1973.6841 -2416.02 1792.736
2637.188 -2702.0959 1058.9919
2931.678 -2911.2441 61.952
2799.458 -3030.2419 -969.936
2323.4661 -3051.8782 -1810.16
1657.558 -2980.96 -2348.3679
970.014 -2830.71 -2574.8799
373.822 -2626.3701 -2561.3279
235.592 2021.764 1738.528
643.07 2234.5181 1846.944
1170.748 2423.2319 1841.136
1803.0 2567.4722 1643.6639
2453.282 2640.7939 1167.408
2985.7681 2621.562 373.648
3223.7642 2506.1702 -667.92
3038.656 2297.022 -1783.056
2414.8181 2013.3501 -2718.144
1491.682 1684.0021 -3246.6719
495.224 1340.23 -3283.4561
-365.408 986.842 -2900.1279
-988.044 637.06 -2253.5039
-1361.866 294.49 -1471.36
-1510.9141 -45.676 -642.752
-1462.834 -390.65 187.792
-1216.4241 -736.826 979.616
-764.472 -1086.608 1678.512
-91.352 -1442.4 2201.2319
753.654 -1794.5861 2412.2561
1641.932 -2135.9541 2199.2959
2359.5261 -2442.4641 1556.5439
2726.136 -2685.2681 636.944
2685.2681 -2845.134 -340.736
2306.6379 -2907.6379 -1163.536
1734.4861 -2872.78 -1723.04
1122.668 -2754.9841 -1997.952
581.768 -2577.0881 -2054.0959
431.518 1926.806 1388.1119
816.158 2101.0959 1430.704
1304.17 2251.3459 1364.88
1875.12 2353.5161 1119.0079
2444.8682 2376.354 625.328
2884.8 2305.436 -147.136
3035.05 2143.166 -1130.624
2785.0339 1900.3621 -2150.896
2123.9341 1603.468 -2985.312
1192.384 1287.342 -3420.9119
205.542 978.428 -3388.0
-640.666 682.736 -2952.3999
-1253.686 403.872 -2265.1199
-1623.902 131.018 -1444.256
-1774.152 -134.624 -584.672
-1730.88 -402.67 280.72
-1491.682 -679.13 1115.136
-1049.3461 -962.802 1858.5599
-389.448 -1263.302 2431.616
442.336 -1572.2161 2710.3999
1330.614 -1887.14 2584.5601
2079.46 -2187.6401 2034.736
2507.3721 -2443.666 1194.512
2555.4521 -2628.7742 271.04
2275.386 -2723.7319 -536.272
1796.99 -2722.53 -1113.2
1262.1 -2635.9861 -1440.384
770.482 -2484.5339 -1562.3521
591.384 1812.6161 1041.568
954.388 1965.27 1018.336
1395.522 2084.2681 886.688
1893.15 2149.176 586.608
2369.1421 2135.9541 61.952
2706.9041 2031.38 -700.832
2764.6001 1835.454 -1624.304
2450.8779 1565.004 -2545.8401
1768.1421 1257.292 -3264.0959
851.016 954.388 -3599.0239
-106.978 677.928 -3494.48
-921.934 435.124 -3016.2881
-1508.51 227.178 -2303.8401
-1865.504 33.656 -1467.488
-2009.744 -151.452 -600.16
-1967.6741 -340.166 278.784
-1736.89 -539.698 1126.752
-1307.776 -753.654 1893.408
-668.312 -991.65 2505.1841
141.836 -1258.494 2842.0481
1019.296 -1550.5801 2799.4561
1777.7581 -1849.8781 2356.1121
2251.3459 -2123.9341 1620.432
2375.1521 -2339.092 778.272
2190.0439 -2467.7061 15.488
1807.808 -2500.1602 -559.504
1354.6541 -2448.4741 -921.536
923.136 -2329.4761 -1097.712
723.604 1647.942 741.488
1058.962 1753.718 673.728
1455.6221 1824.636 503.36
1887.14 1840.2621 180.048
2282.5981 1784.9701 -336.864
2531.4121 1640.73 -1053.184
2516.988 1419.562 -1895.344
2164.802 1147.91 -2714.272
1483.2681 860.632 -3333.792
598.596 592.586 -3591.28
-310.116 365.408 -3438.3359
-1086.608 182.704 -2940.7839
-1646.74 36.06 -2230.272
-1991.714 -87.746 -1403.6
-2133.55 -203.138 -542.08
-2097.49 -322.136 325.248
-1882.332 -450.75 1171.28
-1477.2581 -601.0 1941.808
-871.45 -781.3 2572.9441
-98.564 -998.862 2954.3359
746.442 -1259.696 2985.312
1496.49 -1540.964 2640.7041
1998.926 -1812.6161 2007.632
2190.0439 -2039.7941 1246.7839
2093.884 -2190.0439 526.592
1804.202 -2252.5481 -48.4
1427.9761 -2230.9121 -441.408
1050.548 -2145.5701 -671.792
817.36 1478.4601 460.768
1120.264 1554.186 346.544
1466.4401 1591.448 137.456
1828.2421 1571.014 -209.088
2138.3582 1476.056 -716.32
2305.436 1301.766 -1384.24
2228.5081 1057.76 -2135.408
1849.8781 780.098 -2847.856
1183.97 501.234 -3358.96
346.176 259.632 -3537.072
-508.446 78.13 -3343.4719
-1228.444 -39.666 -2843.9839
-1751.3141 -118.998 -2148.96
-2073.45 -176.694 -1347.4559
-2208.074 -224.774 -514.976
-2175.6201 -275.258 327.184
-1974.886 -336.56 1146.1119
-1596.256 -420.7 1897.28
-1028.912 -539.698 2524.5439
-306.51 -703.17 2925.2959
490.416 -918.328 3010.48
1214.02 -1173.152 2754.928
1728.4761 -1439.996 2226.3999
1968.876 -1679.194 1570.0959
1953.25 -1853.484 919.6
1751.3141 -1948.442 369.776
1454.42 -1964.068 -34.848
1137.092 -1914.786 -300.08
878.662 1277.7261 236.192
1151.516 1311.3821 98.736
1450.8141 1306.574 -127.776
1745.3041 1247.676 -470.448
1979.6941 1122.668 -946.704
2077.0562 930.348 -1548.8
1956.8561 687.544 -2208.9761
1573.418 421.902 -2814.9441
944.772 175.492 -3240.864
169.482 -22.838 -3364.7681
-615.424 -152.654 -3157.616
-1283.7361 -223.572 -2679.4241
-1774.152 -248.814 -2019.248
-2080.6621 -250.016 -1256.464
-2210.478 -241.602 -468.512
-2184.0339 -235.592 331.056
-1998.926 -240.4 1113.2
-1651.548 -266.844 1835.328
-1131.082 -330.55 2445.168
-462.77 -442.336 2853.6641
278.864 -615.424 2987.248
964.004 -840.198 2813.0081
1474.854 -1089.012 2389.0239
1753.718 -1327.0081 1827.584
1806.6061 -1515.722 1250.656
1686.406 -1634.72 733.744
1461.6321 -1680.396 321.376
1195.99 -1667.1741 25.168
907.51 1076.9921 42.592
1145.506 1080.598 -118.096
1395.522 1043.3361 -352.352
1628.7101 954.388 -687.28
1794.5861 804.138 -1124.816
1831.848 597.394 -1655.28
1679.194 347.378 -2216.72
1300.564 92.554 -2720.0801
713.988 -134.624 -3058.8799
10.818 -290.884 -3134.384
-697.16 -371.418 -2927.2319
-1302.968 -390.65 -2472.272
-1753.718 -366.61 -1856.624
-2036.188 -319.732 -1149.984
-2159.9941 -262.036 -414.304
-2137.156 -205.542 331.056
-1967.6741 -158.664 1060.928
-1646.74 -134.624 1734.656
-1170.748 -145.442 2307.7119
-562.536 -206.744 2706.5281
111.786 -331.752 2857.5359
741.634 -519.264 2743.312
1228.444 -742.836 2412.2561
1525.338 -968.812 1949.552
1631.114 -1159.9301 1448.1281
1578.2261 -1298.16 975.744
1419.562 -1375.088 578.864
1208.01 -1396.724 272.976
908.712 876.258 -100.672
1110.6481 849.814 -263.296
1313.786 784.906 -493.68
1491.682 674.322 -805.376
1601.0641 514.456 -1196.448
1593.8521 307.712 -1653.344
1423.168 73.322 -2125.728
1067.376 -157.462 -2538.0959
542.102 -352.186 -2803.3279
-84.14 -478.396 -2853.6641
-721.2 -526.476 -2658.1279
-1272.918 -508.446 -2251.5679
-1685.204 -445.942 -1695.936
-1950.8461 -359.398 -1053.184
-2068.6421 -262.036 -379.456
-2051.814 -167.078 309.76
-1896.756 -81.736 981.552
-1604.67 -15.626 1603.0079
-1171.9501 15.626 2133.4719
-627.444 -3.606 2507.1199
-24.04 -86.544 2673.616
549.314 -235.592 2613.6001
1010.882 -427.912 2363.856
1316.1901 -635.858 1990.208
1459.228 -823.37 1564.288
1460.4301 -974.822 1140.304
1358.26 -1074.588 766.656
1193.5861 -1127.4761 462.704
881.066 677.928 -207.152
1048.144 631.05 -371.712
1209.212 546.91 -590.48
1339.0281 420.7 -873.136
1400.3301 252.42 -1215.808
1358.26 48.08 -1599.136
1177.96 -173.088 -1982.464
845.006 -385.842 -2309.6479
379.832 -546.91 -2514.864
-164.674 -639.464 -2540.032
-719.998 -657.494 -2361.9199
-1208.01 -609.414 -1999.8879
-1583.0341 -518.062 -1506.208
-1824.636 -401.468 -931.216
-1935.2201 -272.854 -319.44
-1920.796 -143.038 302.016
-1780.162 -21.636 907.984
-1512.116 80.534 1465.552
-1123.87 147.846 1937.936
-639.464 163.472 2274.8
-109.382 115.392 2433.552
399.064 2.404 2408.384
819.764 -159.866 2220.592
1116.6581 -346.176 1922.448
1278.928 -525.274 1566.224
1318.594 -677.928 1198.384
1260.8981 -795.724 861.52
1140.698 -873.854 576.928
834.188 509.648 -276.848
970.014 444.74 -429.792
1092.618 348.58 -627.264
1181.566 216.36 -873.136
1210.4141 52.888 -1165.472
1146.708 -138.23 -1482.976
968.812 -337.762 -1792.736
669.514 -520.466 -2046.3519
263.238 -662.302 -2201.2319
-205.542 -734.422 -2210.9121
-688.746 -735.624 -2057.968
-1116.6581 -669.514 -1754.016
-1454.42 -557.728 -1330.032
-1677.9921 -417.094 -824.736
-1782.566 -268.046 -286.528
-1770.546 -115.392 269.104
-1644.3361 28.848 809.248
-1405.1381 151.452 1304.864
-1061.366 240.4 1719.168
-637.06 281.268 2017.312
-173.088 260.834 2168.3201
272.854 182.704 2170.2561
655.09 52.888 2038.608
941.166 -104.574 1802.416
1113.052 -269.248 1512.016
1179.162 -419.498 1198.384
1156.324 -546.91 898.304
1068.578 -641.868 638.88
770.482 356.994 -315.568
877.46 282.47 -454.96
967.61 179.098 -631.136
1022.902 44.474 -844.096
1022.902 -116.594 -1088.032
942.368 -298.096 -1343.584
771.684 -473.588 -1585.584
506.042 -628.646 -1777.248
157.462 -742.836 -1883.728
-239.198 -795.724 -1879.856
-644.272 -783.704 -1746.272
-1012.084 -709.18 -1486.848
-1306.574 -587.778 -1126.752
-1506.1061 -435.124 -695.024
-1601.0641 -268.046 -224.576
-1591.448 -96.16 255.552
-1479.662 66.11 724.064
-1266.9081 206.744 1148.048
-966.408 311.318 1504.272
-601.0 367.812 1757.8879
-203.138 366.61 1895.344
183.906 310.116 1912.7679
521.668 206.744 1815.968
783.704 73.322 1632.048
954.388 -74.524 1393.92
1031.316 -218.764 1130.624
1032.5181 -346.176 873.136
976.024 -450.75 646.624
700.766 236.794 -331.056
781.3 157.462 -453.024
845.006 52.888 -602.096
876.258 -74.524 -780.208
858.228 -222.37 -975.744
775.29 -378.63 -1179.024
615.424 -532.486 -1366.816
379.832 -668.312 -1510.08
82.938 -763.27 -1581.712
-250.016 -802.936 -1566.224
-590.182 -782.502 -1452.0
-902.702 -704.372 -1239.04
-1156.324 -579.364 -942.832
-1333.0181 -421.902 -580.8
-1419.562 -250.016 -187.792
-1414.754 -75.726 222.64
-1319.796 87.746 621.456
-1137.092 228.38 983.488
-878.662 337.762 1287.4399
-564.94 402.67 1508.144
-223.572 421.902 1633.984
111.786 388.246 1659.152
409.882 310.116 1591.392
647.878 199.532 1450.064
810.148 70.918 1256.464
895.49 -61.302 1037.696
913.52 -185.108 822.8
879.864 -290.884 627.264
625.04 132.22 -331.056
683.938 51.686 -435.6
723.604 -52.888 -561.44
733.22 -174.29 -706.64
701.968 -307.712 -861.52
616.626 -445.942 -1018.336
471.184 -575.758 -1157.728
268.046 -685.14 -1256.464
18.03 -757.26 -1300.9919
-256.026 -781.3 -1273.8879
-534.89 -754.856 -1173.2159
-790.916 -676.726 -997.04
-1002.468 -554.122 -753.104
-1153.92 -401.468 -456.896
-1228.444 -230.784 -131.648
-1227.2421 -56.494 207.152
-1146.708 106.978 536.272
-991.65 248.814 838.288
-772.886 358.196 1091.9041
-508.446 427.912 1277.76
-218.764 454.356 1386.176
68.514 433.922 1413.28
324.54 375.024 1364.88
534.89 282.47 1252.592
681.534 169.482 1095.776
765.674 49.282 921.536
793.32 -66.11 743.424
777.694 -169.482 580.8
550.516 57.696 -317.504
592.586 -20.434 -404.624
616.626 -112.988 -507.232
614.222 -219.966 -621.456
575.758 -336.56 -743.424
491.618 -454.356 -861.52
361.802 -563.738 -962.192
187.512 -651.484 -1029.952
-21.636 -706.776 -1053.184
-248.814 -719.998 -1022.208
-475.992 -688.746 -937.024
-686.342 -613.02 -795.696
-863.036 -500.032 -604.032
-990.448 -359.398 -367.84
-1057.76 -204.34 -106.48
-1058.962 -45.676 170.368
-995.256 105.776 443.344
-866.642 236.794 695.024
-682.736 343.772 907.984
-456.76 417.094 1066.736
-211.552 451.952 1161.6
32.454 448.346 1186.7679
253.622 403.872 1149.984
435.124 328.146 1062.864
567.344 231.986 940.896
649.08 125.008 801.504
682.736 20.434 660.176
680.332 -76.928 526.592
478.396 -6.01 -298.144
503.638 -80.534 -369.776
514.456 -165.876 -451.088
501.234 -259.632 -542.08
459.164 -359.398 -633.072
382.236 -456.76 -720.192
268.046 -543.304 -791.824
121.402 -609.414 -836.352
-51.686 -647.878 -846.032
-235.592 -651.484 -813.12
-418.296 -617.828 -741.488
-588.98 -546.91 -625.328
-732.018 -445.942 -470.448
-836.592 -318.53 -282.656
-893.086 -177.896 -73.568
-895.49 -32.454 152.944
-841.4 109.382 373.648
-736.826 233.188 578.864
-581.768 334.156 753.104
-395.458 405.074 880.88
-189.916 441.134 958.32
14.424 439.932 979.616
199.532 406.276 952.512
353.388 343.772 884.752
468.78 262.036 791.824
544.506 168.28 681.472
582.97 75.726 571.12
588.98 -12.02 464.64
412.286 -45.676 -272.976
429.114 -110.584 -331.056
429.114 -185.108 -396.88
411.084 -265.642 -464.64
367.812 -348.58 -532.4
298.096 -427.912 -596.288
199.532 -497.628 -644.688
76.928 -548.112 -673.728
-66.11 -574.556 -675.664
-215.158 -572.152 -648.56
-365.408 -538.496 -588.544
-503.638 -475.992 -495.616
-620.232 -387.044 -373.648
-706.776 -277.662 -224.576
-756.058 -156.26 -56.144
-758.462 -28.848 121.968
-713.988 94.958 302.016
-626.242 207.946 468.512
-498.83 302.904 609.84
-342.57 370.216 714.384
-171.886 408.68 776.336
-2.404 414.69 795.696
153.856 389.448 776.336
284.874 338.964 726.0
384.64 270.45 656.304
453.154 192.32 573.056
491.618 110.584 485.936
504.84 32.454 400.752
353.388 -75.726 -245.872
359.398 -133.422 -294.272
354.59 -198.33 -344.608
332.954 -266.844 -396.88
290.884 -334.156 -447.216
229.582 -397.862 -491.744
145.442 -451.952 -526.592
42.07 -489.214 -544.016
-73.322 -506.042 -540.144
-194.724 -500.032 -513.04
-316.126 -468.78 -462.704
-427.912 -413.488 -387.2
-521.668 -335.358 -286.528
-590.182 -239.198 -166.496
-626.242 -132.22 -32.912
-627.444 -18.03 108.416
-591.384 92.554 251.68
-518.062 193.522 381.392
-413.488 277.662 491.744
-286.076 338.964 573.056
-146.644 372.62 621.456
-7.212 378.63 636.944
120.2 359.398 625.328
229.582 318.53 590.48
314.924 262.036 536.272
376.226 195.926 474.32
413.488 126.21 406.56
431.518 58.898 340.736
299.298 -91.352 -222.64
301.702 -143.038 -259.424
292.086 -197.128 -298.144
269.248 -253.622 -336.864
230.784 -308.914 -373.648
175.492 -359.398 -404.624
104.574 -400.266 -427.856
20.434 -427.912 -437.536
-75.726 -438.73 -431.728
-174.29 -430.316 -408.496
-272.854 -401.468 -365.904
-363.004 -352.186 -303.952
-437.528 -286.076 -224.576
-492.82 -204.34 -129.712
-521.668 -112.988 -23.232
-521.668 -16.828 87.12
-490.416 79.332 197.472
-430.316 165.876 300.08
-346.176 239.198 385.264
-241.602 294.49 449.152
-127.412 324.54 489.808
-14.424 334.156 505.296
90.15 320.934 497.552
181.502 288.48 472.384
254.824 242.804 433.664
308.914 188.714 387.2
346.176 131.018 336.864
365.408 72.12 282.656
253.622 -102.17 -199.408
251.218 -145.442 -228.448
239.198 -192.32 -257.488
216.36 -237.996 -286.528
181.502 -282.47 -313.632
134.624 -322.136 -334.928
74.524 -353.388 -350.416
3.606 -372.62 -354.288
-74.524 -378.63 -346.544
-155.058 -369.014 -323.312
-233.188 -342.57 -288.464
-304.106 -299.298 -236.192
-364.206 -241.602 -172.304
-405.074 -169.482 -96.8
-426.71 -91.352 -13.552
-424.306 -8.414 73.568
-397.862 73.322 158.752
-349.782 146.644 236.192
-280.066 209.148 302.016
-195.926 254.824 350.416
-105.776 281.268 381.392
-14.424 289.682 394.944
70.918 278.864 393.008
146.644 254.824 375.584
207.946 218.764 348.48
256.026 174.29 313.632
289.682 126.21 274.912
308.914 75.726 234.256
213.956 -105.776 -176.176
209.148 -143.038 -199.408
197.128 -180.3 -222.64
174.29 -218.764 -243.936
143.038 -253.622 -263.296
102.17 -284.874 -278.784
51.686 -308.914 -286.528
-7.212 -322.136 -288.464
-69.716 -324.54 -278.784
-135.826 -313.722 -259.424
-198.33 -289.682 -230.384
-254.824 -252.42 -187.792
-301.702 -201.936 -137.456
-335.358 -143.038 -77.44
-350.984 -76.928 -11.616
-348.58 -8.414 54.208
-326.944 58.898 120.032
-286.076 121.402 180.048
-230.784 174.29 230.384
-163.472 212.754 269.104
-91.352 236.794 294.272
-16.828 245.208 305.888
52.888 239.198 305.888
116.594 219.966 294.272
169.482 192.32 274.912
210.35 155.058 249.744
241.602 115.392 218.768
262.036 73.322 187.792
-631.05 1415.9561 3008.5439
-277.662 1629.912 3337.6641
210.35 1852.282 3581.6001
823.37 2081.864 3668.72
1503.702 2297.022 3525.4561
2151.5801 2474.918 3118.896
2649.208 2591.512 2476.144
2907.6379 2627.572 1695.936
2895.6182 2562.6641 906.048
2662.4299 2384.7681 247.808
2304.2341 2096.2881 -209.088
1929.2101 1706.8401 -449.152
1617.8921 1246.474 -518.848
1409.946 735.624 -478.192
1316.1901 209.148 -387.2
1333.0181 -331.752 -288.464
1460.4301 -849.814 -228.448
1682.8 -1330.614 -245.872
1974.886 -1762.1321 -389.136
2280.1941 -2121.53 -702.768
2520.594 -2387.1721 -1210.0
2597.522 -2544.634 -1870.176
2443.666 -2596.3201 -2588.4319
2050.6121 -2549.4421 -3246.6719
1476.056 -2426.8381 -3720.9919
820.966 -2251.3459 -3955.248
187.512 -2048.208 -3951.376
-342.57 -1836.656 -3753.9041
-420.7 1572.2161 2729.76
-62.504 1776.556 2996.928
424.306 1985.704 3171.168
1020.498 2187.6401 3184.72
1665.972 2365.5361 2971.76
2262.1641 2497.7561 2505.1841
2688.874 2563.866 1821.776
2861.9622 2548.24 1028.016
2756.186 2437.656 257.488
2429.2419 2230.9121 -344.608
1984.5021 1926.806 -710.512
1537.358 1536.156 -836.352
1177.96 1096.224 -778.272
936.358 615.424 -605.968
828.178 123.806 -383.328
845.006 -376.226 -156.816
983.236 -866.642 30.976
1236.858 -1322.2001 133.584
1581.832 -1734.4861 98.736
1962.8661 -2085.47 -121.968
2297.022 -2357.1221 -563.376
2474.918 -2535.0181 -1192.576
2418.4241 -2616.7542 -1914.704
2111.9141 -2608.3401 -2600.0481
1605.8721 -2526.604 -3126.6399
998.862 -2387.1721 -3426.72
393.054 -2208.074 -3492.5439
-131.018 -2006.1381 -3368.6399
-213.956 1675.588 2427.7439
149.048 1878.7261 2631.0239
627.444 2075.854 2737.5039
1197.192 2253.75 2681.3601
1792.182 2395.5859 2402.5759
2318.658 2486.938 1881.792
2660.0261 2513.3821 1159.6639
2736.9541 2461.696 350.416
2532.614 2328.2739 -408.496
2113.116 2107.106 -969.936
1586.64 1803.0 -1264.208
1084.204 1433.9861 -1293.248
686.342 1018.094 -1122.88
426.71 568.546 -830.544
311.318 105.776 -485.936
337.762 -359.398 -131.648
500.032 -811.35 181.984
790.916 -1240.464 410.432
1191.182 -1639.5281 489.808
1640.73 -1984.5021 365.904
2054.218 -2263.366 -3.872
2319.8601 -2464.1001 -590.48
2348.708 -2578.29 -1297.12
2121.53 -2609.542 -1990.208
1688.8101 -2566.27 -2543.9041
1135.89 -2461.696 -2890.448
572.152 -2309.042 -3014.3521
75.726 -2127.54 -2954.3359
-20.434 1730.88 2110.24
337.762 1915.988 2255.4399
793.32 2089.0759 2299.968
1325.806 2233.3162 2189.616
1872.7161 2341.4961 1872.1119
2337.8901 2387.1721 1330.032
2613.1479 2360.728 609.84
2621.562 2263.366 -176.176
2347.5061 2090.2781 -890.56
1860.696 1851.0801 -1386.176
1282.5341 1545.772 -1599.136
738.028 1203.202 -1544.928
311.318 826.976 -1285.504
30.05 426.71 -900.24
-92.554 18.03 -460.768
-68.514 -391.852 -17.424
99.766 -796.926 389.136
407.478 -1183.97 704.704
835.39 -1544.5701 869.264
1334.22 -1869.11 816.992
1810.212 -2144.3679 509.168
2146.772 -2355.9199 -32.912
2254.9521 -2495.3521 -712.448
2105.9041 -2560.26 -1401.6639
1742.9 -2550.644 -1974.72
1253.686 -2478.5239 -2358.0481
733.22 -2351.1121 -2532.2881
262.036 -2187.6401 -2530.3521
161.068 1740.496 1788.864
509.648 1913.584 1874.048
938.762 2068.6421 1860.496
1427.9761 2193.6501 1692.064
1909.978 2268.1741 1331.968
2299.426 2281.396 760.848
2492.948 2228.5081 38.72
2422.03 2102.2981 -727.936
2079.46 1908.776 -1397.792
1542.166 1659.962 -1831.4559
925.54 1371.4821 -1972.7839
356.994 1048.144 -1839.2
-87.746 706.776 -1504.272
-376.226 352.186 -1041.568
-501.234 0.0 -526.592
-471.184 -358.196 0.0
-288.48 -711.584 487.872
38.464 -1056.558 886.688
495.224 -1388.3101 1134.496
1030.114 -1698.426 1163.536
1555.3881 -1974.886 927.344
1950.8461 -2203.2661 443.344
2123.9341 -2366.738 -193.6
2048.208 -2464.1001 -861.52
1754.92 -2486.938 -1432.64
1330.614 -2442.4641 -1837.264
864.238 -2341.4961 -2050.2239
431.518 -2197.2561 -2100.5601
324.54 1706.8401 1467.488
652.686 1853.484 1502.3359
1051.75 1978.4921 1442.3199
1495.2881 2067.4399 1239.04
1921.998 2107.106 859.584
2247.74 2081.864 298.144
2378.7581 1985.704 -394.944
2251.3459 1827.04 -1111.264
1864.302 1611.8821 -1713.36
1295.756 1365.472 -2081.2
661.1 1096.224 -2158.6399
80.534 813.754 -1966.976
-371.418 521.668 -1575.9039
-663.504 221.168 -1057.056
-792.118 -75.726 -485.936
-765.674 -377.428 92.928
-584.172 -677.928 635.008
-254.824 -974.822 1091.9041
206.744 -1266.9081 1397.792
754.856 -1545.772 1488.7839
1306.574 -1806.6061 1314.5439
1745.3041 -2032.582 890.56
1977.29 -2210.478 298.144
1968.876 -2328.2739 -342.672
1748.91 -2378.7581 -909.92
1388.3101 -2359.5261 -1331.968
976.024 -2283.8 -1583.6479
580.566 -2161.196 -1682.384
461.568 1638.326 1159.6639
771.684 1769.344 1144.176
1135.89 1871.514 1033.824
1526.54 1936.422 789.888
1887.14 1948.442 385.264
2138.3582 1895.5541 -178.112
2198.458 1776.556 -847.968
2013.3501 1597.458 -1510.08
1590.246 1376.29 -2046.3519
1004.872 1133.486 -2344.4961
367.812 879.864 -2358.0481
-210.35 627.444 -2112.176
-659.898 382.236 -1676.576
-949.58 143.038 -1120.944
-1075.79 -94.958 -514.976
-1044.538 -334.156 102.608
-863.036 -578.162 687.28
-531.284 -824.572 1188.704
-64.908 -1078.194 1546.864
491.618 -1333.0181 1697.8719
1056.558 -1581.832 1593.328
1526.54 -1812.6161 1240.976
1806.6061 -2007.3401 708.576
1859.494 -2147.9741 112.288
1706.8401 -2222.498 -433.664
1412.35 -2230.9121 -861.52
1058.962 -2179.2261 -1136.432
707.978 -2078.2581 -1275.824
576.96 1531.348 871.2
863.036 1629.912 815.056
1192.384 1700.8301 675.664
1536.156 1730.88 412.368
1839.0601 1706.8401 9.68
2031.38 1620.296 -530.464
2036.188 1476.056 -1148.048
1812.6161 1288.5441 -1748.208
1369.078 1070.9821 -2216.72
783.704 847.41 -2450.9761
153.856 627.444 -2418.064
-409.882 417.094 -2137.344
-848.612 221.168 -1674.64
-1133.486 34.858 -1097.712
-1259.696 -147.846 -474.32
-1232.05 -331.752 164.56
-1056.558 -520.466 772.464
-734.422 -718.796 1299.056
-281.268 -927.944 1694.0
264.44 -1146.708 1891.472
829.38 -1375.088 1846.944
1312.584 -1592.65 1558.48
1628.7101 -1787.374 1088.032
1736.89 -1938.826 534.336
1649.144 -2032.582 9.68
1420.764 -2063.834 -420.112
1121.4661 -2036.188 -720.192
812.552 -1958.058 -898.304
665.908 1406.34 607.904
926.742 1482.066 514.976
1216.4241 1526.54 340.736
1507.308 1530.146 58.08
1748.91 1479.662 -348.48
1877.524 1371.4821 -863.456
1830.646 1209.212 -1430.704
1574.62 1012.084 -1963.104
1122.668 793.32 -2358.0481
546.91 584.172 -2530.3521
-60.1 391.852 -2452.9119
-604.606 225.976 -2147.0239
-1022.902 84.14 -1670.7679
-1293.3521 -46.878 -1091.9041
-1412.35 -169.482 -462.704
-1388.3101 -294.49 176.176
-1218.828 -426.71 787.952
-908.712 -572.152 1326.16
-473.588 -735.624 1742.4
55.292 -917.126 1974.72
609.414 -1119.062 1982.464
1097.426 -1327.0081 1761.76
1438.7941 -1522.9341 1361.0079
1591.448 -1687.608 869.264
1562.6 -1801.798 381.392
1397.926 -1857.0901 -34.848
1156.324 -1853.484 -344.608
893.086 -1803.0 -549.824
728.412 1254.8881 377.52
964.004 1299.3621 263.296
1216.4241 1312.584 75.504
1460.4301 1284.938 -211.024
1647.942 1206.808 -598.224
1726.072 1079.396 -1070.608
1641.932 911.116 -1579.776
1370.28 718.796 -2048.2881
924.338 520.466 -2379.344
373.822 340.166 -2505.1841
-203.138 182.704 -2396.7681
-717.594 60.1 -2081.2
-1114.254 -37.262 -1610.752
-1377.4921 -120.2 -1039.632
-1494.0861 -193.522 -423.984
-1472.4501 -266.844 203.28
-1314.988 -348.58 805.376
-1026.5081 -445.942 1339.712
-613.02 -566.142 1765.632
-112.988 -711.584 2025.056
420.7 -884.672 2079.2639
901.5 -1074.588 1916.64
1254.8881 -1263.302 1583.6479
1443.6021 -1431.582 1151.92
1465.238 -1555.3881 702.768
1358.26 -1628.7101 302.016
1170.748 -1650.3461 -17.424
948.378 -1622.7001 -245.872
768.078 1095.022 181.984
976.024 1115.4561 48.4
1189.98 1103.436 -154.88
1384.704 1050.548 -437.536
1521.7321 953.186 -801.504
1554.186 808.946 -1231.296
1437.592 632.252 -1680.448
1156.324 438.73 -2075.3921
726.008 253.622 -2346.4319
200.734 92.554 -2427.7439
-334.156 -24.04 -2299.968
-810.148 -104.574 -1984.4
-1180.364 -156.26 -1525.568
-1423.168 -189.916 -975.744
-1532.55 -215.158 -387.2
-1513.318 -241.602 212.96
-1367.876 -275.258 791.824
-1097.426 -325.742 1310.672
-712.786 -401.468 1730.7839
-244.006 -508.446 2001.824
258.43 -646.676 2085.072
718.796 -812.552 1974.72
1072.184 -988.044 1703.6799
1284.938 -1152.718 1333.9041
1349.8461 -1286.14 937.024
1294.5541 -1377.4921 563.376
1156.324 -1420.764 249.744
978.428 -1420.764 11.616
782.502 920.732 25.168
962.802 917.126 -116.16
1140.698 881.066 -317.504
1293.3521 810.148 -586.608
1387.108 698.362 -919.6
1383.5021 550.516 -1300.9919
1250.0801 378.63 -1688.192
974.822 204.34 -2023.12
569.748 42.07 -2243.824
87.746 -90.15 -2294.1599
-405.074 -175.492 -2158.6399
-847.41 -223.572 -1854.688
-1192.384 -240.4 -1422.96
-1419.562 -234.39 -906.048
-1524.136 -221.168 -354.288
-1509.712 -206.744 211.024
-1376.29 -200.734 760.848
-1129.88 -211.552 1254.528
-776.492 -247.612 1659.152
-343.772 -318.53 1932.1279
122.604 -426.71 2040.5439
557.728 -567.344 1974.72
903.904 -726.008 1761.76
1131.082 -883.47 1452.0
1229.646 -1021.7 1103.52
1216.4241 -1122.668 762.784
1122.668 -1185.172 460.768
982.034 -1209.212 216.832
776.492 756.058 -98.736
929.146 730.816 -245.872
1072.184 676.726 -441.408
1183.97 587.778 -691.152
1240.464 465.174 -989.296
1208.01 314.924 -1320.3521
1061.366 143.038 -1647.536
794.522 -21.636 -1922.448
417.094 -168.28 -2094.752
-16.828 -268.046 -2117.9839
-461.568 -323.338 -1982.464
-860.632 -337.762 -1695.936
-1173.152 -319.732 -1295.184
-1382.3 -281.268 -818.928
-1478.4601 -233.188 -307.824
-1466.4401 -185.108 216.832
-1345.038 -143.038 722.128
-1119.062 -118.998 1179.024
-795.724 -120.2 1562.3521
-403.872 -156.26 1821.776
20.434 -233.188 1939.8719
421.902 -348.58 1905.024
751.25 -486.81 1742.4
980.832 -631.05 1486.848
1099.8301 -765.674 1188.704
1121.4661 -873.854 882.816
1066.1741 -951.984 605.968
960.398 -995.256 369.776
750.048 597.394 -189.728
875.056 557.728 -329.12
988.044 489.214 -511.104
1068.578 393.054 -737.616
1095.022 268.046 -997.04
1043.3361 122.604 -1279.696
895.49 -33.656 -1550.736
646.676 -180.3 -1773.376
308.914 -304.106 -1905.024
-81.736 -388.246 -1912.7679
-479.598 -421.902 -1784.9919
-837.794 -412.286 -1525.568
-1121.4661 -369.014 -1167.408
-1313.786 -306.51 -739.552
-1405.1381 -231.986 -274.912
-1395.522 -156.26 201.344
-1287.342 -88.948 664.048
-1083.0021 -37.262 1082.224
-793.32 -12.02 1430.704
-442.336 -20.434 1676.576
-61.302 -69.716 1798.5439
304.106 -157.462 1790.8
613.02 -274.056 1670.7679
838.996 -405.074 1465.552
972.418 -531.284 1213.8719
1019.296 -643.07 946.704
994.054 -730.816 693.088
918.328 -792.118 468.512
709.18 455.558 -249.744
810.148 402.67 -383.328
893.086 324.54 -549.824
945.974 221.168 -749.232
948.378 94.958 -971.872
882.268 -46.878 -1208.064
733.22 -193.522 -1426.832
504.84 -324.54 -1601.072
205.542 -425.508 -1699.808
-134.624 -485.608 -1692.064
-483.204 -500.032 -1572.032
-798.128 -472.386 -1341.6479
-1049.3461 -411.084 -1024.144
-1222.4341 -326.944 -640.816
-1305.3721 -231.986 -228.448
-1296.958 -134.624 195.536
-1198.394 -43.272 609.84
-1015.69 30.05 983.488
-758.462 76.928 1293.248
-447.144 90.15 1513.952
-109.382 62.504 1632.048
216.36 -4.808 1641.728
497.628 -99.766 1552.672
713.988 -215.158 1388.1119
851.016 -332.954 1179.024
913.52 -442.336 948.64
911.116 -534.89 724.064
859.43 -607.01 522.72
656.292 329.348 -286.528
735.624 269.248 -404.624
796.926 187.512 -551.76
829.38 85.342 -722.128
814.956 -32.454 -909.92
742.836 -161.068 -1101.584
603.404 -289.682 -1277.76
396.66 -402.67 -1413.28
133.422 -488.012 -1482.976
-163.472 -537.294 -1467.488
-465.174 -540.9 -1361.0079
-739.23 -501.234 -1161.6
-961.6 -427.912 -888.624
-1116.6581 -331.752 -557.568
-1192.384 -224.774 -195.536
-1187.576 -114.19 178.112
-1101.032 -10.818 540.144
-941.166 75.726 867.328
-713.988 137.028 1142.24
-442.336 165.876 1341.6479
-146.644 156.26 1452.0
141.836 110.584 1471.36
396.66 33.656 1409.408
598.596 -64.908 1281.632
735.624 -171.886 1109.328
807.744 -276.46 913.792
822.168 -370.216 720.192
790.916 -448.346 540.144
598.596 224.774 -302.016
657.494 159.866 -408.496
700.766 76.928 -536.272
712.786 -24.04 -681.472
685.14 -139.432 -834.416
609.414 -257.228 -989.296
478.396 -369.014 -1124.816
294.49 -466.376 -1225.488
66.11 -534.89 -1270.016
-185.108 -566.142 -1246.7839
-439.932 -558.93 -1149.984
-674.322 -512.052 -979.616
-866.642 -432.72 -745.36
-1000.064 -329.348 -462.704
-1066.1741 -213.956 -152.944
-1062.568 -94.958 170.368
-988.044 16.828 482.064
-847.41 111.786 762.784
-651.484 182.704 998.976
-415.892 221.168 1171.28
-159.866 224.774 1271.952
92.554 193.522 1297.12
318.53 132.22 1254.528
501.234 50.484 1151.92
632.252 -44.474 1010.592
706.776 -143.038 849.904
732.018 -234.39 683.408
717.594 -313.722 528.528
537.294 138.23 -303.952
581.768 73.322 -394.944
608.212 -6.01 -499.488
609.414 -99.766 -619.52
575.758 -199.532 -743.424
500.032 -304.106 -865.392
381.034 -400.266 -968.0
218.764 -482.002 -1041.568
22.838 -538.496 -1068.672
-189.916 -560.132 -1041.568
-405.074 -545.708 -956.384
-603.404 -495.224 -813.12
-766.876 -414.69 -617.584
-883.47 -312.52 -381.392
-942.368 -198.33 -121.968
-942.368 -81.736 147.136
-879.864 30.05 412.368
-759.664 125.008 652.432
-591.384 199.532 853.776
-389.448 245.208 1004.784
-167.078 260.834 1095.776
51.686 242.804 1124.816
250.016 197.128 1093.84
415.892 129.816 1014.464
536.092 46.878 902.176
611.818 -43.272 768.592
643.07 -129.816 631.136
640.666 -207.946 499.488
475.992 68.514 -294.272
504.84 3.606 -371.712
518.062 -72.12 -458.832
508.446 -158.664 -557.568
471.184 -248.814 -654.368
399.064 -337.762 -747.296
290.884 -419.498 -822.8
151.452 -484.406 -873.136
-13.222 -525.274 -886.688
-191.118 -537.294 -857.648
-369.014 -516.86 -782.144
-532.486 -466.376 -660.176
-669.514 -388.246 -499.488
-768.078 -288.48 -303.952
-817.36 -177.896 -89.056
-817.36 -64.908 135.52
-764.472 44.474 356.224
-662.302 139.432 557.568
-520.466 213.956 726.0
-347.378 263.238 853.776
-159.866 282.47 931.216
27.646 274.056 958.32
199.532 237.996 937.024
343.772 180.3 875.072
453.154 108.18 784.08
524.072 27.646 677.6
560.132 -51.686 565.312
566.142 -126.21 456.896
418.296 15.626 -276.848
437.528 -44.474 -340.736
442.336 -112.988 -412.368
426.71 -186.31 -487.872
388.246 -264.44 -563.376
319.732 -340.166 -635.008
225.976 -406.276 -689.216
104.574 -457.962 -724.064
-34.858 -490.416 -727.936
-182.704 -495.224 -698.896
-330.55 -472.386 -635.008
-466.376 -423.104 -536.272
-579.364 -350.984 -404.624
-662.302 -259.632 -245.872
-705.574 -159.866 -69.696
-705.574 -55.292 114.224
-662.302 45.676 296.208
-578.162 134.624 464.64
-457.962 206.744 605.968
-311.318 257.228 712.448
-151.452 281.268 778.272
8.414 280.066 805.376
156.26 253.622 789.888
281.268 206.744 743.424
379.832 145.442 673.728
445.942 75.726 588.544
483.204 3.606 497.552
495.224 -64.908 408.496
361.802 -24.04 -257.488
372.62 -79.332 -311.696
370.216 -139.432 -367.84
350.984 -205.542 -427.856
311.318 -271.652 -484.0
251.218 -334.156 -536.272
168.28 -388.246 -574.992
66.11 -426.71 -596.288
-49.282 -448.346 -594.352
-170.684 -448.346 -567.248
-292.086 -424.306 -511.104
-403.872 -378.63 -427.856
-496.426 -312.52 -319.44
-562.536 -229.582 -191.664
-597.394 -138.23 -48.4
-597.394 -42.07 102.608
-561.334 50.484 249.744
-490.416 133.422 387.2
-390.65 200.734 501.424
-268.046 248.814 588.544
-134.624 274.056 642.752
-1.202 275.258 664.048
123.806 254.824 654.368
230.784 216.36 619.52
314.924 163.472 565.312
376.226 103.372 499.488
413.488 40.868 427.856
429.114 -21.636 356.224
313.722 -50.484 -234.256
318.53 -99.766 -278.784
311.318 -152.654 -323.312
290.884 -207.946 -367.84
253.622 -263.238 -412.368
198.33 -313.722 -449.152
126.21 -356.994 -476.256
40.868 -387.044 -489.808
-55.292 -402.67 -484.0
-156.26 -399.064 -458.832
-256.026 -375.024 -412.368
-347.378 -332.954 -344.608
-423.104 -274.056 -255.552
-477.194 -200.734 -152.944
-507.244 -121.402 -36.784
-506.042 -37.262 83.248
-475.992 44.474 203.28
-418.296 118.998 311.696
-334.156 181.502 406.56
-233.188 227.178 478.192
-121.402 252.42 522.72
-8.414 256.026 542.08
96.16 242.804 538.208
187.512 211.552 511.104
262.036 168.28 472.384
316.126 117.796 420.112
352.186 62.504 365.904
370.216 8.414 307.824
268.046 -69.716 -214.896
268.046 -112.988 -247.808
258.43 -158.664 -282.656
236.794 -205.542 -317.504
201.936 -251.218 -350.416
155.058 -292.086 -377.52
93.756 -325.742 -394.944
21.636 -348.58 -400.752
-58.898 -356.994 -393.008
-141.836 -352.186 -369.776
-222.37 -329.348 -329.12
-296.894 -290.884 -272.976
-358.196 -237.996 -201.344
-401.468 -174.29 -118.096
-423.104 -103.372 -25.168
-421.902 -30.05 71.632
-396.66 43.272 166.496
-347.378 109.382 251.68
-278.864 164.674 327.184
-195.926 204.34 383.328
-103.372 227.178 422.048
-10.818 233.188 437.536
75.726 222.37 435.6
152.654 198.33 416.24
216.36 162.27 387.2
264.44 118.998 346.544
298.096 72.12 303.952
317.328 25.242 257.488
228.38 -81.736 -191.664
225.976 -117.796 -218.768
215.158 -156.26 -245.872
193.522 -195.926 -272.976
162.27 -233.188 -296.208
120.2 -265.642 -315.568
68.514 -292.086 -327.184
8.414 -307.712 -329.12
-57.696 -313.722 -321.376
-126.21 -306.51 -300.08
-192.32 -284.874 -265.232
-252.42 -251.218 -218.768
-300.5 -205.542 -160.688
-335.358 -150.25 -94.864
-352.186 -90.15 -21.296
-350.984 -26.444 56.144
-329.348 36.06 129.712
-288.48 92.554 197.472
-231.986 141.836 257.488
-163.472 176.694 302.016
-88.948 199.532 332.992
-12.02 205.542 348.48
60.1 198.33 348.48
123.806 179.098 336.864
179.098 150.25 313.632
221.168 115.392 284.592
252.42 75.726 249.744
271.652 34.858 212.96
193.522 -86.544 -172.304
189.916 -118.998 -193.6
176.694 -151.452 -214.896
157.462 -185.108 -234.256
129.816 -213.956 -251.68
92.554 -240.4 -265.232
48.08 -260.834 -271.04
-1.202 -272.854 -271.04
-56.494 -275.258 -261.36
-111.786 -265.642 -243.936
-164.674 -246.41 -214.896
-212.754 -216.36 -176.176
-251.218 -175.492 -129.712
-277.662 -128.614 -73.568
-289.682 -75.726 -15.488
-287.278 -20.434 44.528
-269.248 32.454 102.608
-235.592 81.736 154.88
-188.714 122.604 201.344
-133.422 152.654 238.128
-73.322 171.886 261.36
-10.818 179.098 274.912
49.282 174.29 276.848
103.372 158.664 269.104
150.25 134.624 251.68
187.512 105.776 230.384
215.158 73.322 203.28
233.188 38.464 176.176
