x,y,z,Bx,By,Bz
95,152,0,-4865.6963,3012.2122,5002.624
99,152,0,-5370.5361,3688.938,6781.8081
103,152,0,-5601.3203,4485.8643,9532.8643
107,152,0,-4589.2358,5354.9102,14194.752
111,152,0,2597.522,5990.7681,20107.2949
115,152,0,12123.3721,6072.5039,15518.9756
119,152,0,14236.4883,7518.5103,9534.7998
123,152,0,14262.9326,8756.5703,776.336
127,152,0,14268.9424,9887.6523,-10173.6797
131,152,0,6136.21,9805.916,-19311.5996
135,152,0,-2247.74,8302.2139,-11898.6563
139,152,0,-3043.4641,6387.4282,-6628.8638
143,152,0,-2637.188,4419.7539,-3732.6079
147,152,0,-2181.6301,2500.1602,-1939.8719
151,152,0,-1869.11,668.312,-671.792
155,152,0,-1738.092,-1109.446,458.832
159,152,0,-1777.7581,-2911.2441,1717.2319
163,152,0,-1908.776,-4780.354,3444.144
167,152,0,-1772.9501,-6695.1401,6288.1279
171,152,0,359.398,-8469.292,11310.1123
175,152,0,10858.8682,-9539.0723,14349.6318
179,152,0,14243.7002,-8815.4678,3324.1121
183,152,0,14216.0547,-7474.0361,-3964.928
187,152,0,13226.8086,-6522.0522,-10580.2402
191,152,0,8171.1963,-6159.0483,-17123.9199
195,152,0,-1851.0801,-5851.3359,-18134.5117
199,152,0,-5880.1841,-5113.3081,-12324.5762
203,152,0,-6167.4619,-4292.3423,-8553.248
203,156,0,-5306.8301,-4764.728,-7864.0317
199,156,0,-4966.6641,-5665.0259,-11323.6641
195,156,0,-1341.432,-6483.5879,-16769.6328
191,156,0,8037.7739,-6798.5122,-16643.791
187,156,0,13327.7764,-7088.1943,-11099.0879
183,156,0,14230.4785,-7696.4062,-4737.3921
179,156,0,14252.1143,-8296.2041,5138.144
175,156,0,10569.1865,-8109.894,16603.1367
171,156,0,-929.146,-6984.8223,13188.0322
167,156,0,-3378.822,-5573.6743,7587.1841
163,156,0,-3584.364,-4056.75,4286.3042
159,156,0,-3449.74,-2510.978,2166.384
155,156,0,-3389.6401,-970.014,571.12
151,156,0,-3526.668,549.314,-871.2
147,156,0,-3875.248,2077.0562,-2458.72
143,156,0,-4383.6938,3638.4541,-4586.3838
139,156,0,-4793.5762,5191.438,-7850.48
135,156,0,-3881.2581,6673.5039,-13530.7041
131,156,0,4850.0703,7944.0181,-21524.4473
127,156,0,14261.7305,8546.2197,-12837.6162
123,156,0,14273.75,8219.2764,-704.704
119,156,0,14246.1045,7846.6562,7734.3198
115,156,0,12772.4521,7300.9482,14897.5195
111,156,0,3123.998,6786.4922,18786.9434
107,156,0,-3583.1621,6003.9902,13172.5439
103,156,0,-4668.5679,5013.542,8851.3916
99,156,0,-4568.8022,4134.8799,6303.6157
95,156,0,-4193.7783,3388.438,4644.4639
95,160,0,-3483.396,3648.0701,4212.7358
99,160,0,-3723.7961,4423.3599,5687.9678
103,160,0,-3686.5342,5341.688,7951.1519
107,160,0,-2574.6841,6366.9941,11776.6875
111,160,0,3575.95,7234.8379,16788.9922
115,160,0,12826.542,7502.8843,13195.7764
119,160,0,14243.7002,7462.0161,6342.3359
123,160,0,14267.7402,7344.2202,-2017.312
127,160,0,14254.5186,7055.7402,-14301.2314
131,160,0,4030.3062,6315.3081,-22358.8633
135,160,0,-5012.3403,5211.8721,-14446.4316
139,160,0,-6037.646,4033.9121,-8514.5283
143,160,0,-5689.0659,2815.084,-5016.1758
147,160,0,-5193.8423,1566.2061,-2662.0
151,160,0,-4851.272,332.954,-863.456
155,160,0,-4705.8301,-920.732,791.824
159,160,0,-4762.3242,-2157.5901,2600.0481
163,160,0,-4887.332,-3399.2561,4938.7358
167,160,0,-4628.9019,-4606.064,8464.1924
171,160,0,-2117.9241,-5750.3682,14291.5518
175,160,0,9640.04,-6787.6943,18308.752
179,160,0,14253.3164,-7302.1499,7052.8481
183,160,0,14242.498,-7403.1182,-2818.8159
187,160,0,13534.5205,-7353.8359,-9596.752
191,160,0,8184.418,-7329.7959,-15036.9121
195,160,0,-593.788,-6954.772,-15029.168
199,160,0,-3948.5701,-6082.1201,-10150.4482
203,160,0,-4364.4619,-5130.1362,-7052.8481
203,164,0,-3418.488,-5339.2842,-6168.0962
199,164,0,-2943.698,-6304.4902,-8832.0322
195,164,0,102.17,-7222.8184,-13098.9756
191,164,0,8030.562,-7617.0742,-13186.0957
187,164,0,13301.332,-7443.9863,-8229.9355
183,164,0,14232.8818,-7121.8501,-1657.2159
179,164,0,14241.2959,-6607.394,8086.6719
175,164,0,8926.0518,-5803.2563,19166.4004
171,164,0,-3037.4541,-4716.6479,15027.2314
167,164,0,-5645.7939,-3717.7861,8992.7197
163,164,0,-5951.1021,-2746.5701,5304.6401
159,164,0,-5853.7402,-1770.546,2793.6479
155,164,0,-5799.6499,-780.098,824.736
151,164,0,-5925.8604,193.522,-975.744
147,164,0,-6269.6323,1162.334,-2925.2959
143,164,0,-6749.23,2123.9341,-5413.0562
139,164,0,-7094.2041,3071.1101,-9023.6963
135,164,0,-6106.1602,4020.6902,-15027.2314
131,164,0,2643.198,5070.0361,-22722.832
127,164,0,14244.9023,6122.9883,-15642.8799
123,164,0,14259.3262,6873.0361,-3490.6079
119,164,0,14240.0947,7367.0581,4743.2002
115,164,0,12711.1504,7675.9722,11283.0078
111,164,0,4262.292,7464.4199,14665.2002
107,164,0,-1492.884,6604.9902,10330.4961
103,164,0,-2657.6221,5571.27,6998.6401
99,164,0,-2837.9221,4630.104,5020.0479
95,164,0,-2739.3582,3834.3801,3730.6719
95,168,0,-2014.552,3875.248,3231.1841
99,168,0,-1974.886,4651.7402,4301.792
103,168,0,-1668.376,5572.4722,5951.2642
107,168,0,-482.002,6591.7681,8744.9121
111,168,0,4695.0122,7447.5923,12403.9521
115,168,0,12349.3486,7613.4683,9194.0635
119,168,0,14219.6602,7185.5562,3066.624
123,168,0,14250.9121,6362.186,-4867.104
127,168,0,14226.8721,5213.0742,-16531.5039
131,168,0,1656.3561,3918.52,-22784.7832
135,168,0,-6881.4502,2922.062,-15242.1279
139,168,0,-7834.6362,2166.0042,-9225.04
143,168,0,-7511.2983,1468.844,-5558.2559
147,168,0,-7050.9321,763.27,-2991.1199
151,168,0,-6721.584,46.878,-966.064
155,168,0,-6590.5659,-685.14,929.28
159,168,0,-6637.4443,-1432.7841,2987.248
163,168,0,-6732.4023,-2187.6401,5566.0
167,168,0,-6454.7402,-2971.344,9321.8398
171,168,0,-4012.2761,-3859.6221,15412.4961
175,168,0,7690.396,-5045.9961,20033.7285
179,168,0,14236.4883,-6100.1499,9457.3604
183,168,0,14219.6602,-6976.4082,-5.808
187,168,0,13008.0439,-7560.5801,-6437.2002
191,168,0,8069.0264,-7782.9502,-11019.7119
195,168,0,942.368,-7335.8062,-11135.8721
199,168,0,-1902.766,-6395.8423,-7502.0
203,168,0,-2456.8879,-5421.02,-5248.4961
203,172,0,-1527.7421,-5356.1123,-4317.2798
199,172,0,-908.712,-6296.0762,-6111.9521
195,172,0,1679.194,-7238.4443,-9058.5439
191,172,0,7998.1079,-7751.6982,-8706.1924
187,172,0,12376.9941,-7472.834,-4367.6162
183,172,0,14157.1563,-6687.9282,1645.6
179,172,0,14194.418,-5544.8262,10531.8398
175,172,0,6507.6279,-4149.3042,20469.3281
171,172,0,-4838.0503,-2960.5261,15553.8242
167,172,0,-7112.2339,-2226.104,9434.1279
163,172,0,-7332.2002,-1653.952,5668.6079
159,172,0,-7215.606,-1134.688,3066.624
155,172,0,-7153.1021,-622.636,983.488
151,172,0,-7260.0801,-127.412,-940.896
147,172,0,-7565.3882,359.398,-3004.6719
143,172,0,-8020.9463,836.592,-5579.5518
139,172,0,-8383.9502,1317.392,-9192.1279
135,172,0,-7612.2661,1855.8881,-15110.4795
131,172,0,201.936,2721.3281,-22786.7207
127,172,0,14107.874,4243.0601,-17625.3437
123,172,0,14244.9023,5740.752,-6655.9678
119,172,0,14200.4287,6826.1582,828.608
115,172,0,12072.8887,7460.814,6621.1201
111,172,0,5360.9199,7337.0083,10032.3516
107,172,0,536.092,6459.5483,7170.9438
103,172,0,-709.18,5455.8779,4901.9521
99,172,0,-1139.496,4576.0142,3581.6001
95,172,0,-1310.1801,3823.562,2704.592
95,176,0,-656.292,3648.0701,2201.2319
99,176,0,-372.62,4322.3921,2859.4719
103,176,0,183.906,5125.3281,3858.448
107,176,0,1476.056,6019.6162,5562.1279
111,176,0,5768.3979,6792.502,7581.376
115,176,0,11492.3223,6788.896,4259.2002
119,176,0,13957.624,6050.8682,-1109.328
123,176,0,14205.2363,4767.1323,-8080.8638
127,176,0,13130.6484,3038.656,-18018.3516
131,176,0,-808.946,1461.6321,-22624.0957
135,176,0,-7999.3101,805.34,-14748.4482
139,176,0,-8651.9961,519.264,-9027.5684
143,176,0,-8302.2139,300.5,-5500.1758
147,176,0,-7879.1104,68.514,-2979.5039
151,176,0,-7588.2261,-192.32,-940.896
155,176,0,-7482.4502,-480.8,981.552
159,176,0,-7554.5703,-787.31,3074.3679
163,176,0,-7696.4062,-1113.052,5658.9277
167,176,0,-7567.792,-1490.48,9362.4961
171,176,0,-5614.542,-2065.0361,15375.7119
175,176,0,4883.7261,-3229.7742,20742.3047
179,176,0,13603.0342,-4775.5459,11877.3604
183,176,0,13761.6982,-6121.7861,3539.0081
187,176,0,11737.5303,-7014.8721,-2139.28
191,176,0,8019.7441,-7362.25,-6216.4961
195,176,0,2514.584,-6947.5601,-7019.936
199,176,0,78.13,-6058.0801,-4770.3042
203,176,0,-631.05,-5158.9839,-3389.936
203,180,0,186.31,-4833.2422,-2516.8
199,180,0,953.186,-5634.9761,-3477.0559
195,180,0,3166.0681,-6418.6802,-5060.7041
191,180,0,7877.9082,-6776.876,-3932.0159
187,180,0,10898.5342,-6318.9141,11.616
183,180,0,12657.0605,-5179.418,5219.4561
179,180,0,12101.7363,-3650.4741,12729.2002
175,180,0,3533.8801,-2008.542,20469.3281
171,180,0,-6148.23,-1045.74,14934.3037
167,180,0,-7798.5762,-744.038,9120.4961
163,180,0,-7838.2422,-617.828,5552.4478
159,180,0,-7668.7603,-527.678,3053.072
155,180,0,-7577.4082,-442.336,1029.952
151,180,0,-7654.3359,-361.802,-834.416
147,180,0,-7910.3623,-295.692,-2807.2
143,180,0,-8316.6377,-262.036,-5238.8159
139,180,0,-8678.4404,-265.642,-8595.8398
135,180,0,-8194.0342,-231.986,-13979.8555
131,180,0,-1908.776,163.472,-22085.8887
127,180,0,11126.9141,1611.8821,-18223.5684
123,180,0,13702.7998,3435.3162,-9449.6162
119,180,0,13173.9199,4963.0581,-3186.656
115,180,0,10943.0078,5905.4263,1864.368
111,180,0,6159.0483,6042.4541,5304.6401
107,180,0,2282.5981,5439.0503,4044.304
103,180,0,965.206,4675.7803,2855.6001
99,180,0,319.732,3981.0242,2160.5759
95,180,0,-67.312,3376.418,1694.0
95,184,0,432.72,3039.8582,1256.464
99,184,0,883.47,3527.8701,1550.736
103,184,0,1584.2361,4077.1841,1990.208
107,184,0,2867.9722,4650.5381,2756.864
111,184,0,6285.2583,5035.1782,3384.1279
115,184,0,10122.042,4676.9819,9.68
119,184,0,11759.166,3575.95,-4481.8398
123,184,0,12107.7461,1972.4821,-9935.5518
127,184,0,9320.3086,164.674,-17582.752
131,184,0,-2490.5439,-1079.396,-20800.3848
135,184,0,-8053.4004,-1170.748,-13054.4482
139,184,0,-8463.2822,-919.53,-8069.248
143,184,0,-8155.5703,-679.13,-4961.9678
147,184,0,-7815.4043,-498.83,-2694.9119
151,184,0,-7593.0342,-378.63,-822.8
155,184,0,-7523.3184,-294.49,962.192
159,184,0,-7606.2563,-217.562,2902.064
163,184,0,-7774.5361,-123.806,5273.6641
167,184,0,-7791.3643,-21.636,8622.9443
171,184,0,-6451.1343,-39.666,14097.9521
175,184,0,2103.5,-742.836,19745.2637
179,184,0,10255.4639,-2293.416,13317.7441
183,184,0,11178.6006,-4017.084,6621.1201
187,184,0,9948.9541,-5305.6279,1939.8719
191,184,0,7726.4561,-5940.2842,-1779.184
195,184,0,3757.4521,-5796.0439,-3285.3921
199,184,0,1748.91,-5126.5303,-2286.416
203,184,0,929.146,-4414.9463,-1699.808
203,188,0,1557.792,-3906.5,-977.68
199,188,0,2423.2319,-4527.9341,-1210.0
195,188,0,4182.96,-5149.3682,-1608.816
191,188,0,7224.02,-5178.2163,65.824
187,188,0,8726.5205,-4178.1519,3426.72
183,188,0,9376.8018,-2592.7141,7331.6318
179,188,0,8389.96,-747.644,12880.208
175,188,0,1194.788,699.564,18252.6074
171,188,0,-6347.7622,956.792,12984.752
167,188,0,-7500.48,639.464,8015.04
163,188,0,-7494.4702,298.096,4950.3521
159,188,0,-7352.6343,10.818,2774.2881
155,188,0,-7274.5039,-240.4,985.424
151,188,0,-7315.3721,-475.992,-679.536
147,188,0,-7487.2583,-726.008,-2425.8081
143,188,0,-7758.9102,-1042.134,-4520.5601
139,188,0,-8005.3203,-1454.42,-7335.5039
135,188,0,-7650.73,-1958.058,-11759.2637
131,188,0,-2966.5361,-2240.5281,-18786.9434
127,188,0,7452.3999,-1317.392,-16533.4395
123,188,0,10190.5566,500.032,-10111.7275
119,188,0,10220.6064,2175.6201,-5480.8159
115,188,0,9155.6338,3455.75,-1539.12
111,188,0,6193.9062,4088.002,1664.96
107,188,0,3281.46,3931.7422,1573.968
103,188,0,2049.4102,3509.8401,1186.7679
99,188,0,1327.0081,3080.7261,979.616
95,188,0,830.582,2687.6721,836.352
95,192,0,1132.2841,2272.9819,505.296
99,192,0,1650.3461,2539.8259,536.272
103,192,0,2376.354,2818.6899,563.376
107,192,0,3500.2241,3069.908,623.392
111,192,0,5784.0239,3033.8481,282.656
115,192,0,7935.604,2178.0239,-2464.5281
119,192,0,8585.8857,794.522,-5726.688
123,192,0,8317.8398,-901.5,-9472.8477
127,192,0,5910.2339,-2637.188,-14570.3359
131,192,0,-2726.136,-3119.1899,-16457.9355
135,192,0,-6940.3481,-2441.262,-10504.7363
139,192,0,-7403.1182,-1770.546,-6663.7119
143,192,0,-7293.7363,-1232.05,-4160.4639
147,192,0,-7115.8403,-800.532,-2268.9919
151,192,0,-6986.0239,-448.346,-671.792
155,192,0,-6937.9443,-127.412,871.2
159,192,0,-6980.0142,209.148,2532.2881
163,192,0,-7060.5483,604.606,4510.8799
167,192,0,-7001.6499,1092.618,7223.2158
171,192,0,-5928.2642,1655.1541,11505.6475
175,192,0,473.588,1863.1,15999.1035
179,192,0,6422.2861,500.032,11863.8076
183,192,0,7516.106,-1494.0861,7639.4561
187,192,0,7239.646,-3232.178,4661.8882
191,192,0,6561.7183,-4418.5522,2187.6799
195,192,0,4701.022,-4447.3999,174.24
199,192,0,3067.5042,-3842.7942,-189.728
203,192,0,2099.894,-3318.7222,-319.44
203,196,0,2462.8979,-2633.582,199.408
199,196,0,3506.2341,-2924.4661,629.2
195,196,0,5072.4399,-3235.7842,1750.144
191,196,0,5847.73,-3167.27,4241.7759
187,196,0,5660.2183,-2135.9541,5804.1279
183,196,0,5572.4722,-544.506,7670.4321
179,196,0,4532.7422,1252.484,10444.7197
175,196,0,264.44,2468.908,13387.4395
171,196,0,-5207.064,1994.118,10247.248
167,196,0,-6369.3979,1334.22,6532.064
163,196,0,-6536.4761,780.098,4135.2959
159,196,0,-6525.6582,314.924,2358.0481
155,196,0,-6505.2241,-94.958,863.456
151,196,0,-6532.8701,-482.002,-534.336
147,196,0,-6611.0,-872.652,-1999.8879
143,196,0,-6714.3721,-1313.786,-3720.9919
139,196,0,-6717.978,-1853.484,-5960.9438
135,196,0,-6109.7661,-2553.0481,-9337.3281
131,196,0,-2020.562,-3581.96,-14037.9355
127,196,0,4441.3901,-3529.072,-12045.792
123,196,0,6447.5283,-1946.0381,-8450.6396
119,196,0,6947.5601,-305.308,-5595.04
115,196,0,6645.8579,1076.9921,-3041.4561
111,196,0,5211.8721,2031.38,-877.008
107,196,0,3543.4961,2265.77,-222.64
103,196,0,2525.4021,2193.6501,-1.936
99,196,0,1824.636,2048.208,127.776
95,196,0,1307.776,1878.7261,199.408
95,200,0,1415.9561,1466.4401,-9.68
99,200,0,1902.766,1516.9241,-135.52
103,200,0,2542.23,1516.9241,-352.352
107,200,0,3410.074,1418.36,-735.68
111,200,0,4562.792,1069.78,-1544.928
115,200,0,5416.2119,212.754,-3198.272
119,200,0,5457.0801,-1039.73,-5112.9761
123,200,0,4840.4541,-2461.696,-7134.1602
127,200,0,3264.6321,-3809.1382,-9488.3359
131,200,0,-736.826,-3979.822,-11604.3838
135,200,0,-5143.3579,-2538.624,-8737.168
139,200,0,-6072.5039,-1781.364,-5548.5762
143,200,0,-6191.502,-1258.494,-3475.1199
147,200,0,-6154.2402,-808.946,-1899.2159
151,200,0,-6096.5439,-408.68,-557.568
155,200,0,-6059.2822,-18.03,753.104
159,200,0,-6040.0503,383.438,2148.96
163,200,0,-5984.7583,831.784,3790.688
167,200,0,-5698.6821,1389.5121,6003.5361
171,200,0,-4238.252,2298.2241,9288.9277
175,200,0,14.424,3275.45,10938.4004
179,200,0,2924.4661,2365.5361,9414.7676
183,200,0,4005.064,950.782,7846.6079
187,200,0,4514.7119,-185.108,6706.3042
191,200,0,5264.7603,-1013.286,5428.5439
195,200,0,5005.1279,-1676.79,2598.1121
199,200,0,3632.4441,-1928.0081,1192.576
203,200,0,2638.3901,-1935.2201,596.288
203,204,0,2575.886,-1284.938,803.44
199,204,0,3360.792,-1062.568,1388.1119
195,204,0,4262.292,-516.86,2497.4399
191,204,0,4354.8462,337.762,4299.856
187,204,0,3650.4741,1093.8201,5312.3838
183,204,0,2904.032,1942.432,6214.5601
179,204,0,1806.6061,2863.1641,7047.04
175,204,0,26.444,3461.76,7827.248
171,204,0,-2649.208,2834.3162,8088.6079
167,204,0,-4905.3623,1495.2881,5881.5679
163,204,0,-5455.8779,841.4,3660.9761
159,204,0,-5567.6641,391.852,2067.6479
155,204,0,-5596.5122,-24.04,755.04
151,204,0,-5626.562,-418.296,-466.576
147,204,0,-5654.208,-796.926,-1755.952
143,204,0,-5645.7939,-1203.202,-3298.9441
139,204,0,-5392.1719,-1733.2841,-5434.3521
135,204,0,-3743.0281,-2886.002,-8388.6875
131,204,0,-67.312,-4161.3242,-8802.9922
127,204,0,2220.094,-3731.0081,-7362.6079
123,204,0,3491.8101,-2656.4202,-5962.8799
119,204,0,4152.9102,-1502.5,-4617.3599
115,204,0,4380.0879,-466.376,-3285.3921
111,204,0,3956.9841,251.218,-1860.496
107,204,0,3119.1899,709.18,-1035.76
103,204,0,2417.2219,950.782,-600.16
99,204,0,1866.7061,1060.1641,-340.736
95,204,0,1429.178,1092.618,-176.176
95,208,0,1381.098,762.068,-272.976
99,208,0,1748.91,659.898,-437.536
103,208,0,2191.2461,473.588,-695.024
107,208,0,2720.126,155.058,-1099.6479
111,208,0,3301.894,-365.408,-1788.864
115,208,0,3581.96,-1097.426,-2989.1841
119,208,0,3186.502,-1843.868,-4081.0879
123,208,0,2488.1401,-2658.824,-4971.6479
127,208,0,1421.9661,-3459.356,-5765.4082
131,208,0,-58.898,-3947.3682,-6503.0239
135,208,0,-2239.3259,-3603.5959,-6878.6079
139,208,0,-4323.5942,-2226.104,-5656.9922
143,208,0,-5097.6821,-1220.03,-3542.8799
147,208,0,-5240.7202,-712.786,-1901.152
151,208,0,-5223.8921,-350.984,-586.608
155,208,0,-5163.792,26.444,658.24
159,208,0,-5092.874,460.366,2023.12
163,208,0,-4859.686,1018.094,3759.7119
167,208,0,-3684.1301,2077.0562,5649.248
171,208,0,-1801.798,2997.7881,6110.0161
175,208,0,-227.178,2985.7681,5949.3281
179,208,0,1054.1541,2515.7861,5686.0317
183,208,0,2109.51,1872.7161,5229.1357
187,208,0,2913.6479,1187.576,4696.7358
191,208,0,3740.624,710.382,3686.144
195,208,0,3572.344,74.524,2280.6079
199,208,0,2980.96,-450.75,1422.96
203,208,0,2395.5859,-760.866,900.24
203,212,0,2129.9441,-369.014,892.496
199,212,0,2543.4321,-36.06,1322.288
195,212,0,2944.9001,453.154,1974.72
191,212,0,3156.4521,1073.386,3016.2881
187,212,0,2522.998,1467.642,4286.3042
183,212,0,1507.308,1821.03,4549.6001
179,212,0,590.182,2278.9919,4737.3921
175,212,0,-492.82,2575.886,4733.52
171,212,0,-1604.67,2658.824,4536.0479
167,212,0,-2785.0339,2406.4041,4195.312
163,212,0,-3896.884,1685.204,3341.5359
159,212,0,-4365.6641,765.674,2092.8159
155,212,0,-4589.2358,-62.504,755.04
151,212,0,-4765.9302,-644.272,-623.392
147,212,0,-4701.022,-1107.042,-2166.384
143,212,0,-4124.062,-1881.13,-3620.3201
139,212,0,-3050.676,-2867.9722,-4549.6001
135,212,0,-1650.3461,-3491.8101,-4907.7598
131,212,0,-268.046,-3550.708,-4747.0718
127,212,0,801.734,-3192.512,-4439.248
123,212,0,1728.4761,-2608.3401,-4019.136
119,212,0,2464.1001,-1989.3101,-3413.168
115,212,0,2848.74,-1400.3301,-2450.9761
111,212,0,2646.804,-746.442,-1599.136
107,212,0,2283.8,-230.784,-1070.608
103,212,0,1911.1801,114.19,-722.128
99,212,0,1572.2161,340.166,-487.872
95,212,0,1277.7261,478.396,-325.248
95,216,0,1150.314,269.248,-346.544
99,216,0,1376.29,109.382,-487.872
103,216,0,1622.7001,-122.604,-685.344
107,216,0,1870.312,-451.952,-962.192
111,216,0,2086.6721,-902.702,-1353.264
115,216,0,2204.468,-1473.652,-1936.0
119,216,0,1983.3,-2039.7941,-2803.3279
123,216,0,1217.626,-2419.626,-3389.936
127,216,0,395.458,-2812.6799,-3583.5359
131,216,0,-427.912,-3085.5339,-3709.376
135,216,0,-1412.35,-3120.3921,-3744.2239
139,216,0,-2448.4741,-2884.8,-3478.9919
143,216,0,-3418.488,-2486.938,-2816.8799
147,216,0,-4044.73,-1900.3621,-1539.12
151,216,0,-3996.6501,-970.014,44.528
155,216,0,-3581.96,213.956,871.2
159,216,0,-3555.5161,961.6,1422.96
163,216,0,-3185.3,1554.186,2356.1121
167,216,0,-2408.8081,2002.532,3072.4319
171,216,0,-1532.55,2212.8821,3544.8159
175,216,0,-625.04,2245.3359,3842.96
179,216,0,258.43,2077.0562,3974.6079
183,216,0,1194.788,1864.302,4114.0
187,216,0,2280.1941,1780.162,3455.76
191,216,0,2536.22,1250.0801,2392.896
195,216,0,2397.99,686.342,1676.576
199,216,0,2141.9641,241.602,1184.832
203,216,0,1853.484,-85.342,836.352
203,220,0,1578.2261,98.564,749.232
199,220,0,1764.536,393.054,1020.272
195,220,0,1909.978,778.896,1376.496
191,220,0,1962.8661,1256.09,1850.816
187,220,0,1827.04,1770.546,2497.4399
183,220,0,1256.09,2083.0659,3329.9199
179,220,0,168.28,1911.1801,3542.8799
175,220,0,-665.908,1890.7461,3163.4241
171,220,0,-1388.3101,1866.7061,2830.4319
167,220,0,-2069.844,1668.376,2423.8721
163,220,0,-2652.814,1290.948,1850.816
159,220,0,-2995.384,810.148,1109.328
155,220,0,-2930.4761,379.832,398.816
151,220,0,-2705.7021,-120.2,336.864
147,220,0,-2904.032,-1346.24,156.816
143,220,0,-2830.71,-2494.1501,-983.488
139,220,0,-2133.55,-3073.5142,-2030.864
135,220,0,-1334.22,-3304.2981,-2549.7119
131,220,0,-609.414,-3255.0161,-2712.3359
127,220,0,18.03,-2905.2341,-2749.1199
123,220,0,830.582,-2482.1301,-2631.0239
119,220,0,1447.208,-2000.1281,-2048.2881
115,220,0,1620.296,-1450.8141,-1510.08
111,220,0,1601.0641,-976.024,-1124.816
107,220,0,1491.682,-594.99,-842.16
103,220,0,1340.23,-296.894,-625.328
99,220,0,1174.354,-73.322,-462.704
95,220,0,1009.68,97.362,-340.736
95,224,0,870.248,-13.222,-325.248
99,224,0,988.044,-167.078,-422.048
103,224,0,1096.224,-367.812,-549.824
107,224,0,1179.162,-622.636,-712.448
111,224,0,1211.616,-936.358,-915.728
115,224,0,1157.526,-1306.574,-1165.472
119,224,0,949.58,-1714.052,-1463.616
123,224,0,449.548,-2079.46,-1730.7839
127,224,0,-397.862,-2292.2141,-1513.952
131,224,0,-840.198,-2542.23,-665.984
135,224,0,-991.65,-2367.9399,-425.92
139,224,0,-1419.562,-1595.0541,-300.08
143,224,0,-1733.2841,-677.928,-325.248
147,224,0,-1989.3101,-145.442,-565.312
151,224,0,-2329.4761,50.484,-443.344
155,224,0,-2560.26,348.58,71.632
159,224,0,-2543.4321,751.25,745.36
163,224,0,-2271.78,1105.84,1368.752
167,224,0,-1840.2621,1336.624,1906.96
171,224,0,-1300.564,1474.854,2435.488
175,224,0,-534.89,1729.678,2964.0159
179,224,0,409.882,2068.6421,2865.28
183,224,0,1038.5281,1955.6541,2313.52
187,224,0,1361.866,1590.246,1825.6479
191,224,0,1495.2881,1182.7681,1436.512
195,224,0,1504.9041,805.34,1117.072
199,224,0,1435.188,482.002,855.712
203,224,0,1318.594,219.966,646.624
203,228,0,1096.224,278.864,551.76
199,228,0,1159.9301,498.83,708.576
195,228,0,1180.364,760.866,892.496
191,228,0,1133.486,1056.558,1109.328
187,228,0,1000.064,1364.27,1353.264
183,228,0,751.25,1652.75,1626.24
179,228,0,364.206,1864.302,1922.448
175,228,0,-197.128,1887.14,2210.9121
171,228,0,-929.146,1574.62,2270.928
167,228,0,-1589.0441,1109.446,1802.416
163,228,0,-1983.3,763.27,1107.392
159,228,0,-2157.5901,454.356,454.96
155,228,0,-2157.5901,87.746,-102.608
151,228,0,-2025.37,-256.026,-605.968
147,228,0,-1772.9501,-539.698,-1041.568
143,228,0,-1395.522,-727.21,-1337.776
139,228,0,-903.904,-847.41,-1353.264
135,228,0,-542.102,-956.792,-906.048
131,228,0,-623.838,-1206.808,-828.608
127,228,0,-280.066,-1572.2161,-1182.896
123,228,0,256.026,-1616.6901,-1215.808
119,228,0,620.232,-1421.9661,-1074.48
115,228,0,818.562,-1151.516,-900.24
111,228,0,902.702,-877.46,-735.68
107,228,0,914.722,-631.05,-594.352
103,228,0,879.864,-418.296,-472.384
99,228,0,817.36,-244.006,-373.648
95,228,0,739.23,-102.17,-292.336
95,232,0,620.232,-145.442,-265.232
99,232,0,670.716,-266.844,-329.12
103,232,0,704.372,-413.488,-402.688
107,232,0,710.382,-584.172,-489.808
111,232,0,674.322,-775.29,-588.544
115,232,0,582.97,-974.822,-696.96
119,232,0,417.094,-1159.9301,-805.376
123,232,0,169.482,-1288.5441,-892.496
127,232,0,-133.422,-1301.766,-935.088
131,232,0,-379.832,-1210.4141,-933.152
135,232,0,-556.526,-1177.96,-973.808
139,232,0,-861.834,-1198.394,-1016.4
143,232,0,-1218.828,-1086.608,-888.624
147,232,0,-1500.0961,-855.824,-631.136
151,232,0,-1690.0121,-549.314,-311.696
155,232,0,-1784.9701,-174.29,121.968
159,232,0,-1746.506,258.43,594.352
163,232,0,-1544.5701,757.26,1089.968
167,232,0,-1127.4761,1215.222,1403.6
171,232,0,-635.858,1501.298,1496.528
175,232,0,-169.482,1586.64,1444.256
179,232,0,219.966,1522.9341,1322.288
183,232,0,516.86,1365.472,1173.2159
187,232,0,728.412,1157.526,1012.528
191,232,0,858.228,930.348,855.712
195,232,0,920.732,703.17,706.64
199,232,0,929.146,492.82,573.056
203,232,0,899.096,308.914,454.96
203,236,0,739.23,306.51,375.584
199,236,0,745.24,455.558,460.768
195,236,0,718.796,620.232,555.632
191,236,0,651.484,792.118,658.24
187,236,0,533.688,960.398,760.848
183,236,0,358.196,1107.042,857.648
179,236,0,125.008,1211.616,938.96
175,236,0,-163.472,1250.0801,991.232
171,236,0,-490.416,1194.788,993.168
167,236,0,-820.966,1020.498,929.28
163,236,0,-1105.84,730.816,784.08
159,236,0,-1289.746,364.206,563.376
155,236,0,-1359.462,-12.02,305.888
151,236,0,-1325.806,-361.802,42.592
147,236,0,-1205.6061,-647.878,-201.344
143,236,0,-1014.488,-872.652,-410.432
139,236,0,-776.492,-1012.084,-559.504
135,236,0,-537.294,-1069.78,-642.752
131,236,0,-323.338,-1093.8201,-677.6
127,236,0,-111.786,-1101.032,-679.536
123,236,0,99.766,-1062.568,-654.368
119,236,0,281.268,-970.014,-602.096
115,236,0,417.094,-840.198,-536.272
111,236,0,503.638,-694.756,-466.576
107,236,0,548.112,-549.314,-396.88
103,236,0,560.132,-412.286,-334.928
99,236,0,546.91,-290.884,-276.848
95,236,0,519.264,-186.31,-228.448
95,240,0,427.912,-194.724,-203.28
99,240,0,443.538,-281.268,-238.128
103,240,0,443.538,-379.832,-280.72
107,240,0,421.902,-486.81,-325.248
111,240,0,375.024,-596.192,-373.648
115,240,0,296.894,-703.17,-418.176
119,240,0,185.108,-796.926,-458.832
123,240,0,43.272,-863.036,-487.872
127,240,0,-123.806,-894.288,-497.552
131,240,0,-301.702,-888.278,-485.936
135,240,0,-486.81,-845.006,-443.344
139,240,0,-673.12,-757.26,-365.904
143,240,0,-840.198,-615.424,-251.68
147,240,0,-971.216,-419.498,-104.544
151,240,0,-1042.134,-183.906,60.016
155,240,0,-1046.942,78.13,230.384
159,240,0,-978.428,347.378,393.008
163,240,0,-835.39,594.99,530.464
167,240,0,-631.05,796.926,629.2
171,240,0,-397.862,923.136,683.408
175,240,0,-159.866,974.822,696.96
179,240,0,57.696,959.196,675.664
183,240,0,241.602,894.288,629.2
187,240,0,385.842,792.118,569.184
191,240,0,490.416,671.918,501.424
195,240,0,556.526,540.9,431.728
199,240,0,591.384,412.286,362.032
203,240,0,598.596,292.086,298.144
203,244,0,490.416,263.238,238.128
199,244,0,474.79,360.6,286.528
195,244,0,438.73,460.366,334.928
191,244,0,376.226,558.93,383.328
187,244,0,287.278,647.878,427.856
183,244,0,169.482,718.796,466.576
179,244,0,25.242,759.664,491.744
175,244,0,-139.432,764.472,499.488
171,244,0,-312.52,719.998,485.936
167,244,0,-482.002,623.838,445.28
163,244,0,-628.646,479.598,381.392
159,244,0,-735.624,296.894,292.336
155,244,0,-793.32,94.958,187.792
151,244,0,-799.33,-109.382,73.568
147,244,0,-756.058,-299.298,-38.72
143,244,0,-668.312,-460.366,-143.264
139,244,0,-549.314,-585.374,-232.32
135,244,0,-409.882,-669.514,-298.144
131,244,0,-266.844,-715.19,-338.8
127,244,0,-125.008,-728.412,-358.16
123,244,0,6.01,-709.18,-360.096
119,244,0,120.2,-664.706,-346.544
115,244,0,212.754,-599.798,-323.312
111,244,0,281.268,-520.466,-292.336
107,244,0,326.944,-437.528,-261.36
103,244,0,353.388,-354.59,-230.384
99,244,0,360.6,-274.056,-199.408
95,244,0,355.792,-201.936,-170.368
95,248,0,292.086,-193.522,-149.072
99,248,0,290.884,-253.622,-170.368
103,248,0,278.864,-316.126,-193.6
107,248,0,252.42,-381.034,-216.832
111,248,0,210.35,-443.538,-238.128
115,248,0,151.452,-501.234,-257.488
119,248,0,73.322,-546.91,-271.04
123,248,0,-19.232,-575.758,-276.848
127,248,0,-123.806,-582.97,-271.04
131,248,0,-234.39,-564.94,-251.68
135,248,0,-346.176,-518.062,-220.704
139,248,0,-450.75,-442.336,-170.368
143,248,0,-538.496,-337.762,-108.416
147,248,0,-599.798,-209.148,-34.848
151,248,0,-628.646,-63.706,44.528
155,248,0,-620.232,90.15,123.904
159,248,0,-574.556,239.198,199.408
163,248,0,-491.618,373.822,263.296
167,248,0,-382.236,483.204,311.696
171,248,0,-257.228,557.728,342.672
175,248,0,-125.008,597.394,358.16
179,248,0,0.0,601.0,356.224
183,248,0,114.19,576.96,342.672
187,248,0,210.35,528.88,319.44
191,248,0,286.076,463.972,288.464
195,248,0,341.368,389.448,255.552
199,248,0,378.63,311.318,218.768
203,248,0,396.66,233.188,183.92
203,248,4,364.206,191.118,199.408
199,248,4,343.772,258.43,236.192
195,248,4,308.914,325.742,272.976
191,248,4,256.026,389.448,307.824
187,248,4,185.108,443.538,336.864
183,248,4,96.16,483.204,358.16
179,248,4,-6.01,501.234,367.84
175,248,4,-118.998,495.224,365.904
171,248,4,-234.39,457.962,346.544
167,248,4,-343.772,391.852,309.76
163,248,4,-436.326,298.096,257.488
159,248,4,-504.84,182.704,189.728
155,248,4,-543.304,56.494,114.224
151,248,4,-549.314,-74.524,34.848
147,248,4,-524.072,-198.33,-46.464
143,248,4,-471.184,-307.712,-120.032
139,248,4,-395.458,-396.66,-180.048
135,248,4,-305.308,-460.366,-228.448
131,248,4,-206.744,-501.234,-263.296
127,248,4,-109.382,-518.062,-282.656
123,248,4,-15.626,-513.254,-288.464
119,248,4,68.514,-489.214,-284.592
115,248,4,138.23,-449.548,-271.04
111,248,4,194.724,-400.266,-251.68
107,248,4,234.39,-344.974,-230.384
103,248,4,259.632,-286.076,-207.152
99,248,4,272.854,-229.582,-181.984
95,248,4,275.258,-175.492,-158.752
95,244,4,332.954,-179.098,-180.048
99,244,4,336.56,-245.208,-211.024
103,244,4,326.944,-314.924,-243.936
107,244,4,300.5,-388.246,-276.848
111,244,4,257.228,-459.164,-309.76
115,244,4,193.522,-525.274,-338.8
119,244,4,108.18,-580.566,-362.032
123,244,4,3.606,-617.828,-375.584
127,244,4,-114.19,-629.848,-371.712
131,244,4,-239.198,-615.424,-354.288
135,244,4,-364.206,-573.354,-315.568
139,244,4,-483.204,-500.032,-255.552
143,244,4,-585.374,-396.66,-176.176
147,244,4,-661.1,-264.44,-77.44
151,244,4,-701.968,-114.19,30.976
155,244,4,-699.564,49.282,143.264
159,244,4,-653.888,212.754,253.616
163,244,4,-564.94,363.004,348.48
167,244,4,-441.134,486.81,423.984
171,244,4,-295.692,572.152,474.32
175,244,4,-143.038,617.828,497.552
179,244,4,3.606,621.434,495.616
183,244,4,133.422,593.788,474.32
187,244,4,242.804,538.496,441.408
191,244,4,326.944,466.376,398.816
195,244,4,387.044,384.64,350.416
199,244,4,424.306,298.096,300.08
203,244,4,439.932,213.956,251.68
203,240,4,534.89,231.986,311.696
199,240,4,522.87,335.358,375.584
195,240,4,486.81,444.74,445.28
191,240,4,420.7,551.718,514.976
187,240,4,323.338,649.08,578.864
183,240,4,189.916,726.008,633.072
179,240,4,25.242,770.482,669.856
175,240,4,-163.472,771.684,679.536
171,240,4,-365.408,718.796,652.432
167,240,4,-558.93,609.414,588.544
163,240,4,-722.402,448.346,482.064
159,240,4,-834.188,250.016,344.608
155,240,4,-888.278,38.464,185.856
151,240,4,-883.47,-171.886,25.168
147,240,4,-822.168,-360.6,-125.84
143,240,4,-716.392,-516.86,-257.488
139,240,4,-579.364,-635.858,-360.096
135,240,4,-426.71,-715.19,-433.664
131,240,4,-269.248,-757.26,-476.256
127,240,4,-114.19,-769.28,-493.68
123,240,4,33.656,-746.442,-489.808
119,240,4,161.068,-694.756,-468.512
115,240,4,263.238,-620.232,-431.728
111,240,4,336.56,-530.082,-387.2
107,240,4,383.438,-436.326,-340.736
103,240,4,406.276,-342.57,-294.272
99,240,4,409.882,-256.026,-249.744
95,240,4,399.064,-176.694,-209.088
95,236,4,480.8,-164.674,-238.128
99,236,4,503.638,-257.228,-288.464
103,236,4,510.85,-361.802,-346.544
107,236,4,494.022,-477.194,-412.368
111,236,4,447.144,-598.596,-480.128
115,236,4,363.004,-716.392,-547.888
119,236,4,237.996,-819.764,-607.904
123,236,4,75.726,-890.682,-646.624
127,236,4,-110.584,-919.53,-660.176
131,236,4,-302.904,-903.904,-646.624
135,236,4,-494.022,-857.026,-607.904
139,236,4,-689.948,-774.088,-536.272
143,236,4,-875.056,-644.272,-418.176
147,236,4,-1024.104,-462.77,-249.744
151,236,4,-1116.6581,-244.006,-44.528
155,236,4,-1139.496,3.606,185.856
159,236,4,-1081.8,264.44,422.048
163,236,4,-941.166,514.456,640.816
167,236,4,-724.806,729.614,807.312
171,236,4,-463.972,875.056,904.112
175,236,4,-192.32,944.772,935.088
179,236,4,56.494,938.762,909.92
183,236,4,268.046,875.056,846.032
187,236,4,432.72,769.28,760.848
191,236,4,548.112,640.666,665.984
195,236,4,617.828,503.638,569.184
199,236,4,651.484,367.812,474.32
203,236,4,653.888,241.602,387.2
203,232,4,788.512,234.39,466.576
199,232,4,801.734,385.842,582.736
195,232,4,777.694,552.92,710.512
191,232,4,706.776,730.816,849.904
187,232,4,574.556,900.298,993.168
183,232,4,375.024,1039.73,1126.752
179,232,4,105.776,1125.072,1231.296
175,232,4,-222.37,1129.88,1285.504
171,232,4,-584.172,1036.124,1246.7839
167,232,4,-927.944,845.006,1091.9041
163,232,4,-1200.798,582.97,830.544
159,232,4,-1364.27,287.278,505.296
155,232,4,-1415.9561,-14.424,166.496
151,232,4,-1369.078,-296.894,-145.2
147,232,4,-1239.262,-548.112,-410.432
143,232,4,-1040.932,-753.654,-615.648
139,232,4,-799.33,-901.5,-739.552
135,232,4,-563.738,-995.256,-793.76
131,232,4,-349.782,-1063.77,-828.608
127,232,4,-116.594,-1099.8301,-861.52
123,232,4,129.816,-1070.9821,-851.84
119,232,4,341.368,-972.418,-793.76
115,232,4,494.022,-829.38,-702.768
111,232,4,585.374,-669.514,-604.032
107,232,4,627.444,-512.052,-507.232
103,232,4,631.05,-366.61,-416.24
99,232,4,609.414,-239.198,-338.8
95,232,4,569.748,-132.22,-272.976
95,228,4,675.524,-86.544,-302.016
99,228,4,740.432,-206.744,-385.264
103,228,4,786.108,-353.388,-484.0
107,228,4,804.138,-528.88,-605.968
111,228,4,775.29,-727.21,-743.424
115,228,4,680.332,-938.762,-896.368
119,228,4,496.426,-1137.092,-1039.632
123,228,4,213.956,-1286.14,-1132.5599
127,228,4,-132.22,-1337.826,-1117.072
131,228,4,-436.326,-1287.342,-1008.656
135,228,4,-683.938,-1168.344,-940.896
139,228,4,-968.812,-990.448,-906.048
143,228,4,-1265.7061,-764.472,-789.888
147,228,4,-1508.51,-506.042,-569.184
151,228,4,-1669.578,-228.38,-259.424
155,228,4,-1734.4861,66.11,121.968
159,228,4,-1681.598,365.408,551.76
163,228,4,-1498.894,649.08,987.36
167,228,4,-1180.364,908.712,1372.624
171,228,4,-759.664,1123.87,1637.856
175,228,4,-289.682,1265.7061,1736.592
179,228,4,152.654,1290.948,1672.704
183,228,4,510.85,1197.192,1512.016
187,228,4,763.27,1022.902,1304.864
191,228,4,915.924,810.148,1095.776
195,228,4,985.64,587.778,894.432
199,228,4,991.65,381.034,716.32
203,228,4,953.186,200.734,561.44
203,224,4,1134.688,137.028,654.368
199,224,4,1208.01,343.772,855.712
195,224,4,1228.444,590.182,1097.712
191,224,4,1168.344,860.632,1380.368
187,224,4,990.448,1123.87,1690.1281
183,224,4,661.1,1324.604,1988.272
179,224,4,183.906,1401.532,2189.616
175,224,4,-379.832,1352.25,2195.4241
171,224,4,-931.55,1221.2321,1999.8879
167,224,4,-1405.1381,1032.5181,1663.024
163,224,4,-1770.546,782.502,1231.296
159,224,4,-1994.118,474.79,743.424
155,224,4,-2056.6221,133.422,255.552
151,224,4,-1985.704,-221.168,-162.624
147,224,4,-1825.838,-591.384,-497.552
143,224,4,-1583.0341,-995.256,-789.888
139,224,4,-1245.272,-1370.28,-1037.696
135,224,4,-867.844,-1637.124,-1213.8719
131,224,4,-507.244,-1742.9,-1372.624
127,224,4,-97.362,-1698.426,-1527.504
123,224,4,355.792,-1551.782,-1537.184
119,224,4,715.19,-1320.998,-1376.496
115,224,4,923.136,-1045.74,-1151.92
111,224,4,1008.478,-770.482,-927.344
107,224,4,1009.68,-524.072,-733.744
103,224,4,959.196,-312.52,-571.12
99,224,4,881.066,-140.634,-439.472
95,224,4,786.108,-6.01,-334.928
95,220,4,909.914,102.17,-352.352
99,220,4,1044.538,-37.262,-476.256
103,220,4,1171.9501,-223.572,-640.816
107,220,4,1271.7161,-462.77,-853.776
111,220,4,1313.786,-758.462,-1122.88
115,220,4,1252.484,-1098.6281,-1452.0
119,220,4,1026.5081,-1444.8041,-1808.224
123,220,4,603.404,-1748.91,-2092.8159
127,220,4,60.1,-1984.5021,-2199.2959
131,220,4,-492.82,-2110.7122,-2154.7681
135,220,4,-1058.962,-2060.228,-1999.8879
139,220,4,-1617.8921,-1815.02,-1690.1281
143,220,4,-2079.46,-1402.734,-1204.192
147,220,4,-2349.9102,-866.642,-635.008
151,220,4,-2453.282,-324.54,-118.096
155,220,4,-2470.1101,144.24,387.2
159,220,4,-2370.344,544.506,962.192
163,220,4,-2092.6821,895.49,1541.056
167,220,4,-1641.932,1174.354,2040.5439
171,220,4,-1085.406,1353.452,2410.3201
175,220,4,-460.366,1436.39,2648.448
179,220,4,192.32,1444.8041,2718.144
183,220,4,805.34,1366.6741,2557.4561
187,220,4,1256.09,1161.1321,2181.8721
191,220,4,1480.864,860.632,1746.272
195,220,4,1530.146,539.698,1347.4559
199,220,4,1467.642,254.824,1018.336
203,220,4,1343.8361,20.434,755.04
203,216,4,1562.6,-147.846,838.288
199,216,4,1745.3041,99.766,1165.472
195,216,4,1863.1,417.094,1599.136
191,216,4,1830.646,778.896,2139.28
187,216,4,1538.5601,1109.446,2706.5281
183,216,4,973.62,1343.8361,3109.2161
179,216,4,278.864,1504.9041,3250.5439
175,216,4,-460.366,1584.2361,3194.3999
171,216,4,-1202.0,1538.5601,2964.0159
167,216,4,-1894.3521,1341.432,2559.3921
163,216,4,-2459.292,997.66,1972.7839
159,216,4,-2807.8721,557.728,1270.016
155,216,4,-2968.9399,46.878,557.568
151,216,4,-3026.636,-521.668,-193.6
147,216,4,-2926.8701,-1089.012,-1049.312
143,216,4,-2561.4622,-1592.65,-1879.856
139,216,4,-1955.6541,-1990.5121,-2507.1199
135,216,4,-1211.616,-2234.5181,-2871.0879
131,216,4,-444.74,-2275.386,-2987.248
127,216,4,266.844,-2123.9341,-2925.2959
123,216,4,902.702,-1842.666,-2700.72
119,216,4,1388.3101,-1489.2781,-2303.8401
115,216,4,1634.72,-1091.416,-1808.224
111,216,4,1662.3661,-697.16,-1351.328
107,216,4,1561.3981,-350.984,-991.232
103,216,4,1397.926,-81.736,-714.384
99,216,4,1214.02,115.392,-511.104
95,216,4,1031.316,252.42,-360.096
95,212,4,1144.3041,442.336,-342.672
99,212,4,1382.3,318.53,-509.168
103,212,4,1638.326,128.614,-747.296
107,212,4,1888.342,-145.442,-1084.16
111,212,4,2074.6521,-516.86,-1554.608
115,212,4,2090.2781,-965.206,-2160.5759
119,212,4,1823.4341,-1433.9861,-2801.3921
123,212,4,1284.938,-1875.12,-3327.9839
127,212,4,532.486,-2233.3162,-3697.76
131,212,4,-384.64,-2405.2021,-3873.936
135,212,4,-1414.754,-2305.436,-3775.2
139,212,4,-2376.354,-1934.0181,-3300.8799
143,212,4,-3085.5339,-1430.38,-2493.5679
147,212,4,-3488.2041,-929.146,-1486.848
151,212,4,-3608.4041,-462.77,-449.152
155,212,4,-3539.8901,18.03,549.824
159,212,4,-3337.9541,512.052,1515.8879
163,212,4,-2929.2742,994.054,2445.168
167,212,4,-2228.5081,1421.9661,3215.696
171,212,4,-1346.24,1674.386,3686.144
175,212,4,-421.902,1706.8401,3893.2959
179,212,4,454.356,1550.5801,3879.7439
183,212,4,1222.4341,1275.322,3662.9119
187,212,4,1854.686,950.782,3229.248
191,212,4,2216.488,586.576,2561.3279
195,212,4,2242.9321,198.33,1866.304
199,212,4,2055.4199,-143.038,1310.672
203,212,4,1786.172,-394.256,900.24
203,208,4,1989.3101,-726.008,907.984
199,208,4,2355.9199,-496.426,1391.984
195,208,4,2634.7839,-150.25,2081.2
191,208,4,2633.582,276.46,2931.104
187,208,4,2254.9521,717.594,3699.696
183,208,4,1610.6801,1170.748,4265.0078
179,208,4,750.048,1573.418,4640.5918
175,208,4,-325.742,1803.0,4781.9199
171,208,4,-1533.7521,1730.88,4584.4478
167,208,4,-2654.0161,1348.644,3926.208
163,208,4,-3435.3162,855.824,2874.96
159,208,4,-3834.3801,391.852,1728.848
155,208,4,-4011.074,-32.454,625.328
151,208,4,-4048.3362,-425.508,-458.832
147,208,4,-3944.9641,-812.552,-1577.84
143,208,4,-3616.8181,-1252.484,-2772.3521
139,208,4,-2920.8601,-1777.7581,-3932.0159
135,208,4,-1759.728,-2281.396,-4754.8159
131,208,4,-370.216,-2496.554,-4946.48
127,208,4,848.612,-2313.8501,-4636.7202
123,208,4,1763.334,-1859.494,-4052.0481
119,208,4,2345.1021,-1301.766,-3324.1121
115,208,4,2601.1279,-738.028,-2512.928
111,208,4,2522.998,-227.178,-1738.528
107,208,4,2227.3062,159.866,-1149.984
103,208,4,1871.514,426.71,-749.232
99,208,4,1534.954,592.586,-478.192
95,208,4,1235.656,686.342,-294.272
95,204,4,1289.746,968.812,-199.408
99,204,4,1650.3461,920.732,-377.52
103,204,4,2074.6521,801.734,-654.368
107,204,4,2554.25,578.162,-1095.776
111,204,4,2998.99,205.542,-1784.9919
115,204,4,3208.1379,-331.752,-2735.5679
119,204,4,3019.4241,-1007.276,-3794.5601
123,204,4,2389.5759,-1716.4561,-4828.3838
127,204,4,1253.686,-2280.1941,-5717.0078
131,204,4,-407.478,-2440.0601,-6158.416
135,204,4,-2226.104,-2101.0959,-5682.1602
139,204,4,-3497.8201,-1568.61,-4410.208
143,204,4,-4122.8599,-1103.436,-3006.6079
147,204,4,-4389.7041,-707.978,-1715.296
151,204,4,-4467.834,-361.802,-534.336
155,204,4,-4429.3701,-25.242,619.52
159,204,4,-4274.312,324.54,1821.776
163,204,4,-3922.126,704.372,3118.896
167,204,4,-3179.29,1149.1121,4477.9678
171,204,4,-1873.9181,1599.8621,5558.2559
175,204,4,-259.632,1757.324,5910.6079
179,204,4,1145.506,1468.844,5618.272
183,204,4,2133.55,920.732,5002.624
187,204,4,2776.6201,329.348,4228.2241
191,204,4,3125.2,-206.744,3293.136
195,204,4,3061.4941,-667.11,2241.8879
199,204,4,2644.4001,-986.842,1395.856
203,204,4,2147.9741,-1156.324,840.224
203,200,4,2208.074,-1676.79,648.56
199,200,4,2824.7,-1628.7101,1215.808
195,200,4,3418.488,-1432.7841,2164.448
191,200,4,3639.656,-1025.306,3434.4639
187,200,4,3404.064,-427.912,4605.7441
183,200,4,2824.7,313.722,5686.0317
179,200,4,1705.6381,1051.75,6681.1357
175,200,4,-149.048,1477.2581,7165.1357
171,200,4,-2233.3162,1360.6641,6493.3437
167,200,4,-3643.262,978.428,4979.3921
163,200,4,-4344.0283,588.98,3397.6799
159,200,4,-4656.5479,239.198,1994.08
155,200,4,-4789.9702,-90.15,718.256
151,200,4,-4821.2222,-413.488,-509.168
147,200,4,-4761.1221,-732.018,-1775.312
143,200,4,-4543.5601,-1074.588,-3184.72
139,200,4,-3994.2461,-1465.238,-4781.9199
135,200,4,-2746.5701,-1917.1901,-6454.624
131,200,4,-561.334,-2269.376,-7422.624
127,200,4,1681.598,-2120.3281,-6963.792
123,200,4,3138.4221,-1464.036,-5686.0317
119,200,4,3821.158,-610.616,-4241.7759
115,200,4,3895.6821,177.896,-2849.792
111,200,4,3485.8,768.078,-1694.0
107,200,4,2842.73,1113.052,-929.28
103,200,4,2221.2961,1271.7161,-480.128
99,200,4,1706.8401,1317.392,-212.96
95,200,4,1292.15,1296.958,-52.272
95,196,4,1229.646,1634.72,160.688
99,196,4,1687.608,1726.072,52.272
103,196,4,2283.8,1768.1421,-152.944
107,196,4,3061.4941,1703.234,-549.824
111,196,4,3965.3982,1420.764,-1357.136
115,196,4,4656.5479,832.986,-2756.864
119,196,4,4749.1021,-9.616,-4553.4722
123,196,4,4050.74,-955.59,-6491.4082
127,196,4,2238.124,-1735.688,-8241.5518
131,196,4,-655.09,-1966.472,-8698.4482
135,196,4,-3160.0581,-1717.6581,-7281.2959
139,196,4,-4432.9761,-1346.24,-5294.96
143,196,4,-4957.0479,-988.044,-3523.52
147,196,4,-5149.3682,-664.706,-1990.208
151,196,4,-5191.438,-375.024,-619.52
155,196,4,-5149.3682,-102.17,718.256
159,196,4,-5018.3501,173.088,2125.728
163,196,4,-4721.4561,459.164,3682.272
167,196,4,-4039.9221,760.866,5478.8799
171,196,4,-2533.8162,1006.074,7352.9277
175,196,4,34.858,964.004,8324.7998
179,196,4,2436.4541,377.428,7558.144
183,196,4,3714.1802,-543.304,6028.7041
187,196,4,4172.1421,-1441.198,4499.2642
191,196,4,4150.5059,-2072.248,3055.0081
195,196,4,3651.676,-2341.4961,1713.36
199,196,4,2861.9622,-2346.304,807.312
203,196,4,2138.3582,-2233.3162,309.76
203,192,4,1936.422,-2768.2061,-166.496
199,192,4,2711.7122,-3014.616,145.2
195,192,4,3697.3521,-3148.0381,828.608
191,192,4,4596.4482,-2955.718,2135.408
187,192,4,4997.916,-2313.8501,3910.72
183,192,4,4725.062,-1348.644,6007.4082
179,192,4,3327.136,-330.55,8183.4722
175,192,4,413.488,393.054,9345.0723
171,192,4,-2637.188,593.788,8214.4482
167,192,4,-4312.7759,477.194,6050.0
163,192,4,-5021.9561,260.834,4038.4961
159,192,4,-5311.6382,31.252,2330.9441
155,192,4,-5429.4341,-194.724,818.928
151,192,4,-5472.7061,-418.296,-629.2
147,192,4,-5449.8682,-647.878,-2129.6001
143,192,4,-5291.2041,-897.894,-3827.4719
139,192,4,-4797.1821,-1174.354,-5821.5518
135,192,4,-3485.8,-1436.39,-8119.584
131,192,4,-659.898,-1524.136,-9923.9355
127,192,4,2857.1541,-1146.708,-9447.6797
123,192,4,5036.3799,-250.016,-7190.3042
119,192,4,5738.3481,762.068,-4710.2881
115,192,4,5441.4541,1626.306,-2489.696
111,192,4,4411.3398,2179.2261,-842.16
107,192,4,3193.7141,2373.95,-30.976
103,192,4,2252.5481,2328.2739,271.04
99,192,4,1584.2361,2179.2261,391.072
95,192,4,1098.6281,1994.118,435.6
95,188,4,889.48,2327.072,772.464
99,188,4,1388.3101,2586.7041,836.352
103,188,4,2115.52,2825.9021,857.648
107,188,4,3217.7542,2979.7581,718.256
111,188,4,4758.7183,2911.2441,-19.36
115,188,4,6177.0781,2476.1201,-1862.432
119,188,4,6745.624,1687.608,-4505.0718
123,188,4,6125.3921,692.352,-7544.5918
127,188,4,3691.342,-281.268,-10371.1523
131,188,4,-390.65,-869.046,-11060.3682
135,188,4,-3626.4341,-974.822,-9021.7598
139,188,4,-5072.4399,-847.41,-6427.52
143,188,4,-5584.4922,-664.706,-4222.416
147,188,4,-5726.3281,-492.82,-2373.5359
151,188,4,-5725.126,-348.58,-755.04
155,188,4,-5665.0259,-227.178,811.184
159,188,4,-5540.0181,-112.988,2462.592
163,188,4,-5243.124,-4.808,4332.7681
167,188,4,-4481.0562,73.322,6566.9121
171,188,4,-2613.1479,19.232,8983.04
175,188,4,903.904,-384.64,10220.1436
179,188,4,4303.1602,-1206.808,8671.3438
183,188,4,5808.064,-2234.5181,5852.5278
187,188,4,5865.7603,-3145.634,3188.592
191,188,4,5033.9761,-3708.1702,1062.864
195,188,4,3673.312,-3823.562,-224.576
199,188,4,2456.8879,-3606.0,-664.048
203,188,4,1616.6901,-3258.6221,-758.912
203,184,4,1216.4241,-3675.7161,-1424.896
199,184,4,2110.7122,-4098.8203,-1564.288
195,184,4,3553.1121,-4400.522,-1378.432
191,184,4,5333.2739,-4387.3003,-168.432
187,184,4,6598.98,-3932.9441,2174.1279
183,184,4,6818.9463,-3104.7661,5293.0239
179,184,4,5315.2441,-2107.106,8702.3203
175,184,4,1584.2361,-1211.616,10725.4404
171,184,4,-2363.1321,-655.09,9573.5195
167,184,4,-4472.6421,-424.306,7000.5762
163,184,4,-5317.6479,-349.782,4613.4878
159,184,4,-5639.7842,-334.156,2621.344
155,184,4,-5768.3979,-336.56,873.136
151,184,4,-5834.5083,-349.782,-786.016
147,184,4,-5850.1343,-372.62,-2512.928
143,184,4,-5729.9341,-407.478,-4497.3281
139,184,4,-5205.8623,-435.124,-6905.7119
135,184,4,-3624.03,-385.842,-9749.6963
131,184,4,-9.616,-100.968,-11923.8242
127,184,4,4574.812,653.888,-10965.5039
123,184,4,7212.0,1685.204,-7575.5679
119,184,4,7726.4561,2681.6621,-4015.2639
115,184,4,6835.7739,3406.468,-1014.464
111,184,4,4994.3101,3720.1902,944.768
107,184,4,3121.594,3646.8682,1564.288
103,184,4,1876.322,3357.186,1517.824
99,184,4,1104.6381,3001.394,1343.584
95,184,4,599.798,2640.7939,1165.472
95,180,4,235.592,2913.6479,1603.0079
99,180,4,716.392,3336.752,1928.256
103,180,4,1514.52,3780.29,2307.7119
107,180,4,2887.2041,4174.5459,2611.6641
111,180,4,5066.4302,4369.27,2222.5281
115,180,4,7369.4619,4196.1821,245.872
119,180,4,8643.582,3598.7881,-3056.9441
123,180,4,8350.2939,2692.48,-7118.6719
127,180,4,5651.8042,1668.376,-11124.2559
131,180,4,649.08,811.35,-12522.0479
135,180,4,-3399.2561,334.156,-10344.0479
139,180,4,-5178.2163,112.988,-7345.1841
143,180,4,-5762.3882,-12.02,-4793.5361
147,180,4,-5887.396,-120.2,-2692.9761
151,180,4,-5857.3462,-237.996,-892.496
155,180,4,-5770.8022,-377.428,842.16
159,180,4,-5618.1479,-536.092,2673.616
163,180,4,-5259.9521,-718.796,4758.688
167,180,4,-4316.3818,-972.418,7260.0
171,180,4,-1979.6941,-1384.704,9908.4482
175,180,4,2359.5261,-2098.6921,10930.6563
179,180,4,6335.7422,-3036.252,8440.96
183,180,4,7776.9399,-3958.186,4505.0718
187,180,4,7257.6763,-4663.7603,985.424
191,180,4,5573.6743,-4996.7139,-1519.76
195,180,4,3380.0242,-4913.7759,-2632.96
199,180,4,1700.8301,-4531.54,-2567.136
203,180,4,735.624,-4033.9121,-2178.0
203,176,4,194.724,-4294.7461,-2973.696
199,176,4,1200.798,-4854.8779,-3630.0
195,176,4,3079.5242,-5314.042,-3993.968
191,176,4,5655.4102,-5488.332,-3037.584
187,176,4,7768.5264,-5257.5483,-443.344
183,176,4,8624.3506,-4649.3359,3345.408
179,176,4,7359.8462,-3798.3201,7742.064
175,176,4,3249.0061,-2865.5681,10752.5439
171,176,4,-1397.926,-2077.0562,10005.248
167,176,4,-3971.408,-1528.944,7374.2241
163,176,4,-5025.562,-1122.668,4830.3198
159,176,4,-5423.4243,-786.108,2702.656
155,176,4,-5591.7041,-478.396,846.032
151,176,4,-5684.2583,-187.512,-913.792
147,176,4,-5723.9243,94.958,-2766.5439
143,176,4,-5603.7241,381.034,-4932.9277
139,176,4,-4978.6841,685.14,-7581.376
135,176,4,-3051.8782,1074.588,-10677.04
131,176,4,1322.2001,1694.8201,-12808.5762
127,176,4,6656.6763,2615.552,-11025.5195
123,176,4,9398.4385,3631.2422,-6468.1758
119,176,4,9454.9326,4464.228,-1963.104
115,176,4,7784.1523,4952.2402,1608.816
111,176,4,5045.9961,5008.7339,3591.28
107,176,4,2556.6541,4682.9922,3753.9041
103,176,4,1064.972,4174.5459,3178.9119
99,176,4,256.026,3640.8582,2576.8159
95,176,4,-200.734,3137.22,2088.9441
95,172,4,-691.15,3280.2581,2584.5601
99,172,4,-287.278,3822.3601,3246.6719
103,172,4,508.446,4411.3398,4088.832
107,172,4,2093.884,4983.4922,4994.8799
111,172,4,4882.5239,5380.1519,5153.6318
115,172,4,8084.6523,5419.8179,3266.032
119,172,4,10170.1221,5048.3999,-472.384
123,172,4,10409.3203,4359.6543,-5358.8481
127,172,4,7784.1523,3471.376,-10462.1436
131,172,4,2221.2961,2578.29,-12744.6875
135,172,4,-2488.1401,1858.292,-10775.7764
139,172,4,-4588.0342,1311.3821,-7658.8159
143,172,4,-5273.1743,838.996,-4983.2642
147,172,4,-5407.7983,378.63,-2799.4561
151,172,4,-5358.5161,-76.928,-940.896
155,172,4,-5250.3359,-548.112,818.928
159,172,4,-5065.228,-1033.72,2673.616
163,172,4,-4625.2959,-1542.166,4795.4722
167,172,4,-3497.8201,-2104.7021,7331.6318
171,172,4,-771.684,-2770.6101,9902.6396
175,172,4,4090.406,-3596.384,10415.6797
179,172,4,8266.1543,-4442.5923,6973.4722
183,172,4,9374.3984,-5167.3979,2178.0
187,172,4,8225.2861,-5653.0059,-1897.28
191,172,4,5727.5303,-5812.8721,-4594.1279
195,172,4,2762.196,-5580.8862,-5420.7998
199,172,4,661.1,-5076.0459,-4764.4961
203,172,4,-407.478,-4471.4399,-3823.6001
203,168,4,-1043.3361,-4532.7422,-4669.6318
199,168,4,57.696,-5161.3882,-5887.376
195,168,4,2348.708,-5691.4702,-6843.7598
191,168,4,5667.4302,-5963.1221,-6175.8398
187,168,4,8535.4023,-5895.8101,-3409.2959
183,168,4,9985.0146,-5534.0083,873.136
179,168,4,9090.7266,-4948.6343,5966.752
175,168,4,4973.876,-4198.5859,9772.9277
171,168,4,-36.06,-3377.6201,9546.416
167,168,4,-2894.416,-2633.582,7091.5679
163,168,4,-4083.1941,-1938.826,4613.4878
159,168,4,-4543.5601,-1271.7161,2543.9041
155,168,4,-4743.0923,-609.414,739.552
151,168,4,-4856.0801,44.474,-977.68
147,168,4,-4913.7759,686.342,-2795.584
143,168,4,-4781.5562,1328.2101,-4946.48
139,168,4,-4073.5781,1977.29,-7604.6079
135,168,4,-1887.14,2660.0261,-10678.9756
131,168,4,2990.5762,3446.134,-12508.4961
127,168,4,8668.8242,4285.1299,-9877.4717
123,168,4,11212.2559,5027.9663,-4344.3838
119,168,4,10724.2441,5549.6343,859.584
115,168,4,8298.6084,5775.6099,4797.4082
111,168,4,4687.8003,5649.3999,6679.2002
107,168,4,1597.458,5192.6401,6259.0879
103,168,4,-90.15,4568.8022,5045.2158
99,168,4,-877.46,3932.9441,3953.312
95,168,4,-1232.05,3341.5601,3107.28
95,164,4,-1796.99,3309.106,3602.896
99,164,4,-1513.318,3902.894,4625.104
103,164,4,-757.26,4554.3779,5959.0078
107,164,4,997.66,5203.458,7480.7041
111,164,4,4357.25,5707.0962,8195.0879
115,164,4,8369.5264,5910.2339,6404.2881
119,164,4,11152.1563,5811.6699,2350.304
123,164,4,11911.8203,5479.918,-3035.6479
127,164,4,9589.5566,4945.0283,-8853.3281
131,164,4,3929.3381,4237.0503,-11848.3203
135,164,4,-1062.568,3441.3262,-10260.7998
139,164,4,-3328.3381,2628.7742,-7281.2959
143,164,4,-4055.5481,1811.4141,-4700.6079
147,164,4,-4192.5762,968.812,-2627.1521
151,164,4,-4127.668,127.412,-904.112
155,164,4,-4002.6602,-717.594,716.32
159,164,4,-3801.926,-1567.4081,2425.8081
163,164,4,-3352.3782,-2406.4041,4388.9121
167,164,4,-2172.0142,-3240.592,6743.0879
171,164,4,700.766,-4056.75,9050.7998
175,164,4,5679.4502,-4834.4438,9066.2881
179,164,4,9726.584,-5427.0303,5018.1118
183,164,4,10468.2178,-5809.2661,-307.824
187,164,4,8801.0439,-5999.1821,-4770.3042
191,164,4,5637.3799,-5983.5562,-7654.9438
195,164,4,1970.078,-5674.6421,-8251.2324
199,164,4,-551.718,-5130.1362,-7031.5518
203,164,4,-1710.446,-4487.0659,-5529.2158
203,160,4,-2382.364,-4328.4019,-6336.5278
199,160,4,-1205.6061,-4971.4722,-8084.7358
195,160,4,1479.662,-5531.604,-9554.1602
191,160,4,5453.4741,-5891.002,-9041.1201
187,160,4,8833.498,-6056.8779,-6098.3999
183,160,4,10705.0117,-6076.1104,-1579.776
179,160,4,10200.1719,-5922.2539,3841.0239
175,160,4,6373.0039,-5478.7163,8061.5039
171,160,4,1512.116,-4734.6782,8255.1035
167,160,4,-1305.3721,-3825.9661,6135.1841
163,160,4,-2474.918,-2825.9021,3920.3999
159,160,4,-2919.658,-1788.576,2098.624
155,160,4,-3113.1802,-733.22,542.08
151,160,4,-3238.188,314.924,-933.152
147,160,4,-3311.51,1360.6641,-2512.928
143,160,4,-3203.3301,2413.616,-4431.5039
139,160,4,-2512.1799,3430.5081,-6868.9277
135,160,4,-300.5,4392.1079,-9703.2324
131,160,4,4620.4883,5213.0742,-11116.5117
127,160,4,10138.8701,5782.8223,-7922.1118
123,160,4,12313.2881,6061.686,-1936.0
119,160,4,11385.3438,6116.978,3616.448
115,160,4,8387.5566,6000.3843,7804.0161
111,160,4,4039.9221,5690.2681,9621.9199
107,160,4,419.498,5145.7622,8696.5117
103,160,4,-1423.168,4472.6421,6880.5439
99,160,4,-2152.782,3804.3301,5310.4478
95,160,4,-2369.1421,3197.3201,4112.064
95,156,4,-2942.4961,2973.748,4547.6641
99,156,4,-2810.2761,3559.1221,5889.312
103,156,4,-2137.156,4216.6162,7664.624
107,156,4,-262.036,4895.7461,9741.9521
111,156,4,3542.2939,5485.9282,10895.8076
115,156,4,8099.0762,5953.5063,9159.2158
119,156,4,11298.7998,6352.5703,4989.0718
123,156,4,12445.5078,6617.0103,-499.488
127,156,4,10643.71,6629.0303,-6427.52
131,156,4,5494.3423,6196.3101,-9767.1201
135,156,4,765.674,5321.2539,-8611.3281
139,156,4,-1365.472,4191.374,-6024.832
143,156,4,-2025.37,2954.5161,-3825.5359
147,156,4,-2133.55,1675.588,-2129.6001
151,156,4,-2074.6521,399.064,-774.4
155,156,4,-1961.6641,-846.208,468.512
159,156,4,-1780.162,-2095.0859,1794.672
163,156,4,-1372.6841,-3331.9441,3360.896
167,156,4,-304.106,-4525.5303,5306.5762
171,156,4,2329.4761,-5566.4619,7180.624
175,156,4,6889.8643,-6302.0859,6814.7197
179,156,4,10398.502,-6540.082,2571.0081
183,156,4,10690.5879,-6375.4082,-2751.0559
187,156,4,8744.5498,-6070.1001,-7225.1519
191,156,4,5237.1143,-5727.5303,-10239.5039
195,156,4,1032.5181,-5287.5981,-10760.2881
199,156,4,-1851.0801,-4701.022,-9087.584
203,156,4,-3069.908,-4057.9521,-7099.312
203,152,4,-3734.614,-3697.3521,-7747.8721
199,152,4,-2539.8259,-4350.0381,-9916.1924
195,152,4,420.7,-5008.7339,-11730.2236
191,152,4,4769.5361,-5637.3799,-11222.9922
187,152,4,8329.8604,-6263.6221,-8198.96
183,152,4,10344.4121,-6847.7939,-3928.144
179,152,4,10346.8164,-7254.0703,1000.912
175,152,4,7403.1182,-7191.5659,5078.1279
171,152,4,3304.2981,-6437.9121,5662.7998
167,152,4,911.116,-5211.8721,4135.2959
163,152,4,-73.322,-3789.906,2536.1599
159,152,4,-461.568,-2322.2642,1273.8879
155,152,4,-647.878,-863.036,234.256
151,152,4,-771.684,586.576,-743.424
147,152,4,-830.582,2067.4399,-1823.712
143,152,4,-740.432,3590.374,-3215.696
139,152,4,-140.634,5077.248,-5064.5762
135,152,4,1794.5861,6427.0942,-7269.6802
131,152,4,6113.3721,7395.9062,-8131.2002
127,152,4,10773.5264,7697.6079,-4762.5601
123,152,4,12213.5225,7356.2402,933.152
119,152,4,10886.5146,6660.2822,6168.0962
115,152,4,7677.1743,5897.0122,10150.4482
111,152,4,3047.0701,5237.1143,11914.1436
107,152,4,-920.732,4561.5898,10657.6797
103,152,4,-2835.5181,3862.0261,8371.2637
99,152,4,-3458.1541,3211.7441,6417.8398
95,152,4,-3509.8401,2644.4001,4932.9277
95,152,8,-2422.03,2295.8201,4578.6401
99,152,8,-2099.894,2750.176,5658.9277
103,152,8,-1289.746,3262.228,6866.9922
107,152,8,289.682,3824.7642,7922.1118
111,152,8,2662.4299,4399.3203,8179.6001
115,152,8,5257.5483,4955.8462,7062.5278
119,152,8,7213.2021,5457.0801,4663.8242
123,152,8,7960.8462,5806.8623,1539.12
127,152,8,7187.96,5876.5781,-1556.5439
131,152,8,5139.752,5558.0483,-3525.4561
135,152,8,2913.6479,4853.6763,-3860.384
139,152,8,1390.714,3872.844,-3178.9119
143,152,8,594.99,2757.3879,-2241.8879
147,152,8,252.42,1587.842,-1359.072
151,152,8,162.27,418.296,-590.48
155,152,8,241.602,-730.816,118.096
159,152,8,501.234,-1870.312,824.736
163,152,8,1013.286,-2976.1521,1546.864
167,152,8,1967.6741,-4026.7002,2205.104
171,152,8,3524.2642,-4914.978,2421.936
175,152,8,5435.4443,-5506.3623,1519.76
179,152,8,6762.4521,-5715.5103,-735.68
183,152,8,6781.6841,-5585.6943,-3606.7681
187,152,8,5524.3921,-5231.104,-6233.9199
191,152,8,3378.822,-4755.1123,-7980.1919
195,152,8,937.56,-4219.02,-8456.4482
199,152,8,-1031.316,-3676.918,-7792.3999
203,152,8,-2194.8521,-3152.8459,-6624.9922
203,156,8,-1686.406,-3436.5181,-6026.7681
199,156,8,-525.274,-3929.3381,-7048.9761
195,156,8,1384.704,-4390.9062,-7579.4399
191,156,8,3738.22,-4780.354,-7006.3838
187,156,8,5792.438,-5076.0459,-5165.248
183,156,8,6909.0962,-5245.5283,-2421.936
179,156,8,6668.6963,-5234.71,571.12
175,156,8,5037.582,-4959.4521,2855.6001
171,156,8,2827.104,-4390.9062,3628.064
167,156,8,1056.558,-3598.7881,3165.3599
163,156,8,-14.424,-2670.844,2212.8479
159,156,8,-581.768,-1677.9921,1194.512
155,156,8,-864.238,-663.504,205.216
151,156,8,-965.206,360.6,-776.336
147,156,8,-890.682,1394.3201,-1817.9039
143,156,8,-536.092,2429.2419,-2981.4399
139,156,8,314.924,3402.8621,-4210.7998
135,156,8,1997.724,4267.1001,-5165.248
131,156,8,4497.8843,4914.978,-5023.9199
127,156,8,6900.6821,5282.79,-3095.6641
123,156,8,7999.3101,5359.7183,112.288
119,156,8,7471.6323,5216.6802,3418.9761
115,156,8,5657.814,4923.3921,5982.2397
111,156,8,3162.4622,4531.54,7240.6401
107,156,8,842.602,4060.356,7138.0317
103,156,8,-736.826,3548.304,6245.5361
99,156,8,-1595.0541,3041.0601,5176.8638
95,156,8,-1980.896,2572.28,4203.0562
95,160,8,-1530.146,2745.3682,3784.8799
99,160,8,-1107.042,3208.1379,4628.9761
103,160,8,-241.602,3696.1501,5542.7681
107,160,8,1286.14,4170.9399,6270.7041
111,160,8,3485.8,4562.792,6251.3437
115,160,8,5852.5381,4826.0303,4927.1201
119,160,8,7534.1362,4933.0083,2332.8799
123,160,8,7909.1602,4878.918,-983.488
127,160,8,6615.8081,4632.5083,-4170.144
131,160,8,4006.2661,4180.5562,-5999.6641
135,160,8,1313.786,3538.688,-5968.688
139,160,8,-478.396,2775.418,-4809.0239
143,160,8,-1396.724,1943.634,-3372.512
147,160,8,-1780.162,1072.184,-2003.76
151,160,8,-1865.504,195.926,-766.656
155,160,8,-1771.748,-679.13,404.624
159,160,8,-1483.2681,-1543.368,1587.52
163,160,8,-885.874,-2385.97,2805.2639
167,160,8,260.834,-3192.512,3957.1841
171,160,8,2162.3979,-3906.5,4605.7441
175,160,8,4585.6299,-4485.8643,3966.864
179,160,8,6453.5381,-4854.8779,1724.976
183,160,8,6898.2783,-5009.936,-1299.056
187,160,8,5936.6782,-4994.3101,-4094.6399
191,160,8,4024.2961,-4834.4438,-5978.3682
195,160,8,1787.374,-4536.3481,-6638.5439
199,160,8,-37.262,-4124.062,-6243.6001
203,160,8,-1179.162,-3657.686,-5372.3999
203,164,8,-699.564,-3774.28,-4661.8882
199,164,8,385.842,-4222.626,-5368.5278
195,164,8,2085.47,-4594.0439,-5633.7598
191,164,8,4144.4961,-4827.2319,-4921.312
187,164,8,5897.0122,-4884.9282,-3047.2639
183,164,8,6709.564,-4755.1123,-298.144
179,164,8,6115.7759,-4460.6221,2662.0
175,164,8,4097.6182,-3999.054,4807.0879
171,164,8,1548.176,-3405.2661,5308.5122
167,164,8,-451.952,-2738.156,4491.52
163,164,8,-1652.75,-2034.9861,3169.2319
159,164,8,-2281.396,-1311.3821,1784.9919
155,164,8,-2589.1082,-584.172,441.408
151,164,8,-2693.6821,143.038,-886.688
147,164,8,-2604.7341,865.44,-2270.928
143,164,8,-2216.488,1587.842,-3782.9441
139,164,8,-1275.322,2293.416,-5372.3999
135,164,8,546.91,2977.354,-6700.4961
131,164,8,3307.9041,3606.0,-6917.3281
127,164,8,6078.5142,4130.0723,-5236.8799
123,164,8,7576.2061,4509.9043,-2135.408
119,164,8,7415.1382,4714.2441,1153.856
115,164,8,5946.2939,4738.2842,3765.52
111,164,8,3783.896,4574.812,5171.0562
107,164,8,1722.4661,4244.2622,5341.4238
103,164,8,256.026,3804.3301,4795.4722
99,164,8,-615.424,3330.7419,4042.3679
95,164,8,-1080.598,2870.376,3327.9839
95,168,8,-647.878,2884.8,2859.4719
99,168,8,-167.078,3315.116,3428.656
103,168,8,680.332,3755.0481,4011.3921
107,168,8,2054.218,4150.5059,4383.104
111,168,8,3944.9641,4420.9561,4092.7039
115,168,8,5898.2139,4491.874,2671.6799
119,168,8,7172.334,4344.0283,152.944
123,168,8,7183.1523,3996.6501,-2987.248
127,168,8,5582.0879,3497.8201,-5904.7998
131,168,8,2764.6001,2912.446,-7399.3921
135,168,8,-14.424,2307.8401,-7045.104
139,168,8,-1845.0701,1726.072,-5610.5278
143,168,8,-2793.448,1150.314,-3926.208
147,168,8,-3196.1182,569.748,-2313.52
151,168,8,-3289.874,-8.414,-836.352
155,168,8,-3192.512,-592.586,592.416
159,168,8,-2888.406,-1181.566,2036.672
163,168,8,-2258.5581,-1772.9501,3519.6479
167,168,8,-1060.1641,-2370.344,4958.0962
171,168,8,945.974,-2973.748,5904.7998
175,168,8,3545.9001,-3574.748,5560.1919
179,168,8,5666.228,-4097.6182,3575.792
183,168,8,6419.8823,-4494.2783,743.424
187,168,8,5796.0439,-4726.2642,-1936.0
191,168,8,4250.272,-4758.7183,-3794.5601
195,168,8,2381.1621,-4586.832,-4584.4478
199,168,8,808.946,-4246.666,-4472.1602
203,168,8,-228.38,-3816.3501,-3933.9519
203,172,8,207.946,-3755.0481,-3194.3999
199,172,8,1164.738,-4149.3042,-3554.4961
195,172,8,2581.896,-4451.0059,-3523.52
191,172,8,4238.252,-4579.6201,-2675.552
187,172,8,5562.856,-4479.854,-865.392
183,172,8,6006.394,-4154.1123,1668.832
179,172,8,5134.9443,-3661.292,4305.6641
175,172,8,2966.5361,-3068.7061,6080.9761
171,172,8,382.236,-2462.8979,6251.3437
167,172,8,-1599.8621,-1907.574,5180.7358
163,172,8,-2787.438,-1408.744,3655.168
159,172,8,-3407.6702,-943.57,2100.5601
155,172,8,-3705.7661,-495.224,598.224
151,172,8,-3800.7241,-56.494,-886.688
147,172,8,-3702.1602,375.024,-2421.936
143,172,8,-3310.3081,810.148,-4084.96
139,172,8,-2396.7881,1259.696,-5823.4878
135,172,8,-625.04,1757.324,-7349.0562
131,172,8,2071.0461,2330.678,-7879.52
127,172,8,4872.9082,2953.314,-6638.5439
123,172,8,6585.7583,3541.092,-3970.7361
119,172,8,6778.0781,3990.6401,-995.104
115,172,8,5757.5801,4228.6362,1467.488
111,172,8,4065.1641,4227.4341,2946.592
107,172,8,2367.9399,4008.6702,3399.616
103,172,8,1086.608,3657.686,3213.76
99,172,8,264.44,3253.814,2805.2639
95,172,8,-236.794,2841.5281,2373.5359
95,176,8,133.422,2708.106,1908.896
99,176,8,635.858,3063.8979,2205.104
103,176,8,1419.562,3408.8721,2456.7839
107,176,8,2587.906,3693.7461,2481.9519
111,176,8,4091.6082,3829.572,1930.192
115,176,8,5549.6343,3743.0281,466.576
119,176,8,6342.9541,3408.8721,-1852.752
123,176,8,5999.1821,2887.2041,-4582.5122
127,176,8,4255.0801,2260.9622,-6977.3437
131,176,8,1526.54,1655.1541,-8005.3599
135,176,8,-1060.1641,1152.718,-7366.48
139,176,8,-2753.782,759.664,-5800.2559
143,176,8,-3634.8481,438.73,-4050.1121
147,176,8,-4021.8921,135.826,-2379.344
151,176,8,-4121.6582,-157.462,-832.48
155,176,8,-4036.3162,-460.366,667.92
159,176,8,-3753.8459,-780.098,2201.2319
163,176,8,-3162.4622,-1126.274,3784.8799
167,176,8,-2036.188,-1526.54,5360.7842
171,176,8,-144.24,-2004.936,6532.064
175,176,8,2353.5161,-2577.0881,6559.168
179,176,8,4533.9438,-3187.7041,5033.6001
183,176,8,5529.2002,-3732.21,2619.408
187,176,8,5293.6079,-4125.2642,230.384
191,176,8,4208.2021,-4295.9482,-1542.9919
195,176,8,2780.2261,-4233.4438,-2468.3999
199,176,8,1512.116,-3978.6201,-2656.1919
203,176,8,616.626,-3618.02,-2462.592
203,180,8,971.216,-3387.2361,-1771.4399
199,180,8,1782.566,-3693.7461,-1802.416
195,180,8,2884.8,-3890.874,-1479.104
191,180,8,4074.78,-3898.0862,-513.04
187,180,8,4916.1802,-3655.282,1171.28
183,180,8,4967.8662,-3182.896,3357.0239
179,180,8,3895.6821,-2581.896,5486.624
175,180,8,1770.546,-1965.27,6746.96
171,180,8,-607.01,-1448.41,6561.104
167,180,8,-2379.96,-1067.376,5339.4878
163,180,8,-3434.114,-792.118,3761.6479
159,180,8,-3985.832,-574.556,2185.7439
155,180,8,-4247.8682,-389.448,671.792
151,180,8,-4322.3921,-219.966,-811.184
147,180,8,-4223.8281,-58.898,-2327.072
143,180,8,-3860.824,110.584,-3970.7361
139,180,8,-3038.656,308.914,-5697.6479
135,180,8,-1471.248,578.162,-7269.6802
131,180,8,942.368,998.862,-8018.9121
127,180,8,3535.082,1584.2361,-7258.064
123,180,8,5285.1943,2245.3359,-5196.2241
119,180,8,5778.0142,2840.3262,-2745.248
115,180,8,5225.0942,3252.6121,-578.864
111,180,8,4033.9121,3420.8921,894.432
107,180,8,2738.156,3355.9841,1572.032
103,180,8,1688.8101,3136.0181,1715.296
99,180,8,953.186,2845.134,1622.368
95,180,8,453.154,2533.8162,1452.0
95,184,8,722.402,2288.6082,1053.184
99,184,8,1205.6061,2525.4021,1119.0079
103,184,8,1887.14,2733.3481,1095.776
107,184,8,2817.488,2859.5581,842.16
111,184,8,3914.9141,2827.104,110.352
115,184,8,4856.0801,2579.4919,-1295.184
119,184,8,5202.2559,2114.3181,-3267.968
123,184,8,4614.478,1507.308,-5434.3521
127,184,8,2924.4661,877.46,-7198.0479
131,184,8,508.446,371.418,-7769.168
135,184,8,-1714.052,57.696,-6973.4722
139,184,8,-3172.0781,-96.16,-5451.7759
143,184,8,-3944.9641,-169.482,-3802.304
147,184,8,-4294.7461,-215.158,-2226.3999
151,184,8,-4395.7139,-260.834,-758.912
155,184,8,-4330.8062,-316.126,675.664
159,184,8,-4090.406,-389.448,2147.0239
163,184,8,-3584.364,-494.022,3674.5281
167,184,8,-2619.158,-656.292,5221.3921
171,184,8,-988.044,-936.358,6475.9199
175,184,8,1214.02,-1381.098,6808.9121
179,184,8,3246.6021,-1967.6741,5827.3599
183,184,8,4372.876,-2584.3,3997.8401
187,184,8,4507.5,-3102.3621,2046.3519
191,184,8,3916.116,-3411.2761,458.832
195,184,8,2960.5261,-3477.386,-547.888
199,184,8,2019.36,-3343.9641,-1000.912
203,184,8,1286.14,-3096.3521,-1122.88
203,188,8,1525.338,-2740.5601,-555.632
199,188,8,2170.812,-2924.4661,-303.952
195,188,8,2938.8901,-2990.5762,243.936
191,188,8,3654.0801,-2853.5481,1242.912
187,188,8,4012.2761,-2480.928,2667.8081
183,188,8,3739.4221,-1919.594,4338.5762
179,188,8,2627.572,-1298.16,5854.4639
175,188,8,751.25,-766.876,6607.5679
171,188,8,-1245.272,-429.114,6197.1357
167,188,8,-2724.9341,-269.248,4985.2002
163,188,8,-3606.0,-223.572,3515.7759
159,188,8,-4071.1741,-234.39,2071.52
155,188,8,-4289.938,-274.056,687.28
151,188,8,-4342.8262,-324.54,-677.6
147,188,8,-4239.4541,-379.832,-2063.7759
143,188,8,-3908.9041,-433.922,-3546.752
139,188,8,-3202.1282,-462.77,-5095.5518
135,188,8,-1885.938,-424.306,-6537.8721
131,188,8,116.594,-242.804,-7347.1201
127,188,8,2315.052,183.906,-6961.856
123,188,8,3916.116,788.512,-5511.792
119,188,8,4567.6001,1431.582,-3662.9119
115,188,8,4402.9263,1961.6641,-1926.3199
111,188,8,3690.1401,2293.416,-613.712
107,188,8,2795.8521,2407.606,152.944
103,188,8,1995.3201,2359.5261,511.104
99,188,8,1379.896,2217.6899,646.624
95,188,8,920.732,2030.178,677.6
95,192,8,1066.1741,1728.4761,379.456
99,192,8,1494.0861,1837.858,286.528
103,192,8,2040.9961,1894.3521,81.312
107,192,8,2708.106,1861.8981,-327.184
111,192,8,3406.468,1675.588,-1080.288
115,192,8,3906.5,1298.16,-2259.312
119,192,8,3932.9441,760.866,-3750.032
123,192,8,3274.248,146.644,-5293.0239
127,192,8,1831.848,-390.65,-6475.9199
131,192,8,-115.392,-717.594,-6756.6401
135,192,8,-1907.574,-795.724,-6011.2798
139,192,8,-3114.3821,-727.21,-4712.2241
143,192,8,-3787.502,-602.202,-3298.9441
147,192,8,-4114.4463,-456.76,-1930.192
151,192,8,-4223.8281,-319.732,-638.88
155,192,8,-4176.9502,-193.522,631.136
159,192,8,-3971.408,-80.534,1934.064
163,192,8,-3542.2939,14.424,3279.584
167,192,8,-2740.5601,67.312,4642.5278
171,192,8,-1418.36,14.424,5786.7041
175,192,8,359.398,-231.986,6249.4082
179,192,8,2043.4,-694.756,5726.688
183,192,8,3110.7761,-1288.5441,4547.6641
187,192,8,3501.426,-1858.292,3178.9119
191,192,8,3361.9941,-2262.1641,1934.064
195,192,8,2883.5981,-2449.676,958.32
199,192,8,2276.5881,-2450.8779,315.568
203,192,8,1711.6481,-2337.8901,-54.208
203,196,8,1804.202,-1901.5641,332.992
199,196,8,2283.8,-1926.806,778.272
195,196,8,2739.3582,-1845.0701,1461.6799
191,196,8,3011.01,-1603.468,2379.344
187,196,8,2965.334,-1187.576,3426.72
183,196,8,2504.968,-651.484,4491.52
179,196,8,1531.348,-123.806,5374.3359
175,196,8,80.534,248.814,5724.752
171,196,8,-1456.824,385.842,5287.2158
167,196,8,-2635.9861,337.762,4270.8159
163,196,8,-3372.812,198.33,3045.3279
159,196,8,-3779.0881,22.838,1819.84
155,196,8,-3970.2061,-167.078,629.2
151,196,8,-4006.2661,-361.802,-540.144
147,196,8,-3893.2781,-556.526,-1730.7839
143,196,8,-3577.1521,-754.856,-2983.376
139,196,8,-2948.5061,-945.974,-4261.1357
135,196,8,-1854.686,-1093.8201,-5409.1841
131,196,8,-283.672,-1110.6481,-6053.8721
127,196,8,1389.5121,-891.884,-5850.5918
123,196,8,2655.218,-415.892,-4921.312
119,196,8,3301.894,171.886,-3686.144
115,196,8,3387.2361,718.796,-2456.7839
111,196,8,3065.1001,1134.688,-1436.512
107,196,8,2543.4321,1383.5021,-729.872
103,196,8,2004.936,1486.874,-292.336
99,196,8,1536.156,1491.682,-34.848
95,196,8,1149.1121,1441.198,116.16
95,200,8,1181.566,1146.708,-73.568
99,200,8,1521.7321,1135.89,-245.872
103,200,8,1913.584,1067.376,-522.72
107,200,8,2334.2839,909.914,-954.448
111,200,8,2702.0959,633.454,-1591.392
115,200,8,2878.79,223.572,-2450.9761
119,200,8,2718.9241,-284.874,-3436.3999
123,200,8,2126.3381,-807.744,-4398.5918
127,200,8,1060.1641,-1216.4241,-5118.7842
131,200,8,-328.146,-1378.694,-5300.7681
135,200,8,-1702.032,-1295.756,-4810.96
139,200,8,-2714.116,-1081.8,-3852.6399
143,200,8,-3325.9341,-830.582,-2735.5679
147,200,8,-3646.8682,-576.96,-1608.816
151,200,8,-3764.6641,-334.156,-526.592
155,200,8,-3731.0081,-99.766,555.632
159,200,8,-3542.2939,127.412,1651.408
163,200,8,-3151.644,349.782,2764.6079
167,200,8,-2467.7061,551.718,3850.7039
171,200,8,-1425.572,680.332,4719.9678
175,200,8,-122.604,632.252,5107.168
179,200,8,1104.6381,356.994,4900.0161
183,200,8,1988.108,-82.938,4288.2397
187,200,8,2495.3521,-554.122,3486.7361
191,200,8,2669.6421,-957.994,2623.28
195,200,8,2550.644,-1245.272,1786.928
199,200,8,2224.9021,-1406.34,1107.392
203,200,8,1827.04,-1466.4401,625.328
203,204,8,1756.1221,-1056.558,782.144
199,204,8,2062.6321,-927.944,1237.104
195,204,8,2280.1941,-706.776,1850.816
191,204,8,2298.2241,-395.458,2563.2639
187,204,8,2057.824,-22.838,3266.032
183,204,8,1550.5801,373.822,3868.1279
179,204,8,778.896,718.796,4290.1758
175,204,8,-225.976,919.53,4412.144
171,204,8,-1300.564,908.712,4119.8081
167,204,8,-2221.2961,727.21,3436.3999
163,204,8,-2866.77,468.78,2518.7361
159,204,8,-3247.804,188.714,1535.248
155,204,8,-3430.5081,-90.15,545.952
151,204,8,-3458.1541,-370.216,-437.536
147,204,8,-3334.3481,-647.878,-1430.704
143,204,8,-3014.616,-931.55,-2443.2319
139,204,8,-2428.04,-1216.4241,-3413.168
135,204,8,-1513.318,-1461.6321,-4185.6318
131,204,8,-359.398,-1563.802,-4534.1118
127,204,8,768.078,-1439.996,-4375.3599
123,204,8,1644.3361,-1104.6381,-3846.832
119,204,8,2181.6301,-656.292,-3122.7681
115,204,8,2396.7881,-186.31,-2352.24
111,204,8,2329.4761,213.956,-1647.536
107,204,8,2084.2681,508.446,-1086.0959
103,204,8,1766.9401,704.372,-681.472
99,204,8,1449.6121,816.158,-404.624
95,204,8,1161.1321,869.046,-216.832
95,208,8,1105.84,629.848,-302.016
99,208,8,1342.634,542.102,-482.064
103,208,8,1591.448,399.064,-739.552
107,208,8,1822.2321,183.906,-1095.776
111,208,8,1977.29,-106.978,-1570.0959
115,208,8,1973.6841,-469.982,-2143.1521
119,208,8,1742.9,-871.45,-2743.312
123,208,8,1263.302,-1253.686,-3277.6479
127,208,8,538.496,-1540.964,-3660.9761
131,208,8,-358.196,-1653.952,-3782.9441
135,208,8,-1307.776,-1557.792,-3558.3679
139,208,8,-2117.9241,-1307.776,-2993.0559
143,208,8,-2687.6721,-990.448,-2205.104
147,208,8,-3018.2222,-663.504,-1320.3521
151,208,8,-3146.8359,-350.984,-429.792
155,208,8,-3116.7861,-42.07,466.576
159,208,8,-2931.678,265.642,1361.0079
163,208,8,-2563.866,566.142,2220.592
167,208,8,-1972.4821,837.794,2975.6321
171,208,8,-1183.97,1021.7,3508.032
175,208,8,-304.106,1052.952,3740.3521
179,208,8,520.466,911.116,3686.144
183,208,8,1199.5961,647.878,3405.4241
187,208,8,1692.416,328.146,2954.3359
191,208,8,1964.068,4.808,2389.0239
195,208,8,2008.542,-293.288,1794.672
199,208,8,1870.312,-536.092,1266.144
203,208,8,1639.5281,-706.776,853.776
203,212,8,1478.4601,-426.71,847.968
199,212,8,1640.73,-239.198,1196.448
195,212,8,1722.4661,3.606,1632.048
191,212,8,1653.952,281.268,2121.856
187,212,8,1387.108,558.93,2582.624
183,212,8,935.156,811.35,2933.04
179,212,8,343.772,1003.67,3122.7681
175,212,8,-341.368,1103.436,3126.6399
171,212,8,-1051.75,1072.184,2927.2319
167,212,8,-1708.042,905.106,2516.8
163,212,8,-2228.5081,635.858,1922.448
159,212,8,-2568.6741,311.318,1215.808
155,212,8,-2741.762,-39.666,458.832
151,212,8,-2768.2061,-396.66,-317.504
147,212,8,-2637.188,-748.846,-1099.6479
143,212,8,-2319.8601,-1090.214,-1850.816
139,212,8,-1807.808,-1393.118,-2480.0159
135,212,8,-1129.88,-1607.074,-2904.0
131,212,8,-379.832,-1671.9821,-3070.4961
127,212,8,332.954,-1573.418,-2996.928
123,212,8,927.944,-1341.432,-2739.4399
119,212,8,1353.452,-1030.114,-2348.3679
115,212,8,1585.438,-691.15,-1891.472
111,212,8,1634.72,-360.6,-1438.448
107,212,8,1551.782,-72.12,-1051.248
103,212,8,1394.3201,149.048,-747.296
99,212,8,1208.01,308.914,-518.848
95,212,8,1020.498,415.892,-350.416
95,216,8,921.934,254.824,-365.904
99,216,8,1064.972,135.826,-513.04
103,216,8,1199.5961,-24.04,-704.704
107,216,8,1302.968,-234.39,-952.512
111,216,8,1340.23,-491.618,-1258.4
115,216,8,1266.9081,-782.502,-1606.88
119,216,8,1044.538,-1078.194,-1957.296
123,216,8,670.716,-1336.624,-2239.9519
127,216,8,174.29,-1527.7421,-2406.448
131,216,8,-391.852,-1609.478,-2429.6799
135,216,8,-985.64,-1556.5901,-2290.2881
139,216,8,-1539.7621,-1369.078,-1972.7839
143,216,8,-1982.098,-1081.8,-1490.72
147,216,8,-2270.5781,-730.816,-894.432
151,216,8,-2394.384,-359.398,-255.552
155,216,8,-2373.95,7.212,379.456
159,216,8,-2223.7,347.378,1002.848
163,216,8,-1932.816,645.474,1581.712
167,216,8,-1495.2881,883.47,2069.584
171,216,8,-956.792,1033.72,2418.064
175,216,8,-369.014,1080.598,2605.856
179,216,8,211.552,1027.71,2634.896
183,216,8,730.816,895.49,2497.4399
187,216,8,1135.89,700.766,2216.72
191,216,8,1381.098,461.568,1841.136
195,216,8,1462.834,210.35,1446.192
199,216,8,1421.9661,-21.636,1091.9041
203,216,8,1308.978,-209.148,799.568
203,220,8,1135.89,-55.292,724.064
199,220,8,1206.808,122.604,958.32
195,220,8,1217.626,332.954,1233.2319
191,220,8,1133.486,558.93,1541.056
187,220,8,926.742,769.28,1839.2
183,220,8,585.374,931.55,2075.3921
179,220,8,143.038,1022.902,2189.616
175,220,8,-349.782,1038.5281,2160.5759
171,220,8,-841.4,976.024,1992.144
167,220,8,-1284.938,832.986,1699.808
163,220,8,-1644.3361,615.424,1300.9919
159,220,8,-1882.332,340.166,836.352
155,220,8,-1994.118,21.636,344.608
151,220,8,-1989.3101,-324.54,-145.2
147,220,8,-1873.9181,-676.726,-619.52
143,220,8,-1634.72,-1010.882,-1072.5439
139,220,8,-1283.7361,-1275.322,-1444.256
135,220,8,-858.228,-1444.8041,-1701.744
131,220,8,-403.872,-1497.692,-1841.136
127,220,8,42.07,-1438.7941,-1868.24
123,220,8,453.154,-1290.948,-1777.248
119,220,8,774.088,-1080.598,-1587.52
115,220,8,978.428,-835.39,-1335.84
111,220,8,1066.1741,-586.576,-1076.416
107,220,8,1066.1741,-360.6,-842.16
103,220,8,1008.478,-163.472,-646.624
99,220,8,919.53,-4.808,-487.872
95,220,8,814.956,117.796,-362.032
95,224,8,710.382,25.242,-344.608
99,224,8,784.906,-87.746,-445.28
103,224,8,841.4,-229.582,-573.056
107,224,8,867.844,-400.266,-724.064
111,224,8,843.804,-594.99,-896.368
115,224,8,750.048,-802.936,-1082.224
119,224,8,564.94,-1002.468,-1254.528
123,224,8,292.086,-1164.738,-1374.5599
127,224,8,-43.272,-1268.11,-1409.408
131,224,8,-391.852,-1289.746,-1355.2
135,224,8,-735.624,-1217.626,-1240.976
139,224,8,-1061.366,-1054.1541,-1064.8
143,224,8,-1341.432,-814.956,-815.056
147,224,8,-1548.176,-531.284,-505.296
151,224,8,-1663.568,-239.198,-152.944
155,224,8,-1686.406,48.08,236.192
159,224,8,-1601.0641,316.126,644.688
163,224,8,-1407.542,554.122,1037.696
167,224,8,-1111.85,752.452,1378.432
171,224,8,-736.826,896.692,1630.1119
175,224,8,-320.934,976.024,1769.504
179,224,8,94.958,985.64,1784.9919
183,224,8,461.568,919.53,1680.448
187,224,8,741.634,781.3,1492.656
191,224,8,919.53,601.0,1266.144
195,224,8,1002.468,406.276,1033.824
199,224,8,1013.286,218.764,822.8
203,224,8,972.418,55.292,636.944
203,228,8,824.572,121.402,549.824
199,228,8,841.4,264.44,691.152
195,228,8,816.158,424.306,851.84
191,228,8,735.624,588.98,1022.208
187,228,8,587.778,740.432,1186.7679
183,228,8,363.004,859.43,1328.0959
179,228,8,72.12,920.732,1415.2159
175,228,8,-265.642,911.116,1419.088
171,228,8,-610.616,830.582,1322.288
167,228,8,-925.54,687.544,1126.752
163,228,8,-1175.556,494.022,851.84
159,228,8,-1334.22,268.046,532.4
155,228,8,-1399.1281,20.434,199.408
151,228,8,-1370.28,-229.582,-118.096
147,228,8,-1263.302,-471.184,-396.88
143,228,8,-1085.406,-691.15,-629.2
139,228,8,-859.43,-873.854,-803.44
135,228,8,-609.414,-1004.872,-925.408
131,228,8,-352.186,-1074.588,-1012.528
127,228,8,-85.342,-1080.598,-1062.864
123,228,8,179.098,-1021.7,-1053.184
119,228,8,401.468,-907.51,-979.616
115,228,8,561.334,-757.26,-867.328
111,228,8,653.888,-592.586,-737.616
107,228,8,692.352,-431.518,-613.712
103,228,8,688.746,-286.076,-497.552
99,228,8,658.696,-158.664,-398.816
95,228,8,610.616,-52.888,-315.568
95,232,8,518.062,-96.16,-286.528
99,232,8,550.516,-188.714,-352.352
103,232,8,563.738,-295.692,-427.856
107,232,8,551.718,-417.094,-513.04
111,232,8,507.244,-545.708,-604.032
115,232,8,419.498,-673.12,-693.088
119,232,8,284.874,-786.108,-766.656
123,232,8,106.978,-866.642,-815.056
127,232,8,-98.564,-901.5,-822.8
131,232,8,-310.116,-887.076,-793.76
135,232,8,-518.062,-828.178,-733.744
139,232,8,-719.998,-727.21,-644.688
143,232,8,-905.106,-586.576,-511.104
147,232,8,-1051.75,-408.68,-327.184
151,232,8,-1141.9,-206.744,-100.672
155,232,8,-1163.536,9.616,154.88
159,232,8,-1107.042,228.38,422.048
163,232,8,-972.418,432.72,675.664
167,232,8,-764.472,610.616,888.624
171,232,8,-507.244,745.24,1033.824
175,232,8,-228.38,817.36,1099.6479
179,232,8,40.868,824.572,1093.84
183,232,8,272.854,775.29,1029.952
187,232,8,454.356,677.928,931.216
191,232,8,581.768,554.122,815.056
195,232,8,658.696,419.498,691.152
199,232,8,691.15,286.076,571.12
203,232,8,689.948,161.068,462.704
203,236,8,578.162,176.694,385.264
199,236,8,567.344,280.066,468.512
195,236,8,531.284,391.852,555.632
191,236,8,459.164,500.032,644.688
187,236,8,352.186,597.394,726.0
183,236,8,204.34,674.322,793.76
179,236,8,21.636,715.19,834.416
175,236,8,-186.31,710.382,838.288
171,236,8,-406.276,652.686,791.824
167,236,8,-609.414,542.102,691.152
163,236,8,-776.492,388.246,544.016
159,236,8,-888.278,205.542,360.096
155,236,8,-937.56,7.212,162.624
151,236,8,-926.742,-187.512,-34.848
147,236,8,-859.43,-363.004,-211.024
143,236,8,-745.24,-513.254,-362.032
139,236,8,-601.0,-629.848,-478.192
135,236,8,-438.73,-710.382,-559.504
131,236,8,-270.45,-757.26,-609.84
127,236,8,-103.372,-768.078,-633.072
123,236,8,57.696,-744.038,-631.136
119,236,8,199.532,-685.14,-600.16
115,236,8,311.318,-602.202,-549.824
111,236,8,389.448,-504.84,-489.808
107,236,8,435.124,-402.67,-425.92
103,236,8,455.558,-304.106,-362.032
99,236,8,454.356,-212.754,-305.888
95,236,8,437.528,-131.018,-251.68
95,240,8,365.408,-145.442,-224.576
99,240,8,372.62,-213.956,-263.296
103,240,8,367.812,-288.48,-307.824
107,240,8,343.772,-367.812,-354.288
111,240,8,299.298,-447.144,-398.816
115,240,8,230.784,-522.87,-439.472
119,240,8,138.23,-584.172,-472.384
123,240,8,24.04,-626.242,-489.808
127,240,8,-105.776,-643.07,-489.808
131,240,8,-241.602,-631.05,-468.512
135,240,8,-378.63,-588.98,-425.92
139,240,8,-507.244,-518.062,-358.16
143,240,8,-620.232,-417.094,-263.296
147,240,8,-706.776,-288.48,-145.2
151,240,8,-754.856,-141.836,-9.68
155,240,8,-758.462,16.828,135.52
159,240,8,-713.988,180.3,280.72
163,240,8,-623.838,328.146,412.368
167,240,8,-491.618,455.558,518.848
171,240,8,-331.752,545.708,592.416
175,240,8,-162.27,594.99,627.264
179,240,8,0.0,601.0,631.136
183,240,8,145.442,572.152,605.968
187,240,8,266.844,514.456,561.44
191,240,8,358.196,439.932,505.296
195,240,8,423.104,353.388,441.408
199,240,8,460.366,264.44,377.52
203,240,8,477.194,176.694,313.632
203,244,8,396.66,168.28,253.616
199,244,8,378.63,239.198,302.016
195,244,8,341.368,311.318,348.48
191,244,8,283.672,378.63,393.008
187,244,8,205.542,437.528,433.664
183,244,8,108.18,479.598,460.768
179,244,8,-7.212,500.032,476.256
175,244,8,-134.624,491.618,468.512
171,244,8,-264.44,453.154,441.408
167,244,8,-385.842,382.236,391.072
163,244,8,-488.012,281.268,313.632
159,244,8,-561.334,161.068,222.64
155,244,8,-599.798,30.05,118.096
151,244,8,-601.0,-103.372,11.616
147,244,8,-568.546,-229.582,-89.056
143,244,8,-506.042,-337.762,-181.984
139,244,8,-420.7,-425.508,-257.488
135,244,8,-319.732,-489.214,-315.568
131,244,8,-211.552,-526.476,-354.288
127,244,8,-103.372,-539.698,-375.584
123,244,8,1.202,-530.082,-381.392
119,244,8,93.756,-501.234,-371.712
115,244,8,169.482,-455.558,-352.352
111,244,8,229.582,-399.064,-323.312
107,244,8,271.652,-336.56,-292.336
103,244,8,296.894,-272.854,-259.424
99,244,8,307.712,-210.35,-226.512
95,244,8,306.51,-152.654,-195.536
95,248,8,254.824,-150.25,-172.304
99,248,8,251.218,-198.33,-197.472
103,248,8,239.198,-248.814,-220.704
107,248,8,213.956,-299.298,-243.936
111,248,8,175.492,-347.378,-267.168
115,248,8,125.008,-390.65,-284.592
119,248,8,61.302,-424.306,-296.208
123,248,8,-14.424,-443.538,-300.08
127,248,8,-98.564,-447.144,-294.272
131,248,8,-185.108,-432.72,-272.976
135,248,8,-270.45,-396.66,-242.0
139,248,8,-348.58,-342.57,-195.536
143,248,8,-414.69,-268.046,-137.456
147,248,8,-461.568,-179.098,-65.824
151,248,8,-484.406,-79.332,9.68
155,248,8,-480.8,26.444,87.12
159,248,8,-448.346,132.22,162.624
163,248,8,-390.65,225.976,230.384
167,248,8,-311.318,307.712,286.528
171,248,8,-216.36,364.206,325.248
175,248,8,-115.392,399.064,348.48
179,248,8,-15.626,409.882,356.224
183,248,8,78.13,397.862,350.416
187,248,8,158.664,366.61,331.056
191,248,8,223.572,322.136,305.888
195,248,8,274.056,269.248,272.976
199,248,8,307.712,211.552,238.128
203,248,8,328.146,152.654,201.344
203,248,12,295.692,111.786,201.344
199,248,12,275.258,161.068,234.256
195,248,12,242.804,207.946,267.168
191,248,12,197.128,252.42,296.208
187,248,12,138.23,288.48,319.44
183,248,12,67.312,313.722,334.928
179,248,12,-14.424,322.136,338.8
175,248,12,-99.766,312.52,327.184
171,248,12,-186.31,283.672,303.952
167,248,12,-265.642,236.794,263.296
163,248,12,-331.752,171.886,211.024
159,248,12,-379.832,94.958,145.2
155,248,12,-406.276,9.616,75.504
151,248,12,-409.882,-76.928,1.936
147,248,12,-391.852,-158.664,-69.696
143,248,12,-352.186,-233.188,-133.584
139,248,12,-298.096,-295.692,-189.728
135,248,12,-231.986,-342.57,-234.256
131,248,12,-157.462,-371.418,-267.168
127,248,12,-82.938,-384.64,-286.528
123,248,12,-9.616,-382.236,-294.272
119,248,12,56.494,-365.408,-292.336
115,248,12,114.19,-337.762,-282.656
111,248,12,161.068,-301.702,-265.232
107,248,12,194.724,-259.632,-245.872
103,248,12,218.764,-215.158,-220.704
99,248,12,230.784,-170.684,-197.472
95,248,12,235.592,-128.614,-174.24
95,244,12,280.066,-127.412,-195.536
99,244,12,280.066,-177.896,-226.512
103,244,12,269.248,-230.784,-259.424
107,244,12,245.208,-284.874,-290.4
111,244,12,206.744,-337.762,-319.44
115,244,12,152.654,-384.64,-344.608
119,244,12,84.14,-423.104,-362.032
123,244,12,3.606,-445.942,-367.84
127,244,12,-86.544,-454.356,-362.032
131,244,12,-180.3,-442.336,-340.736
135,244,12,-274.056,-409.882,-303.952
139,244,12,-359.398,-356.994,-249.744
143,244,12,-431.518,-286.076,-180.048
147,244,12,-483.204,-198.33,-96.8
151,244,12,-509.648,-99.766,-3.872
155,244,12,-508.446,3.606,92.928
159,244,12,-477.194,105.776,185.856
163,244,12,-418.296,200.734,272.976
167,244,12,-332.954,281.268,346.544
171,244,12,-231.986,338.964,396.88
175,244,12,-122.604,373.822,429.792
179,244,12,-14.424,383.438,439.472
183,244,12,85.342,370.216,431.728
187,244,12,173.088,337.762,410.432
191,244,12,242.804,292.086,377.52
195,244,12,295.692,236.794,336.864
199,244,12,330.55,177.896,292.336
203,244,12,352.186,118.998,247.808
203,240,12,418.296,120.2,303.952
199,240,12,400.266,191.118,362.032
195,240,12,361.802,263.238,420.112
191,240,12,302.904,332.954,476.256
187,240,12,219.966,390.65,522.72
183,240,12,115.392,433.922,557.568
179,240,12,-7.212,453.154,571.12
175,240,12,-144.24,445.942,561.44
171,240,12,-282.47,407.478,522.72
167,240,12,-409.882,337.762,453.024
163,240,12,-514.456,241.602,356.224
159,240,12,-588.98,127.412,242.0
155,240,12,-625.04,2.404,116.16
151,240,12,-623.838,-123.806,-11.616
147,240,12,-588.98,-241.602,-131.648
143,240,12,-521.668,-346.176,-238.128
139,240,12,-429.114,-429.114,-325.248
135,240,12,-322.136,-490.416,-393.008
131,240,12,-206.744,-526.476,-437.536
127,240,12,-90.15,-537.294,-460.768
123,240,12,20.434,-524.072,-464.64
119,240,12,118.998,-490.416,-451.088
115,240,12,201.936,-439.932,-423.984
111,240,12,263.238,-379.832,-387.2
107,240,12,304.106,-312.52,-346.544
103,240,12,328.146,-245.208,-303.952
99,240,12,336.56,-180.3,-261.36
95,240,12,331.752,-121.402,-222.64
95,236,12,394.256,-105.776,-249.744
99,236,12,407.478,-173.088,-300.08
103,236,12,403.872,-250.016,-354.288
107,236,12,383.438,-330.55,-410.432
111,236,12,338.964,-413.488,-468.512
115,236,12,268.046,-491.618,-522.72
119,236,12,170.684,-557.728,-563.376
123,236,12,50.484,-605.808,-586.608
127,236,12,-87.746,-626.242,-586.608
131,236,12,-231.986,-616.626,-561.44
135,236,12,-376.226,-576.96,-511.104
139,236,12,-512.052,-507.244,-431.728
143,236,12,-628.646,-411.084,-325.248
147,236,12,-716.392,-289.682,-189.728
151,236,12,-766.876,-153.856,-36.784
155,236,12,-771.684,-8.414,127.776
159,236,12,-729.614,137.028,296.208
163,236,12,-638.262,271.652,451.088
167,236,12,-507.244,385.842,580.8
171,236,12,-346.176,468.78,675.664
175,236,12,-171.886,516.86,726.0
179,236,12,-1.202,524.072,735.68
183,236,12,152.654,496.426,712.448
187,236,12,280.066,442.336,662.112
191,236,12,378.63,369.014,596.288
195,236,12,445.942,284.874,520.784
199,236,12,484.406,197.128,443.344
203,236,12,498.83,112.988,367.84
203,232,12,590.182,91.352,435.6
199,232,12,581.768,188.714,534.336
195,232,12,544.506,293.288,635.008
191,232,12,469.982,396.66,737.616
187,232,12,356.994,486.81,828.608
183,232,12,201.936,555.324,900.24
179,232,12,13.222,591.384,935.088
175,232,12,-198.33,585.374,925.408
171,232,12,-413.488,534.89,859.584
167,232,12,-610.616,442.336,739.552
163,232,12,-771.684,313.722,569.184
159,232,12,-881.066,162.27,369.776
155,232,12,-930.348,-6.01,154.88
151,232,12,-923.136,-177.896,-58.08
147,232,12,-859.43,-337.762,-251.68
143,232,12,-750.048,-480.8,-420.112
139,232,12,-604.606,-596.192,-553.696
135,232,12,-437.528,-677.928,-652.432
131,232,12,-259.632,-722.402,-716.32
127,232,12,-80.534,-729.614,-747.296
123,232,12,88.948,-698.362,-743.424
119,232,12,236.794,-634.656,-704.704
115,232,12,350.984,-548.112,-644.688
111,232,12,430.316,-447.144,-569.184
107,232,12,473.588,-344.974,-491.744
103,232,12,490.416,-244.006,-414.304
99,232,12,484.406,-155.058,-342.672
95,232,12,462.77,-75.726,-278.784
95,228,12,542.102,-31.252,-305.888
99,228,12,578.162,-117.796,-383.328
103,228,12,598.596,-221.168,-474.32
107,228,12,592.586,-336.56,-576.928
111,228,12,550.516,-461.568,-683.408
115,228,12,463.972,-587.778,-789.888
119,228,12,328.146,-700.766,-882.816
123,228,12,149.048,-787.31,-940.896
127,228,12,-63.706,-836.592,-954.448
131,228,12,-287.278,-836.592,-921.536
135,228,12,-510.85,-788.512,-842.16
139,228,12,-719.998,-691.15,-718.256
143,228,12,-901.5,-554.122,-549.824
147,228,12,-1037.326,-385.842,-336.864
151,228,12,-1114.254,-200.734,-92.928
155,228,12,-1125.072,-10.818,172.304
159,228,12,-1064.972,173.088,443.344
163,228,12,-932.752,340.166,698.896
167,228,12,-738.028,478.396,913.792
171,228,12,-496.426,580.566,1072.5439
175,228,12,-233.188,635.858,1159.6639
179,228,12,27.646,640.666,1177.088
183,228,12,260.834,598.596,1128.688
187,228,12,449.548,515.658,1031.8879
191,228,12,582.97,406.276,907.984
195,228,12,663.504,284.874,770.528
199,228,12,698.362,163.472,636.944
203,228,12,695.958,50.484,511.104
203,224,12,811.35,-15.626,584.672
199,224,12,828.178,108.18,741.488
195,224,12,800.532,247.612,915.728
191,224,12,715.19,390.65,1095.776
187,224,12,560.132,520.466,1260.3359
183,224,12,336.56,621.434,1386.176
179,224,12,56.494,676.726,1448.1281
175,224,12,-257.228,680.332,1426.832
171,224,12,-572.152,629.848,1316.48
167,224,12,-859.43,527.678,1124.816
163,224,12,-1093.8201,379.832,861.52
159,224,12,-1252.484,195.926,553.696
155,224,12,-1330.614,-14.424,220.704
151,224,12,-1322.2001,-233.188,-108.416
147,224,12,-1235.656,-449.548,-418.176
143,224,12,-1074.588,-650.282,-695.024
139,224,12,-852.218,-811.35,-921.536
135,224,12,-591.384,-920.732,-1086.0959
131,224,12,-310.116,-966.408,-1186.7679
127,224,12,-30.05,-950.782,-1221.616
123,224,12,229.582,-878.662,-1190.64
119,224,12,444.74,-762.068,-1099.6479
115,224,12,598.596,-619.03,-968.0
111,224,12,688.746,-465.174,-820.864
107,224,12,723.604,-313.722,-677.6
103,224,12,715.19,-179.098,-544.016
99,224,12,679.13,-61.302,-427.856
95,224,12,623.838,36.06,-331.056
95,220,12,713.988,121.402,-346.544
99,220,12,793.32,25.242,-460.768
103,220,12,855.824,-99.766,-602.096
107,220,12,885.874,-250.016,-772.464
111,220,12,866.642,-421.902,-964.128
115,220,12,775.29,-605.808,-1165.472
119,220,12,602.202,-782.502,-1349.392
123,220,12,347.378,-931.55,-1490.72
127,220,12,28.848,-1032.5181,-1556.5439
131,220,12,-320.934,-1068.578,-1533.312
135,220,12,-679.13,-1025.306,-1417.152
139,220,12,-1009.68,-907.51,-1210.0
143,220,12,-1282.5341,-727.21,-915.728
147,220,12,-1476.056,-503.638,-555.632
151,220,12,-1573.418,-264.44,-160.688
155,220,12,-1574.62,-24.04,251.68
159,220,12,-1476.056,199.532,660.176
163,220,12,-1282.5341,393.054,1037.696
167,220,12,-1002.468,548.112,1357.136
171,220,12,-658.696,651.484,1591.392
175,220,12,-282.47,695.958,1726.912
179,220,12,91.352,679.13,1752.08
183,220,12,425.508,605.808,1678.512
187,220,12,691.15,484.406,1519.76
191,220,12,869.046,335.358,1308.736
195,220,12,959.196,173.088,1076.416
199,220,12,974.822,18.03,855.712
203,220,12,938.762,-116.594,658.24
203,216,12,1068.578,-253.622,716.32
199,216,12,1131.082,-114.19,954.448
195,216,12,1132.2841,51.686,1227.424
191,216,12,1043.3361,233.188,1517.824
187,216,12,846.208,407.478,1783.056
183,216,12,543.304,556.526,1984.4
179,216,12,155.058,658.696,2083.136
175,216,12,-282.47,700.766,2061.8401
171,216,12,-727.21,670.716,1910.832
167,216,12,-1135.89,570.95,1633.984
163,216,12,-1471.248,405.074,1254.528
159,216,12,-1702.032,192.32,803.44
155,216,12,-1823.4341,-49.282,307.824
151,216,12,-1830.646,-305.308,-201.344
147,216,12,-1724.87,-557.728,-698.896
143,216,12,-1501.298,-790.916,-1157.728
139,216,12,-1173.152,-979.63,-1537.184
135,216,12,-764.472,-1099.8301,-1804.3521
131,216,12,-320.934,-1134.688,-1937.936
127,216,12,109.382,-1081.8,-1941.808
123,216,12,490.416,-954.388,-1831.4559
119,216,12,783.704,-774.088,-1632.048
115,216,12,972.418,-564.94,-1382.304
111,216,12,1057.76,-354.59,-1119.0079
107,216,12,1058.962,-157.462,-873.136
103,216,12,1002.468,10.818,-660.176
99,216,12,908.712,140.634,-489.808
95,216,12,801.734,239.198,-352.352
95,212,12,885.874,381.034,-334.928
99,212,12,1027.71,290.884,-489.808
103,212,12,1157.526,163.472,-689.216
107,212,12,1254.8881,-4.808,-944.768
111,212,12,1286.14,-212.754,-1248.72
115,212,12,1215.222,-449.548,-1587.52
119,212,12,1015.69,-691.15,-1920.512
123,212,12,677.928,-912.318,-2195.4241
127,212,12,223.572,-1072.184,-2363.856
131,212,12,-306.51,-1141.9,-2385.1521
135,212,12,-853.42,-1107.042,-2232.208
139,212,12,-1348.644,-977.226,-1908.896
143,212,12,-1736.89,-782.502,-1442.3199
147,212,12,-1992.916,-551.718,-884.752
151,212,12,-2108.3081,-307.712,-286.528
155,212,12,-2093.884,-62.504,325.248
159,212,12,-1953.25,169.482,921.536
163,212,12,-1684.0021,375.024,1469.424
167,212,12,-1292.15,539.698,1932.1279
171,212,12,-805.34,639.464,2261.248
175,212,12,-275.258,657.494,2431.616
179,212,12,240.4,588.98,2441.2959
183,212,12,687.544,453.154,2303.8401
187,212,12,1028.912,271.652,2052.1599
191,212,12,1240.464,70.918,1724.976
195,212,12,1322.2001,-125.008,1370.688
199,212,12,1295.756,-298.096,1037.696
203,212,12,1198.394,-436.326,753.104
203,208,12,1317.392,-668.312,749.232
199,208,12,1455.6221,-543.304,1072.5439
195,208,12,1518.126,-372.62,1465.552
191,208,12,1458.026,-163.472,1889.536
187,208,12,1246.474,64.908,2296.0959
183,208,12,877.46,288.48,2623.28
179,208,12,372.62,468.78,2818.8159
175,208,12,-230.784,573.354,2836.24
171,208,12,-859.43,580.566,2644.5759
167,208,12,-1430.38,489.214,2255.4399
163,208,12,-1881.13,328.146,1707.552
159,208,12,-2182.832,126.21,1066.736
155,208,12,-2339.092,-93.756,377.52
151,208,12,-2355.9199,-322.136,-325.248
147,208,12,-2234.5181,-545.708,-1018.336
143,208,12,-1959.26,-762.068,-1682.384
139,208,12,-1525.338,-947.176,-2253.5039
135,208,12,-948.378,-1072.184,-2667.8081
131,208,12,-288.48,-1102.234,-2861.408
127,208,12,353.388,-1016.892,-2818.8159
123,208,12,891.884,-828.178,-2580.688
119,208,12,1270.514,-574.556,-2214.7839
115,208,12,1478.4601,-292.086,-1788.864
111,208,12,1526.54,-26.444,-1364.88
107,208,12,1454.42,194.724,-995.104
103,208,12,1312.584,365.408,-695.024
99,208,12,1137.092,482.002,-464.64
95,208,12,956.792,557.728,-294.272
95,204,12,1009.68,758.462,-216.832
99,204,12,1229.646,706.776,-393.008
103,204,12,1455.6221,608.212,-638.88
107,204,12,1659.962,451.952,-979.616
111,204,12,1789.7781,234.39,-1417.152
115,204,12,1783.7681,-43.272,-1932.1279
119,204,12,1584.2361,-352.186,-2476.144
123,204,12,1161.1321,-651.484,-2958.208
127,204,12,525.274,-882.268,-3283.4561
131,204,12,-245.208,-991.65,-3351.2161
135,204,12,-1028.912,-973.62,-3113.0879
139,204,12,-1696.022,-857.026,-2609.728
143,204,12,-2176.822,-688.746,-1937.936
147,204,12,-2471.312,-496.426,-1182.896
151,204,12,-2598.7241,-301.702,-398.816
155,204,12,-2577.0881,-109.382,389.136
159,204,12,-2407.606,76.928,1173.2159
163,204,12,-2079.46,244.006,1912.7679
167,204,12,-1575.822,375.024,2563.2639
171,204,12,-917.126,442.336,3033.7119
175,204,12,-174.29,408.68,3252.48
179,204,12,534.89,266.844,3200.208
183,204,12,1107.042,39.666,2927.2319
187,204,12,1498.894,-223.572,2503.248
191,204,12,1696.022,-477.194,2005.696
195,204,12,1717.6581,-689.948,1502.3359
199,204,12,1604.67,-848.612,1051.248
203,204,12,1412.35,-949.58,687.28
203,200,12,1471.248,-1271.7161,549.824
199,200,12,1720.062,-1210.4141,929.28
195,200,12,1900.3621,-1081.8,1422.96
191,200,12,1941.23,-876.258,2003.76
187,200,12,1782.566,-607.01,2607.792
183,200,12,1390.714,-299.298,3155.6799
179,200,12,757.26,-16.828,3540.9441
175,200,12,-60.1,181.502,3651.2959
171,200,12,-921.934,262.036,3413.168
167,200,12,-1674.386,234.39,2871.0879
163,200,12,-2234.5181,135.826,2129.6001
159,200,12,-2589.1082,1.202,1304.864
155,200,12,-2768.2061,-150.25,443.344
151,200,12,-2793.448,-312.52,-429.792
147,200,12,-2663.6321,-473.588,-1291.312
143,200,12,-2355.9199,-627.444,-2147.0239
139,200,12,-1837.858,-759.664,-2929.168
135,200,12,-1096.224,-841.4,-3535.136
131,200,12,-189.916,-829.38,-3831.344
127,200,12,712.786,-689.948,-3744.2239
123,200,12,1454.42,-424.306,-3324.1121
119,200,12,1924.402,-81.736,-2704.592
115,200,12,2107.106,262.036,-2030.864
111,200,12,2056.6221,554.122,-1411.344
107,200,12,1854.686,768.078,-907.984
103,200,12,1581.832,903.904,-534.336
99,200,12,1298.16,973.62,-274.912
95,200,12,1034.922,991.65,-96.8
95,196,12,1022.902,1232.05,71.632
99,196,12,1330.614,1251.282,-85.184
103,196,12,1674.386,1220.03,-338.8
107,196,12,2028.9761,1116.6581,-729.872
111,196,12,2322.2642,926.742,-1289.376
115,196,12,2454.4841,643.07,-2017.312
119,196,12,2309.042,292.086,-2840.1121
123,196,12,1815.02,-74.524,-3620.3201
127,196,12,973.62,-385.842,-4162.3999
131,196,12,-79.332,-581.768,-4290.1758
135,196,12,-1113.052,-641.868,-3951.376
139,196,12,-1941.23,-605.808,-3262.1599
143,196,12,-2504.968,-516.86,-2390.96
147,196,12,-2831.9121,-403.872,-1448.1281
151,196,12,-2965.334,-287.278,-501.424
155,196,12,-2935.2839,-175.492,447.216
159,196,12,-2740.5601,-73.322,1395.856
163,196,12,-2358.324,4.808,2309.6479
167,196,12,-1746.506,43.272,3136.3201
171,196,12,-901.5,8.414,3748.0959
175,196,12,87.746,-132.22,3995.9041
179,196,12,1022.902,-388.246,3811.9839
183,196,12,1716.4561,-718.796,3291.2
187,196,12,2099.894,-1056.558,2598.1121
191,196,12,2193.6501,-1333.0181,1875.984
195,196,12,2065.0361,-1516.9241,1223.552
199,196,12,1798.192,-1603.468,700.832
203,196,12,1479.662,-1613.084,323.312
203,192,12,1436.39,-1950.8461,11.616
199,192,12,1819.828,-1994.118,350.416
195,192,12,2185.2361,-1952.0481,867.328
191,192,12,2426.8381,-1796.99,1572.032
187,192,12,2426.8381,-1526.54,2412.2561
183,192,12,2080.6621,-1171.9501,3271.8401
179,192,12,1351.048,-804.138,3955.248
175,192,12,314.924,-492.82,4247.584
171,192,12,-795.724,-288.48,4026.8799
167,192,12,-1736.89,-187.512,3378.3201
163,192,12,-2410.01,-163.472,2485.824
159,192,12,-2827.104,-185.108,1500.4
155,192,12,-3036.252,-231.986,484.0
151,192,12,-3072.312,-292.086,-536.272
147,192,12,-2937.688,-353.388,-1562.3521
143,192,12,-2593.916,-406.276,-2590.3679
139,192,12,-1991.714,-433.922,-3550.624
135,192,12,-1086.608,-408.68,-4317.2798
131,192,12,67.312,-289.682,-4687.0562
127,192,12,1253.686,-38.464,-4508.9438
123,192,12,2192.448,323.338,-3835.2161
119,192,12,2706.9041,718.796,-2894.3201
115,192,12,2798.2561,1081.8,-1918.576
111,192,12,2568.6741,1352.25,-1086.0959
107,192,12,2168.408,1510.9141,-476.256
103,192,12,1726.072,1567.4081,-79.376
99,192,12,1319.796,1549.3781,158.752
95,192,12,974.822,1482.066,288.464
95,188,12,879.864,1716.4561,557.568
99,188,12,1258.494,1827.04,476.256
103,188,12,1728.4761,1896.756,284.592
107,188,12,2268.1741,1889.5441,-90.992
111,188,12,2789.842,1781.364,-726.0
115,188,12,3137.22,1548.176,-1651.408
119,188,12,3122.7961,1206.808,-2780.0959
123,188,12,2616.7542,804.138,-3901.04
127,188,12,1611.8821,418.296,-4735.4561
131,188,12,310.116,112.988,-5000.688
135,188,12,-970.014,-84.14,-4638.6558
139,188,12,-1968.876,-187.512,-3825.5359
143,188,12,-2623.9661,-230.784,-2799.4561
147,188,12,-2990.5762,-245.208,-1699.808
151,188,12,-3131.21,-252.42,-607.904
155,188,12,-3087.938,-264.44,482.064
159,188,12,-2858.356,-292.086,1562.3521
163,188,12,-2406.4041,-347.378,2611.6641
167,188,12,-1670.78,-449.548,3560.304
171,188,12,-635.858,-627.444,4226.2881
175,188,12,588.98,-900.298,4406.3359
179,188,12,1717.6581,-1260.8981,3992.032
183,188,12,2473.7161,-1653.952,3134.384
187,188,12,2762.196,-2008.542,2106.3679
191,188,12,2648.0061,-2258.5581,1151.92
195,188,12,2272.9819,-2373.95,400.752
199,188,12,1799.394,-2366.738,-94.864
203,188,12,1340.23,-2271.78,-383.328
203,184,12,1193.5861,-2553.0481,-846.032
199,184,12,1721.264,-2696.0859,-631.136
195,184,12,2307.8401,-2750.176,-180.048
191,184,12,2823.498,-2675.6521,580.8
187,184,12,3069.908,-2458.0901,1628.176
183,184,12,2865.5681,-2120.3281,2816.8799
179,184,12,2117.9241,-1717.6581,3852.6399
175,184,12,927.944,-1324.604,4414.0801
171,184,12,-390.65,-994.054,4317.2798
167,184,12,-1516.9241,-744.038,3662.9119
163,184,12,-2313.8501,-563.738,2698.7839
159,184,12,-2804.2661,-427.912,1610.752
155,184,12,-3054.282,-320.934,482.064
151,184,12,-3104.7661,-228.38,-654.368
147,184,12,-2962.9302,-140.634,-1798.5439
143,184,12,-2580.6941,-44.474,-2944.656
139,184,12,-1883.5341,78.13,-4026.8799
135,184,12,-807.744,256.026,-4869.04
131,184,12,582.97,530.082,-5203.9678
127,184,12,1989.3101,895.49,-4840.0
123,184,12,3042.262,1317.392,-3850.7039
119,184,12,3519.4561,1729.678,-2555.52
115,184,12,3435.3162,2055.4199,-1287.4399
111,184,12,2956.9202,2246.5381,-286.528
107,184,12,2311.446,2299.426,363.968
103,184,12,1680.396,2242.9321,704.704
99,184,12,1152.718,2111.9141,844.096
95,184,12,740.432,1944.8361,871.2
95,180,12,556.526,2132.3481,1229.36
99,180,12,994.054,2337.8901,1283.568
103,180,12,1579.428,2513.3821,1227.424
107,180,12,2306.6379,2621.562,958.32
111,180,12,3086.7361,2623.9661,342.672
115,180,12,3715.3821,2483.332,-702.768
119,180,12,3923.3281,2206.8721,-2090.8799
123,180,12,3513.446,1830.646,-3562.24
127,180,12,2443.666,1407.542,-4741.2642
131,180,12,961.6,1004.872,-5246.5601
135,180,12,-528.88,669.514,-4977.4561
139,180,12,-1685.204,405.074,-4146.9121
143,180,12,-2432.8481,186.31,-3045.3279
147,180,12,-2840.3262,-4.808,-1860.496
151,180,12,-2988.1721,-187.512,-691.152
155,180,12,-2930.4761,-375.024,474.32
159,180,12,-2662.4299,-578.162,1630.1119
163,180,12,-2138.3582,-804.138,2733.6321
167,180,12,-1286.14,-1073.386,3701.6321
171,180,12,-85.342,-1397.926,4319.2158
175,180,12,1313.786,-1782.566,4323.0879
179,180,12,2539.8259,-2196.054,3612.5759
183,180,12,3258.6221,-2584.3,2398.7041
187,180,12,3361.9941,-2887.2041,1055.12
191,180,12,2972.5461,-3057.8879,-73.568
195,180,12,2311.446,-3083.1301,-842.16
199,180,12,1605.8721,-2983.364,-1240.976
203,180,12,1001.266,-2793.448,-1372.624
203,176,12,769.28,-2977.354,-1937.936
199,176,12,1436.39,-3206.936,-1905.024
195,176,12,2250.144,-3351.176,-1581.712
191,176,12,3057.8879,-3371.6101,-836.352
187,176,12,3597.5862,-3244.198,340.736
183,176,12,3614.4141,-2973.748,1786.928
179,176,12,2958.1221,-2597.522,3157.616
175,176,12,1723.6681,-2170.812,4032.688
171,176,12,278.864,-1750.1121,4148.8481
167,176,12,-983.236,-1364.27,3600.96
163,176,12,-1884.7361,-1018.094,2662.0
159,176,12,-2438.8582,-703.17,1568.16
155,176,12,-2722.53,-405.074,422.048
151,176,12,-2788.6401,-120.2,-739.552
147,176,12,-2638.3901,159.866,-1918.576
143,176,12,-2218.8921,448.346,-3105.344
139,176,12,-1437.592,752.452,-4201.1201
135,176,12,-223.572,1101.032,-5002.624
131,176,12,1334.22,1501.298,-5198.1602
127,176,12,2867.9722,1938.826,-4561.2158
123,176,12,3926.9341,2364.334,-3215.696
119,176,12,4259.8882,2716.52,-1581.712
115,176,12,3917.3181,2941.2939,-81.312
111,176,12,3144.4321,3017.02,1000.912
107,176,12,2240.5281,2948.5061,1589.4559
103,176,12,1425.572,2779.0242,1790.8
99,176,12,789.714,2548.24,1759.824
95,176,12,329.348,2287.406,1624.304
95,172,12,66.11,2390.7781,2036.672
99,172,12,534.89,2674.45,2270.928
103,172,12,1214.02,2942.4961,2412.2561
107,172,12,2121.53,3156.4521,2317.3921
111,172,12,3161.26,3269.4399,1804.3521
115,172,12,4097.6182,3247.804,737.616
119,172,12,4594.0439,3075.918,-824.736
123,172,12,4377.6841,2773.0142,-2592.304
127,172,12,3366.802,2381.1621,-4115.936
131,172,12,1816.222,1947.24,-4911.6318
135,172,12,209.148,1510.9141,-4828.3838
139,172,12,-1052.952,1098.6281,-4088.832
143,172,12,-1863.1,697.16,-3031.7759
147,172,12,-2298.2241,304.106,-1868.24
151,172,12,-2450.8779,-86.544,-716.32
155,172,12,-2382.364,-479.598,418.176
159,172,12,-2089.0759,-879.864,1531.376
163,172,12,-1520.53,-1287.342,2584.5601
167,172,12,-596.192,-1709.244,3463.5039
171,172,12,689.948,-2143.166,3924.272
175,172,12,2152.782,-2579.4919,3682.272
179,172,12,3365.6001,-2985.7681,2652.3201
183,172,12,3943.762,-3316.3181,1138.368
187,172,12,3803.1282,-3535.082,-416.24
191,172,12,3116.7861,-3614.4141,-1639.792
195,172,12,2164.802,-3549.5061,-2361.9199
199,172,12,1238.0601,-3365.6001,-2609.728
203,172,12,497.628,-3103.564,-2541.968
203,168,12,197.128,-3155.25,-3151.8079
199,168,12,992.852,-3446.134,-3329.9199
195,168,12,2020.562,-3667.302,-3173.104
191,168,12,3107.1702,-3779.0881,-2493.5679
187,168,12,3941.3582,-3757.4521,-1260.3359
183,168,12,4215.4141,-3592.7781,365.904
179,168,12,3740.624,-3303.0959,1986.3359
175,168,12,2585.502,-2912.446,3144.064
171,168,12,1128.678,-2453.282,3509.968
167,168,12,-168.28,-1965.27,3146.0
163,168,12,-1104.6381,-1466.4401,2342.5601
159,168,12,-1681.598,-970.014,1359.072
155,168,12,-1980.896,-471.184,307.824
151,168,12,-2055.4199,26.444,-770.528
147,168,12,-1907.574,518.062,-1864.368
143,168,12,-1472.4501,1015.69,-2962.0801
139,168,12,-657.494,1504.9041,-3959.1199
135,168,12,615.424,1992.916,-4625.104
131,168,12,2230.9121,2465.302,-4605.7441
127,168,12,3759.856,2888.406,-3672.592
123,168,12,4710.6382,3234.582,-1999.8879
119,168,12,4817.6162,3459.356,-112.288
115,168,12,4187.7681,3553.1121,1519.76
111,168,12,3113.1802,3505.032,2594.24
107,168,12,1954.452,3331.9441,3053.072
103,168,12,967.61,3071.1101,3049.2
99,168,12,248.814,2763.3979,2801.3921
95,168,12,-233.188,2441.262,2464.5281
95,164,12,-557.728,2425.636,2890.448
99,164,12,-82.938,2758.5901,3331.856
103,164,12,661.1,3091.5439,3695.824
107,164,12,1717.6581,3389.6401,3815.856
111,164,12,2995.384,3612.01,3453.824
115,164,12,4225.0303,3721.3921,2429.6799
119,164,12,5018.3501,3697.3521,787.952
123,164,12,5053.208,3541.092,-1159.6639
127,164,12,4221.4243,3257.4202,-2933.04
131,164,12,2753.782,2861.9622,-3997.8401
135,164,12,1169.546,2381.1621,-4148.8481
139,164,12,-93.756,1837.858,-3595.1521
143,164,12,-905.106,1266.9081,-2700.72
147,164,12,-1336.624,663.504,-1690.1281
151,164,12,-1484.47,63.706,-693.088
155,164,12,-1417.1581,-543.304,284.592
159,164,12,-1127.4761,-1143.1021,1235.168
163,164,12,-568.546,-1726.072,2110.24
167,164,12,341.368,-2286.2041,2795.584
171,164,12,1604.67,-2803.064,3041.4561
175,164,12,2995.384,-3252.6121,2559.3921
179,164,12,4068.77,-3601.1921,1291.312
183,164,12,4437.7842,-3823.562,-420.112
187,164,12,4037.5181,-3913.7122,-2100.5601
191,164,12,3066.302,-3874.0461,-3349.28
195,164,12,1853.484,-3714.1802,-3986.2239
199,164,12,724.806,-3455.75,-4061.728
203,164,12,-132.22,-3137.22,-3773.2639
203,160,12,-480.8,-3048.272,-4371.4878
199,160,12,409.882,-3388.438,-4770.3042
195,160,12,1614.286,-3685.332,-4793.5361
191,160,12,2941.2939,-3906.5,-4216.6079
187,160,12,4037.5181,-4023.094,-2996.928
183,160,12,4574.812,-4014.6802,-1304.864
179,160,12,4339.2202,-3865.6321,453.024
175,160,12,3388.438,-3560.324,1798.5439
171,160,12,2093.884,-3108.3721,2387.0879
167,160,12,903.904,-2544.634,2267.0559
163,160,12,28.848,-1900.3621,1705.616
159,160,12,-513.254,-1220.03,954.448
155,160,12,-798.128,-519.264,131.648
151,160,12,-872.652,193.522,-720.192
147,160,12,-734.422,908.712,-1589.4559
143,160,12,-324.54,1616.6901,-2468.3999
139,160,12,447.144,2282.5981,-3236.9919
135,160,12,1653.952,2882.396,-3662.9119
131,160,12,3162.4622,3369.2061,-3386.064
127,160,12,4524.3281,3715.3821,-2212.8479
123,160,12,5245.5283,3912.51,-358.16
119,160,12,5089.2681,3958.186,1637.856
115,160,12,4174.5459,3878.854,3289.2639
111,160,12,2823.498,3685.332,4280.4961
107,160,12,1453.218,3402.8621,4559.2798
103,160,12,335.358,3061.4941,4326.96
99,160,12,-430.316,2697.2881,3850.7039
95,160,12,-899.096,2340.2939,3302.8159
95,156,12,-1251.282,2193.6501,3686.144
99,156,12,-812.552,2545.8359,4332.7681
103,156,12,-50.484,2923.2642,4930.9922
107,156,12,1103.436,3306.7021,5281.4082
111,156,12,2555.4521,3654.0801,5114.9121
115,156,12,4017.084,3937.752,4214.6719
119,156,12,5074.8442,4126.4663,2627.1521
123,156,12,5396.98,4181.7583,671.792
127,156,12,4860.8882,4062.76,-1188.704
131,156,12,3672.1101,3750.24,-2429.6799
135,156,12,2300.6279,3246.6021,-2832.3679
139,156,12,1180.364,2593.916,-2572.9441
143,156,12,451.952,1843.868,-1978.592
147,156,12,61.302,1046.942,-1279.696
151,156,12,-74.524,239.198,-586.608
155,156,12,-18.03,-572.152,81.312
159,156,12,237.996,-1366.6741,718.256
163,156,12,736.826,-2123.9341,1277.76
167,156,12,1532.55,-2823.498,1657.2159
171,156,12,2607.1379,-3423.2961,1626.24
175,156,12,3752.644,-3868.0361,931.216
179,156,12,4544.7622,-4121.6582,-462.704
183,156,12,4634.9121,-4186.5659,-2222.5281
187,156,12,3972.6101,-4095.2141,-3889.4241
191,156,12,2760.9941,-3888.47,-5074.2559
195,156,12,1342.634,-3596.384,-5577.6162
199,156,12,68.514,-3247.804,-5453.7119
203,156,12,-855.824,-2877.5881,-4946.48
203,152,12,-1244.0701,-2641.9961,-5473.0718
199,152,12,-325.742,-3037.4541,-6100.3359
195,152,12,977.226,-3443.73,-6344.272
191,152,12,2464.1001,-3825.9661,-5955.1357
187,152,12,3781.4922,-4143.2939,-4876.7842
183,152,12,4591.6401,-4338.0181,-3289.2639
179,152,12,4685.396,-4351.2402,-1572.032
175,152,12,4102.4263,-4137.2842,-152.944
171,152,12,3146.8359,-3688.938,654.368
167,152,12,2211.6799,-3041.0601,855.712
163,152,12,1504.9041,-2260.9622,681.472
159,152,12,1050.548,-1418.36,327.184
155,152,12,802.936,-539.698,-104.544
151,152,12,742.836,367.812,-569.184
147,152,12,865.44,1276.524,-1057.056
143,152,12,1214.02,2164.802,-1539.12
139,152,12,1869.11,2989.374,-1910.832
135,152,12,2864.366,3688.938,-1963.104
131,152,12,4057.9521,4198.5859,-1407.472
127,152,12,5049.6021,4465.4302,-94.864
123,152,12,5395.7783,4487.0659,1748.208
119,152,12,4924.5942,4311.5742,3637.7439
115,152,12,3759.856,3995.448,5126.5278
111,152,12,2221.2961,3596.384,5920.2881
107,152,12,723.604,3167.27,5968.688
103,152,12,-439.932,2738.156,5492.4321
99,152,12,-1188.7781,2334.2839,4781.9199
95,152,12,-1599.8621,1972.4821,4036.5601
95,152,16,-1022.902,1669.578,3515.7759
99,152,16,-629.848,1943.634,4013.3279
103,152,16,-18.03,2244.134,4431.5039
107,152,16,824.572,2557.856,4648.3359
111,152,16,1818.626,2865.5681,4520.5601
115,152,16,2798.2561,3132.4121,3962.9919
119,152,16,3549.5061,3325.9341,3012.416
123,152,16,3899.2881,3408.8721,1835.328
127,152,16,3791.1082,3343.9641,669.856
131,152,16,3316.3181,3115.584,-236.192
135,152,16,2668.4399,2723.7319,-758.912
139,152,16,2049.4102,2200.8621,-923.472
143,152,16,1579.428,1584.2361,-846.032
147,152,16,1284.938,913.52,-640.816
151,152,16,1161.1321,233.188,-398.816
155,152,16,1188.7781,-451.952,-158.752
159,152,16,1366.6741,-1125.072,36.784
163,152,16,1692.416,-1751.3141,139.392
167,152,16,2157.5901,-2319.8601,77.44
171,152,16,2699.6921,-2793.448,-240.064
175,152,16,3184.0981,-3136.0181,-890.56
179,152,16,3425.7,-3321.126,-1843.072
183,152,16,3286.2681,-3349.9741,-2931.104
187,152,16,2735.752,-3246.6021,-3937.824
191,152,16,1890.7461,-3049.4741,-4642.5278
195,152,16,924.338,-2788.6401,-4950.3521
199,152,16,22.838,-2495.3521,-4874.8481
203,152,16,-682.736,-2199.6602,-4530.2397
203,156,16,-395.458,-2396.7881,-4071.408
199,156,16,299.298,-2673.248,-4326.96
195,156,16,1163.536,-2925.668,-4307.6001
191,156,16,2069.844,-3133.614,-3914.592
187,156,16,2829.5081,-3268.238,-3138.2561
183,156,16,3269.4399,-3307.9041,-2090.8799
179,156,16,3280.2581,-3224.9661,-991.232
175,156,16,2895.6182,-3008.606,-77.44
171,156,16,2277.79,-2658.824,482.064
167,156,16,1628.7101,-2196.054,664.048
163,156,16,1083.0021,-1651.548,553.696
159,156,16,703.17,-1055.3561,265.232
155,156,16,492.82,-429.114,-120.032
151,156,16,453.154,219.966,-544.016
147,156,16,580.566,861.834,-971.872
143,156,16,899.096,1490.48,-1355.2
139,156,16,1424.37,2063.834,-1604.944
135,156,16,2143.166,2565.0681,-1577.84
131,156,16,2925.668,2947.304,-1153.856
127,156,16,3559.1221,3193.7141,-292.336
123,156,16,3827.168,3301.894,888.624
119,156,16,3614.4141,3285.0662,2127.6641
115,156,16,2973.748,3163.6641,3161.488
111,156,16,2069.844,2964.1321,3817.792
107,156,16,1120.264,2712.9141,4050.1121
103,156,16,289.682,2429.2419,3935.8879
99,156,16,-334.156,2138.3582,3612.5759
95,156,16,-752.452,1860.696,3192.4639
95,160,16,-485.608,1977.29,2853.6641
99,160,16,-61.302,2240.5281,3192.4639
103,160,16,552.92,2504.968,3430.592
107,160,16,1351.048,2753.782,3457.696
111,160,16,2244.134,2952.1121,3153.7439
115,160,16,3073.5142,3085.5339,2443.2319
119,160,16,3625.2322,3128.8062,1378.432
123,160,16,3734.614,3068.7061,143.264
127,160,16,3359.5901,2898.022,-1000.912
131,160,16,2620.3601,2616.7542,-1790.8
135,160,16,1739.2941,2229.71,-2108.304
139,160,16,949.58,1753.718,-1999.8879
143,160,16,373.822,1234.454,-1618.496
147,160,16,24.04,675.524,-1093.84
151,160,16,-116.594,106.978,-530.464
155,160,16,-78.13,-469.982,32.912
159,160,16,139.432,-1033.72,551.76
163,160,16,546.91,-1568.61,971.872
167,160,16,1146.708,-2065.0361,1206.1281
171,160,16,1876.322,-2495.3521,1134.496
175,160,16,2602.3301,-2845.134,656.304
179,160,16,3104.7661,-3089.1401,-214.896
183,160,16,3211.7441,-3217.7542,-1304.864
187,160,16,2881.1941,-3236.9861,-2373.5359
191,160,16,2215.2861,-3162.4622,-3192.4639
195,160,16,1375.088,-3007.4041,-3653.2319
199,160,16,558.93,-2791.0439,-3750.032
203,160,16,-115.392,-2541.0281,-3581.6001
203,164,16,137.028,-2609.542,-3076.304
199,164,16,772.886,-2836.72,-3167.2959
195,164,16,1527.7421,-3018.2222,-3002.7361
191,164,16,2281.396,-3130.0081,-2501.312
187,164,16,2857.1541,-3152.8459,-1666.896
183,164,16,3087.938,-3077.1201,-613.712
179,164,16,2883.5981,-2900.426,441.408
175,164,16,2288.6082,-2626.3701,1246.7839
171,164,16,1482.066,-2269.376,1637.856
167,164,16,682.736,-1854.686,1601.072
163,164,16,38.464,-1395.522,1244.848
159,164,16,-401.468,-915.924,698.896
155,164,16,-641.868,-419.498,52.272
151,164,16,-691.15,80.534,-631.136
147,164,16,-545.708,582.97,-1312.608
143,164,16,-181.502,1078.194,-1951.488
139,164,16,424.306,1551.782,-2450.9761
135,164,16,1256.09,1985.704,-2667.8081
131,164,16,2204.468,2367.9399,-2449.04
127,164,16,3039.8582,2667.238,-1728.848
123,164,16,3529.072,2878.79,-623.392
119,164,16,3535.082,2986.97,604.032
115,164,16,3097.554,2998.99,1694.0
111,164,16,2367.9399,2918.4561,2456.7839
107,164,16,1551.782,2763.3979,2836.24
103,164,16,801.734,2551.8459,2892.384
99,164,16,204.34,2304.2341,2743.312
95,164,16,-224.774,2050.6121,2481.9519
95,168,16,18.03,2054.218,2116.0481
99,168,16,436.326,2285.002,2298.032
103,168,16,1001.266,2497.7561,2373.5359
107,168,16,1698.426,2674.45,2247.696
111,168,16,2440.0601,2781.428,1825.6479
115,168,16,3080.7261,2801.8621,1055.12
119,168,16,3428.104,2723.7319,-3.872
123,168,16,3337.9541,2551.8459,-1177.088
127,168,16,2780.2261,2297.022,-2203.168
131,168,16,1890.7461,1978.4921,-2828.4961
135,168,16,902.702,1609.478,-2956.272
139,168,16,44.474,1222.4341,-2656.1919
143,168,16,-578.162,816.158,-2075.3921
147,168,16,-956.792,393.054,-1351.328
151,168,16,-1105.84,-27.646,-584.672
155,168,16,-1061.366,-454.356,181.984
159,168,16,-820.966,-877.46,909.92
163,168,16,-375.024,-1289.746,1537.184
167,168,16,284.874,-1692.416,1980.528
171,168,16,1114.254,-2071.0461,2100.5601
175,168,16,1973.6841,-2416.02,1792.736
179,168,16,2637.188,-2702.0959,1058.9919
183,168,16,2931.678,-2911.2441,61.952
187,168,16,2799.458,-3030.2419,-969.936
191,168,16,2323.4661,-3051.8782,-1810.16
195,168,16,1657.558,-2980.96,-2348.3679
199,168,16,970.014,-2830.71,-2574.8799
203,168,16,373.822,-2626.3701,-2561.3279
203,172,16,581.768,-2577.0881,-2054.0959
199,172,16,1122.668,-2754.9841,-1997.952
195,172,16,1734.4861,-2872.78,-1723.04
191,172,16,2306.6379,-2907.6379,-1163.536
187,172,16,2685.2681,-2845.134,-340.736
183,172,16,2726.136,-2685.2681,636.944
179,172,16,2359.5261,-2442.4641,1556.5439
175,172,16,1641.932,-2135.9541,2199.2959
171,172,16,753.654,-1794.5861,2412.2561
167,172,16,-91.352,-1442.4,2201.2319
163,172,16,-764.472,-1086.608,1678.512
159,172,16,-1216.4241,-736.826,979.616
155,172,16,-1462.834,-390.65,187.792
151,172,16,-1510.9141,-45.676,-642.752
147,172,16,-1361.866,294.49,-1471.36
143,172,16,-988.044,637.06,-2253.5039
139,172,16,-365.408,986.842,-2900.1279
135,172,16,495.224,1340.23,-3283.4561
131,172,16,1491.682,1684.0021,-3246.6719
127,172,16,2414.8181,2013.3501,-2718.144
123,172,16,3038.656,2297.022,-1783.056
119,172,16,3223.7642,2506.1702,-667.92
115,172,16,2985.7681,2621.562,373.648
111,172,16,2453.282,2640.7939,1167.408
107,172,16,1803.0,2567.4722,1643.6639
103,172,16,1170.748,2423.2319,1841.136
99,172,16,643.07,2234.5181,1846.944
95,172,16,235.592,2021.764,1738.528
95,176,16,431.518,1926.806,1388.1119
99,176,16,816.158,2101.0959,1430.704
103,176,16,1304.17,2251.3459,1364.88
107,176,16,1875.12,2353.5161,1119.0079
111,176,16,2444.8682,2376.354,625.328
115,176,16,2884.8,2305.436,-147.136
119,176,16,3035.05,2143.166,-1130.624
123,176,16,2785.0339,1900.3621,-2150.896
127,176,16,2123.9341,1603.468,-2985.312
131,176,16,1192.384,1287.342,-3420.9119
135,176,16,205.542,978.428,-3388.0
139,176,16,-640.666,682.736,-2952.3999
143,176,16,-1253.686,403.872,-2265.1199
147,176,16,-1623.902,131.018,-1444.256
151,176,16,-1774.152,-134.624,-584.672
155,176,16,-1730.88,-402.67,280.72
159,176,16,-1491.682,-679.13,1115.136
163,176,16,-1049.3461,-962.802,1858.5599
167,176,16,-389.448,-1263.302,2431.616
171,176,16,442.336,-1572.2161,2710.3999
175,176,16,1330.614,-1887.14,2584.5601
179,176,16,2079.46,-2187.6401,2034.736
183,176,16,2507.3721,-2443.666,1194.512
187,176,16,2555.4521,-2628.7742,271.04
191,176,16,2275.386,-2723.7319,-536.272
195,176,16,1796.99,-2722.53,-1113.2
199,176,16,1262.1,-2635.9861,-1440.384
203,176,16,770.482,-2484.5339,-1562.3521
203,180,16,923.136,-2329.4761,-1097.712
199,180,16,1354.6541,-2448.4741,-921.536
195,180,16,1807.808,-2500.1602,-559.504
191,180,16,2190.0439,-2467.7061,15.488
187,180,16,2375.1521,-2339.092,778.272
183,180,16,2251.3459,-2123.9341,1620.432
179,180,16,1777.7581,-1849.8781,2356.1121
175,180,16,1019.296,-1550.5801,2799.4561
171,180,16,141.836,-1258.494,2842.0481
167,180,16,-668.312,-991.65,2505.1841
163,180,16,-1307.776,-753.654,1893.408
159,180,16,-1736.89,-539.698,1126.752
155,180,16,-1967.6741,-340.166,278.784
151,180,16,-2009.744,-151.452,-600.16
147,180,16,-1865.504,33.656,-1467.488
143,180,16,-1508.51,227.178,-2303.8401
139,180,16,-921.934,435.124,-3016.2881
135,180,16,-106.978,677.928,-3494.48
131,180,16,851.016,954.388,-3599.0239
127,180,16,1768.1421,1257.292,-3264.0959
123,180,16,2450.8779,1565.004,-2545.8401
119,180,16,2764.6001,1835.454,-1624.304
115,180,16,2706.9041,2031.38,-700.832
111,180,16,2369.1421,2135.9541,61.952
107,180,16,1893.15,2149.176,586.608
103,180,16,1395.522,2084.2681,886.688
99,180,16,954.388,1965.27,1018.336
95,180,16,591.384,1812.6161,1041.568
95,184,16,723.604,1647.942,741.488
99,184,16,1058.962,1753.718,673.728
103,184,16,1455.6221,1824.636,503.36
107,184,16,1887.14,1840.2621,180.048
111,184,16,2282.5981,1784.9701,-336.864
115,184,16,2531.4121,1640.73,-1053.184
119,184,16,2516.988,1419.562,-1895.344
123,184,16,2164.802,1147.91,-2714.272
127,184,16,1483.2681,860.632,-3333.792
131,184,16,598.596,592.586,-3591.28
135,184,16,-310.116,365.408,-3438.3359
139,184,16,-1086.608,182.704,-2940.7839
143,184,16,-1646.74,36.06,-2230.272
147,184,16,-1991.714,-87.746,-1403.6
151,184,16,-2133.55,-203.138,-542.08
155,184,16,-2097.49,-322.136,325.248
159,184,16,-1882.332,-450.75,1171.28
163,184,16,-1477.2581,-601.0,1941.808
167,184,16,-871.45,-781.3,2572.9441
171,184,16,-98.564,-998.862,2954.3359
175,184,16,746.442,-1259.696,2985.312
179,184,16,1496.49,-1540.964,2640.7041
183,184,16,1998.926,-1812.6161,2007.632
187,184,16,2190.0439,-2039.7941,1246.7839
191,184,16,2093.884,-2190.0439,526.592
195,184,16,1804.202,-2252.5481,-48.4
199,184,16,1427.9761,-2230.9121,-441.408
203,184,16,1050.548,-2145.5701,-671.792
203,188,16,1137.092,-1914.786,-300.08
199,188,16,1454.42,-1964.068,-34.848
195,188,16,1751.3141,-1948.442,369.776
191,188,16,1953.25,-1853.484,919.6
187,188,16,1968.876,-1679.194,1570.0959
183,188,16,1728.4761,-1439.996,2226.3999
179,188,16,1214.02,-1173.152,2754.928
175,188,16,490.416,-918.328,3010.48
171,188,16,-306.51,-703.17,2925.2959
167,188,16,-1028.912,-539.698,2524.5439
163,188,16,-1596.256,-420.7,1897.28
159,188,16,-1974.886,-336.56,1146.1119
155,188,16,-2175.6201,-275.258,327.184
151,188,16,-2208.074,-224.774,-514.976
147,188,16,-2073.45,-176.694,-1347.4559
143,188,16,-1751.3141,-118.998,-2148.96
139,188,16,-1228.444,-39.666,-2843.9839
135,188,16,-508.446,78.13,-3343.4719
131,188,16,346.176,259.632,-3537.072
127,188,16,1183.97,501.234,-3358.96
123,188,16,1849.8781,780.098,-2847.856
119,188,16,2228.5081,1057.76,-2135.408
115,188,16,2305.436,1301.766,-1384.24
111,188,16,2138.3582,1476.056,-716.32
107,188,16,1828.2421,1571.014,-209.088
103,188,16,1466.4401,1591.448,137.456
99,188,16,1120.264,1554.186,346.544
95,188,16,817.36,1478.4601,460.768
95,192,16,878.662,1277.7261,236.192
99,192,16,1151.516,1311.3821,98.736
103,192,16,1450.8141,1306.574,-127.776
107,192,16,1745.3041,1247.676,-470.448
111,192,16,1979.6941,1122.668,-946.704
115,192,16,2077.0562,930.348,-1548.8
119,192,16,1956.8561,687.544,-2208.9761
123,192,16,1573.418,421.902,-2814.9441
127,192,16,944.772,175.492,-3240.864
131,192,16,169.482,-22.838,-3364.7681
135,192,16,-615.424,-152.654,-3157.616
139,192,16,-1283.7361,-223.572,-2679.4241
143,192,16,-1774.152,-248.814,-2019.248
147,192,16,-2080.6621,-250.016,-1256.464
151,192,16,-2210.478,-241.602,-468.512
155,192,16,-2184.0339,-235.592,331.056
159,192,16,-1998.926,-240.4,1113.2
163,192,16,-1651.548,-266.844,1835.328
167,192,16,-1131.082,-330.55,2445.168
171,192,16,-462.77,-442.336,2853.6641
175,192,16,278.864,-615.424,2987.248
179,192,16,964.004,-840.198,2813.0081
183,192,16,1474.854,-1089.012,2389.0239
187,192,16,1753.718,-1327.0081,1827.584
191,192,16,1806.6061,-1515.722,1250.656
195,192,16,1686.406,-1634.72,733.744
199,192,16,1461.6321,-1680.396,321.376
203,192,16,1195.99,-1667.1741,25.168
203,196,16,1208.01,-1396.724,272.976
199,196,16,1419.562,-1375.088,578.864
195,196,16,1578.2261,-1298.16,975.744
191,196,16,1631.114,-1159.9301,1448.1281
187,196,16,1525.338,-968.812,1949.552
183,196,16,1228.444,-742.836,2412.2561
179,196,16,741.634,-519.264,2743.312
175,196,16,111.786,-331.752,2857.5359
171,196,16,-562.536,-206.744,2706.5281
167,196,16,-1170.748,-145.442,2307.7119
163,196,16,-1646.74,-134.624,1734.656
159,196,16,-1967.6741,-158.664,1060.928
155,196,16,-2137.156,-205.542,331.056
151,196,16,-2159.9941,-262.036,-414.304
147,196,16,-2036.188,-319.732,-1149.984
143,196,16,-1753.718,-366.61,-1856.624
139,196,16,-1302.968,-390.65,-2472.272
135,196,16,-697.16,-371.418,-2927.2319
131,196,16,10.818,-290.884,-3134.384
127,196,16,713.988,-134.624,-3058.8799
123,196,16,1300.564,92.554,-2720.0801
119,196,16,1679.194,347.378,-2216.72
115,196,16,1831.848,597.394,-1655.28
111,196,16,1794.5861,804.138,-1124.816
107,196,16,1628.7101,954.388,-687.28
103,196,16,1395.522,1043.3361,-352.352
99,196,16,1145.506,1080.598,-118.096
95,196,16,907.51,1076.9921,42.592
95,200,16,908.712,876.258,-100.672
99,200,16,1110.6481,849.814,-263.296
103,200,16,1313.786,784.906,-493.68
107,200,16,1491.682,674.322,-805.376
111,200,16,1601.0641,514.456,-1196.448
115,200,16,1593.8521,307.712,-1653.344
119,200,16,1423.168,73.322,-2125.728
123,200,16,1067.376,-157.462,-2538.0959
127,200,16,542.102,-352.186,-2803.3279
131,200,16,-84.14,-478.396,-2853.6641
135,200,16,-721.2,-526.476,-2658.1279
139,200,16,-1272.918,-508.446,-2251.5679
143,200,16,-1685.204,-445.942,-1695.936
147,200,16,-1950.8461,-359.398,-1053.184
151,200,16,-2068.6421,-262.036,-379.456
155,200,16,-2051.814,-167.078,309.76
159,200,16,-1896.756,-81.736,981.552
163,200,16,-1604.67,-15.626,1603.0079
167,200,16,-1171.9501,15.626,2133.4719
171,200,16,-627.444,-3.606,2507.1199
175,200,16,-24.04,-86.544,2673.616
179,200,16,549.314,-235.592,2613.6001
183,200,16,1010.882,-427.912,2363.856
187,200,16,1316.1901,-635.858,1990.208
191,200,16,1459.228,-823.37,1564.288
195,200,16,1460.4301,-974.822,1140.304
199,200,16,1358.26,-1074.588,766.656
203,200,16,1193.5861,-1127.4761,462.704
203,204,16,1140.698,-873.854,576.928
199,204,16,1260.8981,-795.724,861.52
195,204,16,1318.594,-677.928,1198.384
191,204,16,1278.928,-525.274,1566.224
187,204,16,1116.6581,-346.176,1922.448
183,204,16,819.764,-159.866,2220.592
179,204,16,399.064,2.404,2408.384
175,204,16,-109.382,115.392,2433.552
171,204,16,-639.464,163.472,2274.8
167,204,16,-1123.87,147.846,1937.936
163,204,16,-1512.116,80.534,1465.552
159,204,16,-1780.162,-21.636,907.984
155,204,16,-1920.796,-143.038,302.016
151,204,16,-1935.2201,-272.854,-319.44
147,204,16,-1824.636,-401.468,-931.216
143,204,16,-1583.0341,-518.062,-1506.208
139,204,16,-1208.01,-609.414,-1999.8879
135,204,16,-719.998,-657.494,-2361.9199
131,204,16,-164.674,-639.464,-2540.032
127,204,16,379.832,-546.91,-2514.864
123,204,16,845.006,-385.842,-2309.6479
119,204,16,1177.96,-173.088,-1982.464
115,204,16,1358.26,48.08,-1599.136
111,204,16,1400.3301,252.42,-1215.808
107,204,16,1339.0281,420.7,-873.136
103,204,16,1209.212,546.91,-590.48
99,204,16,1048.144,631.05,-371.712
95,204,16,881.066,677.928,-207.152
95,208,16,834.188,509.648,-276.848
99,208,16,970.014,444.74,-429.792
103,208,16,1092.618,348.58,-627.264
107,208,16,1181.566,216.36,-873.136
111,208,16,1210.4141,52.888,-1165.472
115,208,16,1146.708,-138.23,-1482.976
119,208,16,968.812,-337.762,-1792.736
123,208,16,669.514,-520.466,-2046.3519
127,208,16,263.238,-662.302,-2201.2319
131,208,16,-205.542,-734.422,-2210.9121
135,208,16,-688.746,-735.624,-2057.968
139,208,16,-1116.6581,-669.514,-1754.016
143,208,16,-1454.42,-557.728,-1330.032
147,208,16,-1677.9921,-417.094,-824.736
151,208,16,-1782.566,-268.046,-286.528
155,208,16,-1770.546,-115.392,269.104
159,208,16,-1644.3361,28.848,809.248
163,208,16,-1405.1381,151.452,1304.864
167,208,16,-1061.366,240.4,1719.168
171,208,16,-637.06,281.268,2017.312
175,208,16,-173.088,260.834,2168.3201
179,208,16,272.854,182.704,2170.2561
183,208,16,655.09,52.888,2038.608
187,208,16,941.166,-104.574,1802.416
191,208,16,1113.052,-269.248,1512.016
195,208,16,1179.162,-419.498,1198.384
199,208,16,1156.324,-546.91,898.304
203,208,16,1068.578,-641.868,638.88
203,212,16,976.024,-450.75,646.624
199,212,16,1032.5181,-346.176,873.136
195,212,16,1031.316,-218.764,1130.624
191,212,16,954.388,-74.524,1393.92
187,212,16,783.704,73.322,1632.048
183,212,16,521.668,206.744,1815.968
179,212,16,183.906,310.116,1912.7679
175,212,16,-203.138,366.61,1895.344
171,212,16,-601.0,367.812,1757.8879
167,212,16,-966.408,311.318,1504.272
163,212,16,-1266.9081,206.744,1148.048
159,212,16,-1479.662,66.11,724.064
155,212,16,-1591.448,-96.16,255.552
151,212,16,-1601.0641,-268.046,-224.576
147,212,16,-1506.1061,-435.124,-695.024
143,212,16,-1306.574,-587.778,-1126.752
139,212,16,-1012.084,-709.18,-1486.848
135,212,16,-644.272,-783.704,-1746.272
131,212,16,-239.198,-795.724,-1879.856
127,212,16,157.462,-742.836,-1883.728
123,212,16,506.042,-628.646,-1777.248
119,212,16,771.684,-473.588,-1585.584
115,212,16,942.368,-298.096,-1343.584
111,212,16,1022.902,-116.594,-1088.032
107,212,16,1022.902,44.474,-844.096
103,212,16,967.61,179.098,-631.136
99,212,16,877.46,282.47,-454.96
95,212,16,770.482,356.994,-315.568
95,216,16,700.766,236.794,-331.056
99,216,16,781.3,157.462,-453.024
103,216,16,845.006,52.888,-602.096
107,216,16,876.258,-74.524,-780.208
111,216,16,858.228,-222.37,-975.744
115,216,16,775.29,-378.63,-1179.024
119,216,16,615.424,-532.486,-1366.816
123,216,16,379.832,-668.312,-1510.08
127,216,16,82.938,-763.27,-1581.712
131,216,16,-250.016,-802.936,-1566.224
135,216,16,-590.182,-782.502,-1452.0
139,216,16,-902.702,-704.372,-1239.04
143,216,16,-1156.324,-579.364,-942.832
147,216,16,-1333.0181,-421.902,-580.8
151,216,16,-1419.562,-250.016,-187.792
155,216,16,-1414.754,-75.726,222.64
159,216,16,-1319.796,87.746,621.456
163,216,16,-1137.092,228.38,983.488
167,216,16,-878.662,337.762,1287.4399
171,216,16,-564.94,402.67,1508.144
175,216,16,-223.572,421.902,1633.984
179,216,16,111.786,388.246,1659.152
183,216,16,409.882,310.116,1591.392
187,216,16,647.878,199.532,1450.064
191,216,16,810.148,70.918,1256.464
195,216,16,895.49,-61.302,1037.696
199,216,16,913.52,-185.108,822.8
203,216,16,879.864,-290.884,627.264
203,220,16,777.694,-169.482,580.8
199,220,16,793.32,-66.11,743.424
195,220,16,765.674,49.282,921.536
191,220,16,681.534,169.482,1095.776
187,220,16,534.89,282.47,1252.592
183,220,16,324.54,375.024,1364.88
179,220,16,68.514,433.922,1413.28
175,220,16,-218.764,454.356,1386.176
171,220,16,-508.446,427.912,1277.76
167,220,16,-772.886,358.196,1091.9041
163,220,16,-991.65,248.814,838.288
159,220,16,-1146.708,106.978,536.272
155,220,16,-1227.2421,-56.494,207.152
151,220,16,-1228.444,-230.784,-131.648
147,220,16,-1153.92,-401.468,-456.896
143,220,16,-1002.468,-554.122,-753.104
139,220,16,-790.916,-676.726,-997.04
135,220,16,-534.89,-754.856,-1173.2159
131,220,16,-256.026,-781.3,-1273.8879
127,220,16,18.03,-757.26,-1300.9919
123,220,16,268.046,-685.14,-1256.464
119,220,16,471.184,-575.758,-1157.728
115,220,16,616.626,-445.942,-1018.336
111,220,16,701.968,-307.712,-861.52
107,220,16,733.22,-174.29,-706.64
103,220,16,723.604,-52.888,-561.44
99,220,16,683.938,51.686,-435.6
95,220,16,625.04,132.22,-331.056
95,224,16,550.516,57.696,-317.504
99,224,16,592.586,-20.434,-404.624
103,224,16,616.626,-112.988,-507.232
107,224,16,614.222,-219.966,-621.456
111,224,16,575.758,-336.56,-743.424
115,224,16,491.618,-454.356,-861.52
119,224,16,361.802,-563.738,-962.192
123,224,16,187.512,-651.484,-1029.952
127,224,16,-21.636,-706.776,-1053.184
131,224,16,-248.814,-719.998,-1022.208
135,224,16,-475.992,-688.746,-937.024
139,224,16,-686.342,-613.02,-795.696
143,224,16,-863.036,-500.032,-604.032
147,224,16,-990.448,-359.398,-367.84
151,224,16,-1057.76,-204.34,-106.48
155,224,16,-1058.962,-45.676,170.368
159,224,16,-995.256,105.776,443.344
163,224,16,-866.642,236.794,695.024
167,224,16,-682.736,343.772,907.984
171,224,16,-456.76,417.094,1066.736
175,224,16,-211.552,451.952,1161.6
179,224,16,32.454,448.346,1186.7679
183,224,16,253.622,403.872,1149.984
187,224,16,435.124,328.146,1062.864
191,224,16,567.344,231.986,940.896
195,224,16,649.08,125.008,801.504
199,224,16,682.736,20.434,660.176
203,224,16,680.332,-76.928,526.592
203,228,16,588.98,-12.02,464.64
199,228,16,582.97,75.726,571.12
195,228,16,544.506,168.28,681.472
191,228,16,468.78,262.036,791.824
187,228,16,353.388,343.772,884.752
183,228,16,199.532,406.276,952.512
179,228,16,14.424,439.932,979.616
175,228,16,-189.916,441.134,958.32
171,228,16,-395.458,405.074,880.88
167,228,16,-581.768,334.156,753.104
163,228,16,-736.826,233.188,578.864
159,228,16,-841.4,109.382,373.648
155,228,16,-895.49,-32.454,152.944
151,228,16,-893.086,-177.896,-73.568
147,228,16,-836.592,-318.53,-282.656
143,228,16,-732.018,-445.942,-470.448
139,228,16,-588.98,-546.91,-625.328
135,228,16,-418.296,-617.828,-741.488
131,228,16,-235.592,-651.484,-813.12
127,228,16,-51.686,-647.878,-846.032
123,228,16,121.402,-609.414,-836.352
119,228,16,268.046,-543.304,-791.824
115,228,16,382.236,-456.76,-720.192
111,228,16,459.164,-359.398,-633.072
107,228,16,501.234,-259.632,-542.08
103,228,16,514.456,-165.876,-451.088
99,228,16,503.638,-80.534,-369.776
95,228,16,478.396,-6.01,-298.144
95,232,16,412.286,-45.676,-272.976
99,232,16,429.114,-110.584,-331.056
103,232,16,429.114,-185.108,-396.88
107,232,16,411.084,-265.642,-464.64
111,232,16,367.812,-348.58,-532.4
115,232,16,298.096,-427.912,-596.288
119,232,16,199.532,-497.628,-644.688
123,232,16,76.928,-548.112,-673.728
127,232,16,-66.11,-574.556,-675.664
131,232,16,-215.158,-572.152,-648.56
135,232,16,-365.408,-538.496,-588.544
139,232,16,-503.638,-475.992,-495.616
143,232,16,-620.232,-387.044,-373.648
147,232,16,-706.776,-277.662,-224.576
151,232,16,-756.058,-156.26,-56.144
155,232,16,-758.462,-28.848,121.968
159,232,16,-713.988,94.958,302.016
163,232,16,-626.242,207.946,468.512
167,232,16,-498.83,302.904,609.84
171,232,16,-342.57,370.216,714.384
175,232,16,-171.886,408.68,776.336
179,232,16,-2.404,414.69,795.696
183,232,16,153.856,389.448,776.336
187,232,16,284.874,338.964,726.0
191,232,16,384.64,270.45,656.304
195,232,16,453.154,192.32,573.056
199,232,16,491.618,110.584,485.936
203,232,16,504.84,32.454,400.752
203,236,16,431.518,58.898,340.736
199,236,16,413.488,126.21,406.56
195,236,16,376.226,195.926,474.32
191,236,16,314.924,262.036,536.272
187,236,16,229.582,318.53,590.48
183,236,16,120.2,359.398,625.328
179,236,16,-7.212,378.63,636.944
175,236,16,-146.644,372.62,621.456
171,236,16,-286.076,338.964,573.056
167,236,16,-413.488,277.662,491.744
163,236,16,-518.062,193.522,381.392
159,236,16,-591.384,92.554,251.68
155,236,16,-627.444,-18.03,108.416
151,236,16,-626.242,-132.22,-32.912
147,236,16,-590.182,-239.198,-166.496
143,236,16,-521.668,-335.358,-286.528
139,236,16,-427.912,-413.488,-387.2
135,236,16,-316.126,-468.78,-462.704
131,236,16,-194.724,-500.032,-513.04
127,236,16,-73.322,-506.042,-540.144
123,236,16,42.07,-489.214,-544.016
119,236,16,145.442,-451.952,-526.592
115,236,16,229.582,-397.862,-491.744
111,236,16,290.884,-334.156,-447.216
107,236,16,332.954,-266.844,-396.88
103,236,16,354.59,-198.33,-344.608
99,236,16,359.398,-133.422,-294.272
95,236,16,353.388,-75.726,-245.872
95,240,16,299.298,-91.352,-222.64
99,240,16,301.702,-143.038,-259.424
103,240,16,292.086,-197.128,-298.144
107,240,16,269.248,-253.622,-336.864
111,240,16,230.784,-308.914,-373.648
115,240,16,175.492,-359.398,-404.624
119,240,16,104.574,-400.266,-427.856
123,240,16,20.434,-427.912,-437.536
127,240,16,-75.726,-438.73,-431.728
131,240,16,-174.29,-430.316,-408.496
135,240,16,-272.854,-401.468,-365.904
139,240,16,-363.004,-352.186,-303.952
143,240,16,-437.528,-286.076,-224.576
147,240,16,-492.82,-204.34,-129.712
151,240,16,-521.668,-112.988,-23.232
155,240,16,-521.668,-16.828,87.12
159,240,16,-490.416,79.332,197.472
163,240,16,-430.316,165.876,300.08
167,240,16,-346.176,239.198,385.264
171,240,16,-241.602,294.49,449.152
175,240,16,-127.412,324.54,489.808
179,240,16,-14.424,334.156,505.296
183,240,16,90.15,320.934,497.552
187,240,16,181.502,288.48,472.384
191,240,16,254.824,242.804,433.664
195,240,16,308.914,188.714,387.2
199,240,16,346.176,131.018,336.864
203,240,16,365.408,72.12,282.656
203,244,16,308.914,75.726,234.256
199,244,16,289.682,126.21,274.912
195,244,16,256.026,174.29,313.632
191,244,16,207.946,218.764,348.48
187,244,16,146.644,254.824,375.584
183,244,16,70.918,278.864,393.008
179,244,16,-14.424,289.682,394.944
175,244,16,-105.776,281.268,381.392
171,244,16,-195.926,254.824,350.416
167,244,16,-280.066,209.148,302.016
163,244,16,-349.782,146.644,236.192
159,244,16,-397.862,73.322,158.752
155,244,16,-424.306,-8.414,73.568
151,244,16,-426.71,-91.352,-13.552
147,244,16,-405.074,-169.482,-96.8
143,244,16,-364.206,-241.602,-172.304
139,244,16,-304.106,-299.298,-236.192
135,244,16,-233.188,-342.57,-288.464
131,244,16,-155.058,-369.014,-323.312
127,244,16,-74.524,-378.63,-346.544
123,244,16,3.606,-372.62,-354.288
119,244,16,74.524,-353.388,-350.416
115,244,16,134.624,-322.136,-334.928
111,244,16,181.502,-282.47,-313.632
107,244,16,216.36,-237.996,-286.528
103,244,16,239.198,-192.32,-257.488
99,244,16,251.218,-145.442,-228.448
95,244,16,253.622,-102.17,-199.408
95,248,16,213.956,-105.776,-176.176
99,248,16,209.148,-143.038,-199.408
103,248,16,197.128,-180.3,-222.64
107,248,16,174.29,-218.764,-243.936
111,248,16,143.038,-253.622,-263.296
115,248,16,102.17,-284.874,-278.784
119,248,16,51.686,-308.914,-286.528
123,248,16,-7.212,-322.136,-288.464
127,248,16,-69.716,-324.54,-278.784
131,248,16,-135.826,-313.722,-259.424
135,248,16,-198.33,-289.682,-230.384
139,248,16,-254.824,-252.42,-187.792
143,248,16,-301.702,-201.936,-137.456
147,248,16,-335.358,-143.038,-77.44
151,248,16,-350.984,-76.928,-11.616
155,248,16,-348.58,-8.414,54.208
159,248,16,-326.944,58.898,120.032
163,248,16,-286.076,121.402,180.048
167,248,16,-230.784,174.29,230.384
171,248,16,-163.472,212.754,269.104
175,248,16,-91.352,236.794,294.272
179,248,16,-16.828,245.208,305.888
183,248,16,52.888,239.198,305.888
187,248,16,116.594,219.966,294.272
191,248,16,169.482,192.32,274.912
195,248,16,210.35,155.058,249.744
199,248,16,241.602,115.392,218.768
203,248,16,262.036,73.322,187.792
203,248,20,233.188,38.464,176.176
199,248,20,215.158,73.322,203.28
195,248,20,187.512,105.776,230.384
191,248,20,150.25,134.624,251.68
187,248,20,103.372,158.664,269.104
183,248,20,49.282,174.29,276.848
179,248,20,-10.818,179.098,274.912
175,248,20,-73.322,171.886,261.36
171,248,20,-133.422,152.654,238.128
167,248,20,-188.714,122.604,201.344
163,248,20,-235.592,81.736,154.88
159,248,20,-269.248,32.454,102.608
155,248,20,-287.278,-20.434,44.528
151,248,20,-289.682,-75.726,-15.488
147,248,20,-277.662,-128.614,-73.568
143,248,20,-251.218,-175.492,-129.712
139,248,20,-212.754,-216.36,-176.176
135,248,20,-164.674,-246.41,-214.896
131,248,20,-111.786,-265.642,-243.936
127,248,20,-56.494,-275.258,-261.36
123,248,20,-1.202,-272.854,-271.04
119,248,20,48.08,-260.834,-271.04
115,248,20,92.554,-240.4,-265.232
111,248,20,129.816,-213.956,-251.68
107,248,20,157.462,-185.108,-234.256
103,248,20,176.694,-151.452,-214.896
99,248,20,189.916,-118.998,-193.6
95,248,20,193.522,-86.544,-172.304
95,244,20,228.38,-81.736,-191.664
99,244,20,225.976,-117.796,-218.768
103,244,20,215.158,-156.26,-245.872
107,244,20,193.522,-195.926,-272.976
111,244,20,162.27,-233.188,-296.208
115,244,20,120.2,-265.642,-315.568
119,244,20,68.514,-292.086,-327.184
123,244,20,8.414,-307.712,-329.12
127,244,20,-57.696,-313.722,-321.376
131,244,20,-126.21,-306.51,-300.08
135,244,20,-192.32,-284.874,-265.232
139,244,20,-252.42,-251.218,-218.768
143,244,20,-300.5,-205.542,-160.688
147,244,20,-335.358,-150.25,-94.864
151,244,20,-352.186,-90.15,-21.296
155,244,20,-350.984,-26.444,56.144
159,244,20,-329.348,36.06,129.712
163,244,20,-288.48,92.554,197.472
167,244,20,-231.986,141.836,257.488
171,244,20,-163.472,176.694,302.016
175,244,20,-88.948,199.532,332.992
179,244,20,-12.02,205.542,348.48
183,244,20,60.1,198.33,348.48
187,244,20,123.806,179.098,336.864
191,244,20,179.098,150.25,313.632
195,244,20,221.168,115.392,284.592
199,244,20,252.42,75.726,249.744
203,244,20,271.652,34.858,212.96
203,240,20,317.328,25.242,257.488
199,240,20,298.096,72.12,303.952
195,240,20,264.44,118.998,346.544
191,240,20,216.36,162.27,387.2
187,240,20,152.654,198.33,416.24
183,240,20,75.726,222.37,435.6
179,240,20,-10.818,233.188,437.536
175,240,20,-103.372,227.178,422.048
171,240,20,-195.926,204.34,383.328
167,240,20,-278.864,164.674,327.184
163,240,20,-347.378,109.382,251.68
159,240,20,-396.66,43.272,166.496
155,240,20,-421.902,-30.05,71.632
151,240,20,-423.104,-103.372,-25.168
147,240,20,-401.468,-174.29,-118.096
143,240,20,-358.196,-237.996,-201.344
139,240,20,-296.894,-290.884,-272.976
135,240,20,-222.37,-329.348,-329.12
131,240,20,-141.836,-352.186,-369.776
127,240,20,-58.898,-356.994,-393.008
123,240,20,21.636,-348.58,-400.752
119,240,20,93.756,-325.742,-394.944
115,240,20,155.058,-292.086,-377.52
111,240,20,201.936,-251.218,-350.416
107,240,20,236.794,-205.542,-317.504
103,240,20,258.43,-158.664,-282.656
99,240,20,268.046,-112.988,-247.808
95,240,20,268.046,-69.716,-214.896
95,236,20,313.722,-50.484,-234.256
99,236,20,318.53,-99.766,-278.784
103,236,20,311.318,-152.654,-323.312
107,236,20,290.884,-207.946,-367.84
111,236,20,253.622,-263.238,-412.368
115,236,20,198.33,-313.722,-449.152
119,236,20,126.21,-356.994,-476.256
123,236,20,40.868,-387.044,-489.808
127,236,20,-55.292,-402.67,-484.0
131,236,20,-156.26,-399.064,-458.832
135,236,20,-256.026,-375.024,-412.368
139,236,20,-347.378,-332.954,-344.608
143,236,20,-423.104,-274.056,-255.552
147,236,20,-477.194,-200.734,-152.944
151,236,20,-507.244,-121.402,-36.784
155,236,20,-506.042,-37.262,83.248
159,236,20,-475.992,44.474,203.28
163,236,20,-418.296,118.998,311.696
167,236,20,-334.156,181.502,406.56
171,236,20,-233.188,227.178,478.192
175,236,20,-121.402,252.42,522.72
179,236,20,-8.414,256.026,542.08
183,236,20,96.16,242.804,538.208
187,236,20,187.512,211.552,511.104
191,236,20,262.036,168.28,472.384
195,236,20,316.126,117.796,420.112
199,236,20,352.186,62.504,365.904
203,236,20,370.216,8.414,307.824
203,232,20,429.114,-21.636,356.224
199,232,20,413.488,40.868,427.856
195,232,20,376.226,103.372,499.488
191,232,20,314.924,163.472,565.312
187,232,20,230.784,216.36,619.52
183,232,20,123.806,254.824,654.368
179,232,20,-1.202,275.258,664.048
175,232,20,-134.624,274.056,642.752
171,232,20,-268.046,248.814,588.544
167,232,20,-390.65,200.734,501.424
163,232,20,-490.416,133.422,387.2
159,232,20,-561.334,50.484,249.744
155,232,20,-597.394,-42.07,102.608
151,232,20,-597.394,-138.23,-48.4
147,232,20,-562.536,-229.582,-191.664
143,232,20,-496.426,-312.52,-319.44
139,232,20,-403.872,-378.63,-427.856
135,232,20,-292.086,-424.306,-511.104
131,232,20,-170.684,-448.346,-567.248
127,232,20,-49.282,-448.346,-594.352
123,232,20,66.11,-426.71,-596.288
119,232,20,168.28,-388.246,-574.992
115,232,20,251.218,-334.156,-536.272
111,232,20,311.318,-271.652,-484.0
107,232,20,350.984,-205.542,-427.856
103,232,20,370.216,-139.432,-367.84
99,232,20,372.62,-79.332,-311.696
95,232,20,361.802,-24.04,-257.488
95,228,20,418.296,15.626,-276.848
99,228,20,437.528,-44.474,-340.736
103,228,20,442.336,-112.988,-412.368
107,228,20,426.71,-186.31,-487.872
111,228,20,388.246,-264.44,-563.376
115,228,20,319.732,-340.166,-635.008
119,228,20,225.976,-406.276,-689.216
123,228,20,104.574,-457.962,-724.064
127,228,20,-34.858,-490.416,-727.936
131,228,20,-182.704,-495.224,-698.896
135,228,20,-330.55,-472.386,-635.008
139,228,20,-466.376,-423.104,-536.272
143,228,20,-579.364,-350.984,-404.624
147,228,20,-662.302,-259.632,-245.872
151,228,20,-705.574,-159.866,-69.696
155,228,20,-705.574,-55.292,114.224
159,228,20,-662.302,45.676,296.208
163,228,20,-578.162,134.624,464.64
167,228,20,-457.962,206.744,605.968
171,228,20,-311.318,257.228,712.448
175,228,20,-151.452,281.268,778.272
179,228,20,8.414,280.066,805.376
183,228,20,156.26,253.622,789.888
187,228,20,281.268,206.744,743.424
191,228,20,379.832,145.442,673.728
195,228,20,445.942,75.726,588.544
199,228,20,483.204,3.606,497.552
203,228,20,495.224,-64.908,408.496
203,224,20,566.142,-126.21,456.896
199,224,20,560.132,-51.686,565.312
195,224,20,524.072,27.646,677.6
191,224,20,453.154,108.18,784.08
187,224,20,343.772,180.3,875.072
183,224,20,199.532,237.996,937.024
179,224,20,27.646,274.056,958.32
175,224,20,-159.866,282.47,931.216
171,224,20,-347.378,263.238,853.776
167,224,20,-520.466,213.956,726.0
163,224,20,-662.302,139.432,557.568
159,224,20,-764.472,44.474,356.224
155,224,20,-817.36,-64.908,135.52
151,224,20,-817.36,-177.896,-89.056
147,224,20,-768.078,-288.48,-303.952
143,224,20,-669.514,-388.246,-499.488
139,224,20,-532.486,-466.376,-660.176
135,224,20,-369.014,-516.86,-782.144
131,224,20,-191.118,-537.294,-857.648
127,224,20,-13.222,-525.274,-886.688
123,224,20,151.452,-484.406,-873.136
119,224,20,290.884,-419.498,-822.8
115,224,20,399.064,-337.762,-747.296
111,224,20,471.184,-248.814,-654.368
107,224,20,508.446,-158.664,-557.568
103,224,20,518.062,-72.12,-458.832
99,224,20,504.84,3.606,-371.712
95,224,20,475.992,68.514,-294.272
95,220,20,537.294,138.23,-303.952
99,220,20,581.768,73.322,-394.944
103,220,20,608.212,-6.01,-499.488
107,220,20,609.414,-99.766,-619.52
111,220,20,575.758,-199.532,-743.424
115,220,20,500.032,-304.106,-865.392
119,220,20,381.034,-400.266,-968.0
123,220,20,218.764,-482.002,-1041.568
127,220,20,22.838,-538.496,-1068.672
131,220,20,-189.916,-560.132,-1041.568
135,220,20,-405.074,-545.708,-956.384
139,220,20,-603.404,-495.224,-813.12
143,220,20,-766.876,-414.69,-617.584
147,220,20,-883.47,-312.52,-381.392
151,220,20,-942.368,-198.33,-121.968
155,220,20,-942.368,-81.736,147.136
159,220,20,-879.864,30.05,412.368
163,220,20,-759.664,125.008,652.432
167,220,20,-591.384,199.532,853.776
171,220,20,-389.448,245.208,1004.784
175,220,20,-167.078,260.834,1095.776
179,220,20,51.686,242.804,1124.816
183,220,20,250.016,197.128,1093.84
187,220,20,415.892,129.816,1014.464
191,220,20,536.092,46.878,902.176
195,220,20,611.818,-43.272,768.592
199,220,20,643.07,-129.816,631.136
203,220,20,640.666,-207.946,499.488
203,216,20,717.594,-313.722,528.528
199,216,20,732.018,-234.39,683.408
195,216,20,706.776,-143.038,849.904
191,216,20,632.252,-44.474,1010.592
187,216,20,501.234,50.484,1151.92
183,216,20,318.53,132.22,1254.528
179,216,20,92.554,193.522,1297.12
175,216,20,-159.866,224.774,1271.952
171,216,20,-415.892,221.168,1171.28
167,216,20,-651.484,182.704,998.976
163,216,20,-847.41,111.786,762.784
159,216,20,-988.044,16.828,482.064
155,216,20,-1062.568,-94.958,170.368
151,216,20,-1066.1741,-213.956,-152.944
147,216,20,-1000.064,-329.348,-462.704
143,216,20,-866.642,-432.72,-745.36
139,216,20,-674.322,-512.052,-979.616
135,216,20,-439.932,-558.93,-1149.984
131,216,20,-185.108,-566.142,-1246.7839
127,216,20,66.11,-534.89,-1270.016
123,216,20,294.49,-466.376,-1225.488
119,216,20,478.396,-369.014,-1124.816
115,216,20,609.414,-257.228,-989.296
111,216,20,685.14,-139.432,-834.416
107,216,20,712.786,-24.04,-681.472
103,216,20,700.766,76.928,-536.272
99,216,20,657.494,159.866,-408.496
95,216,20,598.596,224.774,-302.016
95,212,20,656.292,329.348,-286.528
99,212,20,735.624,269.248,-404.624
103,212,20,796.926,187.512,-551.76
107,212,20,829.38,85.342,-722.128
111,212,20,814.956,-32.454,-909.92
115,212,20,742.836,-161.068,-1101.584
119,212,20,603.404,-289.682,-1277.76
123,212,20,396.66,-402.67,-1413.28
127,212,20,133.422,-488.012,-1482.976
131,212,20,-163.472,-537.294,-1467.488
135,212,20,-465.174,-540.9,-1361.0079
139,212,20,-739.23,-501.234,-1161.6
143,212,20,-961.6,-427.912,-888.624
147,212,20,-1116.6581,-331.752,-557.568
151,212,20,-1192.384,-224.774,-195.536
155,212,20,-1187.576,-114.19,178.112
159,212,20,-1101.032,-10.818,540.144
163,212,20,-941.166,75.726,867.328
167,212,20,-713.988,137.028,1142.24
171,212,20,-442.336,165.876,1341.6479
175,212,20,-146.644,156.26,1452.0
179,212,20,141.836,110.584,1471.36
183,212,20,396.66,33.656,1409.408
187,212,20,598.596,-64.908,1281.632
191,212,20,735.624,-171.886,1109.328
195,212,20,807.744,-276.46,913.792
199,212,20,822.168,-370.216,720.192
203,212,20,790.916,-448.346,540.144
203,208,20,859.43,-607.01,522.72
199,208,20,911.116,-534.89,724.064
195,208,20,913.52,-442.336,948.64
191,208,20,851.016,-332.954,1179.024
187,208,20,713.988,-215.158,1388.1119
183,208,20,497.628,-99.766,1552.672
179,208,20,216.36,-4.808,1641.728
175,208,20,-109.382,62.504,1632.048
171,208,20,-447.144,90.15,1513.952
167,208,20,-758.462,76.928,1293.248
163,208,20,-1015.69,30.05,983.488
159,208,20,-1198.394,-43.272,609.84
155,208,20,-1296.958,-134.624,195.536
151,208,20,-1305.3721,-231.986,-228.448
147,208,20,-1222.4341,-326.944,-640.816
143,208,20,-1049.3461,-411.084,-1024.144
139,208,20,-798.128,-472.386,-1341.6479
135,208,20,-483.204,-500.032,-1572.032
131,208,20,-134.624,-485.608,-1692.064
127,208,20,205.542,-425.508,-1699.808
123,208,20,504.84,-324.54,-1601.072
119,208,20,733.22,-193.522,-1426.832
115,208,20,882.268,-46.878,-1208.064
111,208,20,948.378,94.958,-971.872
107,208,20,945.974,221.168,-749.232
103,208,20,893.086,324.54,-549.824
99,208,20,810.148,402.67,-383.328
95,208,20,709.18,455.558,-249.744
95,204,20,750.048,597.394,-189.728
99,204,20,875.056,557.728,-329.12
103,204,20,988.044,489.214,-511.104
107,204,20,1068.578,393.054,-737.616
111,204,20,1095.022,268.046,-997.04
115,204,20,1043.3361,122.604,-1279.696
119,204,20,895.49,-33.656,-1550.736
123,204,20,646.676,-180.3,-1773.376
127,204,20,308.914,-304.106,-1905.024
131,204,20,-81.736,-388.246,-1912.7679
135,204,20,-479.598,-421.902,-1784.9919
139,204,20,-837.794,-412.286,-1525.568
143,204,20,-1121.4661,-369.014,-1167.408
147,204,20,-1313.786,-306.51,-739.552
151,204,20,-1405.1381,-231.986,-274.912
155,204,20,-1395.522,-156.26,201.344
159,204,20,-1287.342,-88.948,664.048
163,204,20,-1083.0021,-37.262,1082.224
167,204,20,-793.32,-12.02,1430.704
171,204,20,-442.336,-20.434,1676.576
175,204,20,-61.302,-69.716,1798.5439
179,204,20,304.106,-157.462,1790.8
183,204,20,613.02,-274.056,1670.7679
187,204,20,838.996,-405.074,1465.552
191,204,20,972.418,-531.284,1213.8719
195,204,20,1019.296,-643.07,946.704
199,204,20,994.054,-730.816,693.088
203,204,20,918.328,-792.118,468.512
203,200,20,960.398,-995.256,369.776
199,200,20,1066.1741,-951.984,605.968
195,200,20,1121.4661,-873.854,882.816
191,200,20,1099.8301,-765.674,1188.704
187,200,20,980.832,-631.05,1486.848
183,200,20,751.25,-486.81,1742.4
179,200,20,421.902,-348.58,1905.024
175,200,20,20.434,-233.188,1939.8719
171,200,20,-403.872,-156.26,1821.776
167,200,20,-795.724,-120.2,1562.3521
163,200,20,-1119.062,-118.998,1179.024
159,200,20,-1345.038,-143.038,722.128
155,200,20,-1466.4401,-185.108,216.832
151,200,20,-1478.4601,-233.188,-307.824
147,200,20,-1382.3,-281.268,-818.928
143,200,20,-1173.152,-319.732,-1295.184
139,200,20,-860.632,-337.762,-1695.936
135,200,20,-461.568,-323.338,-1982.464
131,200,20,-16.828,-268.046,-2117.9839
127,200,20,417.094,-168.28,-2094.752
123,200,20,794.522,-21.636,-1922.448
119,200,20,1061.366,143.038,-1647.536
115,200,20,1208.01,314.924,-1320.3521
111,200,20,1240.464,465.174,-989.296
107,200,20,1183.97,587.778,-691.152
103,200,20,1072.184,676.726,-441.408
99,200,20,929.146,730.816,-245.872
95,200,20,776.492,756.058,-98.736
95,196,20,782.502,920.732,25.168
99,196,20,962.802,917.126,-116.16
103,196,20,1140.698,881.066,-317.504
107,196,20,1293.3521,810.148,-586.608
111,196,20,1387.108,698.362,-919.6
115,196,20,1383.5021,550.516,-1300.9919
119,196,20,1250.0801,378.63,-1688.192
123,196,20,974.822,204.34,-2023.12
127,196,20,569.748,42.07,-2243.824
131,196,20,87.746,-90.15,-2294.1599
135,196,20,-405.074,-175.492,-2158.6399
139,196,20,-847.41,-223.572,-1854.688
143,196,20,-1192.384,-240.4,-1422.96
147,196,20,-1419.562,-234.39,-906.048
151,196,20,-1524.136,-221.168,-354.288
155,196,20,-1509.712,-206.744,211.024
159,196,20,-1376.29,-200.734,760.848
163,196,20,-1129.88,-211.552,1254.528
167,196,20,-776.492,-247.612,1659.152
171,196,20,-343.772,-318.53,1932.1279
175,196,20,122.604,-426.71,2040.5439
179,196,20,557.728,-567.344,1974.72
183,196,20,903.904,-726.008,1761.76
187,196,20,1131.082,-883.47,1452.0
191,196,20,1229.646,-1021.7,1103.52
195,196,20,1216.4241,-1122.668,762.784
199,196,20,1122.668,-1185.172,460.768
203,196,20,982.034,-1209.212,216.832
203,192,20,978.428,-1420.764,11.616
199,192,20,1156.324,-1420.764,249.744
195,192,20,1294.5541,-1377.4921,563.376
191,192,20,1349.8461,-1286.14,937.024
187,192,20,1284.938,-1152.718,1333.9041
183,192,20,1072.184,-988.044,1703.6799
179,192,20,718.796,-812.552,1974.72
175,192,20,258.43,-646.676,2085.072
171,192,20,-244.006,-508.446,2001.824
167,192,20,-712.786,-401.468,1730.7839
163,192,20,-1097.426,-325.742,1310.672
159,192,20,-1367.876,-275.258,791.824
155,192,20,-1513.318,-241.602,212.96
151,192,20,-1532.55,-215.158,-387.2
147,192,20,-1423.168,-189.916,-975.744
143,192,20,-1180.364,-156.26,-1525.568
139,192,20,-810.148,-104.574,-1984.4
135,192,20,-334.156,-24.04,-2299.968
131,192,20,200.734,92.554,-2427.7439
127,192,20,726.008,253.622,-2346.4319
123,192,20,1156.324,438.73,-2075.3921
119,192,20,1437.592,632.252,-1680.448
115,192,20,1554.186,808.946,-1231.296
111,192,20,1521.7321,953.186,-801.504
107,192,20,1384.704,1050.548,-437.536
103,192,20,1189.98,1103.436,-154.88
99,192,20,976.024,1115.4561,48.4
95,192,20,768.078,1095.022,181.984
95,188,20,728.412,1254.8881,377.52
99,188,20,964.004,1299.3621,263.296
103,188,20,1216.4241,1312.584,75.504
107,188,20,1460.4301,1284.938,-211.024
111,188,20,1647.942,1206.808,-598.224
115,188,20,1726.072,1079.396,-1070.608
119,188,20,1641.932,911.116,-1579.776
123,188,20,1370.28,718.796,-2048.2881
127,188,20,924.338,520.466,-2379.344
131,188,20,373.822,340.166,-2505.1841
135,188,20,-203.138,182.704,-2396.7681
139,188,20,-717.594,60.1,-2081.2
143,188,20,-1114.254,-37.262,-1610.752
147,188,20,-1377.4921,-120.2,-1039.632
151,188,20,-1494.0861,-193.522,-423.984
155,188,20,-1472.4501,-266.844,203.28
159,188,20,-1314.988,-348.58,805.376
163,188,20,-1026.5081,-445.942,1339.712
167,188,20,-613.02,-566.142,1765.632
171,188,20,-112.988,-711.584,2025.056
175,188,20,420.7,-884.672,2079.2639
179,188,20,901.5,-1074.588,1916.64
183,188,20,1254.8881,-1263.302,1583.6479
187,188,20,1443.6021,-1431.582,1151.92
191,188,20,1465.238,-1555.3881,702.768
195,188,20,1358.26,-1628.7101,302.016
199,188,20,1170.748,-1650.3461,-17.424
203,188,20,948.378,-1622.7001,-245.872
203,184,20,893.086,-1803.0,-549.824
199,184,20,1156.324,-1853.484,-344.608
195,184,20,1397.926,-1857.0901,-34.848
191,184,20,1562.6,-1801.798,381.392
187,184,20,1591.448,-1687.608,869.264
183,184,20,1438.7941,-1522.9341,1361.0079
179,184,20,1097.426,-1327.0081,1761.76
175,184,20,609.414,-1119.062,1982.464
171,184,20,55.292,-917.126,1974.72
167,184,20,-473.588,-735.624,1742.4
163,184,20,-908.712,-572.152,1326.16
159,184,20,-1218.828,-426.71,787.952
155,184,20,-1388.3101,-294.49,176.176
151,184,20,-1412.35,-169.482,-462.704
147,184,20,-1293.3521,-46.878,-1091.9041
143,184,20,-1022.902,84.14,-1670.7679
139,184,20,-604.606,225.976,-2147.0239
135,184,20,-60.1,391.852,-2452.9119
131,184,20,546.91,584.172,-2530.3521
127,184,20,1122.668,793.32,-2358.0481
123,184,20,1574.62,1012.084,-1963.104
119,184,20,1830.646,1209.212,-1430.704
115,184,20,1877.524,1371.4821,-863.456
111,184,20,1748.91,1479.662,-348.48
107,184,20,1507.308,1530.146,58.08
103,184,20,1216.4241,1526.54,340.736
99,184,20,926.742,1482.066,514.976
95,184,20,665.908,1406.34,607.904
95,180,20,576.96,1531.348,871.2
99,180,20,863.036,1629.912,815.056
103,180,20,1192.384,1700.8301,675.664
107,180,20,1536.156,1730.88,412.368
111,180,20,1839.0601,1706.8401,9.68
115,180,20,2031.38,1620.296,-530.464
119,180,20,2036.188,1476.056,-1148.048
123,180,20,1812.6161,1288.5441,-1748.208
127,180,20,1369.078,1070.9821,-2216.72
131,180,20,783.704,847.41,-2450.9761
135,180,20,153.856,627.444,-2418.064
139,180,20,-409.882,417.094,-2137.344
143,180,20,-848.612,221.168,-1674.64
147,180,20,-1133.486,34.858,-1097.712
151,180,20,-1259.696,-147.846,-474.32
155,180,20,-1232.05,-331.752,164.56
159,180,20,-1056.558,-520.466,772.464
163,180,20,-734.422,-718.796,1299.056
167,180,20,-281.268,-927.944,1694.0
171,180,20,264.44,-1146.708,1891.472
175,180,20,829.38,-1375.088,1846.944
179,180,20,1312.584,-1592.65,1558.48
183,180,20,1628.7101,-1787.374,1088.032
187,180,20,1736.89,-1938.826,534.336
191,180,20,1649.144,-2032.582,9.68
195,180,20,1420.764,-2063.834,-420.112
199,180,20,1121.4661,-2036.188,-720.192
203,180,20,812.552,-1958.058,-898.304
203,176,20,707.978,-2078.2581,-1275.824
199,176,20,1058.962,-2179.2261,-1136.432
195,176,20,1412.35,-2230.9121,-861.52
191,176,20,1706.8401,-2222.498,-433.664
187,176,20,1859.494,-2147.9741,112.288
183,176,20,1806.6061,-2007.3401,708.576
179,176,20,1526.54,-1812.6161,1240.976
175,176,20,1056.558,-1581.832,1593.328
171,176,20,491.618,-1333.0181,1697.8719
167,176,20,-64.908,-1078.194,1546.864
163,176,20,-531.284,-824.572,1188.704
159,176,20,-863.036,-578.162,687.28
155,176,20,-1044.538,-334.156,102.608
151,176,20,-1075.79,-94.958,-514.976
147,176,20,-949.58,143.038,-1120.944
143,176,20,-659.898,382.236,-1676.576
139,176,20,-210.35,627.444,-2112.176
135,176,20,367.812,879.864,-2358.0481
131,176,20,1004.872,1133.486,-2344.4961
127,176,20,1590.246,1376.29,-2046.3519
123,176,20,2013.3501,1597.458,-1510.08
119,176,20,2198.458,1776.556,-847.968
115,176,20,2138.3582,1895.5541,-178.112
111,176,20,1887.14,1948.442,385.264
107,176,20,1526.54,1936.422,789.888
103,176,20,1135.89,1871.514,1033.824
99,176,20,771.684,1769.344,1144.176
95,176,20,461.568,1638.326,1159.6639
95,172,20,324.54,1706.8401,1467.488
99,172,20,652.686,1853.484,1502.3359
103,172,20,1051.75,1978.4921,1442.3199
107,172,20,1495.2881,2067.4399,1239.04
111,172,20,1921.998,2107.106,859.584
115,172,20,2247.74,2081.864,298.144
119,172,20,2378.7581,1985.704,-394.944
123,172,20,2251.3459,1827.04,-1111.264
127,172,20,1864.302,1611.8821,-1713.36
131,172,20,1295.756,1365.472,-2081.2
135,172,20,661.1,1096.224,-2158.6399
139,172,20,80.534,813.754,-1966.976
143,172,20,-371.418,521.668,-1575.9039
147,172,20,-663.504,221.168,-1057.056
151,172,20,-792.118,-75.726,-485.936
155,172,20,-765.674,-377.428,92.928
159,172,20,-584.172,-677.928,635.008
163,172,20,-254.824,-974.822,1091.9041
167,172,20,206.744,-1266.9081,1397.792
171,172,20,754.856,-1545.772,1488.7839
175,172,20,1306.574,-1806.6061,1314.5439
179,172,20,1745.3041,-2032.582,890.56
183,172,20,1977.29,-2210.478,298.144
187,172,20,1968.876,-2328.2739,-342.672
191,172,20,1748.91,-2378.7581,-909.92
195,172,20,1388.3101,-2359.5261,-1331.968
199,172,20,976.024,-2283.8,-1583.6479
203,172,20,580.566,-2161.196,-1682.384
203,168,20,431.518,-2197.2561,-2100.5601
199,168,20,864.238,-2341.4961,-2050.2239
195,168,20,1330.614,-2442.4641,-1837.264
191,168,20,1754.92,-2486.938,-1432.64
187,168,20,2048.208,-2464.1001,-861.52
183,168,20,2123.9341,-2366.738,-193.6
179,168,20,1950.8461,-2203.2661,443.344
175,168,20,1555.3881,-1974.886,927.344
171,168,20,1030.114,-1698.426,1163.536
167,168,20,495.224,-1388.3101,1134.496
163,168,20,38.464,-1056.558,886.688
159,168,20,-288.48,-711.584,487.872
155,168,20,-471.184,-358.196,0.0
151,168,20,-501.234,0.0,-526.592
147,168,20,-376.226,352.186,-1041.568
143,168,20,-87.746,706.776,-1504.272
139,168,20,356.994,1048.144,-1839.2
135,168,20,925.54,1371.4821,-1972.7839
131,168,20,1542.166,1659.962,-1831.4559
127,168,20,2079.46,1908.776,-1397.792
123,168,20,2422.03,2102.2981,-727.936
119,168,20,2492.948,2228.5081,38.72
115,168,20,2299.426,2281.396,760.848
111,168,20,1909.978,2268.1741,1331.968
107,168,20,1427.9761,2193.6501,1692.064
103,168,20,938.762,2068.6421,1860.496
99,168,20,509.648,1913.584,1874.048
95,168,20,161.068,1740.496,1788.864
95,164,20,-20.434,1730.88,2110.24
99,164,20,337.762,1915.988,2255.4399
103,164,20,793.32,2089.0759,2299.968
107,164,20,1325.806,2233.3162,2189.616
111,164,20,1872.7161,2341.4961,1872.1119
115,164,20,2337.8901,2387.1721,1330.032
119,164,20,2613.1479,2360.728,609.84
123,164,20,2621.562,2263.366,-176.176
127,164,20,2347.5061,2090.2781,-890.56
131,164,20,1860.696,1851.0801,-1386.176
135,164,20,1282.5341,1545.772,-1599.136
139,164,20,738.028,1203.202,-1544.928
143,164,20,311.318,826.976,-1285.504
147,164,20,30.05,426.71,-900.24
151,164,20,-92.554,18.03,-460.768
155,164,20,-68.514,-391.852,-17.424
159,164,20,99.766,-796.926,389.136
163,164,20,407.478,-1183.97,704.704
167,164,20,835.39,-1544.5701,869.264
171,164,20,1334.22,-1869.11,816.992
175,164,20,1810.212,-2144.3679,509.168
179,164,20,2146.772,-2355.9199,-32.912
183,164,20,2254.9521,-2495.3521,-712.448
187,164,20,2105.9041,-2560.26,-1401.6639
191,164,20,1742.9,-2550.644,-1974.72
195,164,20,1253.686,-2478.5239,-2358.0481
199,164,20,733.22,-2351.1121,-2532.2881
203,164,20,262.036,-2187.6401,-2530.3521
203,160,20,75.726,-2127.54,-2954.3359
199,160,20,572.152,-2309.042,-3014.3521
195,160,20,1135.89,-2461.696,-2890.448
191,160,20,1688.8101,-2566.27,-2543.9041
187,160,20,2121.53,-2609.542,-1990.208
183,160,20,2348.708,-2578.29,-1297.12
179,160,20,2319.8601,-2464.1001,-590.48
175,160,20,2054.218,-2263.366,-3.872
171,160,20,1640.73,-1984.5021,365.904
167,160,20,1191.182,-1639.5281,489.808
163,160,20,790.916,-1240.464,410.432
159,160,20,500.032,-811.35,181.984
155,160,20,337.762,-359.398,-131.648
151,160,20,311.318,105.776,-485.936
147,160,20,426.71,568.546,-830.544
143,160,20,686.342,1018.094,-1122.88
139,160,20,1084.204,1433.9861,-1293.248
135,160,20,1586.64,1803.0,-1264.208
131,160,20,2113.116,2107.106,-969.936
127,160,20,2532.614,2328.2739,-408.496
123,160,20,2736.9541,2461.696,350.416
119,160,20,2660.0261,2513.3821,1159.6639
115,160,20,2318.658,2486.938,1881.792
111,160,20,1792.182,2395.5859,2402.5759
107,160,20,1197.192,2253.75,2681.3601
103,160,20,627.444,2075.854,2737.5039
99,160,20,149.048,1878.7261,2631.0239
95,160,20,-213.956,1675.588,2427.7439
95,156,20,-420.7,1572.2161,2729.76
99,156,20,-62.504,1776.556,2996.928
103,156,20,424.306,1985.704,3171.168
107,156,20,1020.498,2187.6401,3184.72
111,156,20,1665.972,2365.5361,2971.76
115,156,20,2262.1641,2497.7561,2505.1841
119,156,20,2688.874,2563.866,1821.776
123,156,20,2861.9622,2548.24,1028.016
127,156,20,2756.186,2437.656,257.488
131,156,20,2429.2419,2230.9121,-344.608
135,156,20,1984.5021,1926.806,-710.512
139,156,20,1537.358,1536.156,-836.352
143,156,20,1177.96,1096.224,-778.272
147,156,20,936.358,615.424,-605.968
151,156,20,828.178,123.806,-383.328
155,156,20,845.006,-376.226,-156.816
159,156,20,983.236,-866.642,30.976
163,156,20,1236.858,-1322.2001,133.584
167,156,20,1581.832,-1734.4861,98.736
171,156,20,1962.8661,-2085.47,-121.968
175,156,20,2297.022,-2357.1221,-563.376
179,156,20,2474.918,-2535.0181,-1192.576
183,156,20,2418.4241,-2616.7542,-1914.704
187,156,20,2111.9141,-2608.3401,-2600.0481
191,156,20,1605.8721,-2526.604,-3126.6399
195,156,20,998.862,-2387.1721,-3426.72
199,156,20,393.054,-2208.074,-3492.5439
203,156,20,-131.018,-2006.1381,-3368.6399
203,152,20,-342.57,-1836.656,-3753.9041
199,152,20,187.512,-2048.208,-3951.376
195,152,20,820.966,-2251.3459,-3955.248
191,152,20,1476.056,-2426.8381,-3720.9919
187,152,20,2050.6121,-2549.4421,-3246.6719
183,152,20,2443.666,-2596.3201,-2588.4319
179,152,20,2597.522,-2544.634,-1870.176
175,152,20,2520.594,-2387.1721,-1210.0
171,152,20,2280.1941,-2121.53,-702.768
167,152,20,1974.886,-1762.1321,-389.136
163,152,20,1682.8,-1330.614,-245.872
159,152,20,1460.4301,-849.814,-228.448
155,152,20,1333.0181,-331.752,-288.464
151,152,20,1316.1901,209.148,-387.2
147,152,20,1409.946,735.624,-478.192
143,152,20,1617.8921,1246.474,-518.848
139,152,20,1929.2101,1706.8401,-449.152
135,152,20,2304.2341,2096.2881,-209.088
131,152,20,2662.4299,2384.7681,247.808
127,152,20,2895.6182,2562.6641,906.048
123,152,20,2907.6379,2627.572,1695.936
119,152,20,2649.208,2591.512,2476.144
115,152,20,2151.5801,2474.918,3118.896
111,152,20,1503.702,2297.022,3525.4561
107,152,20,823.37,2081.864,3668.72
103,152,20,210.35,1852.282,3581.6001
99,152,20,-277.662,1629.912,3337.6641
95,152,20,-631.05,1415.9561,3008.5439
