# vtk DataFile Version 3.0
Magnetic Field Scan Structured
ASCII
DATASET STRUCTURED_POINTS
DIMENSIONS 56 21 6
ORIGIN 95 110 0
SPACING 2 2 2
POINT_DATA 7056
SCALARS B_Magnitude double 1
LOOKUP_TABLE default
5603.579039
6048.998999
6523.554411
7024.227184
7547.031818
8081.507577
8612.292664
9122.177798
9594.729284
10011.388177
10354.101746
10609.549827
10768.886789
10829.707147
10781.709766
10644.834601
10425.601806
10134.031475
9790.556803
9411.968728
9008.915722
8608.859171
8220.997395
7863.221066
7545.209573
7271.271310
7053.209328
6898.408362
6807.678363
6776.714669
6811.656462
6908.946399
7070.211990
7287.477739
7557.500780
7872.336345
8225.579549
8599.662424
8984.879874
9365.081750
9722.427554
10036.136718
10292.665519
10476.650666
10568.773728
10570.193811
10475.837178
10289.012622
10013.143800
9663.168895
9251.002680
8794.096570
8300.879890
7806.061227
7303.466371
6806.632975
6023.686993
6545.962049
7111.545656
7705.582782
8334.214387
8985.089849
9630.807310
10261.826413
10848.601276
11366.883113
11792.521945
12104.697924
12293.493749
12357.768192
12289.561028
12098.981391
11796.975276
11408.082792
10953.743835
10443.337543
9921.233377
9394.788979
8907.030117
8464.149670
8073.447258
7751.627756
7504.962971
7336.094679
7239.440254
7220.859154
7275.051493
7404.319767
7605.110663
7877.341887
8211.411268
8605.201357
9047.021006
9523.243981
10019.719035
10507.047438
10968.938451
11368.232147
11700.623890
11934.255540
12055.610616
12053.465223
11924.355564
11679.966241
11333.060058
10887.393522
10367.059176
9792.516891
9185.574520
8579.803926
7977.724624
7398.463200
6430.504131
7022.745461
7675.651188
8375.528393
9135.954785
9929.840901
10738.116475
11532.805789
12278.383392
12946.525512
13495.063846
13898.533751
14145.038076
14224.445603
14135.763395
13891.763611
13504.513429
13005.629412
12419.331234
11774.117735
11105.062132
10449.835564
9830.220975
9276.870865
8793.314955
8391.613063
8084.317066
7861.021354
7726.188772
7687.698617
7744.965856
7893.222925
8136.385275
8462.343025
8876.173572
9360.757245
9915.589731
10518.066286
11140.060524
11770.956468
12368.671877
12900.069182
13334.477971
13640.617111
13807.461766
13828.457212
13688.948505
13399.952242
12966.009087
12414.900556
11763.320500
11048.374926
10299.166426
9549.781159
8813.234021
8112.235819
6896.416324
7586.425431
8351.095978
9187.435289
10094.525193
11067.714424
12073.470262
13082.024161
14027.122647
14873.287928
15563.677405
16068.097171
16363.912554
16444.168225
16307.948044
15970.940520
15450.515989
14782.709052
14002.812336
13140.390295
12261.074675
11410.033614
10629.842350
9935.429090
9347.153600
8864.676944
8500.625366
8252.612201
8115.356939
8083.895805
8163.776924
8352.538888
8655.615674
9054.894410
9561.230835
10165.072752
10864.210230
11632.999451
12442.600131
13260.326636
14046.033020
14743.495075
15312.145593
15710.589683
15927.340006
15946.558916
15766.505905
15388.693965
14827.687627
14104.792248
13262.872854
12354.120201
11414.557651
10492.740094
9598.070488
8779.316901
7312.452312
8087.550871
8963.253704
9939.271738
11032.482939
12228.181146
13494.228345
14783.271913
16022.569497
17132.992165
18004.808081
18556.022200
18895.553043
19031.757191
18951.441132
18566.038609
17884.079560
16992.114541
15956.283899
14828.642236
13686.967314
12599.645569
11614.339821
10763.451695
10037.442714
9455.391321
9008.720756
8696.312020
8514.608769
8463.672594
8542.289530
8758.627018
9103.580969
9578.163556
10189.855049
10937.895320
11809.295222
12791.899293
13836.346727
14915.685275
15953.847713
16876.900609
17618.196729
18143.334889
18382.272320
18379.624974
18179.130884
17772.091662
17101.803018
16183.695802
15112.936819
13943.039198
12759.497805
11616.326764
10532.589209
9532.149216
7748.635370
8635.346184
9640.846942
10789.340113
12096.795502
13569.437271
15166.000623
16843.662904
18457.588116
19835.891754
20675.154641
21150.994623
21455.516590
21686.325734
21771.323714
21546.160779
20743.146439
19556.453515
18162.681723
16644.121654
15126.275361
13706.312810
12456.166856
11390.919289
10515.433032
9822.223308
9309.984785
8965.254965
8774.560045
8731.394378
8840.465908
9101.800685
9528.389611
10097.067684
10841.102555
11757.713187
12854.700954
14116.478329
15489.842150
16928.548298
18322.765965
19555.516732
20509.112071
21008.741601
21060.231082
20936.955367
20711.673249
20357.179304
19710.432481
18605.282778
17182.455502
15656.775786
14144.958958
12722.857541
11410.583674
10254.569759
8127.450190
9097.030487
10227.625724
11543.044048
13094.393861
14891.051473
16933.346711
19142.651612
21347.923024
23027.415646
23899.417101
24465.253740
24887.872290
25153.869333
25269.600263
25168.134110
24406.823558
22841.495789
20849.849409
18736.046047
16757.533218
14995.693703
13426.796229
12134.035193
11084.042939
10265.236963
9652.333147
9239.158072
9002.467549
8936.332671
9047.447956
9334.274534
9806.864377
10464.781626
11339.026570
12444.143759
13805.011966
15419.601393
17216.007285
19144.280983
21032.540150
22684.521827
23834.770343
24222.371815
24209.487598
24061.776219
23781.405999
23364.475221
22750.148718
21560.343193
19714.746204
17701.269510
15759.641533
13983.201415
12390.418152
11008.315376
8491.378513
9566.715900
10830.640768
12333.669246
14141.045565
16327.408099
18915.454513
21884.407962
24938.483761
27158.692431
27325.630803
26985.830710
26980.203630
27326.567252
27991.162670
28855.545382
28808.201224
26284.686048
22990.446641
20014.976405
17753.199851
15902.313627
14120.646528
12573.068726
11356.751158
10422.309343
9756.353504
9305.845517
9064.122818
9010.712258
9145.760536
9480.048970
10025.813635
10789.939655
11812.807884
13131.691711
14786.704330
16660.497863
18712.104065
21249.176750
24161.671330
26728.284006
28101.540881
28011.076539
27416.958210
27028.431344
26911.882639
26976.812564
26648.888279
25084.368429
22552.460338
19854.797181
17320.002224
15127.028583
13243.536233
11678.671218
8771.268093
9900.120280
11257.753906
12899.298762
14929.644628
17479.763288
20688.596002
24636.885537
28242.187368
28447.883493
27673.220148
27089.914443
27045.037204
27476.966677
28331.424635
29299.607998
29463.507323
28473.215926
25171.934642
21050.670383
18247.445946
16458.563170
14726.651332
13012.754161
11634.811828
10581.997572
9822.115807
9308.752882
9024.988941
8951.055417
9089.812733
9445.336647
10035.000443
10874.659744
12018.685761
13517.610145
15338.235090
17174.841760
19312.052390
22548.073308
26734.774007
29206.509898
29360.847523
28510.157540
27666.282869
27130.122454
26985.956035
27295.122825
27912.266803
28156.597044
25836.367099
22163.456485
18928.037352
16244.812051
14059.442466
12269.196279
9019.439713
10213.968332
11649.665994
13390.275562
15598.204925
18432.442825
22123.764174
26777.358513
27960.290567
27352.728068
26169.981824
25428.447256
25272.861819
25629.138390
26482.131603
27695.718277
27670.863594
27275.157339
26764.827709
21850.475237
18538.334939
16662.991153
14878.508479
12997.658683
11503.503552
10384.721685
9587.551133
9057.595561
8770.485374
8708.585946
8871.132399
9265.893921
9906.767162
10820.560955
12083.752394
13763.044659
15731.763015
17430.300856
19861.782154
24015.196748
27351.455811
27912.390536
28191.797681
27137.970395
26309.340614
25885.177495
25861.067070
26296.184763
27059.467228
27808.723147
27734.428269
23981.838221
20109.317147
17055.044441
14627.665634
12707.183444
9149.455160
10348.111713
11797.491884
13558.521813
15787.914781
18686.539432
22448.360396
26739.057753
26944.559184
25773.321005
23943.152242
23095.563031
23214.921173
24109.751049
25670.296192
27353.134805
27616.218229
27702.687817
27583.068899
22530.328292
18966.243478
16948.455890
14947.603202
12915.709677
11346.842452
10170.711982
9323.264387
8754.482789
8436.449747
8354.794384
8512.693934
8912.485046
9577.631446
10523.628295
11830.334844
13587.469316
15726.290196
17568.674967
20112.900544
24703.479020
27157.976144
27126.115724
27032.304621
25634.041602
24150.977054
23255.459742
23036.974171
23561.852611
24898.435116
26609.474952
27077.721629
24871.045362
20777.681981
17541.121887
14994.257756
12971.130846
9183.711567
10391.902078
11830.666750
13559.108843
15722.077243
18472.656844
22028.658069
26272.412885
26720.140208
25839.007902
25318.272376
25690.640627
26725.045766
28007.040078
29478.137119
30521.965393
30537.770454
30449.099675
27448.333053
22401.020449
19190.724272
16855.851653
14333.734993
12291.427990
10731.693344
9553.629802
8704.598379
8134.863754
7820.595498
7752.082163
7925.904692
8350.992230
9040.402328
10018.014944
11357.239507
13134.144081
15436.879916
17766.992426
20282.881025
24489.149077
29149.443544
29619.475830
29675.139051
28448.991535
26807.175690
25489.992830
24631.387251
24373.829397
24915.478303
26112.575145
26768.509317
24530.020720
20576.590302
17459.806971
14990.278905
13042.208150
9166.806816
10325.490310
11698.484443
13334.312646
15328.948603
17763.297056
20787.852216
24493.097092
25998.015338
25871.481557
26471.143642
27042.296062
27555.282612
28478.479533
29754.694032
30481.066332
30346.907445
27209.768591
24079.597787
21908.493985
19063.457092
16070.150411
13570.103344
11632.433200
10117.067107
8951.910676
8096.283890
7513.695415
7187.744139
7091.947609
7263.698729
7689.752291
8380.963075
9344.370132
10627.312342
12310.429268
14488.210095
17227.620511
20027.230366
23252.239802
26903.595835
30273.257147
30464.882619
29641.834893
28470.800082
27574.826353
26920.708826
26102.907488
25611.960194
25813.278064
26189.619651
23341.019455
19885.493989
17092.724456
14812.773625
12940.535790
9117.484263
10241.490603
11555.446273
13088.578640
14903.724500
17055.543289
19603.087818
22573.173502
24979.079622
25437.601111
26612.466667
27235.928124
27894.463898
28853.569911
29151.938545
27540.947010
25206.332837
22810.636387
21317.655192
20000.953365
17453.827692
14715.924376
12472.224651
10659.591402
9210.971537
8075.920488
7220.582351
6633.653848
6303.990106
6223.989886
6405.759036
6847.115777
7551.134220
8516.076174
9783.502827
11381.643749
13374.270099
15844.356544
18840.784137
21514.677746
23161.834602
25653.138737
28198.827795
29246.359716
28617.703536
27788.165835
27209.177235
26551.762829
25591.424145
25267.052196
24598.703889
21628.271301
18831.100912
16446.647909
14412.432331
12712.426388
8992.321523
10061.068282
11293.604638
12706.477434
14354.319903
16267.534901
18485.165405
21002.689681
23424.622864
24489.171619
25499.585517
25771.782159
25801.855039
25555.758164
24708.935323
23371.432037
21947.842815
20653.315654
19508.718835
17758.478487
15941.289865
13537.502821
11497.806217
9808.033449
8411.590598
7281.595349
6415.733235
5791.901252
5432.348381
5342.859471
5535.001219
5991.971208
6700.390762
7642.774226
8851.768106
10338.818883
12142.332789
14298.342815
16854.363869
19160.750514
20838.674825
22318.971803
24057.141482
25037.777058
25398.790760
25675.978455
25955.528168
25805.877684
24924.002123
24137.703400
22624.199812
20239.879666
17905.933437
15828.041072
13999.425953
12419.987109
8871.301893
9906.942303
11083.540243
12416.394880
13957.666662
15737.729653
17799.403132
20145.057655
22259.986199
23027.904157
22925.144638
23273.335368
23492.273114
23049.098815
22245.764149
21418.818882
20496.613051
20110.930544
18462.180624
16531.013047
14732.906081
12458.939083
10514.901867
8889.393158
7515.649929
6374.121178
5465.934533
4801.281603
4400.645297
4298.688300
4510.189654
5013.270156
5763.574026
6738.148723
7933.348455
9365.963120
11048.893438
13018.235584
15333.029671
17491.313513
19539.513280
20693.290252
21855.790634
22917.805118
23497.365168
23470.786287
22887.291816
22623.576911
22719.802077
22461.023428
21146.094993
19101.191051
17042.167578
15191.533177
13537.331138
12095.960041
8694.192767
9678.647571
10791.684103
12065.838850
13538.077575
15239.523225
17252.014712
19571.090482
21596.521096
21973.356504
21388.387235
21456.010716
21828.331781
21573.169577
21221.129370
20628.205309
20131.660167
20592.751079
18783.995878
16341.645361
14008.274650
11736.844021
9832.441225
8219.276279
6831.830768
5643.484607
4657.898233
3887.056967
3415.156649
3294.930684
3545.089764
4110.262925
4921.315138
5927.924935
7124.125975
8516.280069
10141.035368
12022.436687
14254.104274
16736.223289
19102.832566
20097.628270
20821.399798
21849.029000
22293.542575
22077.906091
21298.567812
20791.521990
21163.585107
21399.023728
20380.512766
18454.272483
16494.776100
14735.674713
13174.470405
11797.469454
8516.833483
9475.114308
10563.358110
11801.331665
13250.873689
14959.151188
17013.023147
19427.178046
21477.288612
21553.958231
20573.473081
20306.792902
20228.449471
20024.294527
20182.099433
20035.583862
20285.075668
21654.331885
19686.036935
16583.794533
13703.275709
11307.953544
9362.398631
7716.755141
6282.825096
5026.376036
3933.207649
3026.117545
2394.855922
2197.281051
2521.139574
3219.538929
4143.722196
5231.408325
6478.311339
7892.508814
9502.162471
11395.675087
13681.246415
16497.732137
19249.695642
20034.791975
20107.805341
20666.886300
20730.885793
20315.305773
19985.700002
19977.533744
20531.361079
20961.377578
19977.465664
17996.774373
16014.173770
14294.037062
12784.824422
11480.825165
8315.990223
9235.447288
10291.859103
11500.163303
12929.358395
14652.279597
16775.898321
19329.553720
21506.118301
21485.342500
20164.900030
19489.041316
19028.591725
18999.770287
18983.121613
19233.345698
20306.717262
22641.521918
20675.668165
16969.005749
13722.596695
11213.069085
9181.578775
7480.052116
5983.842894
4654.361135
3457.618608
2389.817775
1529.414538
1173.977494
1663.321797
2568.752059
3634.042434
4795.010414
6078.146263
7510.743254
9146.121926
11073.127976
13449.496084
16456.766587
19358.549294
19942.022373
19226.126946
19096.421978
19145.639346
19268.268974
19410.993705
19735.289946
20412.514179
20980.849602
19939.549730
17806.750497
15735.029014
13982.915356
12489.726426
11197.920784
8103.191711
9005.348648
10042.467112
11240.446360
12678.898164
14418.617047
16625.891358
19315.483657
21586.810864
21536.222711
20073.835221
19079.885548
18576.849499
18306.258246
18016.664431
18474.440412
20219.593294
23364.767362
21359.104647
17416.125237
14007.859686
11389.749521
9296.448806
7544.446144
6009.096509
4631.261902
3364.188702
2177.064992
1078.497355
277.269101
1160.709787
2238.292589
3377.720532
4580.005692
5897.461498
7359.982439
9037.105830
11044.393668
13555.477215
16702.770212
19554.659273
19555.188607
18121.245062
17812.553536
18341.876738
18943.184802
19033.681769
19391.834583
20297.807998
20956.105423
19814.673124
17543.960001
15395.216552
13628.514736
12147.478318
10895.927931
7881.103224
8752.889005
9759.059151
10928.032418
12353.721822
14098.185001
16316.220176
19061.982819
21472.249403
21618.416653
20242.301730
19259.393298
18669.108091
17773.167650
17260.143271
17840.883481
20013.810998
23825.762988
22039.912337
17940.796717
14366.874118
11624.098170
9442.079549
7641.842734
6084.510209
4696.473589
3444.447702
2323.159318
1358.254493
876.864110
1439.754412
2403.055821
3490.630451
4675.399323
5975.600063
7441.468808
9138.209659
11195.014368
13785.601598
17069.045834
19913.740635
19451.128605
17478.103663
17070.677430
17534.164393
18190.234140
18372.229694
18891.190141
20073.300128
20800.866019
19635.143890
17290.693660
15105.641643
13323.846408
11838.071368
10593.906837
5378.538564
5796.872707
6241.101708
6698.723511
7171.298140
7651.158315
8125.442227
8577.351675
8994.945621
9360.175022
9659.961118
9884.953881
10019.735766
10067.647628
10022.286898
9898.555175
9694.284400
9428.860234
9115.353304
8763.728712
8389.240895
8023.293095
7671.127823
7350.161067
7066.290815
6835.690907
6655.280520
6531.830876
6462.599786
6449.634919
6493.722042
6592.648492
6747.166220
6948.739713
7194.805152
7482.264987
7798.722481
8138.279299
8483.022938
8824.271040
9141.390702
9414.759276
9638.794550
9793.661554
9874.698287
9872.724201
9784.357081
9611.126132
9367.425810
9053.327485
8682.728115
8269.472253
7831.706135
7386.136702
6934.602462
6493.770980
5754.328395
6221.782126
6727.501478
7262.535667
7827.323182
8408.370794
8984.169820
9544.031669
10060.647639
10518.682308
10897.573003
11178.870012
11351.179981
11406.952216
11350.744558
11189.156252
10934.335217
10598.852654
10206.870374
9776.255231
9326.194051
8871.774165
8441.517282
8048.055924
7699.740810
7403.304232
7165.850043
7000.245977
6902.390927
6870.796271
6909.917238
7018.178468
7195.060135
7435.336277
7730.633721
8079.779012
8468.279646
8889.293230
9322.129408
9747.707520
10154.210518
10511.290856
10803.652580
11012.728237
11130.176759
11137.792348
11037.580312
10831.532970
10534.003443
10148.463377
9695.824990
9193.592226
8659.168478
8113.513392
7570.515350
7042.354615
6140.910469
6687.044289
7280.267881
7909.861316
8580.338699
9276.050490
9981.202307
10667.031521
11308.356876
11874.884845
12339.398934
12680.834474
12884.346239
12946.271137
12863.617634
12643.742438
12301.701357
11861.595536
11348.321552
10779.015034
10191.494654
9614.912378
9072.295851
8589.041781
8164.712238
7818.621155
7551.069284
7367.299943
7266.028583
7245.520400
7301.992347
7442.218828
7659.006677
7957.475435
8325.153572
8760.719253
9249.977005
9783.490797
10329.064097
10877.910014
11391.077513
11852.928876
12221.682794
12490.148276
12633.963741
12634.049234
12504.983928
12245.658137
11867.355274
11382.495175
10812.382194
10187.986531
9536.112760
8879.320933
8232.866560
7621.984558
6517.860035
7126.282073
7801.652814
8539.616464
9329.810020
10169.975462
11040.332934
11899.809608
12704.588840
13424.392325
14014.940950
14454.816166
14712.776603
14791.104576
14677.001539
14391.505480
13956.030309
13390.821837
12738.422816
12018.504675
11283.899644
10560.432602
9891.732041
9295.046483
8784.755237
8367.712269
8034.954523
7798.705677
7659.780467
7621.844744
7683.266899
7842.401392
8096.248219
8448.269605
8884.366519
9408.306163
10007.031994
10664.695547
11351.115914
12047.007628
12710.553372
13303.016188
13787.741456
14135.492083
14333.778538
14357.957324
14212.554369
13903.448140
13432.200317
12831.286120
12124.544475
11354.143459
10547.419683
9748.794545
8968.155391
8229.033258
6906.186818
7603.689950
8387.824116
9242.514897
10186.483685
11203.421120
12268.853054
13335.170944
14353.918175
15258.222072
16003.623346
16541.603220
16857.920371
16929.950473
16776.204312
16395.395740
15817.431510
15081.490189
14218.669872
13278.997218
12322.331748
11404.755090
10563.404925
9834.482430
9211.669993
8711.447622
8335.437910
8077.183330
7934.116603
7904.105010
7984.246671
8179.805583
8488.969112
8904.535401
9442.280232
10097.892272
10842.849711
11670.207900
12548.489574
13444.445752
14302.736547
15071.916297
15697.325863
16132.452536
16377.373712
16405.681316
16226.605002
15826.798649
15230.962544
14459.164282
13563.100846
12596.065291
11606.815460
10635.286490
9714.857845
8859.699630
7265.216840
8033.216209
8909.219054
9893.387138
11000.487359
12222.737609
13529.711786
14885.572492
16188.754084
17374.588444
18340.647471
19032.337341
19429.852501
19527.577624
19329.467093
18841.664277
18095.007231
17132.154398
16012.996399
14789.528884
13575.873646
12423.875431
11398.474616
10512.272572
9774.992538
9182.056721
8728.187288
8413.388012
8232.205054
8181.457437
8261.726017
8480.796127
8833.005258
9321.157502
9949.555423
10728.221349
11639.830693
12674.481157
13785.384612
14943.858245
16059.090848
17050.141741
17857.877244
18426.848666
18764.260047
18813.767013
18600.063273
18113.135628
17369.327869
16404.273789
15267.057458
14044.061300
12812.411135
11632.209363
10521.018639
9508.853962
7615.462209
8475.787552
9465.983006
10593.757433
11891.241932
13356.483071
14975.396624
16685.176305
18363.531394
19884.791861
21111.735991
21967.337370
22434.945117
22527.219009
22268.315062
21638.412487
20673.822818
19414.199668
17935.781050
16334.779811
14749.817575
13294.084821
12018.413292
10949.206696
10072.782702
9388.407567
8878.924280
8539.293058
8352.520657
8314.564740
8422.058631
8682.385676
9098.381709
9670.293680
10412.296822
11334.456511
12450.844517
13745.409567
15165.561649
16676.679060
18129.251264
19417.611469
20445.363775
21160.351061
21557.153175
21626.609739
21351.126228
20743.103581
19797.915106
18553.831721
17094.140585
15534.628397
14007.227310
12568.121891
11263.738365
10113.726586
7905.173007
8826.397899
9907.150566
11164.711644
12645.581123
14370.629411
16345.120233
18516.731812
20695.223571
22692.019567
24255.701518
25119.988982
25462.668919
25601.333145
25540.968256
24925.732435
23732.649919
22098.986287
20145.675893
18045.215714
16053.511880
14255.131709
12728.273116
11475.596651
10469.043444
9676.741018
9091.152310
8691.900983
8464.224889
8404.238542
8510.886475
8787.233323
9244.193763
9885.551143
10731.810210
11808.598038
13136.030967
14719.387563
16517.775462
18462.252205
20357.689981
22028.565859
23352.469259
24237.534987
24728.255876
24806.567539
24502.533955
23781.306372
22613.102629
21040.660125
19168.344757
17193.865149
15275.033279
13553.468646
12024.956711
10698.493444
8165.123769
9166.938069
10340.397341
11714.442490
13375.127202
15347.628492
17692.822795
20363.736669
23144.922147
25071.347706
25102.412847
24972.472620
25000.383471
25216.649865
25614.036352
26124.857918
26387.054264
24674.072050
21901.330704
19244.266108
16911.702103
14848.208197
13059.804630
11627.520864
10495.202578
9632.740365
9002.725389
8584.783576
8355.514806
8307.181172
8438.634740
8753.979271
9263.093268
9980.930432
10940.112879
12167.063802
13715.228312
15621.652309
17764.301928
20193.894544
22729.404987
24899.500181
25996.769101
25803.172753
25440.639714
25199.292195
25123.259675
25155.485290
25019.518096
23561.919515
21191.409734
18716.132343
16413.256275
14394.778858
12665.869053
11208.327099
8371.387900
9392.056005
10611.104690
12060.395258
13827.188161
15986.822377
18619.885467
21741.553045
24620.924677
24556.586512
23996.258848
23640.484331
23644.535831
24002.093065
24682.466927
25616.668701
26544.196550
26389.114866
23138.680073
19997.175836
17562.770090
15351.975935
13370.658197
11802.618724
10571.980166
9631.731006
8944.837626
8479.243178
8216.309969
8149.625530
8276.402483
8606.560256
9145.249780
9909.194446
10940.293633
12282.985024
13991.517059
16104.633239
18437.349441
21146.035839
24379.766818
26548.732760
25851.823760
25036.944203
24371.548729
23974.311464
23869.388098
24081.658345
24488.521375
24899.802784
22973.209814
20030.494882
17350.963780
15091.780115
13178.409152
11591.966214
8504.145933
9566.232540
10817.088118
12298.130252
14109.103595
16324.810505
19061.548750
22325.456654
24560.832885
23905.777024
23220.168601
22951.997885
23162.169496
23812.865485
24818.714023
26048.579971
27082.519662
26867.751028
23444.504634
20177.365754
17663.667555
15260.368067
13163.780070
11533.380641
10259.247651
9288.654605
8580.832470
8109.794976
7852.321267
7794.900201
7942.872176
8296.067132
8867.901807
9675.764178
10765.952162
12188.235570
14016.210406
16255.017275
18705.515848
21590.553013
25137.373921
26766.123499
25844.627774
24742.390556
23812.047137
23193.795124
22965.769782
23145.721627
23708.536177
24408.772253
23802.074138
20635.309220
17802.764372
15437.866369
13468.044602
11835.818722
8599.202999
9639.001529
10862.143170
12310.008256
14063.397985
16188.089414
18766.167086
21784.856927
24233.778247
23897.985164
23608.546643
23784.200423
24372.958255
25323.607966
26510.004304
27719.550754
28481.401658
26466.230655
23054.109518
20031.652087
17392.715942
14894.245748
12830.585969
11201.799171
9922.331899
8927.961581
8191.067473
7694.093808
7413.804890
7344.229871
7484.139983
7845.854885
8427.777047
9245.924823
10341.340392
11764.196711
13578.994469
15849.820750
18433.691451
21250.870555
24572.086411
27420.163495
26993.914225
25888.537242
24832.289311
23975.964008
23435.506055
23300.642055
23567.402853
24108.045937
23564.942288
20553.261159
17805.834738
15489.416993
13535.723441
11911.134580
8597.243086
9629.915047
10834.574644
12231.650910
13894.063394
15846.822229
18143.283644
20731.889683
23310.116186
24070.657338
24342.963958
25019.579107
26020.710044
27186.851609
28337.938892
28742.249098
27174.533793
24632.948029
21855.385730
19092.136172
16370.250956
14008.504111
12055.369518
10483.437104
9222.457922
8247.585786
7522.726345
7025.320369
6750.318191
6685.908027
6841.719918
7216.827772
7812.638379
8648.003403
9743.713803
11135.988774
12880.375961
15024.136514
17574.422128
20345.627775
23204.760309
25908.207224
27673.463320
27391.790532
26380.304953
25412.213993
24618.232365
24074.428730
23909.720461
23976.978868
22348.691265
19763.090677
17333.318736
15211.225712
13389.734562
11856.367947
8523.912766
9510.562059
10653.170716
11965.067989
13489.498589
15247.549171
17234.745483
19393.568867
21518.960077
23236.973735
24292.952478
25328.728269
26276.043143
26620.876427
26221.431024
25406.291167
24077.763757
22365.329122
20268.010262
17664.603647
15224.265755
13091.870612
11298.645472
9810.820491
8599.460924
7630.525514
6895.422662
6377.505358
6084.438869
6008.594140
6162.729322
6547.728141
7142.829532
7958.716144
9012.804567
10324.600508
11937.964994
13874.470389
16134.175156
18668.253384
21195.734628
23408.187317
24948.899271
25861.425788
26237.715643
25929.492072
25262.378666
24514.068901
23741.331250
22757.693725
20897.977020
18785.992719
16704.863328
14820.460576
13147.146192
11694.757097
8429.929679
9389.478288
10484.794018
11716.974974
13132.325878
14732.000305
16482.900681
18304.926341
19983.702565
21254.160915
22130.921373
22838.000871
23412.292534
23538.865362
23139.074755
22478.206465
21478.595967
20156.620497
18370.700116
16146.017349
13951.017080
12011.359588
10336.588765
8927.146241
7746.013674
6783.679208
6044.522388
5521.190185
5216.293609
5142.240458
5309.471676
5709.542757
6327.279022
7152.597371
8192.371347
9452.773900
10952.846213
12710.877897
14708.712999
16941.982078
19187.814041
20992.036776
22230.645396
22936.876602
23240.607622
23173.792597
22882.338226
22433.116799
21791.642572
20812.343812
19409.906408
17707.213173
15943.936584
14292.635938
12782.009021
11453.693778
8294.854079
9206.896388
10234.862490
11396.586657
12704.029929
14159.727503
15748.723087
17363.916732
18736.460748
19620.359001
20125.482377
20538.756264
20944.917757
21149.322229
21047.402720
20685.319657
19952.178439
18821.371645
17103.571288
15018.270037
12964.374566
11148.851830
9573.218080
8214.724598
7048.446567
6075.671063
5280.461787
4707.962618
4375.828103
4296.657927
4476.515177
4898.461434
5532.598784
6361.627959
7372.079305
8581.032096
9982.176844
11589.404986
13404.307335
15424.845702
17460.301875
19073.733727
20116.671339
20700.909000
20886.948785
20790.725241
20522.513929
20222.347243
19893.924415
19303.051417
18256.137744
16850.661727
15317.833162
13830.053399
12440.813272
11189.718847
8142.582673
9025.741695
10016.825233
11125.245682
12374.359030
13755.537226
15270.569021
16772.536709
17951.881422
18554.479468
18743.240947
18924.142295
19135.304457
19299.290886
19450.335956
19385.528218
18974.810301
17965.067874
16278.619813
14197.690138
12187.694545
10423.524851
8841.489012
7495.189062
6313.434415
5303.695923
4460.299298
3817.544723
3422.061108
3310.370479
3517.917971
3998.623838
4696.451140
5563.624716
6602.990361
7793.850483
9151.784496
10696.159651
12424.963686
14345.648095
16242.992119
17734.649231
18641.281149
19073.190856
19185.465762
19069.390529
18838.410896
18640.743219
18517.376666
18185.064088
17366.010124
16125.533262
14718.088894
13340.679723
12056.506717
10892.604842
7965.132678
8809.783338
9758.010649
10821.757797
12023.136631
13374.623267
14840.466880
16295.322786
17408.832555
17851.479128
17835.600636
17823.388056
17903.189804
18104.976680
18380.931298
18478.180365
18356.824992
17560.289228
15903.643553
13816.902648
11780.338794
9982.064000
8408.091858
7031.543518
5802.019194
4707.901498
3779.545115
3037.670906
2544.543671
2404.976611
2665.160644
3234.345603
4007.708313
4924.048992
5977.165064
7168.628913
8509.301554
10025.168714
11722.635445
13596.512455
15412.399645
16766.400904
17528.076383
17826.958066
17848.751687
17760.449052
17664.877381
17650.756662
17697.326310
17524.605869
16823.615297
15643.815891
14293.826386
12977.984452
11741.671457
10621.969995
7784.929653
8609.291718
9535.686641
10573.550034
11754.863380
13095.116056
14562.505029
16037.092316
17118.865475
17475.414934
17316.045866
17160.425575
17199.354986
17479.731095
17714.457711
17856.229469
17981.880360
17363.192678
15787.385963
13698.741230
11614.889399
9775.646366
8169.117559
6763.926245
5494.681529
4350.091736
3311.294182
2397.610160
1689.708523
1433.739778
1793.120498
2516.533455
3408.064830
4406.060836
5509.915109
6736.962775
8095.914353
9624.621082
11347.530396
13225.017301
14953.794410
16144.487917
16708.894045
16870.502370
16870.438052
16850.759801
16894.781974
17030.384212
17190.527329
17100.697353
16431.423786
15258.045312
13910.826350
12612.658639
11416.537986
10345.672032
7596.450402
8384.387556
9281.218948
10300.221902
11460.339709
12792.217944
14284.142773
15784.058583
16905.861471
17255.799823
17051.064249
16844.662120
16908.700616
17122.726247
17165.505545
17347.296146
17822.402965
17397.062787
15907.085846
13797.681854
11645.081752
9736.634611
8072.682521
6613.632289
5299.329915
4099.410809
2995.497098
1976.317667
1054.980755
567.562027
1214.383212
2126.836089
3106.064488
4146.679507
5276.719158
6516.005275
7888.070350
9440.582621
11176.727687
13055.088517
14725.029948
15764.324360
16164.773360
16247.893169
16262.449846
16281.695449
16361.535659
16561.360338
16809.551470
16789.353932
16132.997806
14942.560529
13591.720010
12301.617371
11121.368284
10066.933544
7392.467915
8166.084242
9047.141104
10039.011883
11193.139218
12523.428595
14022.247230
15553.209636
16725.835943
17144.601370
17000.084509
16860.897672
16971.229439
16916.973413
16753.164289
17061.077307
17840.787360
17568.380898
16157.632360
14055.026767
11894.145107
9953.037211
8273.143504
6798.052319
5469.026487
4256.972523
3128.917573
2081.684968
1123.006688
489.676506
1071.607694
2005.748625
3013.191474
4074.011064
5219.503114
6467.667820
7864.582596
9443.354635
11223.367611
13123.497555
14732.708591
15642.957553
15867.073839
15823.135097
15830.524898
15832.163957
15927.851160
16188.640547
16504.169886
16499.411131
15812.321371
14595.382312
13236.979821
11959.390072
10797.860530
9782.680535
5097.088375
5465.516901
5859.181495
6267.256304
6689.277220
7115.286701
7534.758926
7933.167642
8302.772096
8621.553223
8889.705474
9085.525148
9210.046809
9254.342166
9220.531868
9119.351864
8949.978117
8726.795943
8463.369849
8168.953356
7857.457929
7545.575460
7241.048045
6958.987091
6704.945412
6488.019997
6315.305111
6189.622280
6114.518144
6088.886277
6114.766661
6192.857021
6323.333076
6495.167164
6711.405274
6962.151160
7239.532873
7536.331425
7837.216339
8129.000838
8406.690119
8648.943081
8846.069371
8987.276043
9066.801735
9068.262261
8995.723549
8853.605805
8642.827076
8372.220890
8049.539578
7691.819415
7307.675749
6908.070658
6507.619755
6103.995648
5424.523205
5856.185040
6312.729452
6789.405197
7286.558276
7789.940313
8290.372744
8772.921893
9215.784358
9601.822015
9922.894734
10162.050787
10300.058472
10345.585680
10296.134253
10152.219661
9929.640175
9639.620612
9292.757507
8903.935445
8505.323747
8105.068724
7729.370397
7386.153324
7086.719545
6837.378708
6646.964309
6515.940198
6444.545277
6430.818625
6478.639060
6582.054994
6744.410329
6957.999367
7222.327958
7530.023391
7874.642811
8237.996569
8614.043577
8981.565995
9331.408345
9631.920663
9880.619159
10055.393247
10153.081423
10155.307550
10064.452967
9887.067775
9626.415833
9291.289142
8894.669879
8457.737750
7991.912240
7518.407174
7044.660555
6584.902016
5763.160467
6243.958704
6765.027291
7320.610156
7908.043297
8509.879815
9119.716990
9709.881737
10257.426649
10742.550121
11141.269071
11437.850063
11614.051891
11668.054656
11603.286901
11422.239475
11137.674953
10773.275200
10351.849439
9880.029710
9389.040351
8903.766290
8441.792152
8023.341140
7656.094066
7347.060133
7100.897036
6925.994492
6823.161048
6796.590989
6835.803398
6951.238835
7137.989945
7391.370893
7706.864492
8076.185914
8493.268337
8941.350998
9405.985405
9870.469126
10306.739436
10698.496260
11017.493673
11248.727126
11378.666998
11397.027874
11295.441886
11083.823169
10770.026736
10363.024655
9886.467554
9357.524732
8795.314965
8226.429158
7658.594758
7114.284645
6117.265154
6667.929738
7268.768139
7910.316647
8596.099442
9310.527366
10036.614179
10752.560358
11420.442578
12013.057493
12499.063632
12855.204173
13066.621655
13122.133538
13025.409204
12787.945245
12421.462387
11953.902279
11400.210859
10788.712962
10166.149900
9553.671221
8983.912589
8476.982770
8039.060926
7680.244649
7408.512840
7223.000758
7123.032708
7099.351080
7161.952692
7309.324294
7534.897553
7840.472594
8221.834451
8676.673969
9190.317578
9743.982600
10326.018566
10910.857422
11460.398865
11958.800748
12359.322953
12651.096089
12803.207069
12825.091337
12698.905107
12430.148635
12036.541683
11527.142178
10934.649870
10289.152866
9611.983089
8935.203382
8264.362089
7637.725896
6450.807057
7060.905856
7737.684378
8475.572888
9279.681969
10138.751356
11019.834700
11898.414728
12731.525223
13474.819619
14086.650820
14536.559982
14799.618613
14869.975192
14749.305361
14439.338481
13974.365490
13379.889767
12688.543570
11929.589624
11152.071437
10402.320868
9707.399202
9102.206833
8573.492482
8149.118307
7813.554482
7577.911907
7435.698887
7397.288218
7460.616375
7623.414563
7885.324093
8242.478068
8694.340067
9235.769067
9857.997912
10541.004574
11262.174095
11994.287898
12691.660163
13320.276173
13828.437694
14204.616176
14412.280744
14453.615782
14307.037562
13984.555097
13513.802030
12887.160659
12160.303836
11366.603832
10544.759534
9734.780378
8945.174925
8198.941365
6791.515494
7478.853195
8245.158486
9088.912332
10021.324360
11031.713527
12089.372161
13168.218927
14188.197345
15106.701237
15861.755452
16407.317440
16717.489644
16788.062204
16624.502828
16228.663902
15633.491175
14866.115262
13974.607491
13008.996717
12030.450370
11096.493307
10251.438348
9515.713463
8895.879613
8396.114063
8020.853727
7766.625465
7626.584306
7598.933722
7682.030054
7876.156513
8182.923413
8601.079748
9137.929137
9784.997945
10546.882732
11397.828751
12295.926639
13221.192070
14108.741441
14900.989263
15540.708577
16001.852536
16255.258267
16301.054750
16120.766199
15722.463655
15124.013739
14351.256643
13450.325454
12472.053183
11474.323426
10509.144053
9587.001481
8737.900465
7089.539615
7836.920380
8680.470460
9632.632128
10702.366781
11881.849644
13153.348469
14468.832152
15743.916058
16900.980613
17847.639793
18518.298854
18895.520568
18985.847351
18781.053146
18301.600457
17556.474128
16589.348525
15459.314853
14250.255009
13039.699030
11917.473879
10907.184273
10043.692834
9318.996439
8738.415055
8295.118885
7991.377586
7815.325093
7767.091098
7848.580897
8061.936366
8409.573490
8885.890221
9503.152088
10262.619667
11162.316794
12192.173329
13299.594190
14448.636039
15568.171410
16556.945392
17367.333169
17952.444682
18280.964819
18350.175107
18140.465702
17674.416889
16949.499649
16001.738864
14892.437374
13691.344647
12493.506943
11347.674966
10269.265335
9294.871163
7371.733518
8184.049330
9113.347753
10167.598053
11377.985625
12739.474406
14233.976281
15817.592744
17372.418864
18789.336896
19931.802577
20730.416543
21168.866383
21256.152284
20995.923271
20400.068790
19478.467678
18274.127370
16869.185067
15352.036294
13868.345728
12493.633828
11286.813730
10276.818864
9452.630689
8805.323803
8329.294178
8005.458826
7830.300888
7793.308557
7898.079877
8145.652577
8537.441771
9083.271371
9787.396122
10666.496558
11723.317627
12953.233505
14308.855389
15735.943829
17125.599350
18356.010404
19355.560645
20054.682647
20455.847421
20526.338740
20284.570370
19709.890342
18824.095138
17662.761621
16297.577973
14852.194946
13416.410079
12086.451375
10858.571603
9778.079792
7589.150146
8442.793546
9427.484792
10564.689631
11886.954697
13403.914235
15118.229856
16967.229487
18827.998071
20521.752094
21876.000606
22746.462661
23089.384154
23232.988346
23107.344818
22447.342634
21373.269156
19932.058483
18223.599442
16400.583656
14640.438007
13059.748609
11697.487347
10574.075927
9659.220296
8938.824644
8400.783204
8032.952731
7823.405989
7768.719546
7867.635347
8128.910189
8551.150128
9142.321904
9920.598254
10900.650977
12099.079495
13518.543647
15113.357159
16829.680924
18514.242675
20002.264382
21194.588781
22005.290570
22467.666377
22561.860375
22298.312839
21653.097408
20633.345343
19268.942223
17654.061786
15946.736094
14282.976857
12757.245306
11390.262845
10190.583055
7768.841546
8665.711841
9700.293987
10899.375690
12305.472667
13941.708215
15814.954228
17878.832185
19967.362674
21867.849607
22867.955313
23053.177264
23164.065552
23463.958846
23876.561544
23837.095258
22737.091847
21076.902430
19116.886668
17003.575834
14994.782926
13214.729387
11719.812948
10497.571302
9517.756284
8756.695799
8194.066307
7817.608480
7611.564043
7569.041793
7690.397283
7977.953708
8438.385667
9080.916421
9929.896799
11005.485242
12331.180755
13916.799776
15727.902577
17702.271174
19661.196090
21373.518034
22714.977126
23414.881701
23463.238591
23281.945463
23114.024932
22825.860722
22067.672352
20531.556476
18683.032238
16756.041842
14908.754644
13243.452869
11774.280278
10509.383419
7874.970831
8781.091764
9829.894936
11045.301478
12472.203579
14141.851588
16065.318695
18190.424871
20357.138270
22256.739698
22866.022326
22843.435843
23037.253836
23486.542951
24092.570488
24295.957963
23302.689318
21569.461725
19466.563848
17231.746979
15107.837139
13248.963509
11684.431898
10415.456625
9389.341239
8585.760219
7985.769231
7578.101061
7350.124526
7291.959482
7407.565183
7699.617657
8175.320193
8839.191337
9720.719853
10842.901996
12225.785805
13891.899723
15815.460984
17933.186299
20044.180052
21912.412726
23336.234364
23780.934293
23483.861927
23072.393975
22860.216572
22853.951341
22515.829916
21197.384234
19273.868223
17239.669553
15305.928751
13572.425235
12047.820497
10721.142276
7934.580033
8846.567935
9897.495009
11102.962106
12511.202826
14143.865226
15998.050153
18026.246997
20064.676268
21900.046474
22770.563344
23147.279313
23568.175947
24151.369458
24467.943866
24007.726773
22747.792677
21008.055687
18943.346477
16742.685192
14650.896120
12803.652459
11234.706218
9956.975265
8922.492038
8115.859404
7513.171451
7106.455124
6879.825334
6832.806042
6958.927189
7271.915878
7766.078360
8454.377590
9357.782818
10501.811615
11900.933166
13586.730777
15509.997576
17624.739506
19726.871725
21584.695280
23014.394613
23855.623670
23796.634518
23381.938156
23023.529289
22810.008993
22317.795502
20984.301073
19133.208829
17180.962106
15298.021038
13600.198618
12096.269532
10799.951296
7929.651659
8814.760177
9831.748707
10991.884696
12330.136032
13844.173815
15539.825859
17351.100152
19140.378540
20757.343734
22025.907366
22883.188455
23433.727737
23612.115338
23365.061063
22653.208912
21485.759594
19886.479060
17972.746789
15946.928822
13998.207362
12258.926817
10762.603406
9517.384896
8485.871071
7677.070548
7057.072267
6627.498023
6387.560323
6330.576031
6457.782103
6773.309261
7271.605336
7958.564000
8845.788648
9956.347529
11305.413756
12910.662638
14726.030676
16696.843129
18661.597120
20400.138093
21741.902180
22659.961320
23140.711053
23195.074405
22868.132564
22355.515835
21468.129279
20149.012528
18530.914825
16772.653152
15046.654367
13450.142933
12009.303072
10742.426299
7884.292778
8749.652042
9733.647930
10837.025621
12092.129486
13486.010569
14998.686697
16572.095136
18066.872107
19374.443104
20390.709743
21111.044966
21549.817474
21671.732990
21447.534337
20830.333876
19800.117211
18365.950268
16645.967480
14790.927527
13013.501563
11401.774628
9983.774543
8783.585180
7788.954149
6988.364033
6374.605687
5945.804388
5707.372777
5650.535255
5787.014868
6113.889909
6626.001953
7320.786191
8210.291616
9291.676973
10580.517293
12079.910769
13756.882651
15559.819015
17334.910229
18908.413452
20115.922616
20916.497283
21345.659716
21441.424484
21241.533835
20763.833433
19992.237186
18924.205665
17586.695941
16085.412424
14564.281663
13123.573006
11794.161683
10616.672415
7794.234773
8621.796275
9556.192021
10592.414686
11750.691650
13019.613371
14358.775388
15707.845729
16938.656500
17959.460516
18726.665643
19273.538155
19625.199088
19731.152000
19559.142341
19061.373095
18202.605619
16968.295250
15436.179352
13779.342054
12144.950398
10655.799513
9324.627118
8178.415864
7190.709228
6377.850613
5741.332168
5297.572775
5042.217622
4983.755322
5123.125090
5456.749434
5972.239244
6655.069200
7517.201487
8546.795031
9752.234421
11132.627821
12655.611018
14289.552309
15890.424240
17291.186373
18362.942633
19061.830429
19441.494740
19538.486208
19404.512976
19059.778690
18510.894097
17708.355052
16641.282238
15391.992410
14068.739228
12777.607956
11553.437053
10436.030978
7695.716603
8496.094023
9393.065537
10377.833136
11462.710179
12630.429619
13847.534331
15021.644477
16037.676926
16806.958087
17332.653040
17704.049068
17938.406445
18013.067096
17890.003542
17511.353386
16798.642811
15712.963756
14332.242640
12779.767846
11247.569530
9826.168483
8554.082006
7438.104478
6461.535582
5642.023626
4987.521575
4512.838096
4231.148214
4159.986871
4311.394854
4674.312034
5215.724796
5921.242025
6784.111467
7797.361974
8954.627175
10249.579802
11663.732265
13162.265727
14618.833675
15882.744595
16824.152160
17424.684430
17745.206380
17834.169630
17738.915781
17514.876145
17145.652705
16564.695702
15722.505794
14675.948449
13517.181064
12353.805946
11237.081818
10205.476743
7551.934645
8320.775376
9170.205216
10098.545137
11123.006769
12212.630483
13340.196730
14404.814025
15275.874563
15862.656567
16215.709571
16442.626393
16595.423392
16651.128857
16591.206759
16328.457788
15761.202243
14820.854772
13554.042229
12091.972193
10619.104960
9248.082359
7996.126538
6873.714877
5885.235910
5017.839447
4312.193914
3785.960899
3469.537366
3388.271886
3557.851796
3951.537553
4526.484887
5252.701629
6120.424334
7109.815441
8228.831552
9465.607034
10795.488520
12203.770006
13558.998817
14716.854824
15568.344526
16102.366531
16392.437431
16484.701552
16448.944627
16327.494158
16109.755656
15701.008482
15032.639157
14121.453200
13080.805067
12009.829812
10964.927955
9988.206847
7421.642509
8169.110719
8993.513723
9893.647954
10883.802417
11931.159282
13000.737561
13992.619713
14766.884933
15225.377224
15442.211767
15552.816815
15634.793197
15696.937912
15688.323439
15511.973713
15047.245816
14195.767457
13002.347785
11577.630279
10129.625363
8761.682092
7509.297554
6381.573966
5362.865484
4456.743781
3668.599608
3044.504119
2639.134511
2513.745374
2713.933732
3176.824248
3826.867068
4608.884516
5508.147125
6510.561286
7622.928158
8845.383326
10142.774911
11494.777139
12773.047914
13830.613855
14586.379538
15038.777796
15286.478731
15394.830028
15422.530322
15397.530773
15292.557834
14997.208728
14433.279634
13615.283357
12640.764222
11637.406288
10646.883794
9730.186670
7250.308113
7963.130325
8759.730691
9627.315613
10582.356420
11599.992881
12645.382752
13610.456388
14341.013466
14747.095417
14886.690234
14931.918908
14981.615328
15054.714893
15089.978989
14976.988105
14598.291362
13844.783084
12715.566888
11327.788375
9874.749403
8486.143951
7203.923527
6035.807416
4963.374939
3997.080163
3132.019806
2403.788224
1885.557524
1721.991760
1991.241691
2560.869704
3294.151465
4128.472520
5055.698041
6075.741102
7187.732468
8397.009172
9677.914949
10995.778894
12209.323545
13185.573767
13852.748393
14257.012106
14480.336478
14615.923070
14700.516086
14757.776665
14735.003720
14522.940095
14019.007411
13239.861069
12311.500935
11338.438044
10388.601733
9493.515616
7087.424502
7784.176402
8555.670983
9405.317457
10344.090193
11351.257519
12387.218074
13341.290671
14053.576536
14436.176120
14550.231226
14569.924600
14615.563031
14687.712868
14732.090233
14652.845701
14339.088263
13665.287993
12598.431998
11233.592456
9792.791001
8391.612435
7098.173151
5913.732648
4819.107970
3797.526524
2844.259985
1978.693744
1235.474649
891.513987
1279.340780
2010.961471
2851.861782
3751.961541
4730.050515
5775.855478
6902.199518
8123.472557
9403.598975
10695.034093
11860.486704
12747.332973
13321.910482
13664.683579
13863.230853
14006.741832
14128.744650
14233.324499
14268.195928
14098.209654
13617.213963
12858.712899
11949.065412
11003.988107
10084.770309
9231.432054
6893.528014
7562.674112
8310.471165
9133.033183
10049.484163
11045.849674
12071.783246
13039.420870
13779.781877
14192.203694
14333.106980
14378.183022
14433.691689
14507.379301
14553.702306
14503.012945
14249.837488
13641.786680
12618.968968
11268.787694
9807.104904
8384.117624
7058.932431
5841.338301
4714.817966
3663.410193
2679.245373
1755.105631
880.304664
260.484136
975.769281
1827.543620
2711.938269
3632.505822
4612.961530
5664.992129
6795.655245
8014.125031
9286.986703
10564.158637
11684.754752
12503.136406
13004.773380
13286.453247
13456.532616
13592.260551
13726.114802
13855.730251
13909.893986
13760.403751
13292.112163
12537.702313
11637.652892
10714.226320
9811.051100
8974.474066
4808.118469
5147.559007
5501.905649
5865.826160
6237.767820
6610.786842
6974.899174
7319.195962
7633.772648
7907.968392
8135.400503
8299.933357
8401.760266
8433.750601
8404.640004
8311.500623
8160.798868
7960.283647
7721.117902
7453.205816
7168.640474
6895.146753
6628.912377
6384.072866
6169.839173
5989.732025
5850.753361
5755.049091
5702.017480
5694.645694
5729.737656
5807.914526
5930.579373
6087.987214
6279.901841
6502.945579
6745.256597
7004.783102
7264.958145
7521.119466
7760.779228
7966.755182
8139.412953
8252.367553
8316.385694
8313.700078
8252.296220
8124.392239
7943.587731
7707.988924
7428.260314
7113.720494
6778.377374
6432.838592
6079.884384
5731.080900
5107.605293
5483.772237
5884.039651
6302.924569
6737.526275
7180.026846
7614.766950
8032.257340
8411.241447
8749.174904
9023.679804
9230.659255
9350.103215
9392.610180
9356.157645
9240.886742
9058.067422
8815.920555
8535.130463
8218.922504
7886.846526
7553.125276
7232.299006
6935.812468
6673.938731
6447.224994
6266.420093
6134.996115
6060.760475
6032.634875
6062.365082
6144.592367
6282.594431
6462.368899
6691.032048
6954.880415
7246.419951
7562.840564
7883.387908
8200.241555
8493.001673
8758.008096
8971.689373
9130.088018
9214.959968
9226.358259
9152.847431
9006.972884
8790.736483
8509.131606
8176.054284
7805.383578
7405.044786
6994.055845
6577.102696
6166.860042
5420.000853
5855.361663
6317.002165
6798.917925
7306.575162
7821.705131
8333.605393
8829.525767
9282.994905
9686.331969
10014.101972
10254.092013
10399.841106
10439.207197
10379.651710
10226.598044
9990.905772
9676.130211
9309.942439
8901.071636
8474.823882
8061.901606
7668.579680
7309.690639
6998.207628
6742.254414
6544.908370
6408.202466
6334.917977
6321.043630
6370.114092
6478.195667
6645.781359
6868.057550
7143.797158
7463.591038
7822.740443
8206.787917
8599.667796
8994.169978
9358.920809
9687.123592
9951.485055
10142.487114
10243.868530
10253.914563
10167.237484
9984.926296
9718.482315
9375.637453
8973.608907
8526.200833
8050.146395
7567.059432
7081.807826
6617.409224
5718.518028
6194.445797
6715.093127
7266.629810
7852.121948
8459.428052
9066.874730
9664.865104
10216.272615
10709.846300
11111.289017
11412.637983
11590.370159
11640.447747
11562.854370
11370.333159
11077.393160
10691.972980
10253.672906
9762.630966
9256.814592
8752.528246
8282.203514
7855.358013
7485.861285
7172.519247
6925.410608
6747.639061
6644.847990
6617.609824
6658.551647
6777.040620
6967.026450
7225.547760
7546.598513
7927.503085
8356.572387
8819.925753
9300.800884
9781.629204
10238.316047
10646.150611
10982.575280
11227.584958
11364.760609
11390.681886
11296.085962
11085.141086
10768.491879
10361.073482
9876.542568
9342.398140
8778.552202
8208.226939
7631.882052
7084.759948
6024.877846
6566.106396
7154.642168
7782.400752
8460.412997
9167.372078
9889.442976
10595.669594
11261.123939
11846.508400
12332.777211
12682.701555
12887.759497
12938.460274
12831.871870
12588.625301
12210.841940
11725.783632
11163.745348
10547.827800
9912.598485
9296.614175
8723.783712
8217.424315
7775.462003
7418.065884
7146.471029
6958.408283
6854.353789
6834.325053
6897.050982
7044.193441
7270.284800
7574.669693
7956.564871
8410.023177
8929.910019
9489.681718
10080.326187
10671.022669
11238.753129
11751.456017
12159.526459
12456.448875
12622.074858
12650.704394
12531.457749
12273.244803
11886.627764
11389.406970
10799.746412
10155.908220
9488.898062
8818.743980
8163.559828
7541.476630
6297.589520
6880.045075
7534.436194
8241.455898
9015.663665
9834.615050
10678.777267
11531.810323
12335.167095
13056.855778
13645.594922
14078.683465
14329.624232
14391.261099
14267.926724
13962.304749
13494.586948
12903.862820
12216.682145
11463.125165
10700.620292
9967.459613
9293.766106
8704.639821
8192.808034
7769.516571
7443.473657
7213.719098
7082.251943
7040.433061
7100.152445
7262.995404
7519.351276
7867.808187
8311.433833
8841.533589
9453.942375
10128.880994
10843.015787
11569.426009
12263.416673
12890.090848
13400.012515
13767.548368
13987.355527
14029.267469
13901.608504
13596.260271
13140.635418
12544.365580
11838.592775
11072.655519
10279.604989
9496.653059
8730.296838
8013.471254
6567.746802
7216.452740
7936.978662
8730.304580
9604.240676
10545.450171
11536.251294
12531.654492
13488.636205
14343.794730
15050.469594
15557.794920
15841.090639
15900.626688
15742.430555
15358.487669
14782.586516
14044.386821
13188.710942
12267.434129
11336.293053
10452.423241
9647.992482
8952.868933
8360.935138
7889.865848
7532.751153
7292.223574
7160.127792
7134.072054
7214.200837
7402.097990
7696.024614
8096.218052
8606.908039
9225.303778
9947.486791
10751.643804
11611.347757
12496.919105
13347.752000
14104.163330
14729.318558
15176.791183
15435.110077
15489.425955
15329.121106
14971.534702
14421.144257
13705.586335
12867.142364
11956.607350
11028.948277
10119.569130
9256.557844
8460.150910
6798.328225
7485.101407
8261.426247
9130.578861
10099.815575
11159.478859
12291.645681
13456.978711
14582.596602
15605.191276
16438.673386
17030.321439
17372.911141
17439.305550
17251.984207
16810.554880
16126.472525
15241.636849
14220.768944
13120.158219
12040.063535
11013.944655
10093.836423
9301.540595
8640.044877
8104.587838
7695.165868
7412.125667
7248.319039
7204.680154
7280.684372
7476.305297
7802.563707
8246.568946
8815.825678
9518.369817
10342.881872
11284.644386
12300.098434
13352.366186
14363.304572
15275.139064
16022.021423
16560.114039
16881.174864
16953.506860
16782.336057
16369.764385
15734.211397
14896.709762
13919.433766
12860.220284
11777.059067
10743.979534
9771.516729
8878.324498
7001.425709
7737.792855
8567.524680
9499.915294
10554.400319
11716.670378
12983.482553
14296.265034
15580.745379
16739.310016
17684.372605
18348.554918
18719.993647
18790.157822
18552.364886
18034.973877
17233.469586
16203.723924
15008.939157
13726.208618
12457.272422
11287.498934
10249.349399
9368.058330
8635.595139
8059.001200
7626.881967
7336.070473
7177.542285
7146.068938
7243.063250
7467.782086
7823.218972
8314.965410
8949.884766
9732.678261
10662.942180
11735.595136
12903.869728
14115.570878
15301.183204
16365.642213
17227.271284
17851.662774
18218.942742
18307.038747
18109.508770
17640.743692
16915.001530
15947.518865
14826.395700
13612.657044
12408.715502
11254.855104
10192.491743
9232.496605
7158.183302
7914.238368
8776.159570
9751.181497
10858.596223
12095.938714
13450.129354
14878.872426
16277.335914
17548.143861
18580.164655
19307.502526
19711.803537
19779.225483
19525.693121
18954.763894
18089.269545
16943.555508
15621.829253
14199.713801
12805.003912
11529.679308
10413.963009
9466.466764
8684.925374
8058.084451
7582.232654
7257.120117
7073.024144
7024.210564
7115.614484
7347.958214
7721.777190
8243.315764
8921.627679
9762.784637
10769.188713
11937.769983
13222.873457
14585.396146
15925.449806
17117.908866
18089.281177
18786.550303
19190.968959
19296.771723
19106.995413
18610.335302
17828.915118
16782.825589
15549.726854
14227.485333
12916.584978
11677.414528
10531.772420
9506.737325
7264.091250
8044.020134
8926.452294
9919.785133
11049.131411
12316.468642
13707.201747
15164.420301
16600.796170
17895.795668
18951.667501
19684.985457
20087.565851
20146.002080
19876.089784
19267.261188
18335.559739
17127.336604
15720.354660
14215.354661
12743.965496
11394.923386
10220.487596
9234.791484
8416.659798
7771.266520
7288.977676
6948.546520
6770.058856
6731.422168
6839.717751
7092.595233
7494.012948
8045.885149
8760.295301
9650.287367
10718.536429
11948.824010
13310.057994
14756.517840
16181.564671
17455.377634
18487.853766
19215.557167
19646.676482
19764.406771
19567.435327
19065.377446
18265.463966
17183.558146
15900.969297
14528.471926
13172.219855
11898.682131
10730.038811
9682.088454
7325.174912
8097.268816
8970.360872
9956.576387
11068.580420
12311.127206
13664.009963
15077.661405
16450.681662
17698.028756
18700.609499
19407.788215
19793.813752
19863.620125
19593.338388
19000.368919
18078.702228
16873.850673
15479.043246
13978.509203
12522.268292
11180.069826
9999.656772
9002.687710
8175.453620
7507.964417
6999.930770
6652.011513
6456.428442
6406.811952
6509.857092
6768.573418
7176.885119
7736.194954
8459.371525
9359.586224
10433.679255
11677.303040
13042.624686
14502.123149
15931.544494
17219.352341
18266.348663
19012.205731
19455.270705
19587.714431
19423.280617
18950.068769
18192.145940
17156.524048
15919.798685
14584.667983
13249.808233
11983.444303
10815.875290
9763.189985
7332.912061
8099.217176
8964.225215
9923.166058
11003.993866
12184.880514
13449.887975
14750.619649
15993.792962
17117.504995
18013.432380
18635.725111
18970.970461
19014.148418
18744.466252
18166.311350
17276.009151
16121.414670
14785.497103
13351.167669
11946.171260
10647.247029
9485.158769
8499.039106
7672.019616
7007.402843
6503.236548
6153.349850
5958.036284
5918.359929
6031.881692
6296.694372
6722.216034
7295.901087
8033.228110
8934.011141
9996.612181
11215.737475
12546.895247
13951.330208
15327.748632
16564.296983
17569.892446
18292.913125
18719.547666
18859.831942
18723.341933
18303.346659
17623.184237
16690.640302
15566.103987
14330.494015
13082.549511
11880.266284
10761.258160
9749.376194
7306.608078
8047.643695
8877.962316
9793.457806
10809.107966
11907.061234
13053.089192
14214.091890
15314.123342
16269.434446
17022.564615
17546.774817
17829.406969
17857.270204
17617.673927
17088.824837
16281.722082
15214.610879
13983.969497
12647.898777
11334.805281
10101.418143
8991.911416
8029.803167
7212.236293
6542.161327
6024.862766
5660.731374
5459.149073
5411.127141
5522.164843
5796.468515
6221.834613
6793.529980
7514.611963
8385.207118
9405.693788
10564.657621
11818.625439
13134.477214
14416.358398
15571.174537
16511.329212
17188.434442
17605.697449
17759.825883
17671.541397
17344.093348
16780.337587
16004.079627
15033.381588
13944.620177
12807.884646
11697.573862
10636.809545
9660.811913
7235.319031
7958.729058
8762.325250
9632.040657
10585.102109
11599.356745
12644.412244
13663.493121
14583.078046
15362.814619
15957.408284
16356.647576
16564.798853
16567.131044
16342.252421
15873.627945
15145.805405
14176.882975
13036.671096
11796.908384
10564.049492
9386.292795
8322.024475
7388.886609
6579.473970
5910.636277
5384.859264
5010.495724
4797.338563
4749.386097
4865.754481
5154.875762
5597.190453
6179.083558
6908.095209
7765.350060
8746.254584
9847.516107
11022.722945
12248.235467
13439.592008
14501.528775
15364.312469
15980.186171
16365.857238
16523.156425
16472.496337
16221.637358
15791.462561
15164.679346
14359.561729
13418.099311
12410.719188
11399.284637
10418.926438
9510.822630
7138.873808
7829.580518
8586.983466
9413.978649
10300.648583
11226.994145
12178.957594
13079.081228
13861.006569
14488.302540
14944.725515
15239.758770
15385.299696
15371.538030
15179.046100
14771.930621
14133.320755
13266.812302
12224.823585
11070.449663
9904.062199
8788.007574
7759.626202
6840.586736
6029.764043
5343.663618
4793.437824
4396.686594
4166.929944
4112.122380
4237.352592
4535.385874
4988.018138
5572.523809
6288.465730
7122.062586
8065.673731
9105.140499
10201.771866
11343.970523
12448.136989
13430.958284
14215.367978
14790.661684
15157.182443
15323.127570
15323.165792
15166.429765
14857.022835
14373.051500
13711.227897
12913.224182
12013.459376
11100.935998
10191.775594
9326.103838
7018.793148
7689.344384
8420.662428
9202.172280
10045.677521
10916.128536
11783.663224
12584.292848
13252.752615
13754.584682
14086.763749
14285.322257
14373.962159
14345.647003
14175.228270
13824.299802
13253.120121
12466.626406
11486.095467
10381.196863
9264.723109
8184.205253
7180.408478
6263.154098
5444.192751
4729.312114
4138.926002
3693.542551
3426.438549
3353.209983
3493.041284
3824.417787
4313.637756
4933.640165
5666.622756
6499.646131
7425.483075
8433.120695
9485.729727
10561.371878
11592.287799
12503.473640
13229.670053
13755.307385
14091.951204
14267.085695
14313.143136
14233.405176
14016.321805
13648.087188
13103.398487
12402.857218
11604.705960
10760.594108
9920.301871
9118.233907
6876.953189
7515.173365
8210.993946
8959.651497
9755.707950
10578.970047
11386.373962
12124.642867
12719.297028
13141.640247
13400.222200
13532.781731
13590.186635
13551.663964
13405.763262
13109.574493
12609.160965
11885.623078
10974.705438
9919.867397
8824.842993
7752.997366
6737.279166
5804.955476
4958.486269
4198.116391
3555.160911
3055.427612
2743.558421
2658.259346
2817.711109
3190.494341
3719.844270
4368.654077
5117.084668
5954.589892
6867.626595
7843.915187
8861.699328
9890.633551
10863.401034
11714.838915
12388.426065
12875.769870
13196.666253
13385.991602
13470.554822
13454.646966
13328.254360
13052.661057
12595.910510
11974.581334
11242.580830
10461.075156
9667.116943
8898.724306
6721.667984
7343.848941
8020.640236
8739.312151
9512.680956
10301.308789
11076.574100
11777.110232
12323.757142
12690.533434
12890.353292
12980.796967
13004.499101
12966.726361
12843.205995
12583.222596
12133.776211
11464.649655
10586.058809
9571.650047
8502.498355
7442.132888
6431.455935
5485.863245
4599.825709
3786.969638
3060.850735
2453.295480
2029.854685
1894.139356
2087.458860
2536.251439
3142.459290
3847.933388
4637.118339
5495.355195
6414.942058
7390.574453
8391.300422
9387.446264
10316.712154
11113.373866
11731.027946
12180.170247
12483.472169
12686.205111
12799.854926
12836.737940
12769.629413
12549.389823
12145.558830
11575.892724
10889.307416
10147.838802
9394.359325
8673.179794
6563.172255
7156.803546
7803.738582
8503.481635
9244.081634
10009.410033
10763.085750
11441.411749
11970.169286
12319.021318
12494.485841
12572.013121
12588.394277
12556.583480
12453.791313
12223.730669
11821.739213
11198.722794
10375.004269
9381.165388
8311.551982
7237.195603
6201.434259
5221.201241
4301.544602
3438.417279
2639.790071
1942.001595
1402.830404
1203.678153
1479.196822
2050.255483
2734.676088
3487.852721
4303.090722
5175.504934
6095.108415
7065.305208
8048.530347
9019.574354
9911.387296
10652.203834
11220.756795
11629.665272
11920.998000
12123.135519
12259.911971
12327.859345
12299.597631
12123.458185
11760.405129
11222.763294
10568.884245
9856.721200
9136.159836
8435.128898
6383.538751
6964.158992
7594.495437
8271.065830
8998.984667
9751.615730
10488.570861
11159.216401
11682.955938
12030.801390
12209.388478
12286.538268
12304.102546
12276.831153
12181.991496
11982.171426
11614.928941
11045.999640
10269.861961
9318.009451
8278.834061
7225.656715
6198.566496
5214.449361
4271.648548
3373.700808
2512.022897
1709.209285
978.914438
535.897054
935.126897
1641.753728
2412.100354
3217.659841
4064.255117
4954.463856
5884.206735
6854.391199
7830.923302
8786.061509
9641.292145
10341.466651
10861.682660
11234.829456
11501.333122
11696.502479
11843.679211
11925.450395
11915.609191
11754.072426
11405.026722
10884.710062
10251.585406
9565.759401
8869.406931
8199.140520
4530.280056
4826.936235
5139.854521
5460.294651
5787.457632
6112.396831
6429.677104
6728.217153
7003.049437
7242.040900
7437.152323
7581.623787
7674.485324
7706.389914
7684.124279
7608.824803
7489.014493
7330.553937
7137.189251
6922.625219
6689.991704
6458.059356
6229.866593
6017.792245
5825.906256
5658.372941
5525.412733
5427.636160
5371.036497
5350.604857
5368.012798
5426.435271
5525.110572
5657.001505
5822.246979
6012.863150
6225.158036
6448.434972
6672.631100
6893.672973
7100.711736
7281.295276
7429.820721
7533.844113
7595.266221
7599.134086
7546.556665
7445.863997
7289.715775
7089.907098
6851.670223
6580.669641
6288.669395
5985.685927
5671.590194
5359.932357
4792.678363
5134.740036
5491.166520
5859.866916
6236.139896
6616.656108
6985.936241
7338.719742
7657.123466
7940.459534
8167.905086
8333.504733
8433.047996
8465.054790
8432.049384
8330.903578
8172.261632
7957.984723
7706.266209
7426.709354
7139.598878
6848.229202
6576.781058
6324.072051
6102.736975
5919.885049
5773.523779
5673.959784
5620.102545
5612.176320
5650.708310
5731.395144
5855.558955
6019.744811
6218.259759
6449.574551
6701.476930
6969.272266
7244.036964
7512.130856
7766.265233
7984.327321
8162.652316
8290.208895
8360.876581
8365.286085
8307.492456
8179.377999
7992.934861
7754.703631
7468.448204
7145.890930
6800.719465
6445.602452
6089.565409
5734.926254
5061.206543
5438.509446
5841.469168
6260.195926
6698.237339
7140.947031
7579.679367
7995.553691
8381.926583
8718.124588
8996.255011
9202.558075
9322.387671
9361.693174
9318.456634
9197.328625
9004.482033
8752.830504
8461.956223
8132.811155
7787.719385
7444.429409
7116.531288
6816.184228
6549.681835
6322.423952
6139.775331
6008.955295
5930.997368
5907.919102
5936.469939
6021.045296
6160.285757
6350.941263
6582.434786
6854.240158
7156.016237
7476.997839
7807.776388
8135.683905
8441.130507
8714.361280
8939.322024
9103.891688
9201.232699
9213.756789
9148.945189
9002.127284
8785.032597
8501.771463
8165.536737
7793.595830
7390.940116
6978.772931
6557.756058
6145.363408
5341.734536
5766.676155
6221.886057
6697.535683
7196.781190
7702.014630
8211.739726
8698.906479
9147.444065
9546.204157
9867.482920
10103.151059
10243.573793
10281.025959
10217.669634
10059.222459
9816.012859
9492.579069
9123.622739
8709.696370
8284.690181
7867.768801
7473.987456
7115.068061
6806.393187
6549.346079
6349.180179
6213.283324
6139.118687
6126.644772
6179.367236
6289.152408
6457.968885
6682.405893
6959.127508
7282.917911
7643.248346
8030.906634
8431.341805
8826.610645
9200.259414
9533.489021
9808.543157
10002.413052
10117.346969
10130.411441
10051.342793
9876.328089
9615.567084
9276.980193
8877.298531
8434.409606
7962.726504
7484.536795
7002.264150
6540.290582
5601.997885
6066.673772
6570.618610
7105.157398
7675.178941
8261.716757
8855.124666
9430.910497
9966.216245
10443.505747
10833.210802
11120.125913
11286.264868
11331.402819
11255.194850
11063.450929
10768.085122
10388.006278
9944.678865
9454.027180
8951.335863
8458.286113
7992.346681
7575.085167
7208.169266
6901.991395
6661.359260
6491.551283
6391.328077
6361.907232
6403.718038
6520.178801
6708.992156
6965.381234
7285.603017
7661.203746
8089.800909
8545.735055
9026.359277
9501.638758
9959.637687
10368.116953
10701.602981
10949.799827
11088.429733
11118.022851
11030.538382
10831.754121
10527.961593
10133.413426
9667.348357
9147.761008
8600.868298
8049.330186
7496.699665
6959.287311
5865.198123
6380.987003
6939.964646
7540.793018
8179.614894
8848.899054
9530.069697
10200.887391
10822.519659
11375.941473
11828.177638
12160.406269
12344.008147
12390.265997
12288.641301
12045.259808
11674.686395
11201.816572
10658.395431
10062.105680
9449.795105
8857.113998
8309.430517
7822.530473
7402.771225
7060.691110
6801.710117
6624.266479
6528.017493
6510.269402
6572.664029
6716.326776
6938.452456
7234.175903
7605.695667
8044.194588
8545.355470
9089.218401
9660.859648
10233.818038
10784.555048
11275.015653
11673.787489
11966.958081
12135.392322
12174.845330
12068.883378
11832.126526
11470.586104
11004.047372
10448.897833
9840.920807
9204.723238
8572.804613
7946.708615
7354.753430
6093.394906
6645.300008
7254.654819
7914.793237
8630.877619
9384.405770
10166.165583
10937.648212
11665.375001
12319.473913
12856.047644
13239.698601
13458.247684
13508.734845
13388.705690
13107.770782
12669.692912
12107.188688
11463.178025
10765.433799
10052.805741
9371.153545
8745.258279
8186.241437
7705.335643
7310.989339
7006.144025
6793.298609
6667.201883
6630.745417
6688.654904
6838.210078
7081.797769
7425.961482
7844.284537
8344.237453
8921.013424
9556.876146
10225.582858
10905.429412
11558.095343
12142.725452
12624.403095
12982.697841
13185.970372
13238.371141
13126.515428
12857.757783
12443.434070
11906.871315
11267.005449
10563.161971
9838.351627
9118.773021
8407.720178
7737.685373
6300.208531
6897.179159
7554.342067
8270.778604
9058.038693
9895.574365
10758.850300
11629.307500
12455.443485
13200.064398
13802.688592
14239.455205
14480.092852
14527.910134
14371.636930
14026.092924
13511.338960
12845.743289
12090.024829
11267.836665
10443.125938
9649.131513
8929.774052
8293.622325
7758.759536
7327.950064
7004.699763
6782.557238
6660.838885
6639.544976
6716.633063
6891.778162
7166.285503
7538.295266
8007.483466
8574.497302
9228.929128
9958.300164
10737.175609
11530.079708
12288.453706
12974.142071
13538.322044
13956.888849
14196.588273
14259.005445
14131.236059
13828.433777
13350.244583
12731.269419
12002.700804
11207.575058
10382.745043
9578.358530
8797.627982
8077.543777
6467.740560
7088.659681
7782.373759
8543.872621
9383.072321
10284.969425
11235.248464
12193.699972
13115.027069
13937.356557
14614.992326
15097.804204
15366.104066
15416.407949
15238.405722
14849.364050
14265.479369
13519.214776
12668.234493
11759.084157
10833.371084
9967.240780
9176.666831
8491.031998
7909.281018
7434.720221
7070.234918
6816.787955
6670.418821
6633.396764
6702.524109
6884.129993
7177.200484
7574.800111
8084.705219
8702.943289
9425.127595
10239.596334
11106.233673
12005.396350
12868.405129
13643.651378
14287.397511
14761.607767
15045.186382
15126.747872
15002.571069
14671.564390
14154.161595
13465.331407
12661.481627
11785.734642
10882.576521
9997.717502
9155.805563
8372.650184
6600.399017
7251.674071
7972.944930
8767.850299
9645.471174
10595.009657
11599.029816
12619.474861
13595.488350
14477.609619
15188.500294
15695.997896
15967.015186
15995.688332
15797.127731
15364.098935
14714.644969
13891.852976
12951.779629
11934.192016
10923.796847
9970.305705
9117.184111
8375.268182
7756.526649
7256.872112
6881.149331
6625.970885
6487.247951
6461.337746
6548.927284
6752.067127
7068.925850
7500.961449
8053.004902
8723.342326
9507.562645
10393.051055
11335.456385
12320.814897
13272.987259
14130.576281
14837.393577
15354.210870
15668.554340
15761.174234
15632.030175
15281.675497
14728.131338
14002.435173
13128.874928
12191.421820
11227.664818
10295.514804
9409.373495
8594.649151
6687.961132
7344.804866
8073.393065
8879.761649
9769.833423
10739.469696
11758.497619
12798.896673
13789.698744
14685.447725
15411.471332
15924.004171
16197.939609
16227.737802
16010.777877
15558.451497
14890.611539
14036.820348
13056.166165
12002.936781
10953.267642
9972.686894
9085.554870
8323.372610
7676.117435
7148.424515
6746.454528
6467.366830
6308.366460
6267.525372
6348.546608
6550.886787
6875.124299
7321.191914
7894.805910
8592.219979
9409.389049
10330.852387
11324.413069
12357.252468
13362.976950
14271.669551
15023.578869
15575.678199
15922.168913
16033.709311
15921.340455
15581.523237
15026.576729
14281.294602
13397.545349
12433.592569
11448.448332
10494.324849
9578.784105
8729.969069
6737.134996
7399.519017
8130.164725
8934.457850
9817.865930
10774.219063
11777.523488
12789.206192
13750.434580
14605.767317
15295.985267
15777.892977
16027.923998
16038.969483
15806.835624
15341.039657
14657.646684
13783.342352
12791.555372
11728.855903
10667.778085
9666.283773
8764.758933
7983.696921
7324.144271
6791.112466
6382.647347
6104.408893
5951.711686
5920.301682
6014.086536
6233.855167
6577.925533
7041.751710
7633.750399
8351.431875
9188.264088
10129.667438
11140.335187
12187.135440
13208.533052
14128.493968
14898.516709
15459.606850
15805.943417
15937.312164
15835.991001
15513.538573
14983.643846
14269.684287
13403.264669
12459.205054
11490.402284
10543.452937
9634.302707
8801.481662
6739.437639
7387.999231
8102.294694
8887.371160
9743.611881
10651.634434
11605.937563
12552.396986
13441.868455
14230.889074
14859.327111
15296.608475
15512.155921
15513.985878
15288.133740
14843.803921
14182.274088
13339.903583
12380.254864
11356.414340
10325.093643
9351.643484
8465.611536
7690.941173
7026.853102
6480.803824
6060.675474
5766.275158
5600.161461
5557.900754
5648.752717
5867.229906
6215.008267
6681.924396
7272.016270
7985.082831
8811.968849
9739.982803
10729.718773
11750.948836
12750.487082
13656.460384
14407.963689
14973.219769
15336.015885
15481.176826
15417.032336
15137.963640
14668.146620
14011.402303
13216.905938
12333.013960
11409.982674
10497.269393
9617.721731
8792.998625
6707.929101
7346.881203
8046.696556
8803.495754
9619.426263
10478.812157
11351.460357
12216.504473
13011.152199
13704.425488
14245.629557
14611.188330
14784.027514
14758.403877
14530.454056
14091.970403
13460.253608
12657.102422
11740.672390
10744.223894
9757.445028
8809.436936
7943.504050
7173.139859
6516.459528
5974.080489
5550.137833
5255.106801
5088.898616
5054.814668
5149.980635
5383.514324
5743.365751
6224.837010
6820.086661
7531.858248
8346.004704
9245.982012
10204.779442
11187.559915
12143.928499
13010.108356
13730.172085
14276.268605
14627.603845
14783.432320
14750.779284
14520.062311
14113.900525
13545.567746
12839.019945
12038.291978
11188.684997
10333.276549
9502.903849
8720.913262
6640.813184
7255.119459
7925.125665
8639.925932
9408.860325
10207.222131
11007.117897
11778.678259
12478.064102
13060.370563
13509.192859
13804.153461
13938.847476
13908.517702
13697.678149
13285.546133
12702.515812
11959.358221
11100.480923
10173.314533
9231.634062
8331.380868
7485.332466
6732.268797
6074.745388
5520.722613
5080.037780
4771.764585
4594.268347
4553.282837
4648.734180
4882.405132
5245.489046
5724.352689
6316.653908
7009.031969
7791.835809
8656.151900
9566.084253
10503.470428
11405.378895
12218.515926
12901.965961
13422.288919
13774.531934
13944.907620
13954.006009
13793.327954
13473.693773
13007.305624
12397.458355
11687.637967
10920.044161
10129.668316
9346.427464
8599.420697
6557.459138
7152.431044
7797.134809
8477.461265
9200.529480
9936.904346
10671.109018
11359.845465
11960.601160
12447.554693
12805.903901
13026.553594
13109.670801
13048.147178
12834.945105
12453.139681
11910.285754
11216.208226
10402.665672
9515.006608
8618.991796
7737.907267
6919.142106
6176.812926
5511.994934
4947.197198
4494.976336
4166.387038
3976.082105
3931.881397
4039.263905
4291.812367
4674.865901
5170.796655
5770.241526
6461.436989
7231.690950
8065.025602
8935.449176
9820.628087
10669.835081
11440.483427
12080.525260
12568.144658
12908.852367
13093.181503
13130.446047
13029.631486
12787.118082
12406.678373
11890.656498
11270.359698
10581.494158
9860.220712
9134.072174
8437.270365
6442.845401
7012.019503
7623.333126
8270.909876
8949.855619
9636.354214
10310.052164
10924.573268
11448.818868
11857.170251
12140.997290
12302.477489
12357.644560
12287.248929
12085.516780
11739.707307
11242.520002
10599.181870
9843.610073
9001.730004
8130.671092
7277.862385
6468.276447
5721.775903
5045.923944
4456.247622
3966.233867
3611.875061
3401.527005
3348.220698
3460.086540
3727.958099
4127.697061
4634.893682
5237.561624
5921.669108
6677.817148
7483.526248
8312.916311
9154.965729
9961.839689
10687.241900
11292.717858
11761.196503
12092.960124
12293.178079
12368.719196
12323.942511
12155.873875
11858.640285
11429.674559
10886.766656
10267.891452
9608.332246
8926.640179
8263.521751
6330.553220
6884.094798
7474.193222
8092.270179
8737.345276
9385.553383
10009.922798
10572.396756
11035.432678
11381.828745
11599.997911
11710.686937
11723.925097
11640.080894
11443.858810
11121.506504
10659.238620
10055.972146
9328.681807
8523.780359
7683.953426
6845.941244
6038.142176
5282.845409
4586.085964
3962.849171
3425.693615
3013.265011
2756.983758
2683.010106
2809.436863
3113.289946
3553.672143
4095.814296
4723.703054
5421.019658
6175.084316
6967.515863
7778.829206
8589.195000
9358.343475
10040.604636
10614.780839
11059.990769
11382.157117
11589.446493
11689.985178
11689.471264
11575.187001
11340.597051
10975.687925
10492.479128
9927.787918
9316.885510
8683.144287
8063.842892
6186.090258
6712.414034
7279.649779
7873.539641
8492.123030
9106.586711
9699.919951
10223.310116
10641.894930
10945.632703
11130.145833
11219.420025
11221.653622
11138.431391
10967.500371
10675.401894
10246.384505
9677.428538
8987.868918
8201.294871
7365.324296
6523.294948
5700.239953
4925.583789
4190.687772
3524.752916
2938.997978
2470.763890
2168.950193
2074.053720
2232.117858
2581.893692
3070.388379
3647.052839
4297.126924
5006.451358
5762.092976
6549.493298
7341.768584
8126.085025
8861.523619
9517.283222
10059.979894
10486.461796
10801.719049
11020.148054
11149.913730
11179.881632
11113.438808
10928.848568
10612.409793
10176.214462
9653.906728
9080.639117
8481.487620
7883.071888
6047.949609
6560.182320
7107.647447
7678.419410
8272.223684
8866.401961
9435.913143
9934.558370
10329.206553
10609.644776
10774.555350
10838.314548
10826.482479
10737.286847
10566.608375
10293.883835
9901.022269
9362.436105
8710.283139
7958.808826
7149.835360
6323.363913
5509.509603
4721.550418
3961.274139
3244.065782
2578.244529
2004.393244
1580.870090
1422.856651
1606.964645
2034.867464
2594.720733
3224.148074
3914.585044
4646.048755
5408.742043
6196.756511
6982.301333
7749.239045
8461.990312
9081.771224
9592.604228
9993.853011
10299.029872
10518.210864
10655.058772
10713.816823
10678.043306
10521.543585
10237.004273
9834.589568
9342.484874
8800.568948
8227.721249
7666.495949
5884.199001
6374.538694
6900.655940
7450.431344
8024.814943
8598.714173
9145.883193
9631.377526
10018.983175
10291.548334
10451.509944
10521.147942
10515.852636
10444.039593
10289.333703
10042.625793
9675.532469
9176.079275
8548.231197
7805.457158
6995.924740
6158.197326
5321.883145
4508.955838
3722.838179
2966.942408
2252.307118
1603.448212
1069.195952
846.536289
1121.299728
1665.304772
2295.750448
2963.249018
3672.601529
4413.375282
5177.900370
5959.112485
6729.768027
7478.389715
8165.590586
8754.115423
9236.787953
9614.422697
9904.422455
10121.505254
10266.884101
10336.251787
10315.559123
10180.274165
9916.194300
9533.410581
9066.786303
8547.762339
8000.038214
7452.080978
4226.521080
4495.515060
4772.056797
5054.551483
5338.682026
5618.785709
5890.366075
6143.561673
6372.408855
6571.894465
6732.816530
6852.279734
6926.477296
6950.302038
6929.748432
6861.506184
6751.045334
6600.778194
6425.447594
6232.740166
6029.782487
5826.457786
5633.684812
5456.585974
5297.150205
5164.661743
5060.406771
4988.817754
4950.705573
4945.658619
4975.327722
5036.366732
5130.463864
5250.344290
5394.364464
5560.675020
5743.918969
5935.101506
6125.356236
6313.177004
6487.843650
6638.528919
6762.661416
6850.336857
6897.194569
6900.451488
6854.643669
6765.935784
6633.396727
6464.539107
6257.845263
6025.012057
5777.041870
5517.717847
5249.386598
4980.875327
4454.971467
4749.943237
5056.779510
5376.390452
5700.790363
6023.361594
6339.074254
6635.941997
6906.768385
7144.414874
7341.905588
7483.526052
7571.511315
7604.677976
7580.849216
7503.251610
7375.201631
7209.061898
7011.901248
6789.864627
6555.453328
6317.312806
6088.136688
5874.124718
5683.216932
5518.661831
5386.821176
5290.668155
5232.791476
5212.748745
5232.894907
5293.285186
5394.329083
5529.368362
5696.171701
5889.744653
6105.599177
6333.909081
6562.787273
6789.475635
7000.997973
7190.221274
7341.746865
7455.057910
7521.654167
7528.339182
7480.661446
7381.212030
7230.272521
7033.936918
6797.854830
6531.534216
6240.680333
5935.330123
5626.761132
5316.858954
4699.893511
5033.253064
5382.156959
5741.840819
6112.156905
6481.027366
6843.441593
7185.518178
7500.584561
7773.596955
7998.805840
8159.771484
8253.002592
8280.376647
8242.822180
8140.989622
7975.099547
7756.743963
7504.326638
7224.871485
6935.751594
6649.667477
6375.476960
6124.216060
5904.470613
5722.288876
5578.746701
5480.292575
5427.374805
5419.366318
5457.229871
5539.193073
5664.608208
5826.901858
6027.656482
6258.051623
6510.299145
6781.511392
7055.320561
7325.413418
7580.455307
7803.765717
7988.221957
8120.201768
8194.522832
8207.084618
8152.124792
8030.888229
7851.522264
7618.444242
7341.691764
7026.500379
6695.198125
6348.418986
5996.431669
5651.215913
4933.550538
5293.475417
5681.357550
6083.927912
6499.712655
6924.415864
7343.280153
7744.560334
8110.618732
8434.962552
8699.105583
8894.789323
9008.095375
9040.545029
8993.340069
8870.504016
8681.372294
8432.432535
8143.636291
7819.803276
7482.793450
7143.856236
6824.665432
6533.130655
6273.602519
6053.296072
5878.308454
5753.029610
5676.512986
5652.123362
5681.005818
5765.418829
5901.965295
6084.907870
6314.750548
6581.538909
6879.602643
7195.564050
7522.794281
7845.976952
8149.715402
8423.921724
8647.387559
8810.172209
8908.103544
8929.410210
8871.746623
8739.771618
8533.794574
8266.747260
7944.637125
7583.458255
7198.730927
6800.833543
6393.177930
5997.254287
5166.366220
5571.893685
6002.666137
6451.491201
6922.828751
7402.834789
7878.738914
8337.371831
8759.946436
9128.679404
9430.263517
9648.905102
9776.574516
9808.597280
9744.325468
9585.514690
9342.271340
9033.984073
8677.683828
8281.088656
7871.188477
7471.994733
7093.567380
6753.450775
6453.663298
6209.022294
6020.581557
5891.473363
5822.809600
5811.187726
5859.533932
5966.680330
6130.604322
6346.283805
6614.653658
6927.340456
7276.314562
7651.470507
8035.737222
8419.241350
8785.534009
9112.525888
9378.482277
9571.321401
9685.888532
9711.387446
9641.695323
9482.369621
9243.032982
8923.942007
8553.772825
8134.700395
7692.677020
7242.547543
6788.362249
6346.200473
5392.882189
5827.682314
6299.761624
6793.407620
7320.849830
7860.907721
8399.584719
8929.689618
9417.841648
9851.582340
10202.385885
10463.869320
10609.259879
10645.282622
10571.912017
10387.130209
10106.264773
9749.457812
9327.039001
8868.683582
8400.929141
7939.182208
7506.368675
7112.939789
6773.627787
6489.493274
6264.347663
6102.223481
6008.297331
5978.747771
6018.373605
6130.355796
6307.938481
6551.118770
6852.170873
7208.527288
7610.438990
8045.600554
8496.715111
8948.670231
9378.383336
9762.357356
10081.310289
10316.944961
10459.310373
10494.074393
10424.431278
10245.658900
9974.327882
9616.533052
9188.909448
8710.507732
8207.708336
7698.000447
7184.673068
6688.204068
5600.759883
6073.723317
6586.721954
7130.261494
7712.379025
8311.960860
8918.599753
9509.977516
10059.375267
10547.125144
10944.997187
11230.245979
11397.158463
11426.564503
11325.083502
11092.874450
10755.406704
10322.735641
9829.560190
9289.857152
8735.690116
8200.424500
7700.423247
7255.831605
6871.037445
6557.279162
6317.231341
6154.852690
6067.776220
6051.420227
6111.192492
6246.500205
6451.573472
6727.941956
7070.980238
7476.413193
7937.665728
8439.235931
8961.635887
9489.191751
9995.203193
10442.338214
10814.396063
11089.694099
11249.477641
11296.596093
11211.390258
11009.223831
10698.392802
10288.637870
9802.476897
9260.605713
8697.109331
8122.134280
7557.348495
7016.133897
5782.823208
6283.108472
6829.876541
7416.038695
8040.733397
8699.478650
9367.707570
10026.460121
10643.335511
11188.577424
11639.680097
11961.699538
12142.119955
12178.222901
12064.233422
11802.823230
11415.316933
10926.067464
10365.389955
9757.125652
9142.769878
8547.478046
7994.483293
7500.236611
7074.157234
6720.159393
6446.565912
6252.848513
6139.783209
6107.245597
6161.819776
6299.264011
6520.892722
6820.605330
7196.324024
7646.851320
8161.415282
8725.656132
9320.433210
9921.577237
10492.672879
11005.913595
11442.319040
11757.520004
11954.451595
12010.442744
11932.207200
11712.565881
11368.792651
10913.378927
10373.684245
9778.626472
9147.842088
8520.393412
7896.854297
7303.715978
5937.601209
6468.823785
7044.642706
7666.341821
8335.700824
9036.704281
9752.654784
10465.195081
11134.391305
11724.188987
12207.113557
12549.526008
12734.586968
12756.067077
12611.872356
12316.929846
11878.148890
11325.128126
10688.191723
10005.015713
9309.139055
8639.349013
8028.359057
7489.451704
7027.841400
6653.140726
6369.683560
6175.541292
6069.947875
6054.018666
6124.094873
6282.723490
6528.817804
6857.156360
7273.721171
7769.434296
8333.406501
8960.698139
9618.455253
10288.069405
10928.653435
11507.176100
11987.604533
12344.065353
12563.870324
12633.529961
12541.294074
12306.072523
11934.133371
11434.368722
10849.198117
10193.948902
9517.105565
8836.292635
8172.532252
7551.432498
6060.634483
6603.766280
7198.637628
7842.254764
8536.411580
9270.383601
10025.758055
10770.926664
11473.772804
12099.572009
12603.145548
12965.139925
13156.337495
13173.516907
13018.511545
12696.991113
12226.261475
11631.590021
10956.839996
10221.914931
9485.367349
8776.807855
8132.821587
7560.485854
7068.239278
6660.841325
6348.203240
6128.254285
6003.950401
5970.177143
6034.421223
6195.891238
6451.318305
6796.602038
7237.630935
7763.227711
8368.789059
9041.538688
9746.158884
10472.335583
11174.131318
11803.201063
12331.021620
12722.673882
12973.252373
13056.333820
12978.528642
12740.101864
12355.415350
11836.547334
11210.244742
10530.219216
9812.428150
9102.063072
8402.576281
7741.845520
6141.780346
6702.083673
7311.814162
7966.201451
8670.784077
9416.313766
10182.964254
10941.719774
11648.578484
12274.973546
12783.799256
13133.231528
13316.198252
13316.389573
13144.563678
12795.694968
12289.865715
11661.560008
10945.114857
10172.652330
9393.336408
8645.895264
7964.301773
7365.612300
6851.182684
6437.081263
6117.009365
5898.797322
5780.746099
5759.132907
5837.066404
6014.456094
6287.552243
6655.627651
7121.389715
7677.719446
8316.560805
9021.155582
9766.966360
10526.786652
11264.803046
11928.199857
12487.051913
12905.701469
13169.720677
13269.862408
13198.655731
12960.310681
12572.033776
12045.634862
11415.338689
10711.963254
9984.126027
9256.292063
8545.371688
7877.085807
6193.795441
6746.361086
7352.914652
8007.043235
8707.960708
9445.043058
10198.716737
10943.113831
11638.016755
12244.312207
12730.695916
13069.557543
13233.418151
13226.730836
13045.013752
12687.937042
12178.197262
11542.882048
10829.467984
10049.930991
9270.423322
8522.038948
7832.779059
7225.281666
6700.990703
6266.494542
5928.643731
5690.878879
5556.360704
5522.983891
5596.491639
5774.402765
6056.030626
6431.629936
6905.722233
7470.281833
8122.361982
8838.727477
9594.167573
10370.846402
11120.822186
11801.888898
12379.273055
12818.442473
13101.330032
13219.947244
13171.276180
12957.464425
12586.941924
12082.907780
11464.351601
10777.592332
10056.982298
9332.579489
8618.013736
7942.329915
6202.196399
6754.195995
7357.203867
7997.732673
8685.016584
9398.609777
10117.093566
10823.602373
11470.884114
12038.076589
12481.861775
12780.498299
12917.793802
12887.201254
12689.740054
12329.581848
11817.815777
11182.870053
10466.555153
9694.273013
8913.964003
8167.162882
7471.034895
6858.193749
6325.114173
5888.692534
5552.361414
5316.267822
5187.633950
5163.143498
5244.999808
5434.910903
5727.754958
6117.202256
6604.555654
7176.204625
7830.871510
8551.472466
9310.995501
10083.081810
10828.396260
11508.099944
12083.007751
12521.850123
12813.511152
12943.439700
12914.529444
12724.297519
12392.412907
11919.102614
11341.075316
10689.744494
9997.924435
9297.704939
8606.487397
7952.032128
6182.894844
6719.489035
7298.912506
7923.191773
8578.157788
9255.250255
9932.467390
10586.747251
11178.706529
11684.886029
12079.017881
12334.549013
12446.999372
12401.859551
12203.867419
11853.081277
11364.768087
10754.055899
10066.640388
9321.548265
8573.056825
7842.483614
7163.349594
6551.045205
6014.997737
5568.762474
5214.726892
4965.212115
4826.136460
4793.591791
4872.625410
5061.939724
5358.279281
5748.069076
6233.977199
6802.296542
7448.519174
8155.246909
8891.890606
9645.596490
10369.738471
11033.370490
11597.128390
12038.159664
12337.292616
12486.804327
12489.249741
12341.787322
12055.765954
11640.451152
11117.101058
10516.366313
9865.852526
9205.629177
8539.248821
7901.782010
6128.978761
6657.307185
7223.593303
7817.238691
8441.088934
9077.427102
9703.057872
10294.433194
10824.551858
11265.354724
11598.469958
11800.746062
11875.741646
11809.499585
11602.945901
11257.288203
10782.169280
10195.878270
9527.579385
8811.387581
8073.657872
7358.552970
6690.917678
6081.381261
5542.357002
5093.090471
4735.392808
4481.326563
4339.399400
4308.493739
4394.836312
4597.635186
4909.147688
5310.543585
5805.885735
6377.815700
7015.391510
7707.297233
8425.201984
9153.389637
9857.587487
10493.955795
11036.599922
11463.194451
11762.016349
11928.045067
11951.118138
11845.850875
11607.473035
11251.102939
10793.051630
10252.303614
9657.536064
9038.398927
8414.551828
7809.284181
6057.881021
6562.796426
7103.467248
7667.699262
8255.288351
8849.079993
9425.287523
9958.306247
10422.234791
10800.457788
11076.727488
11239.224502
11282.255469
11204.591123
11002.483146
10672.490352
10223.013249
9667.407091
9036.289723
8347.297501
7642.065472
6946.378736
6289.733802
5680.380569
5137.395584
4667.561635
4294.701409
4023.674378
3869.965543
3835.618952
3923.475118
4132.240327
4446.651953
4855.314921
5349.905890
5915.056026
6540.616682
7210.525328
7901.808083
8599.915503
9274.924676
9886.849567
10410.698093
10829.549968
11129.950722
11312.118252
11370.853888
11307.987583
11131.230245
10838.543697
10443.097565
9963.076778
9422.485131
8846.607939
8259.913694
7679.699414
5961.640429
6451.903172
6969.149854
7510.370701
8066.576864
8617.283232
9147.218676
9629.598240
10037.742897
10358.290300
10580.554279
10694.272921
10707.074080
10612.815840
10407.983823
10088.715057
9660.887305
9128.264402
8525.093558
7863.388620
7175.843843
6493.303383
5838.281231
5228.980920
4674.685508
4187.614328
3789.357368
3493.349816
3316.760288
3273.111440
3369.535147
3597.263172
3935.457479
4364.806577
4874.143248
5445.652945
6069.655756
6731.198695
7405.176441
8079.497065
8725.352212
9312.310641
9816.156149
10220.306638
10518.914962
10710.483336
10791.820048
10766.613131
10633.913373
10398.598150
10057.700971
9632.012083
9143.520712
8614.642645
8067.320843
7527.387896
5846.412689
6315.961386
6810.947460
7322.638766
7848.059703
8367.226942
8859.494180
9298.482514
9664.314592
9940.852036
10118.810101
10203.316272
10201.352601
10102.043952
9903.634060
9603.856767
9201.600462
8698.255334
8117.558205
7475.293502
6802.185228
6125.387531
5464.969992
4842.770499
4265.198645
3750.665209
3317.122554
2993.248507
2796.490514
2748.489246
2855.591217
3100.184557
3459.569340
3905.199894
4423.507588
5000.158774
5618.363091
6269.576246
6926.863448
7580.483628
8200.498136
8764.025167
9251.039729
9644.844473
9942.655594
10147.029581
10252.549433
10265.186123
10180.835010
9991.813057
9700.109600
9325.256301
8879.027152
8391.657362
7877.115070
7361.529708
5720.687058
6174.136669
6652.790840
7143.719070
7643.860034
8137.954146
8597.676076
9005.536375
9336.930565
9578.867236
9726.265831
9783.528709
9759.786543
9653.941826
9457.565181
9171.111977
8786.139663
8308.174238
7753.800152
7131.488109
6476.655494
5809.142277
5151.552762
4517.844962
3917.491925
3366.620114
2879.033899
2494.693621
2245.961067
2172.983350
2285.888890
2568.578157
2968.048896
3450.082918
3998.319676
4592.758666
5220.590131
5867.055882
6518.096287
7154.856520
7754.692164
8298.860081
8766.653613
9145.996373
9439.497193
9649.345297
9769.748079
9808.372020
9754.291238
9603.120801
9350.906267
9013.294548
8602.762723
8147.349992
7664.523915
7182.130760
5581.786758
6014.257713
6467.950117
6940.988946
7417.176590
7884.988401
8323.183573
8706.918946
9009.486301
9235.073931
9365.992390
9416.761064
9387.169563
9284.970574
9102.943844
8830.759560
8469.943503
8015.371546
7480.221731
6872.931839
6218.773129
5546.028908
4870.518094
4214.869132
3588.017881
2992.732816
2461.583120
2020.028139
1728.341023
1639.036694
1785.113781
2114.942316
2562.526211
3077.771288
3645.041069
4249.402943
4881.128200
5525.232063
6161.764680
6785.005272
7369.567068
7886.854326
8338.168070
8703.441905
8993.835088
9205.689246
9341.671751
9399.028019
9368.195803
9241.605686
9024.671985
8715.399405
8336.573559
7909.789907
7449.448885
6986.616789
5431.103097
5851.461418
6294.390042
6745.705593
7205.392669
7656.787142
8077.500450
8442.138527
8735.074988
8945.565801
9065.744397
9108.154531
9074.393773
8974.638867
8800.082702
8548.304276
8209.955212
7783.697438
7278.772691
6695.911076
6066.112169
5408.497346
4743.416956
4084.182291
3429.775585
2800.579797
2204.702841
1673.695225
1260.543824
1088.863607
1256.893749
1657.516267
2169.490473
2731.995786
3334.692716
3959.175845
4597.879187
5241.838465
5874.647967
6482.705350
7048.662975
7551.610957
7977.362370
8329.693812
8608.727244
8817.572540
8956.286022
9023.515553
9007.999720
8902.937513
8699.506928
8412.861208
8055.901942
7654.649054
7221.382836
6782.194286

VECTORS B_Vector double
-3115.584 -3837.9861 2638.7681
-3160.0581 -4257.4839 2911.7439
-3163.6641 -4719.0522 3206.0159
-3114.3821 -5219.084 3521.584
-2994.1821 -5757.5801 3852.6399
-2792.2461 -6317.7119 4195.312
-2488.1401 -6883.854 4537.9839
-2075.854 -7430.7642 4867.104
-1550.5801 -7934.4023 5167.1841
-912.318 -8364.7178 5424.6719
-174.29 -8689.2578 5627.9521
633.454 -8888.79 5757.6641
1489.2781 -8945.2842 5808.0
2348.708 -8853.9326 5777.0239
3199.7241 -8603.916 5655.0562
4001.458 -8218.0742 5455.6479
4726.2642 -7712.0322 5184.6079
5348.8999 -7109.8301 4851.6162
5863.356 -6441.5181 4470.2241
6262.4199 -5735.9443 4057.856
6550.8999 -5011.1382 3624.1919
6742.0181 -4304.3623 3182.7839
6856.208 -3615.616 2739.4399
6903.0859 -2973.748 2309.6479
6909.0962 -2371.5461 1889.536
6885.0562 -1807.808 1482.976
6850.1982 -1280.13 1088.032
6816.542 -786.108 710.512
6792.502 -300.5 340.736
6774.4722 171.886 -29.04
6768.4619 650.282 -404.624
6768.4619 1143.1021 -784.08
6774.4722 1652.75 -1167.408
6774.4722 2188.842 -1556.5439
6755.2402 2763.3979 -1961.168
6703.5542 3374.0142 -2377.408
6604.9902 4021.8921 -2803.3279
6434.3062 4699.8203 -3235.0559
6185.4922 5388.5659 -3664.8479
5834.5083 6082.1201 -4083.0239
5377.748 6748.0283 -4479.9038
4815.2119 7358.644 -4836.1279
4155.314 7888.7261 -5142.0161
3418.488 8311.8301 -5384.0161
2615.552 8602.7139 -5554.3838
1771.748 8758.9746 -5645.376
935.156 8767.3877 -5656.9922
132.22 8638.7744 -5587.2959
-611.818 8380.3438 -5445.9678
-1277.7261 8016.1382 -5242.688
-1848.676 7566.5903 -4991.0078
-2313.8501 7061.75 -4702.5439
-2668.4399 6520.8501 -4388.9121
-2924.4661 5981.1523 -4075.28
-3093.948 5446.2622 -3755.8401
-3188.906 4929.4019 -3444.144
-3535.082 -3904.0962 2923.3599
-3626.4341 -4374.0781 3250.5439
-3676.918 -4899.3521 3612.5759
-3669.7061 -5469.1001 3999.7759
-3580.7581 -6095.3423 4414.0801
-3395.6501 -6758.8462 4849.6802
-3086.7361 -7434.3701 5287.2158
-2639.592 -8102.6821 5717.0078
-2050.6121 -8725.3184 6111.9521
-1312.584 -9262.6123 6456.5601
-449.548 -9676.1006 6725.6641
512.052 -9929.7227 6903.7759
1528.944 -10005.4482 6977.3437
2556.6541 -9898.4697 6942.4961
3566.334 -9601.5762 6791.4878
4511.106 -9129.1904 6534.0
5347.6982 -8507.7559 6179.7119
6062.8882 -7769.728 5746.0479
6619.4141 -6965.5903 5258.1758
7037.71 -6103.7563 4719.9678
7316.5742 -5247.9321 4166.272
7470.4302 -4411.3398 3604.832
7534.1362 -3633.646 3060.8159
7528.126 -2918.4561 2540.032
7477.6421 -2262.1641 2036.672
7407.9263 -1665.972 1560.416
7335.8062 -1127.4761 1113.2
7276.9082 -628.646 685.344
7232.4341 -153.856 278.784
7213.2021 307.712 -125.84
7214.4043 772.886 -530.464
7236.04 1254.8881 -942.832
7269.6963 1768.1421 -1364.88
7310.564 2315.052 -1802.416
7337.0083 2912.446 -2261.248
7334.604 3567.5361 -2743.312
7276.9082 4282.7261 -3248.6079
7141.082 5047.1982 -3771.3279
6910.2983 5844.124 -4299.856
6548.4961 6655.4741 -4818.7041
6053.272 7443.9863 -5316.2559
5410.2021 8169.9941 -5763.4722
4642.124 8803.4482 -6152.6079
3775.4822 9301.0762 -6454.624
2821.094 9643.6465 -6661.7759
1825.838 9799.9063 -6776.0
834.188 9781.876 -6768.2559
-116.594 9593.1621 -6661.7759
-984.438 9257.8037 -6462.3682
-1747.708 8790.2266 -6181.6479
-2388.374 8225.2861 -5840.9121
-2886.002 7602.6499 -5455.6479
-3252.6121 6949.9644 -5049.0879
-3497.8201 6309.2983 -4644.4639
-3640.8582 5690.2681 -4243.7119
-3696.1501 5114.5103 -3862.3201
-3969.0042 -3907.7021 3213.76
-4116.8501 -4406.5322 3599.0239
-4228.6362 -4978.6841 4030.752
-4280.3223 -5616.9463 4503.1357
-4250.272 -6335.7422 5025.856
-4107.2339 -7113.436 5579.5518
-3816.3501 -7933.2002 6148.7358
-3357.186 -8755.3682 6714.0479
-2709.3081 -9533.0625 7248.3838
-1873.9181 -10220.6064 7722.7041
-863.036 -10759.1025 8100.2241
276.46 -11102.874 8355.7764
1497.692 -11227.8818 8471.9355
2730.9441 -11117.2979 8442.8955
3946.166 -10773.5264 8257.04
5071.2383 -10212.1924 7935.6641
6065.292 -9466.9521 7480.7041
6891.0659 -8583.4824 6927.0078
7523.3184 -7611.064 6301.6802
7959.644 -6601.3843 5629.8882
8219.2764 -5601.3203 4938.7358
8327.4561 -4661.356 4257.2642
8322.6484 -3794.7141 3600.96
8242.1143 -3033.8481 2987.248
8123.1162 -2351.1121 2410.3201
7994.502 -1736.89 1868.24
7881.5142 -1181.566 1357.136
7781.748 -691.15 873.136
7712.0322 -230.784 406.56
7684.3862 219.966 -50.336
7697.6079 682.736 -514.976
7744.4863 1162.334 -987.36
7822.6162 1679.194 -1479.104
7912.7661 2242.9321 -1992.144
8006.522 2873.9819 -2534.2239
8072.6323 3579.5562 -3105.344
8084.6523 4371.6743 -3720.9919
8002.916 5247.9321 -4363.7441
7804.5859 6165.0581 -5018.1118
7439.1782 7147.0923 -5668.6079
6900.6821 8102.6821 -6301.6802
6180.6841 8989.7578 -6884.416
5287.5981 9765.0479 -7381.9678
4259.8882 10369.6543 -7771.104
3127.604 10789.1523 -8028.5918
1940.0281 10997.0986 -8156.3682
757.26 10979.0684 -8140.8799
-378.63 10750.6885 -7989.8721
-1402.734 10327.584 -7713.0239
-2299.426 9747.0186 -7337.4399
-3026.636 9049.8584 -6878.6079
-3578.354 8286.5879 -6371.376
-3959.3882 7500.48 -5842.8481
-4190.1719 6734.8062 -5318.1919
-4295.9482 6007.5962 -4809.0239
-4304.3623 5339.2842 -4332.7681
-4458.2183 -3881.2581 3552.5601
-4680.5879 -4418.5522 4015.2639
-4870.5039 -5042.3901 4537.9839
-5005.1279 -5756.3779 5120.7202
-5048.3999 -6568.9302 5767.3437
-4965.4619 -7480.0459 6472.0479
-4708.2339 -8459.6758 7213.5361
-4228.6362 -9474.1641 7968.5762
-3507.436 -10441.7744 8684.8955
-2522.998 -11308.416 9325.7119
-1324.604 -11986.3438 9838.752
49.282 -12422.6699 10191.1035
1519.328 -12578.9307 10355.6641
3013.4141 -12445.5078 10316.9443
4470.2383 -12017.5967 10076.8799
5817.6802 -11324.042 9643.2158
6984.8223 -10399.7041 9043.0557
7935.604 -9301.0762 8309.3115
8621.9463 -8108.6924 7482.6401
9055.8682 -6870.6323 6592.0801
9251.7939 -5683.0562 5695.7119
9261.4102 -4591.6401 4830.3198
9147.2197 -3628.8381 4019.136
8954.9004 -2798.2561 3269.9041
8736.1357 -2090.2781 2584.5601
8518.5742 -1480.864 1955.36
8333.4658 -953.186 1380.368
8194.0342 -480.8 855.712
8107.4902 -58.898 352.352
8075.0361 350.984 -141.328
8102.6821 766.876 -636.944
8184.418 1209.212 -1148.048
8315.4365 1711.6481 -1686.256
8472.8984 2263.366 -2253.5039
8644.7842 2901.6282 -2874.96
8801.0439 3645.666 -3546.752
8909.2246 4507.5 -4282.4321
8916.4365 5485.9282 -5072.3198
8777.0039 6554.5063 -5900.9277
8436.8379 7691.5981 -6745.0239
7862.2822 8838.3066 -7573.6318
7038.9121 9917.7021 -8334.4795
5988.3643 10855.2617 -8986.9121
4761.1221 11581.2705 -9488.3359
3400.458 12070.4844 -9819.3916
1980.896 12292.8545 -9962.6563
555.324 12243.5723 -9918.1279
-793.32 11928.6484 -9689.6797
-2003.734 11379.334 -9292.7998
-3036.252 10629.2861 -8760.4004
-3850.0061 9748.2197 -8127.3281
-4429.3701 8807.0537 -7445.856
-4792.374 7859.8779 -6748.896
-4972.6743 6963.186 -6073.2319
-5005.1279 6133.8062 -5426.6079
-4937.8159 5406.5962 -4843.8721
-4936.6143 -3756.25 3872.0
-5240.7202 -4304.3623 4406.3359
-5525.5942 -4954.644 5025.856
-5767.1963 -5715.5103 5732.4961
-5931.8701 -6617.0103 6537.8721
-5963.1221 -7657.9424 7438.1118
-5786.4282 -8821.4785 8413.8555
-5335.6782 -10057.1338 9430.2559
-4556.7822 -11286.7803 10419.5518
-3434.114 -12397.4287 11315.9199
-2000.1281 -13224.4043 12053.5361
-346.176 -13648.71 12566.5762
1446.006 -13803.7686 12822.1279
3250.208 -13712.416 12791.1523
5024.3599 -13337.3926 12491.0723
6655.4741 -12589.748 11912.208
8063.0161 -11465.8779 11106.832
9166.4521 -10118.4365 10115.5996
9923.7119 -8656.8037 9010.1436
10334.7959 -7177.1421 7846.6079
10440.5723 -5786.4282 6696.624
10315.5645 -4557.9839 5618.272
10051.124 -3519.4561 4634.7842
9725.3818 -2670.844 3759.7119
9385.2158 -1961.6641 2969.824
9075.1006 -1381.098 2267.0559
8815.4678 -897.894 1624.304
8620.7441 -485.608 1035.76
8500.5439 -111.786 476.256
8459.6758 250.016 -71.632
8496.9385 617.828 -625.328
8617.1377 1015.69 -1194.512
8801.0439 1472.4501 -1802.416
9041.4443 1998.926 -2449.04
9321.5098 2631.178 -3165.3599
9607.5859 3405.2661 -3966.864
9856.4004 4328.4019 -4855.4878
10005.4482 5427.0303 -5837.04
9977.8018 6666.292 -6888.2881
9689.3223 8041.3804 -7995.6802
9097.9385 9442.9121 -9087.584
8167.5903 10773.5264 -10102.0479
6931.9341 11922.6387 -10963.5684
5463.0903 12809.7139 -11629.5518
3823.562 13324.1699 -12072.8955
2111.9141 13535.7227 -12252.9443
399.064 13493.6523 -12175.5039
-1232.05 13187.1426 -11850.2559
-2687.6721 12550.082 -11302.3682
-3912.51 11618.5322 -10564.752
-4842.8579 10525.9141 -9703.2324
-5459.4839 9362.3779 -8772.0156
-5794.8423 8225.2861 -7846.6079
-5904.2241 7174.7383 -6971.5361
-5846.5283 6231.168 -6158.416
-5678.248 5402.9902 -5424.6719
-5433.04 -3567.5361 4218.5439
-5836.9121 -4125.2642 4845.8081
-6237.1782 -4791.1719 5575.6802
-6614.606 -5594.1079 6431.3921
-6925.9243 -6571.334 7428.4321
-7107.4263 -7743.2842 8582.2881
-7059.3462 -9101.5439 9865.8555
-6663.8882 -10613.6602 11253.9678
-5823.6899 -12134.1904 12630.4639
-4491.874 -13416.7246 13902.416
-2754.9841 -14023.7344 14940.1123
-718.796 -14194.418 15664.1758
1450.8141 -14208.8418 16010.7197
3642.0601 -14199.2266 15981.6797
5773.2061 -14071.8145 15577.0557
7757.708 -13597.0244 14804.5918
9446.5186 -12386.6104 13697.2002
10742.2744 -10715.8301 12338.1279
11551.2197 -8906.8203 10822.2402
11885.376 -7100.2144 9238.5918
11803.6406 -5467.8979 7718.832
11453.8584 -4085.5981 6322.9761
10962.2402 -2986.97 5105.2319
10434.5625 -2121.53 4046.24
9933.3281 -1454.42 3128.5759
9497.002 -936.358 2325.136
9153.2305 -518.062 1620.432
8909.2246 -185.108 983.488
8764.9844 102.17 396.88
8721.7119 371.418 -176.176
8784.2158 649.08 -755.04
8947.6885 964.004 -1361.0079
9215.7344 1349.8461 -2009.568
9552.2939 1821.03 -2718.144
9963.3779 2406.4041 -3531.2639
10408.1182 3162.4622 -4462.48
10843.2422 4121.6582 -5538.896
11187.0146 5318.8501 -6770.1919
11331.2539 6737.21 -8133.1357
11154.5605 8358.708 -9606.4316
10547.5498 10070.3564 -11093.2803
9476.5684 11701.4697 -12477.5195
7990.896 13072.9521 -13633.3115
6204.7241 13863.8682 -14514.1924
4226.2319 14087.4404 -15073.6963
2151.5801 14158.3584 -15273.1035
68.514 14137.9238 -15135.6475
-1901.5641 13998.4922 -14657.4561
-3652.8782 13526.1064 -13863.6963
-5088.0659 12492.3857 -12814.3838
-6119.3823 11112.4902 -11588.8955
-6716.7759 9688.1201 -10303.3916
-6955.9741 8340.6777 -9062.416
-6924.7222 7148.2939 -7925.9839
-6729.998 6107.3623 -6899.9038
-6433.104 5250.3359 -6017.0879
-5897.0122 -3271.844 4536.0479
-6395.8423 -3789.906 5242.688
-6921.1162 -4430.5723 6088.7197
-7458.4102 -5216.6802 7099.312
-7975.27 -6211.936 8322.8643
-8393.5664 -7456.0063 9782.6084
-8583.4824 -8989.7578 11499.8398
-8351.4961 -10787.9502 13428.0957
-7508.894 -12699.1299 15429.9199
-5959.5161 -13973.25 17305.9043
-3807.936 -14217.2559 18829.5352
-1311.3821 -14230.4785 19857.5527
1345.038 -14246.1045 20362.8477
3984.6301 -14238.8926 20349.2949
6570.1323 -14225.6699 19824.6406
8980.1426 -14103.0664 18812.1113
11066.8145 -13193.1523 17296.2246
12631.8184 -11206.2461 15381.5195
13396.29 -8972.9297 13219.0078
13536.9238 -6811.7339 11017.7764
13265.2725 -4946.23 8965.6162
12679.8984 -3488.2041 7205.792
11907.0127 -2402.7981 5720.8799
11154.5605 -1613.084 4495.3921
10477.834 -1043.3361 3461.5679
9914.0957 -637.06 2584.5601
9472.9619 -334.156 1821.776
9167.6543 -106.978 1142.24
8987.3545 81.736 514.976
8932.0625 257.228 -100.672
9007.7881 441.134 -722.128
9208.5225 661.1 -1376.496
9535.4658 941.166 -2088.9441
9977.8018 1304.17 -2873.0239
10535.5303 1803.0 -3784.8799
11181.0039 2488.1401 -4863.2319
11872.1543 3428.104 -6154.5439
12508.0127 4693.8101 -7699.4722
12928.7119 6285.2583 -9472.8477
12951.5498 8196.4385 -11470.7998
12383.0039 10285.5146 -13536.5117
11150.9541 12291.6523 -15464.7676
9368.3877 13743.668 -17071.6484
7201.1821 14179.9941 -18270.0312
4820.02 14218.458 -18992.1602
2330.678 14231.6807 -19261.2637
-170.684 14231.6807 -19052.1758
-2562.6641 14214.8525 -18364.8965
-4704.6279 14069.4102 -17247.8242
-6439.1143 13253.252 -15739.6797
-7608.6602 11619.7344 -13991.4717
-8188.0239 9885.248 -12189.0557
-8285.3857 8319.042 -10512.4795
-8076.2383 6981.2163 -9031.4404
-7687.9922 5871.77 -7742.064
-7221.6162 4970.27 -6657.9038
-6334.54 -2892.012 4859.3599
-6939.146 -3361.9941 5662.7998
-7601.4482 -3943.762 6630.7998
-8314.2344 -4670.9722 7821.4399
-9063.0801 -5613.3403 9290.8643
-9780.6738 -6852.6021 11133.9355
-10308.3525 -8472.8984 13406.7998
-10356.4326 -10528.3184 16150.1123
-9541.4766 -12837.3604 19133.4883
-7644.7202 -14131.9141 21896.1602
-4907.7661 -14232.8818 22804.1445
-1783.7681 -14241.2959 22852.543
1408.744 -14250.9121 22866.0957
4567.6001 -14248.5078 22866.0957
7626.6899 -14238.8926 22860.2871
10535.5303 -14183.6006 22813.8242
13069.3467 -13289.3125 21965.8555
14113.8838 -10914.1602 19301.9199
14217.2559 -8191.6304 16103.6475
14214.8525 -5646.9961 12909.248
14112.6826 -3645.666 10134.96
13640.2959 -2211.6799 7869.8398
12684.7061 -1248.8781 6077.104
11663.0059 -614.222 4656.0801
10799.9697 -209.148 3506.0959
10104.0117 52.888 2555.52
9595.5664 204.34 1752.08
9242.1777 289.682 1047.376
9048.6563 336.56 408.496
9000.5762 372.62 -209.088
9097.9385 415.892 -836.352
9347.9541 491.618 -1498.464
9754.2305 623.838 -2232.208
10309.5537 841.4 -3070.4961
11025.9463 1187.576 -4069.4719
11893.79 1727.274 -5291.0879
12873.4199 2545.8359 -6814.7197
13681.1641 3758.6541 -8733.2959
14045.3701 5455.8779 -11095.2158
14141.5303 7657.9424 -13888.8643
14000.8965 10162.9102 -16866.4316
13050.1143 12568.1123 -19650.4004
10850.4541 13993.6846 -21820.6562
8210.8623 14225.6699 -22689.9199
5362.1221 14235.2861 -22809.9512
2410.01 14248.5078 -22840.9277
-575.758 14244.9023 -22825.4395
-3490.6082 14232.8818 -22649.2637
-6150.6343 14198.0244 -21696.752
-8262.5479 13466.0059 -19483.9043
-9530.6582 11534.3926 -16874.1758
-9946.5498 9509.0225 -14312.8477
-9763.8457 7764.9199 -12014.8164
-9260.208 6395.8423 -10107.8555
-8629.1582 5310.436 -8528.0801
-7980.0781 4478.6519 -7256.1279
-6689.1299 -2426.8381 5128.4639
-7365.856 -2798.2561 5993.856
-8133.9341 -3262.228 7066.3999
-9001.7783 -3846.4001 8400.3037
-9976.6006 -4612.0742 10103.9844
-11031.9561 -5651.8042 12324.5762
-12028.4141 -7105.022 15259.5518
-12600.5664 -9138.8066 19096.7031
-12013.9902 -11669.0166 22740.2559
-9715.7666 -13815.7881 22891.2637
-6186.6943 -14210.0439 22926.1113
-2333.082 -14225.6699 22935.791
1448.41 -14232.8818 22951.2793
5072.4399 -14226.8721 22953.2168
8621.9463 -14194.418 22953.2168
12034.4238 -13702.7998 22931.9199
14159.5605 -11968.3145 22899.0078
14247.3066 -9327.5205 22819.6328
14259.3262 -6285.2583 19768.4961
14250.9121 -3597.5862 15069.8242
14230.4785 -1714.052 11292.6875
14079.0264 -576.96 8504.8477
13246.04 63.706 6435.2642
12054.8584 391.852 4884.5278
11028.3506 533.688 3668.72
10220.6064 563.738 2683.2959
9630.4238 524.072 1858.5599
9227.7539 443.538 1142.24
9005.3838 342.57 485.936
8946.4863 245.208 -147.136
9054.666 151.452 -784.08
9329.9238 87.746 -1469.424
9784.2803 60.1 -2228.3359
10422.542 98.564 -3101.4719
11272.3564 239.198 -4162.3999
12339.7324 538.496 -5492.4321
13485.2383 1098.6281 -7225.1519
14147.54 2050.6121 -9519.3115
14230.4785 3580.7581 -12554.96
14244.9023 5852.5381 -16469.5527
14247.3066 8673.6318 -20893.3125
14195.6201 11388.9502 -22842.8633
12586.1426 13383.0684 -22902.8789
9404.4482 14111.4805 -22918.3672
6078.5142 14224.4678 -22937.7285
2678.0562 14235.2861 -22939.6641
-778.896 14229.2764 -22916.4316
-4255.0801 14219.6602 -22906.752
-7555.772 14074.2178 -22889.3281
-10229.0205 12956.3584 -22809.9512
-11659.4004 10673.7598 -20436.416
-11838.498 8492.1299 -16701.8711
-11268.75 6774.4722 -13615.8877
-10418.9365 5488.332 -11190.0801
-9518.6377 4526.7319 -9304.416
-8666.4199 3791.1082 -7813.6958
-6984.8223 -1890.7461 5384.0161
-7725.2539 -2159.9941 6322.9761
-8578.6738 -2476.1201 7482.6401
-9555.9004 -2855.9521 8934.6396
-10702.6084 -3336.752 10845.4717
-12022.4043 -3966.6001 13397.1201
-13343.4023 -4864.4941 16963.2324
-14006.9063 -6191.502 21965.8555
-13911.9482 -7975.27 22904.8164
-11340.8701 -9637.6357 22949.3437
-6879.0459 -10495.8643 22964.832
-2340.2939 -10640.1045 22976.4473
1875.12 -10349.2197 22980.3203
5886.1943 -9719.3721 22972.5762
9808.3203 -8810.6602 22966.7676
13488.8447 -7579.812 22970.6406
14241.2959 -5978.748 22959.0234
14266.5381 -3869.238 22922.2402
14276.1543 -1478.4601 22591.1836
14271.3467 401.468 16541.1836
14244.9023 1403.936 11780.5596
14173.9844 1806.6061 8572.6084
13328.9785 1885.938 6336.5278
11979.1318 1793.384 4714.1602
10846.8486 1608.276 3477.0559
9988.6201 1371.4821 2487.76
9373.1963 1116.6581 1678.512
8964.5166 845.006 981.552
8744.5498 570.95 358.16
8700.0762 299.298 -242.0
8829.8926 32.454 -853.776
9140.0078 -219.966 -1506.208
9638.8379 -449.548 -2243.824
10344.4121 -640.666 -3109.2161
11308.416 -775.29 -4187.5679
12552.4863 -812.552 -5585.3599
13833.8184 -686.342 -7459.4082
14219.6602 -270.45 -10076.8799
14252.1143 631.05 -13819.168
14270.1445 2317.4561 -19176.0801
14270.1445 4723.8599 -22850.6074
14249.71 7083.3862 -22931.9199
13795.3545 8825.084 -22947.4082
10393.6943 10057.1338 -22962.8965
6675.9082 10973.0586 -22960.959
2922.062 11584.876 -22962.8965
-967.61 11870.9521 -22955.1523
-4982.29 11816.8623 -22957.0879
-8989.7578 11203.8418 -22931.9199
-12315.6924 9840.7744 -22908.6875
-13636.6904 7956.0381 -22802.207
-13432.3506 6255.208 -18856.6406
-12518.8301 4991.9062 -14924.624
-11336.0625 4098.8203 -12065.1523
-10190.5566 3428.104 -9918.1279
-9189.29 2931.678 -8272.5283
-7145.8901 -1324.604 5558.2559
-7898.3423 -1460.4301 6524.3198
-8766.1865 -1604.67 7730.4478
-9763.8457 -1744.1021 9244.4004
-10938.2002 -1866.7061 11230.7363
-12320.5 -1947.24 13914.0322
-13648.71 -1942.432 17716.3359
-14165.5703 -1778.9601 22608.6074
-14103.0664 -1364.27 22918.3672
-11643.7744 -643.07 22984.1914
-6710.7661 236.794 22982.2559
-1914.786 1134.688 22988.0645
2520.594 2009.744 22990.0
6672.3022 2943.698 22980.3203
10751.8906 3872.844 22986.127
14034.5527 4781.5562 22986.127
14261.7305 5566.4619 22984.1914
14288.1738 6043.6562 22951.2793
14289.376 6072.5039 22798.3359
14277.3564 5646.9961 16488.9121
14253.3164 5015.9463 11463.0557
14151.1465 4348.8359 8251.2324
13145.0723 3711.7761 6071.2959
11689.4502 3120.3921 4520.5601
10534.3281 2561.4622 3349.28
9666.4844 2036.188 2420.0
9043.8486 1544.5701 1657.2159
8629.1582 1083.0021 1002.848
8401.9805 643.07 408.496
8350.2939 216.36 -168.432
8476.5039 -211.552 -755.04
8781.8125 -625.04 -1386.176
9286.6523 -1049.3461 -2094.752
10001.8418 -1474.854 -2921.4241
10981.4727 -1908.776 -3964.928
12278.4307 -2343.9001 -5325.936
13718.4258 -2764.6001 -7174.8159
14226.8721 -3154.0481 -9813.584
14265.3359 -3414.8821 -13761.0879
14283.3662 -3419.6899 -19863.3594
14283.3662 -3014.616 -22900.9434
14265.3359 -2321.062 -22955.1523
14161.9639 -1534.954 -22974.5117
11340.8701 -756.058 -22976.4473
7469.228 88.948 -22966.7676
3554.314 894.288 -22964.832
-460.366 1685.204 -22970.6406
-4697.416 2426.8381 -22960.959
-9144.8164 3060.292 -22955.1523
-13059.7305 3384.832 -22935.791
-14085.0361 3313.9141 -22887.3926
-13962.4326 3021.8281 -20358.9766
-13130.6484 2720.126 -15871.3281
-11830.084 2440.0601 -12719.5195
-10594.4277 2178.0239 -10384.7041
-9509.0225 1934.0181 -8607.4561
-7184.354 -710.382 5676.3521
-7930.7964 -730.816 6675.3281
-8773.3984 -712.786 7904.688
-9716.9678 -625.04 9436.0635
-10789.1523 -417.094 11428.208
-11975.5264 21.636 14065.04
-13123.4365 822.168 17673.7441
-13687.1738 2248.9421 22312.4004
-13009.2461 4432.9761 22914.4961
-9542.6777 7065.356 22949.3437
-4836.8481 9494.5986 22966.7676
-302.904 11500.7363 22970.6406
3911.3081 13087.376 22970.6406
7893.5342 13950.4121 22966.7676
11783.2061 14204.0342 22986.127
14195.6201 14224.4678 22972.5762
14261.7305 14232.8818 22947.4082
14280.9619 14151.1465 22868.0312
14271.3467 13086.1738 19454.8633
14260.5283 10644.9121 13606.208
14224.4678 8517.3721 9664.5117
13704.002 6858.6123 7019.936
12155.8262 5554.4419 5180.7358
10774.7285 4497.8843 3841.0239
9710.958 3597.5862 2814.9441
8911.6279 2805.468 1996.016
8344.2842 2095.0859 1324.224
7971.6641 1438.7941 747.296
7774.5361 816.158 228.448
7744.4863 210.35 -271.04
7877.9082 -387.044 -780.208
8184.418 -995.256 -1328.0959
8674.834 -1628.7101 -1955.36
9369.5898 -2301.8301 -2696.8479
10320.3721 -3051.8782 -3628.064
11569.25 -3895.6821 -4845.8081
13124.6387 -4881.3223 -6497.2158
14160.7627 -6079.7163 -8841.7119
14252.1143 -7565.3882 -12289.7275
14274.9521 -9374.3984 -17551.7754
14279.7607 -11154.5605 -22833.1836
14258.124 -12164.2402 -22935.791
14198.0244 -12321.7021 -22960.959
11808.4482 -11938.2646 -22964.832
8130.3281 -11178.6006 -22968.7031
4357.25 -10136.4658 -22978.3848
462.77 -8849.124 -22982.2559
-3648.0701 -7306.958 -22964.832
-7976.4722 -5505.1602 -22953.2168
-11977.9307 -3488.2041 -22939.6641
-13812.1826 -1628.7101 -22871.9043
-13750.8799 -340.166 -20310.5762
-12947.9443 383.438 -15987.4883
-11753.1563 747.644 -12889.8877
-10598.0342 903.904 -10562.8164
-9579.9404 948.378 -8799.1201
-7142.2842 -152.654 5744.1118
-7831.0303 -63.706 6729.5361
-8593.0986 87.746 7937.6001
-9415.2666 342.57 9436.0635
-10290.3223 772.886 11335.2803
-11135.3281 1473.652 13761.0879
-11789.2158 2615.552 16920.6406
-11804.8418 4395.7139 21005.5996
-10253.0605 6928.3281 22864.1602
-6660.2822 9999.4385 22912.5605
-2394.384 13004.4385 22931.9199
1639.5281 14210.0439 22949.3437
5418.6162 14256.9219 22949.3437
9041.4443 14255.7207 22935.791
12503.2041 14271.3467 22920.3047
14206.4385 14272.5479 22881.584
14259.3262 14273.75 22668.623
14266.5381 14261.7305 18260.3516
14259.3262 14229.2764 13191.9043
14224.4678 13587.4082 9645.1523
13748.4766 11045.1777 7238.7041
12249.582 8834.7002 5490.4961
10810.7881 7061.75 4172.0801
9672.4941 5631.3701 3169.2319
8780.6104 4431.7739 2369.6641
8099.0762 3402.8621 1721.104
7612.2661 2495.3521 1173.2159
7292.5342 1673.1841 689.216
7125.4561 911.116 247.808
7088.1943 144.24 -180.048
7212.0 -599.798 -623.392
7487.2583 -1355.8561 -1111.264
7928.3921 -2158.792 -1649.472
8542.6143 -3029.04 -2272.864
9357.5703 -4017.084 -3039.52
10420.1387 -5178.2163 -4019.136
11767.5801 -6579.748 -5304.6401
13328.9785 -8329.8604 -7052.8481
14188.4082 -10500.6719 -9461.2324
14247.3066 -13064.5381 -12922.7998
14266.5381 -14207.6406 -17844.1113
14253.3164 -14246.1045 -22591.1836
14189.6104 -14248.5078 -22885.4551
12265.208 -14246.1045 -22918.3672
9007.7881 -14246.1045 -22945.4727
5636.1782 -14219.6602 -22943.5352
2120.3281 -13934.7861 -22935.791
-1629.912 -12351.752 -22937.7285
-5556.8462 -9960.9746 -22931.9199
-9408.0537 -7280.5142 -22908.6875
-11962.3047 -4734.6782 -22811.8887
-12611.3838 -2777.822 -19443.248
-12153.4219 -1496.49 -15668.0479
-11306.0117 -723.604 -12798.8955
-10369.6543 -264.44 -10574.4316
-9456.1338 -3.606 -8833.9678
-7034.104 376.226 5788.6401
-7667.5581 536.092 6768.2559
-8341.8799 772.886 7958.896
-9024.6162 1125.072 9412.832
-9674.8984 1653.952 11215.248
-10180.9404 2447.272 13462.9443
-10326.3818 3613.2122 16266.2715
-9643.6465 5296.0122 19710.416
-7335.8062 7629.0942 22626.0312
-3357.186 10623.2764 22868.0312
641.868 13580.1963 22877.7109
4029.104 14228.0742 22871.9043
7286.5239 14252.1143 22844.8008
10509.0859 14258.124 22777.0391
13266.4746 14277.3564 21679.3281
14207.6406 14277.3564 18783.0723
14244.9023 14272.5479 15124.0322
14250.9121 14274.9521 10651.8721
14202.832 14250.9121 7045.104
13080.1641 14161.9639 5327.8721
11406.9805 12474.3564 4348.2559
10107.6182 10105.2139 3504.1599
9058.2725 8113.5 2770.416
8195.2363 6472.77 2137.344
7506.4902 5092.874 1599.136
6977.6104 3904.0962 1136.432
6594.1724 2848.74 733.744
6346.5601 1893.15 377.52
6223.9561 1000.064 50.336
6216.7441 125.008 -272.976
6333.3379 -745.24 -605.968
6577.3442 -1640.73 -964.128
6955.9741 -2601.1279 -1366.816
7477.6421 -3639.656 -1833.392
8165.186 -4827.2319 -2396.7681
9027.0205 -6208.3301 -3084.0481
10079.9727 -7858.6763 -3937.824
11352.8906 -9856.4004 -5000.688
12871.0166 -12211.1182 -6340.3999
14039.3604 -14070.6123 -8233.8076
14230.4785 -14244.9023 -11447.5684
14237.6904 -14266.5381 -15869.3916
14104.2686 -14266.5381 -19816.8965
12455.124 -14271.3467 -22283.3594
9708.5537 -14260.5283 -22833.1836
6838.1782 -14244.9023 -22858.3516
3817.552 -14219.6602 -22881.584
524.072 -13452.7842 -22885.4551
-3080.7261 -11039.168 -22881.584
-6858.6123 -8341.8799 -22842.8633
-9742.21 -5913.8403 -21799.3594
-10958.6338 -4019.488 -18208.0801
-11033.1582 -2679.2581 -15023.3604
-10572.792 -1778.9601 -12471.7119
-9893.6621 -1177.96 -10413.7441
-9161.6445 -787.31 -8777.8242
-6844.188 843.804 5771.2158
-7409.1279 1058.962 6723.728
-7981.2803 1348.644 7875.6479
-8523.3818 1739.2941 9261.8242
-8978.9404 2276.5881 10965.5039
-9219.3398 3011.01 13060.2559
-9004.1826 4013.478 15637.0723
-7838.2422 5389.7681 18724.9922
-4892.1401 7333.4023 21702.5605
-467.578 9957.3682 22368.543
3389.6401 12784.4727 21801.2949
6151.8359 14173.9844 20626.1445
8984.9502 14241.2959 19549.7285
11812.0547 14261.7305 17611.791
13756.8906 14272.5479 14750.3838
14199.2266 14266.5381 11877.3604
14235.2861 14270.1445 8684.8955
14222.0645 14259.3262 4578.6401
13205.1719 14247.3066 1796.608
10557.166 14212.4482 1384.24
8982.5459 13077.7598 1552.672
8004.1182 10805.9805 1558.48
7278.1104 8787.8223 1415.2159
6701.1499 7060.5483 1200.3199
6235.9761 5562.856 960.256
5868.1641 4250.272 722.128
5602.522 3087.938 487.872
5423.4243 2015.754 263.296
5335.6782 1019.296 44.528
5339.2842 54.09 -187.792
5442.6562 -912.318 -425.92
5640.9863 -1901.5641 -683.408
5939.082 -2950.9102 -956.384
6334.54 -4088.002 -1254.528
6846.5923 -5378.9502 -1595.264
7472.834 -6867.0264 -1972.7839
8237.3057 -8596.7041 -2383.2161
9171.2598 -10608.8525 -2789.7759
10421.3398 -12855.3906 -3194.3999
12313.2881 -14172.7822 -3827.4719
14036.9561 -14242.498 -5862.208
14207.6406 -14246.1045 -9660.6396
14063.4004 -14250.9121 -13337.1035
12932.3184 -14249.71 -16018.4639
10707.416 -14237.6904 -18103.5352
8145.9541 -14224.4678 -19762.6875
5574.876 -14089.8447 -21073.3594
2843.9321 -13034.4883 -22089.7598
-453.154 -10715.8301 -22498.2559
-4304.3623 -8266.1543 -22265.9355
-7644.7202 -6162.6543 -20382.207
-9405.6504 -4555.5801 -17333.0078
-9922.5098 -3375.2161 -14518.0635
-9797.502 -2508.574 -12175.5039
-9351.5605 -1888.342 -10245.3115
-8769.792 -1444.8041 -8675.2158
-6632.6362 1265.7061 5753.792
-7138.6782 1513.318 6700.4961
-7627.8921 1825.838 7831.1201
-8057.0063 2221.2961 9182.4482
-8362.3145 2726.136 10837.7275
-8406.7881 3369.2061 12870.5283
-7915.1699 4192.5762 15381.5195
-6305.6919 5292.4062 18386.1914
-2688.874 6864.6221 21003.6641
2221.2961 9046.252 21059.8086
5864.5581 11367.3145 19025.0723
8329.8604 13353.0186 17145.2168
10858.8682 14192.0146 15249.8721
13015.2559 14236.4883 12616.9121
13962.4326 14240.0947 9856.1758
14211.2461 14243.7002 7343.248
14231.6807 14253.3164 3796.4961
14176.3887 14250.9121 -625.328
11382.9404 14238.8926 -2921.4241
8166.3882 14187.2061 -2303.8401
6621.8184 13106.6084 -1194.512
5856.144 10986.2803 -482.064
5382.5562 9031.8281 -131.648
5036.3799 7324.9883 27.104
4763.5259 5812.8721 65.824
4549.5703 4464.228 38.72
4398.1182 3245.4001 -19.36
4306.7661 2120.3281 -90.992
4267.1001 1061.366 -176.176
4289.938 25.242 -272.976
4380.0879 -1008.478 -373.648
4542.3579 -2066.238 -480.128
4770.7383 -3179.29 -592.416
5064.0259 -4388.502 -706.64
5424.626 -5732.3379 -807.312
5864.5581 -7250.4644 -871.2
6400.6499 -8965.7178 -851.84
7115.8403 -10880.5039 -673.728
8251.7305 -12920.2979 -276.848
10348.0186 -14101.8643 44.528
13336.1904 -14224.4678 -1266.144
14183.6006 -14240.0947 -4925.1841
14113.8838 -14232.8818 -8712.0
13505.6719 -14218.458 -11859.9355
11684.6426 -14160.7627 -14665.2002
9186.8857 -13780.9307 -16630.2402
6757.644 -12833.7539 -17704.7207
4590.438 -11458.666 -18959.248
1676.79 -9583.5459 -20531.2793
-2315.052 -7544.9541 -21028.832
-6074.9082 -5864.5581 -19387.1035
-8208.458 -4628.9019 -16614.752
-8992.1621 -3694.948 -13997.2803
-9073.8984 -2973.748 -11815.4082
-8801.0439 -2402.7981 -10001.376
-8358.708 -1961.6641 -8520.3359
-6371.8022 1637.124 5684.0962
-6820.1479 1905.17 6597.8882
-7239.646 2223.7 7687.856
-7591.832 2601.1279 9010.1436
-7806.9902 3053.0801 10630.5762
-7738.4761 3581.96 12630.4639
-7096.6079 4222.626 15147.2637
-5217.8823 5053.208 18173.2324
-1085.406 6282.854 20633.8887
4226.2319 8048.5923 20004.6875
7778.1421 9983.8125 17242.0156
10064.3457 11742.3379 14872.3516
12286.8438 13215.9902 12281.9844
13536.9238 13893.918 9439.9355
14088.6426 14082.6318 7316.144
14228.0742 14210.0439 4599.936
14238.8926 14228.0742 315.568
14115.0859 14237.6904 -4702.5439
10118.4365 14229.2764 -6927.0078
6281.6523 14022.5322 -5564.064
4597.6499 12720.7666 -3643.552
3948.5701 10811.9902 -2294.1599
3666.1001 9008.9902 -1440.384
3511.042 7374.27 -921.536
3410.074 5889.8003 -596.288
3333.146 4536.3481 -400.752
3280.2581 3294.6821 -284.592
3250.208 2120.3281 -222.64
3252.6121 1022.902 -193.6
3289.874 -39.666 -178.112
3363.196 -1108.244 -168.432
3465.366 -2204.468 -160.688
3621.626 -3329.54 -131.648
3806.7341 -4543.5601 -71.632
4037.5181 -5869.3662 46.464
4309.1699 -7340.6143 271.04
4673.376 -8975.334 665.984
5235.9121 -10738.668 1343.584
6322.52 -12551.2842 2381.28
8662.8145 -13895.1201 3461.5679
12480.3662 -14206.4385 2708.4639
14171.5801 -14211.2461 -1058.9919
14199.2266 -14193.2158 -5519.5361
13932.3818 -14115.0859 -9166.96
12602.9707 -13951.6143 -11979.9678
10531.9238 -13254.4541 -14171.5195
8285.3857 -11725.5098 -15731.9355
6209.5322 -10041.5078 -17114.2402
3535.082 -8435.6357 -19085.0879
-543.304 -6826.1582 -20273.791
-4758.7183 -5526.7959 -19030.8809
-7238.4443 -4608.4683 -16337.9043
-8230.0938 -3904.0962 -13751.4082
-8453.666 -3318.7222 -11604.3838
-8295.002 -2821.094 -9838.752
-7941.6143 -2402.7981 -8386.752
-6101.3521 1990.5121 5598.9121
-6504.022 2271.78 6504.96
-6874.2383 2595.1182 7589.1201
-7168.728 2956.9202 8895.9199
-7318.978 3380.0242 10516.3516
-7174.7383 3836.7842 12553.0244
-6412.6699 4345.23 15147.2637
-4256.2822 4965.4619 18293.2637
405.074 5884.9922 20651.3125
6080.918 7275.7061 19356.127
9515.0322 8849.124 15950.7041
11582.4727 10286.7158 13129.9521
13268.8779 11409.3838 10146.5762
13935.9883 12131.7861 7718.832
14223.2666 13197.96 5552.4478
14243.7002 13945.6045 2015.376
14246.1045 14153.5498 -2865.28
14028.542 14193.2158 -8406.1123
8880.376 14117.4902 -10458.2715
4533.9438 13535.7227 -8440.96
2726.136 12059.666 -5908.6719
2135.9541 10328.7861 -4077.2161
1971.28 8700.0762 -2842.0481
1950.8461 7186.7583 -2023.12
1972.4821 5782.8223 -1463.616
2008.542 4481.0562 -1072.5439
2045.8041 3264.6321 -791.824
2086.6721 2114.3181 -576.928
2129.9441 1018.094 -402.688
2181.6301 -64.908 -253.616
2250.144 -1132.2841 -104.544
2336.688 -2214.084 56.144
2426.8381 -3349.9741 242.0
2530.21 -4553.1763 484.0
2656.4202 -5851.3359 820.864
2815.084 -7255.272 1314.5439
3066.302 -8756.5703 2052.1599
3568.738 -10348.0186 3169.2319
4719.0522 -11925.042 4764.4961
7405.522 -13270.0801 6421.7119
11886.5781 -13911.9482 5976.4321
14169.1758 -14011.7139 2073.4561
14208.8418 -13982.8662 -2629.0879
14053.7842 -13818.1924 -6218.4321
13298.9287 -13199.1621 -8870.752
11832.4883 -12027.2119 -11315.9199
9948.9541 -10488.6523 -13799.8076
7716.8403 -8904.416 -16132.6875
4893.3423 -7500.48 -18475.248
621.434 -6210.7339 -20010.4961
-3907.7021 -5239.5181 -18877.9355
-6572.5361 -4580.8223 -16115.2637
-7650.73 -4050.74 -13472.624
-7935.604 -3579.5562 -11337.2158
-7833.4341 -3143.23 -9602.5596
-7544.9541 -2756.186 -8202.832
-5816.478 2285.002 5486.624
-6177.0781 2577.0881 6363.6318
-6508.8301 2904.032 7424.5601
-6767.2603 3259.824 8708.1279
-6886.2583 3648.0701 10316.9443
-6721.584 4057.9521 12371.04
-5927.062 4487.0659 15038.8477
-3668.5042 4967.8662 18316.4961
1265.7061 5624.1582 20719.0723
7246.8579 6580.9502 19125.7441
10735.0625 7715.6382 15226.6396
12599.3643 8783.0146 11997.3916
13723.2344 9552.2939 9083.7119
14183.6006 10469.4199 7085.7598
14244.9023 11887.7803 4015.2639
14258.124 12908.2783 -61.952
14256.9219 13472.0166 -5254.3042
14057.3906 13742.4658 -11232.6719
8179.6104 13493.6523 -13360.3359
3253.814 12596.96 -10893.8721
1244.0701 11214.6602 -7809.8237
637.06 9738.6045 -5521.4722
540.9 8279.376 -3932.0159
613.02 6895.874 -2832.3679
730.816 5576.0781 -2044.416
843.804 4335.6143 -1467.488
947.176 3162.4622 -1028.016
1030.114 2044.6021 -685.344
1102.234 980.832 -402.688
1162.334 -74.524 -147.136
1215.222 -1131.082 102.608
1262.1 -2206.8721 367.84
1305.3721 -3322.3281 681.472
1345.038 -4476.248 1070.608
1388.3101 -5701.0859 1585.584
1462.834 -6998.0439 2301.9041
1640.73 -8363.5166 3318.304
2102.2981 -9762.6445 4783.856
3310.3081 -11122.1064 6799.2319
6254.0063 -12307.2783 8957.8721
11257.9326 -13017.6602 8863.0078
14151.1465 -13139.0625 4979.3921
14219.6602 -12934.7227 371.712
14207.6406 -12315.6924 -3337.6641
13982.8662 -11273.5586 -6628.8638
13071.75 -10189.3545 -9827.1357
11239.9023 -9262.6123 -12831.8076
9017.4043 -8260.1445 -15489.9355
6203.522 -7097.8101 -18105.4727
1750.1121 -5988.3643 -20031.791
-3145.634 -5195.0439 -18992.1602
-6022.02 -4689.002 -16088.1602
-7172.334 -4262.292 -13340.9756
-7486.0562 -3856.0161 -11162.9756
-7422.3501 -3465.366 -9428.3203
-7165.1221 -3092.7461 -8030.5278
-5512.3721 2544.634 5366.5918
-5844.124 2851.144 6230.0479
-6143.4219 3190.1082 7275.4878
-6373.0039 3550.708 8551.3115
-6467.9619 3941.3582 10167.8721
-6280.4502 4340.4219 12231.6475
-5447.4639 4749.1021 14973.0234
-3074.7161 5155.3779 18359.0879
2055.4199 5607.3301 20744.2402
8179.6104 6161.4521 18945.6953
11684.6426 6823.7539 14827.8242
13297.7266 7488.46 11451.4395
14053.7842 8183.2163 8979.168
14235.2861 9475.3662 6534.0
14256.9219 10750.6885 2400.6399
14262.9326 11586.0781 -1906.96
14262.9326 12237.5625 -7459.4082
14008.1084 12589.748 -13826.9121
7286.5239 12312.0859 -15859.7119
1953.25 11447.8486 -12978.9443
-183.906 10271.0898 -9523.1836
-810.148 9007.7881 -6923.1357
-875.056 7731.2642 -5087.8081
-744.038 6487.1943 -3779.072
-560.132 5280.3862 -2813.0081
-378.63 4122.8599 -2075.3921
-212.754 3007.4041 -1492.656
-75.726 1926.806 -1010.592
26.444 893.086 -604.032
103.372 -132.22 -220.704
162.27 -1138.2941 158.752
191.118 -2158.792 559.504
193.522 -3215.3501 1016.4
186.31 -4301.958 1560.416
176.694 -5443.8579 2261.248
205.542 -6630.2319 3188.592
354.59 -7852.666 4458.6079
847.41 -9078.7061 6231.9839
2196.054 -10232.626 8615.2002
5517.1802 -11184.6104 11110.7041
11130.5205 -11672.6221 11056.4961
14198.0244 -11546.4121 6892.1602
14232.8818 -11040.3701 1978.592
14229.2764 -10497.0664 -2150.896
14177.5898 -9948.9541 -6036.4478
13551.3486 -9406.8525 -9312.1602
11908.2139 -8783.0146 -11972.2236
9972.9941 -7904.3521 -14632.2881
7172.334 -6873.0361 -17700.8477
2479.7261 -5979.9502 -19931.1191
-2674.45 -5359.7183 -18887.6152
-5616.9463 -4914.978 -15877.1357
-6755.2402 -4517.1162 -13075.7441
-7068.9619 -4128.8701 -10895.8076
-7017.2764 -3746.634 -9180.5117
-6791.3003 -3380.0242 -7821.4399
-5208.2661 2782.6301 5219.4561
-5508.7661 3101.1602 6053.8721
-5778.0142 3448.5381 7068.3359
-5984.7583 3819.9561 8307.376
-6060.4839 4226.2319 9900.7041
-5865.7603 4639.7202 11950.9277
-5049.6021 5059.2183 14667.1357
-2741.762 5451.0703 18059.0078
2319.8601 5753.9741 20556.4473
8417.6064 5952.3042 19001.8398
12011.5859 6166.2603 15081.4395
13625.8721 6546.0923 11933.5039
14213.6504 7448.7939 9540.6084
14254.5186 8721.7119 6051.936
14268.9424 9601.5762 1455.8719
14273.75 10279.5039 -2981.4399
14262.9326 10909.3525 -8837.8398
14064.6025 11251.9219 -15596.416
6893.4702 11034.3604 -17789.9043
1101.032 10314.3623 -14638.0957
-1222.4341 9320.3086 -10864.832
-1912.3821 8225.2861 -7987.936
-1980.896 7091.8003 -5910.6079
-1828.2421 5972.7383 -4402.4639
-1608.276 4876.5142 -3264.0959
-1393.118 3799.522 -2383.2161
-1204.4041 2752.5801 -1684.3199
-1050.548 1751.3141 -1107.392
-932.752 782.502 -602.096
-846.208 -192.32 -125.84
-802.936 -1144.3041 344.608
-790.916 -2107.106 842.16
-813.754 -3091.5439 1401.6639
-860.632 -4106.0322 2063.7759
-903.904 -5146.9639 2898.1919
-907.51 -6220.3501 3982.3521
-770.482 -7303.3521 5438.2241
-257.228 -8373.1318 7426.4961
1188.7781 -9361.1758 10049.7764
4776.748 -10167.7178 12851.168
10902.1406 -10549.9541 12899.5684
14220.8623 -10308.3525 8357.7119
14237.6904 -9714.5645 2898.1919
14232.8818 -9356.3682 -1136.432
14211.2461 -9144.8164 -4675.4399
13931.1807 -8638.7744 -7885.3281
12707.5439 -7880.312 -10675.1035
10904.5439 -7111.0322 -13689.4561
8017.3403 -6499.2144 -17216.8477
3149.24 -6013.606 -19662.0156
-2119.126 -5613.3403 -18695.9512
-5154.1763 -5228.7002 -15654.4961
-6329.7319 -4833.2422 -12835.6797
-6657.8779 -4437.7842 -10653.8076
-6621.8184 -4044.73 -8940.4482
-6412.6699 -3672.1101 -7591.0562
-2872.78 -3595.1821 2783.968
-2896.8201 -3977.418 3064.688
-2879.9919 -4395.7139 3366.7041
-2811.478 -4836.8481 3684.208
-2674.45 -5304.4263 4017.2
-2462.8979 -5786.4282 4357.936
-2157.5901 -6269.6323 4696.7358
-1759.728 -6729.998 5018.1118
-1262.1 -7149.4961 5310.4478
-665.908 -7501.6821 5558.2559
14.424 -7763.7183 5747.9839
753.654 -7917.5742 5869.9521
1533.7521 -7944.0181 5910.6079
2313.8501 -7846.6562 5868.0161
3081.928 -7617.0742 5738.3042
3807.936 -7270.8979 5533.0879
4466.6323 -6817.7441 5248.4961
5031.5723 -6286.46 4905.8237
5496.7461 -5698.6821 4516.688
5865.7603 -5068.834 4086.896
6138.6143 -4414.9463 3633.8721
6323.7222 -3780.29 3176.9761
6435.5083 -3167.27 2720.0801
6493.2041 -2587.906 2272.864
6511.2339 -2039.7941 1837.264
6512.436 -1520.53 1415.2159
6495.6079 -1038.5281 1010.592
6475.1743 -590.182 623.392
6455.9419 -159.866 245.872
6442.7202 271.652 -123.904
6435.5083 707.978 -501.424
6431.9023 1147.91 -880.88
6429.498 1607.074 -1266.144
6418.6802 2083.0659 -1657.2159
6386.2261 2592.7141 -2063.7759
6324.9243 3133.614 -2481.9519
6214.3403 3704.564 -2911.7439
6041.252 4303.1602 -3349.28
5796.0439 4907.7661 -3779.072
5463.0903 5511.1699 -4201.1201
5032.7739 6090.5342 -4598.0
4505.0962 6619.4141 -4952.2881
3896.884 7076.1743 -5258.1758
3218.9561 7437.9761 -5498.2397
2485.7361 7694.002 -5668.6079
1717.6581 7831.0303 -5761.5361
951.984 7840.646 -5775.0879
215.158 7730.062 -5707.3281
-463.972 7517.3081 -5569.8721
-1076.9921 7208.394 -5370.4639
-1604.67 6827.3604 -5118.7842
-2039.7941 6394.6401 -4830.3198
-2377.5562 5935.4761 -4522.4961
-2632.3801 5469.1001 -4208.8638
-2805.468 5007.5322 -3891.3599
-2911.2441 4566.3979 -3583.5359
-3233.3801 -3637.252 3070.4961
-3292.2781 -4042.3262 3395.7439
-3310.3081 -4495.48 3753.9041
-3275.45 -4988.3003 4139.168
-3167.27 -5524.3921 4551.5361
-2970.1421 -6088.1299 4981.3281
-2666.0361 -6657.8779 5411.1201
-2242.9321 -7218.0103 5827.3599
-1698.426 -7728.8604 6212.624
-1024.104 -8169.9941 6545.6157
-246.41 -8506.5537 6806.9761
619.03 -8712.0957 6977.3437
1532.55 -8767.3877 7045.104
2454.4841 -8665.2178 7000.5762
3355.9841 -8404.3838 6851.5039
4205.7979 -8001.7144 6594.0161
4965.4619 -7476.4399 6245.5361
5613.3403 -6852.6021 5819.6162
6135.0083 -6168.6641 5337.5518
6532.8701 -5451.0703 4814.832
6806.9263 -4726.2642 4278.5601
6975.2061 -4017.084 3730.6719
7062.9521 -3343.9641 3192.4639
7082.1841 -2728.54 2677.488
7061.75 -2159.9941 2179.936
7018.478 -1631.114 1699.808
6964.3882 -1143.1021 1240.976
6919.9141 -687.544 803.44
6887.46 -248.814 379.456
6868.228 181.502 -48.4
6865.8242 615.424 -478.192
6876.6421 1063.77 -913.792
6895.874 1537.358 -1361.0079
6915.106 2039.7941 -1817.9039
6917.5103 2578.29 -2294.1599
6891.0659 3166.0681 -2787.8401
6812.936 3794.7141 -3300.8799
6667.4941 4464.228 -3825.5359
6430.7002 5156.5801 -4354.064
6082.1201 5854.9419 -4872.9121
5619.3501 6535.2739 -5368.5278
5036.3799 7163.9199 -5813.8081
4344.0283 7708.4263 -6199.0718
3562.728 8142.3481 -6503.0239
2710.51 8450.0605 -6717.9199
1815.02 8609.9258 -6828.272
920.732 8618.3398 -6834.0801
64.908 8482.5137 -6735.3437
-726.008 8216.8721 -6551.4238
-1429.178 7839.4443 -6284.2559
-2026.572 7376.6743 -5957.0718
-2503.7661 6859.814 -5585.3599
-2866.77 6310.5 -5190.416
-3119.1899 5759.9839 -4787.728
-3279.0562 5221.4883 -4392.7842
-3360.792 4714.2441 -4009.4561
-3626.4341 -3631.2422 3372.512
-3733.4121 -4075.9822 3763.584
-3800.7241 -4576.0142 4197.248
-3809.1382 -5125.3281 4667.6958
-3735.8162 -5731.1362 5178.7998
-3560.324 -6380.2163 5715.0718
-3258.6221 -7052.1343 6266.832
-2804.2661 -7719.2441 6806.9761
-2196.054 -8341.8799 7312.272
-1425.572 -8880.376 7753.6802
-512.052 -9292.6621 8102.1602
500.032 -9547.4863 8330.6084
1579.428 -9617.2021 8427.4082
2669.6421 -9499.4063 8380.9443
3737.0181 -9189.29 8189.2798
4727.4663 -8702.4805 7860.1602
5604.9263 -8065.4199 7407.1357
6330.9341 -7318.978 6859.248
6898.2783 -6499.2144 6241.6641
7302.1499 -5640.9863 5571.8081
7554.5703 -4791.1719 4882.5918
7677.1743 -3982.2261 4201.1201
7700.0122 -3236.9861 3540.9441
7659.144 -2566.27 2919.488
7575.0039 -1964.068 2329.0081
7478.8442 -1427.9761 1777.248
7385.0879 -941.166 1262.272
7309.3623 -497.628 776.336
7258.8779 -88.948 309.76
7237.2422 312.52 -149.072
7240.8481 717.594 -611.776
7274.5039 1140.698 -1080.288
7324.9883 1597.458 -1566.224
7389.896 2102.2981 -2071.52
7445.188 2656.4202 -2611.6641
7475.2383 3275.45 -3184.72
7451.1982 3956.9841 -3792.624
7347.8262 4703.4263 -4427.6318
7133.8701 5483.5239 -5072.3198
6787.6943 6288.8643 -5718.9438
6282.854 7078.5781 -6338.4639
5626.562 7817.8081 -6907.6479
4828.4341 8456.0703 -7385.8398
3911.3081 8966.9199 -7765.2959
2910.042 9319.1064 -8018.9121
1857.0901 9481.376 -8140.8799
807.744 9469.3564 -8127.3281
-198.33 9287.8545 -7978.2559
-1109.446 8948.8906 -7714.96
-1911.1801 8477.7061 -7350.9922
-2571.0781 7909.1602 -6909.584
-3081.928 7284.1201 -6421.7119
-3449.74 6637.4443 -5914.48
-3687.7361 6000.3843 -5407.248
-3815.1479 5390.9702 -4915.5039
-3857.218 4834.4438 -4454.7358
-4025.498 -3566.334 3682.272
-4185.3643 -4020.6902 4135.2959
-4312.7759 -4547.166 4646.3999
-4387.3003 -5143.3579 5217.52
-4376.4819 -5811.6699 5840.9121
-4249.0703 -6548.4961 6518.5122
-3973.812 -7339.4121 7227.0879
-3508.6382 -8139.9443 7939.5361
-2849.9421 -8893.5986 8613.2637
-1977.29 -9563.1123 9211.4883
-927.944 -10081.1738 9691.6162
269.248 -10414.1279 10020.7363
1549.3781 -10522.3086 10165.9355
2846.3359 -10399.7041 10125.2803
4109.6382 -10040.3066 9885.2158
5281.5879 -9469.3564 9463.168
6302.0859 -8722.9141 8886.2402
7141.082 -7834.6362 8181.5361
7760.1123 -6881.4502 7395.52
8172.3979 -5895.8101 6549.4878
8391.1621 -4942.624 5699.584
8453.666 -4045.9321 4867.104
8398.374 -3255.0161 4088.832
8278.1738 -2561.4622 3362.832
8129.126 -1950.8461 2698.7839
7982.4819 -1411.1481 2075.3921
7837.04 -949.58 1496.528
7721.6479 -537.294 952.512
7645.9224 -155.058 433.664
7618.2764 219.966 -77.44
7636.3062 607.01 -592.416
7695.2041 1010.882 -1124.816
7786.5562 1449.6121 -1678.512
7904.3521 1940.0281 -2265.1199
8022.1479 2498.958 -2886.5759
8124.3184 3138.4221 -3558.3679
8176.0039 3869.238 -4280.4961
8138.7422 4686.5981 -5052.96
7971.6641 5570.0679 -5854.4639
7631.498 6522.0522 -6659.8398
7099.0122 7460.814 -7449.728
6369.3979 8338.2744 -8177.6641
5452.272 9103.9482 -8802.9922
4386.0981 9712.1602 -9286.9922
3209.3401 10131.6582 -9618.0479
1967.6741 10338.4023 -9767.1201
729.614 10326.3818 -9738.0801
-451.952 10105.2139 -9538.6719
-1526.54 9689.3223 -9176.6396
-2452.0801 9115.9678 -8690.7041
-3199.7241 8429.626 -8106.0317
-3755.0481 7686.79 -7465.2158
-4127.668 6921.1162 -6805.04
-4336.8159 6189.0981 -6158.416
-4419.7539 5496.7461 -5538.896
-4402.9263 4869.3022 -4961.9678
-4446.1982 -3442.5281 4009.4561
-4674.5781 -3916.116 4541.856
-4876.5142 -4473.8442 5153.6318
-5025.562 -5108.5 5837.04
-5091.6719 -5844.124 6609.5039
-5027.9663 -6673.5039 7463.2798
-4788.7681 -7577.4082 8377.0723
-4319.9883 -8513.7666 9310.2236
-3590.374 -9426.084 10212.4004
-2587.906 -10231.4238 11019.7119
-1346.24 -10863.6758 11674.0801
68.514 -11257.9326 12119.3604
1589.0441 -11385.3438 12330.3838
3122.7961 -11230.2861 12278.1123
4627.7002 -10802.374 11972.2236
6003.9902 -10116.0322 11420.4639
7197.5762 -9210.9258 10655.7441
8144.752 -8150.7622 9730.3359
8808.2559 -7008.8623 8686.832
9200.1084 -5844.124 7585.248
9338.3379 -4743.0923 6491.4082
9287.8545 -3752.644 5451.7759
9111.1602 -2898.022 4491.52
8874.3662 -2187.6401 3630.0
8615.9365 -1587.842 2845.9199
8374.334 -1087.8101 2139.28
8172.3979 -663.504 1500.4
8019.7441 -299.298 913.792
7925.9883 25.242 358.16
7894.7363 338.964 -181.984
7923.584 657.494 -729.872
8014.936 1001.266 -1291.312
8159.1763 1388.3101 -1887.6
8339.4766 1843.868 -2518.7361
8548.624 2384.7681 -3223.4399
8752.9639 3045.8682 -4009.4561
8906.8203 3809.1382 -4870.9761
8965.7178 4691.4062 -5813.8081
8874.3662 5680.6523 -6814.7197
8577.4717 6746.8262 -7852.416
8024.5522 7834.6362 -8876.5596
7201.1821 8873.1641 -9827.1357
6131.4023 9779.4727 -10638.3203
4876.5142 10483.8438 -11250.0957
3480.9919 10964.6445 -11656.6563
2012.1481 11194.2266 -11823.1523
550.516 11167.7822 -11759.2637
-851.016 10873.292 -11468.8643
-2099.894 10360.0381 -10965.5039
-3162.4622 9653.2617 -10289.8398
-3989.438 8826.2861 -9494.1436
-4572.4082 7939.21 -8644.2402
-4918.584 7059.3462 -7790.4639
-5077.248 6227.562 -6967.6641
-5091.6719 5475.1099 -6202.9438
-5006.3301 4805.5962 -5507.9199
-4853.6763 -3238.188 4328.896
-5150.5703 -3697.3521 4932.9277
-5436.646 -4246.666 5637.6318
-5683.0562 -4893.3423 6452.688
-5858.5483 -5661.4199 7391.6479
-5906.6279 -6552.1021 8460.3203
-5755.1763 -7558.1763 9633.5361
-5323.6582 -8649.5918 10882.2559
-4553.1763 -9731.3926 12109.6797
-3407.6702 -10726.6484 13236.4316
-1956.8561 -11498.332 14154.0957
-264.44 -11979.1318 14787.168
1537.358 -12136.5938 15094.9922
3366.802 -11965.9102 15060.1436
5145.7622 -11480.3018 14674.8799
6788.896 -10685.7803 13954.6875
8194.0342 -9635.2324 12940.2236
9286.6523 -8387.5566 11701.1836
9993.4277 -7061.75 10328.5596
10346.8164 -5719.1162 8886.2402
10381.6738 -4502.6919 7500.064
10186.9502 -3454.5481 6216.4961
9869.6221 -2593.916 5078.1279
9499.4063 -1905.17 4079.1521
9135.2002 -1358.26 3202.144
8811.8623 -907.51 2416.1279
8539.0078 -557.728 1719.168
8339.4766 -266.844 1080.288
8218.0742 -8.414 482.064
8177.2061 240.4 -108.416
8216.8721 495.224 -702.768
8340.6777 780.098 -1322.288
8536.6045 1110.6481 -1978.592
8795.0342 1509.712 -2692.9761
9099.1406 2003.734 -3490.6079
9424.8818 2633.582 -4396.6558
9721.7764 3404.064 -5420.7998
9927.3184 4340.4219 -6576.5918
9959.7725 5427.0303 -7834.9922
9734.998 6650.666 -9182.4482
9173.6641 7928.3921 -10529.9043
8258.9424 9149.624 -11780.5596
7020.8823 10230.2227 -12843.4238
5543.624 11066.8145 -13650.7363
3890.874 11643.7744 -14190.8799
2156.3879 11914.2246 -14399.9678
418.296 11885.376 -14301.2314
-1239.262 11556.0283 -13892.7363
-2720.126 10955.0283 -13201.584
-3959.3882 10125.6484 -12283.9199
-4894.5439 9141.21 -11205.5684
-5496.7461 8106.2881 -10065.2637
-5810.4683 7101.416 -8942.3838
-5895.8101 6179.4819 -7896.9438
-5818.8823 5356.1123 -6938.624
-5633.7739 4645.73 -6090.6558
-5252.7402 -2962.9302 4650.272
-5631.3701 -3405.2661 5341.4238
-6012.4043 -3937.752 6160.3521
-6370.6001 -4570.0039 7124.48
-6673.5039 -5344.0923 8264.7842
-6853.8042 -6270.834 9596.752
-6816.542 -7363.4521 11116.5117
-6441.5181 -8581.0781 12777.5996
-5619.3501 -9820.3398 14463.8555
-4295.9482 -10953.8262 16030.0801
-2553.0481 -11827.6807 17300.0957
-539.698 -12343.3379 18163.5527
1611.8821 -12485.1738 18570.1113
3755.0481 -12266.4102 18517.8398
5858.5483 -11688.248 18026.0957
7786.5562 -10771.1221 17075.5195
9436.9023 -9551.0918 15720.3203
10682.1738 -8097.874 14043.7441
11423.8086 -6556.9102 12173.5684
11666.6123 -5050.8042 10256.9277
11501.9385 -3734.614 8444.832
11084.8438 -2664.834 6837.9521
10551.1563 -1830.646 5455.6479
10001.8418 -1208.01 4288.2397
9490.9922 -741.634 3291.2
9058.2725 -397.862 2435.488
8716.9043 -143.038 1682.384
8478.9082 49.282 1012.528
8340.6777 207.946 393.008
8304.6182 350.984 -205.216
8367.1221 504.84 -816.992
8531.7959 687.544 -1455.8719
8792.6299 923.136 -2148.96
9137.6045 1232.05 -2915.616
9553.4961 1644.3361 -3800.3679
10018.6699 2191.2461 -4826.4478
10489.8545 2919.658 -6038.3838
10884.1104 3858.4202 -7455.5361
11088.4502 5012.3403 -9050.7998
10979.0684 6363.3882 -10820.3037
10423.7441 7811.7983 -12609.168
9397.2363 9209.7246 -14279.9355
7950.0283 10423.7441 -15689.3438
6204.7241 11361.3047 -16738.6562
4258.686 11991.1523 -17400.7676
2226.104 12302.4707 -17646.6406
180.3 12270.0166 -17472.4004
-1781.364 11907.0127 -16891.5996
-3517.052 11220.6699 -15927.4717
-4951.0381 10255.4639 -14647.7764
-5977.5459 9119.5742 -13164.7998
-6568.9302 7944.0181 -11621.8076
-6796.1079 6842.9863 -10158.1924
-6762.4521 5864.5581 -8822.3516
-6560.5161 5029.168 -7651.0718
-6273.2383 4328.4019 -6648.2241
-5597.7139 -2597.522 4940.6719
-6042.4541 -2977.354 5703.4561
-6513.6382 -3443.73 6623.0562
-6990.832 -4009.8721 7726.5762
-7442.7842 -4713.042 9072.0957
-7802.1821 -5584.4922 10698.3359
-7952.4321 -6655.4741 12634.3359
-7715.6382 -7912.7661 14856.8643
-6888.6621 -9242.1777 17187.8086
-5378.9502 -10473.0264 19398.7207
-3312.7122 -11391.3545 21156.6074
-907.51 -11901.002 22103.3125
1609.478 -11997.1621 22401.4551
4120.4561 -11718.2979 22385.9687
6548.4961 -11088.4502 22056.8477
8811.8623 -10107.6182 21011.4082
10749.4863 -8808.2559 19238.0312
12203.9063 -7225.2222 16947.7441
12959.9639 -5560.4521 14386.416
13044.1045 -3984.6301 11815.4082
12658.2627 -2682.864 9501.8877
11979.1318 -1704.436 7536.8481
11217.0645 -1010.882 5929.9678
10489.8545 -544.506 4621.2319
9849.1885 -236.794 3540.9441
9314.2979 -39.666 2623.28
8903.2139 79.332 1837.264
8615.9365 152.654 1136.432
8447.6563 200.734 489.808
8399.5762 241.602 -141.328
8470.4941 288.48 -776.336
8659.208 361.802 -1450.064
8968.1221 483.204 -2189.616
9392.4277 665.908 -3010.48
9926.1162 944.772 -3968.8
10554.7617 1370.28 -5114.9121
11233.8926 1978.4921 -6514.6401
11878.1641 2839.124 -8216.3838
12338.5303 3978.6201 -10235.6318
12419.0645 5398.1821 -12549.1523
11932.2539 6964.3882 -14951.7275
10786.748 8529.3926 -17209.1035
9105.1504 9875.6318 -19102.5117
7071.3662 10902.1406 -20459.6484
4814.0103 11602.9063 -21299.8711
2440.0601 11973.1221 -21588.3359
56.494 11998.3643 -21363.7598
-2244.134 11670.2178 -20599.0391
-4312.7759 10976.6641 -19294.1758
-5995.5762 9958.5703 -17538.2246
-7135.0723 8733.7324 -15499.6162
-7700.0122 7488.46 -13426.1602
-7813.0 6334.54 -11495.9678
-7635.104 5365.728 -9829.0723
-7300.9482 4542.3579 -8406.1123
-6879.0459 3878.854 -7217.4082
-5898.2139 -2176.822 5209.7759
-6416.2759 -2492.948 6053.8721
-6970.3979 -2870.376 7078.0161
-7546.1562 -3323.53 8320.9277
-8137.54 -3892.0762 9875.5361
-8666.4199 -4604.8623 11799.9199
-9004.1826 -5509.9683 14198.624
-8908.0225 -6609.7983 17077.4551
-8066.6221 -7815.4043 20237.0078
-6306.894 -8910.4258 22569.8887
-3837.9861 -9652.0605 22852.543
-1034.922 -9966.9844 22873.8398
1857.0901 -9899.6719 22881.584
4679.3862 -9499.4063 22885.4551
7433.168 -8799.8418 22877.7109
9980.2061 -7805.7881 22846.7363
12190.6846 -6522.0522 22475.0234
13610.2461 -4993.1079 19965.9687
13981.6641 -3395.6501 16512.1445
13931.1807 -1979.6941 13128.0156
13458.7939 -900.298 10200.7842
12588.5459 -181.502 7871.7759
11574.0586 259.632 6044.1919
10660.5381 500.032 4615.4238
9890.0566 605.808 3459.6321
9278.2383 623.838 2512.928
8820.2764 585.374 1705.616
8510.1602 512.052 1006.72
8337.0723 417.094 365.904
8297.4063 316.126 -249.744
8389.96 223.572 -877.008
8615.9365 151.452 -1541.056
8977.7383 112.988 -2278.6719
9481.376 138.23 -3115.0239
10125.6484 237.996 -4135.2959
10903.3418 456.76 -5380.144
11791.6201 855.824 -6952.1758
12711.1504 1501.298 -8955.9355
13368.6445 2454.4841 -11437.8877
13618.6602 3751.4421 -14430.9443
13306.1406 5281.5879 -17654.3848
12119.7666 6798.5122 -20660.9922
10166.5166 8105.0859 -22511.8086
7831.0303 9107.5537 -22837.0566
5270.77 9832.3604 -22864.1602
2599.926 10261.4746 -22868.0312
-108.18 10390.0879 -22873.8398
-2765.802 10174.9307 -22838.9922
-5192.6401 9599.1719 -22513.7441
-7148.2939 8666.4199 -20711.3281
-8376.7383 7514.9043 -17956.4004
-8865.9521 6348.9644 -15211.1523
-8803.4482 5327.2642 -12787.2803
-8440.4443 4483.46 -10764.1602
-7940.4121 3804.3301 -9105.0078
-7403.1182 3257.4202 -7759.4878
-6128.998 -1684.0021 5447.9038
-6672.3022 -1894.3521 6332.6558
-7272.1001 -2141.9641 7424.5601
-7917.5742 -2432.8481 8766.208
-8597.9063 -2780.2261 10466.0156
-9259.0059 -3197.3201 12634.3359
-9762.6445 -3712.978 15414.4316
-9822.7441 -4328.4019 18906.9766
-9002.9805 -4987.0981 22366.6074
-7018.478 -5519.584 22875.7754
-4186.5659 -5763.5903 22914.4961
-1021.7 -5684.2583 22924.1758
2149.176 -5345.2939 22931.9199
5232.3062 -4808.0 22926.1113
8183.2163 -4113.2441 22920.3047
10981.4727 -3220.158 22918.3672
13306.1406 -2204.468 22862.2246
14154.752 -1097.426 22244.6406
14213.6504 -30.05 18258.416
14189.6104 813.754 14066.9756
13904.7363 1330.614 10646.0635
12974.3887 1556.5901 8057.6318
11779.6006 1586.64 6123.5679
10744.6777 1498.894 4648.3359
9890.0566 1340.23 3486.7361
9220.542 1135.89 2541.968
8724.1162 911.116 1752.08
8385.1523 679.13 1060.928
8192.832 445.942 431.728
8144.752 215.158 -181.984
8237.3057 -10.818 -803.44
8477.7061 -218.764 -1467.488
8865.9521 -409.882 -2205.104
9410.458 -570.95 -3051.136
10125.6484 -688.746 -4084.96
11018.7344 -730.816 -5378.208
12071.6865 -656.292 -7043.168
13182.334 -402.67 -9242.4639
13922.7666 100.968 -12086.4482
14110.2783 930.348 -15722.2559
14052.582 2027.774 -19818.832
13315.7559 3198.522 -22744.127
11268.75 4235.8481 -22877.7109
8703.6826 5109.7021 -22912.5605
5912.6382 5810.4683 -22918.3672
2994.1821 6360.9839 -22920.3047
45.676 6703.5542 -22908.6875
-2902.8301 6820.1479 -22912.5605
-5674.6421 6633.8379 -22879.6484
-7957.2402 6148.23 -22778.9766
-9332.3281 5416.2119 -20281.5352
-9766.25 4643.3262 -16860.623
-9566.7178 3950.9741 -13925.6475
-9064.2822 3381.2261 -11583.0879
-8442.8486 2908.8401 -9691.6162
-7805.7881 2519.3921 -8191.2158
-6269.6323 -1175.556 5624.0801
-6836.9761 -1292.15 6564.9761
-7454.8042 -1405.1381 7711.0879
-8112.2983 -1512.116 9118.5596
-8805.8525 -1597.458 10907.4238
-9471.7598 -1645.5381 13193.8398
-9974.1963 -1629.912 16161.7275
-9994.6299 -1512.116 19905.9512
-9036.6357 -1242.868 22804.1445
-6823.7539 -804.138 22897.0723
-3749.0381 -216.36 22914.4961
-429.114 451.952 22943.5352
2873.9819 1210.4141 22951.2793
6044.8579 1982.098 22947.4082
9081.1104 2729.7419 22935.791
11868.5479 3434.114 22931.9199
13899.9287 4019.488 22893.1992
14216.0547 4407.7339 22368.543
14231.6807 4533.9438 18070.623
14205.2363 4388.502 13641.0557
13880.6963 4061.5581 10140.7676
12747.21 3633.646 7562.0161
11445.4443 3186.502 5668.6079
10364.8457 2738.156 4253.3921
9492.1943 2294.6179 3144.064
8816.6699 1866.7061 2249.6321
8322.6484 1449.6121 1504.272
7995.7041 1048.144 859.584
7820.2119 651.484 280.72
7785.354 264.44 -280.72
7895.938 -120.2 -853.776
8150.7622 -497.628 -1463.616
8558.2402 -872.652 -2152.832
9129.1904 -1240.464 -2956.272
9884.0459 -1607.074 -3953.312
10838.4346 -1959.26 -5219.4561
11992.3545 -2283.8 -6886.3521
13220.7979 -2549.4421 -9106.9443
14002.0986 -2708.106 -12103.8721
14202.832 -2698.49 -16035.8877
14198.0244 -2446.0701 -20599.0391
13812.1826 -2007.3401 -22838.9922
11905.8105 -1448.41 -22893.1992
9254.1982 -872.652 -22929.9844
6389.832 -210.35 -22937.7285
3410.074 429.114 -22937.7285
342.57 1039.73 -22939.6641
-2800.6602 1593.8521 -22920.3047
-5775.6099 2048.208 -22902.8789
-8263.75 2312.6479 -22850.6074
-9760.2402 2391.98 -21576.7207
-10197.7686 2325.8701 -17787.9687
-9950.1563 2188.842 -14599.376
-9397.2363 2019.36 -12080.6396
-8737.3379 1840.2621 -10082.6875
-8064.2183 1659.962 -8502.9121
-6345.3579 -613.02 5771.2158
-6889.8643 -622.636 6712.1118
-7470.4302 -629.848 7860.1602
-8078.6421 -557.728 9271.5039
-8691.6621 -399.064 11048.752
-9238.5723 -102.17 13292.5762
-9565.5166 395.458 16140.4316
-9362.3779 1181.566 19634.9121
-8195.2363 2278.9919 22691.8555
-5860.9521 3620.4241 22883.5195
-2780.2261 5000.3203 22904.8164
513.254 6296.0762 22929.9844
3727.4021 7421.1479 22914.4961
6814.1382 8385.1523 22902.8789
9708.5537 9144.8164 22910.623
12309.6826 9658.0703 22881.584
13949.21 9827.5518 22804.1445
14206.4385 9534.2646 20192.4805
14216.0547 8796.2363 15875.2002
14076.6221 7728.8604 11974.1602
13365.0381 6608.5962 8955.9355
12070.4844 5566.4619 6719.856
10831.2227 4643.3262 5074.2559
9802.3105 3828.3701 3839.0879
8977.7383 3099.958 2871.0879
8333.4658 2435.252 2081.2
7859.8779 1812.6161 1424.896
7544.9541 1246.474 847.968
7373.0684 705.574 323.312
7339.4121 180.3 -195.536
7441.582 -341.368 -720.192
7690.396 -861.834 -1293.248
8079.8442 -1409.946 -1937.936
8630.3604 -1968.876 -2669.7439
9358.7725 -2568.6741 -3571.9199
10284.3125 -3220.158 -4718.0317
11411.7881 -3938.9541 -6216.4961
12699.1299 -4720.2539 -8226.0635
13766.5059 -5561.6543 -10924.8477
14136.7227 -6397.0439 -14520.0
14175.1865 -7064.1543 -18786.9434
13891.5146 -7409.1279 -22449.8555
12289.248 -7353.8359 -22881.584
9819.1377 -7018.478 -22902.8789
7078.5781 -6439.1143 -22914.4961
4169.7383 -5667.4302 -22920.3047
1151.516 -4758.7183 -22918.3672
-1921.998 -3738.22 -22918.3672
-4931.8062 -2679.2581 -22889.3281
-7536.54 -1613.084 -22842.8633
-9251.7939 -687.544 -21661.9043
-9909.2881 1.202 -18006.7363
-9816.7344 427.912 -14849.1201
-9358.7725 663.504 -12324.5762
-8752.9639 775.29 -10295.6475
-8113.5 807.744 -8682.96
-6305.6919 -109.382 5842.8481
-6821.3501 -34.858 6797.2959
-7355.0381 94.958 7955.0239
-7879.1104 306.51 9350.8799
-8358.708 645.474 11079.7275
-8692.8643 1173.152 13197.7119
-8715.7021 1972.4821 15790.0156
-8132.7319 3126.4021 18812.1113
-6612.2021 4651.7402 21863.248
-4112.042 6454.7402 22821.5684
-1091.416 8288.9922 22862.2246
1996.5221 9947.752 22869.9687
4989.502 11340.8701 22881.584
7828.626 12445.5078 22868.0312
10418.9365 13184.7383 22817.6953
12599.3643 13480.4307 22037.4883
13875.8887 13407.1084 19135.4238
14091.0459 12881.834 15565.4395
13982.8662 11700.2686 12051.5996
13330.1807 10171.3242 9130.1758
12096.9277 8590.6943 6917.3281
10832.4238 7153.1021 5265.9199
9727.7861 5891.002 3999.7759
8816.6699 4801.9902 3018.2239
8081.0464 3843.9961 2230.272
7518.5103 2997.7881 1583.6479
7109.8301 2227.3062 1039.632
6838.1782 1509.712 561.44
6697.5439 832.986 125.84
6677.1104 165.876 -300.08
6784.0879 -494.022 -735.68
7019.6802 -1164.738 -1204.192
7387.4922 -1861.8981 -1730.7839
7904.3521 -2608.3401 -2346.4319
8578.6738 -3424.498 -3101.4719
9426.084 -4334.4121 -4046.24
10451.3906 -5374.1421 -5271.728
11629.3506 -6564.1221 -6884.416
12855.3906 -7882.7163 -9025.6318
13701.5986 -9246.9863 -11861.8721
13937.1904 -10428.5518 -15344.7363
13593.418 -11194.2266 -19003.7754
12245.9766 -11440.6357 -22022.0
10100.4063 -11262.7402 -22835.1191
7621.8823 -10718.2344 -22868.0312
4955.8462 -9886.4502 -22879.6484
2138.3582 -8781.8125 -22899.0078
-795.724 -7447.5923 -22879.6484
-3691.342 -5961.9199 -22858.3516
-6321.3184 -4424.562 -22701.5352
-8202.4482 -3009.8081 -20570.0
-9111.1602 -1888.342 -17435.6152
-9274.6318 -1081.8 -14603.248
-9012.5957 -551.718 -12241.3281
-8546.2197 -217.562 -10305.3281
-8004.1182 -14.424 -8746.8477
-6179.4819 358.196 5860.272
-6638.646 504.84 6791.4878
-7093.002 715.19 7916.3042
-7506.4902 1016.892 9261.8242
-7825.02 1449.6121 10891.9355
-7939.21 2074.6521 12851.168
-7663.9521 2956.9202 15151.1357
-6732.4023 4170.9399 17702.7832
-4899.3521 5755.1763 20147.9512
-2244.134 7644.7202 21828.4004
677.928 9601.5762 22304.6562
3520.658 11402.1719 22341.4395
6225.1582 12881.834 22039.4238
8745.752 13797.7578 21019.1523
10952.624 14082.6318 19216.7363
12695.5244 14175.1865 16833.5195
13603.0342 14142.7324 13952.752
13716.0225 13955.2207 10831.9199
13104.2041 13175.1221 8092.48
11821.6699 11628.1484 6088.7197
10539.1357 9920.1064 4721.9038
9429.6904 8291.3965 3705.5039
8516.1699 6832.168 2907.8721
7767.3242 5552.0381 2257.376
7172.334 4423.3599 1715.296
6705.958 3418.488 1252.592
6365.792 2512.1799 844.096
6138.6143 1661.1641 480.128
6019.6162 875.056 137.456
6003.9902 99.766 -212.96
6100.1499 -665.908 -569.184
6312.9043 -1448.41 -960.256
6632.6362 -2262.1641 -1382.304
7073.77 -3134.8162 -1864.368
7645.9224 -4101.2241 -2439.3601
8357.5059 -5185.4282 -3140.1919
9224.1484 -6424.6899 -4019.136
10238.6357 -7825.02 -5142.0161
11364.9102 -9356.3682 -6603.6958
12491.1846 -10897.332 -8586.1602
13201.5664 -12203.9063 -11226.8643
13153.4863 -13036.8926 -14316.7197
12176.2598 -13295.3223 -17245.8887
10457.4004 -13196.7578 -19629.1035
8322.6484 -12714.7559 -21388.9277
5953.5063 -11861.3359 -22275.6152
3413.6802 -10705.0117 -22626.0312
727.21 -9269.8242 -22682.1758
-2037.39 -7639.9121 -22385.9687
-4685.396 -5957.1123 -21458.623
-6784.0879 -4405.3301 -19269.0078
-8022.1479 -3140.8262 -16694.127
-8505.3525 -2186.438 -14210.2402
-8489.7266 -1510.9141 -12053.5361
-8197.6406 -1037.326 -10225.9521
-7768.5264 -719.998 -8712.0
-6017.2119 792.118 5850.5918
-6424.6899 985.64 6776.0
-6805.7241 1247.676 7877.584
-7108.6279 1595.0541 9176.6396
-7275.7061 2068.6421 10735.1201
-7178.3442 2727.3381 12572.3838
-6614.606 3586.7681 14665.2002
-5323.6582 4731.0723 16862.5605
-3126.4021 6205.9263 18736.6074
-269.248 7976.4722 19698.8008
2611.946 9839.5723 19650.4004
5211.8721 11563.2402 18992.1602
7623.084 13015.2559 17906.0645
9772.2598 13853.0498 16330.1602
11545.21 14098.2578 14260.5762
12809.7139 14175.1865 11842.5117
13326.5742 14173.9844 9101.1357
13014.0547 14050.1787 6286.1919
11702.6719 13547.7422 4121.7441
10113.6279 12245.9766 2905.936
8796.2363 10584.8125 2284.48
7809.394 8934.4658 1860.496
7041.3159 7416.3403 1504.272
6447.5283 6059.2822 1186.7679
5981.1523 4840.4541 892.496
5622.9561 3744.23 617.584
5370.5361 2748.9741 369.776
5208.2661 1827.04 139.392
5128.9341 947.176 -81.312
5132.54 85.342 -303.952
5225.0942 -774.088 -538.208
5407.7983 -1651.548 -791.824
5684.2583 -2566.27 -1066.736
6059.2822 -3541.092 -1380.368
6535.2739 -4620.4883 -1748.208
7123.0522 -5820.084 -2178.0
7844.252 -7155.5063 -2689.104
8726.5205 -8627.9561 -3312.4961
9795.0986 -10165.3145 -4131.4238
11051.1885 -11661.8047 -5376.272
12187.0781 -12858.9961 -7368.416
12607.7783 -13458.7939 -10028.4795
12054.8584 -13625.8721 -12775.6641
10743.4766 -13451.582 -15156.9443
8954.9004 -12977.9941 -17073.584
6850.1982 -12117.3623 -18527.5195
4579.6201 -11001.9063 -19534.2402
2140.762 -9629.2227 -20147.9512
-479.598 -8069.0264 -20237.0078
-3154.0481 -6457.144 -19532.3047
-5440.252 -5006.3301 -17946.7207
-6940.3481 -3818.7542 -15836.4795
-7672.3662 -2901.6282 -13672.0322
-7868.292 -2215.2861 -11724.416
-7737.2739 -1704.436 -10030.416
-7433.168 -1334.22 -8611.3281
-5802.0542 1195.99 5806.064
-6149.4321 1424.37 6702.4321
-6451.1343 1710.446 7759.4878
-6661.4839 2071.0461 9012.0801
-6703.5542 2527.8062 10491.1836
-6443.9219 3113.1802 12218.0957
-5681.854 3868.0361 14169.584
-4124.062 4852.4741 16153.9844
-1646.74 6116.978 17633.0879
1396.724 7656.7402 18010.6074
4258.686 9316.7021 17323.3281
6673.5039 10858.8682 16105.584
8805.8525 12205.1084 14566.4639
10617.2666 13193.1523 12669.1836
12036.8281 13723.2344 10477.6318
12991.2158 13954.0186 8024.7197
13209.9805 13998.4922 5256.2397
12410.6504 13926.3721 2505.1841
10578.8018 13422.7344 671.792
8641.1777 12283.2383 23.232
7220.4141 10767.5166 34.848
6287.6621 9204.916 178.112
5659.0161 7716.8403 269.104
5213.0742 6341.752 296.208
4875.312 5083.2583 269.104
4625.2959 3934.146 207.152
4438.9858 2857.1541 123.904
4323.5942 1863.1 17.424
4275.5142 926.742 -94.864
4291.1401 19.232 -216.832
4371.6743 -897.894 -348.48
4517.1162 -1829.4441 -493.68
4726.2642 -2804.2661 -638.88
5018.3501 -3828.3701 -793.76
5386.1621 -4942.624 -952.512
5857.3462 -6171.0679 -1115.136
6452.3359 -7508.894 -1275.824
7231.2319 -8940.4766 -1446.192
8287.79 -10396.0986 -1705.616
9718.1699 -11747.1465 -2342.5601
11262.7402 -12778.4619 -3837.1521
12196.6943 -13261.666 -6259.0879
12116.1602 -13309.7461 -8984.9756
11197.832 -13053.7207 -11521.1357
9708.5537 -12457.5283 -13668.1602
7844.252 -11596.8965 -15369.9043
5784.0239 -10530.7227 -16637.9844
3571.1421 -9285.4502 -17605.9844
1093.8201 -7899.5439 -18225.5039
-1652.75 -6475.1743 -18109.3437
-4167.334 -5201.0542 -16996.1445
-5927.062 -4168.5361 -15213.0879
-6892.2681 -3355.9841 -13261.5996
-7268.4941 -2718.9241 -11447.5684
-7280.5142 -2220.094 -9840.6875
-7077.376 -1829.4441 -8471.9355
-5567.6641 1548.176 5736.3682
-5866.9619 1796.99 6619.1841
-6108.564 2096.2881 7656.8799
-6240.7842 2455.686 8876.5596
-6181.8862 2889.6082 10322.752
-5796.0439 3411.2761 11999.3281
-4847.666 4084.396 13892.7363
-3027.8381 4916.1802 15747.4238
-263.238 5969.1323 16928.3848
2970.1421 7266.0903 16812.2246
5802.0542 8656.8037 15578.9922
8059.4102 9983.8125 13910.1602
9942.9443 11140.1357 11966.416
11427.4141 12036.8281 9848.4316
12590.9502 12738.7959 7583.312
13261.666 13235.2227 4975.52
13199.1621 13488.8447 1968.912
11884.1738 13444.3701 -871.2
9504.2139 12976.792 -2503.248
7210.7983 11927.4463 -2704.592
5648.1982 10577.6006 -2179.936
4728.668 9153.2305 -1583.6479
4180.5562 7709.6279 -1120.944
3835.582 6389.832 -797.632
3599.99 5152.9741 -588.544
3442.5281 4008.6702 -456.896
3339.156 2932.8801 -377.52
3282.6621 1920.796 -329.12
3271.844 955.59 -303.952
3297.0862 -6.01 -296.208
3374.0142 -953.186 -288.464
3501.426 -1909.978 -284.592
3676.918 -2908.8401 -274.912
3900.49 -3959.3882 -251.68
4194.98 -5095.2783 -199.408
4566.3979 -6315.3081 -94.864
5079.6519 -7612.2661 75.504
5822.4883 -8966.9199 317.504
6951.166 -10285.5146 518.848
8619.542 -11462.2725 342.672
10563.1758 -12310.8838 -834.416
11955.0918 -12706.3418 -3184.72
12253.1885 -12683.5039 -6040.3198
11613.7246 -12350.5498 -8739.1035
10369.6543 -11760.3682 -11056.4961
8740.9443 -10905.7461 -12973.1357
6870.6323 -9838.3701 -14521.9355
4771.9399 -8632.7637 -15817.1201
2337.8901 -7405.522 -16810.2871
-477.194 -6204.7241 -17087.1367
-3161.26 -5158.9839 -16277.8877
-5104.894 -4315.1802 -14674.8799
-6211.936 -3637.252 -12837.6162
-6705.958 -3084.332 -11112.6396
-6817.7441 -2625.168 -9590.9443
-6698.7461 -2247.74 -8289.9521
-5308.0322 1872.7161 5635.6958
-5565.2603 2133.55 6487.5361
-5756.3779 2438.8582 7492.3198
-5833.3062 2785.0339 8679.0879
-5713.106 3184.0981 10088.4961
-5246.73 3646.8682 11749.584
-4199.7881 4192.5762 13602.3359
-2242.9321 4853.6763 15393.1357
730.816 5695.0762 16434.7031
4118.0522 6736.0083 16010.7197
6963.186 7869.4941 14411.584
9121.9785 8975.334 12405.8877
10818.0 9938.1357 10233.6963
12145.0078 10763.9102 8026.6558
13167.9102 11531.9883 5610.5278
13621.0645 12183.4727 2733.6321
13355.4219 12582.5361 -534.336
11677.4307 12624.6064 -3552.5601
8820.2764 12200.2998 -5126.5278
6139.8159 11319.2344 -5008.4321
4387.3003 10147.2842 -4069.4719
3429.3062 8858.7402 -3066.624
2923.2642 7555.772 -2249.6321
2651.6121 6302.0859 -1641.728
2491.7461 5101.2881 -1196.448
2405.2021 3950.9741 -877.008
2360.728 2881.1941 -640.816
2347.5061 1871.514 -462.704
2359.5261 896.692 -321.376
2395.5859 -61.302 -203.28
2459.292 -1022.902 -92.928
2548.24 -1991.714 23.232
2679.2581 -2976.1521 160.688
2841.5281 -4007.468 334.928
3061.4941 -5101.2881 574.992
3366.802 -6263.6221 906.048
3819.9561 -7481.248 1359.072
4548.3682 -8721.7119 1936.0
5747.9639 -9900.874 2520.6719
7627.8921 -10922.5742 2716.208
9948.9541 -11631.7539 1806.288
11761.5703 -11939.4658 -476.256
12413.0547 -11892.5879 -3422.8479
12056.0605 -11556.0283 -6237.792
11081.2383 -10953.8262 -8706.1924
9695.332 -10124.4463 -10905.4883
7992.0981 -9127.9883 -12839.5518
5957.1123 -8052.1982 -14533.5518
3500.2241 -6981.2163 -15881.0078
590.182 -5970.334 -16465.6797
-2260.9622 -5107.2979 -15869.3916
-4386.0981 -4418.5522 -14351.5684
-5627.7642 -3856.0161 -12560.7676
-6211.936 -3378.822 -10882.2559
-6398.2461 -2960.5261 -9389.5996
-6342.9541 -2593.916 -8115.7119
-5042.3901 2156.3879 5525.3437
-5262.356 2430.4441 6365.5679
-5413.8081 2738.156 7356.7998
-5446.2622 3078.322 8524.208
-5271.9722 3460.5581 9920.0635
-4740.688 3881.2581 11573.4082
-3603.5959 4350.0381 13422.2881
-1504.9041 4894.5439 15197.5996
1637.124 5549.6343 16111.3916
5148.166 6354.9741 15443.4717
7996.9062 7231.2319 13550.0635
10052.3262 8096.6724 11308.1758
11629.3506 8904.416 9015.9521
12915.4902 9712.1602 6663.7119
13699.1943 10522.3086 3926.208
13909.5439 11173.792 718.256
13461.1982 11584.876 -2816.8799
11385.3438 11661.8047 -5988.0479
8066.6221 11320.4365 -7484.5762
5053.208 10561.9746 -7110.9277
3130.0081 9533.0625 -5850.5918
2113.116 8393.5664 -4543.792
1616.6901 7221.6162 -3459.6321
1390.714 6074.9082 -2629.0879
1296.958 4954.644 -1990.208
1271.7161 3880.0562 -1500.4
1281.332 2843.9321 -1111.264
1314.988 1842.666 -789.888
1352.25 870.248 -518.848
1405.1381 -81.736 -272.976
1472.4501 -1022.902 -29.04
1554.186 -1966.472 224.576
1651.548 -2937.688 507.232
1774.152 -3943.762 844.096
1950.8461 -4995.5122 1264.208
2216.488 -6098.9482 1810.16
2655.218 -7222.8184 2514.864
3419.6899 -8335.8701 3384.1279
4752.708 -9369.5898 4288.2397
6898.2783 -10229.0205 4762.5601
9555.9004 -10787.9502 3990.0959
11706.2783 -10987.4824 1697.8719
12617.3945 -10875.6963 -1306.8
12498.3965 -10498.2686 -4265.0078
11724.3086 -9917.7021 -6985.0879
10482.6426 -9204.916 -9451.5518
8867.1543 -8403.1826 -11670.208
6865.8242 -7534.1362 -13642.9922
4382.4922 -6641.0503 -15238.2559
1361.866 -5803.2563 -16028.1436
-1634.72 -5104.894 -15532.5283
-3853.6121 -4541.1562 -14047.6162
-5150.5703 -4063.9622 -12266.4961
-5780.418 -3643.262 -10601.5361
-6007.5962 -3256.218 -9145.6641
-5991.9702 -2908.8401 -7916.3042
-4774.3442 2412.4141 5393.6958
-4961.856 2692.48 6199.0718
-5082.0562 3005.0 7161.2642
-5084.46 3346.3682 8309.3115
-4883.7261 3712.978 9680.0
-4329.604 4109.6382 11313.9844
-3160.0581 4531.54 13172.5439
-1018.094 4983.4922 14942.0479
2184.0339 5471.5039 15846.1602
5769.6001 6022.02 15106.6084
8664.0166 6636.2422 13100.9121
10727.8506 7291.332 10746.7363
12319.2979 7995.7041 8379.0078
13508.0762 8780.6104 5798.3198
14004.502 9545.082 2723.9519
14056.1885 10138.8701 -745.36
13660.7305 10523.5098 -4503.1357
11333.6582 10624.4785 -7831.1201
7626.6899 10364.8457 -9350.8799
4293.5439 9728.9883 -8791.376
2179.2261 8841.9121 -7258.064
1086.608 7835.8384 -5676.3521
578.162 6775.6743 -4350.1919
371.418 5716.7119 -3304.752
313.722 4668.5679 -2487.76
324.54 3649.272 -1839.2
361.802 2662.4299 -1324.224
414.69 1712.85 -894.432
468.78 786.108 -524.656
520.466 -134.624 -181.984
573.354 -1058.962 156.816
638.262 -1962.8661 513.04
710.382 -2884.8 906.048
804.138 -3830.7742 1368.752
943.57 -4816.4141 1937.936
1180.364 -5830.9023 2658.1279
1609.478 -6851.3999 3562.24
2412.4141 -7849.0601 4658.0161
3842.7942 -8746.9541 5800.2559
6199.916 -9475.3662 6497.2158
9188.0879 -9914.0957 5840.9121
11659.4004 -10007.8525 3523.52
12836.1582 -9817.9365 375.584
12913.0859 -9468.1543 -2756.864
12288.0459 -9007.7881 -5686.0317
11138.9346 -8460.8779 -8332.5439
9603.9805 -7834.6362 -10680.9121
7679.5781 -7141.082 -12818.2559
5207.064 -6421.084 -14636.1602
2111.9141 -5746.7622 -15633.2002
-1015.69 -5177.0142 -15246.0
-3330.7419 -4709.436 -13784.3203
-4687.8003 -4289.938 -12014.8164
-5363.3242 -3899.2881 -10361.4717
-5625.3599 -3529.072 -8921.0879
-5643.3901 -3186.502 -7703.3437
-4485.8643 2645.6021 5246.5601
-4644.5283 2941.2939 6038.3838
-4734.6782 3262.228 6985.0879
-4704.6279 3606.0 8102.1602
-4473.8442 3978.6201 9457.3604
-3884.864 4366.8662 11075.8555
-2685.2681 4765.9302 12911.1836
-525.274 5158.9839 14663.2637
2706.9041 5534.0083 15549.9521
6300.8843 5906.6279 14810.4004
9208.5225 6316.5103 12818.2559
11338.4658 6826.1582 10446.6563
13014.0547 7476.4399 7922.1118
13935.9883 8184.418 4998.752
14157.1563 8811.8623 1610.752
14149.9443 9299.874 -2090.8799
13730.4463 9636.4346 -6075.168
11087.248 9721.7764 -9550.2881
7029.2959 9469.3564 -11044.8799
3429.3062 8900.8105 -10322.752
1183.97 8135.1362 -8595.8398
22.838 7250.4644 -6818.5918
-503.638 6318.9141 -5316.2559
-703.17 5364.5259 -4115.936
-740.432 4407.7339 -3151.8079
-698.362 3464.1641 -2373.5359
-622.636 2533.8162 -1726.912
-542.102 1626.306 -1180.96
-469.982 742.836 -698.896
-403.872 -131.018 -243.936
-338.964 -995.256 207.152
-284.874 -1865.504 679.536
-230.784 -2754.9841 1198.384
-156.26 -3654.0801 1794.672
-27.646 -4573.6099 2514.864
213.956 -5500.3521 3395.7439
671.918 -6423.4883 4487.6479
1548.176 -7303.3521 5782.832
3139.624 -8090.6621 7116.7358
5759.9839 -8709.6924 7949.2158
9058.2725 -9060.6758 7273.5518
11808.4482 -9082.3125 4772.2397
13080.1641 -8867.1543 1430.704
13190.748 -8551.0283 -1804.3521
12678.6963 -8189.2261 -4774.1758
11606.5127 -7746.8901 -7478.7681
10116.0322 -7237.2422 -9949.1035
8213.2666 -6704.7563 -12233.584
5701.0859 -6196.3101 -14194.752
2535.0181 -5729.9341 -15263.4238
-626.242 -5306.8301 -14882.0322
-2959.324 -4910.1699 -13422.2881
-4313.978 -4523.126 -11668.2715
-4987.0981 -4146.8999 -10047.8398
-5263.5581 -3781.4922 -8636.4961
-5304.4263 -3440.124 -7465.2158
-2601.1279 -3322.3281 2859.4719
-2602.3301 -3646.8682 3130.512
-2565.0681 -4002.6602 3424.7839
-2482.1301 -4380.0879 3732.6079
-2339.092 -4779.1519 4053.9839
-2128.7419 -5186.6299 4381.168
-1836.656 -5591.7041 4704.48
-1464.036 -5973.9399 5010.3682
-1008.478 -6320.1162 5289.1519
-467.578 -6604.9902 5521.4722
146.644 -6818.9463 5701.52
810.148 -6937.9443 5809.936
1507.308 -6954.772 5846.7197
2203.2661 -6864.6221 5802.1919
2892.012 -6667.4941 5674.416
3543.4961 -6374.2061 5475.0078
4137.2842 -5991.9702 5203.9678
4654.144 -5543.624 4874.8481
5086.8643 -5047.1982 4503.1357
5433.04 -4521.9243 4094.6399
5699.8843 -3977.418 3664.8479
5889.8003 -3437.72 3229.248
6016.0103 -2910.042 2787.8401
6086.9282 -2413.616 2356.1121
6121.7861 -1937.624 1930.192
6131.4023 -1482.066 1517.824
6126.5942 -1052.952 1113.2
6113.3721 -645.474 722.128
6100.1499 -246.41 338.8
6086.9282 147.846 -44.528
6074.9082 545.708 -433.664
6062.8882 951.984 -828.608
6049.666 1372.6841 -1225.488
6024.4243 1804.202 -1624.304
5978.748 2265.77 -2040.5439
5904.2241 2748.9741 -2460.656
5785.2261 3253.814 -2890.448
5612.1382 3776.6841 -3322.176
5374.1421 4301.958 -3746.1599
5055.6123 4821.2222 -4156.5918
4661.356 5321.2539 -4541.856
4185.3643 5776.812 -4890.3359
3636.05 6173.4722 -5188.48
3030.2419 6493.2041 -5424.6719
2376.354 6723.9883 -5598.9121
1690.0121 6852.6021 -5693.7759
1008.478 6876.6421 -5711.2002
348.58 6803.3203 -5655.0562
-265.642 6637.4443 -5529.2158
-825.774 6392.2363 -5343.3599
-1314.988 6079.7163 -5109.104
-1724.87 5723.9243 -4840.0
-2049.4102 5340.4863 -4547.6641
-2299.426 4943.8262 -4241.7759
-2480.928 4548.3682 -3937.824
-2597.522 4160.1221 -3633.8721
-2916.052 -3333.146 3132.448
-2947.304 -3694.948 3457.696
-2938.8901 -4088.002 3808.1121
-2877.5881 -4508.7021 4181.7598
-2750.176 -4958.25 4576.7041
-2543.4321 -5422.2222 4981.3281
-2241.73 -5888.5981 5387.8882
-1836.656 -6338.146 5780.896
-1330.614 -6746.8262 6135.1841
-717.594 -7088.1943 6437.2002
-16.828 -7345.4224 6671.4561
750.048 -7495.6724 6820.5278
1557.792 -7513.7021 6870.8638
2367.9399 -7411.5322 6818.5918
3164.866 -7180.748 6665.6479
3912.51 -6829.7642 6412.0317
4580.8223 -6383.8223 6071.2959
5156.5801 -5857.3462 5658.9277
5620.5522 -5276.7803 5188.48
5982.354 -4652.9419 4673.5039
6239.582 -4030.3062 4143.04
6404.2563 -3422.094 3600.96
6496.8101 -2845.134 3072.4319
6534.0723 -2306.6379 2557.4561
6537.6782 -1796.99 2061.8401
6517.2441 -1329.412 1583.6479
6489.5981 -890.682 1128.688
6460.75 -485.608 693.088
6437.9121 -104.574 272.976
6423.4883 270.45 -145.2
6421.084 650.282 -565.312
6423.4883 1040.932 -989.296
6430.7002 1452.016 -1422.96
6431.9023 1887.14 -1866.304
6417.478 2354.718 -2330.9441
6373.0039 2860.76 -2811.072
6282.854 3400.458 -3312.4961
6127.7959 3965.3982 -3819.728
5897.0122 4548.3682 -4328.896
5568.8662 5132.54 -4828.3838
5143.3579 5701.0859 -5302.7041
4612.0742 6221.5522 -5726.688
3989.438 6675.9082 -6094.5278
3291.0762 7036.5083 -6384.9277
2529.0081 7296.1401 -6592.0801
1741.698 7433.168 -6696.624
950.782 7447.5923 -6702.4321
191.118 7345.4224 -6615.312
-513.254 7133.8701 -6443.0078
-1144.3041 6830.9663 -6193.2642
-1684.0021 6454.7402 -5883.5039
-2125.136 6031.6362 -5535.0239
-2465.302 5583.29 -5159.4399
-2712.9141 5130.1362 -4779.9839
-2883.5981 4682.9922 -4402.4639
-2979.7581 4261.0898 -4040.4319
-3250.208 -3306.7021 3422.8479
-3316.3181 -3680.5242 3800.3679
-3343.9641 -4101.2241 4214.6719
-3318.7222 -4561.5898 4665.7598
-3221.3601 -5061.6221 5151.6958
-3031.4441 -5588.0981 5656.9922
-2730.9441 -6131.4023 6173.9038
-2306.6379 -6661.4839 6677.2642
-1753.718 -7150.6982 7141.9038
-1069.78 -7570.1963 7546.5278
-268.046 -7887.5239 7864.0317
620.232 -8078.6421 8073.1201
1563.802 -8120.7119 8154.4321
2513.3821 -8011.3301 8102.1602
3444.9321 -7750.4961 7918.2397
4307.9683 -7353.8359 7604.6079
5079.6519 -6834.5723 7178.688
5731.1362 -6229.9663 6663.7119
6246.7939 -5573.6743 6088.7197
6624.2222 -4887.332 5463.3921
6880.248 -4192.5762 4820.6401
7026.8921 -3525.4661 4179.8242
7080.9819 -2911.2441 3556.4319
7074.9722 -2352.314 2964.0159
7032.9023 -1841.464 2400.6399
6971.6001 -1381.098 1862.432
6905.4902 -954.388 1351.328
6848.9961 -561.334 863.456
6809.3301 -188.714 391.072
6793.7041 183.906 -73.568
6791.3003 555.324 -545.952
6810.5322 939.964 -1026.08
6841.7842 1351.048 -1521.696
6875.4399 1794.5861 -2034.736
6899.48 2276.5881 -2571.0081
6894.6724 2804.2661 -3134.384
6842.9863 3383.6301 -3722.928
6716.7759 4007.468 -4332.7681
6504.022 4656.5479 -4948.416
6177.0781 5324.8599 -5560.1919
5715.5103 5977.5459 -6150.6719
5132.54 6591.7681 -6683.0718
4430.5723 7121.8501 -7143.8398
3631.2422 7548.5601 -7507.8081
2756.186 7849.0601 -7763.3599
1841.464 8012.5322 -7893.0718
924.338 8026.9561 -7893.0718
36.06 7903.1499 -7771.104
-772.886 7650.73 -7540.7197
-1492.884 7288.9282 -7213.5361
-2099.894 6847.7939 -6814.7197
-2583.0981 6353.772 -6365.5679
-2943.698 5829.7002 -5891.248
-3190.1082 5308.0322 -5414.9922
-3340.3582 4800.7881 -4944.5439
-3412.478 4327.2002 -4499.2642
-3597.5862 -3242.9961 3736.48
-3709.3721 -3639.656 4177.8882
-3781.4922 -4088.002 4671.5679
-3798.3201 -4580.8223 5211.7119
-3735.8162 -5127.7319 5800.2559
-3569.9402 -5714.3081 6425.584
-3273.0461 -6324.9243 7072.208
-2822.2961 -6935.54 7716.896
-2211.6799 -7505.2881 8318.9922
-1430.38 -7999.3101 8847.5195
-509.648 -8375.5361 9263.7598
521.668 -8597.9063 9542.5439
1615.488 -8650.7939 9658.7041
2726.136 -8519.7764 9600.624
3806.7341 -8214.4678 9364.4316
4810.4043 -7742.082 8969.4883
5684.2583 -7138.6782 8427.4082
6407.8623 -6433.104 7774.9761
6957.1763 -5660.2183 7037.3599
7334.604 -4857.2822 6245.5361
7554.5703 -4081.9922 5442.0962
7643.5181 -3347.5701 4652.208
7635.104 -2682.864 3901.04
7566.5903 -2095.0859 3196.3359
7462.0161 -1575.822 2541.968
7349.0283 -1119.062 1930.192
7246.8579 -715.19 1362.944
7166.3242 -354.59 830.544
7115.8403 -19.232 319.44
7090.5981 304.106 -178.112
7101.416 635.858 -677.6
7144.688 980.832 -1190.64
7208.394 1358.26 -1723.04
7286.5239 1775.354 -2286.416
7362.25 2247.74 -2888.512
7418.7441 2783.832 -3535.136
7424.7539 3384.832 -4228.2241
7346.624 4053.144 -4954.2241
7165.1221 4765.9302 -5707.3281
6841.7842 5513.5742 -6468.1758
6357.3779 6254.0063 -7198.0479
5705.894 6954.772 -7879.52
4902.958 7565.3882 -8454.5117
3978.6201 8054.6021 -8907.5361
2958.1221 8389.96 -9207.6162
1893.15 8566.6543 -9354.752
826.976 8569.0586 -9335.3916
-198.33 8403.1826 -9157.2803
-1126.274 8095.4702 -8835.9043
-1938.826 7660.3462 -8392.5596
-2607.1379 7136.2739 -7864.0317
-3120.3921 6561.7183 -7285.168
-3485.8 5966.728 -6681.1357
-3715.3821 5383.7583 -6086.7842
-3833.178 4826.0303 -5505.9839
-3862.0261 4322.3921 -4973.584
-3950.9741 -3108.3721 4042.3679
-4109.6382 -3502.6282 4549.6001
-4237.0503 -3956.9841 5124.5918
-4310.3721 -4471.4399 5767.3437
-4304.3623 -5054.4102 6483.6641
-4186.5659 -5698.6821 7265.8081
-3916.116 -6382.6201 8084.7358
-3461.76 -7078.5781 8915.2803
-2798.2561 -7743.2842 9710.9756
-1928.0081 -8323.8506 10419.5518
-866.642 -8770.9941 10988.7363
329.348 -9043.8486 11375.9355
1615.488 -9113.5645 11548.2402
2910.042 -8974.1318 11494.0322
4176.9502 -8625.5518 11211.376
5344.0923 -8089.46 10700.2715
6356.1763 -7395.9062 10009.1201
7172.334 -6588.1621 9174.7041
7766.1221 -5723.9243 8241.5518
8141.146 -4841.6562 7252.2559
8323.8506 -3988.2361 6259.0879
8343.082 -3224.9661 5310.4478
8256.5381 -2548.24 4423.7598
8114.7021 -1966.472 3624.1919
7938.0083 -1473.652 2884.6399
7775.7383 -1040.932 2205.104
7621.8823 -680.332 1579.776
7502.8843 -365.408 998.976
7422.3501 -72.12 439.472
7393.502 210.35 -108.416
7413.936 508.446 -660.176
7478.8442 819.764 -1229.36
7581.0142 1165.9401 -1829.52
7710.8301 1557.792 -2460.656
7851.4644 2012.1481 -3146.0
7976.4722 2547.0381 -3897.168
8059.4102 3168.4722 -4710.2881
8055.8042 3872.844 -5587.2959
7924.7861 4657.75 -6506.896
7624.2861 5490.7363 -7455.5361
7111.0322 6356.1763 -8373.2002
6400.6499 7159.1123 -9230.8477
5493.1401 7861.0801 -9962.6563
4430.5723 8432.0303 -10537.6475
3250.208 8827.4883 -10919.04
2008.542 9040.2422 -11097.1523
766.876 9049.8584 -11054.5596
-419.498 8868.3564 -10804.8164
-1495.2881 8514.9678 -10386.6396
-2428.04 8008.9263 -9800.0322
-3174.4822 7404.3203 -9108.8799
-3727.4021 6742.0181 -8357.7119
-4092.8101 6070.1001 -7589.1201
-4298.3521 5424.626 -6845.6958
-4375.2803 4820.02 -6135.1841
-4356.0479 4267.1001 -5480.8159
-4303.1602 -2920.8601 4367.6162
-4519.52 -3313.9141 4952.2881
-4707.0322 -3770.6741 5622.144
-4845.2622 -4291.1401 6381.0562
-4902.958 -4892.1401 7242.5762
-4839.252 -5570.0679 8200.8955
-4602.458 -6305.6919 9230.8477
-4140.8901 -7074.9722 10305.3281
-3422.094 -7814.2021 11337.2158
-2429.2419 -8470.4941 12270.3682
-1206.808 -8968.1221 13027.3438
199.532 -9263.8145 13540.3838
1691.214 -9326.3184 13770.7676
3197.3201 -9150.8262 13706.8799
4661.356 -8746.9541 13346.7842
6010.0 -8124.3184 12698.2236
7161.5161 -7330.998 11805.7275
8070.228 -6406.6602 10715.7598
8691.6621 -5417.4141 9507.6963
9033.0303 -4436.582 8243.4883
9127.9883 -3521.8601 7000.5762
9039.04 -2716.52 5835.104
8835.9023 -2042.198 4779.9839
8579.876 -1486.874 3837.1521
8311.8301 -1033.72 2996.928
8064.2183 -661.1 2241.8879
7858.6763 -358.196 1564.288
7708.4263 -108.18 942.832
7617.0742 111.786 363.968
7589.4282 318.53 -207.152
7623.084 536.092 -784.08
7715.6382 772.886 -1380.368
7862.2822 1048.144 -2011.504
8050.9961 1377.4921 -2694.9119
8268.5586 1786.172 -3455.76
8482.5137 2288.6082 -4307.6001
8668.8242 2901.6282 -5260.1118
8763.7822 3643.262 -6311.3599
8708.4902 4465.4302 -7443.9199
8447.6563 5374.1421 -8634.5596
7928.3921 6312.9043 -9815.5195
7141.082 7213.2021 -10909.3604
6103.7563 8006.522 -11838.6396
4878.918 8638.7744 -12554.96
3512.2441 9082.3125 -13015.7275
2075.854 9307.0859 -13220.9443
632.252 9315.5 -13141.5684
-742.836 9103.9482 -12796.96
-1978.4921 8694.0664 -12216.1602
-3027.8381 8121.9141 -11437.8877
-3848.804 7439.1782 -10524.0957
-4420.9561 6698.7461 -9546.416
-4767.1323 5961.9199 -8566.7998
-4922.1899 5271.9722 -7643.3281
-4940.2202 4640.9219 -6779.8721
-4854.8779 4085.5981 -6007.4082
-4632.5083 -2655.218 4663.8242
-4902.958 -3015.8181 5318.1919
-5155.3779 -3437.72 6079.04
-5370.5361 -3934.146 6961.856
-5514.7759 -4514.7119 7984.064
-5531.604 -5186.6299 9147.5996
-5359.7183 -5939.082 10440.8477
-4923.3921 -6745.624 11815.4082
-4162.5259 -7544.9541 13176.416
-3055.4841 -8252.9326 14429.0078
-1640.73 -8787.8223 15447.3438
-25.242 -9091.9277 16132.6875
1712.85 -9141.21 16448.2559
3448.5381 -8940.4766 16390.1758
5143.3579 -8490.9277 15942.96
6696.3423 -7819.0103 15131.7764
8019.7441 -6954.772 13983.7275
9025.8184 -5960.7183 12578.1924
9672.4941 -4894.5439 11021.6475
9969.3877 -3864.4302 9420.5762
9959.7725 -2942.4961 7885.3281
9756.6338 -2161.196 6493.3437
9426.084 -1544.5701 5265.9199
9057.0703 -1070.9821 4206.9277
8694.0664 -707.978 3279.584
8371.9297 -432.72 2466.4639
8107.4902 -219.966 1740.464
7917.5742 -54.09 1082.224
7800.98 90.15 464.64
7762.5161 224.774 -143.264
7803.3843 366.61 -756.976
7922.3823 531.284 -1395.856
8114.7021 735.624 -2081.2
8365.9199 990.448 -2826.5601
8666.4199 1325.806 -3666.7839
8990.96 1758.526 -4625.104
9296.2686 2319.8601 -5726.688
9524.6484 3023.03 -6985.0879
9585.9502 3865.6321 -8369.3281
9403.2461 4816.4141 -9856.1758
8892.3965 5832.104 -11370.1279
8041.3804 6815.3403 -12767.9199
6883.854 7692.8003 -13966.3037
5485.9282 8392.3643 -14891.7119
3908.9041 8910.4258 -15476.3838
2248.9421 9188.0879 -15724.1924
585.374 9222.9463 -15609.9678
-1009.68 9031.8281 -15158.8799
-2437.656 8611.1279 -14394.1602
-3638.4541 8000.5122 -13371.9521
-4549.5703 7266.0903 -12177.4395
-5152.9741 6475.1743 -10907.4238
-5472.7061 5708.2983 -9672.2559
-5578.4819 4995.5122 -8526.1436
-5525.5942 4354.8462 -7480.7041
-5372.9399 3798.3201 -6564.9761
-4930.604 -2334.2839 4958.0962
-5253.9419 -2654.0161 5686.0317
-5570.0679 -3030.2419 6545.6157
-5857.3462 -3468.9722 7552.3359
-6083.3223 -3993.0442 8746.8477
-6185.4922 -4608.4683 10138.832
-6084.5239 -5311.6382 11720.5439
-5669.834 -6083.3223 13455.2002
-4858.4839 -6846.5923 15209.2158
-3602.394 -7520.9141 16837.3926
-1977.29 -8005.3203 18146.127
-108.18 -8242.1143 19021.1992
1871.514 -8219.2764 19418.0801
3852.4102 -7951.23 19332.8965
5755.1763 -7448.7939 18767.584
7506.4902 -6727.5942 17735.6953
8983.748 -5818.8823 16274.0156
10089.5879 -4777.9502 14467.7275
10729.0518 -3710.574 12477.5195
10917.7666 -2704.5 10448.5918
10744.6777 -1851.0801 8570.6719
10339.6045 -1177.96 6913.4561
9838.3701 -673.12 5490.4961
9328.7227 -314.924 4299.856
8862.3457 -67.312 3287.3279
8465.6865 97.362 2420.0
8159.1763 198.33 1663.024
7940.4121 257.228 985.424
7816.606 290.884 360.096
7782.9502 316.126 -247.808
7843.0503 347.378 -863.456
7994.502 399.064 -1510.08
8231.2959 486.81 -2212.8479
8552.2305 628.646 -2994.9919
8938.0723 846.208 -3897.168
9373.1963 1163.536 -4956.1602
9811.9258 1616.6901 -6208.752
10186.9502 2235.72 -7682.0479
10385.2803 3020.626 -9368.3037
10297.5342 3947.3682 -11224.9277
9813.1279 4964.2603 -13128.0156
8894.7998 5981.1523 -14901.3916
7587.0239 6886.2583 -16421.1523
6008.7983 7617.0742 -17551.7754
4233.4438 8155.5703 -18275.8398
2360.728 8463.2822 -18550.752
472.386 8534.2002 -18395.8711
-1346.24 8369.5264 -17793.7754
-2989.374 7975.27 -16787.0566
-4347.6343 7379.0781 -15447.3438
-5338.082 6649.4644 -13888.8643
-5931.8701 5874.1743 -12283.9199
-6199.916 5130.1362 -10735.1201
-6219.1479 4464.228 -9352.8164
-6076.1104 3872.844 -8123.4561
-5842.9219 3376.418 -7076.0801
-5169.8022 -1946.0381 5203.9678
-5532.8062 -2193.6501 5988.0479
-5897.0122 -2484.5339 6923.1357
-6247.9961 -2827.104 8036.3359
-6548.4961 -3235.7842 9377.9844
-6738.4121 -3715.3821 10975.1836
-6721.584 -4269.5039 12851.168
-6352.5703 -4878.918 14957.5361
-5507.564 -5483.5239 17149.0879
-4126.4663 -5995.5762 19187.6953
-2292.2141 -6324.9243 20815.8711
-193.522 -6427.0942 21818.7207
2027.774 -6292.4702 22122.6719
4208.2021 -5955.9102 22058.7832
6320.1162 -5427.0303 21553.4883
8236.1045 -4735.8799 20337.6797
9857.6025 -3883.6621 18562.3672
11049.9863 -2938.8901 16326.2881
11664.208 -2014.552 13855.9521
11735.126 -1188.7781 11395.2959
11399.7686 -532.486 9170.832
10834.8281 -72.12 7290.9761
10192.96 225.976 5734.4321
9573.9297 388.246 4472.1602
9022.2119 459.164 3418.9761
8560.6445 463.972 2530.3521
8203.6504 427.912 1757.8879
7952.4321 364.206 1074.48
7805.7881 289.682 437.536
7763.7183 212.754 -180.048
7825.02 141.836 -805.376
7994.502 88.948 -1469.424
8263.75 64.908 -2197.3601
8632.7637 78.13 -3008.5439
9096.7363 153.856 -3955.248
9635.2324 317.328 -5087.8081
10210.9902 601.0 -6462.3682
10753.0918 1033.72 -8127.3281
11129.3184 1641.932 -10092.3682
11189.418 2429.2419 -12334.2559
10775.9307 3336.752 -14680.6875
9829.9561 4258.686 -16891.5996
8414.0 5103.6919 -18771.4551
6649.4644 5830.9023 -20149.8887
4691.4062 6382.6201 -21024.959
2613.1479 6755.2402 -21367.6328
514.456 6936.7422 -21185.6484
-1526.54 6888.6621 -20471.2637
-3365.6001 6633.8379 -19245.7754
-4899.3521 6169.8662 -17584.6875
-5978.748 5571.27 -15648.6875
-6595.374 4918.584 -13660.416
-6814.1382 4292.3423 -11796.0479
-6763.6543 3732.21 -10152.3838
-6549.6982 3240.592 -8737.168
-6243.188 2824.7 -7542.6558
-5352.5059 -1502.5 5426.6079
-5744.3579 -1680.396 6266.832
-6142.2202 -1876.322 7269.6802
-6528.062 -2091.48 8473.8721
-6871.834 -2334.2839 9937.4883
-7105.022 -2605.936 11708.9277
-7123.0522 -2899.2241 13819.168
-6755.2402 -3200.926 16241.1035
-5840.5181 -3453.3459 18779.1992
-4301.958 -3604.7981 21135.3125
-2271.78 -3593.98 22469.2168
27.646 -3405.2661 22800.2715
2408.8081 -3083.1301 22831.248
4751.5059 -2625.168 22827.375
6986.0239 -2062.6321 22738.3203
9012.5957 -1418.36 22022.0
10688.1846 -730.816 20055.0234
11850.5186 -52.888 17429.8086
12363.7725 545.708 14570.3359
12264.0059 1013.286 11734.0957
11724.3086 1307.776 9256.0156
10977.8662 1452.016 7211.6001
10200.1719 1468.844 5581.4878
9483.7803 1396.724 4278.5601
8867.1543 1268.11 3217.6321
8368.3242 1103.436 2330.9441
7989.6943 911.116 1573.968
7732.4663 706.776 907.984
7589.4282 496.426 300.08
7558.1763 284.874 -288.464
7638.71 78.13 -886.688
7831.0303 -114.19 -1519.76
8136.3384 -289.682 -2218.656
8552.2305 -435.124 -3022.0959
9081.1104 -540.9 -3980.416
9709.7559 -584.172 -5147.8237
10402.1084 -544.506 -6599.8237
11087.248 -390.65 -8402.2402
11628.1484 -81.736 -10589.9199
11832.4883 390.65 -13160.9277
11497.1299 1001.266 -15917.792
10531.9238 1688.8101 -18521.7109
9030.626 2353.5161 -20709.3926
7166.3242 2976.1521 -22091.6953
5072.4399 3499.022 -22639.584
2854.75 3931.7422 -22769.2949
588.98 4245.4639 -22713.1523
-1629.912 4404.1279 -22337.5684
-3657.686 4388.502 -21315.3594
-5334.4761 4204.5962 -19375.4883
-6502.8203 3889.6721 -17077.4551
-7115.8403 3511.042 -14758.1279
-7291.332 3126.4021 -12622.7197
-7174.7383 2769.408 -10781.584
-6899.48 2449.676 -9221.168
-6548.4961 2170.812 -7927.9199
-5453.4741 -1038.5281 5585.3599
-5848.9321 -1122.668 6452.688
-6250.3999 -1205.6061 7490.3838
-6637.4443 -1280.13 8735.2324
-6977.6104 -1335.422 10251.1201
-7202.3843 -1359.462 12094.1924
-7197.5762 -1328.2101 14301.2314
-6788.896 -1224.838 16831.584
-5797.2461 -1015.69 19487.7754
-4149.3042 -694.756 21855.5039
-1997.724 -265.642 22777.0391
391.852 222.37 22838.9922
2864.366 790.916 22844.8008
5257.5483 1383.5021 22848.6719
7530.5303 1972.4821 22800.2715
9546.2842 2513.3821 22200.1113
11182.2061 2958.1221 20229.2637
12254.3906 3265.834 17447.2324
12645.04 3402.8621 14403.8398
12399.832 3372.812 11480.4795
11729.1162 3197.3201 8969.4883
10890.1201 2929.2742 6954.1118
10046.3164 2607.1379 5366.5918
9293.8643 2258.5581 4123.6802
8651.9961 1900.3621 3113.0879
8133.9341 1539.7621 2276.7361
7740.8804 1187.576 1562.3521
7472.834 842.602 935.088
7323.7861 510.85 354.288
7286.5239 186.31 -211.024
7364.6543 -138.23 -784.08
7558.1763 -451.952 -1397.792
7870.6963 -762.068 -2075.3921
8299.8105 -1064.972 -2847.856
8853.9326 -1359.462 -3775.2
9524.6484 -1633.5181 -4917.4399
10280.7061 -1871.514 -6346.208
11063.208 -2047.006 -8148.624
11731.5205 -2139.5601 -10388.5762
12087.3125 -2114.3181 -13077.6797
11885.376 -1947.24 -16022.3359
11007.916 -1635.922 -18876.0
9553.4961 -1233.2521 -21255.3437
7700.0122 -770.482 -22486.6406
5578.4819 -280.066 -22809.9512
3306.7021 216.36 -22833.1836
970.014 686.342 -22829.3125
-1348.644 1117.86 -22786.7207
-3495.416 1468.844 -22194.3047
-5317.6479 1711.6481 -20448.0312
-6597.7783 1833.05 -18016.416
-7281.7163 1845.0701 -15517.04
-7484.854 1788.576 -13230.624
-7375.4722 1690.0121 -11267.5195
-7094.2041 1569.812 -9610.3037
-6721.584 1436.39 -8228.0
-5484.7261 -549.314 5707.3281
-5869.3662 -552.92 6595.9521
-6251.6021 -528.88 7654.9438
-6601.3843 -463.972 8915.2803
-6885.0562 -338.964 10440.8477
-7026.8921 -121.402 12274.2402
-6901.8843 222.37 14430.9443
-6346.5601 718.796 16856.752
-5203.458 1379.896 19329.0234
-3432.9121 2185.2361 21518.6406
-1222.4341 3057.8879 22531.168
1193.5861 3924.53 22780.9121
3634.8481 4732.2739 22800.2715
5965.5259 5449.8682 22759.6152
8125.52 6037.646 22275.6152
9994.6299 6459.5483 20850.7207
11412.9902 6655.4741 18517.8398
12247.1787 6598.98 15741.6162
12404.6406 6282.854 12864.7197
11987.5459 5761.186 10169.8076
11219.4678 5136.146 7898.8799
10333.5938 4483.46 6086.7842
9470.5586 3841.592 4665.7598
8721.7119 3239.3901 3546.752
8093.0659 2672.0461 2640.7041
7597.8423 2135.9541 1891.472
7226.4243 1628.7101 1254.528
6978.812 1144.3041 698.896
6844.188 673.12 189.728
6822.5522 212.754 -307.824
6906.6919 -251.218 -813.12
7108.6279 -711.584 -1357.136
7421.1479 -1176.7581 -1963.104
7853.8682 -1651.548 -2658.1279
8409.1924 -2141.9641 -3502.2239
9087.1201 -2651.6121 -4547.6641
9860.0059 -3173.28 -5860.272
10679.7705 -3698.554 -7540.7197
11410.5859 -4198.5859 -9629.6641
11872.1543 -4625.2959 -12177.4395
11812.0547 -4908.9683 -15017.5518
11094.46 -4988.3003 -17830.5605
9767.4521 -4852.4741 -20266.0488
8016.1382 -4532.7422 -22006.5117
5977.5459 -4084.396 -22668.623
3758.6541 -3506.2341 -22809.9512
1452.016 -2849.9421 -22800.2715
-864.238 -2151.5801 -22691.8555
-3057.8879 -1464.036 -22058.7832
-4947.4321 -816.158 -20376.4004
-6326.126 -268.046 -18055.1367
-7103.8203 146.644 -15642.8799
-7387.4922 423.104 -13389.376
-7340.6143 586.576 -11434.0156
-7099.0122 671.918 -9770.9922
-6761.25 699.564 -8392.5596
-5441.4541 -87.746 5767.3437
-5792.438 -15.626 6644.3521
-6125.3921 99.766 7689.792
-6410.2661 274.056 8924.96
-6601.3843 538.496 10400.1924
-6617.0103 925.54 12125.168
-6333.3379 1478.4601 14113.4395
-5610.936 2218.8921 16268.208
-4317.584 3164.866 18376.5117
-2462.8979 4288.7358 20159.5684
-246.41 5446.2622 21340.5273
2096.2881 6546.0923 21826.4648
4417.3501 7529.3281 21747.0879
6597.7783 8337.0723 21083.0391
8569.0586 8945.2842 19811.0879
10189.3545 9289.0566 17973.8242
11339.668 9334.7324 15681.5996
11881.7705 9049.8584 13129.9521
11797.6299 8459.6758 10595.7275
11233.8926 7638.71 8351.9043
10424.9463 6701.1499 6508.832
9569.1221 5755.1763 5058.7681
8772.1963 4853.6763 3914.592
8081.0464 4026.7002 3010.48
7499.2783 3253.814 2276.7361
7046.124 2555.4521 1661.088
6702.3521 1899.16 1128.688
6469.1641 1283.7361 652.432
6345.3579 703.17 207.152
6324.9243 135.826 -230.384
6407.8623 -427.912 -677.6
6597.7783 -998.862 -1161.6
6892.2681 -1584.2361 -1692.064
7298.5439 -2192.448 -2294.1599
7815.4043 -2842.73 -3014.3521
8447.6563 -3542.2939 -3901.04
9178.4717 -4294.7461 -5012.3042
9974.1963 -5092.874 -6423.6479
10724.2441 -5903.022 -8185.4077
11278.3662 -6665.0903 -10351.792
11414.1924 -7274.5039 -12847.2959
10958.6338 -7638.71 -15418.3037
9898.4697 -7708.4263 -17756.9922
8361.1123 -7512.5 -19675.5684
6501.6182 -7090.5981 -21046.2559
4438.9858 -6473.9722 -21826.4648
2234.5181 -5691.4702 -22035.5527
-21.636 -4799.5859 -21834.207
-2187.6401 -3854.814 -21005.5996
-4128.8701 -2912.446 -19505.1992
-5620.5522 -2053.0161 -17538.2246
-6565.3242 -1343.8361 -15375.7119
-7004.0542 -807.744 -13292.5762
-7082.1841 -435.124 -11426.2715
-6930.7319 -183.906 -9805.8398
-6651.8682 -24.04 -8435.1523
-5336.8799 355.792 5792.5122
-5646.9961 486.81 6665.6479
-5924.6582 670.716 7693.6641
-6125.3921 923.136 8892.0479
-6198.7144 1278.928 10303.3916
-6056.8779 1774.152 11918.0156
-5576.0781 2436.4541 13708.8164
-4620.4883 3307.9041 15567.376
-3134.8162 4377.6841 17245.8887
-1174.354 5613.3403 18506.2246
1028.912 6893.4702 19162.5273
3259.824 8105.0859 19218.6719
5406.5962 9162.8457 18740.4805
7370.6641 10015.0645 17749.248
9054.666 10611.2559 16291.4395
10363.6445 10920.1699 14396.0957
11158.166 10898.5342 12196.7998
11342.0723 10525.9141 9892.96
10953.8262 9831.1582 7774.9761
10198.9697 8858.7402 6022.896
9329.9238 7775.7383 4673.5039
8495.7363 6680.7163 3631.936
7752.8999 5630.168 2805.2639
7131.4663 4660.1543 2139.28
6625.4243 3774.28 1589.4559
6231.168 2959.324 1119.0079
5940.2842 2200.8621 710.512
5746.7622 1485.672 346.544
5650.6021 802.936 9.68
5639.7842 129.816 -323.312
5722.7222 -542.102 -667.92
5900.6182 -1218.828 -1037.696
6173.4722 -1920.796 -1450.064
6547.2939 -2651.6121 -1922.448
7026.8921 -3441.3262 -2487.76
7607.458 -4288.7358 -3173.104
8280.5781 -5211.8721 -4026.8799
9033.0303 -6184.29 -5107.168
9793.8965 -7175.9399 -6468.1758
10451.3906 -8102.6821 -8198.96
10792.7578 -8855.1338 -10276.2881
10617.2666 -9326.3184 -12562.7041
9851.5918 -9472.9619 -14760.0635
8575.0684 -9317.9043 -16647.6641
6935.54 -8893.5986 -18122.8965
5058.0161 -8240.9121 -19137.3594
3013.4141 -7405.522 -19679.4395
883.47 -6416.2759 -19727.8398
-1234.454 -5346.4961 -19224.4805
-3191.3101 -4262.292 -18159.6797
-4785.1621 -3265.834 -16605.0723
-5874.1743 -2420.8281 -14777.4883
-6471.5684 -1757.324 -12928.6084
-6690.332 -1264.504 -11219.1201
-6651.8682 -902.702 -9697.4238
-6459.5483 -650.282 -8400.3037
-5186.6299 751.25 5769.2798
-5451.0703 926.742 6615.312
-5662.6221 1156.324 7610.416
-5782.8223 1454.42 8754.5918
-5749.166 1845.0701 10080.752
-5471.5039 2363.1321 11575.3438
-4818.8179 3038.656 13180.2881
-3673.312 3914.9141 14762.0
-2014.552 4971.4722 16066.8643
36.06 6185.4922 16860.623
2222.498 7458.4102 17032.9277
4334.4121 8665.2178 16661.2168
6300.8843 9728.9883 15836.4795
8026.9561 10565.5801 14603.248
9451.3262 11156.9639 12990.5596
10468.2178 11469.4844 11054.5596
10947.8164 11475.4941 8932.7041
10807.1826 11150.9541 6839.8882
10128.0518 10492.2578 5060.7041
9186.8857 9554.6982 3765.52
8242.1143 8444.0498 2874.96
7431.9663 7296.1401 2253.5039
6762.4521 6168.6641 1779.184
6226.3604 5115.7119 1395.856
5793.6401 4122.8599 1068.672
5458.2822 3206.936 774.4
5213.0742 2352.314 503.36
5055.6123 1562.6 251.68
4977.4819 805.34 7.744
4977.4819 69.716 -240.064
5054.4102 -670.716 -499.488
5209.4683 -1424.37 -780.208
5447.4639 -2194.8521 -1084.16
5767.1963 -3002.5959 -1419.088
6179.4819 -3875.248 -1817.9039
6681.918 -4812.8081 -2288.3521
7285.3223 -5816.478 -2863.344
7988.4922 -6871.834 -3591.28
8767.3877 -7916.3721 -4541.856
9548.6885 -8888.79 -5831.2319
10131.6582 -9656.8682 -7523.2959
10271.0898 -10128.0518 -9534.7998
9835.9658 -10272.292 -11616.0
8868.3564 -10117.2344 -13503.5996
7490.8643 -9689.3223 -15098.8643
5808.064 -9036.6357 -16320.4795
3947.3682 -8201.2461 -17137.4727
1955.6541 -7215.606 -17532.416
-96.16 -6139.8159 -17462.7207
-2095.0859 -5043.5923 -16845.1367
-3815.1479 -4035.114 -15687.4082
-5080.854 -3169.6741 -14179.2637
-5854.9419 -2473.7161 -12551.0879
-6222.7539 -1936.422 -10990.6719
-6306.894 -1520.53 -9559.9678
-6199.916 -1208.01 -8307.376
-5009.936 1123.87 5732.4961
-5226.2959 1330.614 6564.9761
-5374.1421 1595.0541 7536.8481
-5412.606 1918.3921 8644.2402
-5269.5679 2325.8701 9910.3838
-4848.8682 2837.9221 11312.0479
-4025.498 3483.396 12783.4082
-2690.0759 4289.938 14142.4795
-855.824 5261.1543 15125.9678
1301.766 6376.6104 15495.7441
3484.5981 7550.9644 15207.2803
5495.5439 8678.4404 14419.3281
7264.8882 9664.0801 13251.9199
8762.5801 10459.8037 11759.2637
9921.3086 11039.168 9987.8242
10649.7197 11380.5361 7982.1279
10805.9805 11455.0605 5848.6558
10303.5439 11219.4678 3854.5759
9298.6719 10650.9219 2346.4319
8115.9043 9771.0586 1407.472
7049.73 8715.7021 919.6
6210.7339 7584.6201 673.728
5580.8862 6461.9521 518.848
5110.9043 5389.7681 393.008
4750.3042 4371.6743 272.976
4485.8643 3418.488 152.944
4300.7559 2525.4021 34.848
4188.9702 1676.79 -81.312
4138.4858 858.228 -197.472
4146.8999 54.09 -325.248
4221.4243 -746.442 -458.832
4365.6641 -1556.5901 -605.968
4574.812 -2384.7681 -766.656
4857.2822 -3251.4102 -946.704
5215.478 -4181.7583 -1155.792
5667.4302 -5168.6001 -1401.6639
6226.3604 -6207.1279 -1699.808
6918.7119 -7267.292 -2090.8799
7751.6982 -8297.4063 -2665.8721
8685.6523 -9220.542 -3575.792
9518.6377 -9924.9141 -4960.0317
9960.9746 -10332.3926 -6803.104
9822.7441 -10422.542 -8828.1602
9121.9785 -10226.6162 -10762.2236
7960.8462 -9784.2803 -12481.3916
6481.1841 -9136.4023 -13877.248
4764.728 -8313.0322 -14928.4961
2889.6082 -7370.6641 -15623.5195
901.5 -6360.9839 -15896.4961
-1122.668 -5348.8999 -15637.0723
-2943.698 -4412.542 -14800.7197
-4339.2202 -3613.2122 -13546.1924
-5246.73 -2954.5161 -12101.9355
-5734.7422 -2428.04 -10669.2959
-5918.6479 -2004.936 -9339.2637
-5897.0122 -1669.578 -8160.2397
-4795.98 1447.208 5651.1841
-4971.4722 1675.588 6458.4961
-5068.834 1947.24 7389.7119
-5044.7939 2269.376 8448.7041
-4823.626 2662.4299 9662.5762
-4309.1699 3134.8162 10988.7363
-3361.9941 3728.604 12359.4238
-1889.5441 4437.7842 13573.2959
82.938 5285.1943 14332.208
2329.4761 6258.814 14388.3516
4508.7021 7286.5239 13766.8955
6434.3062 8285.3857 12661.4395
8063.0161 9179.6738 11230.7363
9371.9941 9910.4902 9550.2881
10340.8066 10482.6426 7645.2642
10857.666 10866.0801 5536.96
10760.3037 11021.1387 3341.5359
9960.9746 10888.918 1366.816
8651.9961 10433.3604 3.872
7224.02 9674.8984 -652.432
6029.2319 8706.0859 -786.016
5162.5903 7642.3159 -685.344
4554.3779 6550.8999 -530.464
4127.668 5482.3223 -393.008
3830.7742 4458.2183 -292.336
3618.02 3468.9722 -234.256
3476.1841 2543.4321 -205.216
3394.448 1664.77 -199.408
3364.3979 820.966 -211.024
3380.0242 -6.01 -236.192
3446.134 -841.4 -272.976
3561.5261 -1682.8 -313.632
3729.8062 -2539.8259 -356.224
3966.6001 -3420.8921 -393.008
4273.1099 -4360.856 -427.856
4672.1743 -5339.2842 -460.768
5197.4482 -6359.7822 -503.36
5892.2041 -7383.8862 -598.224
6788.896 -8351.4961 -840.224
7888.7261 -9200.1084 -1434.576
8980.1426 -9825.1484 -2582.624
9733.7959 -10165.3145 -4301.792
9894.8643 -10213.3945 -6336.5278
9453.7305 -9998.2363 -8363.5195
8519.7764 -9564.3145 -10229.8242
7225.2222 -8935.668 -11819.2803
5662.6221 -8155.5703 -13114.4639
3869.238 -7274.5039 -14096.0156
1901.5641 -6354.9741 -14680.6875
-167.078 -5446.2622 -14725.2158
-2103.5 -4618.084 -14150.2236
-3636.05 -3907.7021 -13073.8076
-4672.1743 -3316.3181 -11759.2637
-5265.9619 -2824.7 -10417.6162
-5538.8159 -2416.02 -9149.5361
-5589.3003 -2077.0562 -8013.104
-4571.2061 1759.728 5575.6802
-4705.8301 2004.936 6369.4399
-4755.1123 2286.2041 7283.2319
-4666.1641 2615.552 8322.8643
-4374.0781 2994.1821 9505.7598
-3768.27 3432.9121 10787.3916
-2718.9241 3948.5701 12084.5117
-1111.85 4559.186 13182.2236
991.65 5279.1841 13755.2803
3328.3381 6097.7461 13548.1279
5501.5542 6965.5903 12636.2715
7349.0283 7816.606 11259.7764
8853.9326 8595.502 9600.624
10019.8721 9273.4297 7745.936
10827.6162 9840.7744 5660.8638
11132.9238 10255.4639 3391.8721
10763.9102 10459.8037 1072.5439
9632.8281 10385.2803 -935.088
8001.7144 10010.2559 -2197.3601
6316.5103 9335.9346 -2642.6399
4965.4619 8465.6865 -2507.1199
4031.5081 7482.4502 -2127.6641
3418.488 6460.75 -1721.104
3026.636 5449.8682 -1364.88
2773.0142 4461.8242 -1078.3521
2614.3501 3507.436 -851.84
2519.3921 2580.6941 -671.792
2473.7161 1693.618 -530.464
2468.908 835.39 -414.304
2494.1501 -31.252 -311.696
2561.4622 -870.248 -216.832
2672.0461 -1714.052 -120.032
2823.498 -2583.0981 -19.36
3030.2419 -3471.376 94.864
3304.2981 -4400.522 238.128
3676.918 -5357.314 408.496
4194.98 -6335.7422 607.904
4931.8062 -7302.1499 772.464
5934.2739 -8186.8223 797.632
7214.4043 -8938.0723 439.472
8553.4326 -9470.5586 -545.952
9569.1221 -9739.8066 -2203.168
9975.3984 -9745.8164 -4274.688
9734.998 -9519.8398 -6384.9277
8984.9502 -9094.332 -8380.9443
7847.8579 -8505.3525 -10152.3838
6394.6401 -7792.5659 -11672.1436
4664.9619 -7001.6499 -12895.6963
2696.0859 -6187.896 -13722.3682
573.354 -5404.1919 -13977.9199
-1431.582 -4699.8203 -13571.3604
-3053.0801 -4089.2041 -12622.7197
-4168.5361 -3568.738 -11387.5518
-4830.8379 -3125.2 -10115.5996
-5162.5903 -2738.156 -8899.792
-5263.5581 -2407.606 -7821.4399
-4330.8062 2016.9561 5453.7119
-4431.7739 2269.376 6214.5601
-4446.1982 2556.6541 7101.248
-4324.7959 2876.386 8106.0317
-3988.2361 3236.9861 9252.1436
-3335.55 3639.656 10496.9922
-2226.104 4094.012 11755.3916
-546.91 4613.2759 12793.0879
1625.104 5201.0542 13265.4717
4015.8821 5860.9521 12922.7998
6213.1382 6560.5161 11830.8955
8026.9561 7269.6963 10280.1602
9472.9619 7941.6143 8464.1924
10565.5801 8563.0479 6456.5601
11268.75 9113.5645 4203.0562
11421.4043 9527.0518 1759.824
10845.6465 9747.0186 -691.152
9457.3359 9725.3818 -2766.5439
7552.166 9421.2764 -3986.2239
5639.7842 8852.7305 -4259.2002
4144.4961 8075.0361 -3889.4241
3134.8162 7179.5459 -3262.1599
2502.564 6227.562 -2617.4719
2119.126 5263.5581 -2057.968
1896.756 4303.1602 -1587.52
1764.536 3377.6201 -1206.1281
1694.8201 2477.322 -894.432
1668.376 1608.276 -638.88
1674.386 758.462 -420.112
1705.6381 -80.534 -222.64
1762.1321 -926.742 -32.912
1851.0801 -1762.1321 162.624
1984.5021 -2602.3301 375.584
2161.196 -3462.9622 617.584
2408.8081 -4351.2402 907.984
2760.9941 -5264.7603 1254.528
3282.6621 -6179.4819 1643.6639
4050.74 -7067.7603 2036.672
5151.772 -7869.4941 2278.6719
6596.5762 -8536.6045 2125.728
8163.9844 -8988.5566 1273.8879
9438.1045 -9201.3105 -342.672
10083.5781 -9177.2705 -2449.04
10059.5381 -8954.9004 -4677.376
9481.376 -8559.4424 -6820.5278
8478.9082 -8042.582 -8777.8242
7118.2441 -7424.7539 -10502.7998
5437.8481 -6748.0283 -11945.1201
3474.9822 -6053.272 -12977.0078
1296.958 -5382.5562 -13426.1602
-796.926 -4779.1519 -13155.1201
-2502.564 -4258.686 -12283.9199
-3696.1501 -3803.1282 -11110.7041
-4422.1582 -3399.2561 -9871.6641
-4804.394 -3035.05 -8696.5117
-4949.8359 -2711.7122 -7633.6479
-4071.1741 2277.79 5335.6162
-4140.8901 2538.624 6082.9121
-4119.2539 2829.5081 6944.4321
-3958.186 3148.0381 7929.856
-3580.7581 3496.6182 9052.7363
-2877.5881 3874.0461 10274.3516
-1712.85 4283.9282 11495.9678
30.05 4727.4663 12475.584
2250.144 5199.8521 12860.8477
4681.79 5720.3179 12400.0801
6881.4502 6273.2383 11180.4004
8672.4297 6845.3901 9498.0156
10081.1738 7428.3604 7536.8481
11107.6826 7987.29 5343.3599
11690.6523 8489.7266 2878.832
11661.8047 8868.3564 245.872
10849.252 9076.3018 -2350.304
9192.8965 9064.2822 -4479.9038
7018.478 8798.6406 -5660.8638
4896.9482 8279.376 -5802.1919
3258.6221 7594.2363 -5254.3042
2168.408 6779.2803 -4445.0562
1508.51 5915.042 -3622.2559
1129.88 5033.9761 -2890.448
921.934 4149.3042 -2270.928
818.562 3268.238 -1752.08
774.088 2401.5959 -1312.608
771.684 1562.6 -937.024
792.118 730.816 -604.032
837.794 -92.554 -290.4
905.106 -903.904 21.296
997.66 -1712.85 338.8
1114.254 -2536.22 677.6
1277.7261 -3365.6001 1057.056
1515.722 -4222.626 1498.464
1872.7161 -5080.854 2009.568
2419.626 -5925.8604 2582.624
3262.228 -6733.604 3163.4241
4483.46 -7448.7939 3583.5359
6112.1699 -8020.9463 3562.24
7906.7563 -8398.374 2760.7361
9386.418 -8551.0283 1126.752
10204.9805 -8498.1406 -1055.12
10325.1807 -8290.1943 -3374.448
9860.0059 -7947.624 -5639.5679
8938.0723 -7517.3081 -7732.3838
7643.5181 -7012.4683 -9592.8799
5991.9702 -6459.5483 -11178.4639
4026.7002 -5899.416 -12351.6797
1816.222 -5353.708 -12915.0557
-331.752 -4856.0801 -12717.584
-2078.2581 -4410.1382 -11898.6563
-3295.884 -4006.2661 -10764.1602
-4048.3362 -3632.4441 -9565.7764
-4457.0161 -3283.864 -8429.3438
-4632.5083 -2967.738 -7412.9438
-3811.542 2484.5339 5178.7998
-3857.218 2750.176 5895.1201
-3810.3401 3047.0701 6727.6001
-3628.8381 3364.3979 7676.2397
-3232.178 3705.7661 8764.2715
-2513.3821 4068.77 9956.8477
-1337.826 4444.9961 11143.6162
402.67 4828.4341 12105.8076
2641.9961 5216.6802 12477.5195
5084.46 5615.7441 12001.2637
7308.1602 6037.646 10750.6084
9133.998 6498.0122 9004.3359
10560.7725 6990.832 6923.1357
11565.6445 7468.0264 4574.7681
12072.8887 7891.1304 1945.6799
11925.042 8210.8623 -844.096
10959.8359 8381.5459 -3562.24
9106.3525 8359.9102 -5769.2798
6715.5742 8117.106 -6946.3682
4389.7041 7660.3462 -7002.5117
2611.946 7042.5181 -6305.5518
1442.4 6314.106 -5324.0
741.634 5523.1899 -4332.7681
348.58 4702.2241 -3448.0159
141.836 3872.844 -2685.2319
44.474 3043.4641 -2038.608
12.02 2224.9021 -1492.656
18.03 1427.9761 -1020.272
44.474 644.272 -598.224
85.342 -144.24 -199.408
140.634 -945.974 193.6
223.572 -1711.6481 600.16
332.954 -2483.332 1037.696
483.204 -3264.6321 1517.824
717.594 -4056.75 2075.3921
1075.79 -4852.4741 2718.144
1643.134 -5630.168 3432.5281
2537.4221 -6360.9839 4162.3999
3857.218 -7005.2563 4721.9038
5642.188 -7517.3081 4822.5762
7639.9121 -7847.8579 4071.408
9329.9238 -7968.0581 2406.448
10323.9785 -7906.7563 151.008
10576.3984 -7714.436 -2270.928
10215.7979 -7427.1582 -4642.5278
9370.792 -7072.5684 -6849.5679
8129.126 -6667.4941 -8824.2881
6517.2441 -6234.7739 -10518.2881
4549.5703 -5796.0439 -11797.9844
2325.8701 -5369.334 -12454.2881
147.846 -4966.6641 -12328.4482
-1640.73 -4583.2261 -11554.0479
-2893.2141 -4220.2222 -10452.4639
-3670.908 -3872.844 -9290.8643
-4112.042 -3536.2842 -8175.728
-4313.978 -3220.158 -7180.624
-2339.092 -3048.272 2890.448
-2322.2642 -3336.752 3157.616
-2268.1741 -3645.666 3440.272
-2172.0142 -3967.802 3734.5439
-2019.36 -4301.958 4040.4319
-1807.808 -4639.7202 4348.2559
-1525.338 -4971.4722 4648.3359
-1171.9501 -5280.3862 4930.9922
-750.048 -5554.4419 5182.6719
-256.026 -5779.2163 5391.7598
299.298 -5940.2842 5550.5122
893.086 -6022.02 5641.5039
1512.116 -6019.6162 5662.7998
2131.146 -5927.062 5608.5918
2740.5601 -5750.3682 5482.752
3317.52 -5491.938 5283.3437
3841.592 -5161.3882 5020.0479
4303.1602 -4771.9399 4698.6719
4689.002 -4340.4219 4334.7041
5007.5322 -3872.844 3933.9519
5246.73 -3399.2561 3508.032
5428.2319 -2932.8801 3078.24
5552.0381 -2472.5142 2646.512
5631.3701 -2030.178 2218.656
5678.248 -1607.074 1800.48
5699.8843 -1204.4041 1391.984
5707.0962 -820.966 993.168
5704.6919 -455.558 607.904
5696.2783 -106.978 232.32
5687.8643 239.198 -141.328
5675.8442 587.778 -518.848
5660.2183 943.57 -896.368
5640.9863 1308.978 -1279.696
5608.5322 1684.0021 -1664.96
5554.4419 2081.864 -2061.8401
5472.7061 2498.958 -2468.3999
5347.6982 2932.8801 -2880.7681
5178.2163 3377.6201 -3293.136
4949.8359 3823.562 -3695.824
4654.144 4264.6963 -4088.832
4289.938 4686.5981 -4456.6719
3854.814 5066.4302 -4789.6641
3361.9941 5401.7881 -5076.1919
2815.084 5667.4302 -5296.896
2230.9121 5863.356 -5459.52
1619.094 5973.9399 -5550.5122
1010.882 6002.7881 -5571.8081
418.296 5945.0923 -5521.4722
-129.816 5817.6802 -5407.248
-635.858 5618.1479 -5238.8159
-1080.598 5365.728 -5021.9839
-1458.026 5073.6421 -4768.3682
-1763.334 4755.1123 -4497.3281
-2003.734 4429.3701 -4212.7358
-2182.832 4098.8203 -3924.272
-2306.6379 3776.6841 -3641.616
-2605.936 -3051.8782 3159.552
-2610.7441 -3353.5801 3465.4399
-2578.29 -3680.5242 3798.4319
-2498.958 -4031.5081 4150.7842
-2360.728 -4402.9263 4520.5601
-2151.5801 -4788.7681 4898.0801
-1863.1 -5167.3979 5273.6641
-1488.076 -5530.4023 5631.8237
-1027.71 -5852.5381 5953.2002
-478.396 -6124.1899 6230.0479
143.038 -6320.1162 6439.1357
822.168 -6430.7002 6570.7842
1532.55 -6435.5083 6607.5679
2245.3359 -6342.9541 6553.3599
2944.9001 -6148.23 6408.1602
3607.2021 -5859.75 6168.0962
4200.9902 -5490.7363 5852.5278
4717.8501 -5056.814 5467.2642
5142.1562 -4588.0342 5035.5361
5482.3223 -4083.1941 4563.1519
5734.7422 -3573.5461 4067.5359
5911.436 -3063.8979 3566.1121
6019.6162 -2581.896 3066.624
6076.1104 -2127.54 2580.688
6100.1499 -1693.618 2112.176
6097.7461 -1289.746 1649.472
6082.1201 -908.712 1204.192
6061.686 -548.112 770.528
6047.2622 -194.724 354.288
6030.4341 149.048 -65.824
6022.02 497.628 -489.808
6014.8081 855.824 -919.6
6010.0 1228.444 -1357.136
5991.9702 1615.488 -1802.416
5960.7183 2031.38 -2261.248
5898.2139 2473.7161 -2731.696
5792.438 2937.688 -3213.76
5634.9761 3424.498 -3703.5679
5409.0 3918.52 -4187.5679
5103.6919 4413.7441 -4659.9521
4711.8398 4887.332 -5103.2959
4239.4541 5328.4663 -5507.9199
3685.332 5710.7021 -5856.3999
3069.908 6024.4243 -6135.1841
2405.2021 6249.1982 -6330.7197
1709.244 6379.0142 -6443.0078
1013.286 6407.8623 -6456.5601
340.166 6341.752 -6386.8638
-287.278 6185.4922 -6239.728
-855.824 5953.5063 -6019.0239
-1352.25 5659.0161 -5744.1118
-1764.536 5323.6582 -5428.5439
-2093.884 4958.25 -5085.8721
-2341.4961 4585.6299 -4733.52
-2518.1899 4211.8081 -4379.2319
-2632.3801 3850.0061 -4034.624
-2898.022 -3017.02 3446.0801
-2931.678 -3342.762 3810.0481
-2925.668 -3698.554 4203.0562
-2866.77 -4078.386 4623.168
-2742.9641 -4487.0659 5072.3198
-2538.624 -4908.9683 5535.0239
-2238.124 -5333.2739 5999.6641
-1834.2521 -5743.1562 6450.752
-1323.402 -6113.3721 6859.248
-705.574 -6425.8921 7213.5361
3.606 -6653.0703 7484.5762
776.492 -6780.4819 7653.0078
1595.0541 -6791.3003 7713.0239
2412.4141 -6681.918 7649.1357
3218.9561 -6451.1343 7467.1519
3967.802 -6116.978 7170.9438
4633.71 -5692.6719 6777.936
5199.8521 -5191.438 6295.8721
5656.6123 -4644.5283 5753.792
6000.3843 -4069.9722 5163.312
6235.9761 -3493.012 4553.4722
6383.8223 -2942.4961 3947.5039
6458.3462 -2422.03 3351.2161
6477.5781 -1937.624 2778.1599
6464.356 -1490.48 2228.3359
6431.9023 -1083.0021 1707.552
6392.2363 -711.584 1211.936
6354.9741 -367.812 737.616
6328.5303 -45.676 280.72
6312.9043 270.45 -172.304
6311.7021 591.384 -625.328
6320.1162 920.732 -1084.16
6334.54 1269.312 -1558.48
6346.5601 1646.74 -2044.416
6345.3579 2059.0261 -2555.52
6315.3081 2504.968 -3089.856
6241.9863 2988.1721 -3647.4241
6104.958 3502.6282 -4220.48
5888.5981 4035.114 -4795.4722
5579.6841 4578.418 -5366.5918
5161.3882 5104.894 -5906.7358
4638.5181 5597.7139 -6402.3521
4017.084 6026.8281 -6824.3999
3312.7122 6370.6001 -7163.2002
2549.4421 6618.2119 -7391.6479
1752.516 6754.0381 -7513.6157
957.994 6778.0781 -7517.4878
186.31 6686.7261 -7412.9438
-522.87 6498.0122 -7207.728
-1159.9301 6221.5522 -6917.3281
-1703.234 5880.1841 -6561.104
-2146.772 5491.938 -6158.416
-2486.938 5079.6519 -5728.624
-2735.752 4662.5581 -5294.96
-2899.2241 4253.8779 -4863.2319
-2994.1821 3870.4402 -4454.7358
-3185.3 -2936.4861 3732.6079
-3249.0061 -3261.0261 4144.9761
-3275.45 -3626.4341 4605.7441
-3249.0061 -4027.9021 5101.3599
-3151.644 -4465.4302 5637.6318
-2964.1321 -4926.998 6204.8799
-2667.238 -5396.98 6779.8721
-2244.134 -5862.1543 7349.0562
-1694.8201 -6285.2583 7873.7119
-1010.882 -6649.4644 8334.4795
-216.36 -6917.5103 8692.6396
671.918 -7073.77 8930.7676
1607.074 -7096.6079 9021.7598
2553.0481 -6978.812 8959.8076
3473.78 -6727.5942 8739.1035
4330.8062 -6354.9741 8375.1357
5086.8643 -5878.9819 7891.1357
5719.1162 -5326.062 7296.7842
6210.7339 -4734.6782 6644.3521
6570.1323 -4112.042 5935.7759
6803.3203 -3493.012 5215.584
6921.1162 -2914.8501 4495.3921
6955.9741 -2385.97 3810.0481
6934.3379 -1907.574 3159.552
6880.248 -1479.662 2551.6479
6809.3301 -1092.618 1970.848
6736.0083 -746.442 1424.896
6673.5039 -425.508 902.176
6631.4341 -126.21 402.688
6614.606 174.29 -96.8
6614.606 474.79 -598.224
6638.646 788.512 -1111.264
6677.1104 1122.668 -1641.728
6720.3823 1491.682 -2195.4241
6754.0381 1901.5641 -2778.1599
6767.2603 2354.718 -3391.8721
6734.8062 2854.75 -4040.4319
6630.2319 3401.6602 -4718.0317
6437.9121 3977.418 -5407.248
6127.7959 4576.0142 -6098.3999
5687.8643 5168.6001 -6764.3838
5115.7119 5726.3281 -7374.2241
4424.562 6216.7441 -7898.8799
3634.8481 6611.0 -8315.1201
2765.802 6895.874 -8599.7119
1854.686 7056.9419 -8746.8477
941.166 7085.79 -8746.8477
63.706 6987.2261 -8605.5195
-745.24 6770.8662 -8340.2881
-1464.036 6458.3462 -7968.5762
-2071.0461 6068.8979 -7511.6802
-2550.644 5631.3701 -7004.4478
-2908.8401 5171.0039 -6470.1118
-3152.8459 4714.2441 -5933.8398
-3301.894 4259.8882 -5403.376
-3370.408 3842.7942 -4905.8237
-3487.002 -2806.6702 4032.688
-3587.97 -3139.624 4514.752
-3650.4741 -3517.052 5049.0879
-3660.0901 -3928.136 5633.7598
-3592.7781 -4384.896 6280.3838
-3425.7 -4874.1099 6967.6641
-3128.8062 -5384.96 7682.0479
-2684.0662 -5887.396 8390.624
-2079.46 -6358.5801 9058.5439
-1311.3821 -6757.644 9641.2803
-402.67 -7054.5381 10107.8555
607.01 -7219.2119 10409.8721
1682.8 -7234.8379 10531.8398
2764.6001 -7095.4062 10460.208
3819.9561 -6803.3203 10187.2324
4787.5659 -6381.418 9738.0801
5634.9761 -5839.3159 9124.3682
6328.5303 -5209.4683 8384.8164
6850.1982 -4536.3481 7558.144
7198.7783 -3850.0061 6679.2002
7387.4922 -3186.502 5790.5762
7449.9961 -2574.6841 4929.0562
7423.5522 -2025.37 4110.1279
7337.0083 -1552.984 3358.96
7219.2119 -1138.2941 2654.2561
7097.8101 -781.3 2009.568
6989.6304 -468.78 1413.28
6903.0859 -194.724 853.776
6846.5923 55.292 321.376
6824.9561 295.692 -201.344
6836.9761 543.304 -727.936
6882.6523 804.138 -1266.144
6951.166 1091.416 -1829.52
7035.3062 1415.9561 -2423.8721
7119.4463 1793.384 -3066.624
7183.1523 2228.5081 -3763.584
7205.9902 2729.7419 -4512.8159
7149.4961 3286.2681 -5304.6401
6990.832 3892.0762 -6131.312
6691.5342 4532.7422 -6967.6641
6233.5723 5181.8223 -7784.6558
5612.1382 5797.2461 -8543.5684
4836.8481 6335.7422 -9182.4482
3940.156 6772.0684 -9683.8721
2952.1121 7086.9922 -10018.7998
1912.3821 7263.686 -10179.4883
871.45 7288.9282 -10156.2559
-129.816 7174.7383 -9956.8477
-1039.73 6928.3281 -9602.5596
-1842.666 6576.1421 -9114.6875
-2501.3621 6138.6143 -8526.1436
-3008.606 5651.8042 -7883.3921
-3369.2061 5151.772 -7221.2798
-3598.7881 4657.75 -6566.9121
-3720.1902 4188.9702 -5937.7119
-3755.0481 3757.4521 -5353.04
-3765.866 -2611.946 4319.2158
-3902.894 -2923.2642 4853.5518
-4012.2761 -3286.2681 5465.3281
-4067.5681 -3690.1401 6144.8638
-4044.73 -4148.1021 6907.6479
-3913.7122 -4645.73 7734.3198
-3637.252 -5172.2061 8605.5195
-3186.502 -5714.3081 9496.0801
-2543.4321 -6216.7441 10345.9844
-1694.8201 -6651.8682 11106.832
-674.322 -6971.6001 11710.8643
482.002 -7148.2939 12119.3604
1703.234 -7162.7183 12293.5996
2942.4961 -7005.2563 12221.9678
4142.0923 -6692.7363 11900.5918
5246.73 -6228.7642 11341.0879
6198.7144 -5648.1982 10572.4961
6961.9839 -4978.6841 9656.7676
7501.6821 -4271.9082 8644.2402
7844.252 -3549.5061 7567.8237
7992.0981 -2883.5981 6504.96
7995.7041 -2277.79 5498.2397
7899.5439 -1764.536 4567.0239
7758.9102 -1318.594 3719.0559
7583.418 -959.196 2948.5281
7409.1279 -659.898 2243.824
7257.6763 -409.882 1601.072
7141.082 -192.32 1002.848
7068.9619 2.404 433.664
7036.5083 194.724 -131.648
7054.5381 393.054 -700.832
7121.8501 610.616 -1287.4399
7224.02 855.824 -1903.088
7351.4321 1139.496 -2561.3279
7493.2681 1474.854 -3279.584
7624.2861 1878.7261 -4063.6641
7715.6382 2355.9199 -4929.0562
7727.6582 2913.6479 -5864.144
7625.4883 3532.678 -6851.5039
7355.0381 4210.606 -7875.6479
6886.2583 4906.564 -8882.3682
6220.3501 5574.876 -9817.4561
5370.5361 6167.4619 -10615.0879
4348.8359 6671.1001 -11230.7363
3226.168 7025.6899 -11656.6563
2042.198 7226.4243 -11850.2559
853.42 7268.4941 -11819.2803
-286.076 7157.9102 -11555.9844
-1325.806 6905.4902 -11101.0244
-2226.104 6525.6582 -10479.5684
-2956.9202 6060.4839 -9730.3359
-3500.2241 5543.624 -8923.0244
-3866.834 5013.542 -8098.2881
-4077.1841 4501.4902 -7300.6558
-4166.1318 4014.6802 -6537.8721
-4160.1221 3573.5461 -5842.8481
-4039.9221 -2366.738 4605.7441
-4219.02 -2663.6321 5213.6479
-4369.27 -3002.5959 5906.7358
-4467.834 -3389.6401 6690.8159
-4488.2681 -3823.562 7581.376
-4394.5122 -4305.564 8564.8643
-4133.6782 -4823.626 9629.6641
-3669.7061 -5350.1021 10721.5684
-2971.344 -5847.73 11786.3682
-2027.774 -6273.2383 12738.8799
-866.642 -6577.3442 13509.4082
439.932 -6728.7959 14020.5117
1831.848 -6703.5542 14235.4082
3222.562 -6510.0322 14144.416
4576.0142 -6155.4419 13747.5361
5800.8521 -5649.3999 13050.5762
6851.3999 -5021.9561 12098.0635
7666.356 -4309.1699 10950.0156
8213.2666 -3569.9402 9681.9355
8507.7559 -2845.134 8367.3916
8578.6738 -2182.832 7081.8882
8481.3125 -1616.6901 5891.248
8285.3857 -1144.3041 4809.0239
8043.7842 -770.482 3854.5759
7790.1621 -474.79 2998.864
7561.7822 -246.41 2238.0159
7370.6641 -69.716 1552.672
7232.4341 69.716 929.28
7149.4961 186.31 342.672
7124.2539 293.288 -232.32
7156.708 406.276 -813.12
7245.6562 537.294 -1415.2159
7383.8862 698.362 -2054.0959
7561.7822 900.298 -2749.1199
7766.1221 1162.334 -3523.52
7972.8662 1497.692 -4392.7842
8148.3579 1921.998 -5372.3999
8240.9121 2438.8582 -6460.4321
8202.4482 3035.05 -7637.52
7975.27 3702.1602 -8880.4316
7511.2983 4406.5322 -10115.5996
6794.9062 5096.48 -11259.7764
5852.5381 5719.1162 -12247.1357
4723.8599 6229.9663 -13007.9844
3462.9622 6606.1919 -13513.2803
2128.7419 6830.9663 -13737.8555
789.714 6891.0659 -13670.0957
-500.032 6791.3003 -13333.2314
-1663.568 6536.4761 -12746.624
-2667.238 6156.644 -11950.9277
-3460.5581 5685.46 -11011.9678
-4025.498 5166.1963 -10003.3115
-4381.29 4640.9219 -8994.6563
-4562.792 4134.8799 -8030.5278
-4608.4683 3669.7061 -7139.9678
-4559.186 3253.814 -6340.3999
-4275.5142 -2056.6221 4869.04
-4489.4702 -2306.6379 5527.2798
-4679.3862 -2596.3201 6293.936
-4827.2319 -2925.668 7176.752
-4898.1499 -3304.2981 8191.2158
-4847.666 -3726.2 9335.3916
-4620.4883 -4184.1621 10593.792
-4157.7183 -4655.3462 11921.8877
-3419.6899 -5100.0859 13226.752
-2384.7681 -5479.918 14415.4561
-1099.8301 -5731.1362 15367.9678
370.216 -5829.7002 15997.168
1919.594 -5758.7822 16277.8877
3477.386 -5530.4023 16169.4717
4969.0679 -5151.772 15697.0879
6333.3379 -4639.7202 14864.6084
7480.0459 -4015.8821 13710.752
8353.9004 -3324.7322 12307.1523
8908.0225 -2623.9661 10769.9678
9152.0283 -1961.6641 9194.0635
9154.4326 -1381.098 7697.5361
8963.3145 -915.924 6334.5918
8672.4297 -560.132 5134.272
8345.4863 -299.298 4096.5762
8026.9561 -118.998 3194.3999
7742.082 3.606 2396.7681
7507.6919 81.736 1686.256
7338.21 132.22 1035.76
7233.6362 167.078 429.792
7199.98 198.33 -168.432
7236.04 233.188 -770.528
7338.21 284.874 -1401.6639
7511.2983 370.216 -2079.2639
7734.8701 492.82 -2816.8799
7999.3101 663.504 -3645.488
8285.3857 909.914 -4596.064
8549.8262 1242.868 -5686.0317
8746.9541 1680.396 -6928.9438
8802.2461 2212.8821 -8301.5684
8642.3799 2836.72 -9774.8643
8207.2559 3506.2341 -11253.9678
7465.6221 4186.5659 -12651.7598
6443.9219 4810.4043 -13857.8877
5207.064 5340.4863 -14785.2314
3816.3501 5743.1562 -15408.624
2330.678 6006.394 -15681.5996
832.986 6115.7759 -15606.0957
-613.02 6061.686 -15193.7275
-1920.796 5859.75 -14475.4717
-3039.8582 5530.4023 -13493.9199
-3907.7021 5104.894 -12345.8721
-4506.2979 4627.7002 -11120.3838
-4858.4839 4140.8901 -9896.832
-5009.936 3681.7261 -8762.3359
-5017.1479 3257.4202 -7726.5762
-4920.9883 2876.386 -6806.9761
-4473.8442 -1709.244 5107.168
-4717.8501 -1912.3821 5827.3599
-4939.0181 -2139.5601 6665.6479
-5119.3179 -2395.5859 7635.584
-5221.4883 -2686.47 8770.0801
-5198.6499 -3003.7981 10061.3916
-4988.3003 -3342.762 11511.4561
-4511.106 -3682.928 13056.3838
-3710.574 -3988.2361 14597.4395
-2574.6841 -4217.8179 15993.2959
-1147.91 -4334.4121 17106.4961
461.568 -4304.3623 17830.5605
2166.0042 -4143.2939 18126.7676
3848.804 -3853.6121 17983.5039
5473.9082 -3431.71 17391.0879
6927.126 -2917.2542 16394.0488
8131.5303 -2336.688 15013.6797
9023.4141 -1717.6581 13348.7197
9536.668 -1127.4761 11534.6875
9691.7266 -603.404 9701.2959
9560.708 -176.694 7984.064
9249.3906 138.23 6468.1758
8849.124 349.782 5159.4399
8433.2324 471.184 4052.0481
8043.7842 525.274 3097.6001
7712.0322 528.88 2278.6719
7449.9961 494.022 1556.5439
7266.0903 436.326 911.856
7161.5161 364.206 311.696
7135.0723 287.278 -272.976
7187.96 215.158 -865.392
7316.5742 157.462 -1486.848
7518.5103 122.604 -2158.6399
7788.96 122.604 -2907.8721
8114.7021 170.684 -3771.3279
8476.5039 284.874 -4774.1758
8834.7002 478.396 -5951.2642
9132.7959 769.28 -7329.6958
9285.4502 1165.9401 -8884.3037
9178.4717 1653.952 -10595.7275
8767.3877 2221.2961 -12342.0
8002.916 2813.8821 -13995.3438
6919.9141 3377.6201 -15410.5596
5584.4922 3877.6521 -16506.3359
4074.78 4286.332 -17232.3359
2462.8979 4584.4282 -17551.7754
830.582 4752.708 -17454.9766
-754.856 4782.7583 -16963.2324
-2187.6401 4684.1938 -16105.584
-3404.064 4458.2183 -14928.4961
-4330.8062 4140.8901 -13561.6797
-4948.6343 3770.6741 -12107.7441
-5282.79 3389.6401 -10704.1436
-5401.7881 3024.2319 -9399.2803
-5366.9302 2687.6721 -8237.6797
-5232.3062 2384.7681 -7223.2158
-4618.084 -1300.564 5312.3838
-4875.312 -1432.7841 6067.4238
-5115.7119 -1578.2261 6954.1118
-5314.042 -1734.4861 7989.8721
-5435.4443 -1902.766 9205.6797
-5430.6362 -2074.6521 10607.3438
-5222.6899 -2238.124 12190.9922
-4727.4663 -2376.354 13906.2881
-3881.2581 -2468.908 15613.8398
-2658.824 -2485.7361 17166.5117
-1122.668 -2401.5959 18390.0645
610.616 -2215.2861 19170.2715
2417.2219 -1941.23 19466.4805
4197.3843 -1590.246 19263.1992
5892.2041 -1151.516 18579.791
7409.1279 -674.322 17433.6797
8659.208 -182.704 15881.0078
9535.4658 269.248 14003.0879
9993.4277 649.08 11989.6475
10066.75 939.964 9970.4004
9834.7646 1120.264 8123.4561
9429.6904 1203.202 6524.3198
8951.2939 1202.0 5184.6079
8474.1006 1135.89 4063.6641
8040.1782 1021.7 3120.832
7669.9619 877.46 2309.6479
7376.6743 715.19 1601.072
7172.334 542.102 964.128
7053.3359 370.216 375.584
7018.478 195.926 -205.216
7071.3662 27.646 -791.824
7209.5962 -129.816 -1413.28
7429.562 -268.046 -2087.0081
7728.8604 -388.246 -2840.1121
8099.0762 -475.992 -3711.312
8517.3721 -518.062 -4743.2002
8951.2939 -497.628 -5966.752
9339.54 -399.064 -7424.5601
9591.96 -207.946 -9099.2002
9599.1719 86.544 -10980.9922
9260.208 467.578 -12947.9678
8528.1904 911.116 -14814.2715
7439.1782 1358.26 -16432.7676
6059.2822 1800.5961 -17691.168
4477.4502 2198.458 -18531.3926
2774.2161 2542.23 -18926.3359
1027.71 2804.2661 -18872.127
-677.928 2971.344 -18359.0879
-2228.5081 3039.8582 -17425.9355
-3548.304 3009.8081 -16124.9443
-4557.9839 2886.002 -14583.8877
-5214.2759 2698.49 -12959.584
-5560.4521 2480.928 -11391.4238
-5671.0361 2258.5581 -9954.9121
-5615.7441 2038.592 -8673.2803
-5457.0801 1831.848 -7565.8882
-4701.022 -893.086 5465.3281
-4963.0581 -960.398 6257.1519
-5201.0542 -1020.498 7182.5601
-5389.7681 -1068.578 8258.9756
-5497.9482 -1096.224 9521.248
-5465.4941 -1095.022 10982.9277
-5216.6802 -1046.942 12632.4004
-4660.1543 -939.964 14399.9678
-3732.21 -762.068 16157.8555
-2420.8281 -506.042 17724.0801
-796.926 -176.694 18934.0801
1002.468 225.976 19658.1445
2886.002 688.746 19867.2324
4702.2241 1153.92 19555.5352
6407.8623 1604.67 18746.2871
7888.7261 2012.1481 17462.7207
9061.8779 2354.718 15764.8477
9837.168 2593.916 13778.5117
10179.7383 2720.126 11666.3359
10128.0518 2727.3381 9594.8164
9785.4824 2631.178 7728.5117
9284.248 2460.4941 6131.312
8737.3379 2238.124 4807.0879
8215.6699 1980.896 3722.928
7748.0923 1704.436 2811.072
7363.4521 1417.1581 2040.5439
7070.1641 1126.274 1368.752
6856.208 819.764 776.336
6745.624 526.476 230.384
6720.3823 234.39 -305.888
6786.4922 -54.09 -849.904
6940.3481 -334.156 -1422.96
7181.9502 -607.01 -2052.1599
7505.2881 -867.844 -2766.5439
7905.5542 -1111.85 -3606.7681
8369.5264 -1333.0181 -4615.4238
8862.3457 -1515.722 -5835.104
9320.3086 -1649.144 -7292.9121
9655.666 -1708.042 -9000.4639
9750.624 -1679.194 -10948.0801
9488.5879 -1549.3781 -13015.7275
8804.6504 -1325.806 -15013.6797
7732.4663 -1024.104 -16761.8887
6362.186 -679.13 -18119.0234
4763.5259 -306.51 -19057.9844
3031.4441 82.938 -19530.3672
1245.272 448.346 -19522.623
-520.466 775.29 -19042.4961
-2139.5601 1049.3461 -18109.3437
-3543.4961 1250.0801 -16767.6953
-4607.2661 1371.4821 -15156.9443
-5308.0322 1419.562 -13449.3916
-5677.0459 1412.35 -11801.8555
-5796.0439 1365.472 -10301.4561
-5743.1562 1289.746 -8971.4238
-5584.4922 1200.798 -7817.5679
-4723.8599 -460.366 5579.5518
-4971.4722 -454.356 6375.248
-5189.0342 -430.316 7304.5278
-5350.1021 -373.822 8388.6875
-5416.2119 -272.854 9649.0244
-5329.668 -108.18 11097.1523
-5014.7441 132.22 12709.8398
-4381.29 472.386 14419.3281
-3377.6201 907.51 16074.6084
-1998.926 1429.178 17526.6074
-331.752 2008.542 18589.4727
1501.298 2614.3501 19172.207
3363.196 3210.542 19239.9687
5148.166 3753.8459 18814.0488
6786.4922 4215.4141 17890.5762
8189.2261 4566.3979 16525.6953
9239.7744 4763.5259 14791.04
9886.4502 4798.3843 12804.7041
10100.4063 4673.376 10758.3516
9939.3379 4399.3203 8789.4404
9528.2539 4024.2961 7058.6558
8986.1523 3587.97 5600.8481
8417.6064 3128.8062 4398.5918
7888.7261 2669.6421 3418.9761
7425.9561 2216.488 2603.9199
7042.5181 1772.9501 1905.024
6744.4224 1345.038 1304.864
6541.2842 937.56 762.784
6428.2959 543.304 259.424
6400.6499 149.048 -238.128
6463.1543 -236.794 -741.488
6617.0103 -621.434 -1281.632
6856.208 -1001.266 -1870.176
7178.3442 -1384.704 -2530.3521
7579.812 -1777.7581 -3308.624
8055.8042 -2167.2061 -4243.7119
8571.4619 -2547.0381 -5376.272
9075.1006 -2907.6379 -6748.896
9474.1641 -3220.158 -8365.4561
9665.2822 -3459.356 -10243.376
9517.4365 -3592.7781 -12260.6875
8963.3145 -3585.5662 -14258.6396
7996.9062 -3446.134 -16057.1836
6708.3623 -3187.7041 -17501.4395
5169.8022 -2842.73 -18539.1367
3467.77 -2405.2021 -19127.6797
1686.406 -1929.2101 -19253.5195
-85.342 -1436.39 -18895.3594
-1752.516 -956.792 -18082.2402
-3212.946 -514.456 -16845.1367
-4362.0581 -140.634 -15309.8877
-5143.3579 146.644 -13646.8643
-5583.29 348.58 -12010.9443
-5753.9741 475.992 -10500.8643
-5741.9541 546.91 -9149.5361
-5603.7241 572.152 -7974.3838
-4686.5981 -51.686 5639.5679
-4910.1699 12.02 6441.0718
-5092.874 110.584 7376.1602
-5204.6602 256.026 8444.832
-5204.6602 471.184 9683.8721
-5029.168 768.078 11071.9844
-4600.0542 1175.556 12584.0
-3847.6021 1696.022 14138.6084
-2734.55 2331.8801 15584.7998
-1266.9081 3077.1201 16790.9277
435.124 3856.0161 17590.4961
2239.3259 4622.8921 17913.8086
4037.5181 5324.8599 17755.0566
5714.3081 5921.0522 17141.3437
7218.0103 6382.6201 16078.4795
8427.2217 6666.292 14647.7764
9284.248 6761.25 12905.376
9724.1807 6642.252 11010.0322
9754.2305 6327.3281 9134.0479
9458.5381 5846.5283 7389.7119
8962.1123 5265.9619 5887.376
8383.9502 4640.9219 4640.5918
7805.7881 3996.6501 3614.512
7284.1201 3384.832 2778.1599
6835.7739 2795.8521 2077.3279
6475.1743 2232.114 1481.04
6204.7241 1691.214 966.064
6019.6162 1170.748 507.232
5919.8501 668.312 83.248
5906.6279 170.684 -331.056
5975.1421 -324.54 -758.912
6122.9883 -826.976 -1213.8719
6360.9839 -1330.614 -1719.168
6679.5142 -1840.2621 -2286.416
7080.9819 -2370.344 -2962.0801
7555.772 -2913.6479 -3773.2639
8077.4399 -3470.1741 -4758.688
8601.5117 -4025.498 -5966.752
9049.8584 -4548.3682 -7405.2002
9325.1162 -5002.7241 -9091.4561
9303.4805 -5336.8799 -10950.0156
8896.002 -5507.564 -12841.4883
8085.854 -5488.332 -14601.3115
6928.3281 -5302.022 -16078.4795
5499.1499 -4955.8462 -17193.6152
3889.6721 -4488.2681 -17900.2559
2170.812 -3920.9241 -18179.0391
421.902 -3297.0862 -17998.9922
-1244.0701 -2655.218 -17377.5352
-2742.9641 -2031.38 -16337.9043
-3950.9741 -1467.642 -14984.6396
-4808.0 -997.66 -13462.9443
-5328.4663 -631.05 -11931.5684
-5573.6743 -363.004 -10485.376
-5618.1479 -174.29 -9176.6396
-5527.998 -46.878 -8030.5278
-4601.2559 354.59 5664.7358
-4791.1719 471.184 6448.8159
-4929.4019 629.848 7356.7998
-4979.8862 842.602 8390.624
-4901.7559 1126.274 9567.7119
-4628.9019 1504.9041 10866.7676
-4091.6082 1995.3201 12233.584
-3223.7642 2614.3501 13594.5918
-2004.936 3374.0142 14802.6563
-482.002 4221.4243 15704.832
1215.222 5095.2783 16196.5762
2968.9399 5941.4863 16241.1035
4664.9619 6696.3423 15851.9678
6211.936 7321.3823 15056.2715
7540.146 7782.9502 13890.7998
8569.0586 8046.188 12403.9521
9218.1377 8090.6621 10708.0156
9444.1143 7894.7363 8942.3838
9295.0664 7484.854 7289.04
8868.3564 6888.6621 5819.6162
8305.8203 6178.2803 4617.3599
7713.2344 5411.4043 3641.616
7154.3042 4639.7202 2853.6641
6665.0903 3893.2781 2212.8479
6252.8042 3179.29 1676.576
5921.0522 2502.564 1215.808
5672.2383 1861.8981 811.184
5502.7559 1252.484 441.408
5416.2119 676.726 94.864
5404.1919 103.372 -253.616
5467.8979 -468.78 -613.712
5612.1382 -1049.3461 -1000.912
5833.3062 -1632.316 -1421.024
6130.2002 -2233.3162 -1893.408
6504.022 -2863.1641 -2443.2319
6947.5601 -3523.062 -3103.408
7448.7939 -4209.4043 -3906.8479
7977.6743 -4900.5542 -4894.208
8470.4941 -5559.25 -6084.8481
8843.1143 -6150.6343 -7515.5518
8976.5361 -6603.7881 -9145.6641
8760.1758 -6874.2383 -10884.1924
8153.166 -6934.3379 -12572.3838
7184.354 -6798.5122 -14057.2959
5913.8403 -6472.77 -15267.2959
4434.1782 -5988.3643 -16121.0723
2811.478 -5382.5562 -16595.3926
1126.274 -4685.396 -16661.2168
-530.082 -3946.166 -16301.1201
-2059.0261 -3214.1479 -15542.208
-3347.5701 -2536.22 -14434.8164
-4310.3721 -1944.8361 -13118.3359
-4942.624 -1466.4401 -11724.416
-5283.9922 -1091.416 -10378.8955
-5406.5962 -810.148 -9124.3682
-5374.1421 -603.404 -8005.3599
-4470.2383 719.998 5643.4399
-4621.6899 876.258 6419.7759
-4704.6279 1084.204 7312.272
-4689.002 1345.038 8305.4404
-4520.7222 1680.396 9422.5117
-4138.4858 2109.51 10628.6396
-3468.9722 2646.804 11867.6797
-2468.908 3306.7021 13025.4082
-1144.3041 4077.1841 13954.6875
439.932 4942.624 14539.3604
2139.5601 5838.1143 14696.1758
3825.9661 6698.7461 14423.2002
5405.394 7466.8242 13763.0234
6781.6841 8090.6621 12767.9199
7917.5742 8540.21 11464.9922
8713.2979 8796.2363 9933.6162
9114.7666 8828.6904 8268.6563
9096.7363 8620.7441 6626.9277
8725.3184 8188.0239 5174.9277
8138.7422 7553.3682 3984.2881
7482.4502 6798.5122 3064.688
6845.3901 5972.7383 2359.9839
6291.2681 5137.3481 1812.0959
5828.498 4329.604 1370.688
5449.8682 3548.304 998.976
5160.186 2800.6602 681.472
4945.0283 2093.884 398.816
4805.5962 1411.1481 141.328
4737.082 751.25 -100.672
4735.8799 103.372 -342.672
4797.1821 -554.122 -596.288
4935.4121 -1209.212 -867.328
5143.3579 -1873.9181 -1167.408
5422.2222 -2551.8459 -1506.208
5775.6099 -3273.0461 -1910.832
6197.5122 -4019.488 -2394.832
6683.1201 -4787.5659 -2985.312
7225.2222 -5554.4419 -3730.6719
7768.5264 -6284.0562 -4654.144
8250.5283 -6930.7319 -5823.4878
8548.624 -7425.9561 -7238.7041
8532.998 -7727.6582 -8818.4795
8133.9341 -7805.7881 -10438.9121
7361.0483 -7672.3662 -11929.6318
6264.8242 -7341.8159 -13217.0723
4917.3823 -6852.6021 -14208.3037
3406.468 -6227.562 -14864.6084
1795.7881 -5509.9683 -15151.1357
176.694 -4746.6982 -15060.1436
-1367.876 -3982.2261 -14568.4004
-2716.52 -3267.0361 -13716.5596
-3767.0681 -2638.3901 -12605.2959
-4493.0762 -2114.3181 -11374.0
-4922.1899 -1697.224 -10140.7676
-5122.9243 -1363.068 -8969.4883
-5156.5801 -1108.244 -7914.3682
-4303.1602 1068.578 5595.04
-4416.1479 1254.8881 6342.3359
-4451.0059 1482.066 7192.2397
-4376.4819 1760.9301 8146.688
-4136.082 2104.7021 9196.0
-3664.8979 2532.614 10305.3281
-2888.406 3077.1201 11424.3359
-1780.162 3714.1802 12413.6318
-366.61 4449.8042 13122.208
1268.11 5270.77 13435.8398
2964.1321 6124.1899 13306.1279
4585.6299 6946.3579 12765.9844
6044.8579 7678.376 11883.168
7276.9082 8284.1846 10709.9521
8231.2959 8732.5303 9294.7363
8832.2959 8992.1621 7703.3437
9017.4043 9046.252 6050.0
8777.0039 8871.9619 4501.2002
8206.0537 8469.292 3221.5039
7457.208 7861.0801 2268.9919
6707.1602 7102.6182 1630.1119
6042.4541 6266.0259 1206.1281
5495.5439 5401.7881 911.856
5061.6221 4549.5703 689.216
4720.2539 3717.7861 505.296
4463.0259 2918.4561 344.608
4276.7163 2156.3879 191.664
4158.9199 1425.572 44.528
4101.2241 729.614 -104.544
4103.6279 38.464 -261.36
4163.728 -659.898 -427.856
4283.9282 -1359.462 -607.904
4469.0361 -2063.834 -805.376
4710.6382 -2794.6501 -1026.08
5032.7739 -3545.9001 -1281.632
5425.8281 -4329.604 -1593.328
5900.6182 -5131.3379 -1976.656
6452.3359 -5927.062 -2478.0801
7050.9321 -6669.8979 -3142.1279
7651.9321 -7322.584 -4063.6641
8126.7222 -7815.4043 -5275.6001
8327.4561 -8107.4902 -6731.4722
8150.7622 -8178.4082 -8291.8877
7585.8223 -8047.3901 -9821.3281
6674.7061 -7730.062 -11199.7598
5484.7261 -7248.0601 -12336.1924
4084.396 -6636.2422 -13193.8398
2556.6541 -5940.2842 -13718.4961
970.014 -5201.0542 -13883.0557
-605.808 -4452.208 -13652.6719
-2027.774 -3751.4421 -13031.2158
-3173.28 -3138.4221 -12117.4238
-4001.458 -2614.3501 -11021.6475
-4525.5303 -2182.832 -9898.7676
-4806.7979 -1828.2421 -8799.1201
-4901.7559 -1542.166 -7782.7197
-4107.2339 1381.098 5521.4722
-4180.5562 1587.842 6255.2158
-4168.5361 1837.858 7081.8882
-4030.3062 2129.9441 7993.7441
-3715.3821 2484.5339 8996.5918
-3157.6541 2902.8301 10038.1602
-2286.2041 3405.2661 11046.8164
-1074.588 3994.2461 11885.1035
430.316 4667.3662 12396.208
2116.7219 5413.8081 12465.9043
3807.936 6186.6943 12069.0244
5360.9199 6933.1362 11281.0723
6709.564 7608.6602 10183.3604
7804.5859 8176.0039 8833.9678
8583.4824 8609.9258 7289.04
8983.748 8882.7803 5612.4639
8939.2744 8962.1123 3926.208
8460.8779 8828.6904 2425.8081
7661.5483 8464.4844 1258.4
6721.584 7895.938 493.68
5847.73 7185.5562 83.248
5121.7222 6382.6201 -106.48
4561.5898 5542.4219 -178.112
4136.082 4698.6182 -207.152
3824.7642 3868.0361 -220.704
3599.99 3057.8879 -236.192
3452.144 2269.376 -251.68
3361.9941 1504.9041 -272.976
3325.9341 765.674 -303.952
3335.55 26.444 -342.672
3398.054 -710.382 -387.2
3515.8501 -1438.7941 -441.408
3691.342 -2174.418 -503.36
3922.126 -2935.2839 -584.672
4222.626 -3716.584 -683.408
4604.8623 -4514.7119 -811.184
5083.2583 -5321.2539 -991.232
5671.0361 -6110.9683 -1270.016
6352.5703 -6833.3701 -1711.424
7083.3862 -7449.9961 -2421.936
7734.8701 -7906.7563 -3469.312
8137.54 -8168.792 -4836.1279
8161.5801 -8221.6797 -6388.7998
7778.1421 -8081.0464 -7962.7681
7026.8921 -7766.1221 -9428.3203
5966.728 -7299.7461 -10708.0156
4676.9819 -6723.9883 -11737.9678
3208.1379 -6066.4941 -12469.7764
1641.932 -5376.5459 -12839.5518
54.09 -4691.4062 -12816.3203
-1417.1581 -4050.74 -12380.7197
-2634.7839 -3477.386 -11610.1924
-3536.2842 -2984.5662 -10642.1924
-4130.0723 -2568.6741 -9598.6875
-4473.8442 -2215.2861 -8572.6084
-4624.0942 -1921.998 -7620.0962
-3900.49 1653.952 5416.9277
-3942.5601 1872.7161 6117.7598
-3894.48 2123.9341 6909.584
-3716.584 2414.8181 7786.5918
-3352.3782 2750.176 8739.1035
-2736.9541 3139.624 9724.5283
-1801.798 3591.5762 10653.8076
-519.264 4114.4463 11393.3604
1056.558 4707.0322 11768.9443
2786.2361 5365.728 11668.2715
4476.248 6042.4541 11091.3438
5990.7681 6702.3521 10115.5996
7264.8882 7318.978 8851.3916
8245.7197 7837.04 7364.5439
8897.2041 8251.7305 5697.6479
9146.0186 8529.3926 3932.0159
8920.042 8636.3701 2199.2959
8238.5078 8539.0078 693.088
7244.4541 8234.9023 -385.264
6144.624 7724.0522 -993.168
5157.7822 7059.3462 -1200.3199
4370.4722 6296.0762 -1169.344
3785.0981 5477.5142 -1029.952
3368.0042 4648.1343 -865.392
3073.5142 3825.9661 -708.576
2870.376 3009.8081 -571.12
2736.9541 2221.2961 -462.704
2660.0261 1455.6221 -375.584
2631.178 712.786 -309.76
2645.6021 -28.848 -257.488
2702.0959 -770.482 -211.024
2798.2561 -1522.9341 -172.304
2954.5161 -2256.1541 -133.584
3169.6741 -3005.0 -90.992
3449.74 -3779.0881 -48.4
3818.7542 -4568.8022 -17.424
4304.3623 -5351.3042 -17.424
4926.998 -6102.5542 -102.608
5687.8643 -6786.4922 -348.48
6547.2939 -7361.0483 -878.944
7371.8662 -7775.7383 -1790.8
7972.8662 -8007.7241 -3089.856
8196.4385 -8043.7842 -4646.3999
7994.502 -7904.3521 -6276.5122
7401.916 -7606.2563 -7842.7358
6475.1743 -7177.1421 -9259.8877
5286.396 -6649.4644 -10454.4004
3875.248 -6053.272 -11374.0
2316.2542 -5427.0303 -11950.9277
703.17 -4815.2119 -12111.6162
-817.36 -4239.4541 -11832.832
-2108.3081 -3722.594 -11184.2715
-3080.7261 -3271.844 -10305.3281
-3739.4221 -2881.1941 -9335.3916
-4139.688 -2536.22 -8359.6484
-4338.0181 -2239.3259 -7440.0479
-3679.322 1899.16 5294.96
-3688.938 2129.9441 5982.2397
-3604.7981 2389.5759 6754.7041
-3383.6301 2680.46 7598.7998
-2972.5461 3009.8081 8520.3359
-2299.426 3380.0242 9455.4238
-1300.564 3794.7141 10324.6875
46.878 4256.2822 10980.9922
1676.79 4770.7383 11238.4795
3429.3062 5326.062 10996.4795
5119.3179 5898.2139 10254.9922
6594.1724 6467.9619 9120.4961
7797.374 7000.4482 7701.4077
8684.4502 7475.2383 6069.3599
9213.3301 7865.8882 4265.0078
9299.874 8133.9341 2385.1521
8882.7803 8245.7197 576.928
7987.29 8169.9941 -944.768
6772.0684 7892.332 -1978.592
5497.9482 7436.7739 -2466.4639
4384.896 6834.5723 -2520.6719
3523.062 6131.4023 -2319.3279
2904.032 5372.9399 -2015.376
2480.928 4591.6401 -1690.1281
2197.2561 3795.916 -1386.176
2015.754 3005.0 -1117.072
1909.978 2223.7 -880.88
1853.484 1459.228 -673.728
1839.0601 703.17 -493.68
1865.504 -43.272 -325.248
1929.2101 -780.098 -164.56
2036.188 -1512.116 -3.872
2185.2361 -2252.5481 160.688
2388.374 -2998.99 329.12
2667.238 -3758.6541 511.104
3043.4641 -4521.9243 698.896
3556.718 -5268.3662 863.456
4235.8481 -5979.9502 958.32
5094.0762 -6611.0 871.2
6090.5342 -7127.8604 472.384
7077.376 -7498.0762 -352.352
7853.8682 -7692.8003 -1626.24
8240.9121 -7712.0322 -3198.272
8185.6201 -7576.2061 -4894.208
7712.0322 -7303.3521 -6559.168
6887.46 -6924.7222 -8096.3521
5764.792 -6458.3462 -9428.3203
4395.7139 -5939.082 -10496.9922
2848.74 -5400.5859 -11215.248
1210.4141 -4866.8979 -11503.7119
-348.58 -4368.0679 -11327.5361
-1675.588 -3914.9141 -10764.1602
-2688.874 -3505.032 -9952.9756
-3384.832 -3138.4221 -9037.248
-3822.3601 -2811.478 -8107.9678
-4054.3462 -2521.7961 -7240.6401
-3450.9421 2127.54 5161.376
-3435.3162 2360.728 5817.6802
-3324.7322 2621.562 6555.2959
-3077.1201 2908.8401 7374.2241
-2638.3901 3221.3601 8253.168
-1937.624 3561.5261 9151.4717
-912.318 3935.3481 9976.208
466.376 4339.2202 10576.3682
2115.52 4776.748 10769.9678
3896.884 5238.3159 10446.6563
5590.502 5710.7021 9604.4961
7053.3359 6185.4922 8369.3281
8221.6797 6639.8481 6839.8882
9049.8584 7055.7402 5097.4878
9492.1943 7407.9263 3180.8479
9459.7402 7649.5283 1190.64
8898.4063 7751.6982 -695.024
7833.4341 7683.1841 -2239.9519
6461.9521 7445.188 -3233.1199
5039.9863 7030.498 -3630.0
3811.542 6478.7803 -3546.752
2877.5881 5824.8921 -3188.592
2220.094 5109.7021 -2723.9519
1780.162 4364.4619 -2245.76
1492.884 3607.2021 -1806.288
1314.988 2846.3359 -1411.344
1209.212 2089.0759 -1068.672
1161.1321 1355.8561 -764.72
1151.516 631.05 -493.68
1175.556 -91.352 -242.0
1229.646 -822.168 5.808
1327.0081 -1542.166 253.616
1468.844 -2248.9421 513.04
1665.972 -2961.728 786.016
1940.0281 -3685.332 1082.224
2323.4661 -4407.7339 1399.728
2857.1541 -5107.2979 1703.6799
3589.1721 -5769.6001 1936.0
4530.3379 -6348.9644 1986.3359
5650.6021 -6822.5522 1695.936
6796.1079 -7153.1021 938.96
7733.668 -7318.978 -303.952
8280.5781 -7328.5942 -1905.024
8363.5166 -7205.9902 -3657.104
8008.9263 -6971.6001 -5418.8638
7273.3022 -6643.4541 -7066.3999
6220.3501 -6251.6021 -8516.4639
4893.3423 -5814.0742 -9707.1035
3366.802 -5360.9199 -10545.3916
1720.062 -4906.564 -10951.9521
123.806 -4476.248 -10874.5117
-1242.868 -4074.78 -10382.7676
-2291.012 -3709.3721 -9627.7275
-3026.636 -3369.2061 -8754.5918
-3501.426 -3055.4841 -7865.9678
-3765.866 -2768.2061 -7021.8721
-3209.3401 2324.668 5004.5601
-3169.6741 2569.876 5643.4399
-3031.4441 2835.5181 6359.7598
-2756.186 3122.7961 7145.7759
-2286.2041 3434.114 7997.6157
-1552.984 3763.4622 8861.0723
-501.234 4108.436 9637.4082
893.086 4466.6323 10187.2324
2559.0581 4835.646 10322.752
4341.624 5216.6802 9933.6162
6028.0303 5601.3203 9019.8242
7475.2383 5995.5762 7689.792
8611.1279 6380.2163 6044.1919
9376.8018 6731.2002 4181.7598
9720.5742 7023.2861 2141.2161
9559.5059 7224.02 42.592
8829.8926 7297.3423 -1920.512
7585.8223 7225.2222 -3502.2239
6041.252 6996.8423 -4474.0962
4469.0361 6618.2119 -4801.2798
3133.614 6116.978 -4615.4238
2127.54 5524.3921 -4143.04
1429.178 4872.9082 -3554.4961
970.014 4181.7583 -2960.144
683.938 3467.77 -2398.7041
516.86 2745.3682 -1891.472
429.114 2016.9561 -1434.576
390.65 1305.3721 -1031.8879
394.256 605.808 -660.176
429.114 -97.362 -305.888
498.83 -789.714 44.528
602.202 -1474.854 396.88
741.634 -2164.802 762.784
938.762 -2854.75 1149.984
1224.838 -3544.698 1566.224
1628.7101 -4227.4341 2005.696
2205.6699 -4881.3223 2435.488
3005.0 -5490.7363 2793.6479
4047.134 -6020.8179 2948.5281
5298.416 -6451.1343 2739.4399
6586.96 -6748.0283 2007.632
7668.7603 -6898.2783 741.488
8332.2637 -6909.0962 -902.176
8514.9678 -6805.7241 -2720.0801
8238.5078 -6608.5962 -4553.4722
7560.5801 -6340.5503 -6280.3838
6542.4863 -6024.4243 -7821.4399
5235.9121 -5669.834 -9091.4561
3715.3821 -5302.022 -10003.3115
2067.4399 -4934.21 -10466.0156
463.972 -4574.812 -10436.9756
-915.924 -4228.6362 -9987.8242
-1973.6841 -3894.48 -9275.376
-2718.9241 -3577.1521 -8444.832
-3208.1379 -3274.248 -7592.9922
-3490.6082 -2990.5762 -6789.5518
-2086.6721 -2793.448 2892.384
-2051.814 -3033.8481 3144.064
-1986.906 -3293.48 3409.2959
-1879.928 -3562.728 3686.144
-1726.072 -3840.3901 3970.7361
-1519.328 -4120.4561 4251.4561
-1251.282 -4389.7041 4528.3042
-925.54 -4639.7202 4783.856
-539.698 -4860.8882 5012.3042
-93.756 -5037.582 5202.0317
401.468 -5161.3882 5339.4878
930.348 -5220.2861 5418.8638
1479.662 -5213.0742 5434.3521
2027.774 -5131.3379 5380.144
2568.6741 -4979.8862 5258.1758
3083.1301 -4762.3242 5070.3838
3553.1121 -4490.6719 4826.4478
3971.408 -4172.1421 4534.1118
4325.998 -3819.9561 4199.1841
4622.8921 -3441.3262 3835.2161
4859.686 -3045.8682 3444.144
5039.9863 -2651.6121 3045.3279
5168.6001 -2265.77 2638.7681
5255.144 -1894.3521 2238.0159
5311.6382 -1531.348 1839.2
5342.8901 -1179.162 1442.3199
5357.314 -843.804 1057.056
5359.7183 -520.466 679.536
5358.5161 -195.926 309.76
5348.8999 118.998 -63.888
5332.0723 437.528 -439.472
5309.2339 764.472 -820.864
5279.1841 1098.6281 -1204.192
5235.9121 1437.592 -1587.52
5173.4082 1792.182 -1980.528
5079.6519 2163.6001 -2381.28
4954.644 2544.634 -2780.0959
4787.5659 2929.2742 -3175.04
4571.2061 3311.51 -3558.3679
4294.7461 3690.1401 -3932.0159
3961.792 4051.9421 -4278.5601
3572.344 4380.0879 -4590.2559
3130.0081 4666.1641 -4861.2959
2645.6021 4898.1499 -5076.1919
2126.3381 5073.6421 -5236.8799
1585.438 5179.418 -5329.8081
1048.144 5213.0742 -5354.9761
522.87 5183.0239 -5320.1279
28.848 5086.8643 -5221.3921
-429.114 4933.0083 -5074.2559
-836.592 4733.4761 -4882.5918
-1188.7781 4497.8843 -4654.144
-1478.4601 4238.252 -4404.3999
-1711.6481 3966.6001 -4143.04
-1893.15 3686.5342 -3872.0
-2024.1681 3411.2761 -3604.832
-2318.658 -2774.2161 3146.0
-2303.032 -3037.4541 3440.272
-2250.144 -3316.3181 3753.9041
-2155.186 -3610.8081 4081.0879
-2004.936 -3913.7122 4421.8242
-1794.5861 -4223.8281 4766.4321
-1513.318 -4524.3281 5103.2959
-1159.9301 -4806.7979 5422.7358
-736.826 -5055.6123 5703.4561
-241.602 -5259.9521 5943.52
312.52 -5400.5859 6119.6958
912.318 -5467.8979 6222.3042
1534.954 -5454.6763 6245.5361
2157.5901 -5363.3242 6183.584
2768.2061 -5191.438 6040.3198
3342.762 -4942.624 5813.8081
3863.228 -4632.5083 5513.728
4319.9883 -4262.292 5147.8237
4697.416 -3854.814 4739.3281
5001.522 -3430.5081 4286.3042
5233.5083 -2998.99 3819.728
5400.5859 -2567.4722 3337.6641
5515.978 -2151.5801 2863.344
5585.6943 -1748.91 2394.832
5622.9561 -1370.28 1936.0
5638.582 -1014.488 1490.72
5633.7739 -681.534 1062.864
5625.3599 -365.408 644.688
5614.542 -62.504 242.0
5604.9263 235.592 -160.688
5596.5122 538.496 -565.312
5584.4922 845.006 -973.808
5568.8662 1163.536 -1386.176
5543.624 1495.2881 -1808.224
5499.1499 1846.272 -2239.9519
5427.0303 2218.8921 -2687.168
5315.2441 2607.1379 -3140.1919
5154.1763 3011.01 -3597.0879
4936.6143 3420.8921 -4050.1121
4650.5381 3829.572 -4487.6479
4295.9482 4222.626 -4901.9521
3866.834 4583.2261 -5271.728
3372.812 4898.1499 -5591.168
2830.71 5152.9741 -5844.7842
2241.73 5341.688 -6028.7041
1633.5181 5453.4741 -6129.376
1025.306 5487.1299 -6152.6079
431.518 5440.252 -6092.5918
-123.806 5321.2539 -5962.8799
-629.848 5143.3579 -5769.2798
-1076.9921 4910.1699 -5523.4082
-1453.218 4639.7202 -5236.8799
-1760.9301 4346.4321 -4925.1841
-1997.724 4044.73 -4603.8081
-2175.6201 3743.0281 -4282.4321
-2297.022 3448.5381 -3964.928
-2562.6641 -2724.9341 3409.2959
-2566.27 -2992.98 3746.1599
-2532.614 -3286.2681 4112.064
-2452.0801 -3596.384 4499.2642
-2315.052 -3926.9341 4907.7598
-2107.106 -4264.6963 5325.936
-1818.626 -4601.2559 5742.1758
-1443.6021 -4917.3823 6137.1201
-983.236 -5201.0542 6499.1519
-438.73 -5434.2422 6803.104
182.704 -5601.3203 7037.3599
855.824 -5689.0659 7182.5601
1565.004 -5684.2583 7221.2798
2274.1841 -5586.896 7159.3281
2970.1421 -5400.5859 6988.96
3618.02 -5130.1362 6721.792
4205.7979 -4787.5659 6361.6958
4708.2339 -4390.9062 5929.9678
5120.52 -3962.9941 5447.9038
5445.0601 -3506.2341 4919.376
5685.46 -3041.0601 4367.6162
5840.5181 -2597.522 3815.856
5935.4761 -2173.2161 3269.9041
5981.1523 -1777.7581 2743.312
5994.374 -1405.1381 2234.144
5984.7583 -1061.366 1740.464
5963.1221 -738.028 1262.272
5939.082 -435.124 803.44
5918.6479 -139.432 356.224
5905.4263 147.846 -87.12
5895.8101 437.528 -538.208
5892.2041 738.028 -995.104
5891.002 1052.952 -1461.6799
5886.1943 1387.108 -1939.8719
5860.9521 1745.3041 -2435.488
5810.4683 2129.9441 -2946.592
5719.1162 2539.8259 -3471.248
5571.27 2970.1421 -4005.584
5358.5161 3411.2761 -4539.9199
5067.6323 3857.218 -5062.6401
4689.002 4288.7358 -5556.3198
4222.626 4692.6079 -6007.4082
3680.5242 5047.1982 -6394.6079
3069.908 5339.2842 -6704.3682
2411.2122 5553.2402 -6928.9438
1721.264 5678.248 -7048.9761
1030.114 5714.3081 -7070.272
356.994 5662.6221 -6988.96
-268.046 5530.4023 -6820.5278
-836.592 5324.8599 -6574.6558
-1330.614 5065.228 -6264.896
-1741.698 4767.1323 -5914.48
-2067.4399 4442.5923 -5533.0879
-2313.8501 4109.6382 -5143.9521
-2489.342 3775.4822 -4749.0078
-2602.3301 3452.144 -4367.6162
-2811.478 -2645.6021 3691.9519
-2837.9221 -2923.2642 4081.0879
-2827.104 -3228.572 4505.0718
-2765.802 -3553.1121 4958.0962
-2638.3901 -3898.0862 5444.0317
-2431.646 -4255.0801 5941.584
-2133.55 -4614.478 6448.8159
-1730.88 -4958.25 6934.752
-1228.444 -5265.9619 7378.0962
-620.232 -5523.1899 7761.4238
74.524 -5703.4902 8051.8237
835.39 -5794.8423 8233.8076
1631.114 -5786.4282 8293.8242
2438.8582 -5669.834 8222.1924
3217.7542 -5459.4839 8015.04
3948.5701 -5152.9741 7683.9839
4591.6401 -4770.7383 7246.4478
5138.5503 -4318.7861 6712.1118
5568.8662 -3837.9861 6123.5679
5891.002 -3340.3582 5476.9438
6108.564 -2846.3359 4818.7041
6241.9863 -2372.748 4160.4639
6304.4902 -1923.2001 3523.52
6311.7021 -1519.328 2911.7439
6290.0659 -1152.718 2330.9441
6249.1982 -822.168 1779.184
6201.1182 -524.072 1258.4
6161.4521 -250.016 760.848
6132.604 7.212 282.656
6118.1802 257.228 -193.6
6121.7861 512.052 -667.92
6133.8062 776.492 -1151.92
6154.2402 1056.558 -1647.536
6173.4722 1363.068 -2164.448
6180.6841 1700.8301 -2708.4639
6162.6543 2072.248 -3281.52
6100.1499 2480.928 -3879.7439
5977.5459 2922.062 -4497.3281
5780.418 3381.2261 -5122.6558
5485.9282 3852.4102 -5742.1758
5086.8643 4317.584 -6334.5918
4580.8223 4752.708 -6878.6079
3976.2161 5139.752 -7347.1201
3293.48 5453.4741 -7711.0879
2548.24 5686.6621 -7970.5117
1770.546 5817.6802 -8102.1602
989.246 5854.9419 -8109.9038
235.592 5790.0342 -7997.6157
-463.972 5638.582 -7774.9761
-1091.416 5409.0 -7457.4722
-1628.7101 5120.52 -7066.3999
-2068.6421 4789.9702 -6626.9277
-2405.2021 4437.7842 -6158.416
-2650.4102 4081.9922 -5686.0317
-2813.8821 3729.8062 -5215.584
-2907.6379 3398.054 -4772.2397
-3057.8879 -2512.1799 3964.928
-3109.574 -2781.428 4404.3999
-3123.998 -3081.928 4890.3359
-3086.7361 -3407.6702 5416.9277
-2979.7581 -3764.6641 5988.0479
-2787.438 -4136.082 6586.272
-2488.1401 -4514.7119 7199.9839
-2069.844 -4880.1201 7800.144
-1526.54 -5213.0742 8355.7764
-861.834 -5490.7363 8841.7119
-84.14 -5691.4702 9217.2959
768.078 -5792.438 9461.2324
1671.9821 -5780.418 9548.3516
2577.0881 -5659.0161 9472.8477
3462.9622 -5429.4341 9230.8477
4285.1299 -5098.8843 8833.9678
5003.9263 -4686.5981 8303.5039
5597.7139 -4219.02 7666.5601
6059.2822 -3714.1802 6956.0479
6391.0342 -3190.1082 6193.2642
6597.7783 -2685.2681 5420.7998
6698.7461 -2217.6899 4663.8242
6720.3823 -1790.98 3937.824
6690.332 -1415.9561 3258.2881
6629.0303 -1078.194 2617.4719
6554.5063 -783.704 2015.376
6481.1841 -520.466 1448.1281
6421.084 -280.066 911.856
6379.0142 -52.888 393.008
6358.5801 167.078 -120.032
6359.7822 390.65 -638.88
6383.8223 626.242 -1169.344
6424.6899 882.268 -1719.168
6472.77 1164.738 -2294.1599
6514.8403 1484.47 -2904.0
6532.8701 1846.272 -3550.624
6513.6382 2252.5481 -4235.9678
6423.4883 2694.884 -4950.3521
6249.1982 3173.28 -5687.9678
5959.5161 3674.5142 -6423.6479
5549.6343 4173.3442 -7139.9678
5003.9263 4649.3359 -7800.144
4344.0283 5070.0361 -8363.5195
3587.97 5418.6162 -8812.6719
2754.9841 5675.8442 -9118.5596
1876.322 5829.7002 -9279.248
995.256 5874.1743 -9283.1201
147.846 5814.0742 -9137.9199
-635.858 5655.4102 -8857.2002
-1339.0281 5411.4043 -8462.2559
-1930.412 5103.6919 -7980.1919
-2404.0 4751.5059 -7438.1118
-2760.9941 4375.2803 -6870.8638
-3007.4041 4001.458 -6303.6157
-3161.26 3634.8481 -5744.1118
-3236.9861 3285.0662 -5211.7119
-3297.0862 -2339.092 4249.52
-3378.822 -2601.1279 4747.0718
-3419.6899 -2893.2141 5300.7681
-3408.8721 -3214.1479 5908.6719
-3322.3281 -3562.728 6570.7842
-3140.8262 -3930.54 7279.3599
-2837.9221 -4307.9683 8013.104
-2394.384 -4678.1841 8742.9756
-1807.808 -5011.1382 9420.5762
-1068.578 -5288.8003 10014.9277
-204.34 -5481.1201 10479.5684
760.866 -5568.8662 10783.5195
1769.344 -5536.4121 10890.0
2787.438 -5393.374 10800.9443
3768.27 -5136.146 10508.6084
4675.7803 -4771.9399 10022.6719
5460.686 -4317.584 9372.1758
6097.7461 -3809.1382 8590.0322
6567.728 -3276.6521 7728.5117
6879.0459 -2740.5601 6812.7842
7044.9224 -2227.3062 5891.248
7096.6079 -1754.92 5000.688
7064.1543 -1342.634 4164.3359
6978.812 -991.65 3391.8721
6867.0264 -689.948 2677.488
6751.6343 -437.528 2019.248
6649.4644 -224.774 1413.28
6570.1323 -42.07 844.096
6519.6479 120.2 307.824
6500.416 278.864 -224.576
6513.6382 439.932 -760.848
6558.1123 614.222 -1312.608
6627.8281 811.35 -1885.6639
6710.7661 1039.73 -2493.5679
6796.1079 1308.978 -3153.7439
6862.2183 1629.912 -3868.1279
6887.46 2003.734 -4644.4639
6841.7842 2431.646 -5467.2642
6698.7461 2899.2241 -6328.7842
6425.8921 3401.6602 -7201.9199
6000.3843 3917.3181 -8059.5679
5421.02 4411.3398 -8847.5195
4699.8203 4851.272 -9521.248
3860.824 5217.8823 -10053.6475
2924.4661 5490.7363 -10419.5518
1944.8361 5657.814 -10603.4717
955.59 5709.5 -10589.9199
4.808 5649.3999 -10396.3203
-867.844 5485.9282 -10036.2236
-1635.922 5233.5083 -9540.6084
-2276.5881 4916.1802 -8934.6396
-2776.6201 4553.1763 -8270.5918
-3137.22 4175.748 -7579.4399
-3371.6101 3799.522 -6905.7119
-3506.2341 3435.3162 -6249.4082
-3555.5161 3098.7561 -5643.4399
-3519.4561 -2104.7021 4507.0078
-3625.2322 -2337.8901 5054.896
-3694.948 -2603.532 5674.416
-3714.1802 -2894.416 6361.6958
-3654.0801 -3217.7542 7126.416
-3493.012 -3560.324 7949.2158
-3198.522 -3918.52 8818.4795
-2742.9641 -4268.3022 9689.6797
-2114.3181 -4584.4282 10516.3516
-1310.1801 -4846.4639 11250.0957
-352.186 -5018.3501 11830.8955
713.988 -5086.8643 12202.6084
1840.2621 -5036.3799 12343.9355
2967.738 -4871.7061 12245.2002
4062.76 -4596.4482 11900.5918
5059.2183 -4226.2319 11329.4717
5917.4463 -3770.6741 10549.2637
6600.1821 -3259.824 9612.2402
7084.5879 -2736.9541 8586.1602
7380.2803 -2229.71 7513.6157
7508.894 -1757.324 6448.8159
7507.6919 -1347.442 5444.0317
7421.1479 -994.054 4518.624
7279.312 -713.988 3676.4639
7118.2441 -485.608 2909.8081
6961.9839 -305.308 2210.9121
6826.1582 -156.26 1570.0959
6722.7861 -31.252 975.744
6654.272 73.322 408.496
6626.626 176.694 -152.944
6643.4541 284.874 -722.128
6699.9482 405.074 -1306.8
6792.502 550.516 -1926.3199
6922.3184 739.23 -2584.5601
7050.9321 953.186 -3302.8159
7171.1323 1217.626 -4088.832
7255.272 1543.368 -4956.1602
7267.292 1935.2201 -5897.0562
7169.9302 2377.5562 -6892.1602
6929.5303 2865.5681 -7918.2397
6511.2339 3376.418 -8932.7041
5905.4263 3878.854 -9875.5361
5131.3379 4335.6143 -10688.6563
4215.4141 4721.4561 -11335.2803
3186.502 5020.7539 -11768.9443
2096.2881 5215.478 -11985.7764
997.66 5293.6079 -11970.2881
-61.302 5256.3462 -11734.0957
-1033.72 5114.5103 -11296.5596
-1885.938 4878.918 -10696.4004
-2585.502 4574.812 -9966.5283
-3120.3921 4228.6362 -9163.0879
-3491.8101 3865.6321 -8346.0957
-3723.7961 3503.8301 -7550.3999
-3837.9861 3152.8459 -6783.7441
-3863.228 2827.104 -6079.04
-3709.3721 -1823.4341 4754.8159
-3841.592 -2028.9761 5356.9121
-3935.3481 -2257.356 6040.3198
-3976.2161 -2507.3721 6805.04
-3937.752 -2781.428 7668.4961
-3788.7041 -3073.5142 8609.3916
-3489.406 -3371.6101 9602.5596
-3012.2122 -3661.292 10618.96
-2339.092 -3919.7222 11588.8955
-1458.026 -4118.0522 12456.2236
-407.478 -4231.04 13131.8877
771.684 -4234.646 13573.2959
2002.532 -4140.8901 13730.1123
3236.9861 -3937.752 13604.2715
4416.1479 -3628.8381 13186.0957
5488.332 -3238.188 12494.9443
6392.2363 -2792.2461 11571.4717
7095.4062 -2300.6279 10458.2715
7568.9941 -1810.212 9252.1436
7820.2119 -1347.442 7999.5518
7883.918 -939.964 6783.7441
7800.98 -598.596 5647.312
7636.3062 -328.146 4617.3599
7423.5522 -126.21 3695.824
7207.1919 21.636 2873.0239
7007.6602 122.604 2139.28
6844.188 187.512 1479.104
6722.7861 227.178 869.264
6649.4644 250.016 298.144
6629.0303 266.844 -261.36
6659.0801 288.48 -828.608
6737.21 322.136 -1415.2159
6858.6123 378.63 -2042.48
7014.8721 467.578 -2720.0801
7190.3643 596.192 -3473.1841
7368.2603 780.098 -4315.3437
7512.5 1022.902 -5262.0479
7585.8223 1337.826 -6311.3599
7543.752 1714.052 -7445.856
7334.604 2150.3779 -8632.624
6927.126 2613.1479 -9807.7764
6303.2881 3081.928 -10913.2324
5476.312 3529.072 -11867.6797
4488.2681 3913.7122 -12622.7197
3371.6101 4222.626 -13128.0156
2187.6401 4435.3799 -13373.8877
986.842 4542.3579 -13344.8477
-170.684 4547.166 -13058.3203
-1234.454 4444.9961 -12527.8555
-2156.3879 4255.0801 -11803.792
-2904.032 3997.8521 -10938.4004
-3456.9521 3697.3521 -9999.4404
-3834.3801 3375.2161 -9039.1836
-4048.3362 3060.292 -8123.4561
-4142.0923 2754.9841 -7256.1279
-4140.8901 2477.322 -6477.856
-3864.4302 -1502.5 4963.9038
-4011.074 -1657.558 5604.7197
-4125.2642 -1829.4441 6340.3999
-4184.1621 -2016.9561 7170.9438
-4161.3242 -2218.8921 8111.8398
-4024.2961 -2430.4441 9147.5996
-3727.4021 -2640.7939 10264.6719
-3232.178 -2834.3162 11410.7842
-2518.1899 -2992.98 12518.1758
-1577.024 -3093.948 13497.792
-442.336 -3115.584 14272.1924
823.37 -3048.272 14763.9355
2157.5901 -2893.2141 14936.2402
3471.376 -2658.824 14783.2959
4732.2739 -2347.5061 14293.4883
5857.3462 -1974.886 13501.6641
6804.522 -1558.994 12440.7363
7517.3081 -1140.698 11178.4639
7980.0781 -730.816 9811.6475
8204.8525 -361.802 8415.792
8206.0537 -80.534 7072.208
8064.2183 129.816 5856.3999
7837.04 270.45 4766.4321
7576.2061 350.984 3817.792
7316.5742 383.438 2979.5039
7080.9819 378.63 2234.144
6886.2583 347.378 1564.288
6743.2202 300.5 952.512
6655.4741 244.006 373.648
6627.8281 188.714 -195.536
6656.6763 137.028 -770.528
6745.624 94.958 -1370.688
6887.46 74.524 -2017.312
7071.3662 78.13 -2714.272
7287.7261 114.19 -3498.3521
7514.9043 197.128 -4385.04
7720.4463 338.964 -5395.6318
7863.4844 544.506 -6535.936
7886.3223 820.966 -7776.9121
7733.668 1161.1321 -9108.8799
7356.2402 1545.772 -10444.7197
6743.2202 1950.8461 -11699.248
5892.2041 2355.9199 -12800.832
4856.0801 2720.126 -13672.0322
3668.5042 3033.8481 -14272.1924
2395.5859 3275.45 -14572.2715
1102.234 3434.114 -14562.5918
-159.866 3500.2241 -14247.0234
-1308.978 3482.1941 -13656.5439
-2311.446 3378.822 -12827.9355
-3115.584 3211.7441 -11844.4482
-3708.1702 2998.99 -10777.7119
-4096.416 2758.5901 -9697.4238
-4310.3721 2513.3821 -8663.5996
-4390.9062 2275.386 -7705.2798
-4372.876 2048.208 -6839.8882
-3969.0042 -1145.506 5147.8237
-4125.2642 -1251.282 5831.2319
-4246.666 -1359.462 6609.5039
-4310.3721 -1470.046 7492.3198
-4286.332 -1579.428 8495.168
-4140.8901 -1680.396 9606.4316
-3825.9661 -1764.536 10806.752
-3293.48 -1817.4241 12045.792
-2527.8062 -1829.4441 13232.5596
-1513.318 -1781.364 14287.6797
-307.712 -1671.9821 15093.0557
1033.72 -1492.884 15590.6084
2430.4441 -1242.868 15731.9355
3806.7341 -944.772 15507.3604
5108.5 -601.0 14936.2402
6261.2183 -246.41 14028.2559
7197.5762 103.372 12833.7441
7875.5039 423.104 11435.9521
8263.75 688.746 9949.1035
8397.1719 890.682 8433.2158
8316.6377 1022.902 7008.3198
8091.8643 1085.406 5722.8159
7796.1724 1087.8101 4599.936
7476.4399 1034.922 3630.0
7174.7383 950.782 2789.7759
6911.5 835.39 2048.2881
6702.3521 700.766 1391.984
6554.5063 552.92 797.632
6470.3662 397.862 245.872
6449.9321 241.602 -298.144
6493.2041 87.746 -847.968
6600.1821 -56.494 -1422.96
6764.856 -186.31 -2042.48
6981.2163 -293.288 -2727.824
7237.2422 -373.822 -3511.9041
7513.7021 -417.094 -4412.144
7776.9399 -412.286 -5453.7119
7982.4819 -349.782 -6646.2881
8066.6221 -217.562 -7960.832
7970.4619 -22.838 -9395.4082
7631.498 236.794 -10857.0879
7024.4883 538.496 -12249.0723
6168.6641 860.632 -13466.8164
5103.6919 1181.566 -14432.8799
3875.248 1489.2781 -15108.5439
2553.0481 1759.728 -15453.1523
1195.99 1972.4821 -15460.8955
-131.018 2131.146 -15131.7764
-1349.8461 2222.498 -14496.7676
-2411.2122 2240.5281 -13610.0801
-3269.4399 2197.2561 -12523.9844
-3884.864 2105.9041 -11362.3838
-4283.9282 1982.098 -10187.2324
-4496.6821 1845.0701 -9075.9678
-4568.8022 1700.8301 -8047.9521
-4538.752 1557.792 -7130.2881
-4031.5081 -776.492 5279.4722
-4186.5659 -823.37 5978.3682
-4300.7559 -861.834 6777.936
-4357.25 -889.48 7685.9199
-4321.1899 -900.298 8715.8721
-4154.1123 -884.672 9863.9199
-3809.1382 -831.784 11093.2803
-3242.9961 -734.422 12359.4238
-2428.04 -584.172 13561.6797
-1365.472 -383.438 14616.7998
-104.574 -131.018 15410.5596
1282.5341 173.088 15871.3281
2724.9341 525.274 15958.4482
4118.0522 878.662 15671.9199
5428.2319 1235.656 15011.7441
6559.314 1552.984 14022.4482
7463.2183 1818.626 12756.3037
8082.248 2013.3501 11298.4961
8411.5957 2121.53 9757.4404
8475.3018 2145.5701 8224.1279
8331.0625 2089.0759 6797.2959
8057.0063 1970.078 5536.96
7718.042 1799.394 4443.1201
7373.0684 1598.66 3515.7759
7048.5283 1372.6841 2712.3359
6766.0581 1132.2841 2009.568
6542.4863 888.278 1386.176
6382.6201 641.868 822.8
6288.8643 400.266 292.336
6261.2183 161.068 -230.384
6302.0859 -76.928 -762.784
6409.064 -307.712 -1320.3521
6579.748 -527.678 -1922.448
6809.3301 -736.826 -2586.4961
7088.1943 -931.55 -3349.28
7394.7041 -1103.436 -4234.0317
7701.2144 -1240.464 -5262.0479
7959.644 -1335.422 -6448.8159
8109.894 -1367.876 -7784.6558
8081.0464 -1340.23 -9252.1436
7810.5962 -1236.858 -10771.9043
7262.4844 -1064.972 -12239.3916
6446.3262 -840.198 -13544.2559
5407.7983 -573.354 -14595.5039
4182.96 -286.076 -15360.2236
2839.124 14.424 -15780.3359
1454.42 298.096 -15851.9678
87.746 558.93 -15571.248
-1183.97 781.3 -14959.4717
-2310.2441 949.58 -14061.168
-3217.7542 1067.376 -12961.5195
-3883.6621 1129.88 -11757.3281
-4316.3818 1145.506 -10541.5195
-4553.1763 1127.4761 -9387.6641
-4640.9219 1081.8 -8309.3115
-4615.6802 1020.498 -7339.376
-4038.72 -390.65 5378.208
-4181.7583 -382.236 6092.5918
-4279.1201 -355.792 6903.7759
-4307.9683 -301.702 7821.4399
-4238.252 -215.158 8853.3281
-4025.498 -80.534 9993.6318
-3624.03 108.18 11205.5684
-2991.7781 360.6 12429.1201
-2117.9241 677.928 13569.4238
-995.256 1055.3561 14533.5518
311.318 1482.066 15220.832
1727.274 1932.816 15563.5039
3161.26 2375.1521 15532.5283
4531.54 2782.6301 15131.7764
5781.6201 3138.4221 14372.8643
6838.1782 3411.2761 13302.2559
7633.9023 3586.7681 11987.7119
8144.752 3651.676 10502.7998
8361.1123 3603.5959 8984.9756
8325.0518 3456.9521 7503.936
8101.48 3226.168 6144.8638
7764.9199 2938.8901 4950.3521
7383.8862 2617.9561 3930.0801
7011.2661 2275.386 3066.624
6672.3022 1928.0081 2325.136
6386.2261 1580.63 1684.3199
6162.6543 1229.646 1117.072
6010.0 879.864 607.904
5925.8604 537.294 135.52
5907.8301 194.724 -331.056
5958.314 -149.048 -803.44
6077.312 -484.406 -1300.9919
6261.2183 -813.754 -1845.0079
6501.6182 -1139.496 -2452.9119
6794.9062 -1460.4301 -3157.616
7125.4561 -1769.344 -3980.416
7464.4199 -2054.218 -4948.416
7766.1221 -2311.446 -6079.04
7971.6641 -2514.584 -7364.5439
8011.3301 -2656.4202 -8791.376
7817.8081 -2710.51 -10295.6475
7346.624 -2670.844 -11768.9443
6594.1724 -2548.24 -13114.4639
5602.522 -2336.688 -14217.9844
4417.3501 -2065.0361 -15034.9756
3099.958 -1734.4861 -15536.4004
1720.062 -1381.098 -15681.5996
342.57 -1016.892 -15476.3838
-956.792 -667.11 -14938.1758
-2115.52 -350.984 -14107.6318
-3069.908 -81.736 -13046.7041
-3779.0881 128.614 -11871.5518
-4251.4741 281.268 -10671.2324
-4520.7222 383.438 -9517.376
-4633.71 443.538 -8435.1523
-4628.9019 472.386 -7471.0239
-3999.054 -22.838 5424.6719
-4121.6582 38.464 6131.312
-4191.374 125.008 6932.8159
-4184.1621 246.41 7836.9277
-4068.77 415.892 8843.6484
-3800.7241 641.868 9929.7441
-3337.9541 938.762 11075.8555
-2644.4001 1308.978 12200.6719
-1709.244 1752.516 13217.0723
-546.91 2258.5581 14039.8721
777.694 2800.6602 14572.2715
2179.2261 3347.5701 14765.8721
3577.1521 3862.0261 14591.6318
4883.7261 4303.1602 14082.4639
6050.8682 4658.9521 13244.1758
7004.0542 4901.7559 12134.8477
7694.002 5011.1382 10808.6875
8081.0464 4973.876 9376.0479
8190.4282 4801.9902 7945.3437
8067.8242 4513.5103 6595.9521
7782.9502 4133.6782 5380.144
7415.1382 3698.554 4334.7041
7022.084 3233.3801 3449.9519
6648.2622 2763.3979 2704.592
6312.9043 2291.012 2067.6479
6029.2319 1830.646 1515.8879
5810.4683 1384.704 1026.08
5657.814 950.782 578.864
5572.4722 532.486 160.688
5550.8359 118.998 -253.616
5600.1182 -292.086 -679.536
5714.3081 -701.968 -1130.624
5894.6079 -1114.254 -1624.304
6132.604 -1528.944 -2168.3201
6424.6899 -1949.644 -2793.6479
6760.0483 -2367.9399 -3529.3279
7112.2339 -2781.428 -4396.6558
7446.3901 -3170.876 -5418.8638
7702.416 -3517.052 -6590.144
7819.0103 -3803.1282 -7904.688
7722.8501 -3995.448 -9325.7119
7365.856 -4072.376 -10754.4795
6729.998 -4026.7002 -12086.4482
5835.71 -3858.4202 -13238.3682
4738.2842 -3598.7881 -14134.7363
3482.1941 -3255.0161 -14729.0879
2138.3582 -2847.5381 -15000.1279
766.876 -2401.5959 -14926.5596
-537.294 -1952.0481 -14527.7441
-1729.678 -1518.126 -13821.1035
-2733.3481 -1125.072 -12882.1436
-3505.032 -790.916 -11797.9844
-4041.124 -520.466 -10657.6797
-4366.8662 -316.126 -9540.6084
-4524.3281 -165.876 -8485.4883
-4554.3779 -60.1 -7521.3599
-3914.9141 341.368 5436.2881
-4011.074 447.144 6139.0562
-4045.9321 585.374 6930.8799
-3994.2461 764.472 7807.8882
-3813.946 1002.468 8773.9521
-3473.78 1302.968 9800.0322
-2930.4761 1676.79 10837.7275
-2149.176 2135.9541 11834.7676
-1139.496 2672.0461 12682.7363
72.12 3263.4302 13310.0
1409.946 3883.6621 13633.3115
2783.832 4487.0659 13623.6318
4116.8501 5038.7842 13275.1523
5328.4663 5502.7559 12614.9756
6360.9839 5852.5381 11679.8877
7167.5264 6071.3022 10504.7363
7685.5884 6130.2002 9194.0635
7913.9683 6030.4341 7823.376
7875.5039 5784.0239 6508.832
7629.0942 5392.1719 5306.5762
7263.686 4923.3921 4266.9438
6842.9863 4393.3101 3388.0
6428.2959 3836.7842 2656.1919
6047.2622 3273.0461 2042.48
5723.9243 2716.52 1523.632
5459.4839 2175.6201 1072.5439
5256.3462 1647.942 677.6
5121.7222 1132.2841 319.44
5049.6021 631.05 -13.552
5041.188 132.22 -346.544
5090.4702 -370.216 -687.28
5208.2661 -866.642 -1051.248
5387.3643 -1367.876 -1446.192
5626.562 -1870.312 -1895.344
5918.6479 -2379.96 -2412.2561
6260.0161 -2895.6182 -3025.968
6625.4243 -3413.6802 -3755.8401
6983.6201 -3912.51 -4627.04
7293.7363 -4369.27 -5643.4399
7489.6621 -4753.9102 -6816.6558
7500.48 -5035.1782 -8115.7119
7263.686 -5187.832 -9465.1035
6756.4419 -5196.2461 -10764.1602
5984.7583 -5062.8242 -11931.5684
4983.4922 -4804.394 -12886.0156
3812.7441 -4441.3901 -13575.2314
2530.21 -3995.448 -13972.1123
1200.798 -3495.416 -14041.8076
-98.564 -2977.354 -13795.9355
-1301.766 -2464.1001 -13255.792
-2343.9001 -1986.906 -12465.9043
-3168.4722 -1567.4081 -11507.584
-3763.4622 -1218.828 -10466.0156
-4145.6982 -937.56 -9418.6396
-4354.8462 -717.594 -8415.792
-4425.7642 -550.516 -7494.2559
-3795.916 673.12 5407.248
-3860.824 811.35 6088.7197
-3856.0161 984.438 6853.4399
-3755.0481 1202.0 7687.856
-3521.8601 1472.4501 8599.7119
-3115.584 1809.01 9550.2881
-2497.7561 2221.2961 10487.3115
-1649.144 2711.7122 11343.0244
-581.768 3275.45 12026.4316
657.494 3895.6821 12448.4795
1989.3101 4541.1562 12566.5762
3325.9341 5166.1963 12361.3604
4584.4282 5731.1362 11850.2559
5698.6821 6202.3203 11068.1123
6614.606 6550.8999 10047.8398
7270.8979 6752.8359 8833.9678
7638.71 6794.9062 7538.7842
7712.0322 6668.6963 6251.3437
7537.7422 6383.8223 5064.5762
7189.1621 5957.1123 4040.4319
6754.0381 5424.626 3190.5281
6304.4902 4833.2422 2510.9919
5877.7803 4198.5859 1963.104
5505.1602 3566.334 1515.8879
5191.438 2941.2939 1140.304
4939.0181 2329.4761 811.184
4746.6982 1734.4861 516.912
4620.4883 1165.9401 247.808
4553.1763 613.02 -9.68
4544.7622 63.706 -271.04
4591.6401 -485.608 -540.144
4698.6182 -1034.922 -830.544
4866.8979 -1583.0341 -1149.984
5090.4702 -2144.3679 -1502.3359
5372.9399 -2715.3181 -1912.7679
5703.4902 -3297.0862 -2392.896
6072.5039 -3875.248 -2969.824
6459.5483 -4440.188 -3672.592
6821.3501 -4959.4521 -4514.752
7111.0322 -5404.1919 -5527.2798
7243.252 -5738.3481 -6685.0078
7150.6982 -5934.2739 -7933.728
6794.9062 -5973.9399 -9197.9355
6169.8662 -5869.3662 -10375.0244
5302.022 -5628.9663 -11399.168
4226.2319 -5267.1641 -12200.6719
3023.03 -4816.4141 -12742.752
1745.3041 -4295.9482 -12990.5596
461.568 -3745.4321 -12934.416
-764.472 -3193.7141 -12585.9355
-1853.484 -2675.6521 -11962.5439
-2742.9641 -2212.8821 -11143.6162
-3408.8721 -1815.02 -10214.3359
-3856.0161 -1486.874 -9248.2715
-4122.8599 -1214.02 -8299.6318
-4241.8579 -1002.468 -7412.9438
-3646.8682 991.65 5358.8481
-3674.5142 1164.738 6024.832
-3630.04 1364.27 6764.3838
-3478.5881 1607.074 7562.0161
-3184.0981 1902.766 8419.6641
-2705.7021 2258.5581 9290.8643
-2007.3401 2684.0662 10131.0879
-1075.79 3184.0981 10851.2803
54.09 3746.634 11358.5117
1328.2101 4354.8462 11585.0244
2660.0261 4984.6938 11492.0957
3948.5701 5590.502 11083.5996
5119.3179 6136.21 10392.4482
6108.564 6586.96 9463.168
6876.6421 6924.7222 8336.416
7370.6641 7123.0522 7072.208
7562.9844 7162.7183 5775.0879
7460.814 7038.9121 4537.9839
7119.4463 6746.8262 3465.4399
6633.8379 6311.7021 2586.4961
6103.7563 5775.6099 1916.64
5592.9062 5157.7822 1411.344
5144.5601 4509.9043 1033.824
4771.9399 3851.208 741.488
4467.834 3188.906 501.424
4235.8481 2538.624 296.208
4071.1741 1901.5641 120.032
3965.3982 1277.7261 -42.592
3913.7122 673.12 -197.472
3914.9141 69.716 -358.16
3969.0042 -536.092 -524.656
4075.9822 -1143.1021 -706.64
4240.6562 -1746.506 -906.048
4461.8242 -2352.314 -1138.368
4738.2842 -2972.5461 -1417.152
5067.6323 -3603.5959 -1755.952
5449.8682 -4226.2319 -2176.064
5870.5679 -4822.4243 -2706.5281
6294.874 -5368.1323 -3376.384
6677.1104 -5830.9023 -4226.2881
6935.54 -6177.0781 -5252.3682
6989.6304 -6379.0142 -6429.4561
6779.2803 -6428.2959 -7658.8159
6293.6719 -6327.3281 -8849.4561
5547.23 -6085.7261 -9941.3604
4584.4282 -5729.9341 -10843.5361
3455.75 -5274.376 -11517.2637
2229.71 -4761.1221 -11921.8877
972.418 -4217.8179 -12032.2402
-259.632 -3670.908 -11848.3203
-1382.3 -3151.644 -11381.7441
-2319.8601 -2680.46 -10698.3359
-3041.0601 -2270.5781 -9877.4717
-3543.4961 -1921.998 -8998.5283
-3860.824 -1631.114 -8115.7119
-4025.498 -1391.916 -7283.2319
-3473.78 1269.312 5275.6001
-3474.9822 1453.218 5914.48
-3393.2461 1669.578 6619.1841
-3202.1282 1920.796 7380.0317
-2858.356 2220.094 8185.4077
-2328.2739 2569.876 8990.7842
-1568.61 2982.1621 9743.8877
-584.172 3453.3459 10347.9199
590.182 3982.2261 10717.6963
1888.342 4554.3779 10783.5195
3211.7441 5143.3579 10518.2881
4460.6221 5708.2983 9943.2959
5565.2603 6226.3604 9108.8799
6460.75 6651.8682 8061.5039
7109.8301 6972.8022 6847.6318
7469.228 7167.5264 5536.96
7511.2983 7214.4043 4234.0317
7257.6763 7101.416 3039.52
6780.4819 6832.168 2059.9041
6179.4819 6411.4683 1318.416
5562.856 5872.9722 818.928
5006.3301 5258.75 499.488
4538.752 4598.8521 298.144
4162.5259 3922.126 170.368
3868.0361 3239.3901 77.44
3645.666 2562.6641 3.872
3483.396 1895.5541 -61.952
3384.832 1253.686 -129.712
3336.752 629.848 -199.408
3336.752 4.808 -276.848
3383.6301 -626.242 -362.032
3484.5981 -1242.868 -458.832
3638.4541 -1863.1 -573.056
3845.198 -2490.5439 -702.768
4113.2441 -3126.4021 -859.584
4442.5923 -3768.27 -1062.864
4838.0503 -4406.5322 -1330.032
5291.2041 -5012.3403 -1697.8719
5778.0142 -5555.644 -2203.168
6260.0161 -6016.0103 -2904.0
6649.4644 -6360.9839 -3815.856
6851.3999 -6561.7183 -4921.312
6797.3101 -6611.0 -6133.248
6458.3462 -6520.8501 -7354.8638
5845.3262 -6296.0762 -8510.6563
4990.7041 -5957.1123 -9525.1201
3949.772 -5530.4023 -10334.3682
2768.2061 -5041.188 -10899.6797
1528.944 -4524.3281 -11178.4639
283.672 -4002.6602 -11159.1035
-877.46 -3505.032 -10843.5361
-1869.11 -3050.676 -10282.0957
-2648.0061 -2650.4102 -9559.9678
-3209.3401 -2304.2341 -8758.4639
-3579.5562 -2004.936 -7927.9199
-3788.7041 -1750.1121 -7132.2241
-3289.874 1533.7521 5186.5439
-3258.6221 1736.89 5809.936
-3142.0281 1962.8661 6491.4082
-2907.6379 2222.498 7217.4082
-2515.7861 2521.7961 7978.2559
-1929.2101 2863.1641 8727.4883
-1111.85 3252.6121 9401.2158
-67.312 3697.3521 9904.5762
1153.92 4178.1519 10148.5117
2478.5239 4696.2139 10067.2002
3788.7041 5220.2861 9641.2803
4994.3101 5728.7319 8909.4717
6022.02 6193.9062 7925.9839
6818.9463 6589.3643 6750.832
7346.624 6893.4702 5428.5439
7559.3779 7080.9819 4050.1121
7441.582 7132.668 2714.272
7017.2764 7037.71 1533.312
6376.6104 6781.6841 609.84
5638.582 6392.2363 -23.232
4920.9883 5888.5981 -389.136
4295.9482 5300.8203 -559.504
3788.7041 4661.356 -613.712
3400.458 3997.8521 -602.096
3110.7761 3322.3281 -563.376
2904.032 2646.804 -514.976
2764.6001 1968.876 -464.64
2682.864 1306.574 -418.176
2650.4102 657.494 -379.456
2660.0261 3.606 -350.416
2714.116 -646.676 -329.12
2818.6899 -1283.7361 -315.568
2973.748 -1920.796 -309.76
3178.0881 -2563.866 -319.44
3444.9321 -3212.946 -350.416
3786.3 -3857.218 -416.24
4205.7979 -4489.4702 -536.272
4708.2339 -5079.6519 -758.912
5271.9722 -5608.5322 -1122.88
5856.144 -6048.4639 -1701.744
6371.8022 -6373.0039 -2522.6079
6710.7661 -6556.9102 -3575.792
6793.7041 -6601.3843 -4789.6641
6582.1523 -6511.2339 -6050.0
6079.7163 -6299.6821 -7273.5518
5318.8501 -5984.7583 -8379.0078
4347.6343 -5590.502 -9300.5439
3211.7441 -5139.752 -9995.5684
1984.5021 -4664.9619 -10406.0
734.422 -4190.1719 -10512.4795
-445.942 -3734.614 -10311.1357
-1471.248 -3312.7122 -9846.4961
-2289.8101 -2934.082 -9203.7441
-2888.406 -2598.7241 -8468.0635
-3297.0862 -2303.032 -7695.6001
-3541.092 -2044.6021 -6950.2397
-3091.5439 1754.92 5062.6401
-3038.656 1960.462 5655.0562
-2894.416 2192.448 6309.4238
-2632.3801 2449.676 7004.4478
-2208.074 2740.5601 7728.5117
-1587.842 3063.8979 8427.4082
-735.624 3425.7 9044.9922
340.166 3824.7642 9474.7842
1581.832 4249.0703 9627.7275
2919.658 4704.6279 9441.8721
4227.4341 5163.792 8907.5361
5409.0 5615.7441 8067.312
6393.438 6030.4341 6977.3437
7123.0522 6383.8223 5707.3281
7570.1963 6666.292 4305.6641
7677.1743 6842.9863 2863.344
7433.168 6893.4702 1488.7839
6874.2383 6804.522 309.76
6104.958 6572.5361 -559.504
5249.1343 6204.7241 -1099.6479
4441.3901 5720.3179 -1341.6479
3753.8459 5155.3779 -1372.624
3211.7441 4531.54 -1281.632
2809.074 3884.864 -1130.624
2510.978 3215.3501 -958.32
2304.2341 2547.0381 -791.824
2164.802 1882.332 -638.88
2084.2681 1228.444 -501.424
2053.0161 587.778 -379.456
2055.4199 -67.312 -269.104
2111.9141 -703.17 -166.496
2209.2761 -1334.22 -71.632
2355.9199 -1968.876 21.296
2559.0581 -2596.3201 106.48
2828.3062 -3229.7742 185.856
3176.886 -3862.0261 238.128
3621.626 -4475.0459 243.936
4169.7383 -5048.3999 151.008
4805.5962 -5549.6343 -96.8
5488.332 -5965.5259 -569.184
6125.3921 -6267.228 -1314.5439
6602.5859 -6443.9219 -2336.752
6820.1479 -6485.9922 -3552.5601
6733.604 -6405.458 -4857.4238
6336.9443 -6214.3403 -6156.48
5667.4302 -5935.4761 -7354.8638
4757.5161 -5584.4922 -8396.4316
3666.1001 -5184.2261 -9201.8076
2456.8879 -4762.3242 -9736.1436
1191.182 -4332.0083 -9962.6563
-16.828 -3919.7222 -9861.9844
-1076.9921 -3537.4861 -9480.5918
-1936.422 -3184.0981 -8905.5996
-2575.886 -2866.77 -8222.1924
-3020.626 -2578.29 -7494.2559
-3298.2881 -2318.658 -6774.064
-2883.5981 1977.29 4934.8638
-2805.468 2192.448 5509.856
-2632.3801 2429.2419 6139.0562
-2337.8901 2690.0759 6801.168
-1881.13 2973.748 7486.5117
-1224.838 3282.6621 8144.752
-338.964 3618.02 8708.1279
769.28 3975.0142 9072.0957
2031.38 4350.0381 9145.6641
3376.418 4740.688 8870.752
4674.5781 5136.146 8237.6797
5822.4883 5519.584 7287.104
6750.4321 5877.7803 6090.6558
7404.3203 6185.4922 4712.2241
7744.4863 6428.2959 3217.6321
7730.062 6583.354 1694.0
7351.4321 6626.626 272.976
6639.8481 6536.4761 -917.664
5727.5303 6322.52 -1757.8879
4747.8999 5984.7583 -2232.208
3842.7942 5540.0181 -2379.344
3087.938 5015.9463 -2299.968
2506.1702 4437.7842 -2092.8159
2079.46 3824.7642 -1827.584
1777.7581 3184.0981 -1546.864
1578.2261 2533.8162 -1270.016
1450.8141 1877.524 -1008.656
1385.906 1227.2421 -768.592
1364.27 582.97 -545.952
1381.098 -60.1 -336.864
1443.6021 -693.554 -131.648
1549.3781 -1317.392 67.76
1700.8301 -1941.23 267.168
1905.17 -2560.26 458.832
2184.0339 -3182.896 650.496
2555.4521 -3792.3101 820.864
3036.252 -4375.2803 944.768
3644.4641 -4917.3823 968.0
4359.6543 -5390.9702 826.672
5145.7622 -5778.0142 431.728
5901.8203 -6058.0801 -271.04
6495.6079 -6217.9463 -1273.8879
6824.9561 -6256.4102 -2509.0559
6836.9761 -6189.0981 -3850.7039
6526.8604 -6025.626 -5211.7119
5922.2539 -5787.6299 -6485.6001
5064.0259 -5482.3223 -7604.6079
4001.458 -5142.1562 -8504.8477
2809.074 -4779.1519 -9126.3037
1548.176 -4410.1382 -9426.3838
326.944 -4047.134 -9397.3438
-748.846 -3703.3621 -9079.8398
-1622.7001 -3380.0242 -8557.1201
-2280.1941 -3080.7261 -7922.1118
-2746.5701 -2799.458 -7232.896
-3045.8682 -2544.634 -6559.168
-2673.248 2151.5801 4779.9839
-2577.0881 2367.9399 5327.8721
-2385.97 2604.7341 5928.0317
-2075.854 2859.5581 6559.168
-1601.0641 3134.8162 7211.6001
-931.55 3426.9021 7831.1201
-34.858 3735.8162 8348.0322
1075.79 4055.5481 8669.4082
2347.5061 4382.4922 8698.4482
3692.5439 4715.4463 8369.3281
4983.4922 5047.1982 7676.2397
6119.3823 5370.5361 6663.7119
7022.084 5671.0361 5395.6318
7633.9023 5930.668 3953.312
7911.564 6130.2002 2387.0879
7816.606 6254.0063 801.504
7335.8062 6274.4399 -658.24
6522.0522 6183.0879 -1852.752
5501.5542 5973.9399 -2667.8081
4418.5522 5648.1982 -3082.1121
3430.5081 5225.0942 -3142.1279
2614.3501 4726.2642 -2958.208
1988.108 4172.1421 -2638.7681
1533.7521 3585.5662 -2263.1841
1217.626 2974.95 -1877.92
1006.074 2351.1121 -1504.272
872.652 1723.6681 -1157.728
801.734 1107.042 -838.288
780.098 492.82 -540.144
798.128 -115.392 -257.488
852.218 -728.412 21.296
953.186 -1333.0181 296.208
1104.6381 -1929.2101 573.056
1313.786 -2515.7861 851.84
1599.8621 -3107.1702 1128.688
1986.906 -3685.332 1395.856
2498.958 -4237.0503 1616.5599
3154.0481 -4749.1021 1734.656
3938.9541 -5192.6401 1676.576
4816.4141 -5558.0483 1355.2
5680.6523 -5824.8921 691.152
6388.6299 -5977.5459 -298.144
6828.562 -6025.626 -1542.9919
6939.146 -5976.3442 -2927.2319
6711.9683 -5842.9219 -4348.2559
6173.4722 -5643.3901 -5699.584
5364.5259 -5392.1719 -6896.0317
4341.624 -5107.2979 -7867.9038
3164.866 -4803.1919 -8562.9277
1911.1801 -4485.8643 -8936.5762
683.938 -4168.5361 -8971.4238
-408.68 -3858.4202 -8708.1279
-1304.17 -3565.1321 -8233.8076
-1979.6941 -3283.864 -7639.4561
-2470.1101 -3013.4141 -6987.0239
-2792.2461 -2758.5901 -6334.5918
-1840.2621 -2525.4021 2845.9199
-1794.5861 -2734.55 3084.0481
-1715.254 -2954.5161 3331.856
-1603.468 -3179.29 3587.408
-1448.41 -3408.8721 3844.896
-1246.474 -3633.646 4100.4478
-991.65 -3850.0061 4346.3198
-687.544 -4044.73 4572.832
-335.358 -4211.8081 4770.3042
67.312 -4344.0283 4930.9922
507.244 -4429.3701 5045.2158
974.822 -4465.4302 5105.2319
1458.026 -4443.7939 5109.104
1937.624 -4365.6641 5049.0879
2411.2122 -4232.2422 4929.0562
2859.5581 -4043.5281 4749.0078
3274.248 -3804.3301 4514.752
3642.0601 -3520.658 4232.0962
3954.5801 -3217.7542 3910.72
4216.6162 -2894.416 3562.24
4430.5723 -2556.6541 3192.4639
4596.4482 -2217.6899 2811.072
4723.8599 -1878.7261 2427.7439
4816.4141 -1548.176 2044.416
4878.918 -1226.04 1659.152
4917.3823 -919.53 1283.568
4937.8159 -625.04 913.792
4946.23 -341.368 553.696
4946.23 -67.312 199.408
4939.0181 205.542 -152.944
4925.7959 480.8 -509.168
4902.958 759.664 -865.392
4871.7061 1044.538 -1223.552
4826.0303 1331.816 -1581.712
4757.5161 1632.316 -1949.552
4666.1641 1943.634 -2317.3921
4543.5601 2262.1641 -2689.104
4381.29 2585.502 -3056.9441
4175.748 2904.032 -3413.168
3920.9241 3218.9561 -3757.7759
3619.2222 3517.052 -4077.2161
3267.0361 3788.7041 -4363.7441
2872.78 4026.7002 -4611.5518
2443.666 4220.2222 -4810.96
1984.5021 4366.8662 -4956.1602
1508.51 4459.4199 -5045.2158
1030.114 4491.874 -5074.2559
564.94 4472.6421 -5045.2158
127.412 4400.522 -4961.9678
-281.268 4282.7261 -4834.1919
-649.08 4121.6582 -4663.8242
-967.61 3932.9441 -4460.5439
-1236.858 3726.2 -4237.9038
-1456.824 3506.2341 -4003.6479
-1631.114 3280.2581 -3759.7119
-1762.1321 3056.686 -3515.7759
-2031.38 -2496.554 3080.176
-1997.724 -2711.7122 3349.28
-1929.2101 -2940.092 3633.8721
-1824.636 -3180.4919 3932.0159
-1671.9821 -3426.9021 4237.9038
-1466.4401 -3672.1101 4543.792
-1204.4041 -3910.106 4841.936
-881.066 -4130.0723 5118.7842
-501.234 -4321.1899 5364.6558
-62.504 -4473.8442 5569.8721
424.306 -4579.6201 5722.8159
948.378 -4625.2959 5806.064
1486.874 -4609.6699 5819.6162
2027.774 -4530.3379 5761.5361
2556.6541 -4388.502 5627.9521
3060.292 -4186.5659 5422.7358
3520.658 -3931.7422 5151.6958
3925.7322 -3642.0601 4826.4478
4265.8979 -3322.3281 4464.416
4553.1763 -2976.1521 4063.6641
4774.3442 -2627.572 3643.552
4940.2202 -2280.1941 3209.8879
5058.0161 -1940.0281 2778.1599
5137.3481 -1611.8821 2348.3679
5187.832 -1296.958 1924.384
5215.478 -992.852 1506.208
5226.2959 -703.17 1099.6479
5227.498 -419.498 698.896
5221.4883 -149.048 309.76
5210.6699 121.402 -83.248
5196.2461 391.852 -478.192
5177.0142 669.514 -877.008
5151.772 956.792 -1281.632
5114.5103 1251.282 -1688.192
5058.0161 1560.196 -2104.4319
4973.876 1885.938 -2528.416
4857.2822 2221.2961 -2958.208
4701.022 2565.0681 -3382.1919
4493.0762 2907.6379 -3798.4319
4229.8379 3249.0061 -4201.1201
3910.106 3574.748 -4576.7041
3530.2742 3877.6521 -4919.376
3098.7561 4139.688 -5211.7119
2625.168 4357.25 -5449.8398
2115.52 4521.9243 -5626.0161
1584.2361 4622.8921 -5726.688
1050.548 4661.356 -5755.728
531.284 4638.5181 -5717.0078
43.272 4557.9839 -5612.4639
-408.68 4425.7642 -5451.7759
-812.552 4250.272 -5242.688
-1158.728 4043.5281 -4996.8159
-1447.208 3812.7441 -4723.8398
-1679.194 3568.738 -4435.376
-1859.494 3319.9241 -4144.9761
-1989.3101 3074.7161 -3854.5759
-2238.124 -2442.4641 3333.792
-2218.8921 -2668.4399 3645.488
-2164.802 -2910.042 3976.5439
-2066.238 -3161.26 4325.0239
-1915.988 -3423.2961 4687.0562
-1705.6381 -3685.332 5051.0239
-1427.9761 -3941.3582 5409.1841
-1080.598 -4176.9502 5746.0479
-664.706 -4386.0981 6048.064
-180.3 -4550.772 6299.7441
361.802 -4664.9619 6487.5361
942.368 -4713.042 6594.0161
1551.782 -4684.1938 6615.312
2153.9841 -4594.0439 6543.6802
2747.772 -4432.9761 6382.9922
3301.894 -4208.2021 6137.1201
3803.1282 -3922.126 5809.936
4238.252 -3589.1721 5414.9922
4596.4482 -3235.7842 4971.6479
4881.3223 -2863.1641 4491.52
5100.0859 -2484.5339 3990.0959
5253.9419 -2114.3181 3484.8
5358.5161 -1751.3141 2977.5679
5417.4141 -1409.946 2483.8879
5446.2622 -1089.012 2003.76
5453.4741 -793.32 1541.056
5446.2622 -518.062 1091.9041
5434.2422 -258.43 660.176
5422.2222 -10.818 236.192
5411.4043 231.986 -180.048
5402.9902 478.396 -600.16
5394.5762 729.614 -1024.144
5383.7583 991.65 -1455.8719
5362.1221 1268.11 -1895.344
5324.8599 1563.802 -2352.24
5262.356 1877.524 -2818.8159
5160.186 2210.478 -3297.0081
5013.542 2557.856 -3782.9441
4809.2021 2911.2441 -4263.0718
4538.752 3267.0361 -4731.584
4198.5859 3613.2122 -5174.9277
3787.502 3935.3481 -5573.7441
3313.9141 4216.6162 -5920.2881
2785.0339 4449.8042 -6195.2002
2216.488 4622.8921 -6392.6719
1626.306 4729.8701 -6506.896
1032.5181 4769.5361 -6530.1279
451.952 4735.8799 -6470.1118
-88.948 4643.3262 -6330.7197
-586.576 4494.2783 -6123.5679
-1024.104 4299.5542 -5862.208
-1394.3201 4068.77 -5556.3198
-1697.224 3821.158 -5229.1357
-1934.0181 3561.5261 -4886.4639
-2109.51 3298.2881 -4541.856
-2230.9121 3045.8682 -4204.9922
-2437.656 -2357.1221 3583.5359
-2432.8481 -2577.0881 3932.0159
-2393.1821 -2818.6899 4313.4082
-2307.8401 -3073.5142 4716.0962
-2166.0042 -3342.762 5136.208
-1958.058 -3618.02 5569.8721
-1675.588 -3888.47 5999.6641
-1306.574 -4142.0923 6412.0317
-860.632 -4364.4619 6781.8081
-331.752 -4545.9639 7097.376
263.238 -4668.5679 7335.5039
911.116 -4725.062 7480.7041
1586.64 -4705.8301 7515.5518
2266.9719 -4608.4683 7440.0479
2928.072 -4436.582 7254.1919
3545.9001 -4197.3843 6963.792
4095.2141 -3904.0962 6584.3359
4568.8022 -3565.1321 6125.5039
4955.8462 -3196.1182 5616.3359
5258.75 -2807.8721 5060.7041
5473.9082 -2426.8381 4487.6479
5615.7441 -2057.824 3906.8479
5699.8843 -1709.244 3341.5359
5739.5503 -1387.108 2795.584
5745.5601 -1086.608 2272.864
5733.54 -811.35 1763.696
5710.7021 -556.526 1277.76
5687.8643 -311.318 805.376
5665.0259 -86.544 350.416
5649.3999 139.432 -106.48
5640.9863 365.408 -565.312
5639.7842 603.404 -1033.824
5640.9863 852.218 -1512.016
5636.1782 1119.062 -2001.824
5618.1479 1409.946 -2514.864
5574.876 1724.87 -3043.3921
5495.5439 2060.228 -3589.344
5362.1221 2417.2219 -4144.9761
5167.3979 2788.6401 -4702.5439
4895.7461 3166.0681 -5250.4321
4538.752 3533.8801 -5773.1519
4098.8203 3883.6621 -6251.3437
3581.96 4191.374 -6661.7759
3002.5959 4444.9961 -6988.96
2373.95 4638.5181 -7225.1519
1714.052 4758.7183 -7358.7358
1050.548 4804.394 -7383.9038
406.276 4775.5459 -7308.3999
-197.128 4675.7803 -7136.0962
-745.24 4518.3179 -6882.48
-1224.838 4309.1699 -6561.104
-1625.104 4066.366 -6191.3281
-1948.442 3798.3201 -5796.3838
-2191.2461 3524.2642 -5387.8882
-2365.5361 3246.6021 -4973.584
-2479.7261 2978.5562 -4576.7041
-2643.198 -2228.5081 3839.0879
-2657.6221 -2450.8779 4239.8398
-2633.582 -2690.0759 4675.4399
-2559.0581 -2944.9001 5138.144
-2425.636 -3216.552 5629.8882
-2216.488 -3493.012 6139.0562
-1919.594 -3767.0681 6648.2241
-1528.944 -4024.2961 7139.9678
-1042.134 -4252.6763 7587.1841
-462.77 -4432.9761 7966.6401
201.936 -4554.3779 8255.1035
918.328 -4601.2559 8431.2803
1670.78 -4570.0039 8479.6797
2419.626 -4459.4199 8394.4961
3151.644 -4267.1001 8173.792
3830.7742 -4000.2561 7823.376
4431.7739 -3668.5042 7360.6719
4931.8062 -3301.894 6810.8481
5329.668 -2910.042 6199.0718
5621.7539 -2508.574 5538.896
5820.084 -2109.51 4861.2959
5940.2842 -1729.678 4189.5039
5991.9702 -1379.896 3537.072
5994.374 -1068.578 2921.4241
5966.728 -789.714 2329.0081
5925.8604 -539.698 1773.376
5881.3862 -319.732 1246.7839
5842.9219 -118.998 745.36
5816.478 66.11 263.296
5802.0542 246.41 -212.96
5802.0542 432.72 -695.024
5815.2759 623.838 -1180.96
5835.71 831.784 -1684.3199
5854.9419 1060.1641 -2207.04
5865.7603 1317.392 -2758.8
5851.3359 1603.468 -3343.4719
5798.4482 1921.998 -3953.312
5689.0659 2268.1741 -4586.3838
5506.3623 2632.3801 -5227.2002
5235.9121 3013.4141 -5864.144
4865.6963 3390.842 -6481.728
4395.7139 3752.644 -7045.104
3831.9761 4075.9822 -7527.168
3196.1182 4341.624 -7908.5601
2498.958 4545.9639 -8179.6001
1764.536 4675.7803 -8326.7363
1032.5181 4722.6582 -8342.2236
314.924 4692.6079 -8233.8076
-347.378 4590.438 -8015.04
-948.378 4420.9561 -7693.6641
-1466.4401 4205.7979 -7302.5918
-1893.15 3952.176 -6853.4399
-2226.104 3678.1201 -6379.1201
-2470.1101 3399.2561 -5898.9922
-2639.592 3119.1899 -5420.7998
-2741.762 2852.3459 -4961.9678
-2839.124 -2055.4199 4098.5122
-2870.376 -2260.9622 4539.9199
-2865.5681 -2489.342 5027.792
-2807.8721 -2730.9441 5550.5122
-2686.47 -2991.7781 6117.7598
-2483.332 -3259.824 6708.2397
-2181.6301 -3526.668 7304.5278
-1771.748 -3781.4922 7893.0718
-1252.484 -4005.064 8431.2803
-620.232 -4182.96 8897.8555
103.372 -4298.3521 9252.1436
899.096 -4340.4219 9478.6563
1727.274 -4298.3521 9544.4795
2563.866 -4173.3442 9451.5518
3368.0042 -3977.418 9197.9355
4116.8501 -3704.564 8787.5039
4767.1323 -3375.2161 8247.3604
5311.6382 -3001.394 7604.6079
5722.7222 -2611.946 6886.3521
6018.4141 -2221.2961 6123.5679
6203.522 -1842.666 5356.9121
6293.6719 -1497.692 4601.8721
6312.9043 -1187.576 3883.616
6282.854 -917.126 3206.0159
6228.7642 -681.534 2572.9441
6163.856 -469.982 1974.72
6095.3423 -293.288 1415.2159
6036.4443 -138.23 882.816
5996.7783 10.818 371.712
5975.1421 153.856 -139.392
5975.1421 300.5 -654.368
5997.98 459.164 -1180.96
6034.04 631.05 -1726.912
6078.5142 829.38 -2298.032
6115.7759 1056.558 -2904.0
6133.8062 1316.1901 -3550.624
6113.3721 1613.084 -4235.9678
6034.04 1943.634 -4954.2241
5877.7803 2300.6279 -5687.9678
5615.7441 2684.0662 -6429.4561
5238.3159 3069.908 -7147.7119
4745.4961 3442.5281 -7805.9521
4143.2939 3780.29 -8377.0723
3450.9421 4065.1641 -8832.0322
2684.0662 4286.332 -9155.3438
1875.12 4431.7739 -9325.7119
1062.568 4495.48 -9345.0723
272.854 4477.4502 -9211.4883
-459.164 4382.4922 -8948.1924
-1116.6581 4223.8281 -8566.7998
-1681.598 4011.074 -8094.416
-2138.3582 3761.0581 -7560.0801
-2488.1401 3488.2041 -7000.5762
-2736.9541 3214.1479 -6437.2002
-2901.6282 2937.688 -5879.6318
-2992.98 2672.0461 -5351.104
-3020.626 -1845.0701 4340.5122
-3068.7061 -2034.9861 4830.3198
-3078.322 -2241.73 5374.3359
-3036.252 -2462.8979 5962.8799
-2923.2642 -2697.2881 6607.5679
-2720.126 -2940.092 7283.2319
-2407.606 -3181.6941 7976.3198
-1973.6841 -3408.8721 8655.8555
-1414.754 -3602.394 9285.0557
-727.21 -3750.24 9831.0078
70.918 -3834.3801 10251.1201
939.964 -3847.6021 10508.6084
1852.282 -3783.896 10589.9199
2756.186 -3637.252 10475.6963
3634.8481 -3408.8721 10169.8076
4435.3799 -3116.7861 9678.0635
5125.3281 -2775.418 9039.1836
5685.46 -2401.5959 8274.4639
6102.5542 -2013.3501 7438.1118
6376.6104 -1633.5181 6555.2959
6524.4561 -1277.7261 5666.6719
6567.728 -964.004 4814.832
6538.8799 -692.352 4007.52
6464.356 -466.376 3262.1599
6365.792 -278.864 2571.0081
6263.6221 -129.816 1936.0
6172.27 -8.414 1345.52
6102.5542 88.948 795.696
6059.2822 171.886 271.04
6041.252 250.016 -245.872
6053.272 332.954 -770.528
6092.938 426.71 -1308.736
6151.8359 536.092 -1868.24
6225.1582 669.514 -2462.592
6297.2783 836.592 -3105.344
6353.772 1040.932 -3800.3679
6373.0039 1287.342 -4553.4722
6329.7319 1574.62 -5354.9761
6198.7144 1897.958 -6187.4561
5952.3042 2250.144 -7039.2959
5574.876 2619.158 -7871.7759
5060.4199 2979.7581 -8634.5596
4417.3501 3312.7122 -9298.6084
3664.8979 3602.394 -9827.1357
2833.114 3829.572 -10191.1035
1953.25 3989.438 -10386.6396
1061.366 4065.1641 -10394.3838
194.724 4063.9622 -10229.8242
-602.202 3989.438 -9908.4482
-1318.594 3845.198 -9451.5518
-1921.998 3650.4741 -8892.0479
-2402.7981 3422.094 -8262.8477
-2762.196 3172.0781 -7612.3521
-3011.01 2913.6479 -6957.9839
-3163.6641 2660.0261 -6326.8481
-3239.3901 2418.4241 -5734.4321
-3170.876 -1590.246 4567.0239
-3234.582 -1746.506 5095.5518
-3258.6221 -1917.1901 5687.9678
-3229.7742 -2101.0959 6336.5278
-3127.604 -2294.6179 7043.168
-2930.4761 -2494.1501 7802.0801
-2613.1479 -2690.0759 8584.2236
-2161.196 -2870.376 9360.5596
-1567.4081 -3020.626 10084.624
-829.38 -3122.7961 10711.8877
26.444 -3169.6741 11199.7598
970.014 -3145.634 11499.8398
1956.8561 -3049.4741 11588.8955
2935.2839 -2887.2041 11461.1201
3875.248 -2652.814 11112.6396
4729.8701 -2367.9399 10551.2002
5457.0801 -2045.8041 9815.5195
6044.8579 -1694.8201 8942.3838
6459.5483 -1347.442 7993.7441
6716.7759 -1025.306 7002.5117
6833.3701 -741.634 6028.7041
6841.7842 -495.224 5099.4238
6772.0684 -301.702 4237.9038
6657.8779 -155.058 3449.9519
6524.4561 -49.282 2733.6321
6392.2363 25.242 2073.4561
6276.8442 76.928 1467.488
6186.6943 111.786 900.24
6127.7959 137.028 358.16
6102.5542 159.866 -178.112
6116.978 186.31 -718.256
6163.856 223.572 -1279.696
6240.7842 277.662 -1870.176
6336.9443 355.792 -2497.4399
6441.5181 461.568 -3175.04
6536.4761 603.404 -3922.3359
6600.1821 788.512 -4735.4561
6597.7783 1020.498 -5618.272
6505.2241 1296.958 -6547.5518
6288.8643 1605.8721 -7503.936
5923.4561 1938.826 -8440.96
5399.3843 2277.79 -9316.0322
4731.0723 2601.1279 -10088.4961
3940.156 2888.406 -10694.4639
3049.4741 3126.4021 -11128.1279
2098.6921 3304.2981 -11354.6396
1133.486 3411.2761 -11377.8721
197.128 3447.3362 -11192.0156
-670.716 3411.2761 -10824.1758
-1444.8041 3306.7021 -10299.5195
-2095.0859 3157.6541 -9656.7676
-2604.7341 2972.5461 -8944.3203
-2983.364 2760.9941 -8195.0879
-3234.582 2542.23 -7461.3437
-3384.832 2319.8601 -6746.96
-3448.5381 2109.51 -6082.9121
-3295.884 -1307.776 4762.5601
-3369.2061 -1430.38 5333.6802
-3401.6602 -1558.994 5968.688
-3376.418 -1692.416 6671.4561
-3274.248 -1830.646 7443.9199
-3069.908 -1966.472 8268.6563
-2736.9541 -2090.2781 9124.3682
-2257.356 -2196.054 9980.0801
-1621.498 -2268.1741 10779.6475
-830.582 -2297.022 11466.9277
90.15 -2271.78 11993.5195
1091.416 -2187.6401 12309.0879
2140.762 -2039.7941 12386.5283
3172.0781 -1836.656 12218.0957
4162.5259 -1579.428 11799.9199
5045.9961 -1294.5541 11161.04
5790.0342 -983.236 10324.6875
6364.5903 -675.524 9343.1357
6749.23 -393.054 8278.3359
6959.5801 -140.634 7186.4321
7019.6802 67.312 6113.8882
6963.186 222.37 5109.104
6839.3799 330.55 4191.4399
6678.312 396.66 3366.7041
6507.6279 424.306 2619.408
6347.7622 420.7 1947.616
6215.542 394.256 1335.84
6116.978 350.984 772.464
6058.0801 296.894 236.192
6042.4541 240.4 -286.528
6066.4941 186.31 -816.992
6130.2002 140.634 -1368.752
6229.9663 110.584 -1949.552
6353.772 100.968 -2576.8159
6493.2041 122.604 -3275.7119
6630.2319 179.098 -4046.24
6733.604 274.056 -4901.9521
6779.2803 417.094 -5844.7842
6725.1899 608.212 -6849.5679
6540.082 842.602 -7896.9438
6189.0981 1110.6481 -8938.5117
5668.6323 1396.724 -9916.1924
4979.8862 1681.598 -10773.8398
4155.314 1948.442 -11459.1836
3217.7542 2182.832 -11947.0557
2214.084 2378.7581 -12208.416
1188.7781 2510.978 -12229.7119
188.714 2592.7141 -12028.3682
-735.624 2610.7441 -11621.8076
-1561.3981 2572.28 -11031.3281
-2246.5381 2485.7361 -10318.8799
-2786.2361 2360.728 -9517.376
-3170.876 2211.6799 -8696.5117
-3424.498 2050.6121 -7883.3921
-3566.334 1887.14 -7107.0562
-3622.8281 1727.274 -6396.5439
-3384.832 -989.246 4929.0562
-3461.76 -1067.376 5521.4722
-3496.6182 -1144.3041 6187.4561
-3472.5781 -1218.828 6925.0718
-3365.6001 -1289.746 7738.1919
-3151.644 -1348.644 8613.2637
-2803.064 -1389.5121 9525.1201
-2297.022 -1402.734 10429.2324
-1627.5081 -1382.3 11273.3281
-792.118 -1319.796 12001.2637
173.088 -1214.02 12543.3438
1229.646 -1063.77 12862.7842
2321.062 -867.844 12920.8643
3400.458 -623.838 12711.7764
4416.1479 -359.398 12241.3281
5318.8501 -91.352 11528.8799
6060.4839 175.492 10617.0244
6615.8081 411.084 9558.0322
6971.6001 602.202 8431.2803
7143.4863 744.038 7273.5518
7162.7183 832.986 6162.2881
7066.5581 869.046 5132.3359
6904.2881 861.834 4210.7998
6709.564 814.956 3388.0
6510.0322 738.028 2652.3201
6324.9243 639.464 1988.272
6172.27 525.274 1388.1119
6058.0801 402.67 832.48
5989.5659 278.864 307.824
5964.3242 153.856 -214.896
5988.3643 32.454 -743.424
6059.2822 -81.736 -1291.312
6169.8662 -181.502 -1875.984
6311.7021 -265.642 -2507.1199
6477.5781 -329.348 -3211.824
6644.6562 -365.408 -3997.8401
6792.502 -366.61 -4874.8481
6882.6523 -322.136 -5854.4639
6875.4399 -231.986 -6903.7759
6734.8062 -96.16 -8018.9121
6422.2861 87.746 -9143.7275
5923.4561 305.308 -10204.6563
5247.9321 538.496 -11145.5518
4414.9463 782.502 -11906.4004
3453.3459 1014.488 -12463.9678
2416.02 1229.646 -12771.792
1345.038 1406.34 -12831.8076
295.692 1549.3781 -12642.0801
-685.14 1647.942 -12225.8398
-1557.792 1697.224 -11610.1924
-2291.012 1697.224 -10841.5996
-2860.76 1658.76 -9997.5039
-3271.844 1592.65 -9112.752
-3537.4861 1510.9141 -8249.2959
-3687.7361 1412.35 -7416.8159
-3741.8262 1307.776 -6650.1602
-3430.5081 -663.504 5051.0239
-3503.8301 -697.16 5670.5439
-3531.4761 -721.2 6361.6958
-3495.416 -734.422 7120.6079
-3371.6101 -729.614 7955.0239
-3134.8162 -701.968 8851.3916
-2752.5801 -645.474 9782.6084
-2208.074 -555.324 10702.208
-1495.2881 -425.508 11544.3682
-617.828 -252.42 12256.8164
396.66 -33.656 12777.5996
1489.2781 217.562 13046.7041
2610.7441 488.012 13048.6396
3696.1501 771.684 12769.8555
4708.2339 1045.74 12227.7764
5580.8862 1292.15 11441.7598
6281.6523 1498.894 10456.3359
6776.876 1653.952 9345.0723
7068.9619 1745.3041 8171.856
7174.7383 1777.7581 6988.96
7127.8604 1750.1121 5862.208
6972.8022 1673.1841 4830.3198
6760.0483 1556.5901 3912.656
6529.2642 1406.34 3105.344
6303.2881 1228.444 2387.0879
6106.1602 1039.73 1752.08
5943.8901 835.39 1179.024
5828.498 627.444 656.304
5763.5903 413.488 164.56
5746.7622 200.734 -319.44
5780.418 -9.616 -811.184
5863.356 -215.158 -1322.288
5988.3643 -409.882 -1872.1119
6151.8359 -591.384 -2470.3359
6342.9541 -756.058 -3147.936
6542.4863 -896.692 -3916.5281
6726.3921 -1008.478 -4785.792
6858.6123 -1080.598 -5759.6001
6900.6821 -1108.244 -6822.4639
6804.522 -1080.598 -7958.896
6535.2739 -1001.266 -9120.4961
6068.8979 -872.652 -10231.7598
5413.8081 -698.362 -11230.7363
4595.2461 -496.426 -12049.6641
3633.646 -270.45 -12655.6318
2584.3 -38.464 -13015.7275
1494.0861 183.906 -13112.5283
412.286 387.044 -12947.9678
-597.394 561.334 -12545.2803
-1513.318 700.766 -11929.6318
-2276.5881 802.936 -11157.168
-2876.386 866.642 -10282.0957
-3306.7021 895.49 -9377.9844
-3587.97 895.49 -8485.4883
-3747.8362 873.854 -7629.7759
-3809.1382 837.794 -6843.7598
-3435.3162 -318.53 5143.9521
-3496.6182 -302.904 5761.5361
-3511.042 -275.258 6454.624
-3455.75 -227.178 7219.3437
-3307.9041 -152.654 8053.7598
-3039.8582 -43.272 8942.3838
-2626.3701 99.766 9854.2402
-2043.4 289.682 10746.7363
-1293.3521 524.072 11554.0479
-379.832 799.33 12212.2881
657.494 1108.244 12665.3115
1771.748 1439.996 12868.5918
2893.2141 1771.748 12791.1523
3961.792 2081.864 12446.5439
4940.2202 2359.5261 11840.5762
5772.0039 2580.6941 11000.3516
6411.4683 2728.54 9987.8242
6846.5923 2800.6602 8861.0723
7077.376 2795.8521 7705.2798
7121.8501 2708.106 6553.3599
7026.8921 2554.25 5480.8159
6838.1782 2348.708 4510.8799
6600.1821 2104.7021 3655.168
6351.3682 1840.2621 2911.7439
6113.3721 1560.196 2257.376
5904.2241 1269.312 1672.704
5733.54 978.428 1148.048
5609.7339 689.948 664.048
5537.6143 406.276 207.152
5515.978 126.21 -247.808
5549.6343 -151.452 -706.64
5633.7739 -426.71 -1192.576
5767.1963 -692.352 -1713.36
5937.8799 -951.984 -2280.6079
6141.0181 -1205.6061 -2919.488
6358.5801 -1443.6021 -3645.488
6571.334 -1659.962 -4476.0317
6740.8159 -1845.0701 -5411.1201
6827.3604 -1986.906 -6441.0718
6790.0981 -2072.248 -7560.0801
6583.354 -2097.49 -8713.9355
6183.0879 -2053.0161 -9840.6875
5577.2803 -1949.644 -10878.3838
4804.394 -1782.566 -11749.584
3878.854 -1566.2061 -12415.5684
2842.73 -1316.1901 -12843.4238
1753.718 -1048.144 -13011.8555
662.302 -780.098 -12916.9922
-376.226 -522.87 -12570.4482
-1320.998 -286.076 -12007.0723
-2123.9341 -82.938 -11265.584
-2760.9941 81.736 -10417.6162
-3232.178 204.34 -9521.248
-3543.4961 292.086 -8628.752
-3729.8062 344.974 -7761.4238
-3807.936 373.822 -6959.9199
-3398.054 12.02 5188.48
-3443.73 67.312 5809.936
-3434.114 144.24 6504.96
-3349.9741 248.814 7258.064
-3163.6641 389.448 8078.9277
-2853.5481 573.354 8936.5762
-2388.374 805.34 9798.0957
-1756.1221 1086.608 10624.7676
-956.792 1414.754 11343.0244
-4.808 1788.576 11904.4639
1057.76 2186.438 12243.2637
2169.6101 2586.7041 12326.5117
3267.0361 2966.5361 12140.6563
4289.938 3300.6921 11695.376
5199.8521 3573.5461 11010.0322
5942.688 3765.866 10125.2803
6489.5981 3868.0361 9087.584
6822.5522 3870.4402 7970.5117
6954.772 3776.6841 6849.5679
6915.106 3597.5862 5763.4722
6749.23 3347.5701 4764.4961
6510.0322 3047.0701 3877.8079
6235.9761 2708.106 3097.6001
5966.728 2353.5161 2427.7439
5715.5103 1989.3101 1839.2
5505.1602 1619.094 1322.288
5340.4863 1251.282 861.52
5223.8921 883.47 439.472
5161.3882 519.264 44.528
5149.3682 152.654 -344.608
5187.832 -209.148 -743.424
5279.1841 -564.94 -1161.6
5417.4141 -919.53 -1616.5599
5597.7139 -1268.11 -2116.0481
5812.8721 -1615.488 -2687.168
6044.8579 -1947.24 -3341.5359
6280.4502 -2264.5681 -4092.7039
6487.1943 -2549.4421 -4954.2241
6623.02 -2793.448 -5918.3521
6645.8579 -2978.5562 -6973.4722
6508.8301 -3091.5439 -8082.7998
6184.29 -3125.2 -9188.2559
5656.6123 -3071.1101 -10225.9521
4941.4219 -2937.688 -11124.2559
4066.366 -2729.7419 -11840.5762
3073.5142 -2468.908 -12328.4482
2009.744 -2163.6001 -12572.3838
924.338 -1837.858 -12556.8955
-116.594 -1510.9141 -12299.4082
-1079.396 -1197.192 -11809.5996
-1912.3821 -908.712 -11141.6797
-2583.0981 -662.302 -10351.792
-3087.938 -459.164 -9498.0156
-3435.3162 -300.5 -8634.5596
-3649.272 -181.502 -7792.3999
-3752.644 -93.756 -7010.2559
-3327.136 342.57 5200.0962
-3351.176 433.922 5808.0
-3313.9141 551.718 6479.792
-3197.3201 700.766 7215.4722
-2972.5461 887.076 7997.6157
-2615.552 1121.4661 8806.8643
-2104.7021 1406.34 9604.4961
-1423.168 1747.708 10344.0479
-586.576 2132.3481 10957.7598
393.054 2563.866 11393.3604
1454.42 3013.4141 11606.3203
2547.0381 3454.5481 11563.7275
3607.2021 3862.0261 11269.4561
4571.2061 4208.2021 10733.1836
5405.394 4476.248 9983.9521
6060.4839 4651.7402 9062.416
6511.2339 4722.6582 8028.5918
6745.624 4673.376 6950.2397
6788.896 4517.1162 5902.8638
6674.7061 4263.4941 4915.5039
6457.144 3934.146 4040.4319
6183.0879 3543.4961 3273.7759
5892.2041 3121.594 2617.4719
5612.1382 2680.46 2057.968
5359.7183 2232.114 1572.032
5149.3682 1786.172 1142.24
4981.0879 1345.038 756.976
4863.292 917.126 400.752
4799.5859 501.234 65.824
4785.1621 85.342 -271.04
4822.4243 -328.146 -615.648
4910.1699 -741.634 -981.552
5047.1982 -1153.92 -1380.368
5223.8921 -1568.61 -1814.032
5442.6562 -1978.4921 -2307.7119
5685.46 -2383.5662 -2874.96
5940.2842 -2774.2161 -3535.136
6178.2803 -3140.8262 -4297.9199
6360.9839 -3461.76 -5159.4399
6449.9321 -3723.7961 -6129.376
6397.0439 -3907.7021 -7165.1357
6165.0581 -3995.448 -8231.8721
5734.7422 -3987.0342 -9257.9521
5112.106 -3883.6621 -10183.3604
4310.3721 -3687.7361 -10955.8242
3376.418 -3419.6899 -11525.0078
2354.718 -3097.554 -11867.6797
1290.948 -2730.9441 -11966.416
247.612 -2353.5161 -11821.2158
-730.816 -1979.6941 -11447.5684
-1596.256 -1631.114 -10880.3203
-2312.6479 -1319.796 -10173.6797
-2864.366 -1054.1541 -9381.8555
-3253.814 -836.592 -8570.6719
-3507.436 -661.1 -7757.5518
-3645.666 -524.072 -6990.896
-3220.158 644.272 5174.9277
-3217.7542 769.28 5777.0239
-3149.24 921.934 6435.2642
-2994.1821 1104.6381 7136.0962
-2723.7319 1333.0181 7877.584
-2313.8501 1609.478 8628.752
-1742.9 1935.2201 9347.0078
-1009.68 2313.8501 9980.0801
-123.806 2745.3682 10469.8877
878.662 3204.532 10764.1602
1944.8361 3679.322 10826.1123
3009.8081 4136.082 10634.4482
4015.8821 4553.1763 10206.5918
4895.7461 4898.1499 9565.7764
5627.7642 5162.5903 8735.2324
6165.0581 5322.4561 7771.104
6488.396 5365.728 6735.3437
6597.7783 5290.002 5695.7119
6523.2539 5098.8843 4714.1602
6312.9043 4805.5962 3833.28
6016.0103 4425.7642 3066.624
5686.6621 3993.0442 2421.936
5365.728 3525.4661 1883.728
5071.2383 3036.252 1430.704
4815.2119 2537.4221 1045.4399
4612.0742 2039.7941 712.448
4457.0161 1544.5701 416.24
4352.4419 1056.558 149.072
4299.5542 576.96 -106.48
4292.3423 96.16 -360.096
4333.21 -389.448 -621.456
4424.562 -866.642 -900.24
4566.3979 -1339.0281 -1206.1281
4747.8999 -1809.01 -1544.928
4975.0781 -2278.9919 -1939.8719
5233.5083 -2742.9641 -2400.6399
5507.564 -3197.3201 -2942.72
5779.2163 -3624.03 -3587.408
6013.606 -4003.8621 -4334.7041
6173.4722 -4318.7861 -5198.1602
6209.5322 -4548.3682 -6158.416
6074.9082 -4674.5781 -7167.0718
5744.3579 -4690.2041 -8173.792
5217.8823 -4601.2559 -9110.8164
4505.0962 -4410.1382 -9929.7441
3637.252 -4136.082 -10580.2402
2667.238 -3795.916 -11013.9043
1637.124 -3412.478 -11224.9277
608.212 -3009.8081 -11193.9521
-376.226 -2607.1379 -10938.4004
-1265.7061 -2223.7 -10485.376
-2014.552 -1877.524 -9875.5361
-2605.936 -1574.62 -9165.0244
-3037.4541 -1318.594 -8409.9844
-3328.3381 -1103.436 -7649.1357
-3499.022 -930.348 -6919.2642
-3087.938 938.762 5126.5278
-3060.292 1084.204 5703.4561
-2962.9302 1256.09 6332.6558
-2770.6101 1461.6321 6998.6401
-2459.292 1705.6381 7693.6641
-2004.936 1995.3201 8384.8164
-1389.5121 2333.082 9025.6318
-613.02 2720.126 9559.9678
300.5 3151.644 9929.7441
1318.594 3613.2122 10092.3682
2379.96 4085.5981 10016.8643
3413.6802 4537.5503 9699.3604
4362.0581 4943.8262 9155.3438
5173.4082 5283.9922 8417.7275
5812.8721 5537.6143 7523.2959
6246.7939 5686.6621 6522.3838
6454.7402 5720.3179 5488.5601
6451.1343 5628.9663 4489.584
6275.6421 5421.02 3589.344
5976.3442 5103.6919 2813.0081
5618.1479 4698.6182 2181.8721
5249.1343 4228.6362 1678.512
4906.564 3721.3921 1279.696
4601.2559 3190.1082 958.32
4346.4321 2649.208 695.024
4140.8901 2102.2981 468.512
3988.2361 1571.014 265.232
3883.6621 1049.3461 77.44
3830.7742 539.698 -102.608
3824.7642 32.454 -286.528
3864.4302 -480.8 -478.192
3953.3782 -986.842 -687.28
4086.8 -1491.682 -919.6
4265.8979 -1996.5221 -1179.024
4491.874 -2501.3621 -1479.104
4755.1123 -3001.394 -1835.328
5049.6021 -3487.002 -2263.1841
5356.1123 -3943.762 -2783.968
5643.3901 -4353.644 -3411.2319
5878.9819 -4696.2139 -4164.3359
6010.0 -4948.6343 -5041.3437
5983.5562 -5096.48 -5997.728
5767.1963 -5131.3379 -6985.0879
5348.8999 -5062.8242 -7939.5361
4734.6782 -4888.5342 -8806.8643
3950.9741 -4626.498 -9536.7363
3035.05 -4292.3423 -10082.6875
2045.8041 -3908.9041 -10411.8076
1032.5181 -3505.032 -10514.416
36.06 -3090.342 -10388.5762
-882.268 -2691.2781 -10051.7119
-1669.578 -2327.072 -9542.5439
-2306.6379 -2003.734 -8913.3438
-2779.0242 -1722.4661 -8220.2559
-3111.978 -1484.47 -7505.8721
-3316.3181 -1282.5341 -6806.9761
-2934.082 1199.5961 5049.0879
-2879.9919 1361.866 5610.5278
-2748.9741 1554.186 6212.624
-2521.7961 1776.556 6847.6318
-2167.2061 2037.39 7498.1279
-1665.972 2336.688 8125.3921
-1002.468 2678.0562 8688.7676
-177.896 3061.4941 9128.2402
769.28 3479.79 9383.792
1806.6061 3923.3281 9414.7676
2857.1541 4371.6743 9201.8076
3848.804 4797.1821 8748.7842
4737.082 5186.6299 8080.8638
5464.292 5508.7661 7240.6401
5997.98 5749.166 6268.7681
6311.7021 5887.396 5223.3281
6393.438 5916.2441 4177.8882
6257.6123 5822.4883 3204.0801
5960.7183 5616.9463 2365.792
5556.8462 5304.4263 1678.512
5113.3081 4900.5542 1153.856
4685.396 4429.3701 768.592
4305.564 3912.51 489.808
3984.6301 3374.0142 284.592
3726.2 2819.8921 127.776
3527.8701 2256.1541 3.872
3387.2361 1696.022 -96.8
3298.2881 1135.89 -185.856
3252.6121 588.98 -272.976
3252.6121 36.06 -363.968
3298.2881 -510.85 -462.704
3390.842 -1056.558 -571.12
3530.2742 -1592.65 -698.896
3716.584 -2125.136 -849.904
3949.772 -2660.0261 -1039.632
4223.8281 -3190.1082 -1279.696
4543.5601 -3697.3521 -1589.4559
4890.938 -4174.5459 -1990.208
5240.7202 -4594.0439 -2503.248
5556.8462 -4943.8262 -3155.6799
5784.0239 -5202.2559 -3951.376
5864.5581 -5354.9102 -4863.2319
5756.3779 -5396.98 -5838.9761
5439.0503 -5332.0723 -6814.7197
4917.3823 -5164.9941 -7732.3838
4208.2021 -4913.7759 -8535.8242
3355.9841 -4589.2358 -9172.7676
2400.394 -4219.02 -9610.3037
1405.1381 -3827.168 -9821.3281
412.286 -3430.5081 -9807.7764
-521.668 -3044.666 -9571.584
-1336.624 -2684.0662 -9153.4082
-2003.734 -2359.5261 -8603.584
-2513.3821 -2074.6521 -7974.3838
-2878.79 -1823.4341 -7312.272
-3113.1802 -1609.478 -6661.7759
-2765.802 1436.39 4946.48
-2690.0759 1610.6801 5482.752
-2533.8162 1809.01 6057.7441
-2276.5881 2033.7841 6655.9678
-1891.948 2291.012 7263.8721
-1354.6541 2587.906 7840.7998
-658.696 2914.8501 8340.2881
191.118 3275.45 8700.3838
1163.536 3668.5042 8864.9443
2205.6699 4078.386 8793.3115
3239.3901 4485.8643 8471.9355
4208.2021 4877.7163 7912.4321
5052.0059 5237.1143 7149.6479
5711.9043 5532.8062 6230.0479
6163.856 5753.9741 5194.2881
6382.6201 5883.79 4108.1919
6358.5801 5909.0322 3053.072
6118.1802 5816.478 2096.688
5716.7119 5612.1382 1310.672
5222.6899 5300.8203 710.512
4710.6382 4898.1499 296.208
4235.8481 4424.562 34.848
3822.3601 3904.0962 -116.16
3485.8 3355.9841 -197.472
3216.552 2791.0439 -236.192
3013.4141 2218.8921 -251.68
2869.1741 1644.3361 -259.424
2777.822 1083.0021 -265.232
2733.3481 524.072 -272.976
2733.3481 -30.05 -286.528
2779.0242 -578.162 -311.696
2867.9722 -1125.072 -346.544
3002.5959 -1671.9821 -396.88
3186.502 -2209.2761 -464.64
3422.094 -2746.5701 -559.504
3714.1802 -3274.248 -696.96
4056.75 -3782.6941 -894.432
4442.5923 -4262.292 -1184.832
4851.272 -4680.5879 -1593.328
5246.73 -5029.168 -2154.7681
5570.0679 -5286.396 -2876.896
5758.7822 -5440.252 -3748.0959
5758.7822 -5488.332 -4721.9038
5546.0283 -5430.6362 -5724.752
5119.3179 -5282.79 -6688.8799
4489.4702 -5053.208 -7567.8237
3697.3521 -4759.9199 -8293.8242
2782.6301 -4418.5522 -8837.8398
1798.192 -4051.9421 -9165.0244
801.734 -3676.918 -9256.0156
-145.442 -3310.3081 -9116.624
-990.448 -2965.334 -8785.5684
-1692.416 -2650.4102 -8303.5039
-2234.5181 -2367.9399 -7734.3198
-2633.582 -2113.116 -7116.7358
-2900.426 -1888.342 -6497.2158
-2587.906 1647.942 4828.3838
-2485.7361 1835.454 5345.2959
-2303.032 2044.6021 5897.0562
-2016.9561 2275.386 6464.3042
-1599.8621 2535.0181 7031.5518
-1030.114 2819.8921 7563.9521
-302.904 3131.21 8001.4878
578.162 3470.1741 8289.9521
1566.2061 3827.168 8371.2637
2613.1479 4196.1821 8204.7676
3637.252 4563.9941 7780.7842
4570.0039 4914.978 7118.6719
5354.9102 5234.71 6259.0879
5945.0923 5501.5542 5252.3682
6308.0962 5699.8843 4143.04
6419.8823 5816.478 3010.48
6280.4502 5834.5083 1926.3199
5919.8501 5746.7622 977.68
5405.394 5554.4419 226.512
4806.7979 5258.75 -313.632
4211.8081 4877.7163 -644.688
3673.312 4426.9663 -809.248
3222.562 3925.7322 -861.52
2861.9622 3393.2461 -840.224
2586.7041 2836.72 -780.208
2385.97 2270.5781 -696.96
2250.144 1690.0121 -607.904
2168.408 1119.062 -518.848
2134.752 546.91 -433.664
2143.166 -20.434 -358.16
2190.0439 -588.98 -286.528
2288.6082 -1144.3041 -224.576
2432.8481 -1691.214 -174.24
2623.9661 -2235.72 -139.392
2870.376 -2780.2261 -133.584
3180.4919 -3309.106 -166.496
3556.718 -3812.7441 -259.424
3990.6401 -4277.918 -443.344
4466.6323 -4685.396 -762.784
4942.624 -5020.7539 -1246.7839
5357.314 -5269.5679 -1914.704
5645.7939 -5419.8179 -2760.7361
5744.3579 -5470.3022 -3732.6079
5620.5522 -5423.4243 -4758.688
5269.5679 -5290.002 -5775.0879
4708.2339 -5085.6621 -6714.0479
3967.802 -4818.8179 -7515.5518
3086.7361 -4509.9043 -8144.752
2123.9341 -4180.5562 -8553.248
1126.274 -3840.3901 -8729.4238
170.684 -3505.032 -8667.4717
-687.544 -3188.906 -8402.2402
-1407.542 -2888.406 -7980.1919
-1973.6841 -2615.552 -7459.4082
-2393.1821 -2365.5361 -6886.3521
-2681.6621 -2140.762 -6309.4238
-2399.1921 1842.666 4690.9277
-2281.396 2031.38 5180.7358
-2080.6621 2240.5281 5699.584
-1774.152 2468.908 6239.728
-1339.0281 2717.7222 6770.1919
-751.25 2988.1721 7258.064
-6.01 3276.6521 7651.0718
888.278 3587.97 7883.3921
1879.928 3900.49 7900.8159
2925.668 4229.8379 7670.4321
3941.3582 4550.772 7174.8159
4853.6763 4858.4839 6443.0078
5601.3203 5132.54 5513.728
6138.6143 5362.1221 4446.9922
6436.71 5535.21 3285.3921
6470.3662 5627.7642 2108.304
6243.188 5634.9761 1004.784
5788.832 5543.624 61.952
5184.2261 5352.5059 -654.368
4506.2979 5065.228 -1128.688
3841.592 4692.6079 -1376.496
3253.814 4252.6763 -1444.256
2762.196 3762.26 -1391.984
2377.5562 3241.7939 -1266.144
2087.874 2699.6921 -1107.392
1873.9181 2139.5601 -931.216
1729.678 1579.428 -756.976
1643.134 1018.094 -586.608
1607.074 468.78 -429.792
1613.084 -81.736 -278.784
1663.568 -632.252 -139.392
1757.324 -1176.7581 -5.808
1897.958 -1717.6581 118.096
2093.884 -2244.134 228.448
2352.314 -2765.802 321.376
2680.46 -3275.45 379.456
3084.332 -3764.6641 373.648
3562.728 -4214.2119 274.912
4094.012 -4604.8623 40.656
4648.1343 -4928.2002 -379.456
5154.1763 -5171.0039 -1002.848
5532.8062 -5316.4463 -1823.712
5727.5303 -5375.3442 -2797.52
5693.874 -5342.8901 -3844.896
5422.2222 -5231.104 -4911.6318
4924.5942 -5053.208 -5912.5439
4235.8481 -4824.8281 -6785.6802
3389.6401 -4557.9839 -7488.4478
2448.4741 -4267.1001 -7972.4478
1459.228 -3962.9941 -8220.2559
494.022 -3661.292 -8233.8076
-376.226 -3365.6001 -8030.5278
-1113.052 -3089.1401 -7662.688
-1700.8301 -2828.3062 -7188.3682
-2145.5701 -2581.896 -6650.1602
-2455.686 -2354.718 -6102.272
-2204.468 2010.946 4537.9839
-2067.4399 2209.2761 5008.4321
-1845.0701 2424.4341 5507.9199
-1519.328 2652.814 6013.2158
-1062.568 2898.022 6510.7681
-455.558 3158.856 6959.9199
305.308 3430.5081 7306.4639
1205.6061 3710.574 7486.5117
2202.064 3994.2461 7449.728
3240.592 4280.3223 7155.4561
4235.8481 4556.7822 6594.0161
5118.1162 4820.02 5790.5762
5821.2861 5053.208 4787.728
6297.2783 5246.73 3655.168
6520.8501 5384.96 2433.552
6465.5581 5459.4839 1210.0
6138.6143 5451.0703 81.312
5579.6841 5357.314 -867.328
4874.1099 5174.6099 -1564.288
4103.6279 4899.3521 -1997.952
3364.3979 4550.772 -2183.8081
2718.9241 4136.082 -2179.936
2191.2461 3675.7161 -2046.3519
1783.7681 3181.6941 -1837.264
1480.864 2655.218 -1587.52
1270.514 2114.3181 -1326.16
1128.678 1566.2061 -1064.8
1049.3461 1019.296 -813.12
1016.892 473.588 -574.992
1030.114 -75.726 -344.608
1090.214 -614.222 -118.096
1193.5861 -1145.506 102.608
1347.442 -1670.78 315.568
1550.5801 -2190.0439 513.04
1824.636 -2703.2981 695.024
2176.822 -3198.522 840.224
2616.7542 -3666.1001 923.472
3145.634 -4094.012 906.048
3740.624 -4469.0361 739.552
4368.0679 -4775.5459 373.648
4955.8462 -5007.5322 -218.768
5422.2222 -5154.1763 -1029.952
5692.6719 -5215.478 -2007.632
5731.1362 -5199.8521 -3082.1121
5523.1899 -5112.106 -4179.8242
5077.248 -4966.6641 -5225.2642
4423.3599 -4774.3442 -6152.6079
3608.4041 -4548.3682 -6907.6479
2686.47 -4299.5542 -7445.856
1709.244 -4038.72 -7747.8721
748.846 -3770.6741 -7804.0161
-125.008 -3508.6382 -7645.2642
-866.642 -3250.208 -7320.0161
-1456.824 -3003.7981 -6888.2881
-1912.3821 -2765.802 -6390.7358
-2235.72 -2544.634 -5875.7598
