x,y,z,Bx,By,Bz
95,110,0,-3115.584,-3837.9861,2638.7681
97,110,0,-3160.0581,-4257.4839,2911.7439
99,110,0,-3163.6641,-4719.0522,3206.0159
101,110,0,-3114.3821,-5219.084,3521.584
103,110,0,-2994.1821,-5757.5801,3852.6399
105,110,0,-2792.2461,-6317.7119,4195.312
107,110,0,-2488.1401,-6883.854,4537.9839
109,110,0,-2075.854,-7430.7642,4867.104
111,110,0,-1550.5801,-7934.4023,5167.1841
113,110,0,-912.318,-8364.7178,5424.6719
115,110,0,-174.29,-8689.2578,5627.9521
117,110,0,633.454,-8888.79,5757.6641
119,110,0,1489.2781,-8945.2842,5808.0
121,110,0,2348.708,-8853.9326,5777.0239
123,110,0,3199.7241,-8603.916,5655.0562
125,110,0,4001.458,-8218.0742,5455.6479
127,110,0,4726.2642,-7712.0322,5184.6079
129,110,0,5348.8999,-7109.8301,4851.6162
131,110,0,5863.356,-6441.5181,4470.2241
133,110,0,6262.4199,-5735.9443,4057.856
135,110,0,6550.8999,-5011.1382,3624.1919
137,110,0,6742.0181,-4304.3623,3182.7839
139,110,0,6856.208,-3615.616,2739.4399
141,110,0,6903.0859,-2973.748,2309.6479
143,110,0,6909.0962,-2371.5461,1889.536
145,110,0,6885.0562,-1807.808,1482.976
147,110,0,6850.1982,-1280.13,1088.032
149,110,0,6816.542,-786.108,710.512
151,110,0,6792.502,-300.5,340.736
153,110,0,6774.4722,171.886,-29.04
155,110,0,6768.4619,650.282,-404.624
157,110,0,6768.4619,1143.1021,-784.08
159,110,0,6774.4722,1652.75,-1167.408
161,110,0,6774.4722,2188.842,-1556.5439
163,110,0,6755.2402,2763.3979,-1961.168
165,110,0,6703.5542,3374.0142,-2377.408
167,110,0,6604.9902,4021.8921,-2803.3279
169,110,0,6434.3062,4699.8203,-3235.0559
171,110,0,6185.4922,5388.5659,-3664.8479
173,110,0,5834.5083,6082.1201,-4083.0239
175,110,0,5377.748,6748.0283,-4479.9038
177,110,0,4815.2119,7358.644,-4836.1279
179,110,0,4155.314,7888.7261,-5142.0161
181,110,0,3418.488,8311.8301,-5384.0161
183,110,0,2615.552,8602.7139,-5554.3838
185,110,0,1771.748,8758.9746,-5645.376
187,110,0,935.156,8767.3877,-5656.9922
189,110,0,132.22,8638.7744,-5587.2959
191,110,0,-611.818,8380.3438,-5445.9678
193,110,0,-1277.7261,8016.1382,-5242.688
195,110,0,-1848.676,7566.5903,-4991.0078
197,110,0,-2313.8501,7061.75,-4702.5439
199,110,0,-2668.4399,6520.8501,-4388.9121
201,110,0,-2924.4661,5981.1523,-4075.28
203,110,0,-3093.948,5446.2622,-3755.8401
205,110,0,-3188.906,4929.4019,-3444.144
205,112,0,-3696.1501,5114.5103,-3862.3201
203,112,0,-3640.8582,5690.2681,-4243.7119
201,112,0,-3497.8201,6309.2983,-4644.4639
199,112,0,-3252.6121,6949.9644,-5049.0879
197,112,0,-2886.002,7602.6499,-5455.6479
195,112,0,-2388.374,8225.2861,-5840.9121
193,112,0,-1747.708,8790.2266,-6181.6479
191,112,0,-984.438,9257.8037,-6462.3682
189,112,0,-116.594,9593.1621,-6661.7759
187,112,0,834.188,9781.876,-6768.2559
185,112,0,1825.838,9799.9063,-6776.0
183,112,0,2821.094,9643.6465,-6661.7759
181,112,0,3775.4822,9301.0762,-6454.624
179,112,0,4642.124,8803.4482,-6152.6079
177,112,0,5410.2021,8169.9941,-5763.4722
175,112,0,6053.272,7443.9863,-5316.2559
173,112,0,6548.4961,6655.4741,-4818.7041
171,112,0,6910.2983,5844.124,-4299.856
169,112,0,7141.082,5047.1982,-3771.3279
167,112,0,7276.9082,4282.7261,-3248.6079
165,112,0,7334.604,3567.5361,-2743.312
163,112,0,7337.0083,2912.446,-2261.248
161,112,0,7310.564,2315.052,-1802.416
159,112,0,7269.6963,1768.1421,-1364.88
157,112,0,7236.04,1254.8881,-942.832
155,112,0,7214.4043,772.886,-530.464
153,112,0,7213.2021,307.712,-125.84
151,112,0,7232.4341,-153.856,278.784
149,112,0,7276.9082,-628.646,685.344
147,112,0,7335.8062,-1127.4761,1113.2
145,112,0,7407.9263,-1665.972,1560.416
143,112,0,7477.6421,-2262.1641,2036.672
141,112,0,7528.126,-2918.4561,2540.032
139,112,0,7534.1362,-3633.646,3060.8159
137,112,0,7470.4302,-4411.3398,3604.832
135,112,0,7316.5742,-5247.9321,4166.272
133,112,0,7037.71,-6103.7563,4719.9678
131,112,0,6619.4141,-6965.5903,5258.1758
129,112,0,6062.8882,-7769.728,5746.0479
127,112,0,5347.6982,-8507.7559,6179.7119
125,112,0,4511.106,-9129.1904,6534.0
123,112,0,3566.334,-9601.5762,6791.4878
121,112,0,2556.6541,-9898.4697,6942.4961
119,112,0,1528.944,-10005.4482,6977.3437
117,112,0,512.052,-9929.7227,6903.7759
115,112,0,-449.548,-9676.1006,6725.6641
113,112,0,-1312.584,-9262.6123,6456.5601
111,112,0,-2050.6121,-8725.3184,6111.9521
109,112,0,-2639.592,-8102.6821,5717.0078
107,112,0,-3086.7361,-7434.3701,5287.2158
105,112,0,-3395.6501,-6758.8462,4849.6802
103,112,0,-3580.7581,-6095.3423,4414.0801
101,112,0,-3669.7061,-5469.1001,3999.7759
99,112,0,-3676.918,-4899.3521,3612.5759
97,112,0,-3626.4341,-4374.0781,3250.5439
95,112,0,-3535.082,-3904.0962,2923.3599
95,114,0,-3969.0042,-3907.7021,3213.76
97,114,0,-4116.8501,-4406.5322,3599.0239
99,114,0,-4228.6362,-4978.6841,4030.752
101,114,0,-4280.3223,-5616.9463,4503.1357
103,114,0,-4250.272,-6335.7422,5025.856
105,114,0,-4107.2339,-7113.436,5579.5518
107,114,0,-3816.3501,-7933.2002,6148.7358
109,114,0,-3357.186,-8755.3682,6714.0479
111,114,0,-2709.3081,-9533.0625,7248.3838
113,114,0,-1873.9181,-10220.6064,7722.7041
115,114,0,-863.036,-10759.1025,8100.2241
117,114,0,276.46,-11102.874,8355.7764
119,114,0,1497.692,-11227.8818,8471.9355
121,114,0,2730.9441,-11117.2979,8442.8955
123,114,0,3946.166,-10773.5264,8257.04
125,114,0,5071.2383,-10212.1924,7935.6641
127,114,0,6065.292,-9466.9521,7480.7041
129,114,0,6891.0659,-8583.4824,6927.0078
131,114,0,7523.3184,-7611.064,6301.6802
133,114,0,7959.644,-6601.3843,5629.8882
135,114,0,8219.2764,-5601.3203,4938.7358
137,114,0,8327.4561,-4661.356,4257.2642
139,114,0,8322.6484,-3794.7141,3600.96
141,114,0,8242.1143,-3033.8481,2987.248
143,114,0,8123.1162,-2351.1121,2410.3201
145,114,0,7994.502,-1736.89,1868.24
147,114,0,7881.5142,-1181.566,1357.136
149,114,0,7781.748,-691.15,873.136
151,114,0,7712.0322,-230.784,406.56
153,114,0,7684.3862,219.966,-50.336
155,114,0,7697.6079,682.736,-514.976
157,114,0,7744.4863,1162.334,-987.36
159,114,0,7822.6162,1679.194,-1479.104
161,114,0,7912.7661,2242.9321,-1992.144
163,114,0,8006.522,2873.9819,-2534.2239
165,114,0,8072.6323,3579.5562,-3105.344
167,114,0,8084.6523,4371.6743,-3720.9919
169,114,0,8002.916,5247.9321,-4363.7441
171,114,0,7804.5859,6165.0581,-5018.1118
173,114,0,7439.1782,7147.0923,-5668.6079
175,114,0,6900.6821,8102.6821,-6301.6802
177,114,0,6180.6841,8989.7578,-6884.416
179,114,0,5287.5981,9765.0479,-7381.9678
181,114,0,4259.8882,10369.6543,-7771.104
183,114,0,3127.604,10789.1523,-8028.5918
185,114,0,1940.0281,10997.0986,-8156.3682
187,114,0,757.26,10979.0684,-8140.8799
189,114,0,-378.63,10750.6885,-7989.8721
191,114,0,-1402.734,10327.584,-7713.0239
193,114,0,-2299.426,9747.0186,-7337.4399
195,114,0,-3026.636,9049.8584,-6878.6079
197,114,0,-3578.354,8286.5879,-6371.376
199,114,0,-3959.3882,7500.48,-5842.8481
201,114,0,-4190.1719,6734.8062,-5318.1919
203,114,0,-4295.9482,6007.5962,-4809.0239
205,114,0,-4304.3623,5339.2842,-4332.7681
205,116,0,-4937.8159,5406.5962,-4843.8721
203,116,0,-5005.1279,6133.8062,-5426.6079
201,116,0,-4972.6743,6963.186,-6073.2319
199,116,0,-4792.374,7859.8779,-6748.896
197,116,0,-4429.3701,8807.0537,-7445.856
195,116,0,-3850.0061,9748.2197,-8127.3281
193,116,0,-3036.252,10629.2861,-8760.4004
191,116,0,-2003.734,11379.334,-9292.7998
189,116,0,-793.32,11928.6484,-9689.6797
187,116,0,555.324,12243.5723,-9918.1279
185,116,0,1980.896,12292.8545,-9962.6563
183,116,0,3400.458,12070.4844,-9819.3916
181,116,0,4761.1221,11581.2705,-9488.3359
179,116,0,5988.3643,10855.2617,-8986.9121
177,116,0,7038.9121,9917.7021,-8334.4795
175,116,0,7862.2822,8838.3066,-7573.6318
173,116,0,8436.8379,7691.5981,-6745.0239
171,116,0,8777.0039,6554.5063,-5900.9277
169,116,0,8916.4365,5485.9282,-5072.3198
167,116,0,8909.2246,4507.5,-4282.4321
165,116,0,8801.0439,3645.666,-3546.752
163,116,0,8644.7842,2901.6282,-2874.96
161,116,0,8472.8984,2263.366,-2253.5039
159,116,0,8315.4365,1711.6481,-1686.256
157,116,0,8184.418,1209.212,-1148.048
155,116,0,8102.6821,766.876,-636.944
153,116,0,8075.0361,350.984,-141.328
151,116,0,8107.4902,-58.898,352.352
149,116,0,8194.0342,-480.8,855.712
147,116,0,8333.4658,-953.186,1380.368
145,116,0,8518.5742,-1480.864,1955.36
143,116,0,8736.1357,-2090.2781,2584.5601
141,116,0,8954.9004,-2798.2561,3269.9041
139,116,0,9147.2197,-3628.8381,4019.136
137,116,0,9261.4102,-4591.6401,4830.3198
135,116,0,9251.7939,-5683.0562,5695.7119
133,116,0,9055.8682,-6870.6323,6592.0801
131,116,0,8621.9463,-8108.6924,7482.6401
129,116,0,7935.604,-9301.0762,8309.3115
127,116,0,6984.8223,-10399.7041,9043.0557
125,116,0,5817.6802,-11324.042,9643.2158
123,116,0,4470.2383,-12017.5967,10076.8799
121,116,0,3013.4141,-12445.5078,10316.9443
119,116,0,1519.328,-12578.9307,10355.6641
117,116,0,49.282,-12422.6699,10191.1035
115,116,0,-1324.604,-11986.3438,9838.752
113,116,0,-2522.998,-11308.416,9325.7119
111,116,0,-3507.436,-10441.7744,8684.8955
109,116,0,-4228.6362,-9474.1641,7968.5762
107,116,0,-4708.2339,-8459.6758,7213.5361
105,116,0,-4965.4619,-7480.0459,6472.0479
103,116,0,-5048.3999,-6568.9302,5767.3437
101,116,0,-5005.1279,-5756.3779,5120.7202
99,116,0,-4870.5039,-5042.3901,4537.9839
97,116,0,-4680.5879,-4418.5522,4015.2639
95,116,0,-4458.2183,-3881.2581,3552.5601
95,118,0,-4936.6143,-3756.25,3872.0
97,118,0,-5240.7202,-4304.3623,4406.3359
99,118,0,-5525.5942,-4954.644,5025.856
101,118,0,-5767.1963,-5715.5103,5732.4961
103,118,0,-5931.8701,-6617.0103,6537.8721
105,118,0,-5963.1221,-7657.9424,7438.1118
107,118,0,-5786.4282,-8821.4785,8413.8555
109,118,0,-5335.6782,-10057.1338,9430.2559
111,118,0,-4556.7822,-11286.7803,10419.5518
113,118,0,-3434.114,-12397.4287,11315.9199
115,118,0,-2000.1281,-13224.4043,12053.5361
117,118,0,-346.176,-13648.71,12566.5762
119,118,0,1446.006,-13803.7686,12822.1279
121,118,0,3250.208,-13712.416,12791.1523
123,118,0,5024.3599,-13337.3926,12491.0723
125,118,0,6655.4741,-12589.748,11912.208
127,118,0,8063.0161,-11465.8779,11106.832
129,118,0,9166.4521,-10118.4365,10115.5996
131,118,0,9923.7119,-8656.8037,9010.1436
133,118,0,10334.7959,-7177.1421,7846.6079
135,118,0,10440.5723,-5786.4282,6696.624
137,118,0,10315.5645,-4557.9839,5618.272
139,118,0,10051.124,-3519.4561,4634.7842
141,118,0,9725.3818,-2670.844,3759.7119
143,118,0,9385.2158,-1961.6641,2969.824
145,118,0,9075.1006,-1381.098,2267.0559
147,118,0,8815.4678,-897.894,1624.304
149,118,0,8620.7441,-485.608,1035.76
151,118,0,8500.5439,-111.786,476.256
153,118,0,8459.6758,250.016,-71.632
155,118,0,8496.9385,617.828,-625.328
157,118,0,8617.1377,1015.69,-1194.512
159,118,0,8801.0439,1472.4501,-1802.416
161,118,0,9041.4443,1998.926,-2449.04
163,118,0,9321.5098,2631.178,-3165.3599
165,118,0,9607.5859,3405.2661,-3966.864
167,118,0,9856.4004,4328.4019,-4855.4878
169,118,0,10005.4482,5427.0303,-5837.04
171,118,0,9977.8018,6666.292,-6888.2881
173,118,0,9689.3223,8041.3804,-7995.6802
175,118,0,9097.9385,9442.9121,-9087.584
177,118,0,8167.5903,10773.5264,-10102.0479
179,118,0,6931.9341,11922.6387,-10963.5684
181,118,0,5463.0903,12809.7139,-11629.5518
183,118,0,3823.562,13324.1699,-12072.8955
185,118,0,2111.9141,13535.7227,-12252.9443
187,118,0,399.064,13493.6523,-12175.5039
189,118,0,-1232.05,13187.1426,-11850.2559
191,118,0,-2687.6721,12550.082,-11302.3682
193,118,0,-3912.51,11618.5322,-10564.752
195,118,0,-4842.8579,10525.9141,-9703.2324
197,118,0,-5459.4839,9362.3779,-8772.0156
199,118,0,-5794.8423,8225.2861,-7846.6079
201,118,0,-5904.2241,7174.7383,-6971.5361
203,118,0,-5846.5283,6231.168,-6158.416
205,118,0,-5678.248,5402.9902,-5424.6719
205,120,0,-6433.104,5250.3359,-6017.0879
203,120,0,-6729.998,6107.3623,-6899.9038
201,120,0,-6924.7222,7148.2939,-7925.9839
199,120,0,-6955.9741,8340.6777,-9062.416
197,120,0,-6716.7759,9688.1201,-10303.3916
195,120,0,-6119.3823,11112.4902,-11588.8955
193,120,0,-5088.0659,12492.3857,-12814.3838
191,120,0,-3652.8782,13526.1064,-13863.6963
189,120,0,-1901.5641,13998.4922,-14657.4561
187,120,0,68.514,14137.9238,-15135.6475
185,120,0,2151.5801,14158.3584,-15273.1035
183,120,0,4226.2319,14087.4404,-15073.6963
181,120,0,6204.7241,13863.8682,-14514.1924
179,120,0,7990.896,13072.9521,-13633.3115
177,120,0,9476.5684,11701.4697,-12477.5195
175,120,0,10547.5498,10070.3564,-11093.2803
173,120,0,11154.5605,8358.708,-9606.4316
171,120,0,11331.2539,6737.21,-8133.1357
169,120,0,11187.0146,5318.8501,-6770.1919
167,120,0,10843.2422,4121.6582,-5538.896
165,120,0,10408.1182,3162.4622,-4462.48
163,120,0,9963.3779,2406.4041,-3531.2639
161,120,0,9552.2939,1821.03,-2718.144
159,120,0,9215.7344,1349.8461,-2009.568
157,120,0,8947.6885,964.004,-1361.0079
155,120,0,8784.2158,649.08,-755.04
153,120,0,8721.7119,371.418,-176.176
151,120,0,8764.9844,102.17,396.88
149,120,0,8909.2246,-185.108,983.488
147,120,0,9153.2305,-518.062,1620.432
145,120,0,9497.002,-936.358,2325.136
143,120,0,9933.3281,-1454.42,3128.5759
141,120,0,10434.5625,-2121.53,4046.24
139,120,0,10962.2402,-2986.97,5105.2319
137,120,0,11453.8584,-4085.5981,6322.9761
135,120,0,11803.6406,-5467.8979,7718.832
133,120,0,11885.376,-7100.2144,9238.5918
131,120,0,11551.2197,-8906.8203,10822.2402
129,120,0,10742.2744,-10715.8301,12338.1279
127,120,0,9446.5186,-12386.6104,13697.2002
125,120,0,7757.708,-13597.0244,14804.5918
123,120,0,5773.2061,-14071.8145,15577.0557
121,120,0,3642.0601,-14199.2266,15981.6797
119,120,0,1450.8141,-14208.8418,16010.7197
117,120,0,-718.796,-14194.418,15664.1758
115,120,0,-2754.9841,-14023.7344,14940.1123
113,120,0,-4491.874,-13416.7246,13902.416
111,120,0,-5823.6899,-12134.1904,12630.4639
109,120,0,-6663.8882,-10613.6602,11253.9678
107,120,0,-7059.3462,-9101.5439,9865.8555
105,120,0,-7107.4263,-7743.2842,8582.2881
103,120,0,-6925.9243,-6571.334,7428.4321
101,120,0,-6614.606,-5594.1079,6431.3921
99,120,0,-6237.1782,-4791.1719,5575.6802
97,120,0,-5836.9121,-4125.2642,4845.8081
95,120,0,-5433.04,-3567.5361,4218.5439
95,122,0,-5897.0122,-3271.844,4536.0479
97,122,0,-6395.8423,-3789.906,5242.688
99,122,0,-6921.1162,-4430.5723,6088.7197
101,122,0,-7458.4102,-5216.6802,7099.312
103,122,0,-7975.27,-6211.936,8322.8643
105,122,0,-8393.5664,-7456.0063,9782.6084
107,122,0,-8583.4824,-8989.7578,11499.8398
109,122,0,-8351.4961,-10787.9502,13428.0957
111,122,0,-7508.894,-12699.1299,15429.9199
113,122,0,-5959.5161,-13973.25,17305.9043
115,122,0,-3807.936,-14217.2559,18829.5352
117,122,0,-1311.3821,-14230.4785,19857.5527
119,122,0,1345.038,-14246.1045,20362.8477
121,122,0,3984.6301,-14238.8926,20349.2949
123,122,0,6570.1323,-14225.6699,19824.6406
125,122,0,8980.1426,-14103.0664,18812.1113
127,122,0,11066.8145,-13193.1523,17296.2246
129,122,0,12631.8184,-11206.2461,15381.5195
131,122,0,13396.29,-8972.9297,13219.0078
133,122,0,13536.9238,-6811.7339,11017.7764
135,122,0,13265.2725,-4946.23,8965.6162
137,122,0,12679.8984,-3488.2041,7205.792
139,122,0,11907.0127,-2402.7981,5720.8799
141,122,0,11154.5605,-1613.084,4495.3921
143,122,0,10477.834,-1043.3361,3461.5679
145,122,0,9914.0957,-637.06,2584.5601
147,122,0,9472.9619,-334.156,1821.776
149,122,0,9167.6543,-106.978,1142.24
151,122,0,8987.3545,81.736,514.976
153,122,0,8932.0625,257.228,-100.672
155,122,0,9007.7881,441.134,-722.128
157,122,0,9208.5225,661.1,-1376.496
159,122,0,9535.4658,941.166,-2088.9441
161,122,0,9977.8018,1304.17,-2873.0239
163,122,0,10535.5303,1803.0,-3784.8799
165,122,0,11181.0039,2488.1401,-4863.2319
167,122,0,11872.1543,3428.104,-6154.5439
169,122,0,12508.0127,4693.8101,-7699.4722
171,122,0,12928.7119,6285.2583,-9472.8477
173,122,0,12951.5498,8196.4385,-11470.7998
175,122,0,12383.0039,10285.5146,-13536.5117
177,122,0,11150.9541,12291.6523,-15464.7676
179,122,0,9368.3877,13743.668,-17071.6484
181,122,0,7201.1821,14179.9941,-18270.0312
183,122,0,4820.02,14218.458,-18992.1602
185,122,0,2330.678,14231.6807,-19261.2637
187,122,0,-170.684,14231.6807,-19052.1758
189,122,0,-2562.6641,14214.8525,-18364.8965
191,122,0,-4704.6279,14069.4102,-17247.8242
193,122,0,-6439.1143,13253.252,-15739.6797
195,122,0,-7608.6602,11619.7344,-13991.4717
197,122,0,-8188.0239,9885.248,-12189.0557
199,122,0,-8285.3857,8319.042,-10512.4795
201,122,0,-8076.2383,6981.2163,-9031.4404
203,122,0,-7687.9922,5871.77,-7742.064
205,122,0,-7221.6162,4970.27,-6657.9038
205,124,0,-7980.0781,4478.6519,-7256.1279
203,124,0,-8629.1582,5310.436,-8528.0801
201,124,0,-9260.208,6395.8423,-10107.8555
199,124,0,-9763.8457,7764.9199,-12014.8164
197,124,0,-9946.5498,9509.0225,-14312.8477
195,124,0,-9530.6582,11534.3926,-16874.1758
193,124,0,-8262.5479,13466.0059,-19483.9043
191,124,0,-6150.6343,14198.0244,-21696.752
189,124,0,-3490.6082,14232.8818,-22649.2637
187,124,0,-575.758,14244.9023,-22825.4395
185,124,0,2410.01,14248.5078,-22840.9277
183,124,0,5362.1221,14235.2861,-22809.9512
181,124,0,8210.8623,14225.6699,-22689.9199
179,124,0,10850.4541,13993.6846,-21820.6562
177,124,0,13050.1143,12568.1123,-19650.4004
175,124,0,14000.8965,10162.9102,-16866.4316
173,124,0,14141.5303,7657.9424,-13888.8643
171,124,0,14045.3701,5455.8779,-11095.2158
169,124,0,13681.1641,3758.6541,-8733.2959
167,124,0,12873.4199,2545.8359,-6814.7197
165,124,0,11893.79,1727.274,-5291.0879
163,124,0,11025.9463,1187.576,-4069.4719
161,124,0,10309.5537,841.4,-3070.4961
159,124,0,9754.2305,623.838,-2232.208
157,124,0,9347.9541,491.618,-1498.464
155,124,0,9097.9385,415.892,-836.352
153,124,0,9000.5762,372.62,-209.088
151,124,0,9048.6563,336.56,408.496
149,124,0,9242.1777,289.682,1047.376
147,124,0,9595.5664,204.34,1752.08
145,124,0,10104.0117,52.888,2555.52
143,124,0,10799.9697,-209.148,3506.0959
141,124,0,11663.0059,-614.222,4656.0801
139,124,0,12684.7061,-1248.8781,6077.104
137,124,0,13640.2959,-2211.6799,7869.8398
135,124,0,14112.6826,-3645.666,10134.96
133,124,0,14214.8525,-5646.9961,12909.248
131,124,0,14217.2559,-8191.6304,16103.6475
129,124,0,14113.8838,-10914.1602,19301.9199
127,124,0,13069.3467,-13289.3125,21965.8555
125,124,0,10535.5303,-14183.6006,22813.8242
123,124,0,7626.6899,-14238.8926,22860.2871
121,124,0,4567.6001,-14248.5078,22866.0957
119,124,0,1408.744,-14250.9121,22866.0957
117,124,0,-1783.7681,-14241.2959,22852.543
115,124,0,-4907.7661,-14232.8818,22804.1445
113,124,0,-7644.7202,-14131.9141,21896.1602
111,124,0,-9541.4766,-12837.3604,19133.4883
109,124,0,-10356.4326,-10528.3184,16150.1123
107,124,0,-10308.3525,-8472.8984,13406.7998
105,124,0,-9780.6738,-6852.6021,11133.9355
103,124,0,-9063.0801,-5613.3403,9290.8643
101,124,0,-8314.2344,-4670.9722,7821.4399
99,124,0,-7601.4482,-3943.762,6630.7998
97,124,0,-6939.146,-3361.9941,5662.7998
95,124,0,-6334.54,-2892.012,4859.3599
95,126,0,-6689.1299,-2426.8381,5128.4639
97,126,0,-7365.856,-2798.2561,5993.856
99,126,0,-8133.9341,-3262.228,7066.3999
101,126,0,-9001.7783,-3846.4001,8400.3037
103,126,0,-9976.6006,-4612.0742,10103.9844
105,126,0,-11031.9561,-5651.8042,12324.5762
107,126,0,-12028.4141,-7105.022,15259.5518
109,126,0,-12600.5664,-9138.8066,19096.7031
111,126,0,-12013.9902,-11669.0166,22740.2559
113,126,0,-9715.7666,-13815.7881,22891.2637
115,126,0,-6186.6943,-14210.0439,22926.1113
117,126,0,-2333.082,-14225.6699,22935.791
119,126,0,1448.41,-14232.8818,22951.2793
121,126,0,5072.4399,-14226.8721,22953.2168
123,126,0,8621.9463,-14194.418,22953.2168
125,126,0,12034.4238,-13702.7998,22931.9199
127,126,0,14159.5605,-11968.3145,22899.0078
129,126,0,14247.3066,-9327.5205,22819.6328
131,126,0,14259.3262,-6285.2583,19768.4961
133,126,0,14250.9121,-3597.5862,15069.8242
135,126,0,14230.4785,-1714.052,11292.6875
137,126,0,14079.0264,-576.96,8504.8477
139,126,0,13246.04,63.706,6435.2642
141,126,0,12054.8584,391.852,4884.5278
143,126,0,11028.3506,533.688,3668.72
145,126,0,10220.6064,563.738,2683.2959
147,126,0,9630.4238,524.072,1858.5599
149,126,0,9227.7539,443.538,1142.24
151,126,0,9005.3838,342.57,485.936
153,126,0,8946.4863,245.208,-147.136
155,126,0,9054.666,151.452,-784.08
157,126,0,9329.9238,87.746,-1469.424
159,126,0,9784.2803,60.1,-2228.3359
161,126,0,10422.542,98.564,-3101.4719
163,126,0,11272.3564,239.198,-4162.3999
165,126,0,12339.7324,538.496,-5492.4321
167,126,0,13485.2383,1098.6281,-7225.1519
169,126,0,14147.54,2050.6121,-9519.3115
171,126,0,14230.4785,3580.7581,-12554.96
173,126,0,14244.9023,5852.5381,-16469.5527
175,126,0,14247.3066,8673.6318,-20893.3125
177,126,0,14195.6201,11388.9502,-22842.8633
179,126,0,12586.1426,13383.0684,-22902.8789
181,126,0,9404.4482,14111.4805,-22918.3672
183,126,0,6078.5142,14224.4678,-22937.7285
185,126,0,2678.0562,14235.2861,-22939.6641
187,126,0,-778.896,14229.2764,-22916.4316
189,126,0,-4255.0801,14219.6602,-22906.752
191,126,0,-7555.772,14074.2178,-22889.3281
193,126,0,-10229.0205,12956.3584,-22809.9512
195,126,0,-11659.4004,10673.7598,-20436.416
197,126,0,-11838.498,8492.1299,-16701.8711
199,126,0,-11268.75,6774.4722,-13615.8877
201,126,0,-10418.9365,5488.332,-11190.0801
203,126,0,-9518.6377,4526.7319,-9304.416
205,126,0,-8666.4199,3791.1082,-7813.6958
205,128,0,-9189.29,2931.678,-8272.5283
203,128,0,-10190.5566,3428.104,-9918.1279
201,128,0,-11336.0625,4098.8203,-12065.1523
199,128,0,-12518.8301,4991.9062,-14924.624
197,128,0,-13432.3506,6255.208,-18856.6406
195,128,0,-13636.6904,7956.0381,-22802.207
193,128,0,-12315.6924,9840.7744,-22908.6875
191,128,0,-8989.7578,11203.8418,-22931.9199
189,128,0,-4982.29,11816.8623,-22957.0879
187,128,0,-967.61,11870.9521,-22955.1523
185,128,0,2922.062,11584.876,-22962.8965
183,128,0,6675.9082,10973.0586,-22960.959
181,128,0,10393.6943,10057.1338,-22962.8965
179,128,0,13795.3545,8825.084,-22947.4082
177,128,0,14249.71,7083.3862,-22931.9199
175,128,0,14270.1445,4723.8599,-22850.6074
173,128,0,14270.1445,2317.4561,-19176.0801
171,128,0,14252.1143,631.05,-13819.168
169,128,0,14219.6602,-270.45,-10076.8799
167,128,0,13833.8184,-686.342,-7459.4082
165,128,0,12552.4863,-812.552,-5585.3599
163,128,0,11308.416,-775.29,-4187.5679
161,128,0,10344.4121,-640.666,-3109.2161
159,128,0,9638.8379,-449.548,-2243.824
157,128,0,9140.0078,-219.966,-1506.208
155,128,0,8829.8926,32.454,-853.776
153,128,0,8700.0762,299.298,-242.0
151,128,0,8744.5498,570.95,358.16
149,128,0,8964.5166,845.006,981.552
147,128,0,9373.1963,1116.6581,1678.512
145,128,0,9988.6201,1371.4821,2487.76
143,128,0,10846.8486,1608.276,3477.0559
141,128,0,11979.1318,1793.384,4714.1602
139,128,0,13328.9785,1885.938,6336.5278
137,128,0,14173.9844,1806.6061,8572.6084
135,128,0,14244.9023,1403.936,11780.5596
133,128,0,14271.3467,401.468,16541.1836
131,128,0,14276.1543,-1478.4601,22591.1836
129,128,0,14266.5381,-3869.238,22922.2402
127,128,0,14241.2959,-5978.748,22959.0234
125,128,0,13488.8447,-7579.812,22970.6406
123,128,0,9808.3203,-8810.6602,22966.7676
121,128,0,5886.1943,-9719.3721,22972.5762
119,128,0,1875.12,-10349.2197,22980.3203
117,128,0,-2340.2939,-10640.1045,22976.4473
115,128,0,-6879.0459,-10495.8643,22964.832
113,128,0,-11340.8701,-9637.6357,22949.3437
111,128,0,-13911.9482,-7975.27,22904.8164
109,128,0,-14006.9063,-6191.502,21965.8555
107,128,0,-13343.4023,-4864.4941,16963.2324
105,128,0,-12022.4043,-3966.6001,13397.1201
103,128,0,-10702.6084,-3336.752,10845.4717
101,128,0,-9555.9004,-2855.9521,8934.6396
99,128,0,-8578.6738,-2476.1201,7482.6401
97,128,0,-7725.2539,-2159.9941,6322.9761
95,128,0,-6984.8223,-1890.7461,5384.0161
95,130,0,-7145.8901,-1324.604,5558.2559
97,130,0,-7898.3423,-1460.4301,6524.3198
99,130,0,-8766.1865,-1604.67,7730.4478
101,130,0,-9763.8457,-1744.1021,9244.4004
103,130,0,-10938.2002,-1866.7061,11230.7363
105,130,0,-12320.5,-1947.24,13914.0322
107,130,0,-13648.71,-1942.432,17716.3359
109,130,0,-14165.5703,-1778.9601,22608.6074
111,130,0,-14103.0664,-1364.27,22918.3672
113,130,0,-11643.7744,-643.07,22984.1914
115,130,0,-6710.7661,236.794,22982.2559
117,130,0,-1914.786,1134.688,22988.0645
119,130,0,2520.594,2009.744,22990.0
121,130,0,6672.3022,2943.698,22980.3203
123,130,0,10751.8906,3872.844,22986.127
125,130,0,14034.5527,4781.5562,22986.127
127,130,0,14261.7305,5566.4619,22984.1914
129,130,0,14288.1738,6043.6562,22951.2793
131,130,0,14289.376,6072.5039,22798.3359
133,130,0,14277.3564,5646.9961,16488.9121
135,130,0,14253.3164,5015.9463,11463.0557
137,130,0,14151.1465,4348.8359,8251.2324
139,130,0,13145.0723,3711.7761,6071.2959
141,130,0,11689.4502,3120.3921,4520.5601
143,130,0,10534.3281,2561.4622,3349.28
145,130,0,9666.4844,2036.188,2420.0
147,130,0,9043.8486,1544.5701,1657.2159
149,130,0,8629.1582,1083.0021,1002.848
151,130,0,8401.9805,643.07,408.496
153,130,0,8350.2939,216.36,-168.432
155,130,0,8476.5039,-211.552,-755.04
157,130,0,8781.8125,-625.04,-1386.176
159,130,0,9286.6523,-1049.3461,-2094.752
161,130,0,10001.8418,-1474.854,-2921.4241
163,130,0,10981.4727,-1908.776,-3964.928
165,130,0,12278.4307,-2343.9001,-5325.936
167,130,0,13718.4258,-2764.6001,-7174.8159
169,130,0,14226.8721,-3154.0481,-9813.584
171,130,0,14265.3359,-3414.8821,-13761.0879
173,130,0,14283.3662,-3419.6899,-19863.3594
175,130,0,14283.3662,-3014.616,-22900.9434
177,130,0,14265.3359,-2321.062,-22955.1523
179,130,0,14161.9639,-1534.954,-22974.5117
181,130,0,11340.8701,-756.058,-22976.4473
183,130,0,7469.228,88.948,-22966.7676
185,130,0,3554.314,894.288,-22964.832
187,130,0,-460.366,1685.204,-22970.6406
189,130,0,-4697.416,2426.8381,-22960.959
191,130,0,-9144.8164,3060.292,-22955.1523
193,130,0,-13059.7305,3384.832,-22935.791
195,130,0,-14085.0361,3313.9141,-22887.3926
197,130,0,-13962.4326,3021.8281,-20358.9766
199,130,0,-13130.6484,2720.126,-15871.3281
201,130,0,-11830.084,2440.0601,-12719.5195
203,130,0,-10594.4277,2178.0239,-10384.7041
205,130,0,-9509.0225,1934.0181,-8607.4561
205,132,0,-9579.9404,948.378,-8799.1201
203,132,0,-10598.0342,903.904,-10562.8164
201,132,0,-11753.1563,747.644,-12889.8877
199,132,0,-12947.9443,383.438,-15987.4883
197,132,0,-13750.8799,-340.166,-20310.5762
195,132,0,-13812.1826,-1628.7101,-22871.9043
193,132,0,-11977.9307,-3488.2041,-22939.6641
191,132,0,-7976.4722,-5505.1602,-22953.2168
189,132,0,-3648.0701,-7306.958,-22964.832
187,132,0,462.77,-8849.124,-22982.2559
185,132,0,4357.25,-10136.4658,-22978.3848
183,132,0,8130.3281,-11178.6006,-22968.7031
181,132,0,11808.4482,-11938.2646,-22964.832
179,132,0,14198.0244,-12321.7021,-22960.959
177,132,0,14258.124,-12164.2402,-22935.791
175,132,0,14279.7607,-11154.5605,-22833.1836
173,132,0,14274.9521,-9374.3984,-17551.7754
171,132,0,14252.1143,-7565.3882,-12289.7275
169,132,0,14160.7627,-6079.7163,-8841.7119
167,132,0,13124.6387,-4881.3223,-6497.2158
165,132,0,11569.25,-3895.6821,-4845.8081
163,132,0,10320.3721,-3051.8782,-3628.064
161,132,0,9369.5898,-2301.8301,-2696.8479
159,132,0,8674.834,-1628.7101,-1955.36
157,132,0,8184.418,-995.256,-1328.0959
155,132,0,7877.9082,-387.044,-780.208
153,132,0,7744.4863,210.35,-271.04
151,132,0,7774.5361,816.158,228.448
149,132,0,7971.6641,1438.7941,747.296
147,132,0,8344.2842,2095.0859,1324.224
145,132,0,8911.6279,2805.468,1996.016
143,132,0,9710.958,3597.5862,2814.9441
141,132,0,10774.7285,4497.8843,3841.0239
139,132,0,12155.8262,5554.4419,5180.7358
137,132,0,13704.002,6858.6123,7019.936
135,132,0,14224.4678,8517.3721,9664.5117
133,132,0,14260.5283,10644.9121,13606.208
131,132,0,14271.3467,13086.1738,19454.8633
129,132,0,14280.9619,14151.1465,22868.0312
127,132,0,14261.7305,14232.8818,22947.4082
125,132,0,14195.6201,14224.4678,22972.5762
123,132,0,11783.2061,14204.0342,22986.127
121,132,0,7893.5342,13950.4121,22966.7676
119,132,0,3911.3081,13087.376,22970.6406
117,132,0,-302.904,11500.7363,22970.6406
115,132,0,-4836.8481,9494.5986,22966.7676
113,132,0,-9542.6777,7065.356,22949.3437
111,132,0,-13009.2461,4432.9761,22914.4961
109,132,0,-13687.1738,2248.9421,22312.4004
107,132,0,-13123.4365,822.168,17673.7441
105,132,0,-11975.5264,21.636,14065.04
103,132,0,-10789.1523,-417.094,11428.208
101,132,0,-9716.9678,-625.04,9436.0635
99,132,0,-8773.3984,-712.786,7904.688
97,132,0,-7930.7964,-730.816,6675.3281
95,132,0,-7184.354,-710.382,5676.3521
95,134,0,-7142.2842,-152.654,5744.1118
97,134,0,-7831.0303,-63.706,6729.5361
99,134,0,-8593.0986,87.746,7937.6001
101,134,0,-9415.2666,342.57,9436.0635
103,134,0,-10290.3223,772.886,11335.2803
105,134,0,-11135.3281,1473.652,13761.0879
107,134,0,-11789.2158,2615.552,16920.6406
109,134,0,-11804.8418,4395.7139,21005.5996
111,134,0,-10253.0605,6928.3281,22864.1602
113,134,0,-6660.2822,9999.4385,22912.5605
115,134,0,-2394.384,13004.4385,22931.9199
117,134,0,1639.5281,14210.0439,22949.3437
119,134,0,5418.6162,14256.9219,22949.3437
121,134,0,9041.4443,14255.7207,22935.791
123,134,0,12503.2041,14271.3467,22920.3047
125,134,0,14206.4385,14272.5479,22881.584
127,134,0,14259.3262,14273.75,22668.623
129,134,0,14266.5381,14261.7305,18260.3516
131,134,0,14259.3262,14229.2764,13191.9043
133,134,0,14224.4678,13587.4082,9645.1523
135,134,0,13748.4766,11045.1777,7238.7041
137,134,0,12249.582,8834.7002,5490.4961
139,134,0,10810.7881,7061.75,4172.0801
141,134,0,9672.4941,5631.3701,3169.2319
143,134,0,8780.6104,4431.7739,2369.6641
145,134,0,8099.0762,3402.8621,1721.104
147,134,0,7612.2661,2495.3521,1173.2159
149,134,0,7292.5342,1673.1841,689.216
151,134,0,7125.4561,911.116,247.808
153,134,0,7088.1943,144.24,-180.048
155,134,0,7212.0,-599.798,-623.392
157,134,0,7487.2583,-1355.8561,-1111.264
159,134,0,7928.3921,-2158.792,-1649.472
161,134,0,8542.6143,-3029.04,-2272.864
163,134,0,9357.5703,-4017.084,-3039.52
165,134,0,10420.1387,-5178.2163,-4019.136
167,134,0,11767.5801,-6579.748,-5304.6401
169,134,0,13328.9785,-8329.8604,-7052.8481
171,134,0,14188.4082,-10500.6719,-9461.2324
173,134,0,14247.3066,-13064.5381,-12922.7998
175,134,0,14266.5381,-14207.6406,-17844.1113
177,134,0,14253.3164,-14246.1045,-22591.1836
179,134,0,14189.6104,-14248.5078,-22885.4551
181,134,0,12265.208,-14246.1045,-22918.3672
183,134,0,9007.7881,-14246.1045,-22945.4727
185,134,0,5636.1782,-14219.6602,-22943.5352
187,134,0,2120.3281,-13934.7861,-22935.791
189,134,0,-1629.912,-12351.752,-22937.7285
191,134,0,-5556.8462,-9960.9746,-22931.9199
193,134,0,-9408.0537,-7280.5142,-22908.6875
195,134,0,-11962.3047,-4734.6782,-22811.8887
197,134,0,-12611.3838,-2777.822,-19443.248
199,134,0,-12153.4219,-1496.49,-15668.0479
201,134,0,-11306.0117,-723.604,-12798.8955
203,134,0,-10369.6543,-264.44,-10574.4316
205,134,0,-9456.1338,-3.606,-8833.9678
205,136,0,-9161.6445,-787.31,-8777.8242
203,136,0,-9893.6621,-1177.96,-10413.7441
201,136,0,-10572.792,-1778.9601,-12471.7119
199,136,0,-11033.1582,-2679.2581,-15023.3604
197,136,0,-10958.6338,-4019.488,-18208.0801
195,136,0,-9742.21,-5913.8403,-21799.3594
193,136,0,-6858.6123,-8341.8799,-22842.8633
191,136,0,-3080.7261,-11039.168,-22881.584
189,136,0,524.072,-13452.7842,-22885.4551
187,136,0,3817.552,-14219.6602,-22881.584
185,136,0,6838.1782,-14244.9023,-22858.3516
183,136,0,9708.5537,-14260.5283,-22833.1836
181,136,0,12455.124,-14271.3467,-22283.3594
179,136,0,14104.2686,-14266.5381,-19816.8965
177,136,0,14237.6904,-14266.5381,-15869.3916
175,136,0,14230.4785,-14244.9023,-11447.5684
173,136,0,14039.3604,-14070.6123,-8233.8076
171,136,0,12871.0166,-12211.1182,-6340.3999
169,136,0,11352.8906,-9856.4004,-5000.688
167,136,0,10079.9727,-7858.6763,-3937.824
165,136,0,9027.0205,-6208.3301,-3084.0481
163,136,0,8165.186,-4827.2319,-2396.7681
161,136,0,7477.6421,-3639.656,-1833.392
159,136,0,6955.9741,-2601.1279,-1366.816
157,136,0,6577.3442,-1640.73,-964.128
155,136,0,6333.3379,-745.24,-605.968
153,136,0,6216.7441,125.008,-272.976
151,136,0,6223.9561,1000.064,50.336
149,136,0,6346.5601,1893.15,377.52
147,136,0,6594.1724,2848.74,733.744
145,136,0,6977.6104,3904.0962,1136.432
143,136,0,7506.4902,5092.874,1599.136
141,136,0,8195.2363,6472.77,2137.344
139,136,0,9058.2725,8113.5,2770.416
137,136,0,10107.6182,10105.2139,3504.1599
135,136,0,11406.9805,12474.3564,4348.2559
133,136,0,13080.1641,14161.9639,5327.8721
131,136,0,14202.832,14250.9121,7045.104
129,136,0,14250.9121,14274.9521,10651.8721
127,136,0,14244.9023,14272.5479,15124.0322
125,136,0,14207.6406,14277.3564,18783.0723
123,136,0,13266.4746,14277.3564,21679.3281
121,136,0,10509.0859,14258.124,22777.0391
119,136,0,7286.5239,14252.1143,22844.8008
117,136,0,4029.104,14228.0742,22871.9043
115,136,0,641.868,13580.1963,22877.7109
113,136,0,-3357.186,10623.2764,22868.0312
111,136,0,-7335.8062,7629.0942,22626.0312
109,136,0,-9643.6465,5296.0122,19710.416
107,136,0,-10326.3818,3613.2122,16266.2715
105,136,0,-10180.9404,2447.272,13462.9443
103,136,0,-9674.8984,1653.952,11215.248
101,136,0,-9024.6162,1125.072,9412.832
99,136,0,-8341.8799,772.886,7958.896
97,136,0,-7667.5581,536.092,6768.2559
95,136,0,-7034.104,376.226,5788.6401
95,138,0,-6844.188,843.804,5771.2158
97,138,0,-7409.1279,1058.962,6723.728
99,138,0,-7981.2803,1348.644,7875.6479
101,138,0,-8523.3818,1739.2941,9261.8242
103,138,0,-8978.9404,2276.5881,10965.5039
105,138,0,-9219.3398,3011.01,13060.2559
107,138,0,-9004.1826,4013.478,15637.0723
109,138,0,-7838.2422,5389.7681,18724.9922
111,138,0,-4892.1401,7333.4023,21702.5605
113,138,0,-467.578,9957.3682,22368.543
115,138,0,3389.6401,12784.4727,21801.2949
117,138,0,6151.8359,14173.9844,20626.1445
119,138,0,8984.9502,14241.2959,19549.7285
121,138,0,11812.0547,14261.7305,17611.791
123,138,0,13756.8906,14272.5479,14750.3838
125,138,0,14199.2266,14266.5381,11877.3604
127,138,0,14235.2861,14270.1445,8684.8955
129,138,0,14222.0645,14259.3262,4578.6401
131,138,0,13205.1719,14247.3066,1796.608
133,138,0,10557.166,14212.4482,1384.24
135,138,0,8982.5459,13077.7598,1552.672
137,138,0,8004.1182,10805.9805,1558.48
139,138,0,7278.1104,8787.8223,1415.2159
141,138,0,6701.1499,7060.5483,1200.3199
143,138,0,6235.9761,5562.856,960.256
145,138,0,5868.1641,4250.272,722.128
147,138,0,5602.522,3087.938,487.872
149,138,0,5423.4243,2015.754,263.296
151,138,0,5335.6782,1019.296,44.528
153,138,0,5339.2842,54.09,-187.792
155,138,0,5442.6562,-912.318,-425.92
157,138,0,5640.9863,-1901.5641,-683.408
159,138,0,5939.082,-2950.9102,-956.384
161,138,0,6334.54,-4088.002,-1254.528
163,138,0,6846.5923,-5378.9502,-1595.264
165,138,0,7472.834,-6867.0264,-1972.7839
167,138,0,8237.3057,-8596.7041,-2383.2161
169,138,0,9171.2598,-10608.8525,-2789.7759
171,138,0,10421.3398,-12855.3906,-3194.3999
173,138,0,12313.2881,-14172.7822,-3827.4719
175,138,0,14036.9561,-14242.498,-5862.208
177,138,0,14207.6406,-14246.1045,-9660.6396
179,138,0,14063.4004,-14250.9121,-13337.1035
181,138,0,12932.3184,-14249.71,-16018.4639
183,138,0,10707.416,-14237.6904,-18103.5352
185,138,0,8145.9541,-14224.4678,-19762.6875
187,138,0,5574.876,-14089.8447,-21073.3594
189,138,0,2843.9321,-13034.4883,-22089.7598
191,138,0,-453.154,-10715.8301,-22498.2559
193,138,0,-4304.3623,-8266.1543,-22265.9355
195,138,0,-7644.7202,-6162.6543,-20382.207
197,138,0,-9405.6504,-4555.5801,-17333.0078
199,138,0,-9922.5098,-3375.2161,-14518.0635
201,138,0,-9797.502,-2508.574,-12175.5039
203,138,0,-9351.5605,-1888.342,-10245.3115
205,138,0,-8769.792,-1444.8041,-8675.2158
205,140,0,-8358.708,-1961.6641,-8520.3359
203,140,0,-8801.0439,-2402.7981,-10001.376
201,140,0,-9073.8984,-2973.748,-11815.4082
199,140,0,-8992.1621,-3694.948,-13997.2803
197,140,0,-8208.458,-4628.9019,-16614.752
195,140,0,-6074.9082,-5864.5581,-19387.1035
193,140,0,-2315.052,-7544.9541,-21028.832
191,140,0,1676.79,-9583.5459,-20531.2793
189,140,0,4590.438,-11458.666,-18959.248
187,140,0,6757.644,-12833.7539,-17704.7207
185,140,0,9186.8857,-13780.9307,-16630.2402
183,140,0,11684.6426,-14160.7627,-14665.2002
181,140,0,13505.6719,-14218.458,-11859.9355
179,140,0,14113.8838,-14232.8818,-8712.0
177,140,0,14183.6006,-14240.0947,-4925.1841
175,140,0,13336.1904,-14224.4678,-1266.144
173,140,0,10348.0186,-14101.8643,44.528
171,140,0,8251.7305,-12920.2979,-276.848
169,140,0,7115.8403,-10880.5039,-673.728
167,140,0,6400.6499,-8965.7178,-851.84
165,140,0,5864.5581,-7250.4644,-871.2
163,140,0,5424.626,-5732.3379,-807.312
161,140,0,5064.0259,-4388.502,-706.64
159,140,0,4770.7383,-3179.29,-592.416
157,140,0,4542.3579,-2066.238,-480.128
155,140,0,4380.0879,-1008.478,-373.648
153,140,0,4289.938,25.242,-272.976
151,140,0,4267.1001,1061.366,-176.176
149,140,0,4306.7661,2120.3281,-90.992
147,140,0,4398.1182,3245.4001,-19.36
145,140,0,4549.5703,4464.228,38.72
143,140,0,4763.5259,5812.8721,65.824
141,140,0,5036.3799,7324.9883,27.104
139,140,0,5382.5562,9031.8281,-131.648
137,140,0,5856.144,10986.2803,-482.064
135,140,0,6621.8184,13106.6084,-1194.512
133,140,0,8166.3882,14187.2061,-2303.8401
131,140,0,11382.9404,14238.8926,-2921.4241
129,140,0,14176.3887,14250.9121,-625.328
127,140,0,14231.6807,14253.3164,3796.4961
125,140,0,14211.2461,14243.7002,7343.248
123,140,0,13962.4326,14240.0947,9856.1758
121,140,0,13015.2559,14236.4883,12616.9121
119,140,0,10858.8682,14192.0146,15249.8721
117,140,0,8329.8604,13353.0186,17145.2168
115,140,0,5864.5581,11367.3145,19025.0723
113,140,0,2221.2961,9046.252,21059.8086
111,140,0,-2688.874,6864.6221,21003.6641
109,140,0,-6305.6919,5292.4062,18386.1914
107,140,0,-7915.1699,4192.5762,15381.5195
105,140,0,-8406.7881,3369.2061,12870.5283
103,140,0,-8362.3145,2726.136,10837.7275
101,140,0,-8057.0063,2221.2961,9182.4482
99,140,0,-7627.8921,1825.838,7831.1201
97,140,0,-7138.6782,1513.318,6700.4961
95,140,0,-6632.6362,1265.7061,5753.792
95,142,0,-6371.8022,1637.124,5684.0962
97,142,0,-6820.1479,1905.17,6597.8882
99,142,0,-7239.646,2223.7,7687.856
101,142,0,-7591.832,2601.1279,9010.1436
103,142,0,-7806.9902,3053.0801,10630.5762
105,142,0,-7738.4761,3581.96,12630.4639
107,142,0,-7096.6079,4222.626,15147.2637
109,142,0,-5217.8823,5053.208,18173.2324
111,142,0,-1085.406,6282.854,20633.8887
113,142,0,4226.2319,8048.5923,20004.6875
115,142,0,7778.1421,9983.8125,17242.0156
117,142,0,10064.3457,11742.3379,14872.3516
119,142,0,12286.8438,13215.9902,12281.9844
121,142,0,13536.9238,13893.918,9439.9355
123,142,0,14088.6426,14082.6318,7316.144
125,142,0,14228.0742,14210.0439,4599.936
127,142,0,14238.8926,14228.0742,315.568
129,142,0,14115.0859,14237.6904,-4702.5439
131,142,0,10118.4365,14229.2764,-6927.0078
133,142,0,6281.6523,14022.5322,-5564.064
135,142,0,4597.6499,12720.7666,-3643.552
137,142,0,3948.5701,10811.9902,-2294.1599
139,142,0,3666.1001,9008.9902,-1440.384
141,142,0,3511.042,7374.27,-921.536
143,142,0,3410.074,5889.8003,-596.288
145,142,0,3333.146,4536.3481,-400.752
147,142,0,3280.2581,3294.6821,-284.592
149,142,0,3250.208,2120.3281,-222.64
151,142,0,3252.6121,1022.902,-193.6
153,142,0,3289.874,-39.666,-178.112
155,142,0,3363.196,-1108.244,-168.432
157,142,0,3465.366,-2204.468,-160.688
159,142,0,3621.626,-3329.54,-131.648
161,142,0,3806.7341,-4543.5601,-71.632
163,142,0,4037.5181,-5869.3662,46.464
165,142,0,4309.1699,-7340.6143,271.04
167,142,0,4673.376,-8975.334,665.984
169,142,0,5235.9121,-10738.668,1343.584
171,142,0,6322.52,-12551.2842,2381.28
173,142,0,8662.8145,-13895.1201,3461.5679
175,142,0,12480.3662,-14206.4385,2708.4639
177,142,0,14171.5801,-14211.2461,-1058.9919
179,142,0,14199.2266,-14193.2158,-5519.5361
181,142,0,13932.3818,-14115.0859,-9166.96
183,142,0,12602.9707,-13951.6143,-11979.9678
185,142,0,10531.9238,-13254.4541,-14171.5195
187,142,0,8285.3857,-11725.5098,-15731.9355
189,142,0,6209.5322,-10041.5078,-17114.2402
191,142,0,3535.082,-8435.6357,-19085.0879
193,142,0,-543.304,-6826.1582,-20273.791
195,142,0,-4758.7183,-5526.7959,-19030.8809
197,142,0,-7238.4443,-4608.4683,-16337.9043
199,142,0,-8230.0938,-3904.0962,-13751.4082
201,142,0,-8453.666,-3318.7222,-11604.3838
203,142,0,-8295.002,-2821.094,-9838.752
205,142,0,-7941.6143,-2402.7981,-8386.752
205,144,0,-7544.9541,-2756.186,-8202.832
203,144,0,-7833.4341,-3143.23,-9602.5596
201,144,0,-7935.604,-3579.5562,-11337.2158
199,144,0,-7650.73,-4050.74,-13472.624
197,144,0,-6572.5361,-4580.8223,-16115.2637
195,144,0,-3907.7021,-5239.5181,-18877.9355
193,144,0,621.434,-6210.7339,-20010.4961
191,144,0,4893.3423,-7500.48,-18475.248
189,144,0,7716.8403,-8904.416,-16132.6875
187,144,0,9948.9541,-10488.6523,-13799.8076
185,144,0,11832.4883,-12027.2119,-11315.9199
183,144,0,13298.9287,-13199.1621,-8870.752
181,144,0,14053.7842,-13818.1924,-6218.4321
179,144,0,14208.8418,-13982.8662,-2629.0879
177,144,0,14169.1758,-14011.7139,2073.4561
175,144,0,11886.5781,-13911.9482,5976.4321
173,144,0,7405.522,-13270.0801,6421.7119
171,144,0,4719.0522,-11925.042,4764.4961
169,144,0,3568.738,-10348.0186,3169.2319
167,144,0,3066.302,-8756.5703,2052.1599
165,144,0,2815.084,-7255.272,1314.5439
163,144,0,2656.4202,-5851.3359,820.864
161,144,0,2530.21,-4553.1763,484.0
159,144,0,2426.8381,-3349.9741,242.0
157,144,0,2336.688,-2214.084,56.144
155,144,0,2250.144,-1132.2841,-104.544
153,144,0,2181.6301,-64.908,-253.616
151,144,0,2129.9441,1018.094,-402.688
149,144,0,2086.6721,2114.3181,-576.928
147,144,0,2045.8041,3264.6321,-791.824
145,144,0,2008.542,4481.0562,-1072.5439
143,144,0,1972.4821,5782.8223,-1463.616
141,144,0,1950.8461,7186.7583,-2023.12
139,144,0,1971.28,8700.0762,-2842.0481
137,144,0,2135.9541,10328.7861,-4077.2161
135,144,0,2726.136,12059.666,-5908.6719
133,144,0,4533.9438,13535.7227,-8440.96
131,144,0,8880.376,14117.4902,-10458.2715
129,144,0,14028.542,14193.2158,-8406.1123
127,144,0,14246.1045,14153.5498,-2865.28
125,144,0,14243.7002,13945.6045,2015.376
123,144,0,14223.2666,13197.96,5552.4478
121,144,0,13935.9883,12131.7861,7718.832
119,144,0,13268.8779,11409.3838,10146.5762
117,144,0,11582.4727,10286.7158,13129.9521
115,144,0,9515.0322,8849.124,15950.7041
113,144,0,6080.918,7275.7061,19356.127
111,144,0,405.074,5884.9922,20651.3125
109,144,0,-4256.2822,4965.4619,18293.2637
107,144,0,-6412.6699,4345.23,15147.2637
105,144,0,-7174.7383,3836.7842,12553.0244
103,144,0,-7318.978,3380.0242,10516.3516
101,144,0,-7168.728,2956.9202,8895.9199
99,144,0,-6874.2383,2595.1182,7589.1201
97,144,0,-6504.022,2271.78,6504.96
95,144,0,-6101.3521,1990.5121,5598.9121
95,146,0,-5816.478,2285.002,5486.624
97,146,0,-6177.0781,2577.0881,6363.6318
99,146,0,-6508.8301,2904.032,7424.5601
101,146,0,-6767.2603,3259.824,8708.1279
103,146,0,-6886.2583,3648.0701,10316.9443
105,146,0,-6721.584,4057.9521,12371.04
107,146,0,-5927.062,4487.0659,15038.8477
109,146,0,-3668.5042,4967.8662,18316.4961
111,146,0,1265.7061,5624.1582,20719.0723
113,146,0,7246.8579,6580.9502,19125.7441
115,146,0,10735.0625,7715.6382,15226.6396
117,146,0,12599.3643,8783.0146,11997.3916
119,146,0,13723.2344,9552.2939,9083.7119
121,146,0,14183.6006,10469.4199,7085.7598
123,146,0,14244.9023,11887.7803,4015.2639
125,146,0,14258.124,12908.2783,-61.952
127,146,0,14256.9219,13472.0166,-5254.3042
129,146,0,14057.3906,13742.4658,-11232.6719
131,146,0,8179.6104,13493.6523,-13360.3359
133,146,0,3253.814,12596.96,-10893.8721
135,146,0,1244.0701,11214.6602,-7809.8237
137,146,0,637.06,9738.6045,-5521.4722
139,146,0,540.9,8279.376,-3932.0159
141,146,0,613.02,6895.874,-2832.3679
143,146,0,730.816,5576.0781,-2044.416
145,146,0,843.804,4335.6143,-1467.488
147,146,0,947.176,3162.4622,-1028.016
149,146,0,1030.114,2044.6021,-685.344
151,146,0,1102.234,980.832,-402.688
153,146,0,1162.334,-74.524,-147.136
155,146,0,1215.222,-1131.082,102.608
157,146,0,1262.1,-2206.8721,367.84
159,146,0,1305.3721,-3322.3281,681.472
161,146,0,1345.038,-4476.248,1070.608
163,146,0,1388.3101,-5701.0859,1585.584
165,146,0,1462.834,-6998.0439,2301.9041
167,146,0,1640.73,-8363.5166,3318.304
169,146,0,2102.2981,-9762.6445,4783.856
171,146,0,3310.3081,-11122.1064,6799.2319
173,146,0,6254.0063,-12307.2783,8957.8721
175,146,0,11257.9326,-13017.6602,8863.0078
177,146,0,14151.1465,-13139.0625,4979.3921
179,146,0,14219.6602,-12934.7227,371.712
181,146,0,14207.6406,-12315.6924,-3337.6641
183,146,0,13982.8662,-11273.5586,-6628.8638
185,146,0,13071.75,-10189.3545,-9827.1357
187,146,0,11239.9023,-9262.6123,-12831.8076
189,146,0,9017.4043,-8260.1445,-15489.9355
191,146,0,6203.522,-7097.8101,-18105.4727
193,146,0,1750.1121,-5988.3643,-20031.791
195,146,0,-3145.634,-5195.0439,-18992.1602
197,146,0,-6022.02,-4689.002,-16088.1602
199,146,0,-7172.334,-4262.292,-13340.9756
201,146,0,-7486.0562,-3856.0161,-11162.9756
203,146,0,-7422.3501,-3465.366,-9428.3203
205,146,0,-7165.1221,-3092.7461,-8030.5278
205,148,0,-6791.3003,-3380.0242,-7821.4399
203,148,0,-7017.2764,-3746.634,-9180.5117
201,148,0,-7068.9619,-4128.8701,-10895.8076
199,148,0,-6755.2402,-4517.1162,-13075.7441
197,148,0,-5616.9463,-4914.978,-15877.1357
195,148,0,-2674.45,-5359.7183,-18887.6152
193,148,0,2479.7261,-5979.9502,-19931.1191
191,148,0,7172.334,-6873.0361,-17700.8477
189,148,0,9972.9941,-7904.3521,-14632.2881
187,148,0,11908.2139,-8783.0146,-11972.2236
185,148,0,13551.3486,-9406.8525,-9312.1602
183,148,0,14177.5898,-9948.9541,-6036.4478
181,148,0,14229.2764,-10497.0664,-2150.896
179,148,0,14232.8818,-11040.3701,1978.592
177,148,0,14198.0244,-11546.4121,6892.1602
175,148,0,11130.5205,-11672.6221,11056.4961
173,148,0,5517.1802,-11184.6104,11110.7041
171,148,0,2196.054,-10232.626,8615.2002
169,148,0,847.41,-9078.7061,6231.9839
167,148,0,354.59,-7852.666,4458.6079
165,148,0,205.542,-6630.2319,3188.592
163,148,0,176.694,-5443.8579,2261.248
161,148,0,186.31,-4301.958,1560.416
159,148,0,193.522,-3215.3501,1016.4
157,148,0,191.118,-2158.792,559.504
155,148,0,162.27,-1138.2941,158.752
153,148,0,103.372,-132.22,-220.704
151,148,0,26.444,893.086,-604.032
149,148,0,-75.726,1926.806,-1010.592
147,148,0,-212.754,3007.4041,-1492.656
145,148,0,-378.63,4122.8599,-2075.3921
143,148,0,-560.132,5280.3862,-2813.0081
141,148,0,-744.038,6487.1943,-3779.072
139,148,0,-875.056,7731.2642,-5087.8081
137,148,0,-810.148,9007.7881,-6923.1357
135,148,0,-183.906,10271.0898,-9523.1836
133,148,0,1953.25,11447.8486,-12978.9443
131,148,0,7286.5239,12312.0859,-15859.7119
129,148,0,14008.1084,12589.748,-13826.9121
127,148,0,14262.9326,12237.5625,-7459.4082
125,148,0,14262.9326,11586.0781,-1906.96
123,148,0,14256.9219,10750.6885,2400.6399
121,148,0,14235.2861,9475.3662,6534.0
119,148,0,14053.7842,8183.2163,8979.168
117,148,0,13297.7266,7488.46,11451.4395
115,148,0,11684.6426,6823.7539,14827.8242
113,148,0,8179.6104,6161.4521,18945.6953
111,148,0,2055.4199,5607.3301,20744.2402
109,148,0,-3074.7161,5155.3779,18359.0879
107,148,0,-5447.4639,4749.1021,14973.0234
105,148,0,-6280.4502,4340.4219,12231.6475
103,148,0,-6467.9619,3941.3582,10167.8721
101,148,0,-6373.0039,3550.708,8551.3115
99,148,0,-6143.4219,3190.1082,7275.4878
97,148,0,-5844.124,2851.144,6230.0479
95,148,0,-5512.3721,2544.634,5366.5918
95,150,0,-5208.2661,2782.6301,5219.4561
97,150,0,-5508.7661,3101.1602,6053.8721
99,150,0,-5778.0142,3448.5381,7068.3359
101,150,0,-5984.7583,3819.9561,8307.376
103,150,0,-6060.4839,4226.2319,9900.7041
105,150,0,-5865.7603,4639.7202,11950.9277
107,150,0,-5049.6021,5059.2183,14667.1357
109,150,0,-2741.762,5451.0703,18059.0078
111,150,0,2319.8601,5753.9741,20556.4473
113,150,0,8417.6064,5952.3042,19001.8398
115,150,0,12011.5859,6166.2603,15081.4395
117,150,0,13625.8721,6546.0923,11933.5039
119,150,0,14213.6504,7448.7939,9540.6084
121,150,0,14254.5186,8721.7119,6051.936
123,150,0,14268.9424,9601.5762,1455.8719
125,150,0,14273.75,10279.5039,-2981.4399
127,150,0,14262.9326,10909.3525,-8837.8398
129,150,0,14064.6025,11251.9219,-15596.416
131,150,0,6893.4702,11034.3604,-17789.9043
133,150,0,1101.032,10314.3623,-14638.0957
135,150,0,-1222.4341,9320.3086,-10864.832
137,150,0,-1912.3821,8225.2861,-7987.936
139,150,0,-1980.896,7091.8003,-5910.6079
141,150,0,-1828.2421,5972.7383,-4402.4639
143,150,0,-1608.276,4876.5142,-3264.0959
145,150,0,-1393.118,3799.522,-2383.2161
147,150,0,-1204.4041,2752.5801,-1684.3199
149,150,0,-1050.548,1751.3141,-1107.392
151,150,0,-932.752,782.502,-602.096
153,150,0,-846.208,-192.32,-125.84
155,150,0,-802.936,-1144.3041,344.608
157,150,0,-790.916,-2107.106,842.16
159,150,0,-813.754,-3091.5439,1401.6639
161,150,0,-860.632,-4106.0322,2063.7759
163,150,0,-903.904,-5146.9639,2898.1919
165,150,0,-907.51,-6220.3501,3982.3521
167,150,0,-770.482,-7303.3521,5438.2241
169,150,0,-257.228,-8373.1318,7426.4961
171,150,0,1188.7781,-9361.1758,10049.7764
173,150,0,4776.748,-10167.7178,12851.168
175,150,0,10902.1406,-10549.9541,12899.5684
177,150,0,14220.8623,-10308.3525,8357.7119
179,150,0,14237.6904,-9714.5645,2898.1919
181,150,0,14232.8818,-9356.3682,-1136.432
183,150,0,14211.2461,-9144.8164,-4675.4399
185,150,0,13931.1807,-8638.7744,-7885.3281
187,150,0,12707.5439,-7880.312,-10675.1035
189,150,0,10904.5439,-7111.0322,-13689.4561
191,150,0,8017.3403,-6499.2144,-17216.8477
193,150,0,3149.24,-6013.606,-19662.0156
195,150,0,-2119.126,-5613.3403,-18695.9512
197,150,0,-5154.1763,-5228.7002,-15654.4961
199,150,0,-6329.7319,-4833.2422,-12835.6797
201,150,0,-6657.8779,-4437.7842,-10653.8076
203,150,0,-6621.8184,-4044.73,-8940.4482
205,150,0,-6412.6699,-3672.1101,-7591.0562
205,150,2,-5304.4263,-3440.124,-7465.2158
203,150,2,-5263.5581,-3781.4922,-8636.4961
201,150,2,-4987.0981,-4146.8999,-10047.8398
199,150,2,-4313.978,-4523.126,-11668.2715
197,150,2,-2959.324,-4910.1699,-13422.2881
195,150,2,-626.242,-5306.8301,-14882.0322
193,150,2,2535.0181,-5729.9341,-15263.4238
191,150,2,5701.0859,-6196.3101,-14194.752
189,150,2,8213.2666,-6704.7563,-12233.584
187,150,2,10116.0322,-7237.2422,-9949.1035
185,150,2,11606.5127,-7746.8901,-7478.7681
183,150,2,12678.6963,-8189.2261,-4774.1758
181,150,2,13190.748,-8551.0283,-1804.3521
179,150,2,13080.1641,-8867.1543,1430.704
177,150,2,11808.4482,-9082.3125,4772.2397
175,150,2,9058.2725,-9060.6758,7273.5518
173,150,2,5759.9839,-8709.6924,7949.2158
171,150,2,3139.624,-8090.6621,7116.7358
169,150,2,1548.176,-7303.3521,5782.832
167,150,2,671.918,-6423.4883,4487.6479
165,150,2,213.956,-5500.3521,3395.7439
163,150,2,-27.646,-4573.6099,2514.864
161,150,2,-156.26,-3654.0801,1794.672
159,150,2,-230.784,-2754.9841,1198.384
157,150,2,-284.874,-1865.504,679.536
155,150,2,-338.964,-995.256,207.152
153,150,2,-403.872,-131.018,-243.936
151,150,2,-469.982,742.836,-698.896
149,150,2,-542.102,1626.306,-1180.96
147,150,2,-622.636,2533.8162,-1726.912
145,150,2,-698.362,3464.1641,-2373.5359
143,150,2,-740.432,4407.7339,-3151.8079
141,150,2,-703.17,5364.5259,-4115.936
139,150,2,-503.638,6318.9141,-5316.2559
137,150,2,22.838,7250.4644,-6818.5918
135,150,2,1183.97,8135.1362,-8595.8398
133,150,2,3429.3062,8900.8105,-10322.752
131,150,2,7029.2959,9469.3564,-11044.8799
129,150,2,11087.248,9721.7764,-9550.2881
127,150,2,13730.4463,9636.4346,-6075.168
125,150,2,14149.9443,9299.874,-2090.8799
123,150,2,14157.1563,8811.8623,1610.752
121,150,2,13935.9883,8184.418,4998.752
119,150,2,13014.0547,7476.4399,7922.1118
117,150,2,11338.4658,6826.1582,10446.6563
115,150,2,9208.5225,6316.5103,12818.2559
113,150,2,6300.8843,5906.6279,14810.4004
111,150,2,2706.9041,5534.0083,15549.9521
109,150,2,-525.274,5158.9839,14663.2637
107,150,2,-2685.2681,4765.9302,12911.1836
105,150,2,-3884.864,4366.8662,11075.8555
103,150,2,-4473.8442,3978.6201,9457.3604
101,150,2,-4704.6279,3606.0,8102.1602
99,150,2,-4734.6782,3262.228,6985.0879
97,150,2,-4644.5283,2941.2939,6038.3838
95,150,2,-4485.8643,2645.6021,5246.5601
95,148,2,-4774.3442,2412.4141,5393.6958
97,148,2,-4961.856,2692.48,6199.0718
99,148,2,-5082.0562,3005.0,7161.2642
101,148,2,-5084.46,3346.3682,8309.3115
103,148,2,-4883.7261,3712.978,9680.0
105,148,2,-4329.604,4109.6382,11313.9844
107,148,2,-3160.0581,4531.54,13172.5439
109,148,2,-1018.094,4983.4922,14942.0479
111,148,2,2184.0339,5471.5039,15846.1602
113,148,2,5769.6001,6022.02,15106.6084
115,148,2,8664.0166,6636.2422,13100.9121
117,148,2,10727.8506,7291.332,10746.7363
119,148,2,12319.2979,7995.7041,8379.0078
121,148,2,13508.0762,8780.6104,5798.3198
123,148,2,14004.502,9545.082,2723.9519
125,148,2,14056.1885,10138.8701,-745.36
127,148,2,13660.7305,10523.5098,-4503.1357
129,148,2,11333.6582,10624.4785,-7831.1201
131,148,2,7626.6899,10364.8457,-9350.8799
133,148,2,4293.5439,9728.9883,-8791.376
135,148,2,2179.2261,8841.9121,-7258.064
137,148,2,1086.608,7835.8384,-5676.3521
139,148,2,578.162,6775.6743,-4350.1919
141,148,2,371.418,5716.7119,-3304.752
143,148,2,313.722,4668.5679,-2487.76
145,148,2,324.54,3649.272,-1839.2
147,148,2,361.802,2662.4299,-1324.224
149,148,2,414.69,1712.85,-894.432
151,148,2,468.78,786.108,-524.656
153,148,2,520.466,-134.624,-181.984
155,148,2,573.354,-1058.962,156.816
157,148,2,638.262,-1962.8661,513.04
159,148,2,710.382,-2884.8,906.048
161,148,2,804.138,-3830.7742,1368.752
163,148,2,943.57,-4816.4141,1937.936
165,148,2,1180.364,-5830.9023,2658.1279
167,148,2,1609.478,-6851.3999,3562.24
169,148,2,2412.4141,-7849.0601,4658.0161
171,148,2,3842.7942,-8746.9541,5800.2559
173,148,2,6199.916,-9475.3662,6497.2158
175,148,2,9188.0879,-9914.0957,5840.9121
177,148,2,11659.4004,-10007.8525,3523.52
179,148,2,12836.1582,-9817.9365,375.584
181,148,2,12913.0859,-9468.1543,-2756.864
183,148,2,12288.0459,-9007.7881,-5686.0317
185,148,2,11138.9346,-8460.8779,-8332.5439
187,148,2,9603.9805,-7834.6362,-10680.9121
189,148,2,7679.5781,-7141.082,-12818.2559
191,148,2,5207.064,-6421.084,-14636.1602
193,148,2,2111.9141,-5746.7622,-15633.2002
195,148,2,-1015.69,-5177.0142,-15246.0
197,148,2,-3330.7419,-4709.436,-13784.3203
199,148,2,-4687.8003,-4289.938,-12014.8164
201,148,2,-5363.3242,-3899.2881,-10361.4717
203,148,2,-5625.3599,-3529.072,-8921.0879
205,148,2,-5643.3901,-3186.502,-7703.3437
205,146,2,-5991.9702,-2908.8401,-7916.3042
203,146,2,-6007.5962,-3256.218,-9145.6641
201,146,2,-5780.418,-3643.262,-10601.5361
199,146,2,-5150.5703,-4063.9622,-12266.4961
197,146,2,-3853.6121,-4541.1562,-14047.6162
195,146,2,-1634.72,-5104.894,-15532.5283
193,146,2,1361.866,-5803.2563,-16028.1436
191,146,2,4382.4922,-6641.0503,-15238.2559
189,146,2,6865.8242,-7534.1362,-13642.9922
187,146,2,8867.1543,-8403.1826,-11670.208
185,146,2,10482.6426,-9204.916,-9451.5518
183,146,2,11724.3086,-9917.7021,-6985.0879
181,146,2,12498.3965,-10498.2686,-4265.0078
179,146,2,12617.3945,-10875.6963,-1306.8
177,146,2,11706.2783,-10987.4824,1697.8719
175,146,2,9555.9004,-10787.9502,3990.0959
173,146,2,6898.2783,-10229.0205,4762.5601
171,146,2,4752.708,-9369.5898,4288.2397
169,146,2,3419.6899,-8335.8701,3384.1279
167,146,2,2655.218,-7222.8184,2514.864
165,146,2,2216.488,-6098.9482,1810.16
163,146,2,1950.8461,-4995.5122,1264.208
161,146,2,1774.152,-3943.762,844.096
159,146,2,1651.548,-2937.688,507.232
157,146,2,1554.186,-1966.472,224.576
155,146,2,1472.4501,-1022.902,-29.04
153,146,2,1405.1381,-81.736,-272.976
151,146,2,1352.25,870.248,-518.848
149,146,2,1314.988,1842.666,-789.888
147,146,2,1281.332,2843.9321,-1111.264
145,146,2,1271.7161,3880.0562,-1500.4
143,146,2,1296.958,4954.644,-1990.208
141,146,2,1390.714,6074.9082,-2629.0879
139,146,2,1616.6901,7221.6162,-3459.6321
137,146,2,2113.116,8393.5664,-4543.792
135,146,2,3130.0081,9533.0625,-5850.5918
133,146,2,5053.208,10561.9746,-7110.9277
131,146,2,8066.6221,11320.4365,-7484.5762
129,146,2,11385.3438,11661.8047,-5988.0479
127,146,2,13461.1982,11584.876,-2816.8799
125,146,2,13909.5439,11173.792,718.256
123,146,2,13699.1943,10522.3086,3926.208
121,146,2,12915.4902,9712.1602,6663.7119
119,146,2,11629.3506,8904.416,9015.9521
117,146,2,10052.3262,8096.6724,11308.1758
115,146,2,7996.9062,7231.2319,13550.0635
113,146,2,5148.166,6354.9741,15443.4717
111,146,2,1637.124,5549.6343,16111.3916
109,146,2,-1504.9041,4894.5439,15197.5996
107,146,2,-3603.5959,4350.0381,13422.2881
105,146,2,-4740.688,3881.2581,11573.4082
103,146,2,-5271.9722,3460.5581,9920.0635
101,146,2,-5446.2622,3078.322,8524.208
99,146,2,-5413.8081,2738.156,7356.7998
97,146,2,-5262.356,2430.4441,6365.5679
95,146,2,-5042.3901,2156.3879,5525.3437
95,144,2,-5308.0322,1872.7161,5635.6958
97,144,2,-5565.2603,2133.55,6487.5361
99,144,2,-5756.3779,2438.8582,7492.3198
101,144,2,-5833.3062,2785.0339,8679.0879
103,144,2,-5713.106,3184.0981,10088.4961
105,144,2,-5246.73,3646.8682,11749.584
107,144,2,-4199.7881,4192.5762,13602.3359
109,144,2,-2242.9321,4853.6763,15393.1357
111,144,2,730.816,5695.0762,16434.7031
113,144,2,4118.0522,6736.0083,16010.7197
115,144,2,6963.186,7869.4941,14411.584
117,144,2,9121.9785,8975.334,12405.8877
119,144,2,10818.0,9938.1357,10233.6963
121,144,2,12145.0078,10763.9102,8026.6558
123,144,2,13167.9102,11531.9883,5610.5278
125,144,2,13621.0645,12183.4727,2733.6321
127,144,2,13355.4219,12582.5361,-534.336
129,144,2,11677.4307,12624.6064,-3552.5601
131,144,2,8820.2764,12200.2998,-5126.5278
133,144,2,6139.8159,11319.2344,-5008.4321
135,144,2,4387.3003,10147.2842,-4069.4719
137,144,2,3429.3062,8858.7402,-3066.624
139,144,2,2923.2642,7555.772,-2249.6321
141,144,2,2651.6121,6302.0859,-1641.728
143,144,2,2491.7461,5101.2881,-1196.448
145,144,2,2405.2021,3950.9741,-877.008
147,144,2,2360.728,2881.1941,-640.816
149,144,2,2347.5061,1871.514,-462.704
151,144,2,2359.5261,896.692,-321.376
153,144,2,2395.5859,-61.302,-203.28
155,144,2,2459.292,-1022.902,-92.928
157,144,2,2548.24,-1991.714,23.232
159,144,2,2679.2581,-2976.1521,160.688
161,144,2,2841.5281,-4007.468,334.928
163,144,2,3061.4941,-5101.2881,574.992
165,144,2,3366.802,-6263.6221,906.048
167,144,2,3819.9561,-7481.248,1359.072
169,144,2,4548.3682,-8721.7119,1936.0
171,144,2,5747.9639,-9900.874,2520.6719
173,144,2,7627.8921,-10922.5742,2716.208
175,144,2,9948.9541,-11631.7539,1806.288
177,144,2,11761.5703,-11939.4658,-476.256
179,144,2,12413.0547,-11892.5879,-3422.8479
181,144,2,12056.0605,-11556.0283,-6237.792
183,144,2,11081.2383,-10953.8262,-8706.1924
185,144,2,9695.332,-10124.4463,-10905.4883
187,144,2,7992.0981,-9127.9883,-12839.5518
189,144,2,5957.1123,-8052.1982,-14533.5518
191,144,2,3500.2241,-6981.2163,-15881.0078
193,144,2,590.182,-5970.334,-16465.6797
195,144,2,-2260.9622,-5107.2979,-15869.3916
197,144,2,-4386.0981,-4418.5522,-14351.5684
199,144,2,-5627.7642,-3856.0161,-12560.7676
201,144,2,-6211.936,-3378.822,-10882.2559
203,144,2,-6398.2461,-2960.5261,-9389.5996
205,144,2,-6342.9541,-2593.916,-8115.7119
205,142,2,-6698.7461,-2247.74,-8289.9521
203,142,2,-6817.7441,-2625.168,-9590.9443
201,142,2,-6705.958,-3084.332,-11112.6396
199,142,2,-6211.936,-3637.252,-12837.6162
197,142,2,-5104.894,-4315.1802,-14674.8799
195,142,2,-3161.26,-5158.9839,-16277.8877
193,142,2,-477.194,-6204.7241,-17087.1367
191,142,2,2337.8901,-7405.522,-16810.2871
189,142,2,4771.9399,-8632.7637,-15817.1201
187,142,2,6870.6323,-9838.3701,-14521.9355
185,142,2,8740.9443,-10905.7461,-12973.1357
183,142,2,10369.6543,-11760.3682,-11056.4961
181,142,2,11613.7246,-12350.5498,-8739.1035
179,142,2,12253.1885,-12683.5039,-6040.3198
177,142,2,11955.0918,-12706.3418,-3184.72
175,142,2,10563.1758,-12310.8838,-834.416
173,142,2,8619.542,-11462.2725,342.672
171,142,2,6951.166,-10285.5146,518.848
169,142,2,5822.4883,-8966.9199,317.504
167,142,2,5079.6519,-7612.2661,75.504
165,142,2,4566.3979,-6315.3081,-94.864
163,142,2,4194.98,-5095.2783,-199.408
161,142,2,3900.49,-3959.3882,-251.68
159,142,2,3676.918,-2908.8401,-274.912
157,142,2,3501.426,-1909.978,-284.592
155,142,2,3374.0142,-953.186,-288.464
153,142,2,3297.0862,-6.01,-296.208
151,142,2,3271.844,955.59,-303.952
149,142,2,3282.6621,1920.796,-329.12
147,142,2,3339.156,2932.8801,-377.52
145,142,2,3442.5281,4008.6702,-456.896
143,142,2,3599.99,5152.9741,-588.544
141,142,2,3835.582,6389.832,-797.632
139,142,2,4180.5562,7709.6279,-1120.944
137,142,2,4728.668,9153.2305,-1583.6479
135,142,2,5648.1982,10577.6006,-2179.936
133,142,2,7210.7983,11927.4463,-2704.592
131,142,2,9504.2139,12976.792,-2503.248
129,142,2,11884.1738,13444.3701,-871.2
127,142,2,13199.1621,13488.8447,1968.912
125,142,2,13261.666,13235.2227,4975.52
123,142,2,12590.9502,12738.7959,7583.312
121,142,2,11427.4141,12036.8281,9848.4316
119,142,2,9942.9443,11140.1357,11966.416
117,142,2,8059.4102,9983.8125,13910.1602
115,142,2,5802.0542,8656.8037,15578.9922
113,142,2,2970.1421,7266.0903,16812.2246
111,142,2,-263.238,5969.1323,16928.3848
109,142,2,-3027.8381,4916.1802,15747.4238
107,142,2,-4847.666,4084.396,13892.7363
105,142,2,-5796.0439,3411.2761,11999.3281
103,142,2,-6181.8862,2889.6082,10322.752
101,142,2,-6240.7842,2455.686,8876.5596
99,142,2,-6108.564,2096.2881,7656.8799
97,142,2,-5866.9619,1796.99,6619.1841
95,142,2,-5567.6641,1548.176,5736.3682
95,140,2,-5802.0542,1195.99,5806.064
97,140,2,-6149.4321,1424.37,6702.4321
99,140,2,-6451.1343,1710.446,7759.4878
101,140,2,-6661.4839,2071.0461,9012.0801
103,140,2,-6703.5542,2527.8062,10491.1836
105,140,2,-6443.9219,3113.1802,12218.0957
107,140,2,-5681.854,3868.0361,14169.584
109,140,2,-4124.062,4852.4741,16153.9844
111,140,2,-1646.74,6116.978,17633.0879
113,140,2,1396.724,7656.7402,18010.6074
115,140,2,4258.686,9316.7021,17323.3281
117,140,2,6673.5039,10858.8682,16105.584
119,140,2,8805.8525,12205.1084,14566.4639
121,140,2,10617.2666,13193.1523,12669.1836
123,140,2,12036.8281,13723.2344,10477.6318
125,140,2,12991.2158,13954.0186,8024.7197
127,140,2,13209.9805,13998.4922,5256.2397
129,140,2,12410.6504,13926.3721,2505.1841
131,140,2,10578.8018,13422.7344,671.792
133,140,2,8641.1777,12283.2383,23.232
135,140,2,7220.4141,10767.5166,34.848
137,140,2,6287.6621,9204.916,178.112
139,140,2,5659.0161,7716.8403,269.104
141,140,2,5213.0742,6341.752,296.208
143,140,2,4875.312,5083.2583,269.104
145,140,2,4625.2959,3934.146,207.152
147,140,2,4438.9858,2857.1541,123.904
149,140,2,4323.5942,1863.1,17.424
151,140,2,4275.5142,926.742,-94.864
153,140,2,4291.1401,19.232,-216.832
155,140,2,4371.6743,-897.894,-348.48
157,140,2,4517.1162,-1829.4441,-493.68
159,140,2,4726.2642,-2804.2661,-638.88
161,140,2,5018.3501,-3828.3701,-793.76
163,140,2,5386.1621,-4942.624,-952.512
165,140,2,5857.3462,-6171.0679,-1115.136
167,140,2,6452.3359,-7508.894,-1275.824
169,140,2,7231.2319,-8940.4766,-1446.192
171,140,2,8287.79,-10396.0986,-1705.616
173,140,2,9718.1699,-11747.1465,-2342.5601
175,140,2,11262.7402,-12778.4619,-3837.1521
177,140,2,12196.6943,-13261.666,-6259.0879
179,140,2,12116.1602,-13309.7461,-8984.9756
181,140,2,11197.832,-13053.7207,-11521.1357
183,140,2,9708.5537,-12457.5283,-13668.1602
185,140,2,7844.252,-11596.8965,-15369.9043
187,140,2,5784.0239,-10530.7227,-16637.9844
189,140,2,3571.1421,-9285.4502,-17605.9844
191,140,2,1093.8201,-7899.5439,-18225.5039
193,140,2,-1652.75,-6475.1743,-18109.3437
195,140,2,-4167.334,-5201.0542,-16996.1445
197,140,2,-5927.062,-4168.5361,-15213.0879
199,140,2,-6892.2681,-3355.9841,-13261.5996
201,140,2,-7268.4941,-2718.9241,-11447.5684
203,140,2,-7280.5142,-2220.094,-9840.6875
205,140,2,-7077.376,-1829.4441,-8471.9355
205,138,2,-7433.168,-1334.22,-8611.3281
203,138,2,-7737.2739,-1704.436,-10030.416
201,138,2,-7868.292,-2215.2861,-11724.416
199,138,2,-7672.3662,-2901.6282,-13672.0322
197,138,2,-6940.3481,-3818.7542,-15836.4795
195,138,2,-5440.252,-5006.3301,-17946.7207
193,138,2,-3154.0481,-6457.144,-19532.3047
191,138,2,-479.598,-8069.0264,-20237.0078
189,138,2,2140.762,-9629.2227,-20147.9512
187,138,2,4579.6201,-11001.9063,-19534.2402
185,138,2,6850.1982,-12117.3623,-18527.5195
183,138,2,8954.9004,-12977.9941,-17073.584
181,138,2,10743.4766,-13451.582,-15156.9443
179,138,2,12054.8584,-13625.8721,-12775.6641
177,138,2,12607.7783,-13458.7939,-10028.4795
175,138,2,12187.0781,-12858.9961,-7368.416
173,138,2,11051.1885,-11661.8047,-5376.272
171,138,2,9795.0986,-10165.3145,-4131.4238
169,138,2,8726.5205,-8627.9561,-3312.4961
167,138,2,7844.252,-7155.5063,-2689.104
165,138,2,7123.0522,-5820.084,-2178.0
163,138,2,6535.2739,-4620.4883,-1748.208
161,138,2,6059.2822,-3541.092,-1380.368
159,138,2,5684.2583,-2566.27,-1066.736
157,138,2,5407.7983,-1651.548,-791.824
155,138,2,5225.0942,-774.088,-538.208
153,138,2,5132.54,85.342,-303.952
151,138,2,5128.9341,947.176,-81.312
149,138,2,5208.2661,1827.04,139.392
147,138,2,5370.5361,2748.9741,369.776
145,138,2,5622.9561,3744.23,617.584
143,138,2,5981.1523,4840.4541,892.496
141,138,2,6447.5283,6059.2822,1186.7679
139,138,2,7041.3159,7416.3403,1504.272
137,138,2,7809.394,8934.4658,1860.496
135,138,2,8796.2363,10584.8125,2284.48
133,138,2,10113.6279,12245.9766,2905.936
131,138,2,11702.6719,13547.7422,4121.7441
129,138,2,13014.0547,14050.1787,6286.1919
127,138,2,13326.5742,14173.9844,9101.1357
125,138,2,12809.7139,14175.1865,11842.5117
123,138,2,11545.21,14098.2578,14260.5762
121,138,2,9772.2598,13853.0498,16330.1602
119,138,2,7623.084,13015.2559,17906.0645
117,138,2,5211.8721,11563.2402,18992.1602
115,138,2,2611.946,9839.5723,19650.4004
113,138,2,-269.248,7976.4722,19698.8008
111,138,2,-3126.4021,6205.9263,18736.6074
109,138,2,-5323.6582,4731.0723,16862.5605
107,138,2,-6614.606,3586.7681,14665.2002
105,138,2,-7178.3442,2727.3381,12572.3838
103,138,2,-7275.7061,2068.6421,10735.1201
101,138,2,-7108.6279,1595.0541,9176.6396
99,138,2,-6805.7241,1247.676,7877.584
97,138,2,-6424.6899,985.64,6776.0
95,138,2,-6017.2119,792.118,5850.5918
95,136,2,-6179.4819,358.196,5860.272
97,136,2,-6638.646,504.84,6791.4878
99,136,2,-7093.002,715.19,7916.3042
101,136,2,-7506.4902,1016.892,9261.8242
103,136,2,-7825.02,1449.6121,10891.9355
105,136,2,-7939.21,2074.6521,12851.168
107,136,2,-7663.9521,2956.9202,15151.1357
109,136,2,-6732.4023,4170.9399,17702.7832
111,136,2,-4899.3521,5755.1763,20147.9512
113,136,2,-2244.134,7644.7202,21828.4004
115,136,2,677.928,9601.5762,22304.6562
117,136,2,3520.658,11402.1719,22341.4395
119,136,2,6225.1582,12881.834,22039.4238
121,136,2,8745.752,13797.7578,21019.1523
123,136,2,10952.624,14082.6318,19216.7363
125,136,2,12695.5244,14175.1865,16833.5195
127,136,2,13603.0342,14142.7324,13952.752
129,136,2,13716.0225,13955.2207,10831.9199
131,136,2,13104.2041,13175.1221,8092.48
133,136,2,11821.6699,11628.1484,6088.7197
135,136,2,10539.1357,9920.1064,4721.9038
137,136,2,9429.6904,8291.3965,3705.5039
139,136,2,8516.1699,6832.168,2907.8721
141,136,2,7767.3242,5552.0381,2257.376
143,136,2,7172.334,4423.3599,1715.296
145,136,2,6705.958,3418.488,1252.592
147,136,2,6365.792,2512.1799,844.096
149,136,2,6138.6143,1661.1641,480.128
151,136,2,6019.6162,875.056,137.456
153,136,2,6003.9902,99.766,-212.96
155,136,2,6100.1499,-665.908,-569.184
157,136,2,6312.9043,-1448.41,-960.256
159,136,2,6632.6362,-2262.1641,-1382.304
161,136,2,7073.77,-3134.8162,-1864.368
163,136,2,7645.9224,-4101.2241,-2439.3601
165,136,2,8357.5059,-5185.4282,-3140.1919
167,136,2,9224.1484,-6424.6899,-4019.136
169,136,2,10238.6357,-7825.02,-5142.0161
171,136,2,11364.9102,-9356.3682,-6603.6958
173,136,2,12491.1846,-10897.332,-8586.1602
175,136,2,13201.5664,-12203.9063,-11226.8643
177,136,2,13153.4863,-13036.8926,-14316.7197
179,136,2,12176.2598,-13295.3223,-17245.8887
181,136,2,10457.4004,-13196.7578,-19629.1035
183,136,2,8322.6484,-12714.7559,-21388.9277
185,136,2,5953.5063,-11861.3359,-22275.6152
187,136,2,3413.6802,-10705.0117,-22626.0312
189,136,2,727.21,-9269.8242,-22682.1758
191,136,2,-2037.39,-7639.9121,-22385.9687
193,136,2,-4685.396,-5957.1123,-21458.623
195,136,2,-6784.0879,-4405.3301,-19269.0078
197,136,2,-8022.1479,-3140.8262,-16694.127
199,136,2,-8505.3525,-2186.438,-14210.2402
201,136,2,-8489.7266,-1510.9141,-12053.5361
203,136,2,-8197.6406,-1037.326,-10225.9521
205,136,2,-7768.5264,-719.998,-8712.0
205,134,2,-8004.1182,-14.424,-8746.8477
203,134,2,-8546.2197,-217.562,-10305.3281
201,134,2,-9012.5957,-551.718,-12241.3281
199,134,2,-9274.6318,-1081.8,-14603.248
197,134,2,-9111.1602,-1888.342,-17435.6152
195,134,2,-8202.4482,-3009.8081,-20570.0
193,134,2,-6321.3184,-4424.562,-22701.5352
191,134,2,-3691.342,-5961.9199,-22858.3516
189,134,2,-795.724,-7447.5923,-22879.6484
187,134,2,2138.3582,-8781.8125,-22899.0078
185,134,2,4955.8462,-9886.4502,-22879.6484
183,134,2,7621.8823,-10718.2344,-22868.0312
181,134,2,10100.4063,-11262.7402,-22835.1191
179,134,2,12245.9766,-11440.6357,-22022.0
177,134,2,13593.418,-11194.2266,-19003.7754
175,134,2,13937.1904,-10428.5518,-15344.7363
173,134,2,13701.5986,-9246.9863,-11861.8721
171,134,2,12855.3906,-7882.7163,-9025.6318
169,134,2,11629.3506,-6564.1221,-6884.416
167,134,2,10451.3906,-5374.1421,-5271.728
165,134,2,9426.084,-4334.4121,-4046.24
163,134,2,8578.6738,-3424.498,-3101.4719
161,134,2,7904.3521,-2608.3401,-2346.4319
159,134,2,7387.4922,-1861.8981,-1730.7839
157,134,2,7019.6802,-1164.738,-1204.192
155,134,2,6784.0879,-494.022,-735.68
153,134,2,6677.1104,165.876,-300.08
151,134,2,6697.5439,832.986,125.84
149,134,2,6838.1782,1509.712,561.44
147,134,2,7109.8301,2227.3062,1039.632
145,134,2,7518.5103,2997.7881,1583.6479
143,134,2,8081.0464,3843.9961,2230.272
141,134,2,8816.6699,4801.9902,3018.2239
139,134,2,9727.7861,5891.002,3999.7759
137,134,2,10832.4238,7153.1021,5265.9199
135,134,2,12096.9277,8590.6943,6917.3281
133,134,2,13330.1807,10171.3242,9130.1758
131,134,2,13982.8662,11700.2686,12051.5996
129,134,2,14091.0459,12881.834,15565.4395
127,134,2,13875.8887,13407.1084,19135.4238
125,134,2,12599.3643,13480.4307,22037.4883
123,134,2,10418.9365,13184.7383,22817.6953
121,134,2,7828.626,12445.5078,22868.0312
119,134,2,4989.502,11340.8701,22881.584
117,134,2,1996.5221,9947.752,22869.9687
115,134,2,-1091.416,8288.9922,22862.2246
113,134,2,-4112.042,6454.7402,22821.5684
111,134,2,-6612.2021,4651.7402,21863.248
109,134,2,-8132.7319,3126.4021,18812.1113
107,134,2,-8715.7021,1972.4821,15790.0156
105,134,2,-8692.8643,1173.152,13197.7119
103,134,2,-8358.708,645.474,11079.7275
101,134,2,-7879.1104,306.51,9350.8799
99,134,2,-7355.0381,94.958,7955.0239
97,134,2,-6821.3501,-34.858,6797.2959
95,134,2,-6305.6919,-109.382,5842.8481
95,132,2,-6345.3579,-613.02,5771.2158
97,132,2,-6889.8643,-622.636,6712.1118
99,132,2,-7470.4302,-629.848,7860.1602
101,132,2,-8078.6421,-557.728,9271.5039
103,132,2,-8691.6621,-399.064,11048.752
105,132,2,-9238.5723,-102.17,13292.5762
107,132,2,-9565.5166,395.458,16140.4316
109,132,2,-9362.3779,1181.566,19634.9121
111,132,2,-8195.2363,2278.9919,22691.8555
113,132,2,-5860.9521,3620.4241,22883.5195
115,132,2,-2780.2261,5000.3203,22904.8164
117,132,2,513.254,6296.0762,22929.9844
119,132,2,3727.4021,7421.1479,22914.4961
121,132,2,6814.1382,8385.1523,22902.8789
123,132,2,9708.5537,9144.8164,22910.623
125,132,2,12309.6826,9658.0703,22881.584
127,132,2,13949.21,9827.5518,22804.1445
129,132,2,14206.4385,9534.2646,20192.4805
131,132,2,14216.0547,8796.2363,15875.2002
133,132,2,14076.6221,7728.8604,11974.1602
135,132,2,13365.0381,6608.5962,8955.9355
137,132,2,12070.4844,5566.4619,6719.856
139,132,2,10831.2227,4643.3262,5074.2559
141,132,2,9802.3105,3828.3701,3839.0879
143,132,2,8977.7383,3099.958,2871.0879
145,132,2,8333.4658,2435.252,2081.2
147,132,2,7859.8779,1812.6161,1424.896
149,132,2,7544.9541,1246.474,847.968
151,132,2,7373.0684,705.574,323.312
153,132,2,7339.4121,180.3,-195.536
155,132,2,7441.582,-341.368,-720.192
157,132,2,7690.396,-861.834,-1293.248
159,132,2,8079.8442,-1409.946,-1937.936
161,132,2,8630.3604,-1968.876,-2669.7439
163,132,2,9358.7725,-2568.6741,-3571.9199
165,132,2,10284.3125,-3220.158,-4718.0317
167,132,2,11411.7881,-3938.9541,-6216.4961
169,132,2,12699.1299,-4720.2539,-8226.0635
171,132,2,13766.5059,-5561.6543,-10924.8477
173,132,2,14136.7227,-6397.0439,-14520.0
175,132,2,14175.1865,-7064.1543,-18786.9434
177,132,2,13891.5146,-7409.1279,-22449.8555
179,132,2,12289.248,-7353.8359,-22881.584
181,132,2,9819.1377,-7018.478,-22902.8789
183,132,2,7078.5781,-6439.1143,-22914.4961
185,132,2,4169.7383,-5667.4302,-22920.3047
187,132,2,1151.516,-4758.7183,-22918.3672
189,132,2,-1921.998,-3738.22,-22918.3672
191,132,2,-4931.8062,-2679.2581,-22889.3281
193,132,2,-7536.54,-1613.084,-22842.8633
195,132,2,-9251.7939,-687.544,-21661.9043
197,132,2,-9909.2881,1.202,-18006.7363
199,132,2,-9816.7344,427.912,-14849.1201
201,132,2,-9358.7725,663.504,-12324.5762
203,132,2,-8752.9639,775.29,-10295.6475
205,132,2,-8113.5,807.744,-8682.96
205,130,2,-8064.2183,1659.962,-8502.9121
203,130,2,-8737.3379,1840.2621,-10082.6875
201,130,2,-9397.2363,2019.36,-12080.6396
199,130,2,-9950.1563,2188.842,-14599.376
197,130,2,-10197.7686,2325.8701,-17787.9687
195,130,2,-9760.2402,2391.98,-21576.7207
193,130,2,-8263.75,2312.6479,-22850.6074
191,130,2,-5775.6099,2048.208,-22902.8789
189,130,2,-2800.6602,1593.8521,-22920.3047
187,130,2,342.57,1039.73,-22939.6641
185,130,2,3410.074,429.114,-22937.7285
183,130,2,6389.832,-210.35,-22937.7285
181,130,2,9254.1982,-872.652,-22929.9844
179,130,2,11905.8105,-1448.41,-22893.1992
177,130,2,13812.1826,-2007.3401,-22838.9922
175,130,2,14198.0244,-2446.0701,-20599.0391
173,130,2,14202.832,-2698.49,-16035.8877
171,130,2,14002.0986,-2708.106,-12103.8721
169,130,2,13220.7979,-2549.4421,-9106.9443
167,130,2,11992.3545,-2283.8,-6886.3521
165,130,2,10838.4346,-1959.26,-5219.4561
163,130,2,9884.0459,-1607.074,-3953.312
161,130,2,9129.1904,-1240.464,-2956.272
159,130,2,8558.2402,-872.652,-2152.832
157,130,2,8150.7622,-497.628,-1463.616
155,130,2,7895.938,-120.2,-853.776
153,130,2,7785.354,264.44,-280.72
151,130,2,7820.2119,651.484,280.72
149,130,2,7995.7041,1048.144,859.584
147,130,2,8322.6484,1449.6121,1504.272
145,130,2,8816.6699,1866.7061,2249.6321
143,130,2,9492.1943,2294.6179,3144.064
141,130,2,10364.8457,2738.156,4253.3921
139,130,2,11445.4443,3186.502,5668.6079
137,130,2,12747.21,3633.646,7562.0161
135,130,2,13880.6963,4061.5581,10140.7676
133,130,2,14205.2363,4388.502,13641.0557
131,130,2,14231.6807,4533.9438,18070.623
129,130,2,14216.0547,4407.7339,22368.543
127,130,2,13899.9287,4019.488,22893.1992
125,130,2,11868.5479,3434.114,22931.9199
123,130,2,9081.1104,2729.7419,22935.791
121,130,2,6044.8579,1982.098,22947.4082
119,130,2,2873.9819,1210.4141,22951.2793
117,130,2,-429.114,451.952,22943.5352
115,130,2,-3749.0381,-216.36,22914.4961
113,130,2,-6823.7539,-804.138,22897.0723
111,130,2,-9036.6357,-1242.868,22804.1445
109,130,2,-9994.6299,-1512.116,19905.9512
107,130,2,-9974.1963,-1629.912,16161.7275
105,130,2,-9471.7598,-1645.5381,13193.8398
103,130,2,-8805.8525,-1597.458,10907.4238
101,130,2,-8112.2983,-1512.116,9118.5596
99,130,2,-7454.8042,-1405.1381,7711.0879
97,130,2,-6836.9761,-1292.15,6564.9761
95,130,2,-6269.6323,-1175.556,5624.0801
95,128,2,-6128.998,-1684.0021,5447.9038
97,128,2,-6672.3022,-1894.3521,6332.6558
99,128,2,-7272.1001,-2141.9641,7424.5601
101,128,2,-7917.5742,-2432.8481,8766.208
103,128,2,-8597.9063,-2780.2261,10466.0156
105,128,2,-9259.0059,-3197.3201,12634.3359
107,128,2,-9762.6445,-3712.978,15414.4316
109,128,2,-9822.7441,-4328.4019,18906.9766
111,128,2,-9002.9805,-4987.0981,22366.6074
113,128,2,-7018.478,-5519.584,22875.7754
115,128,2,-4186.5659,-5763.5903,22914.4961
117,128,2,-1021.7,-5684.2583,22924.1758
119,128,2,2149.176,-5345.2939,22931.9199
121,128,2,5232.3062,-4808.0,22926.1113
123,128,2,8183.2163,-4113.2441,22920.3047
125,128,2,10981.4727,-3220.158,22918.3672
127,128,2,13306.1406,-2204.468,22862.2246
129,128,2,14154.752,-1097.426,22244.6406
131,128,2,14213.6504,-30.05,18258.416
133,128,2,14189.6104,813.754,14066.9756
135,128,2,13904.7363,1330.614,10646.0635
137,128,2,12974.3887,1556.5901,8057.6318
139,128,2,11779.6006,1586.64,6123.5679
141,128,2,10744.6777,1498.894,4648.3359
143,128,2,9890.0566,1340.23,3486.7361
145,128,2,9220.542,1135.89,2541.968
147,128,2,8724.1162,911.116,1752.08
149,128,2,8385.1523,679.13,1060.928
151,128,2,8192.832,445.942,431.728
153,128,2,8144.752,215.158,-181.984
155,128,2,8237.3057,-10.818,-803.44
157,128,2,8477.7061,-218.764,-1467.488
159,128,2,8865.9521,-409.882,-2205.104
161,128,2,9410.458,-570.95,-3051.136
163,128,2,10125.6484,-688.746,-4084.96
165,128,2,11018.7344,-730.816,-5378.208
167,128,2,12071.6865,-656.292,-7043.168
169,128,2,13182.334,-402.67,-9242.4639
171,128,2,13922.7666,100.968,-12086.4482
173,128,2,14110.2783,930.348,-15722.2559
175,128,2,14052.582,2027.774,-19818.832
177,128,2,13315.7559,3198.522,-22744.127
179,128,2,11268.75,4235.8481,-22877.7109
181,128,2,8703.6826,5109.7021,-22912.5605
183,128,2,5912.6382,5810.4683,-22918.3672
185,128,2,2994.1821,6360.9839,-22920.3047
187,128,2,45.676,6703.5542,-22908.6875
189,128,2,-2902.8301,6820.1479,-22912.5605
191,128,2,-5674.6421,6633.8379,-22879.6484
193,128,2,-7957.2402,6148.23,-22778.9766
195,128,2,-9332.3281,5416.2119,-20281.5352
197,128,2,-9766.25,4643.3262,-16860.623
199,128,2,-9566.7178,3950.9741,-13925.6475
201,128,2,-9064.2822,3381.2261,-11583.0879
203,128,2,-8442.8486,2908.8401,-9691.6162
205,128,2,-7805.7881,2519.3921,-8191.2158
205,126,2,-7403.1182,3257.4202,-7759.4878
203,126,2,-7940.4121,3804.3301,-9105.0078
201,126,2,-8440.4443,4483.46,-10764.1602
199,126,2,-8803.4482,5327.2642,-12787.2803
197,126,2,-8865.9521,6348.9644,-15211.1523
195,126,2,-8376.7383,7514.9043,-17956.4004
193,126,2,-7148.2939,8666.4199,-20711.3281
191,126,2,-5192.6401,9599.1719,-22513.7441
189,126,2,-2765.802,10174.9307,-22838.9922
187,126,2,-108.18,10390.0879,-22873.8398
185,126,2,2599.926,10261.4746,-22868.0312
183,126,2,5270.77,9832.3604,-22864.1602
181,126,2,7831.0303,9107.5537,-22837.0566
179,126,2,10166.5166,8105.0859,-22511.8086
177,126,2,12119.7666,6798.5122,-20660.9922
175,126,2,13306.1406,5281.5879,-17654.3848
173,126,2,13618.6602,3751.4421,-14430.9443
171,126,2,13368.6445,2454.4841,-11437.8877
169,126,2,12711.1504,1501.298,-8955.9355
167,126,2,11791.6201,855.824,-6952.1758
165,126,2,10903.3418,456.76,-5380.144
163,126,2,10125.6484,237.996,-4135.2959
161,126,2,9481.376,138.23,-3115.0239
159,126,2,8977.7383,112.988,-2278.6719
157,126,2,8615.9365,151.452,-1541.056
155,126,2,8389.96,223.572,-877.008
153,126,2,8297.4063,316.126,-249.744
151,126,2,8337.0723,417.094,365.904
149,126,2,8510.1602,512.052,1006.72
147,126,2,8820.2764,585.374,1705.616
145,126,2,9278.2383,623.838,2512.928
143,126,2,9890.0566,605.808,3459.6321
141,126,2,10660.5381,500.032,4615.4238
139,126,2,11574.0586,259.632,6044.1919
137,126,2,12588.5459,-181.502,7871.7759
135,126,2,13458.7939,-900.298,10200.7842
133,126,2,13931.1807,-1979.6941,13128.0156
131,126,2,13981.6641,-3395.6501,16512.1445
129,126,2,13610.2461,-4993.1079,19965.9687
127,126,2,12190.6846,-6522.0522,22475.0234
125,126,2,9980.2061,-7805.7881,22846.7363
123,126,2,7433.168,-8799.8418,22877.7109
121,126,2,4679.3862,-9499.4063,22885.4551
119,126,2,1857.0901,-9899.6719,22881.584
117,126,2,-1034.922,-9966.9844,22873.8398
115,126,2,-3837.9861,-9652.0605,22852.543
113,126,2,-6306.894,-8910.4258,22569.8887
111,126,2,-8066.6221,-7815.4043,20237.0078
109,126,2,-8908.0225,-6609.7983,17077.4551
107,126,2,-9004.1826,-5509.9683,14198.624
105,126,2,-8666.4199,-4604.8623,11799.9199
103,126,2,-8137.54,-3892.0762,9875.5361
101,126,2,-7546.1562,-3323.53,8320.9277
99,126,2,-6970.3979,-2870.376,7078.0161
97,126,2,-6416.2759,-2492.948,6053.8721
95,126,2,-5898.2139,-2176.822,5209.7759
95,124,2,-5597.7139,-2597.522,4940.6719
97,124,2,-6042.4541,-2977.354,5703.4561
99,124,2,-6513.6382,-3443.73,6623.0562
101,124,2,-6990.832,-4009.8721,7726.5762
103,124,2,-7442.7842,-4713.042,9072.0957
105,124,2,-7802.1821,-5584.4922,10698.3359
107,124,2,-7952.4321,-6655.4741,12634.3359
109,124,2,-7715.6382,-7912.7661,14856.8643
111,124,2,-6888.6621,-9242.1777,17187.8086
113,124,2,-5378.9502,-10473.0264,19398.7207
115,124,2,-3312.7122,-11391.3545,21156.6074
117,124,2,-907.51,-11901.002,22103.3125
119,124,2,1609.478,-11997.1621,22401.4551
121,124,2,4120.4561,-11718.2979,22385.9687
123,124,2,6548.4961,-11088.4502,22056.8477
125,124,2,8811.8623,-10107.6182,21011.4082
127,124,2,10749.4863,-8808.2559,19238.0312
129,124,2,12203.9063,-7225.2222,16947.7441
131,124,2,12959.9639,-5560.4521,14386.416
133,124,2,13044.1045,-3984.6301,11815.4082
135,124,2,12658.2627,-2682.864,9501.8877
137,124,2,11979.1318,-1704.436,7536.8481
139,124,2,11217.0645,-1010.882,5929.9678
141,124,2,10489.8545,-544.506,4621.2319
143,124,2,9849.1885,-236.794,3540.9441
145,124,2,9314.2979,-39.666,2623.28
147,124,2,8903.2139,79.332,1837.264
149,124,2,8615.9365,152.654,1136.432
151,124,2,8447.6563,200.734,489.808
153,124,2,8399.5762,241.602,-141.328
155,124,2,8470.4941,288.48,-776.336
157,124,2,8659.208,361.802,-1450.064
159,124,2,8968.1221,483.204,-2189.616
161,124,2,9392.4277,665.908,-3010.48
163,124,2,9926.1162,944.772,-3968.8
165,124,2,10554.7617,1370.28,-5114.9121
167,124,2,11233.8926,1978.4921,-6514.6401
169,124,2,11878.1641,2839.124,-8216.3838
171,124,2,12338.5303,3978.6201,-10235.6318
173,124,2,12419.0645,5398.1821,-12549.1523
175,124,2,11932.2539,6964.3882,-14951.7275
177,124,2,10786.748,8529.3926,-17209.1035
179,124,2,9105.1504,9875.6318,-19102.5117
181,124,2,7071.3662,10902.1406,-20459.6484
183,124,2,4814.0103,11602.9063,-21299.8711
185,124,2,2440.0601,11973.1221,-21588.3359
187,124,2,56.494,11998.3643,-21363.7598
189,124,2,-2244.134,11670.2178,-20599.0391
191,124,2,-4312.7759,10976.6641,-19294.1758
193,124,2,-5995.5762,9958.5703,-17538.2246
195,124,2,-7135.0723,8733.7324,-15499.6162
197,124,2,-7700.0122,7488.46,-13426.1602
199,124,2,-7813.0,6334.54,-11495.9678
201,124,2,-7635.104,5365.728,-9829.0723
203,124,2,-7300.9482,4542.3579,-8406.1123
205,124,2,-6879.0459,3878.854,-7217.4082
205,122,2,-6273.2383,4328.4019,-6648.2241
203,122,2,-6560.5161,5029.168,-7651.0718
201,122,2,-6762.4521,5864.5581,-8822.3516
199,122,2,-6796.1079,6842.9863,-10158.1924
197,122,2,-6568.9302,7944.0181,-11621.8076
195,122,2,-5977.5459,9119.5742,-13164.7998
193,122,2,-4951.0381,10255.4639,-14647.7764
191,122,2,-3517.052,11220.6699,-15927.4717
189,122,2,-1781.364,11907.0127,-16891.5996
187,122,2,180.3,12270.0166,-17472.4004
185,122,2,2226.104,12302.4707,-17646.6406
183,122,2,4258.686,11991.1523,-17400.7676
181,122,2,6204.7241,11361.3047,-16738.6562
179,122,2,7950.0283,10423.7441,-15689.3438
177,122,2,9397.2363,9209.7246,-14279.9355
175,122,2,10423.7441,7811.7983,-12609.168
173,122,2,10979.0684,6363.3882,-10820.3037
171,122,2,11088.4502,5012.3403,-9050.7998
169,122,2,10884.1104,3858.4202,-7455.5361
167,122,2,10489.8545,2919.658,-6038.3838
165,122,2,10018.6699,2191.2461,-4826.4478
163,122,2,9553.4961,1644.3361,-3800.3679
161,122,2,9137.6045,1232.05,-2915.616
159,122,2,8792.6299,923.136,-2148.96
157,122,2,8531.7959,687.544,-1455.8719
155,122,2,8367.1221,504.84,-816.992
153,122,2,8304.6182,350.984,-205.216
151,122,2,8340.6777,207.946,393.008
149,122,2,8478.9082,49.282,1012.528
147,122,2,8716.9043,-143.038,1682.384
145,122,2,9058.2725,-397.862,2435.488
143,122,2,9490.9922,-741.634,3291.2
141,122,2,10001.8418,-1208.01,4288.2397
139,122,2,10551.1563,-1830.646,5455.6479
137,122,2,11084.8438,-2664.834,6837.9521
135,122,2,11501.9385,-3734.614,8444.832
133,122,2,11666.6123,-5050.8042,10256.9277
131,122,2,11423.8086,-6556.9102,12173.5684
129,122,2,10682.1738,-8097.874,14043.7441
127,122,2,9436.9023,-9551.0918,15720.3203
125,122,2,7786.5562,-10771.1221,17075.5195
123,122,2,5858.5483,-11688.248,18026.0957
121,122,2,3755.0481,-12266.4102,18517.8398
119,122,2,1611.8821,-12485.1738,18570.1113
117,122,2,-539.698,-12343.3379,18163.5527
115,122,2,-2553.0481,-11827.6807,17300.0957
113,122,2,-4295.9482,-10953.8262,16030.0801
111,122,2,-5619.3501,-9820.3398,14463.8555
109,122,2,-6441.5181,-8581.0781,12777.5996
107,122,2,-6816.542,-7363.4521,11116.5117
105,122,2,-6853.8042,-6270.834,9596.752
103,122,2,-6673.5039,-5344.0923,8264.7842
101,122,2,-6370.6001,-4570.0039,7124.48
99,122,2,-6012.4043,-3937.752,6160.3521
97,122,2,-5631.3701,-3405.2661,5341.4238
95,122,2,-5252.7402,-2962.9302,4650.272
95,120,2,-4853.6763,-3238.188,4328.896
97,120,2,-5150.5703,-3697.3521,4932.9277
99,120,2,-5436.646,-4246.666,5637.6318
101,120,2,-5683.0562,-4893.3423,6452.688
103,120,2,-5858.5483,-5661.4199,7391.6479
105,120,2,-5906.6279,-6552.1021,8460.3203
107,120,2,-5755.1763,-7558.1763,9633.5361
109,120,2,-5323.6582,-8649.5918,10882.2559
111,120,2,-4553.1763,-9731.3926,12109.6797
113,120,2,-3407.6702,-10726.6484,13236.4316
115,120,2,-1956.8561,-11498.332,14154.0957
117,120,2,-264.44,-11979.1318,14787.168
119,120,2,1537.358,-12136.5938,15094.9922
121,120,2,3366.802,-11965.9102,15060.1436
123,120,2,5145.7622,-11480.3018,14674.8799
125,120,2,6788.896,-10685.7803,13954.6875
127,120,2,8194.0342,-9635.2324,12940.2236
129,120,2,9286.6523,-8387.5566,11701.1836
131,120,2,9993.4277,-7061.75,10328.5596
133,120,2,10346.8164,-5719.1162,8886.2402
135,120,2,10381.6738,-4502.6919,7500.064
137,120,2,10186.9502,-3454.5481,6216.4961
139,120,2,9869.6221,-2593.916,5078.1279
141,120,2,9499.4063,-1905.17,4079.1521
143,120,2,9135.2002,-1358.26,3202.144
145,120,2,8811.8623,-907.51,2416.1279
147,120,2,8539.0078,-557.728,1719.168
149,120,2,8339.4766,-266.844,1080.288
151,120,2,8218.0742,-8.414,482.064
153,120,2,8177.2061,240.4,-108.416
155,120,2,8216.8721,495.224,-702.768
157,120,2,8340.6777,780.098,-1322.288
159,120,2,8536.6045,1110.6481,-1978.592
161,120,2,8795.0342,1509.712,-2692.9761
163,120,2,9099.1406,2003.734,-3490.6079
165,120,2,9424.8818,2633.582,-4396.6558
167,120,2,9721.7764,3404.064,-5420.7998
169,120,2,9927.3184,4340.4219,-6576.5918
171,120,2,9959.7725,5427.0303,-7834.9922
173,120,2,9734.998,6650.666,-9182.4482
175,120,2,9173.6641,7928.3921,-10529.9043
177,120,2,8258.9424,9149.624,-11780.5596
179,120,2,7020.8823,10230.2227,-12843.4238
181,120,2,5543.624,11066.8145,-13650.7363
183,120,2,3890.874,11643.7744,-14190.8799
185,120,2,2156.3879,11914.2246,-14399.9678
187,120,2,418.296,11885.376,-14301.2314
189,120,2,-1239.262,11556.0283,-13892.7363
191,120,2,-2720.126,10955.0283,-13201.584
193,120,2,-3959.3882,10125.6484,-12283.9199
195,120,2,-4894.5439,9141.21,-11205.5684
197,120,2,-5496.7461,8106.2881,-10065.2637
199,120,2,-5810.4683,7101.416,-8942.3838
201,120,2,-5895.8101,6179.4819,-7896.9438
203,120,2,-5818.8823,5356.1123,-6938.624
205,120,2,-5633.7739,4645.73,-6090.6558
205,118,2,-5006.3301,4805.5962,-5507.9199
203,118,2,-5091.6719,5475.1099,-6202.9438
201,118,2,-5077.248,6227.562,-6967.6641
199,118,2,-4918.584,7059.3462,-7790.4639
197,118,2,-4572.4082,7939.21,-8644.2402
195,118,2,-3989.438,8826.2861,-9494.1436
193,118,2,-3162.4622,9653.2617,-10289.8398
191,118,2,-2099.894,10360.0381,-10965.5039
189,118,2,-851.016,10873.292,-11468.8643
187,118,2,550.516,11167.7822,-11759.2637
185,118,2,2012.1481,11194.2266,-11823.1523
183,118,2,3480.9919,10964.6445,-11656.6563
181,118,2,4876.5142,10483.8438,-11250.0957
179,118,2,6131.4023,9779.4727,-10638.3203
177,118,2,7201.1821,8873.1641,-9827.1357
175,118,2,8024.5522,7834.6362,-8876.5596
173,118,2,8577.4717,6746.8262,-7852.416
171,118,2,8874.3662,5680.6523,-6814.7197
169,118,2,8965.7178,4691.4062,-5813.8081
167,118,2,8906.8203,3809.1382,-4870.9761
165,118,2,8752.9639,3045.8682,-4009.4561
163,118,2,8548.624,2384.7681,-3223.4399
161,118,2,8339.4766,1843.868,-2518.7361
159,118,2,8159.1763,1388.3101,-1887.6
157,118,2,8014.936,1001.266,-1291.312
155,118,2,7923.584,657.494,-729.872
153,118,2,7894.7363,338.964,-181.984
151,118,2,7925.9883,25.242,358.16
149,118,2,8019.7441,-299.298,913.792
147,118,2,8172.3979,-663.504,1500.4
145,118,2,8374.334,-1087.8101,2139.28
143,118,2,8615.9365,-1587.842,2845.9199
141,118,2,8874.3662,-2187.6401,3630.0
139,118,2,9111.1602,-2898.022,4491.52
137,118,2,9287.8545,-3752.644,5451.7759
135,118,2,9338.3379,-4743.0923,6491.4082
133,118,2,9200.1084,-5844.124,7585.248
131,118,2,8808.2559,-7008.8623,8686.832
129,118,2,8144.752,-8150.7622,9730.3359
127,118,2,7197.5762,-9210.9258,10655.7441
125,118,2,6003.9902,-10116.0322,11420.4639
123,118,2,4627.7002,-10802.374,11972.2236
121,118,2,3122.7961,-11230.2861,12278.1123
119,118,2,1589.0441,-11385.3438,12330.3838
117,118,2,68.514,-11257.9326,12119.3604
115,118,2,-1346.24,-10863.6758,11674.0801
113,118,2,-2587.906,-10231.4238,11019.7119
111,118,2,-3590.374,-9426.084,10212.4004
109,118,2,-4319.9883,-8513.7666,9310.2236
107,118,2,-4788.7681,-7577.4082,8377.0723
105,118,2,-5027.9663,-6673.5039,7463.2798
103,118,2,-5091.6719,-5844.124,6609.5039
101,118,2,-5025.562,-5108.5,5837.04
99,118,2,-4876.5142,-4473.8442,5153.6318
97,118,2,-4674.5781,-3916.116,4541.856
95,118,2,-4446.1982,-3442.5281,4009.4561
95,116,2,-4025.498,-3566.334,3682.272
97,116,2,-4185.3643,-4020.6902,4135.2959
99,116,2,-4312.7759,-4547.166,4646.3999
101,116,2,-4387.3003,-5143.3579,5217.52
103,116,2,-4376.4819,-5811.6699,5840.9121
105,116,2,-4249.0703,-6548.4961,6518.5122
107,116,2,-3973.812,-7339.4121,7227.0879
109,116,2,-3508.6382,-8139.9443,7939.5361
111,116,2,-2849.9421,-8893.5986,8613.2637
113,116,2,-1977.29,-9563.1123,9211.4883
115,116,2,-927.944,-10081.1738,9691.6162
117,116,2,269.248,-10414.1279,10020.7363
119,116,2,1549.3781,-10522.3086,10165.9355
121,116,2,2846.3359,-10399.7041,10125.2803
123,116,2,4109.6382,-10040.3066,9885.2158
125,116,2,5281.5879,-9469.3564,9463.168
127,116,2,6302.0859,-8722.9141,8886.2402
129,116,2,7141.082,-7834.6362,8181.5361
131,116,2,7760.1123,-6881.4502,7395.52
133,116,2,8172.3979,-5895.8101,6549.4878
135,116,2,8391.1621,-4942.624,5699.584
137,116,2,8453.666,-4045.9321,4867.104
139,116,2,8398.374,-3255.0161,4088.832
141,116,2,8278.1738,-2561.4622,3362.832
143,116,2,8129.126,-1950.8461,2698.7839
145,116,2,7982.4819,-1411.1481,2075.3921
147,116,2,7837.04,-949.58,1496.528
149,116,2,7721.6479,-537.294,952.512
151,116,2,7645.9224,-155.058,433.664
153,116,2,7618.2764,219.966,-77.44
155,116,2,7636.3062,607.01,-592.416
157,116,2,7695.2041,1010.882,-1124.816
159,116,2,7786.5562,1449.6121,-1678.512
161,116,2,7904.3521,1940.0281,-2265.1199
163,116,2,8022.1479,2498.958,-2886.5759
165,116,2,8124.3184,3138.4221,-3558.3679
167,116,2,8176.0039,3869.238,-4280.4961
169,116,2,8138.7422,4686.5981,-5052.96
171,116,2,7971.6641,5570.0679,-5854.4639
173,116,2,7631.498,6522.0522,-6659.8398
175,116,2,7099.0122,7460.814,-7449.728
177,116,2,6369.3979,8338.2744,-8177.6641
179,116,2,5452.272,9103.9482,-8802.9922
181,116,2,4386.0981,9712.1602,-9286.9922
183,116,2,3209.3401,10131.6582,-9618.0479
185,116,2,1967.6741,10338.4023,-9767.1201
187,116,2,729.614,10326.3818,-9738.0801
189,116,2,-451.952,10105.2139,-9538.6719
191,116,2,-1526.54,9689.3223,-9176.6396
193,116,2,-2452.0801,9115.9678,-8690.7041
195,116,2,-3199.7241,8429.626,-8106.0317
197,116,2,-3755.0481,7686.79,-7465.2158
199,116,2,-4127.668,6921.1162,-6805.04
201,116,2,-4336.8159,6189.0981,-6158.416
203,116,2,-4419.7539,5496.7461,-5538.896
205,116,2,-4402.9263,4869.3022,-4961.9678
205,114,2,-3857.218,4834.4438,-4454.7358
203,114,2,-3815.1479,5390.9702,-4915.5039
201,114,2,-3687.7361,6000.3843,-5407.248
199,114,2,-3449.74,6637.4443,-5914.48
197,114,2,-3081.928,7284.1201,-6421.7119
195,114,2,-2571.0781,7909.1602,-6909.584
193,114,2,-1911.1801,8477.7061,-7350.9922
191,114,2,-1109.446,8948.8906,-7714.96
189,114,2,-198.33,9287.8545,-7978.2559
187,114,2,807.744,9469.3564,-8127.3281
185,114,2,1857.0901,9481.376,-8140.8799
183,114,2,2910.042,9319.1064,-8018.9121
181,114,2,3911.3081,8966.9199,-7765.2959
179,114,2,4828.4341,8456.0703,-7385.8398
177,114,2,5626.562,7817.8081,-6907.6479
175,114,2,6282.854,7078.5781,-6338.4639
173,114,2,6787.6943,6288.8643,-5718.9438
171,114,2,7133.8701,5483.5239,-5072.3198
169,114,2,7347.8262,4703.4263,-4427.6318
167,114,2,7451.1982,3956.9841,-3792.624
165,114,2,7475.2383,3275.45,-3184.72
163,114,2,7445.188,2656.4202,-2611.6641
161,114,2,7389.896,2102.2981,-2071.52
159,114,2,7324.9883,1597.458,-1566.224
157,114,2,7274.5039,1140.698,-1080.288
155,114,2,7240.8481,717.594,-611.776
153,114,2,7237.2422,312.52,-149.072
151,114,2,7258.8779,-88.948,309.76
149,114,2,7309.3623,-497.628,776.336
147,114,2,7385.0879,-941.166,1262.272
145,114,2,7478.8442,-1427.9761,1777.248
143,114,2,7575.0039,-1964.068,2329.0081
141,114,2,7659.144,-2566.27,2919.488
139,114,2,7700.0122,-3236.9861,3540.9441
137,114,2,7677.1743,-3982.2261,4201.1201
135,114,2,7554.5703,-4791.1719,4882.5918
133,114,2,7302.1499,-5640.9863,5571.8081
131,114,2,6898.2783,-6499.2144,6241.6641
129,114,2,6330.9341,-7318.978,6859.248
127,114,2,5604.9263,-8065.4199,7407.1357
125,114,2,4727.4663,-8702.4805,7860.1602
123,114,2,3737.0181,-9189.29,8189.2798
121,114,2,2669.6421,-9499.4063,8380.9443
119,114,2,1579.428,-9617.2021,8427.4082
117,114,2,500.032,-9547.4863,8330.6084
115,114,2,-512.052,-9292.6621,8102.1602
113,114,2,-1425.572,-8880.376,7753.6802
111,114,2,-2196.054,-8341.8799,7312.272
109,114,2,-2804.2661,-7719.2441,6806.9761
107,114,2,-3258.6221,-7052.1343,6266.832
105,114,2,-3560.324,-6380.2163,5715.0718
103,114,2,-3735.8162,-5731.1362,5178.7998
101,114,2,-3809.1382,-5125.3281,4667.6958
99,114,2,-3800.7241,-4576.0142,4197.248
97,114,2,-3733.4121,-4075.9822,3763.584
95,114,2,-3626.4341,-3631.2422,3372.512
95,112,2,-3233.3801,-3637.252,3070.4961
97,112,2,-3292.2781,-4042.3262,3395.7439
99,112,2,-3310.3081,-4495.48,3753.9041
101,112,2,-3275.45,-4988.3003,4139.168
103,112,2,-3167.27,-5524.3921,4551.5361
105,112,2,-2970.1421,-6088.1299,4981.3281
107,112,2,-2666.0361,-6657.8779,5411.1201
109,112,2,-2242.9321,-7218.0103,5827.3599
111,112,2,-1698.426,-7728.8604,6212.624
113,112,2,-1024.104,-8169.9941,6545.6157
115,112,2,-246.41,-8506.5537,6806.9761
117,112,2,619.03,-8712.0957,6977.3437
119,112,2,1532.55,-8767.3877,7045.104
121,112,2,2454.4841,-8665.2178,7000.5762
123,112,2,3355.9841,-8404.3838,6851.5039
125,112,2,4205.7979,-8001.7144,6594.0161
127,112,2,4965.4619,-7476.4399,6245.5361
129,112,2,5613.3403,-6852.6021,5819.6162
131,112,2,6135.0083,-6168.6641,5337.5518
133,112,2,6532.8701,-5451.0703,4814.832
135,112,2,6806.9263,-4726.2642,4278.5601
137,112,2,6975.2061,-4017.084,3730.6719
139,112,2,7062.9521,-3343.9641,3192.4639
141,112,2,7082.1841,-2728.54,2677.488
143,112,2,7061.75,-2159.9941,2179.936
145,112,2,7018.478,-1631.114,1699.808
147,112,2,6964.3882,-1143.1021,1240.976
149,112,2,6919.9141,-687.544,803.44
151,112,2,6887.46,-248.814,379.456
153,112,2,6868.228,181.502,-48.4
155,112,2,6865.8242,615.424,-478.192
157,112,2,6876.6421,1063.77,-913.792
159,112,2,6895.874,1537.358,-1361.0079
161,112,2,6915.106,2039.7941,-1817.9039
163,112,2,6917.5103,2578.29,-2294.1599
165,112,2,6891.0659,3166.0681,-2787.8401
167,112,2,6812.936,3794.7141,-3300.8799
169,112,2,6667.4941,4464.228,-3825.5359
171,112,2,6430.7002,5156.5801,-4354.064
173,112,2,6082.1201,5854.9419,-4872.9121
175,112,2,5619.3501,6535.2739,-5368.5278
177,112,2,5036.3799,7163.9199,-5813.8081
179,112,2,4344.0283,7708.4263,-6199.0718
181,112,2,3562.728,8142.3481,-6503.0239
183,112,2,2710.51,8450.0605,-6717.9199
185,112,2,1815.02,8609.9258,-6828.272
187,112,2,920.732,8618.3398,-6834.0801
189,112,2,64.908,8482.5137,-6735.3437
191,112,2,-726.008,8216.8721,-6551.4238
193,112,2,-1429.178,7839.4443,-6284.2559
195,112,2,-2026.572,7376.6743,-5957.0718
197,112,2,-2503.7661,6859.814,-5585.3599
199,112,2,-2866.77,6310.5,-5190.416
201,112,2,-3119.1899,5759.9839,-4787.728
203,112,2,-3279.0562,5221.4883,-4392.7842
205,112,2,-3360.792,4714.2441,-4009.4561
205,110,2,-2911.2441,4566.3979,-3583.5359
203,110,2,-2805.468,5007.5322,-3891.3599
201,110,2,-2632.3801,5469.1001,-4208.8638
199,110,2,-2377.5562,5935.4761,-4522.4961
197,110,2,-2039.7941,6394.6401,-4830.3198
195,110,2,-1604.67,6827.3604,-5118.7842
193,110,2,-1076.9921,7208.394,-5370.4639
191,110,2,-463.972,7517.3081,-5569.8721
189,110,2,215.158,7730.062,-5707.3281
187,110,2,951.984,7840.646,-5775.0879
185,110,2,1717.6581,7831.0303,-5761.5361
183,110,2,2485.7361,7694.002,-5668.6079
181,110,2,3218.9561,7437.9761,-5498.2397
179,110,2,3896.884,7076.1743,-5258.1758
177,110,2,4505.0962,6619.4141,-4952.2881
175,110,2,5032.7739,6090.5342,-4598.0
173,110,2,5463.0903,5511.1699,-4201.1201
171,110,2,5796.0439,4907.7661,-3779.072
169,110,2,6041.252,4303.1602,-3349.28
167,110,2,6214.3403,3704.564,-2911.7439
165,110,2,6324.9243,3133.614,-2481.9519
163,110,2,6386.2261,2592.7141,-2063.7759
161,110,2,6418.6802,2083.0659,-1657.2159
159,110,2,6429.498,1607.074,-1266.144
157,110,2,6431.9023,1147.91,-880.88
155,110,2,6435.5083,707.978,-501.424
153,110,2,6442.7202,271.652,-123.904
151,110,2,6455.9419,-159.866,245.872
149,110,2,6475.1743,-590.182,623.392
147,110,2,6495.6079,-1038.5281,1010.592
145,110,2,6512.436,-1520.53,1415.2159
143,110,2,6511.2339,-2039.7941,1837.264
141,110,2,6493.2041,-2587.906,2272.864
139,110,2,6435.5083,-3167.27,2720.0801
137,110,2,6323.7222,-3780.29,3176.9761
135,110,2,6138.6143,-4414.9463,3633.8721
133,110,2,5865.7603,-5068.834,4086.896
131,110,2,5496.7461,-5698.6821,4516.688
129,110,2,5031.5723,-6286.46,4905.8237
127,110,2,4466.6323,-6817.7441,5248.4961
125,110,2,3807.936,-7270.8979,5533.0879
123,110,2,3081.928,-7617.0742,5738.3042
121,110,2,2313.8501,-7846.6562,5868.0161
119,110,2,1533.7521,-7944.0181,5910.6079
117,110,2,753.654,-7917.5742,5869.9521
115,110,2,14.424,-7763.7183,5747.9839
113,110,2,-665.908,-7501.6821,5558.2559
111,110,2,-1262.1,-7149.4961,5310.4478
109,110,2,-1759.728,-6729.998,5018.1118
107,110,2,-2157.5901,-6269.6323,4696.7358
105,110,2,-2462.8979,-5786.4282,4357.936
103,110,2,-2674.45,-5304.4263,4017.2
101,110,2,-2811.478,-4836.8481,3684.208
99,110,2,-2879.9919,-4395.7139,3366.7041
97,110,2,-2896.8201,-3977.418,3064.688
95,110,2,-2872.78,-3595.1821,2783.968
95,110,4,-2601.1279,-3322.3281,2859.4719
97,110,4,-2602.3301,-3646.8682,3130.512
99,110,4,-2565.0681,-4002.6602,3424.7839
101,110,4,-2482.1301,-4380.0879,3732.6079
103,110,4,-2339.092,-4779.1519,4053.9839
105,110,4,-2128.7419,-5186.6299,4381.168
107,110,4,-1836.656,-5591.7041,4704.48
109,110,4,-1464.036,-5973.9399,5010.3682
111,110,4,-1008.478,-6320.1162,5289.1519
113,110,4,-467.578,-6604.9902,5521.4722
115,110,4,146.644,-6818.9463,5701.52
117,110,4,810.148,-6937.9443,5809.936
119,110,4,1507.308,-6954.772,5846.7197
121,110,4,2203.2661,-6864.6221,5802.1919
123,110,4,2892.012,-6667.4941,5674.416
125,110,4,3543.4961,-6374.2061,5475.0078
127,110,4,4137.2842,-5991.9702,5203.9678
129,110,4,4654.144,-5543.624,4874.8481
131,110,4,5086.8643,-5047.1982,4503.1357
133,110,4,5433.04,-4521.9243,4094.6399
135,110,4,5699.8843,-3977.418,3664.8479
137,110,4,5889.8003,-3437.72,3229.248
139,110,4,6016.0103,-2910.042,2787.8401
141,110,4,6086.9282,-2413.616,2356.1121
143,110,4,6121.7861,-1937.624,1930.192
145,110,4,6131.4023,-1482.066,1517.824
147,110,4,6126.5942,-1052.952,1113.2
149,110,4,6113.3721,-645.474,722.128
151,110,4,6100.1499,-246.41,338.8
153,110,4,6086.9282,147.846,-44.528
155,110,4,6074.9082,545.708,-433.664
157,110,4,6062.8882,951.984,-828.608
159,110,4,6049.666,1372.6841,-1225.488
161,110,4,6024.4243,1804.202,-1624.304
163,110,4,5978.748,2265.77,-2040.5439
165,110,4,5904.2241,2748.9741,-2460.656
167,110,4,5785.2261,3253.814,-2890.448
169,110,4,5612.1382,3776.6841,-3322.176
171,110,4,5374.1421,4301.958,-3746.1599
173,110,4,5055.6123,4821.2222,-4156.5918
175,110,4,4661.356,5321.2539,-4541.856
177,110,4,4185.3643,5776.812,-4890.3359
179,110,4,3636.05,6173.4722,-5188.48
181,110,4,3030.2419,6493.2041,-5424.6719
183,110,4,2376.354,6723.9883,-5598.9121
185,110,4,1690.0121,6852.6021,-5693.7759
187,110,4,1008.478,6876.6421,-5711.2002
189,110,4,348.58,6803.3203,-5655.0562
191,110,4,-265.642,6637.4443,-5529.2158
193,110,4,-825.774,6392.2363,-5343.3599
195,110,4,-1314.988,6079.7163,-5109.104
197,110,4,-1724.87,5723.9243,-4840.0
199,110,4,-2049.4102,5340.4863,-4547.6641
201,110,4,-2299.426,4943.8262,-4241.7759
203,110,4,-2480.928,4548.3682,-3937.824
205,110,4,-2597.522,4160.1221,-3633.8721
205,112,4,-2979.7581,4261.0898,-4040.4319
203,112,4,-2883.5981,4682.9922,-4402.4639
201,112,4,-2712.9141,5130.1362,-4779.9839
199,112,4,-2465.302,5583.29,-5159.4399
197,112,4,-2125.136,6031.6362,-5535.0239
195,112,4,-1684.0021,6454.7402,-5883.5039
193,112,4,-1144.3041,6830.9663,-6193.2642
191,112,4,-513.254,7133.8701,-6443.0078
189,112,4,191.118,7345.4224,-6615.312
187,112,4,950.782,7447.5923,-6702.4321
185,112,4,1741.698,7433.168,-6696.624
183,112,4,2529.0081,7296.1401,-6592.0801
181,112,4,3291.0762,7036.5083,-6384.9277
179,112,4,3989.438,6675.9082,-6094.5278
177,112,4,4612.0742,6221.5522,-5726.688
175,112,4,5143.3579,5701.0859,-5302.7041
173,112,4,5568.8662,5132.54,-4828.3838
171,112,4,5897.0122,4548.3682,-4328.896
169,112,4,6127.7959,3965.3982,-3819.728
167,112,4,6282.854,3400.458,-3312.4961
165,112,4,6373.0039,2860.76,-2811.072
163,112,4,6417.478,2354.718,-2330.9441
161,112,4,6431.9023,1887.14,-1866.304
159,112,4,6430.7002,1452.016,-1422.96
157,112,4,6423.4883,1040.932,-989.296
155,112,4,6421.084,650.282,-565.312
153,112,4,6423.4883,270.45,-145.2
151,112,4,6437.9121,-104.574,272.976
149,112,4,6460.75,-485.608,693.088
147,112,4,6489.5981,-890.682,1128.688
145,112,4,6517.2441,-1329.412,1583.6479
143,112,4,6537.6782,-1796.99,2061.8401
141,112,4,6534.0723,-2306.6379,2557.4561
139,112,4,6496.8101,-2845.134,3072.4319
137,112,4,6404.2563,-3422.094,3600.96
135,112,4,6239.582,-4030.3062,4143.04
133,112,4,5982.354,-4652.9419,4673.5039
131,112,4,5620.5522,-5276.7803,5188.48
129,112,4,5156.5801,-5857.3462,5658.9277
127,112,4,4580.8223,-6383.8223,6071.2959
125,112,4,3912.51,-6829.7642,6412.0317
123,112,4,3164.866,-7180.748,6665.6479
121,112,4,2367.9399,-7411.5322,6818.5918
119,112,4,1557.792,-7513.7021,6870.8638
117,112,4,750.048,-7495.6724,6820.5278
115,112,4,-16.828,-7345.4224,6671.4561
113,112,4,-717.594,-7088.1943,6437.2002
111,112,4,-1330.614,-6746.8262,6135.1841
109,112,4,-1836.656,-6338.146,5780.896
107,112,4,-2241.73,-5888.5981,5387.8882
105,112,4,-2543.4321,-5422.2222,4981.3281
103,112,4,-2750.176,-4958.25,4576.7041
101,112,4,-2877.5881,-4508.7021,4181.7598
99,112,4,-2938.8901,-4088.002,3808.1121
97,112,4,-2947.304,-3694.948,3457.696
95,112,4,-2916.052,-3333.146,3132.448
95,114,4,-3250.208,-3306.7021,3422.8479
97,114,4,-3316.3181,-3680.5242,3800.3679
99,114,4,-3343.9641,-4101.2241,4214.6719
101,114,4,-3318.7222,-4561.5898,4665.7598
103,114,4,-3221.3601,-5061.6221,5151.6958
105,114,4,-3031.4441,-5588.0981,5656.9922
107,114,4,-2730.9441,-6131.4023,6173.9038
109,114,4,-2306.6379,-6661.4839,6677.2642
111,114,4,-1753.718,-7150.6982,7141.9038
113,114,4,-1069.78,-7570.1963,7546.5278
115,114,4,-268.046,-7887.5239,7864.0317
117,114,4,620.232,-8078.6421,8073.1201
119,114,4,1563.802,-8120.7119,8154.4321
121,114,4,2513.3821,-8011.3301,8102.1602
123,114,4,3444.9321,-7750.4961,7918.2397
125,114,4,4307.9683,-7353.8359,7604.6079
127,114,4,5079.6519,-6834.5723,7178.688
129,114,4,5731.1362,-6229.9663,6663.7119
131,114,4,6246.7939,-5573.6743,6088.7197
133,114,4,6624.2222,-4887.332,5463.3921
135,114,4,6880.248,-4192.5762,4820.6401
137,114,4,7026.8921,-3525.4661,4179.8242
139,114,4,7080.9819,-2911.2441,3556.4319
141,114,4,7074.9722,-2352.314,2964.0159
143,114,4,7032.9023,-1841.464,2400.6399
145,114,4,6971.6001,-1381.098,1862.432
147,114,4,6905.4902,-954.388,1351.328
149,114,4,6848.9961,-561.334,863.456
151,114,4,6809.3301,-188.714,391.072
153,114,4,6793.7041,183.906,-73.568
155,114,4,6791.3003,555.324,-545.952
157,114,4,6810.5322,939.964,-1026.08
159,114,4,6841.7842,1351.048,-1521.696
161,114,4,6875.4399,1794.5861,-2034.736
163,114,4,6899.48,2276.5881,-2571.0081
165,114,4,6894.6724,2804.2661,-3134.384
167,114,4,6842.9863,3383.6301,-3722.928
169,114,4,6716.7759,4007.468,-4332.7681
171,114,4,6504.022,4656.5479,-4948.416
173,114,4,6177.0781,5324.8599,-5560.1919
175,114,4,5715.5103,5977.5459,-6150.6719
177,114,4,5132.54,6591.7681,-6683.0718
179,114,4,4430.5723,7121.8501,-7143.8398
181,114,4,3631.2422,7548.5601,-7507.8081
183,114,4,2756.186,7849.0601,-7763.3599
185,114,4,1841.464,8012.5322,-7893.0718
187,114,4,924.338,8026.9561,-7893.0718
189,114,4,36.06,7903.1499,-7771.104
191,114,4,-772.886,7650.73,-7540.7197
193,114,4,-1492.884,7288.9282,-7213.5361
195,114,4,-2099.894,6847.7939,-6814.7197
197,114,4,-2583.0981,6353.772,-6365.5679
199,114,4,-2943.698,5829.7002,-5891.248
201,114,4,-3190.1082,5308.0322,-5414.9922
203,114,4,-3340.3582,4800.7881,-4944.5439
205,114,4,-3412.478,4327.2002,-4499.2642
205,116,4,-3862.0261,4322.3921,-4973.584
203,116,4,-3833.178,4826.0303,-5505.9839
201,116,4,-3715.3821,5383.7583,-6086.7842
199,116,4,-3485.8,5966.728,-6681.1357
197,116,4,-3120.3921,6561.7183,-7285.168
195,116,4,-2607.1379,7136.2739,-7864.0317
193,116,4,-1938.826,7660.3462,-8392.5596
191,116,4,-1126.274,8095.4702,-8835.9043
189,116,4,-198.33,8403.1826,-9157.2803
187,116,4,826.976,8569.0586,-9335.3916
185,116,4,1893.15,8566.6543,-9354.752
183,116,4,2958.1221,8389.96,-9207.6162
181,116,4,3978.6201,8054.6021,-8907.5361
179,116,4,4902.958,7565.3882,-8454.5117
177,116,4,5705.894,6954.772,-7879.52
175,116,4,6357.3779,6254.0063,-7198.0479
173,116,4,6841.7842,5513.5742,-6468.1758
171,116,4,7165.1221,4765.9302,-5707.3281
169,116,4,7346.624,4053.144,-4954.2241
167,116,4,7424.7539,3384.832,-4228.2241
165,116,4,7418.7441,2783.832,-3535.136
163,116,4,7362.25,2247.74,-2888.512
161,116,4,7286.5239,1775.354,-2286.416
159,116,4,7208.394,1358.26,-1723.04
157,116,4,7144.688,980.832,-1190.64
155,116,4,7101.416,635.858,-677.6
153,116,4,7090.5981,304.106,-178.112
151,116,4,7115.8403,-19.232,319.44
149,116,4,7166.3242,-354.59,830.544
147,116,4,7246.8579,-715.19,1362.944
145,116,4,7349.0283,-1119.062,1930.192
143,116,4,7462.0161,-1575.822,2541.968
141,116,4,7566.5903,-2095.0859,3196.3359
139,116,4,7635.104,-2682.864,3901.04
137,116,4,7643.5181,-3347.5701,4652.208
135,116,4,7554.5703,-4081.9922,5442.0962
133,116,4,7334.604,-4857.2822,6245.5361
131,116,4,6957.1763,-5660.2183,7037.3599
129,116,4,6407.8623,-6433.104,7774.9761
127,116,4,5684.2583,-7138.6782,8427.4082
125,116,4,4810.4043,-7742.082,8969.4883
123,116,4,3806.7341,-8214.4678,9364.4316
121,116,4,2726.136,-8519.7764,9600.624
119,116,4,1615.488,-8650.7939,9658.7041
117,116,4,521.668,-8597.9063,9542.5439
115,116,4,-509.648,-8375.5361,9263.7598
113,116,4,-1430.38,-7999.3101,8847.5195
111,116,4,-2211.6799,-7505.2881,8318.9922
109,116,4,-2822.2961,-6935.54,7716.896
107,116,4,-3273.0461,-6324.9243,7072.208
105,116,4,-3569.9402,-5714.3081,6425.584
103,116,4,-3735.8162,-5127.7319,5800.2559
101,116,4,-3798.3201,-4580.8223,5211.7119
99,116,4,-3781.4922,-4088.002,4671.5679
97,116,4,-3709.3721,-3639.656,4177.8882
95,116,4,-3597.5862,-3242.9961,3736.48
95,118,4,-3950.9741,-3108.3721,4042.3679
97,118,4,-4109.6382,-3502.6282,4549.6001
99,118,4,-4237.0503,-3956.9841,5124.5918
101,118,4,-4310.3721,-4471.4399,5767.3437
103,118,4,-4304.3623,-5054.4102,6483.6641
105,118,4,-4186.5659,-5698.6821,7265.8081
107,118,4,-3916.116,-6382.6201,8084.7358
109,118,4,-3461.76,-7078.5781,8915.2803
111,118,4,-2798.2561,-7743.2842,9710.9756
113,118,4,-1928.0081,-8323.8506,10419.5518
115,118,4,-866.642,-8770.9941,10988.7363
117,118,4,329.348,-9043.8486,11375.9355
119,118,4,1615.488,-9113.5645,11548.2402
121,118,4,2910.042,-8974.1318,11494.0322
123,118,4,4176.9502,-8625.5518,11211.376
125,118,4,5344.0923,-8089.46,10700.2715
127,118,4,6356.1763,-7395.9062,10009.1201
129,118,4,7172.334,-6588.1621,9174.7041
131,118,4,7766.1221,-5723.9243,8241.5518
133,118,4,8141.146,-4841.6562,7252.2559
135,118,4,8323.8506,-3988.2361,6259.0879
137,118,4,8343.082,-3224.9661,5310.4478
139,118,4,8256.5381,-2548.24,4423.7598
141,118,4,8114.7021,-1966.472,3624.1919
143,118,4,7938.0083,-1473.652,2884.6399
145,118,4,7775.7383,-1040.932,2205.104
147,118,4,7621.8823,-680.332,1579.776
149,118,4,7502.8843,-365.408,998.976
151,118,4,7422.3501,-72.12,439.472
153,118,4,7393.502,210.35,-108.416
155,118,4,7413.936,508.446,-660.176
157,118,4,7478.8442,819.764,-1229.36
159,118,4,7581.0142,1165.9401,-1829.52
161,118,4,7710.8301,1557.792,-2460.656
163,118,4,7851.4644,2012.1481,-3146.0
165,118,4,7976.4722,2547.0381,-3897.168
167,118,4,8059.4102,3168.4722,-4710.2881
169,118,4,8055.8042,3872.844,-5587.2959
171,118,4,7924.7861,4657.75,-6506.896
173,118,4,7624.2861,5490.7363,-7455.5361
175,118,4,7111.0322,6356.1763,-8373.2002
177,118,4,6400.6499,7159.1123,-9230.8477
179,118,4,5493.1401,7861.0801,-9962.6563
181,118,4,4430.5723,8432.0303,-10537.6475
183,118,4,3250.208,8827.4883,-10919.04
185,118,4,2008.542,9040.2422,-11097.1523
187,118,4,766.876,9049.8584,-11054.5596
189,118,4,-419.498,8868.3564,-10804.8164
191,118,4,-1495.2881,8514.9678,-10386.6396
193,118,4,-2428.04,8008.9263,-9800.0322
195,118,4,-3174.4822,7404.3203,-9108.8799
197,118,4,-3727.4021,6742.0181,-8357.7119
199,118,4,-4092.8101,6070.1001,-7589.1201
201,118,4,-4298.3521,5424.626,-6845.6958
203,118,4,-4375.2803,4820.02,-6135.1841
205,118,4,-4356.0479,4267.1001,-5480.8159
205,120,4,-4854.8779,4085.5981,-6007.4082
203,120,4,-4940.2202,4640.9219,-6779.8721
201,120,4,-4922.1899,5271.9722,-7643.3281
199,120,4,-4767.1323,5961.9199,-8566.7998
197,120,4,-4420.9561,6698.7461,-9546.416
195,120,4,-3848.804,7439.1782,-10524.0957
193,120,4,-3027.8381,8121.9141,-11437.8877
191,120,4,-1978.4921,8694.0664,-12216.1602
189,120,4,-742.836,9103.9482,-12796.96
187,120,4,632.252,9315.5,-13141.5684
185,120,4,2075.854,9307.0859,-13220.9443
183,120,4,3512.2441,9082.3125,-13015.7275
181,120,4,4878.918,8638.7744,-12554.96
179,120,4,6103.7563,8006.522,-11838.6396
177,120,4,7141.082,7213.2021,-10909.3604
175,120,4,7928.3921,6312.9043,-9815.5195
173,120,4,8447.6563,5374.1421,-8634.5596
171,120,4,8708.4902,4465.4302,-7443.9199
169,120,4,8763.7822,3643.262,-6311.3599
167,120,4,8668.8242,2901.6282,-5260.1118
165,120,4,8482.5137,2288.6082,-4307.6001
163,120,4,8268.5586,1786.172,-3455.76
161,120,4,8050.9961,1377.4921,-2694.9119
159,120,4,7862.2822,1048.144,-2011.504
157,120,4,7715.6382,772.886,-1380.368
155,120,4,7623.084,536.092,-784.08
153,120,4,7589.4282,318.53,-207.152
151,120,4,7617.0742,111.786,363.968
149,120,4,7708.4263,-108.18,942.832
147,120,4,7858.6763,-358.196,1564.288
145,120,4,8064.2183,-661.1,2241.8879
143,120,4,8311.8301,-1033.72,2996.928
141,120,4,8579.876,-1486.874,3837.1521
139,120,4,8835.9023,-2042.198,4779.9839
137,120,4,9039.04,-2716.52,5835.104
135,120,4,9127.9883,-3521.8601,7000.5762
133,120,4,9033.0303,-4436.582,8243.4883
131,120,4,8691.6621,-5417.4141,9507.6963
129,120,4,8070.228,-6406.6602,10715.7598
127,120,4,7161.5161,-7330.998,11805.7275
125,120,4,6010.0,-8124.3184,12698.2236
123,120,4,4661.356,-8746.9541,13346.7842
121,120,4,3197.3201,-9150.8262,13706.8799
119,120,4,1691.214,-9326.3184,13770.7676
117,120,4,199.532,-9263.8145,13540.3838
115,120,4,-1206.808,-8968.1221,13027.3438
113,120,4,-2429.2419,-8470.4941,12270.3682
111,120,4,-3422.094,-7814.2021,11337.2158
109,120,4,-4140.8901,-7074.9722,10305.3281
107,120,4,-4602.458,-6305.6919,9230.8477
105,120,4,-4839.252,-5570.0679,8200.8955
103,120,4,-4902.958,-4892.1401,7242.5762
101,120,4,-4845.2622,-4291.1401,6381.0562
99,120,4,-4707.0322,-3770.6741,5622.144
97,120,4,-4519.52,-3313.9141,4952.2881
95,120,4,-4303.1602,-2920.8601,4367.6162
95,122,4,-4632.5083,-2655.218,4663.8242
97,122,4,-4902.958,-3015.8181,5318.1919
99,122,4,-5155.3779,-3437.72,6079.04
101,122,4,-5370.5361,-3934.146,6961.856
103,122,4,-5514.7759,-4514.7119,7984.064
105,122,4,-5531.604,-5186.6299,9147.5996
107,122,4,-5359.7183,-5939.082,10440.8477
109,122,4,-4923.3921,-6745.624,11815.4082
111,122,4,-4162.5259,-7544.9541,13176.416
113,122,4,-3055.4841,-8252.9326,14429.0078
115,122,4,-1640.73,-8787.8223,15447.3438
117,122,4,-25.242,-9091.9277,16132.6875
119,122,4,1712.85,-9141.21,16448.2559
121,122,4,3448.5381,-8940.4766,16390.1758
123,122,4,5143.3579,-8490.9277,15942.96
125,122,4,6696.3423,-7819.0103,15131.7764
127,122,4,8019.7441,-6954.772,13983.7275
129,122,4,9025.8184,-5960.7183,12578.1924
131,122,4,9672.4941,-4894.5439,11021.6475
133,122,4,9969.3877,-3864.4302,9420.5762
135,122,4,9959.7725,-2942.4961,7885.3281
137,122,4,9756.6338,-2161.196,6493.3437
139,122,4,9426.084,-1544.5701,5265.9199
141,122,4,9057.0703,-1070.9821,4206.9277
143,122,4,8694.0664,-707.978,3279.584
145,122,4,8371.9297,-432.72,2466.4639
147,122,4,8107.4902,-219.966,1740.464
149,122,4,7917.5742,-54.09,1082.224
151,122,4,7800.98,90.15,464.64
153,122,4,7762.5161,224.774,-143.264
155,122,4,7803.3843,366.61,-756.976
157,122,4,7922.3823,531.284,-1395.856
159,122,4,8114.7021,735.624,-2081.2
161,122,4,8365.9199,990.448,-2826.5601
163,122,4,8666.4199,1325.806,-3666.7839
165,122,4,8990.96,1758.526,-4625.104
167,122,4,9296.2686,2319.8601,-5726.688
169,122,4,9524.6484,3023.03,-6985.0879
171,122,4,9585.9502,3865.6321,-8369.3281
173,122,4,9403.2461,4816.4141,-9856.1758
175,122,4,8892.3965,5832.104,-11370.1279
177,122,4,8041.3804,6815.3403,-12767.9199
179,122,4,6883.854,7692.8003,-13966.3037
181,122,4,5485.9282,8392.3643,-14891.7119
183,122,4,3908.9041,8910.4258,-15476.3838
185,122,4,2248.9421,9188.0879,-15724.1924
187,122,4,585.374,9222.9463,-15609.9678
189,122,4,-1009.68,9031.8281,-15158.8799
191,122,4,-2437.656,8611.1279,-14394.1602
193,122,4,-3638.4541,8000.5122,-13371.9521
195,122,4,-4549.5703,7266.0903,-12177.4395
197,122,4,-5152.9741,6475.1743,-10907.4238
199,122,4,-5472.7061,5708.2983,-9672.2559
201,122,4,-5578.4819,4995.5122,-8526.1436
203,122,4,-5525.5942,4354.8462,-7480.7041
205,122,4,-5372.9399,3798.3201,-6564.9761
205,124,4,-5842.9219,3376.418,-7076.0801
203,124,4,-6076.1104,3872.844,-8123.4561
201,124,4,-6219.1479,4464.228,-9352.8164
199,124,4,-6199.916,5130.1362,-10735.1201
197,124,4,-5931.8701,5874.1743,-12283.9199
195,124,4,-5338.082,6649.4644,-13888.8643
193,124,4,-4347.6343,7379.0781,-15447.3438
191,124,4,-2989.374,7975.27,-16787.0566
189,124,4,-1346.24,8369.5264,-17793.7754
187,124,4,472.386,8534.2002,-18395.8711
185,124,4,2360.728,8463.2822,-18550.752
183,124,4,4233.4438,8155.5703,-18275.8398
181,124,4,6008.7983,7617.0742,-17551.7754
179,124,4,7587.0239,6886.2583,-16421.1523
177,124,4,8894.7998,5981.1523,-14901.3916
175,124,4,9813.1279,4964.2603,-13128.0156
173,124,4,10297.5342,3947.3682,-11224.9277
171,124,4,10385.2803,3020.626,-9368.3037
169,124,4,10186.9502,2235.72,-7682.0479
167,124,4,9811.9258,1616.6901,-6208.752
165,124,4,9373.1963,1163.536,-4956.1602
163,124,4,8938.0723,846.208,-3897.168
161,124,4,8552.2305,628.646,-2994.9919
159,124,4,8231.2959,486.81,-2212.8479
157,124,4,7994.502,399.064,-1510.08
155,124,4,7843.0503,347.378,-863.456
153,124,4,7782.9502,316.126,-247.808
151,124,4,7816.606,290.884,360.096
149,124,4,7940.4121,257.228,985.424
147,124,4,8159.1763,198.33,1663.024
145,124,4,8465.6865,97.362,2420.0
143,124,4,8862.3457,-67.312,3287.3279
141,124,4,9328.7227,-314.924,4299.856
139,124,4,9838.3701,-673.12,5490.4961
137,124,4,10339.6045,-1177.96,6913.4561
135,124,4,10744.6777,-1851.0801,8570.6719
133,124,4,10917.7666,-2704.5,10448.5918
131,124,4,10729.0518,-3710.574,12477.5195
129,124,4,10089.5879,-4777.9502,14467.7275
127,124,4,8983.748,-5818.8823,16274.0156
125,124,4,7506.4902,-6727.5942,17735.6953
123,124,4,5755.1763,-7448.7939,18767.584
121,124,4,3852.4102,-7951.23,19332.8965
119,124,4,1871.514,-8219.2764,19418.0801
117,124,4,-108.18,-8242.1143,19021.1992
115,124,4,-1977.29,-8005.3203,18146.127
113,124,4,-3602.394,-7520.9141,16837.3926
111,124,4,-4858.4839,-6846.5923,15209.2158
109,124,4,-5669.834,-6083.3223,13455.2002
107,124,4,-6084.5239,-5311.6382,11720.5439
105,124,4,-6185.4922,-4608.4683,10138.832
103,124,4,-6083.3223,-3993.0442,8746.8477
101,124,4,-5857.3462,-3468.9722,7552.3359
99,124,4,-5570.0679,-3030.2419,6545.6157
97,124,4,-5253.9419,-2654.0161,5686.0317
95,124,4,-4930.604,-2334.2839,4958.0962
95,126,4,-5169.8022,-1946.0381,5203.9678
97,126,4,-5532.8062,-2193.6501,5988.0479
99,126,4,-5897.0122,-2484.5339,6923.1357
101,126,4,-6247.9961,-2827.104,8036.3359
103,126,4,-6548.4961,-3235.7842,9377.9844
105,126,4,-6738.4121,-3715.3821,10975.1836
107,126,4,-6721.584,-4269.5039,12851.168
109,126,4,-6352.5703,-4878.918,14957.5361
111,126,4,-5507.564,-5483.5239,17149.0879
113,126,4,-4126.4663,-5995.5762,19187.6953
115,126,4,-2292.2141,-6324.9243,20815.8711
117,126,4,-193.522,-6427.0942,21818.7207
119,126,4,2027.774,-6292.4702,22122.6719
121,126,4,4208.2021,-5955.9102,22058.7832
123,126,4,6320.1162,-5427.0303,21553.4883
125,126,4,8236.1045,-4735.8799,20337.6797
127,126,4,9857.6025,-3883.6621,18562.3672
129,126,4,11049.9863,-2938.8901,16326.2881
131,126,4,11664.208,-2014.552,13855.9521
133,126,4,11735.126,-1188.7781,11395.2959
135,126,4,11399.7686,-532.486,9170.832
137,126,4,10834.8281,-72.12,7290.9761
139,126,4,10192.96,225.976,5734.4321
141,126,4,9573.9297,388.246,4472.1602
143,126,4,9022.2119,459.164,3418.9761
145,126,4,8560.6445,463.972,2530.3521
147,126,4,8203.6504,427.912,1757.8879
149,126,4,7952.4321,364.206,1074.48
151,126,4,7805.7881,289.682,437.536
153,126,4,7763.7183,212.754,-180.048
155,126,4,7825.02,141.836,-805.376
157,126,4,7994.502,88.948,-1469.424
159,126,4,8263.75,64.908,-2197.3601
161,126,4,8632.7637,78.13,-3008.5439
163,126,4,9096.7363,153.856,-3955.248
165,126,4,9635.2324,317.328,-5087.8081
167,126,4,10210.9902,601.0,-6462.3682
169,126,4,10753.0918,1033.72,-8127.3281
171,126,4,11129.3184,1641.932,-10092.3682
173,126,4,11189.418,2429.2419,-12334.2559
175,126,4,10775.9307,3336.752,-14680.6875
177,126,4,9829.9561,4258.686,-16891.5996
179,126,4,8414.0,5103.6919,-18771.4551
181,126,4,6649.4644,5830.9023,-20149.8887
183,126,4,4691.4062,6382.6201,-21024.959
185,126,4,2613.1479,6755.2402,-21367.6328
187,126,4,514.456,6936.7422,-21185.6484
189,126,4,-1526.54,6888.6621,-20471.2637
191,126,4,-3365.6001,6633.8379,-19245.7754
193,126,4,-4899.3521,6169.8662,-17584.6875
195,126,4,-5978.748,5571.27,-15648.6875
197,126,4,-6595.374,4918.584,-13660.416
199,126,4,-6814.1382,4292.3423,-11796.0479
201,126,4,-6763.6543,3732.21,-10152.3838
203,126,4,-6549.6982,3240.592,-8737.168
205,126,4,-6243.188,2824.7,-7542.6558
205,128,4,-6548.4961,2170.812,-7927.9199
203,128,4,-6899.48,2449.676,-9221.168
201,128,4,-7174.7383,2769.408,-10781.584
199,128,4,-7291.332,3126.4021,-12622.7197
197,128,4,-7115.8403,3511.042,-14758.1279
195,128,4,-6502.8203,3889.6721,-17077.4551
193,128,4,-5334.4761,4204.5962,-19375.4883
191,128,4,-3657.686,4388.502,-21315.3594
189,128,4,-1629.912,4404.1279,-22337.5684
187,128,4,588.98,4245.4639,-22713.1523
185,128,4,2854.75,3931.7422,-22769.2949
183,128,4,5072.4399,3499.022,-22639.584
181,128,4,7166.3242,2976.1521,-22091.6953
179,128,4,9030.626,2353.5161,-20709.3926
177,128,4,10531.9238,1688.8101,-18521.7109
175,128,4,11497.1299,1001.266,-15917.792
173,128,4,11832.4883,390.65,-13160.9277
171,128,4,11628.1484,-81.736,-10589.9199
169,128,4,11087.248,-390.65,-8402.2402
167,128,4,10402.1084,-544.506,-6599.8237
165,128,4,9709.7559,-584.172,-5147.8237
163,128,4,9081.1104,-540.9,-3980.416
161,128,4,8552.2305,-435.124,-3022.0959
159,128,4,8136.3384,-289.682,-2218.656
157,128,4,7831.0303,-114.19,-1519.76
155,128,4,7638.71,78.13,-886.688
153,128,4,7558.1763,284.874,-288.464
151,128,4,7589.4282,496.426,300.08
149,128,4,7732.4663,706.776,907.984
147,128,4,7989.6943,911.116,1573.968
145,128,4,8368.3242,1103.436,2330.9441
143,128,4,8867.1543,1268.11,3217.6321
141,128,4,9483.7803,1396.724,4278.5601
139,128,4,10200.1719,1468.844,5581.4878
137,128,4,10977.8662,1452.016,7211.6001
135,128,4,11724.3086,1307.776,9256.0156
133,128,4,12264.0059,1013.286,11734.0957
131,128,4,12363.7725,545.708,14570.3359
129,128,4,11850.5186,-52.888,17429.8086
127,128,4,10688.1846,-730.816,20055.0234
125,128,4,9012.5957,-1418.36,22022.0
123,128,4,6986.0239,-2062.6321,22738.3203
121,128,4,4751.5059,-2625.168,22827.375
119,128,4,2408.8081,-3083.1301,22831.248
117,128,4,27.646,-3405.2661,22800.2715
115,128,4,-2271.78,-3593.98,22469.2168
113,128,4,-4301.958,-3604.7981,21135.3125
111,128,4,-5840.5181,-3453.3459,18779.1992
109,128,4,-6755.2402,-3200.926,16241.1035
107,128,4,-7123.0522,-2899.2241,13819.168
105,128,4,-7105.022,-2605.936,11708.9277
103,128,4,-6871.834,-2334.2839,9937.4883
101,128,4,-6528.062,-2091.48,8473.8721
99,128,4,-6142.2202,-1876.322,7269.6802
97,128,4,-5744.3579,-1680.396,6266.832
95,128,4,-5352.5059,-1502.5,5426.6079
95,130,4,-5453.4741,-1038.5281,5585.3599
97,130,4,-5848.9321,-1122.668,6452.688
99,130,4,-6250.3999,-1205.6061,7490.3838
101,130,4,-6637.4443,-1280.13,8735.2324
103,130,4,-6977.6104,-1335.422,10251.1201
105,130,4,-7202.3843,-1359.462,12094.1924
107,130,4,-7197.5762,-1328.2101,14301.2314
109,130,4,-6788.896,-1224.838,16831.584
111,130,4,-5797.2461,-1015.69,19487.7754
113,130,4,-4149.3042,-694.756,21855.5039
115,130,4,-1997.724,-265.642,22777.0391
117,130,4,391.852,222.37,22838.9922
119,130,4,2864.366,790.916,22844.8008
121,130,4,5257.5483,1383.5021,22848.6719
123,130,4,7530.5303,1972.4821,22800.2715
125,130,4,9546.2842,2513.3821,22200.1113
127,130,4,11182.2061,2958.1221,20229.2637
129,130,4,12254.3906,3265.834,17447.2324
131,130,4,12645.04,3402.8621,14403.8398
133,130,4,12399.832,3372.812,11480.4795
135,130,4,11729.1162,3197.3201,8969.4883
137,130,4,10890.1201,2929.2742,6954.1118
139,130,4,10046.3164,2607.1379,5366.5918
141,130,4,9293.8643,2258.5581,4123.6802
143,130,4,8651.9961,1900.3621,3113.0879
145,130,4,8133.9341,1539.7621,2276.7361
147,130,4,7740.8804,1187.576,1562.3521
149,130,4,7472.834,842.602,935.088
151,130,4,7323.7861,510.85,354.288
153,130,4,7286.5239,186.31,-211.024
155,130,4,7364.6543,-138.23,-784.08
157,130,4,7558.1763,-451.952,-1397.792
159,130,4,7870.6963,-762.068,-2075.3921
161,130,4,8299.8105,-1064.972,-2847.856
163,130,4,8853.9326,-1359.462,-3775.2
165,130,4,9524.6484,-1633.5181,-4917.4399
167,130,4,10280.7061,-1871.514,-6346.208
169,130,4,11063.208,-2047.006,-8148.624
171,130,4,11731.5205,-2139.5601,-10388.5762
173,130,4,12087.3125,-2114.3181,-13077.6797
175,130,4,11885.376,-1947.24,-16022.3359
177,130,4,11007.916,-1635.922,-18876.0
179,130,4,9553.4961,-1233.2521,-21255.3437
181,130,4,7700.0122,-770.482,-22486.6406
183,130,4,5578.4819,-280.066,-22809.9512
185,130,4,3306.7021,216.36,-22833.1836
187,130,4,970.014,686.342,-22829.3125
189,130,4,-1348.644,1117.86,-22786.7207
191,130,4,-3495.416,1468.844,-22194.3047
193,130,4,-5317.6479,1711.6481,-20448.0312
195,130,4,-6597.7783,1833.05,-18016.416
197,130,4,-7281.7163,1845.0701,-15517.04
199,130,4,-7484.854,1788.576,-13230.624
201,130,4,-7375.4722,1690.0121,-11267.5195
203,130,4,-7094.2041,1569.812,-9610.3037
205,130,4,-6721.584,1436.39,-8228.0
205,132,4,-6761.25,699.564,-8392.5596
203,132,4,-7099.0122,671.918,-9770.9922
201,132,4,-7340.6143,586.576,-11434.0156
199,132,4,-7387.4922,423.104,-13389.376
197,132,4,-7103.8203,146.644,-15642.8799
195,132,4,-6326.126,-268.046,-18055.1367
193,132,4,-4947.4321,-816.158,-20376.4004
191,132,4,-3057.8879,-1464.036,-22058.7832
189,132,4,-864.238,-2151.5801,-22691.8555
187,132,4,1452.016,-2849.9421,-22800.2715
185,132,4,3758.6541,-3506.2341,-22809.9512
183,132,4,5977.5459,-4084.396,-22668.623
181,132,4,8016.1382,-4532.7422,-22006.5117
179,132,4,9767.4521,-4852.4741,-20266.0488
177,132,4,11094.46,-4988.3003,-17830.5605
175,132,4,11812.0547,-4908.9683,-15017.5518
173,132,4,11872.1543,-4625.2959,-12177.4395
171,132,4,11410.5859,-4198.5859,-9629.6641
169,132,4,10679.7705,-3698.554,-7540.7197
167,132,4,9860.0059,-3173.28,-5860.272
165,132,4,9087.1201,-2651.6121,-4547.6641
163,132,4,8409.1924,-2141.9641,-3502.2239
161,132,4,7853.8682,-1651.548,-2658.1279
159,132,4,7421.1479,-1176.7581,-1963.104
157,132,4,7108.6279,-711.584,-1357.136
155,132,4,6906.6919,-251.218,-813.12
153,132,4,6822.5522,212.754,-307.824
151,132,4,6844.188,673.12,189.728
149,132,4,6978.812,1144.3041,698.896
147,132,4,7226.4243,1628.7101,1254.528
145,132,4,7597.8423,2135.9541,1891.472
143,132,4,8093.0659,2672.0461,2640.7041
141,132,4,8721.7119,3239.3901,3546.752
139,132,4,9470.5586,3841.592,4665.7598
137,132,4,10333.5938,4483.46,6086.7842
135,132,4,11219.4678,5136.146,7898.8799
133,132,4,11987.5459,5761.186,10169.8076
131,132,4,12404.6406,6282.854,12864.7197
129,132,4,12247.1787,6598.98,15741.6162
127,132,4,11412.9902,6655.4741,18517.8398
125,132,4,9994.6299,6459.5483,20850.7207
123,132,4,8125.52,6037.646,22275.6152
121,132,4,5965.5259,5449.8682,22759.6152
119,132,4,3634.8481,4732.2739,22800.2715
117,132,4,1193.5861,3924.53,22780.9121
115,132,4,-1222.4341,3057.8879,22531.168
113,132,4,-3432.9121,2185.2361,21518.6406
111,132,4,-5203.458,1379.896,19329.0234
109,132,4,-6346.5601,718.796,16856.752
107,132,4,-6901.8843,222.37,14430.9443
105,132,4,-7026.8921,-121.402,12274.2402
103,132,4,-6885.0562,-338.964,10440.8477
101,132,4,-6601.3843,-463.972,8915.2803
99,132,4,-6251.6021,-528.88,7654.9438
97,132,4,-5869.3662,-552.92,6595.9521
95,132,4,-5484.7261,-549.314,5707.3281
95,134,4,-5441.4541,-87.746,5767.3437
97,134,4,-5792.438,-15.626,6644.3521
99,134,4,-6125.3921,99.766,7689.792
101,134,4,-6410.2661,274.056,8924.96
103,134,4,-6601.3843,538.496,10400.1924
105,134,4,-6617.0103,925.54,12125.168
107,134,4,-6333.3379,1478.4601,14113.4395
109,134,4,-5610.936,2218.8921,16268.208
111,134,4,-4317.584,3164.866,18376.5117
113,134,4,-2462.8979,4288.7358,20159.5684
115,134,4,-246.41,5446.2622,21340.5273
117,134,4,2096.2881,6546.0923,21826.4648
119,134,4,4417.3501,7529.3281,21747.0879
121,134,4,6597.7783,8337.0723,21083.0391
123,134,4,8569.0586,8945.2842,19811.0879
125,134,4,10189.3545,9289.0566,17973.8242
127,134,4,11339.668,9334.7324,15681.5996
129,134,4,11881.7705,9049.8584,13129.9521
131,134,4,11797.6299,8459.6758,10595.7275
133,134,4,11233.8926,7638.71,8351.9043
135,134,4,10424.9463,6701.1499,6508.832
137,134,4,9569.1221,5755.1763,5058.7681
139,134,4,8772.1963,4853.6763,3914.592
141,134,4,8081.0464,4026.7002,3010.48
143,134,4,7499.2783,3253.814,2276.7361
145,134,4,7046.124,2555.4521,1661.088
147,134,4,6702.3521,1899.16,1128.688
149,134,4,6469.1641,1283.7361,652.432
151,134,4,6345.3579,703.17,207.152
153,134,4,6324.9243,135.826,-230.384
155,134,4,6407.8623,-427.912,-677.6
157,134,4,6597.7783,-998.862,-1161.6
159,134,4,6892.2681,-1584.2361,-1692.064
161,134,4,7298.5439,-2192.448,-2294.1599
163,134,4,7815.4043,-2842.73,-3014.3521
165,134,4,8447.6563,-3542.2939,-3901.04
167,134,4,9178.4717,-4294.7461,-5012.3042
169,134,4,9974.1963,-5092.874,-6423.6479
171,134,4,10724.2441,-5903.022,-8185.4077
173,134,4,11278.3662,-6665.0903,-10351.792
175,134,4,11414.1924,-7274.5039,-12847.2959
177,134,4,10958.6338,-7638.71,-15418.3037
179,134,4,9898.4697,-7708.4263,-17756.9922
181,134,4,8361.1123,-7512.5,-19675.5684
183,134,4,6501.6182,-7090.5981,-21046.2559
185,134,4,4438.9858,-6473.9722,-21826.4648
187,134,4,2234.5181,-5691.4702,-22035.5527
189,134,4,-21.636,-4799.5859,-21834.207
191,134,4,-2187.6401,-3854.814,-21005.5996
193,134,4,-4128.8701,-2912.446,-19505.1992
195,134,4,-5620.5522,-2053.0161,-17538.2246
197,134,4,-6565.3242,-1343.8361,-15375.7119
199,134,4,-7004.0542,-807.744,-13292.5762
201,134,4,-7082.1841,-435.124,-11426.2715
203,134,4,-6930.7319,-183.906,-9805.8398
205,134,4,-6651.8682,-24.04,-8435.1523
205,136,4,-6459.5483,-650.282,-8400.3037
203,136,4,-6651.8682,-902.702,-9697.4238
201,136,4,-6690.332,-1264.504,-11219.1201
199,136,4,-6471.5684,-1757.324,-12928.6084
197,136,4,-5874.1743,-2420.8281,-14777.4883
195,136,4,-4785.1621,-3265.834,-16605.0723
193,136,4,-3191.3101,-4262.292,-18159.6797
191,136,4,-1234.454,-5346.4961,-19224.4805
189,136,4,883.47,-6416.2759,-19727.8398
187,136,4,3013.4141,-7405.522,-19679.4395
185,136,4,5058.0161,-8240.9121,-19137.3594
183,136,4,6935.54,-8893.5986,-18122.8965
181,136,4,8575.0684,-9317.9043,-16647.6641
179,136,4,9851.5918,-9472.9619,-14760.0635
177,136,4,10617.2666,-9326.3184,-12562.7041
175,136,4,10792.7578,-8855.1338,-10276.2881
173,136,4,10451.3906,-8102.6821,-8198.96
171,136,4,9793.8965,-7175.9399,-6468.1758
169,136,4,9033.0303,-6184.29,-5107.168
167,136,4,8280.5781,-5211.8721,-4026.8799
165,136,4,7607.458,-4288.7358,-3173.104
163,136,4,7026.8921,-3441.3262,-2487.76
161,136,4,6547.2939,-2651.6121,-1922.448
159,136,4,6173.4722,-1920.796,-1450.064
157,136,4,5900.6182,-1218.828,-1037.696
155,136,4,5722.7222,-542.102,-667.92
153,136,4,5639.7842,129.816,-323.312
151,136,4,5650.6021,802.936,9.68
149,136,4,5746.7622,1485.672,346.544
147,136,4,5940.2842,2200.8621,710.512
145,136,4,6231.168,2959.324,1119.0079
143,136,4,6625.4243,3774.28,1589.4559
141,136,4,7131.4663,4660.1543,2139.28
139,136,4,7752.8999,5630.168,2805.2639
137,136,4,8495.7363,6680.7163,3631.936
135,136,4,9329.9238,7775.7383,4673.5039
133,136,4,10198.9697,8858.7402,6022.896
131,136,4,10953.8262,9831.1582,7774.9761
129,136,4,11342.0723,10525.9141,9892.96
127,136,4,11158.166,10898.5342,12196.7998
125,136,4,10363.6445,10920.1699,14396.0957
123,136,4,9054.666,10611.2559,16291.4395
121,136,4,7370.6641,10015.0645,17749.248
119,136,4,5406.5962,9162.8457,18740.4805
117,136,4,3259.824,8105.0859,19218.6719
115,136,4,1028.912,6893.4702,19162.5273
113,136,4,-1174.354,5613.3403,18506.2246
111,136,4,-3134.8162,4377.6841,17245.8887
109,136,4,-4620.4883,3307.9041,15567.376
107,136,4,-5576.0781,2436.4541,13708.8164
105,136,4,-6056.8779,1774.152,11918.0156
103,136,4,-6198.7144,1278.928,10303.3916
101,136,4,-6125.3921,923.136,8892.0479
99,136,4,-5924.6582,670.716,7693.6641
97,136,4,-5646.9961,486.81,6665.6479
95,136,4,-5336.8799,355.792,5792.5122
95,138,4,-5186.6299,751.25,5769.2798
97,138,4,-5451.0703,926.742,6615.312
99,138,4,-5662.6221,1156.324,7610.416
101,138,4,-5782.8223,1454.42,8754.5918
103,138,4,-5749.166,1845.0701,10080.752
105,138,4,-5471.5039,2363.1321,11575.3438
107,138,4,-4818.8179,3038.656,13180.2881
109,138,4,-3673.312,3914.9141,14762.0
111,138,4,-2014.552,4971.4722,16066.8643
113,138,4,36.06,6185.4922,16860.623
115,138,4,2222.498,7458.4102,17032.9277
117,138,4,4334.4121,8665.2178,16661.2168
119,138,4,6300.8843,9728.9883,15836.4795
121,138,4,8026.9561,10565.5801,14603.248
123,138,4,9451.3262,11156.9639,12990.5596
125,138,4,10468.2178,11469.4844,11054.5596
127,138,4,10947.8164,11475.4941,8932.7041
129,138,4,10807.1826,11150.9541,6839.8882
131,138,4,10128.0518,10492.2578,5060.7041
133,138,4,9186.8857,9554.6982,3765.52
135,138,4,8242.1143,8444.0498,2874.96
137,138,4,7431.9663,7296.1401,2253.5039
139,138,4,6762.4521,6168.6641,1779.184
141,138,4,6226.3604,5115.7119,1395.856
143,138,4,5793.6401,4122.8599,1068.672
145,138,4,5458.2822,3206.936,774.4
147,138,4,5213.0742,2352.314,503.36
149,138,4,5055.6123,1562.6,251.68
151,138,4,4977.4819,805.34,7.744
153,138,4,4977.4819,69.716,-240.064
155,138,4,5054.4102,-670.716,-499.488
157,138,4,5209.4683,-1424.37,-780.208
159,138,4,5447.4639,-2194.8521,-1084.16
161,138,4,5767.1963,-3002.5959,-1419.088
163,138,4,6179.4819,-3875.248,-1817.9039
165,138,4,6681.918,-4812.8081,-2288.3521
167,138,4,7285.3223,-5816.478,-2863.344
169,138,4,7988.4922,-6871.834,-3591.28
171,138,4,8767.3877,-7916.3721,-4541.856
173,138,4,9548.6885,-8888.79,-5831.2319
175,138,4,10131.6582,-9656.8682,-7523.2959
177,138,4,10271.0898,-10128.0518,-9534.7998
179,138,4,9835.9658,-10272.292,-11616.0
181,138,4,8868.3564,-10117.2344,-13503.5996
183,138,4,7490.8643,-9689.3223,-15098.8643
185,138,4,5808.064,-9036.6357,-16320.4795
187,138,4,3947.3682,-8201.2461,-17137.4727
189,138,4,1955.6541,-7215.606,-17532.416
191,138,4,-96.16,-6139.8159,-17462.7207
193,138,4,-2095.0859,-5043.5923,-16845.1367
195,138,4,-3815.1479,-4035.114,-15687.4082
197,138,4,-5080.854,-3169.6741,-14179.2637
199,138,4,-5854.9419,-2473.7161,-12551.0879
201,138,4,-6222.7539,-1936.422,-10990.6719
203,138,4,-6306.894,-1520.53,-9559.9678
205,138,4,-6199.916,-1208.01,-8307.376
205,140,4,-5897.0122,-1669.578,-8160.2397
203,140,4,-5918.6479,-2004.936,-9339.2637
201,140,4,-5734.7422,-2428.04,-10669.2959
199,140,4,-5246.73,-2954.5161,-12101.9355
197,140,4,-4339.2202,-3613.2122,-13546.1924
195,140,4,-2943.698,-4412.542,-14800.7197
193,140,4,-1122.668,-5348.8999,-15637.0723
191,140,4,901.5,-6360.9839,-15896.4961
189,140,4,2889.6082,-7370.6641,-15623.5195
187,140,4,4764.728,-8313.0322,-14928.4961
185,140,4,6481.1841,-9136.4023,-13877.248
183,140,4,7960.8462,-9784.2803,-12481.3916
181,140,4,9121.9785,-10226.6162,-10762.2236
179,140,4,9822.7441,-10422.542,-8828.1602
177,140,4,9960.9746,-10332.3926,-6803.104
175,140,4,9518.6377,-9924.9141,-4960.0317
173,140,4,8685.6523,-9220.542,-3575.792
171,140,4,7751.6982,-8297.4063,-2665.8721
169,140,4,6918.7119,-7267.292,-2090.8799
167,140,4,6226.3604,-6207.1279,-1699.808
165,140,4,5667.4302,-5168.6001,-1401.6639
163,140,4,5215.478,-4181.7583,-1155.792
161,140,4,4857.2822,-3251.4102,-946.704
159,140,4,4574.812,-2384.7681,-766.656
157,140,4,4365.6641,-1556.5901,-605.968
155,140,4,4221.4243,-746.442,-458.832
153,140,4,4146.8999,54.09,-325.248
151,140,4,4138.4858,858.228,-197.472
149,140,4,4188.9702,1676.79,-81.312
147,140,4,4300.7559,2525.4021,34.848
145,140,4,4485.8643,3418.488,152.944
143,140,4,4750.3042,4371.6743,272.976
141,140,4,5110.9043,5389.7681,393.008
139,140,4,5580.8862,6461.9521,518.848
137,140,4,6210.7339,7584.6201,673.728
135,140,4,7049.73,8715.7021,919.6
133,140,4,8115.9043,9771.0586,1407.472
131,140,4,9298.6719,10650.9219,2346.4319
129,140,4,10303.5439,11219.4678,3854.5759
127,140,4,10805.9805,11455.0605,5848.6558
125,140,4,10649.7197,11380.5361,7982.1279
123,140,4,9921.3086,11039.168,9987.8242
121,140,4,8762.5801,10459.8037,11759.2637
119,140,4,7264.8882,9664.0801,13251.9199
117,140,4,5495.5439,8678.4404,14419.3281
115,140,4,3484.5981,7550.9644,15207.2803
113,140,4,1301.766,6376.6104,15495.7441
111,140,4,-855.824,5261.1543,15125.9678
109,140,4,-2690.0759,4289.938,14142.4795
107,140,4,-4025.498,3483.396,12783.4082
105,140,4,-4848.8682,2837.9221,11312.0479
103,140,4,-5269.5679,2325.8701,9910.3838
101,140,4,-5412.606,1918.3921,8644.2402
99,140,4,-5374.1421,1595.0541,7536.8481
97,140,4,-5226.2959,1330.614,6564.9761
95,140,4,-5009.936,1123.87,5732.4961
95,142,4,-4795.98,1447.208,5651.1841
97,142,4,-4971.4722,1675.588,6458.4961
99,142,4,-5068.834,1947.24,7389.7119
101,142,4,-5044.7939,2269.376,8448.7041
103,142,4,-4823.626,2662.4299,9662.5762
105,142,4,-4309.1699,3134.8162,10988.7363
107,142,4,-3361.9941,3728.604,12359.4238
109,142,4,-1889.5441,4437.7842,13573.2959
111,142,4,82.938,5285.1943,14332.208
113,142,4,2329.4761,6258.814,14388.3516
115,142,4,4508.7021,7286.5239,13766.8955
117,142,4,6434.3062,8285.3857,12661.4395
119,142,4,8063.0161,9179.6738,11230.7363
121,142,4,9371.9941,9910.4902,9550.2881
123,142,4,10340.8066,10482.6426,7645.2642
125,142,4,10857.666,10866.0801,5536.96
127,142,4,10760.3037,11021.1387,3341.5359
129,142,4,9960.9746,10888.918,1366.816
131,142,4,8651.9961,10433.3604,3.872
133,142,4,7224.02,9674.8984,-652.432
135,142,4,6029.2319,8706.0859,-786.016
137,142,4,5162.5903,7642.3159,-685.344
139,142,4,4554.3779,6550.8999,-530.464
141,142,4,4127.668,5482.3223,-393.008
143,142,4,3830.7742,4458.2183,-292.336
145,142,4,3618.02,3468.9722,-234.256
147,142,4,3476.1841,2543.4321,-205.216
149,142,4,3394.448,1664.77,-199.408
151,142,4,3364.3979,820.966,-211.024
153,142,4,3380.0242,-6.01,-236.192
155,142,4,3446.134,-841.4,-272.976
157,142,4,3561.5261,-1682.8,-313.632
159,142,4,3729.8062,-2539.8259,-356.224
161,142,4,3966.6001,-3420.8921,-393.008
163,142,4,4273.1099,-4360.856,-427.856
165,142,4,4672.1743,-5339.2842,-460.768
167,142,4,5197.4482,-6359.7822,-503.36
169,142,4,5892.2041,-7383.8862,-598.224
171,142,4,6788.896,-8351.4961,-840.224
173,142,4,7888.7261,-9200.1084,-1434.576
175,142,4,8980.1426,-9825.1484,-2582.624
177,142,4,9733.7959,-10165.3145,-4301.792
179,142,4,9894.8643,-10213.3945,-6336.5278
181,142,4,9453.7305,-9998.2363,-8363.5195
183,142,4,8519.7764,-9564.3145,-10229.8242
185,142,4,7225.2222,-8935.668,-11819.2803
187,142,4,5662.6221,-8155.5703,-13114.4639
189,142,4,3869.238,-7274.5039,-14096.0156
191,142,4,1901.5641,-6354.9741,-14680.6875
193,142,4,-167.078,-5446.2622,-14725.2158
195,142,4,-2103.5,-4618.084,-14150.2236
197,142,4,-3636.05,-3907.7021,-13073.8076
199,142,4,-4672.1743,-3316.3181,-11759.2637
201,142,4,-5265.9619,-2824.7,-10417.6162
203,142,4,-5538.8159,-2416.02,-9149.5361
205,142,4,-5589.3003,-2077.0562,-8013.104
205,144,4,-5263.5581,-2407.606,-7821.4399
203,144,4,-5162.5903,-2738.156,-8899.792
201,144,4,-4830.8379,-3125.2,-10115.5996
199,144,4,-4168.5361,-3568.738,-11387.5518
197,144,4,-3053.0801,-4089.2041,-12622.7197
195,144,4,-1431.582,-4699.8203,-13571.3604
193,144,4,573.354,-5404.1919,-13977.9199
191,144,4,2696.0859,-6187.896,-13722.3682
189,144,4,4664.9619,-7001.6499,-12895.6963
187,144,4,6394.6401,-7792.5659,-11672.1436
185,144,4,7847.8579,-8505.3525,-10152.3838
183,144,4,8984.9502,-9094.332,-8380.9443
181,144,4,9734.998,-9519.8398,-6384.9277
179,144,4,9975.3984,-9745.8164,-4274.688
177,144,4,9569.1221,-9739.8066,-2203.168
175,144,4,8553.4326,-9470.5586,-545.952
173,144,4,7214.4043,-8938.0723,439.472
171,144,4,5934.2739,-8186.8223,797.632
169,144,4,4931.8062,-7302.1499,772.464
167,144,4,4194.98,-6335.7422,607.904
165,144,4,3676.918,-5357.314,408.496
163,144,4,3304.2981,-4400.522,238.128
161,144,4,3030.2419,-3471.376,94.864
159,144,4,2823.498,-2583.0981,-19.36
157,144,4,2672.0461,-1714.052,-120.032
155,144,4,2561.4622,-870.248,-216.832
153,144,4,2494.1501,-31.252,-311.696
151,144,4,2468.908,835.39,-414.304
149,144,4,2473.7161,1693.618,-530.464
147,144,4,2519.3921,2580.6941,-671.792
145,144,4,2614.3501,3507.436,-851.84
143,144,4,2773.0142,4461.8242,-1078.3521
141,144,4,3026.636,5449.8682,-1364.88
139,144,4,3418.488,6460.75,-1721.104
137,144,4,4031.5081,7482.4502,-2127.6641
135,144,4,4965.4619,8465.6865,-2507.1199
133,144,4,6316.5103,9335.9346,-2642.6399
131,144,4,8001.7144,10010.2559,-2197.3601
129,144,4,9632.8281,10385.2803,-935.088
127,144,4,10763.9102,10459.8037,1072.5439
125,144,4,11132.9238,10255.4639,3391.8721
123,144,4,10827.6162,9840.7744,5660.8638
121,144,4,10019.8721,9273.4297,7745.936
119,144,4,8853.9326,8595.502,9600.624
117,144,4,7349.0283,7816.606,11259.7764
115,144,4,5501.5542,6965.5903,12636.2715
113,144,4,3328.3381,6097.7461,13548.1279
111,144,4,991.65,5279.1841,13755.2803
109,144,4,-1111.85,4559.186,13182.2236
107,144,4,-2718.9241,3948.5701,12084.5117
105,144,4,-3768.27,3432.9121,10787.3916
103,144,4,-4374.0781,2994.1821,9505.7598
101,144,4,-4666.1641,2615.552,8322.8643
99,144,4,-4755.1123,2286.2041,7283.2319
97,144,4,-4705.8301,2004.936,6369.4399
95,144,4,-4571.2061,1759.728,5575.6802
95,146,4,-4330.8062,2016.9561,5453.7119
97,146,4,-4431.7739,2269.376,6214.5601
99,146,4,-4446.1982,2556.6541,7101.248
101,146,4,-4324.7959,2876.386,8106.0317
103,146,4,-3988.2361,3236.9861,9252.1436
105,146,4,-3335.55,3639.656,10496.9922
107,146,4,-2226.104,4094.012,11755.3916
109,146,4,-546.91,4613.2759,12793.0879
111,146,4,1625.104,5201.0542,13265.4717
113,146,4,4015.8821,5860.9521,12922.7998
115,146,4,6213.1382,6560.5161,11830.8955
117,146,4,8026.9561,7269.6963,10280.1602
119,146,4,9472.9619,7941.6143,8464.1924
121,146,4,10565.5801,8563.0479,6456.5601
123,146,4,11268.75,9113.5645,4203.0562
125,146,4,11421.4043,9527.0518,1759.824
127,146,4,10845.6465,9747.0186,-691.152
129,146,4,9457.3359,9725.3818,-2766.5439
131,146,4,7552.166,9421.2764,-3986.2239
133,146,4,5639.7842,8852.7305,-4259.2002
135,146,4,4144.4961,8075.0361,-3889.4241
137,146,4,3134.8162,7179.5459,-3262.1599
139,146,4,2502.564,6227.562,-2617.4719
141,146,4,2119.126,5263.5581,-2057.968
143,146,4,1896.756,4303.1602,-1587.52
145,146,4,1764.536,3377.6201,-1206.1281
147,146,4,1694.8201,2477.322,-894.432
149,146,4,1668.376,1608.276,-638.88
151,146,4,1674.386,758.462,-420.112
153,146,4,1705.6381,-80.534,-222.64
155,146,4,1762.1321,-926.742,-32.912
157,146,4,1851.0801,-1762.1321,162.624
159,146,4,1984.5021,-2602.3301,375.584
161,146,4,2161.196,-3462.9622,617.584
163,146,4,2408.8081,-4351.2402,907.984
165,146,4,2760.9941,-5264.7603,1254.528
167,146,4,3282.6621,-6179.4819,1643.6639
169,146,4,4050.74,-7067.7603,2036.672
171,146,4,5151.772,-7869.4941,2278.6719
173,146,4,6596.5762,-8536.6045,2125.728
175,146,4,8163.9844,-8988.5566,1273.8879
177,146,4,9438.1045,-9201.3105,-342.672
179,146,4,10083.5781,-9177.2705,-2449.04
181,146,4,10059.5381,-8954.9004,-4677.376
183,146,4,9481.376,-8559.4424,-6820.5278
185,146,4,8478.9082,-8042.582,-8777.8242
187,146,4,7118.2441,-7424.7539,-10502.7998
189,146,4,5437.8481,-6748.0283,-11945.1201
191,146,4,3474.9822,-6053.272,-12977.0078
193,146,4,1296.958,-5382.5562,-13426.1602
195,146,4,-796.926,-4779.1519,-13155.1201
197,146,4,-2502.564,-4258.686,-12283.9199
199,146,4,-3696.1501,-3803.1282,-11110.7041
201,146,4,-4422.1582,-3399.2561,-9871.6641
203,146,4,-4804.394,-3035.05,-8696.5117
205,146,4,-4949.8359,-2711.7122,-7633.6479
205,148,4,-4632.5083,-2967.738,-7412.9438
203,148,4,-4457.0161,-3283.864,-8429.3438
201,148,4,-4048.3362,-3632.4441,-9565.7764
199,148,4,-3295.884,-4006.2661,-10764.1602
197,148,4,-2078.2581,-4410.1382,-11898.6563
195,148,4,-331.752,-4856.0801,-12717.584
193,148,4,1816.222,-5353.708,-12915.0557
191,148,4,4026.7002,-5899.416,-12351.6797
189,148,4,5991.9702,-6459.5483,-11178.4639
187,148,4,7643.5181,-7012.4683,-9592.8799
185,148,4,8938.0723,-7517.3081,-7732.3838
183,148,4,9860.0059,-7947.624,-5639.5679
181,148,4,10325.1807,-8290.1943,-3374.448
179,148,4,10204.9805,-8498.1406,-1055.12
177,148,4,9386.418,-8551.0283,1126.752
175,148,4,7906.7563,-8398.374,2760.7361
173,148,4,6112.1699,-8020.9463,3562.24
171,148,4,4483.46,-7448.7939,3583.5359
169,148,4,3262.228,-6733.604,3163.4241
167,148,4,2419.626,-5925.8604,2582.624
165,148,4,1872.7161,-5080.854,2009.568
163,148,4,1515.722,-4222.626,1498.464
161,148,4,1277.7261,-3365.6001,1057.056
159,148,4,1114.254,-2536.22,677.6
157,148,4,997.66,-1712.85,338.8
155,148,4,905.106,-903.904,21.296
153,148,4,837.794,-92.554,-290.4
151,148,4,792.118,730.816,-604.032
149,148,4,771.684,1562.6,-937.024
147,148,4,774.088,2401.5959,-1312.608
145,148,4,818.562,3268.238,-1752.08
143,148,4,921.934,4149.3042,-2270.928
141,148,4,1129.88,5033.9761,-2890.448
139,148,4,1508.51,5915.042,-3622.2559
137,148,4,2168.408,6779.2803,-4445.0562
135,148,4,3258.6221,7594.2363,-5254.3042
133,148,4,4896.9482,8279.376,-5802.1919
131,148,4,7018.478,8798.6406,-5660.8638
129,148,4,9192.8965,9064.2822,-4479.9038
127,148,4,10849.252,9076.3018,-2350.304
125,148,4,11661.8047,8868.3564,245.872
123,148,4,11690.6523,8489.7266,2878.832
121,148,4,11107.6826,7987.29,5343.3599
119,148,4,10081.1738,7428.3604,7536.8481
117,148,4,8672.4297,6845.3901,9498.0156
115,148,4,6881.4502,6273.2383,11180.4004
113,148,4,4681.79,5720.3179,12400.0801
111,148,4,2250.144,5199.8521,12860.8477
109,148,4,30.05,4727.4663,12475.584
107,148,4,-1712.85,4283.9282,11495.9678
105,148,4,-2877.5881,3874.0461,10274.3516
103,148,4,-3580.7581,3496.6182,9052.7363
101,148,4,-3958.186,3148.0381,7929.856
99,148,4,-4119.2539,2829.5081,6944.4321
97,148,4,-4140.8901,2538.624,6082.9121
95,148,4,-4071.1741,2277.79,5335.6162
95,150,4,-3811.542,2484.5339,5178.7998
97,150,4,-3857.218,2750.176,5895.1201
99,150,4,-3810.3401,3047.0701,6727.6001
101,150,4,-3628.8381,3364.3979,7676.2397
103,150,4,-3232.178,3705.7661,8764.2715
105,150,4,-2513.3821,4068.77,9956.8477
107,150,4,-1337.826,4444.9961,11143.6162
109,150,4,402.67,4828.4341,12105.8076
111,150,4,2641.9961,5216.6802,12477.5195
113,150,4,5084.46,5615.7441,12001.2637
115,150,4,7308.1602,6037.646,10750.6084
117,150,4,9133.998,6498.0122,9004.3359
119,150,4,10560.7725,6990.832,6923.1357
121,150,4,11565.6445,7468.0264,4574.7681
123,150,4,12072.8887,7891.1304,1945.6799
125,150,4,11925.042,8210.8623,-844.096
127,150,4,10959.8359,8381.5459,-3562.24
129,150,4,9106.3525,8359.9102,-5769.2798
131,150,4,6715.5742,8117.106,-6946.3682
133,150,4,4389.7041,7660.3462,-7002.5117
135,150,4,2611.946,7042.5181,-6305.5518
137,150,4,1442.4,6314.106,-5324.0
139,150,4,741.634,5523.1899,-4332.7681
141,150,4,348.58,4702.2241,-3448.0159
143,150,4,141.836,3872.844,-2685.2319
145,150,4,44.474,3043.4641,-2038.608
147,150,4,12.02,2224.9021,-1492.656
149,150,4,18.03,1427.9761,-1020.272
151,150,4,44.474,644.272,-598.224
153,150,4,85.342,-144.24,-199.408
155,150,4,140.634,-945.974,193.6
157,150,4,223.572,-1711.6481,600.16
159,150,4,332.954,-2483.332,1037.696
161,150,4,483.204,-3264.6321,1517.824
163,150,4,717.594,-4056.75,2075.3921
165,150,4,1075.79,-4852.4741,2718.144
167,150,4,1643.134,-5630.168,3432.5281
169,150,4,2537.4221,-6360.9839,4162.3999
171,150,4,3857.218,-7005.2563,4721.9038
173,150,4,5642.188,-7517.3081,4822.5762
175,150,4,7639.9121,-7847.8579,4071.408
177,150,4,9329.9238,-7968.0581,2406.448
179,150,4,10323.9785,-7906.7563,151.008
181,150,4,10576.3984,-7714.436,-2270.928
183,150,4,10215.7979,-7427.1582,-4642.5278
185,150,4,9370.792,-7072.5684,-6849.5679
187,150,4,8129.126,-6667.4941,-8824.2881
189,150,4,6517.2441,-6234.7739,-10518.2881
191,150,4,4549.5703,-5796.0439,-11797.9844
193,150,4,2325.8701,-5369.334,-12454.2881
195,150,4,147.846,-4966.6641,-12328.4482
197,150,4,-1640.73,-4583.2261,-11554.0479
199,150,4,-2893.2141,-4220.2222,-10452.4639
201,150,4,-3670.908,-3872.844,-9290.8643
203,150,4,-4112.042,-3536.2842,-8175.728
205,150,4,-4313.978,-3220.158,-7180.624
205,150,6,-3490.6082,-2990.5762,-6789.5518
203,150,6,-3208.1379,-3274.248,-7592.9922
201,150,6,-2718.9241,-3577.1521,-8444.832
199,150,6,-1973.6841,-3894.48,-9275.376
197,150,6,-915.924,-4228.6362,-9987.8242
195,150,6,463.972,-4574.812,-10436.9756
193,150,6,2067.4399,-4934.21,-10466.0156
191,150,6,3715.3821,-5302.022,-10003.3115
189,150,6,5235.9121,-5669.834,-9091.4561
187,150,6,6542.4863,-6024.4243,-7821.4399
185,150,6,7560.5801,-6340.5503,-6280.3838
183,150,6,8238.5078,-6608.5962,-4553.4722
181,150,6,8514.9678,-6805.7241,-2720.0801
179,150,6,8332.2637,-6909.0962,-902.176
177,150,6,7668.7603,-6898.2783,741.488
175,150,6,6586.96,-6748.0283,2007.632
173,150,6,5298.416,-6451.1343,2739.4399
171,150,6,4047.134,-6020.8179,2948.5281
169,150,6,3005.0,-5490.7363,2793.6479
167,150,6,2205.6699,-4881.3223,2435.488
165,150,6,1628.7101,-4227.4341,2005.696
163,150,6,1224.838,-3544.698,1566.224
161,150,6,938.762,-2854.75,1149.984
159,150,6,741.634,-2164.802,762.784
157,150,6,602.202,-1474.854,396.88
155,150,6,498.83,-789.714,44.528
153,150,6,429.114,-97.362,-305.888
151,150,6,394.256,605.808,-660.176
149,150,6,390.65,1305.3721,-1031.8879
147,150,6,429.114,2016.9561,-1434.576
145,150,6,516.86,2745.3682,-1891.472
143,150,6,683.938,3467.77,-2398.7041
141,150,6,970.014,4181.7583,-2960.144
139,150,6,1429.178,4872.9082,-3554.4961
137,150,6,2127.54,5524.3921,-4143.04
135,150,6,3133.614,6116.978,-4615.4238
133,150,6,4469.0361,6618.2119,-4801.2798
131,150,6,6041.252,6996.8423,-4474.0962
129,150,6,7585.8223,7225.2222,-3502.2239
127,150,6,8829.8926,7297.3423,-1920.512
125,150,6,9559.5059,7224.02,42.592
123,150,6,9720.5742,7023.2861,2141.2161
121,150,6,9376.8018,6731.2002,4181.7598
119,150,6,8611.1279,6380.2163,6044.1919
117,150,6,7475.2383,5995.5762,7689.792
115,150,6,6028.0303,5601.3203,9019.8242
113,150,6,4341.624,5216.6802,9933.6162
111,150,6,2559.0581,4835.646,10322.752
109,150,6,893.086,4466.6323,10187.2324
107,150,6,-501.234,4108.436,9637.4082
105,150,6,-1552.984,3763.4622,8861.0723
103,150,6,-2286.2041,3434.114,7997.6157
101,150,6,-2756.186,3122.7961,7145.7759
99,150,6,-3031.4441,2835.5181,6359.7598
97,150,6,-3169.6741,2569.876,5643.4399
95,150,6,-3209.3401,2324.668,5004.5601
95,148,6,-3450.9421,2127.54,5161.376
97,148,6,-3435.3162,2360.728,5817.6802
99,148,6,-3324.7322,2621.562,6555.2959
101,148,6,-3077.1201,2908.8401,7374.2241
103,148,6,-2638.3901,3221.3601,8253.168
105,148,6,-1937.624,3561.5261,9151.4717
107,148,6,-912.318,3935.3481,9976.208
109,148,6,466.376,4339.2202,10576.3682
111,148,6,2115.52,4776.748,10769.9678
113,148,6,3896.884,5238.3159,10446.6563
115,148,6,5590.502,5710.7021,9604.4961
117,148,6,7053.3359,6185.4922,8369.3281
119,148,6,8221.6797,6639.8481,6839.8882
121,148,6,9049.8584,7055.7402,5097.4878
123,148,6,9492.1943,7407.9263,3180.8479
125,148,6,9459.7402,7649.5283,1190.64
127,148,6,8898.4063,7751.6982,-695.024
129,148,6,7833.4341,7683.1841,-2239.9519
131,148,6,6461.9521,7445.188,-3233.1199
133,148,6,5039.9863,7030.498,-3630.0
135,148,6,3811.542,6478.7803,-3546.752
137,148,6,2877.5881,5824.8921,-3188.592
139,148,6,2220.094,5109.7021,-2723.9519
141,148,6,1780.162,4364.4619,-2245.76
143,148,6,1492.884,3607.2021,-1806.288
145,148,6,1314.988,2846.3359,-1411.344
147,148,6,1209.212,2089.0759,-1068.672
149,148,6,1161.1321,1355.8561,-764.72
151,148,6,1151.516,631.05,-493.68
153,148,6,1175.556,-91.352,-242.0
155,148,6,1229.646,-822.168,5.808
157,148,6,1327.0081,-1542.166,253.616
159,148,6,1468.844,-2248.9421,513.04
161,148,6,1665.972,-2961.728,786.016
163,148,6,1940.0281,-3685.332,1082.224
165,148,6,2323.4661,-4407.7339,1399.728
167,148,6,2857.1541,-5107.2979,1703.6799
169,148,6,3589.1721,-5769.6001,1936.0
171,148,6,4530.3379,-6348.9644,1986.3359
173,148,6,5650.6021,-6822.5522,1695.936
175,148,6,6796.1079,-7153.1021,938.96
177,148,6,7733.668,-7318.978,-303.952
179,148,6,8280.5781,-7328.5942,-1905.024
181,148,6,8363.5166,-7205.9902,-3657.104
183,148,6,8008.9263,-6971.6001,-5418.8638
185,148,6,7273.3022,-6643.4541,-7066.3999
187,148,6,6220.3501,-6251.6021,-8516.4639
189,148,6,4893.3423,-5814.0742,-9707.1035
191,148,6,3366.802,-5360.9199,-10545.3916
193,148,6,1720.062,-4906.564,-10951.9521
195,148,6,123.806,-4476.248,-10874.5117
197,148,6,-1242.868,-4074.78,-10382.7676
199,148,6,-2291.012,-3709.3721,-9627.7275
201,148,6,-3026.636,-3369.2061,-8754.5918
203,148,6,-3501.426,-3055.4841,-7865.9678
205,148,6,-3765.866,-2768.2061,-7021.8721
205,146,6,-4054.3462,-2521.7961,-7240.6401
203,146,6,-3822.3601,-2811.478,-8107.9678
201,146,6,-3384.832,-3138.4221,-9037.248
199,146,6,-2688.874,-3505.032,-9952.9756
197,146,6,-1675.588,-3914.9141,-10764.1602
195,146,6,-348.58,-4368.0679,-11327.5361
193,146,6,1210.4141,-4866.8979,-11503.7119
191,146,6,2848.74,-5400.5859,-11215.248
189,146,6,4395.7139,-5939.082,-10496.9922
187,146,6,5764.792,-6458.3462,-9428.3203
185,146,6,6887.46,-6924.7222,-8096.3521
183,146,6,7712.0322,-7303.3521,-6559.168
181,146,6,8185.6201,-7576.2061,-4894.208
179,146,6,8240.9121,-7712.0322,-3198.272
177,146,6,7853.8682,-7692.8003,-1626.24
175,146,6,7077.376,-7498.0762,-352.352
173,146,6,6090.5342,-7127.8604,472.384
171,146,6,5094.0762,-6611.0,871.2
169,146,6,4235.8481,-5979.9502,958.32
167,146,6,3556.718,-5268.3662,863.456
165,146,6,3043.4641,-4521.9243,698.896
163,146,6,2667.238,-3758.6541,511.104
161,146,6,2388.374,-2998.99,329.12
159,146,6,2185.2361,-2252.5481,160.688
157,146,6,2036.188,-1512.116,-3.872
155,146,6,1929.2101,-780.098,-164.56
153,146,6,1865.504,-43.272,-325.248
151,146,6,1839.0601,703.17,-493.68
149,146,6,1853.484,1459.228,-673.728
147,146,6,1909.978,2223.7,-880.88
145,146,6,2015.754,3005.0,-1117.072
143,146,6,2197.2561,3795.916,-1386.176
141,146,6,2480.928,4591.6401,-1690.1281
139,146,6,2904.032,5372.9399,-2015.376
137,146,6,3523.062,6131.4023,-2319.3279
135,146,6,4384.896,6834.5723,-2520.6719
133,146,6,5497.9482,7436.7739,-2466.4639
131,146,6,6772.0684,7892.332,-1978.592
129,146,6,7987.29,8169.9941,-944.768
127,146,6,8882.7803,8245.7197,576.928
125,146,6,9299.874,8133.9341,2385.1521
123,146,6,9213.3301,7865.8882,4265.0078
121,146,6,8684.4502,7475.2383,6069.3599
119,146,6,7797.374,7000.4482,7701.4077
117,146,6,6594.1724,6467.9619,9120.4961
115,146,6,5119.3179,5898.2139,10254.9922
113,146,6,3429.3062,5326.062,10996.4795
111,146,6,1676.79,4770.7383,11238.4795
109,146,6,46.878,4256.2822,10980.9922
107,146,6,-1300.564,3794.7141,10324.6875
105,146,6,-2299.426,3380.0242,9455.4238
103,146,6,-2972.5461,3009.8081,8520.3359
101,146,6,-3383.6301,2680.46,7598.7998
99,146,6,-3604.7981,2389.5759,6754.7041
97,146,6,-3688.938,2129.9441,5982.2397
95,146,6,-3679.322,1899.16,5294.96
95,144,6,-3900.49,1653.952,5416.9277
97,144,6,-3942.5601,1872.7161,6117.7598
99,144,6,-3894.48,2123.9341,6909.584
101,144,6,-3716.584,2414.8181,7786.5918
103,144,6,-3352.3782,2750.176,8739.1035
105,144,6,-2736.9541,3139.624,9724.5283
107,144,6,-1801.798,3591.5762,10653.8076
109,144,6,-519.264,4114.4463,11393.3604
111,144,6,1056.558,4707.0322,11768.9443
113,144,6,2786.2361,5365.728,11668.2715
115,144,6,4476.248,6042.4541,11091.3438
117,144,6,5990.7681,6702.3521,10115.5996
119,144,6,7264.8882,7318.978,8851.3916
121,144,6,8245.7197,7837.04,7364.5439
123,144,6,8897.2041,8251.7305,5697.6479
125,144,6,9146.0186,8529.3926,3932.0159
127,144,6,8920.042,8636.3701,2199.2959
129,144,6,8238.5078,8539.0078,693.088
131,144,6,7244.4541,8234.9023,-385.264
133,144,6,6144.624,7724.0522,-993.168
135,144,6,5157.7822,7059.3462,-1200.3199
137,144,6,4370.4722,6296.0762,-1169.344
139,144,6,3785.0981,5477.5142,-1029.952
141,144,6,3368.0042,4648.1343,-865.392
143,144,6,3073.5142,3825.9661,-708.576
145,144,6,2870.376,3009.8081,-571.12
147,144,6,2736.9541,2221.2961,-462.704
149,144,6,2660.0261,1455.6221,-375.584
151,144,6,2631.178,712.786,-309.76
153,144,6,2645.6021,-28.848,-257.488
155,144,6,2702.0959,-770.482,-211.024
157,144,6,2798.2561,-1522.9341,-172.304
159,144,6,2954.5161,-2256.1541,-133.584
161,144,6,3169.6741,-3005.0,-90.992
163,144,6,3449.74,-3779.0881,-48.4
165,144,6,3818.7542,-4568.8022,-17.424
167,144,6,4304.3623,-5351.3042,-17.424
169,144,6,4926.998,-6102.5542,-102.608
171,144,6,5687.8643,-6786.4922,-348.48
173,144,6,6547.2939,-7361.0483,-878.944
175,144,6,7371.8662,-7775.7383,-1790.8
177,144,6,7972.8662,-8007.7241,-3089.856
179,144,6,8196.4385,-8043.7842,-4646.3999
181,144,6,7994.502,-7904.3521,-6276.5122
183,144,6,7401.916,-7606.2563,-7842.7358
185,144,6,6475.1743,-7177.1421,-9259.8877
187,144,6,5286.396,-6649.4644,-10454.4004
189,144,6,3875.248,-6053.272,-11374.0
191,144,6,2316.2542,-5427.0303,-11950.9277
193,144,6,703.17,-4815.2119,-12111.6162
195,144,6,-817.36,-4239.4541,-11832.832
197,144,6,-2108.3081,-3722.594,-11184.2715
199,144,6,-3080.7261,-3271.844,-10305.3281
201,144,6,-3739.4221,-2881.1941,-9335.3916
203,144,6,-4139.688,-2536.22,-8359.6484
205,144,6,-4338.0181,-2239.3259,-7440.0479
205,142,6,-4624.0942,-1921.998,-7620.0962
203,142,6,-4473.8442,-2215.2861,-8572.6084
201,142,6,-4130.0723,-2568.6741,-9598.6875
199,142,6,-3536.2842,-2984.5662,-10642.1924
197,142,6,-2634.7839,-3477.386,-11610.1924
195,142,6,-1417.1581,-4050.74,-12380.7197
193,142,6,54.09,-4691.4062,-12816.3203
191,142,6,1641.932,-5376.5459,-12839.5518
189,142,6,3208.1379,-6066.4941,-12469.7764
187,142,6,4676.9819,-6723.9883,-11737.9678
185,142,6,5966.728,-7299.7461,-10708.0156
183,142,6,7026.8921,-7766.1221,-9428.3203
181,142,6,7778.1421,-8081.0464,-7962.7681
179,142,6,8161.5801,-8221.6797,-6388.7998
177,142,6,8137.54,-8168.792,-4836.1279
175,142,6,7734.8701,-7906.7563,-3469.312
173,142,6,7083.3862,-7449.9961,-2421.936
171,142,6,6352.5703,-6833.3701,-1711.424
169,142,6,5671.0361,-6110.9683,-1270.016
167,142,6,5083.2583,-5321.2539,-991.232
165,142,6,4604.8623,-4514.7119,-811.184
163,142,6,4222.626,-3716.584,-683.408
161,142,6,3922.126,-2935.2839,-584.672
159,142,6,3691.342,-2174.418,-503.36
157,142,6,3515.8501,-1438.7941,-441.408
155,142,6,3398.054,-710.382,-387.2
153,142,6,3335.55,26.444,-342.672
151,142,6,3325.9341,765.674,-303.952
149,142,6,3361.9941,1504.9041,-272.976
147,142,6,3452.144,2269.376,-251.68
145,142,6,3599.99,3057.8879,-236.192
143,142,6,3824.7642,3868.0361,-220.704
141,142,6,4136.082,4698.6182,-207.152
139,142,6,4561.5898,5542.4219,-178.112
137,142,6,5121.7222,6382.6201,-106.48
135,142,6,5847.73,7185.5562,83.248
133,142,6,6721.584,7895.938,493.68
131,142,6,7661.5483,8464.4844,1258.4
129,142,6,8460.8779,8828.6904,2425.8081
127,142,6,8939.2744,8962.1123,3926.208
125,142,6,8983.748,8882.7803,5612.4639
123,142,6,8583.4824,8609.9258,7289.04
121,142,6,7804.5859,8176.0039,8833.9678
119,142,6,6709.564,7608.6602,10183.3604
117,142,6,5360.9199,6933.1362,11281.0723
115,142,6,3807.936,6186.6943,12069.0244
113,142,6,2116.7219,5413.8081,12465.9043
111,142,6,430.316,4667.3662,12396.208
109,142,6,-1074.588,3994.2461,11885.1035
107,142,6,-2286.2041,3405.2661,11046.8164
105,142,6,-3157.6541,2902.8301,10038.1602
103,142,6,-3715.3821,2484.5339,8996.5918
101,142,6,-4030.3062,2129.9441,7993.7441
99,142,6,-4168.5361,1837.858,7081.8882
97,142,6,-4180.5562,1587.842,6255.2158
95,142,6,-4107.2339,1381.098,5521.4722
95,140,6,-4303.1602,1068.578,5595.04
97,140,6,-4416.1479,1254.8881,6342.3359
99,140,6,-4451.0059,1482.066,7192.2397
101,140,6,-4376.4819,1760.9301,8146.688
103,140,6,-4136.082,2104.7021,9196.0
105,140,6,-3664.8979,2532.614,10305.3281
107,140,6,-2888.406,3077.1201,11424.3359
109,140,6,-1780.162,3714.1802,12413.6318
111,140,6,-366.61,4449.8042,13122.208
113,140,6,1268.11,5270.77,13435.8398
115,140,6,2964.1321,6124.1899,13306.1279
117,140,6,4585.6299,6946.3579,12765.9844
119,140,6,6044.8579,7678.376,11883.168
121,140,6,7276.9082,8284.1846,10709.9521
123,140,6,8231.2959,8732.5303,9294.7363
125,140,6,8832.2959,8992.1621,7703.3437
127,140,6,9017.4043,9046.252,6050.0
129,140,6,8777.0039,8871.9619,4501.2002
131,140,6,8206.0537,8469.292,3221.5039
133,140,6,7457.208,7861.0801,2268.9919
135,140,6,6707.1602,7102.6182,1630.1119
137,140,6,6042.4541,6266.0259,1206.1281
139,140,6,5495.5439,5401.7881,911.856
141,140,6,5061.6221,4549.5703,689.216
143,140,6,4720.2539,3717.7861,505.296
145,140,6,4463.0259,2918.4561,344.608
147,140,6,4276.7163,2156.3879,191.664
149,140,6,4158.9199,1425.572,44.528
151,140,6,4101.2241,729.614,-104.544
153,140,6,4103.6279,38.464,-261.36
155,140,6,4163.728,-659.898,-427.856
157,140,6,4283.9282,-1359.462,-607.904
159,140,6,4469.0361,-2063.834,-805.376
161,140,6,4710.6382,-2794.6501,-1026.08
163,140,6,5032.7739,-3545.9001,-1281.632
165,140,6,5425.8281,-4329.604,-1593.328
167,140,6,5900.6182,-5131.3379,-1976.656
169,140,6,6452.3359,-5927.062,-2478.0801
171,140,6,7050.9321,-6669.8979,-3142.1279
173,140,6,7651.9321,-7322.584,-4063.6641
175,140,6,8126.7222,-7815.4043,-5275.6001
177,140,6,8327.4561,-8107.4902,-6731.4722
179,140,6,8150.7622,-8178.4082,-8291.8877
181,140,6,7585.8223,-8047.3901,-9821.3281
183,140,6,6674.7061,-7730.062,-11199.7598
185,140,6,5484.7261,-7248.0601,-12336.1924
187,140,6,4084.396,-6636.2422,-13193.8398
189,140,6,2556.6541,-5940.2842,-13718.4961
191,140,6,970.014,-5201.0542,-13883.0557
193,140,6,-605.808,-4452.208,-13652.6719
195,140,6,-2027.774,-3751.4421,-13031.2158
197,140,6,-3173.28,-3138.4221,-12117.4238
199,140,6,-4001.458,-2614.3501,-11021.6475
201,140,6,-4525.5303,-2182.832,-9898.7676
203,140,6,-4806.7979,-1828.2421,-8799.1201
205,140,6,-4901.7559,-1542.166,-7782.7197
205,138,6,-5156.5801,-1108.244,-7914.3682
203,138,6,-5122.9243,-1363.068,-8969.4883
201,138,6,-4922.1899,-1697.224,-10140.7676
199,138,6,-4493.0762,-2114.3181,-11374.0
197,138,6,-3767.0681,-2638.3901,-12605.2959
195,138,6,-2716.52,-3267.0361,-13716.5596
193,138,6,-1367.876,-3982.2261,-14568.4004
191,138,6,176.694,-4746.6982,-15060.1436
189,138,6,1795.7881,-5509.9683,-15151.1357
187,138,6,3406.468,-6227.562,-14864.6084
185,138,6,4917.3823,-6852.6021,-14208.3037
183,138,6,6264.8242,-7341.8159,-13217.0723
181,138,6,7361.0483,-7672.3662,-11929.6318
179,138,6,8133.9341,-7805.7881,-10438.9121
177,138,6,8532.998,-7727.6582,-8818.4795
175,138,6,8548.624,-7425.9561,-7238.7041
173,138,6,8250.5283,-6930.7319,-5823.4878
171,138,6,7768.5264,-6284.0562,-4654.144
169,138,6,7225.2222,-5554.4419,-3730.6719
167,138,6,6683.1201,-4787.5659,-2985.312
165,138,6,6197.5122,-4019.488,-2394.832
163,138,6,5775.6099,-3273.0461,-1910.832
161,138,6,5422.2222,-2551.8459,-1506.208
159,138,6,5143.3579,-1873.9181,-1167.408
157,138,6,4935.4121,-1209.212,-867.328
155,138,6,4797.1821,-554.122,-596.288
153,138,6,4735.8799,103.372,-342.672
151,138,6,4737.082,751.25,-100.672
149,138,6,4805.5962,1411.1481,141.328
147,138,6,4945.0283,2093.884,398.816
145,138,6,5160.186,2800.6602,681.472
143,138,6,5449.8682,3548.304,998.976
141,138,6,5828.498,4329.604,1370.688
139,138,6,6291.2681,5137.3481,1812.0959
137,138,6,6845.3901,5972.7383,2359.9839
135,138,6,7482.4502,6798.5122,3064.688
133,138,6,8138.7422,7553.3682,3984.2881
131,138,6,8725.3184,8188.0239,5174.9277
129,138,6,9096.7363,8620.7441,6626.9277
127,138,6,9114.7666,8828.6904,8268.6563
125,138,6,8713.2979,8796.2363,9933.6162
123,138,6,7917.5742,8540.21,11464.9922
121,138,6,6781.6841,8090.6621,12767.9199
119,138,6,5405.394,7466.8242,13763.0234
117,138,6,3825.9661,6698.7461,14423.2002
115,138,6,2139.5601,5838.1143,14696.1758
113,138,6,439.932,4942.624,14539.3604
111,138,6,-1144.3041,4077.1841,13954.6875
109,138,6,-2468.908,3306.7021,13025.4082
107,138,6,-3468.9722,2646.804,11867.6797
105,138,6,-4138.4858,2109.51,10628.6396
103,138,6,-4520.7222,1680.396,9422.5117
101,138,6,-4689.002,1345.038,8305.4404
99,138,6,-4704.6279,1084.204,7312.272
97,138,6,-4621.6899,876.258,6419.7759
95,138,6,-4470.2383,719.998,5643.4399
95,136,6,-4601.2559,354.59,5664.7358
97,136,6,-4791.1719,471.184,6448.8159
99,136,6,-4929.4019,629.848,7356.7998
101,136,6,-4979.8862,842.602,8390.624
103,136,6,-4901.7559,1126.274,9567.7119
105,136,6,-4628.9019,1504.9041,10866.7676
107,136,6,-4091.6082,1995.3201,12233.584
109,136,6,-3223.7642,2614.3501,13594.5918
111,136,6,-2004.936,3374.0142,14802.6563
113,136,6,-482.002,4221.4243,15704.832
115,136,6,1215.222,5095.2783,16196.5762
117,136,6,2968.9399,5941.4863,16241.1035
119,136,6,4664.9619,6696.3423,15851.9678
121,136,6,6211.936,7321.3823,15056.2715
123,136,6,7540.146,7782.9502,13890.7998
125,136,6,8569.0586,8046.188,12403.9521
127,136,6,9218.1377,8090.6621,10708.0156
129,136,6,9444.1143,7894.7363,8942.3838
131,136,6,9295.0664,7484.854,7289.04
133,136,6,8868.3564,6888.6621,5819.6162
135,136,6,8305.8203,6178.2803,4617.3599
137,136,6,7713.2344,5411.4043,3641.616
139,136,6,7154.3042,4639.7202,2853.6641
141,136,6,6665.0903,3893.2781,2212.8479
143,136,6,6252.8042,3179.29,1676.576
145,136,6,5921.0522,2502.564,1215.808
147,136,6,5672.2383,1861.8981,811.184
149,136,6,5502.7559,1252.484,441.408
151,136,6,5416.2119,676.726,94.864
153,136,6,5404.1919,103.372,-253.616
155,136,6,5467.8979,-468.78,-613.712
157,136,6,5612.1382,-1049.3461,-1000.912
159,136,6,5833.3062,-1632.316,-1421.024
161,136,6,6130.2002,-2233.3162,-1893.408
163,136,6,6504.022,-2863.1641,-2443.2319
165,136,6,6947.5601,-3523.062,-3103.408
167,136,6,7448.7939,-4209.4043,-3906.8479
169,136,6,7977.6743,-4900.5542,-4894.208
171,136,6,8470.4941,-5559.25,-6084.8481
173,136,6,8843.1143,-6150.6343,-7515.5518
175,136,6,8976.5361,-6603.7881,-9145.6641
177,136,6,8760.1758,-6874.2383,-10884.1924
179,136,6,8153.166,-6934.3379,-12572.3838
181,136,6,7184.354,-6798.5122,-14057.2959
183,136,6,5913.8403,-6472.77,-15267.2959
185,136,6,4434.1782,-5988.3643,-16121.0723
187,136,6,2811.478,-5382.5562,-16595.3926
189,136,6,1126.274,-4685.396,-16661.2168
191,136,6,-530.082,-3946.166,-16301.1201
193,136,6,-2059.0261,-3214.1479,-15542.208
195,136,6,-3347.5701,-2536.22,-14434.8164
197,136,6,-4310.3721,-1944.8361,-13118.3359
199,136,6,-4942.624,-1466.4401,-11724.416
201,136,6,-5283.9922,-1091.416,-10378.8955
203,136,6,-5406.5962,-810.148,-9124.3682
205,136,6,-5374.1421,-603.404,-8005.3599
205,134,6,-5527.998,-46.878,-8030.5278
203,134,6,-5618.1479,-174.29,-9176.6396
201,134,6,-5573.6743,-363.004,-10485.376
199,134,6,-5328.4663,-631.05,-11931.5684
197,134,6,-4808.0,-997.66,-13462.9443
195,134,6,-3950.9741,-1467.642,-14984.6396
193,134,6,-2742.9641,-2031.38,-16337.9043
191,134,6,-1244.0701,-2655.218,-17377.5352
189,134,6,421.902,-3297.0862,-17998.9922
187,134,6,2170.812,-3920.9241,-18179.0391
185,134,6,3889.6721,-4488.2681,-17900.2559
183,134,6,5499.1499,-4955.8462,-17193.6152
181,134,6,6928.3281,-5302.022,-16078.4795
179,134,6,8085.854,-5488.332,-14601.3115
177,134,6,8896.002,-5507.564,-12841.4883
175,134,6,9303.4805,-5336.8799,-10950.0156
173,134,6,9325.1162,-5002.7241,-9091.4561
171,134,6,9049.8584,-4548.3682,-7405.2002
169,134,6,8601.5117,-4025.498,-5966.752
167,134,6,8077.4399,-3470.1741,-4758.688
165,134,6,7555.772,-2913.6479,-3773.2639
163,134,6,7080.9819,-2370.344,-2962.0801
161,134,6,6679.5142,-1840.2621,-2286.416
159,134,6,6360.9839,-1330.614,-1719.168
157,134,6,6122.9883,-826.976,-1213.8719
155,134,6,5975.1421,-324.54,-758.912
153,134,6,5906.6279,170.684,-331.056
151,134,6,5919.8501,668.312,83.248
149,134,6,6019.6162,1170.748,507.232
147,134,6,6204.7241,1691.214,966.064
145,134,6,6475.1743,2232.114,1481.04
143,134,6,6835.7739,2795.8521,2077.3279
141,134,6,7284.1201,3384.832,2778.1599
139,134,6,7805.7881,3996.6501,3614.512
137,134,6,8383.9502,4640.9219,4640.5918
135,134,6,8962.1123,5265.9619,5887.376
133,134,6,9458.5381,5846.5283,7389.7119
131,134,6,9754.2305,6327.3281,9134.0479
129,134,6,9724.1807,6642.252,11010.0322
127,134,6,9284.248,6761.25,12905.376
125,134,6,8427.2217,6666.292,14647.7764
123,134,6,7218.0103,6382.6201,16078.4795
121,134,6,5714.3081,5921.0522,17141.3437
119,134,6,4037.5181,5324.8599,17755.0566
117,134,6,2239.3259,4622.8921,17913.8086
115,134,6,435.124,3856.0161,17590.4961
113,134,6,-1266.9081,3077.1201,16790.9277
111,134,6,-2734.55,2331.8801,15584.7998
109,134,6,-3847.6021,1696.022,14138.6084
107,134,6,-4600.0542,1175.556,12584.0
105,134,6,-5029.168,768.078,11071.9844
103,134,6,-5204.6602,471.184,9683.8721
101,134,6,-5204.6602,256.026,8444.832
99,134,6,-5092.874,110.584,7376.1602
97,134,6,-4910.1699,12.02,6441.0718
95,134,6,-4686.5981,-51.686,5639.5679
95,132,6,-4723.8599,-460.366,5579.5518
97,132,6,-4971.4722,-454.356,6375.248
99,132,6,-5189.0342,-430.316,7304.5278
101,132,6,-5350.1021,-373.822,8388.6875
103,132,6,-5416.2119,-272.854,9649.0244
105,132,6,-5329.668,-108.18,11097.1523
107,132,6,-5014.7441,132.22,12709.8398
109,132,6,-4381.29,472.386,14419.3281
111,132,6,-3377.6201,907.51,16074.6084
113,132,6,-1998.926,1429.178,17526.6074
115,132,6,-331.752,2008.542,18589.4727
117,132,6,1501.298,2614.3501,19172.207
119,132,6,3363.196,3210.542,19239.9687
121,132,6,5148.166,3753.8459,18814.0488
123,132,6,6786.4922,4215.4141,17890.5762
125,132,6,8189.2261,4566.3979,16525.6953
127,132,6,9239.7744,4763.5259,14791.04
129,132,6,9886.4502,4798.3843,12804.7041
131,132,6,10100.4063,4673.376,10758.3516
133,132,6,9939.3379,4399.3203,8789.4404
135,132,6,9528.2539,4024.2961,7058.6558
137,132,6,8986.1523,3587.97,5600.8481
139,132,6,8417.6064,3128.8062,4398.5918
141,132,6,7888.7261,2669.6421,3418.9761
143,132,6,7425.9561,2216.488,2603.9199
145,132,6,7042.5181,1772.9501,1905.024
147,132,6,6744.4224,1345.038,1304.864
149,132,6,6541.2842,937.56,762.784
151,132,6,6428.2959,543.304,259.424
153,132,6,6400.6499,149.048,-238.128
155,132,6,6463.1543,-236.794,-741.488
157,132,6,6617.0103,-621.434,-1281.632
159,132,6,6856.208,-1001.266,-1870.176
161,132,6,7178.3442,-1384.704,-2530.3521
163,132,6,7579.812,-1777.7581,-3308.624
165,132,6,8055.8042,-2167.2061,-4243.7119
167,132,6,8571.4619,-2547.0381,-5376.272
169,132,6,9075.1006,-2907.6379,-6748.896
171,132,6,9474.1641,-3220.158,-8365.4561
173,132,6,9665.2822,-3459.356,-10243.376
175,132,6,9517.4365,-3592.7781,-12260.6875
177,132,6,8963.3145,-3585.5662,-14258.6396
179,132,6,7996.9062,-3446.134,-16057.1836
181,132,6,6708.3623,-3187.7041,-17501.4395
183,132,6,5169.8022,-2842.73,-18539.1367
185,132,6,3467.77,-2405.2021,-19127.6797
187,132,6,1686.406,-1929.2101,-19253.5195
189,132,6,-85.342,-1436.39,-18895.3594
191,132,6,-1752.516,-956.792,-18082.2402
193,132,6,-3212.946,-514.456,-16845.1367
195,132,6,-4362.0581,-140.634,-15309.8877
197,132,6,-5143.3579,146.644,-13646.8643
199,132,6,-5583.29,348.58,-12010.9443
201,132,6,-5753.9741,475.992,-10500.8643
203,132,6,-5741.9541,546.91,-9149.5361
205,132,6,-5603.7241,572.152,-7974.3838
205,130,6,-5584.4922,1200.798,-7817.5679
203,130,6,-5743.1562,1289.746,-8971.4238
201,130,6,-5796.0439,1365.472,-10301.4561
199,130,6,-5677.0459,1412.35,-11801.8555
197,130,6,-5308.0322,1419.562,-13449.3916
195,130,6,-4607.2661,1371.4821,-15156.9443
193,130,6,-3543.4961,1250.0801,-16767.6953
191,130,6,-2139.5601,1049.3461,-18109.3437
189,130,6,-520.466,775.29,-19042.4961
187,130,6,1245.272,448.346,-19522.623
185,130,6,3031.4441,82.938,-19530.3672
183,130,6,4763.5259,-306.51,-19057.9844
181,130,6,6362.186,-679.13,-18119.0234
179,130,6,7732.4663,-1024.104,-16761.8887
177,130,6,8804.6504,-1325.806,-15013.6797
175,130,6,9488.5879,-1549.3781,-13015.7275
173,130,6,9750.624,-1679.194,-10948.0801
171,130,6,9655.666,-1708.042,-9000.4639
169,130,6,9320.3086,-1649.144,-7292.9121
167,130,6,8862.3457,-1515.722,-5835.104
165,130,6,8369.5264,-1333.0181,-4615.4238
163,130,6,7905.5542,-1111.85,-3606.7681
161,130,6,7505.2881,-867.844,-2766.5439
159,130,6,7181.9502,-607.01,-2052.1599
157,130,6,6940.3481,-334.156,-1422.96
155,130,6,6786.4922,-54.09,-849.904
153,130,6,6720.3823,234.39,-305.888
151,130,6,6745.624,526.476,230.384
149,130,6,6856.208,819.764,776.336
147,130,6,7070.1641,1126.274,1368.752
145,130,6,7363.4521,1417.1581,2040.5439
143,130,6,7748.0923,1704.436,2811.072
141,130,6,8215.6699,1980.896,3722.928
139,130,6,8737.3379,2238.124,4807.0879
137,130,6,9284.248,2460.4941,6131.312
135,130,6,9785.4824,2631.178,7728.5117
133,130,6,10128.0518,2727.3381,9594.8164
131,130,6,10179.7383,2720.126,11666.3359
129,130,6,9837.168,2593.916,13778.5117
127,130,6,9061.8779,2354.718,15764.8477
125,130,6,7888.7261,2012.1481,17462.7207
123,130,6,6407.8623,1604.67,18746.2871
121,130,6,4702.2241,1153.92,19555.5352
119,130,6,2886.002,688.746,19867.2324
117,130,6,1002.468,225.976,19658.1445
115,130,6,-796.926,-176.694,18934.0801
113,130,6,-2420.8281,-506.042,17724.0801
111,130,6,-3732.21,-762.068,16157.8555
109,130,6,-4660.1543,-939.964,14399.9678
107,130,6,-5216.6802,-1046.942,12632.4004
105,130,6,-5465.4941,-1095.022,10982.9277
103,130,6,-5497.9482,-1096.224,9521.248
101,130,6,-5389.7681,-1068.578,8258.9756
99,130,6,-5201.0542,-1020.498,7182.5601
97,130,6,-4963.0581,-960.398,6257.1519
95,130,6,-4701.022,-893.086,5465.3281
95,128,6,-4618.084,-1300.564,5312.3838
97,128,6,-4875.312,-1432.7841,6067.4238
99,128,6,-5115.7119,-1578.2261,6954.1118
101,128,6,-5314.042,-1734.4861,7989.8721
103,128,6,-5435.4443,-1902.766,9205.6797
105,128,6,-5430.6362,-2074.6521,10607.3438
107,128,6,-5222.6899,-2238.124,12190.9922
109,128,6,-4727.4663,-2376.354,13906.2881
111,128,6,-3881.2581,-2468.908,15613.8398
113,128,6,-2658.824,-2485.7361,17166.5117
115,128,6,-1122.668,-2401.5959,18390.0645
117,128,6,610.616,-2215.2861,19170.2715
119,128,6,2417.2219,-1941.23,19466.4805
121,128,6,4197.3843,-1590.246,19263.1992
123,128,6,5892.2041,-1151.516,18579.791
125,128,6,7409.1279,-674.322,17433.6797
127,128,6,8659.208,-182.704,15881.0078
129,128,6,9535.4658,269.248,14003.0879
131,128,6,9993.4277,649.08,11989.6475
133,128,6,10066.75,939.964,9970.4004
135,128,6,9834.7646,1120.264,8123.4561
137,128,6,9429.6904,1203.202,6524.3198
139,128,6,8951.2939,1202.0,5184.6079
141,128,6,8474.1006,1135.89,4063.6641
143,128,6,8040.1782,1021.7,3120.832
145,128,6,7669.9619,877.46,2309.6479
147,128,6,7376.6743,715.19,1601.072
149,128,6,7172.334,542.102,964.128
151,128,6,7053.3359,370.216,375.584
153,128,6,7018.478,195.926,-205.216
155,128,6,7071.3662,27.646,-791.824
157,128,6,7209.5962,-129.816,-1413.28
159,128,6,7429.562,-268.046,-2087.0081
161,128,6,7728.8604,-388.246,-2840.1121
163,128,6,8099.0762,-475.992,-3711.312
165,128,6,8517.3721,-518.062,-4743.2002
167,128,6,8951.2939,-497.628,-5966.752
169,128,6,9339.54,-399.064,-7424.5601
171,128,6,9591.96,-207.946,-9099.2002
173,128,6,9599.1719,86.544,-10980.9922
175,128,6,9260.208,467.578,-12947.9678
177,128,6,8528.1904,911.116,-14814.2715
179,128,6,7439.1782,1358.26,-16432.7676
181,128,6,6059.2822,1800.5961,-17691.168
183,128,6,4477.4502,2198.458,-18531.3926
185,128,6,2774.2161,2542.23,-18926.3359
187,128,6,1027.71,2804.2661,-18872.127
189,128,6,-677.928,2971.344,-18359.0879
191,128,6,-2228.5081,3039.8582,-17425.9355
193,128,6,-3548.304,3009.8081,-16124.9443
195,128,6,-4557.9839,2886.002,-14583.8877
197,128,6,-5214.2759,2698.49,-12959.584
199,128,6,-5560.4521,2480.928,-11391.4238
201,128,6,-5671.0361,2258.5581,-9954.9121
203,128,6,-5615.7441,2038.592,-8673.2803
205,128,6,-5457.0801,1831.848,-7565.8882
205,126,6,-5232.3062,2384.7681,-7223.2158
203,126,6,-5366.9302,2687.6721,-8237.6797
201,126,6,-5401.7881,3024.2319,-9399.2803
199,126,6,-5282.79,3389.6401,-10704.1436
197,126,6,-4948.6343,3770.6741,-12107.7441
195,126,6,-4330.8062,4140.8901,-13561.6797
193,126,6,-3404.064,4458.2183,-14928.4961
191,126,6,-2187.6401,4684.1938,-16105.584
189,126,6,-754.856,4782.7583,-16963.2324
187,126,6,830.582,4752.708,-17454.9766
185,126,6,2462.8979,4584.4282,-17551.7754
183,126,6,4074.78,4286.332,-17232.3359
181,126,6,5584.4922,3877.6521,-16506.3359
179,126,6,6919.9141,3377.6201,-15410.5596
177,126,6,8002.916,2813.8821,-13995.3438
175,126,6,8767.3877,2221.2961,-12342.0
173,126,6,9178.4717,1653.952,-10595.7275
171,126,6,9285.4502,1165.9401,-8884.3037
169,126,6,9132.7959,769.28,-7329.6958
167,126,6,8834.7002,478.396,-5951.2642
165,126,6,8476.5039,284.874,-4774.1758
163,126,6,8114.7021,170.684,-3771.3279
161,126,6,7788.96,122.604,-2907.8721
159,126,6,7518.5103,122.604,-2158.6399
157,126,6,7316.5742,157.462,-1486.848
155,126,6,7187.96,215.158,-865.392
153,126,6,7135.0723,287.278,-272.976
151,126,6,7161.5161,364.206,311.696
149,126,6,7266.0903,436.326,911.856
147,126,6,7449.9961,494.022,1556.5439
145,126,6,7712.0322,528.88,2278.6719
143,126,6,8043.7842,525.274,3097.6001
141,126,6,8433.2324,471.184,4052.0481
139,126,6,8849.124,349.782,5159.4399
137,126,6,9249.3906,138.23,6468.1758
135,126,6,9560.708,-176.694,7984.064
133,126,6,9691.7266,-603.404,9701.2959
131,126,6,9536.668,-1127.4761,11534.6875
129,126,6,9023.4141,-1717.6581,13348.7197
127,126,6,8131.5303,-2336.688,15013.6797
125,126,6,6927.126,-2917.2542,16394.0488
123,126,6,5473.9082,-3431.71,17391.0879
121,126,6,3848.804,-3853.6121,17983.5039
119,126,6,2166.0042,-4143.2939,18126.7676
117,126,6,461.568,-4304.3623,17830.5605
115,126,6,-1147.91,-4334.4121,17106.4961
113,126,6,-2574.6841,-4217.8179,15993.2959
111,126,6,-3710.574,-3988.2361,14597.4395
109,126,6,-4511.106,-3682.928,13056.3838
107,126,6,-4988.3003,-3342.762,11511.4561
105,126,6,-5198.6499,-3003.7981,10061.3916
103,126,6,-5221.4883,-2686.47,8770.0801
101,126,6,-5119.3179,-2395.5859,7635.584
99,126,6,-4939.0181,-2139.5601,6665.6479
97,126,6,-4717.8501,-1912.3821,5827.3599
95,126,6,-4473.8442,-1709.244,5107.168
95,124,6,-4275.5142,-2056.6221,4869.04
97,124,6,-4489.4702,-2306.6379,5527.2798
99,124,6,-4679.3862,-2596.3201,6293.936
101,124,6,-4827.2319,-2925.668,7176.752
103,124,6,-4898.1499,-3304.2981,8191.2158
105,124,6,-4847.666,-3726.2,9335.3916
107,124,6,-4620.4883,-4184.1621,10593.792
109,124,6,-4157.7183,-4655.3462,11921.8877
111,124,6,-3419.6899,-5100.0859,13226.752
113,124,6,-2384.7681,-5479.918,14415.4561
115,124,6,-1099.8301,-5731.1362,15367.9678
117,124,6,370.216,-5829.7002,15997.168
119,124,6,1919.594,-5758.7822,16277.8877
121,124,6,3477.386,-5530.4023,16169.4717
123,124,6,4969.0679,-5151.772,15697.0879
125,124,6,6333.3379,-4639.7202,14864.6084
127,124,6,7480.0459,-4015.8821,13710.752
129,124,6,8353.9004,-3324.7322,12307.1523
131,124,6,8908.0225,-2623.9661,10769.9678
133,124,6,9152.0283,-1961.6641,9194.0635
135,124,6,9154.4326,-1381.098,7697.5361
137,124,6,8963.3145,-915.924,6334.5918
139,124,6,8672.4297,-560.132,5134.272
141,124,6,8345.4863,-299.298,4096.5762
143,124,6,8026.9561,-118.998,3194.3999
145,124,6,7742.082,3.606,2396.7681
147,124,6,7507.6919,81.736,1686.256
149,124,6,7338.21,132.22,1035.76
151,124,6,7233.6362,167.078,429.792
153,124,6,7199.98,198.33,-168.432
155,124,6,7236.04,233.188,-770.528
157,124,6,7338.21,284.874,-1401.6639
159,124,6,7511.2983,370.216,-2079.2639
161,124,6,7734.8701,492.82,-2816.8799
163,124,6,7999.3101,663.504,-3645.488
165,124,6,8285.3857,909.914,-4596.064
167,124,6,8549.8262,1242.868,-5686.0317
169,124,6,8746.9541,1680.396,-6928.9438
171,124,6,8802.2461,2212.8821,-8301.5684
173,124,6,8642.3799,2836.72,-9774.8643
175,124,6,8207.2559,3506.2341,-11253.9678
177,124,6,7465.6221,4186.5659,-12651.7598
179,124,6,6443.9219,4810.4043,-13857.8877
181,124,6,5207.064,5340.4863,-14785.2314
183,124,6,3816.3501,5743.1562,-15408.624
185,124,6,2330.678,6006.394,-15681.5996
187,124,6,832.986,6115.7759,-15606.0957
189,124,6,-613.02,6061.686,-15193.7275
191,124,6,-1920.796,5859.75,-14475.4717
193,124,6,-3039.8582,5530.4023,-13493.9199
195,124,6,-3907.7021,5104.894,-12345.8721
197,124,6,-4506.2979,4627.7002,-11120.3838
199,124,6,-4858.4839,4140.8901,-9896.832
201,124,6,-5009.936,3681.7261,-8762.3359
203,124,6,-5017.1479,3257.4202,-7726.5762
205,124,6,-4920.9883,2876.386,-6806.9761
205,122,6,-4559.186,3253.814,-6340.3999
203,122,6,-4608.4683,3669.7061,-7139.9678
201,122,6,-4562.792,4134.8799,-8030.5278
199,122,6,-4381.29,4640.9219,-8994.6563
197,122,6,-4025.498,5166.1963,-10003.3115
195,122,6,-3460.5581,5685.46,-11011.9678
193,122,6,-2667.238,6156.644,-11950.9277
191,122,6,-1663.568,6536.4761,-12746.624
189,122,6,-500.032,6791.3003,-13333.2314
187,122,6,789.714,6891.0659,-13670.0957
185,122,6,2128.7419,6830.9663,-13737.8555
183,122,6,3462.9622,6606.1919,-13513.2803
181,122,6,4723.8599,6229.9663,-13007.9844
179,122,6,5852.5381,5719.1162,-12247.1357
177,122,6,6794.9062,5096.48,-11259.7764
175,122,6,7511.2983,4406.5322,-10115.5996
173,122,6,7975.27,3702.1602,-8880.4316
171,122,6,8202.4482,3035.05,-7637.52
169,122,6,8240.9121,2438.8582,-6460.4321
167,122,6,8148.3579,1921.998,-5372.3999
165,122,6,7972.8662,1497.692,-4392.7842
163,122,6,7766.1221,1162.334,-3523.52
161,122,6,7561.7822,900.298,-2749.1199
159,122,6,7383.8862,698.362,-2054.0959
157,122,6,7245.6562,537.294,-1415.2159
155,122,6,7156.708,406.276,-813.12
153,122,6,7124.2539,293.288,-232.32
151,122,6,7149.4961,186.31,342.672
149,122,6,7232.4341,69.716,929.28
147,122,6,7370.6641,-69.716,1552.672
145,122,6,7561.7822,-246.41,2238.0159
143,122,6,7790.1621,-474.79,2998.864
141,122,6,8043.7842,-770.482,3854.5759
139,122,6,8285.3857,-1144.3041,4809.0239
137,122,6,8481.3125,-1616.6901,5891.248
135,122,6,8578.6738,-2182.832,7081.8882
133,122,6,8507.7559,-2845.134,8367.3916
131,122,6,8213.2666,-3569.9402,9681.9355
129,122,6,7666.356,-4309.1699,10950.0156
127,122,6,6851.3999,-5021.9561,12098.0635
125,122,6,5800.8521,-5649.3999,13050.5762
123,122,6,4576.0142,-6155.4419,13747.5361
121,122,6,3222.562,-6510.0322,14144.416
119,122,6,1831.848,-6703.5542,14235.4082
117,122,6,439.932,-6728.7959,14020.5117
115,122,6,-866.642,-6577.3442,13509.4082
113,122,6,-2027.774,-6273.2383,12738.8799
111,122,6,-2971.344,-5847.73,11786.3682
109,122,6,-3669.7061,-5350.1021,10721.5684
107,122,6,-4133.6782,-4823.626,9629.6641
105,122,6,-4394.5122,-4305.564,8564.8643
103,122,6,-4488.2681,-3823.562,7581.376
101,122,6,-4467.834,-3389.6401,6690.8159
99,122,6,-4369.27,-3002.5959,5906.7358
97,122,6,-4219.02,-2663.6321,5213.6479
95,122,6,-4039.9221,-2366.738,4605.7441
95,120,6,-3765.866,-2611.946,4319.2158
97,120,6,-3902.894,-2923.2642,4853.5518
99,120,6,-4012.2761,-3286.2681,5465.3281
101,120,6,-4067.5681,-3690.1401,6144.8638
103,120,6,-4044.73,-4148.1021,6907.6479
105,120,6,-3913.7122,-4645.73,7734.3198
107,120,6,-3637.252,-5172.2061,8605.5195
109,120,6,-3186.502,-5714.3081,9496.0801
111,120,6,-2543.4321,-6216.7441,10345.9844
113,120,6,-1694.8201,-6651.8682,11106.832
115,120,6,-674.322,-6971.6001,11710.8643
117,120,6,482.002,-7148.2939,12119.3604
119,120,6,1703.234,-7162.7183,12293.5996
121,120,6,2942.4961,-7005.2563,12221.9678
123,120,6,4142.0923,-6692.7363,11900.5918
125,120,6,5246.73,-6228.7642,11341.0879
127,120,6,6198.7144,-5648.1982,10572.4961
129,120,6,6961.9839,-4978.6841,9656.7676
131,120,6,7501.6821,-4271.9082,8644.2402
133,120,6,7844.252,-3549.5061,7567.8237
135,120,6,7992.0981,-2883.5981,6504.96
137,120,6,7995.7041,-2277.79,5498.2397
139,120,6,7899.5439,-1764.536,4567.0239
141,120,6,7758.9102,-1318.594,3719.0559
143,120,6,7583.418,-959.196,2948.5281
145,120,6,7409.1279,-659.898,2243.824
147,120,6,7257.6763,-409.882,1601.072
149,120,6,7141.082,-192.32,1002.848
151,120,6,7068.9619,2.404,433.664
153,120,6,7036.5083,194.724,-131.648
155,120,6,7054.5381,393.054,-700.832
157,120,6,7121.8501,610.616,-1287.4399
159,120,6,7224.02,855.824,-1903.088
161,120,6,7351.4321,1139.496,-2561.3279
163,120,6,7493.2681,1474.854,-3279.584
165,120,6,7624.2861,1878.7261,-4063.6641
167,120,6,7715.6382,2355.9199,-4929.0562
169,120,6,7727.6582,2913.6479,-5864.144
171,120,6,7625.4883,3532.678,-6851.5039
173,120,6,7355.0381,4210.606,-7875.6479
175,120,6,6886.2583,4906.564,-8882.3682
177,120,6,6220.3501,5574.876,-9817.4561
179,120,6,5370.5361,6167.4619,-10615.0879
181,120,6,4348.8359,6671.1001,-11230.7363
183,120,6,3226.168,7025.6899,-11656.6563
185,120,6,2042.198,7226.4243,-11850.2559
187,120,6,853.42,7268.4941,-11819.2803
189,120,6,-286.076,7157.9102,-11555.9844
191,120,6,-1325.806,6905.4902,-11101.0244
193,120,6,-2226.104,6525.6582,-10479.5684
195,120,6,-2956.9202,6060.4839,-9730.3359
197,120,6,-3500.2241,5543.624,-8923.0244
199,120,6,-3866.834,5013.542,-8098.2881
201,120,6,-4077.1841,4501.4902,-7300.6558
203,120,6,-4166.1318,4014.6802,-6537.8721
205,120,6,-4160.1221,3573.5461,-5842.8481
205,118,6,-3755.0481,3757.4521,-5353.04
203,118,6,-3720.1902,4188.9702,-5937.7119
201,118,6,-3598.7881,4657.75,-6566.9121
199,118,6,-3369.2061,5151.772,-7221.2798
197,118,6,-3008.606,5651.8042,-7883.3921
195,118,6,-2501.3621,6138.6143,-8526.1436
193,118,6,-1842.666,6576.1421,-9114.6875
191,118,6,-1039.73,6928.3281,-9602.5596
189,118,6,-129.816,7174.7383,-9956.8477
187,118,6,871.45,7288.9282,-10156.2559
185,118,6,1912.3821,7263.686,-10179.4883
183,118,6,2952.1121,7086.9922,-10018.7998
181,118,6,3940.156,6772.0684,-9683.8721
179,118,6,4836.8481,6335.7422,-9182.4482
177,118,6,5612.1382,5797.2461,-8543.5684
175,118,6,6233.5723,5181.8223,-7784.6558
173,118,6,6691.5342,4532.7422,-6967.6641
171,118,6,6990.832,3892.0762,-6131.312
169,118,6,7149.4961,3286.2681,-5304.6401
167,118,6,7205.9902,2729.7419,-4512.8159
165,118,6,7183.1523,2228.5081,-3763.584
163,118,6,7119.4463,1793.384,-3066.624
161,118,6,7035.3062,1415.9561,-2423.8721
159,118,6,6951.166,1091.416,-1829.52
157,118,6,6882.6523,804.138,-1266.144
155,118,6,6836.9761,543.304,-727.936
153,118,6,6824.9561,295.692,-201.344
151,118,6,6846.5923,55.292,321.376
149,118,6,6903.0859,-194.724,853.776
147,118,6,6989.6304,-468.78,1413.28
145,118,6,7097.8101,-781.3,2009.568
143,118,6,7219.2119,-1138.2941,2654.2561
141,118,6,7337.0083,-1552.984,3358.96
139,118,6,7423.5522,-2025.37,4110.1279
137,118,6,7449.9961,-2574.6841,4929.0562
135,118,6,7387.4922,-3186.502,5790.5762
133,118,6,7198.7783,-3850.0061,6679.2002
131,118,6,6850.1982,-4536.3481,7558.144
129,118,6,6328.5303,-5209.4683,8384.8164
127,118,6,5634.9761,-5839.3159,9124.3682
125,118,6,4787.5659,-6381.418,9738.0801
123,118,6,3819.9561,-6803.3203,10187.2324
121,118,6,2764.6001,-7095.4062,10460.208
119,118,6,1682.8,-7234.8379,10531.8398
117,118,6,607.01,-7219.2119,10409.8721
115,118,6,-402.67,-7054.5381,10107.8555
113,118,6,-1311.3821,-6757.644,9641.2803
111,118,6,-2079.46,-6358.5801,9058.5439
109,118,6,-2684.0662,-5887.396,8390.624
107,118,6,-3128.8062,-5384.96,7682.0479
105,118,6,-3425.7,-4874.1099,6967.6641
103,118,6,-3592.7781,-4384.896,6280.3838
101,118,6,-3660.0901,-3928.136,5633.7598
99,118,6,-3650.4741,-3517.052,5049.0879
97,118,6,-3587.97,-3139.624,4514.752
95,118,6,-3487.002,-2806.6702,4032.688
95,116,6,-3185.3,-2936.4861,3732.6079
97,116,6,-3249.0061,-3261.0261,4144.9761
99,116,6,-3275.45,-3626.4341,4605.7441
101,116,6,-3249.0061,-4027.9021,5101.3599
103,116,6,-3151.644,-4465.4302,5637.6318
105,116,6,-2964.1321,-4926.998,6204.8799
107,116,6,-2667.238,-5396.98,6779.8721
109,116,6,-2244.134,-5862.1543,7349.0562
111,116,6,-1694.8201,-6285.2583,7873.7119
113,116,6,-1010.882,-6649.4644,8334.4795
115,116,6,-216.36,-6917.5103,8692.6396
117,116,6,671.918,-7073.77,8930.7676
119,116,6,1607.074,-7096.6079,9021.7598
121,116,6,2553.0481,-6978.812,8959.8076
123,116,6,3473.78,-6727.5942,8739.1035
125,116,6,4330.8062,-6354.9741,8375.1357
127,116,6,5086.8643,-5878.9819,7891.1357
129,116,6,5719.1162,-5326.062,7296.7842
131,116,6,6210.7339,-4734.6782,6644.3521
133,116,6,6570.1323,-4112.042,5935.7759
135,116,6,6803.3203,-3493.012,5215.584
137,116,6,6921.1162,-2914.8501,4495.3921
139,116,6,6955.9741,-2385.97,3810.0481
141,116,6,6934.3379,-1907.574,3159.552
143,116,6,6880.248,-1479.662,2551.6479
145,116,6,6809.3301,-1092.618,1970.848
147,116,6,6736.0083,-746.442,1424.896
149,116,6,6673.5039,-425.508,902.176
151,116,6,6631.4341,-126.21,402.688
153,116,6,6614.606,174.29,-96.8
155,116,6,6614.606,474.79,-598.224
157,116,6,6638.646,788.512,-1111.264
159,116,6,6677.1104,1122.668,-1641.728
161,116,6,6720.3823,1491.682,-2195.4241
163,116,6,6754.0381,1901.5641,-2778.1599
165,116,6,6767.2603,2354.718,-3391.8721
167,116,6,6734.8062,2854.75,-4040.4319
169,116,6,6630.2319,3401.6602,-4718.0317
171,116,6,6437.9121,3977.418,-5407.248
173,116,6,6127.7959,4576.0142,-6098.3999
175,116,6,5687.8643,5168.6001,-6764.3838
177,116,6,5115.7119,5726.3281,-7374.2241
179,116,6,4424.562,6216.7441,-7898.8799
181,116,6,3634.8481,6611.0,-8315.1201
183,116,6,2765.802,6895.874,-8599.7119
185,116,6,1854.686,7056.9419,-8746.8477
187,116,6,941.166,7085.79,-8746.8477
189,116,6,63.706,6987.2261,-8605.5195
191,116,6,-745.24,6770.8662,-8340.2881
193,116,6,-1464.036,6458.3462,-7968.5762
195,116,6,-2071.0461,6068.8979,-7511.6802
197,116,6,-2550.644,5631.3701,-7004.4478
199,116,6,-2908.8401,5171.0039,-6470.1118
201,116,6,-3152.8459,4714.2441,-5933.8398
203,116,6,-3301.894,4259.8882,-5403.376
205,116,6,-3370.408,3842.7942,-4905.8237
205,114,6,-2994.1821,3870.4402,-4454.7358
203,114,6,-2899.2241,4253.8779,-4863.2319
201,114,6,-2735.752,4662.5581,-5294.96
199,114,6,-2486.938,5079.6519,-5728.624
197,114,6,-2146.772,5491.938,-6158.416
195,114,6,-1703.234,5880.1841,-6561.104
193,114,6,-1159.9301,6221.5522,-6917.3281
191,114,6,-522.87,6498.0122,-7207.728
189,114,6,186.31,6686.7261,-7412.9438
187,114,6,957.994,6778.0781,-7517.4878
185,114,6,1752.516,6754.0381,-7513.6157
183,114,6,2549.4421,6618.2119,-7391.6479
181,114,6,3312.7122,6370.6001,-7163.2002
179,114,6,4017.084,6026.8281,-6824.3999
177,114,6,4638.5181,5597.7139,-6402.3521
175,114,6,5161.3882,5104.894,-5906.7358
173,114,6,5579.6841,4578.418,-5366.5918
171,114,6,5888.5981,4035.114,-4795.4722
169,114,6,6104.958,3502.6282,-4220.48
167,114,6,6241.9863,2988.1721,-3647.4241
165,114,6,6315.3081,2504.968,-3089.856
163,114,6,6345.3579,2059.0261,-2555.52
161,114,6,6346.5601,1646.74,-2044.416
159,114,6,6334.54,1269.312,-1558.48
157,114,6,6320.1162,920.732,-1084.16
155,114,6,6311.7021,591.384,-625.328
153,114,6,6312.9043,270.45,-172.304
151,114,6,6328.5303,-45.676,280.72
149,114,6,6354.9741,-367.812,737.616
147,114,6,6392.2363,-711.584,1211.936
145,114,6,6431.9023,-1083.0021,1707.552
143,114,6,6464.356,-1490.48,2228.3359
141,114,6,6477.5781,-1937.624,2778.1599
139,114,6,6458.3462,-2422.03,3351.2161
137,114,6,6383.8223,-2942.4961,3947.5039
135,114,6,6235.9761,-3493.012,4553.4722
133,114,6,6000.3843,-4069.9722,5163.312
131,114,6,5656.6123,-4644.5283,5753.792
129,114,6,5199.8521,-5191.438,6295.8721
127,114,6,4633.71,-5692.6719,6777.936
125,114,6,3967.802,-6116.978,7170.9438
123,114,6,3218.9561,-6451.1343,7467.1519
121,114,6,2412.4141,-6681.918,7649.1357
119,114,6,1595.0541,-6791.3003,7713.0239
117,114,6,776.492,-6780.4819,7653.0078
115,114,6,3.606,-6653.0703,7484.5762
113,114,6,-705.574,-6425.8921,7213.5361
111,114,6,-1323.402,-6113.3721,6859.248
109,114,6,-1834.2521,-5743.1562,6450.752
107,114,6,-2238.124,-5333.2739,5999.6641
105,114,6,-2538.624,-4908.9683,5535.0239
103,114,6,-2742.9641,-4487.0659,5072.3198
101,114,6,-2866.77,-4078.386,4623.168
99,114,6,-2925.668,-3698.554,4203.0562
97,114,6,-2931.678,-3342.762,3810.0481
95,114,6,-2898.022,-3017.02,3446.0801
95,112,6,-2605.936,-3051.8782,3159.552
97,112,6,-2610.7441,-3353.5801,3465.4399
99,112,6,-2578.29,-3680.5242,3798.4319
101,112,6,-2498.958,-4031.5081,4150.7842
103,112,6,-2360.728,-4402.9263,4520.5601
105,112,6,-2151.5801,-4788.7681,4898.0801
107,112,6,-1863.1,-5167.3979,5273.6641
109,112,6,-1488.076,-5530.4023,5631.8237
111,112,6,-1027.71,-5852.5381,5953.2002
113,112,6,-478.396,-6124.1899,6230.0479
115,112,6,143.038,-6320.1162,6439.1357
117,112,6,822.168,-6430.7002,6570.7842
119,112,6,1532.55,-6435.5083,6607.5679
121,112,6,2245.3359,-6342.9541,6553.3599
123,112,6,2944.9001,-6148.23,6408.1602
125,112,6,3607.2021,-5859.75,6168.0962
127,112,6,4200.9902,-5490.7363,5852.5278
129,112,6,4717.8501,-5056.814,5467.2642
131,112,6,5142.1562,-4588.0342,5035.5361
133,112,6,5482.3223,-4083.1941,4563.1519
135,112,6,5734.7422,-3573.5461,4067.5359
137,112,6,5911.436,-3063.8979,3566.1121
139,112,6,6019.6162,-2581.896,3066.624
141,112,6,6076.1104,-2127.54,2580.688
143,112,6,6100.1499,-1693.618,2112.176
145,112,6,6097.7461,-1289.746,1649.472
147,112,6,6082.1201,-908.712,1204.192
149,112,6,6061.686,-548.112,770.528
151,112,6,6047.2622,-194.724,354.288
153,112,6,6030.4341,149.048,-65.824
155,112,6,6022.02,497.628,-489.808
157,112,6,6014.8081,855.824,-919.6
159,112,6,6010.0,1228.444,-1357.136
161,112,6,5991.9702,1615.488,-1802.416
163,112,6,5960.7183,2031.38,-2261.248
165,112,6,5898.2139,2473.7161,-2731.696
167,112,6,5792.438,2937.688,-3213.76
169,112,6,5634.9761,3424.498,-3703.5679
171,112,6,5409.0,3918.52,-4187.5679
173,112,6,5103.6919,4413.7441,-4659.9521
175,112,6,4711.8398,4887.332,-5103.2959
177,112,6,4239.4541,5328.4663,-5507.9199
179,112,6,3685.332,5710.7021,-5856.3999
181,112,6,3069.908,6024.4243,-6135.1841
183,112,6,2405.2021,6249.1982,-6330.7197
185,112,6,1709.244,6379.0142,-6443.0078
187,112,6,1013.286,6407.8623,-6456.5601
189,112,6,340.166,6341.752,-6386.8638
191,112,6,-287.278,6185.4922,-6239.728
193,112,6,-855.824,5953.5063,-6019.0239
195,112,6,-1352.25,5659.0161,-5744.1118
197,112,6,-1764.536,5323.6582,-5428.5439
199,112,6,-2093.884,4958.25,-5085.8721
201,112,6,-2341.4961,4585.6299,-4733.52
203,112,6,-2518.1899,4211.8081,-4379.2319
205,112,6,-2632.3801,3850.0061,-4034.624
205,110,6,-2306.6379,3776.6841,-3641.616
203,110,6,-2182.832,4098.8203,-3924.272
201,110,6,-2003.734,4429.3701,-4212.7358
199,110,6,-1763.334,4755.1123,-4497.3281
197,110,6,-1458.026,5073.6421,-4768.3682
195,110,6,-1080.598,5365.728,-5021.9839
193,110,6,-635.858,5618.1479,-5238.8159
191,110,6,-129.816,5817.6802,-5407.248
189,110,6,418.296,5945.0923,-5521.4722
187,110,6,1010.882,6002.7881,-5571.8081
185,110,6,1619.094,5973.9399,-5550.5122
183,110,6,2230.9121,5863.356,-5459.52
181,110,6,2815.084,5667.4302,-5296.896
179,110,6,3361.9941,5401.7881,-5076.1919
177,110,6,3854.814,5066.4302,-4789.6641
175,110,6,4289.938,4686.5981,-4456.6719
173,110,6,4654.144,4264.6963,-4088.832
171,110,6,4949.8359,3823.562,-3695.824
169,110,6,5178.2163,3377.6201,-3293.136
167,110,6,5347.6982,2932.8801,-2880.7681
165,110,6,5472.7061,2498.958,-2468.3999
163,110,6,5554.4419,2081.864,-2061.8401
161,110,6,5608.5322,1684.0021,-1664.96
159,110,6,5640.9863,1308.978,-1279.696
157,110,6,5660.2183,943.57,-896.368
155,110,6,5675.8442,587.778,-518.848
153,110,6,5687.8643,239.198,-141.328
151,110,6,5696.2783,-106.978,232.32
149,110,6,5704.6919,-455.558,607.904
147,110,6,5707.0962,-820.966,993.168
145,110,6,5699.8843,-1204.4041,1391.984
143,110,6,5678.248,-1607.074,1800.48
141,110,6,5631.3701,-2030.178,2218.656
139,110,6,5552.0381,-2472.5142,2646.512
137,110,6,5428.2319,-2932.8801,3078.24
135,110,6,5246.73,-3399.2561,3508.032
133,110,6,5007.5322,-3872.844,3933.9519
131,110,6,4689.002,-4340.4219,4334.7041
129,110,6,4303.1602,-4771.9399,4698.6719
127,110,6,3841.592,-5161.3882,5020.0479
125,110,6,3317.52,-5491.938,5283.3437
123,110,6,2740.5601,-5750.3682,5482.752
121,110,6,2131.146,-5927.062,5608.5918
119,110,6,1512.116,-6019.6162,5662.7998
117,110,6,893.086,-6022.02,5641.5039
115,110,6,299.298,-5940.2842,5550.5122
113,110,6,-256.026,-5779.2163,5391.7598
111,110,6,-750.048,-5554.4419,5182.6719
109,110,6,-1171.9501,-5280.3862,4930.9922
107,110,6,-1525.338,-4971.4722,4648.3359
105,110,6,-1807.808,-4639.7202,4348.2559
103,110,6,-2019.36,-4301.958,4040.4319
101,110,6,-2172.0142,-3967.802,3734.5439
99,110,6,-2268.1741,-3645.666,3440.272
97,110,6,-2322.2642,-3336.752,3157.616
95,110,6,-2339.092,-3048.272,2890.448
95,110,8,-2086.6721,-2793.448,2892.384
97,110,8,-2051.814,-3033.8481,3144.064
99,110,8,-1986.906,-3293.48,3409.2959
101,110,8,-1879.928,-3562.728,3686.144
103,110,8,-1726.072,-3840.3901,3970.7361
105,110,8,-1519.328,-4120.4561,4251.4561
107,110,8,-1251.282,-4389.7041,4528.3042
109,110,8,-925.54,-4639.7202,4783.856
111,110,8,-539.698,-4860.8882,5012.3042
113,110,8,-93.756,-5037.582,5202.0317
115,110,8,401.468,-5161.3882,5339.4878
117,110,8,930.348,-5220.2861,5418.8638
119,110,8,1479.662,-5213.0742,5434.3521
121,110,8,2027.774,-5131.3379,5380.144
123,110,8,2568.6741,-4979.8862,5258.1758
125,110,8,3083.1301,-4762.3242,5070.3838
127,110,8,3553.1121,-4490.6719,4826.4478
129,110,8,3971.408,-4172.1421,4534.1118
131,110,8,4325.998,-3819.9561,4199.1841
133,110,8,4622.8921,-3441.3262,3835.2161
135,110,8,4859.686,-3045.8682,3444.144
137,110,8,5039.9863,-2651.6121,3045.3279
139,110,8,5168.6001,-2265.77,2638.7681
141,110,8,5255.144,-1894.3521,2238.0159
143,110,8,5311.6382,-1531.348,1839.2
145,110,8,5342.8901,-1179.162,1442.3199
147,110,8,5357.314,-843.804,1057.056
149,110,8,5359.7183,-520.466,679.536
151,110,8,5358.5161,-195.926,309.76
153,110,8,5348.8999,118.998,-63.888
155,110,8,5332.0723,437.528,-439.472
157,110,8,5309.2339,764.472,-820.864
159,110,8,5279.1841,1098.6281,-1204.192
161,110,8,5235.9121,1437.592,-1587.52
163,110,8,5173.4082,1792.182,-1980.528
165,110,8,5079.6519,2163.6001,-2381.28
167,110,8,4954.644,2544.634,-2780.0959
169,110,8,4787.5659,2929.2742,-3175.04
171,110,8,4571.2061,3311.51,-3558.3679
173,110,8,4294.7461,3690.1401,-3932.0159
175,110,8,3961.792,4051.9421,-4278.5601
177,110,8,3572.344,4380.0879,-4590.2559
179,110,8,3130.0081,4666.1641,-4861.2959
181,110,8,2645.6021,4898.1499,-5076.1919
183,110,8,2126.3381,5073.6421,-5236.8799
185,110,8,1585.438,5179.418,-5329.8081
187,110,8,1048.144,5213.0742,-5354.9761
189,110,8,522.87,5183.0239,-5320.1279
191,110,8,28.848,5086.8643,-5221.3921
193,110,8,-429.114,4933.0083,-5074.2559
195,110,8,-836.592,4733.4761,-4882.5918
197,110,8,-1188.7781,4497.8843,-4654.144
199,110,8,-1478.4601,4238.252,-4404.3999
201,110,8,-1711.6481,3966.6001,-4143.04
203,110,8,-1893.15,3686.5342,-3872.0
205,110,8,-2024.1681,3411.2761,-3604.832
205,112,8,-2297.022,3448.5381,-3964.928
203,112,8,-2175.6201,3743.0281,-4282.4321
201,112,8,-1997.724,4044.73,-4603.8081
199,112,8,-1760.9301,4346.4321,-4925.1841
197,112,8,-1453.218,4639.7202,-5236.8799
195,112,8,-1076.9921,4910.1699,-5523.4082
193,112,8,-629.848,5143.3579,-5769.2798
191,112,8,-123.806,5321.2539,-5962.8799
189,112,8,431.518,5440.252,-6092.5918
187,112,8,1025.306,5487.1299,-6152.6079
185,112,8,1633.5181,5453.4741,-6129.376
183,112,8,2241.73,5341.688,-6028.7041
181,112,8,2830.71,5152.9741,-5844.7842
179,112,8,3372.812,4898.1499,-5591.168
177,112,8,3866.834,4583.2261,-5271.728
175,112,8,4295.9482,4222.626,-4901.9521
173,112,8,4650.5381,3829.572,-4487.6479
171,112,8,4936.6143,3420.8921,-4050.1121
169,112,8,5154.1763,3011.01,-3597.0879
167,112,8,5315.2441,2607.1379,-3140.1919
165,112,8,5427.0303,2218.8921,-2687.168
163,112,8,5499.1499,1846.272,-2239.9519
161,112,8,5543.624,1495.2881,-1808.224
159,112,8,5568.8662,1163.536,-1386.176
157,112,8,5584.4922,845.006,-973.808
155,112,8,5596.5122,538.496,-565.312
153,112,8,5604.9263,235.592,-160.688
151,112,8,5614.542,-62.504,242.0
149,112,8,5625.3599,-365.408,644.688
147,112,8,5633.7739,-681.534,1062.864
145,112,8,5638.582,-1014.488,1490.72
143,112,8,5622.9561,-1370.28,1936.0
141,112,8,5585.6943,-1748.91,2394.832
139,112,8,5515.978,-2151.5801,2863.344
137,112,8,5400.5859,-2567.4722,3337.6641
135,112,8,5233.5083,-2998.99,3819.728
133,112,8,5001.522,-3430.5081,4286.3042
131,112,8,4697.416,-3854.814,4739.3281
129,112,8,4319.9883,-4262.292,5147.8237
127,112,8,3863.228,-4632.5083,5513.728
125,112,8,3342.762,-4942.624,5813.8081
123,112,8,2768.2061,-5191.438,6040.3198
121,112,8,2157.5901,-5363.3242,6183.584
119,112,8,1534.954,-5454.6763,6245.5361
117,112,8,912.318,-5467.8979,6222.3042
115,112,8,312.52,-5400.5859,6119.6958
113,112,8,-241.602,-5259.9521,5943.52
111,112,8,-736.826,-5055.6123,5703.4561
109,112,8,-1159.9301,-4806.7979,5422.7358
107,112,8,-1513.318,-4524.3281,5103.2959
105,112,8,-1794.5861,-4223.8281,4766.4321
103,112,8,-2004.936,-3913.7122,4421.8242
101,112,8,-2155.186,-3610.8081,4081.0879
99,112,8,-2250.144,-3316.3181,3753.9041
97,112,8,-2303.032,-3037.4541,3440.272
95,112,8,-2318.658,-2774.2161,3146.0
95,114,8,-2562.6641,-2724.9341,3409.2959
97,114,8,-2566.27,-2992.98,3746.1599
99,114,8,-2532.614,-3286.2681,4112.064
101,114,8,-2452.0801,-3596.384,4499.2642
103,114,8,-2315.052,-3926.9341,4907.7598
105,114,8,-2107.106,-4264.6963,5325.936
107,114,8,-1818.626,-4601.2559,5742.1758
109,114,8,-1443.6021,-4917.3823,6137.1201
111,114,8,-983.236,-5201.0542,6499.1519
113,114,8,-438.73,-5434.2422,6803.104
115,114,8,182.704,-5601.3203,7037.3599
117,114,8,855.824,-5689.0659,7182.5601
119,114,8,1565.004,-5684.2583,7221.2798
121,114,8,2274.1841,-5586.896,7159.3281
123,114,8,2970.1421,-5400.5859,6988.96
125,114,8,3618.02,-5130.1362,6721.792
127,114,8,4205.7979,-4787.5659,6361.6958
129,114,8,4708.2339,-4390.9062,5929.9678
131,114,8,5120.52,-3962.9941,5447.9038
133,114,8,5445.0601,-3506.2341,4919.376
135,114,8,5685.46,-3041.0601,4367.6162
137,114,8,5840.5181,-2597.522,3815.856
139,114,8,5935.4761,-2173.2161,3269.9041
141,114,8,5981.1523,-1777.7581,2743.312
143,114,8,5994.374,-1405.1381,2234.144
145,114,8,5984.7583,-1061.366,1740.464
147,114,8,5963.1221,-738.028,1262.272
149,114,8,5939.082,-435.124,803.44
151,114,8,5918.6479,-139.432,356.224
153,114,8,5905.4263,147.846,-87.12
155,114,8,5895.8101,437.528,-538.208
157,114,8,5892.2041,738.028,-995.104
159,114,8,5891.002,1052.952,-1461.6799
161,114,8,5886.1943,1387.108,-1939.8719
163,114,8,5860.9521,1745.3041,-2435.488
165,114,8,5810.4683,2129.9441,-2946.592
167,114,8,5719.1162,2539.8259,-3471.248
169,114,8,5571.27,2970.1421,-4005.584
171,114,8,5358.5161,3411.2761,-4539.9199
173,114,8,5067.6323,3857.218,-5062.6401
175,114,8,4689.002,4288.7358,-5556.3198
177,114,8,4222.626,4692.6079,-6007.4082
179,114,8,3680.5242,5047.1982,-6394.6079
181,114,8,3069.908,5339.2842,-6704.3682
183,114,8,2411.2122,5553.2402,-6928.9438
185,114,8,1721.264,5678.248,-7048.9761
187,114,8,1030.114,5714.3081,-7070.272
189,114,8,356.994,5662.6221,-6988.96
191,114,8,-268.046,5530.4023,-6820.5278
193,114,8,-836.592,5324.8599,-6574.6558
195,114,8,-1330.614,5065.228,-6264.896
197,114,8,-1741.698,4767.1323,-5914.48
199,114,8,-2067.4399,4442.5923,-5533.0879
201,114,8,-2313.8501,4109.6382,-5143.9521
203,114,8,-2489.342,3775.4822,-4749.0078
205,114,8,-2602.3301,3452.144,-4367.6162
205,116,8,-2907.6379,3398.054,-4772.2397
203,116,8,-2813.8821,3729.8062,-5215.584
201,116,8,-2650.4102,4081.9922,-5686.0317
199,116,8,-2405.2021,4437.7842,-6158.416
197,116,8,-2068.6421,4789.9702,-6626.9277
195,116,8,-1628.7101,5120.52,-7066.3999
193,116,8,-1091.416,5409.0,-7457.4722
191,116,8,-463.972,5638.582,-7774.9761
189,116,8,235.592,5790.0342,-7997.6157
187,116,8,989.246,5854.9419,-8109.9038
185,116,8,1770.546,5817.6802,-8102.1602
183,116,8,2548.24,5686.6621,-7970.5117
181,116,8,3293.48,5453.4741,-7711.0879
179,116,8,3976.2161,5139.752,-7347.1201
177,116,8,4580.8223,4752.708,-6878.6079
175,116,8,5086.8643,4317.584,-6334.5918
173,116,8,5485.9282,3852.4102,-5742.1758
171,116,8,5780.418,3381.2261,-5122.6558
169,116,8,5977.5459,2922.062,-4497.3281
167,116,8,6100.1499,2480.928,-3879.7439
165,116,8,6162.6543,2072.248,-3281.52
163,116,8,6180.6841,1700.8301,-2708.4639
161,116,8,6173.4722,1363.068,-2164.448
159,116,8,6154.2402,1056.558,-1647.536
157,116,8,6133.8062,776.492,-1151.92
155,116,8,6121.7861,512.052,-667.92
153,116,8,6118.1802,257.228,-193.6
151,116,8,6132.604,7.212,282.656
149,116,8,6161.4521,-250.016,760.848
147,116,8,6201.1182,-524.072,1258.4
145,116,8,6249.1982,-822.168,1779.184
143,116,8,6290.0659,-1152.718,2330.9441
141,116,8,6311.7021,-1519.328,2911.7439
139,116,8,6304.4902,-1923.2001,3523.52
137,116,8,6241.9863,-2372.748,4160.4639
135,116,8,6108.564,-2846.3359,4818.7041
133,116,8,5891.002,-3340.3582,5476.9438
131,116,8,5568.8662,-3837.9861,6123.5679
129,116,8,5138.5503,-4318.7861,6712.1118
127,116,8,4591.6401,-4770.7383,7246.4478
125,116,8,3948.5701,-5152.9741,7683.9839
123,116,8,3217.7542,-5459.4839,8015.04
121,116,8,2438.8582,-5669.834,8222.1924
119,116,8,1631.114,-5786.4282,8293.8242
117,116,8,835.39,-5794.8423,8233.8076
115,116,8,74.524,-5703.4902,8051.8237
113,116,8,-620.232,-5523.1899,7761.4238
111,116,8,-1228.444,-5265.9619,7378.0962
109,116,8,-1730.88,-4958.25,6934.752
107,116,8,-2133.55,-4614.478,6448.8159
105,116,8,-2431.646,-4255.0801,5941.584
103,116,8,-2638.3901,-3898.0862,5444.0317
101,116,8,-2765.802,-3553.1121,4958.0962
99,116,8,-2827.104,-3228.572,4505.0718
97,116,8,-2837.9221,-2923.2642,4081.0879
95,116,8,-2811.478,-2645.6021,3691.9519
95,118,8,-3057.8879,-2512.1799,3964.928
97,118,8,-3109.574,-2781.428,4404.3999
99,118,8,-3123.998,-3081.928,4890.3359
101,118,8,-3086.7361,-3407.6702,5416.9277
103,118,8,-2979.7581,-3764.6641,5988.0479
105,118,8,-2787.438,-4136.082,6586.272
107,118,8,-2488.1401,-4514.7119,7199.9839
109,118,8,-2069.844,-4880.1201,7800.144
111,118,8,-1526.54,-5213.0742,8355.7764
113,118,8,-861.834,-5490.7363,8841.7119
115,118,8,-84.14,-5691.4702,9217.2959
117,118,8,768.078,-5792.438,9461.2324
119,118,8,1671.9821,-5780.418,9548.3516
121,118,8,2577.0881,-5659.0161,9472.8477
123,118,8,3462.9622,-5429.4341,9230.8477
125,118,8,4285.1299,-5098.8843,8833.9678
127,118,8,5003.9263,-4686.5981,8303.5039
129,118,8,5597.7139,-4219.02,7666.5601
131,118,8,6059.2822,-3714.1802,6956.0479
133,118,8,6391.0342,-3190.1082,6193.2642
135,118,8,6597.7783,-2685.2681,5420.7998
137,118,8,6698.7461,-2217.6899,4663.8242
139,118,8,6720.3823,-1790.98,3937.824
141,118,8,6690.332,-1415.9561,3258.2881
143,118,8,6629.0303,-1078.194,2617.4719
145,118,8,6554.5063,-783.704,2015.376
147,118,8,6481.1841,-520.466,1448.1281
149,118,8,6421.084,-280.066,911.856
151,118,8,6379.0142,-52.888,393.008
153,118,8,6358.5801,167.078,-120.032
155,118,8,6359.7822,390.65,-638.88
157,118,8,6383.8223,626.242,-1169.344
159,118,8,6424.6899,882.268,-1719.168
161,118,8,6472.77,1164.738,-2294.1599
163,118,8,6514.8403,1484.47,-2904.0
165,118,8,6532.8701,1846.272,-3550.624
167,118,8,6513.6382,2252.5481,-4235.9678
169,118,8,6423.4883,2694.884,-4950.3521
171,118,8,6249.1982,3173.28,-5687.9678
173,118,8,5959.5161,3674.5142,-6423.6479
175,118,8,5549.6343,4173.3442,-7139.9678
177,118,8,5003.9263,4649.3359,-7800.144
179,118,8,4344.0283,5070.0361,-8363.5195
181,118,8,3587.97,5418.6162,-8812.6719
183,118,8,2754.9841,5675.8442,-9118.5596
185,118,8,1876.322,5829.7002,-9279.248
187,118,8,995.256,5874.1743,-9283.1201
189,118,8,147.846,5814.0742,-9137.9199
191,118,8,-635.858,5655.4102,-8857.2002
193,118,8,-1339.0281,5411.4043,-8462.2559
195,118,8,-1930.412,5103.6919,-7980.1919
197,118,8,-2404.0,4751.5059,-7438.1118
199,118,8,-2760.9941,4375.2803,-6870.8638
201,118,8,-3007.4041,4001.458,-6303.6157
203,118,8,-3161.26,3634.8481,-5744.1118
205,118,8,-3236.9861,3285.0662,-5211.7119
205,120,8,-3555.5161,3098.7561,-5643.4399
203,120,8,-3506.2341,3435.3162,-6249.4082
201,120,8,-3371.6101,3799.522,-6905.7119
199,120,8,-3137.22,4175.748,-7579.4399
197,120,8,-2776.6201,4553.1763,-8270.5918
195,120,8,-2276.5881,4916.1802,-8934.6396
193,120,8,-1635.922,5233.5083,-9540.6084
191,120,8,-867.844,5485.9282,-10036.2236
189,120,8,4.808,5649.3999,-10396.3203
187,120,8,955.59,5709.5,-10589.9199
185,120,8,1944.8361,5657.814,-10603.4717
183,120,8,2924.4661,5490.7363,-10419.5518
181,120,8,3860.824,5217.8823,-10053.6475
179,120,8,4699.8203,4851.272,-9521.248
177,120,8,5421.02,4411.3398,-8847.5195
175,120,8,6000.3843,3917.3181,-8059.5679
173,120,8,6425.8921,3401.6602,-7201.9199
171,120,8,6698.7461,2899.2241,-6328.7842
169,120,8,6841.7842,2431.646,-5467.2642
167,120,8,6887.46,2003.734,-4644.4639
165,120,8,6862.2183,1629.912,-3868.1279
163,120,8,6796.1079,1308.978,-3153.7439
161,120,8,6710.7661,1039.73,-2493.5679
159,120,8,6627.8281,811.35,-1885.6639
157,120,8,6558.1123,614.222,-1312.608
155,120,8,6513.6382,439.932,-760.848
153,120,8,6500.416,278.864,-224.576
151,120,8,6519.6479,120.2,307.824
149,120,8,6570.1323,-42.07,844.096
147,120,8,6649.4644,-224.774,1413.28
145,120,8,6751.6343,-437.528,2019.248
143,120,8,6867.0264,-689.948,2677.488
141,120,8,6978.812,-991.65,3391.8721
139,120,8,7064.1543,-1342.634,4164.3359
137,120,8,7096.6079,-1754.92,5000.688
135,120,8,7044.9224,-2227.3062,5891.248
133,120,8,6879.0459,-2740.5601,6812.7842
131,120,8,6567.728,-3276.6521,7728.5117
129,120,8,6097.7461,-3809.1382,8590.0322
127,120,8,5460.686,-4317.584,9372.1758
125,120,8,4675.7803,-4771.9399,10022.6719
123,120,8,3768.27,-5136.146,10508.6084
121,120,8,2787.438,-5393.374,10800.9443
119,120,8,1769.344,-5536.4121,10890.0
117,120,8,760.866,-5568.8662,10783.5195
115,120,8,-204.34,-5481.1201,10479.5684
113,120,8,-1068.578,-5288.8003,10014.9277
111,120,8,-1807.808,-5011.1382,9420.5762
109,120,8,-2394.384,-4678.1841,8742.9756
107,120,8,-2837.9221,-4307.9683,8013.104
105,120,8,-3140.8262,-3930.54,7279.3599
103,120,8,-3322.3281,-3562.728,6570.7842
101,120,8,-3408.8721,-3214.1479,5908.6719
99,120,8,-3419.6899,-2893.2141,5300.7681
97,120,8,-3378.822,-2601.1279,4747.0718
95,120,8,-3297.0862,-2339.092,4249.52
95,122,8,-3519.4561,-2104.7021,4507.0078
97,122,8,-3625.2322,-2337.8901,5054.896
99,122,8,-3694.948,-2603.532,5674.416
101,122,8,-3714.1802,-2894.416,6361.6958
103,122,8,-3654.0801,-3217.7542,7126.416
105,122,8,-3493.012,-3560.324,7949.2158
107,122,8,-3198.522,-3918.52,8818.4795
109,122,8,-2742.9641,-4268.3022,9689.6797
111,122,8,-2114.3181,-4584.4282,10516.3516
113,122,8,-1310.1801,-4846.4639,11250.0957
115,122,8,-352.186,-5018.3501,11830.8955
117,122,8,713.988,-5086.8643,12202.6084
119,122,8,1840.2621,-5036.3799,12343.9355
121,122,8,2967.738,-4871.7061,12245.2002
123,122,8,4062.76,-4596.4482,11900.5918
125,122,8,5059.2183,-4226.2319,11329.4717
127,122,8,5917.4463,-3770.6741,10549.2637
129,122,8,6600.1821,-3259.824,9612.2402
131,122,8,7084.5879,-2736.9541,8586.1602
133,122,8,7380.2803,-2229.71,7513.6157
135,122,8,7508.894,-1757.324,6448.8159
137,122,8,7507.6919,-1347.442,5444.0317
139,122,8,7421.1479,-994.054,4518.624
141,122,8,7279.312,-713.988,3676.4639
143,122,8,7118.2441,-485.608,2909.8081
145,122,8,6961.9839,-305.308,2210.9121
147,122,8,6826.1582,-156.26,1570.0959
149,122,8,6722.7861,-31.252,975.744
151,122,8,6654.272,73.322,408.496
153,122,8,6626.626,176.694,-152.944
155,122,8,6643.4541,284.874,-722.128
157,122,8,6699.9482,405.074,-1306.8
159,122,8,6792.502,550.516,-1926.3199
161,122,8,6922.3184,739.23,-2584.5601
163,122,8,7050.9321,953.186,-3302.8159
165,122,8,7171.1323,1217.626,-4088.832
167,122,8,7255.272,1543.368,-4956.1602
169,122,8,7267.292,1935.2201,-5897.0562
171,122,8,7169.9302,2377.5562,-6892.1602
173,122,8,6929.5303,2865.5681,-7918.2397
175,122,8,6511.2339,3376.418,-8932.7041
177,122,8,5905.4263,3878.854,-9875.5361
179,122,8,5131.3379,4335.6143,-10688.6563
181,122,8,4215.4141,4721.4561,-11335.2803
183,122,8,3186.502,5020.7539,-11768.9443
185,122,8,2096.2881,5215.478,-11985.7764
187,122,8,997.66,5293.6079,-11970.2881
189,122,8,-61.302,5256.3462,-11734.0957
191,122,8,-1033.72,5114.5103,-11296.5596
193,122,8,-1885.938,4878.918,-10696.4004
195,122,8,-2585.502,4574.812,-9966.5283
197,122,8,-3120.3921,4228.6362,-9163.0879
199,122,8,-3491.8101,3865.6321,-8346.0957
201,122,8,-3723.7961,3503.8301,-7550.3999
203,122,8,-3837.9861,3152.8459,-6783.7441
205,122,8,-3863.228,2827.104,-6079.04
205,124,8,-4140.8901,2477.322,-6477.856
203,124,8,-4142.0923,2754.9841,-7256.1279
201,124,8,-4048.3362,3060.292,-8123.4561
199,124,8,-3834.3801,3375.2161,-9039.1836
197,124,8,-3456.9521,3697.3521,-9999.4404
195,124,8,-2904.032,3997.8521,-10938.4004
193,124,8,-2156.3879,4255.0801,-11803.792
191,124,8,-1234.454,4444.9961,-12527.8555
189,124,8,-170.684,4547.166,-13058.3203
187,124,8,986.842,4542.3579,-13344.8477
185,124,8,2187.6401,4435.3799,-13373.8877
183,124,8,3371.6101,4222.626,-13128.0156
181,124,8,4488.2681,3913.7122,-12622.7197
179,124,8,5476.312,3529.072,-11867.6797
177,124,8,6303.2881,3081.928,-10913.2324
175,124,8,6927.126,2613.1479,-9807.7764
173,124,8,7334.604,2150.3779,-8632.624
171,124,8,7543.752,1714.052,-7445.856
169,124,8,7585.8223,1337.826,-6311.3599
167,124,8,7512.5,1022.902,-5262.0479
165,124,8,7368.2603,780.098,-4315.3437
163,124,8,7190.3643,596.192,-3473.1841
161,124,8,7014.8721,467.578,-2720.0801
159,124,8,6858.6123,378.63,-2042.48
157,124,8,6737.21,322.136,-1415.2159
155,124,8,6659.0801,288.48,-828.608
153,124,8,6629.0303,266.844,-261.36
151,124,8,6649.4644,250.016,298.144
149,124,8,6722.7861,227.178,869.264
147,124,8,6844.188,187.512,1479.104
145,124,8,7007.6602,122.604,2139.28
143,124,8,7207.1919,21.636,2873.0239
141,124,8,7423.5522,-126.21,3695.824
139,124,8,7636.3062,-328.146,4617.3599
137,124,8,7800.98,-598.596,5647.312
135,124,8,7883.918,-939.964,6783.7441
133,124,8,7820.2119,-1347.442,7999.5518
131,124,8,7568.9941,-1810.212,9252.1436
129,124,8,7095.4062,-2300.6279,10458.2715
127,124,8,6392.2363,-2792.2461,11571.4717
125,124,8,5488.332,-3238.188,12494.9443
123,124,8,4416.1479,-3628.8381,13186.0957
121,124,8,3236.9861,-3937.752,13604.2715
119,124,8,2002.532,-4140.8901,13730.1123
117,124,8,771.684,-4234.646,13573.2959
115,124,8,-407.478,-4231.04,13131.8877
113,124,8,-1458.026,-4118.0522,12456.2236
111,124,8,-2339.092,-3919.7222,11588.8955
109,124,8,-3012.2122,-3661.292,10618.96
107,124,8,-3489.406,-3371.6101,9602.5596
105,124,8,-3788.7041,-3073.5142,8609.3916
103,124,8,-3937.752,-2781.428,7668.4961
101,124,8,-3976.2161,-2507.3721,6805.04
99,124,8,-3935.3481,-2257.356,6040.3198
97,124,8,-3841.592,-2028.9761,5356.9121
95,124,8,-3709.3721,-1823.4341,4754.8159
95,126,8,-3864.4302,-1502.5,4963.9038
97,126,8,-4011.074,-1657.558,5604.7197
99,126,8,-4125.2642,-1829.4441,6340.3999
101,126,8,-4184.1621,-2016.9561,7170.9438
103,126,8,-4161.3242,-2218.8921,8111.8398
105,126,8,-4024.2961,-2430.4441,9147.5996
107,126,8,-3727.4021,-2640.7939,10264.6719
109,126,8,-3232.178,-2834.3162,11410.7842
111,126,8,-2518.1899,-2992.98,12518.1758
113,126,8,-1577.024,-3093.948,13497.792
115,126,8,-442.336,-3115.584,14272.1924
117,126,8,823.37,-3048.272,14763.9355
119,126,8,2157.5901,-2893.2141,14936.2402
121,126,8,3471.376,-2658.824,14783.2959
123,126,8,4732.2739,-2347.5061,14293.4883
125,126,8,5857.3462,-1974.886,13501.6641
127,126,8,6804.522,-1558.994,12440.7363
129,126,8,7517.3081,-1140.698,11178.4639
131,126,8,7980.0781,-730.816,9811.6475
133,126,8,8204.8525,-361.802,8415.792
135,126,8,8206.0537,-80.534,7072.208
137,126,8,8064.2183,129.816,5856.3999
139,126,8,7837.04,270.45,4766.4321
141,126,8,7576.2061,350.984,3817.792
143,126,8,7316.5742,383.438,2979.5039
145,126,8,7080.9819,378.63,2234.144
147,126,8,6886.2583,347.378,1564.288
149,126,8,6743.2202,300.5,952.512
151,126,8,6655.4741,244.006,373.648
153,126,8,6627.8281,188.714,-195.536
155,126,8,6656.6763,137.028,-770.528
157,126,8,6745.624,94.958,-1370.688
159,126,8,6887.46,74.524,-2017.312
161,126,8,7071.3662,78.13,-2714.272
163,126,8,7287.7261,114.19,-3498.3521
165,126,8,7514.9043,197.128,-4385.04
167,126,8,7720.4463,338.964,-5395.6318
169,126,8,7863.4844,544.506,-6535.936
171,126,8,7886.3223,820.966,-7776.9121
173,126,8,7733.668,1161.1321,-9108.8799
175,126,8,7356.2402,1545.772,-10444.7197
177,126,8,6743.2202,1950.8461,-11699.248
179,126,8,5892.2041,2355.9199,-12800.832
181,126,8,4856.0801,2720.126,-13672.0322
183,126,8,3668.5042,3033.8481,-14272.1924
185,126,8,2395.5859,3275.45,-14572.2715
187,126,8,1102.234,3434.114,-14562.5918
189,126,8,-159.866,3500.2241,-14247.0234
191,126,8,-1308.978,3482.1941,-13656.5439
193,126,8,-2311.446,3378.822,-12827.9355
195,126,8,-3115.584,3211.7441,-11844.4482
197,126,8,-3708.1702,2998.99,-10777.7119
199,126,8,-4096.416,2758.5901,-9697.4238
201,126,8,-4310.3721,2513.3821,-8663.5996
203,126,8,-4390.9062,2275.386,-7705.2798
205,126,8,-4372.876,2048.208,-6839.8882
205,128,8,-4538.752,1557.792,-7130.2881
203,128,8,-4568.8022,1700.8301,-8047.9521
201,128,8,-4496.6821,1845.0701,-9075.9678
199,128,8,-4283.9282,1982.098,-10187.2324
197,128,8,-3884.864,2105.9041,-11362.3838
195,128,8,-3269.4399,2197.2561,-12523.9844
193,128,8,-2411.2122,2240.5281,-13610.0801
191,128,8,-1349.8461,2222.498,-14496.7676
189,128,8,-131.018,2131.146,-15131.7764
187,128,8,1195.99,1972.4821,-15460.8955
185,128,8,2553.0481,1759.728,-15453.1523
183,128,8,3875.248,1489.2781,-15108.5439
181,128,8,5103.6919,1181.566,-14432.8799
179,128,8,6168.6641,860.632,-13466.8164
177,128,8,7024.4883,538.496,-12249.0723
175,128,8,7631.498,236.794,-10857.0879
173,128,8,7970.4619,-22.838,-9395.4082
171,128,8,8066.6221,-217.562,-7960.832
169,128,8,7982.4819,-349.782,-6646.2881
167,128,8,7776.9399,-412.286,-5453.7119
165,128,8,7513.7021,-417.094,-4412.144
163,128,8,7237.2422,-373.822,-3511.9041
161,128,8,6981.2163,-293.288,-2727.824
159,128,8,6764.856,-186.31,-2042.48
157,128,8,6600.1821,-56.494,-1422.96
155,128,8,6493.2041,87.746,-847.968
153,128,8,6449.9321,241.602,-298.144
151,128,8,6470.3662,397.862,245.872
149,128,8,6554.5063,552.92,797.632
147,128,8,6702.3521,700.766,1391.984
145,128,8,6911.5,835.39,2048.2881
143,128,8,7174.7383,950.782,2789.7759
141,128,8,7476.4399,1034.922,3630.0
139,128,8,7796.1724,1087.8101,4599.936
137,128,8,8091.8643,1085.406,5722.8159
135,128,8,8316.6377,1022.902,7008.3198
133,128,8,8397.1719,890.682,8433.2158
131,128,8,8263.75,688.746,9949.1035
129,128,8,7875.5039,423.104,11435.9521
127,128,8,7197.5762,103.372,12833.7441
125,128,8,6261.2183,-246.41,14028.2559
123,128,8,5108.5,-601.0,14936.2402
121,128,8,3806.7341,-944.772,15507.3604
119,128,8,2430.4441,-1242.868,15731.9355
117,128,8,1033.72,-1492.884,15590.6084
115,128,8,-307.712,-1671.9821,15093.0557
113,128,8,-1513.318,-1781.364,14287.6797
111,128,8,-2527.8062,-1829.4441,13232.5596
109,128,8,-3293.48,-1817.4241,12045.792
107,128,8,-3825.9661,-1764.536,10806.752
105,128,8,-4140.8901,-1680.396,9606.4316
103,128,8,-4286.332,-1579.428,8495.168
101,128,8,-4310.3721,-1470.046,7492.3198
99,128,8,-4246.666,-1359.462,6609.5039
97,128,8,-4125.2642,-1251.282,5831.2319
95,128,8,-3969.0042,-1145.506,5147.8237
95,130,8,-4031.5081,-776.492,5279.4722
97,130,8,-4186.5659,-823.37,5978.3682
99,130,8,-4300.7559,-861.834,6777.936
101,130,8,-4357.25,-889.48,7685.9199
103,130,8,-4321.1899,-900.298,8715.8721
105,130,8,-4154.1123,-884.672,9863.9199
107,130,8,-3809.1382,-831.784,11093.2803
109,130,8,-3242.9961,-734.422,12359.4238
111,130,8,-2428.04,-584.172,13561.6797
113,130,8,-1365.472,-383.438,14616.7998
115,130,8,-104.574,-131.018,15410.5596
117,130,8,1282.5341,173.088,15871.3281
119,130,8,2724.9341,525.274,15958.4482
121,130,8,4118.0522,878.662,15671.9199
123,130,8,5428.2319,1235.656,15011.7441
125,130,8,6559.314,1552.984,14022.4482
127,130,8,7463.2183,1818.626,12756.3037
129,130,8,8082.248,2013.3501,11298.4961
131,130,8,8411.5957,2121.53,9757.4404
133,130,8,8475.3018,2145.5701,8224.1279
135,130,8,8331.0625,2089.0759,6797.2959
137,130,8,8057.0063,1970.078,5536.96
139,130,8,7718.042,1799.394,4443.1201
141,130,8,7373.0684,1598.66,3515.7759
143,130,8,7048.5283,1372.6841,2712.3359
145,130,8,6766.0581,1132.2841,2009.568
147,130,8,6542.4863,888.278,1386.176
149,130,8,6382.6201,641.868,822.8
151,130,8,6288.8643,400.266,292.336
153,130,8,6261.2183,161.068,-230.384
155,130,8,6302.0859,-76.928,-762.784
157,130,8,6409.064,-307.712,-1320.3521
159,130,8,6579.748,-527.678,-1922.448
161,130,8,6809.3301,-736.826,-2586.4961
163,130,8,7088.1943,-931.55,-3349.28
165,130,8,7394.7041,-1103.436,-4234.0317
167,130,8,7701.2144,-1240.464,-5262.0479
169,130,8,7959.644,-1335.422,-6448.8159
171,130,8,8109.894,-1367.876,-7784.6558
173,130,8,8081.0464,-1340.23,-9252.1436
175,130,8,7810.5962,-1236.858,-10771.9043
177,130,8,7262.4844,-1064.972,-12239.3916
179,130,8,6446.3262,-840.198,-13544.2559
181,130,8,5407.7983,-573.354,-14595.5039
183,130,8,4182.96,-286.076,-15360.2236
185,130,8,2839.124,14.424,-15780.3359
187,130,8,1454.42,298.096,-15851.9678
189,130,8,87.746,558.93,-15571.248
191,130,8,-1183.97,781.3,-14959.4717
193,130,8,-2310.2441,949.58,-14061.168
195,130,8,-3217.7542,1067.376,-12961.5195
197,130,8,-3883.6621,1129.88,-11757.3281
199,130,8,-4316.3818,1145.506,-10541.5195
201,130,8,-4553.1763,1127.4761,-9387.6641
203,130,8,-4640.9219,1081.8,-8309.3115
205,130,8,-4615.6802,1020.498,-7339.376
205,132,8,-4628.9019,472.386,-7471.0239
203,132,8,-4633.71,443.538,-8435.1523
201,132,8,-4520.7222,383.438,-9517.376
199,132,8,-4251.4741,281.268,-10671.2324
197,132,8,-3779.0881,128.614,-11871.5518
195,132,8,-3069.908,-81.736,-13046.7041
193,132,8,-2115.52,-350.984,-14107.6318
191,132,8,-956.792,-667.11,-14938.1758
189,132,8,342.57,-1016.892,-15476.3838
187,132,8,1720.062,-1381.098,-15681.5996
185,132,8,3099.958,-1734.4861,-15536.4004
183,132,8,4417.3501,-2065.0361,-15034.9756
181,132,8,5602.522,-2336.688,-14217.9844
179,132,8,6594.1724,-2548.24,-13114.4639
177,132,8,7346.624,-2670.844,-11768.9443
175,132,8,7817.8081,-2710.51,-10295.6475
173,132,8,8011.3301,-2656.4202,-8791.376
171,132,8,7971.6641,-2514.584,-7364.5439
169,132,8,7766.1221,-2311.446,-6079.04
167,132,8,7464.4199,-2054.218,-4948.416
165,132,8,7125.4561,-1769.344,-3980.416
163,132,8,6794.9062,-1460.4301,-3157.616
161,132,8,6501.6182,-1139.496,-2452.9119
159,132,8,6261.2183,-813.754,-1845.0079
157,132,8,6077.312,-484.406,-1300.9919
155,132,8,5958.314,-149.048,-803.44
153,132,8,5907.8301,194.724,-331.056
151,132,8,5925.8604,537.294,135.52
149,132,8,6010.0,879.864,607.904
147,132,8,6162.6543,1229.646,1117.072
145,132,8,6386.2261,1580.63,1684.3199
143,132,8,6672.3022,1928.0081,2325.136
141,132,8,7011.2661,2275.386,3066.624
139,132,8,7383.8862,2617.9561,3930.0801
137,132,8,7764.9199,2938.8901,4950.3521
135,132,8,8101.48,3226.168,6144.8638
133,132,8,8325.0518,3456.9521,7503.936
131,132,8,8361.1123,3603.5959,8984.9756
129,132,8,8144.752,3651.676,10502.7998
127,132,8,7633.9023,3586.7681,11987.7119
125,132,8,6838.1782,3411.2761,13302.2559
123,132,8,5781.6201,3138.4221,14372.8643
121,132,8,4531.54,2782.6301,15131.7764
119,132,8,3161.26,2375.1521,15532.5283
117,132,8,1727.274,1932.816,15563.5039
115,132,8,311.318,1482.066,15220.832
113,132,8,-995.256,1055.3561,14533.5518
111,132,8,-2117.9241,677.928,13569.4238
109,132,8,-2991.7781,360.6,12429.1201
107,132,8,-3624.03,108.18,11205.5684
105,132,8,-4025.498,-80.534,9993.6318
103,132,8,-4238.252,-215.158,8853.3281
101,132,8,-4307.9683,-301.702,7821.4399
99,132,8,-4279.1201,-355.792,6903.7759
97,132,8,-4181.7583,-382.236,6092.5918
95,132,8,-4038.72,-390.65,5378.208
95,134,8,-3999.054,-22.838,5424.6719
97,134,8,-4121.6582,38.464,6131.312
99,134,8,-4191.374,125.008,6932.8159
101,134,8,-4184.1621,246.41,7836.9277
103,134,8,-4068.77,415.892,8843.6484
105,134,8,-3800.7241,641.868,9929.7441
107,134,8,-3337.9541,938.762,11075.8555
109,134,8,-2644.4001,1308.978,12200.6719
111,134,8,-1709.244,1752.516,13217.0723
113,134,8,-546.91,2258.5581,14039.8721
115,134,8,777.694,2800.6602,14572.2715
117,134,8,2179.2261,3347.5701,14765.8721
119,134,8,3577.1521,3862.0261,14591.6318
121,134,8,4883.7261,4303.1602,14082.4639
123,134,8,6050.8682,4658.9521,13244.1758
125,134,8,7004.0542,4901.7559,12134.8477
127,134,8,7694.002,5011.1382,10808.6875
129,134,8,8081.0464,4973.876,9376.0479
131,134,8,8190.4282,4801.9902,7945.3437
133,134,8,8067.8242,4513.5103,6595.9521
135,134,8,7782.9502,4133.6782,5380.144
137,134,8,7415.1382,3698.554,4334.7041
139,134,8,7022.084,3233.3801,3449.9519
141,134,8,6648.2622,2763.3979,2704.592
143,134,8,6312.9043,2291.012,2067.6479
145,134,8,6029.2319,1830.646,1515.8879
147,134,8,5810.4683,1384.704,1026.08
149,134,8,5657.814,950.782,578.864
151,134,8,5572.4722,532.486,160.688
153,134,8,5550.8359,118.998,-253.616
155,134,8,5600.1182,-292.086,-679.536
157,134,8,5714.3081,-701.968,-1130.624
159,134,8,5894.6079,-1114.254,-1624.304
161,134,8,6132.604,-1528.944,-2168.3201
163,134,8,6424.6899,-1949.644,-2793.6479
165,134,8,6760.0483,-2367.9399,-3529.3279
167,134,8,7112.2339,-2781.428,-4396.6558
169,134,8,7446.3901,-3170.876,-5418.8638
171,134,8,7702.416,-3517.052,-6590.144
173,134,8,7819.0103,-3803.1282,-7904.688
175,134,8,7722.8501,-3995.448,-9325.7119
177,134,8,7365.856,-4072.376,-10754.4795
179,134,8,6729.998,-4026.7002,-12086.4482
181,134,8,5835.71,-3858.4202,-13238.3682
183,134,8,4738.2842,-3598.7881,-14134.7363
185,134,8,3482.1941,-3255.0161,-14729.0879
187,134,8,2138.3582,-2847.5381,-15000.1279
189,134,8,766.876,-2401.5959,-14926.5596
191,134,8,-537.294,-1952.0481,-14527.7441
193,134,8,-1729.678,-1518.126,-13821.1035
195,134,8,-2733.3481,-1125.072,-12882.1436
197,134,8,-3505.032,-790.916,-11797.9844
199,134,8,-4041.124,-520.466,-10657.6797
201,134,8,-4366.8662,-316.126,-9540.6084
203,134,8,-4524.3281,-165.876,-8485.4883
205,134,8,-4554.3779,-60.1,-7521.3599
205,136,8,-4425.7642,-550.516,-7494.2559
203,136,8,-4354.8462,-717.594,-8415.792
201,136,8,-4145.6982,-937.56,-9418.6396
199,136,8,-3763.4622,-1218.828,-10466.0156
197,136,8,-3168.4722,-1567.4081,-11507.584
195,136,8,-2343.9001,-1986.906,-12465.9043
193,136,8,-1301.766,-2464.1001,-13255.792
191,136,8,-98.564,-2977.354,-13795.9355
189,136,8,1200.798,-3495.416,-14041.8076
187,136,8,2530.21,-3995.448,-13972.1123
185,136,8,3812.7441,-4441.3901,-13575.2314
183,136,8,4983.4922,-4804.394,-12886.0156
181,136,8,5984.7583,-5062.8242,-11931.5684
179,136,8,6756.4419,-5196.2461,-10764.1602
177,136,8,7263.686,-5187.832,-9465.1035
175,136,8,7500.48,-5035.1782,-8115.7119
173,136,8,7489.6621,-4753.9102,-6816.6558
171,136,8,7293.7363,-4369.27,-5643.4399
169,136,8,6983.6201,-3912.51,-4627.04
167,136,8,6625.4243,-3413.6802,-3755.8401
165,136,8,6260.0161,-2895.6182,-3025.968
163,136,8,5918.6479,-2379.96,-2412.2561
161,136,8,5626.562,-1870.312,-1895.344
159,136,8,5387.3643,-1367.876,-1446.192
157,136,8,5208.2661,-866.642,-1051.248
155,136,8,5090.4702,-370.216,-687.28
153,136,8,5041.188,132.22,-346.544
151,136,8,5049.6021,631.05,-13.552
149,136,8,5121.7222,1132.2841,319.44
147,136,8,5256.3462,1647.942,677.6
145,136,8,5459.4839,2175.6201,1072.5439
143,136,8,5723.9243,2716.52,1523.632
141,136,8,6047.2622,3273.0461,2042.48
139,136,8,6428.2959,3836.7842,2656.1919
137,136,8,6842.9863,4393.3101,3388.0
135,136,8,7263.686,4923.3921,4266.9438
133,136,8,7629.0942,5392.1719,5306.5762
131,136,8,7875.5039,5784.0239,6508.832
129,136,8,7913.9683,6030.4341,7823.376
127,136,8,7685.5884,6130.2002,9194.0635
125,136,8,7167.5264,6071.3022,10504.7363
123,136,8,6360.9839,5852.5381,11679.8877
121,136,8,5328.4663,5502.7559,12614.9756
119,136,8,4116.8501,5038.7842,13275.1523
117,136,8,2783.832,4487.0659,13623.6318
115,136,8,1409.946,3883.6621,13633.3115
113,136,8,72.12,3263.4302,13310.0
111,136,8,-1139.496,2672.0461,12682.7363
109,136,8,-2149.176,2135.9541,11834.7676
107,136,8,-2930.4761,1676.79,10837.7275
105,136,8,-3473.78,1302.968,9800.0322
103,136,8,-3813.946,1002.468,8773.9521
101,136,8,-3994.2461,764.472,7807.8882
99,136,8,-4045.9321,585.374,6930.8799
97,136,8,-4011.074,447.144,6139.0562
95,136,8,-3914.9141,341.368,5436.2881
95,138,8,-3795.916,673.12,5407.248
97,138,8,-3860.824,811.35,6088.7197
99,138,8,-3856.0161,984.438,6853.4399
101,138,8,-3755.0481,1202.0,7687.856
103,138,8,-3521.8601,1472.4501,8599.7119
105,138,8,-3115.584,1809.01,9550.2881
107,138,8,-2497.7561,2221.2961,10487.3115
109,138,8,-1649.144,2711.7122,11343.0244
111,138,8,-581.768,3275.45,12026.4316
113,138,8,657.494,3895.6821,12448.4795
115,138,8,1989.3101,4541.1562,12566.5762
117,138,8,3325.9341,5166.1963,12361.3604
119,138,8,4584.4282,5731.1362,11850.2559
121,138,8,5698.6821,6202.3203,11068.1123
123,138,8,6614.606,6550.8999,10047.8398
125,138,8,7270.8979,6752.8359,8833.9678
127,138,8,7638.71,6794.9062,7538.7842
129,138,8,7712.0322,6668.6963,6251.3437
131,138,8,7537.7422,6383.8223,5064.5762
133,138,8,7189.1621,5957.1123,4040.4319
135,138,8,6754.0381,5424.626,3190.5281
137,138,8,6304.4902,4833.2422,2510.9919
139,138,8,5877.7803,4198.5859,1963.104
141,138,8,5505.1602,3566.334,1515.8879
143,138,8,5191.438,2941.2939,1140.304
145,138,8,4939.0181,2329.4761,811.184
147,138,8,4746.6982,1734.4861,516.912
149,138,8,4620.4883,1165.9401,247.808
151,138,8,4553.1763,613.02,-9.68
153,138,8,4544.7622,63.706,-271.04
155,138,8,4591.6401,-485.608,-540.144
157,138,8,4698.6182,-1034.922,-830.544
159,138,8,4866.8979,-1583.0341,-1149.984
161,138,8,5090.4702,-2144.3679,-1502.3359
163,138,8,5372.9399,-2715.3181,-1912.7679
165,138,8,5703.4902,-3297.0862,-2392.896
167,138,8,6072.5039,-3875.248,-2969.824
169,138,8,6459.5483,-4440.188,-3672.592
171,138,8,6821.3501,-4959.4521,-4514.752
173,138,8,7111.0322,-5404.1919,-5527.2798
175,138,8,7243.252,-5738.3481,-6685.0078
177,138,8,7150.6982,-5934.2739,-7933.728
179,138,8,6794.9062,-5973.9399,-9197.9355
181,138,8,6169.8662,-5869.3662,-10375.0244
183,138,8,5302.022,-5628.9663,-11399.168
185,138,8,4226.2319,-5267.1641,-12200.6719
187,138,8,3023.03,-4816.4141,-12742.752
189,138,8,1745.3041,-4295.9482,-12990.5596
191,138,8,461.568,-3745.4321,-12934.416
193,138,8,-764.472,-3193.7141,-12585.9355
195,138,8,-1853.484,-2675.6521,-11962.5439
197,138,8,-2742.9641,-2212.8821,-11143.6162
199,138,8,-3408.8721,-1815.02,-10214.3359
201,138,8,-3856.0161,-1486.874,-9248.2715
203,138,8,-4122.8599,-1214.02,-8299.6318
205,138,8,-4241.8579,-1002.468,-7412.9438
205,140,8,-4025.498,-1391.916,-7283.2319
203,140,8,-3860.824,-1631.114,-8115.7119
201,140,8,-3543.4961,-1921.998,-8998.5283
199,140,8,-3041.0601,-2270.5781,-9877.4717
197,140,8,-2319.8601,-2680.46,-10698.3359
195,140,8,-1382.3,-3151.644,-11381.7441
193,140,8,-259.632,-3670.908,-11848.3203
191,140,8,972.418,-4217.8179,-12032.2402
189,140,8,2229.71,-4761.1221,-11921.8877
187,140,8,3455.75,-5274.376,-11517.2637
185,140,8,4584.4282,-5729.9341,-10843.5361
183,140,8,5547.23,-6085.7261,-9941.3604
181,140,8,6293.6719,-6327.3281,-8849.4561
179,140,8,6779.2803,-6428.2959,-7658.8159
177,140,8,6989.6304,-6379.0142,-6429.4561
175,140,8,6935.54,-6177.0781,-5252.3682
173,140,8,6677.1104,-5830.9023,-4226.2881
171,140,8,6294.874,-5368.1323,-3376.384
169,140,8,5870.5679,-4822.4243,-2706.5281
167,140,8,5449.8682,-4226.2319,-2176.064
165,140,8,5067.6323,-3603.5959,-1755.952
163,140,8,4738.2842,-2972.5461,-1417.152
161,140,8,4461.8242,-2352.314,-1138.368
159,140,8,4240.6562,-1746.506,-906.048
157,140,8,4075.9822,-1143.1021,-706.64
155,140,8,3969.0042,-536.092,-524.656
153,140,8,3914.9141,69.716,-358.16
151,140,8,3913.7122,673.12,-197.472
149,140,8,3965.3982,1277.7261,-42.592
147,140,8,4071.1741,1901.5641,120.032
145,140,8,4235.8481,2538.624,296.208
143,140,8,4467.834,3188.906,501.424
141,140,8,4771.9399,3851.208,741.488
139,140,8,5144.5601,4509.9043,1033.824
137,140,8,5592.9062,5157.7822,1411.344
135,140,8,6103.7563,5775.6099,1916.64
133,140,8,6633.8379,6311.7021,2586.4961
131,140,8,7119.4463,6746.8262,3465.4399
129,140,8,7460.814,7038.9121,4537.9839
127,140,8,7562.9844,7162.7183,5775.0879
125,140,8,7370.6641,7123.0522,7072.208
123,140,8,6876.6421,6924.7222,8336.416
121,140,8,6108.564,6586.96,9463.168
119,140,8,5119.3179,6136.21,10392.4482
117,140,8,3948.5701,5590.502,11083.5996
115,140,8,2660.0261,4984.6938,11492.0957
113,140,8,1328.2101,4354.8462,11585.0244
111,140,8,54.09,3746.634,11358.5117
109,140,8,-1075.79,3184.0981,10851.2803
107,140,8,-2007.3401,2684.0662,10131.0879
105,140,8,-2705.7021,2258.5581,9290.8643
103,140,8,-3184.0981,1902.766,8419.6641
101,140,8,-3478.5881,1607.074,7562.0161
99,140,8,-3630.04,1364.27,6764.3838
97,140,8,-3674.5142,1164.738,6024.832
95,140,8,-3646.8682,991.65,5358.8481
95,142,8,-3473.78,1269.312,5275.6001
97,142,8,-3474.9822,1453.218,5914.48
99,142,8,-3393.2461,1669.578,6619.1841
101,142,8,-3202.1282,1920.796,7380.0317
103,142,8,-2858.356,2220.094,8185.4077
105,142,8,-2328.2739,2569.876,8990.7842
107,142,8,-1568.61,2982.1621,9743.8877
109,142,8,-584.172,3453.3459,10347.9199
111,142,8,590.182,3982.2261,10717.6963
113,142,8,1888.342,4554.3779,10783.5195
115,142,8,3211.7441,5143.3579,10518.2881
117,142,8,4460.6221,5708.2983,9943.2959
119,142,8,5565.2603,6226.3604,9108.8799
121,142,8,6460.75,6651.8682,8061.5039
123,142,8,7109.8301,6972.8022,6847.6318
125,142,8,7469.228,7167.5264,5536.96
127,142,8,7511.2983,7214.4043,4234.0317
129,142,8,7257.6763,7101.416,3039.52
131,142,8,6780.4819,6832.168,2059.9041
133,142,8,6179.4819,6411.4683,1318.416
135,142,8,5562.856,5872.9722,818.928
137,142,8,5006.3301,5258.75,499.488
139,142,8,4538.752,4598.8521,298.144
141,142,8,4162.5259,3922.126,170.368
143,142,8,3868.0361,3239.3901,77.44
145,142,8,3645.666,2562.6641,3.872
147,142,8,3483.396,1895.5541,-61.952
149,142,8,3384.832,1253.686,-129.712
151,142,8,3336.752,629.848,-199.408
153,142,8,3336.752,4.808,-276.848
155,142,8,3383.6301,-626.242,-362.032
157,142,8,3484.5981,-1242.868,-458.832
159,142,8,3638.4541,-1863.1,-573.056
161,142,8,3845.198,-2490.5439,-702.768
163,142,8,4113.2441,-3126.4021,-859.584
165,142,8,4442.5923,-3768.27,-1062.864
167,142,8,4838.0503,-4406.5322,-1330.032
169,142,8,5291.2041,-5012.3403,-1697.8719
171,142,8,5778.0142,-5555.644,-2203.168
173,142,8,6260.0161,-6016.0103,-2904.0
175,142,8,6649.4644,-6360.9839,-3815.856
177,142,8,6851.3999,-6561.7183,-4921.312
179,142,8,6797.3101,-6611.0,-6133.248
181,142,8,6458.3462,-6520.8501,-7354.8638
183,142,8,5845.3262,-6296.0762,-8510.6563
185,142,8,4990.7041,-5957.1123,-9525.1201
187,142,8,3949.772,-5530.4023,-10334.3682
189,142,8,2768.2061,-5041.188,-10899.6797
191,142,8,1528.944,-4524.3281,-11178.4639
193,142,8,283.672,-4002.6602,-11159.1035
195,142,8,-877.46,-3505.032,-10843.5361
197,142,8,-1869.11,-3050.676,-10282.0957
199,142,8,-2648.0061,-2650.4102,-9559.9678
201,142,8,-3209.3401,-2304.2341,-8758.4639
203,142,8,-3579.5562,-2004.936,-7927.9199
205,142,8,-3788.7041,-1750.1121,-7132.2241
205,144,8,-3541.092,-2044.6021,-6950.2397
203,144,8,-3297.0862,-2303.032,-7695.6001
201,144,8,-2888.406,-2598.7241,-8468.0635
199,144,8,-2289.8101,-2934.082,-9203.7441
197,144,8,-1471.248,-3312.7122,-9846.4961
195,144,8,-445.942,-3734.614,-10311.1357
193,144,8,734.422,-4190.1719,-10512.4795
191,144,8,1984.5021,-4664.9619,-10406.0
189,144,8,3211.7441,-5139.752,-9995.5684
187,144,8,4347.6343,-5590.502,-9300.5439
185,144,8,5318.8501,-5984.7583,-8379.0078
183,144,8,6079.7163,-6299.6821,-7273.5518
181,144,8,6582.1523,-6511.2339,-6050.0
179,144,8,6793.7041,-6601.3843,-4789.6641
177,144,8,6710.7661,-6556.9102,-3575.792
175,144,8,6371.8022,-6373.0039,-2522.6079
173,144,8,5856.144,-6048.4639,-1701.744
171,144,8,5271.9722,-5608.5322,-1122.88
169,144,8,4708.2339,-5079.6519,-758.912
167,144,8,4205.7979,-4489.4702,-536.272
165,144,8,3786.3,-3857.218,-416.24
163,144,8,3444.9321,-3212.946,-350.416
161,144,8,3178.0881,-2563.866,-319.44
159,144,8,2973.748,-1920.796,-309.76
157,144,8,2818.6899,-1283.7361,-315.568
155,144,8,2714.116,-646.676,-329.12
153,144,8,2660.0261,3.606,-350.416
151,144,8,2650.4102,657.494,-379.456
149,144,8,2682.864,1306.574,-418.176
147,144,8,2764.6001,1968.876,-464.64
145,144,8,2904.032,2646.804,-514.976
143,144,8,3110.7761,3322.3281,-563.376
141,144,8,3400.458,3997.8521,-602.096
139,144,8,3788.7041,4661.356,-613.712
137,144,8,4295.9482,5300.8203,-559.504
135,144,8,4920.9883,5888.5981,-389.136
133,144,8,5638.582,6392.2363,-23.232
131,144,8,6376.6104,6781.6841,609.84
129,144,8,7017.2764,7037.71,1533.312
127,144,8,7441.582,7132.668,2714.272
125,144,8,7559.3779,7080.9819,4050.1121
123,144,8,7346.624,6893.4702,5428.5439
121,144,8,6818.9463,6589.3643,6750.832
119,144,8,6022.02,6193.9062,7925.9839
117,144,8,4994.3101,5728.7319,8909.4717
115,144,8,3788.7041,5220.2861,9641.2803
113,144,8,2478.5239,4696.2139,10067.2002
111,144,8,1153.92,4178.1519,10148.5117
109,144,8,-67.312,3697.3521,9904.5762
107,144,8,-1111.85,3252.6121,9401.2158
105,144,8,-1929.2101,2863.1641,8727.4883
103,144,8,-2515.7861,2521.7961,7978.2559
101,144,8,-2907.6379,2222.498,7217.4082
99,144,8,-3142.0281,1962.8661,6491.4082
97,144,8,-3258.6221,1736.89,5809.936
95,144,8,-3289.874,1533.7521,5186.5439
95,146,8,-3091.5439,1754.92,5062.6401
97,146,8,-3038.656,1960.462,5655.0562
99,146,8,-2894.416,2192.448,6309.4238
101,146,8,-2632.3801,2449.676,7004.4478
103,146,8,-2208.074,2740.5601,7728.5117
105,146,8,-1587.842,3063.8979,8427.4082
107,146,8,-735.624,3425.7,9044.9922
109,146,8,340.166,3824.7642,9474.7842
111,146,8,1581.832,4249.0703,9627.7275
113,146,8,2919.658,4704.6279,9441.8721
115,146,8,4227.4341,5163.792,8907.5361
117,146,8,5409.0,5615.7441,8067.312
119,146,8,6393.438,6030.4341,6977.3437
121,146,8,7123.0522,6383.8223,5707.3281
123,146,8,7570.1963,6666.292,4305.6641
125,146,8,7677.1743,6842.9863,2863.344
127,146,8,7433.168,6893.4702,1488.7839
129,146,8,6874.2383,6804.522,309.76
131,146,8,6104.958,6572.5361,-559.504
133,146,8,5249.1343,6204.7241,-1099.6479
135,146,8,4441.3901,5720.3179,-1341.6479
137,146,8,3753.8459,5155.3779,-1372.624
139,146,8,3211.7441,4531.54,-1281.632
141,146,8,2809.074,3884.864,-1130.624
143,146,8,2510.978,3215.3501,-958.32
145,146,8,2304.2341,2547.0381,-791.824
147,146,8,2164.802,1882.332,-638.88
149,146,8,2084.2681,1228.444,-501.424
151,146,8,2053.0161,587.778,-379.456
153,146,8,2055.4199,-67.312,-269.104
155,146,8,2111.9141,-703.17,-166.496
157,146,8,2209.2761,-1334.22,-71.632
159,146,8,2355.9199,-1968.876,21.296
161,146,8,2559.0581,-2596.3201,106.48
163,146,8,2828.3062,-3229.7742,185.856
165,146,8,3176.886,-3862.0261,238.128
167,146,8,3621.626,-4475.0459,243.936
169,146,8,4169.7383,-5048.3999,151.008
171,146,8,4805.5962,-5549.6343,-96.8
173,146,8,5488.332,-5965.5259,-569.184
175,146,8,6125.3921,-6267.228,-1314.5439
177,146,8,6602.5859,-6443.9219,-2336.752
179,146,8,6820.1479,-6485.9922,-3552.5601
181,146,8,6733.604,-6405.458,-4857.4238
183,146,8,6336.9443,-6214.3403,-6156.48
185,146,8,5667.4302,-5935.4761,-7354.8638
187,146,8,4757.5161,-5584.4922,-8396.4316
189,146,8,3666.1001,-5184.2261,-9201.8076
191,146,8,2456.8879,-4762.3242,-9736.1436
193,146,8,1191.182,-4332.0083,-9962.6563
195,146,8,-16.828,-3919.7222,-9861.9844
197,146,8,-1076.9921,-3537.4861,-9480.5918
199,146,8,-1936.422,-3184.0981,-8905.5996
201,146,8,-2575.886,-2866.77,-8222.1924
203,146,8,-3020.626,-2578.29,-7494.2559
205,146,8,-3298.2881,-2318.658,-6774.064
205,148,8,-3045.8682,-2544.634,-6559.168
203,148,8,-2746.5701,-2799.458,-7232.896
201,148,8,-2280.1941,-3080.7261,-7922.1118
199,148,8,-1622.7001,-3380.0242,-8557.1201
197,148,8,-748.846,-3703.3621,-9079.8398
195,148,8,326.944,-4047.134,-9397.3438
193,148,8,1548.176,-4410.1382,-9426.3838
191,148,8,2809.074,-4779.1519,-9126.3037
189,148,8,4001.458,-5142.1562,-8504.8477
187,148,8,5064.0259,-5482.3223,-7604.6079
185,148,8,5922.2539,-5787.6299,-6485.6001
183,148,8,6526.8604,-6025.626,-5211.7119
181,148,8,6836.9761,-6189.0981,-3850.7039
179,148,8,6824.9561,-6256.4102,-2509.0559
177,148,8,6495.6079,-6217.9463,-1273.8879
175,148,8,5901.8203,-6058.0801,-271.04
173,148,8,5145.7622,-5778.0142,431.728
171,148,8,4359.6543,-5390.9702,826.672
169,148,8,3644.4641,-4917.3823,968.0
167,148,8,3036.252,-4375.2803,944.768
165,148,8,2555.4521,-3792.3101,820.864
163,148,8,2184.0339,-3182.896,650.496
161,148,8,1905.17,-2560.26,458.832
159,148,8,1700.8301,-1941.23,267.168
157,148,8,1549.3781,-1317.392,67.76
155,148,8,1443.6021,-693.554,-131.648
153,148,8,1381.098,-60.1,-336.864
151,148,8,1364.27,582.97,-545.952
149,148,8,1385.906,1227.2421,-768.592
147,148,8,1450.8141,1877.524,-1008.656
145,148,8,1578.2261,2533.8162,-1270.016
143,148,8,1777.7581,3184.0981,-1546.864
141,148,8,2079.46,3824.7642,-1827.584
139,148,8,2506.1702,4437.7842,-2092.8159
137,148,8,3087.938,5015.9463,-2299.968
135,148,8,3842.7942,5540.0181,-2379.344
133,148,8,4747.8999,5984.7583,-2232.208
131,148,8,5727.5303,6322.52,-1757.8879
129,148,8,6639.8481,6536.4761,-917.664
127,148,8,7351.4321,6626.626,272.976
125,148,8,7730.062,6583.354,1694.0
123,148,8,7744.4863,6428.2959,3217.6321
121,148,8,7404.3203,6185.4922,4712.2241
119,148,8,6750.4321,5877.7803,6090.6558
117,148,8,5822.4883,5519.584,7287.104
115,148,8,4674.5781,5136.146,8237.6797
113,148,8,3376.418,4740.688,8870.752
111,148,8,2031.38,4350.0381,9145.6641
109,148,8,769.28,3975.0142,9072.0957
107,148,8,-338.964,3618.02,8708.1279
105,148,8,-1224.838,3282.6621,8144.752
103,148,8,-1881.13,2973.748,7486.5117
101,148,8,-2337.8901,2690.0759,6801.168
99,148,8,-2632.3801,2429.2419,6139.0562
97,148,8,-2805.468,2192.448,5509.856
95,148,8,-2883.5981,1977.29,4934.8638
95,150,8,-2673.248,2151.5801,4779.9839
97,150,8,-2577.0881,2367.9399,5327.8721
99,150,8,-2385.97,2604.7341,5928.0317
101,150,8,-2075.854,2859.5581,6559.168
103,150,8,-1601.0641,3134.8162,7211.6001
105,150,8,-931.55,3426.9021,7831.1201
107,150,8,-34.858,3735.8162,8348.0322
109,150,8,1075.79,4055.5481,8669.4082
111,150,8,2347.5061,4382.4922,8698.4482
113,150,8,3692.5439,4715.4463,8369.3281
115,150,8,4983.4922,5047.1982,7676.2397
117,150,8,6119.3823,5370.5361,6663.7119
119,150,8,7022.084,5671.0361,5395.6318
121,150,8,7633.9023,5930.668,3953.312
123,150,8,7911.564,6130.2002,2387.0879
125,150,8,7816.606,6254.0063,801.504
127,150,8,7335.8062,6274.4399,-658.24
129,150,8,6522.0522,6183.0879,-1852.752
131,150,8,5501.5542,5973.9399,-2667.8081
133,150,8,4418.5522,5648.1982,-3082.1121
135,150,8,3430.5081,5225.0942,-3142.1279
137,150,8,2614.3501,4726.2642,-2958.208
139,150,8,1988.108,4172.1421,-2638.7681
141,150,8,1533.7521,3585.5662,-2263.1841
143,150,8,1217.626,2974.95,-1877.92
145,150,8,1006.074,2351.1121,-1504.272
147,150,8,872.652,1723.6681,-1157.728
149,150,8,801.734,1107.042,-838.288
151,150,8,780.098,492.82,-540.144
153,150,8,798.128,-115.392,-257.488
155,150,8,852.218,-728.412,21.296
157,150,8,953.186,-1333.0181,296.208
159,150,8,1104.6381,-1929.2101,573.056
161,150,8,1313.786,-2515.7861,851.84
163,150,8,1599.8621,-3107.1702,1128.688
165,150,8,1986.906,-3685.332,1395.856
167,150,8,2498.958,-4237.0503,1616.5599
169,150,8,3154.0481,-4749.1021,1734.656
171,150,8,3938.9541,-5192.6401,1676.576
173,150,8,4816.4141,-5558.0483,1355.2
175,150,8,5680.6523,-5824.8921,691.152
177,150,8,6388.6299,-5977.5459,-298.144
179,150,8,6828.562,-6025.626,-1542.9919
181,150,8,6939.146,-5976.3442,-2927.2319
183,150,8,6711.9683,-5842.9219,-4348.2559
185,150,8,6173.4722,-5643.3901,-5699.584
187,150,8,5364.5259,-5392.1719,-6896.0317
189,150,8,4341.624,-5107.2979,-7867.9038
191,150,8,3164.866,-4803.1919,-8562.9277
193,150,8,1911.1801,-4485.8643,-8936.5762
195,150,8,683.938,-4168.5361,-8971.4238
197,150,8,-408.68,-3858.4202,-8708.1279
199,150,8,-1304.17,-3565.1321,-8233.8076
201,150,8,-1979.6941,-3283.864,-7639.4561
203,150,8,-2470.1101,-3013.4141,-6987.0239
205,150,8,-2792.2461,-2758.5901,-6334.5918
205,150,10,-2235.72,-2544.634,-5875.7598
203,150,10,-1912.3821,-2765.802,-6390.7358
201,150,10,-1456.824,-3003.7981,-6888.2881
199,150,10,-866.642,-3250.208,-7320.0161
197,150,10,-125.008,-3508.6382,-7645.2642
195,150,10,748.846,-3770.6741,-7804.0161
193,150,10,1709.244,-4038.72,-7747.8721
191,150,10,2686.47,-4299.5542,-7445.856
189,150,10,3608.4041,-4548.3682,-6907.6479
187,150,10,4423.3599,-4774.3442,-6152.6079
185,150,10,5077.248,-4966.6641,-5225.2642
183,150,10,5523.1899,-5112.106,-4179.8242
181,150,10,5731.1362,-5199.8521,-3082.1121
179,150,10,5692.6719,-5215.478,-2007.632
177,150,10,5422.2222,-5154.1763,-1029.952
175,150,10,4955.8462,-5007.5322,-218.768
173,150,10,4368.0679,-4775.5459,373.648
171,150,10,3740.624,-4469.0361,739.552
169,150,10,3145.634,-4094.012,906.048
167,150,10,2616.7542,-3666.1001,923.472
165,150,10,2176.822,-3198.522,840.224
163,150,10,1824.636,-2703.2981,695.024
161,150,10,1550.5801,-2190.0439,513.04
159,150,10,1347.442,-1670.78,315.568
157,150,10,1193.5861,-1145.506,102.608
155,150,10,1090.214,-614.222,-118.096
153,150,10,1030.114,-75.726,-344.608
151,150,10,1016.892,473.588,-574.992
149,150,10,1049.3461,1019.296,-813.12
147,150,10,1128.678,1566.2061,-1064.8
145,150,10,1270.514,2114.3181,-1326.16
143,150,10,1480.864,2655.218,-1587.52
141,150,10,1783.7681,3181.6941,-1837.264
139,150,10,2191.2461,3675.7161,-2046.3519
137,150,10,2718.9241,4136.082,-2179.936
135,150,10,3364.3979,4550.772,-2183.8081
133,150,10,4103.6279,4899.3521,-1997.952
131,150,10,4874.1099,5174.6099,-1564.288
129,150,10,5579.6841,5357.314,-867.328
127,150,10,6138.6143,5451.0703,81.312
125,150,10,6465.5581,5459.4839,1210.0
123,150,10,6520.8501,5384.96,2433.552
121,150,10,6297.2783,5246.73,3655.168
119,150,10,5821.2861,5053.208,4787.728
117,150,10,5118.1162,4820.02,5790.5762
115,150,10,4235.8481,4556.7822,6594.0161
113,150,10,3240.592,4280.3223,7155.4561
111,150,10,2202.064,3994.2461,7449.728
109,150,10,1205.6061,3710.574,7486.5117
107,150,10,305.308,3430.5081,7306.4639
105,150,10,-455.558,3158.856,6959.9199
103,150,10,-1062.568,2898.022,6510.7681
101,150,10,-1519.328,2652.814,6013.2158
99,150,10,-1845.0701,2424.4341,5507.9199
97,150,10,-2067.4399,2209.2761,5008.4321
95,150,10,-2204.468,2010.946,4537.9839
95,148,10,-2399.1921,1842.666,4690.9277
97,148,10,-2281.396,2031.38,5180.7358
99,148,10,-2080.6621,2240.5281,5699.584
101,148,10,-1774.152,2468.908,6239.728
103,148,10,-1339.0281,2717.7222,6770.1919
105,148,10,-751.25,2988.1721,7258.064
107,148,10,-6.01,3276.6521,7651.0718
109,148,10,888.278,3587.97,7883.3921
111,148,10,1879.928,3900.49,7900.8159
113,148,10,2925.668,4229.8379,7670.4321
115,148,10,3941.3582,4550.772,7174.8159
117,148,10,4853.6763,4858.4839,6443.0078
119,148,10,5601.3203,5132.54,5513.728
121,148,10,6138.6143,5362.1221,4446.9922
123,148,10,6436.71,5535.21,3285.3921
125,148,10,6470.3662,5627.7642,2108.304
127,148,10,6243.188,5634.9761,1004.784
129,148,10,5788.832,5543.624,61.952
131,148,10,5184.2261,5352.5059,-654.368
133,148,10,4506.2979,5065.228,-1128.688
135,148,10,3841.592,4692.6079,-1376.496
137,148,10,3253.814,4252.6763,-1444.256
139,148,10,2762.196,3762.26,-1391.984
141,148,10,2377.5562,3241.7939,-1266.144
143,148,10,2087.874,2699.6921,-1107.392
145,148,10,1873.9181,2139.5601,-931.216
147,148,10,1729.678,1579.428,-756.976
149,148,10,1643.134,1018.094,-586.608
151,148,10,1607.074,468.78,-429.792
153,148,10,1613.084,-81.736,-278.784
155,148,10,1663.568,-632.252,-139.392
157,148,10,1757.324,-1176.7581,-5.808
159,148,10,1897.958,-1717.6581,118.096
161,148,10,2093.884,-2244.134,228.448
163,148,10,2352.314,-2765.802,321.376
165,148,10,2680.46,-3275.45,379.456
167,148,10,3084.332,-3764.6641,373.648
169,148,10,3562.728,-4214.2119,274.912
171,148,10,4094.012,-4604.8623,40.656
173,148,10,4648.1343,-4928.2002,-379.456
175,148,10,5154.1763,-5171.0039,-1002.848
177,148,10,5532.8062,-5316.4463,-1823.712
179,148,10,5727.5303,-5375.3442,-2797.52
181,148,10,5693.874,-5342.8901,-3844.896
183,148,10,5422.2222,-5231.104,-4911.6318
185,148,10,4924.5942,-5053.208,-5912.5439
187,148,10,4235.8481,-4824.8281,-6785.6802
189,148,10,3389.6401,-4557.9839,-7488.4478
191,148,10,2448.4741,-4267.1001,-7972.4478
193,148,10,1459.228,-3962.9941,-8220.2559
195,148,10,494.022,-3661.292,-8233.8076
197,148,10,-376.226,-3365.6001,-8030.5278
199,148,10,-1113.052,-3089.1401,-7662.688
201,148,10,-1700.8301,-2828.3062,-7188.3682
203,148,10,-2145.5701,-2581.896,-6650.1602
205,148,10,-2455.686,-2354.718,-6102.272
205,146,10,-2681.6621,-2140.762,-6309.4238
203,146,10,-2393.1821,-2365.5361,-6886.3521
201,146,10,-1973.6841,-2615.552,-7459.4082
199,146,10,-1407.542,-2888.406,-7980.1919
197,146,10,-687.544,-3188.906,-8402.2402
195,146,10,170.684,-3505.032,-8667.4717
193,146,10,1126.274,-3840.3901,-8729.4238
191,146,10,2123.9341,-4180.5562,-8553.248
189,146,10,3086.7361,-4509.9043,-8144.752
187,146,10,3967.802,-4818.8179,-7515.5518
185,146,10,4708.2339,-5085.6621,-6714.0479
183,146,10,5269.5679,-5290.002,-5775.0879
181,146,10,5620.5522,-5423.4243,-4758.688
179,146,10,5744.3579,-5470.3022,-3732.6079
177,146,10,5645.7939,-5419.8179,-2760.7361
175,146,10,5357.314,-5269.5679,-1914.704
173,146,10,4942.624,-5020.7539,-1246.7839
171,146,10,4466.6323,-4685.396,-762.784
169,146,10,3990.6401,-4277.918,-443.344
167,146,10,3556.718,-3812.7441,-259.424
165,146,10,3180.4919,-3309.106,-166.496
163,146,10,2870.376,-2780.2261,-133.584
161,146,10,2623.9661,-2235.72,-139.392
159,146,10,2432.8481,-1691.214,-174.24
157,146,10,2288.6082,-1144.3041,-224.576
155,146,10,2190.0439,-588.98,-286.528
153,146,10,2143.166,-20.434,-358.16
151,146,10,2134.752,546.91,-433.664
149,146,10,2168.408,1119.062,-518.848
147,146,10,2250.144,1690.0121,-607.904
145,146,10,2385.97,2270.5781,-696.96
143,146,10,2586.7041,2836.72,-780.208
141,146,10,2861.9622,3393.2461,-840.224
139,146,10,3222.562,3925.7322,-861.52
137,146,10,3673.312,4426.9663,-809.248
135,146,10,4211.8081,4877.7163,-644.688
133,146,10,4806.7979,5258.75,-313.632
131,146,10,5405.394,5554.4419,226.512
129,146,10,5919.8501,5746.7622,977.68
127,146,10,6280.4502,5834.5083,1926.3199
125,146,10,6419.8823,5816.478,3010.48
123,146,10,6308.0962,5699.8843,4143.04
121,146,10,5945.0923,5501.5542,5252.3682
119,146,10,5354.9102,5234.71,6259.0879
117,146,10,4570.0039,4914.978,7118.6719
115,146,10,3637.252,4563.9941,7780.7842
113,146,10,2613.1479,4196.1821,8204.7676
111,146,10,1566.2061,3827.168,8371.2637
109,146,10,578.162,3470.1741,8289.9521
107,146,10,-302.904,3131.21,8001.4878
105,146,10,-1030.114,2819.8921,7563.9521
103,146,10,-1599.8621,2535.0181,7031.5518
101,146,10,-2016.9561,2275.386,6464.3042
99,146,10,-2303.032,2044.6021,5897.0562
97,146,10,-2485.7361,1835.454,5345.2959
95,146,10,-2587.906,1647.942,4828.3838
95,144,10,-2765.802,1436.39,4946.48
97,144,10,-2690.0759,1610.6801,5482.752
99,144,10,-2533.8162,1809.01,6057.7441
101,144,10,-2276.5881,2033.7841,6655.9678
103,144,10,-1891.948,2291.012,7263.8721
105,144,10,-1354.6541,2587.906,7840.7998
107,144,10,-658.696,2914.8501,8340.2881
109,144,10,191.118,3275.45,8700.3838
111,144,10,1163.536,3668.5042,8864.9443
113,144,10,2205.6699,4078.386,8793.3115
115,144,10,3239.3901,4485.8643,8471.9355
117,144,10,4208.2021,4877.7163,7912.4321
119,144,10,5052.0059,5237.1143,7149.6479
121,144,10,5711.9043,5532.8062,6230.0479
123,144,10,6163.856,5753.9741,5194.2881
125,144,10,6382.6201,5883.79,4108.1919
127,144,10,6358.5801,5909.0322,3053.072
129,144,10,6118.1802,5816.478,2096.688
131,144,10,5716.7119,5612.1382,1310.672
133,144,10,5222.6899,5300.8203,710.512
135,144,10,4710.6382,4898.1499,296.208
137,144,10,4235.8481,4424.562,34.848
139,144,10,3822.3601,3904.0962,-116.16
141,144,10,3485.8,3355.9841,-197.472
143,144,10,3216.552,2791.0439,-236.192
145,144,10,3013.4141,2218.8921,-251.68
147,144,10,2869.1741,1644.3361,-259.424
149,144,10,2777.822,1083.0021,-265.232
151,144,10,2733.3481,524.072,-272.976
153,144,10,2733.3481,-30.05,-286.528
155,144,10,2779.0242,-578.162,-311.696
157,144,10,2867.9722,-1125.072,-346.544
159,144,10,3002.5959,-1671.9821,-396.88
161,144,10,3186.502,-2209.2761,-464.64
163,144,10,3422.094,-2746.5701,-559.504
165,144,10,3714.1802,-3274.248,-696.96
167,144,10,4056.75,-3782.6941,-894.432
169,144,10,4442.5923,-4262.292,-1184.832
171,144,10,4851.272,-4680.5879,-1593.328
173,144,10,5246.73,-5029.168,-2154.7681
175,144,10,5570.0679,-5286.396,-2876.896
177,144,10,5758.7822,-5440.252,-3748.0959
179,144,10,5758.7822,-5488.332,-4721.9038
181,144,10,5546.0283,-5430.6362,-5724.752
183,144,10,5119.3179,-5282.79,-6688.8799
185,144,10,4489.4702,-5053.208,-7567.8237
187,144,10,3697.3521,-4759.9199,-8293.8242
189,144,10,2782.6301,-4418.5522,-8837.8398
191,144,10,1798.192,-4051.9421,-9165.0244
193,144,10,801.734,-3676.918,-9256.0156
195,144,10,-145.442,-3310.3081,-9116.624
197,144,10,-990.448,-2965.334,-8785.5684
199,144,10,-1692.416,-2650.4102,-8303.5039
201,144,10,-2234.5181,-2367.9399,-7734.3198
203,144,10,-2633.582,-2113.116,-7116.7358
205,144,10,-2900.426,-1888.342,-6497.2158
205,142,10,-3113.1802,-1609.478,-6661.7759
203,142,10,-2878.79,-1823.4341,-7312.272
201,142,10,-2513.3821,-2074.6521,-7974.3838
199,142,10,-2003.734,-2359.5261,-8603.584
197,142,10,-1336.624,-2684.0662,-9153.4082
195,142,10,-521.668,-3044.666,-9571.584
193,142,10,412.286,-3430.5081,-9807.7764
191,142,10,1405.1381,-3827.168,-9821.3281
189,142,10,2400.394,-4219.02,-9610.3037
187,142,10,3355.9841,-4589.2358,-9172.7676
185,142,10,4208.2021,-4913.7759,-8535.8242
183,142,10,4917.3823,-5164.9941,-7732.3838
181,142,10,5439.0503,-5332.0723,-6814.7197
179,142,10,5756.3779,-5396.98,-5838.9761
177,142,10,5864.5581,-5354.9102,-4863.2319
175,142,10,5784.0239,-5202.2559,-3951.376
173,142,10,5556.8462,-4943.8262,-3155.6799
171,142,10,5240.7202,-4594.0439,-2503.248
169,142,10,4890.938,-4174.5459,-1990.208
167,142,10,4543.5601,-3697.3521,-1589.4559
165,142,10,4223.8281,-3190.1082,-1279.696
163,142,10,3949.772,-2660.0261,-1039.632
161,142,10,3716.584,-2125.136,-849.904
159,142,10,3530.2742,-1592.65,-698.896
157,142,10,3390.842,-1056.558,-571.12
155,142,10,3298.2881,-510.85,-462.704
153,142,10,3252.6121,36.06,-363.968
151,142,10,3252.6121,588.98,-272.976
149,142,10,3298.2881,1135.89,-185.856
147,142,10,3387.2361,1696.022,-96.8
145,142,10,3527.8701,2256.1541,3.872
143,142,10,3726.2,2819.8921,127.776
141,142,10,3984.6301,3374.0142,284.592
139,142,10,4305.564,3912.51,489.808
137,142,10,4685.396,4429.3701,768.592
135,142,10,5113.3081,4900.5542,1153.856
133,142,10,5556.8462,5304.4263,1678.512
131,142,10,5960.7183,5616.9463,2365.792
129,142,10,6257.6123,5822.4883,3204.0801
127,142,10,6393.438,5916.2441,4177.8882
125,142,10,6311.7021,5887.396,5223.3281
123,142,10,5997.98,5749.166,6268.7681
121,142,10,5464.292,5508.7661,7240.6401
119,142,10,4737.082,5186.6299,8080.8638
117,142,10,3848.804,4797.1821,8748.7842
115,142,10,2857.1541,4371.6743,9201.8076
113,142,10,1806.6061,3923.3281,9414.7676
111,142,10,769.28,3479.79,9383.792
109,142,10,-177.896,3061.4941,9128.2402
107,142,10,-1002.468,2678.0562,8688.7676
105,142,10,-1665.972,2336.688,8125.3921
103,142,10,-2167.2061,2037.39,7498.1279
101,142,10,-2521.7961,1776.556,6847.6318
99,142,10,-2748.9741,1554.186,6212.624
97,142,10,-2879.9919,1361.866,5610.5278
95,142,10,-2934.082,1199.5961,5049.0879
95,140,10,-3087.938,938.762,5126.5278
97,140,10,-3060.292,1084.204,5703.4561
99,140,10,-2962.9302,1256.09,6332.6558
101,140,10,-2770.6101,1461.6321,6998.6401
103,140,10,-2459.292,1705.6381,7693.6641
105,140,10,-2004.936,1995.3201,8384.8164
107,140,10,-1389.5121,2333.082,9025.6318
109,140,10,-613.02,2720.126,9559.9678
111,140,10,300.5,3151.644,9929.7441
113,140,10,1318.594,3613.2122,10092.3682
115,140,10,2379.96,4085.5981,10016.8643
117,140,10,3413.6802,4537.5503,9699.3604
119,140,10,4362.0581,4943.8262,9155.3438
121,140,10,5173.4082,5283.9922,8417.7275
123,140,10,5812.8721,5537.6143,7523.2959
125,140,10,6246.7939,5686.6621,6522.3838
127,140,10,6454.7402,5720.3179,5488.5601
129,140,10,6451.1343,5628.9663,4489.584
131,140,10,6275.6421,5421.02,3589.344
133,140,10,5976.3442,5103.6919,2813.0081
135,140,10,5618.1479,4698.6182,2181.8721
137,140,10,5249.1343,4228.6362,1678.512
139,140,10,4906.564,3721.3921,1279.696
141,140,10,4601.2559,3190.1082,958.32
143,140,10,4346.4321,2649.208,695.024
145,140,10,4140.8901,2102.2981,468.512
147,140,10,3988.2361,1571.014,265.232
149,140,10,3883.6621,1049.3461,77.44
151,140,10,3830.7742,539.698,-102.608
153,140,10,3824.7642,32.454,-286.528
155,140,10,3864.4302,-480.8,-478.192
157,140,10,3953.3782,-986.842,-687.28
159,140,10,4086.8,-1491.682,-919.6
161,140,10,4265.8979,-1996.5221,-1179.024
163,140,10,4491.874,-2501.3621,-1479.104
165,140,10,4755.1123,-3001.394,-1835.328
167,140,10,5049.6021,-3487.002,-2263.1841
169,140,10,5356.1123,-3943.762,-2783.968
171,140,10,5643.3901,-4353.644,-3411.2319
173,140,10,5878.9819,-4696.2139,-4164.3359
175,140,10,6010.0,-4948.6343,-5041.3437
177,140,10,5983.5562,-5096.48,-5997.728
179,140,10,5767.1963,-5131.3379,-6985.0879
181,140,10,5348.8999,-5062.8242,-7939.5361
183,140,10,4734.6782,-4888.5342,-8806.8643
185,140,10,3950.9741,-4626.498,-9536.7363
187,140,10,3035.05,-4292.3423,-10082.6875
189,140,10,2045.8041,-3908.9041,-10411.8076
191,140,10,1032.5181,-3505.032,-10514.416
193,140,10,36.06,-3090.342,-10388.5762
195,140,10,-882.268,-2691.2781,-10051.7119
197,140,10,-1669.578,-2327.072,-9542.5439
199,140,10,-2306.6379,-2003.734,-8913.3438
201,140,10,-2779.0242,-1722.4661,-8220.2559
203,140,10,-3111.978,-1484.47,-7505.8721
205,140,10,-3316.3181,-1282.5341,-6806.9761
205,138,10,-3499.022,-930.348,-6919.2642
203,138,10,-3328.3381,-1103.436,-7649.1357
201,138,10,-3037.4541,-1318.594,-8409.9844
199,138,10,-2605.936,-1574.62,-9165.0244
197,138,10,-2014.552,-1877.524,-9875.5361
195,138,10,-1265.7061,-2223.7,-10485.376
193,138,10,-376.226,-2607.1379,-10938.4004
191,138,10,608.212,-3009.8081,-11193.9521
189,138,10,1637.124,-3412.478,-11224.9277
187,138,10,2667.238,-3795.916,-11013.9043
185,138,10,3637.252,-4136.082,-10580.2402
183,138,10,4505.0962,-4410.1382,-9929.7441
181,138,10,5217.8823,-4601.2559,-9110.8164
179,138,10,5744.3579,-4690.2041,-8173.792
177,138,10,6074.9082,-4674.5781,-7167.0718
175,138,10,6209.5322,-4548.3682,-6158.416
173,138,10,6173.4722,-4318.7861,-5198.1602
171,138,10,6013.606,-4003.8621,-4334.7041
169,138,10,5779.2163,-3624.03,-3587.408
167,138,10,5507.564,-3197.3201,-2942.72
165,138,10,5233.5083,-2742.9641,-2400.6399
163,138,10,4975.0781,-2278.9919,-1939.8719
161,138,10,4747.8999,-1809.01,-1544.928
159,138,10,4566.3979,-1339.0281,-1206.1281
157,138,10,4424.562,-866.642,-900.24
155,138,10,4333.21,-389.448,-621.456
153,138,10,4292.3423,96.16,-360.096
151,138,10,4299.5542,576.96,-106.48
149,138,10,4352.4419,1056.558,149.072
147,138,10,4457.0161,1544.5701,416.24
145,138,10,4612.0742,2039.7941,712.448
143,138,10,4815.2119,2537.4221,1045.4399
141,138,10,5071.2383,3036.252,1430.704
139,138,10,5365.728,3525.4661,1883.728
137,138,10,5686.6621,3993.0442,2421.936
135,138,10,6016.0103,4425.7642,3066.624
133,138,10,6312.9043,4805.5962,3833.28
131,138,10,6523.2539,5098.8843,4714.1602
129,138,10,6597.7783,5290.002,5695.7119
127,138,10,6488.396,5365.728,6735.3437
125,138,10,6165.0581,5322.4561,7771.104
123,138,10,5627.7642,5162.5903,8735.2324
121,138,10,4895.7461,4898.1499,9565.7764
119,138,10,4015.8821,4553.1763,10206.5918
117,138,10,3009.8081,4136.082,10634.4482
115,138,10,1944.8361,3679.322,10826.1123
113,138,10,878.662,3204.532,10764.1602
111,138,10,-123.806,2745.3682,10469.8877
109,138,10,-1009.68,2313.8501,9980.0801
107,138,10,-1742.9,1935.2201,9347.0078
105,138,10,-2313.8501,1609.478,8628.752
103,138,10,-2723.7319,1333.0181,7877.584
101,138,10,-2994.1821,1104.6381,7136.0962
99,138,10,-3149.24,921.934,6435.2642
97,138,10,-3217.7542,769.28,5777.0239
95,138,10,-3220.158,644.272,5174.9277
95,136,10,-3327.136,342.57,5200.0962
97,136,10,-3351.176,433.922,5808.0
99,136,10,-3313.9141,551.718,6479.792
101,136,10,-3197.3201,700.766,7215.4722
103,136,10,-2972.5461,887.076,7997.6157
105,136,10,-2615.552,1121.4661,8806.8643
107,136,10,-2104.7021,1406.34,9604.4961
109,136,10,-1423.168,1747.708,10344.0479
111,136,10,-586.576,2132.3481,10957.7598
113,136,10,393.054,2563.866,11393.3604
115,136,10,1454.42,3013.4141,11606.3203
117,136,10,2547.0381,3454.5481,11563.7275
119,136,10,3607.2021,3862.0261,11269.4561
121,136,10,4571.2061,4208.2021,10733.1836
123,136,10,5405.394,4476.248,9983.9521
125,136,10,6060.4839,4651.7402,9062.416
127,136,10,6511.2339,4722.6582,8028.5918
129,136,10,6745.624,4673.376,6950.2397
131,136,10,6788.896,4517.1162,5902.8638
133,136,10,6674.7061,4263.4941,4915.5039
135,136,10,6457.144,3934.146,4040.4319
137,136,10,6183.0879,3543.4961,3273.7759
139,136,10,5892.2041,3121.594,2617.4719
141,136,10,5612.1382,2680.46,2057.968
143,136,10,5359.7183,2232.114,1572.032
145,136,10,5149.3682,1786.172,1142.24
147,136,10,4981.0879,1345.038,756.976
149,136,10,4863.292,917.126,400.752
151,136,10,4799.5859,501.234,65.824
153,136,10,4785.1621,85.342,-271.04
155,136,10,4822.4243,-328.146,-615.648
157,136,10,4910.1699,-741.634,-981.552
159,136,10,5047.1982,-1153.92,-1380.368
161,136,10,5223.8921,-1568.61,-1814.032
163,136,10,5442.6562,-1978.4921,-2307.7119
165,136,10,5685.46,-2383.5662,-2874.96
167,136,10,5940.2842,-2774.2161,-3535.136
169,136,10,6178.2803,-3140.8262,-4297.9199
171,136,10,6360.9839,-3461.76,-5159.4399
173,136,10,6449.9321,-3723.7961,-6129.376
175,136,10,6397.0439,-3907.7021,-7165.1357
177,136,10,6165.0581,-3995.448,-8231.8721
179,136,10,5734.7422,-3987.0342,-9257.9521
181,136,10,5112.106,-3883.6621,-10183.3604
183,136,10,4310.3721,-3687.7361,-10955.8242
185,136,10,3376.418,-3419.6899,-11525.0078
187,136,10,2354.718,-3097.554,-11867.6797
189,136,10,1290.948,-2730.9441,-11966.416
191,136,10,247.612,-2353.5161,-11821.2158
193,136,10,-730.816,-1979.6941,-11447.5684
195,136,10,-1596.256,-1631.114,-10880.3203
197,136,10,-2312.6479,-1319.796,-10173.6797
199,136,10,-2864.366,-1054.1541,-9381.8555
201,136,10,-3253.814,-836.592,-8570.6719
203,136,10,-3507.436,-661.1,-7757.5518
205,136,10,-3645.666,-524.072,-6990.896
205,134,10,-3752.644,-93.756,-7010.2559
203,134,10,-3649.272,-181.502,-7792.3999
201,134,10,-3435.3162,-300.5,-8634.5596
199,134,10,-3087.938,-459.164,-9498.0156
197,134,10,-2583.0981,-662.302,-10351.792
195,134,10,-1912.3821,-908.712,-11141.6797
193,134,10,-1079.396,-1197.192,-11809.5996
191,134,10,-116.594,-1510.9141,-12299.4082
189,134,10,924.338,-1837.858,-12556.8955
187,134,10,2009.744,-2163.6001,-12572.3838
185,134,10,3073.5142,-2468.908,-12328.4482
183,134,10,4066.366,-2729.7419,-11840.5762
181,134,10,4941.4219,-2937.688,-11124.2559
179,134,10,5656.6123,-3071.1101,-10225.9521
177,134,10,6184.29,-3125.2,-9188.2559
175,134,10,6508.8301,-3091.5439,-8082.7998
173,134,10,6645.8579,-2978.5562,-6973.4722
171,134,10,6623.02,-2793.448,-5918.3521
169,134,10,6487.1943,-2549.4421,-4954.2241
167,134,10,6280.4502,-2264.5681,-4092.7039
165,134,10,6044.8579,-1947.24,-3341.5359
163,134,10,5812.8721,-1615.488,-2687.168
161,134,10,5597.7139,-1268.11,-2116.0481
159,134,10,5417.4141,-919.53,-1616.5599
157,134,10,5279.1841,-564.94,-1161.6
155,134,10,5187.832,-209.148,-743.424
153,134,10,5149.3682,152.654,-344.608
151,134,10,5161.3882,519.264,44.528
149,134,10,5223.8921,883.47,439.472
147,134,10,5340.4863,1251.282,861.52
145,134,10,5505.1602,1619.094,1322.288
143,134,10,5715.5103,1989.3101,1839.2
141,134,10,5966.728,2353.5161,2427.7439
139,134,10,6235.9761,2708.106,3097.6001
137,134,10,6510.0322,3047.0701,3877.8079
135,134,10,6749.23,3347.5701,4764.4961
133,134,10,6915.106,3597.5862,5763.4722
131,134,10,6954.772,3776.6841,6849.5679
129,134,10,6822.5522,3870.4402,7970.5117
127,134,10,6489.5981,3868.0361,9087.584
125,134,10,5942.688,3765.866,10125.2803
123,134,10,5199.8521,3573.5461,11010.0322
121,134,10,4289.938,3300.6921,11695.376
119,134,10,3267.0361,2966.5361,12140.6563
117,134,10,2169.6101,2586.7041,12326.5117
115,134,10,1057.76,2186.438,12243.2637
113,134,10,-4.808,1788.576,11904.4639
111,134,10,-956.792,1414.754,11343.0244
109,134,10,-1756.1221,1086.608,10624.7676
107,134,10,-2388.374,805.34,9798.0957
105,134,10,-2853.5481,573.354,8936.5762
103,134,10,-3163.6641,389.448,8078.9277
101,134,10,-3349.9741,248.814,7258.064
99,134,10,-3434.114,144.24,6504.96
97,134,10,-3443.73,67.312,5809.936
95,134,10,-3398.054,12.02,5188.48
95,132,10,-3435.3162,-318.53,5143.9521
97,132,10,-3496.6182,-302.904,5761.5361
99,132,10,-3511.042,-275.258,6454.624
101,132,10,-3455.75,-227.178,7219.3437
103,132,10,-3307.9041,-152.654,8053.7598
105,132,10,-3039.8582,-43.272,8942.3838
107,132,10,-2626.3701,99.766,9854.2402
109,132,10,-2043.4,289.682,10746.7363
111,132,10,-1293.3521,524.072,11554.0479
113,132,10,-379.832,799.33,12212.2881
115,132,10,657.494,1108.244,12665.3115
117,132,10,1771.748,1439.996,12868.5918
119,132,10,2893.2141,1771.748,12791.1523
121,132,10,3961.792,2081.864,12446.5439
123,132,10,4940.2202,2359.5261,11840.5762
125,132,10,5772.0039,2580.6941,11000.3516
127,132,10,6411.4683,2728.54,9987.8242
129,132,10,6846.5923,2800.6602,8861.0723
131,132,10,7077.376,2795.8521,7705.2798
133,132,10,7121.8501,2708.106,6553.3599
135,132,10,7026.8921,2554.25,5480.8159
137,132,10,6838.1782,2348.708,4510.8799
139,132,10,6600.1821,2104.7021,3655.168
141,132,10,6351.3682,1840.2621,2911.7439
143,132,10,6113.3721,1560.196,2257.376
145,132,10,5904.2241,1269.312,1672.704
147,132,10,5733.54,978.428,1148.048
149,132,10,5609.7339,689.948,664.048
151,132,10,5537.6143,406.276,207.152
153,132,10,5515.978,126.21,-247.808
155,132,10,5549.6343,-151.452,-706.64
157,132,10,5633.7739,-426.71,-1192.576
159,132,10,5767.1963,-692.352,-1713.36
161,132,10,5937.8799,-951.984,-2280.6079
163,132,10,6141.0181,-1205.6061,-2919.488
165,132,10,6358.5801,-1443.6021,-3645.488
167,132,10,6571.334,-1659.962,-4476.0317
169,132,10,6740.8159,-1845.0701,-5411.1201
171,132,10,6827.3604,-1986.906,-6441.0718
173,132,10,6790.0981,-2072.248,-7560.0801
175,132,10,6583.354,-2097.49,-8713.9355
177,132,10,6183.0879,-2053.0161,-9840.6875
179,132,10,5577.2803,-1949.644,-10878.3838
181,132,10,4804.394,-1782.566,-11749.584
183,132,10,3878.854,-1566.2061,-12415.5684
185,132,10,2842.73,-1316.1901,-12843.4238
187,132,10,1753.718,-1048.144,-13011.8555
189,132,10,662.302,-780.098,-12916.9922
191,132,10,-376.226,-522.87,-12570.4482
193,132,10,-1320.998,-286.076,-12007.0723
195,132,10,-2123.9341,-82.938,-11265.584
197,132,10,-2760.9941,81.736,-10417.6162
199,132,10,-3232.178,204.34,-9521.248
201,132,10,-3543.4961,292.086,-8628.752
203,132,10,-3729.8062,344.974,-7761.4238
205,132,10,-3807.936,373.822,-6959.9199
205,130,10,-3809.1382,837.794,-6843.7598
203,130,10,-3747.8362,873.854,-7629.7759
201,130,10,-3587.97,895.49,-8485.4883
199,130,10,-3306.7021,895.49,-9377.9844
197,130,10,-2876.386,866.642,-10282.0957
195,130,10,-2276.5881,802.936,-11157.168
193,130,10,-1513.318,700.766,-11929.6318
191,130,10,-597.394,561.334,-12545.2803
189,130,10,412.286,387.044,-12947.9678
187,130,10,1494.0861,183.906,-13112.5283
185,130,10,2584.3,-38.464,-13015.7275
183,130,10,3633.646,-270.45,-12655.6318
181,130,10,4595.2461,-496.426,-12049.6641
179,130,10,5413.8081,-698.362,-11230.7363
177,130,10,6068.8979,-872.652,-10231.7598
175,130,10,6535.2739,-1001.266,-9120.4961
173,130,10,6804.522,-1080.598,-7958.896
171,130,10,6900.6821,-1108.244,-6822.4639
169,130,10,6858.6123,-1080.598,-5759.6001
167,130,10,6726.3921,-1008.478,-4785.792
165,130,10,6542.4863,-896.692,-3916.5281
163,130,10,6342.9541,-756.058,-3147.936
161,130,10,6151.8359,-591.384,-2470.3359
159,130,10,5988.3643,-409.882,-1872.1119
157,130,10,5863.356,-215.158,-1322.288
155,130,10,5780.418,-9.616,-811.184
153,130,10,5746.7622,200.734,-319.44
151,130,10,5763.5903,413.488,164.56
149,130,10,5828.498,627.444,656.304
147,130,10,5943.8901,835.39,1179.024
145,130,10,6106.1602,1039.73,1752.08
143,130,10,6303.2881,1228.444,2387.0879
141,130,10,6529.2642,1406.34,3105.344
139,130,10,6760.0483,1556.5901,3912.656
137,130,10,6972.8022,1673.1841,4830.3198
135,130,10,7127.8604,1750.1121,5862.208
133,130,10,7174.7383,1777.7581,6988.96
131,130,10,7068.9619,1745.3041,8171.856
129,130,10,6776.876,1653.952,9345.0723
127,130,10,6281.6523,1498.894,10456.3359
125,130,10,5580.8862,1292.15,11441.7598
123,130,10,4708.2339,1045.74,12227.7764
121,130,10,3696.1501,771.684,12769.8555
119,130,10,2610.7441,488.012,13048.6396
117,130,10,1489.2781,217.562,13046.7041
115,130,10,396.66,-33.656,12777.5996
113,130,10,-617.828,-252.42,12256.8164
111,130,10,-1495.2881,-425.508,11544.3682
109,130,10,-2208.074,-555.324,10702.208
107,130,10,-2752.5801,-645.474,9782.6084
105,130,10,-3134.8162,-701.968,8851.3916
103,130,10,-3371.6101,-729.614,7955.0239
101,130,10,-3495.416,-734.422,7120.6079
99,130,10,-3531.4761,-721.2,6361.6958
97,130,10,-3503.8301,-697.16,5670.5439
95,130,10,-3430.5081,-663.504,5051.0239
95,128,10,-3384.832,-989.246,4929.0562
97,128,10,-3461.76,-1067.376,5521.4722
99,128,10,-3496.6182,-1144.3041,6187.4561
101,128,10,-3472.5781,-1218.828,6925.0718
103,128,10,-3365.6001,-1289.746,7738.1919
105,128,10,-3151.644,-1348.644,8613.2637
107,128,10,-2803.064,-1389.5121,9525.1201
109,128,10,-2297.022,-1402.734,10429.2324
111,128,10,-1627.5081,-1382.3,11273.3281
113,128,10,-792.118,-1319.796,12001.2637
115,128,10,173.088,-1214.02,12543.3438
117,128,10,1229.646,-1063.77,12862.7842
119,128,10,2321.062,-867.844,12920.8643
121,128,10,3400.458,-623.838,12711.7764
123,128,10,4416.1479,-359.398,12241.3281
125,128,10,5318.8501,-91.352,11528.8799
127,128,10,6060.4839,175.492,10617.0244
129,128,10,6615.8081,411.084,9558.0322
131,128,10,6971.6001,602.202,8431.2803
133,128,10,7143.4863,744.038,7273.5518
135,128,10,7162.7183,832.986,6162.2881
137,128,10,7066.5581,869.046,5132.3359
139,128,10,6904.2881,861.834,4210.7998
141,128,10,6709.564,814.956,3388.0
143,128,10,6510.0322,738.028,2652.3201
145,128,10,6324.9243,639.464,1988.272
147,128,10,6172.27,525.274,1388.1119
149,128,10,6058.0801,402.67,832.48
151,128,10,5989.5659,278.864,307.824
153,128,10,5964.3242,153.856,-214.896
155,128,10,5988.3643,32.454,-743.424
157,128,10,6059.2822,-81.736,-1291.312
159,128,10,6169.8662,-181.502,-1875.984
161,128,10,6311.7021,-265.642,-2507.1199
163,128,10,6477.5781,-329.348,-3211.824
165,128,10,6644.6562,-365.408,-3997.8401
167,128,10,6792.502,-366.61,-4874.8481
169,128,10,6882.6523,-322.136,-5854.4639
171,128,10,6875.4399,-231.986,-6903.7759
173,128,10,6734.8062,-96.16,-8018.9121
175,128,10,6422.2861,87.746,-9143.7275
177,128,10,5923.4561,305.308,-10204.6563
179,128,10,5247.9321,538.496,-11145.5518
181,128,10,4414.9463,782.502,-11906.4004
183,128,10,3453.3459,1014.488,-12463.9678
185,128,10,2416.02,1229.646,-12771.792
187,128,10,1345.038,1406.34,-12831.8076
189,128,10,295.692,1549.3781,-12642.0801
191,128,10,-685.14,1647.942,-12225.8398
193,128,10,-1557.792,1697.224,-11610.1924
195,128,10,-2291.012,1697.224,-10841.5996
197,128,10,-2860.76,1658.76,-9997.5039
199,128,10,-3271.844,1592.65,-9112.752
201,128,10,-3537.4861,1510.9141,-8249.2959
203,128,10,-3687.7361,1412.35,-7416.8159
205,128,10,-3741.8262,1307.776,-6650.1602
205,126,10,-3622.8281,1727.274,-6396.5439
203,126,10,-3566.334,1887.14,-7107.0562
201,126,10,-3424.498,2050.6121,-7883.3921
199,126,10,-3170.876,2211.6799,-8696.5117
197,126,10,-2786.2361,2360.728,-9517.376
195,126,10,-2246.5381,2485.7361,-10318.8799
193,126,10,-1561.3981,2572.28,-11031.3281
191,126,10,-735.624,2610.7441,-11621.8076
189,126,10,188.714,2592.7141,-12028.3682
187,126,10,1188.7781,2510.978,-12229.7119
185,126,10,2214.084,2378.7581,-12208.416
183,126,10,3217.7542,2182.832,-11947.0557
181,126,10,4155.314,1948.442,-11459.1836
179,126,10,4979.8862,1681.598,-10773.8398
177,126,10,5668.6323,1396.724,-9916.1924
175,126,10,6189.0981,1110.6481,-8938.5117
173,126,10,6540.082,842.602,-7896.9438
171,126,10,6725.1899,608.212,-6849.5679
169,126,10,6779.2803,417.094,-5844.7842
167,126,10,6733.604,274.056,-4901.9521
165,126,10,6630.2319,179.098,-4046.24
163,126,10,6493.2041,122.604,-3275.7119
161,126,10,6353.772,100.968,-2576.8159
159,126,10,6229.9663,110.584,-1949.552
157,126,10,6130.2002,140.634,-1368.752
155,126,10,6066.4941,186.31,-816.992
153,126,10,6042.4541,240.4,-286.528
151,126,10,6058.0801,296.894,236.192
149,126,10,6116.978,350.984,772.464
147,126,10,6215.542,394.256,1335.84
145,126,10,6347.7622,420.7,1947.616
143,126,10,6507.6279,424.306,2619.408
141,126,10,6678.312,396.66,3366.7041
139,126,10,6839.3799,330.55,4191.4399
137,126,10,6963.186,222.37,5109.104
135,126,10,7019.6802,67.312,6113.8882
133,126,10,6959.5801,-140.634,7186.4321
131,126,10,6749.23,-393.054,8278.3359
129,126,10,6364.5903,-675.524,9343.1357
127,126,10,5790.0342,-983.236,10324.6875
125,126,10,5045.9961,-1294.5541,11161.04
123,126,10,4162.5259,-1579.428,11799.9199
121,126,10,3172.0781,-1836.656,12218.0957
119,126,10,2140.762,-2039.7941,12386.5283
117,126,10,1091.416,-2187.6401,12309.0879
115,126,10,90.15,-2271.78,11993.5195
113,126,10,-830.582,-2297.022,11466.9277
111,126,10,-1621.498,-2268.1741,10779.6475
109,126,10,-2257.356,-2196.054,9980.0801
107,126,10,-2736.9541,-2090.2781,9124.3682
105,126,10,-3069.908,-1966.472,8268.6563
103,126,10,-3274.248,-1830.646,7443.9199
101,126,10,-3376.418,-1692.416,6671.4561
99,126,10,-3401.6602,-1558.994,5968.688
97,126,10,-3369.2061,-1430.38,5333.6802
95,126,10,-3295.884,-1307.776,4762.5601
95,124,10,-3170.876,-1590.246,4567.0239
97,124,10,-3234.582,-1746.506,5095.5518
99,124,10,-3258.6221,-1917.1901,5687.9678
101,124,10,-3229.7742,-2101.0959,6336.5278
103,124,10,-3127.604,-2294.6179,7043.168
105,124,10,-2930.4761,-2494.1501,7802.0801
107,124,10,-2613.1479,-2690.0759,8584.2236
109,124,10,-2161.196,-2870.376,9360.5596
111,124,10,-1567.4081,-3020.626,10084.624
113,124,10,-829.38,-3122.7961,10711.8877
115,124,10,26.444,-3169.6741,11199.7598
117,124,10,970.014,-3145.634,11499.8398
119,124,10,1956.8561,-3049.4741,11588.8955
121,124,10,2935.2839,-2887.2041,11461.1201
123,124,10,3875.248,-2652.814,11112.6396
125,124,10,4729.8701,-2367.9399,10551.2002
127,124,10,5457.0801,-2045.8041,9815.5195
129,124,10,6044.8579,-1694.8201,8942.3838
131,124,10,6459.5483,-1347.442,7993.7441
133,124,10,6716.7759,-1025.306,7002.5117
135,124,10,6833.3701,-741.634,6028.7041
137,124,10,6841.7842,-495.224,5099.4238
139,124,10,6772.0684,-301.702,4237.9038
141,124,10,6657.8779,-155.058,3449.9519
143,124,10,6524.4561,-49.282,2733.6321
145,124,10,6392.2363,25.242,2073.4561
147,124,10,6276.8442,76.928,1467.488
149,124,10,6186.6943,111.786,900.24
151,124,10,6127.7959,137.028,358.16
153,124,10,6102.5542,159.866,-178.112
155,124,10,6116.978,186.31,-718.256
157,124,10,6163.856,223.572,-1279.696
159,124,10,6240.7842,277.662,-1870.176
161,124,10,6336.9443,355.792,-2497.4399
163,124,10,6441.5181,461.568,-3175.04
165,124,10,6536.4761,603.404,-3922.3359
167,124,10,6600.1821,788.512,-4735.4561
169,124,10,6597.7783,1020.498,-5618.272
171,124,10,6505.2241,1296.958,-6547.5518
173,124,10,6288.8643,1605.8721,-7503.936
175,124,10,5923.4561,1938.826,-8440.96
177,124,10,5399.3843,2277.79,-9316.0322
179,124,10,4731.0723,2601.1279,-10088.4961
181,124,10,3940.156,2888.406,-10694.4639
183,124,10,3049.4741,3126.4021,-11128.1279
185,124,10,2098.6921,3304.2981,-11354.6396
187,124,10,1133.486,3411.2761,-11377.8721
189,124,10,197.128,3447.3362,-11192.0156
191,124,10,-670.716,3411.2761,-10824.1758
193,124,10,-1444.8041,3306.7021,-10299.5195
195,124,10,-2095.0859,3157.6541,-9656.7676
197,124,10,-2604.7341,2972.5461,-8944.3203
199,124,10,-2983.364,2760.9941,-8195.0879
201,124,10,-3234.582,2542.23,-7461.3437
203,124,10,-3384.832,2319.8601,-6746.96
205,124,10,-3448.5381,2109.51,-6082.9121
205,122,10,-3239.3901,2418.4241,-5734.4321
203,122,10,-3163.6641,2660.0261,-6326.8481
201,122,10,-3011.01,2913.6479,-6957.9839
199,122,10,-2762.196,3172.0781,-7612.3521
197,122,10,-2402.7981,3422.094,-8262.8477
195,122,10,-1921.998,3650.4741,-8892.0479
193,122,10,-1318.594,3845.198,-9451.5518
191,122,10,-602.202,3989.438,-9908.4482
189,122,10,194.724,4063.9622,-10229.8242
187,122,10,1061.366,4065.1641,-10394.3838
185,122,10,1953.25,3989.438,-10386.6396
183,122,10,2833.114,3829.572,-10191.1035
181,122,10,3664.8979,3602.394,-9827.1357
179,122,10,4417.3501,3312.7122,-9298.6084
177,122,10,5060.4199,2979.7581,-8634.5596
175,122,10,5574.876,2619.158,-7871.7759
173,122,10,5952.3042,2250.144,-7039.2959
171,122,10,6198.7144,1897.958,-6187.4561
169,122,10,6329.7319,1574.62,-5354.9761
167,122,10,6373.0039,1287.342,-4553.4722
165,122,10,6353.772,1040.932,-3800.3679
163,122,10,6297.2783,836.592,-3105.344
161,122,10,6225.1582,669.514,-2462.592
159,122,10,6151.8359,536.092,-1868.24
157,122,10,6092.938,426.71,-1308.736
155,122,10,6053.272,332.954,-770.528
153,122,10,6041.252,250.016,-245.872
151,122,10,6059.2822,171.886,271.04
149,122,10,6102.5542,88.948,795.696
147,122,10,6172.27,-8.414,1345.52
145,122,10,6263.6221,-129.816,1936.0
143,122,10,6365.792,-278.864,2571.0081
141,122,10,6464.356,-466.376,3262.1599
139,122,10,6538.8799,-692.352,4007.52
137,122,10,6567.728,-964.004,4814.832
135,122,10,6524.4561,-1277.7261,5666.6719
133,122,10,6376.6104,-1633.5181,6555.2959
131,122,10,6102.5542,-2013.3501,7438.1118
129,122,10,5685.46,-2401.5959,8274.4639
127,122,10,5125.3281,-2775.418,9039.1836
125,122,10,4435.3799,-3116.7861,9678.0635
123,122,10,3634.8481,-3408.8721,10169.8076
121,122,10,2756.186,-3637.252,10475.6963
119,122,10,1852.282,-3783.896,10589.9199
117,122,10,939.964,-3847.6021,10508.6084
115,122,10,70.918,-3834.3801,10251.1201
113,122,10,-727.21,-3750.24,9831.0078
111,122,10,-1414.754,-3602.394,9285.0557
109,122,10,-1973.6841,-3408.8721,8655.8555
107,122,10,-2407.606,-3181.6941,7976.3198
105,122,10,-2720.126,-2940.092,7283.2319
103,122,10,-2923.2642,-2697.2881,6607.5679
101,122,10,-3036.252,-2462.8979,5962.8799
99,122,10,-3078.322,-2241.73,5374.3359
97,122,10,-3068.7061,-2034.9861,4830.3198
95,122,10,-3020.626,-1845.0701,4340.5122
95,120,10,-2839.124,-2055.4199,4098.5122
97,120,10,-2870.376,-2260.9622,4539.9199
99,120,10,-2865.5681,-2489.342,5027.792
101,120,10,-2807.8721,-2730.9441,5550.5122
103,120,10,-2686.47,-2991.7781,6117.7598
105,120,10,-2483.332,-3259.824,6708.2397
107,120,10,-2181.6301,-3526.668,7304.5278
109,120,10,-1771.748,-3781.4922,7893.0718
111,120,10,-1252.484,-4005.064,8431.2803
113,120,10,-620.232,-4182.96,8897.8555
115,120,10,103.372,-4298.3521,9252.1436
117,120,10,899.096,-4340.4219,9478.6563
119,120,10,1727.274,-4298.3521,9544.4795
121,120,10,2563.866,-4173.3442,9451.5518
123,120,10,3368.0042,-3977.418,9197.9355
125,120,10,4116.8501,-3704.564,8787.5039
127,120,10,4767.1323,-3375.2161,8247.3604
129,120,10,5311.6382,-3001.394,7604.6079
131,120,10,5722.7222,-2611.946,6886.3521
133,120,10,6018.4141,-2221.2961,6123.5679
135,120,10,6203.522,-1842.666,5356.9121
137,120,10,6293.6719,-1497.692,4601.8721
139,120,10,6312.9043,-1187.576,3883.616
141,120,10,6282.854,-917.126,3206.0159
143,120,10,6228.7642,-681.534,2572.9441
145,120,10,6163.856,-469.982,1974.72
147,120,10,6095.3423,-293.288,1415.2159
149,120,10,6036.4443,-138.23,882.816
151,120,10,5996.7783,10.818,371.712
153,120,10,5975.1421,153.856,-139.392
155,120,10,5975.1421,300.5,-654.368
157,120,10,5997.98,459.164,-1180.96
159,120,10,6034.04,631.05,-1726.912
161,120,10,6078.5142,829.38,-2298.032
163,120,10,6115.7759,1056.558,-2904.0
165,120,10,6133.8062,1316.1901,-3550.624
167,120,10,6113.3721,1613.084,-4235.9678
169,120,10,6034.04,1943.634,-4954.2241
171,120,10,5877.7803,2300.6279,-5687.9678
173,120,10,5615.7441,2684.0662,-6429.4561
175,120,10,5238.3159,3069.908,-7147.7119
177,120,10,4745.4961,3442.5281,-7805.9521
179,120,10,4143.2939,3780.29,-8377.0723
181,120,10,3450.9421,4065.1641,-8832.0322
183,120,10,2684.0662,4286.332,-9155.3438
185,120,10,1875.12,4431.7739,-9325.7119
187,120,10,1062.568,4495.48,-9345.0723
189,120,10,272.854,4477.4502,-9211.4883
191,120,10,-459.164,4382.4922,-8948.1924
193,120,10,-1116.6581,4223.8281,-8566.7998
195,120,10,-1681.598,4011.074,-8094.416
197,120,10,-2138.3582,3761.0581,-7560.0801
199,120,10,-2488.1401,3488.2041,-7000.5762
201,120,10,-2736.9541,3214.1479,-6437.2002
203,120,10,-2901.6282,2937.688,-5879.6318
205,120,10,-2992.98,2672.0461,-5351.104
205,118,10,-2741.762,2852.3459,-4961.9678
203,118,10,-2639.592,3119.1899,-5420.7998
201,118,10,-2470.1101,3399.2561,-5898.9922
199,118,10,-2226.104,3678.1201,-6379.1201
197,118,10,-1893.15,3952.176,-6853.4399
195,118,10,-1466.4401,4205.7979,-7302.5918
193,118,10,-948.378,4420.9561,-7693.6641
191,118,10,-347.378,4590.438,-8015.04
189,118,10,314.924,4692.6079,-8233.8076
187,118,10,1032.5181,4722.6582,-8342.2236
185,118,10,1764.536,4675.7803,-8326.7363
183,118,10,2498.958,4545.9639,-8179.6001
181,118,10,3196.1182,4341.624,-7908.5601
179,118,10,3831.9761,4075.9822,-7527.168
177,118,10,4395.7139,3752.644,-7045.104
175,118,10,4865.6963,3390.842,-6481.728
173,118,10,5235.9121,3013.4141,-5864.144
171,118,10,5506.3623,2632.3801,-5227.2002
169,118,10,5689.0659,2268.1741,-4586.3838
167,118,10,5798.4482,1921.998,-3953.312
165,118,10,5851.3359,1603.468,-3343.4719
163,118,10,5865.7603,1317.392,-2758.8
161,118,10,5854.9419,1060.1641,-2207.04
159,118,10,5835.71,831.784,-1684.3199
157,118,10,5815.2759,623.838,-1180.96
155,118,10,5802.0542,432.72,-695.024
153,118,10,5802.0542,246.41,-212.96
151,118,10,5816.478,66.11,263.296
149,118,10,5842.9219,-118.998,745.36
147,118,10,5881.3862,-319.732,1246.7839
145,118,10,5925.8604,-539.698,1773.376
143,118,10,5966.728,-789.714,2329.0081
141,118,10,5994.374,-1068.578,2921.4241
139,118,10,5991.9702,-1379.896,3537.072
137,118,10,5940.2842,-1729.678,4189.5039
135,118,10,5820.084,-2109.51,4861.2959
133,118,10,5621.7539,-2508.574,5538.896
131,118,10,5329.668,-2910.042,6199.0718
129,118,10,4931.8062,-3301.894,6810.8481
127,118,10,4431.7739,-3668.5042,7360.6719
125,118,10,3830.7742,-4000.2561,7823.376
123,118,10,3151.644,-4267.1001,8173.792
121,118,10,2419.626,-4459.4199,8394.4961
119,118,10,1670.78,-4570.0039,8479.6797
117,118,10,918.328,-4601.2559,8431.2803
115,118,10,201.936,-4554.3779,8255.1035
113,118,10,-462.77,-4432.9761,7966.6401
111,118,10,-1042.134,-4252.6763,7587.1841
109,118,10,-1528.944,-4024.2961,7139.9678
107,118,10,-1919.594,-3767.0681,6648.2241
105,118,10,-2216.488,-3493.012,6139.0562
103,118,10,-2425.636,-3216.552,5629.8882
101,118,10,-2559.0581,-2944.9001,5138.144
99,118,10,-2633.582,-2690.0759,4675.4399
97,118,10,-2657.6221,-2450.8779,4239.8398
95,118,10,-2643.198,-2228.5081,3839.0879
95,116,10,-2437.656,-2357.1221,3583.5359
97,116,10,-2432.8481,-2577.0881,3932.0159
99,116,10,-2393.1821,-2818.6899,4313.4082
101,116,10,-2307.8401,-3073.5142,4716.0962
103,116,10,-2166.0042,-3342.762,5136.208
105,116,10,-1958.058,-3618.02,5569.8721
107,116,10,-1675.588,-3888.47,5999.6641
109,116,10,-1306.574,-4142.0923,6412.0317
111,116,10,-860.632,-4364.4619,6781.8081
113,116,10,-331.752,-4545.9639,7097.376
115,116,10,263.238,-4668.5679,7335.5039
117,116,10,911.116,-4725.062,7480.7041
119,116,10,1586.64,-4705.8301,7515.5518
121,116,10,2266.9719,-4608.4683,7440.0479
123,116,10,2928.072,-4436.582,7254.1919
125,116,10,3545.9001,-4197.3843,6963.792
127,116,10,4095.2141,-3904.0962,6584.3359
129,116,10,4568.8022,-3565.1321,6125.5039
131,116,10,4955.8462,-3196.1182,5616.3359
133,116,10,5258.75,-2807.8721,5060.7041
135,116,10,5473.9082,-2426.8381,4487.6479
137,116,10,5615.7441,-2057.824,3906.8479
139,116,10,5699.8843,-1709.244,3341.5359
141,116,10,5739.5503,-1387.108,2795.584
143,116,10,5745.5601,-1086.608,2272.864
145,116,10,5733.54,-811.35,1763.696
147,116,10,5710.7021,-556.526,1277.76
149,116,10,5687.8643,-311.318,805.376
151,116,10,5665.0259,-86.544,350.416
153,116,10,5649.3999,139.432,-106.48
155,116,10,5640.9863,365.408,-565.312
157,116,10,5639.7842,603.404,-1033.824
159,116,10,5640.9863,852.218,-1512.016
161,116,10,5636.1782,1119.062,-2001.824
163,116,10,5618.1479,1409.946,-2514.864
165,116,10,5574.876,1724.87,-3043.3921
167,116,10,5495.5439,2060.228,-3589.344
169,116,10,5362.1221,2417.2219,-4144.9761
171,116,10,5167.3979,2788.6401,-4702.5439
173,116,10,4895.7461,3166.0681,-5250.4321
175,116,10,4538.752,3533.8801,-5773.1519
177,116,10,4098.8203,3883.6621,-6251.3437
179,116,10,3581.96,4191.374,-6661.7759
181,116,10,3002.5959,4444.9961,-6988.96
183,116,10,2373.95,4638.5181,-7225.1519
185,116,10,1714.052,4758.7183,-7358.7358
187,116,10,1050.548,4804.394,-7383.9038
189,116,10,406.276,4775.5459,-7308.3999
191,116,10,-197.128,4675.7803,-7136.0962
193,116,10,-745.24,4518.3179,-6882.48
195,116,10,-1224.838,4309.1699,-6561.104
197,116,10,-1625.104,4066.366,-6191.3281
199,116,10,-1948.442,3798.3201,-5796.3838
201,116,10,-2191.2461,3524.2642,-5387.8882
203,116,10,-2365.5361,3246.6021,-4973.584
205,116,10,-2479.7261,2978.5562,-4576.7041
205,114,10,-2230.9121,3045.8682,-4204.9922
203,114,10,-2109.51,3298.2881,-4541.856
201,114,10,-1934.0181,3561.5261,-4886.4639
199,114,10,-1697.224,3821.158,-5229.1357
197,114,10,-1394.3201,4068.77,-5556.3198
195,114,10,-1024.104,4299.5542,-5862.208
193,114,10,-586.576,4494.2783,-6123.5679
191,114,10,-88.948,4643.3262,-6330.7197
189,114,10,451.952,4735.8799,-6470.1118
187,114,10,1032.5181,4769.5361,-6530.1279
185,114,10,1626.306,4729.8701,-6506.896
183,114,10,2216.488,4622.8921,-6392.6719
181,114,10,2785.0339,4449.8042,-6195.2002
179,114,10,3313.9141,4216.6162,-5920.2881
177,114,10,3787.502,3935.3481,-5573.7441
175,114,10,4198.5859,3613.2122,-5174.9277
173,114,10,4538.752,3267.0361,-4731.584
171,114,10,4809.2021,2911.2441,-4263.0718
169,114,10,5013.542,2557.856,-3782.9441
167,114,10,5160.186,2210.478,-3297.0081
165,114,10,5262.356,1877.524,-2818.8159
163,114,10,5324.8599,1563.802,-2352.24
161,114,10,5362.1221,1268.11,-1895.344
159,114,10,5383.7583,991.65,-1455.8719
157,114,10,5394.5762,729.614,-1024.144
155,114,10,5402.9902,478.396,-600.16
153,114,10,5411.4043,231.986,-180.048
151,114,10,5422.2222,-10.818,236.192
149,114,10,5434.2422,-258.43,660.176
147,114,10,5446.2622,-518.062,1091.9041
145,114,10,5453.4741,-793.32,1541.056
143,114,10,5446.2622,-1089.012,2003.76
141,114,10,5417.4141,-1409.946,2483.8879
139,114,10,5358.5161,-1751.3141,2977.5679
137,114,10,5253.9419,-2114.3181,3484.8
135,114,10,5100.0859,-2484.5339,3990.0959
133,114,10,4881.3223,-2863.1641,4491.52
131,114,10,4596.4482,-3235.7842,4971.6479
129,114,10,4238.252,-3589.1721,5414.9922
127,114,10,3803.1282,-3922.126,5809.936
125,114,10,3301.894,-4208.2021,6137.1201
123,114,10,2747.772,-4432.9761,6382.9922
121,114,10,2153.9841,-4594.0439,6543.6802
119,114,10,1551.782,-4684.1938,6615.312
117,114,10,942.368,-4713.042,6594.0161
115,114,10,361.802,-4664.9619,6487.5361
113,114,10,-180.3,-4550.772,6299.7441
111,114,10,-664.706,-4386.0981,6048.064
109,114,10,-1080.598,-4176.9502,5746.0479
107,114,10,-1427.9761,-3941.3582,5409.1841
105,114,10,-1705.6381,-3685.332,5051.0239
103,114,10,-1915.988,-3423.2961,4687.0562
101,114,10,-2066.238,-3161.26,4325.0239
99,114,10,-2164.802,-2910.042,3976.5439
97,114,10,-2218.8921,-2668.4399,3645.488
95,114,10,-2238.124,-2442.4641,3333.792
95,112,10,-2031.38,-2496.554,3080.176
97,112,10,-1997.724,-2711.7122,3349.28
99,112,10,-1929.2101,-2940.092,3633.8721
101,112,10,-1824.636,-3180.4919,3932.0159
103,112,10,-1671.9821,-3426.9021,4237.9038
105,112,10,-1466.4401,-3672.1101,4543.792
107,112,10,-1204.4041,-3910.106,4841.936
109,112,10,-881.066,-4130.0723,5118.7842
111,112,10,-501.234,-4321.1899,5364.6558
113,112,10,-62.504,-4473.8442,5569.8721
115,112,10,424.306,-4579.6201,5722.8159
117,112,10,948.378,-4625.2959,5806.064
119,112,10,1486.874,-4609.6699,5819.6162
121,112,10,2027.774,-4530.3379,5761.5361
123,112,10,2556.6541,-4388.502,5627.9521
125,112,10,3060.292,-4186.5659,5422.7358
127,112,10,3520.658,-3931.7422,5151.6958
129,112,10,3925.7322,-3642.0601,4826.4478
131,112,10,4265.8979,-3322.3281,4464.416
133,112,10,4553.1763,-2976.1521,4063.6641
135,112,10,4774.3442,-2627.572,3643.552
137,112,10,4940.2202,-2280.1941,3209.8879
139,112,10,5058.0161,-1940.0281,2778.1599
141,112,10,5137.3481,-1611.8821,2348.3679
143,112,10,5187.832,-1296.958,1924.384
145,112,10,5215.478,-992.852,1506.208
147,112,10,5226.2959,-703.17,1099.6479
149,112,10,5227.498,-419.498,698.896
151,112,10,5221.4883,-149.048,309.76
153,112,10,5210.6699,121.402,-83.248
155,112,10,5196.2461,391.852,-478.192
157,112,10,5177.0142,669.514,-877.008
159,112,10,5151.772,956.792,-1281.632
161,112,10,5114.5103,1251.282,-1688.192
163,112,10,5058.0161,1560.196,-2104.4319
165,112,10,4973.876,1885.938,-2528.416
167,112,10,4857.2822,2221.2961,-2958.208
169,112,10,4701.022,2565.0681,-3382.1919
171,112,10,4493.0762,2907.6379,-3798.4319
173,112,10,4229.8379,3249.0061,-4201.1201
175,112,10,3910.106,3574.748,-4576.7041
177,112,10,3530.2742,3877.6521,-4919.376
179,112,10,3098.7561,4139.688,-5211.7119
181,112,10,2625.168,4357.25,-5449.8398
183,112,10,2115.52,4521.9243,-5626.0161
185,112,10,1584.2361,4622.8921,-5726.688
187,112,10,1050.548,4661.356,-5755.728
189,112,10,531.284,4638.5181,-5717.0078
191,112,10,43.272,4557.9839,-5612.4639
193,112,10,-408.68,4425.7642,-5451.7759
195,112,10,-812.552,4250.272,-5242.688
197,112,10,-1158.728,4043.5281,-4996.8159
199,112,10,-1447.208,3812.7441,-4723.8398
201,112,10,-1679.194,3568.738,-4435.376
203,112,10,-1859.494,3319.9241,-4144.9761
205,112,10,-1989.3101,3074.7161,-3854.5759
205,110,10,-1762.1321,3056.686,-3515.7759
203,110,10,-1631.114,3280.2581,-3759.7119
201,110,10,-1456.824,3506.2341,-4003.6479
199,110,10,-1236.858,3726.2,-4237.9038
197,110,10,-967.61,3932.9441,-4460.5439
195,110,10,-649.08,4121.6582,-4663.8242
193,110,10,-281.268,4282.7261,-4834.1919
191,110,10,127.412,4400.522,-4961.9678
189,110,10,564.94,4472.6421,-5045.2158
187,110,10,1030.114,4491.874,-5074.2559
185,110,10,1508.51,4459.4199,-5045.2158
183,110,10,1984.5021,4366.8662,-4956.1602
181,110,10,2443.666,4220.2222,-4810.96
179,110,10,2872.78,4026.7002,-4611.5518
177,110,10,3267.0361,3788.7041,-4363.7441
175,110,10,3619.2222,3517.052,-4077.2161
173,110,10,3920.9241,3218.9561,-3757.7759
171,110,10,4175.748,2904.032,-3413.168
169,110,10,4381.29,2585.502,-3056.9441
167,110,10,4543.5601,2262.1641,-2689.104
165,110,10,4666.1641,1943.634,-2317.3921
163,110,10,4757.5161,1632.316,-1949.552
161,110,10,4826.0303,1331.816,-1581.712
159,110,10,4871.7061,1044.538,-1223.552
157,110,10,4902.958,759.664,-865.392
155,110,10,4925.7959,480.8,-509.168
153,110,10,4939.0181,205.542,-152.944
151,110,10,4946.23,-67.312,199.408
149,110,10,4946.23,-341.368,553.696
147,110,10,4937.8159,-625.04,913.792
145,110,10,4917.3823,-919.53,1283.568
143,110,10,4878.918,-1226.04,1659.152
141,110,10,4816.4141,-1548.176,2044.416
139,110,10,4723.8599,-1878.7261,2427.7439
137,110,10,4596.4482,-2217.6899,2811.072
135,110,10,4430.5723,-2556.6541,3192.4639
133,110,10,4216.6162,-2894.416,3562.24
131,110,10,3954.5801,-3217.7542,3910.72
129,110,10,3642.0601,-3520.658,4232.0962
127,110,10,3274.248,-3804.3301,4514.752
125,110,10,2859.5581,-4043.5281,4749.0078
123,110,10,2411.2122,-4232.2422,4929.0562
121,110,10,1937.624,-4365.6641,5049.0879
119,110,10,1458.026,-4443.7939,5109.104
117,110,10,974.822,-4465.4302,5105.2319
115,110,10,507.244,-4429.3701,5045.2158
113,110,10,67.312,-4344.0283,4930.9922
111,110,10,-335.358,-4211.8081,4770.3042
109,110,10,-687.544,-4044.73,4572.832
107,110,10,-991.65,-3850.0061,4346.3198
105,110,10,-1246.474,-3633.646,4100.4478
103,110,10,-1448.41,-3408.8721,3844.896
101,110,10,-1603.468,-3179.29,3587.408
99,110,10,-1715.254,-2954.5161,3331.856
97,110,10,-1794.5861,-2734.55,3084.0481
95,110,10,-1840.2621,-2525.4021,2845.9199
