x,y,z,Bx,By,Bz
160,120,0,9826.3506,4518.3179,-5387.8882
162,120,0,9878.0361,5554.4419,-6398.48
164,120,0,9747.0186,6729.998,-7480.7041
166,120,0,9364.7822,7987.29,-8578.416
168,120,0,8697.6719,9257.8037,-9658.7041
170,120,0,7739.6782,10441.7744,-10646.0635
172,120,0,6487.1943,11479.1006,-11480.4795
174,120,0,5005.1279,12272.4199,-12109.6797
176,120,0,3381.2261,12772.4521,-12491.0723
178,120,0,1690.0121,12955.1563,-12607.2314
180,120,0,12.02,12824.1387,-12460.0957
182,120,0,-1548.176,12389.0146,-12063.2158
184,120,0,-2932.8801,11677.4307,-11455.3115
186,120,0,-4038.72,10772.3242,-10678.9756
188,120,0,-4870.5039,9739.8066,-9790.3516
190,120,0,-5415.0103,8674.834,-8868.8164
190,122,0,-6548.4961,8856.3359,-10320.8164
188,122,0,-6043.6562,10107.6182,-11561.792
186,122,0,-5156.5801,11368.5166,-12783.4082
184,122,0,-3888.47,12493.5879,-13873.376
182,122,0,-2265.77,13298.9287,-14742.6396
180,122,0,-387.044,13723.2344,-15323.4395
178,122,0,1635.922,13843.4346,-15557.6963
176,122,0,3702.1602,13699.1943,-15426.0479
174,122,0,5651.8042,13247.2422,-14936.2402
172,122,0,7427.1582,12361.3682,-14088.2715
170,122,0,8897.2041,11125.7119,-12969.2637
168,122,0,9988.6201,9692.9277,-11637.2959
166,122,0,10676.1641,8191.6304,-10198.8477
164,122,0,10982.6738,6740.8159,-8752.6563
162,122,0,10986.2803,5427.0303,-7374.2241
160,122,0,10775.9307,4283.9282,-6102.272
160,124,0,11785.6104,3702.1602,-6847.6318
162,124,0,12217.1279,4866.8979,-8411.9199
164,124,0,12419.0645,6317.7119,-10189.168
166,124,0,12245.9766,7966.856,-12080.6396
168,124,0,11576.4619,9733.7959,-14024.3838
170,124,0,10360.0381,11443.04,-15834.5439
172,124,0,8644.7842,12921.5,-17356.2402
174,124,0,6549.6982,13806.1719,-18481.0566
176,124,0,4208.2021,14077.8242,-19133.4883
178,124,0,1738.092,14143.9346,-19296.1113
180,124,0,-721.2,14095.8545,-18953.4395
182,124,0,-2998.99,13905.9385,-18140.3203
184,124,0,-4964.2603,13151.082,-16910.959
186,124,0,-6449.9321,11827.6807,-15379.584
188,124,0,-7416.3403,10311.958,-13695.2637
190,124,0,-7883.918,8819.0742,-12005.1357
190,126,0,-9352.7617,8359.9102,-13869.5039
188,126,0,-9033.0303,10013.8623,-16152.0479
186,126,0,-8043.7842,11779.6006,-18513.9687
184,126,0,-6335.7422,13297.7266,-20674.543
182,126,0,-3985.832,14018.9258,-22165.2637
180,126,0,-1215.222,14186.0039,-22717.0234
178,126,0,1726.072,14198.0244,-22794.4648
176,126,0,4691.4062,14157.1563,-22784.7832
174,126,0,7466.8242,13920.3623,-22502.127
172,126,0,9982.6104,12965.9746,-21538.0
170,126,0,12006.7783,11268.75,-19497.4551
168,126,0,13304.9385,9305.8838,-17013.5684
166,126,0,13764.1025,7296.1401,-14361.248
164,126,0,13748.4766,5469.1001,-11807.6641
162,126,0,13389.0781,3952.176,-9527.0557
160,126,0,12767.6445,2786.2361,-7569.7598
160,128,0,13473.2178,1419.562,-8167.9839
162,128,0,14026.1387,2379.96,-10500.8643
164,128,0,14201.6299,3788.7041,-13400.9922
166,128,0,14212.4482,5624.1582,-16783.1836
168,128,0,14194.418,7757.708,-20428.6719
170,128,0,13707.6084,9869.6221,-22778.9766
172,128,0,11596.8965,11702.6719,-22871.9043
174,128,0,8672.4297,13113.8203,-22887.3926
176,128,0,5427.0303,13842.2324,-22900.9434
178,128,0,1997.724,14020.1279,-22899.0078
180,128,0,-1504.9041,14029.7441,-22904.8164
182,128,0,-4865.6963,13777.3242,-22897.0723
184,128,0,-7775.7383,12761.6338,-22854.4805
186,128,0,-9811.9258,11009.1182,-22142.0312
188,128,0,-10820.4043,9070.292,-19040.5605
190,128,0,-10941.8066,7308.1602,-15906.1758
190,130,0,-12387.8125,5396.98,-17817.0078
188,130,0,-12607.7783,6880.248,-21867.1191
186,130,0,-11688.248,8649.5918,-22877.7109
184,130,0,-9293.8643,10227.8184,-22914.4961
182,130,0,-5749.166,11196.6299,-22939.6641
180,130,0,-1754.92,11452.6563,-22943.5352
178,130,0,2234.5181,11164.1758,-22939.6641
176,130,0,6121.7861,10463.4102,-22945.4727
174,130,0,9753.0283,9429.6904,-22941.5996
172,130,0,13039.2959,8085.854,-22929.9844
170,130,0,14210.0439,6437.9121,-22891.2637
168,130,0,14244.9023,4526.7319,-22817.6953
166,130,0,14243.7002,2663.6321,-19303.8555
164,130,0,14234.084,1159.9301,-14851.0557
162,130,0,14204.0342,158.664,-11257.8398
160,130,0,13865.0703,-407.478,-8510.6563
160,132,0,13886.7061,-2557.856,-8425.4717
162,132,0,14214.8525,-2679.2581,-11333.3438
164,132,0,14248.5078,-2526.604,-15371.8398
166,132,0,14264.1338,-1986.906,-20624.207
168,132,0,14258.124,-1114.254,-22873.8398
170,132,0,14241.2959,-118.998,-22920.3047
172,132,0,13904.7363,781.3,-22953.2168
174,132,0,10831.2227,1625.104,-22955.1523
176,132,0,7043.7202,2444.8682,-22960.959
178,132,0,2960.5261,3212.946,-22962.8965
180,132,0,-1325.806,3929.3381,-22955.1523
182,132,0,-5798.4482,4422.1582,-22947.4082
184,132,0,-10085.9824,4460.6221,-22945.4727
186,132,0,-12947.9443,3950.9741,-22924.1758
188,132,0,-13633.084,3185.3,-22821.5684
190,132,0,-13234.0205,2549.4421,-19278.6875
190,134,0,-13146.2744,-817.36,-19567.1523
188,134,0,-13522.5,-1692.416,-22844.8008
186,134,0,-12683.5039,-2943.698,-22914.4961
184,134,0,-9519.8398,-4508.7021,-22945.4727
182,134,0,-5072.4399,-6044.8579,-22957.0879
180,134,0,-574.556,-7380.2803,-22962.8965
178,134,0,3595.1821,-8404.3838,-22959.0234
176,134,0,7500.48,-9033.0303,-22953.2168
174,134,0,11126.9141,-9367.1865,-22943.5352
172,134,0,13966.0381,-9402.0439,-22939.6641
170,134,0,14237.6904,-9117.1699,-22914.4961
168,134,0,14255.7207,-8595.502,-22854.4805
166,134,0,14253.3164,-7834.6362,-19904.0156
164,134,0,14236.4883,-6905.4902,-14552.9121
162,134,0,14198.0244,-5918.6479,-10603.4717
160,134,0,13491.248,-4959.4521,-7802.0801
160,136,0,12419.0645,-6992.0342,-6609.5039
162,136,0,13795.3545,-8645.9863,-8857.2002
164,136,0,14214.8525,-10593.2266,-12018.6875
166,136,0,14235.2861,-12700.332,-16308.8643
168,136,0,14246.1045,-14051.3799,-21481.8555
170,136,0,14220.8623,-14220.8623,-22866.0957
172,136,0,13743.668,-14246.1045,-22900.9434
174,136,0,11075.2285,-14249.71,-22918.3672
176,136,0,7844.252,-14247.3066,-22937.7285
178,136,0,4388.502,-14248.5078,-22957.0879
180,136,0,738.028,-14226.8721,-22945.4727
182,136,0,-3155.25,-13987.6738,-22937.7285
184,136,0,-7065.356,-11864.9424,-22924.1758
186,136,0,-10203.7783,-8710.8945,-22887.3926
188,136,0,-11807.2461,-5827.2959,-22560.207
190,136,0,-11946.6777,-3749.0381,-18695.9512
190,138,0,-10067.9521,-5424.626,-17123.9199
188,138,0,-9197.7041,-7684.3862,-20308.6406
186,138,0,-7074.9722,-10573.9941,-22556.3359
184,138,0,-4063.9622,-13550.1465,-22848.6719
182,138,0,-872.652,-14228.0742,-22866.0957
180,138,0,2222.498,-14258.124,-22871.9043
178,138,0,5193.8423,-14270.1445,-22862.2246
176,138,0,8063.0161,-14268.9424,-22840.9277
174,138,0,10735.0625,-14280.9619,-22778.9766
172,138,0,13054.9219,-14274.9521,-21510.8965
170,138,0,14058.5918,-14265.3359,-18492.6719
168,138,0,14202.832,-14258.124,-14822.0156
166,138,0,14074.2178,-14202.832,-11259.7764
164,138,0,13375.8564,-13092.1846,-8500.9756
162,138,0,12018.7979,-10699.002,-6487.5361
160,138,0,10678.5684,-8617.1377,-4981.3281
160,140,0,8732.5303,-9551.0918,-3151.8079
162,140,0,9732.5938,-11699.0664,-3848.7681
164,140,0,10958.6338,-13815.7881,-4708.3521
166,140,0,12399.832,-14231.6807,-6024.832
168,140,0,13445.5723,-14254.5186,-8264.7842
170,140,0,13504.4707,-14261.7305,-11126.1924
172,140,0,12599.3643,-14264.1338,-13764.96
174,140,0,10857.666,-14266.5381,-15879.0723
176,140,0,8745.752,-14270.1445,-17445.2969
178,140,0,6471.5684,-14264.1338,-18529.4551
180,140,0,4090.406,-14243.7002,-19336.7676
182,140,0,1565.004,-14152.3486,-19892.4004
184,140,0,-1246.474,-12706.3418,-20155.6953
186,140,0,-4261.0898,-10218.2021,-19631.0391
188,140,0,-6785.29,-7918.7764,-17911.8711
190,140,0,-8189.2261,-6000.3843,-15608.0322
190,142,0,-6701.1499,-5868.1641,-14456.1123
188,142,0,-4996.7139,-7279.312,-16285.6318
186,142,0,-2216.488,-8998.1719,-17456.9121
184,142,0,901.5,-10967.0479,-17311.7109
182,142,0,3591.5762,-13005.6406,-16299.1836
180,142,0,5791.2363,-14095.8545,-15025.2959
178,142,0,7709.6279,-14230.4785,-13677.8398
176,142,0,9499.4063,-14250.9121,-12216.1602
174,142,0,11129.3184,-14253.3164,-10491.1836
172,142,0,12411.8525,-14266.5381,-8317.0557
170,142,0,12952.752,-14256.9219,-5720.8799
168,142,0,12259.1982,-14250.9121,-3084.0481
166,142,0,10438.168,-14225.6699,-1500.4
164,142,0,8701.2783,-13859.0605,-1179.024
162,142,0,7536.54,-12045.2422,-1242.912
160,142,0,6745.624,-9995.832,-1258.4
160,144,0,4898.1499,-9977.8018,540.144
162,144,0,5572.4722,-11794.0244,1142.24
164,144,0,6798.5122,-13450.3799,1914.704
166,144,0,8916.4365,-14146.3379,2265.1199
168,144,0,11385.3438,-14213.6504,1049.312
170,144,0,12684.7061,-14223.2666,-1587.52
172,144,0,12565.708,-14223.2666,-4290.1758
174,144,0,11663.0059,-14213.6504,-6549.4878
176,144,0,10400.9063,-14130.7119,-8458.3838
178,144,0,8972.9297,-13778.5264,-10216.2715
180,144,0,7413.936,-12743.6045,-12045.792
182,144,0,5485.9282,-11141.3379,-13958.5596
184,144,0,2821.094,-9375.6006,-15654.4961
186,144,0,-508.446,-7769.728,-16335.9678
188,144,0,-3593.98,-6478.7803,-15441.5361
190,144,0,-5562.856,-5461.8882,-13726.2402
190,146,0,-4788.7681,-5039.9863,-13342.9121
188,146,0,-2697.2881,-5725.126,-15058.208
186,146,0,680.332,-6661.4839,-15863.584
184,146,0,4286.332,-7931.998,-14771.6797
182,146,0,6929.5303,-9339.54,-12481.3916
180,146,0,8576.2705,-10511.4902,-10146.5762
178,146,0,9892.46,-11396.1621,-8235.7441
176,146,0,11254.3262,-12297.6621,-6338.4639
174,146,0,12368.5801,-13173.9199,-4119.8081
172,146,0,12977.9941,-13740.0625,-1564.288
170,146,0,12782.0684,-13956.4219,1374.5599
168,146,0,11019.9365,-13974.4521,4212.7358
166,146,0,7931.998,-13697.9922,5378.208
164,146,0,5335.6782,-12774.8564,4611.5518
162,146,0,3916.116,-11293.9922,3298.9441
160,146,0,3238.188,-9696.5342,2212.8479
160,148,0,1784.9701,-9222.9463,3699.696
162,148,0,2496.554,-10595.6299,5167.1841
164,148,0,4107.2339,-11831.2861,6888.2881
166,148,0,7141.082,-12712.3525,7970.5117
168,148,0,10846.8486,-13015.2559,6783.7441
170,148,0,13095.79,-12760.4326,3571.9199
172,148,0,13505.6719,-12140.2002,104.544
174,148,0,13159.4961,-11386.5459,-3002.7361
176,148,0,12172.6543,-10543.9443,-5674.416
178,148,0,10777.1318,-9578.7383,-7757.5518
180,148,0,9444.1143,-8656.8037,-9439.9355
182,148,0,8061.814,-7766.1221,-11681.8242
184,148,0,5524.3921,-6756.4419,-14357.376
186,148,0,1671.9821,-5829.7002,-15817.1201
188,148,0,-2014.552,-5174.6099,-15034.9756
190,148,0,-4256.2822,-4715.4463,-13170.6084
190,150,0,-3892.0762,-4547.166,-13071.8721
188,150,0,-1628.7101,-4848.8682,-15071.7598
186,150,0,2214.084,-5246.73,-15987.4883
184,150,0,6258.814,-5838.1143,-14461.9199
182,150,0,8865.9521,-6568.9302,-11695.376
180,150,0,10403.3105,-7530.5303,-9316.0322
178,150,0,11809.6504,-8686.8545,-7151.584
176,150,0,12979.1963,-9703.7461,-4685.1201
174,150,0,13634.2861,-10428.5518,-1963.104
172,150,0,13897.5244,-10987.4824,1266.144
170,150,0,13472.0166,-11468.2822,5198.1602
168,150,0,10965.8467,-11714.6924,8859.1357
166,150,0,6710.7661,-11527.1807,10216.2715
164,150,0,3180.4919,-10846.8486,8954.0
162,150,0,1299.3621,-9827.5518,6888.2881
160,150,0,484.406,-8642.3799,5083.936
160,150,2,1742.9,-7468.0264,3939.76
162,150,2,2705.7021,-8399.5762,4942.6079
164,150,2,4282.7261,-9195.2998,5794.4478
166,150,2,6483.5879,-9748.2197,5966.752
168,150,2,8833.498,-10001.8418,4934.8638
170,150,2,10541.54,-9963.3779,2807.2
172,150,2,11291.5879,-9696.5342,228.448
174,150,2,11241.1045,-9260.208,-2309.6479
176,150,2,10667.75,-8691.6621,-4621.2319
178,150,2,9712.1602,-8002.916,-6739.2158
180,150,2,8445.252,-7263.686,-8688.7676
182,150,2,6817.7441,-6542.4863,-10524.0957
184,150,2,4649.3359,-5886.1943,-12098.0635
186,150,2,2034.9861,-5315.2441,-12882.1436
188,150,2,-469.982,-4840.4541,-12593.6797
190,150,2,-2354.718,-4444.9961,-11565.6641
190,148,2,-2783.832,-4555.5801,-11792.1758
188,148,2,-985.64,-5079.6519,-12795.0244
186,148,2,1423.168,-5710.7021,-13110.5918
184,148,2,3937.752,-6460.75,-12429.1201
182,148,2,6067.6963,-7276.9082,-10994.5439
180,148,2,7678.376,-8090.6621,-9325.7119
178,148,2,8983.748,-8873.1641,-7596.8638
176,148,2,10040.3066,-9594.3643,-5709.2642
174,148,2,10754.2939,-10203.7783,-3581.6001
172,148,2,10963.4424,-10673.7598,-1233.2319
170,148,2,10435.7646,-10941.8066,1148.048
168,148,2,9017.4043,-10939.4023,3147.936
166,148,2,6989.6304,-10590.8223,4179.8242
164,148,2,5055.6123,-9906.8838,4144.9761
162,148,2,3651.676,-8972.9297,3508.032
160,148,2,2770.6101,-7893.5342,2735.5679
160,146,2,3929.3381,-8215.6699,1380.368
162,146,2,4725.062,-9430.8926,1850.816
164,146,2,5936.6782,-10541.54,2203.168
166,146,2,7560.5801,-11415.3945,2056.032
168,146,2,9231.3604,-11940.668,1012.528
170,146,2,10339.6045,-12094.5244,-851.84
172,146,2,10632.8926,-11923.8398,-3022.0959
174,146,2,10253.0605,-11504.3418,-5138.144
176,146,2,9411.6602,-10896.1299,-7048.9761
178,146,2,8261.3457,-10149.6885,-8764.2715
180,146,2,6888.6621,-9297.4697,-10349.8555
182,146,2,5208.2661,-8322.6484,-11858.0
184,146,2,3097.554,-7288.9282,-13068.0
186,146,2,671.918,-6303.2881,-13579.1035
188,146,2,-1621.498,-5453.4741,-13188.0322
190,146,2,-3358.3879,-4749.1021,-12152.2715
190,144,2,-4103.6279,-4929.4019,-12636.2715
188,144,2,-2520.594,-5836.9121,-13770.7676
186,144,2,-387.044,-6906.6919,-14357.376
184,144,2,1931.614,-8112.2983,-14157.9678
182,144,2,4080.79,-9378.0039,-13290.6396
180,144,2,5886.1943,-10555.9639,-12084.5117
178,144,2,7425.9561,-11544.0078,-10698.3359
176,144,2,8737.3379,-12331.3184,-9180.5117
174,144,2,9779.4727,-12889.0459,-7471.0239
172,144,2,10415.3301,-13166.708,-5531.1519
170,144,2,10436.9658,-13170.3145,-3482.864
168,144,2,9703.7461,-12858.9961,-1637.856
166,144,2,8405.5859,-12129.3818,-447.216
164,144,2,7060.5483,-11054.7939,0.0
162,144,2,5989.5659,-9756.6338,11.616
160,144,2,5228.7002,-8386.3545,-102.608
160,142,2,6637.4443,-8282.9824,-1695.936
162,142,2,7409.1279,-9757.8359,-2026.9919
164,142,2,8365.9199,-11225.4785,-2518.7361
166,142,2,9454.9326,-12540.4658,-3401.552
168,142,2,10384.0781,-13422.7344,-4870.9761
170,142,2,10739.8701,-13849.4443,-6818.5918
172,142,2,10384.0781,-13940.7959,-8861.0723
174,142,2,9442.9121,-13877.0898,-10723.5039
176,142,2,8129.126,-13541.7324,-12278.1123
178,142,2,6558.1123,-12889.0459,-13581.04
180,142,2,4789.9702,-11804.8418,-14649.7119
182,142,2,2809.074,-10457.4004,-15453.1523
184,142,2,622.636,-8981.3438,-15865.5195
186,142,2,-1628.7101,-7522.1162,-15673.8555
188,142,2,-3627.636,-6179.4819,-14775.5518
190,142,2,-5061.6221,-5030.3701,-13414.5439
190,140,2,-6210.7339,-4827.2319,-14403.8398
188,140,2,-5026.7642,-6167.4619,-16152.0479
186,140,2,-3205.7341,-7761.314,-17555.6484
184,140,2,-1001.266,-9468.1543,-18339.7285
182,140,2,1293.3521,-11135.3281,-18519.7754
180,140,2,3502.6282,-12584.9404,-18237.1191
178,140,2,5579.6841,-13559.7627,-17553.7109
176,140,2,7493.2681,-13986.4727,-16508.2715
174,140,2,9177.2705,-14100.6621,-15064.0156
172,140,2,10504.2783,-14095.8545,-13199.6475
170,140,2,11272.3564,-13981.6641,-11017.7764
168,140,2,11340.8701,-13529.7119,-8764.2715
166,140,2,10777.1318,-12451.5186,-6789.5518
164,140,2,9890.0566,-10968.25,-5291.0879
162,140,2,8963.3145,-9387.6201,-4185.6318
160,140,2,8113.5,-7859.8779,-3335.728
160,138,2,9528.2539,-7000.4482,-4898.0801
162,138,2,10491.0566,-8404.3838,-6290.064
164,138,2,11451.4541,-9908.0859,-8078.9277
166,138,2,12212.3203,-11388.9502,-10340.1758
168,138,2,12476.7598,-12681.1006,-13011.8555
170,138,2,12011.5859,-13492.4502,-15770.6563
172,138,2,10838.4346,-13862.666,-18266.1602
174,138,2,9113.5645,-13919.1602,-20266.0488
176,138,2,7053.3359,-13773.7178,-21667.7109
178,138,2,4750.3042,-13273.6865,-22219.4727
180,138,2,2309.042,-12291.6523,-22405.3281
182,138,2,-219.966,-10864.8779,-22275.6152
184,138,2,-2717.7222,-9119.5742,-21683.1992
186,138,2,-4924.5942,-7281.7163,-20116.9766
188,138,2,-6560.5161,-5558.0483,-17956.4004
190,138,2,-7490.8643,-4115.6479,-15588.6719
190,136,2,-8682.0459,-2678.0562,-16645.7285
188,136,2,-8100.2783,-3848.804,-19669.7598
186,136,2,-6699.9482,-5334.4761,-22343.375
184,136,2,-4514.7119,-6941.5503,-22848.6719
182,136,2,-1788.576,-8477.7061,-22883.5195
180,136,2,1102.234,-9737.4023,-22893.1992
178,136,2,3928.136,-10658.1338,-22900.9434
176,136,2,6598.98,-11237.498,-22887.3926
174,136,2,9043.8486,-11483.9082,-22864.1602
172,136,2,11158.166,-11393.7578,-22678.3047
170,136,2,12733.9883,-10968.25,-20527.4082
168,136,2,13433.5518,-10214.5957,-17154.8965
166,136,2,13432.3506,-9183.2803,-13693.3281
164,136,2,12877.0264,-8029.3604,-10659.6162
162,136,2,11870.9521,-6839.3799,-8191.2158
160,136,2,10781.9404,-5716.7119,-6278.4478
160,134,2,11664.208,-4079.5881,-7279.3599
162,134,2,12785.6738,-4732.2739,-9515.4404
164,134,2,13611.4482,-5351.3042,-12398.1436
166,134,2,13954.0186,-5881.3862,-15929.4082
168,134,2,13897.5244,-6268.4302,-19867.2324
170,134,2,13152.2842,-6475.1743,-22742.1914
172,134,2,11374.5264,-6495.6079,-22871.9043
174,134,2,8993.3643,-6332.1362,-22906.752
176,134,2,6294.874,-5969.1323,-22914.4961
178,134,2,3357.186,-5417.4141,-22924.1758
180,134,2,260.834,-4664.9619,-22929.9844
182,134,2,-2860.76,-3806.7341,-22914.4961
184,134,2,-5726.3281,-2860.76,-22895.1367
186,134,2,-7910.3623,-1941.23,-22833.1836
188,134,2,-9127.9883,-1167.142,-20730.6875
190,134,2,-9472.9619,-586.576,-17228.4648
190,132,2,-9684.5146,1810.212,-17019.375
188,132,2,-9452.5283,1996.5221,-20436.416
186,132,2,-8385.1523,2135.9541,-22809.9512
184,132,2,-6353.772,2128.7419,-22893.1992
182,132,2,-3557.9202,1900.3621,-22918.3672
180,132,2,-436.326,1509.712,-22920.3047
178,132,2,2729.7419,997.66,-22929.9844
176,132,2,5764.792,443.538,-22933.8555
174,132,2,8570.2598,-121.402,-22918.3672
172,132,2,11060.8047,-668.312,-22891.2637
170,132,2,13020.0645,-1204.4041,-22819.6328
168,132,2,13890.3125,-1705.6381,-20719.0723
166,132,2,13996.0879,-2099.894,-16796.7363
164,132,2,13823.0,-2322.2642,-13219.0078
162,132,2,13153.4863,-2349.9102,-10216.2715
160,132,2,12135.3926,-2223.7,-7852.416
160,130,2,12142.6045,-501.234,-7962.7681
162,130,2,13016.458,-170.684,-10200.7842
164,130,2,13569.3779,394.256,-12953.7764
166,130,2,13754.4863,1200.798,-16157.8555
168,130,2,13443.168,2179.2261,-19590.3848
170,130,2,12366.1758,3226.168,-22382.0957
172,130,2,10467.0166,4199.7881,-22868.0312
174,130,2,8048.5923,5041.188,-22891.2637
176,130,2,5316.4463,5733.54,-22906.752
178,130,2,2389.5759,6232.3701,-22902.8789
180,130,2,-594.99,6500.416,-22910.623
182,130,2,-3509.8401,6473.9722,-22889.3281
184,130,2,-6070.1001,6132.604,-22852.543
186,130,2,-7925.9883,5497.9482,-22085.8887
188,130,2,-8954.9004,4721.4561,-19118.0
190,130,2,-9246.9863,3973.812,-16093.9678
190,128,2,-8430.8281,5579.6841,-14669.0723
188,128,2,-8053.4004,6597.7783,-17081.3281
186,128,2,-7072.5684,7668.7603,-19588.4473
184,128,2,-5446.2622,8605.1182,-21816.7832
182,128,2,-3238.188,9269.8242,-22749.9355
180,128,2,-674.322,9578.7383,-22842.8633
178,128,2,2030.178,9511.4258,-22858.3516
176,128,2,4691.4062,9119.5742,-22846.7363
174,128,2,7202.3843,8418.8086,-22808.0156
172,128,2,9438.1045,7462.0161,-22147.8398
170,128,2,11224.2764,6291.2681,-20217.6484
168,128,2,12420.2666,5001.522,-17600.1758
166,128,2,12958.7627,3714.1802,-14789.1035
164,128,2,12913.0859,2581.896,-12125.168
162,128,2,12468.3467,1669.578,-9745.8242
160,128,2,11798.832,1006.074,-7730.4478
160,126,2,11203.8418,2173.2161,-7242.5762
162,126,2,11654.5918,2996.5859,-8944.3203
164,126,2,11888.9824,4036.3162,-10882.2559
166,126,2,11769.9844,5271.9722,-13000.2402
168,126,2,11176.1963,6613.4043,-15180.1758
170,126,2,10048.7197,7941.6143,-17218.7832
172,126,2,8446.4541,9131.5938,-18963.1191
174,126,2,6470.3662,10072.7598,-20252.4961
176,126,2,4271.9082,10718.2344,-21009.4727
178,126,2,1913.584,11039.168,-21226.3047
180,126,2,-424.306,11005.5117,-20870.0801
182,126,2,-2632.3801,10601.6406,-19977.584
184,126,2,-4530.3379,9867.2178,-18593.3437
186,126,2,-5982.354,8882.7803,-16860.623
188,126,2,-6928.3281,7772.1323,-14951.7275
190,126,2,-7403.1182,6668.6963,-13054.4482
190,124,2,-6406.6602,7228.8281,-11503.7119
188,124,2,-5897.0122,8262.5479,-12949.9043
186,124,2,-5017.1479,9298.6719,-14390.2881
184,124,2,-3755.0481,10220.6064,-15673.8555
182,124,2,-2129.9441,10934.5938,-16709.6152
180,124,2,-264.44,11351.6885,-17387.2168
178,124,2,1753.718,11443.04,-17660.1914
176,124,2,3773.0781,11196.6299,-17489.8242
174,124,2,5689.0659,10634.0938,-16903.2168
172,124,2,7410.3301,9785.4824,-15917.792
170,124,2,8841.9121,8708.4902,-14576.1436
168,124,2,9887.6523,7486.0562,-13015.7275
166,124,2,10519.9043,6222.7539,-11323.6641
164,124,2,10774.7285,5031.5723,-9660.6396
162,124,2,10725.4463,3959.3882,-8073.1201
160,124,2,10475.4307,3062.696,-6638.5439
160,122,2,9691.7266,3616.8181,-5974.4961
162,122,2,9781.876,4496.6821,-7147.7119
164,122,2,9697.7363,5502.7559,-8404.1758
166,122,2,9365.9844,6603.7881,-9705.168
168,122,2,8739.7422,7737.2739,-10996.4795
170,122,2,7797.374,8821.4785,-12179.376
172,122,2,6568.9302,9769.8564,-13195.7764
174,122,2,5085.6621,10518.7021,-13958.5596
176,122,2,3462.9622,11009.1182,-14409.6475
178,122,2,1750.1121,11219.4678,-14556.7842
180,122,2,60.1,11134.126,-14372.8643
182,122,2,-1530.146,10762.708,-13886.9277
184,122,2,-2923.2642,10146.082,-13139.6318
186,122,2,-4042.3262,9343.1465,-12192.9277
188,122,2,-4870.5039,8432.0303,-11132.0
190,122,2,-5409.0,7481.248,-10016.8643
190,120,2,-4567.6001,7463.2183,-8735.2324
188,120,2,-4045.9321,8269.7598,-9575.4561
186,120,2,-3289.874,9055.8682,-10384.7041
184,120,2,-2310.2441,9736.2002,-11081.6641
182,120,2,-1120.264,10269.8887,-11633.4238
180,120,2,227.178,10593.2266,-11987.7119
178,120,2,1659.962,10676.1641,-12109.6797
176,120,2,3108.3721,10509.0859,-11985.7764
174,120,2,4502.6919,10091.9922,-11617.9355
172,120,2,5770.8022,9459.7402,-11031.3281
170,120,2,6856.208,8647.1885,-10253.0557
168,120,2,7710.8301,7719.2441,-9341.2002
166,120,2,8326.2539,6722.7861,-8332.5439
164,120,2,8706.0859,5739.5503,-7304.5278
162,120,2,8880.376,4801.9902,-6286.1919
160,120,2,8899.6084,3950.9741,-5316.2559
160,120,4,7996.9062,3348.772,-5109.104
162,120,4,7927.1899,4006.2661,-5989.9839
164,120,4,7728.8604,4733.4761,-6911.52
166,120,4,7363.4521,5493.1401,-7831.1201
168,120,4,6814.1382,6261.2183,-8729.4238
170,120,4,6076.1104,6977.6104,-9538.6719
172,120,4,5154.1763,7607.458,-10229.8242
174,120,4,4086.8,8112.2983,-10762.2236
176,120,4,2918.4561,8451.2617,-11095.2158
178,120,4,1706.8401,8612.3301,-11221.0557
180,120,4,497.628,8579.876,-11130.0635
182,120,4,-644.272,8371.9297,-10845.4717
184,120,4,-1669.578,8004.1182,-10380.832
186,120,4,-2530.21,7512.5,-9780.6719
188,120,4,-3217.7542,6937.9443,-9089.5195
190,120,4,-3721.3921,6320.1162,-8348.0322
190,122,4,-4363.2603,6204.7241,-9465.1035
188,122,4,-3856.0161,6863.4199,-10407.9355
186,122,4,-3116.7861,7504.0859,-11310.1123
184,122,4,-2156.3879,8055.8042,-12094.1924
182,122,4,-994.054,8475.3018,-12713.7119
180,122,4,325.742,8718.1064,-13104.7842
178,122,4,1721.264,8751.7617,-13242.2402
176,122,4,3134.8162,8576.2705,-13100.9121
174,122,4,4478.6519,8196.4385,-12688.5439
172,122,4,5709.5,7632.7002,-12018.6875
170,122,4,6745.624,6929.5303,-11143.6162
168,122,4,7560.5801,6130.2002,-10117.5361
166,122,4,8132.7319,5288.8003,-8994.6563
164,122,4,8469.292,4466.6323,-7848.5439
162,122,4,8609.9258,3702.1602,-6733.4082
160,122,4,8601.5117,3012.2122,-5670.5439
160,124,4,9195.2998,2480.928,-6220.3682
162,124,4,9304.6826,3123.998,-7463.2798
164,124,4,9252.9961,3893.2781,-8818.4795
166,124,4,8968.1221,4737.082,-10210.4639
168,124,4,8400.7783,5626.562,-11616.0
170,124,4,7528.126,6496.8101,-12920.8643
172,124,4,6376.6104,7274.5039,-14034.0635
174,124,4,4997.916,7898.3423,-14874.2881
176,124,4,3464.1641,8337.0723,-15402.8154
178,124,4,1846.272,8555.8359,-15569.3115
180,124,4,228.38,8546.2197,-15387.3281
182,124,4,-1289.746,8307.0225,-14878.1602
184,124,4,-2629.9761,7870.6963,-14066.9756
186,124,4,-3710.574,7281.7163,-13042.832
188,124,4,-4517.1162,6597.7783,-11887.04
190,124,4,-5045.9961,5882.5879,-10684.7842
190,126,4,-5728.7319,5273.1743,-11921.8877
188,126,4,-5219.084,5951.1021,-13404.8643
186,126,4,-4366.8662,6625.4243,-14874.2881
184,126,4,-3168.4722,7208.394,-16186.8955
182,126,4,-1661.1641,7629.0942,-17236.207
180,126,4,74.524,7841.8481,-17911.8711
178,126,4,1906.3721,7815.4043,-18153.8711
176,126,4,3750.24,7558.1763,-17946.7207
174,126,4,5478.7163,7088.1943,-17305.9043
172,126,4,7036.5083,6430.7002,-16258.5283
170,126,4,8313.0322,5626.562,-14870.416
168,126,4,9244.582,4747.8999,-13242.2402
166,126,4,9801.1084,3860.824,-11509.5195
164,126,4,10018.6699,3036.252,-9794.2236
162,126,4,9966.9844,2321.062,-8181.5361
160,126,4,9727.7861,1732.082,-6714.0479
160,128,4,10137.668,726.008,-7066.3999
162,128,4,10511.4902,1147.91,-8712.0
164,128,4,10699.002,1728.4761,-10599.5996
166,128,4,10588.418,2435.252,-12638.208
168,128,4,10077.5684,3228.572,-14748.4482
170,128,4,9131.5938,4035.114,-16732.8477
172,128,4,7776.9399,4795.98,-18438.4648
174,128,4,6083.3223,5451.0703,-19739.4551
176,128,4,4169.7383,5952.3042,-20535.1523
178,128,4,2135.9541,6270.834,-20810.0645
180,128,4,73.322,6386.2261,-20535.1523
182,128,4,-1877.524,6279.248,-19725.9043
184,128,4,-3584.364,5964.3242,-18430.7207
186,128,4,-4918.584,5488.332,-16796.7363
188,128,4,-5834.5083,4913.7759,-14974.96
190,128,4,-6345.3579,4311.5742,-13141.5684
190,130,4,-6817.7441,2959.324,-14157.9678
188,130,4,-6332.1362,3319.9241,-16275.9521
186,130,4,-5372.9399,3664.8979,-18430.7207
184,130,4,-3924.53,3911.3081,-20374.4648
182,130,4,-2054.218,4008.6702,-21828.4004
180,130,4,81.736,3940.156,-22362.7363
178,130,4,2306.6379,3700.958,-22523.4238
176,130,4,4505.0962,3322.3281,-22318.207
174,130,4,6552.1021,2834.3162,-21750.959
172,130,4,8353.9004,2271.78,-20285.4082
170,130,4,9771.0586,1664.77,-18295.1992
168,130,4,10735.0625,1049.3461,-15970.0635
166,130,4,11187.0146,477.194,-13521.0244
164,130,4,11187.0146,14.424,-11170.7197
162,130,4,10861.2725,-310.116,-9058.5439
160,130,4,10349.2197,-506.042,-7242.5762
160,132,4,10303.5439,-1846.272,-7101.248
162,132,4,10914.1602,-1967.6741,-8950.1279
164,132,4,11364.9102,-1990.5121,-11168.7842
166,132,4,11485.1104,-1887.14,-13664.2881
168,132,4,11131.7227,-1674.386,-16330.1602
170,132,4,10237.4346,-1373.886,-18881.8086
172,132,4,8829.8926,-1021.7,-21088.8477
174,132,4,7034.104,-632.252,-22354.9922
176,132,4,4959.4521,-229.582,-22798.3359
178,132,4,2703.2981,176.694,-22827.375
180,132,4,371.418,556.526,-22817.6953
182,132,4,-1871.514,881.066,-22587.3125
184,132,4,-3878.854,1133.486,-21630.9277
186,132,4,-5443.8579,1280.13,-19551.6641
188,132,4,-6476.376,1335.422,-17183.9355
190,132,4,-6994.438,1316.1901,-14847.1836
190,134,4,-6830.9663,-396.66,-14973.0234
188,134,4,-6249.1982,-787.31,-17274.9277
186,134,4,-5140.9541,-1287.342,-19600.0645
184,134,4,-3512.2441,-1877.524,-21594.1445
182,134,4,-1476.056,-2501.3621,-22527.2949
180,134,4,776.492,-3111.978,-22800.2715
178,134,4,3066.302,-3680.5242,-22817.6953
176,134,4,5263.5581,-4137.2842,-22670.5605
174,134,4,7264.8882,-4469.0361,-22078.1445
172,134,4,8993.3643,-4678.1841,-20515.791
170,134,4,10305.9482,-4757.5161,-18268.0957
168,134,4,11112.4902,-4682.9922,-15677.7275
166,134,4,11360.1025,-4482.2583,-13027.3438
164,134,4,11136.5303,-4168.5361,-10555.0723
162,134,4,10606.4482,-3763.4622,-8406.1123
160,134,4,9928.5205,-3300.6921,-6615.312
160,136,4,9310.6924,-4544.7622,-5798.3198
162,136,4,9991.0244,-5302.022,-7349.0562
164,136,4,10567.9844,-6049.666,-9240.5283
166,136,4,10887.7158,-6723.9883,-11443.6963
168,136,4,10784.3438,-7282.918,-13855.9521
170,136,4,10162.9102,-7655.5381,-16239.168
172,136,4,9036.6357,-7823.8184,-18374.5762
174,136,4,7500.48,-7767.3242,-20087.9355
176,136,4,5665.0259,-7490.8643,-21294.0645
178,136,4,3628.8381,-7011.2661,-21878.7363
180,136,4,1474.854,-6333.3379,-21944.5605
182,136,4,-685.14,-5505.1602,-21503.1523
184,136,4,-2690.0759,-4565.1963,-20370.5918
186,136,4,-4359.6543,-3613.2122,-18705.6328
188,136,4,-5576.0781,-2728.54,-16690.2559
190,136,4,-6297.2783,-1985.704,-14603.248
190,138,4,-5537.6143,-3143.23,-13881.1201
188,138,4,-4669.77,-4066.366,-15577.0557
186,138,4,-3365.6001,-5136.146,-17116.1758
184,138,4,-1687.608,-6278.0459,-18293.2637
182,138,4,230.784,-7392.3003,-19001.8398
180,138,4,2212.8821,-8368.3242,-19193.5039
178,138,4,4155.314,-9140.0078,-18889.5527
176,138,4,5970.334,-9678.5039,-18126.7676
174,138,4,7566.5903,-9957.3682,-16924.5117
172,138,4,8870.7598,-9976.6006,-15300.208
170,138,4,9759.0381,-9722.9785,-13373.8877
168,138,4,10167.7178,-9210.9258,-11286.8799
166,138,4,10105.2139,-8468.0898,-9259.8877
164,138,4,9691.7266,-7573.8022,-7453.6001
162,138,4,9091.9277,-6606.1919,-5937.7119
160,138,4,8427.2217,-5633.7739,-4696.7358
160,140,4,7419.9463,-6348.9644,-3426.72
162,140,4,8055.8042,-7417.542,-4290.1758
164,140,4,8692.8643,-8476.5039,-5380.144
166,140,4,9225.3506,-9430.8926,-6746.96
168,140,4,9493.3965,-10207.3838,-8371.2637
170,140,4,9355.166,-10735.0625,-10146.5762
172,140,4,8754.166,-10974.2598,-11883.168
174,140,4,7739.6782,-10927.3818,-13428.0957
176,140,4,6413.8721,-10606.4482,-14682.624
178,140,4,4857.2822,-10034.2959,-15600.2881
180,140,4,3139.624,-9224.1484,-16175.2803
182,140,4,1331.816,-8222.8818,-16353.3916
184,140,4,-492.82,-7090.5981,-16117.2002
186,140,4,-2190.0439,-5935.4761,-15441.5361
188,140,4,-3615.616,-4845.2622,-14349.6318
190,140,4,-4652.9419,-3894.48,-13017.6641
190,142,4,-3815.1479,-4247.8682,-12194.8643
188,142,4,-2658.824,-5113.3081,-13215.1357
186,142,4,-1147.91,-6102.5542,-13935.3281
184,142,4,555.324,-7156.708,-14219.9199
182,142,4,2303.032,-8213.2666,-14072.7842
180,142,4,3966.6001,-9179.6738,-13553.9355
178,142,4,5488.332,-9987.418,-12733.0723
176,142,4,6818.9463,-10586.0146,-11650.8477
174,142,4,7898.3423,-10956.2305,-10326.624
172,142,4,8650.7939,-11080.0361,-8793.3115
170,142,4,8978.9404,-10936.998,-7163.2002
168,142,4,8855.1338,-10513.8945,-5596.9761
166,142,4,8358.708,-9820.3398,-4274.688
164,142,4,7674.77,-8918.8398,-3281.52
162,142,4,6967.9941,-7885.1201,-2576.8159
160,142,4,6324.9243,-6798.5122,-2063.7759
160,144,4,5261.1543,-6954.772,-718.256
162,144,4,5923.4561,-7978.876,-904.112
164,144,4,6725.1899,-8930.8604,-1271.952
166,144,4,7585.8223,-9725.3818,-1957.296
168,144,4,8329.8604,-10297.5342,-3051.136
170,144,4,8730.126,-10602.8418,-4491.52
172,144,4,8672.4297,-10644.9121,-6086.7842
174,144,4,8172.3979,-10446.582,-7666.5601
176,144,4,7322.584,-10040.3066,-9103.0723
178,144,4,6195.1079,-9450.124,-10367.2803
180,144,4,4842.8579,-8700.0762,-11434.0156
182,144,4,3297.0862,-7827.4243,-12249.0723
184,144,4,1592.65,-6893.4702,-12727.2637
186,144,4,-143.038,-5973.9399,-12764.0479
188,144,4,-1744.1021,-5116.9141,-12316.832
190,144,4,-3035.05,-4359.6543,-11490.1602
190,146,4,-2401.5959,-4346.4321,-10955.8242
188,146,4,-1051.75,-4961.856,-11635.3604
186,146,4,616.626,-5666.228,-11912.208
184,146,4,2388.374,-6434.3062,-11668.2715
182,146,4,4071.1741,-7228.8281,-10953.8877
180,146,4,5548.4321,-7995.7041,-9912.3203
178,146,4,6786.4922,-8678.4404,-8657.792
176,146,4,7778.1421,-9250.5918,-7242.5762
174,146,4,8463.2822,-9679.7061,-5674.416
172,146,4,8768.5898,-9940.54,-4001.7119
170,146,4,8601.5117,-9991.0244,-2352.24
168,146,4,7957.2402,-9805.916,-937.024
166,146,4,6972.8022,-9368.3877,36.784
164,146,4,5915.042,-8700.0762,520.784
162,146,4,4983.4922,-7856.272,635.008
160,146,4,4256.2822,-6909.0962,557.568
160,148,4,3339.156,-6708.3623,1726.912
162,148,4,4131.2739,-7558.1763,2026.9919
164,148,4,5191.438,-8295.002,2121.856
166,148,4,6443.9219,-8855.1338,1792.736
168,148,4,7667.5581,-9197.7041,890.56
170,148,4,8553.4326,-9299.874,-544.016
172,148,4,8929.6582,-9191.6943,-2276.7361
174,148,4,8804.6504,-8903.2139,-4081.0879
176,148,4,8261.3457,-8476.5039,-5796.3838
178,148,4,7388.6943,-7941.6143,-7372.2881
180,148,4,6234.7739,-7326.1899,-8789.4404
182,148,4,4817.6162,-6667.4941,-10001.376
184,148,4,3136.0181,-6001.5859,-10899.6797
186,148,4,1313.786,-5364.5259,-11306.2402
188,148,4,-427.912,-4786.3643,-11147.4883
190,148,4,-1861.8981,-4280.3223,-10533.7764
190,150,4,-1433.9861,-4226.2319,-10194.9756
188,150,4,24.04,-4630.104,-10769.9678
186,150,4,1809.01,-5082.0562,-10876.4482
184,150,4,3668.5042,-5585.6943,-10386.6396
182,150,4,5374.1421,-6133.8062,-9370.2402
180,150,4,6784.0879,-6696.3423,-8015.04
178,150,4,7892.332,-7240.8481,-6450.752
176,150,4,8691.6621,-7732.4663,-4719.9678
174,150,4,9131.5938,-8135.1362,-2855.6001
172,150,4,9126.7861,-8420.0098,-923.472
170,150,4,8582.2803,-8557.0381,917.664
168,150,4,7496.874,-8510.1602,2410.3201
166,150,4,6058.0801,-8254.1338,3302.8159
164,150,4,4607.2661,-7794.9702,3540.9441
162,150,4,3392.0439,-7160.314,3297.0081
160,150,4,2496.554,-6404.2563,2814.9441
160,150,6,2866.77,-5487.1299,1846.944
162,150,6,3603.5959,-6100.1499,2011.504
164,150,6,4505.0962,-6619.4141,1963.104
166,150,6,5493.1401,-7011.2661,1587.52
168,150,6,6428.2959,-7260.0801,813.12
170,150,6,7136.2739,-7352.6343,-327.184
172,150,6,7504.0859,-7299.7461,-1713.36
174,150,6,7496.874,-7121.8501,-3209.8879
176,150,6,7142.2842,-6839.3799,-4677.376
178,150,6,6485.9922,-6477.5781,-6055.8081
180,150,6,5564.0581,-6060.4839,-7285.168
182,150,6,4414.9463,-5612.1382,-8305.4404
184,150,6,3084.332,-5160.186,-9035.3115
186,150,6,1680.396,-4723.8599,-9403.1523
188,150,6,328.146,-4311.5742,-9376.0479
190,150,6,-847.41,-3934.146,-9023.6963
190,148,6,-1235.656,-3926.9341,-9387.6641
188,148,6,-108.18,-4369.27,-9794.2236
186,148,6,1212.818,-4853.6763,-9889.0879
184,148,6,2593.916,-5368.1323,-9621.9199
182,148,6,3925.7322,-5897.0122,-9002.4004
180,148,6,5104.894,-6411.4683,-8098.2881
178,148,6,6083.3223,-6881.4502,-6983.1519
176,148,6,6818.9463,-7282.918,-5722.8159
174,148,6,7274.5039,-7587.0239,-4354.064
172,148,6,7406.7241,-7768.5264,-2948.5281
170,148,6,7185.5562,-7806.9902,-1614.624
168,148,6,6635.04,-7680.7803,-485.936
166,148,6,5858.5483,-7388.6943,325.248
164,148,6,5007.5322,-6940.3481,787.952
162,148,6,4210.606,-6357.3779,956.384
160,148,6,3541.092,-5679.4502,931.216
160,146,6,4276.7163,-5784.0239,-81.312
162,146,6,4872.9082,-6511.2339,-224.576
164,146,6,5555.644,-7160.314,-540.144
166,146,6,6261.2183,-7681.9819,-1113.2
168,146,6,6871.834,-8043.7842,-1984.4
170,146,6,7255.272,-8224.084,-3116.96
172,146,6,7323.7861,-8226.4883,-4408.272
174,146,6,7058.144,-8066.6221,-5740.2397
176,146,6,6490.8003,-7761.314,-7004.4478
178,146,6,5662.6221,-7337.0083,-8156.3682
180,146,6,4619.2861,-6818.9463,-9137.9199
182,146,6,3399.2561,-6227.562,-9902.6396
184,146,6,2061.4299,-5612.1382,-10384.7041
186,146,6,691.15,-5005.1279,-10533.7764
188,146,6,-599.798,-4426.9663,-10332.4316
190,146,6,-1700.8301,-3900.49,-9838.752
190,144,6,-2234.5181,-3804.3301,-10344.0479
188,144,6,-1203.202,-4399.3203,-10959.6963
186,144,6,38.464,-5056.814,-11313.9844
184,144,6,1383.5021,-5745.5601,-11343.0244
182,144,6,2747.772,-6441.5181,-11046.8164
180,144,6,4027.9021,-7093.002,-10464.0801
178,144,6,5171.0039,-7656.7402,-9633.5361
176,144,6,6121.7861,-8101.48,-8615.2002
174,144,6,6834.5723,-8399.5762,-7441.9839
172,144,6,7269.6963,-8537.8066,-6170.0317
170,144,6,7382.6841,-8494.5342,-4888.3999
168,144,6,7186.7583,-8256.5381,-3707.4399
166,144,6,6748.0283,-7834.6362,-2731.696
164,144,6,6185.4922,-7252.8682,-2003.76
162,144,6,5597.7139,-6546.0923,-1496.528
160,144,6,5056.814,-5764.792,-1151.92
160,142,6,5868.1641,-5568.8662,-2267.0559
162,142,6,6363.3882,-6357.3779,-2834.304
164,142,6,6859.814,-7091.8003,-3564.176
166,142,6,7293.7363,-7722.8501,-4493.4561
168,142,6,7566.5903,-8207.2559,-5624.0801
170,142,6,7577.4082,-8506.5537,-6892.1602
172,142,6,7278.1104,-8605.1182,-8204.7676
174,142,6,6666.292,-8508.958,-9455.4238
176,142,6,5792.438,-8231.2959,-10549.2637
178,142,6,4703.4263,-7785.354,-11445.6318
180,142,6,3452.144,-7197.5762,-12103.8721
182,142,6,2086.6721,-6499.2144,-12483.3281
184,142,6,692.352,-5745.5601,-12560.7676
186,142,6,-652.686,-4978.6841,-12307.1523
188,142,6,-1855.8881,-4247.8682,-11749.584
190,142,6,-2830.71,-3587.97,-10963.5684
190,140,6,-3465.366,-3167.27,-11616.0
188,140,6,-2591.512,-3834.3801,-12609.168
186,140,6,-1447.208,-4591.6401,-13428.0957
184,140,6,-114.19,-5382.5562,-13950.8164
182,140,6,1327.0081,-6166.2603,-14150.2236
180,140,6,2781.428,-6873.0361,-14014.7041
178,140,6,4169.7383,-7465.6221,-13548.1279
176,140,6,5425.8281,-7903.1499,-12783.4082
174,140,6,6488.396,-8166.3882,-11751.5195
172,140,6,7298.5439,-8239.71,-10502.7998
170,140,6,7803.3843,-8115.9043,-9114.6875
168,140,6,7984.8862,-7793.7681,-7699.4722
166,140,6,7879.1104,-7297.3423,-6367.5039
164,140,6,7567.792,-6666.292,-5194.2881
162,140,6,7141.082,-5939.082,-4201.1201
160,140,6,6677.1104,-5164.9941,-3378.3201
160,138,6,7419.9463,-4537.5503,-4402.4639
162,138,6,7868.292,-5210.6699,-5457.584
164,138,6,8239.71,-5853.7402,-6704.3682
166,138,6,8452.4639,-6422.2861,-8133.1357
168,138,6,8416.4043,-6870.6323,-9691.6162
170,138,6,8060.6123,-7167.5264,-11273.3281
172,138,6,7373.0684,-7285.3223,-12767.9199
174,138,6,6374.2061,-7215.606,-14053.4238
176,138,6,5142.1562,-6972.8022,-15044.6563
178,138,6,3726.2,-6562.9199,-15706.7676
180,138,6,2199.6602,-6003.9902,-15999.1035
182,138,6,643.07,-5334.4761,-15898.4316
184,138,6,-855.824,-4588.0342,-15420.2402
186,138,6,-2188.842,-3834.3801,-14593.5684
188,138,6,-3275.45,-3121.594,-13499.7275
190,138,6,-4079.5881,-2488.1401,-12258.752
190,136,6,-4609.6699,-1522.9341,-12758.2402
188,136,6,-3908.9041,-2010.946,-14208.3037
186,136,6,-2882.396,-2589.1082,-15571.248
184,136,6,-1579.428,-3204.532,-16674.7676
182,136,6,-50.484,-3830.7742,-17431.7441
180,136,6,1597.458,-4414.9463,-17762.8008
178,136,6,3244.198,-4918.584,-17640.832
176,136,6,4801.9902,-5305.6279,-17089.0723
174,136,6,6202.3203,-5564.0581,-16128.8154
172,136,6,7370.6641,-5674.6421,-14818.1436
170,136,6,8238.5078,-5638.582,-13222.8799
168,136,6,8752.9639,-5452.272,-11480.4795
166,136,6,8922.4463,-5132.54,-9705.168
164,136,6,8802.2461,-4719.0522,-8049.8882
162,136,6,8484.918,-4221.4243,-6566.9121
160,136,6,8059.4102,-3684.1301,-5289.1519
160,134,6,8518.5742,-2685.2681,-5947.3921
162,134,6,8914.0322,-3011.01,-7354.8638
164,134,6,9182.0781,-3287.47,-8983.04
166,134,6,9222.9463,-3483.396,-10785.4561
168,134,6,8956.1025,-3593.98,-12678.8643
170,134,6,8325.0518,-3606.0,-14523.8721
172,134,6,7345.4224,-3512.2441,-16159.792
174,134,6,6056.8779,-3327.136,-17485.9512
176,134,6,4550.772,-3055.4841,-18401.6797
178,134,6,2893.2141,-2704.5,-18876.0
180,134,6,1163.536,-2287.406,-18876.0
182,134,6,-527.678,-1847.474,-18382.3203
184,134,6,-2063.834,-1403.936,-17445.2969
186,134,6,-3352.3782,-988.044,-16140.4316
188,134,6,-4328.4019,-629.848,-14610.9922
190,134,6,-4967.8662,-338.964,-13006.0479
190,132,6,-5128.9341,957.994,-12909.248
188,132,6,-4556.7822,915.924,-14512.2559
186,132,6,-3648.0701,818.562,-16092.0322
184,132,6,-2416.02,656.292,-17462.7207
182,132,6,-905.106,430.316,-18492.6719
180,132,6,771.684,167.078,-19083.1523
178,132,6,2515.7861,-140.634,-19189.6328
176,132,6,4215.4141,-466.376,-18810.1758
174,132,6,5778.0142,-777.694,-17964.1445
172,132,6,7133.8701,-1066.1741,-16701.8711
170,132,6,8202.4482,-1322.2001,-15096.9277
168,132,6,8923.6484,-1525.338,-13271.2803
166,132,6,9284.248,-1657.558,-11362.3838
164,132,6,9326.3184,-1711.6481,-9527.0557
162,132,6,9129.1904,-1679.194,-7834.9922
160,132,6,8785.418,-1575.822,-6355.8882
160,130,6,8862.3457,-492.82,-6493.3437
162,130,6,9131.5938,-383.438,-7931.792
164,130,6,9255.4004,-189.916,-9558.0322
166,130,6,9140.0078,90.15,-11315.9199
168,130,6,8720.5098,437.528,-13106.7197
170,130,6,7960.8462,828.178,-14816.208
172,130,6,6883.854,1229.646,-16295.3115
174,130,6,5524.3921,1617.8921,-17462.7207
176,130,6,3976.2161,1962.8661,-18227.4395
178,130,6,2307.8401,2250.144,-18544.9434
180,130,6,610.616,2456.8879,-18403.6152
182,130,6,-1025.306,2566.27,-17805.3926
184,130,6,-2467.7061,2587.906,-16798.6719
186,130,6,-3642.0601,2522.998,-15491.8721
188,130,6,-4507.5,2385.97,-14005.0234
190,130,6,-5060.4199,2209.2761,-12463.9678
190,128,6,-4809.2021,3275.45,-11728.2881
188,128,6,-4283.9282,3612.01,-13075.7441
186,128,6,-3473.78,3924.53,-14401.9043
184,128,6,-2389.5759,4161.3242,-15557.6963
182,128,6,-1049.3461,4298.3521,-16469.5527
180,128,6,462.77,4315.1802,-17021.3125
178,128,6,2054.218,4191.374,-17183.9355
176,128,6,3622.8281,3946.166,-16934.1914
174,128,6,5106.0962,3587.97,-16289.5039
172,128,6,6421.084,3134.8162,-15282.7842
170,128,6,7490.8643,2629.9761,-13975.9844
168,128,6,8266.1543,2107.106,-12469.7764
166,128,6,8744.5498,1598.66,-10857.0879
164,128,6,8940.4766,1145.506,-9269.5684
162,128,6,8908.0225,769.28,-7763.3599
160,128,6,8724.1162,482.002,-6402.3521
160,126,6,8444.0498,1300.564,-6133.248
162,126,6,8542.6143,1708.042,-7354.8638
164,126,6,8498.1406,2198.458,-8675.2158
166,126,6,8251.7305,2759.792,-10053.6475
168,126,6,7758.9102,3359.5901,-11434.0156
170,126,6,6996.8423,3959.3882,-12725.3281
172,126,6,5981.1523,4515.9141,-13832.7197
174,126,6,4756.314,4988.3003,-14690.3682
176,126,6,3394.448,5338.082,-15230.5117
178,126,6,1941.23,5554.4419,-15443.4717
180,126,6,491.618,5621.7539,-15304.0801
182,126,6,-891.884,5531.604,-14843.3115
184,126,6,-2113.116,5304.4263,-14080.5283
186,126,6,-3122.7961,4970.27,-13098.9756
188,126,6,-3892.0762,4567.6001,-11989.6475
190,126,6,-4416.1479,4128.8701,-10820.3037
190,124,6,-3976.2161,4695.0122,-9848.4316
188,124,6,-3474.9822,5167.3979,-10808.6875
186,124,6,-2760.9941,5613.3403,-11728.2881
184,124,6,-1849.8781,5984.7583,-12522.0479
182,124,6,-750.048,6254.0063,-13147.376
180,124,6,484.406,6386.2261,-13526.832
178,124,6,1794.5861,6360.9839,-13644.9277
176,124,6,3098.7561,6184.29,-13480.3682
174,124,6,4341.624,5854.9419,-13029.2803
172,124,6,5461.8882,5401.7881,-12330.3838
170,124,6,6413.8721,4846.4639,-11410.7842
168,124,6,7150.6982,4232.2422,-10334.3682
166,124,6,7662.75,3601.1921,-9170.832
164,124,6,7958.4424,2997.7881,-8003.4238
162,124,6,8078.6421,2441.262,-6847.6318
160,124,6,8065.4199,1954.452,-5763.4722
160,122,6,7619.478,2430.4441,-5308.5122
162,122,6,7570.1963,2947.304,-6235.856
164,122,6,7399.5122,3518.2542,-7205.792
166,122,6,7074.9722,4127.668,-8181.5361
168,122,6,6571.334,4751.5059,-9137.9199
170,122,6,5880.1841,5347.6982,-10016.8643
172,122,6,5019.5522,5874.1743,-10764.1602
174,122,6,4009.8721,6302.0859,-11343.0244
176,122,6,2904.032,6602.5859,-11708.9277
178,122,6,1748.91,6764.856,-11854.1279
180,122,6,596.192,6774.4722,-11774.752
182,122,6,-507.244,6635.04,-11484.3516
184,122,6,-1491.682,6363.3882,-10998.416
186,122,6,-2325.8701,5994.374,-10365.3438
188,122,6,-2995.384,5552.0381,-9633.5361
190,122,6,-3488.2041,5073.6421,-8843.6484
190,120,6,-3032.646,5249.1343,-7910.4961
188,120,6,-2568.6741,5695.0762,-8537.7598
186,120,6,-1955.6541,6110.9683,-9126.3037
184,120,6,-1210.4141,6457.144,-9621.9199
182,120,6,-334.156,6714.3721,-10001.376
180,120,6,631.05,6851.3999,-10227.8877
178,120,6,1647.942,6856.208,-10285.9678
176,120,6,2668.4399,6722.7861,-10160.1279
174,120,6,3651.676,6454.7402,-9854.2402
172,120,6,4553.1763,6068.8979,-9383.792
170,120,6,5338.082,5583.29,-8772.0156
168,120,6,5978.748,5036.3799,-8061.5039
166,120,6,6472.77,4444.9961,-7267.7441
164,120,6,6817.7441,3858.4202,-6454.624
162,120,6,7029.2959,3289.874,-5629.8882
160,120,6,7133.8701,2762.196,-4832.2559
160,120,8,6401.8521,2319.8601,-4516.688
162,120,8,6275.6421,2728.54,-5223.3281
164,120,8,6060.4839,3167.27,-5947.3921
166,120,8,5738.3481,3619.2222,-6657.9038
168,120,8,5300.8203,4069.9722,-7337.4399
170,120,8,4746.6982,4491.874,-7955.0239
172,120,8,4079.5881,4870.5039,-8481.6162
174,120,8,3318.7222,5175.812,-8890.1123
176,120,8,2496.554,5395.7783,-9168.8955
178,120,8,1646.74,5515.978,-9286.9922
180,120,8,792.118,5534.0083,-9259.8877
182,120,8,-25.242,5454.6763,-9089.5195
184,120,8,-777.694,5282.79,-8791.376
186,120,8,-1431.582,5042.3901,-8386.752
188,120,8,-1980.896,4744.2939,-7902.752
190,120,8,-2416.02,4412.542,-7370.3521
190,122,8,-2758.5901,4187.7681,-8152.4961
188,122,8,-2307.8401,4518.3179,-8793.3115
186,122,8,-1720.062,4823.626,-9387.6641
184,122,8,-1007.276,5067.6323,-9889.0879
182,122,8,-182.704,5241.9219,-10266.6084
180,122,8,729.614,5322.4561,-10491.1836
178,122,8,1681.598,5296.0122,-10539.584
176,122,8,2635.9861,5161.3882,-10402.1279
174,122,8,3547.1021,4926.998,-10078.8164
172,122,8,4388.502,4602.458,-9589.0078
170,122,8,5113.3081,4208.2021,-8957.8721
168,122,8,5707.0962,3764.6641,-8216.3838
166,122,8,6161.4521,3301.894,-7407.1357
164,122,8,6475.1743,2842.73,-6570.7842
162,122,8,6666.292,2412.4141,-5730.5601
160,122,8,6757.644,2010.946,-4911.6318
160,124,8,7094.2041,1581.832,-5271.728
162,124,8,7050.9321,1935.2201,-6187.4561
164,124,8,6897.0762,2339.092,-7155.4561
166,124,8,6606.1919,2774.2161,-8119.584
168,124,8,6154.2402,3229.7742,-9070.1602
170,124,8,5532.8062,3674.5142,-9949.1035
172,124,8,4755.1123,4080.79,-10706.0801
174,124,8,3845.198,4420.9561,-11290.752
176,124,8,2842.73,4675.7803,-11672.1436
178,124,8,1790.98,4832.04,-11836.7041
180,124,8,732.018,4880.1201,-11776.6875
182,124,8,-276.46,4821.2222,-11507.584
184,124,8,-1191.182,4666.1641,-11048.752
186,124,8,-1973.6841,4434.1782,-10438.9121
188,124,8,-2609.542,4143.2939,-9724.5283
190,124,8,-3090.342,3821.158,-8954.0
190,126,8,-3390.842,3291.0762,-9709.04
188,126,8,-2901.6282,3561.5261,-10601.5361
186,126,8,-2232.114,3805.532,-11441.7598
184,126,8,-1393.118,3995.448,-12165.8242
182,126,8,-399.064,4114.4463,-12719.5195
180,126,8,707.978,4139.688,-13044.7676
178,126,8,1861.8981,4061.5581,-13122.208
176,126,8,3014.616,3889.6721,-12932.4795
174,126,8,4098.8203,3627.636,-12487.2002
172,126,8,5082.0562,3286.2681,-11805.7275
170,126,8,5910.2339,2889.6082,-10926.7842
168,126,8,6554.5063,2476.1201,-9904.5762
166,126,8,7000.4482,2057.824,-8804.9277
164,126,8,7266.0903,1665.972,-7691.728
162,126,8,7377.876,1319.796,-6601.7598
160,126,8,7369.4619,1024.104,-5566.0
160,128,8,7564.186,342.57,-5755.728
162,128,8,7627.8921,533.688,-6861.1841
164,128,8,7573.8022,784.906,-8063.4399
166,128,8,7351.4321,1090.214,-9300.5439
168,128,8,6925.9243,1432.7841,-10545.3916
170,128,8,6287.6621,1790.98,-11708.9277
172,128,8,5439.0503,2140.762,-12715.6475
174,128,8,4410.1382,2462.8979,-13509.4082
176,128,8,3253.814,2732.146,-14036.0
178,128,8,2027.774,2932.8801,-14270.2559
180,128,8,782.502,3057.8879,-14196.6875
182,128,8,-409.882,3091.5439,-13826.9121
184,128,8,-1485.672,3049.4741,-13205.4561
186,128,8,-2390.7781,2940.092,-12378.7842
188,128,8,-3109.574,2775.418,-11422.4004
190,128,8,-3628.8381,2577.0881,-10400.1924
190,130,8,-3777.886,1710.446,-10926.7842
188,130,8,-3245.4001,1786.172,-12028.3682
186,130,8,-2494.1501,1831.848,-13077.6797
184,130,8,-1538.5601,1825.838,-13979.8555
182,130,8,-402.67,1763.334,-14657.4561
180,130,8,855.824,1641.932,-15044.6563
178,130,8,2158.792,1465.238,-15112.416
176,130,8,3446.134,1241.666,-14839.4395
174,130,8,4644.5283,978.428,-14245.0879
172,130,8,5701.0859,695.958,-13362.2715
170,130,8,6558.1123,413.488,-12249.0723
168,130,8,7187.96,147.846,-10967.4395
166,130,8,7582.2163,-85.342,-9616.1123
164,130,8,7758.9102,-268.046,-8266.7197
162,130,8,7761.314,-388.246,-6981.2158
160,130,8,7635.104,-455.558,-5804.1279
160,132,8,7577.4082,-1290.948,-5666.6719
162,132,8,7754.1021,-1377.4921,-6843.7598
164,132,8,7813.0,-1412.35,-8152.4961
166,132,8,7696.4062,-1381.098,-9540.6084
168,132,8,7357.4419,-1290.948,-10955.8242
170,132,8,6770.8662,-1150.314,-12301.3438
172,132,8,5941.4863,-965.206,-13499.7275
174,132,8,4902.958,-745.24,-14461.9199
176,132,8,3706.968,-508.446,-15125.9678
178,132,8,2405.2021,-254.824,-15458.96
180,132,8,1069.78,-8.414,-15443.4717
182,132,8,-224.774,206.744,-15089.1836
184,132,8,-1408.744,396.66,-14411.584
186,132,8,-2412.4141,548.112,-13491.9844
188,132,8,-3205.7341,656.292,-12403.9521
190,132,8,-3776.6841,722.402,-11250.0957
190,134,8,-3655.282,-266.844,-11317.8555
188,134,8,-3053.0801,-484.406,-12442.6719
186,134,8,-2223.7,-746.442,-13491.9844
184,134,8,-1192.384,-1049.3461,-14357.376
182,134,8,2.404,-1372.6841,-14973.0234
180,134,8,1304.17,-1702.032,-15269.2314
178,134,8,2629.9761,-2022.9661,-15220.832
176,134,8,3904.0962,-2301.8301,-14833.6318
174,134,8,5059.2183,-2525.4021,-14121.1836
172,134,8,6055.6763,-2690.0759,-13124.1436
170,134,8,6826.1582,-2786.2361,-11904.4639
168,134,8,7355.0381,-2799.458,-10537.6475
166,134,8,7631.498,-2740.5601,-9126.3037
164,134,8,7686.79,-2614.3501,-7757.5518
162,134,8,7576.2061,-2422.03,-6483.6641
160,134,8,7352.6343,-2180.428,-5335.6162
160,136,8,7017.2764,-2947.304,-4809.0239
162,136,8,7278.1104,-3324.7322,-5846.7197
164,136,8,7441.582,-3664.8979,-7021.8721
166,136,8,7454.8042,-3932.9441,-8297.6963
168,136,8,7262.4844,-4127.668,-9635.4717
170,136,8,6829.7642,-4223.8281,-10948.0801
172,136,8,6150.6343,-4217.8179,-12154.208
174,136,8,5250.3359,-4108.436,-13166.7363
176,136,8,4169.7383,-3901.6921,-13929.5195
178,136,8,2962.9302,-3609.606,-14396.0957
180,136,8,1684.0021,-3240.592,-14549.04
182,136,8,402.67,-2822.2961,-14365.1201
184,136,8,-796.926,-2382.364,-13884.9922
186,136,8,-1849.8781,-1952.0481,-13137.6963
188,136,8,-2721.3281,-1550.5801,-12194.8643
190,136,8,-3378.822,-1202.0,-11151.3604
190,138,8,-3008.606,-1973.6841,-10789.3281
188,138,8,-2309.042,-2416.02,-11689.5684
186,138,8,-1412.35,-2908.8401,-12469.7764
184,138,8,-348.58,-3430.5081,-13048.6396
182,138,8,831.784,-3950.9741,-13373.8877
180,138,8,2055.4199,-4429.3701,-13410.6719
178,138,8,3257.4202,-4842.8579,-13149.3115
176,138,8,4375.2803,-5162.5903,-12611.1035
174,138,8,5351.3042,-5371.7383,-11819.2803
172,138,8,6143.4219,-5460.686,-10806.752
170,138,8,6709.564,-5422.2222,-9647.0879
168,138,8,7036.5083,-5253.9419,-8415.792
166,138,8,7137.4761,-4969.0679,-7192.2397
164,138,8,7049.73,-4597.6499,-6042.2559
162,138,8,6835.7739,-4151.708,-5006.4961
160,138,8,6543.688,-3660.0901,-4102.3838
160,140,8,5997.98,-4169.7383,-3283.4561
162,140,8,6320.1162,-4728.668,-4017.2
164,140,8,6592.9702,-5245.5283,-4882.5918
166,140,8,6764.856,-5675.8442,-5868.0161
168,140,8,6776.876,-6011.2021,-6948.3042
170,140,8,6578.5459,-6219.1479,-8076.9922
172,140,8,6153.0381,-6287.6621,-9174.7041
174,140,8,5499.1499,-6215.542,-10179.4883
176,140,8,4651.7402,-6007.5962,-11019.7119
178,140,8,3646.8682,-5681.854,-11652.7842
180,140,8,2533.8162,-5250.3359,-12049.6641
182,140,8,1372.6841,-4745.4961,-12179.376
184,140,8,216.36,-4191.374,-12043.8555
186,140,8,-855.824,-3630.04,-11660.5283
188,140,8,-1795.7881,-3089.1401,-11062.3037
190,140,8,-2556.6541,-2598.7241,-10313.0723
190,142,8,-2092.6821,-3012.2122,-9786.4795
188,142,8,-1290.948,-3503.8301,-10380.832
186,142,8,-323.338,-4044.73,-10806.752
184,142,8,742.836,-4601.2559,-11006.1602
182,142,8,1859.494,-5150.5703,-10965.5039
180,142,8,2960.5261,-5659.0161,-10677.04
178,142,8,3984.6301,-6097.7461,-10158.1924
176,142,8,4878.918,-6431.9023,-9436.0635
174,142,8,5602.522,-6647.0601,-8553.248
172,142,8,6122.9883,-6731.2002,-7546.5278
170,142,8,6411.4683,-6671.1001,-6487.5361
168,142,8,6478.7803,-6470.3662,-5447.9038
166,142,8,6350.166,-6132.604,-4487.6479
164,142,8,6083.3223,-5684.2583,-3653.2319
162,142,8,5744.3579,-5146.9639,-2958.208
160,142,8,5380.1519,-4553.1763,-2387.0879
160,144,8,4758.7183,-4749.1021,-1475.2319
162,144,8,5166.1963,-5341.688,-1875.984
164,144,8,5580.8862,-5872.9722,-2408.384
166,144,8,5945.0923,-6309.2983,-3097.6001
168,144,8,6201.1182,-6627.8281,-3947.5039
170,144,8,6278.0459,-6812.936,-4917.4399
172,144,8,6132.604,-6858.6123,-5949.3281
174,144,8,5752.772,-6763.6543,-6973.4722
176,144,8,5157.7822,-6548.4961,-7918.2397
178,144,8,4372.876,-6219.1479,-8737.168
180,144,8,3434.114,-5799.6499,-9389.5996
182,144,8,2395.5859,-5315.2441,-9832.9443
184,144,8,1304.17,-4794.7783,-10042.0322
186,144,8,231.986,-4271.9082,-10005.248
188,144,8,-762.068,-3763.4622,-9734.208
190,144,8,-1622.7001,-3289.874,-9261.8242
190,146,8,-1199.5961,-3447.3362,-8795.248
188,146,8,-319.732,-3871.6421,-9153.4082
186,146,8,695.958,-4329.604,-9308.2881
184,146,8,1766.9401,-4801.9902,-9217.2959
182,146,8,2833.114,-5273.1743,-8874.624
180,146,8,3831.9761,-5722.7222,-8305.4404
178,146,8,4699.8203,-6114.5742,-7540.7197
176,146,8,5396.98,-6434.3062,-6630.7998
174,146,8,5887.396,-6653.0703,-5624.0801
172,146,8,6147.0283,-6761.25,-4565.0879
170,146,8,6162.6543,-6742.0181,-3529.3279
168,146,8,5955.9102,-6590.5659,-2596.176
166,146,8,5577.2803,-6305.6919,-1825.6479
164,146,8,5107.2979,-5905.4263,-1244.848
162,146,8,4609.6699,-5399.3843,-842.16
160,146,8,4143.2939,-4821.2222,-582.736
160,148,8,3559.1221,-4780.354,259.424
162,148,8,4080.79,-5321.2539,131.648
164,148,8,4658.9521,-5788.832,-152.944
166,148,8,5235.9121,-6155.4419,-640.816
168,148,8,5738.3481,-6410.2661,-1353.264
170,148,8,6074.9082,-6538.8799,-2265.1199
172,148,8,6185.4922,-6542.4863,-3316.3679
174,148,8,6041.252,-6429.498,-4421.8242
176,148,8,5651.8042,-6219.1479,-5502.1118
178,148,8,5039.9863,-5925.8604,-6501.0879
180,148,8,4235.8481,-5567.6641,-7366.48
182,148,8,3281.46,-5164.9941,-8047.9521
184,148,8,2230.9121,-4747.8999,-8508.7197
186,148,8,1149.1121,-4323.5942,-8708.1279
188,148,8,112.988,-3917.3181,-8650.0479
190,148,8,-806.542,-3537.4861,-8365.4561
190,150,8,-465.174,-3589.1721,-7980.1919
188,150,8,460.366,-3917.3181,-8204.7676
186,150,8,1510.9141,-4265.8979,-8197.0244
184,150,8,2592.7141,-4625.2959,-7922.1118
182,150,8,3634.8481,-4988.3003,-7380.0317
180,150,8,4562.792,-5336.8799,-6607.5679
178,150,8,5318.8501,-5653.0059,-5655.0562
176,150,8,5871.77,-5918.6479,-4574.7681
174,150,8,6180.6841,-6115.7759,-3422.8479
172,150,8,6232.3701,-6229.9663,-2263.1841
170,150,8,6014.8081,-6240.7842,-1182.896
168,150,8,5562.856,-6138.6143,-269.104
166,150,8,4945.0283,-5919.8501,412.368
164,150,8,4261.0898,-5592.9062,838.288
162,150,8,3592.7781,-5164.9941,1033.824
160,150,8,3000.1921,-4658.9521,1057.056
160,150,10,2996.5859,-3978.6201,451.088
162,150,10,3454.5481,-4392.1079,331.056
164,150,10,3946.166,-4746.6982,73.568
166,150,10,4424.562,-5026.7642,-346.544
168,150,10,4841.6562,-5222.6899,-940.896
170,150,10,5132.54,-5328.4663,-1688.192
172,150,10,5253.9419,-5345.2939,-2549.7119
174,150,10,5179.418,-5281.5879,-3469.312
176,150,10,4906.564,-5144.5601,-4377.2959
178,150,10,4451.0059,-4949.8359,-5229.1357
180,150,10,3834.3801,-4707.0322,-5976.4321
182,150,10,3090.342,-4432.9761,-6580.4639
184,150,10,2262.1641,-4140.8901,-7006.3838
186,150,10,1405.1381,-3841.592,-7234.832
188,150,10,568.546,-3547.1021,-7261.936
190,150,10,-194.724,-3259.824,-7116.7358
190,148,10,-482.002,-3174.4822,-7474.896
188,148,10,260.834,-3488.2041,-7674.3042
186,148,10,1089.012,-3817.552,-7705.2798
184,148,10,1946.0381,-4150.5059,-7550.3999
182,148,10,2788.6401,-4479.854,-7196.1118
180,148,10,3561.5261,-4788.7681,-6667.584
178,148,10,4225.0303,-5058.0161,-5986.1118
176,148,10,4739.4863,-5276.7803,-5196.2241
174,148,10,5080.854,-5427.0303,-4336.6401
172,148,10,5237.1143,-5497.9482,-3457.696
170,148,10,5204.6602,-5477.5142,-2611.6641
168,148,10,5007.5322,-5363.3242,-1856.624
166,148,10,4680.5879,-5154.1763,-1229.36
164,148,10,4280.3223,-4856.0801,-753.104
162,148,10,3856.0161,-4479.854,-420.112
160,148,10,3446.134,-4038.72,-211.024
160,146,10,3923.3281,-4031.5081,-921.536
162,146,10,4277.918,-4484.6621,-1227.424
164,146,10,4633.71,-4878.918,-1643.6639
166,146,10,4949.8359,-5198.6499,-2187.6799
168,146,10,5184.2261,-5427.0303,-2855.6001
170,146,10,5287.5981,-5558.0483,-3633.8721
172,146,10,5227.498,-5586.896,-4472.1602
174,146,10,4987.0981,-5518.3823,-5322.064
176,146,10,4570.0039,-5362.1221,-6133.248
178,146,10,3993.0442,-5130.1362,-6861.1841
180,146,10,3283.864,-4834.4438,-7463.2798
182,146,10,2473.7161,-4494.2783,-7914.3682
184,146,10,1617.8921,-4131.2739,-8179.6001
186,146,10,752.452,-3758.6541,-8257.04
188,146,10,-68.514,-3393.2461,-8146.688
190,146,10,-804.138,-3044.666,-7877.584
190,144,10,-1150.314,-2852.3459,-8284.1436
188,144,10,-444.74,-3218.9561,-8640.3682
186,144,10,361.802,-3607.2021,-8841.7119
184,144,10,1221.2321,-4002.6602,-8870.752
182,144,10,2102.2981,-4394.5122,-8708.1279
180,144,10,2947.304,-4757.5161,-8365.4561
178,144,10,3720.1902,-5074.8442,-7846.6079
176,144,10,4369.27,-5318.8501,-7188.3682
174,144,10,4875.312,-5482.3223,-6429.4561
172,144,10,5214.2759,-5548.4321,-5600.8481
170,144,10,5377.748,-5514.7759,-4760.624
168,144,10,5377.748,-5376.5459,-3955.248
166,144,10,5239.5181,-5137.3481,-3223.4399
164,144,10,5006.3301,-4808.0,-2598.1121
162,144,10,4717.8501,-4404.1279,-2081.2
160,144,10,4411.3398,-3940.156,-1661.088
160,142,10,4895.7461,-3737.0181,-2406.448
162,142,10,5157.7822,-4181.7583,-2936.9119
164,142,10,5384.96,-4578.418,-3562.24
166,142,10,5541.2202,-4907.7661,-4284.3682
168,142,10,5588.0981,-5151.772,-5089.7441
170,142,10,5488.332,-5297.2139,-5941.584
172,142,10,5223.8921,-5338.082,-6799.2319
174,142,10,4786.3643,-5273.1743,-7614.2881
176,142,10,4192.5762,-5112.106,-8332.5439
178,142,10,3464.1641,-4864.4941,-8921.0879
180,142,10,2635.9861,-4544.7622,-9350.8799
182,142,10,1742.9,-4168.5361,-9590.9443
184,142,10,841.4,-3762.26,-9637.4082
186,142,10,-26.444,-3349.9741,-9496.0801
188,142,10,-823.37,-2944.9001,-9180.5117
190,142,10,-1508.51,-2565.0681,-8725.5518
190,140,10,-1865.504,-2169.6101,-9135.9844
188,140,10,-1222.4341,-2526.604,-9691.6162
186,140,10,-445.942,-2920.8601,-10133.0244
184,140,10,423.104,-3327.136,-10404.0635
182,140,10,1347.442,-3727.4021,-10487.3115
180,140,10,2280.1941,-4096.416,-10363.4082
178,140,10,3173.28,-4416.1479,-10032.3516
176,140,10,3981.0242,-4664.9619,-9519.3115
174,140,10,4673.376,-4830.8379,-8839.7764
172,140,10,5213.0742,-4900.5542,-8034.3999
170,140,10,5584.4922,-4869.3022,-7149.6479
168,140,10,5784.0239,-4738.2842,-6241.6641
166,140,10,5829.7002,-4512.3081,-5353.04
164,140,10,5749.166,-4207.0,-4528.3042
162,140,10,5580.8862,-3834.3801,-3782.9441
160,140,10,5362.1221,-3413.6802,-3126.6399
160,138,10,5782.8223,-2965.334,-3781.0081
162,138,10,5967.9302,-3319.9241,-4541.856
164,138,10,6088.1299,-3637.252,-5393.6958
166,138,10,6100.1499,-3895.6821,-6319.104
168,138,10,5975.1421,-4083.1941,-7287.104
170,138,10,5684.2583,-4188.9702,-8253.168
172,138,10,5216.6802,-4207.0,-9166.96
174,138,10,4583.2261,-4126.4663,-9970.4004
176,138,10,3810.3401,-3965.3982,-10611.2158
178,138,10,2925.668,-3724.998,-11068.1123
180,138,10,1976.088,-3422.094,-11310.1123
182,138,10,1000.064,-3073.5142,-11327.5361
184,138,10,51.686,-2699.6921,-11128.1279
186,138,10,-817.36,-2324.668,-10731.248
188,138,10,-1572.2161,-1967.6741,-10177.5518
190,138,10,-2194.8521,-1638.326,-9505.7598
190,136,10,-2473.7161,-991.65,-9767.1201
188,136,10,-1894.3521,-1246.474,-10522.1602
186,136,10,-1159.9301,-1536.156,-11182.3359
184,136,10,-305.308,-1843.868,-11691.5039
182,136,10,647.878,-2162.3979,-12001.2637
180,136,10,1656.3561,-2471.312,-12086.4482
178,136,10,2656.4202,-2750.176,-11937.376
176,136,10,3602.394,-2978.5562,-11546.3037
174,136,10,4454.6123,-3150.4421,-10940.3359
172,136,10,5172.2061,-3251.4102,-10148.5117
170,136,10,5726.3281,-3281.46,-9217.2959
168,136,10,6100.1499,-3233.3801,-8208.6396
166,136,10,6300.8843,-3113.1802,-7165.1357
164,136,10,6350.166,-2930.4761,-6156.48
162,136,10,6281.6523,-2693.6821,-5211.7119
160,136,10,6132.604,-2413.616,-4346.3198
160,134,10,6400.6499,-1778.9601,-4764.4961
162,134,10,6512.436,-1956.8561,-5687.9678
164,134,10,6536.4761,-2096.2881,-6694.688
166,134,10,6433.104,-2185.2361,-7755.6157
168,134,10,6174.6743,-2217.6899,-8833.9678
170,134,10,5733.54,-2192.448,-9873.5996
172,134,10,5120.52,-2110.7122,-10804.8164
174,134,10,4342.8262,-1978.4921,-11586.96
176,134,10,3441.3262,-1804.202,-12156.1436
178,134,10,2449.676,-1593.8521,-12493.0078
180,134,10,1413.552,-1357.058,-12582.0635
182,134,10,390.65,-1113.052,-12417.5039
184,134,10,-562.536,-867.844,-12024.4961
186,134,10,-1407.542,-638.262,-11441.7598
188,134,10,-2116.7219,-433.922,-10708.0156
190,134,10,-2675.6521,-262.036,-9889.0879
190,132,10,-2788.6401,519.264,-9831.0078
188,132,10,-2269.376,453.154,-10659.6162
186,132,10,-1590.246,349.782,-11424.3359
184,132,10,-772.886,218.764,-12051.5996
182,132,10,165.876,58.898,-12496.8799
180,132,10,1180.364,-114.19,-12713.7119
178,132,10,2221.2961,-307.712,-12686.6084
176,132,10,3235.7842,-504.84,-12400.0801
174,132,10,4170.9399,-691.15,-11873.4883
172,132,10,4985.896,-861.834,-11137.8076
170,132,10,5651.8042,-1004.872,-10227.8877
168,132,10,6142.2202,-1111.85,-9201.8076
166,132,10,6457.144,-1176.7581,-8121.52
164,132,10,6613.4043,-1195.99,-7047.04
162,132,10,6636.2422,-1165.9401,-6009.3437
160,132,10,6562.9199,-1095.022,-5045.2158
160,130,10,6624.2222,-412.286,-5163.312
162,130,10,6659.0801,-376.226,-6111.9521
164,130,10,6596.5762,-299.298,-7128.3521
166,130,10,6403.0542,-177.896,-8179.6001
168,130,10,6053.272,-20.434,-9221.168
170,130,10,5532.8062,164.674,-10202.7197
172,130,10,4851.272,364.206,-11060.3682
174,130,10,4020.6902,573.354,-11749.584
176,130,10,3085.5339,765.674,-12233.584
178,130,10,2080.6621,948.378,-12481.3916
180,130,10,1060.1641,1098.6281,-12481.3916
182,130,10,62.504,1211.616,-12245.2002
184,130,10,-848.612,1290.948,-11788.3037
186,130,10,-1643.134,1330.614,-11162.9756
188,130,10,-2295.8201,1330.614,-10419.5518
190,130,10,-2800.6602,1301.766,-9596.752
190,128,10,-2729.7419,2004.936,-9197.9355
188,128,10,-2256.1541,2115.52,-9954.9121
186,128,10,-1635.922,2200.8621,-10655.7441
184,128,10,-885.874,2246.5381,-11246.2236
182,128,10,-19.232,2244.134,-11683.7598
180,128,10,931.55,2190.0439,-11923.8242
178,128,10,1915.988,2078.2581,-11945.1201
176,128,10,2883.5981,1921.998,-11741.8398
174,128,10,3800.7241,1721.264,-11315.9199
172,128,10,4621.6899,1486.874,-10694.4639
170,128,10,5310.436,1238.0601,-9902.6396
168,128,10,5848.9321,990.448,-9002.4004
166,128,10,6232.3701,751.25,-8026.6558
164,128,10,6463.1543,543.304,-7039.2959
162,128,10,6571.334,369.014,-6067.4238
160,128,10,6578.5459,235.592,-5147.8237
160,126,10,6447.5283,795.724,-5006.4961
162,126,10,6401.8521,1004.872,-5862.208
164,126,10,6261.2183,1250.0801,-6752.7681
166,126,10,6003.9902,1526.54,-7654.9438
168,126,10,5610.936,1821.03,-8533.8877
170,126,10,5073.6421,2120.3281,-9350.8799
172,126,10,4398.1182,2402.7981,-10055.584
174,126,10,3610.8081,2656.4202,-10613.1523
176,126,10,2742.9641,2857.1541,-10988.7363
178,126,10,1821.03,3002.5959,-11166.8477
180,126,10,895.49,3083.1301,-11141.6797
182,126,10,0.0,3095.1501,-10924.8477
184,126,10,-814.956,3045.8682,-10535.7119
186,126,10,-1527.7421,2943.698,-10005.248
188,126,10,-2117.9241,2799.458,-9374.1123
190,126,10,-2579.4919,2623.9661,-8681.0244
190,124,10,-2389.5759,3084.332,-8092.48
188,124,10,-1954.452,3294.6821,-8692.6396
186,124,10,-1400.3301,3480.9919,-9246.3359
184,124,10,-740.432,3621.626,-9709.04
182,124,10,18.03,3709.3721,-10051.7119
180,124,10,845.006,3729.8062,-10243.376
178,124,10,1706.8401,3676.918,-10266.6084
176,124,10,2561.4622,3548.304,-10115.5996
174,124,10,3381.2261,3355.9841,-9790.3516
172,124,10,4125.2642,3103.564,-9310.2236
170,124,10,4775.5459,2806.6702,-8692.6396
168,124,10,5305.6279,2486.938,-7972.4478
166,124,10,5709.5,2158.792,-7192.2397
164,124,10,5988.3643,1840.2621,-6386.8638
162,124,10,6161.4521,1539.7621,-5571.8081
160,124,10,6245.5923,1272.918,-4785.792
160,122,10,5995.5762,1643.134,-4493.4561
162,122,10,5878.9819,1944.8361,-5196.2241
164,122,10,5685.46,2271.78,-5910.6079
166,122,10,5395.7783,2615.552,-6619.1841
168,122,10,4996.7139,2960.5261,-7296.7842
170,122,10,4489.4702,3292.2781,-7914.3682
172,122,10,3883.6621,3591.5762,-8446.7676
174,122,10,3187.7041,3845.198,-8863.0078
176,122,10,2436.4541,4032.71,-9143.7275
178,122,10,1650.3461,4150.5059,-9279.248
180,122,10,866.642,4190.1719,-9263.7598
182,122,10,105.776,4154.1123,-9108.8799
184,122,10,-590.182,4051.9421,-8826.2236
186,122,10,-1208.01,3890.874,-8437.0879
188,122,10,-1729.678,3685.332,-7970.5117
190,122,10,-2150.3779,3449.74,-7447.792
190,120,10,-1915.988,3678.1201,-6814.7197
188,120,10,-1524.136,3913.7122,-7252.2559
186,120,10,-1038.5281,4122.8599,-7645.2642
184,120,10,-474.79,4288.7358,-7968.5762
182,120,10,162.27,4400.522,-8202.832
180,120,10,852.218,4444.9961,-8328.6719
178,120,10,1567.4081,4416.1479,-8336.416
176,120,10,2282.5981,4317.584,-8216.3838
174,120,10,2974.95,4145.6982,-7974.3838
172,120,10,3613.2122,3907.7021,-7618.1602
170,120,10,4180.5562,3618.02,-7165.1357
168,120,10,4663.7603,3295.884,-6636.6079
166,120,10,5054.4102,2948.5061,-6046.1279
164,120,10,5352.5059,2599.926,-5432.416
162,120,10,5565.2603,2257.356,-4799.3437
160,120,10,5708.2983,1934.0181,-4166.272
160,120,12,5132.54,1628.7101,-3837.1521
162,120,12,4989.502,1879.928,-4386.9761
164,120,12,4783.96,2147.9741,-4936.7998
166,120,12,4511.106,2419.626,-5469.2002
168,120,12,4166.1318,2688.874,-5974.4961
170,120,12,3749.0381,2941.2939,-6429.4561
172,120,12,3262.228,3168.4722,-6820.5278
174,120,12,2720.126,3359.5901,-7128.3521
176,120,12,2137.156,3501.426,-7343.248
178,120,12,1536.156,3590.374,-7457.4722
180,120,12,931.55,3627.636,-7469.0879
182,120,12,344.974,3608.4041,-7381.9678
184,120,12,-203.138,3539.8901,-7203.856
186,120,12,-694.756,3429.3062,-6950.2397
188,120,12,-1127.4761,3280.2581,-6634.6719
190,120,12,-1490.48,3107.1702,-6274.5762
190,122,12,-1669.578,2872.78,-6799.2319
188,122,12,-1293.3521,3031.4441,-7215.4722
186,122,12,-835.39,3169.6741,-7587.1841
184,122,12,-306.51,3271.844,-7889.2002
182,122,12,282.47,3334.3481,-8107.9678
180,122,12,920.732,3345.166,-8214.4482
178,122,12,1577.024,3301.894,-8210.5762
176,122,12,2232.114,3202.1282,-8086.6719
174,122,12,2860.76,3055.4841,-7842.7358
172,122,12,3447.3362,2863.1641,-7488.4478
170,122,12,3961.792,2635.9861,-7039.2959
168,122,12,4402.9263,2387.1721,-6516.5762
166,122,12,4758.7183,2123.9341,-5941.584
164,122,12,5030.3701,1861.8981,-5337.5518
162,122,12,5225.0942,1610.6801,-4721.9038
160,122,12,5356.1123,1373.886,-4104.3198
160,124,12,5548.4321,1046.942,-4332.7681
162,124,12,5442.6562,1245.272,-5000.688
164,124,12,5267.1641,1467.642,-5682.1602
166,124,12,5006.3301,1704.436,-6353.9521
168,124,12,4651.7402,1950.8461,-7004.4478
170,124,12,4199.7881,2192.448,-7596.8638
172,124,12,3657.686,2416.02,-8107.9678
174,124,12,3042.262,2609.542,-8510.6563
176,124,12,2370.344,2765.802,-8789.4404
178,124,12,1667.1741,2875.1841,-8936.5762
180,124,12,956.792,2932.8801,-8942.3838
182,124,12,270.45,2937.688,-8814.6084
184,124,12,-369.014,2894.416,-8568.7363
186,124,12,-936.358,2810.2761,-8222.1924
188,124,12,-1426.774,2692.48,-7796.272
190,124,12,-1829.4441,2547.0381,-7320.0161
190,126,12,-1960.462,2134.752,-7782.7197
188,126,12,-1546.974,2240.5281,-8311.248
186,126,12,-1034.922,2324.668,-8787.5039
184,126,12,-435.124,2378.7581,-9178.5762
182,126,12,241.602,2391.98,-9459.2959
180,126,12,974.822,2365.5361,-9604.4961
178,126,12,1729.678,2294.6179,-9596.752
176,126,12,2479.7261,2174.418,-9438.0
174,126,12,3186.502,2018.1581,-9124.3682
172,126,12,3834.3801,1828.2421,-8671.3438
170,126,12,4396.916,1617.8921,-8102.1602
168,126,12,4858.4839,1400.3301,-7441.9839
166,126,12,5210.6699,1186.374,-6727.6001
164,126,12,5459.4839,984.438,-5984.1758
162,126,12,5616.9463,802.936,-5242.688
160,126,12,5701.0859,647.878,-4508.9438
160,128,12,5794.8423,186.31,-4605.7441
162,128,12,5741.9541,277.662,-5368.5278
164,128,12,5612.1382,400.266,-6162.2881
166,128,12,5386.1621,549.314,-6959.9199
168,128,12,5047.1982,718.796,-7738.1919
170,128,12,4594.0439,900.298,-8460.3203
172,128,12,4027.9021,1083.0021,-9091.4561
174,128,12,3364.3979,1259.696,-9598.6875
176,128,12,2627.572,1418.36,-9952.9756
178,128,12,1849.8781,1549.3781,-10140.7676
180,128,12,1054.1541,1641.932,-10160.1279
182,128,12,282.47,1705.6381,-10012.9922
184,128,12,-435.124,1732.082,-9710.9756
186,128,12,-1069.78,1723.6681,-9288.9277
188,128,12,-1613.084,1686.406,-8770.0801
190,128,12,-2053.0161,1625.104,-8191.2158
190,130,12,-2092.6821,1043.3361,-8487.4238
188,130,12,-1643.134,1042.134,-9091.4561
186,130,12,-1080.598,1019.296,-9635.4717
184,130,12,-419.498,970.014,-10078.8164
182,130,12,324.54,894.288,-10388.5762
180,130,12,1125.072,792.118,-10537.6475
178,130,12,1941.23,667.11,-10504.7363
176,130,12,2744.166,522.87,-10289.8398
174,130,12,3494.2141,366.61,-9898.7676
172,130,12,4166.1318,207.946,-9350.8799
170,130,12,4731.0723,62.504,-8677.1523
168,130,12,5173.4082,-73.322,-7908.5601
166,130,12,5493.1401,-187.512,-7083.8237
164,130,12,5696.2783,-271.652,-6239.728
162,130,12,5798.4482,-324.54,-5413.0562
160,130,12,5818.8823,-346.176,-4617.3599
160,132,12,5770.8022,-881.066,-4507.0078
162,132,12,5781.6201,-942.368,-5296.896
164,132,12,5715.5103,-968.812,-6131.312
166,132,12,5548.4321,-957.994,-6985.0879
168,132,12,5259.9521,-914.722,-7838.8638
170,132,12,4847.666,-836.592,-8638.4316
172,132,12,4303.1602,-729.614,-9354.752
174,132,12,3649.272,-593.788,-9943.2959
176,132,12,2906.436,-448.346,-10375.0244
178,132,12,2101.0959,-290.884,-10628.6396
180,132,12,1270.514,-135.826,-10690.5918
182,132,12,454.356,8.414,-10570.5596
184,132,12,-312.52,138.23,-10276.2881
186,132,12,-998.862,248.814,-9838.752
188,132,12,-1585.438,340.166,-9290.8643
190,132,12,-2063.834,406.276,-8673.2803
190,134,12,-1978.4921,-223.572,-8712.0
188,134,12,-1484.47,-358.196,-9310.2236
186,134,12,-878.662,-515.658,-9836.8164
184,134,12,-181.502,-692.352,-10239.5039
182,134,12,590.182,-882.268,-10500.8643
180,134,12,1409.946,-1075.79,-10586.0479
178,134,12,2234.5181,-1263.302,-10485.376
176,134,12,3024.2319,-1431.582,-10200.7842
174,134,12,3746.634,-1569.812,-9738.0801
172,134,12,4376.4819,-1680.396,-9124.3682
170,134,12,4886.1299,-1747.708,-8392.5596
168,134,12,5265.9619,-1775.354,-7577.5039
166,134,12,5514.7759,-1757.324,-6727.6001
164,134,12,5645.7939,-1694.8201,-5877.6958
162,134,12,5675.8442,-1591.448,-5058.7681
160,134,12,5633.7739,-1450.8141,-4284.3682
160,136,12,5434.2422,-1944.8361,-3943.6321
162,136,12,5509.9683,-2158.792,-4665.7598
164,136,12,5518.3823,-2335.4861,-5440.1602
166,136,12,5434.2422,-2466.5042,-6253.2798
168,136,12,5237.1143,-2548.24,-7081.8882
170,136,12,4912.5742,-2573.4819,-7885.3281
172,136,12,4454.6123,-2543.4321,-8622.9443
174,136,12,3874.0461,-2458.0901,-9257.9521
176,136,12,3191.3101,-2325.8701,-9753.5684
178,136,12,2434.05,-2151.5801,-10084.624
180,136,12,1631.114,-1943.634,-10241.4404
182,136,12,818.562,-1716.4561,-10214.3359
184,136,12,40.868,-1478.4601,-10014.9277
186,136,12,-669.514,-1248.8781,-9664.5117
188,136,12,-1296.958,-1028.912,-9192.1279
190,136,12,-1817.4241,-831.784,-8630.6875
190,138,12,-1610.6801,-1360.6641,-8429.3438
188,138,12,-1074.588,-1604.67,-8926.8955
186,138,12,-438.73,-1867.9081,-9327.6484
184,138,12,276.46,-2143.166,-9606.4316
182,138,12,1048.144,-2419.626,-9734.208
180,138,12,1834.2521,-2676.854,-9691.6162
178,138,12,2603.532,-2906.436,-9480.5918
176,138,12,3318.7222,-3091.5439,-9106.9443
174,138,12,3949.772,-3221.3601,-8584.2236
172,138,12,4475.0459,-3292.2781,-7937.6001
170,138,12,4874.1099,-3297.0862,-7211.6001
168,138,12,5142.1562,-3233.3801,-6431.3921
166,138,12,5282.79,-3107.1702,-5645.376
164,138,12,5317.6479,-2922.062,-4880.6558
162,138,12,5268.3662,-2687.6721,-4166.272
160,138,12,5158.9839,-2414.8181,-3504.1599
160,140,12,4839.252,-2775.418,-2979.5039
162,140,12,4982.29,-3093.948,-3550.624
164,140,12,5078.4502,-3374.0142,-4191.4399
166,140,12,5101.2881,-3598.7881,-4884.5278
168,140,12,5025.562,-3763.4622,-5618.272
170,140,12,4829.6362,-3857.218,-6359.7598
172,140,12,4503.894,-3878.854,-7076.0801
174,140,12,4051.9421,-3823.562,-7730.4478
176,140,12,3484.5981,-3699.7561,-8286.0801
178,140,12,2825.9021,-3514.6479,-8713.9355
180,140,12,2098.6921,-3276.6521,-9000.4639
182,140,12,1336.624,-3003.7981,-9122.4316
184,140,12,576.96,-2704.5,-9085.6484
186,140,12,-141.836,-2400.394,-8893.9844
188,140,12,-793.32,-2102.2981,-8574.5439
190,140,12,-1354.6541,-1825.838,-8148.624
190,142,12,-1087.8101,-2182.832,-7811.7598
188,142,12,-512.052,-2473.7161,-8156.3682
186,142,12,147.846,-2782.6301,-8392.5596
184,142,12,858.228,-3096.3521,-8495.168
182,142,12,1596.256,-3400.458,-8450.6396
180,142,12,2325.8701,-3681.7261,-8249.2959
178,142,12,3006.2021,-3926.9341,-7904.688
176,142,12,3610.8081,-4118.0522,-7426.4961
174,142,12,4112.042,-4241.8579,-6843.7598
172,142,12,4494.2783,-4294.7461,-6175.8398
170,142,12,4746.6982,-4271.9082,-5476.9438
168,142,12,4869.3022,-4167.334,-4766.4321
166,142,12,4878.918,-3989.438,-4084.96
164,142,12,4798.3843,-3740.624,-3457.696
162,142,12,4655.3462,-3436.5181,-2892.384
160,142,12,4476.248,-3079.5242,-2400.6399
160,144,12,4091.6082,-3267.0361,-1788.864
162,144,12,4310.3721,-3633.646,-2189.616
164,144,12,4507.5,-3952.176,-2669.7439
166,144,12,4651.7402,-4209.4043,-3225.376
168,144,12,4715.4463,-4398.1182,-3854.5759
170,144,12,4673.376,-4509.9043,-4530.2397
172,144,12,4503.894,-4542.3579,-5223.3281
174,144,12,4202.1919,-4495.48,-5900.9277
176,144,12,3773.0781,-4376.4819,-6520.4478
178,144,12,3228.572,-4196.1821,-7052.8481
180,144,12,2592.7141,-3960.5901,-7476.832
182,144,12,1897.958,-3686.5342,-7757.5518
184,144,12,1175.556,-3387.2361,-7891.1357
186,144,12,467.578,-3079.5242,-7877.584
188,144,12,-201.936,-2773.0142,-7724.6401
190,144,12,-804.138,-2479.7261,-7453.6001
190,146,12,-530.082,-2682.864,-7091.5679
188,146,12,75.726,-2960.5261,-7292.9121
186,146,12,748.846,-3251.4102,-7374.2241
184,146,12,1449.6121,-3543.4961,-7312.272
182,146,12,2151.5801,-3825.9661,-7101.248
180,146,12,2817.488,-4089.2041,-6748.896
178,146,12,3408.8721,-4315.1802,-6266.832
176,146,12,3899.2881,-4493.0762,-5682.1602
174,146,12,4265.8979,-4607.2661,-5029.728
172,146,12,4496.6821,-4652.9419,-4336.6401
170,146,12,4591.6401,-4624.0942,-3645.488
168,146,12,4560.3882,-4517.1162,-2993.0559
166,146,12,4423.3599,-4334.4121,-2408.384
164,146,12,4215.4141,-4079.5881,-1908.896
162,146,12,3964.196,-3762.26,-1500.4
160,146,12,3697.3521,-3392.0439,-1177.088
160,148,12,3311.51,-3424.498,-584.672
162,148,12,3619.2222,-3785.0981,-828.608
164,148,12,3925.7322,-4096.416,-1167.408
166,148,12,4199.7881,-4345.23,-1610.752
168,148,12,4410.1382,-4526.7319,-2158.6399
170,148,12,4518.3179,-4631.3062,-2793.6479
172,148,12,4501.4902,-4662.5581,-3486.7361
174,148,12,4340.4219,-4620.4883,-4201.1201
176,148,12,4037.5181,-4514.7119,-4894.208
178,148,12,3602.394,-4352.4419,-5525.3437
180,148,12,3055.4841,-4146.8999,-6069.3599
182,148,12,2419.626,-3906.5,-6489.4722
184,148,12,1734.4861,-3644.4641,-6770.1919
186,148,12,1034.922,-3374.0142,-6903.7759
188,148,12,355.792,-3101.1602,-6886.3521
190,148,12,-266.844,-2837.9221,-6739.2158
190,150,12,-21.636,-2943.698,-6392.6719
188,150,12,601.0,-3182.896,-6487.5361
186,150,12,1278.928,-3428.104,-6450.752
184,150,12,1970.078,-3670.908,-6266.832
182,150,12,2639.592,-3906.5,-5926.0962
180,150,12,3247.804,-4122.8599,-5451.7759
178,150,12,3758.6541,-4310.3721,-4859.3599
176,150,12,4149.3042,-4455.814,-4181.7598
174,150,12,4395.7139,-4550.772,-3453.824
172,150,12,4493.0762,-4589.2358,-2716.208
170,150,12,4444.9961,-4560.3882,-2015.376
168,150,12,4265.8979,-4463.0259,-1388.1119
166,150,12,3985.832,-4293.5439,-867.328
164,150,12,3645.666,-4057.9521,-464.64
162,150,12,3281.46,-3759.856,-181.984
160,150,12,2923.2642,-3407.6702,-3.872
160,150,14,2788.6401,-2910.042,-336.864
162,150,14,3059.0901,-3202.1282,-534.336
164,150,14,3327.136,-3454.5481,-815.056
166,150,14,3566.334,-3656.4841,-1180.96
168,150,14,3753.8459,-3806.7341,-1633.984
170,150,14,3859.6221,-3898.0862,-2156.7041
172,150,14,3868.0361,-3936.55,-2731.696
174,150,14,3763.4622,-3920.9241,-3329.9199
176,150,14,3545.9001,-3856.0161,-3914.592
178,150,14,3218.9561,-3750.24,-4458.6079
180,150,14,2799.458,-3609.606,-4934.8638
182,150,14,2301.8301,-3441.3262,-5320.1279
184,150,14,1756.1221,-3253.814,-5596.9761
186,150,14,1192.384,-3055.4841,-5755.728
188,150,14,637.06,-2853.5481,-5800.2559
190,150,14,114.19,-2650.4102,-5736.3682
190,148,14,-86.544,-2535.0181,-6042.2559
188,148,14,429.114,-2747.772,-6146.7998
186,148,14,985.64,-2965.334,-6148.7358
184,148,14,1555.3881,-3179.29,-6034.5122
182,148,14,2114.3181,-3383.6301,-5804.1279
180,148,14,2635.9861,-3569.9402,-5467.2642
178,148,14,3090.342,-3727.4021,-5029.728
176,148,14,3458.1541,-3848.804,-4520.5601
174,148,14,3724.998,-3923.3281,-3962.9919
172,148,14,3882.46,-3946.166,-3382.1919
170,148,14,3930.54,-3913.7122,-2811.072
168,148,14,3881.2581,-3822.3601,-2278.6719
166,148,14,3750.24,-3670.908,-1802.416
164,148,14,3562.728,-3466.5681,-1397.792
162,148,14,3341.5601,-3211.7441,-1070.608
160,148,14,3107.1702,-2908.8401,-813.12
160,146,14,3432.9121,-2853.5481,-1314.5439
162,146,14,3630.04,-3151.644,-1628.176
164,146,14,3805.532,-3407.6702,-2007.632
166,146,14,3941.3582,-3616.8181,-2452.9119
168,146,14,4014.6802,-3769.4722,-2956.272
170,146,14,4006.2661,-3860.824,-3506.0959
172,146,14,3900.49,-3894.48,-4079.1521
174,146,14,3690.1401,-3865.6321,-4644.4639
176,146,14,3375.2161,-3785.0981,-5178.7998
178,146,14,2965.334,-3655.282,-5656.9922
180,146,14,2476.1201,-3487.002,-6051.936
182,146,14,1928.0081,-3287.47,-6344.272
184,146,14,1353.452,-3067.5042,-6520.4478
186,146,14,771.684,-2837.9221,-6582.3999
188,146,14,211.552,-2605.936,-6530.1279
190,146,14,-305.308,-2377.5562,-6377.1841
190,144,14,-528.88,-2170.812,-6688.8799
188,144,14,-24.04,-2399.1921,-6894.0962
186,144,14,533.688,-2638.3901,-7004.4478
184,144,14,1117.86,-2875.1841,-7004.4478
182,144,14,1711.6481,-3105.968,-6888.2881
180,144,14,2285.002,-3316.3181,-6654.0317
178,144,14,2812.6799,-3496.6182,-6311.3599
176,144,14,3268.238,-3633.646,-5875.7598
174,144,14,3637.252,-3726.2,-5370.4639
172,144,14,3906.5,-3759.856,-4814.832
170,144,14,4074.78,-3732.21,-4239.8398
168,144,14,4145.6982,-3644.4641,-3672.592
166,144,14,4130.0723,-3497.8201,-3134.384
164,144,14,4048.3362,-3294.6821,-2644.5759
162,144,14,3919.7222,-3039.8582,-2208.9761
160,144,14,3763.4622,-2741.762,-1825.6479
160,142,14,4075.9822,-2560.26,-2325.136
162,142,14,4199.7881,-2834.3162,-2768.48
164,142,14,4287.5342,-3071.1101,-3260.2239
166,142,14,4319.9883,-3262.228,-3798.4319
168,142,14,4281.5239,-3401.6602,-4373.4238
170,142,14,4152.9102,-3482.1941,-4961.9678
172,142,14,3924.53,-3505.032,-5544.7041
174,142,14,3596.384,-3470.1741,-6092.5918
176,142,14,3175.6841,-3377.6201,-6576.5918
178,142,14,2675.6521,-3236.9861,-6975.4082
180,142,14,2113.116,-3055.4841,-7269.6802
182,142,14,1509.712,-2843.9321,-7447.792
184,142,14,901.5,-2613.1479,-7503.936
186,142,14,307.712,-2372.748,-7441.9839
188,142,14,-250.016,-2133.55,-7271.6157
190,142,14,-748.846,-1903.968,-7008.3198
190,140,14,-965.206,-1575.822,-7285.168
188,140,14,-484.406,-1786.172,-7600.7358
186,140,14,66.11,-2012.1481,-7836.9277
184,140,14,663.504,-2241.73,-7966.6401
182,140,14,1287.342,-2465.302,-7976.3198
180,140,14,1912.3821,-2672.0461,-7862.0962
178,140,14,2509.7761,-2853.5481,-7618.1602
176,140,14,3054.282,-2998.99,-7263.8721
174,140,14,3529.072,-3095.1501,-6806.9761
172,140,14,3912.51,-3143.23,-6268.7681
170,140,14,4200.9902,-3134.8162,-5682.1602
168,140,14,4390.9062,-3068.7061,-5070.3838
166,140,14,4484.6621,-2948.5061,-4456.6719
164,140,14,4502.6919,-2777.822,-3870.064
162,140,14,4458.2183,-2563.866,-3314.4319
160,140,14,4369.27,-2312.6479,-2805.2639
160,138,14,4626.498,-2000.1281,-3229.248
162,138,14,4684.1938,-2210.478,-3792.624
164,138,14,4692.6079,-2388.374,-4394.7202
166,138,14,4632.5083,-2525.4021,-5029.728
168,138,14,4489.4702,-2617.9561,-5676.3521
170,138,14,4249.0703,-2661.228,-6311.3599
172,138,14,3910.106,-2654.0161,-6907.6479
174,138,14,3473.78,-2595.1182,-7440.0479
176,138,14,2956.9202,-2496.554,-7871.7759
178,138,14,2371.5461,-2353.5161,-8195.0879
180,138,14,1745.3041,-2181.6301,-8388.6875
182,138,14,1096.224,-1988.108,-8448.7041
184,138,14,457.962,-1780.162,-8380.9443
186,138,14,-141.836,-1572.2161,-8189.2798
188,138,14,-686.342,-1370.28,-7896.9438
190,138,14,-1162.334,-1177.96,-7521.3599
190,136,14,-1330.614,-724.806,-7680.1118
188,136,14,-876.258,-876.258,-8098.2881
186,136,14,-341.368,-1045.74,-8442.8955
184,136,14,251.218,-1221.2321,-8686.832
182,136,14,891.884,-1403.936,-8812.6719
180,136,14,1556.5901,-1580.63,-8806.8643
178,136,14,2209.2761,-1742.9,-8657.792
176,136,14,2825.9021,-1881.13,-8373.2002
174,136,14,3386.0342,-1988.108,-7966.6401
172,136,14,3866.834,-2060.228,-7453.6001
170,136,14,4257.4839,-2091.48,-6855.376
168,136,14,4547.166,-2077.0562,-6206.8159
166,136,14,4738.2842,-2021.764,-5531.1519
164,136,14,4842.8579,-1926.806,-4863.2319
162,136,14,4872.9082,-1792.182,-4214.6719
160,136,14,4847.666,-1622.7001,-3595.1521
160,134,14,5017.1479,-1203.202,-3870.064
162,134,14,5017.1479,-1312.584,-4516.688
164,134,14,4954.644,-1391.916,-5192.3521
166,134,14,4816.4141,-1438.7941,-5883.5039
168,134,14,4589.2358,-1450.8141,-6572.7197
170,134,14,4259.8882,-1426.774,-7227.0879
172,134,14,3836.7842,-1370.28,-7819.5039
174,134,14,3321.126,-1282.5341,-8318.9922
176,134,14,2734.55,-1173.152,-8704.2559
178,134,14,2092.6821,-1040.932,-8957.8721
180,134,14,1420.764,-896.692,-9070.1602
182,134,14,747.644,-751.25,-9035.3115
184,134,14,106.978,-604.606,-8866.8799
186,134,14,-482.002,-463.972,-8586.1602
188,134,14,-1007.276,-337.762,-8204.7676
190,134,14,-1453.218,-227.178,-7751.7441
190,132,14,-1534.954,290.884,-7718.832
188,132,14,-1111.85,230.784,-8179.6001
186,132,14,-604.606,151.452,-8582.2881
184,132,14,-27.646,56.494,-8890.1123
182,132,14,605.808,-51.686,-9089.5195
180,132,14,1272.918,-167.078,-9155.3438
178,132,14,1949.644,-293.288,-9079.8398
176,132,14,2605.936,-418.296,-8859.1357
174,132,14,3212.946,-532.486,-8502.9121
172,132,14,3752.644,-635.858,-8024.7197
170,132,14,4209.4043,-721.2,-7449.728
168,132,14,4566.3979,-784.906,-6806.9761
166,132,14,4830.8379,-820.966,-6119.6958
164,132,14,5002.7241,-826.976,-5422.7358
162,132,14,5094.0762,-804.138,-4729.6479
160,132,14,5125.3281,-753.654,-4057.856
160,130,14,5175.812,-311.318,-4152.7202
162,130,14,5122.9243,-299.298,-4812.896
164,130,14,5003.9263,-264.44,-5496.3042
166,130,14,4808.0,-204.34,-6185.52
168,130,14,4523.126,-121.402,-6855.376
170,130,14,4144.4961,-19.232,-7478.7681
172,130,14,3676.918,96.16,-8026.6558
174,130,14,3125.2,219.966,-8477.7441
176,130,14,2514.584,341.368,-8810.7363
178,130,14,1860.696,459.164,-9004.3359
180,130,14,1194.788,564.94,-9062.416
182,130,14,532.486,652.686,-8979.168
184,130,14,-87.746,723.604,-8770.0801
186,130,14,-650.282,775.29,-8452.5762
188,130,14,-1144.3041,806.542,-8051.8237
190,130,14,-1557.792,818.562,-7587.1841
190,128,14,-1545.772,1299.3621,-7352.9277
188,128,14,-1153.92,1330.614,-7794.3359
186,128,14,-681.534,1343.8361,-8183.4722
184,128,14,-141.836,1336.624,-8495.168
182,128,14,457.962,1302.968,-8706.1924
180,128,14,1097.426,1245.272,-8799.1201
178,128,14,1750.1121,1158.728,-8762.3359
176,128,14,2388.374,1051.75,-8591.9678
174,128,14,2996.5859,929.146,-8291.8877
172,128,14,3548.304,792.118,-7875.6479
170,128,14,4026.7002,653.888,-7364.5439
168,128,14,4418.5522,520.466,-6777.936
166,128,14,4725.062,396.66,-6140.9922
164,128,14,4943.8262,289.682,-5476.9438
162,128,14,5086.8643,200.734,-4814.832
160,128,14,5167.3979,132.22,-4162.3999
160,126,14,5102.4902,519.264,-4086.896
162,126,14,5002.7241,634.656,-4704.48
164,126,14,4842.8579,769.28,-5329.8081
166,126,14,4609.6699,920.732,-5947.3921
168,126,14,4297.1499,1080.598,-6543.6802
170,126,14,3901.6921,1246.474,-7089.6318
172,126,14,3428.104,1406.34,-7565.8882
174,126,14,2887.2041,1552.984,-7947.2798
176,126,14,2303.032,1675.588,-8218.3203
178,126,14,1682.8,1774.152,-8369.3281
180,126,14,1056.558,1845.0701,-8398.3682
182,126,14,441.134,1881.13,-8311.248
184,126,14,-131.018,1888.342,-8111.8398
186,126,14,-650.282,1865.504,-7823.376
188,126,14,-1104.6381,1819.828,-7459.4082
190,126,14,-1486.874,1750.1121,-7043.168
190,124,14,-1402.734,2107.106,-6671.4561
188,124,14,-1043.3361,2202.064,-7048.9761
186,124,14,-611.818,2276.5881,-7381.9678
184,124,14,-123.806,2327.072,-7645.2642
182,124,14,419.498,2343.9001,-7829.1841
180,124,14,997.66,2327.072,-7912.4321
178,124,14,1593.8521,2274.1841,-7889.2002
176,124,14,2182.832,2182.832,-7757.5518
174,124,14,2747.772,2063.834,-7515.5518
172,124,14,3268.238,1912.3821,-7172.8799
170,124,14,3734.614,1742.9,-6743.0879
168,124,14,4130.0723,1557.792,-6245.5361
166,124,14,4449.8042,1372.6841,-5699.584
164,124,14,4692.6079,1192.384,-5128.4639
162,124,14,4871.7061,1021.7,-4541.856
160,124,14,4991.9062,865.44,-3959.1199
160,122,14,4844.0601,1146.708,-3771.3279
162,122,14,4708.2339,1330.614,-4305.6641
164,122,14,4521.9243,1526.54,-4838.064
166,122,14,4271.9082,1730.88,-5356.9121
168,122,14,3954.5801,1935.2201,-5848.6558
170,122,14,3572.344,2132.3481,-6295.8721
172,122,14,3130.0081,2311.446,-6679.2002
174,122,14,2631.178,2466.5042,-6988.96
176,122,14,2099.894,2586.7041,-7205.792
178,122,14,1545.772,2674.45,-7327.7598
180,122,14,990.448,2720.126,-7349.0562
182,122,14,442.336,2723.7319,-7277.4238
184,122,14,-66.11,2691.2781,-7120.6079
186,122,14,-530.082,2625.168,-6886.3521
188,122,14,-939.964,2532.614,-6592.0801
190,122,14,-1288.5441,2417.2219,-6255.2158
190,120,14,-1165.9401,2637.188,-5823.4878
188,120,14,-840.198,2760.9941,-6117.7598
186,120,14,-455.558,2863.1641,-6373.312
184,120,14,-24.04,2940.092,-6576.5918
182,120,14,451.952,2980.96,-6712.1118
180,120,14,956.792,2986.97,-6772.1279
178,120,14,1476.056,2952.1121,-6750.832
176,120,14,1992.916,2876.386,-6644.3521
174,120,14,2494.1501,2759.792,-6446.8799
172,120,14,2961.728,2608.3401,-6175.8398
170,120,14,3386.0342,2429.2419,-5833.168
168,120,14,3755.0481,2230.9121,-5438.2241
166,120,14,4068.77,2018.1581,-4998.752
164,120,14,4319.9883,1803.0,-4530.2397
162,120,14,4518.3179,1587.842,-4044.304
160,120,14,4666.1641,1379.896,-3550.624
160,120,16,4216.6162,1171.9501,-3244.7361
162,120,16,4074.78,1334.22,-3674.5281
164,120,16,3892.0762,1503.702,-4098.5122
166,120,16,3663.696,1674.386,-4505.0718
168,120,16,3386.0342,1843.868,-4886.4639
170,120,16,3065.1001,2002.532,-5231.0718
172,120,16,2699.6921,2146.772,-5527.2798
174,120,16,2298.2241,2269.376,-5765.4082
176,120,16,1872.7161,2366.738,-5937.7119
178,120,16,1432.7841,2434.05,-6042.2559
180,120,16,988.044,2472.5142,-6073.2319
182,120,16,555.324,2478.5239,-6038.3838
184,120,16,141.836,2454.4841,-5937.7119
186,120,16,-236.794,2406.4041,-5780.896
188,120,16,-579.364,2335.4861,-5579.5518
190,120,16,-878.662,2245.3359,-5341.4238
190,122,16,-973.62,2033.7841,-5703.4561
188,122,16,-663.504,2110.7122,-5968.688
186,122,16,-302.904,2172.0142,-6199.0718
184,122,16,98.564,2211.6799,-6379.1201
182,122,16,534.89,2227.3062,-6495.2798
180,122,16,997.66,2211.6799,-6539.8081
178,122,16,1470.046,2168.408,-6504.96
176,122,16,1940.0281,2098.6921,-6392.6719
174,122,16,2389.5759,2001.3301,-6204.8799
172,122,16,2815.084,1881.13,-5937.7119
170,122,16,3197.3201,1741.698,-5610.5278
168,122,16,3531.4761,1589.0441,-5229.1357
166,122,16,3815.1479,1429.178,-4807.0879
164,122,16,4043.5281,1271.7161,-4361.8081
162,122,16,4222.626,1117.86,-3899.104
160,122,16,4359.6543,970.014,-3424.7839
160,124,16,4476.248,723.604,-3571.9199
162,124,16,4353.644,842.602,-4073.344
164,124,16,4184.1621,973.62,-4572.832
166,124,16,3961.792,1111.85,-5052.96
168,124,16,3679.322,1254.8881,-5515.6641
170,124,16,3339.156,1396.724,-5933.8398
172,124,16,2943.698,1530.146,-6299.7441
174,124,16,2506.1702,1649.144,-6592.0801
176,124,16,2033.7841,1748.91,-6806.9761
178,124,16,1539.7621,1825.838,-6930.8799
180,124,16,1039.73,1878.7261,-6971.5361
182,124,16,551.718,1903.968,-6925.0718
184,124,16,86.544,1901.5641,-6795.3599
186,124,16,-337.762,1876.322,-6599.8237
188,124,16,-719.998,1829.4441,-6344.272
190,124,16,-1049.3461,1764.536,-6044.1919
190,126,16,-1109.446,1448.41,-6340.3999
188,126,16,-770.482,1486.874,-6663.7119
186,126,16,-375.024,1512.116,-6940.5601
184,126,16,68.514,1518.126,-7155.4561
182,126,16,552.92,1501.298,-7292.9121
180,126,16,1067.376,1462.834,-7347.1201
178,126,16,1589.0441,1401.532,-7304.5278
176,126,16,2105.9041,1318.594,-7167.0718
174,126,16,2592.7141,1220.03,-6932.8159
172,126,16,3048.272,1105.84,-6615.312
170,126,16,3452.144,984.438,-6218.4321
168,126,16,3795.916,859.43,-5765.4082
166,126,16,4077.1841,738.028,-5267.856
164,126,16,4294.7461,625.04,-4747.0718
162,126,16,4453.4102,524.072,-4216.6079
160,126,16,4566.3979,435.124,-3682.272
160,128,16,4613.2759,111.786,-3732.6079
162,128,16,4520.7222,158.664,-4280.4961
164,128,16,4376.4819,224.774,-4838.064
166,128,16,4173.3442,304.106,-5384.0161
168,128,16,3904.0962,396.66,-5916.416
170,128,16,3567.5361,497.628,-6398.48
172,128,16,3164.866,603.404,-6826.3359
174,128,16,2705.7021,709.18,-7176.752
176,128,16,2204.468,810.148,-7434.2397
178,128,16,1675.588,899.096,-7591.0562
180,128,16,1134.688,972.418,-7645.2642
182,128,16,603.404,1030.114,-7598.7998
184,128,16,94.958,1068.578,-7455.5361
186,128,16,-367.812,1085.406,-7232.896
188,128,16,-783.704,1087.8101,-6938.624
190,128,16,-1140.698,1073.386,-6595.9521
190,130,16,-1146.708,667.11,-6776.0
188,130,16,-781.3,646.676,-7124.48
186,130,16,-355.792,611.818,-7422.624
184,130,16,122.604,561.334,-7651.0718
182,130,16,643.07,498.83,-7790.4639
180,130,16,1188.7781,420.7,-7836.9277
178,130,16,1738.092,336.56,-7769.168
176,130,16,2277.79,240.4,-7592.9922
174,130,16,2785.0339,141.836,-7318.0801
172,130,16,3244.198,45.676,-6944.4321
170,130,16,3639.656,-40.868,-6495.2798
168,130,16,3969.0042,-116.594,-5984.1758
166,130,16,4225.0303,-179.098,-5434.3521
164,130,16,4412.542,-223.572,-4863.2319
162,130,16,4538.752,-247.612,-4292.1118
160,130,16,4613.2759,-252.42,-3724.864
160,132,16,4573.6099,-610.616,-3641.616
162,132,16,4520.7222,-652.686,-4203.0562
164,132,16,4417.3501,-673.12,-4779.9839
166,132,16,4252.6763,-670.716,-5354.9761
168,132,16,4015.8821,-645.474,-5918.3521
170,132,16,3706.968,-597.394,-6443.0078
172,132,16,3323.53,-532.486,-6915.3921
174,132,16,2876.386,-451.952,-7310.3359
176,132,16,2378.7581,-359.398,-7610.416
178,132,16,1840.2621,-260.834,-7807.8882
180,132,16,1283.7361,-159.866,-7898.8799
182,132,16,730.816,-63.706,-7875.6479
184,132,16,198.33,25.242,-7744.0
186,132,16,-292.086,103.372,-7525.2319
188,132,16,-733.22,173.088,-7230.96
190,132,16,-1115.4561,227.178,-6880.5439
190,134,16,-1054.1541,-205.542,-6903.7759
188,134,16,-664.706,-296.894,-7238.7041
186,134,16,-213.956,-399.064,-7521.3599
184,134,16,282.47,-512.052,-7718.832
182,134,16,814.956,-629.848,-7823.376
180,134,16,1367.876,-750.048,-7825.312
178,134,16,1919.594,-866.642,-7714.96
176,134,16,2448.4741,-971.216,-7494.2559
174,134,16,2932.8801,-1058.962,-7176.752
172,134,16,3363.196,-1127.4761,-6764.3838
170,134,16,3724.998,-1171.9501,-6280.3838
168,134,16,4013.478,-1191.182,-5747.9839
166,134,16,4227.4341,-1181.566,-5186.5439
164,134,16,4368.0679,-1143.1021,-4613.4878
162,134,16,4446.1982,-1079.396,-4044.304
160,134,16,4477.4502,-990.448,-3490.6079
160,136,16,4348.8359,-1322.2001,-3267.968
162,136,16,4342.8262,-1455.6221,-3788.752
164,136,16,4291.1401,-1561.3981,-4334.7041
166,136,16,4178.1519,-1635.922,-4890.3359
168,136,16,3999.054,-1680.396,-5445.9678
170,136,16,3745.4321,-1687.608,-5978.3682
172,136,16,3413.6802,-1665.972,-6468.1758
174,136,16,3011.01,-1609.478,-6894.0962
176,136,16,2550.644,-1527.7421,-7236.7681
178,136,16,2039.7941,-1423.168,-7484.5762
180,136,16,1501.298,-1301.766,-7625.9038
182,136,16,951.984,-1165.9401,-7658.8159
184,136,16,415.892,-1025.306,-7583.312
186,136,16,-86.544,-888.278,-7418.752
188,136,16,-548.112,-754.856,-7165.1357
190,136,16,-951.984,-633.454,-6847.6318
190,138,16,-823.37,-1015.69,-6721.792
188,138,16,-414.69,-1163.536,-7002.5117
186,138,16,48.08,-1320.998,-7215.4722
184,138,16,551.718,-1482.066,-7347.1201
182,138,16,1083.0021,-1641.932,-7381.9678
180,138,16,1616.6901,-1792.182,-7314.208
178,138,16,2134.752,-1925.604,-7139.9678
176,138,16,2620.3601,-2036.188,-6866.9922
174,138,16,3053.0801,-2115.52,-6506.896
172,138,16,3423.2961,-2162.3979,-6071.2959
170,138,16,3720.1902,-2169.6101,-5579.5518
168,138,16,3937.752,-2140.762,-5052.96
166,138,16,4083.1941,-2069.844,-4516.688
164,138,16,4160.1221,-1964.068,-3984.2881
162,138,16,4184.1621,-1824.636,-3467.376
160,138,16,4163.728,-1653.952,-2975.6321
160,140,16,3959.3882,-1911.1801,-2631.0239
162,140,16,4007.468,-2111.9141,-3074.3679
164,140,16,4017.084,-2281.396,-3550.624
166,140,16,3978.6201,-2414.8181,-4052.0481
168,140,16,3875.248,-2509.7761,-4567.0239
170,140,16,3698.554,-2561.4622,-5076.1919
172,140,16,3444.9321,-2567.4722,-5564.064
174,140,16,3116.7861,-2532.614,-6011.2798
176,140,16,2720.126,-2459.292,-6392.6719
178,140,16,2266.9719,-2349.9102,-6696.624
180,140,16,1770.546,-2214.084,-6905.7119
182,140,16,1251.282,-2055.4199,-7018.0
184,140,16,728.412,-1885.938,-7029.6157
186,140,16,225.976,-1710.446,-6946.3682
188,140,16,-245.208,-1534.954,-6774.064
190,140,16,-667.11,-1366.6741,-6534.0
190,142,16,-500.032,-1657.558,-6303.6157
188,142,16,-76.928,-1836.656,-6501.0879
186,142,16,395.458,-2022.9661,-6623.0562
184,142,16,891.884,-2206.8721,-6661.7759
182,142,16,1399.1281,-2384.7681,-6605.6318
180,142,16,1900.3621,-2545.8359,-6448.8159
178,142,16,2369.1421,-2685.2681,-6202.9438
176,142,16,2792.2461,-2793.448,-5871.8882
174,142,16,3149.24,-2863.1641,-5473.0718
172,142,16,3436.5181,-2892.012,-5016.1758
170,142,16,3645.666,-2875.1841,-4534.1118
168,142,16,3777.886,-2811.478,-4038.4961
166,142,16,3840.3901,-2702.0959,-3548.688
164,142,16,3841.592,-2551.8459,-3082.1121
162,142,16,3797.1182,-2361.9299,-2644.5759
160,142,16,3718.988,-2138.3582,-2243.824
160,144,16,3466.5681,-2298.2241,-1833.392
162,144,16,3575.95,-2536.22,-2179.936
164,144,16,3657.686,-2740.5601,-2571.0081
166,144,16,3696.1501,-2904.032,-2998.864
168,144,16,3681.7261,-3026.636,-3463.5039
170,144,16,3597.5862,-3099.958,-3939.76
172,144,16,3436.5181,-3126.4021,-4421.8242
174,144,16,3196.1182,-3105.968,-4882.5918
176,144,16,2881.1941,-3041.0601,-5298.832
178,144,16,2495.3521,-2938.8901,-5662.7998
180,144,16,2054.218,-2804.2661,-5951.2642
182,144,16,1577.024,-2644.4001,-6150.6719
184,144,16,1080.598,-2467.7061,-6255.2158
186,144,16,590.182,-2282.5981,-6266.832
188,144,16,117.796,-2095.0859,-6191.3281
190,144,16,-318.53,-1908.776,-6034.5122
190,146,16,-139.432,-2104.7021,-5761.5361
188,146,16,294.49,-2286.2041,-5871.8882
186,146,16,763.27,-2471.312,-5902.8638
184,146,16,1245.272,-2651.6121,-5846.7197
182,146,16,1723.6681,-2823.498,-5699.584
180,146,16,2182.832,-2978.5562,-5457.584
178,146,16,2593.916,-3108.3721,-5136.208
176,146,16,2943.698,-3205.7341,-4745.1357
174,146,16,3220.158,-3264.6321,-4307.6001
172,146,16,3416.084,-3280.2581,-3839.0879
170,146,16,3531.4761,-3250.208,-3360.896
168,146,16,3567.5361,-3170.876,-2892.384
166,146,16,3538.688,-3045.8682,-2454.8479
164,146,16,3458.1541,-2873.9819,-2059.9041
162,146,16,3337.9541,-2661.228,-1709.488
160,146,16,3197.3201,-2412.4141,-1409.408
160,148,16,2929.2742,-2473.7161,-993.168
162,148,16,3102.3621,-2723.7319,-1242.912
164,148,16,3259.824,-2938.8901,-1548.8
166,148,16,3384.832,-3113.1802,-1910.832
168,148,16,3460.5581,-3244.198,-2327.072
170,148,16,3471.376,-3325.9341,-2780.0959
172,148,16,3404.064,-3363.196,-3258.2881
174,148,16,3251.4102,-3354.782,-3736.48
176,148,16,3017.02,-3303.0959,-4195.312
178,148,16,2702.0959,-3216.552,-4613.4878
180,148,16,2319.8601,-3096.3521,-4969.7119
182,148,16,1885.938,-2952.1121,-5248.4961
184,148,16,1420.764,-2791.0439,-5442.0962
186,148,16,944.772,-2619.158,-5542.7681
188,148,16,478.396,-2441.262,-5548.5762
190,148,16,37.262,-2264.5681,-5475.0078
190,150,16,206.744,-2385.97,-5186.5439
188,150,16,643.07,-2551.8459,-5225.2642
186,150,16,1104.6381,-2717.7222,-5180.7358
184,150,16,1569.812,-2876.386,-5045.2158
182,150,16,2019.36,-3026.636,-4814.832
180,150,16,2431.646,-3158.856,-4503.1357
178,150,16,2785.0339,-3267.0361,-4117.8721
176,150,16,3067.5042,-3346.3682,-3672.592
174,150,16,3265.834,-3389.6401,-3196.3359
172,150,16,3374.0142,-3393.2461,-2706.5281
170,150,16,3396.8521,-3352.3782,-2230.272
168,150,16,3340.3582,-3268.238,-1784.9919
166,150,16,3218.9561,-3139.624,-1390.048
164,150,16,3054.282,-2965.334,-1055.12
162,150,16,2858.356,-2750.176,-786.016
160,150,16,2651.6121,-2498.958,-576.928
160,150,18,2486.938,-2143.166,-743.424
162,150,18,2639.592,-2352.314,-942.832
164,150,18,2781.428,-2535.0181,-1192.576
166,150,18,2894.416,-2684.0662,-1490.72
168,150,18,2968.9399,-2799.458,-1831.4559
170,150,18,2992.98,-2876.386,-2210.9121
172,150,18,2953.314,-2918.4561,-2607.792
174,150,18,2846.3359,-2924.4661,-3012.416
176,150,18,2670.844,-2896.8201,-3403.488
178,150,18,2431.646,-2840.3262,-3765.52
180,150,18,2134.752,-2759.792,-4081.0879
182,150,18,1792.182,-2657.6221,-4340.5122
184,150,18,1418.36,-2539.8259,-4532.1758
186,150,18,1031.316,-2411.2122,-4650.272
188,150,18,645.474,-2276.5881,-4696.7358
190,150,18,274.056,-2138.3582,-4675.4399
190,148,18,135.826,-2019.36,-4925.1841
188,148,18,504.84,-2161.196,-4973.584
186,148,18,895.49,-2304.2341,-4958.0962
184,148,18,1289.746,-2440.0601,-4870.9761
182,148,18,1676.79,-2566.27,-4708.3521
180,148,18,2037.39,-2676.854,-4476.0317
178,148,18,2359.5261,-2767.0042,-4181.7598
176,148,18,2627.572,-2831.9121,-3841.0239
174,148,18,2833.114,-2865.5681,-3463.5039
172,148,18,2976.1521,-2865.5681,-3068.5601
170,148,18,3051.8782,-2829.5081,-2671.6799
168,148,18,3067.5042,-2756.186,-2284.48
166,148,18,3029.04,-2644.4001,-1926.3199
164,148,18,2949.708,-2498.958,-1606.88
162,148,18,2840.3262,-2317.4561,-1324.224
160,148,18,2712.9141,-2105.9041,-1084.16
160,146,18,2941.2939,-2037.39,-1436.512
162,146,18,3041.0601,-2241.73,-1709.488
164,146,18,3117.988,-2417.2219,-2025.056
166,146,18,3164.866,-2559.0581,-2371.6001
168,146,18,3166.0681,-2666.0361,-2747.1841
170,146,18,3114.3821,-2733.3481,-3144.064
172,146,18,3001.394,-2764.6001,-3542.8799
174,146,18,2825.9021,-2758.5901,-3932.0159
176,146,18,2587.906,-2718.9241,-4295.9839
178,146,18,2291.012,-2648.0061,-4619.2959
180,146,18,1944.8361,-2550.644,-4888.3999
182,146,18,1563.802,-2432.8481,-5089.7441
184,146,18,1164.738,-2300.6279,-5221.3921
186,146,18,760.866,-2157.5901,-5277.5361
188,146,18,365.408,-2010.946,-5262.0479
190,146,18,-8.414,-1863.1,-5178.7998
190,144,18,-156.26,-1680.396,-5413.0562
188,144,18,211.552,-1825.838,-5527.2798
186,144,18,609.414,-1973.6841,-5579.5518
184,144,18,1019.296,-2117.9241,-5558.2559
182,144,18,1431.582,-2254.9521,-5463.3921
180,144,18,1829.4441,-2376.354,-5293.0239
178,144,18,2199.6602,-2479.7261,-5052.96
176,144,18,2526.604,-2557.856,-4752.8799
174,144,18,2797.054,-2603.532,-4406.3359
172,144,18,3011.01,-2615.552,-4023.0081
170,144,18,3161.26,-2590.3101,-3622.2559
168,144,18,3252.6121,-2529.0081,-3215.696
166,144,18,3288.6721,-2430.4441,-2820.752
164,144,18,3279.0562,-2294.6179,-2449.04
162,144,18,3232.178,-2128.7419,-2100.5601
160,144,18,3161.26,-1932.816,-1784.9919
160,142,18,3370.408,-1784.9701,-2121.856
162,142,18,3416.084,-1965.27,-2472.272
164,142,18,3432.9121,-2117.9241,-2851.728
166,142,18,3410.074,-2239.3259,-3254.416
168,142,18,3339.156,-2328.2739,-3666.7839
170,142,18,3212.946,-2379.96,-4083.0239
172,142,18,3025.4341,-2397.99,-4485.7119
174,142,18,2777.822,-2378.7581,-4863.2319
176,142,18,2474.918,-2327.072,-5198.1602
178,142,18,2122.7319,-2246.5381,-5476.9438
180,142,18,1732.082,-2143.166,-5691.8398
182,142,18,1313.786,-2019.36,-5827.3599
184,142,18,890.682,-1883.5341,-5887.376
186,142,18,472.386,-1740.496,-5869.9521
188,142,18,70.918,-1595.0541,-5782.832
190,142,18,-298.096,-1453.218,-5637.6318
190,140,18,-433.922,-1193.5861,-5825.4238
188,140,18,-74.524,-1323.402,-6005.4722
186,140,18,324.54,-1461.6321,-6131.312
184,140,18,746.442,-1597.458,-6183.584
182,140,18,1180.364,-1728.4761,-6158.416
180,140,18,1610.6801,-1848.676,-6055.8081
178,140,18,2024.1681,-1953.25,-5873.8237
176,140,18,2404.0,-2036.188,-5618.272
174,140,18,2738.156,-2092.6821,-5298.832
172,140,18,3020.626,-2119.126,-4930.9922
170,140,18,3244.198,-2113.116,-4524.4321
168,140,18,3405.2661,-2073.45,-4096.5762
166,140,18,3512.2441,-2001.3301,-3664.8479
164,140,18,3567.5361,-1895.5541,-3238.928
162,140,18,3580.7581,-1760.9301,-2826.5601
160,140,18,3561.5261,-1598.66,-2435.488
160,138,18,3731.0081,-1372.6841,-2716.208
162,138,18,3727.4021,-1507.308,-3134.384
164,138,18,3687.7361,-1617.8921,-3571.9199
166,138,18,3603.5959,-1702.032,-4019.136
168,138,18,3467.77,-1757.324,-4468.2881
170,138,18,3274.248,-1781.364,-4903.8882
172,138,18,3018.2222,-1776.556,-5310.4478
174,138,18,2706.9041,-1740.496,-5674.416
176,138,18,2347.5061,-1680.396,-5976.4321
178,138,18,1943.634,-1596.256,-6210.688
180,138,18,1514.52,-1496.49,-6367.5039
182,138,18,1070.9821,-1381.098,-6441.0718
184,138,18,626.242,-1257.292,-6433.3281
186,138,18,201.936,-1133.486,-6348.144
188,138,18,-194.724,-1010.882,-6195.2002
190,138,18,-554.122,-893.086,-5982.2397
190,136,18,-661.1,-566.142,-6086.7842
188,136,18,-313.722,-662.302,-6321.04
186,136,18,80.534,-766.876,-6504.96
184,136,18,502.436,-875.056,-6617.248
182,136,18,947.176,-985.64,-6657.9038
180,136,18,1401.532,-1091.416,-6611.4399
178,136,18,1846.272,-1187.576,-6481.728
176,136,18,2268.1741,-1271.7161,-6268.7681
174,136,18,2652.814,-1337.826,-5984.1758
172,136,18,2990.5762,-1382.3,-5631.8237
170,136,18,3276.6521,-1401.532,-5227.2002
168,136,18,3500.2241,-1396.724,-4789.6641
166,136,18,3667.302,-1361.866,-4328.896
164,136,18,3780.29,-1300.564,-3862.3201
162,136,18,3847.6021,-1215.222,-3403.488
160,136,18,3876.45,-1107.042,-2952.3999
160,134,18,3988.2361,-822.168,-3132.448
162,134,18,3942.5601,-894.288,-3597.0879
164,134,18,3854.814,-947.176,-4073.344
166,134,18,3718.988,-977.226,-4545.728
168,134,18,3529.072,-984.438,-5012.3042
170,134,18,3280.2581,-968.812,-5453.7119
172,134,18,2974.95,-935.156,-5850.5918
174,134,18,2616.7542,-879.864,-6193.2642
176,134,18,2215.2861,-811.35,-6464.3042
178,134,18,1780.162,-729.614,-6657.9038
180,134,18,1324.604,-641.868,-6766.3198
182,134,18,864.238,-549.314,-6785.6802
184,134,18,418.296,-455.558,-6723.728
186,134,18,-3.606,-366.61,-6588.208
188,134,18,-393.054,-284.874,-6384.9277
190,134,18,-738.028,-209.148,-6129.376
190,132,18,-796.926,151.452,-6113.8882
188,132,18,-465.174,104.574,-6377.1841
186,132,18,-85.342,44.474,-6594.0161
184,132,18,328.146,-20.434,-6746.96
182,132,18,770.482,-96.16,-6826.3359
180,132,18,1229.646,-173.088,-6826.3359
178,132,18,1688.8101,-253.622,-6739.2158
176,132,18,2134.752,-334.156,-6566.9121
174,132,18,2548.24,-406.276,-6311.3599
172,132,18,2922.062,-469.982,-5986.1118
170,132,18,3249.0061,-520.466,-5596.9761
168,132,18,3517.052,-554.122,-5165.248
166,132,18,3731.0081,-572.152,-4702.5439
164,132,18,3887.2681,-573.354,-4224.3521
162,132,18,3996.6501,-555.324,-3740.3521
160,132,18,4063.9622,-516.86,-3262.1599
160,130,18,4103.6279,-218.764,-3327.9839
162,130,18,4021.8921,-219.966,-3802.304
164,130,18,3896.884,-204.34,-4282.4321
166,130,18,3722.594,-173.088,-4756.752
168,130,18,3495.416,-127.412,-5211.7119
170,130,18,3214.1479,-67.312,-5631.8237
172,130,18,2879.9919,0.0,-6003.5361
174,130,18,2496.554,74.524,-6315.2319
176,130,18,2077.0562,151.452,-6555.2959
178,130,18,1632.316,228.38,-6712.1118
180,130,18,1176.7581,299.298,-6783.7441
182,130,18,719.998,365.408,-6774.064
184,130,18,283.672,420.7,-6681.1357
186,130,18,-123.806,463.972,-6522.3838
188,130,18,-495.224,496.426,-6299.7441
190,130,18,-820.966,518.062,-6032.5762
190,128,18,-829.38,860.632,-5889.312
188,128,18,-516.86,863.036,-6146.7998
186,128,18,-158.664,852.218,-6369.4399
184,128,18,234.39,829.38,-6530.1279
182,128,18,661.1,793.32,-6626.9277
180,128,18,1107.042,745.24,-6648.2241
178,128,18,1557.792,683.938,-6590.144
176,128,18,1997.724,611.818,-6448.8159
174,128,18,2416.02,533.688,-6228.1118
172,128,18,2803.064,450.75,-5937.7119
170,128,18,3144.4321,369.014,-5581.4878
168,128,18,3435.3162,290.884,-5182.6719
166,128,18,3676.918,219.966,-4741.2642
164,128,18,3864.4302,161.068,-4284.3682
162,128,18,4005.064,112.988,-3811.9839
160,128,18,4103.6279,78.13,-3341.5359
160,126,18,4073.5781,346.176,-3300.8799
162,126,18,3961.792,412.286,-3753.9041
164,126,18,3811.542,489.214,-4203.0562
166,126,18,3615.616,576.96,-4642.5278
168,126,18,3370.408,668.312,-5060.7041
170,126,18,3073.5142,764.472,-5440.1602
172,126,18,2732.146,859.43,-5773.1519
174,126,18,2349.9102,951.984,-6046.1279
176,126,18,1941.23,1031.316,-6249.4082
178,126,18,1508.51,1102.234,-6377.1841
180,126,18,1072.184,1156.324,-6427.52
182,126,18,639.464,1194.788,-6406.2241
184,126,18,228.38,1216.4241,-6309.4238
186,126,18,-155.058,1221.2321,-6154.5439
188,126,18,-502.436,1210.4141,-5945.4561
190,126,18,-807.744,1187.576,-5693.7759
190,124,18,-774.088,1456.824,-5455.6479
188,124,18,-483.204,1498.894,-5687.9678
186,124,18,-150.25,1525.338,-5885.4399
184,124,18,215.158,1536.156,-6032.5762
182,124,18,610.616,1530.146,-6123.5679
180,124,18,1024.104,1503.702,-6146.7998
178,124,18,1446.006,1458.026,-6106.144
176,124,18,1861.8981,1393.118,-5988.0479
174,124,18,2260.9622,1312.584,-5802.1919
172,124,18,2633.582,1218.828,-5554.3838
170,124,18,2972.5461,1116.6581,-5244.624
168,124,18,3269.4399,1006.074,-4888.3999
166,124,18,3520.658,897.894,-4497.3281
164,124,18,3723.7961,792.118,-4084.96
162,124,18,3884.864,688.746,-3655.168
160,124,18,4008.6702,594.99,-3219.5679
160,122,18,3919.7222,805.34,-3099.5359
162,122,18,3789.906,920.732,-3508.032
164,122,18,3624.03,1040.932,-3906.8479
166,122,18,3417.2861,1165.9401,-4290.1758
168,122,18,3168.4722,1292.15,-4650.272
170,122,18,2877.5881,1413.552,-4977.4561
172,122,18,2550.644,1524.136,-5260.1118
174,122,18,2187.6401,1623.902,-5492.4321
176,122,18,1804.202,1703.234,-5662.7998
178,122,18,1407.542,1765.738,-5767.3437
180,122,18,1007.276,1806.6061,-5809.936
182,122,18,610.616,1825.838,-5788.6401
184,122,18,233.188,1823.4341,-5707.3281
186,122,18,-115.392,1801.798,-5573.7441
188,122,18,-435.124,1760.9301,-5393.6958
190,122,18,-717.594,1708.042,-5180.7358
190,120,18,-655.09,1896.756,-4888.3999
188,120,18,-389.448,1959.26,-5078.1279
186,120,18,-86.544,2008.542,-5238.8159
184,120,18,244.006,2038.592,-5358.8481
182,120,18,599.798,2048.208,-5430.48
180,120,18,973.62,2038.592,-5449.8398
178,120,18,1352.25,2002.532,-5409.1841
176,120,18,1729.678,1944.8361,-5314.3198
174,120,18,2096.2881,1865.504,-5157.5039
172,120,18,2442.4641,1769.344,-4948.416
170,120,18,2759.792,1656.3561,-4690.9277
168,120,18,3041.0601,1528.944,-4392.7842
166,120,18,3288.6721,1394.3201,-4061.728
164,120,18,3495.416,1258.494,-3707.4399
162,120,18,3667.302,1121.4661,-3333.792
160,120,18,3804.3301,988.044,-2952.3999
160,120,20,3452.144,843.804,-2687.168
162,120,20,3324.7322,949.58,-3022.0959
164,120,20,3167.27,1058.962,-3347.344
166,120,20,2980.96,1169.546,-3657.104
168,120,20,2762.196,1277.7261,-3947.5039
170,120,20,2514.584,1378.694,-4204.9922
172,120,20,2238.124,1470.046,-4429.5679
174,120,20,1938.826,1550.5801,-4615.4238
176,120,20,1623.902,1617.8921,-4756.752
178,120,20,1300.564,1669.578,-4849.6802
180,120,20,973.62,1704.436,-4890.3359
182,120,20,650.282,1718.86,-4888.3999
184,120,20,338.964,1717.6581,-4838.064
186,120,20,49.282,1700.8301,-4749.0078
188,120,20,-221.168,1667.1741,-4623.168
190,120,20,-462.77,1622.7001,-4470.2241
190,122,20,-512.052,1446.006,-4714.1602
188,122,20,-263.238,1480.864,-4882.5918
186,122,20,18.03,1504.9041,-5021.9839
184,122,20,322.136,1515.722,-5122.6558
182,122,20,646.676,1510.9141,-5176.8638
180,122,20,986.842,1491.682,-5184.6079
178,122,20,1328.2101,1454.42,-5138.144
176,122,20,1669.578,1401.532,-5039.4082
174,122,20,1997.724,1335.422,-4890.3359
172,122,20,2310.2441,1256.09,-4687.0562
170,122,20,2593.916,1169.546,-4441.1841
168,122,20,2848.74,1073.386,-4160.4639
166,122,20,3071.1101,974.822,-3846.832
164,122,20,3258.6221,875.056,-3513.8401
162,122,20,3412.478,778.896,-3165.3599
160,122,20,3538.688,685.14,-2805.2639
160,124,20,3610.8081,506.042,-2900.1279
162,124,20,3493.012,578.162,-3273.7759
164,124,20,3343.9641,657.494,-3645.488
166,124,20,3160.0581,741.634,-3995.9041
168,124,20,2938.8901,828.178,-4332.7681
170,124,20,2681.6621,915.924,-4634.7842
172,124,20,2389.5759,998.862,-4900.0161
174,124,20,2072.248,1074.588,-5116.8481
176,124,20,1733.2841,1140.698,-5283.3437
178,124,20,1381.098,1195.99,-5391.7598
180,124,20,1021.7,1238.0601,-5442.0962
182,124,20,668.312,1263.302,-5438.2241
184,124,20,328.146,1275.322,-5376.272
186,124,20,9.616,1274.12,-5269.792
188,124,20,-284.874,1258.494,-5118.7842
190,124,20,-546.91,1233.2521,-4936.7998
190,126,20,-572.152,992.852,-5126.5278
188,126,20,-304.106,1003.67,-5320.1279
186,126,20,-1.202,1004.872,-5478.8799
184,126,20,326.944,995.256,-5593.104
182,126,20,679.13,972.418,-5656.9922
180,126,20,1044.538,938.762,-5660.8638
178,126,20,1414.754,893.086,-5606.6558
176,126,20,1778.9601,834.188,-5488.5601
174,126,20,2125.136,769.28,-5312.3838
172,126,20,2450.8779,697.16,-5078.1279
170,126,20,2745.3682,623.838,-4795.4722
168,126,20,3002.5959,546.91,-4474.0962
166,126,20,3222.562,477.194,-4119.8081
164,126,20,3401.6602,411.084,-3746.1599
162,126,20,3545.9001,350.984,-3360.896
160,126,20,3656.4841,299.298,-2964.0159
160,128,20,3680.5242,75.726,-2991.1199
162,128,20,3583.1621,99.766,-3393.8079
164,128,20,3448.5381,135.826,-3794.5601
166,128,20,3277.854,180.3,-4181.7598
168,128,20,3065.1001,233.188,-4551.5361
170,128,20,2813.8821,294.49,-4890.3359
172,128,20,2521.7961,356.994,-5190.416
174,128,20,2194.8521,424.306,-5438.2241
176,128,20,1843.868,488.012,-5627.9521
178,128,20,1474.854,545.708,-5759.6001
180,128,20,1095.022,598.596,-5823.4878
182,128,20,718.796,641.868,-5825.4238
184,128,20,355.792,677.928,-5763.4722
186,128,20,16.828,699.564,-5649.248
188,128,20,-298.096,713.988,-5484.688
190,128,20,-579.364,717.594,-5281.4082
190,130,20,-572.152,427.912,-5391.7598
188,130,20,-287.278,402.67,-5595.04
186,130,20,33.656,371.418,-5759.6001
184,130,20,381.034,330.55,-5871.8882
182,130,20,750.048,282.47,-5929.9678
180,130,20,1133.486,228.38,-5922.2241
178,130,20,1515.722,171.886,-5850.5918
176,130,20,1889.5441,109.382,-5709.2642
174,130,20,2241.73,46.878,-5505.9839
172,130,20,2565.0681,-12.02,-5240.752
170,130,20,2852.3459,-62.504,-4930.9922
168,130,20,3098.7561,-108.18,-4578.6401
166,130,20,3301.894,-143.038,-4197.248
164,130,20,3462.9622,-165.876,-3800.3679
162,130,20,3584.364,-176.694,-3389.936
160,130,20,3672.1101,-173.088,-2979.5039
160,132,20,3640.8582,-413.488,-2921.4241
162,132,20,3568.738,-445.942,-3326.0481
164,132,20,3460.5581,-463.972,-3734.5439
166,132,20,3315.116,-465.174,-4135.2959
168,132,20,3125.2,-451.952,-4524.4321
170,132,20,2893.2141,-425.508,-4886.4639
172,132,20,2615.552,-387.044,-5211.7119
174,132,20,2300.6279,-337.762,-5484.688
176,132,20,1954.452,-281.268,-5703.4561
178,132,20,1583.0341,-217.562,-5858.3359
180,132,20,1198.394,-153.856,-5945.4561
182,132,20,813.754,-90.15,-5966.752
184,132,20,438.73,-30.05,-5920.2881
186,132,20,84.14,25.242,-5813.8081
188,132,20,-246.41,74.524,-5655.0562
190,132,20,-540.9,114.19,-5453.7119
190,134,20,-496.426,-189.916,-5463.3921
188,134,20,-198.33,-251.218,-5653.1201
186,134,20,135.826,-318.53,-5802.1919
184,134,20,492.82,-393.054,-5897.0562
182,134,20,867.844,-466.376,-5928.0317
180,134,20,1252.484,-542.102,-5893.1841
178,134,20,1632.316,-614.222,-5792.5122
176,134,20,1996.5221,-679.13,-5624.0801
174,134,20,2333.082,-732.018,-5393.6958
172,134,20,2637.188,-774.088,-5109.104
170,134,20,2900.426,-800.532,-4776.1118
168,134,20,3119.1899,-811.35,-4410.208
166,134,20,3291.0762,-804.138,-4021.072
164,134,20,3420.8921,-777.694,-3622.2559
162,134,20,3513.446,-733.22,-3219.5679
160,134,20,3572.344,-670.716,-2818.8159
160,136,20,3483.396,-897.894,-2669.7439
162,136,20,3442.5281,-985.64,-3051.136
164,136,20,3370.408,-1054.1541,-3444.144
166,136,20,3262.228,-1103.436,-3835.2161
168,136,20,3108.3721,-1132.2841,-4220.48
170,136,20,2910.042,-1138.2941,-4586.3838
172,136,20,2667.238,-1125.072,-4925.1841
174,136,20,2379.96,-1091.416,-5221.3921
176,136,20,2057.824,-1043.3361,-5465.3281
178,136,20,1705.6381,-979.63,-5649.248
180,136,20,1334.22,-906.308,-5771.2158
182,136,20,951.984,-825.774,-5821.5518
184,136,20,576.96,-740.432,-5808.0
186,136,20,218.764,-653.888,-5732.4961
188,136,20,-122.604,-570.95,-5600.8481
190,136,20,-430.316,-494.022,-5422.7358
190,138,20,-349.782,-774.088,-5337.5518
188,138,20,-42.07,-867.844,-5494.3682
186,138,20,296.894,-965.206,-5604.7197
184,138,20,656.292,-1062.568,-5658.9277
182,138,20,1027.71,-1159.9301,-5653.1201
180,138,20,1396.724,-1248.8781,-5579.5518
178,138,20,1757.324,-1327.0081,-5440.1602
176,138,20,2095.0859,-1391.916,-5238.8159
174,138,20,2399.1921,-1437.592,-4985.2002
172,138,20,2666.0361,-1464.036,-4681.248
170,138,20,2889.6082,-1467.642,-4344.3838
168,138,20,3063.8979,-1447.208,-3978.48
166,138,20,3194.916,-1402.734,-3600.96
164,138,20,3282.6621,-1334.22,-3221.5039
162,138,20,3335.55,-1241.666,-2843.9839
160,138,20,3358.3879,-1128.678,-2480.0159
160,140,20,3221.3601,-1313.786,-2253.5039
162,140,20,3220.158,-1444.8041,-2590.3679
164,140,20,3191.3101,-1556.5901,-2946.592
166,140,20,3127.604,-1643.134,-3308.624
168,140,20,3023.03,-1705.6381,-3674.5281
170,140,20,2873.9819,-1738.092,-4032.688
172,140,20,2678.0562,-1747.708,-4369.5518
174,140,20,2435.252,-1729.678,-4681.248
176,140,20,2153.9841,-1687.608,-4948.416
178,140,20,1834.2521,-1627.5081,-5167.1841
180,140,20,1489.2781,-1548.176,-5327.8721
182,140,20,1128.678,-1455.6221,-5424.6719
184,140,20,763.27,-1355.8561,-5457.584
186,140,20,406.276,-1250.0801,-5430.48
188,140,20,63.706,-1143.1021,-5343.3599
190,140,20,-250.016,-1038.5281,-5207.8398
190,142,20,-145.442,-1266.9081,-5047.1519
188,142,20,167.078,-1379.896,-5155.5679
186,142,20,507.244,-1494.0861,-5215.584
184,142,20,858.228,-1605.8721,-5217.52
182,142,20,1212.818,-1711.6481,-5157.5039
180,142,20,1560.196,-1806.6061,-5037.4722
178,142,20,1889.5441,-1884.7361,-4857.4238
176,142,20,2190.0439,-1946.0381,-4623.168
174,142,20,2448.4741,-1983.3,-4344.3838
172,142,20,2664.834,-1996.5221,-4030.752
170,142,20,2834.3162,-1979.6941,-3691.9519
168,142,20,2955.718,-1935.2201,-3341.5359
166,142,20,3032.646,-1861.8981,-2987.248
164,142,20,3071.1101,-1762.1321,-2642.6399
162,142,20,3075.918,-1637.124,-2311.584
160,142,20,3056.686,-1486.874,-1996.016
160,144,20,2884.8,-1614.286,-1721.104
162,144,20,2925.668,-1775.354,-2001.824
164,144,20,2946.1021,-1913.584,-2307.7119
166,144,20,2936.4861,-2025.37,-2631.0239
168,144,20,2888.406,-2109.51,-2967.8879
170,144,20,2797.054,-2162.3979,-3310.5601
172,144,20,2658.824,-2186.438,-3647.4241
174,144,20,2471.312,-2181.6301,-3968.8
176,144,20,2238.124,-2149.176,-4257.2642
178,144,20,1961.6641,-2093.884,-4510.8799
180,144,20,1651.548,-2018.1581,-4712.2241
182,144,20,1318.594,-1925.604,-4859.3599
184,144,20,972.418,-1819.828,-4946.48
186,144,20,627.444,-1708.042,-4971.6479
188,144,20,289.682,-1591.448,-4940.6719
190,144,20,-30.05,-1473.652,-4855.4878
190,146,20,86.544,-1641.932,-4652.208
188,146,20,400.266,-1759.728,-4708.3521
186,146,20,733.22,-1876.322,-4714.1602
184,146,20,1070.9821,-1988.108,-4659.9521
182,146,20,1403.936,-2091.48,-4547.6641
180,146,20,1723.6681,-2182.832,-4379.2319
178,146,20,2014.552,-2256.1541,-4156.5918
176,146,20,2269.376,-2307.8401,-3887.488
174,146,20,2476.1201,-2334.2839,-3587.408
172,146,20,2635.9861,-2334.2839,-3262.1599
170,146,20,2746.5701,-2304.2341,-2927.2319
168,146,20,2807.8721,-2245.3359,-2594.24
166,146,20,2827.104,-2155.186,-2270.928
164,146,20,2810.2761,-2036.188,-1966.976
162,146,20,2763.3979,-1889.5441,-1686.256
160,146,20,2698.49,-1716.4561,-1432.64
160,148,20,2509.7761,-1782.566,-1144.176
162,148,20,2597.522,-1959.26,-1362.944
164,148,20,2669.6421,-2111.9141,-1616.5599
166,148,20,2715.3181,-2236.9221,-1899.2159
168,148,20,2727.3381,-2333.082,-2208.9761
170,148,20,2696.0859,-2399.1921,-2534.2239
172,148,20,2616.7542,-2435.252,-2867.2161
174,148,20,2485.7361,-2441.262,-3196.3359
176,148,20,2305.436,-2419.626,-3508.032
178,148,20,2074.6521,-2373.95,-3790.688
180,148,20,1804.202,-2307.8401,-4034.624
182,148,20,1502.5,-2222.498,-4226.2881
184,148,20,1179.162,-2123.9341,-4363.7441
186,148,20,848.612,-2016.9561,-4443.1201
188,148,20,519.264,-1901.5641,-4464.416
190,148,20,204.34,-1786.172,-4431.5039
190,150,20,317.328,-1902.766,-4203.0562
188,150,20,627.444,-2014.552,-4212.7358
186,150,20,950.782,-2123.9341,-4166.272
184,150,20,1270.514,-2226.104,-4063.6641
182,150,20,1580.63,-2318.658,-3902.9761
180,150,20,1865.504,-2395.5859,-3690.0159
178,150,20,2116.7219,-2456.8879,-3432.5281
176,150,20,2323.4661,-2496.554,-3134.384
174,150,20,2479.7261,-2512.1799,-2813.0081
172,150,20,2581.896,-2500.1602,-2478.0801
170,150,20,2632.3801,-2459.292,-2147.0239
168,150,20,2633.582,-2390.7781,-1827.584
166,150,20,2592.7141,-2289.8101,-1533.312
164,150,20,2519.3921,-2162.3979,-1270.016
162,150,20,2420.8281,-2007.3401,-1041.568
160,150,20,2309.042,-1825.838,-849.904
