# vtk DataFile Version 3.0
Magnetic Field Scan Structured
ASCII
DATASET STRUCTURED_POINTS
DIMENSIONS 16 21 11
ORIGIN 100 110 0
SPACING 2 2 2
POINT_DATA 3696
SCALARS B_Magnitude double 1
LOOKUP_TABLE default
8201.056558
8622.411975
9019.695687
9356.221955
9633.128334
9833.348466
9950.774708
9982.302049
9926.531566
9791.998536
9587.875038
9328.590664
9024.170437
8697.736040
8358.220769
8018.935923
9106.159469
9631.580433
10115.613513
10534.490507
10873.137193
11116.438163
11256.365700
11281.823878
11199.713413
11012.624894
10742.893887
10411.319250
10025.727001
9609.960378
9185.210355
8773.313594
10115.838939
10768.984333
11379.460096
11904.256832
12336.554352
12645.367278
12823.713484
12857.168876
12755.464492
12520.262283
12171.257213
11739.479669
11240.130684
10706.062972
10159.498072
9624.328898
11309.470029
12127.674674
12880.890128
13544.306136
14078.791868
14461.010042
14668.497694
14690.870873
14538.389598
14220.824455
13762.645193
13190.207492
12544.268524
11863.961476
11172.633181
10517.035159
12604.967997
13620.253265
14588.869035
15439.051524
16130.006640
16621.394744
16886.926685
16921.427269
16733.259135
16319.971746
15726.606413
14984.218843
14142.951816
13257.608586
12365.684564
11509.427327
14121.454265
15419.219400
16652.216968
17738.213400
18608.186581
19175.681771
19466.823456
19524.047884
19287.263371
18734.931558
17949.517090
16972.461995
15868.576014
14718.956341
13584.593364
12529.589795
15753.377166
17407.715120
19013.881050
20431.294074
21459.964821
22088.274560
22426.836378
22575.038928
22392.149219
21750.953902
20712.270539
19428.898179
17964.097639
16459.569460
14984.281011
13627.255590
17590.881734
19732.845933
21831.927799
23636.319977
24863.400120
25583.113052
25981.332648
26153.603283
26006.530704
25227.623785
23862.448443
22143.359379
20156.096377
18171.754107
16339.444071
14669.535284
19472.011590
22222.425813
25002.930597
26919.335987
27083.082647
26919.380776
27001.424585
27394.880884
27945.923739
28321.825521
27676.411908
25052.597455
22129.341932
19547.078162
17458.391800
15589.056889
21320.542060
24881.253423
26917.161377
26867.822401
26637.422400
26466.791802
26539.845721
26911.017768
27510.213890
28220.106610
28239.897386
27193.048655
23517.331222
20281.580232
17979.772525
16204.671329
22734.673381
26458.449274
26514.508169
25758.386921
24808.515755
24231.442839
24262.887802
24861.047792
25990.628381
27263.876987
27215.082809
27008.301234
25091.619671
21064.476994
18386.142694
16536.474420
23295.387788
26367.866321
25964.146124
24753.986377
23599.614038
23125.035755
23453.935057
24505.464490
26092.935148
27470.279399
27575.408262
27617.339325
26115.367593
21616.288393
18722.775745
16689.042050
22654.854856
26077.484761
25999.157721
25724.964447
25868.478630
26543.344721
27275.205100
28213.789026
29469.126988
30483.723207
30500.923425
30263.255516
26280.877864
21967.306113
19011.108995
16370.338451
21122.628858
24726.132121
25993.584872
26726.197054
26981.983413
27121.634451
27618.764451
28491.310520
29541.417825
30381.426240
29605.543042
26525.320747
23965.230140
21609.133567
18307.748646
15390.093766
19267.661423
21931.047273
24498.686462
26104.767902
26598.026687
26808.935463
27023.805260
26918.237946
26517.484236
25592.936405
23932.996666
22244.517696
20734.362944
19223.102758
16753.780500
14145.727049
17567.105185
19544.795300
21316.958376
22633.060883
23283.686075
23073.866452
22873.609451
22656.568452
22341.426602
21681.154730
20698.269681
19370.307787
17811.348013
16823.849258
15080.484465
12844.519091
16427.563760
18019.836344
19304.187110
20097.683595
20822.086154
21105.634738
20976.001739
20829.203730
20576.640825
20153.051843
19595.906054
18365.374934
16749.704405
15599.924655
13834.156406
11740.647186
15808.904926
17331.028497
18321.086430
18591.425816
18816.412779
19455.960156
20064.401614
20144.657701
19932.349206
19830.639105
19710.007795
18624.081646
16852.418293
15085.528454
12906.239548
10896.464901
15652.389311
17245.583878
18087.967609
17895.243199
17641.083386
18081.272647
18855.794784
19289.838279
19494.324023
19945.155365
20426.454496
19599.278629
17503.406245
14928.396690
12471.597391
10401.877762
15761.539400
17557.175258
18359.930009
17863.057514
17351.494412
17573.418545
17790.821668
17854.928735
18317.767938
19360.404193
20777.856661
20212.677986
17805.510691
14870.639697
12306.006847
10195.736429
15920.311917
17911.237059
18786.109006
18159.719512
17419.209739
17220.786129
16860.877089
16893.154811
17496.621845
18816.344005
20940.346940
20715.155709
18242.344928
15164.757823
12467.288307
10256.908468
7649.551525
8031.016779
8377.043901
8672.313192
8913.975657
9086.793556
9186.414486
9211.552994
9163.029925
9045.402793
8870.623640
8645.860520
8384.457671
8098.571065
7801.930397
7508.981570
8460.534471
8918.270362
9341.327067
9708.689270
10004.851027
10221.068425
10347.882053
10375.099006
10312.663347
10157.354425
9929.826462
9638.150549
9304.210242
8941.321233
8563.094467
8189.276616
9354.755435
9918.154310
10441.962230
10889.863590
11256.650674
11520.304921
11662.673086
11688.329107
11596.895882
11393.271299
11095.526118
10724.748512
10302.570428
9846.160951
9378.046169
8926.943402
10356.391573
11048.509921
11689.693198
12255.286603
12714.667306
13041.861917
13223.540988
13255.469016
13137.264366
12876.713122
12493.326715
12014.671607
11466.285677
10883.644623
10288.530445
9709.566740
11466.357807
12320.289199
13126.830545
13828.727109
14395.499832
14797.079631
15012.971485
15031.324302
14868.245262
14525.647462
14029.299964
13414.151372
12716.115653
11978.298922
11240.144691
10537.849061
12688.590796
13748.105182
14757.013356
15643.662464
16367.119797
16879.290121
17154.732159
17179.775241
16969.244401
16524.260368
15884.258863
15089.959733
14191.039101
13238.556619
12285.844441
11396.474547
14002.376165
15331.223336
16602.133837
17711.930118
18616.917364
19251.039163
19577.551307
19585.765836
19299.893092
18719.880559
17901.165005
16879.687304
15729.398593
14536.269641
13361.130036
12276.132962
15395.049082
17032.634604
18631.605608
20054.602786
21204.338547
22008.477655
22416.591545
22434.233594
22070.708876
21336.810606
20282.900714
18971.042900
17489.453303
15956.536735
14470.207275
13114.105463
16769.093977
18799.911204
20809.185219
22581.787173
23975.554779
24564.660575
24853.185679
24979.027808
24871.890276
24105.335967
22776.318180
21104.951172
19224.905241
17310.031160
15486.122270
13867.259892
18011.729725
20446.470474
22898.160863
24353.521164
24278.165968
24173.344822
24262.173973
24581.860195
25086.198784
25656.156070
25357.132260
23274.047518
20843.973908
18487.917336
16362.686842
14440.759889
18924.450704
21736.052334
24036.489308
23853.951351
23419.778509
23205.948364
23334.863046
23834.445581
24623.229781
25532.991597
26336.443654
24822.864891
21812.097788
19175.385573
16805.734516
14712.240372
19264.137793
22221.484016
24008.389138
23543.116636
23150.989365
23047.105570
23367.074954
24073.241777
25031.418346
26118.661931
26958.097380
25573.766096
22311.406062
19492.006168
16943.178897
14655.408141
18912.797671
21733.021747
23899.936720
23895.867024
23968.041179
24342.268352
25042.022282
25950.497366
26942.805086
27862.526332
27853.399660
25114.804822
22021.501649
19127.544893
16454.980726
14168.693912
17967.647006
20355.124953
22726.163143
24243.753723
25036.616648
25882.744641
26850.167010
27745.679007
28119.784065
27437.866423
25903.162200
23626.409732
20905.945123
18126.295849
15569.091452
13396.446859
16788.247463
18700.572111
20545.062976
22121.331022
23433.952104
24436.772959
24845.119849
24697.449477
24204.111380
23412.418835
22304.046862
20880.505938
18940.025558
16555.057503
14304.987131
12359.152435
15601.349811
17078.997905
18421.686448
19564.110801
20525.040744
21333.939717
21712.051278
21578.839586
21152.703903
20531.204031
19668.160311
18572.209963
17099.048464
15120.390551
13121.146315
11342.226636
14670.568445
15869.281955
16865.202416
17636.732091
18309.961992
18938.668288
19443.552881
19588.878414
19350.003384
18897.618312
18177.625653
17146.670942
15670.083385
13827.669405
11998.319457
10368.089170
14016.517400
15033.873338
15788.563270
16268.653514
16672.217797
17127.994221
17613.251397
17993.604339
18095.536671
17930.540877
17385.259125
16340.243274
14797.222760
12987.434353
11234.143683
9637.354012
13664.109463
14627.229395
15240.901337
15499.779982
15678.245769
15977.070503
16359.764074
16695.468282
16928.217626
16997.817784
16679.711648
15733.968833
14198.106149
12424.529855
10679.435891
9104.085651
13478.807338
14446.574384
15000.226697
15117.466540
15134.540188
15280.412823
15531.353660
15828.872858
16146.791521
16388.390793
16269.037268
15484.021226
14023.325541
12246.743849
10480.573136
8858.911180
13411.571274
14435.896878
14986.455455
15036.706121
14943.880958
14968.698844
15121.774298
15414.671922
15819.886776
16168.863716
16158.877478
15456.981480
14022.960922
12228.081556
10424.979461
8799.505692
7118.613312
7447.412128
7751.343488
8009.922475
8224.818525
8378.797876
8467.243130
8492.318899
8453.505004
8353.208084
8200.584645
8005.449489
7777.396684
7527.612621
7264.980940
6999.392638
7808.653553
8208.902141
8572.929492
8889.533645
9144.858256
9326.328263
9429.181932
9452.891878
9393.403481
9260.674057
9066.993785
8821.120862
8532.492790
8222.594577
7898.539551
7582.939717
8562.284682
9050.390687
9496.931549
9885.273313
10200.913476
10429.417368
10554.986605
10583.024215
10511.044839
10346.621954
10096.637072
9783.835126
9425.443951
9033.298695
8627.883080
8228.507104
9421.814858
10010.980446
10549.229971
11014.625715
11395.324847
11666.422255
11812.645965
11832.928656
11730.000185
11510.755650
11195.350310
10797.942853
10341.492036
9856.166973
9360.129432
8883.462703
10324.442964
11032.919074
11696.587726
12278.016662
12750.717316
13083.377631
13267.770639
13287.936778
13163.019463
12892.019747
12491.141215
11992.505259
11416.169035
10807.277250
10185.311360
9587.295713
11323.030270
12189.303540
12997.020693
13705.018897
14277.115086
14673.490609
14886.744640
14903.960993
14723.070694
14370.211475
13867.104157
13235.385249
12513.613159
11758.577615
10995.642150
10277.830884
12345.409371
13385.180400
14376.458055
15248.157034
15964.315040
16459.204586
16726.834846
16743.902976
16526.552524
16086.869443
15449.440763
14656.748583
13754.552726
12810.688557
11867.478940
10979.714180
13410.078682
14663.366933
15866.321699
16920.674462
17785.662250
18375.950268
18686.217060
18691.227803
18412.855134
17852.086928
17060.782700
16072.501165
14959.907690
13807.934283
12669.166170
11620.761523
14392.074080
15871.065073
17310.716966
18594.772281
19632.489857
20357.050343
20732.034288
20744.791853
20406.679039
19740.709484
18765.158027
17555.425157
16198.258581
14795.094949
13427.548572
12173.132792
15260.881468
16977.208958
18654.405304
20148.568402
21354.020858
22156.728608
22521.398093
22586.775677
22221.084576
21437.001387
20282.538535
18836.008008
17215.405432
15554.927194
13972.966873
12560.327363
15837.529580
17708.039406
19581.764297
21239.151774
22331.380931
22748.334539
23003.474658
23262.492418
23335.792046
22741.350587
21470.494073
19835.647388
17983.023500
16099.595645
14323.093442
12738.315852
16061.319205
18010.057086
19946.439456
21666.441803
22523.160139
22893.126727
23163.969126
23611.975703
23795.442095
23274.396928
21914.574987
20161.081489
18167.487456
16162.501331
14275.446907
12630.797185
15851.705665
17703.575195
19543.954334
21183.548961
22413.455988
23046.959819
23548.611862
23857.102522
23706.984464
22862.845072
21526.877277
19791.568073
17812.626799
15804.976969
13914.078983
12239.691488
15306.737067
16968.961759
18578.255401
20014.187733
21186.954923
22030.104510
22519.619007
22620.927225
22300.558605
21522.177780
20299.969520
18692.565760
16859.661663
14975.531169
13187.234145
11607.472590
14541.868863
15920.285902
17242.156750
18406.539482
19367.290264
20078.651561
20535.906193
20659.218992
20423.279215
19780.369494
18733.466555
17326.300633
15682.813617
13974.773252
12336.668352
10844.411589
13719.176114
14867.105143
15902.691147
16796.509300
17530.523810
18099.296878
18474.484470
18609.369529
18441.310857
17924.992869
17044.495550
15814.400195
14361.806345
12828.773714
11340.583421
9991.828726
12996.556965
13918.433527
14723.199893
15381.952931
15936.288974
16374.504336
16693.305326
16832.774470
16741.808076
16351.378192
15629.845804
14575.088488
13280.686766
11883.369099
10496.859926
9202.797666
12413.704034
13214.169247
13848.564905
14319.800914
14701.649832
15030.227544
15286.081853
15420.428176
15372.945483
15080.097903
14489.356205
13558.079175
12365.900101
11059.017104
9744.408862
8516.708400
11990.389880
12674.893227
13189.021262
13528.655557
13777.395196
13995.106448
14191.767798
14320.878340
14329.492384
14142.551882
13683.767982
12884.142441
11787.189745
10536.880432
9248.039592
8010.886619
11710.890435
12377.553761
12836.774676
13082.474096
13231.065168
13369.158054
13512.364440
13631.893905
13673.278197
13565.577709
13188.448314
12464.175863
11420.149754
10191.824548
8911.439911
7688.499798
11498.612051
12144.681870
12568.885155
12768.499311
12864.834297
12943.757045
13044.913645
13165.580382
13255.940239
13220.226220
12932.736788
12289.634440
11293.346495
10086.693249
8806.294324
7553.786075
6587.003712
6881.313009
7145.596334
7368.137320
7550.488420
7683.215460
7759.238686
7779.583437
7744.723855
7660.818335
7533.099319
7366.017141
7169.871479
6954.905308
6728.598237
6504.956881
7200.580784
7542.518139
7857.422825
8128.825671
8350.728273
8508.389622
8599.072600
8621.408152
8577.339826
8465.178509
8301.008526
8093.922679
7848.814594
7582.301152
7303.496585
7021.977834
7848.471737
8260.109181
8635.417749
8958.397396
9222.714747
9406.716101
9510.481877
9531.939318
9466.949255
9330.861700
9123.727975
8865.531258
8565.811852
8236.434811
7897.745424
7566.132830
8560.399445
9050.345870
9499.324187
9890.051926
10210.829464
10438.742708
10563.339188
10584.816381
10506.240370
10331.459124
10071.105341
9744.852574
9368.120324
8961.149153
8540.942628
8128.273556
9316.661104
9898.274025
10438.792962
10905.844367
11285.849415
11555.116229
11695.220531
11711.970875
11605.144138
11387.280374
11064.354742
10659.382493
10193.315734
9699.481639
9196.008679
8711.115615
10112.985788
10803.212846
11449.738013
12014.625622
12477.332917
12802.437842
12977.380179
12994.286184
12863.034111
12583.960176
12182.582728
11685.643291
11111.258287
10498.325310
9878.063600
9281.929198
10922.233389
11744.629202
12511.013145
13180.194990
13724.310858
14104.211737
14303.171511
14321.456079
14148.976106
13805.142328
13312.693400
12699.417701
12000.445522
11262.277215
10523.660851
9829.667891
11720.357291
12677.848555
13585.338157
14382.686826
15030.484922
15488.968925
15724.088460
15737.431140
15530.279817
15112.996512
14516.290044
13766.420149
12920.833154
12034.730521
11153.170964
10321.984677
12451.998710
13556.006731
14606.760568
15526.114252
16273.102716
16793.385551
17066.950190
17077.098828
16819.671389
16325.877585
15604.952223
14719.768188
13726.042793
12693.294372
11673.723226
10727.750805
13049.641177
14270.026638
15449.068568
16492.674616
17346.506284
17936.165175
18246.925857
18257.294177
17968.371258
17395.792227
16576.799832
15559.262470
14415.230345
13231.497177
12068.140634
10995.185950
13460.046930
14775.131880
16050.992262
17181.201607
18102.956419
18740.066180
19057.284999
19059.513695
18745.369706
18113.324502
17208.484005
16079.697145
14802.352237
13492.597083
12224.860046
11073.523177
13606.266724
14940.099166
16235.754354
17391.291514
18329.358689
18991.237615
19332.729951
19343.135204
19023.965715
18373.607003
17428.178577
16239.928073
14896.753323
13518.918984
12182.036893
10962.843842
13487.284044
14781.796703
16029.444153
17126.913120
18024.883586
18654.438107
18983.195065
18992.796018
18674.089727
18027.777278
17079.554131
15888.568972
14550.703750
13174.744322
11835.927843
10623.660303
13118.122982
14287.778939
15403.807830
16393.029847
17195.002353
17769.338070
18074.625717
18093.493186
17814.850997
17223.209170
16339.523191
15217.277946
13943.774903
12625.149173
11327.258329
10136.056670
12610.159863
13631.649970
14598.233104
15433.777783
16109.252292
16590.529067
16845.792839
16856.890947
16598.311501
16057.388927
15250.377694
14224.113954
13044.068080
11810.223668
10605.113085
9490.705032
12024.278976
12880.273950
13663.713374
14334.276669
14873.457761
15268.283412
15492.193634
15502.290160
15297.787007
14835.812828
14132.666109
13218.278778
12150.403882
11021.170648
9890.964210
8823.422958
11469.459624
12208.561373
12841.098028
13359.970113
13774.491402
14074.419424
14243.241401
14250.348488
14067.530387
13667.535153
13047.232214
12221.452665
11242.683284
10191.901131
9131.265442
8130.688043
10973.816783
11584.217001
12093.373975
12491.331933
12801.917306
13029.652756
13156.571546
13166.987729
13026.145374
12696.429068
12163.112264
11430.622491
10535.948544
9553.539895
8539.184134
7550.316280
10584.128984
11131.704351
11556.207864
11868.182436
12089.713537
12242.327829
12328.537551
12329.721876
12207.192792
11929.963170
11460.601529
10787.006019
9942.183119
9004.232027
8014.903736
7050.224054
10266.921614
10755.075009
11123.230453
11367.357565
11527.754106
11636.471298
11700.415399
11703.024825
11613.317126
11388.648265
10987.414941
10383.141760
9592.067671
8679.704451
7705.877171
6730.926734
10030.301339
10511.464069
10862.387526
11072.688365
11190.044671
11261.007573
11299.868015
11298.250785
11227.411976
11039.164022
10675.825960
10103.789045
9344.497848
8450.540813
7486.426404
6530.791431
6093.889171
6344.573225
6571.552975
6766.803592
6925.193695
7039.061445
7106.445630
7126.467926
7096.356712
7027.108699
6918.128645
6775.307773
6606.175232
6420.262784
6224.693124
6024.394020
6597.489146
6896.868048
7162.246547
7392.633188
7575.712751
7710.208456
7786.467178
7800.784133
7764.689085
7674.378432
7535.761131
7361.567963
7153.605446
6928.025463
6693.080755
6460.090846
7141.456819
7491.552386
7810.845013
8083.756649
8305.469764
8466.058458
8554.704100
8577.756722
8526.100484
8416.461580
8245.344058
8031.039118
7776.501347
7502.467021
7215.514114
6930.294053
7745.740641
8155.431801
8524.186724
8843.313887
9100.369587
9284.640679
9383.448639
9397.369750
9334.258508
9193.198427
8978.783025
8713.492541
8399.331844
8068.114891
7725.374438
7391.728568
8351.765761
8826.931804
9268.938723
9650.942574
9957.344032
10179.020309
10295.742838
10312.898075
10232.127267
10059.427143
9803.937959
9479.902035
9105.224702
8699.095668
8282.626738
7876.755596
8993.155370
9551.794589
10061.576612
10504.101267
10860.465513
11112.444500
11240.022990
11253.725900
11147.728082
10933.776851
10621.000973
10223.097259
9771.126397
9289.591146
8798.905458
8325.798487
9625.457234
10265.843349
10865.523845
11384.802773
11806.920893
12101.654628
12258.109916
12269.803697
12139.935966
11883.261717
11501.701653
11028.968511
10486.044767
9910.177242
9325.215815
8762.710475
10240.963629
10973.378439
11653.374220
12247.741842
12726.181680
13056.744156
13234.361088
13239.908539
13081.357165
12767.390546
12307.871873
11746.474409
11110.527994
10442.855010
9771.740800
9129.979542
10777.274409
11592.767650
12364.111636
13036.808976
13584.695196
13962.977564
14159.555732
14169.553959
13979.153622
13614.946095
13087.549993
12435.584917
11702.963788
10941.039024
10167.711093
9435.877387
11216.184449
12108.519713
12947.436252
13685.955974
14287.472153
14705.346217
14913.142408
14909.374843
14687.077953
14269.423705
13676.845676
12946.225962
12119.167059
11258.439813
10405.194401
9611.656104
11505.771371
12438.797401
13331.355289
14109.706543
14749.744610
15184.595108
15405.129905
15392.288284
15162.259073
14712.082998
14067.745291
13270.528922
12373.003991
11439.349700
10515.533807
9648.101786
11625.333090
12576.953189
13477.374240
14267.630629
14908.262734
15348.664520
15564.354095
15547.531014
15296.561833
14819.150003
14142.162472
13299.633783
12358.329482
11382.428108
10418.094648
9525.318005
11556.472262
12472.703251
13336.793336
14097.405027
14709.059921
15133.036931
15339.862578
15325.944177
15075.394850
14599.666659
13919.288744
13078.425985
12133.409968
11146.938355
10171.958244
9261.128038
11318.439969
12178.438123
12974.372368
13667.824687
14223.977383
14601.693379
14787.390202
14754.206085
14512.152496
14043.535799
13386.852320
12569.769919
11653.748748
10691.392895
9730.449194
8844.695901
10975.552398
11728.748812
12431.816959
13037.257471
13522.085195
13852.339921
14006.548570
13969.784620
13744.490189
13317.047926
12701.634827
11933.316037
11060.309840
10142.864667
9228.940097
8357.795262
10558.786486
11222.338115
11819.973002
12324.310786
12717.814729
12978.197211
13093.098349
13049.895026
12833.008083
12431.970674
11866.933629
11152.826751
10339.823496
9480.668025
8609.481892
7782.891899
10135.237229
10699.616144
11195.035649
11602.228003
11915.468086
12119.146617
12204.631598
12155.732723
11958.612929
11601.490847
11085.205185
10430.258734
9675.969982
8866.269349
8032.727128
7225.319092
9742.082400
10234.422338
10649.557567
10973.408181
11213.376768
11365.282423
11416.578951
11355.485047
11174.699984
10844.555205
10372.796669
9765.869914
9052.173035
8280.592814
7485.711496
6706.982233
9381.800139
9809.762527
10152.662240
10411.664159
10586.824924
10691.061541
10719.642420
10658.329286
10489.867498
10197.640596
9774.137722
9217.043949
8549.078154
7809.441863
7030.642741
6251.254661
9083.197471
9471.663852
9773.180531
9986.809678
10124.137650
10193.421753
10201.645600
10136.435846
9983.139688
9716.556331
9324.468266
8796.812648
8161.824595
7441.334051
6675.806614
5905.009028
8816.367513
9173.871103
9444.289074
9626.491380
9732.355156
9781.404062
9775.344828
9713.109919
9579.539370
9340.410188
8986.597998
8501.117011
7890.767686
7196.054348
6438.610444
5659.262800
5601.614284
5818.286859
6015.139775
6177.331304
6313.615550
6408.646362
6468.347493
6485.108483
6465.086078
6406.990612
6314.216541
6192.265757
6051.048378
5891.799735
5725.500333
5559.707266
6047.013671
6298.148533
6525.563507
6722.328958
6877.217004
6992.551986
7059.359395
7074.752621
7046.298158
6970.447062
6858.601777
6712.557208
6536.500659
6346.865074
6146.091024
5941.133688
6509.791705
6802.955705
7066.967457
7291.414687
7473.920460
7600.197485
7675.060013
7691.982296
7654.728250
7561.306679
7420.880360
7241.383373
7032.271195
6805.328162
6567.683183
6332.041284
6999.546137
7337.126083
7641.573550
7907.467422
8121.466775
8272.161788
8359.095723
8374.860377
8324.122540
8212.722709
8042.833524
7824.712100
7572.399295
7297.276155
7009.392433
6726.065421
7503.263003
7890.356068
8245.692214
8548.794922
8792.384180
8961.306042
9058.563155
9071.777802
9004.402421
8866.474210
8660.005703
8400.214275
8097.277293
7771.325111
7437.619572
7115.247622
8012.156467
8457.287468
8863.340243
9216.611530
9496.942185
9697.256618
9804.806793
9817.932149
9739.149080
9571.809352
9325.295330
9013.940103
8653.469352
8266.331721
7868.622742
7485.199669
8510.347817
9016.378653
9480.137065
9874.817185
10196.245340
10418.315077
10539.670023
10547.764000
10442.997946
10237.944848
9942.436380
9575.666092
9157.947125
8712.967571
8260.928648
7821.906205
8981.917285
9541.691111
10061.453845
10514.924594
10874.858678
11128.986881
11263.666294
11269.495872
11149.841198
10906.288308
10560.313689
10132.375679
9650.605287
9135.796318
8613.917132
8107.966397
9388.582291
10008.485848
10582.061970
11075.282486
11476.160243
11753.634635
11892.496202
11885.923248
11740.818825
11463.162322
11071.190582
10588.019082
10039.158707
9464.139918
8879.149753
8321.797609
9713.106427
10372.327453
10989.076745
11524.074653
11953.510834
12250.661328
12395.933490
12387.611981
12221.546049
11915.932737
11479.130341
10946.179471
10339.499863
9699.151906
9054.996923
8439.856288
9928.337063
10614.236769
11259.222963
11813.146912
12260.693539
12562.523655
12707.821674
12690.963856
12509.823706
12175.649008
11701.238861
11123.332926
10469.325241
9782.681514
9098.293821
8450.766785
10010.760288
10699.029667
11341.634508
11895.973973
12337.164007
12639.618236
12795.235534
12771.773176
12583.400547
12229.819682
11741.108390
11134.494415
10450.052942
9737.033689
9020.726364
8339.698996
9971.008709
10644.673238
11264.677141
11798.190562
12222.399003
12507.363517
12635.983842
12598.475147
12398.521590
12035.835753
11533.020861
10917.465579
10228.018544
9507.234540
8782.668833
8096.092325
9803.983099
10434.125144
11006.669628
11499.394261
11891.838083
12148.749326
12257.918209
12215.297346
12016.641568
11661.302617
11168.684452
10567.431883
9889.242354
9176.252649
8457.533608
7769.858998
9562.490848
10133.144015
10651.927158
11087.651702
11422.340399
11638.869479
11722.773679
11664.844543
11460.668441
11114.559287
10637.099399
10054.294756
9398.976546
8711.964868
8015.434439
7345.581181
9255.527136
9755.250445
10205.164759
10578.086907
10857.864841
11036.977492
11094.909398
11028.266021
10834.396399
10505.702898
10058.506783
9507.714523
8885.157856
8225.549848
7549.036385
6892.559792
8932.762149
9375.234657
9758.026427
10063.238275
10294.263396
10424.563883
10455.422586
10377.525922
10181.052531
9868.322448
9446.087624
8925.489926
8330.992336
7697.037972
7046.158786
6410.567743
8605.108839
8989.823672
9314.076995
9563.331403
9740.156929
9837.087082
9845.420981
9761.872552
9578.924258
9285.238757
8889.287231
8400.989380
7839.818967
7230.814562
6599.389367
5965.698768
8309.903672
8649.073377
8925.607896
9131.269928
9266.268412
9330.905494
9319.380214
9225.625654
9043.464303
8765.625222
8392.723832
7926.246135
7387.589191
6798.892075
6175.595019
5553.031186
8026.332981
8330.948172
8573.121354
8742.275218
8847.094589
8886.106834
8861.430409
8769.981018
8599.639621
8340.311637
7993.404593
7556.634909
7041.339727
6468.040013
5854.752928
5227.438961
7796.018813
8075.888646
8295.664766
8442.984636
8523.834019
8549.726745
8515.551650
8419.673057
8255.851428
8011.845214
7681.558963
7264.773371
6763.849177
6202.266124
5593.085592
4976.939301
5165.468971
5349.450630
5518.240493
5662.379406
5774.301800
5858.236679
5909.060244
5923.821562
5905.176471
5856.174542
5777.641418
5675.081147
5552.156502
5419.446046
5276.057518
5128.674950
5530.259257
5746.612584
5939.611383
6102.467495
6234.709816
6329.276042
6384.084966
6398.979893
6375.364366
6310.790119
6215.065024
6092.643039
5944.845098
5785.008403
5615.515057
5449.007195
5918.160416
6164.617188
6388.074684
6578.264850
6731.287109
6842.886818
6905.058408
6921.299105
6890.959229
6815.083254
6701.026168
6553.469509
6377.898331
6188.943694
5987.613212
5785.066134
6328.525599
6610.852381
6861.461219
7077.126222
7247.956400
7373.127261
7439.721449
7452.766570
7409.896300
7317.100501
7178.841619
7000.204466
6791.398503
6568.204196
6336.972730
6104.588328
6736.331162
7051.786578
7346.231237
7590.430302
7789.862716
7930.204610
8005.861526
8019.966851
7969.332811
7861.589640
7695.019113
7486.523972
7241.728206
6975.967975
6702.525213
6428.977936
7152.575773
7510.747777
7834.607198
8107.796634
8332.071936
8487.140787
8568.358641
8578.818747
8512.836613
8378.158139
8181.359156
7932.367323
7647.567044
7342.014165
7028.064896
6722.036011
7542.183386
7941.579611
8306.017051
8615.736116
8867.355082
9040.963762
9133.818612
9138.036280
9061.239444
8907.144312
8678.018436
8389.916099
8058.991132
7707.799904
7343.186050
6990.879845
7907.818822
8348.117510
8748.767537
9089.766348
9363.014953
9557.243206
9650.992073
9648.859405
9550.177728
9361.657022
9097.204551
8769.956248
8398.040214
8004.198743
7598.434773
7205.156600
8217.482001
8688.260787
9123.460344
9496.160204
9791.454823
9996.537924
10101.470158
10092.728753
9981.491471
9768.651398
9473.788947
9105.257321
8690.394841
8248.799193
7800.551292
7364.992194
8468.397179
8966.750939
9427.808876
9819.287726
10130.650484
10340.703403
10442.711549
10426.214090
10297.800024
10066.068707
9737.625394
9334.914348
8880.513513
8397.005904
7911.167572
7442.466610
8628.085253
9138.179250
9611.369442
10013.875858
10331.991773
10545.774048
10644.802010
10626.235369
10489.634489
10234.644459
9884.066324
9454.590716
8967.530686
8455.060686
7938.152888
7435.730115
8704.950601
9217.962887
9689.691828
10091.150528
10405.195614
10613.876407
10704.835159
10673.709992
10522.171101
10251.017441
9880.915489
9428.141980
8918.710320
8385.561779
7846.774794
7330.604624
8678.310474
9171.604359
9627.219368
10009.087294
10308.803925
10504.044432
10584.472399
10547.038494
10385.139839
10112.739781
9734.034071
9273.631858
8756.685008
8214.378974
7664.031104
7133.191201
8570.443023
9042.550882
9463.689065
9822.308530
10093.203503
10267.224992
10330.216934
10277.670525
10106.269990
9821.921381
9442.660550
8984.203702
8470.669173
7928.401906
7378.239241
6853.602175
8386.398140
8813.896450
9199.650908
9517.975775
9758.640726
9906.569632
9952.333754
9888.351159
9718.811660
9440.709898
9072.302525
8623.772970
8122.375880
7586.919595
7048.508467
6520.201112
8158.789951
8549.321352
8890.641501
9165.295855
9372.765682
9486.778946
9508.972038
9431.924806
9256.650509
8982.776700
8618.935501
8182.482149
7692.955257
7174.871302
6644.733604
6132.808864
7904.140862
8246.358994
8539.096162
8774.435339
8940.109599
9027.043122
9031.507308
8946.718279
8772.469686
8511.023303
8160.790246
7742.007695
7272.268587
6769.457545
6250.935780
5737.488085
7639.230491
7948.563748
8205.748719
8400.298169
8531.319731
8588.581912
8573.424318
8477.580352
8299.557699
8041.105133
7706.072536
7301.294790
6844.405785
6355.432327
5846.680804
5344.760582
7379.691974
7647.337343
7866.443579
8028.031177
8127.422095
8162.367856
8129.118831
8028.568214
7858.222795
7610.837764
7290.461359
6904.731016
6464.380379
5987.876681
5485.336077
4975.897042
7141.634891
7389.530495
7581.868214
7715.151476
7793.320972
7809.917950
7765.804931
7660.158967
7488.918345
7250.562785
6941.123295
6567.770419
6139.282174
5669.503924
5170.227277
4665.315495
6910.386065
7131.450763
7301.135672
7414.363883
7475.654493
7480.407050
7431.373426
7325.164590
7161.023554
6934.287944
6640.943825
6286.107150
5872.120696
5412.563553
4914.977629
4399.868316
4745.540113
4908.454382
5050.282157
5171.854657
5268.783090
5340.595277
5382.423882
5395.825246
5379.372566
5337.041088
5269.678294
5182.777266
5080.417471
4966.693965
4843.906953
4721.976244
5068.001142
5248.143218
5410.993965
5548.866500
5661.537551
5741.757047
5789.980308
5803.630543
5781.840116
5732.537713
5652.505446
5549.046895
5424.648574
5289.608354
5145.502467
4999.092314
5397.274407
5605.018011
5788.308640
5942.814108
6068.633259
6159.445548
6208.961141
6220.804673
6196.598293
6131.126257
6034.197384
5912.140269
5767.930362
5610.114957
5444.719414
5280.884678
5732.262737
5965.387813
6172.612727
6351.962262
6494.553913
6598.270681
6653.986647
6665.204465
6632.377772
6557.898255
6443.217976
6297.013819
6126.587137
5941.857453
5747.507534
5550.847748
6073.638012
6332.884632
6566.876445
6763.129895
6921.373867
7032.490542
7093.561197
7100.562467
7056.173539
6962.647743
6826.292991
6657.726658
6462.346859
6250.136393
6029.767320
5814.248797
6405.686922
6694.380527
6951.736915
7175.208515
7353.666890
7474.608573
7541.959892
7548.011016
7495.157873
7388.953961
7231.507370
7035.723984
6807.266614
6559.005389
6305.922053
6054.687175
6721.283544
7039.627885
7325.696385
7567.218962
7759.979467
7889.674658
7958.790880
7959.091284
7890.541432
7764.419960
7584.747279
7362.343040
7104.249090
6829.051599
6545.499219
6268.192544
7008.760762
7350.037686
7661.327126
7925.161767
8136.676304
8279.608056
8351.900747
8347.564083
8272.534767
8125.902516
7919.794276
7667.126727
7377.505122
7066.872501
6747.528718
6432.941251
7252.550893
7619.023390
7949.603038
8229.934395
8452.121293
8599.952625
8668.645221
8657.980440
8569.167581
8405.317097
8178.379057
7896.069031
7577.968209
7237.024640
6885.956379
6547.503710
7440.526601
7821.111131
8165.362735
8458.702358
8687.690445
8843.125330
8912.258932
8896.162005
8796.357337
8618.182392
8367.544165
8061.672817
7713.444732
7345.760079
6965.505228
6596.919453
7565.531923
7953.250749
8308.034782
8602.767655
8833.845845
8987.279195
9050.377085
9028.304488
8915.380296
8718.151759
8449.602056
8120.917352
7750.022700
7357.872204
6959.221821
6573.757486
7615.987756
8003.909194
8354.428907
8646.295741
8874.067987
9019.338385
9078.715737
9045.386149
8923.209060
8714.728402
8433.876741
8094.116640
7707.214017
7299.454634
6883.989930
6478.111310
7597.047473
7976.658850
8313.035488
8591.692500
8809.565736
8943.866021
8989.983512
8945.702071
8813.129453
8595.846895
8304.437653
7951.881129
7557.701146
7141.414064
6714.227055
6305.592090
7511.059430
7867.579434
8185.911106
8444.719512
8642.542875
8761.241692
8795.543345
8744.456742
8603.623297
8384.692481
8090.719789
7736.137311
7341.393164
6922.196339
6492.777864
6077.153297
7373.263155
7708.092431
8001.215419
8235.430493
8410.054918
8507.635615
8524.232378
8458.707660
8310.600429
8082.771269
7787.221565
7436.212433
7041.592207
6625.420117
6202.631967
5789.687835
7197.651743
7496.546815
7753.981096
7963.690397
8106.248389
8186.968948
8188.108366
8115.773646
7966.701672
7741.651921
7452.243798
7104.773852
6718.372154
6308.291066
5887.786143
5475.495455
6998.045498
7270.988202
7499.976592
7674.838989
7795.781112
7847.640850
7833.194810
7747.836562
7590.772756
7366.317842
7078.818750
6737.829638
6357.545046
5955.306510
5539.738527
5132.527547
6779.706367
7019.057139
7216.118566
7366.161398
7459.677040
7495.504961
7467.549831
7375.205017
7219.174483
6996.960313
6716.794623
6389.520035
6018.957698
5623.344885
5212.662949
4800.309320
6567.430067
6785.243872
6959.899192
7084.617598
7154.362459
7168.927088
7128.132618
7024.399111
6866.190538
6647.151033
6373.836056
6049.395461
5686.675484
5295.734112
4884.499292
4473.621159
6355.326915
6545.516744
6695.720907
6799.769957
6855.144066
6855.393980
6805.366657
6704.177628
6547.039601
6334.693232
6069.903424
5758.201989
5403.337570
5017.148043
4608.017288
4187.858353
6157.860105
6334.941631
6469.932271
6558.948509
6597.162756
6590.327076
6532.655967
6426.699254
6270.193063
6061.081024
5803.512378
5497.178945
5147.634974
4764.323949
4355.428986
3940.078218
4372.987956
4509.142812
4633.477319
4735.688330
4819.388904
4879.470528
4915.639904
4927.890077
4915.603755
4879.447246
4821.542995
4747.905279
4660.767847
4562.403634
4457.024958
4349.278826
4640.361472
4795.656617
4932.475385
5049.530565
5141.535495
5209.628579
5248.927123
5255.590711
5236.697637
5194.249250
5125.175293
5038.612322
4935.085214
4821.249190
4701.962523
4581.362934
4915.434190
5087.463193
5245.593177
5374.549540
5480.384132
5556.640994
5600.079721
5610.213726
5589.638492
5536.498972
5457.386876
5354.777047
5235.024273
5103.032287
4961.804257
4822.243565
5201.893989
5394.991199
5567.087329
5711.471390
5825.712142
5907.565316
5952.420217
5958.790034
5928.861617
5865.599462
5771.393159
5651.698653
5511.350668
5360.492691
5201.636846
5043.868798
5474.956477
5689.997493
5880.939480
6043.377096
6169.889589
6261.442308
6309.568775
6317.728288
6283.009245
6210.891032
6100.539797
5963.460844
5802.547765
5626.279026
5444.814260
5263.235240
5749.364012
5985.350987
6192.435762
6370.161582
6506.832676
6603.246501
6650.776289
6653.233934
6608.645452
6522.618693
6395.519540
6238.104115
6053.815283
5858.328778
5653.233792
5452.433620
5999.761575
6253.199603
6479.959204
6670.069724
6822.304983
6925.750725
6979.898242
6979.989275
6929.050652
6826.042960
6682.944803
6506.189039
6300.096187
6077.415948
5848.059129
5621.898839
6226.484236
6499.489540
6740.972157
6944.410135
7104.393048
7209.770169
7262.348057
7255.782471
7192.008642
7079.080082
6920.145986
6720.810050
6493.135236
6250.223322
5997.966192
5749.568916
6415.343888
6699.082594
6956.302238
7170.173099
7337.840790
7447.727722
7500.510607
7488.424140
7419.381861
7291.146481
7113.040661
6895.886739
6649.273211
6382.826182
6105.834981
5834.013598
6561.173354
6856.648617
7120.578642
7341.560458
7511.559126
7623.548034
7670.838776
7653.773000
7573.150518
7431.049247
7237.839985
6999.889525
6731.490824
6446.160850
6150.131148
5865.062513
6656.215430
6953.018426
7221.746499
7444.256086
7616.578240
7726.701284
7771.018669
7746.971581
7655.557261
7504.063657
7297.959281
7046.076577
6761.652025
6457.410872
6143.673624
5839.059041
6699.963069
6999.115781
7262.456863
7480.696315
7645.693355
7749.855772
7787.011122
7754.533302
7654.289486
7490.925778
7270.330809
7004.748412
6704.813786
6389.564970
6066.728829
5753.881010
6686.649704
6974.042490
7230.306569
7436.473792
7595.770445
7689.272476
7717.026022
7677.307491
7567.572846
7397.483402
7171.237208
6897.729722
6590.629737
6267.085926
5935.321602
5610.313460
6622.162755
6900.083111
7141.085429
7334.933680
7479.425401
7558.866658
7575.672158
7524.892062
7408.705845
7227.423866
6993.847898
6716.497302
6405.772063
6078.811603
5741.024168
5417.035420
6515.096166
6770.315452
6992.251740
7168.119189
7293.672235
7360.595892
7365.553502
7304.845489
7181.173952
6999.929622
6764.901112
6486.751356
6175.266738
5845.706969
5511.210598
5178.506302
6374.738924
6613.270235
6813.406647
6971.144387
7076.732716
7125.553435
7114.641343
7043.798685
6912.962421
6725.016256
6488.250974
6209.099025
5900.980731
5571.533745
5234.942118
4908.681502
6213.514590
6425.055029
6600.499122
6734.289801
6822.459192
6855.160214
6833.787412
6756.862082
6624.321079
6433.998483
6199.431286
5923.956077
5617.975204
5292.374069
4957.618092
4624.289463
6037.963990
6229.444190
6388.298622
6500.905247
6569.175596
6587.003918
6550.058528
6463.243090
6324.744870
6134.384734
5899.901333
5625.165745
5321.543641
5000.039162
4664.478086
4334.712962
5854.105941
6024.905929
6159.144171
6254.142192
6304.337269
6307.694912
6263.795454
6171.820260
6030.922294
5842.137831
5611.411845
5343.431498
5044.317810
4723.139653
4386.945462
4049.108652
5675.848191
5834.355237
5953.175363
6031.479129
6068.990840
6060.760708
6006.402743
5906.724112
5764.401385
5576.286811
5347.773731
5083.970089
4786.120514
4464.436854
4128.172823
3788.238595
5493.286004
5631.166384
5735.728361
5800.737597
5826.265031
5811.865206
5752.758937
5652.618812
5512.218221
5328.121443
5106.367582
4845.386963
4551.460646
4234.345482
3894.675231
3546.562151
4017.374096
4136.371748
4238.861821
4325.466935
4398.146409
4446.548928
4474.595243
4483.264107
4471.277026
4439.821769
4391.420097
4329.083310
4254.946735
4173.473130
4084.856470
3996.537230
4251.297334
4381.392264
4497.847711
4597.006516
4674.049650
4731.403418
4764.102848
4771.851997
4756.260762
4719.790141
4663.168166
4590.054031
4502.537343
4406.382061
4303.639406
4200.272542
4484.577995
4630.083865
4757.903754
4864.312970
4950.883104
5010.247464
5046.374458
5051.845075
5031.155932
4986.732411
4918.837240
4834.082299
4737.618328
4629.457303
4514.572648
4400.116464
4719.547546
4879.793814
5021.295121
5140.255513
5234.840532
5303.217192
5338.588578
5346.305226
5322.002848
5271.040768
5192.769023
5095.376775
4977.958244
4852.713197
4720.145725
4588.438358
4948.083035
5124.209158
5278.584074
5409.912048
5509.876044
5579.444630
5616.839717
5618.080707
5588.901097
5526.985644
5437.109759
5325.550481
5198.700140
5057.602570
4912.335791
4765.556656
5168.436939
5357.823929
5524.916428
5667.058294
5777.548726
5854.358065
5895.404767
5896.127593
5859.100099
5789.838783
5688.549566
5560.302949
5413.694935
5255.431165
5088.110016
4923.077528
5372.861897
5576.032078
5754.201931
5905.483583
6021.557961
6100.916219
6140.528718
6135.121576
6092.244706
6011.543914
5898.022321
5757.832087
5594.876043
5419.629387
5236.273445
5056.685636
5550.439398
5766.698579
5957.652121
6115.687483
6239.997250
6322.467551
6362.481591
6355.771730
6304.569906
6213.142471
6086.256221
5929.699394
5750.559443
5556.981021
5353.853676
5154.059068
5701.247950
5928.263677
6124.082960
6290.438993
6416.546650
6500.418577
6532.959209
6521.483109
6464.355717
6362.898678
6224.417800
6052.038254
5856.337228
5646.646905
5427.916016
5214.659521
5815.145361
6044.674226
6247.843343
6417.883843
6547.041937
6628.686399
6663.449727
6646.336994
6581.727277
6469.931551
6318.414436
6133.181670
5921.216902
5695.984794
5462.236593
5232.277634
5890.230767
6123.125073
6328.149120
6496.446774
6622.265069
6701.979240
6730.696908
6706.132100
6630.267304
6511.065982
6345.653536
6148.561871
5923.350223
5686.383585
5441.520873
5202.610645
5920.220140
6150.649145
6353.054548
6516.599876
6640.921099
6714.217549
6734.857618
6706.043823
6625.066825
6495.531329
6322.794492
6115.784803
5881.756392
5632.741884
5378.384283
5127.829529
5907.507400
6132.185840
6329.501334
6485.799942
6601.350526
6667.685710
6680.037401
6640.524180
6550.319150
6412.379551
6229.765860
6014.051130
5773.729603
5517.344941
5256.780948
5000.607990
5855.999740
6071.534769
6255.892309
6401.459472
6504.525861
6561.209706
6568.799392
6520.538620
6425.981490
6279.771282
6095.728399
5876.786092
5629.805823
5371.634789
5101.835155
4840.460298
5774.239633
5977.249689
6146.766498
6280.890630
6370.017671
6415.860660
6410.330995
6355.088343
6249.617438
6097.369438
5905.941086
5682.172879
5434.308254
5170.545363
4901.691828
4637.242947
5661.990537
5844.925985
6000.228882
6118.618386
6193.907710
6228.333329
6213.473775
6148.021523
6040.294494
5884.891509
5693.669697
5468.906077
5218.471968
4955.695697
4684.666085
4416.273703
5532.047988
5703.322120
5840.345051
5942.536565
6003.233873
6022.467607
5993.671224
5919.882214
5804.703834
5647.311827
5450.254246
5224.408691
4972.769504
4709.781932
4438.386893
4170.904945
5382.809923
5534.166762
5655.224387
5740.429397
5788.839264
5794.450044
5760.778212
5684.709377
5564.782965
5404.966277
5207.727666
4981.478272
4733.532208
4468.700477
4195.292132
3922.308611
5231.285621
5369.634897
5479.505597
5549.856496
5583.371347
5579.782816
5532.779820
5445.032112
5321.482337
5158.084774
4960.585603
4735.367281
4486.504684
4220.243354
3945.097945
3668.185859
5072.790618
5195.085882
5286.056818
5344.606274
5368.237564
5354.983877
5303.070838
5214.737589
5088.180164
4926.484718
4732.207369
4509.191304
4262.926055
3996.755797
3717.963586
3433.865781
4917.112117
5030.521969
5113.942471
5163.835992
5176.612702
5154.969951
5097.040659
5002.423397
4875.208245
4713.129041
4519.486368
4297.096524
4048.746500
3782.921519
3500.572091
3216.789527
3701.997916
3800.910894
3890.647361
3965.624970
4024.318733
4068.011803
4093.723507
4101.658428
4090.277066
4063.383027
4023.348446
3970.098203
3903.778825
3833.373194
3757.321712
3678.809705
3894.873042
4006.624206
4104.474212
4185.059453
4251.470534
4296.633814
4323.301036
4327.263024
4313.954968
4281.969757
4234.316251
4172.203464
4098.640831
4019.187386
3933.958415
3849.672547
4090.378902
4212.837240
4320.863044
4411.911511
4484.277939
4536.365213
4563.730834
4570.535594
4552.236022
4517.007976
4462.647058
4391.662561
4308.461254
4215.693469
4116.643172
4019.635636
4289.752442
4422.414380
4539.272411
4636.315153
4714.492251
4766.157523
4793.295746
4796.888088
4775.530944
4732.685138
4667.041038
4587.036920
4492.704757
4390.668712
4282.761548
4173.686973
4475.401199
4619.097312
4748.161494
4854.643968
4938.173794
4996.778642
5026.389454
5028.203585
5003.289124
4953.833093
4882.640921
4790.163264
4680.345676
4566.292789
4444.129761
4322.170279
4655.926842
4813.280081
4946.747462
5060.002067
5147.366094
5206.035978
5236.194066
5232.195119
5200.976516
5145.100417
5063.140527
4963.205095
4842.597894
4714.801281
4579.717030
4446.790852
4819.498677
4984.264752
5131.006837
5249.015602
5342.179939
5403.280538
5435.435563
5430.622348
5395.243542
5329.431594
5237.075516
5122.816005
4992.811338
4850.301744
4702.819876
4552.404276
4965.002816
5137.219177
5290.434987
5412.741420
5509.619482
5568.891637
5596.555971
5589.148769
5546.960919
5475.824438
5373.013658
5247.902021
5103.730494
4949.667600
4787.643965
4629.021300
5082.632881
5261.373617
5418.538208
5545.835795
5643.867373
5707.022011
5734.126513
5723.424960
5675.208751
5594.325834
5482.311724
5346.058025
5189.673381
5023.432596
4848.675413
4674.577007
5171.837207
5355.163430
5516.833762
5644.292785
5742.460235
5803.294039
5825.410832
5808.804700
5753.600733
5665.311813
5543.546608
5395.518601
5227.515298
5049.435256
4863.851279
4683.714647
5230.365869
5413.490741
5571.801030
5700.917364
5796.229609
5855.079234
5874.211522
5853.816904
5793.954671
5695.036401
5566.062507
5409.275655
5233.023622
5045.221851
4849.196172
4656.734700
5256.611607
5438.612827
5595.826742
5719.671917
5812.672363
5867.484460
5879.039224
5849.406011
5782.970170
5675.937655
5539.181958
5372.551266
5186.922664
4990.101699
4787.936659
4588.899074
5248.574699
5423.707453
5573.605374
5692.661082
5778.736750
5824.649618
5832.637173
5799.064403
5724.606598
5613.008257
5468.587893
5295.871164
5105.379503
4900.907524
4691.861004
4483.090317
5209.284533
5377.662968
5520.442939
5632.143056
5708.517456
5747.124110
5744.517769
5702.019551
5621.285350
5500.260144
5350.207977
5173.576026
4976.668365
4768.015363
4553.584600
4344.482092
5140.842427
5298.884436
5429.332153
5531.724087
5597.734369
5627.021257
5618.194323
5568.333924
5483.182265
5360.173629
5204.804491
5024.444654
4825.529489
4611.913707
4395.462711
4179.990735
5052.835723
5198.851781
5318.243873
5408.797405
5464.349743
5481.983673
5463.711569
5406.489286
5311.577651
5182.299194
5023.739026
4839.642261
4635.921946
4422.278302
4201.843033
3986.498042
4941.623350
5075.560035
5181.337272
5257.576211
5303.062481
5311.689985
5285.585065
5223.318453
5124.012357
4991.904711
4830.762388
4644.262586
4439.097961
4224.026610
4000.701833
3779.628658
4820.961961
4944.718552
5039.511344
5103.016047
5138.502651
5138.109212
5101.311202
5030.916453
4926.384088
4788.860451
4624.298671
4436.793951
4228.547462
4011.306744
3787.935484
3565.511499
4688.604801
4796.984640
4878.391277
4931.875504
4957.005508
4947.482807
4904.722154
4829.882337
4721.892610
4582.977177
4416.850010
4228.765605
4022.572481
3802.684151
3574.309671
3344.511959
4553.991458
4653.010563
4726.340446
4773.131307
4785.406233
4767.307464
4718.676106
4635.612192
4526.901904
4384.051924
4220.157477
4030.544053
3821.256334
3600.180812
3368.243038
3135.775195
4412.668483
4498.630038
4562.648474
4597.225350
4606.398582
4582.488389
4529.284846
4445.057174
4333.457581
4191.959576
4025.745698
3837.525064
3627.392259
3405.417668
3168.620026
2926.939043

VECTORS B_Vector double
-2024.1681 -6606.1919 4417.9521
-1609.478 -7052.1343 4692.8638
-1097.426 -7460.814 4948.416
-503.638 -7791.3643 5155.5679
170.684 -8035.3701 5310.4478
899.096 -8166.3882 5403.376
1662.3661 -8174.8022 5424.6719
2430.4441 -8054.6021 5372.3999
3172.0781 -7808.1924 5244.624
3870.4402 -7446.3901 5045.2158
4500.2881 -6983.6201 4785.792
5044.7939 -6446.3262 4474.0962
5499.1499 -5851.3359 4117.8721
5857.3462 -5229.9019 3740.3521
6124.1899 -4598.8521 3347.344
6314.106 -3969.0042 2946.592
-2518.1899 -7097.8101 5118.7842
-2061.4299 -7647.124 5480.8159
-1486.874 -8144.752 5811.8721
-799.33 -8559.4424 6088.7197
-15.626 -8863.5479 6297.8081
842.602 -9030.626 6427.52
1739.2941 -9052.2617 6460.4321
2644.4001 -8910.4258 6394.6079
3513.446 -8618.3398 6230.0479
4323.5942 -8177.2061 5976.4321
5044.7939 -7623.084 5643.4399
5654.208 -6988.4282 5252.3682
6145.8262 -6291.2681 4812.896
6512.436 -5573.6743 4344.3838
6778.0781 -4850.0703 3860.384
6945.1562 -4158.9199 3382.1919
-3111.978 -7578.6104 5933.8398
-2632.3801 -8243.3164 6410.0962
-1995.3201 -8862.3457 6853.4399
-1220.03 -9380.4082 7227.0879
-304.106 -9778.2705 7515.5518
704.372 -10007.8525 7697.5361
1766.9401 -10057.1338 7757.5518
2842.73 -9905.6826 7687.856
3872.844 -9569.1221 7492.3198
4828.4341 -9053.4639 7174.8159
5667.4302 -8394.7686 6748.896
6364.5903 -7633.9023 6247.4722
6906.6919 -6803.3203 5687.9678
7288.9282 -5957.1123 5099.4238
7536.54 -5119.3179 4495.3921
7672.3662 -4311.5742 3895.2319
-3841.592 -8069.0264 6930.8799
-3319.9241 -8882.7803 7560.0801
-2605.936 -9637.6357 8138.9438
-1700.8301 -10289.1201 8642.3037
-621.434 -10780.7383 9033.376
580.566 -11072.8242 9283.1201
1852.282 -11134.126 9368.3037
3133.614 -10951.4219 9277.3115
4352.4419 -10540.3379 9017.8877
5473.9082 -9915.2979 8599.7119
6440.3159 -9115.9678 8051.8237
7219.2119 -8194.0342 7397.4561
7793.7681 -7209.5962 6681.1357
8174.8022 -6220.3501 5935.7759
8387.5566 -5255.144 5182.6719
8462.0801 -4372.876 4458.6079
-4696.2139 -8470.4941 8067.312
-4168.5361 -9439.3066 8890.1123
-3382.428 -10375.6641 9681.9355
-2352.314 -11190.6201 10373.0879
-1089.012 -11820.4678 10920.9756
341.368 -12203.9063 11279.1357
1869.11 -12303.6719 11414.6563
3410.074 -12106.5439 11319.792
4876.5142 -11628.1484 11000.3516
6215.542 -10878.1006 10458.2715
7350.23 -9921.3086 9740.0156
8240.9121 -8811.8623 8886.2402
8861.1445 -7636.3062 7949.2158
9225.3506 -6470.3662 6985.0879
9374.3984 -5353.708 6030.6401
9359.9746 -4328.4019 5111.04
-5746.7622 -8786.6201 9443.8076
-5198.6499 -9965.7822 10555.0723
-4325.998 -11107.6826 11627.6162
-3119.1899 -12116.1602 12574.3203
-1605.8721 -12886.6426 13327.4238
118.998 -13291.7158 13821.1035
1959.26 -13378.2598 14005.0234
3818.7542 -13191.9502 13877.248
5578.4819 -12657.0605 13441.6475
7163.9199 -11744.7422 12717.584
8484.918 -10578.8018 11759.2637
9476.5684 -9239.7744 10624.7676
10117.2344 -7831.0303 9387.6641
10424.9463 -6459.5483 8138.9438
10468.2178 -5196.2461 6925.0718
10315.5645 -4107.2339 5806.064
-6955.9741 -8870.7598 11004.2236
-6461.9521 -10249.4541 12498.8164
-5526.7959 -11637.7646 13983.7275
-4148.1021 -12868.6123 15317.6318
-2347.5061 -13647.5078 16394.0488
-274.056 -13970.8467 17106.4961
1961.6641 -14014.1182 17398.832
4219.02 -13928.7764 17257.5039
6346.5601 -13506.874 16694.127
8260.1445 -12562.1025 15718.3838
9827.5518 -11162.9746 14415.4561
10961.0381 -9557.1025 12884.0801
11618.5322 -7875.5039 11211.376
11848.1143 -6274.4399 9548.3516
11721.9043 -4851.272 7974.3838
11373.3242 -3654.0801 6557.2319
-8363.5166 -8636.3701 12841.4883
-7935.604 -10241.04 14883.9678
-6927.126 -11886.5781 16951.6152
-5297.2139 -13288.1104 18815.9844
-3136.0181 -13991.2803 20312.5117
-608.212 -14175.1865 21288.2559
2084.2681 -14193.2158 21661.9043
4785.1621 -14129.5107 21481.8555
7340.6143 -13884.3027 20728.752
9626.8184 -12922.7021 19410.3359
11467.0801 -11278.3662 17627.2793
12726.7764 -9364.7822 15513.168
13264.0703 -7400.7144 13249.9844
13294.1201 -5600.1182 11050.6875
12994.8223 -4067.5681 9031.4404
12399.832 -2872.78 7292.9121
-9887.6523 -7858.6763 14820.0801
-9649.6563 -9565.5166 17584.6875
-8633.9658 -11416.5967 20500.3047
-6757.644 -13069.3467 22542.7832
-4136.082 -13943.2002 22846.7363
-1095.022 -14147.54 22875.7754
2122.7319 -14177.5898 22881.584
5334.4761 -14087.4404 22881.584
8371.9297 -13731.6484 22854.4805
11123.3086 -12566.9102 22813.8242
13264.0703 -10712.2246 21801.2949
14057.3906 -8539.0078 18897.2949
14193.2158 -6327.3281 15755.168
14142.7324 -4370.4722 12765.9844
13927.5742 -2811.478 10144.6396
13285.7061 -1690.0121 7978.2559
-11406.9805 -6327.3281 16864.4961
-11411.7881 -7968.0581 20624.207
-10390.0879 -9785.4824 22821.5684
-8159.1763 -11443.04 22899.0078
-4972.6743 -12600.5664 22935.791
-1345.038 -13118.6279 22947.4082
2381.1621 -13125.8398 22943.5352
6073.7061 -12691.918 22939.6641
9587.1523 -11779.6006 22937.7285
12788.0781 -10385.2803 22912.5605
14198.0244 -8505.3525 22881.584
14240.0947 -6252.8042 22306.5918
14247.3066 -4000.2561 18277.7754
14231.6807 -2146.772 14289.6162
14201.6299 -840.198 10994.5439
13829.0098 -44.474 8446.7676
-12542.8701 -3870.4402 18562.3672
-12871.0166 -4847.666 22602.8008
-11939.4658 -6016.0103 22897.0723
-9359.9746 -7008.8623 22951.2793
-5608.5322 -7542.5503 22959.0234
-1494.0861 -7591.832 22962.8965
2637.188 -7323.7861 22980.3203
6681.918 -6785.29 22964.832
10567.9844 -6007.5962 22972.5762
13861.4639 -4923.3921 22955.1523
14241.2959 -3485.8 22928.0488
14259.3262 -1730.88 22871.9043
14262.9326 -34.858 20643.5684
14252.1143 1195.99 15464.7676
14230.4785 1852.282 11494.0322
13975.6543 2077.0562 8591.9678
-12820.5322 -647.878 19439.375
-13182.334 -369.014 22833.1836
-12194.29 84.14 22922.2402
-9245.7842 776.492 22949.3437
-5163.792 1647.942 22968.7031
-869.046 2539.8259 22968.7031
3371.6101 3340.3582 22968.7031
7499.2783 4033.9121 22978.3848
11452.6563 4645.73 22980.3203
14161.9639 5138.5503 22970.6406
14255.7207 5547.23 22943.5352
14271.3467 5851.3359 22908.6875
14270.1445 5904.2241 21059.8086
14256.9219 5618.1479 15246.0
14222.0645 5089.2681 11062.3037
13856.6563 4453.4102 8166.0479
-11982.7383 2450.8779 19069.5996
-12018.7979 4065.1641 22782.8477
-10576.3984 6303.2881 22899.0078
-7502.8843 8892.3965 22943.5352
-3578.354 11376.9307 22955.1523
397.862 13297.7266 22968.7031
4307.9683 14074.2178 22962.8965
8124.3184 14216.0547 22976.4473
11751.9541 14226.8721 22976.4473
14141.5303 14224.4678 22955.1523
14250.9121 14205.2363 22922.2402
14265.3359 13839.8281 22821.5684
14255.7207 12161.8359 18426.8477
14240.0947 10130.4561 13310.0
14104.2686 8314.2344 9662.5762
13075.3564 6793.7041 7132.2241
-10262.6758 4625.2959 17873.1523
-9603.9805 6883.854 21719.9844
-7519.7119 9820.3398 22862.2246
-4325.998 13081.3662 22900.9434
-860.632 14223.2666 22912.5605
2508.574 14259.3262 22933.8555
5821.2861 14267.7402 22920.3047
9051.0605 14284.5684 22929.9844
12056.0605 14268.9424 22885.4551
14033.3506 14280.9619 22850.6074
14228.0742 14270.1445 21689.0078
14237.6904 14256.9219 17251.6953
14223.2666 14225.6699 13025.4082
13993.6846 13266.4746 9753.5684
12879.4307 10741.0723 7343.248
11439.4346 8643.582 5593.104
-8323.8506 5576.0781 16457.9355
-7036.5083 7775.7383 19261.2637
-4482.2583 10548.752 21652.2246
-1246.474 13419.1279 22356.9277
1829.4441 14225.6699 22399.5195
4645.73 14262.9326 22219.4727
7362.25 14267.7402 21737.4082
9954.9639 14278.5586 20533.2168
12270.0166 14276.1543 18676.5918
13815.7881 14271.3467 16138.4961
14128.3086 14267.7402 13023.4717
14035.7539 14260.5283 9718.7197
13196.7578 14243.7002 7271.6157
11717.0967 14104.2686 5771.2158
10453.7939 12226.7441 4681.248
9410.458 9869.6221 3759.7119
-6490.8003 5648.1982 15315.6963
-4636.1143 7494.4702 17445.2969
-1670.78 9822.7441 18845.0234
1604.67 12402.2363 18864.3848
4420.9561 14098.2578 17995.1191
6822.5522 14241.2959 16823.8398
9043.8486 14259.3262 15429.9199
11087.248 14260.5283 13675.9043
12767.6445 14267.7402 11513.3916
13691.9824 14272.5479 8882.3682
13808.5762 14268.9424 5842.8481
12744.8066 14260.5283 3068.5601
10529.5205 14243.7002 1868.24
8880.376 14171.5801 1829.52
7893.5342 12709.9482 1889.536
7236.04 10459.8037 1792.736
-5119.3179 5250.3359 14700.0479
-2843.9321 6645.8579 16506.3359
548.112 8563.0479 17292.3516
3929.3381 10842.04 16459.8711
6524.4561 13070.5479 14837.5039
8573.8662 14122.2979 13133.8242
10465.8145 14231.6807 11310.1123
12116.1602 14247.3066 9168.8955
13242.4346 14254.5186 6696.624
13712.416 14252.1143 3872.0
13421.5322 14260.5283 706.64
11414.1924 14253.3164 -1961.168
8462.0801 14241.2959 -2476.144
6535.2739 14079.0264 -1558.48
5626.562 12622.2021 -636.944
5175.812 10537.9346 -75.504
-4055.5481 4746.6982 14523.8721
-1320.998 5800.8521 16277.8877
2634.7839 7380.2803 16560.543
6189.0981 9358.7725 14823.9521
8508.958 11313.2246 12396.208
10219.4043 12957.5605 10305.3281
11885.376 13962.4326 8146.688
13149.8799 14212.4482 5558.2559
13693.1846 14223.2666 2737.5039
13808.5762 14231.6807 -191.664
13177.5264 14241.2959 -3467.376
10342.0078 14229.2764 -6117.7598
6684.3223 14204.0342 -6129.376
4487.0659 13689.5781 -4476.0317
3586.7681 12052.4541 -2905.936
3275.45 10232.626 -1815.968
-3353.5801 4368.0679 14651.6475
-277.662 5101.2881 16471.4883
4164.9302 6308.0962 16432.7676
7906.7563 7864.686 13995.3438
10037.9023 9398.4385 11050.6875
11620.9365 10839.6357 8624.8799
13078.9619 12193.0879 5984.1758
13784.5361 13159.4961 2985.312
13949.21 13617.458 114.224
13969.6445 13950.4121 -2836.24
13280.8984 14099.46 -6485.6001
9832.3604 14105.4707 -9407.0244
5465.4941 13859.0605 -9188.2559
2877.5881 12849.3799 -7033.4878
1853.484 11303.6084 -4932.9277
1563.802 9706.1504 -3397.6799
-2825.9021 4199.7881 14926.5596
616.626 4734.6782 16895.4727
5495.5439 5627.7642 16589.584
9317.9043 6796.1079 13641.0557
11346.8799 8014.936 10396.3203
12886.6426 9206.1182 7616.2241
13814.5859 10262.6758 4510.8799
14012.916 10963.4424 1496.528
14111.4805 11623.3398 -1142.24
14141.5303 12449.1143 -4456.6719
13505.6719 13119.8301 -8785.5684
9385.2158 13253.252 -12034.1758
4417.3501 12765.2402 -11600.5117
1519.328 11703.874 -9046.9277
397.862 10396.0986 -6572.7197
118.998 9036.6357 -4719.9678
-2471.312 4252.6763 15141.4561
1119.062 4626.498 17267.1836
6291.2681 5217.8823 16914.832
10274.6963 6018.4141 13710.752
12316.8945 6912.7021 10194.9756
13616.2559 7796.1724 7097.376
14046.5723 8500.5439 3837.1521
14167.9746 9132.7959 1113.2
14207.6406 10060.7402 -1748.208
14214.8525 10961.0381 -5643.4399
13855.4541 11622.1387 -10557.0078
9335.9346 11821.6699 -14219.9199
3711.7761 11404.5762 -13745.5996
431.518 10542.7422 -10891.9355
-861.834 9451.3262 -8084.7358
-1197.192 8274.5684 -5941.584
-1727.274 -5946.2939 4491.52
-1333.0181 -6326.126 4764.4961
-857.026 -6661.4839 5006.4961
-310.116 -6931.9341 5202.0317
306.51 -7125.4561 5347.2319
965.206 -7222.8184 5428.5439
1656.3561 -7213.2021 5442.0962
2347.5061 -7099.0122 5380.144
3018.2222 -6877.8442 5248.4961
3649.272 -6558.1123 5049.0879
4216.6162 -6160.25 4791.6001
4713.042 -5695.0762 4483.7759
5126.5303 -5186.6299 4137.2319
5459.4839 -4649.3359 3763.584
5714.3081 -4102.4263 3374.448
5900.6182 -3563.9302 2977.5679
-2146.772 -6338.146 5176.8638
-1723.6681 -6786.4922 5523.4082
-1198.394 -7193.9702 5837.04
-579.364 -7530.5303 6100.3359
125.008 -7774.5361 6295.8721
891.884 -7907.958 6413.9678
1694.8201 -7916.3721 6444.9438
2503.7661 -7791.3643 6377.1841
3281.46 -7542.5503 6220.3682
4012.2761 -7171.1323 5970.624
4662.5581 -6705.958 5647.312
5222.6899 -6160.25 5260.1118
5679.4502 -5567.6641 4828.3838
6026.8281 -4954.644 4367.6162
6284.0562 -4327.2002 3887.488
6457.144 -3709.3721 3407.3599
-2640.7939 -6699.9482 5970.624
-2178.0239 -7239.646 6419.7759
-1586.64 -7737.2739 6830.208
-879.864 -8144.752 7174.8159
-58.898 -8448.8584 7438.1118
836.592 -8618.3398 7598.7998
1778.9601 -8629.1582 7641.3921
2723.7319 -8486.1201 7562.0161
3630.04 -8191.6304 7362.6079
4471.4399 -7750.4961 7052.8481
5215.478 -7196.374 6642.416
5836.9121 -6559.314 6158.416
6328.5303 -5874.1743 5620.208
6689.1299 -5166.1963 5051.0239
6939.146 -4457.0161 4464.416
7085.79 -3788.7041 3889.4241
-3223.7642 -7025.6899 6892.1602
-2734.55 -7662.75 7474.896
-2087.874 -8252.9326 8011.168
-1286.14 -8757.7725 8475.8076
-340.166 -9136.4023 8835.9043
707.978 -9353.9639 9060.4795
1811.4141 -9388.8223 9134.0479
2926.8701 -9237.3701 9044.9922
3991.842 -8897.2041 8802.9922
4976.2803 -8387.5566 8408.0479
5833.3062 -7736.0723 7887.2642
6534.0723 -6988.4282 7267.7441
7064.1543 -6184.29 6582.3999
7428.3604 -5368.1323 5869.9521
7653.1343 -4567.6001 5140.0801
7756.5063 -3806.7341 4429.5679
-3901.6921 -7269.6963 7962.7681
-3383.6301 -8023.3501 8715.8721
-2658.824 -8733.7324 9432.1924
-1739.2941 -9340.7422 10047.8398
-633.454 -9797.502 10527.9678
602.202 -10060.7402 10833.8555
1908.776 -10106.416 10936.4639
3220.158 -9920.1064 10824.1758
4471.4399 -9516.2344 10512.4795
5615.7441 -8908.0225 10005.248
6590.5659 -8136.3384 9337.3281
7364.6543 -7260.0801 8543.5684
7928.3921 -6324.9243 7670.4321
8282.9824 -5390.9702 6768.2559
8460.8779 -4500.2881 5873.8237
8499.3418 -3691.342 5018.1118
-4696.2139 -7381.4819 9190.1924
-4168.5361 -8246.9219 10179.4883
-3380.0242 -9081.1104 11130.0635
-2337.8901 -9805.916 11962.5439
-1058.962 -10360.0381 12626.5918
390.65 -10690.5879 13056.3838
1938.826 -10757.9004 13220.9443
3501.426 -10549.9541 13098.9756
4978.6841 -10088.3857 12704.0322
6324.9243 -9380.4082 12043.8555
7454.8042 -8484.918 11168.7842
8323.8506 -7460.814 10136.8955
8912.8301 -6387.4282 9008.208
9233.7646 -5326.062 7850.48
9335.9346 -4324.7959 6714.0479
9274.6318 -3443.73 5656.9922
-5578.4819 -7288.9282 10574.4316
-5048.3999 -8275.7705 11877.3604
-4180.5562 -9238.5723 13145.4395
-2989.374 -10070.3564 14260.5762
-1482.066 -10713.4258 15153.0723
228.38 -11084.8438 15737.7441
2056.6221 -11149.752 15960.3838
3895.6821 -10902.1406 15797.7598
5632.5723 -10356.4326 15280.8477
7197.5762 -9533.0625 14413.5195
8487.3223 -8499.3418 13273.2158
9445.3164 -7316.5742 11923.8242
10040.3066 -6091.7363 10464.0801
10301.1406 -4920.9883 8998.5283
10295.1299 -3860.824 7591.0562
10102.8105 -2962.9302 6313.2959
-6558.1123 -6881.4502 12109.6797
-6061.686 -7929.5942 13801.7441
-5145.7622 -8977.7383 15493.8076
-3794.7141 -9909.2881 17017.4395
-2053.0161 -10614.8623 18240.9922
-40.868 -11017.5322 19052.1758
2110.7122 -11077.6318 19373.5527
4270.7061 -10801.1719 19193.5039
6309.2983 -10192.96 18531.3926
8142.3481 -9283.0459 17400.7676
9628.0205 -8131.5303 15892.624
10685.7803 -6824.9561 14111.5039
11286.7803 -5473.9082 12187.1201
11444.2422 -4214.2119 10289.8398
11271.1543 -3122.7961 8520.3359
10890.1201 -2235.72 6956.0479
-7524.52 -6062.8882 13704.9443
-7079.7803 -7101.416 15902.3037
-6091.7363 -8162.7822 18146.127
-4557.9839 -9088.3223 20163.4395
-2519.3921 -9774.6641 21747.0879
-181.502 -10120.8398 22382.0957
2313.8501 -10128.0518 22577.6328
4797.1821 -9779.4727 22478.8965
7136.2739 -9113.5645 22014.2559
9237.3701 -8142.3481 20722.9434
10915.3623 -6921.1162 18754.0312
12060.8682 -5544.8262 16407.5996
12592.1523 -4162.5259 13917.9043
12583.7383 -2931.678 11519.2002
12196.6943 -1921.998 9347.0078
11606.5127 -1169.546 7498.1279
-8403.1826 -4673.376 15230.5117
-8042.582 -5512.3721 17971.8887
-7032.9023 -6377.812 20837.168
-5312.8403 -7123.0522 22674.4316
-2995.384 -7624.2861 22854.4805
-329.348 -7817.8081 22871.9043
2472.5142 -7702.416 22873.8398
5256.3462 -7315.3721 22871.9043
7883.918 -6662.686 22864.1602
10248.252 -5752.772 22806.0801
12140.2002 -4616.8823 21778.0645
13272.4844 -3355.9841 18821.791
13623.4678 -2115.52 15633.2002
13457.5918 -1080.598 12630.4639
12940.7324 -304.106 10009.1201
12113.7559 201.936 7858.2241
-8956.1025 -2774.2161 16438.5762
-8644.7842 -3160.0581 19691.0566
-7550.9644 -3531.4761 22544.7207
-5633.7739 -3773.0781 22869.9687
-3041.0601 -3810.3401 22906.752
-126.21 -3627.636 22920.3047
2894.416 -3299.49 22918.3672
5880.1841 -2810.2761 22926.1113
8700.0762 -2197.2561 22929.9844
11232.6904 -1450.8141 22883.5195
13173.9199 -616.626 22796.4004
13957.624 253.622 20525.4727
14040.5625 1016.892 16661.2168
13885.5039 1562.6 13131.8877
13237.626 1859.494 10185.2959
12273.6221 1944.8361 7875.6479
-9021.0098 -448.346 17015.5039
-8674.834 -153.856 20457.7109
-7502.8843 283.672 22804.1445
-5442.6562 857.026 22889.3281
-2715.3181 1538.5601 22939.6641
305.308 2241.73 22935.791
3392.0439 2924.4661 22933.8555
6403.0542 3506.2341 22939.6641
9224.1484 4018.2861 22920.3047
11753.1563 4436.582 22899.0078
13544.1367 4731.0723 22823.5039
14070.6123 4884.9282 20788.7676
14107.874 4846.4639 16591.5195
13910.7461 4618.084 12849.2314
13143.8701 4243.0601 9813.584
12017.5967 3779.0881 7488.4478
-8424.8184 1757.324 16841.2637
-7855.0703 2750.176 20076.3203
-6464.356 4009.8721 22657.0078
-4280.3223 5429.4341 22873.8398
-1551.782 6861.0161 22912.5605
1342.634 8125.52 22906.752
4258.686 9154.4326 22916.4316
7089.396 9917.7021 22908.6875
9702.5439 10385.2803 22889.3281
11962.3047 10539.1357 22850.6074
13490.0459 10314.3623 22078.1445
13968.4424 9714.5645 18473.3125
13922.7666 8787.8223 14624.5439
13390.2803 7712.0322 11273.3281
12376.9941 6612.2021 8593.9043
11235.0938 5601.3203 6568.8481
-7322.584 3455.75 16039.7598
-6454.7402 4839.252 18688.207
-4834.4438 6554.5063 21216.623
-2592.7141 8438.04 22579.5684
-27.646 10283.1104 22827.375
2608.3401 11891.3857 22840.9277
5216.6802 13135.4561 22829.3125
7698.8101 13806.1719 22802.207
9926.1162 13999.6943 22275.6152
11774.792 14008.1084 20444.1602
12992.418 13824.2021 17636.959
13334.9883 13072.9521 14473.5361
13032.084 11684.6426 11432.0801
12170.25 10082.376 8876.5596
11102.874 8500.5439 6845.6958
10075.1641 7065.356 5294.96
-6008.7983 4443.7939 15033.04
-4779.1519 5952.3042 17071.6484
-2892.012 7768.5264 18798.5605
-605.808 9709.7559 19867.2324
1818.626 11624.542 20266.0488
4174.5459 13244.8379 20107.2949
6425.8921 14034.5527 19468.416
8492.1299 14207.6406 18330.0488
10257.8682 14228.0742 16678.6406
11576.4619 14236.4883 14541.2959
12233.9561 14220.8623 12065.1523
12111.3525 14067.0059 9561.9043
11367.3145 13196.7578 7440.0479
10378.0684 11501.9385 5837.04
9409.2559 9728.9883 4630.9121
8564.25 8113.5 3684.208
-4679.3862 4821.2222 14080.5283
-3176.886 6183.0879 15600.2881
-1081.8 7841.8481 16634.1113
1250.0801 9646.0498 16974.8477
3533.8801 11437.0303 16672.832
5631.3701 13026.0742 15929.4082
7546.1562 13948.0078 14829.7598
9231.3604 14195.6201 13375.8242
10565.5801 14217.2559 11561.792
11405.7783 14229.2764 9432.1924
11552.4219 14220.8623 7151.584
10917.7666 14133.1162 5097.4878
9778.2705 13540.5303 3662.9119
8638.7744 12072.8887 2871.0879
7716.8403 10339.6045 2389.0239
7007.6602 8686.8545 2019.248
-3541.092 4811.606 13399.0557
-1727.274 6003.9902 14587.7598
594.99 7451.1982 15118.2236
3003.7981 9058.2725 14831.6963
5186.6299 10684.5781 13935.3281
7066.5581 12142.6045 12700.1602
8701.2783 13298.9287 11201.6963
10039.1045 13928.7764 9430.2559
10970.6543 14113.8838 7407.1357
11370.9199 14173.9844 5188.48
11028.3506 14145.1367 2952.3999
9869.6221 13974.4521 1146.1119
8305.8203 13285.7061 234.256
6958.3779 11949.082 69.696
6022.02 10375.6641 201.344
5413.8081 8835.9023 338.8
-2583.0981 4630.104 12975.0723
-558.93 5570.0679 13952.752
1991.714 6779.2803 14119.248
4478.6519 8153.166 13346.7842
6576.1421 9566.7178 11966.416
8281.7803 10860.0703 10336.3037
9698.9385 11989.9502 8508.7197
10771.1221 12886.6426 6456.5601
11393.7578 13402.2998 4243.7119
11459.8682 13657.124 1912.7679
10741.0723 13665.5381 -360.096
9143.6143 13384.2705 -2063.7759
7171.1323 12663.0703 -2679.4241
5568.8662 11487.5146 -2387.0879
4543.5601 10118.4365 -1783.056
3958.186 8702.4805 -1215.808
-1834.2521 4447.3999 12789.2158
444.74 5210.6699 13660.416
3217.7542 6195.1079 13548.1279
5799.6499 7328.5942 12365.2314
7834.6362 8506.5537 10586.0479
9403.2461 9617.2021 8622.9443
10626.8818 10608.8525 6493.3437
11446.6465 11400.9697 4210.7998
11813.2559 11982.7383 1850.816
11625.7441 12385.4082 -607.904
10566.7822 12550.082 -3008.5439
8531.7959 12349.3486 -4718.0317
6167.4619 11719.5 -5118.7842
4324.7959 10745.8799 -4493.4561
3200.926 9561.9102 -3517.7119
2610.7441 8316.6377 -2627.1521
-1252.484 4332.0083 12702.0957
1155.1221 4901.7559 13540.3838
4090.406 5651.8042 13279.0244
6768.4619 6535.2739 11832.832
8802.2461 7480.0459 9778.7363
10293.9277 8388.7578 7560.0801
11375.7285 9207.3203 5200.0962
12036.8281 9899.6719 2768.48
12282.0361 10477.834 292.336
11951.4863 10961.0381 -2365.792
10640.1045 11244.71 -5002.624
8233.7002 11190.6201 -6836.0161
5483.5239 10732.6582 -7169.0078
3352.3782 9942.9443 -6315.2319
2078.2581 8940.4766 -5058.7681
1429.178 7835.8384 -3877.8079
-781.3 4341.624 12665.3115
1789.7781 4795.98 13497.792
4881.3223 5359.7183 13116.4004
7617.0742 6016.0103 11484.3516
9635.2324 6731.2002 9228.9121
11060.8047 7440.3804 6808.9121
12027.2119 8090.6621 4307.6001
12594.5566 8707.2881 1781.12
12762.8359 9305.8838 -882.816
12273.6221 9811.9258 -3810.0481
10683.376 10113.6279 -6685.0078
7907.958 10099.2041 -8624.8799
4805.5962 9728.9883 -8882.3682
2452.0801 9060.6758 -7836.9277
1051.75 8197.6406 -6353.9521
359.398 7252.8682 -4969.7119
-1452.016 -5328.4663 4491.52
-1089.012 -5637.3799 4743.2002
-652.686 -5912.6382 4969.7119
-157.462 -6131.4023 5151.6958
397.862 -6287.6621 5287.2158
991.65 -6360.9839 5362.7202
1610.6801 -6346.5601 5368.5278
2232.114 -6243.188 5306.5762
2831.9121 -6053.272 5176.8638
3400.458 -5779.2163 4981.3281
3916.116 -5435.4443 4729.6479
4370.4722 -5036.3799 4429.5679
4752.708 -4598.8521 4092.7039
5064.0259 -4137.2842 3728.7361
5310.436 -3658.8882 3345.408
5493.1401 -3178.0881 2952.3999
-1792.182 -5607.3301 5130.3999
-1393.118 -5975.1421 5453.7119
-906.308 -6300.8843 5742.1758
-342.57 -6566.5259 5982.2397
292.086 -6754.0381 6158.416
976.024 -6846.5923 6257.1519
1688.8101 -6834.5723 6272.6401
2402.7981 -6717.978 6201.0078
3091.5439 -6495.6079 6040.3198
3739.4221 -6177.0781 5798.3198
4316.3818 -5784.0239 5488.5601
4816.4141 -5328.4663 5120.7202
5228.7002 -4828.4341 4706.416
5554.4419 -4309.1699 4265.0078
5802.0542 -3773.0781 3806.176
5971.5361 -3263.4302 3345.408
-2187.6401 -5852.5381 5854.4639
-1764.536 -6282.854 6270.7041
-1230.848 -6671.1001 6646.2881
-602.202 -6992.0342 6961.856
122.604 -7225.2222 7199.9839
907.51 -7350.23 7343.248
1729.678 -7349.0283 7376.1602
2557.856 -7224.02 7298.7197
3353.5801 -6976.4082 7110.9277
4097.6182 -6615.8081 6818.5918
4758.7183 -6159.0483 6431.3921
5320.0522 -5632.5723 5974.4961
5769.6001 -5067.6323 5465.3281
6108.564 -4477.4502 4923.248
6350.166 -3882.46 4363.7441
6506.4263 -3301.894 3804.24
-2654.0161 -6058.0801 6710.1758
-2190.0439 -6559.314 7238.7041
-1596.256 -7011.2661 7718.832
-879.864 -7386.29 8123.4561
-48.08 -7661.5483 8435.1523
865.44 -7808.1924 8624.8799
1818.626 -7810.5962 8673.2803
2780.2261 -7661.5483 8578.416
3694.948 -7374.27 8340.2881
4542.3579 -6952.3682 7970.5117
5283.9922 -6429.498 7488.4478
5897.0122 -5828.498 6917.3281
6373.0039 -5183.0239 6282.3198
6717.978 -4519.52 5620.208
6942.752 -3868.0361 4944.5439
7064.1543 -3264.6321 4284.3682
-3172.0781 -6166.2603 7649.1357
-2691.2781 -6728.7959 8318.9922
-2042.198 -7252.8682 8946.2559
-1241.666 -7695.2041 9486.4004
-294.49 -8024.5522 9904.5762
753.654 -8203.6504 10164.0
1863.1 -8219.2764 10247.248
2976.1521 -8054.6021 10140.7676
4038.72 -7733.668 9856.1758
5018.3501 -7257.6763 9399.2803
5863.356 -6657.8779 8793.3115
6546.0923 -5977.5459 8076.9922
7055.7402 -5246.73 7281.2959
7398.3101 -4511.106 6458.4961
7594.2363 -3791.1082 5629.8882
7669.9619 -3132.4121 4824.5122
-3762.26 -6147.0283 8733.2959
-3247.804 -6782.8862 9592.8799
-2532.614 -7371.8662 10400.1924
-1622.7001 -7874.3022 11099.0879
-531.284 -8245.7197 11643.1035
685.14 -8445.252 11979.9678
1970.078 -8453.666 12094.1924
3263.4302 -8266.1543 11964.4795
4488.2681 -7888.7261 11592.7676
5604.9263 -7339.4121 11010.0322
6547.2939 -6665.0903 10247.248
7288.9282 -5898.2139 9341.2002
7817.8081 -5080.854 8346.0957
8138.7422 -4277.918 7329.6958
8278.1738 -3524.2642 6321.04
8282.9824 -2857.1541 5372.3999
-4390.9062 -5937.8799 9892.96
-3874.0461 -6607.394 10977.1201
-3105.968 -7251.666 12018.6875
-2095.0859 -7798.5762 12934.416
-853.42 -8210.8623 13664.2881
543.304 -8428.4238 14126.9922
2032.582 -8440.4443 14297.3604
3529.072 -8226.4883 14150.2236
4941.4219 -7813.0 13699.1357
6221.5522 -7209.5962 12965.3916
7290.1304 -6457.144 11993.5195
8103.8843 -5614.542 10845.4717
8649.5918 -4727.4663 9592.8799
8933.2646 -3874.0461 8324.7998
9002.9805 -3085.5339 7089.6318
8917.6377 -2402.7981 5937.7119
-5047.1982 -5477.5142 11151.3604
-4512.3081 -6160.25 12518.1758
-3674.5142 -6816.542 13848.208
-2533.8162 -7373.0684 15017.5518
-1123.87 -7779.3442 15954.5762
485.608 -7981.2803 16545.0566
2193.6501 -7958.4424 16763.8242
3899.2881 -7710.8301 16574.0957
5505.1602 -7250.4644 16004.9121
6946.3579 -6588.1621 15067.8877
8129.126 -5786.4282 13838.5283
8999.374 -4884.9282 12388.4639
9533.0625 -3964.196 10826.1123
9749.4219 -3105.968 9271.5039
9715.7666 -2347.5061 7784.6558
9516.2344 -1723.6681 6443.0078
-5661.4199 -4684.1938 12374.9121
-5146.9639 -5292.4062 14049.5518
-4261.0898 -5883.79 15712.5762
-3009.8081 -6383.8223 17203.2969
-1420.764 -6729.998 18388.127
387.044 -6870.6323 19158.6562
2309.042 -6798.5122 19449.0566
4229.8379 -6513.6382 19236.0957
6030.4341 -6036.4443 18537.1992
7645.9224 -5377.748 17387.2168
8945.2842 -4577.2163 15848.0957
9868.4199 -3692.5439 14041.8076
10388.8857 -2803.064 12107.7441
10516.2979 -2012.1481 10210.4639
10358.8359 -1345.038 8437.0879
10017.4678 -824.572 6866.9922
-6157.8462 -3531.4761 13509.4082
-5636.1782 -3975.0142 15513.168
-4685.396 -4388.502 17514.9922
-3297.0862 -4707.0322 19311.5996
-1532.55 -4878.918 20732.623
473.588 -4878.918 21607.6953
2581.896 -4703.4263 21872.9277
4679.3862 -4371.6743 21659.9687
6647.0601 -3883.6621 20844.9121
8386.3545 -3251.4102 19458.7363
9771.0586 -2532.614 17592.4316
10701.4063 -1774.152 15398.9443
11141.3379 -1055.3561 13081.5518
11141.3379 -449.548 10845.4717
10832.4238 13.222 8826.2236
10354.0283 317.328 7103.1841
-6424.6899 -2061.4299 14328.3359
-5901.8203 -2193.6501 16550.8633
-4898.1499 -2278.9919 18821.791
-3412.478 -2277.79 20839.1035
-1512.116 -2162.3979 22174.9434
622.636 -1938.826 22657.0078
2853.5481 -1632.316 22767.3594
5058.0161 -1232.05 22672.4961
7120.6479 -762.068 22209.791
8940.4766 -242.804 20908.8008
10382.876 288.48 18790.8164
11298.7998 794.522 16283.6963
11653.3906 1206.808 13642.9922
11524.7764 1496.49 11141.6797
11071.6221 1645.5381 8936.5762
10456.1982 1667.1741 7081.8882
-6354.9741 -347.378 14746.5117
-5759.9839 -88.948 17063.9043
-4667.3662 257.228 19390.9766
-3080.7261 683.938 21435.3926
-1093.8201 1185.172 22465.3437
1116.6581 1730.88 22800.2715
3389.6401 2266.9719 22802.207
5614.542 2765.802 22767.3594
7654.3359 3197.3201 22302.7207
9422.4785 3545.9001 20984.3047
10767.5166 3786.3 18707.5684
11568.0479 3905.2981 16043.6318
11779.6006 3875.248 13277.0879
11510.3525 3712.978 10721.5684
10933.3926 3442.5281 8508.7197
10244.6465 3099.958 6706.3042
-5949.8999 1242.868 14640.0322
-5250.3359 1877.524 16802.543
-4061.5581 2654.0161 18932.1445
-2423.2319 3519.4561 20748.1113
-425.508 4417.3501 21969.7285
1733.2841 5273.1743 22368.543
3930.54 6025.626 22422.752
6047.2622 6623.02 22107.1836
7958.4424 7025.6899 21197.2637
9570.3242 7233.6362 19462.6074
10744.6777 7197.5762 17209.1035
11369.7178 6943.9541 14636.1602
11432.2227 6473.9722 12028.3682
11052.3906 5870.5679 9652.8955
10415.3301 5190.2363 7627.8398
9689.3223 4495.48 5976.4321
-5220.2861 2610.7441 14150.2236
-4334.4121 3536.2842 16020.4004
-3001.394 4624.0942 17741.5039
-1302.968 5796.0439 19112.1914
650.282 6970.3979 19996.9434
2693.6821 8037.7739 20333.8086
4713.042 8930.8604 20128.5918
6608.5962 9596.7686 19389.0391
8267.3564 9998.2363 18138.3848
9600.374 10100.4063 16401.791
10475.4307 9885.248 14305.1035
10826.4141 9355.166 12028.3682
10688.1846 8576.2705 9821.3281
10198.9697 7636.3062 7869.8398
9539.0723 6638.646 6231.9839
8855.1338 5667.4302 4919.376
-4330.8062 3513.446 13430.0322
-3280.2581 4543.5601 14901.3916
-1824.636 5745.5601 16153.9844
-96.16 7032.9023 17009.6953
1784.9701 8317.8398 17398.832
3667.302 9480.1738 17315.584
5472.7061 10458.6025 16804.4805
7109.8301 11176.1963 15853.9043
8481.3125 11598.0986 14514.1924
9497.002 11696.6621 12816.3203
10046.3164 11441.8379 10913.2324
10095.5986 10846.8486 8979.168
9734.998 9950.1563 7223.2158
9133.998 8869.5586 5761.5361
8464.4844 7712.0322 4590.2559
7816.606 6572.5361 3647.4241
-3358.3879 4041.124 12673.0557
-2108.3081 5092.874 13807.5518
-521.668 6274.4399 14603.248
1250.0801 7542.5503 14955.5996
3065.1001 8805.8525 14845.248
4787.5659 9951.3584 14339.9521
6363.3882 10920.1699 13474.5596
7725.2539 11654.5918 12280.0479
8769.792 12092.1201 10814.4961
9424.8818 12217.1279 9122.4316
9605.1826 12001.9707 7362.6079
9304.6826 11433.4238 5726.688
8678.4404 10558.3682 4412.144
7938.0083 9466.9521 3455.76
7240.8481 8280.5781 2758.8
6655.4741 7108.6279 2238.0159
-2484.5339 4238.252 12032.2402
-1087.8101 5166.1963 12878.2715
610.616 6247.9961 13317.7441
2416.02 7412.7344 13259.6641
4173.3442 8597.9063 12752.4316
5757.5801 9676.1006 11888.9756
7139.8804 10604.0439 10735.1201
8260.1445 11321.6387 9323.7764
9036.6357 11788.0146 7724.6401
9391.2266 11969.5166 5991.9199
9249.3906 11842.1045 4301.792
8636.3701 11387.748 2857.5359
7745.688 10625.6807 1864.368
6841.7842 9629.2227 1297.12
6076.1104 8500.5439 1002.848
5488.332 7339.4121 838.288
-1677.9921 4275.5142 11532.752
-110.584 5115.7119 12183.248
1724.87 6067.6963 12328.4482
3571.1421 7093.002 11916.0801
5275.5781 8143.5503 11044.8799
6743.2202 9124.3818 9858.1123
7941.6143 9975.3984 8431.2803
8832.2959 10646.1143 6814.7197
9345.5498 11100.4697 5076.1919
9411.6602 11319.2344 3271.8401
8959.708 11274.7598 1595.264
8025.7539 10923.7764 282.656
6861.0161 10277.1006 -472.384
5782.8223 9399.6406 -712.448
4940.2202 8373.1318 -662.112
4356.0479 7300.9482 -505.296
-1013.286 4227.4341 11174.5918
658.696 4896.9482 11672.1436
2591.512 5691.4702 11612.1279
4493.0762 6565.3242 10942.2715
6177.0781 7468.0264 9792.2881
7554.5703 8316.6377 8344.1602
8620.7441 9070.292 6694.688
9344.3486 9686.918 4892.272
9668.8877 10137.668 3012.416
9517.4365 10402.1084 1107.392
8810.6602 10451.3906 -621.456
7600.2461 10227.8184 -1905.024
6169.8662 9722.9785 -2516.8
4887.332 8983.748 -2536.1599
3920.9241 8078.6421 -2210.9121
3275.45 7089.396 -1784.9919
-443.538 4199.7881 10922.9121
1354.6541 4769.5361 11341.0879
3389.6401 5435.4443 11124.2559
5333.2739 6153.0381 10239.5039
6993.2363 6899.48 8863.0078
8288.9922 7617.0742 7211.6001
9236.168 8263.75 5384.0161
9816.7344 8814.2666 3430.592
9976.6006 9240.9766 1424.896
9637.6357 9528.2539 -594.352
8692.8643 9623.2119 -2400.6399
7216.8081 9471.7598 -3682.272
5544.8262 9059.4746 -4195.312
4081.9922 8421.2119 -4036.5601
3012.2122 7620.6802 -3502.2239
2333.082 6743.2202 -2863.344
8.414 4194.98 10706.0801
1849.8781 4634.9121 11071.9844
3946.166 5143.3579 10768.0322
5931.8701 5699.8843 9765.1836
7600.2461 6294.874 8253.168
8870.7598 6876.6421 6446.8799
9755.4326 7413.936 4476.0317
10255.4639 7903.1499 2387.0879
10321.5742 8314.2344 242.0
9840.7744 8613.5322 -1934.064
8703.6826 8746.9541 -3872.0
6990.832 8658.0059 -5215.584
5074.8442 8328.6582 -5693.7759
3413.6802 7792.5659 -5418.8638
2204.468 7100.2144 -4719.9678
1431.582 6309.2983 -3899.104
-1193.5861 -4735.8799 4419.8882
-851.016 -4993.1079 4658.0161
-448.346 -5214.2759 4865.168
3.606 -5386.1621 5027.792
506.042 -5503.958 5143.9521
1038.5281 -5554.4419 5205.9038
1591.448 -5532.8062 5202.0317
2145.5701 -5433.04 5138.144
2681.6621 -5263.5581 5008.4321
3188.906 -5027.9663 4820.6401
3650.4741 -4737.082 4580.5762
4060.356 -4396.916 4294.0479
4410.1382 -4021.8921 3972.6719
4699.8203 -3624.03 3626.1279
4933.0083 -3212.946 3258.2881
5107.2979 -2810.2761 2886.5759
-1477.2581 -4946.23 5020.0479
-1108.244 -5238.3159 5312.3838
-667.11 -5497.9482 5573.7441
-161.068 -5704.6919 5788.6401
402.67 -5850.1343 5945.4561
1008.478 -5918.6479 6028.7041
1639.5281 -5900.6182 6036.4478
2270.5781 -5796.0439 5964.8159
2881.1941 -5609.7339 5813.8081
3455.75 -5340.4863 5585.3599
3973.812 -5009.936 5293.0239
4426.9663 -4628.9019 4948.416
4806.7979 -4210.606 4557.3437
5112.106 -3769.4722 4141.104
5348.8999 -3318.7222 3703.5679
5520.7861 -2867.9722 3256.3521
-1790.98 -5104.894 5686.0317
-1390.714 -5442.6562 6055.8081
-899.096 -5741.9541 6386.8638
-332.954 -5982.354 6659.8398
310.116 -6153.0381 6863.1201
1001.266 -6231.168 6975.4082
1720.062 -6214.3403 6990.896
2441.262 -6097.7461 6907.6479
3132.4121 -5880.1841 6725.6641
3779.0881 -5580.8862 6452.688
4357.25 -5207.064 6094.5278
4854.8779 -4777.9502 5674.416
5262.356 -4310.3721 5205.9038
5579.6841 -3819.9561 4702.5439
5815.2759 -3327.136 4181.7598
5971.5361 -2858.356 3662.9119
-2151.5801 -5214.2759 6439.1357
-1726.072 -5594.1079 6901.8398
-1193.5861 -5935.4761 7320.0161
-561.334 -6213.1382 7674.3042
159.866 -6413.8721 7943.4077
945.974 -6513.6382 8102.1602
1765.738 -6500.416 8137.0078
2591.512 -6373.0039 8044.0801
3381.2261 -6138.6143 7827.248
4119.2539 -5799.6499 7492.3198
4768.334 -5377.748 7054.7842
5315.2441 -4898.1499 6535.936
5750.3682 -4380.0879 5959.0078
6072.5039 -3848.804 5349.168
6300.8843 -3309.106 4721.9038
6435.5083 -2797.054 4102.3838
-2547.0381 -5229.9019 7277.4238
-2090.2781 -5649.3999 7854.3521
-1498.894 -6029.2319 8388.6875
-792.118 -6340.5503 8837.8398
30.05 -6564.1221 9180.5117
927.944 -6675.9082 9385.7275
1866.7061 -6657.8779 9432.1924
2806.6702 -6511.2339 9321.8398
3703.3621 -6243.188 9054.6719
4531.54 -5863.356 8646.1758
5249.1343 -5396.98 8107.9678
5841.7202 -4863.292 7472.96
6300.8843 -4288.7358 6768.2559
6625.4243 -3710.574 6034.5122
6829.7642 -3150.4421 5291.0879
6934.3379 -2631.178 4568.96
-2982.1621 -5120.52 8195.0879
-2502.564 -5567.6641 8913.3438
-1866.7061 -5981.1523 9583.2002
-1083.0021 -6323.7222 10158.1924
-163.472 -6571.334 10605.4082
853.42 -6692.7363 10880.3203
1924.402 -6674.7061 10961.6318
2998.99 -6514.8403 10835.792
4019.488 -6221.5522 10516.3516
4954.644 -5802.0542 10007.1836
5757.5801 -5288.8003 9343.1357
6405.458 -4708.2339 8564.8643
6883.854 -4094.012 7701.4077
7198.7783 -3476.1841 6805.04
7369.4619 -2894.416 5906.7358
7424.7539 -2360.728 5045.2158
-3424.498 -4851.272 9166.96
-2918.4561 -5312.8403 10059.4561
-2221.2961 -5737.146 10893.8721
-1351.048 -6086.9282 11612.1279
-311.318 -6333.3379 12171.6318
837.794 -6447.5283 12516.2402
2050.6121 -6410.2661 12620.7842
3268.238 -6227.562 12475.584
4413.7441 -5900.6182 12078.7041
5452.272 -5447.4639 11453.376
6328.5303 -4899.3521 10638.3203
7020.8823 -4275.5142 9680.0
7504.0859 -3630.04 8632.624
7791.3643 -3006.2021 7556.208
7915.1699 -2425.636 6497.2158
7913.9683 -1917.1901 5505.9839
-3865.6321 -4363.2603 10167.8721
-3348.772 -4799.5859 11246.2236
-2608.3401 -5205.8623 12274.2402
-1652.75 -5537.6143 13170.6084
-503.638 -5761.186 13873.376
786.108 -5853.7402 14318.6563
2145.5701 -5792.438 14459.9844
3507.436 -5588.0981 14287.6797
4789.9702 -5243.124 13811.4238
5943.8901 -4775.5459 13048.6396
6904.2881 -4209.4043 12055.4717
7635.104 -3577.1521 10882.2559
8117.106 -2943.698 9612.2402
8368.3242 -2339.092 8326.7363
8428.4238 -1796.99 7079.9521
8347.8906 -1335.422 5922.2241
-4249.0703 -3651.676 11120.3838
-3706.968 -4014.6802 12405.8877
-2905.2341 -4346.4321 13639.1201
-1861.8981 -4600.0542 14711.6641
-581.768 -4749.1021 15553.8242
840.198 -4774.3442 16078.4795
2343.9001 -4664.9619 16248.8477
3833.178 -4426.9663 16041.6963
5231.104 -4054.3462 15462.832
6479.9819 -3579.5562 14550.9756
7499.2783 -3023.03 13346.7842
8254.1338 -2429.2419 11943.1836
8713.2979 -1852.282 10442.7842
8904.416 -1327.0081 8948.1924
8882.7803 -878.662 7523.2959
8713.2979 -526.476 6235.856
-4532.7422 -2666.0361 11943.1836
-3979.822 -2892.012 13395.1836
-3138.4221 -3078.322 14810.4004
-2013.3501 -3200.926 16053.3115
-638.262 -3230.9761 17030.9922
903.904 -3156.4521 17633.0879
2516.988 -2982.1621 17824.752
4118.0522 -2711.7122 17578.8809
5607.3301 -2346.304 16909.0234
6930.7319 -1913.584 15840.3516
7999.3101 -1430.38 14448.3682
8757.7725 -941.166 12826.0
9183.2803 -483.204 11101.0244
9308.2881 -94.958 9403.1523
9196.502 201.936 7811.7598
8936.8701 400.266 6392.6719
-4636.1143 -1498.894 12547.2158
-4045.9321 -1519.328 14128.9277
-3139.624 -1492.884 15669.9844
-1937.624 -1406.34 17013.5684
-473.588 -1254.8881 18053.1992
1141.9 -1034.922 18676.5918
2846.3359 -726.008 18829.5352
4511.106 -384.64 18513.9687
6052.0703 -19.232 17741.5039
7398.3101 361.802 16529.5684
8451.2617 718.796 14973.0234
9160.4424 1037.326 13174.4795
9504.2139 1283.7361 11275.2637
9528.2539 1441.198 9443.8076
9320.3086 1509.712 7765.2959
8976.5361 1495.2881 6309.4238
-4547.166 -216.36 12822.1279
-3917.3181 -1.202 14417.3916
-2964.1321 282.47 15960.3838
-1708.042 616.626 17296.2246
-201.936 998.862 18301.0078
1458.026 1420.764 18881.8086
3178.0881 1861.8981 18978.6074
4842.8579 2250.144 18591.4082
6359.7822 2589.1082 17741.5039
7667.5581 2872.78 16448.2559
8668.8242 3068.7061 14804.5918
9303.4805 3167.27 12928.6084
9561.9102 3160.0581 10977.1201
9501.8105 3054.282 9118.5596
9214.5322 2863.1641 7436.1758
8804.6504 2613.1479 5986.1118
-4223.8281 1022.902 12767.9199
-3501.426 1488.076 14283.8076
-2467.7061 2037.39 15706.7676
-1159.9301 2643.198 16881.9199
375.024 3268.238 17722.1445
2014.552 3872.844 18136.4473
3679.322 4424.562 18089.9844
5270.77 4877.7163 17582.752
6690.332 5209.4683 16637.9844
7868.292 5406.5962 15292.4639
8722.9141 5440.252 13639.1201
9213.3301 5317.6479 11801.8555
9344.3486 5049.6021 9945.2324
9182.0781 4670.9722 8212.5117
8827.4883 4214.2119 6663.7119
8385.1523 3724.998 5354.9761
-3704.564 2087.874 12409.7598
-2896.8201 2718.9241 13724.3037
-1803.0 3452.144 14903.3281
-468.78 4238.252 15828.7363
1038.5281 5031.5723 16409.5352
2616.7542 5770.8022 16601.1992
4172.1421 6410.2661 16376.624
5628.9663 6911.5 15745.4883
6894.6724 7240.8481 14744.5762
7906.7563 7374.27 13406.7998
8588.29 7297.3423 11830.8955
8914.0322 7022.084 10138.832
8909.2246 6571.334 8477.7441
8659.208 5993.1719 6963.792
8252.9326 5334.4761 5633.7598
7791.3643 4649.3359 4518.624
-3057.8879 2892.012 11887.04
-2133.55 3628.8381 12965.3916
-949.58 4478.6519 13861.7598
415.892 5374.1421 14461.9199
1897.958 6260.0161 14721.3438
3383.6301 7077.376 14618.7363
4809.2021 7769.728 14152.1602
6085.7261 8296.2041 13352.5918
7139.8804 8619.542 12256.8164
7913.9683 8724.1162 10913.2324
8355.1025 8590.6943 9432.1924
8463.2822 8231.2959 7933.728
8282.9824 7671.1641 6534.0
7918.7764 6967.9941 5312.3838
7469.228 6187.896 4288.2397
7012.4683 5388.5659 3444.144
-2353.5161 3419.6899 11284.9443
-1337.826 4162.5259 12115.4883
-91.352 5009.936 12711.7764
1289.746 5907.8301 12996.3682
2723.7319 6804.522 12942.1602
4113.2441 7637.5083 12564.6396
5388.5659 8355.1025 11881.2324
6482.3862 8889.9922 10920.9756
7333.4023 9233.7646 9745.8242
7880.312 9345.5498 8406.1123
8089.46 9221.7441 7018.0
7982.4819 8864.75 5693.7759
7630.2959 8291.3965 4545.728
7155.5063 7559.3779 3622.2559
6645.8579 6731.2002 2890.448
6174.6743 5862.1543 2315.4561
-1668.376 3716.584 10721.5684
-528.88 4464.228 11350.7676
796.926 5271.9722 11681.8242
2205.6699 6125.3921 11666.3359
3606.0 6983.6201 11312.0479
4899.3521 7778.1421 10657.6797
6028.0303 8463.2822 9741.9521
6935.54 8989.7578 8611.3281
7560.5801 9326.3184 7331.6318
7865.8882 9452.5283 5964.8159
7829.8281 9353.9639 4628.9761
7484.854 9025.8184 3446.0801
6935.54 8481.3125 2522.6079
6322.52 7773.334 1864.368
5746.7622 6952.3682 1421.024
5262.356 6096.5439 1117.072
-1024.104 3863.228 10220.1436
183.906 4503.894 10671.2324
1573.418 5231.104 10789.3281
2995.384 6001.5859 10537.6475
4358.4521 6784.0879 9943.2959
5574.876 7523.3184 9060.4795
6582.1523 8161.5801 7947.2798
7330.998 8670.0264 6667.584
7776.9399 9010.1924 5293.0239
7885.1201 9165.25 3875.8721
7632.7002 9117.1699 2561.3279
7078.5781 8852.7305 1477.168
6344.1562 8381.5459 712.448
5594.1079 7739.6782 271.04
4930.604 6971.6001 60.016
4399.3203 6136.21 -13.552
-459.164 3923.3281 9819.3916
846.208 4503.894 10144.6396
2299.426 5142.1562 10090.4316
3753.8459 5827.2959 9633.5361
5094.0762 6512.436 8820.416
6231.168 7161.5161 7730.4478
7121.8501 7733.668 6439.1357
7726.4561 8195.2363 5016.1758
8001.7144 8517.3721 3527.3921
7917.5742 8685.6523 2048.2881
7456.0063 8673.6318 722.128
6685.5239 8459.6758 -311.696
5758.7822 8048.5923 -950.576
4866.8979 7476.4399 -1221.616
4110.8398 6769.6641 -1229.36
3539.8901 5996.7783 -1101.584
27.646 3949.772 9476.7197
1370.28 4423.3599 9707.1035
2864.366 4957.0479 9536.7363
4332.0083 5524.3921 8940.4482
5665.0259 6109.7661 7966.6401
6755.2402 6669.8979 6729.5361
7573.8022 7173.5361 5298.832
8076.2383 7594.2363 3750.032
8227.6904 7905.5542 2162.512
7995.7041 8087.0562 607.904
7367.0581 8115.9043 -762.784
6417.478 7964.4521 -1786.928
5318.8501 7625.4883 -2359.9839
4280.3223 7121.8501 -2509.0559
3417.2861 6489.5981 -2363.856
2777.822 5773.2061 -2063.7759
445.942 3984.6301 9194.0635
1857.0901 4402.9263 9362.4961
3402.8621 4859.686 9099.2002
4886.1299 5328.4663 8386.752
6198.7144 5809.2661 7283.2319
7240.8481 6273.2383 5918.3521
7982.4819 6697.5439 4371.4878
8389.96 7064.1543 2712.3359
8429.626 7345.4224 1020.272
8054.6021 7523.3184 -621.456
7258.8779 7558.1763 -2038.608
6132.604 7423.5522 -3060.8159
4871.7061 7125.4561 -3579.6641
3700.958 6674.7061 -3628.064
2750.176 6101.3521 -3355.0879
2066.238 5464.292 -2919.488
-961.6 -4205.7979 4303.728
-649.08 -4410.1382 4514.752
-282.47 -4585.6299 4698.6719
125.008 -4721.4561 4845.8081
575.758 -4810.4043 4948.416
1050.548 -4845.2622 4996.8159
1543.368 -4817.6162 4991.0078
2036.188 -4731.0723 4925.1841
2512.1799 -4582.0239 4801.2798
2966.5361 -4382.4922 4623.168
3381.2261 -4134.8799 4396.6558
3751.4421 -3846.4001 4127.5518
4072.376 -3526.668 3823.6001
4340.4219 -3188.906 3494.48
4560.3882 -2835.5181 3147.936
4728.668 -2482.1301 2787.8401
-1180.364 -4329.604 4836.1279
-837.794 -4565.1963 5101.3599
-433.922 -4764.728 5329.8081
22.838 -4922.1899 5515.6641
524.072 -5026.7642 5643.4399
1061.366 -5067.6323 5713.1357
1615.488 -5039.9863 5711.2002
2169.6101 -4940.2202 5633.7598
2704.5 -4780.354 5488.5601
3209.3401 -4556.7822 5275.6001
3666.1001 -4280.3223 5002.624
4069.9722 -3961.792 4683.1841
4413.7441 -3608.4041 4321.1519
4695.0122 -3239.3901 3932.0159
4914.978 -2865.5681 3525.4561
5078.4502 -2500.1602 3113.0879
-1427.9761 -4419.7539 5424.6719
-1063.77 -4680.5879 5751.856
-625.04 -4910.1699 6042.2559
-123.806 -5090.4702 6278.4478
438.73 -5213.0742 6450.752
1042.134 -5267.1641 6545.6157
1664.77 -5243.124 6551.4238
2291.012 -5142.1562 6472.0479
2892.012 -4964.2603 6299.7441
3460.5581 -4715.4463 6051.936
3969.0042 -4411.3398 5724.752
4412.542 -4061.5581 5341.4238
4779.1519 -3678.1201 4909.6958
5073.6421 -3279.0562 4448.9277
5298.416 -2870.376 3968.8
5458.2822 -2473.7161 3480.928
-1708.042 -4457.0161 6100.3359
-1308.978 -4744.2939 6503.0239
-826.976 -4995.5122 6857.312
-265.642 -5195.0439 7151.584
365.408 -5330.8701 7366.48
1044.538 -5388.5659 7488.4478
1748.91 -5360.9199 7500.064
2454.4841 -5241.9219 7403.2642
3126.4021 -5048.3999 7201.9199
3755.0481 -4775.5459 6899.9038
4315.1802 -4436.582 6504.96
4793.5762 -4054.3462 6042.2559
5184.2261 -3631.2422 5521.4722
5481.1201 -3205.7341 4977.4561
5696.2783 -2783.832 4414.0801
5838.1143 -2383.5662 3856.512
-2002.532 -4405.3301 6806.9761
-1584.2361 -4710.6382 7294.8481
-1061.366 -4984.6938 7742.064
-447.144 -5203.458 8115.7119
253.622 -5352.5059 8392.5596
1013.286 -5418.6162 8557.1201
1806.6061 -5389.7681 8584.2236
2598.7241 -5265.9619 8477.7441
3355.9841 -5050.8042 8241.5518
4060.356 -4752.708 7881.4561
4678.1841 -4390.9062 7412.9438
5198.6499 -3977.418 6857.312
5610.936 -3533.8801 6239.728
5915.042 -3077.1201 5587.2959
6119.3823 -2633.582 4921.312
6243.188 -2208.074 4265.0078
-2313.8501 -4251.4741 7579.4399
-1861.8981 -4571.2061 8177.6641
-1290.948 -4851.272 8719.7441
-609.414 -5074.8442 9176.6396
173.088 -5228.7002 9517.376
1024.104 -5290.002 9718.7197
1911.1801 -5249.1343 9753.5684
2800.6602 -5106.0962 9629.6641
3640.8582 -4870.5039 9343.1357
4413.7441 -4548.3682 8909.4717
5084.46 -4158.9199 8346.0957
5637.3799 -3711.7761 7678.1758
6061.686 -3245.4001 6942.4961
6354.9741 -2787.438 6175.8398
6538.8799 -2342.698 5401.4399
6626.626 -1940.0281 4652.208
-2627.572 -3958.186 8371.2637
-2159.9941 -4267.1001 9083.7119
-1548.176 -4543.5601 9747.7598
-808.946 -4762.3242 10309.2002
55.292 -4906.564 10738.9922
998.862 -4957.0479 10994.5439
1988.108 -4905.3623 11056.4961
2977.354 -4747.8999 10915.168
3911.3081 -4496.6821 10576.3682
4764.728 -4161.3242 10059.4561
5494.3423 -3757.4521 9379.9199
6084.5239 -3300.6921 8586.1602
6518.4463 -2829.5081 7711.0879
6800.916 -2371.5461 6806.9761
6953.5703 -1940.0281 5902.8638
7002.8521 -1551.782 5033.6001
-2914.8501 -3503.8301 9170.832
-2416.02 -3783.896 10012.9922
-1756.1221 -4027.9021 10793.2002
-943.57 -4214.2119 11461.1201
1.202 -4325.998 11968.3516
1045.74 -4344.0283 12268.4316
2134.752 -4268.3022 12343.9355
3215.3501 -4094.012 12173.5684
4232.2422 -3828.3701 11770.8799
5155.3779 -3474.9822 11151.3604
5928.2642 -3062.696 10342.1123
6534.0723 -2620.3601 9403.1523
6963.186 -2172.0142 8380.9443
7218.0103 -1748.91 7341.312
7330.998 -1364.27 6315.2319
7328.5942 -1037.326 5345.2959
-3157.6541 -2882.396 9892.96
-2644.4001 -3092.7461 10855.1523
-1946.0381 -3273.0461 11763.1357
-1079.396 -3399.2561 12539.4717
-51.686 -3455.75 13137.6963
1076.9921 -3423.2961 13493.9199
2256.1541 -3310.3081 13581.04
3424.498 -3117.988 13391.3115
4520.7222 -2842.73 12918.9277
5505.1602 -2500.1602 12198.7363
6320.1162 -2114.3181 11263.6475
6943.9541 -1709.244 10173.6797
7362.25 -1308.978 9002.4004
7599.0439 -936.358 7815.6318
7659.144 -626.242 6657.9038
7600.2461 -375.024 5579.5518
-3305.5 -2089.0759 10512.4795
-2758.5901 -2199.6602 11583.0879
-2014.552 -2274.1841 12585.9355
-1083.0021 -2301.8301 13447.4561
14.424 -2271.78 14105.6963
1218.828 -2172.0142 14492.8955
2465.302 -2007.3401 14570.3359
3709.3721 -1765.738 14332.208
4859.686 -1480.864 13780.4482
5880.1841 -1157.526 12949.9043
6710.7661 -820.966 11888.9756
7324.9883 -489.214 10663.4883
7702.416 -188.714 9354.752
7870.6963 62.504 8049.8882
7870.6963 253.622 6801.168
7752.8999 378.63 5668.6079
-3349.9741 -1176.7581 10944.208
-2781.428 -1151.516 12069.0244
-1997.724 -1089.012 13135.7598
-1022.902 -986.842 14037.9355
122.604 -841.4 14725.2158
1371.4821 -650.282 15108.5439
2668.4399 -413.488 15166.624
3942.5601 -138.23 14878.1602
5121.7222 147.846 14270.2559
6153.0381 436.326 13356.4639
6975.2061 697.16 12196.7998
7558.1763 923.136 10868.7041
7891.1304 1093.8201 9467.04
8005.3203 1200.798 8082.7998
7942.8159 1244.0701 6777.936
7764.9199 1228.444 5593.104
-3241.7939 -164.674 11162.9756
-2627.572 13.222 12299.4082
-1799.394 241.602 13354.5283
-777.694 508.446 14237.3438
413.488 817.36 14880.0957
1698.426 1147.91 15211.1523
3007.4041 1476.056 15199.5361
4276.7163 1780.162 14841.376
5424.626 2054.218 14154.0957
6411.4683 2277.79 13164.7998
7172.334 2432.8481 11943.1836
7681.9819 2516.988 10560.8799
7940.4121 2520.594 9128.2402
7977.6743 2450.8779 7740.1279
7851.4644 2313.8501 6444.9438
7625.4883 2122.7319 5298.832
-3008.606 760.866 11132.0
-2353.5161 1083.0021 12200.6719
-1485.672 1465.238 13172.5439
-441.134 1881.13 13964.3682
759.664 2323.4661 14504.5117
2034.9861 2763.3979 14738.7676
3317.52 3167.27 14638.0957
4541.1562 3519.4561 14208.3037
5630.168 3783.896 13462.9443
6541.2842 3960.5901 12436.8643
7219.2119 4024.2961 11199.7598
7642.3159 3984.6301 9836.8164
7817.8081 3836.7842 8448.7041
7785.354 3604.7981 7116.7358
7601.4482 3306.7021 5895.1201
7335.8062 2961.728 4814.832
-2625.168 1645.5381 10886.1279
-1894.3521 2105.9041 11844.4482
-970.014 2623.9661 12669.1836
104.574 3170.876 13294.5117
1299.3621 3731.0081 13664.2881
2539.8259 4258.686 13733.9844
3756.25 4723.8599 13499.7275
4886.1299 5095.2783 12955.7119
5858.5483 5352.5059 12150.3359
6639.8481 5479.918 11095.2158
7181.9502 5465.4941 9887.1523
7476.4399 5311.6382 8595.8398
7540.146 5031.5723 7323.8882
7423.5522 4650.5381 6129.376
7181.9502 4196.1821 5049.0879
6888.6621 3712.978 4121.7441
-2168.408 2317.4561 10506.6719
-1385.906 2841.5281 11294.624
-424.306 3431.71 11941.248
664.706 4054.3462 12372.9756
1840.2621 4682.9922 12551.0879
3021.8281 5267.1641 12450.416
4155.314 5770.8022 12067.0879
5173.4082 6165.0581 11418.5283
6020.8179 6425.8921 10553.1357
6657.8779 6542.4863 9498.0156
7054.5381 6483.5879 8338.3516
7209.5962 6269.6323 7149.6479
7157.9102 5912.6382 6011.2798
6957.1763 5446.2622 4981.3281
6667.4941 4905.3623 4081.0879
6342.9541 4321.1899 3308.624
-1623.902 2877.5881 10028.4795
-765.674 3442.5281 10653.8076
242.804 4062.76 11097.1523
1346.24 4711.8398 11308.1758
2494.1501 5360.9199 11259.7764
3609.606 5958.314 10950.0156
4631.3062 6472.77 10396.3203
5515.978 6874.2383 9623.8555
6202.3203 7129.062 8682.96
6663.8882 7222.8184 7614.2881
6883.854 7144.688 6510.7681
6877.8442 6897.0762 5432.416
6689.1299 6501.6182 4460.5439
6391.0342 5989.5659 3628.064
6040.0503 5389.7681 2931.104
5693.874 4750.3042 2363.856
-1105.84 3208.1379 9550.2881
-193.522 3761.0581 10014.9277
852.218 4368.0679 10272.416
1960.462 4996.7139 10285.9678
3078.322 5630.168 10040.0957
4125.2642 6216.7441 9550.2881
5054.4102 6722.7861 8843.6484
5812.8721 7121.8501 7953.0879
6354.9741 7375.4722 6944.4321
6660.2822 7477.6421 5858.3359
6714.3721 7409.1279 4785.792
6548.4961 7175.9399 3796.4961
6227.562 6786.4922 2964.0159
5826.0942 6274.4399 2301.9041
5405.394 5665.0259 1792.736
5018.3501 5005.1279 1403.6
-593.788 3429.3062 9099.2002
384.64 3953.3782 9432.1924
1476.056 4524.3281 9527.0557
2592.7141 5113.3081 9356.6875
3681.7261 5703.4902 8924.96
4667.3662 6256.4102 8260.9121
5495.5439 6734.8062 7401.3281
6122.9883 7107.4263 6398.48
6516.042 7357.4419 5318.1919
6659.0801 7458.4102 4199.1841
6547.2939 7403.1182 3149.8721
6222.7539 7186.7583 2236.0801
5759.9839 6815.3403 1521.696
5252.7402 6320.1162 1016.4
4767.1323 5731.1362 681.472
4348.8359 5084.46 468.512
-129.816 3550.708 8682.96
885.874 4017.084 8905.5996
2004.936 4524.3281 8864.9443
3130.0081 5054.4102 8547.4404
4196.1821 5582.0879 7956.96
5131.3379 6077.312 7143.8398
5882.5879 6513.6382 6154.5439
6406.6602 6865.8242 5041.3437
6675.9082 7102.6182 3875.8721
6677.1104 7213.2021 2716.208
6415.0742 7184.354 1663.024
5940.2842 7002.8521 791.824
5339.2842 6674.7061 164.56
4716.6479 6220.3501 -218.768
4142.0923 5666.228 -408.496
3663.696 5043.5923 -466.576
294.49 3634.8481 8318.9922
1359.462 4051.9421 8452.5762
2508.574 4499.0859 8305.4404
3643.262 4961.856 7864.0317
4690.2041 5428.2319 7143.8398
5568.8662 5864.5581 6204.8799
6239.582 6252.8042 5103.2959
6666.292 6567.728 3895.2319
6818.9463 6788.896 2660.064
6689.1299 6895.874 1453.936
6286.46 6875.4399 393.008
5668.6323 6711.9683 -447.216
4942.624 6417.478 -1000.912
4214.2119 5996.7783 -1285.504
3566.334 5478.7163 -1353.264
3044.666 4894.5439 -1281.632
657.494 3685.332 7982.1279
1736.89 4038.72 8051.8237
2902.8301 4416.1479 7827.248
4039.9221 4806.7979 7296.7842
5071.2383 5195.0439 6481.728
5923.4561 5565.2603 5442.0962
6542.4863 5895.8101 4241.7759
6899.48 6171.0679 2942.72
6965.5903 6370.6001 1632.048
6725.1899 6471.5684 365.904
6201.1182 6463.1543 -729.872
5454.6763 6328.5303 -1570.0959
4596.4482 6064.0903 -2088.9441
3756.25 5691.4702 -2298.032
3017.02 5216.6802 -2267.0559
2424.4341 4670.9722 -2081.2
-746.442 -3699.7561 4139.168
-453.154 -3863.228 4326.96
-117.796 -4001.458 4489.584
251.218 -4102.4263 4611.5518
653.888 -4166.1318 4698.6719
1075.79 -4184.1621 4733.52
1512.116 -4154.1123 4721.9038
1947.24 -4074.78 4654.144
2369.1421 -3948.5701 4537.9839
2770.6101 -3776.6841 4371.4878
3139.624 -3566.334 4158.5278
3472.5781 -3319.9241 3906.8479
3765.866 -3047.0701 3626.1279
4009.8721 -2760.9941 3318.304
4211.8081 -2466.5042 2993.0559
4371.6743 -2173.2161 2660.064
-925.54 -3786.3 4623.168
-613.02 -3966.6001 4853.5518
-250.016 -4121.6582 5052.96
156.26 -4240.6562 5213.6479
601.0 -4316.3818 5320.1279
1073.386 -4342.8262 5374.3359
1560.196 -4312.7759 5366.5918
2045.8041 -4227.4341 5291.0879
2515.7861 -4091.6082 5155.5679
2961.728 -3902.894 4958.0962
3369.2061 -3674.5142 4710.2881
3731.0081 -3411.2761 4416.0161
4042.3262 -3116.7861 4083.0239
4303.1602 -2809.074 3724.864
4512.3081 -2491.7461 3347.344
4670.9722 -2174.418 2958.208
-1116.6581 -3822.3601 5149.7598
-777.694 -4023.094 5430.48
-378.63 -4192.5762 5676.3521
67.312 -4324.7959 5869.9521
564.94 -4407.7339 6009.3437
1091.416 -4431.7739 6077.104
1633.5181 -4399.3203 6073.2319
2174.418 -4307.9683 5989.9839
2694.884 -4160.1221 5833.168
3185.3 -3956.9841 5600.8481
3631.2422 -3704.564 5306.5762
4023.094 -3416.084 4958.0962
4356.0479 -3098.7561 4568.96
4622.8921 -2774.2161 4152.7202
4832.04 -2446.0701 3715.1841
4987.0981 -2122.7319 3273.7759
-1327.0081 -3805.532 5722.8159
-966.408 -4019.488 6061.6162
-537.294 -4202.1919 6359.7598
-46.878 -4346.4321 6605.6318
500.032 -4440.188 6781.8081
1083.0021 -4471.4399 6874.7358
1686.406 -4440.188 6878.6079
2288.6082 -4339.2202 6787.6157
2867.9722 -4178.1519 6603.6958
3412.478 -3959.3882 6334.5918
3899.2881 -3691.342 5988.0479
4321.1899 -3386.0342 5575.6802
4670.9722 -3053.0801 5118.7842
4948.6343 -2708.106 4628.9761
5156.5801 -2363.1321 4117.8721
5303.2241 -2026.572 3606.7681
-1544.5701 -3712.978 6334.5918
-1156.324 -3934.146 6741.1519
-686.342 -4127.668 7105.1201
-149.048 -4275.5142 7401.3281
456.76 -4369.27 7616.2241
1105.84 -4395.7139 7730.4478
1775.354 -4358.4521 7740.1279
2441.262 -4250.272 7633.6479
3078.322 -4073.5781 7416.8159
3673.312 -3836.7842 7099.312
4199.7881 -3548.304 6690.8159
4654.144 -3217.7542 6208.752
5017.1479 -2870.376 5670.5439
5293.6079 -2519.3921 5101.3599
5494.3423 -2170.812 4518.624
5630.168 -1841.464 3941.696
-1770.546 -3521.8601 6975.4082
-1361.866 -3745.4321 7459.4082
-860.632 -3935.3481 7895.0078
-274.056 -4085.5981 8257.04
385.842 -4176.9502 8520.3359
1099.8301 -4203.394 8669.4082
1840.2621 -4157.7183 8686.832
2578.29 -4039.9221 8568.7363
3277.854 -3856.0161 8320.9277
3929.3381 -3608.4041 7947.2798
4500.2881 -3309.106 7467.1519
4979.8862 -2973.748 6899.9038
5357.314 -2619.158 6270.7041
5632.5723 -2269.376 5608.5918
5821.2861 -1921.998 4932.9277
5936.6782 -1595.0541 4270.8159
-1982.098 -3229.7742 7620.0962
-1545.772 -3436.5181 8191.2158
-1001.266 -3615.616 8706.1924
-364.206 -3744.23 9130.1758
361.802 -3822.3601 9445.7441
1141.9 -3833.178 9619.9844
1952.0481 -3774.28 9645.1523
2757.3879 -3640.8582 9507.6963
3520.658 -3436.5181 9211.4883
4221.4243 -3169.6741 8772.0156
4826.0303 -2865.5681 8206.7041
5323.6582 -2530.21 7546.5278
5705.894 -2182.832 6822.4639
5975.1421 -1843.868 6067.4238
6145.8262 -1520.53 5306.5762
6229.9663 -1229.646 4567.0239
-2174.418 -2804.2661 8251.2324
-1720.062 -2979.7581 8899.792
-1145.506 -3127.604 9494.1436
-461.568 -3230.9761 9995.5684
319.732 -3280.2581 10363.4082
1167.142 -3267.0361 10574.4316
2045.8041 -3188.906 10607.3438
2916.052 -3047.0701 10450.5283
3737.0181 -2840.3262 10113.6641
4487.0659 -2577.0881 9600.624
5125.3281 -2283.8 8946.2559
5640.9863 -1960.462 8185.4077
6026.8281 -1631.114 7358.7358
6280.4502 -1324.604 6501.0879
6422.2861 -1040.932 5645.376
6473.9722 -790.916 4816.7681
-2315.052 -2263.366 8812.6719
-1833.05 -2382.364 9546.416
-1217.626 -2474.918 10216.2715
-488.012 -2527.8062 10771.9043
354.59 -2530.21 11188.1436
1258.494 -2477.322 11420.4639
2198.458 -2365.5361 11445.6318
3122.7961 -2197.2561 11255.9043
3989.438 -1982.098 10862.8955
4773.1421 -1726.072 10278.2236
5434.2422 -1446.006 9536.7363
5957.1123 -1151.516 8677.1523
6323.7222 -875.056 7747.8721
6549.6982 -623.838 6803.104
6653.0703 -406.276 5866.0801
6665.0903 -231.986 4977.4561
-2399.1921 -1598.66 9275.376
-1899.16 -1645.5381 10063.3281
-1254.8881 -1665.972 10789.3281
-485.608 -1647.942 11395.2959
397.862 -1590.246 11840.5762
1351.048 -1489.2781 12084.5117
2333.082 -1343.8361 12100.0
3299.49 -1164.738 11883.168
4200.9902 -944.772 11437.8877
5013.542 -697.16 10787.3916
5680.6523 -455.558 9964.5918
6195.1079 -217.562 9021.7598
6541.2842 -8.414 8007.2959
6731.2002 164.674 6981.2158
6796.1079 296.894 5976.4321
6763.6543 383.438 5033.6001
-2393.1821 -864.238 9596.752
-1863.1 -814.956 10417.6162
-1182.7681 -736.826 11172.6563
-377.428 -631.05 11790.2402
551.718 -466.376 12239.3916
1545.772 -277.662 12463.9678
2562.6641 -70.918 12446.5439
3550.708 146.644 12183.248
4460.6221 365.408 11681.8242
5259.9521 580.566 10965.5039
5904.2241 770.482 10073.0078
6382.6201 929.146 9062.416
6684.3223 1043.3361 7989.8721
6826.1582 1108.244 6919.2642
6842.9863 1126.274 5889.312
6768.4619 1101.032 4938.7358
-2303.032 -75.726 9741.9521
-1747.708 72.12 10555.0723
-1042.134 256.026 11290.752
-207.946 463.972 11885.1035
734.422 697.16 12295.5361
1740.496 947.176 12483.3281
2774.2161 1240.464 12429.1201
3755.0481 1478.4601 12117.4238
4645.73 1691.214 11571.4717
5416.2119 1867.9081 10804.8164
6023.2222 1992.916 9879.4082
6454.7402 2067.4399 8833.9678
6705.958 2079.46 7740.1279
6800.916 2031.38 6665.6479
6769.6641 1934.0181 5639.5679
6654.272 1792.182 4696.7358
-2097.49 701.968 9722.5918
-1495.2881 962.802 10495.0557
-751.25 1259.696 11168.7842
106.978 1579.428 11691.5039
1066.1741 1913.584 12024.4961
2065.0361 2238.124 12130.9756
3065.1001 2544.634 11991.584
4009.8721 2809.074 11608.2559
4847.666 3014.616 11006.1602
5550.8359 3161.26 10200.7842
6085.7261 3226.168 9250.208
6439.1143 3211.7441 8210.5762
6618.2119 3117.988 7147.7119
6650.666 2954.5161 6117.7598
6568.9302 2735.752 5147.8237
6415.0742 2477.322 4272.752
-1807.808 1405.1381 9532.8643
-1175.556 1742.9 10220.1436
-409.882 2117.9241 10793.2002
460.366 2515.7861 11211.376
1408.744 2918.4561 11441.7598
2384.7681 3301.894 11445.6318
3340.3582 3643.262 11217.1836
4226.2319 3924.53 10768.0322
4991.9062 4127.668 10121.4082
5614.542 4238.252 9300.5439
6062.8882 4250.272 8361.584
6332.1362 4167.334 7362.6079
6435.5083 3991.842 6359.7598
6405.458 3735.8162 5405.312
6275.6421 3422.094 4520.5601
6088.1299 3063.8979 3730.6719
-1452.016 1995.3201 9238.5918
-772.886 2395.5859 9815.5195
28.848 2831.9121 10268.5439
912.318 3282.6621 10551.2002
1849.8781 3735.8162 10634.4482
2788.6401 4158.9199 10506.6719
3685.332 4531.54 10164.0
4487.0659 4824.8281 9625.792
5152.9741 5020.7539 8921.0879
5666.228 5114.5103 8078.9277
5997.98 5088.0659 7161.2642
6157.8462 4949.8359 6218.4321
6166.2603 4709.436 5304.6401
6060.4839 4386.0981 4464.416
5878.9819 3994.2461 3705.5039
5657.814 3561.5261 3043.3921
-1052.952 2464.1001 8859.1357
-343.772 2879.9919 9314.0957
477.194 3339.156 9631.5996
1363.068 3811.542 9772.9277
2278.9919 4280.3223 9714.8477
3173.28 4722.6582 9457.3604
3996.6501 5100.0859 9006.2715
4710.6382 5396.98 8384.8164
5276.7803 5591.7041 7633.6479
5675.8442 5673.4399 6779.8721
5892.2041 5632.5723 5893.1841
5943.8901 5470.3022 5014.2397
5856.144 5201.0542 4195.312
5674.6421 4836.8481 3473.1841
5436.646 4400.522 2840.1121
5183.0239 3916.116 2303.8401
-647.878 2798.2561 8458.3838
112.988 3228.572 8801.0557
961.6 3687.7361 8983.04
1852.282 4161.3242 8973.3604
2750.176 4632.5083 8772.0156
3593.98 5064.0259 8373.2002
4342.8262 5439.0503 7802.0801
4958.25 5731.1362 7089.6318
5409.0 5916.2441 6276.5122
5679.4502 5990.7681 5407.248
5770.8022 5942.688 4539.9199
5699.8843 5773.2061 3720.9919
5505.1602 5484.7261 3002.7361
5238.3159 5104.894 2396.7681
4941.4219 4649.3359 1901.152
4652.9419 4144.4961 1506.208
-244.006 3036.252 8047.9521
539.698 3440.124 8288.0156
1408.744 3878.854 8349.9678
2294.6179 4322.3921 8216.3838
3168.4722 4765.9302 7881.4561
3966.6001 5179.418 7362.6079
4648.1343 5532.8062 6686.9438
5175.812 5811.6699 5893.1841
5523.1899 5994.374 5031.6641
5681.854 6068.8979 4135.2959
5654.208 6024.4243 3279.584
5469.1001 5860.9521 2512.928
5173.4082 5584.4922 1874.048
4821.2222 5210.6699 1374.5599
4460.6221 4759.9199 998.976
4124.062 4249.0703 726.0
134.624 3198.522 7668.4961
957.994 3578.354 7815.6318
1846.272 3983.428 7771.104
2738.156 4394.5122 7521.3599
3589.1721 4800.7881 7066.3999
4340.4219 5180.6201 6433.3281
4952.2402 5508.7661 5655.0562
5389.7681 5764.792 4778.0479
5633.7739 5931.8701 3854.5759
5677.0459 6000.3843 2933.04
5531.604 5959.5161 2079.2639
5227.498 5803.2563 1349.392
4824.8281 5540.0181 778.272
4388.502 5179.418 373.648
3960.5901 4737.082 108.416
3581.96 4243.0601 -46.464
482.002 3304.2981 7298.7197
1316.1901 3642.0601 7376.1602
2211.6799 4001.458 7252.2559
3099.958 4364.4619 6911.52
3935.3481 4726.2642 6359.7598
4646.9321 5060.4199 5635.6958
5204.6602 5353.708 4772.2397
5574.876 5586.896 3823.6001
5733.54 5741.9541 2847.856
5679.4502 5806.8623 1893.408
5430.6362 5773.2061 1035.76
5025.562 5633.7739 327.184
4525.5303 5390.9702 -193.6
4002.6602 5053.208 -528.528
3503.8301 4637.3159 -704.704
3073.5142 4160.1221 -756.976
793.32 3386.0342 6977.3437
1655.1541 3692.5439 6988.96
2566.27 4013.478 6791.4878
3450.9421 4330.8062 6373.312
4262.292 4643.3262 5738.3042
4937.8159 4937.8159 4932.9277
5440.252 5191.438 3995.9041
5737.146 5392.1719 2983.376
5814.0742 5525.5942 1955.36
5667.4302 5579.6841 968.0
5317.6479 5542.4219 102.608
4815.2119 5407.7983 -588.544
4220.2222 5175.812 -1072.5439
3616.8181 4856.0801 -1343.584
3056.686 4458.2183 -1436.512
2587.906 4013.478 -1401.6639
-563.738 -3271.844 3957.1841
-298.096 -3399.2561 4119.8081
4.808 -3506.2341 4261.1357
336.56 -3585.5662 4369.5518
695.958 -3628.8381 4437.312
1072.184 -3638.4541 4464.416
1459.228 -3607.2021 4446.9922
1846.272 -3533.8801 4381.168
2220.094 -3423.2961 4268.8799
2577.0881 -3277.854 4112.064
2906.436 -3099.958 3914.592
3205.7341 -2893.2141 3682.272
3470.1741 -2663.6321 3418.9761
3698.554 -2419.626 3136.3201
3886.0662 -2168.408 2834.304
4038.72 -1909.978 2518.7361
-698.362 -3304.2981 4379.2319
-407.478 -3446.134 4580.5762
-76.928 -3563.9302 4750.9438
288.48 -3649.272 4882.5918
682.736 -3699.7561 4971.6479
1098.6281 -3710.574 5008.4321
1525.338 -3676.918 4991.0078
1950.8461 -3599.99 4917.4399
2361.9299 -3482.1941 4789.6641
2753.782 -3321.126 4605.7441
3111.978 -3127.604 4377.2959
3436.5181 -2904.032 4108.1919
3714.1802 -2662.4299 3802.304
3947.3682 -2410.01 3475.1199
4138.4858 -2149.176 3128.5759
4291.1401 -1889.5441 2776.2239
-847.41 -3304.2981 4836.1279
-540.9 -3455.75 5076.1919
-185.108 -3583.1621 5285.2798
210.35 -3678.1201 5449.8398
645.474 -3735.8162 5562.1279
1103.436 -3750.24 5616.3359
1573.418 -3716.584 5602.7842
2043.4 -3636.05 5523.4082
2496.554 -3511.042 5378.208
2925.668 -3341.5601 5169.1201
3317.52 -3138.4221 4903.8882
3666.1001 -2901.6282 4592.1919
3964.196 -2643.198 4239.8398
4210.606 -2375.1521 3864.2559
4406.5322 -2103.5 3465.4399
4557.9839 -1829.4441 3056.9441
-1004.872 -3251.4102 5335.6162
-670.716 -3412.478 5622.144
-284.874 -3544.698 5868.0161
149.048 -3643.262 6065.4878
626.242 -3699.7561 6201.0078
1131.082 -3712.978 6268.7681
1649.144 -3674.5142 6255.2158
2163.6001 -3586.7681 6164.2241
2657.6221 -3452.144 5993.856
3125.2 -3269.4399 5751.856
3549.5061 -3049.4741 5444.0317
3917.3181 -2801.8621 5080.064
4226.2319 -2537.4221 4671.5679
4476.248 -2264.5681 4239.8398
4673.376 -1990.5121 3788.752
4816.4141 -1722.4661 3331.856
-1165.9401 -3139.624 5844.7842
-817.36 -3297.0862 6179.7119
-401.468 -3434.114 6481.728
66.11 -3532.678 6717.9199
585.374 -3590.374 6888.2881
1135.89 -3601.1921 6973.4722
1704.436 -3559.1221 6965.728
2270.5781 -3465.366 6866.9922
2811.478 -3323.53 6675.3281
3319.9241 -3137.22 6398.48
3773.0781 -2910.042 6042.2559
4169.7383 -2651.6121 5624.0801
4494.2783 -2379.96 5155.5679
4750.3042 -2102.2981 4656.0801
4943.8262 -1825.838 4141.104
5082.0562 -1552.984 3618.384
-1323.402 -2943.698 6382.9922
-945.974 -3098.7561 6776.0
-500.032 -3224.9661 7122.5439
9.616 -3318.7222 7397.4561
574.556 -3369.2061 7598.7998
1175.556 -3371.6101 7699.4722
1793.384 -3322.3281 7691.728
2410.01 -3220.158 7577.5039
2996.5859 -3065.1001 7354.8638
3541.092 -2865.5681 7031.5518
4023.094 -2633.582 6619.1841
4431.7739 -2375.1521 6135.1841
4764.728 -2105.9041 5598.9121
5020.7539 -1833.05 5033.6001
5204.6602 -1568.61 4454.7358
5326.062 -1323.402 3881.6799
-1472.4501 -2666.0361 6899.9038
-1080.598 -2804.2661 7350.9922
-605.808 -2916.052 7753.6802
-62.504 -2992.98 8078.9277
546.91 -3031.4441 8315.1201
1195.99 -3020.626 8437.0879
1866.7061 -2959.324 8437.0879
2531.4121 -2848.74 8305.4404
3161.26 -2692.48 8053.7598
3746.634 -2489.342 7687.856
4256.2822 -2258.5581 7217.4082
4682.9922 -2007.3401 6665.6479
5021.9561 -1747.708 6055.8081
5275.5781 -1488.076 5418.8638
5446.2622 -1241.666 4766.4321
5553.2402 -1014.488 4123.6802
-1591.448 -2285.002 7401.3281
-1173.152 -2395.5859 7910.4961
-665.908 -2479.7261 8363.5195
-82.938 -2532.614 8729.4238
567.344 -2544.634 8992.7197
1266.9081 -2510.978 9134.0479
1983.3 -2432.8481 9126.3037
2690.0759 -2311.446 8973.3604
3357.186 -2146.772 8679.0879
3967.802 -1944.8361 8253.168
4496.6821 -1720.062 7718.832
4934.21 -1480.864 7097.376
5271.9722 -1242.868 6417.8398
5508.7661 -1018.094 5717.0078
5661.4199 -811.35 5002.624
5739.5503 -632.252 4309.5361
-1681.598 -1828.2421 7833.0562
-1248.8781 -1894.3521 8386.752
-716.392 -1938.826 8886.2402
-102.17 -1952.0481 9292.7998
587.778 -1930.412 9581.2637
1325.806 -1869.11 9730.3359
2081.864 -1771.748 9724.5283
2824.7 -1635.922 9550.2881
3521.8601 -1470.046 9223.1035
4157.7183 -1277.7261 8746.8477
4702.2241 -1070.9821 8154.4321
5142.1562 -857.026 7465.2158
5471.5039 -655.09 6719.856
5692.6719 -467.578 5951.2642
5823.6899 -305.308 5180.7358
5880.1841 -168.28 4431.5039
-1717.6581 -1278.928 8193.1523
-1257.292 -1292.15 8783.6318
-699.564 -1281.332 9314.0957
-52.888 -1244.0701 9740.0156
673.12 -1171.9501 10040.0957
1444.8041 -1068.578 10183.3604
2232.114 -937.56 10158.1924
3005.0 -783.704 9952.9756
3724.998 -607.01 9581.2637
4369.27 -421.902 9058.5439
4912.5742 -240.4 8404.1758
5339.2842 -69.716 7656.8799
5644.5923 76.928 6855.376
5835.71 197.128 6034.5122
5933.0723 286.076 5225.2642
5952.3042 340.166 4454.7358
-1698.426 -687.544 8431.2803
-1226.04 -633.454 9033.376
-644.272 -557.728 9573.5195
25.242 -459.164 10003.3115
772.886 -335.358 10297.584
1565.004 -188.714 10427.2959
2372.748 -24.04 10376.96
3158.856 157.462 10144.6396
3884.864 331.752 9738.0801
4524.3281 495.224 9166.96
5050.8042 640.666 8471.9355
5458.2822 763.27 7682.0479
5738.3481 854.622 6837.9521
5898.2139 905.106 5989.9839
5961.9199 921.934 5159.4399
5949.8999 901.5 4367.6162
-1607.074 -48.08 8555.1836
-1102.234 80.534 9151.4717
-494.022 236.794 9674.1924
204.34 409.882 10080.752
971.216 604.606 10342.1123
1776.556 805.34 10433.1035
2587.906 1008.478 10338.2402
3366.802 1199.5961 10057.5195
4068.77 1370.28 9606.4316
4679.3862 1510.9141 8994.6563
5171.0039 1608.276 8264.7842
5532.8062 1667.1741 7449.728
5765.9941 1677.9921 6594.0161
5883.79 1644.3361 5744.1118
5906.6279 1569.812 4921.312
5860.9521 1458.026 4154.6558
-1454.42 551.718 8537.7598
-931.55 748.846 9093.3916
-304.106 968.812 9573.5195
401.468 1208.01 9927.8076
1175.556 1460.4301 10136.8955
1977.29 1709.244 10173.6797
2771.812 1943.634 10028.4795
3524.2642 2151.5801 9705.168
4193.7783 2318.658 9213.4238
4763.5259 2440.0601 8580.3516
5207.064 2500.1602 7834.9922
5520.7861 2503.7661 7018.0
5704.6919 2448.4741 6175.8398
5778.0142 2340.2939 5349.168
5762.3882 2186.438 4555.4082
5684.2583 1995.3201 3819.728
-1230.848 1157.526 8402.2402
-673.12 1415.9561 8905.5996
-24.04 1697.224 9310.2236
694.756 1992.916 9592.8799
1467.642 2294.6179 9718.7197
2254.9521 2581.896 9678.0635
3020.626 2841.5281 9461.2324
3727.4021 3054.282 9077.9043
4339.2202 3211.7441 8543.5684
4844.0601 3304.2981 7879.52
5216.6802 3324.7322 7134.1602
5460.686 3274.248 6338.4639
5580.8862 3154.0481 5536.96
5597.7139 2973.748 4762.5601
5537.6143 2740.5601 4032.688
5430.6362 2473.7161 3370.5759
-965.206 1647.942 8166.0479
-389.448 1943.634 8588.0957
275.258 2268.1741 8911.4082
997.66 2601.1279 9101.1357
1758.526 2938.8901 9137.9199
2516.988 3253.814 9012.0801
3240.592 3532.678 8721.6797
3892.0762 3755.0481 8278.3359
4441.3901 3911.3081 7709.1519
4875.312 3989.438 7031.5518
5174.6099 3983.428 6297.8081
5344.0923 3898.0862 5533.0879
5398.1821 3734.614 4783.856
5357.314 3502.6282 4073.344
5253.9419 3218.9561 3422.8479
5109.7021 2893.2141 2834.304
-655.09 2079.46 7862.0962
-45.676 2408.8081 8202.832
637.06 2759.792 8427.4082
1365.472 3115.584 8510.6563
2115.52 3467.77 8446.7676
2840.3262 3793.512 8218.3203
3509.8401 4077.1841 7840.7998
4094.012 4298.3521 7329.6958
4560.3882 4444.9961 6717.9199
4904.1602 4507.5 6026.7681
5109.7021 4478.6519 5302.7041
5191.438 4363.2603 4578.6401
5164.9941 4164.9302 3893.2959
5062.8242 3894.48 3267.968
4908.9683 3566.334 2708.4639
4734.6782 3200.926 2224.4639
-344.974 2393.1821 7525.2319
282.47 2722.53 7778.8481
977.226 3073.5142 7906.624
1699.6281 3435.3162 7893.0718
2429.2419 3788.7041 7724.6401
3117.988 4114.4463 7405.2002
3735.8162 4396.916 6948.3042
4253.8779 4615.6802 6375.248
4644.5283 4757.5161 5722.8159
4901.7559 4817.6162 5020.0479
5020.7539 4780.354 4305.6641
5015.9463 4655.3462 3620.3201
4914.978 4443.7939 2996.928
4746.6982 4158.9199 2449.04
4542.3579 3810.3401 1980.528
4328.4019 3416.084 1585.584
-19.232 2649.208 7165.1357
637.06 2979.7581 7341.312
1347.442 3324.7322 7380.0317
2066.238 3670.908 7267.7441
2774.2161 4009.8721 7000.5762
3424.498 4322.3921 6584.3359
3985.832 4589.2358 6046.1279
4428.168 4795.98 5409.1841
4731.0723 4923.3921 4718.0317
4896.9482 4972.6743 3993.968
4922.1899 4930.604 3293.136
4827.2319 4797.1821 2644.5759
4644.5283 4577.2163 2079.2639
4408.936 4283.9282 1612.688
4152.9102 3925.7322 1235.168
3906.5 3524.2642 940.896
283.672 2822.2961 6812.7842
950.782 3127.604 6913.4561
1664.77 3449.74 6870.8638
2381.1621 3774.28 6673.3921
3068.7061 4090.406 6317.168
3685.332 4378.8862 5819.6162
4193.7783 4625.2959 5205.9038
4573.6099 4817.6162 4508.9438
4805.5962 4940.2202 3775.2
4887.332 4984.6938 3031.7759
4824.8281 4942.624 2332.8799
4644.5283 4814.0103 1711.424
4380.0879 4601.2559 1196.448
4074.78 4315.1802 793.76
3761.0581 3961.792 497.552
3464.1641 3560.324 288.464
576.96 2959.324 6473.9839
1264.504 3246.6021 6516.5762
1984.5021 3543.4961 6402.3521
2694.884 3839.188 6125.5039
3363.196 4126.4663 5691.8398
3938.9541 4386.0981 5122.6558
4395.7139 4607.2661 4445.0562
4710.6382 4777.9502 3695.824
4868.1001 4883.7261 2921.4241
4869.3022 4918.584 2160.5759
4722.6582 4871.7061 1463.616
4459.4199 4743.0923 867.328
4120.4561 4533.9438 394.944
3749.0381 4252.6763 52.272
3382.428 3906.5 -172.304
3050.676 3517.052 -298.144
838.996 3051.8782 6142.9277
1526.54 3306.7021 6131.312
2247.74 3569.9402 5959.0078
2950.9102 3828.3701 5622.144
3598.7881 4080.79 5126.5278
4148.1021 4307.9683 4493.4561
4565.1963 4501.4902 3757.7759
4827.2319 4649.3359 2956.272
4920.9883 4739.4863 2145.0879
4850.0703 4765.9302 1359.072
4626.498 4719.0522 654.368
4287.5342 4596.4482 69.696
3871.6421 4399.3203 -371.712
3432.9121 4131.2739 -665.984
3006.2021 3799.522 -826.672
2623.9661 3419.6899 -882.816
-400.266 -2870.376 3757.7759
-153.856 -2972.5461 3902.9761
122.604 -3053.0801 4021.072
421.902 -3110.7761 4110.1279
744.038 -3140.8262 4164.3359
1078.194 -3142.0281 4181.7598
1419.562 -3108.3721 4158.5278
1763.334 -3042.262 4092.7039
2095.0859 -2942.4961 3986.2239
2411.2122 -2816.2861 3839.0879
2704.5 -2663.6321 3655.168
2971.344 -2489.342 3440.272
3209.3401 -2298.2241 3198.272
3413.6802 -2095.0859 2936.9119
3586.7681 -1882.332 2656.1919
3729.8062 -1667.1741 2367.728
-509.648 -2882.396 4137.2319
-246.41 -2990.5762 4305.6641
49.282 -3079.5242 4448.9277
375.024 -3143.23 4557.3437
724.806 -3178.0881 4628.9761
1091.416 -3180.4919 4654.144
1466.4401 -3148.0381 4632.8481
1840.2621 -3080.7261 4561.2158
2200.8621 -2979.7581 4439.248
2547.0381 -2846.3359 4274.688
2864.366 -2686.47 4065.6001
3154.0481 -2497.7561 3821.6641
3406.468 -2295.8201 3542.8799
3620.4241 -2084.2681 3244.7361
3799.522 -1863.1 2927.2319
3944.9641 -1639.5281 2596.176
-622.636 -2854.75 4537.9839
-338.964 -2970.1421 4741.2642
-16.828 -3062.696 4911.6318
335.358 -3128.8062 5041.3437
719.998 -3163.6641 5128.4639
1120.264 -3166.0681 5163.312
1530.146 -3128.8062 5140.0801
1938.826 -3054.282 5060.7041
2334.2839 -2944.9001 4927.1201
2706.9041 -2803.064 4733.52
3047.0701 -2633.582 4493.4561
3353.5801 -2441.262 4212.7358
3619.2222 -2232.114 3897.168
3841.592 -2013.3501 3558.3679
4025.498 -1788.576 3200.208
4169.7383 -1567.4081 2836.24
-739.23 -2780.2261 4958.0962
-439.932 -2896.8201 5196.2241
-97.362 -2992.98 5397.5679
283.672 -3061.4941 5558.2559
698.362 -3098.7561 5664.7358
1134.688 -3099.958 5713.1357
1580.63 -3062.696 5691.8398
2024.1681 -2985.7681 5604.7197
2450.8779 -2873.9819 5451.7759
2855.9521 -2728.54 5234.9438
3224.9661 -2548.24 4961.9678
3550.708 -2351.1121 4638.6558
3828.3701 -2138.3582 4278.5601
4056.75 -1917.1901 3895.2319
4241.8579 -1690.0121 3490.6079
4383.6938 -1464.036 3074.3679
-855.824 -2654.0161 5395.6318
-536.092 -2768.2061 5670.5439
-165.876 -2860.76 5908.6719
246.41 -2925.668 6092.5918
697.16 -2958.1221 6218.4321
1170.748 -2952.1121 6274.5762
1656.3561 -2906.436 6255.2158
2137.156 -2823.498 6154.5439
2596.3201 -2703.2981 5978.3682
3027.8381 -2548.24 5728.624
3418.488 -2364.334 5414.9922
3759.856 -2162.3979 5051.0239
4050.74 -1944.8361 4644.4639
4285.1299 -1723.6681 4210.7998
4467.834 -1503.702 3759.7119
4604.8623 -1290.948 3306.688
-967.61 -2459.292 5835.104
-631.05 -2566.27 6150.6719
-239.198 -2651.6121 6421.7119
201.936 -2710.51 6640.48
683.938 -2735.752 6791.4878
1192.384 -2724.9341 6857.312
1714.052 -2675.6521 6839.8882
2232.114 -2589.1082 6729.5361
2726.136 -2465.302 6532.064
3187.7041 -2309.042 6253.2798
3599.99 -2129.9441 5898.9922
3958.186 -1931.614 5486.624
4255.0801 -1718.86 5027.792
4490.6719 -1503.702 4537.9839
4672.1743 -1287.342 4034.624
4799.5859 -1086.608 3527.3921
-1066.1741 -2199.6602 6261.0239
-706.776 -2289.8101 6619.1841
-287.278 -2360.728 6928.9438
182.704 -2404.0 7172.8799
700.766 -2414.8181 7341.312
1245.272 -2390.7781 7414.8799
1803.0 -2329.4761 7393.584
2354.718 -2232.114 7267.7441
2879.9919 -2101.0959 7039.2959
3366.802 -1941.23 6721.792
3798.3201 -1759.728 6324.9121
4167.334 -1565.004 5864.144
4466.6323 -1365.472 5353.04
4699.8203 -1168.344 4814.832
4869.3022 -979.63 4263.0718
4983.4922 -807.744 3715.1841
-1146.708 -1865.504 6657.9038
-774.088 -1932.816 7048.9761
-334.156 -1979.6941 7393.584
163.472 -2001.3301 7666.5601
709.18 -1995.3201 7856.2881
1288.5441 -1955.6541 7941.4722
1878.7261 -1885.938 7916.3042
2460.4941 -1782.566 7774.9761
3011.01 -1655.1541 7525.2319
3518.2542 -1502.5 7169.0078
3964.196 -1331.816 6725.6641
4342.8262 -1141.9 6214.5601
4644.5283 -959.196 5651.1841
4869.3022 -787.31 5060.7041
5025.562 -627.444 4458.6079
5122.9243 -485.608 3860.384
-1195.99 -1470.046 7000.5762
-801.734 -1501.298 7426.4961
-336.56 -1516.9241 7796.272
185.108 -1507.308 8088.6079
763.27 -1471.248 8288.0156
1370.28 -1403.936 8373.2002
1990.5121 -1311.3821 8334.4795
2599.926 -1192.384 8171.856
3169.6741 -1055.3561 7891.1357
3693.7461 -901.5 7496.1919
4145.6982 -745.24 7010.2559
4518.3179 -587.778 6448.8159
4808.0 -438.73 5840.9121
5015.9463 -305.308 5207.8398
5151.772 -188.714 4565.0879
5228.7002 -93.756 3939.76
-1211.616 -1008.478 7271.6157
-804.138 -1001.266 7714.96
-323.338 -977.226 8100.2241
222.37 -932.752 8404.1758
819.764 -865.44 8605.5195
1449.6121 -777.694 8688.7676
2087.874 -668.312 8638.4316
2715.3181 -538.496 8454.5117
3298.2881 -400.266 8144.752
3828.3701 -257.228 7716.896
4277.918 -121.402 7190.3042
4643.3262 9.616 6590.144
4917.3823 118.998 5941.584
5107.2979 209.148 5275.6001
5221.4883 277.662 4601.8721
5274.376 319.732 3949.4399
-1177.96 -514.456 7455.5361
-750.048 -455.558 7904.688
-244.006 -379.832 8295.7598
323.338 -284.874 8591.9678
943.57 -168.28 8781.6963
1589.0441 -42.07 8845.584
2240.5281 94.958 8768.1436
2869.1741 231.986 8557.1201
3449.74 371.418 8212.5117
3969.0042 503.638 7745.936
4401.7241 613.02 7186.4321
4744.2939 703.17 6553.3599
4993.1079 764.472 5877.6958
5151.772 798.128 5192.3521
5238.3159 801.734 4510.8799
5263.5581 778.896 3860.384
-1095.022 10.818 7536.8481
-653.888 115.392 7976.3198
-135.826 236.794 8349.9678
443.538 373.822 8626.8164
1072.184 526.476 8793.3115
1724.87 686.342 8826.2236
2375.1521 845.006 8721.6797
2998.99 992.852 8475.8076
3565.1321 1126.274 8102.1602
4063.9622 1241.666 7608.48
4471.4399 1322.2001 7027.6802
4786.3643 1373.886 6381.0562
5003.9263 1385.906 5695.7119
5132.54 1361.866 5008.4321
5189.0342 1306.574 4330.832
5186.6299 1221.2321 3684.208
-965.206 520.466 7517.4878
-497.628 682.736 7931.792
37.262 857.026 8268.6563
627.444 1044.538 8504.8477
1260.8981 1236.858 8630.6875
1909.978 1433.9861 8619.0723
2550.644 1614.286 8468.0635
3152.8459 1774.152 8181.5361
3691.342 1903.968 7773.04
4151.708 2000.1281 7256.1279
4519.52 2051.814 6657.9038
4791.1719 2057.824 6003.5361
4964.2603 2016.9561 5329.8081
5053.208 1936.422 4659.9521
5073.6421 1815.02 4005.584
5044.7939 1667.1741 3395.7439
-788.512 1007.276 7401.3281
-311.318 1200.798 7769.168
233.188 1413.552 8059.5679
828.178 1634.72 8243.4883
1456.824 1860.696 8313.1836
2092.6821 2080.6621 8249.2959
2710.51 2276.5881 8051.8237
3282.6621 2441.262 7728.5117
3780.29 2563.866 7290.9761
4199.7881 2643.198 6758.5762
4520.7222 2668.4399 6156.48
4741.8901 2638.3901 5513.728
4871.7061 2555.4521 4861.2959
4919.7861 2425.636 4222.416
4905.3623 2254.9521 3606.7681
4847.666 2050.6121 3037.584
-576.96 1432.7841 7209.6641
-78.13 1667.1741 7525.2319
483.204 1914.786 7753.6802
1081.8 2172.0142 7869.8398
1704.436 2426.8381 7869.8398
2319.8601 2662.4299 7740.1279
2906.436 2867.9722 7482.6401
3434.114 3036.252 7108.9922
3882.46 3154.0481 6636.6079
4240.6562 3216.552 6082.9121
4499.0859 3215.3501 5482.752
4660.1543 3154.0481 4861.2959
4732.2739 3032.646 4241.7759
4732.2739 2860.76 3649.3599
4679.3862 2644.4001 3095.6641
4591.6401 2393.1821 2590.3679
-338.964 1803.0 6959.9199
169.482 2047.006 7209.6641
734.422 2312.6479 7364.5439
1331.816 2581.896 7414.8799
1940.0281 2842.73 7339.376
2532.614 3090.342 7145.7759
3080.7261 3301.894 6830.208
3562.728 3468.9722 6413.9678
3955.782 3583.1621 5914.48
4253.8779 3633.646 5351.104
4449.8042 3618.02 4758.688
4548.3682 3535.082 4158.5278
4565.1963 3388.438 3579.6641
4514.7119 3187.7041 3041.4561
4420.9561 2937.688 2547.7759
4301.958 2652.814 2106.3679
-90.15 2098.6921 6675.3281
442.336 2365.5361 6861.1841
1018.094 2638.3901 6946.3682
1611.8821 2912.446 6915.3921
2208.074 3180.4919 6766.3198
2769.408 3424.498 6495.2798
3275.45 3633.646 6117.7598
3702.1602 3795.916 5649.248
4031.5081 3899.2881 5114.9121
4258.686 3938.9541 4539.9199
4383.6938 3908.9041 3951.376
4412.542 3811.542 3376.384
4365.6641 3644.4641 2842.0481
4262.292 3422.094 2363.856
4124.062 3149.24 1939.8719
3973.812 2841.5281 1573.968
165.876 2337.8901 6361.6958
703.17 2590.3101 6485.6001
1282.5341 2857.1541 6501.0879
1869.11 3122.7961 6404.2881
2444.8682 3381.2261 6183.584
2978.5562 3616.8181 5850.5918
3443.73 3818.7542 5414.9922
3818.7542 3972.6101 4901.9521
4088.002 4069.9722 4340.5122
4250.272 4102.4263 3750.032
4306.7661 4066.366 3167.2959
4271.9082 3962.9941 2621.344
4163.728 3791.1082 2125.728
4006.2661 3560.324 1701.744
3823.562 3279.0562 1341.6479
3636.05 2954.5161 1045.4399
412.286 2516.988 6051.936
967.61 2770.6101 6117.7598
1552.984 3027.8381 6071.2959
2134.752 3281.46 5904.7998
2691.2781 3524.2642 5614.3999
3192.512 3744.23 5213.6479
3613.2122 3931.7422 4721.9038
3932.9441 4069.9722 4160.4639
4140.8901 4155.314 3568.0481
4234.646 4179.354 2964.0159
4221.4243 4136.082 2387.0879
4116.8501 4023.094 1860.496
3943.762 3847.6021 1407.472
3732.21 3612.01 1033.824
3502.6282 3323.53 737.616
3280.2581 2998.99 509.168
649.08 2657.6221 5736.3682
1202.0 2883.5981 5751.856
1783.7681 3120.3921 5649.248
2355.9199 3352.3782 5426.6079
2898.022 3575.95 5080.064
3370.408 3774.28 4625.104
3752.644 3942.5601 4084.96
4027.9021 4069.9722 3486.7361
4180.5562 4144.4961 2865.28
4214.2119 4161.3242 2247.696
4137.2842 4114.4463 1672.704
3970.2061 4005.064 1163.536
3738.22 3830.7742 739.552
3471.376 3598.7881 412.368
3194.916 3316.3181 168.432
2932.8801 2989.374 3.872
870.248 2762.196 5434.3521
1436.39 2978.5562 5403.376
2019.36 3196.1182 5250.4321
2580.6941 3406.468 4975.52
3101.1602 3604.7981 4572.832
3543.4961 3781.4922 4071.408
3886.0662 3928.136 3484.8
4110.8398 4035.114 2849.792
4208.2021 4094.012 2201.2319
4181.7583 4097.6182 1568.16
4041.124 4044.73 995.104
3811.542 3929.3381 501.424
3520.658 3753.8459 108.416
3200.926 3524.2642 -180.048
2882.396 3244.198 -369.776
2590.3101 2930.4761 -476.256
-264.44 -2536.22 3552.5601
-40.868 -2613.1479 3674.5281
207.946 -2675.6521 3777.136
477.194 -2717.7222 3848.7681
764.472 -2735.752 3893.2959
1061.366 -2732.146 3901.04
1366.6741 -2699.6921 3873.936
1669.578 -2641.9961 3810.0481
1962.8661 -2556.6541 3711.312
2245.3359 -2448.4741 3573.856
2508.574 -2317.4561 3403.488
2748.9741 -2169.6101 3206.0159
2964.1321 -2006.1381 2985.312
3150.4421 -1834.2521 2743.312
3310.3081 -1651.548 2485.824
3444.9321 -1464.036 2214.7839
-343.772 -2519.3921 3881.6799
-102.17 -2602.3301 4026.8799
167.078 -2668.4399 4144.9761
459.164 -2712.9141 4234.0317
769.28 -2733.3481 4286.3042
1093.8201 -2727.3381 4301.792
1424.37 -2692.48 4274.688
1752.516 -2629.9761 4199.1841
2068.6421 -2541.0281 4084.96
2372.748 -2426.8381 3932.0159
2652.814 -2292.2141 3738.416
2907.6379 -2138.3582 3515.7759
3133.614 -1970.078 3264.0959
3327.136 -1793.384 2993.0559
3491.8101 -1609.478 2706.5281
3627.636 -1424.37 2408.384
-430.316 -2476.1201 4224.3521
-175.492 -2560.26 4392.7842
111.786 -2628.7742 4537.9839
424.306 -2674.45 4642.5278
760.866 -2696.0859 4710.2881
1110.6481 -2690.0759 4733.52
1467.642 -2656.4202 4706.416
1823.4341 -2592.7141 4628.9761
2166.0042 -2501.3621 4505.0718
2495.3521 -2381.1621 4330.832
2795.8521 -2241.73 4115.936
3068.7061 -2083.0659 3862.3201
3306.7021 -1912.3821 3579.6641
3508.6382 -1732.082 3275.7119
3678.1201 -1544.5701 2950.4639
3816.3501 -1355.8561 2617.4719
-516.86 -2388.374 4592.1919
-241.602 -2474.918 4787.728
66.11 -2542.23 4952.2881
402.67 -2586.7041 5076.1919
766.876 -2605.936 5153.6318
1145.506 -2597.522 5180.7358
1532.55 -2557.856 5151.6958
1914.786 -2488.1401 5064.5762
2281.396 -2393.1821 4921.312
2629.9761 -2270.5781 4725.7759
2949.708 -2126.3381 4481.8398
3234.582 -1965.27 4197.248
3482.1941 -1792.182 3877.8079
3688.938 -1613.084 3539.0081
3859.6221 -1429.178 3180.8479
3994.2461 -1250.0801 2814.9441
-602.202 -2259.76 4950.3521
-314.924 -2340.2939 5176.8638
12.02 -2405.2021 5366.5918
371.418 -2446.0701 5513.728
760.866 -2460.4941 5606.6558
1167.142 -2448.4741 5643.4399
1580.63 -2406.4041 5614.3999
1991.714 -2336.688 5521.4722
2385.97 -2236.9221 5364.6558
2758.5901 -2113.116 5147.8237
3097.554 -1968.876 4872.9121
3396.8521 -1809.01 4555.4082
3654.0801 -1638.326 4199.1841
3865.6321 -1461.6321 3817.792
4037.5181 -1281.332 3420.9119
4172.1421 -1104.6381 3012.416
-680.332 -2075.854 5318.1919
-372.62 -2149.176 5573.7441
-25.242 -2204.468 5786.7041
359.398 -2238.124 5953.2002
775.29 -2245.3359 6057.7441
1209.212 -2224.9021 6098.3999
1651.548 -2176.822 6063.5518
2090.2781 -2099.894 5957.0718
2507.3721 -1997.724 5778.96
2899.2241 -1871.514 5535.0239
3252.6121 -1726.072 5229.1357
3562.728 -1567.4081 4874.8481
3824.7642 -1402.734 4477.9678
4038.72 -1235.656 4059.792
4205.7979 -1072.184 3622.2559
4329.604 -917.126 3184.72
-748.846 -1841.464 5660.8638
-429.114 -1901.5641 5941.584
-63.706 -1942.432 6181.6479
341.368 -1962.8661 6365.5679
782.502 -1960.462 6487.5361
1241.666 -1931.614 6534.0
1711.6481 -1877.524 6501.0879
2174.418 -1795.7881 6384.9277
2614.3501 -1693.618 6189.3921
3025.4341 -1568.61 5914.48
3392.0439 -1430.38 5577.6162
3710.574 -1281.332 5188.48
3977.418 -1123.87 4754.8159
4190.1719 -968.812 4294.0479
4353.644 -818.562 3817.792
4472.6421 -679.13 3337.6641
-796.926 -1546.974 5978.3682
-457.962 -1586.64 6286.1919
-72.12 -1609.478 6545.6157
356.994 -1613.084 6745.0239
818.562 -1593.8521 6874.7358
1305.3721 -1549.3781 6919.2642
1798.192 -1480.864 6878.6079
2282.5981 -1393.118 6745.0239
2739.3582 -1286.14 6524.3198
3166.0681 -1161.1321 6224.2397
3544.698 -1024.104 5854.4639
3868.0361 -883.47 5424.6719
4130.0723 -747.644 4954.2241
4334.4121 -617.828 4460.5439
4484.6621 -500.032 3951.376
4586.832 -395.458 3444.144
-825.774 -1211.616 6245.5361
-477.194 -1224.838 6568.8481
-75.726 -1222.4341 6847.6318
369.014 -1204.4041 7058.6558
853.42 -1165.9401 7194.1758
1357.058 -1108.244 7238.7041
1869.11 -1031.316 7190.3042
2370.344 -937.56 7041.2319
2842.73 -826.976 6803.104
3279.0562 -704.372 6473.9839
3660.0901 -581.768 6071.2959
3983.428 -455.558 5610.5278
4241.8579 -341.368 5109.104
4436.582 -240.4 4582.5122
4573.6099 -150.25 4042.3679
4663.7603 -76.928 3504.1599
-823.37 -826.976 6456.5601
-456.76 -808.946 6793.4238
-37.262 -776.492 7078.0161
427.912 -727.21 7292.9121
930.348 -658.696 7424.5601
1454.42 -575.758 7461.3437
1979.6941 -478.396 7395.52
2491.7461 -375.024 7227.0879
2968.9399 -265.642 6961.856
3404.064 -155.058 6603.6958
3780.29 -50.484 6171.9678
4090.406 45.676 5680.2241
4333.21 127.412 5149.7598
4509.9043 191.118 4601.8721
4628.9019 237.996 4042.3679
4698.6182 264.44 3500.2881
-789.714 -418.296 6595.9521
-415.892 -366.61 6930.8799
16.828 -300.5 7215.4722
492.82 -223.572 7424.5601
1008.478 -126.21 7548.4639
1539.7621 -21.636 7571.6958
2074.6521 87.746 7488.4478
2589.1082 201.936 7298.7197
3065.1001 310.116 7008.3198
3493.012 409.882 6628.8638
3859.6221 496.426 6173.9038
4154.1123 568.546 5662.7998
4381.29 617.828 5112.9761
4538.752 645.474 4547.6641
4636.1143 650.282 3978.48
4686.5981 633.454 3424.7839
-713.988 21.636 6661.7759
-319.732 112.988 6990.896
126.21 218.764 7258.064
615.424 335.358 7447.792
1138.2941 459.164 7546.5278
1673.1841 582.97 7544.5918
2205.6699 710.382 7434.2397
2712.9141 825.774 7217.4082
3175.6841 931.55 6901.8398
3585.5662 1021.7 6497.2158
3928.136 1084.204 6020.96
4197.3843 1122.668 5494.3682
4395.7139 1131.082 4934.8638
4525.5303 1111.85 4371.4878
4598.8521 1067.376 3810.0481
4626.498 998.862 3271.8401
-609.414 438.73 6644.3521
-207.946 561.334 6948.3042
247.612 698.362 7192.2397
741.634 845.006 7350.9922
1266.9081 997.66 7422.624
1798.192 1145.506 7387.7759
2321.062 1286.14 7246.4478
2813.8821 1409.946 7002.5117
3255.0161 1514.52 6661.7759
3640.8582 1591.448 6239.728
3955.782 1634.72 5753.792
4196.1821 1645.5381 5221.3921
4362.0581 1619.094 4667.6958
4464.228 1561.3981 4112.064
4509.9043 1473.652 3566.1121
4513.5103 1357.058 3043.3921
-467.578 859.43 6549.4878
-46.878 1018.094 6824.3999
418.296 1185.172 7029.6157
915.924 1358.26 7149.6479
1436.39 1531.348 7178.688
1960.462 1700.8301 7099.312
2466.5042 1852.282 6919.2642
2934.082 1979.6941 6640.48
3345.166 2074.6521 6276.5122
3694.948 2134.752 5833.168
3967.802 2153.9841 5341.4238
4168.5361 2133.55 4814.832
4295.9482 2071.0461 4276.624
4362.0581 1972.4821 3746.1599
4376.4819 1837.858 3229.248
4357.25 1676.79 2747.1841
-302.904 1220.03 6392.6719
121.402 1399.1281 6623.0562
592.586 1587.842 6783.7441
1089.012 1781.364 6857.312
1603.468 1973.6841 6836.0161
2110.7122 2155.186 6714.0479
2593.916 2315.052 6493.3437
3030.2419 2442.4641 6181.6479
3405.2661 2533.8162 5792.5122
3715.3821 2585.502 5339.4878
3946.166 2586.7041 4847.7441
4102.4263 2544.634 4332.7681
4190.1719 2455.686 3813.9199
4217.8179 2325.8701 3312.4961
4202.1919 2161.196 2836.24
4154.1123 1962.8661 2389.0239
-112.988 1552.984 6181.6479
326.944 1748.91 6369.4399
802.936 1953.25 6477.856
1300.564 2166.0042 6497.2158
1805.4041 2367.9399 6419.7759
2291.012 2553.0481 6245.5361
2742.9641 2711.7122 5978.3682
3144.4321 2837.9221 5627.9521
3474.9822 2920.8601 5213.6479
3732.21 2956.9202 4749.0078
3911.3081 2942.4961 4259.2002
4017.084 2877.5881 3759.7119
4057.9521 2765.802 3271.8401
4044.73 2605.936 2809.136
3993.0442 2410.01 2377.408
3919.7222 2184.0339 1990.208
81.736 1816.222 5941.584
526.476 2018.1581 6077.104
1003.67 2228.5081 6131.312
1495.2881 2443.666 6094.5278
1984.5021 2646.804 5966.752
2449.676 2831.9121 5742.1758
2871.5781 2990.5762 5432.416
3234.582 3114.3821 5049.0879
3520.658 3191.3101 4615.4238
3728.604 3221.3601 4137.2319
3857.218 3197.3201 3651.2959
3913.7122 3121.594 3167.2959
3906.5 2994.1821 2708.4639
3851.208 2821.094 2284.48
3764.6641 2605.936 1901.152
3658.8882 2358.324 1560.416
287.278 2043.4 5674.416
744.038 2253.75 5759.6001
1226.04 2467.7061 5763.4722
1710.446 2675.6521 5672.48
2184.0339 2873.9819 5488.5601
2623.9661 3053.0801 5213.6479
3011.01 3203.3301 4855.4878
3328.3381 3317.52 4437.312
3563.9302 3384.832 3980.416
3720.1902 3402.8621 3494.48
3793.512 3368.0042 3012.416
3795.916 3279.0562 2545.8401
3739.4221 3138.4221 2117.9839
3640.8582 2953.314 1738.528
3517.052 2722.53 1405.536
3384.832 2464.1001 1122.88
484.406 2214.084 5397.5679
942.368 2416.02 5438.2241
1420.764 2620.3601 5389.8237
1897.958 2818.6899 5250.4321
2355.9199 3008.606 5014.2397
2773.0142 3176.886 4690.9277
3126.4021 3319.9241 4294.0479
3405.2661 3424.498 3842.96
3596.384 3484.5981 3360.896
3700.958 3497.8201 2863.344
3722.594 3456.9521 2383.2161
3672.1101 3365.6001 1934.064
3566.334 3220.158 1535.248
3422.094 3029.04 1192.576
3257.4202 2794.6501 907.984
3091.5439 2526.604 673.728
680.332 2364.334 5114.9121
1146.708 2557.856 5116.8481
1623.902 2750.176 5023.9199
2092.6821 2937.688 4834.1919
2532.614 3111.978 4553.4722
2920.8601 3265.834 4187.5679
3239.3901 3392.0439 3751.968
3473.78 3480.9919 3271.8401
3619.2222 3529.072 2770.416
3672.1101 3532.678 2265.1199
3642.0601 3483.396 1788.864
3542.2939 3384.832 1357.136
3387.2361 3234.582 985.424
3200.926 3037.4541 677.6
3001.394 2800.6602 435.6
2806.6702 2531.4121 255.552
861.834 2470.1101 4830.3198
1323.402 2645.6021 4791.6001
1795.7881 2821.094 4659.9521
2252.5481 2989.374 4431.5039
2676.854 3146.8359 4108.1919
3042.262 3285.0662 3705.5039
3330.7419 3394.448 3236.9919
3530.2742 3472.5781 2725.8879
3632.4441 3511.042 2205.104
3639.656 3505.032 1690.1281
3560.324 3453.3459 1213.8719
3408.8721 3351.176 791.824
3205.7341 3200.926 439.472
2976.1521 3007.4041 166.496
2735.752 2771.812 -34.848
2506.1702 2503.7661 -168.432
-141.836 -2228.5081 3339.6001
64.908 -2289.8101 3444.144
290.884 -2335.4861 3525.4561
532.486 -2363.1321 3583.5359
789.714 -2375.1521 3616.448
1052.952 -2363.1321 3616.448
1322.2001 -2330.678 3583.5359
1590.246 -2276.5881 3519.6479
1849.8781 -2203.2661 3422.8479
2099.894 -2108.3081 3295.072
2331.8801 -1996.5221 3140.1919
2547.0381 -1871.514 2958.208
2740.5601 -1733.2841 2754.928
2910.042 -1586.64 2536.1599
3056.686 -1432.7841 2299.968
3180.4919 -1276.524 2056.032
-205.542 -2203.2661 3630.0
12.02 -2265.77 3750.032
252.42 -2313.8501 3848.7681
513.254 -2345.1021 3920.3999
788.512 -2355.9199 3959.1199
1074.588 -2347.5061 3964.928
1364.27 -2315.052 3933.9519
1652.75 -2259.76 3864.2559
1931.614 -2184.0339 3757.7759
2199.6602 -2087.874 3616.448
2449.676 -1973.6841 3442.208
2676.854 -1843.868 3240.864
2881.1941 -1702.032 3012.416
3057.8879 -1552.984 2766.5439
3210.542 -1395.522 2503.248
3339.156 -1235.656 2228.3359
-269.248 -2146.772 3928.144
-36.06 -2211.6799 4067.5359
222.37 -2258.5581 4181.7598
500.032 -2288.6082 4263.0718
796.926 -2299.426 4311.4722
1104.6381 -2286.2041 4319.2158
1417.1581 -2251.3459 4288.2397
1727.274 -2192.448 4210.7998
2025.37 -2111.9141 4092.7039
2311.446 -2012.1481 3933.9519
2575.886 -1893.15 3738.416
2817.488 -1759.728 3511.9041
3031.4441 -1616.6901 3262.1599
3216.552 -1466.4401 2989.1841
3371.6101 -1311.3821 2700.72
3500.2241 -1156.324 2402.5759
-335.358 -2057.824 4234.0317
-90.15 -2119.126 4394.7202
183.906 -2166.0042 4526.3682
480.8 -2194.8521 4623.168
796.926 -2203.2661 4681.248
1126.274 -2190.0439 4696.7358
1460.4301 -2152.782 4661.8882
1792.182 -2095.0859 4580.5762
2110.7122 -2014.552 4450.8638
2416.02 -1912.3821 4276.624
2694.884 -1794.5861 4059.792
2948.5061 -1663.568 3808.1121
3168.4722 -1520.53 3525.4561
3357.186 -1373.886 3223.4399
3518.2542 -1216.4241 2902.064
3649.272 -1061.366 2571.0081
-394.256 -1928.0081 4539.9199
-134.624 -1985.704 4721.9038
158.664 -2027.774 4870.9761
473.588 -2051.814 4983.2642
812.552 -2055.4199 5047.1519
1163.536 -2036.188 5062.6401
1519.328 -1995.3201 5025.856
1871.514 -1930.412 4932.9277
2210.478 -1846.272 4789.6641
2531.4121 -1741.698 4594.1279
2824.7 -1620.296 4354.064
3089.1401 -1486.874 4075.28
3318.7222 -1348.644 3767.4561
3511.042 -1206.808 3434.4639
3669.7061 -1062.568 3087.9199
3795.916 -921.934 2729.76
-450.75 -1756.1221 4840.0
-177.896 -1805.4041 5041.3437
128.614 -1840.2621 5207.8398
462.77 -1858.292 5333.6802
819.764 -1857.0901 5409.1841
1191.182 -1834.2521 5430.48
1568.61 -1789.7781 5393.6958
1942.432 -1724.87 5293.0239
2297.022 -1640.73 5134.272
2633.582 -1538.5601 4921.312
2938.8901 -1423.168 4658.0161
3210.542 -1298.16 4350.1919
3447.3362 -1161.1321 4009.4561
3642.0601 -1025.306 3647.4241
3800.7241 -888.278 3264.0959
3922.126 -759.664 2876.896
-494.022 -1543.368 5122.6558
-205.542 -1580.63 5343.3599
118.998 -1602.266 5525.3437
469.982 -1608.276 5662.7998
848.612 -1595.0541 5744.1118
1239.262 -1563.802 5765.4082
1635.922 -1509.712 5722.8159
2028.9761 -1437.592 5608.5918
2401.5959 -1347.442 5434.3521
2751.3779 -1244.0701 5198.1602
3066.302 -1131.082 4909.6958
3343.9641 -1012.084 4576.7041
3579.5562 -889.48 4206.9277
3770.6741 -770.482 3815.856
3923.3281 -655.09 3405.4241
4038.72 -548.112 2993.0559
-525.274 -1283.7361 5374.3359
-225.976 -1305.3721 5612.4639
110.584 -1313.786 5809.936
477.194 -1307.776 5955.1357
870.248 -1283.7361 6044.1919
1280.13 -1242.868 6065.4878
1693.618 -1186.374 6017.0879
2098.6921 -1113.052 5895.1201
2483.332 -1025.306 5703.4561
2843.9321 -925.54 5445.9678
3167.27 -818.562 5132.3359
3447.3362 -709.18 4772.2397
3682.928 -601.0 4375.3599
3871.6421 -496.426 3955.248
4015.8821 -402.67 3517.7119
4121.6582 -317.328 3078.24
-534.89 -989.246 5589.2319
-222.37 -989.246 5840.9121
131.018 -977.226 6044.1919
513.254 -949.58 6197.1357
925.54 -907.51 6284.2559
1349.8461 -849.814 6301.6802
1778.9601 -777.694 6237.792
2197.2561 -698.362 6100.3359
2590.3101 -609.414 5891.248
2953.314 -514.456 5612.4639
3276.6521 -418.296 5275.6001
3553.1121 -325.742 4888.3999
3780.29 -240.4 4466.3521
3956.9841 -163.472 4024.9441
4089.2041 -98.564 3568.0481
4181.7583 -46.878 3115.0239
-525.274 -658.696 5753.792
-204.34 -638.262 6007.4082
158.664 -604.606 6216.4961
552.92 -560.132 6369.4399
973.62 -503.638 6454.624
1409.946 -435.124 6462.3682
1846.272 -355.792 6392.6719
2272.9819 -270.45 6239.728
2669.6421 -182.704 6013.2158
3035.05 -92.554 5713.1357
3353.5801 -9.616 5354.9761
3622.8281 64.908 4948.416
3840.3901 128.614 4505.0718
4005.064 177.896 4046.24
4125.2642 213.956 3573.856
4204.5962 234.39 3105.344
-484.406 -307.712 5862.208
-150.25 -258.43 6115.8237
225.976 -197.128 6321.04
633.454 -123.806 6464.3042
1064.972 -42.07 6535.936
1507.308 44.474 6530.1279
1948.442 135.826 6441.0718
2371.5461 224.774 6268.7681
2763.3979 308.914 6019.0239
3120.3921 387.044 5701.52
3425.7 455.558 5322.064
3681.7261 508.446 4898.0801
3881.2581 545.708 4441.1841
4029.104 564.94 3972.6719
4131.2739 563.738 3496.416
4192.5762 545.708 3031.7759
-423.104 57.696 5904.7998
-81.736 129.816 6148.7358
300.5 213.956 6342.3359
713.988 306.51 6470.1118
1149.1121 405.074 6528.1919
1592.65 504.84 6503.0239
2031.38 604.606 6392.6719
2450.8779 698.362 6202.9438
2833.114 780.098 5937.7119
3178.0881 849.814 5600.8481
3467.77 900.298 5209.7759
3704.564 931.55 4776.1118
3886.0662 942.368 4313.4082
4012.2761 927.944 3842.96
4095.2141 891.884 3370.5759
4139.688 837.794 2907.8721
-331.752 415.892 5883.5039
22.838 520.466 6110.0161
413.488 632.252 6284.2559
830.582 747.644 6388.7998
1269.312 867.844 6419.7759
1709.244 983.236 6369.4399
2138.3582 1090.214 6233.9199
2544.634 1189.98 6017.0879
2911.2441 1270.514 5728.624
3232.178 1329.412 5376.272
3497.8201 1363.068 4971.6479
3708.1702 1370.28 4532.1758
3860.824 1349.8461 4075.28
3961.792 1301.766 3612.5759
4021.8921 1229.646 3153.7439
4045.9321 1135.89 2710.3999
-219.966 760.866 5802.1919
139.432 882.268 6005.4722
532.486 1010.882 6150.6719
950.782 1144.3041 6226.1758
1383.5021 1276.524 6226.1758
1816.222 1402.734 6146.7998
2233.3162 1518.126 5988.0479
2622.7642 1619.094 5746.0479
2966.5361 1696.022 5442.0962
3261.0261 1741.698 5076.1919
3500.2241 1760.9301 4669.6318
3681.7261 1747.708 4234.0317
3806.7341 1700.8301 3782.9441
3882.46 1625.104 3337.6641
3916.116 1521.7321 2894.3201
3919.7222 1394.3201 2474.208
-86.544 1075.79 5672.48
283.672 1218.828 5844.7842
683.938 1369.078 5953.2002
1102.234 1519.328 5993.856
1531.348 1670.78 5953.2002
1950.8461 1806.6061 5838.9761
2349.9102 1929.2101 5643.4399
2712.9141 2025.37 5378.208
3026.636 2093.884 5051.0239
3287.47 2132.3481 4671.5679
3489.406 2132.3481 4261.1357
3633.646 2098.6921 3831.344
3724.998 2027.774 3397.6799
3768.27 1924.402 2971.76
3775.4822 1792.182 2561.3279
3755.0481 1633.5181 2176.064
62.504 1358.26 5496.3042
433.922 1509.712 5629.8882
832.986 1667.1741 5703.4561
1247.676 1824.636 5705.3921
1664.77 1979.6941 5627.9521
2071.0461 2122.7319 5476.9438
2447.272 2242.9321 5252.3682
2783.832 2337.8901 4958.0962
3067.5042 2402.7981 4615.4238
3293.48 2430.4441 4228.2241
3459.356 2420.8281 3819.728
3567.5361 2371.5461 3399.616
3621.626 2283.8 2983.376
3633.646 2159.9941 2586.4961
3613.2122 2004.936 2207.04
3568.738 1822.2321 1856.624
219.966 1599.8621 5291.0879
603.404 1764.536 5389.8237
1004.872 1932.816 5418.8638
1415.9561 2098.6921 5376.272
1822.2321 2256.1541 5256.2397
2208.074 2396.7881 5064.5762
2557.856 2515.7861 4801.2798
2861.9622 2604.7341 4479.9038
3108.3721 2660.0261 4117.8721
3292.2781 2679.2581 3724.864
3416.084 2655.218 3314.4319
3483.396 2591.512 2905.936
3497.8201 2485.7361 2512.928
3474.9822 2346.304 2145.0879
3423.2961 2172.0142 1806.288
3354.782 1972.4821 1500.4
384.64 1804.202 5056.832
763.27 1965.27 5116.8481
1164.738 2131.146 5107.168
1566.2061 2293.416 5023.9199
1959.26 2446.0701 4867.104
2324.668 2583.0981 4636.7202
2651.6121 2698.49 4344.3838
2924.4661 2783.832 4001.7119
3133.614 2833.114 3622.2559
3280.2581 2843.9321 3219.5679
3361.9941 2811.478 2813.0081
3387.2361 2739.3582 2416.1279
3365.6001 2625.168 2046.3519
3306.7021 2473.7161 1707.552
3223.7642 2288.6082 1403.6
3128.8062 2073.45 1138.368
545.708 1971.28 4814.832
933.954 2138.3582 4836.1279
1334.22 2303.032 4789.6641
1727.274 2459.292 4665.7598
2105.9041 2605.936 4466.3521
2450.8779 2734.55 4201.1201
2746.5701 2839.124 3873.936
2983.364 2912.446 3502.2239
3154.0481 2952.1121 3107.28
3257.4202 2953.314 2696.8479
3297.0862 2912.446 2292.2239
3280.2581 2831.9121 1908.896
3217.7542 2708.106 1562.3521
3121.594 2547.0381 1256.464
3008.606 2352.314 989.296
2886.002 2131.146 764.72
704.372 2109.51 4559.2798
1085.406 2260.9622 4549.6001
1478.4601 2413.616 4464.416
1863.1 2560.26 4305.6641
2228.5081 2697.2881 4071.408
2550.644 2813.8821 3775.2
2821.094 2908.8401 3420.9119
3027.8381 2976.1521 3027.9041
3162.4622 3006.2021 2617.4719
3228.572 3000.1921 2201.2319
3227.3701 2954.5161 1802.416
3169.6741 2870.376 1430.704
3069.908 2744.166 1103.52
2938.8901 2580.6941 822.8
2792.2461 2382.364 592.416
2643.198 2153.9841 406.56
855.824 2218.8921 4303.728
1241.666 2367.9399 4261.1357
1631.114 2512.1799 4144.9761
2006.1381 2648.0061 3953.312
2352.314 2770.6101 3686.144
2652.814 2875.1841 3357.0239
2894.416 2955.718 2977.5679
3066.302 3008.606 2563.2639
3163.6641 3030.2419 2139.28
3190.1082 3014.616 1717.2319
3149.24 2960.5261 1320.3521
3051.8782 2867.9722 962.192
2912.446 2735.752 652.432
2747.772 2568.6741 402.688
2571.0781 2366.738 205.216
2399.1921 2141.9641 60.016
-43.272 -1972.4821 3132.448
144.24 -2018.1581 3217.6321
347.378 -2051.814 3287.3279
563.738 -2072.248 3333.792
793.32 -2075.854 3355.0879
1028.912 -2063.834 3351.2161
1269.312 -2033.7841 3318.304
1507.308 -1986.906 3256.3521
1736.89 -1921.998 3165.3599
1959.26 -1840.2621 3047.2639
2167.2061 -1745.3041 2905.936
2360.728 -1638.326 2739.4399
2533.8162 -1519.328 2551.6479
2688.874 -1393.118 2350.304
2824.7 -1259.696 2133.4719
2940.092 -1122.668 1905.024
-90.15 -1932.816 3380.2561
110.584 -1980.896 3480.928
328.146 -2015.754 3560.304
560.132 -2033.7841 3614.512
805.34 -2037.39 3643.552
1058.962 -2022.9661 3639.6799
1314.988 -1991.714 3604.832
1569.812 -1940.0281 3535.136
1815.02 -1872.7161 3436.3999
2053.0161 -1788.576 3304.752
2274.1841 -1691.214 3146.0
2476.1201 -1581.832 2962.0801
2658.824 -1462.834 2754.928
2818.6899 -1336.624 2534.2239
2958.1221 -1205.6061 2296.0959
3074.7161 -1074.588 2052.1599
-138.23 -1872.7161 3633.8721
70.918 -1918.3921 3750.032
301.702 -1952.0481 3842.96
548.112 -1971.28 3908.7839
810.148 -1974.886 3943.6321
1080.598 -1960.462 3945.5679
1353.452 -1928.0081 3908.7839
1625.104 -1877.524 3837.1521
1887.14 -1809.01 3726.8
2138.3582 -1724.87 3585.4719
2372.748 -1627.5081 3411.2319
2586.7041 -1518.126 3207.9519
2777.822 -1399.1281 2981.4399
2943.698 -1274.12 2735.5679
3086.7361 -1143.1021 2472.272
3209.3401 -1006.074 2201.2319
-185.108 -1778.9601 3899.104
38.464 -1823.4341 4028.8159
283.672 -1854.686 4133.3599
546.91 -1870.312 4206.9277
825.774 -1871.514 4247.584
1113.052 -1853.484 4247.584
1405.1381 -1817.4241 4206.9277
1693.618 -1762.1321 4127.5518
1970.078 -1692.416 4007.52
2233.3162 -1607.074 3850.7039
2479.7261 -1507.308 3655.168
2703.2981 -1396.724 3432.5281
2900.426 -1281.332 3182.7839
3071.1101 -1159.9301 2915.616
3216.552 -1036.124 2631.0239
3334.3481 -912.318 2338.688
-229.582 -1657.558 4150.7842
3.606 -1697.224 4295.9839
262.036 -1724.87 4416.0161
538.496 -1736.89 4501.2002
834.188 -1734.4861 4547.6641
1138.2941 -1714.052 4553.4722
1444.8041 -1676.79 4512.8159
1750.1121 -1622.7001 4425.6958
2040.9961 -1552.984 4295.9839
2319.8601 -1467.642 4123.6802
2575.886 -1371.4821 3914.592
2807.8721 -1265.7061 3668.72
3009.8081 -1152.718 3393.8079
3186.502 -1032.5181 3103.408
3334.3481 -909.914 2793.6479
3454.5481 -790.916 2474.208
-264.44 -1497.692 4400.5278
-16.828 -1531.348 4563.1519
254.824 -1549.3781 4690.9277
546.91 -1555.3881 4783.856
858.228 -1545.772 4834.1919
1177.96 -1519.328 4838.064
1501.298 -1478.4601 4793.5361
1821.03 -1420.764 4694.7998
2126.3381 -1346.24 4551.5361
2417.2219 -1259.696 4363.7441
2681.6621 -1165.9401 4133.3599
2919.658 -1063.77 3870.064
3126.4021 -957.994 3571.9199
3299.49 -852.218 3258.2881
3443.73 -746.442 2925.2959
3559.1221 -645.474 2586.4961
-294.49 -1308.978 4628.9761
-38.464 -1330.614 4803.2158
245.208 -1341.432 4946.48
549.314 -1340.23 5045.2158
873.854 -1323.402 5101.3599
1208.01 -1293.3521 5105.2319
1546.974 -1248.8781 5058.7681
1879.928 -1188.7781 4954.2241
2196.054 -1119.062 4799.3437
2494.1501 -1037.326 4594.1279
2768.2061 -943.57 4344.3838
3009.8081 -847.41 4057.856
3221.3601 -748.846 3740.3521
3395.6501 -651.484 3401.552
3538.688 -555.324 3047.2639
3649.272 -466.376 2681.3601
-308.914 -1080.598 4836.1279
-39.666 -1090.214 5020.0479
256.026 -1087.8101 5171.0562
575.758 -1074.588 5273.6641
912.318 -1046.942 5331.7441
1263.302 -1004.872 5329.8081
1614.286 -950.782 5273.6641
1958.058 -885.874 5159.4399
2283.8 -813.754 4989.0718
2590.3101 -733.22 4768.3682
2864.366 -649.08 4499.2642
3107.1702 -563.738 4191.4399
3312.7122 -480.8 3852.6399
3482.1941 -402.67 3494.48
3615.616 -330.55 3120.832
3718.988 -266.844 2743.312
-312.52 -830.582 5004.5601
-37.262 -824.572 5196.2241
268.046 -808.946 5351.104
597.394 -783.704 5457.584
945.974 -746.442 5513.728
1304.17 -699.564 5511.792
1663.568 -641.868 5449.8398
2015.754 -573.354 5325.936
2348.708 -501.234 5142.0161
2658.824 -423.104 4903.8882
2935.2839 -346.176 4617.3599
3175.6841 -270.45 4292.1118
3378.822 -200.734 3933.9519
3541.092 -140.634 3560.304
3668.5042 -87.746 3169.2319
3763.4622 -45.676 2772.3521
-294.49 -548.112 5134.272
-6.01 -520.466 5329.8081
308.914 -486.81 5486.624
650.282 -442.336 5589.2319
1009.68 -389.448 5639.5679
1377.4921 -326.944 5627.9521
1742.9 -260.834 5552.4478
2098.6921 -191.118 5413.0562
2430.4441 -121.402 5213.6479
2736.9541 -54.09 4960.0317
3008.606 10.818 4656.0801
3240.592 68.514 4313.4082
3431.71 115.392 3941.696
3583.1621 152.654 3554.4961
3698.554 177.896 3153.7439
3780.29 188.714 2758.8
-262.036 -256.026 5217.52
28.848 -213.956 5409.1841
352.186 -163.472 5558.2559
698.362 -105.776 5656.9922
1063.77 -38.464 5697.6479
1435.188 34.858 5676.3521
1804.202 108.18 5589.2319
2158.792 180.3 5438.2241
2490.5439 252.42 5225.2642
2791.0439 314.924 4954.2241
3054.282 367.812 4638.6558
3276.6521 409.882 4284.3682
3458.1541 438.73 3902.9761
3597.5862 453.154 3508.032
3698.554 451.952 3103.408
3768.27 437.528 2700.72
-203.138 57.696 5252.3682
99.766 123.806 5436.2881
431.518 197.128 5575.6802
784.906 274.056 5658.9277
1152.718 356.994 5686.0317
1524.136 436.326 5649.248
1890.7461 515.658 5542.7681
2241.73 590.182 5370.4639
2560.26 653.888 5143.9521
2849.9421 706.776 4857.4238
3098.7561 746.442 4530.2397
3304.2981 766.876 4166.272
3467.77 772.886 3779.072
3587.97 758.462 3384.1279
3673.312 728.412 2983.376
3727.4021 681.534 2588.4319
-131.018 354.59 5234.9438
175.492 435.124 5403.376
509.648 525.274 5525.3437
863.036 615.424 5593.104
1232.05 711.584 5600.8481
1599.8621 802.936 5542.7681
1960.462 889.48 5420.7998
2300.6279 965.206 5234.9438
2609.542 1025.306 4991.0078
2883.5981 1072.184 4694.7998
3115.584 1098.6281 4357.936
3301.894 1105.84 3990.0959
3444.9321 1090.214 3606.7681
3547.1021 1052.952 3213.76
3614.4141 996.458 2820.752
3650.4741 921.934 2433.552
-37.262 659.898 5167.1841
278.864 760.866 5316.2559
619.03 865.44 5416.9277
973.62 972.418 5461.4561
1337.826 1076.9921 5444.0317
1699.6281 1175.556 5362.7202
2048.208 1265.7061 5215.584
2373.95 1339.0281 5008.4321
2663.6321 1396.724 4749.0078
2916.052 1435.188 4437.312
3122.7961 1446.006 4096.5762
3285.0662 1433.9861 3730.6719
3402.8621 1394.3201 3353.1521
3482.1941 1333.0181 2971.76
3529.072 1245.272 2594.24
3547.1021 1140.698 2234.144
67.312 923.136 5056.832
383.438 1034.922 5182.6719
723.604 1151.516 5256.2397
1076.9921 1268.11 5275.6001
1435.188 1382.3 5231.0718
1787.374 1485.672 5124.5918
2122.7319 1579.428 4956.1602
2429.2419 1653.952 4729.6479
2698.49 1709.244 4456.6719
2928.072 1739.2941 4139.168
3108.3721 1740.496 3794.5601
3244.198 1714.052 3432.5281
3337.9541 1658.76 3064.688
3392.0439 1578.2261 2696.8479
3418.488 1471.248 2338.688
3417.2861 1342.634 1997.952
188.714 1179.162 4909.6958
512.052 1304.17 5006.4961
853.42 1429.178 5051.0239
1203.202 1552.984 5039.4082
1555.3881 1673.1841 4963.9038
1894.3521 1780.162 4826.4478
2210.478 1876.322 4630.9121
2495.3521 1947.24 4383.104
2736.9541 1992.916 4092.7039
2934.082 2009.744 3769.3921
3084.332 1998.926 3424.7839
3190.1082 1956.8561 3068.5601
3253.814 1883.5341 2712.3359
3281.46 1781.364 2369.6641
3281.46 1652.75 2038.608
3262.228 1503.702 1728.848
312.52 1390.714 4731.584
635.858 1518.126 4801.2798
973.62 1647.942 4814.832
1318.594 1774.152 4770.3042
1659.962 1896.756 4665.7598
1983.3 2004.936 4501.2002
2282.5981 2098.6921 4280.4961
2543.4321 2169.6101 4013.3279
2758.5901 2210.478 3709.376
2926.8701 2222.498 3378.3201
3045.8682 2200.8621 3035.6479
3119.1899 2149.176 2687.168
3152.8459 2063.834 2346.4319
3152.8459 1949.644 2025.056
3127.604 1807.808 1719.168
3085.5339 1641.932 1438.448
445.942 1581.832 4532.1758
772.886 1715.254 4572.832
1111.85 1846.272 4555.4082
1448.41 1972.4821 4477.9678
1778.9601 2097.49 4340.5122
2086.6721 2202.064 4146.9121
2360.728 2287.406 3901.04
2595.1182 2347.5061 3614.512
2777.822 2381.1621 3298.9441
2913.6479 2383.5662 2960.144
2998.99 2353.5161 2617.4719
3039.8582 2289.8101 2280.6079
3041.0601 2191.2461 1957.296
3012.2122 2065.0361 1659.152
2962.9302 1909.978 1386.176
2900.426 1732.082 1140.304
575.758 1735.688 4317.2798
899.096 1865.504 4326.96
1233.2521 1992.916 4278.5601
1562.6 2115.52 4172.0801
1879.928 2234.5181 4005.584
2170.812 2335.4861 3782.9441
2424.4341 2414.8181 3513.8401
2632.3801 2471.312 3207.9519
2787.438 2497.7561 2878.832
2890.8101 2492.948 2536.1599
2942.4961 2455.686 2195.4241
2949.708 2387.1721 1866.304
2919.658 2283.8 1562.3521
2860.76 2149.176 1287.4399
2782.6301 1986.906 1041.568
2696.0859 1798.192 826.672
706.776 1867.9081 4092.7039
1032.5181 1994.118 4075.28
1361.866 2121.53 3997.8401
1685.204 2241.73 3862.3201
1988.108 2348.708 3664.8479
2257.356 2437.656 3418.9761
2485.7361 2507.3721 3130.512
2664.834 2553.0481 2805.2639
2789.842 2572.28 2468.3999
2859.5581 2559.0581 2119.9199
2879.9919 2515.7861 1784.9919
2854.75 2437.656 1467.488
2792.2461 2327.072 1179.024
2705.7021 2186.438 927.344
2602.3301 2016.9561 710.512
2495.3521 1823.4341 530.464
829.38 1970.078 3860.384
1147.91 2087.874 3815.856
1471.248 2205.6699 3713.248
1783.7681 2315.052 3548.688
2073.45 2414.8181 3329.9199
2325.8701 2496.554 3058.8799
2532.614 2557.856 2749.1199
2687.6721 2595.1182 2408.384
2782.6301 2604.7341 2061.8401
2822.2961 2585.502 1709.488
2809.074 2535.0181 1374.5599
2751.3779 2453.282 1066.736
2656.4202 2339.092 793.76
2541.0281 2196.054 563.376
2410.01 2022.9661 373.648
2276.5881 1825.838 224.576
