x,y,z,Bx,By,Bz
100,110,0,-2024.1681,-6606.1919,4417.9521
102,110,0,-1609.478,-7052.1343,4692.8638
104,110,0,-1097.426,-7460.814,4948.416
106,110,0,-503.638,-7791.3643,5155.5679
108,110,0,170.684,-8035.3701,5310.4478
110,110,0,899.096,-8166.3882,5403.376
112,110,0,1662.3661,-8174.8022,5424.6719
114,110,0,2430.4441,-8054.6021,5372.3999
116,110,0,3172.0781,-7808.1924,5244.624
118,110,0,3870.4402,-7446.3901,5045.2158
120,110,0,4500.2881,-6983.6201,4785.792
122,110,0,5044.7939,-6446.3262,4474.0962
124,110,0,5499.1499,-5851.3359,4117.8721
126,110,0,5857.3462,-5229.9019,3740.3521
128,110,0,6124.1899,-4598.8521,3347.344
130,110,0,6314.106,-3969.0042,2946.592
130,112,0,6945.1562,-4158.9199,3382.1919
128,112,0,6778.0781,-4850.0703,3860.384
126,112,0,6512.436,-5573.6743,4344.3838
124,112,0,6145.8262,-6291.2681,4812.896
122,112,0,5654.208,-6988.4282,5252.3682
120,112,0,5044.7939,-7623.084,5643.4399
118,112,0,4323.5942,-8177.2061,5976.4321
116,112,0,3513.446,-8618.3398,6230.0479
114,112,0,2644.4001,-8910.4258,6394.6079
112,112,0,1739.2941,-9052.2617,6460.4321
110,112,0,842.602,-9030.626,6427.52
108,112,0,-15.626,-8863.5479,6297.8081
106,112,0,-799.33,-8559.4424,6088.7197
104,112,0,-1486.874,-8144.752,5811.8721
102,112,0,-2061.4299,-7647.124,5480.8159
100,112,0,-2518.1899,-7097.8101,5118.7842
100,114,0,-3111.978,-7578.6104,5933.8398
102,114,0,-2632.3801,-8243.3164,6410.0962
104,114,0,-1995.3201,-8862.3457,6853.4399
106,114,0,-1220.03,-9380.4082,7227.0879
108,114,0,-304.106,-9778.2705,7515.5518
110,114,0,704.372,-10007.8525,7697.5361
112,114,0,1766.9401,-10057.1338,7757.5518
114,114,0,2842.73,-9905.6826,7687.856
116,114,0,3872.844,-9569.1221,7492.3198
118,114,0,4828.4341,-9053.4639,7174.8159
120,114,0,5667.4302,-8394.7686,6748.896
122,114,0,6364.5903,-7633.9023,6247.4722
124,114,0,6906.6919,-6803.3203,5687.9678
126,114,0,7288.9282,-5957.1123,5099.4238
128,114,0,7536.54,-5119.3179,4495.3921
130,114,0,7672.3662,-4311.5742,3895.2319
130,116,0,8462.0801,-4372.876,4458.6079
128,116,0,8387.5566,-5255.144,5182.6719
126,116,0,8174.8022,-6220.3501,5935.7759
124,116,0,7793.7681,-7209.5962,6681.1357
122,116,0,7219.2119,-8194.0342,7397.4561
120,116,0,6440.3159,-9115.9678,8051.8237
118,116,0,5473.9082,-9915.2979,8599.7119
116,116,0,4352.4419,-10540.3379,9017.8877
114,116,0,3133.614,-10951.4219,9277.3115
112,116,0,1852.282,-11134.126,9368.3037
110,116,0,580.566,-11072.8242,9283.1201
108,116,0,-621.434,-10780.7383,9033.376
106,116,0,-1700.8301,-10289.1201,8642.3037
104,116,0,-2605.936,-9637.6357,8138.9438
102,116,0,-3319.9241,-8882.7803,7560.0801
100,116,0,-3841.592,-8069.0264,6930.8799
100,118,0,-4696.2139,-8470.4941,8067.312
102,118,0,-4168.5361,-9439.3066,8890.1123
104,118,0,-3382.428,-10375.6641,9681.9355
106,118,0,-2352.314,-11190.6201,10373.0879
108,118,0,-1089.012,-11820.4678,10920.9756
110,118,0,341.368,-12203.9063,11279.1357
112,118,0,1869.11,-12303.6719,11414.6563
114,118,0,3410.074,-12106.5439,11319.792
116,118,0,4876.5142,-11628.1484,11000.3516
118,118,0,6215.542,-10878.1006,10458.2715
120,118,0,7350.23,-9921.3086,9740.0156
122,118,0,8240.9121,-8811.8623,8886.2402
124,118,0,8861.1445,-7636.3062,7949.2158
126,118,0,9225.3506,-6470.3662,6985.0879
128,118,0,9374.3984,-5353.708,6030.6401
130,118,0,9359.9746,-4328.4019,5111.04
130,120,0,10315.5645,-4107.2339,5806.064
128,120,0,10468.2178,-5196.2461,6925.0718
126,120,0,10424.9463,-6459.5483,8138.9438
124,120,0,10117.2344,-7831.0303,9387.6641
122,120,0,9476.5684,-9239.7744,10624.7676
120,120,0,8484.918,-10578.8018,11759.2637
118,120,0,7163.9199,-11744.7422,12717.584
116,120,0,5578.4819,-12657.0605,13441.6475
114,120,0,3818.7542,-13191.9502,13877.248
112,120,0,1959.26,-13378.2598,14005.0234
110,120,0,118.998,-13291.7158,13821.1035
108,120,0,-1605.8721,-12886.6426,13327.4238
106,120,0,-3119.1899,-12116.1602,12574.3203
104,120,0,-4325.998,-11107.6826,11627.6162
102,120,0,-5198.6499,-9965.7822,10555.0723
100,120,0,-5746.7622,-8786.6201,9443.8076
100,122,0,-6955.9741,-8870.7598,11004.2236
102,122,0,-6461.9521,-10249.4541,12498.8164
104,122,0,-5526.7959,-11637.7646,13983.7275
106,122,0,-4148.1021,-12868.6123,15317.6318
108,122,0,-2347.5061,-13647.5078,16394.0488
110,122,0,-274.056,-13970.8467,17106.4961
112,122,0,1961.6641,-14014.1182,17398.832
114,122,0,4219.02,-13928.7764,17257.5039
116,122,0,6346.5601,-13506.874,16694.127
118,122,0,8260.1445,-12562.1025,15718.3838
120,122,0,9827.5518,-11162.9746,14415.4561
122,122,0,10961.0381,-9557.1025,12884.0801
124,122,0,11618.5322,-7875.5039,11211.376
126,122,0,11848.1143,-6274.4399,9548.3516
128,122,0,11721.9043,-4851.272,7974.3838
130,122,0,11373.3242,-3654.0801,6557.2319
130,124,0,12399.832,-2872.78,7292.9121
128,124,0,12994.8223,-4067.5681,9031.4404
126,124,0,13294.1201,-5600.1182,11050.6875
124,124,0,13264.0703,-7400.7144,13249.9844
122,124,0,12726.7764,-9364.7822,15513.168
120,124,0,11467.0801,-11278.3662,17627.2793
118,124,0,9626.8184,-12922.7021,19410.3359
116,124,0,7340.6143,-13884.3027,20728.752
114,124,0,4785.1621,-14129.5107,21481.8555
112,124,0,2084.2681,-14193.2158,21661.9043
110,124,0,-608.212,-14175.1865,21288.2559
108,124,0,-3136.0181,-13991.2803,20312.5117
106,124,0,-5297.2139,-13288.1104,18815.9844
104,124,0,-6927.126,-11886.5781,16951.6152
102,124,0,-7935.604,-10241.04,14883.9678
100,124,0,-8363.5166,-8636.3701,12841.4883
100,126,0,-9887.6523,-7858.6763,14820.0801
102,126,0,-9649.6563,-9565.5166,17584.6875
104,126,0,-8633.9658,-11416.5967,20500.3047
106,126,0,-6757.644,-13069.3467,22542.7832
108,126,0,-4136.082,-13943.2002,22846.7363
110,126,0,-1095.022,-14147.54,22875.7754
112,126,0,2122.7319,-14177.5898,22881.584
114,126,0,5334.4761,-14087.4404,22881.584
116,126,0,8371.9297,-13731.6484,22854.4805
118,126,0,11123.3086,-12566.9102,22813.8242
120,126,0,13264.0703,-10712.2246,21801.2949
122,126,0,14057.3906,-8539.0078,18897.2949
124,126,0,14193.2158,-6327.3281,15755.168
126,126,0,14142.7324,-4370.4722,12765.9844
128,126,0,13927.5742,-2811.478,10144.6396
130,126,0,13285.7061,-1690.0121,7978.2559
130,128,0,13829.0098,-44.474,8446.7676
128,128,0,14201.6299,-840.198,10994.5439
126,128,0,14231.6807,-2146.772,14289.6162
124,128,0,14247.3066,-4000.2561,18277.7754
122,128,0,14240.0947,-6252.8042,22306.5918
120,128,0,14198.0244,-8505.3525,22881.584
118,128,0,12788.0781,-10385.2803,22912.5605
116,128,0,9587.1523,-11779.6006,22937.7285
114,128,0,6073.7061,-12691.918,22939.6641
112,128,0,2381.1621,-13125.8398,22943.5352
110,128,0,-1345.038,-13118.6279,22947.4082
108,128,0,-4972.6743,-12600.5664,22935.791
106,128,0,-8159.1763,-11443.04,22899.0078
104,128,0,-10390.0879,-9785.4824,22821.5684
102,128,0,-11411.7881,-7968.0581,20624.207
100,128,0,-11406.9805,-6327.3281,16864.4961
100,130,0,-12542.8701,-3870.4402,18562.3672
102,130,0,-12871.0166,-4847.666,22602.8008
104,130,0,-11939.4658,-6016.0103,22897.0723
106,130,0,-9359.9746,-7008.8623,22951.2793
108,130,0,-5608.5322,-7542.5503,22959.0234
110,130,0,-1494.0861,-7591.832,22962.8965
112,130,0,2637.188,-7323.7861,22980.3203
114,130,0,6681.918,-6785.29,22964.832
116,130,0,10567.9844,-6007.5962,22972.5762
118,130,0,13861.4639,-4923.3921,22955.1523
120,130,0,14241.2959,-3485.8,22928.0488
122,130,0,14259.3262,-1730.88,22871.9043
124,130,0,14262.9326,-34.858,20643.5684
126,130,0,14252.1143,1195.99,15464.7676
128,130,0,14230.4785,1852.282,11494.0322
130,130,0,13975.6543,2077.0562,8591.9678
130,132,0,13856.6563,4453.4102,8166.0479
128,132,0,14222.0645,5089.2681,11062.3037
126,132,0,14256.9219,5618.1479,15246.0
124,132,0,14270.1445,5904.2241,21059.8086
122,132,0,14271.3467,5851.3359,22908.6875
120,132,0,14255.7207,5547.23,22943.5352
118,132,0,14161.9639,5138.5503,22970.6406
116,132,0,11452.6563,4645.73,22980.3203
114,132,0,7499.2783,4033.9121,22978.3848
112,132,0,3371.6101,3340.3582,22968.7031
110,132,0,-869.046,2539.8259,22968.7031
108,132,0,-5163.792,1647.942,22968.7031
106,132,0,-9245.7842,776.492,22949.3437
104,132,0,-12194.29,84.14,22922.2402
102,132,0,-13182.334,-369.014,22833.1836
100,132,0,-12820.5322,-647.878,19439.375
100,134,0,-11982.7383,2450.8779,19069.5996
102,134,0,-12018.7979,4065.1641,22782.8477
104,134,0,-10576.3984,6303.2881,22899.0078
106,134,0,-7502.8843,8892.3965,22943.5352
108,134,0,-3578.354,11376.9307,22955.1523
110,134,0,397.862,13297.7266,22968.7031
112,134,0,4307.9683,14074.2178,22962.8965
114,134,0,8124.3184,14216.0547,22976.4473
116,134,0,11751.9541,14226.8721,22976.4473
118,134,0,14141.5303,14224.4678,22955.1523
120,134,0,14250.9121,14205.2363,22922.2402
122,134,0,14265.3359,13839.8281,22821.5684
124,134,0,14255.7207,12161.8359,18426.8477
126,134,0,14240.0947,10130.4561,13310.0
128,134,0,14104.2686,8314.2344,9662.5762
130,134,0,13075.3564,6793.7041,7132.2241
130,136,0,11439.4346,8643.582,5593.104
128,136,0,12879.4307,10741.0723,7343.248
126,136,0,13993.6846,13266.4746,9753.5684
124,136,0,14223.2666,14225.6699,13025.4082
122,136,0,14237.6904,14256.9219,17251.6953
120,136,0,14228.0742,14270.1445,21689.0078
118,136,0,14033.3506,14280.9619,22850.6074
116,136,0,12056.0605,14268.9424,22885.4551
114,136,0,9051.0605,14284.5684,22929.9844
112,136,0,5821.2861,14267.7402,22920.3047
110,136,0,2508.574,14259.3262,22933.8555
108,136,0,-860.632,14223.2666,22912.5605
106,136,0,-4325.998,13081.3662,22900.9434
104,136,0,-7519.7119,9820.3398,22862.2246
102,136,0,-9603.9805,6883.854,21719.9844
100,136,0,-10262.6758,4625.2959,17873.1523
100,138,0,-8323.8506,5576.0781,16457.9355
102,138,0,-7036.5083,7775.7383,19261.2637
104,138,0,-4482.2583,10548.752,21652.2246
106,138,0,-1246.474,13419.1279,22356.9277
108,138,0,1829.4441,14225.6699,22399.5195
110,138,0,4645.73,14262.9326,22219.4727
112,138,0,7362.25,14267.7402,21737.4082
114,138,0,9954.9639,14278.5586,20533.2168
116,138,0,12270.0166,14276.1543,18676.5918
118,138,0,13815.7881,14271.3467,16138.4961
120,138,0,14128.3086,14267.7402,13023.4717
122,138,0,14035.7539,14260.5283,9718.7197
124,138,0,13196.7578,14243.7002,7271.6157
126,138,0,11717.0967,14104.2686,5771.2158
128,138,0,10453.7939,12226.7441,4681.248
130,138,0,9410.458,9869.6221,3759.7119
130,140,0,7236.04,10459.8037,1792.736
128,140,0,7893.5342,12709.9482,1889.536
126,140,0,8880.376,14171.5801,1829.52
124,140,0,10529.5205,14243.7002,1868.24
122,140,0,12744.8066,14260.5283,3068.5601
120,140,0,13808.5762,14268.9424,5842.8481
118,140,0,13691.9824,14272.5479,8882.3682
116,140,0,12767.6445,14267.7402,11513.3916
114,140,0,11087.248,14260.5283,13675.9043
112,140,0,9043.8486,14259.3262,15429.9199
110,140,0,6822.5522,14241.2959,16823.8398
108,140,0,4420.9561,14098.2578,17995.1191
106,140,0,1604.67,12402.2363,18864.3848
104,140,0,-1670.78,9822.7441,18845.0234
102,140,0,-4636.1143,7494.4702,17445.2969
100,140,0,-6490.8003,5648.1982,15315.6963
100,142,0,-5119.3179,5250.3359,14700.0479
102,142,0,-2843.9321,6645.8579,16506.3359
104,142,0,548.112,8563.0479,17292.3516
106,142,0,3929.3381,10842.04,16459.8711
108,142,0,6524.4561,13070.5479,14837.5039
110,142,0,8573.8662,14122.2979,13133.8242
112,142,0,10465.8145,14231.6807,11310.1123
114,142,0,12116.1602,14247.3066,9168.8955
116,142,0,13242.4346,14254.5186,6696.624
118,142,0,13712.416,14252.1143,3872.0
120,142,0,13421.5322,14260.5283,706.64
122,142,0,11414.1924,14253.3164,-1961.168
124,142,0,8462.0801,14241.2959,-2476.144
126,142,0,6535.2739,14079.0264,-1558.48
128,142,0,5626.562,12622.2021,-636.944
130,142,0,5175.812,10537.9346,-75.504
130,144,0,3275.45,10232.626,-1815.968
128,144,0,3586.7681,12052.4541,-2905.936
126,144,0,4487.0659,13689.5781,-4476.0317
124,144,0,6684.3223,14204.0342,-6129.376
122,144,0,10342.0078,14229.2764,-6117.7598
120,144,0,13177.5264,14241.2959,-3467.376
118,144,0,13808.5762,14231.6807,-191.664
116,144,0,13693.1846,14223.2666,2737.5039
114,144,0,13149.8799,14212.4482,5558.2559
112,144,0,11885.376,13962.4326,8146.688
110,144,0,10219.4043,12957.5605,10305.3281
108,144,0,8508.958,11313.2246,12396.208
106,144,0,6189.0981,9358.7725,14823.9521
104,144,0,2634.7839,7380.2803,16560.543
102,144,0,-1320.998,5800.8521,16277.8877
100,144,0,-4055.5481,4746.6982,14523.8721
100,146,0,-3353.5801,4368.0679,14651.6475
102,146,0,-277.662,5101.2881,16471.4883
104,146,0,4164.9302,6308.0962,16432.7676
106,146,0,7906.7563,7864.686,13995.3438
108,146,0,10037.9023,9398.4385,11050.6875
110,146,0,11620.9365,10839.6357,8624.8799
112,146,0,13078.9619,12193.0879,5984.1758
114,146,0,13784.5361,13159.4961,2985.312
116,146,0,13949.21,13617.458,114.224
118,146,0,13969.6445,13950.4121,-2836.24
120,146,0,13280.8984,14099.46,-6485.6001
122,146,0,9832.3604,14105.4707,-9407.0244
124,146,0,5465.4941,13859.0605,-9188.2559
126,146,0,2877.5881,12849.3799,-7033.4878
128,146,0,1853.484,11303.6084,-4932.9277
130,146,0,1563.802,9706.1504,-3397.6799
130,148,0,118.998,9036.6357,-4719.9678
128,148,0,397.862,10396.0986,-6572.7197
126,148,0,1519.328,11703.874,-9046.9277
124,148,0,4417.3501,12765.2402,-11600.5117
122,148,0,9385.2158,13253.252,-12034.1758
120,148,0,13505.6719,13119.8301,-8785.5684
118,148,0,14141.5303,12449.1143,-4456.6719
116,148,0,14111.4805,11623.3398,-1142.24
114,148,0,14012.916,10963.4424,1496.528
112,148,0,13814.5859,10262.6758,4510.8799
110,148,0,12886.6426,9206.1182,7616.2241
108,148,0,11346.8799,8014.936,10396.3203
106,148,0,9317.9043,6796.1079,13641.0557
104,148,0,5495.5439,5627.7642,16589.584
102,148,0,616.626,4734.6782,16895.4727
100,148,0,-2825.9021,4199.7881,14926.5596
100,150,0,-2471.312,4252.6763,15141.4561
102,150,0,1119.062,4626.498,17267.1836
104,150,0,6291.2681,5217.8823,16914.832
106,150,0,10274.6963,6018.4141,13710.752
108,150,0,12316.8945,6912.7021,10194.9756
110,150,0,13616.2559,7796.1724,7097.376
112,150,0,14046.5723,8500.5439,3837.1521
114,150,0,14167.9746,9132.7959,1113.2
116,150,0,14207.6406,10060.7402,-1748.208
118,150,0,14214.8525,10961.0381,-5643.4399
120,150,0,13855.4541,11622.1387,-10557.0078
122,150,0,9335.9346,11821.6699,-14219.9199
124,150,0,3711.7761,11404.5762,-13745.5996
126,150,0,431.518,10542.7422,-10891.9355
128,150,0,-861.834,9451.3262,-8084.7358
130,150,0,-1197.192,8274.5684,-5941.584
130,150,2,359.398,7252.8682,-4969.7119
128,150,2,1051.75,8197.6406,-6353.9521
126,150,2,2452.0801,9060.6758,-7836.9277
124,150,2,4805.5962,9728.9883,-8882.3682
122,150,2,7907.958,10099.2041,-8624.8799
120,150,2,10683.376,10113.6279,-6685.0078
118,150,2,12273.6221,9811.9258,-3810.0481
116,150,2,12762.8359,9305.8838,-882.816
114,150,2,12594.5566,8707.2881,1781.12
112,150,2,12027.2119,8090.6621,4307.6001
110,150,2,11060.8047,7440.3804,6808.9121
108,150,2,9635.2324,6731.2002,9228.9121
106,150,2,7617.0742,6016.0103,11484.3516
104,150,2,4881.3223,5359.7183,13116.4004
102,150,2,1789.7781,4795.98,13497.792
100,150,2,-781.3,4341.624,12665.3115
100,148,2,-1252.484,4332.0083,12702.0957
102,148,2,1155.1221,4901.7559,13540.3838
104,148,2,4090.406,5651.8042,13279.0244
106,148,2,6768.4619,6535.2739,11832.832
108,148,2,8802.2461,7480.0459,9778.7363
110,148,2,10293.9277,8388.7578,7560.0801
112,148,2,11375.7285,9207.3203,5200.0962
114,148,2,12036.8281,9899.6719,2768.48
116,148,2,12282.0361,10477.834,292.336
118,148,2,11951.4863,10961.0381,-2365.792
120,148,2,10640.1045,11244.71,-5002.624
122,148,2,8233.7002,11190.6201,-6836.0161
124,148,2,5483.5239,10732.6582,-7169.0078
126,148,2,3352.3782,9942.9443,-6315.2319
128,148,2,2078.2581,8940.4766,-5058.7681
130,148,2,1429.178,7835.8384,-3877.8079
130,146,2,2610.7441,8316.6377,-2627.1521
128,146,2,3200.926,9561.9102,-3517.7119
126,146,2,4324.7959,10745.8799,-4493.4561
124,146,2,6167.4619,11719.5,-5118.7842
122,146,2,8531.7959,12349.3486,-4718.0317
120,146,2,10566.7822,12550.082,-3008.5439
118,146,2,11625.7441,12385.4082,-607.904
116,146,2,11813.2559,11982.7383,1850.816
114,146,2,11446.6465,11400.9697,4210.7998
112,146,2,10626.8818,10608.8525,6493.3437
110,146,2,9403.2461,9617.2021,8622.9443
108,146,2,7834.6362,8506.5537,10586.0479
106,146,2,5799.6499,7328.5942,12365.2314
104,146,2,3217.7542,6195.1079,13548.1279
102,146,2,444.74,5210.6699,13660.416
100,146,2,-1834.2521,4447.3999,12789.2158
100,144,2,-2583.0981,4630.104,12975.0723
102,144,2,-558.93,5570.0679,13952.752
104,144,2,1991.714,6779.2803,14119.248
106,144,2,4478.6519,8153.166,13346.7842
108,144,2,6576.1421,9566.7178,11966.416
110,144,2,8281.7803,10860.0703,10336.3037
112,144,2,9698.9385,11989.9502,8508.7197
114,144,2,10771.1221,12886.6426,6456.5601
116,144,2,11393.7578,13402.2998,4243.7119
118,144,2,11459.8682,13657.124,1912.7679
120,144,2,10741.0723,13665.5381,-360.096
122,144,2,9143.6143,13384.2705,-2063.7759
124,144,2,7171.1323,12663.0703,-2679.4241
126,144,2,5568.8662,11487.5146,-2387.0879
128,144,2,4543.5601,10118.4365,-1783.056
130,144,2,3958.186,8702.4805,-1215.808
130,142,2,5413.8081,8835.9023,338.8
128,142,2,6022.02,10375.6641,201.344
126,142,2,6958.3779,11949.082,69.696
124,142,2,8305.8203,13285.7061,234.256
122,142,2,9869.6221,13974.4521,1146.1119
120,142,2,11028.3506,14145.1367,2952.3999
118,142,2,11370.9199,14173.9844,5188.48
116,142,2,10970.6543,14113.8838,7407.1357
114,142,2,10039.1045,13928.7764,9430.2559
112,142,2,8701.2783,13298.9287,11201.6963
110,142,2,7066.5581,12142.6045,12700.1602
108,142,2,5186.6299,10684.5781,13935.3281
106,142,2,3003.7981,9058.2725,14831.6963
104,142,2,594.99,7451.1982,15118.2236
102,142,2,-1727.274,6003.9902,14587.7598
100,142,2,-3541.092,4811.606,13399.0557
100,140,2,-4679.3862,4821.2222,14080.5283
102,140,2,-3176.886,6183.0879,15600.2881
104,140,2,-1081.8,7841.8481,16634.1113
106,140,2,1250.0801,9646.0498,16974.8477
108,140,2,3533.8801,11437.0303,16672.832
110,140,2,5631.3701,13026.0742,15929.4082
112,140,2,7546.1562,13948.0078,14829.7598
114,140,2,9231.3604,14195.6201,13375.8242
116,140,2,10565.5801,14217.2559,11561.792
118,140,2,11405.7783,14229.2764,9432.1924
120,140,2,11552.4219,14220.8623,7151.584
122,140,2,10917.7666,14133.1162,5097.4878
124,140,2,9778.2705,13540.5303,3662.9119
126,140,2,8638.7744,12072.8887,2871.0879
128,140,2,7716.8403,10339.6045,2389.0239
130,140,2,7007.6602,8686.8545,2019.248
130,138,2,8564.25,8113.5,3684.208
128,138,2,9409.2559,9728.9883,4630.9121
126,138,2,10378.0684,11501.9385,5837.04
124,138,2,11367.3145,13196.7578,7440.0479
122,138,2,12111.3525,14067.0059,9561.9043
120,138,2,12233.9561,14220.8623,12065.1523
118,138,2,11576.4619,14236.4883,14541.2959
116,138,2,10257.8682,14228.0742,16678.6406
114,138,2,8492.1299,14207.6406,18330.0488
112,138,2,6425.8921,14034.5527,19468.416
110,138,2,4174.5459,13244.8379,20107.2949
108,138,2,1818.626,11624.542,20266.0488
106,138,2,-605.808,9709.7559,19867.2324
104,138,2,-2892.012,7768.5264,18798.5605
102,138,2,-4779.1519,5952.3042,17071.6484
100,138,2,-6008.7983,4443.7939,15033.04
100,136,2,-7322.584,3455.75,16039.7598
102,136,2,-6454.7402,4839.252,18688.207
104,136,2,-4834.4438,6554.5063,21216.623
106,136,2,-2592.7141,8438.04,22579.5684
108,136,2,-27.646,10283.1104,22827.375
110,136,2,2608.3401,11891.3857,22840.9277
112,136,2,5216.6802,13135.4561,22829.3125
114,136,2,7698.8101,13806.1719,22802.207
116,136,2,9926.1162,13999.6943,22275.6152
118,136,2,11774.792,14008.1084,20444.1602
120,136,2,12992.418,13824.2021,17636.959
122,136,2,13334.9883,13072.9521,14473.5361
124,136,2,13032.084,11684.6426,11432.0801
126,136,2,12170.25,10082.376,8876.5596
128,136,2,11102.874,8500.5439,6845.6958
130,136,2,10075.1641,7065.356,5294.96
130,134,2,11235.0938,5601.3203,6568.8481
128,134,2,12376.9941,6612.2021,8593.9043
126,134,2,13390.2803,7712.0322,11273.3281
124,134,2,13922.7666,8787.8223,14624.5439
122,134,2,13968.4424,9714.5645,18473.3125
120,134,2,13490.0459,10314.3623,22078.1445
118,134,2,11962.3047,10539.1357,22850.6074
116,134,2,9702.5439,10385.2803,22889.3281
114,134,2,7089.396,9917.7021,22908.6875
112,134,2,4258.686,9154.4326,22916.4316
110,134,2,1342.634,8125.52,22906.752
108,134,2,-1551.782,6861.0161,22912.5605
106,134,2,-4280.3223,5429.4341,22873.8398
104,134,2,-6464.356,4009.8721,22657.0078
102,134,2,-7855.0703,2750.176,20076.3203
100,134,2,-8424.8184,1757.324,16841.2637
100,132,2,-9021.0098,-448.346,17015.5039
102,132,2,-8674.834,-153.856,20457.7109
104,132,2,-7502.8843,283.672,22804.1445
106,132,2,-5442.6562,857.026,22889.3281
108,132,2,-2715.3181,1538.5601,22939.6641
110,132,2,305.308,2241.73,22935.791
112,132,2,3392.0439,2924.4661,22933.8555
114,132,2,6403.0542,3506.2341,22939.6641
116,132,2,9224.1484,4018.2861,22920.3047
118,132,2,11753.1563,4436.582,22899.0078
120,132,2,13544.1367,4731.0723,22823.5039
122,132,2,14070.6123,4884.9282,20788.7676
124,132,2,14107.874,4846.4639,16591.5195
126,132,2,13910.7461,4618.084,12849.2314
128,132,2,13143.8701,4243.0601,9813.584
130,132,2,12017.5967,3779.0881,7488.4478
130,130,2,12273.6221,1944.8361,7875.6479
128,130,2,13237.626,1859.494,10185.2959
126,130,2,13885.5039,1562.6,13131.8877
124,130,2,14040.5625,1016.892,16661.2168
122,130,2,13957.624,253.622,20525.4727
120,130,2,13173.9199,-616.626,22796.4004
118,130,2,11232.6904,-1450.8141,22883.5195
116,130,2,8700.0762,-2197.2561,22929.9844
114,130,2,5880.1841,-2810.2761,22926.1113
112,130,2,2894.416,-3299.49,22918.3672
110,130,2,-126.21,-3627.636,22920.3047
108,130,2,-3041.0601,-3810.3401,22906.752
106,130,2,-5633.7739,-3773.0781,22869.9687
104,130,2,-7550.9644,-3531.4761,22544.7207
102,130,2,-8644.7842,-3160.0581,19691.0566
100,130,2,-8956.1025,-2774.2161,16438.5762
100,128,2,-8403.1826,-4673.376,15230.5117
102,128,2,-8042.582,-5512.3721,17971.8887
104,128,2,-7032.9023,-6377.812,20837.168
106,128,2,-5312.8403,-7123.0522,22674.4316
108,128,2,-2995.384,-7624.2861,22854.4805
110,128,2,-329.348,-7817.8081,22871.9043
112,128,2,2472.5142,-7702.416,22873.8398
114,128,2,5256.3462,-7315.3721,22871.9043
116,128,2,7883.918,-6662.686,22864.1602
118,128,2,10248.252,-5752.772,22806.0801
120,128,2,12140.2002,-4616.8823,21778.0645
122,128,2,13272.4844,-3355.9841,18821.791
124,128,2,13623.4678,-2115.52,15633.2002
126,128,2,13457.5918,-1080.598,12630.4639
128,128,2,12940.7324,-304.106,10009.1201
130,128,2,12113.7559,201.936,7858.2241
130,126,2,11606.5127,-1169.546,7498.1279
128,126,2,12196.6943,-1921.998,9347.0078
126,126,2,12583.7383,-2931.678,11519.2002
124,126,2,12592.1523,-4162.5259,13917.9043
122,126,2,12060.8682,-5544.8262,16407.5996
120,126,2,10915.3623,-6921.1162,18754.0312
118,126,2,9237.3701,-8142.3481,20722.9434
116,126,2,7136.2739,-9113.5645,22014.2559
114,126,2,4797.1821,-9779.4727,22478.8965
112,126,2,2313.8501,-10128.0518,22577.6328
110,126,2,-181.502,-10120.8398,22382.0957
108,126,2,-2519.3921,-9774.6641,21747.0879
106,126,2,-4557.9839,-9088.3223,20163.4395
104,126,2,-6091.7363,-8162.7822,18146.127
102,126,2,-7079.7803,-7101.416,15902.3037
100,126,2,-7524.52,-6062.8882,13704.9443
100,124,2,-6558.1123,-6881.4502,12109.6797
102,124,2,-6061.686,-7929.5942,13801.7441
104,124,2,-5145.7622,-8977.7383,15493.8076
106,124,2,-3794.7141,-9909.2881,17017.4395
108,124,2,-2053.0161,-10614.8623,18240.9922
110,124,2,-40.868,-11017.5322,19052.1758
112,124,2,2110.7122,-11077.6318,19373.5527
114,124,2,4270.7061,-10801.1719,19193.5039
116,124,2,6309.2983,-10192.96,18531.3926
118,124,2,8142.3481,-9283.0459,17400.7676
120,124,2,9628.0205,-8131.5303,15892.624
122,124,2,10685.7803,-6824.9561,14111.5039
124,124,2,11286.7803,-5473.9082,12187.1201
126,124,2,11444.2422,-4214.2119,10289.8398
128,124,2,11271.1543,-3122.7961,8520.3359
130,124,2,10890.1201,-2235.72,6956.0479
130,122,2,10102.8105,-2962.9302,6313.2959
128,122,2,10295.1299,-3860.824,7591.0562
126,122,2,10301.1406,-4920.9883,8998.5283
124,122,2,10040.3066,-6091.7363,10464.0801
122,122,2,9445.3164,-7316.5742,11923.8242
120,122,2,8487.3223,-8499.3418,13273.2158
118,122,2,7197.5762,-9533.0625,14413.5195
116,122,2,5632.5723,-10356.4326,15280.8477
114,122,2,3895.6821,-10902.1406,15797.7598
112,122,2,2056.6221,-11149.752,15960.3838
110,122,2,228.38,-11084.8438,15737.7441
108,122,2,-1482.066,-10713.4258,15153.0723
106,122,2,-2989.374,-10070.3564,14260.5762
104,122,2,-4180.5562,-9238.5723,13145.4395
102,122,2,-5048.3999,-8275.7705,11877.3604
100,122,2,-5578.4819,-7288.9282,10574.4316
100,120,2,-4696.2139,-7381.4819,9190.1924
102,120,2,-4168.5361,-8246.9219,10179.4883
104,120,2,-3380.0242,-9081.1104,11130.0635
106,120,2,-2337.8901,-9805.916,11962.5439
108,120,2,-1058.962,-10360.0381,12626.5918
110,120,2,390.65,-10690.5879,13056.3838
112,120,2,1938.826,-10757.9004,13220.9443
114,120,2,3501.426,-10549.9541,13098.9756
116,120,2,4978.6841,-10088.3857,12704.0322
118,120,2,6324.9243,-9380.4082,12043.8555
120,120,2,7454.8042,-8484.918,11168.7842
122,120,2,8323.8506,-7460.814,10136.8955
124,120,2,8912.8301,-6387.4282,9008.208
126,120,2,9233.7646,-5326.062,7850.48
128,120,2,9335.9346,-4324.7959,6714.0479
130,120,2,9274.6318,-3443.73,5656.9922
130,118,2,8499.3418,-3691.342,5018.1118
128,118,2,8460.8779,-4500.2881,5873.8237
126,118,2,8282.9824,-5390.9702,6768.2559
124,118,2,7928.3921,-6324.9243,7670.4321
122,118,2,7364.6543,-7260.0801,8543.5684
120,118,2,6590.5659,-8136.3384,9337.3281
118,118,2,5615.7441,-8908.0225,10005.248
116,118,2,4471.4399,-9516.2344,10512.4795
114,118,2,3220.158,-9920.1064,10824.1758
112,118,2,1908.776,-10106.416,10936.4639
110,118,2,602.202,-10060.7402,10833.8555
108,118,2,-633.454,-9797.502,10527.9678
106,118,2,-1739.2941,-9340.7422,10047.8398
104,118,2,-2658.824,-8733.7324,9432.1924
102,118,2,-3383.6301,-8023.3501,8715.8721
100,118,2,-3901.6921,-7269.6963,7962.7681
100,116,2,-3223.7642,-7025.6899,6892.1602
102,116,2,-2734.55,-7662.75,7474.896
104,116,2,-2087.874,-8252.9326,8011.168
106,116,2,-1286.14,-8757.7725,8475.8076
108,116,2,-340.166,-9136.4023,8835.9043
110,116,2,707.978,-9353.9639,9060.4795
112,116,2,1811.4141,-9388.8223,9134.0479
114,116,2,2926.8701,-9237.3701,9044.9922
116,116,2,3991.842,-8897.2041,8802.9922
118,116,2,4976.2803,-8387.5566,8408.0479
120,116,2,5833.3062,-7736.0723,7887.2642
122,116,2,6534.0723,-6988.4282,7267.7441
124,116,2,7064.1543,-6184.29,6582.3999
126,116,2,7428.3604,-5368.1323,5869.9521
128,116,2,7653.1343,-4567.6001,5140.0801
130,116,2,7756.5063,-3806.7341,4429.5679
130,114,2,7085.79,-3788.7041,3889.4241
128,114,2,6939.146,-4457.0161,4464.416
126,114,2,6689.1299,-5166.1963,5051.0239
124,114,2,6328.5303,-5874.1743,5620.208
122,114,2,5836.9121,-6559.314,6158.416
120,114,2,5215.478,-7196.374,6642.416
118,114,2,4471.4399,-7750.4961,7052.8481
116,114,2,3630.04,-8191.6304,7362.6079
114,114,2,2723.7319,-8486.1201,7562.0161
112,114,2,1778.9601,-8629.1582,7641.3921
110,114,2,836.592,-8618.3398,7598.7998
108,114,2,-58.898,-8448.8584,7438.1118
106,114,2,-879.864,-8144.752,7174.8159
104,114,2,-1586.64,-7737.2739,6830.208
102,114,2,-2178.0239,-7239.646,6419.7759
100,114,2,-2640.7939,-6699.9482,5970.624
100,112,2,-2146.772,-6338.146,5176.8638
102,112,2,-1723.6681,-6786.4922,5523.4082
104,112,2,-1198.394,-7193.9702,5837.04
106,112,2,-579.364,-7530.5303,6100.3359
108,112,2,125.008,-7774.5361,6295.8721
110,112,2,891.884,-7907.958,6413.9678
112,112,2,1694.8201,-7916.3721,6444.9438
114,112,2,2503.7661,-7791.3643,6377.1841
116,112,2,3281.46,-7542.5503,6220.3682
118,112,2,4012.2761,-7171.1323,5970.624
120,112,2,4662.5581,-6705.958,5647.312
122,112,2,5222.6899,-6160.25,5260.1118
124,112,2,5679.4502,-5567.6641,4828.3838
126,112,2,6026.8281,-4954.644,4367.6162
128,112,2,6284.0562,-4327.2002,3887.488
130,112,2,6457.144,-3709.3721,3407.3599
130,110,2,5900.6182,-3563.9302,2977.5679
128,110,2,5714.3081,-4102.4263,3374.448
126,110,2,5459.4839,-4649.3359,3763.584
124,110,2,5126.5303,-5186.6299,4137.2319
122,110,2,4713.042,-5695.0762,4483.7759
120,110,2,4216.6162,-6160.25,4791.6001
118,110,2,3649.272,-6558.1123,5049.0879
116,110,2,3018.2222,-6877.8442,5248.4961
114,110,2,2347.5061,-7099.0122,5380.144
112,110,2,1656.3561,-7213.2021,5442.0962
110,110,2,965.206,-7222.8184,5428.5439
108,110,2,306.51,-7125.4561,5347.2319
106,110,2,-310.116,-6931.9341,5202.0317
104,110,2,-857.026,-6661.4839,5006.4961
102,110,2,-1333.0181,-6326.126,4764.4961
100,110,2,-1727.274,-5946.2939,4491.52
100,110,4,-1452.016,-5328.4663,4491.52
102,110,4,-1089.012,-5637.3799,4743.2002
104,110,4,-652.686,-5912.6382,4969.7119
106,110,4,-157.462,-6131.4023,5151.6958
108,110,4,397.862,-6287.6621,5287.2158
110,110,4,991.65,-6360.9839,5362.7202
112,110,4,1610.6801,-6346.5601,5368.5278
114,110,4,2232.114,-6243.188,5306.5762
116,110,4,2831.9121,-6053.272,5176.8638
118,110,4,3400.458,-5779.2163,4981.3281
120,110,4,3916.116,-5435.4443,4729.6479
122,110,4,4370.4722,-5036.3799,4429.5679
124,110,4,4752.708,-4598.8521,4092.7039
126,110,4,5064.0259,-4137.2842,3728.7361
128,110,4,5310.436,-3658.8882,3345.408
130,110,4,5493.1401,-3178.0881,2952.3999
130,112,4,5971.5361,-3263.4302,3345.408
128,112,4,5802.0542,-3773.0781,3806.176
126,112,4,5554.4419,-4309.1699,4265.0078
124,112,4,5228.7002,-4828.4341,4706.416
122,112,4,4816.4141,-5328.4663,5120.7202
120,112,4,4316.3818,-5784.0239,5488.5601
118,112,4,3739.4221,-6177.0781,5798.3198
116,112,4,3091.5439,-6495.6079,6040.3198
114,112,4,2402.7981,-6717.978,6201.0078
112,112,4,1688.8101,-6834.5723,6272.6401
110,112,4,976.024,-6846.5923,6257.1519
108,112,4,292.086,-6754.0381,6158.416
106,112,4,-342.57,-6566.5259,5982.2397
104,112,4,-906.308,-6300.8843,5742.1758
102,112,4,-1393.118,-5975.1421,5453.7119
100,112,4,-1792.182,-5607.3301,5130.3999
100,114,4,-2187.6401,-5852.5381,5854.4639
102,114,4,-1764.536,-6282.854,6270.7041
104,114,4,-1230.848,-6671.1001,6646.2881
106,114,4,-602.202,-6992.0342,6961.856
108,114,4,122.604,-7225.2222,7199.9839
110,114,4,907.51,-7350.23,7343.248
112,114,4,1729.678,-7349.0283,7376.1602
114,114,4,2557.856,-7224.02,7298.7197
116,114,4,3353.5801,-6976.4082,7110.9277
118,114,4,4097.6182,-6615.8081,6818.5918
120,114,4,4758.7183,-6159.0483,6431.3921
122,114,4,5320.0522,-5632.5723,5974.4961
124,114,4,5769.6001,-5067.6323,5465.3281
126,114,4,6108.564,-4477.4502,4923.248
128,114,4,6350.166,-3882.46,4363.7441
130,114,4,6506.4263,-3301.894,3804.24
130,116,4,7064.1543,-3264.6321,4284.3682
128,116,4,6942.752,-3868.0361,4944.5439
126,116,4,6717.978,-4519.52,5620.208
124,116,4,6373.0039,-5183.0239,6282.3198
122,116,4,5897.0122,-5828.498,6917.3281
120,116,4,5283.9922,-6429.498,7488.4478
118,116,4,4542.3579,-6952.3682,7970.5117
116,116,4,3694.948,-7374.27,8340.2881
114,116,4,2780.2261,-7661.5483,8578.416
112,116,4,1818.626,-7810.5962,8673.2803
110,116,4,865.44,-7808.1924,8624.8799
108,116,4,-48.08,-7661.5483,8435.1523
106,116,4,-879.864,-7386.29,8123.4561
104,116,4,-1596.256,-7011.2661,7718.832
102,116,4,-2190.0439,-6559.314,7238.7041
100,116,4,-2654.0161,-6058.0801,6710.1758
100,118,4,-3172.0781,-6166.2603,7649.1357
102,118,4,-2691.2781,-6728.7959,8318.9922
104,118,4,-2042.198,-7252.8682,8946.2559
106,118,4,-1241.666,-7695.2041,9486.4004
108,118,4,-294.49,-8024.5522,9904.5762
110,118,4,753.654,-8203.6504,10164.0
112,118,4,1863.1,-8219.2764,10247.248
114,118,4,2976.1521,-8054.6021,10140.7676
116,118,4,4038.72,-7733.668,9856.1758
118,118,4,5018.3501,-7257.6763,9399.2803
120,118,4,5863.356,-6657.8779,8793.3115
122,118,4,6546.0923,-5977.5459,8076.9922
124,118,4,7055.7402,-5246.73,7281.2959
126,118,4,7398.3101,-4511.106,6458.4961
128,118,4,7594.2363,-3791.1082,5629.8882
130,118,4,7669.9619,-3132.4121,4824.5122
130,120,4,8282.9824,-2857.1541,5372.3999
128,120,4,8278.1738,-3524.2642,6321.04
126,120,4,8138.7422,-4277.918,7329.6958
124,120,4,7817.8081,-5080.854,8346.0957
122,120,4,7288.9282,-5898.2139,9341.2002
120,120,4,6547.2939,-6665.0903,10247.248
118,120,4,5604.9263,-7339.4121,11010.0322
116,120,4,4488.2681,-7888.7261,11592.7676
114,120,4,3263.4302,-8266.1543,11964.4795
112,120,4,1970.078,-8453.666,12094.1924
110,120,4,685.14,-8445.252,11979.9678
108,120,4,-531.284,-8245.7197,11643.1035
106,120,4,-1622.7001,-7874.3022,11099.0879
104,120,4,-2532.614,-7371.8662,10400.1924
102,120,4,-3247.804,-6782.8862,9592.8799
100,120,4,-3762.26,-6147.0283,8733.2959
100,122,4,-4390.9062,-5937.8799,9892.96
102,122,4,-3874.0461,-6607.394,10977.1201
104,122,4,-3105.968,-7251.666,12018.6875
106,122,4,-2095.0859,-7798.5762,12934.416
108,122,4,-853.42,-8210.8623,13664.2881
110,122,4,543.304,-8428.4238,14126.9922
112,122,4,2032.582,-8440.4443,14297.3604
114,122,4,3529.072,-8226.4883,14150.2236
116,122,4,4941.4219,-7813.0,13699.1357
118,122,4,6221.5522,-7209.5962,12965.3916
120,122,4,7290.1304,-6457.144,11993.5195
122,122,4,8103.8843,-5614.542,10845.4717
124,122,4,8649.5918,-4727.4663,9592.8799
126,122,4,8933.2646,-3874.0461,8324.7998
128,122,4,9002.9805,-3085.5339,7089.6318
130,122,4,8917.6377,-2402.7981,5937.7119
130,124,4,9516.2344,-1723.6681,6443.0078
128,124,4,9715.7666,-2347.5061,7784.6558
126,124,4,9749.4219,-3105.968,9271.5039
124,124,4,9533.0625,-3964.196,10826.1123
122,124,4,8999.374,-4884.9282,12388.4639
120,124,4,8129.126,-5786.4282,13838.5283
118,124,4,6946.3579,-6588.1621,15067.8877
116,124,4,5505.1602,-7250.4644,16004.9121
114,124,4,3899.2881,-7710.8301,16574.0957
112,124,4,2193.6501,-7958.4424,16763.8242
110,124,4,485.608,-7981.2803,16545.0566
108,124,4,-1123.87,-7779.3442,15954.5762
106,124,4,-2533.8162,-7373.0684,15017.5518
104,124,4,-3674.5142,-6816.542,13848.208
102,124,4,-4512.3081,-6160.25,12518.1758
100,124,4,-5047.1982,-5477.5142,11151.3604
100,126,4,-5661.4199,-4684.1938,12374.9121
102,126,4,-5146.9639,-5292.4062,14049.5518
104,126,4,-4261.0898,-5883.79,15712.5762
106,126,4,-3009.8081,-6383.8223,17203.2969
108,126,4,-1420.764,-6729.998,18388.127
110,126,4,387.044,-6870.6323,19158.6562
112,126,4,2309.042,-6798.5122,19449.0566
114,126,4,4229.8379,-6513.6382,19236.0957
116,126,4,6030.4341,-6036.4443,18537.1992
118,126,4,7645.9224,-5377.748,17387.2168
120,126,4,8945.2842,-4577.2163,15848.0957
122,126,4,9868.4199,-3692.5439,14041.8076
124,126,4,10388.8857,-2803.064,12107.7441
126,126,4,10516.2979,-2012.1481,10210.4639
128,126,4,10358.8359,-1345.038,8437.0879
130,126,4,10017.4678,-824.572,6866.9922
130,128,4,10354.0283,317.328,7103.1841
128,128,4,10832.4238,13.222,8826.2236
126,128,4,11141.3379,-449.548,10845.4717
124,128,4,11141.3379,-1055.3561,13081.5518
122,128,4,10701.4063,-1774.152,15398.9443
120,128,4,9771.0586,-2532.614,17592.4316
118,128,4,8386.3545,-3251.4102,19458.7363
116,128,4,6647.0601,-3883.6621,20844.9121
114,128,4,4679.3862,-4371.6743,21659.9687
112,128,4,2581.896,-4703.4263,21872.9277
110,128,4,473.588,-4878.918,21607.6953
108,128,4,-1532.55,-4878.918,20732.623
106,128,4,-3297.0862,-4707.0322,19311.5996
104,128,4,-4685.396,-4388.502,17514.9922
102,128,4,-5636.1782,-3975.0142,15513.168
100,128,4,-6157.8462,-3531.4761,13509.4082
100,130,4,-6424.6899,-2061.4299,14328.3359
102,130,4,-5901.8203,-2193.6501,16550.8633
104,130,4,-4898.1499,-2278.9919,18821.791
106,130,4,-3412.478,-2277.79,20839.1035
108,130,4,-1512.116,-2162.3979,22174.9434
110,130,4,622.636,-1938.826,22657.0078
112,130,4,2853.5481,-1632.316,22767.3594
114,130,4,5058.0161,-1232.05,22672.4961
116,130,4,7120.6479,-762.068,22209.791
118,130,4,8940.4766,-242.804,20908.8008
120,130,4,10382.876,288.48,18790.8164
122,130,4,11298.7998,794.522,16283.6963
124,130,4,11653.3906,1206.808,13642.9922
126,130,4,11524.7764,1496.49,11141.6797
128,130,4,11071.6221,1645.5381,8936.5762
130,130,4,10456.1982,1667.1741,7081.8882
130,132,4,10244.6465,3099.958,6706.3042
128,132,4,10933.3926,3442.5281,8508.7197
126,132,4,11510.3525,3712.978,10721.5684
124,132,4,11779.6006,3875.248,13277.0879
122,132,4,11568.0479,3905.2981,16043.6318
120,132,4,10767.5166,3786.3,18707.5684
118,132,4,9422.4785,3545.9001,20984.3047
116,132,4,7654.3359,3197.3201,22302.7207
114,132,4,5614.542,2765.802,22767.3594
112,132,4,3389.6401,2266.9719,22802.207
110,132,4,1116.6581,1730.88,22800.2715
108,132,4,-1093.8201,1185.172,22465.3437
106,132,4,-3080.7261,683.938,21435.3926
104,132,4,-4667.3662,257.228,19390.9766
102,132,4,-5759.9839,-88.948,17063.9043
100,132,4,-6354.9741,-347.378,14746.5117
100,134,4,-5949.8999,1242.868,14640.0322
102,134,4,-5250.3359,1877.524,16802.543
104,134,4,-4061.5581,2654.0161,18932.1445
106,134,4,-2423.2319,3519.4561,20748.1113
108,134,4,-425.508,4417.3501,21969.7285
110,134,4,1733.2841,5273.1743,22368.543
112,134,4,3930.54,6025.626,22422.752
114,134,4,6047.2622,6623.02,22107.1836
116,134,4,7958.4424,7025.6899,21197.2637
118,134,4,9570.3242,7233.6362,19462.6074
120,134,4,10744.6777,7197.5762,17209.1035
122,134,4,11369.7178,6943.9541,14636.1602
124,134,4,11432.2227,6473.9722,12028.3682
126,134,4,11052.3906,5870.5679,9652.8955
128,134,4,10415.3301,5190.2363,7627.8398
130,134,4,9689.3223,4495.48,5976.4321
130,136,4,8855.1338,5667.4302,4919.376
128,136,4,9539.0723,6638.646,6231.9839
126,136,4,10198.9697,7636.3062,7869.8398
124,136,4,10688.1846,8576.2705,9821.3281
122,136,4,10826.4141,9355.166,12028.3682
120,136,4,10475.4307,9885.248,14305.1035
118,136,4,9600.374,10100.4063,16401.791
116,136,4,8267.3564,9998.2363,18138.3848
114,136,4,6608.5962,9596.7686,19389.0391
112,136,4,4713.042,8930.8604,20128.5918
110,136,4,2693.6821,8037.7739,20333.8086
108,136,4,650.282,6970.3979,19996.9434
106,136,4,-1302.968,5796.0439,19112.1914
104,136,4,-3001.394,4624.0942,17741.5039
102,136,4,-4334.4121,3536.2842,16020.4004
100,136,4,-5220.2861,2610.7441,14150.2236
100,138,4,-4330.8062,3513.446,13430.0322
102,138,4,-3280.2581,4543.5601,14901.3916
104,138,4,-1824.636,5745.5601,16153.9844
106,138,4,-96.16,7032.9023,17009.6953
108,138,4,1784.9701,8317.8398,17398.832
110,138,4,3667.302,9480.1738,17315.584
112,138,4,5472.7061,10458.6025,16804.4805
114,138,4,7109.8301,11176.1963,15853.9043
116,138,4,8481.3125,11598.0986,14514.1924
118,138,4,9497.002,11696.6621,12816.3203
120,138,4,10046.3164,11441.8379,10913.2324
122,138,4,10095.5986,10846.8486,8979.168
124,138,4,9734.998,9950.1563,7223.2158
126,138,4,9133.998,8869.5586,5761.5361
128,138,4,8464.4844,7712.0322,4590.2559
130,138,4,7816.606,6572.5361,3647.4241
130,140,4,6655.4741,7108.6279,2238.0159
128,140,4,7240.8481,8280.5781,2758.8
126,140,4,7938.0083,9466.9521,3455.76
124,140,4,8678.4404,10558.3682,4412.144
122,140,4,9304.6826,11433.4238,5726.688
120,140,4,9605.1826,12001.9707,7362.6079
118,140,4,9424.8818,12217.1279,9122.4316
116,140,4,8769.792,12092.1201,10814.4961
114,140,4,7725.2539,11654.5918,12280.0479
112,140,4,6363.3882,10920.1699,13474.5596
110,140,4,4787.5659,9951.3584,14339.9521
108,140,4,3065.1001,8805.8525,14845.248
106,140,4,1250.0801,7542.5503,14955.5996
104,140,4,-521.668,6274.4399,14603.248
102,140,4,-2108.3081,5092.874,13807.5518
100,140,4,-3358.3879,4041.124,12673.0557
100,142,4,-2484.5339,4238.252,12032.2402
102,142,4,-1087.8101,5166.1963,12878.2715
104,142,4,610.616,6247.9961,13317.7441
106,142,4,2416.02,7412.7344,13259.6641
108,142,4,4173.3442,8597.9063,12752.4316
110,142,4,5757.5801,9676.1006,11888.9756
112,142,4,7139.8804,10604.0439,10735.1201
114,142,4,8260.1445,11321.6387,9323.7764
116,142,4,9036.6357,11788.0146,7724.6401
118,142,4,9391.2266,11969.5166,5991.9199
120,142,4,9249.3906,11842.1045,4301.792
122,142,4,8636.3701,11387.748,2857.5359
124,142,4,7745.688,10625.6807,1864.368
126,142,4,6841.7842,9629.2227,1297.12
128,142,4,6076.1104,8500.5439,1002.848
130,142,4,5488.332,7339.4121,838.288
130,144,4,4356.0479,7300.9482,-505.296
128,144,4,4940.2202,8373.1318,-662.112
126,144,4,5782.8223,9399.6406,-712.448
124,144,4,6861.0161,10277.1006,-472.384
122,144,4,8025.7539,10923.7764,282.656
120,144,4,8959.708,11274.7598,1595.264
118,144,4,9411.6602,11319.2344,3271.8401
116,144,4,9345.5498,11100.4697,5076.1919
114,144,4,8832.2959,10646.1143,6814.7197
112,144,4,7941.6143,9975.3984,8431.2803
110,144,4,6743.2202,9124.3818,9858.1123
108,144,4,5275.5781,8143.5503,11044.8799
106,144,4,3571.1421,7093.002,11916.0801
104,144,4,1724.87,6067.6963,12328.4482
102,144,4,-110.584,5115.7119,12183.248
100,144,4,-1677.9921,4275.5142,11532.752
100,146,4,-1013.286,4227.4341,11174.5918
102,146,4,658.696,4896.9482,11672.1436
104,146,4,2591.512,5691.4702,11612.1279
106,146,4,4493.0762,6565.3242,10942.2715
108,146,4,6177.0781,7468.0264,9792.2881
110,146,4,7554.5703,8316.6377,8344.1602
112,146,4,8620.7441,9070.292,6694.688
114,146,4,9344.3486,9686.918,4892.272
116,146,4,9668.8877,10137.668,3012.416
118,146,4,9517.4365,10402.1084,1107.392
120,146,4,8810.6602,10451.3906,-621.456
122,146,4,7600.2461,10227.8184,-1905.024
124,146,4,6169.8662,9722.9785,-2516.8
126,146,4,4887.332,8983.748,-2536.1599
128,146,4,3920.9241,8078.6421,-2210.9121
130,146,4,3275.45,7089.396,-1784.9919
130,148,4,2333.082,6743.2202,-2863.344
128,148,4,3012.2122,7620.6802,-3502.2239
126,148,4,4081.9922,8421.2119,-4036.5601
124,148,4,5544.8262,9059.4746,-4195.312
122,148,4,7216.8081,9471.7598,-3682.272
120,148,4,8692.8643,9623.2119,-2400.6399
118,148,4,9637.6357,9528.2539,-594.352
116,148,4,9976.6006,9240.9766,1424.896
114,148,4,9816.7344,8814.2666,3430.592
112,148,4,9236.168,8263.75,5384.0161
110,148,4,8288.9922,7617.0742,7211.6001
108,148,4,6993.2363,6899.48,8863.0078
106,148,4,5333.2739,6153.0381,10239.5039
104,148,4,3389.6401,5435.4443,11124.2559
102,148,4,1354.6541,4769.5361,11341.0879
100,148,4,-443.538,4199.7881,10922.9121
100,150,4,8.414,4194.98,10706.0801
102,150,4,1849.8781,4634.9121,11071.9844
104,150,4,3946.166,5143.3579,10768.0322
106,150,4,5931.8701,5699.8843,9765.1836
108,150,4,7600.2461,6294.874,8253.168
110,150,4,8870.7598,6876.6421,6446.8799
112,150,4,9755.4326,7413.936,4476.0317
114,150,4,10255.4639,7903.1499,2387.0879
116,150,4,10321.5742,8314.2344,242.0
118,150,4,9840.7744,8613.5322,-1934.064
120,150,4,8703.6826,8746.9541,-3872.0
122,150,4,6990.832,8658.0059,-5215.584
124,150,4,5074.8442,8328.6582,-5693.7759
126,150,4,3413.6802,7792.5659,-5418.8638
128,150,4,2204.468,7100.2144,-4719.9678
130,150,4,1431.582,6309.2983,-3899.104
130,150,6,2066.238,5464.292,-2919.488
128,150,6,2750.176,6101.3521,-3355.0879
126,150,6,3700.958,6674.7061,-3628.064
124,150,6,4871.7061,7125.4561,-3579.6641
122,150,6,6132.604,7423.5522,-3060.8159
120,150,6,7258.8779,7558.1763,-2038.608
118,150,6,8054.6021,7523.3184,-621.456
116,150,6,8429.626,7345.4224,1020.272
114,150,6,8389.96,7064.1543,2712.3359
112,150,6,7982.4819,6697.5439,4371.4878
110,150,6,7240.8481,6273.2383,5918.3521
108,150,6,6198.7144,5809.2661,7283.2319
106,150,6,4886.1299,5328.4663,8386.752
104,150,6,3402.8621,4859.686,9099.2002
102,150,6,1857.0901,4402.9263,9362.4961
100,150,6,445.942,3984.6301,9194.0635
100,148,6,27.646,3949.772,9476.7197
102,148,6,1370.28,4423.3599,9707.1035
104,148,6,2864.366,4957.0479,9536.7363
106,148,6,4332.0083,5524.3921,8940.4482
108,148,6,5665.0259,6109.7661,7966.6401
110,148,6,6755.2402,6669.8979,6729.5361
112,148,6,7573.8022,7173.5361,5298.832
114,148,6,8076.2383,7594.2363,3750.032
116,148,6,8227.6904,7905.5542,2162.512
118,148,6,7995.7041,8087.0562,607.904
120,148,6,7367.0581,8115.9043,-762.784
122,148,6,6417.478,7964.4521,-1786.928
124,148,6,5318.8501,7625.4883,-2359.9839
126,148,6,4280.3223,7121.8501,-2509.0559
128,148,6,3417.2861,6489.5981,-2363.856
130,148,6,2777.822,5773.2061,-2063.7759
130,146,6,3539.8901,5996.7783,-1101.584
128,146,6,4110.8398,6769.6641,-1229.36
126,146,6,4866.8979,7476.4399,-1221.616
124,146,6,5758.7822,8048.5923,-950.576
122,146,6,6685.5239,8459.6758,-311.696
120,146,6,7456.0063,8673.6318,722.128
118,146,6,7917.5742,8685.6523,2048.2881
116,146,6,8001.7144,8517.3721,3527.3921
114,146,6,7726.4561,8195.2363,5016.1758
112,146,6,7121.8501,7733.668,6439.1357
110,146,6,6231.168,7161.5161,7730.4478
108,146,6,5094.0762,6512.436,8820.416
106,146,6,3753.8459,5827.2959,9633.5361
104,146,6,2299.426,5142.1562,10090.4316
102,146,6,846.208,4503.894,10144.6396
100,146,6,-459.164,3923.3281,9819.3916
100,144,6,-1024.104,3863.228,10220.1436
102,144,6,183.906,4503.894,10671.2324
104,144,6,1573.418,5231.104,10789.3281
106,144,6,2995.384,6001.5859,10537.6475
108,144,6,4358.4521,6784.0879,9943.2959
110,144,6,5574.876,7523.3184,9060.4795
112,144,6,6582.1523,8161.5801,7947.2798
114,144,6,7330.998,8670.0264,6667.584
116,144,6,7776.9399,9010.1924,5293.0239
118,144,6,7885.1201,9165.25,3875.8721
120,144,6,7632.7002,9117.1699,2561.3279
122,144,6,7078.5781,8852.7305,1477.168
124,144,6,6344.1562,8381.5459,712.448
126,144,6,5594.1079,7739.6782,271.04
128,144,6,4930.604,6971.6001,60.016
130,144,6,4399.3203,6136.21,-13.552
130,142,6,5262.356,6096.5439,1117.072
128,142,6,5746.7622,6952.3682,1421.024
126,142,6,6322.52,7773.334,1864.368
124,142,6,6935.54,8481.3125,2522.6079
122,142,6,7484.854,9025.8184,3446.0801
120,142,6,7829.8281,9353.9639,4628.9761
118,142,6,7865.8882,9452.5283,5964.8159
116,142,6,7560.5801,9326.3184,7331.6318
114,142,6,6935.54,8989.7578,8611.3281
112,142,6,6028.0303,8463.2822,9741.9521
110,142,6,4899.3521,7778.1421,10657.6797
108,142,6,3606.0,6983.6201,11312.0479
106,142,6,2205.6699,6125.3921,11666.3359
104,142,6,796.926,5271.9722,11681.8242
102,142,6,-528.88,4464.228,11350.7676
100,142,6,-1668.376,3716.584,10721.5684
100,140,6,-2353.5161,3419.6899,11284.9443
102,140,6,-1337.826,4162.5259,12115.4883
104,140,6,-91.352,5009.936,12711.7764
106,140,6,1289.746,5907.8301,12996.3682
108,140,6,2723.7319,6804.522,12942.1602
110,140,6,4113.2441,7637.5083,12564.6396
112,140,6,5388.5659,8355.1025,11881.2324
114,140,6,6482.3862,8889.9922,10920.9756
116,140,6,7333.4023,9233.7646,9745.8242
118,140,6,7880.312,9345.5498,8406.1123
120,140,6,8089.46,9221.7441,7018.0
122,140,6,7982.4819,8864.75,5693.7759
124,140,6,7630.2959,8291.3965,4545.728
126,140,6,7155.5063,7559.3779,3622.2559
128,140,6,6645.8579,6731.2002,2890.448
130,140,6,6174.6743,5862.1543,2315.4561
130,138,6,7012.4683,5388.5659,3444.144
128,138,6,7469.228,6187.896,4288.2397
126,138,6,7918.7764,6967.9941,5312.3838
124,138,6,8282.9824,7671.1641,6534.0
122,138,6,8463.2822,8231.2959,7933.728
120,138,6,8355.1025,8590.6943,9432.1924
118,138,6,7913.9683,8724.1162,10913.2324
116,138,6,7139.8804,8619.542,12256.8164
114,138,6,6085.7261,8296.2041,13352.5918
112,138,6,4809.2021,7769.728,14152.1602
110,138,6,3383.6301,7077.376,14618.7363
108,138,6,1897.958,6260.0161,14721.3438
106,138,6,415.892,5374.1421,14461.9199
104,138,6,-949.58,4478.6519,13861.7598
102,138,6,-2133.55,3628.8381,12965.3916
100,138,6,-3057.8879,2892.012,11887.04
100,136,6,-3704.564,2087.874,12409.7598
102,136,6,-2896.8201,2718.9241,13724.3037
104,136,6,-1803.0,3452.144,14903.3281
106,136,6,-468.78,4238.252,15828.7363
108,136,6,1038.5281,5031.5723,16409.5352
110,136,6,2616.7542,5770.8022,16601.1992
112,136,6,4172.1421,6410.2661,16376.624
114,136,6,5628.9663,6911.5,15745.4883
116,136,6,6894.6724,7240.8481,14744.5762
118,136,6,7906.7563,7374.27,13406.7998
120,136,6,8588.29,7297.3423,11830.8955
122,136,6,8914.0322,7022.084,10138.832
124,136,6,8909.2246,6571.334,8477.7441
126,136,6,8659.208,5993.1719,6963.792
128,136,6,8252.9326,5334.4761,5633.7598
130,136,6,7791.3643,4649.3359,4518.624
130,134,6,8385.1523,3724.998,5354.9761
128,134,6,8827.4883,4214.2119,6663.7119
126,134,6,9182.0781,4670.9722,8212.5117
124,134,6,9344.3486,5049.6021,9945.2324
122,134,6,9213.3301,5317.6479,11801.8555
120,134,6,8722.9141,5440.252,13639.1201
118,134,6,7868.292,5406.5962,15292.4639
116,134,6,6690.332,5209.4683,16637.9844
114,134,6,5270.77,4877.7163,17582.752
112,134,6,3679.322,4424.562,18089.9844
110,134,6,2014.552,3872.844,18136.4473
108,134,6,375.024,3268.238,17722.1445
106,134,6,-1159.9301,2643.198,16881.9199
104,134,6,-2467.7061,2037.39,15706.7676
102,134,6,-3501.426,1488.076,14283.8076
100,134,6,-4223.8281,1022.902,12767.9199
100,132,6,-4547.166,-216.36,12822.1279
102,132,6,-3917.3181,-1.202,14417.3916
104,132,6,-2964.1321,282.47,15960.3838
106,132,6,-1708.042,616.626,17296.2246
108,132,6,-201.936,998.862,18301.0078
110,132,6,1458.026,1420.764,18881.8086
112,132,6,3178.0881,1861.8981,18978.6074
114,132,6,4842.8579,2250.144,18591.4082
116,132,6,6359.7822,2589.1082,17741.5039
118,132,6,7667.5581,2872.78,16448.2559
120,132,6,8668.8242,3068.7061,14804.5918
122,132,6,9303.4805,3167.27,12928.6084
124,132,6,9561.9102,3160.0581,10977.1201
126,132,6,9501.8105,3054.282,9118.5596
128,132,6,9214.5322,2863.1641,7436.1758
130,132,6,8804.6504,2613.1479,5986.1118
130,130,6,8976.5361,1495.2881,6309.4238
128,130,6,9320.3086,1509.712,7765.2959
126,130,6,9528.2539,1441.198,9443.8076
124,130,6,9504.2139,1283.7361,11275.2637
122,130,6,9160.4424,1037.326,13174.4795
120,130,6,8451.2617,718.796,14973.0234
118,130,6,7398.3101,361.802,16529.5684
116,130,6,6052.0703,-19.232,17741.5039
114,130,6,4511.106,-384.64,18513.9687
112,130,6,2846.3359,-726.008,18829.5352
110,130,6,1141.9,-1034.922,18676.5918
108,130,6,-473.588,-1254.8881,18053.1992
106,130,6,-1937.624,-1406.34,17013.5684
104,130,6,-3139.624,-1492.884,15669.9844
102,130,6,-4045.9321,-1519.328,14128.9277
100,130,6,-4636.1143,-1498.894,12547.2158
100,128,6,-4532.7422,-2666.0361,11943.1836
102,128,6,-3979.822,-2892.012,13395.1836
104,128,6,-3138.4221,-3078.322,14810.4004
106,128,6,-2013.3501,-3200.926,16053.3115
108,128,6,-638.262,-3230.9761,17030.9922
110,128,6,903.904,-3156.4521,17633.0879
112,128,6,2516.988,-2982.1621,17824.752
114,128,6,4118.0522,-2711.7122,17578.8809
116,128,6,5607.3301,-2346.304,16909.0234
118,128,6,6930.7319,-1913.584,15840.3516
120,128,6,7999.3101,-1430.38,14448.3682
122,128,6,8757.7725,-941.166,12826.0
124,128,6,9183.2803,-483.204,11101.0244
126,128,6,9308.2881,-94.958,9403.1523
128,128,6,9196.502,201.936,7811.7598
130,128,6,8936.8701,400.266,6392.6719
130,126,6,8713.2979,-526.476,6235.856
128,126,6,8882.7803,-878.662,7523.2959
126,126,6,8904.416,-1327.0081,8948.1924
124,126,6,8713.2979,-1852.282,10442.7842
122,126,6,8254.1338,-2429.2419,11943.1836
120,126,6,7499.2783,-3023.03,13346.7842
118,126,6,6479.9819,-3579.5562,14550.9756
116,126,6,5231.104,-4054.3462,15462.832
114,126,6,3833.178,-4426.9663,16041.6963
112,126,6,2343.9001,-4664.9619,16248.8477
110,126,6,840.198,-4774.3442,16078.4795
108,126,6,-581.768,-4749.1021,15553.8242
106,126,6,-1861.8981,-4600.0542,14711.6641
104,126,6,-2905.2341,-4346.4321,13639.1201
102,126,6,-3706.968,-4014.6802,12405.8877
100,126,6,-4249.0703,-3651.676,11120.3838
100,124,6,-3865.6321,-4363.2603,10167.8721
102,124,6,-3348.772,-4799.5859,11246.2236
104,124,6,-2608.3401,-5205.8623,12274.2402
106,124,6,-1652.75,-5537.6143,13170.6084
108,124,6,-503.638,-5761.186,13873.376
110,124,6,786.108,-5853.7402,14318.6563
112,124,6,2145.5701,-5792.438,14459.9844
114,124,6,3507.436,-5588.0981,14287.6797
116,124,6,4789.9702,-5243.124,13811.4238
118,124,6,5943.8901,-4775.5459,13048.6396
120,124,6,6904.2881,-4209.4043,12055.4717
122,124,6,7635.104,-3577.1521,10882.2559
124,124,6,8117.106,-2943.698,9612.2402
126,124,6,8368.3242,-2339.092,8326.7363
128,124,6,8428.4238,-1796.99,7079.9521
130,124,6,8347.8906,-1335.422,5922.2241
130,122,6,7913.9683,-1917.1901,5505.9839
128,122,6,7915.1699,-2425.636,6497.2158
126,122,6,7791.3643,-3006.2021,7556.208
124,122,6,7504.0859,-3630.04,8632.624
122,122,6,7020.8823,-4275.5142,9680.0
120,122,6,6328.5303,-4899.3521,10638.3203
118,122,6,5452.272,-5447.4639,11453.376
116,122,6,4413.7441,-5900.6182,12078.7041
114,122,6,3268.238,-6227.562,12475.584
112,122,6,2050.6121,-6410.2661,12620.7842
110,122,6,837.794,-6447.5283,12516.2402
108,122,6,-311.318,-6333.3379,12171.6318
106,122,6,-1351.048,-6086.9282,11612.1279
104,122,6,-2221.2961,-5737.146,10893.8721
102,122,6,-2918.4561,-5312.8403,10059.4561
100,122,6,-3424.498,-4851.272,9166.96
100,120,6,-2982.1621,-5120.52,8195.0879
102,120,6,-2502.564,-5567.6641,8913.3438
104,120,6,-1866.7061,-5981.1523,9583.2002
106,120,6,-1083.0021,-6323.7222,10158.1924
108,120,6,-163.472,-6571.334,10605.4082
110,120,6,853.42,-6692.7363,10880.3203
112,120,6,1924.402,-6674.7061,10961.6318
114,120,6,2998.99,-6514.8403,10835.792
116,120,6,4019.488,-6221.5522,10516.3516
118,120,6,4954.644,-5802.0542,10007.1836
120,120,6,5757.5801,-5288.8003,9343.1357
122,120,6,6405.458,-4708.2339,8564.8643
124,120,6,6883.854,-4094.012,7701.4077
126,120,6,7198.7783,-3476.1841,6805.04
128,120,6,7369.4619,-2894.416,5906.7358
130,120,6,7424.7539,-2360.728,5045.2158
130,118,6,6934.3379,-2631.178,4568.96
128,118,6,6829.7642,-3150.4421,5291.0879
126,118,6,6625.4243,-3710.574,6034.5122
124,118,6,6300.8843,-4288.7358,6768.2559
122,118,6,5841.7202,-4863.292,7472.96
120,118,6,5249.1343,-5396.98,8107.9678
118,118,6,4531.54,-5863.356,8646.1758
116,118,6,3703.3621,-6243.188,9054.6719
114,118,6,2806.6702,-6511.2339,9321.8398
112,118,6,1866.7061,-6657.8779,9432.1924
110,118,6,927.944,-6675.9082,9385.7275
108,118,6,30.05,-6564.1221,9180.5117
106,118,6,-792.118,-6340.5503,8837.8398
104,118,6,-1498.894,-6029.2319,8388.6875
102,118,6,-2090.2781,-5649.3999,7854.3521
100,118,6,-2547.0381,-5229.9019,7277.4238
100,116,6,-2151.5801,-5214.2759,6439.1357
102,116,6,-1726.072,-5594.1079,6901.8398
104,116,6,-1193.5861,-5935.4761,7320.0161
106,116,6,-561.334,-6213.1382,7674.3042
108,116,6,159.866,-6413.8721,7943.4077
110,116,6,945.974,-6513.6382,8102.1602
112,116,6,1765.738,-6500.416,8137.0078
114,116,6,2591.512,-6373.0039,8044.0801
116,116,6,3381.2261,-6138.6143,7827.248
118,116,6,4119.2539,-5799.6499,7492.3198
120,116,6,4768.334,-5377.748,7054.7842
122,116,6,5315.2441,-4898.1499,6535.936
124,116,6,5750.3682,-4380.0879,5959.0078
126,116,6,6072.5039,-3848.804,5349.168
128,116,6,6300.8843,-3309.106,4721.9038
130,116,6,6435.5083,-2797.054,4102.3838
130,114,6,5971.5361,-2858.356,3662.9119
128,114,6,5815.2759,-3327.136,4181.7598
126,114,6,5579.6841,-3819.9561,4702.5439
124,114,6,5262.356,-4310.3721,5205.9038
122,114,6,4854.8779,-4777.9502,5674.416
120,114,6,4357.25,-5207.064,6094.5278
118,114,6,3779.0881,-5580.8862,6452.688
116,114,6,3132.4121,-5880.1841,6725.6641
114,114,6,2441.262,-6097.7461,6907.6479
112,114,6,1720.062,-6214.3403,6990.896
110,114,6,1001.266,-6231.168,6975.4082
108,114,6,310.116,-6153.0381,6863.1201
106,114,6,-332.954,-5982.354,6659.8398
104,114,6,-899.096,-5741.9541,6386.8638
102,114,6,-1390.714,-5442.6562,6055.8081
100,114,6,-1790.98,-5104.894,5686.0317
100,112,6,-1477.2581,-4946.23,5020.0479
102,112,6,-1108.244,-5238.3159,5312.3838
104,112,6,-667.11,-5497.9482,5573.7441
106,112,6,-161.068,-5704.6919,5788.6401
108,112,6,402.67,-5850.1343,5945.4561
110,112,6,1008.478,-5918.6479,6028.7041
112,112,6,1639.5281,-5900.6182,6036.4478
114,112,6,2270.5781,-5796.0439,5964.8159
116,112,6,2881.1941,-5609.7339,5813.8081
118,112,6,3455.75,-5340.4863,5585.3599
120,112,6,3973.812,-5009.936,5293.0239
122,112,6,4426.9663,-4628.9019,4948.416
124,112,6,4806.7979,-4210.606,4557.3437
126,112,6,5112.106,-3769.4722,4141.104
128,112,6,5348.8999,-3318.7222,3703.5679
130,112,6,5520.7861,-2867.9722,3256.3521
130,110,6,5107.2979,-2810.2761,2886.5759
128,110,6,4933.0083,-3212.946,3258.2881
126,110,6,4699.8203,-3624.03,3626.1279
124,110,6,4410.1382,-4021.8921,3972.6719
122,110,6,4060.356,-4396.916,4294.0479
120,110,6,3650.4741,-4737.082,4580.5762
118,110,6,3188.906,-5027.9663,4820.6401
116,110,6,2681.6621,-5263.5581,5008.4321
114,110,6,2145.5701,-5433.04,5138.144
112,110,6,1591.448,-5532.8062,5202.0317
110,110,6,1038.5281,-5554.4419,5205.9038
108,110,6,506.042,-5503.958,5143.9521
106,110,6,3.606,-5386.1621,5027.792
104,110,6,-448.346,-5214.2759,4865.168
102,110,6,-851.016,-4993.1079,4658.0161
100,110,6,-1193.5861,-4735.8799,4419.8882
100,110,8,-961.6,-4205.7979,4303.728
102,110,8,-649.08,-4410.1382,4514.752
104,110,8,-282.47,-4585.6299,4698.6719
106,110,8,125.008,-4721.4561,4845.8081
108,110,8,575.758,-4810.4043,4948.416
110,110,8,1050.548,-4845.2622,4996.8159
112,110,8,1543.368,-4817.6162,4991.0078
114,110,8,2036.188,-4731.0723,4925.1841
116,110,8,2512.1799,-4582.0239,4801.2798
118,110,8,2966.5361,-4382.4922,4623.168
120,110,8,3381.2261,-4134.8799,4396.6558
122,110,8,3751.4421,-3846.4001,4127.5518
124,110,8,4072.376,-3526.668,3823.6001
126,110,8,4340.4219,-3188.906,3494.48
128,110,8,4560.3882,-2835.5181,3147.936
130,110,8,4728.668,-2482.1301,2787.8401
130,112,8,5078.4502,-2500.1602,3113.0879
128,112,8,4914.978,-2865.5681,3525.4561
126,112,8,4695.0122,-3239.3901,3932.0159
124,112,8,4413.7441,-3608.4041,4321.1519
122,112,8,4069.9722,-3961.792,4683.1841
120,112,8,3666.1001,-4280.3223,5002.624
118,112,8,3209.3401,-4556.7822,5275.6001
116,112,8,2704.5,-4780.354,5488.5601
114,112,8,2169.6101,-4940.2202,5633.7598
112,112,8,1615.488,-5039.9863,5711.2002
110,112,8,1061.366,-5067.6323,5713.1357
108,112,8,524.072,-5026.7642,5643.4399
106,112,8,22.838,-4922.1899,5515.6641
104,112,8,-433.922,-4764.728,5329.8081
102,112,8,-837.794,-4565.1963,5101.3599
100,112,8,-1180.364,-4329.604,4836.1279
100,114,8,-1427.9761,-4419.7539,5424.6719
102,114,8,-1063.77,-4680.5879,5751.856
104,114,8,-625.04,-4910.1699,6042.2559
106,114,8,-123.806,-5090.4702,6278.4478
108,114,8,438.73,-5213.0742,6450.752
110,114,8,1042.134,-5267.1641,6545.6157
112,114,8,1664.77,-5243.124,6551.4238
114,114,8,2291.012,-5142.1562,6472.0479
116,114,8,2892.012,-4964.2603,6299.7441
118,114,8,3460.5581,-4715.4463,6051.936
120,114,8,3969.0042,-4411.3398,5724.752
122,114,8,4412.542,-4061.5581,5341.4238
124,114,8,4779.1519,-3678.1201,4909.6958
126,114,8,5073.6421,-3279.0562,4448.9277
128,114,8,5298.416,-2870.376,3968.8
130,114,8,5458.2822,-2473.7161,3480.928
130,116,8,5838.1143,-2383.5662,3856.512
128,116,8,5696.2783,-2783.832,4414.0801
126,116,8,5481.1201,-3205.7341,4977.4561
124,116,8,5184.2261,-3631.2422,5521.4722
122,116,8,4793.5762,-4054.3462,6042.2559
120,116,8,4315.1802,-4436.582,6504.96
118,116,8,3755.0481,-4775.5459,6899.9038
116,116,8,3126.4021,-5048.3999,7201.9199
114,116,8,2454.4841,-5241.9219,7403.2642
112,116,8,1748.91,-5360.9199,7500.064
110,116,8,1044.538,-5388.5659,7488.4478
108,116,8,365.408,-5330.8701,7366.48
106,116,8,-265.642,-5195.0439,7151.584
104,116,8,-826.976,-4995.5122,6857.312
102,116,8,-1308.978,-4744.2939,6503.0239
100,116,8,-1708.042,-4457.0161,6100.3359
100,118,8,-2002.532,-4405.3301,6806.9761
102,118,8,-1584.2361,-4710.6382,7294.8481
104,118,8,-1061.366,-4984.6938,7742.064
106,118,8,-447.144,-5203.458,8115.7119
108,118,8,253.622,-5352.5059,8392.5596
110,118,8,1013.286,-5418.6162,8557.1201
112,118,8,1806.6061,-5389.7681,8584.2236
114,118,8,2598.7241,-5265.9619,8477.7441
116,118,8,3355.9841,-5050.8042,8241.5518
118,118,8,4060.356,-4752.708,7881.4561
120,118,8,4678.1841,-4390.9062,7412.9438
122,118,8,5198.6499,-3977.418,6857.312
124,118,8,5610.936,-3533.8801,6239.728
126,118,8,5915.042,-3077.1201,5587.2959
128,118,8,6119.3823,-2633.582,4921.312
130,118,8,6243.188,-2208.074,4265.0078
130,120,8,6626.626,-1940.0281,4652.208
128,120,8,6538.8799,-2342.698,5401.4399
126,120,8,6354.9741,-2787.438,6175.8398
124,120,8,6061.686,-3245.4001,6942.4961
122,120,8,5637.3799,-3711.7761,7678.1758
120,120,8,5084.46,-4158.9199,8346.0957
118,120,8,4413.7441,-4548.3682,8909.4717
116,120,8,3640.8582,-4870.5039,9343.1357
114,120,8,2800.6602,-5106.0962,9629.6641
112,120,8,1911.1801,-5249.1343,9753.5684
110,120,8,1024.104,-5290.002,9718.7197
108,120,8,173.088,-5228.7002,9517.376
106,120,8,-609.414,-5074.8442,9176.6396
104,120,8,-1290.948,-4851.272,8719.7441
102,120,8,-1861.8981,-4571.2061,8177.6641
100,120,8,-2313.8501,-4251.4741,7579.4399
100,122,8,-2627.572,-3958.186,8371.2637
102,122,8,-2159.9941,-4267.1001,9083.7119
104,122,8,-1548.176,-4543.5601,9747.7598
106,122,8,-808.946,-4762.3242,10309.2002
108,122,8,55.292,-4906.564,10738.9922
110,122,8,998.862,-4957.0479,10994.5439
112,122,8,1988.108,-4905.3623,11056.4961
114,122,8,2977.354,-4747.8999,10915.168
116,122,8,3911.3081,-4496.6821,10576.3682
118,122,8,4764.728,-4161.3242,10059.4561
120,122,8,5494.3423,-3757.4521,9379.9199
122,122,8,6084.5239,-3300.6921,8586.1602
124,122,8,6518.4463,-2829.5081,7711.0879
126,122,8,6800.916,-2371.5461,6806.9761
128,122,8,6953.5703,-1940.0281,5902.8638
130,122,8,7002.8521,-1551.782,5033.6001
130,124,8,7328.5942,-1037.326,5345.2959
128,124,8,7330.998,-1364.27,6315.2319
126,124,8,7218.0103,-1748.91,7341.312
124,124,8,6963.186,-2172.0142,8380.9443
122,124,8,6534.0723,-2620.3601,9403.1523
120,124,8,5928.2642,-3062.696,10342.1123
118,124,8,5155.3779,-3474.9822,11151.3604
116,124,8,4232.2422,-3828.3701,11770.8799
114,124,8,3215.3501,-4094.012,12173.5684
112,124,8,2134.752,-4268.3022,12343.9355
110,124,8,1045.74,-4344.0283,12268.4316
108,124,8,1.202,-4325.998,11968.3516
106,124,8,-943.57,-4214.2119,11461.1201
104,124,8,-1756.1221,-4027.9021,10793.2002
102,124,8,-2416.02,-3783.896,10012.9922
100,124,8,-2914.8501,-3503.8301,9170.832
100,126,8,-3157.6541,-2882.396,9892.96
102,126,8,-2644.4001,-3092.7461,10855.1523
104,126,8,-1946.0381,-3273.0461,11763.1357
106,126,8,-1079.396,-3399.2561,12539.4717
108,126,8,-51.686,-3455.75,13137.6963
110,126,8,1076.9921,-3423.2961,13493.9199
112,126,8,2256.1541,-3310.3081,13581.04
114,126,8,3424.498,-3117.988,13391.3115
116,126,8,4520.7222,-2842.73,12918.9277
118,126,8,5505.1602,-2500.1602,12198.7363
120,126,8,6320.1162,-2114.3181,11263.6475
122,126,8,6943.9541,-1709.244,10173.6797
124,126,8,7362.25,-1308.978,9002.4004
126,126,8,7599.0439,-936.358,7815.6318
128,126,8,7659.144,-626.242,6657.9038
130,126,8,7600.2461,-375.024,5579.5518
130,128,8,7752.8999,378.63,5668.6079
128,128,8,7870.6963,253.622,6801.168
126,128,8,7870.6963,62.504,8049.8882
124,128,8,7702.416,-188.714,9354.752
122,128,8,7324.9883,-489.214,10663.4883
120,128,8,6710.7661,-820.966,11888.9756
118,128,8,5880.1841,-1157.526,12949.9043
116,128,8,4859.686,-1480.864,13780.4482
114,128,8,3709.3721,-1765.738,14332.208
112,128,8,2465.302,-2007.3401,14570.3359
110,128,8,1218.828,-2172.0142,14492.8955
108,128,8,14.424,-2271.78,14105.6963
106,128,8,-1083.0021,-2301.8301,13447.4561
104,128,8,-2014.552,-2274.1841,12585.9355
102,128,8,-2758.5901,-2199.6602,11583.0879
100,128,8,-3305.5,-2089.0759,10512.4795
100,130,8,-3349.9741,-1176.7581,10944.208
102,130,8,-2781.428,-1151.516,12069.0244
104,130,8,-1997.724,-1089.012,13135.7598
106,130,8,-1022.902,-986.842,14037.9355
108,130,8,122.604,-841.4,14725.2158
110,130,8,1371.4821,-650.282,15108.5439
112,130,8,2668.4399,-413.488,15166.624
114,130,8,3942.5601,-138.23,14878.1602
116,130,8,5121.7222,147.846,14270.2559
118,130,8,6153.0381,436.326,13356.4639
120,130,8,6975.2061,697.16,12196.7998
122,130,8,7558.1763,923.136,10868.7041
124,130,8,7891.1304,1093.8201,9467.04
126,130,8,8005.3203,1200.798,8082.7998
128,130,8,7942.8159,1244.0701,6777.936
130,130,8,7764.9199,1228.444,5593.104
130,132,8,7625.4883,2122.7319,5298.832
128,132,8,7851.4644,2313.8501,6444.9438
126,132,8,7977.6743,2450.8779,7740.1279
124,132,8,7940.4121,2520.594,9128.2402
122,132,8,7681.9819,2516.988,10560.8799
120,132,8,7172.334,2432.8481,11943.1836
118,132,8,6411.4683,2277.79,13164.7998
116,132,8,5424.626,2054.218,14154.0957
114,132,8,4276.7163,1780.162,14841.376
112,132,8,3007.4041,1476.056,15199.5361
110,132,8,1698.426,1147.91,15211.1523
108,132,8,413.488,817.36,14880.0957
106,132,8,-777.694,508.446,14237.3438
104,132,8,-1799.394,241.602,13354.5283
102,132,8,-2627.572,13.222,12299.4082
100,132,8,-3241.7939,-164.674,11162.9756
100,134,8,-3008.606,760.866,11132.0
102,134,8,-2353.5161,1083.0021,12200.6719
104,134,8,-1485.672,1465.238,13172.5439
106,134,8,-441.134,1881.13,13964.3682
108,134,8,759.664,2323.4661,14504.5117
110,134,8,2034.9861,2763.3979,14738.7676
112,134,8,3317.52,3167.27,14638.0957
114,134,8,4541.1562,3519.4561,14208.3037
116,134,8,5630.168,3783.896,13462.9443
118,134,8,6541.2842,3960.5901,12436.8643
120,134,8,7219.2119,4024.2961,11199.7598
122,134,8,7642.3159,3984.6301,9836.8164
124,134,8,7817.8081,3836.7842,8448.7041
126,134,8,7785.354,3604.7981,7116.7358
128,134,8,7601.4482,3306.7021,5895.1201
130,134,8,7335.8062,2961.728,4814.832
130,136,8,6888.6621,3712.978,4121.7441
128,136,8,7181.9502,4196.1821,5049.0879
126,136,8,7423.5522,4650.5381,6129.376
124,136,8,7540.146,5031.5723,7323.8882
122,136,8,7476.4399,5311.6382,8595.8398
120,136,8,7181.9502,5465.4941,9887.1523
118,136,8,6639.8481,5479.918,11095.2158
116,136,8,5858.5483,5352.5059,12150.3359
114,136,8,4886.1299,5095.2783,12955.7119
112,136,8,3756.25,4723.8599,13499.7275
110,136,8,2539.8259,4258.686,13733.9844
108,136,8,1299.3621,3731.0081,13664.2881
106,136,8,104.574,3170.876,13294.5117
104,136,8,-970.014,2623.9661,12669.1836
102,136,8,-1894.3521,2105.9041,11844.4482
100,136,8,-2625.168,1645.5381,10886.1279
100,138,8,-2168.408,2317.4561,10506.6719
102,138,8,-1385.906,2841.5281,11294.624
104,138,8,-424.306,3431.71,11941.248
106,138,8,664.706,4054.3462,12372.9756
108,138,8,1840.2621,4682.9922,12551.0879
110,138,8,3021.8281,5267.1641,12450.416
112,138,8,4155.314,5770.8022,12067.0879
114,138,8,5173.4082,6165.0581,11418.5283
116,138,8,6020.8179,6425.8921,10553.1357
118,138,8,6657.8779,6542.4863,9498.0156
120,138,8,7054.5381,6483.5879,8338.3516
122,138,8,7209.5962,6269.6323,7149.6479
124,138,8,7157.9102,5912.6382,6011.2798
126,138,8,6957.1763,5446.2622,4981.3281
128,138,8,6667.4941,4905.3623,4081.0879
130,138,8,6342.9541,4321.1899,3308.624
130,140,8,5693.874,4750.3042,2363.856
128,140,8,6040.0503,5389.7681,2931.104
126,140,8,6391.0342,5989.5659,3628.064
124,140,8,6689.1299,6501.6182,4460.5439
122,140,8,6877.8442,6897.0762,5432.416
120,140,8,6883.854,7144.688,6510.7681
118,140,8,6663.8882,7222.8184,7614.2881
116,140,8,6202.3203,7129.062,8682.96
114,140,8,5515.978,6874.2383,9623.8555
112,140,8,4631.3062,6472.77,10396.3203
110,140,8,3609.606,5958.314,10950.0156
108,140,8,2494.1501,5360.9199,11259.7764
106,140,8,1346.24,4711.8398,11308.1758
104,140,8,242.804,4062.76,11097.1523
102,140,8,-765.674,3442.5281,10653.8076
100,140,8,-1623.902,2877.5881,10028.4795
100,142,8,-1105.84,3208.1379,9550.2881
102,142,8,-193.522,3761.0581,10014.9277
104,142,8,852.218,4368.0679,10272.416
106,142,8,1960.462,4996.7139,10285.9678
108,142,8,3078.322,5630.168,10040.0957
110,142,8,4125.2642,6216.7441,9550.2881
112,142,8,5054.4102,6722.7861,8843.6484
114,142,8,5812.8721,7121.8501,7953.0879
116,142,8,6354.9741,7375.4722,6944.4321
118,142,8,6660.2822,7477.6421,5858.3359
120,142,8,6714.3721,7409.1279,4785.792
122,142,8,6548.4961,7175.9399,3796.4961
124,142,8,6227.562,6786.4922,2964.0159
126,142,8,5826.0942,6274.4399,2301.9041
128,142,8,5405.394,5665.0259,1792.736
130,142,8,5018.3501,5005.1279,1403.6
130,144,8,4348.8359,5084.46,468.512
128,144,8,4767.1323,5731.1362,681.472
126,144,8,5252.7402,6320.1162,1016.4
124,144,8,5759.9839,6815.3403,1521.696
122,144,8,6222.7539,7186.7583,2236.0801
120,144,8,6547.2939,7403.1182,3149.8721
118,144,8,6659.0801,7458.4102,4199.1841
116,144,8,6516.042,7357.4419,5318.1919
114,144,8,6122.9883,7107.4263,6398.48
112,144,8,5495.5439,6734.8062,7401.3281
110,144,8,4667.3662,6256.4102,8260.9121
108,144,8,3681.7261,5703.4902,8924.96
106,144,8,2592.7141,5113.3081,9356.6875
104,144,8,1476.056,4524.3281,9527.0557
102,144,8,384.64,3953.3782,9432.1924
100,144,8,-593.788,3429.3062,9099.2002
100,146,8,-129.816,3550.708,8682.96
102,146,8,885.874,4017.084,8905.5996
104,146,8,2004.936,4524.3281,8864.9443
106,146,8,3130.0081,5054.4102,8547.4404
108,146,8,4196.1821,5582.0879,7956.96
110,146,8,5131.3379,6077.312,7143.8398
112,146,8,5882.5879,6513.6382,6154.5439
114,146,8,6406.6602,6865.8242,5041.3437
116,146,8,6675.9082,7102.6182,3875.8721
118,146,8,6677.1104,7213.2021,2716.208
120,146,8,6415.0742,7184.354,1663.024
122,146,8,5940.2842,7002.8521,791.824
124,146,8,5339.2842,6674.7061,164.56
126,146,8,4716.6479,6220.3501,-218.768
128,146,8,4142.0923,5666.228,-408.496
130,146,8,3663.696,5043.5923,-466.576
130,148,8,3044.666,4894.5439,-1281.632
128,148,8,3566.334,5478.7163,-1353.264
126,148,8,4214.2119,5996.7783,-1285.504
124,148,8,4942.624,6417.478,-1000.912
122,148,8,5668.6323,6711.9683,-447.216
120,148,8,6286.46,6875.4399,393.008
118,148,8,6689.1299,6895.874,1453.936
116,148,8,6818.9463,6788.896,2660.064
114,148,8,6666.292,6567.728,3895.2319
112,148,8,6239.582,6252.8042,5103.2959
110,148,8,5568.8662,5864.5581,6204.8799
108,148,8,4690.2041,5428.2319,7143.8398
106,148,8,3643.262,4961.856,7864.0317
104,148,8,2508.574,4499.0859,8305.4404
102,148,8,1359.462,4051.9421,8452.5762
100,148,8,294.49,3634.8481,8318.9922
100,150,8,657.494,3685.332,7982.1279
102,150,8,1736.89,4038.72,8051.8237
104,150,8,2902.8301,4416.1479,7827.248
106,150,8,4039.9221,4806.7979,7296.7842
108,150,8,5071.2383,5195.0439,6481.728
110,150,8,5923.4561,5565.2603,5442.0962
112,150,8,6542.4863,5895.8101,4241.7759
114,150,8,6899.48,6171.0679,2942.72
116,150,8,6965.5903,6370.6001,1632.048
118,150,8,6725.1899,6471.5684,365.904
120,150,8,6201.1182,6463.1543,-729.872
122,150,8,5454.6763,6328.5303,-1570.0959
124,150,8,4596.4482,6064.0903,-2088.9441
126,150,8,3756.25,5691.4702,-2298.032
128,150,8,3017.02,5216.6802,-2267.0559
130,150,8,2424.4341,4670.9722,-2081.2
130,150,10,2587.906,4013.478,-1401.6639
128,150,10,3056.686,4458.2183,-1436.512
126,150,10,3616.8181,4856.0801,-1343.584
124,150,10,4220.2222,5175.812,-1072.5439
122,150,10,4815.2119,5407.7983,-588.544
120,150,10,5317.6479,5542.4219,102.608
118,150,10,5667.4302,5579.6841,968.0
116,150,10,5814.0742,5525.5942,1955.36
114,150,10,5737.146,5392.1719,2983.376
112,150,10,5440.252,5191.438,3995.9041
110,150,10,4937.8159,4937.8159,4932.9277
108,150,10,4262.292,4643.3262,5738.3042
106,150,10,3450.9421,4330.8062,6373.312
104,150,10,2566.27,4013.478,6791.4878
102,150,10,1655.1541,3692.5439,6988.96
100,150,10,793.32,3386.0342,6977.3437
100,148,10,482.002,3304.2981,7298.7197
102,148,10,1316.1901,3642.0601,7376.1602
104,148,10,2211.6799,4001.458,7252.2559
106,148,10,3099.958,4364.4619,6911.52
108,148,10,3935.3481,4726.2642,6359.7598
110,148,10,4646.9321,5060.4199,5635.6958
112,148,10,5204.6602,5353.708,4772.2397
114,148,10,5574.876,5586.896,3823.6001
116,148,10,5733.54,5741.9541,2847.856
118,148,10,5679.4502,5806.8623,1893.408
120,148,10,5430.6362,5773.2061,1035.76
122,148,10,5025.562,5633.7739,327.184
124,148,10,4525.5303,5390.9702,-193.6
126,148,10,4002.6602,5053.208,-528.528
128,148,10,3503.8301,4637.3159,-704.704
130,148,10,3073.5142,4160.1221,-756.976
130,146,10,3581.96,4243.0601,-46.464
128,146,10,3960.5901,4737.082,108.416
126,146,10,4388.502,5179.418,373.648
124,146,10,4824.8281,5540.0181,778.272
122,146,10,5227.498,5803.2563,1349.392
120,146,10,5531.604,5959.5161,2079.2639
118,146,10,5677.0459,6000.3843,2933.04
116,146,10,5633.7739,5931.8701,3854.5759
114,146,10,5389.7681,5764.792,4778.0479
112,146,10,4952.2402,5508.7661,5655.0562
110,146,10,4340.4219,5180.6201,6433.3281
108,146,10,3589.1721,4800.7881,7066.3999
106,146,10,2738.156,4394.5122,7521.3599
104,146,10,1846.272,3983.428,7771.104
102,146,10,957.994,3578.354,7815.6318
100,146,10,134.624,3198.522,7668.4961
100,144,10,-244.006,3036.252,8047.9521
102,144,10,539.698,3440.124,8288.0156
104,144,10,1408.744,3878.854,8349.9678
106,144,10,2294.6179,4322.3921,8216.3838
108,144,10,3168.4722,4765.9302,7881.4561
110,144,10,3966.6001,5179.418,7362.6079
112,144,10,4648.1343,5532.8062,6686.9438
114,144,10,5175.812,5811.6699,5893.1841
116,144,10,5523.1899,5994.374,5031.6641
118,144,10,5681.854,6068.8979,4135.2959
120,144,10,5654.208,6024.4243,3279.584
122,144,10,5469.1001,5860.9521,2512.928
124,144,10,5173.4082,5584.4922,1874.048
126,144,10,4821.2222,5210.6699,1374.5599
128,144,10,4460.6221,4759.9199,998.976
130,144,10,4124.062,4249.0703,726.0
130,142,10,4652.9419,4144.4961,1506.208
128,142,10,4941.4219,4649.3359,1901.152
126,142,10,5238.3159,5104.894,2396.7681
124,142,10,5505.1602,5484.7261,3002.7361
122,142,10,5699.8843,5773.2061,3720.9919
120,142,10,5770.8022,5942.688,4539.9199
118,142,10,5679.4502,5990.7681,5407.248
116,142,10,5409.0,5916.2441,6276.5122
114,142,10,4958.25,5731.1362,7089.6318
112,142,10,4342.8262,5439.0503,7802.0801
110,142,10,3593.98,5064.0259,8373.2002
108,142,10,2750.176,4632.5083,8772.0156
106,142,10,1852.282,4161.3242,8973.3604
104,142,10,961.6,3687.7361,8983.04
102,142,10,112.988,3228.572,8801.0557
100,142,10,-647.878,2798.2561,8458.3838
100,140,10,-1052.952,2464.1001,8859.1357
102,140,10,-343.772,2879.9919,9314.0957
104,140,10,477.194,3339.156,9631.5996
106,140,10,1363.068,3811.542,9772.9277
108,140,10,2278.9919,4280.3223,9714.8477
110,140,10,3173.28,4722.6582,9457.3604
112,140,10,3996.6501,5100.0859,9006.2715
114,140,10,4710.6382,5396.98,8384.8164
116,140,10,5276.7803,5591.7041,7633.6479
118,140,10,5675.8442,5673.4399,6779.8721
120,140,10,5892.2041,5632.5723,5893.1841
122,140,10,5943.8901,5470.3022,5014.2397
124,140,10,5856.144,5201.0542,4195.312
126,140,10,5674.6421,4836.8481,3473.1841
128,140,10,5436.646,4400.522,2840.1121
130,140,10,5183.0239,3916.116,2303.8401
130,138,10,5657.814,3561.5261,3043.3921
128,138,10,5878.9819,3994.2461,3705.5039
126,138,10,6060.4839,4386.0981,4464.416
124,138,10,6166.2603,4709.436,5304.6401
122,138,10,6157.8462,4949.8359,6218.4321
120,138,10,5997.98,5088.0659,7161.2642
118,138,10,5666.228,5114.5103,8078.9277
116,138,10,5152.9741,5020.7539,8921.0879
114,138,10,4487.0659,4824.8281,9625.792
112,138,10,3685.332,4531.54,10164.0
110,138,10,2788.6401,4158.9199,10506.6719
108,138,10,1849.8781,3735.8162,10634.4482
106,138,10,912.318,3282.6621,10551.2002
104,138,10,28.848,2831.9121,10268.5439
102,138,10,-772.886,2395.5859,9815.5195
100,138,10,-1452.016,1995.3201,9238.5918
100,136,10,-1807.808,1405.1381,9532.8643
102,136,10,-1175.556,1742.9,10220.1436
104,136,10,-409.882,2117.9241,10793.2002
106,136,10,460.366,2515.7861,11211.376
108,136,10,1408.744,2918.4561,11441.7598
110,136,10,2384.7681,3301.894,11445.6318
112,136,10,3340.3582,3643.262,11217.1836
114,136,10,4226.2319,3924.53,10768.0322
116,136,10,4991.9062,4127.668,10121.4082
118,136,10,5614.542,4238.252,9300.5439
120,136,10,6062.8882,4250.272,8361.584
122,136,10,6332.1362,4167.334,7362.6079
124,136,10,6435.5083,3991.842,6359.7598
126,136,10,6405.458,3735.8162,5405.312
128,136,10,6275.6421,3422.094,4520.5601
130,136,10,6088.1299,3063.8979,3730.6719
130,134,10,6415.0742,2477.322,4272.752
128,134,10,6568.9302,2735.752,5147.8237
126,134,10,6650.666,2954.5161,6117.7598
124,134,10,6618.2119,3117.988,7147.7119
122,134,10,6439.1143,3211.7441,8210.5762
120,134,10,6085.7261,3226.168,9250.208
118,134,10,5550.8359,3161.26,10200.7842
116,134,10,4847.666,3014.616,11006.1602
114,134,10,4009.8721,2809.074,11608.2559
112,134,10,3065.1001,2544.634,11991.584
110,134,10,2065.0361,2238.124,12130.9756
108,134,10,1066.1741,1913.584,12024.4961
106,134,10,106.978,1579.428,11691.5039
104,134,10,-751.25,1259.696,11168.7842
102,134,10,-1495.2881,962.802,10495.0557
100,134,10,-2097.49,701.968,9722.5918
100,132,10,-2303.032,-75.726,9741.9521
102,132,10,-1747.708,72.12,10555.0723
104,132,10,-1042.134,256.026,11290.752
106,132,10,-207.946,463.972,11885.1035
108,132,10,734.422,697.16,12295.5361
110,132,10,1740.496,947.176,12483.3281
112,132,10,2774.2161,1240.464,12429.1201
114,132,10,3755.0481,1478.4601,12117.4238
116,132,10,4645.73,1691.214,11571.4717
118,132,10,5416.2119,1867.9081,10804.8164
120,132,10,6023.2222,1992.916,9879.4082
122,132,10,6454.7402,2067.4399,8833.9678
124,132,10,6705.958,2079.46,7740.1279
126,132,10,6800.916,2031.38,6665.6479
128,132,10,6769.6641,1934.0181,5639.5679
130,132,10,6654.272,1792.182,4696.7358
130,130,10,6768.4619,1101.032,4938.7358
128,130,10,6842.9863,1126.274,5889.312
126,130,10,6826.1582,1108.244,6919.2642
124,130,10,6684.3223,1043.3361,7989.8721
122,130,10,6382.6201,929.146,9062.416
120,130,10,5904.2241,770.482,10073.0078
118,130,10,5259.9521,580.566,10965.5039
116,130,10,4460.6221,365.408,11681.8242
114,130,10,3550.708,146.644,12183.248
112,130,10,2562.6641,-70.918,12446.5439
110,130,10,1545.772,-277.662,12463.9678
108,130,10,551.718,-466.376,12239.3916
106,130,10,-377.428,-631.05,11790.2402
104,130,10,-1182.7681,-736.826,11172.6563
102,130,10,-1863.1,-814.956,10417.6162
100,130,10,-2393.1821,-864.238,9596.752
100,128,10,-2399.1921,-1598.66,9275.376
102,128,10,-1899.16,-1645.5381,10063.3281
104,128,10,-1254.8881,-1665.972,10789.3281
106,128,10,-485.608,-1647.942,11395.2959
108,128,10,397.862,-1590.246,11840.5762
110,128,10,1351.048,-1489.2781,12084.5117
112,128,10,2333.082,-1343.8361,12100.0
114,128,10,3299.49,-1164.738,11883.168
116,128,10,4200.9902,-944.772,11437.8877
118,128,10,5013.542,-697.16,10787.3916
120,128,10,5680.6523,-455.558,9964.5918
122,128,10,6195.1079,-217.562,9021.7598
124,128,10,6541.2842,-8.414,8007.2959
126,128,10,6731.2002,164.674,6981.2158
128,128,10,6796.1079,296.894,5976.4321
130,128,10,6763.6543,383.438,5033.6001
130,126,10,6665.0903,-231.986,4977.4561
128,126,10,6653.0703,-406.276,5866.0801
126,126,10,6549.6982,-623.838,6803.104
124,126,10,6323.7222,-875.056,7747.8721
122,126,10,5957.1123,-1151.516,8677.1523
120,126,10,5434.2422,-1446.006,9536.7363
118,126,10,4773.1421,-1726.072,10278.2236
116,126,10,3989.438,-1982.098,10862.8955
114,126,10,3122.7961,-2197.2561,11255.9043
112,126,10,2198.458,-2365.5361,11445.6318
110,126,10,1258.494,-2477.322,11420.4639
108,126,10,354.59,-2530.21,11188.1436
106,126,10,-488.012,-2527.8062,10771.9043
104,126,10,-1217.626,-2474.918,10216.2715
102,126,10,-1833.05,-2382.364,9546.416
100,126,10,-2315.052,-2263.366,8812.6719
100,124,10,-2174.418,-2804.2661,8251.2324
102,124,10,-1720.062,-2979.7581,8899.792
104,124,10,-1145.506,-3127.604,9494.1436
106,124,10,-461.568,-3230.9761,9995.5684
108,124,10,319.732,-3280.2581,10363.4082
110,124,10,1167.142,-3267.0361,10574.4316
112,124,10,2045.8041,-3188.906,10607.3438
114,124,10,2916.052,-3047.0701,10450.5283
116,124,10,3737.0181,-2840.3262,10113.6641
118,124,10,4487.0659,-2577.0881,9600.624
120,124,10,5125.3281,-2283.8,8946.2559
122,124,10,5640.9863,-1960.462,8185.4077
124,124,10,6026.8281,-1631.114,7358.7358
126,124,10,6280.4502,-1324.604,6501.0879
128,124,10,6422.2861,-1040.932,5645.376
130,124,10,6473.9722,-790.916,4816.7681
130,122,10,6229.9663,-1229.646,4567.0239
128,122,10,6145.8262,-1520.53,5306.5762
126,122,10,5975.1421,-1843.868,6067.4238
124,122,10,5705.894,-2182.832,6822.4639
122,122,10,5323.6582,-2530.21,7546.5278
120,122,10,4826.0303,-2865.5681,8206.7041
118,122,10,4221.4243,-3169.6741,8772.0156
116,122,10,3520.658,-3436.5181,9211.4883
114,122,10,2757.3879,-3640.8582,9507.6963
112,122,10,1952.0481,-3774.28,9645.1523
110,122,10,1141.9,-3833.178,9619.9844
108,122,10,361.802,-3822.3601,9445.7441
106,122,10,-364.206,-3744.23,9130.1758
104,122,10,-1001.266,-3615.616,8706.1924
102,122,10,-1545.772,-3436.5181,8191.2158
100,122,10,-1982.098,-3229.7742,7620.0962
100,120,10,-1770.546,-3521.8601,6975.4082
102,120,10,-1361.866,-3745.4321,7459.4082
104,120,10,-860.632,-3935.3481,7895.0078
106,120,10,-274.056,-4085.5981,8257.04
108,120,10,385.842,-4176.9502,8520.3359
110,120,10,1099.8301,-4203.394,8669.4082
112,120,10,1840.2621,-4157.7183,8686.832
114,120,10,2578.29,-4039.9221,8568.7363
116,120,10,3277.854,-3856.0161,8320.9277
118,120,10,3929.3381,-3608.4041,7947.2798
120,120,10,4500.2881,-3309.106,7467.1519
122,120,10,4979.8862,-2973.748,6899.9038
124,120,10,5357.314,-2619.158,6270.7041
126,120,10,5632.5723,-2269.376,5608.5918
128,120,10,5821.2861,-1921.998,4932.9277
130,120,10,5936.6782,-1595.0541,4270.8159
130,118,10,5630.168,-1841.464,3941.696
128,118,10,5494.3423,-2170.812,4518.624
126,118,10,5293.6079,-2519.3921,5101.3599
124,118,10,5017.1479,-2870.376,5670.5439
122,118,10,4654.144,-3217.7542,6208.752
120,118,10,4199.7881,-3548.304,6690.8159
118,118,10,3673.312,-3836.7842,7099.312
116,118,10,3078.322,-4073.5781,7416.8159
114,118,10,2441.262,-4250.272,7633.6479
112,118,10,1775.354,-4358.4521,7740.1279
110,118,10,1105.84,-4395.7139,7730.4478
108,118,10,456.76,-4369.27,7616.2241
106,118,10,-149.048,-4275.5142,7401.3281
104,118,10,-686.342,-4127.668,7105.1201
102,118,10,-1156.324,-3934.146,6741.1519
100,118,10,-1544.5701,-3712.978,6334.5918
100,116,10,-1327.0081,-3805.532,5722.8159
102,116,10,-966.408,-4019.488,6061.6162
104,116,10,-537.294,-4202.1919,6359.7598
106,116,10,-46.878,-4346.4321,6605.6318
108,116,10,500.032,-4440.188,6781.8081
110,116,10,1083.0021,-4471.4399,6874.7358
112,116,10,1686.406,-4440.188,6878.6079
114,116,10,2288.6082,-4339.2202,6787.6157
116,116,10,2867.9722,-4178.1519,6603.6958
118,116,10,3412.478,-3959.3882,6334.5918
120,116,10,3899.2881,-3691.342,5988.0479
122,116,10,4321.1899,-3386.0342,5575.6802
124,116,10,4670.9722,-3053.0801,5118.7842
126,116,10,4948.6343,-2708.106,4628.9761
128,116,10,5156.5801,-2363.1321,4117.8721
130,116,10,5303.2241,-2026.572,3606.7681
130,114,10,4987.0981,-2122.7319,3273.7759
128,114,10,4832.04,-2446.0701,3715.1841
126,114,10,4622.8921,-2774.2161,4152.7202
124,114,10,4356.0479,-3098.7561,4568.96
122,114,10,4023.094,-3416.084,4958.0962
120,114,10,3631.2422,-3704.564,5306.5762
118,114,10,3185.3,-3956.9841,5600.8481
116,114,10,2694.884,-4160.1221,5833.168
114,114,10,2174.418,-4307.9683,5989.9839
112,114,10,1633.5181,-4399.3203,6073.2319
110,114,10,1091.416,-4431.7739,6077.104
108,114,10,564.94,-4407.7339,6009.3437
106,114,10,67.312,-4324.7959,5869.9521
104,114,10,-378.63,-4192.5762,5676.3521
102,114,10,-777.694,-4023.094,5430.48
100,114,10,-1116.6581,-3822.3601,5149.7598
100,112,10,-925.54,-3786.3,4623.168
102,112,10,-613.02,-3966.6001,4853.5518
104,112,10,-250.016,-4121.6582,5052.96
106,112,10,156.26,-4240.6562,5213.6479
108,112,10,601.0,-4316.3818,5320.1279
110,112,10,1073.386,-4342.8262,5374.3359
112,112,10,1560.196,-4312.7759,5366.5918
114,112,10,2045.8041,-4227.4341,5291.0879
116,112,10,2515.7861,-4091.6082,5155.5679
118,112,10,2961.728,-3902.894,4958.0962
120,112,10,3369.2061,-3674.5142,4710.2881
122,112,10,3731.0081,-3411.2761,4416.0161
124,112,10,4042.3262,-3116.7861,4083.0239
126,112,10,4303.1602,-2809.074,3724.864
128,112,10,4512.3081,-2491.7461,3347.344
130,112,10,4670.9722,-2174.418,2958.208
130,110,10,4371.6743,-2173.2161,2660.064
128,110,10,4211.8081,-2466.5042,2993.0559
126,110,10,4009.8721,-2760.9941,3318.304
124,110,10,3765.866,-3047.0701,3626.1279
122,110,10,3472.5781,-3319.9241,3906.8479
120,110,10,3139.624,-3566.334,4158.5278
118,110,10,2770.6101,-3776.6841,4371.4878
116,110,10,2369.1421,-3948.5701,4537.9839
114,110,10,1947.24,-4074.78,4654.144
112,110,10,1512.116,-4154.1123,4721.9038
110,110,10,1075.79,-4184.1621,4733.52
108,110,10,653.888,-4166.1318,4698.6719
106,110,10,251.218,-4102.4263,4611.5518
104,110,10,-117.796,-4001.458,4489.584
102,110,10,-453.154,-3863.228,4326.96
100,110,10,-746.442,-3699.7561,4139.168
100,110,12,-563.738,-3271.844,3957.1841
102,110,12,-298.096,-3399.2561,4119.8081
104,110,12,4.808,-3506.2341,4261.1357
106,110,12,336.56,-3585.5662,4369.5518
108,110,12,695.958,-3628.8381,4437.312
110,110,12,1072.184,-3638.4541,4464.416
112,110,12,1459.228,-3607.2021,4446.9922
114,110,12,1846.272,-3533.8801,4381.168
116,110,12,2220.094,-3423.2961,4268.8799
118,110,12,2577.0881,-3277.854,4112.064
120,110,12,2906.436,-3099.958,3914.592
122,110,12,3205.7341,-2893.2141,3682.272
124,110,12,3470.1741,-2663.6321,3418.9761
126,110,12,3698.554,-2419.626,3136.3201
128,110,12,3886.0662,-2168.408,2834.304
130,110,12,4038.72,-1909.978,2518.7361
130,112,12,4291.1401,-1889.5441,2776.2239
128,112,12,4138.4858,-2149.176,3128.5759
126,112,12,3947.3682,-2410.01,3475.1199
124,112,12,3714.1802,-2662.4299,3802.304
122,112,12,3436.5181,-2904.032,4108.1919
120,112,12,3111.978,-3127.604,4377.2959
118,112,12,2753.782,-3321.126,4605.7441
116,112,12,2361.9299,-3482.1941,4789.6641
114,112,12,1950.8461,-3599.99,4917.4399
112,112,12,1525.338,-3676.918,4991.0078
110,112,12,1098.6281,-3710.574,5008.4321
108,112,12,682.736,-3699.7561,4971.6479
106,112,12,288.48,-3649.272,4882.5918
104,112,12,-76.928,-3563.9302,4750.9438
102,112,12,-407.478,-3446.134,4580.5762
100,112,12,-698.362,-3304.2981,4379.2319
100,114,12,-847.41,-3304.2981,4836.1279
102,114,12,-540.9,-3455.75,5076.1919
104,114,12,-185.108,-3583.1621,5285.2798
106,114,12,210.35,-3678.1201,5449.8398
108,114,12,645.474,-3735.8162,5562.1279
110,114,12,1103.436,-3750.24,5616.3359
112,114,12,1573.418,-3716.584,5602.7842
114,114,12,2043.4,-3636.05,5523.4082
116,114,12,2496.554,-3511.042,5378.208
118,114,12,2925.668,-3341.5601,5169.1201
120,114,12,3317.52,-3138.4221,4903.8882
122,114,12,3666.1001,-2901.6282,4592.1919
124,114,12,3964.196,-2643.198,4239.8398
126,114,12,4210.606,-2375.1521,3864.2559
128,114,12,4406.5322,-2103.5,3465.4399
130,114,12,4557.9839,-1829.4441,3056.9441
130,116,12,4816.4141,-1722.4661,3331.856
128,116,12,4673.376,-1990.5121,3788.752
126,116,12,4476.248,-2264.5681,4239.8398
124,116,12,4226.2319,-2537.4221,4671.5679
122,116,12,3917.3181,-2801.8621,5080.064
120,116,12,3549.5061,-3049.4741,5444.0317
118,116,12,3125.2,-3269.4399,5751.856
116,116,12,2657.6221,-3452.144,5993.856
114,116,12,2163.6001,-3586.7681,6164.2241
112,116,12,1649.144,-3674.5142,6255.2158
110,116,12,1131.082,-3712.978,6268.7681
108,116,12,626.242,-3699.7561,6201.0078
106,116,12,149.048,-3643.262,6065.4878
104,116,12,-284.874,-3544.698,5868.0161
102,116,12,-670.716,-3412.478,5622.144
100,116,12,-1004.872,-3251.4102,5335.6162
100,118,12,-1165.9401,-3139.624,5844.7842
102,118,12,-817.36,-3297.0862,6179.7119
104,118,12,-401.468,-3434.114,6481.728
106,118,12,66.11,-3532.678,6717.9199
108,118,12,585.374,-3590.374,6888.2881
110,118,12,1135.89,-3601.1921,6973.4722
112,118,12,1704.436,-3559.1221,6965.728
114,118,12,2270.5781,-3465.366,6866.9922
116,118,12,2811.478,-3323.53,6675.3281
118,118,12,3319.9241,-3137.22,6398.48
120,118,12,3773.0781,-2910.042,6042.2559
122,118,12,4169.7383,-2651.6121,5624.0801
124,118,12,4494.2783,-2379.96,5155.5679
126,118,12,4750.3042,-2102.2981,4656.0801
128,118,12,4943.8262,-1825.838,4141.104
130,118,12,5082.0562,-1552.984,3618.384
130,120,12,5326.062,-1323.402,3881.6799
128,120,12,5204.6602,-1568.61,4454.7358
126,120,12,5020.7539,-1833.05,5033.6001
124,120,12,4764.728,-2105.9041,5598.9121
122,120,12,4431.7739,-2375.1521,6135.1841
120,120,12,4023.094,-2633.582,6619.1841
118,120,12,3541.092,-2865.5681,7031.5518
116,120,12,2996.5859,-3065.1001,7354.8638
114,120,12,2410.01,-3220.158,7577.5039
112,120,12,1793.384,-3322.3281,7691.728
110,120,12,1175.556,-3371.6101,7699.4722
108,120,12,574.556,-3369.2061,7598.7998
106,120,12,9.616,-3318.7222,7397.4561
104,120,12,-500.032,-3224.9661,7122.5439
102,120,12,-945.974,-3098.7561,6776.0
100,120,12,-1323.402,-2943.698,6382.9922
100,122,12,-1472.4501,-2666.0361,6899.9038
102,122,12,-1080.598,-2804.2661,7350.9922
104,122,12,-605.808,-2916.052,7753.6802
106,122,12,-62.504,-2992.98,8078.9277
108,122,12,546.91,-3031.4441,8315.1201
110,122,12,1195.99,-3020.626,8437.0879
112,122,12,1866.7061,-2959.324,8437.0879
114,122,12,2531.4121,-2848.74,8305.4404
116,122,12,3161.26,-2692.48,8053.7598
118,122,12,3746.634,-2489.342,7687.856
120,122,12,4256.2822,-2258.5581,7217.4082
122,122,12,4682.9922,-2007.3401,6665.6479
124,122,12,5021.9561,-1747.708,6055.8081
126,122,12,5275.5781,-1488.076,5418.8638
128,122,12,5446.2622,-1241.666,4766.4321
130,122,12,5553.2402,-1014.488,4123.6802
130,124,12,5739.5503,-632.252,4309.5361
128,124,12,5661.4199,-811.35,5002.624
126,124,12,5508.7661,-1018.094,5717.0078
124,124,12,5271.9722,-1242.868,6417.8398
122,124,12,4934.21,-1480.864,7097.376
120,124,12,4496.6821,-1720.062,7718.832
118,124,12,3967.802,-1944.8361,8253.168
116,124,12,3357.186,-2146.772,8679.0879
114,124,12,2690.0759,-2311.446,8973.3604
112,124,12,1983.3,-2432.8481,9126.3037
110,124,12,1266.9081,-2510.978,9134.0479
108,124,12,567.344,-2544.634,8992.7197
106,124,12,-82.938,-2532.614,8729.4238
104,124,12,-665.908,-2479.7261,8363.5195
102,124,12,-1173.152,-2395.5859,7910.4961
100,124,12,-1591.448,-2285.002,7401.3281
100,126,12,-1681.598,-1828.2421,7833.0562
102,126,12,-1248.8781,-1894.3521,8386.752
104,126,12,-716.392,-1938.826,8886.2402
106,126,12,-102.17,-1952.0481,9292.7998
108,126,12,587.778,-1930.412,9581.2637
110,126,12,1325.806,-1869.11,9730.3359
112,126,12,2081.864,-1771.748,9724.5283
114,126,12,2824.7,-1635.922,9550.2881
116,126,12,3521.8601,-1470.046,9223.1035
118,126,12,4157.7183,-1277.7261,8746.8477
120,126,12,4702.2241,-1070.9821,8154.4321
122,126,12,5142.1562,-857.026,7465.2158
124,126,12,5471.5039,-655.09,6719.856
126,126,12,5692.6719,-467.578,5951.2642
128,126,12,5823.6899,-305.308,5180.7358
130,126,12,5880.1841,-168.28,4431.5039
130,128,12,5952.3042,340.166,4454.7358
128,128,12,5933.0723,286.076,5225.2642
126,128,12,5835.71,197.128,6034.5122
124,128,12,5644.5923,76.928,6855.376
122,128,12,5339.2842,-69.716,7656.8799
120,128,12,4912.5742,-240.4,8404.1758
118,128,12,4369.27,-421.902,9058.5439
116,128,12,3724.998,-607.01,9581.2637
114,128,12,3005.0,-783.704,9952.9756
112,128,12,2232.114,-937.56,10158.1924
110,128,12,1444.8041,-1068.578,10183.3604
108,128,12,673.12,-1171.9501,10040.0957
106,128,12,-52.888,-1244.0701,9740.0156
104,128,12,-699.564,-1281.332,9314.0957
102,128,12,-1257.292,-1292.15,8783.6318
100,128,12,-1717.6581,-1278.928,8193.1523
100,130,12,-1698.426,-687.544,8431.2803
102,130,12,-1226.04,-633.454,9033.376
104,130,12,-644.272,-557.728,9573.5195
106,130,12,25.242,-459.164,10003.3115
108,130,12,772.886,-335.358,10297.584
110,130,12,1565.004,-188.714,10427.2959
112,130,12,2372.748,-24.04,10376.96
114,130,12,3158.856,157.462,10144.6396
116,130,12,3884.864,331.752,9738.0801
118,130,12,4524.3281,495.224,9166.96
120,130,12,5050.8042,640.666,8471.9355
122,130,12,5458.2822,763.27,7682.0479
124,130,12,5738.3481,854.622,6837.9521
126,130,12,5898.2139,905.106,5989.9839
128,130,12,5961.9199,921.934,5159.4399
130,130,12,5949.8999,901.5,4367.6162
130,132,12,5860.9521,1458.026,4154.6558
128,132,12,5906.6279,1569.812,4921.312
126,132,12,5883.79,1644.3361,5744.1118
124,132,12,5765.9941,1677.9921,6594.0161
122,132,12,5532.8062,1667.1741,7449.728
120,132,12,5171.0039,1608.276,8264.7842
118,132,12,4679.3862,1510.9141,8994.6563
116,132,12,4068.77,1370.28,9606.4316
114,132,12,3366.802,1199.5961,10057.5195
112,132,12,2587.906,1008.478,10338.2402
110,132,12,1776.556,805.34,10433.1035
108,132,12,971.216,604.606,10342.1123
106,132,12,204.34,409.882,10080.752
104,132,12,-494.022,236.794,9674.1924
102,132,12,-1102.234,80.534,9151.4717
100,132,12,-1607.074,-48.08,8555.1836
100,134,12,-1454.42,551.718,8537.7598
102,134,12,-931.55,748.846,9093.3916
104,134,12,-304.106,968.812,9573.5195
106,134,12,401.468,1208.01,9927.8076
108,134,12,1175.556,1460.4301,10136.8955
110,134,12,1977.29,1709.244,10173.6797
112,134,12,2771.812,1943.634,10028.4795
114,134,12,3524.2642,2151.5801,9705.168
116,134,12,4193.7783,2318.658,9213.4238
118,134,12,4763.5259,2440.0601,8580.3516
120,134,12,5207.064,2500.1602,7834.9922
122,134,12,5520.7861,2503.7661,7018.0
124,134,12,5704.6919,2448.4741,6175.8398
126,134,12,5778.0142,2340.2939,5349.168
128,134,12,5762.3882,2186.438,4555.4082
130,134,12,5684.2583,1995.3201,3819.728
130,136,12,5430.6362,2473.7161,3370.5759
128,136,12,5537.6143,2740.5601,4032.688
126,136,12,5597.7139,2973.748,4762.5601
124,136,12,5580.8862,3154.0481,5536.96
122,136,12,5460.686,3274.248,6338.4639
120,136,12,5216.6802,3324.7322,7134.1602
118,136,12,4844.0601,3304.2981,7879.52
116,136,12,4339.2202,3211.7441,8543.5684
114,136,12,3727.4021,3054.282,9077.9043
112,136,12,3020.626,2841.5281,9461.2324
110,136,12,2254.9521,2581.896,9678.0635
108,136,12,1467.642,2294.6179,9718.7197
106,136,12,694.756,1992.916,9592.8799
104,136,12,-24.04,1697.224,9310.2236
102,136,12,-673.12,1415.9561,8905.5996
100,136,12,-1230.848,1157.526,8402.2402
100,138,12,-965.206,1647.942,8166.0479
102,138,12,-389.448,1943.634,8588.0957
104,138,12,275.258,2268.1741,8911.4082
106,138,12,997.66,2601.1279,9101.1357
108,138,12,1758.526,2938.8901,9137.9199
110,138,12,2516.988,3253.814,9012.0801
112,138,12,3240.592,3532.678,8721.6797
114,138,12,3892.0762,3755.0481,8278.3359
116,138,12,4441.3901,3911.3081,7709.1519
118,138,12,4875.312,3989.438,7031.5518
120,138,12,5174.6099,3983.428,6297.8081
122,138,12,5344.0923,3898.0862,5533.0879
124,138,12,5398.1821,3734.614,4783.856
126,138,12,5357.314,3502.6282,4073.344
128,138,12,5253.9419,3218.9561,3422.8479
130,138,12,5109.7021,2893.2141,2834.304
130,140,12,4734.6782,3200.926,2224.4639
128,140,12,4908.9683,3566.334,2708.4639
126,140,12,5062.8242,3894.48,3267.968
124,140,12,5164.9941,4164.9302,3893.2959
122,140,12,5191.438,4363.2603,4578.6401
120,140,12,5109.7021,4478.6519,5302.7041
118,140,12,4904.1602,4507.5,6026.7681
116,140,12,4560.3882,4444.9961,6717.9199
114,140,12,4094.012,4298.3521,7329.6958
112,140,12,3509.8401,4077.1841,7840.7998
110,140,12,2840.3262,3793.512,8218.3203
108,140,12,2115.52,3467.77,8446.7676
106,140,12,1365.472,3115.584,8510.6563
104,140,12,637.06,2759.792,8427.4082
102,140,12,-45.676,2408.8081,8202.832
100,140,12,-655.09,2079.46,7862.0962
100,142,12,-344.974,2393.1821,7525.2319
102,142,12,282.47,2722.53,7778.8481
104,142,12,977.226,3073.5142,7906.624
106,142,12,1699.6281,3435.3162,7893.0718
108,142,12,2429.2419,3788.7041,7724.6401
110,142,12,3117.988,4114.4463,7405.2002
112,142,12,3735.8162,4396.916,6948.3042
114,142,12,4253.8779,4615.6802,6375.248
116,142,12,4644.5283,4757.5161,5722.8159
118,142,12,4901.7559,4817.6162,5020.0479
120,142,12,5020.7539,4780.354,4305.6641
122,142,12,5015.9463,4655.3462,3620.3201
124,142,12,4914.978,4443.7939,2996.928
126,142,12,4746.6982,4158.9199,2449.04
128,142,12,4542.3579,3810.3401,1980.528
130,142,12,4328.4019,3416.084,1585.584
130,144,12,3906.5,3524.2642,940.896
128,144,12,4152.9102,3925.7322,1235.168
126,144,12,4408.936,4283.9282,1612.688
124,144,12,4644.5283,4577.2163,2079.2639
122,144,12,4827.2319,4797.1821,2644.5759
120,144,12,4922.1899,4930.604,3293.136
118,144,12,4896.9482,4972.6743,3993.968
116,144,12,4731.0723,4923.3921,4718.0317
114,144,12,4428.168,4795.98,5409.1841
112,144,12,3985.832,4589.2358,6046.1279
110,144,12,3424.498,4322.3921,6584.3359
108,144,12,2774.2161,4009.8721,7000.5762
106,144,12,2066.238,3670.908,7267.7441
104,144,12,1347.442,3324.7322,7380.0317
102,144,12,637.06,2979.7581,7341.312
100,144,12,-19.232,2649.208,7165.1357
100,146,12,283.672,2822.2961,6812.7842
102,146,12,950.782,3127.604,6913.4561
104,146,12,1664.77,3449.74,6870.8638
106,146,12,2381.1621,3774.28,6673.3921
108,146,12,3068.7061,4090.406,6317.168
110,146,12,3685.332,4378.8862,5819.6162
112,146,12,4193.7783,4625.2959,5205.9038
114,146,12,4573.6099,4817.6162,4508.9438
116,146,12,4805.5962,4940.2202,3775.2
118,146,12,4887.332,4984.6938,3031.7759
120,146,12,4824.8281,4942.624,2332.8799
122,146,12,4644.5283,4814.0103,1711.424
124,146,12,4380.0879,4601.2559,1196.448
126,146,12,4074.78,4315.1802,793.76
128,146,12,3761.0581,3961.792,497.552
130,146,12,3464.1641,3560.324,288.464
130,148,12,3050.676,3517.052,-298.144
128,148,12,3382.428,3906.5,-172.304
126,148,12,3749.0381,4252.6763,52.272
124,148,12,4120.4561,4533.9438,394.944
122,148,12,4459.4199,4743.0923,867.328
120,148,12,4722.6582,4871.7061,1463.616
118,148,12,4869.3022,4918.584,2160.5759
116,148,12,4868.1001,4883.7261,2921.4241
114,148,12,4710.6382,4777.9502,3695.824
112,148,12,4395.7139,4607.2661,4445.0562
110,148,12,3938.9541,4386.0981,5122.6558
108,148,12,3363.196,4126.4663,5691.8398
106,148,12,2694.884,3839.188,6125.5039
104,148,12,1984.5021,3543.4961,6402.3521
102,148,12,1264.504,3246.6021,6516.5762
100,148,12,576.96,2959.324,6473.9839
100,150,12,838.996,3051.8782,6142.9277
102,150,12,1526.54,3306.7021,6131.312
104,150,12,2247.74,3569.9402,5959.0078
106,150,12,2950.9102,3828.3701,5622.144
108,150,12,3598.7881,4080.79,5126.5278
110,150,12,4148.1021,4307.9683,4493.4561
112,150,12,4565.1963,4501.4902,3757.7759
114,150,12,4827.2319,4649.3359,2956.272
116,150,12,4920.9883,4739.4863,2145.0879
118,150,12,4850.0703,4765.9302,1359.072
120,150,12,4626.498,4719.0522,654.368
122,150,12,4287.5342,4596.4482,69.696
124,150,12,3871.6421,4399.3203,-371.712
126,150,12,3432.9121,4131.2739,-665.984
128,150,12,3006.2021,3799.522,-826.672
130,150,12,2623.9661,3419.6899,-882.816
130,150,14,2590.3101,2930.4761,-476.256
128,150,14,2882.396,3244.198,-369.776
126,150,14,3200.926,3524.2642,-180.048
124,150,14,3520.658,3753.8459,108.416
122,150,14,3811.542,3929.3381,501.424
120,150,14,4041.124,4044.73,995.104
118,150,14,4181.7583,4097.6182,1568.16
116,150,14,4208.2021,4094.012,2201.2319
114,150,14,4110.8398,4035.114,2849.792
112,150,14,3886.0662,3928.136,3484.8
110,150,14,3543.4961,3781.4922,4071.408
108,150,14,3101.1602,3604.7981,4572.832
106,150,14,2580.6941,3406.468,4975.52
104,150,14,2019.36,3196.1182,5250.4321
102,150,14,1436.39,2978.5562,5403.376
100,150,14,870.248,2762.196,5434.3521
100,148,14,649.08,2657.6221,5736.3682
102,148,14,1202.0,2883.5981,5751.856
104,148,14,1783.7681,3120.3921,5649.248
106,148,14,2355.9199,3352.3782,5426.6079
108,148,14,2898.022,3575.95,5080.064
110,148,14,3370.408,3774.28,4625.104
112,148,14,3752.644,3942.5601,4084.96
114,148,14,4027.9021,4069.9722,3486.7361
116,148,14,4180.5562,4144.4961,2865.28
118,148,14,4214.2119,4161.3242,2247.696
120,148,14,4137.2842,4114.4463,1672.704
122,148,14,3970.2061,4005.064,1163.536
124,148,14,3738.22,3830.7742,739.552
126,148,14,3471.376,3598.7881,412.368
128,148,14,3194.916,3316.3181,168.432
130,148,14,2932.8801,2989.374,3.872
130,146,14,3280.2581,2998.99,509.168
128,146,14,3502.6282,3323.53,737.616
126,146,14,3732.21,3612.01,1033.824
124,146,14,3943.762,3847.6021,1407.472
122,146,14,4116.8501,4023.094,1860.496
120,146,14,4221.4243,4136.082,2387.0879
118,146,14,4234.646,4179.354,2964.0159
116,146,14,4140.8901,4155.314,3568.0481
114,146,14,3932.9441,4069.9722,4160.4639
112,146,14,3613.2122,3931.7422,4721.9038
110,146,14,3192.512,3744.23,5213.6479
108,146,14,2691.2781,3524.2642,5614.3999
106,146,14,2134.752,3281.46,5904.7998
104,146,14,1552.984,3027.8381,6071.2959
102,146,14,967.61,2770.6101,6117.7598
100,146,14,412.286,2516.988,6051.936
100,144,14,165.876,2337.8901,6361.6958
102,144,14,703.17,2590.3101,6485.6001
104,144,14,1282.5341,2857.1541,6501.0879
106,144,14,1869.11,3122.7961,6404.2881
108,144,14,2444.8682,3381.2261,6183.584
110,144,14,2978.5562,3616.8181,5850.5918
112,144,14,3443.73,3818.7542,5414.9922
114,144,14,3818.7542,3972.6101,4901.9521
116,144,14,4088.002,4069.9722,4340.5122
118,144,14,4250.272,4102.4263,3750.032
120,144,14,4306.7661,4066.366,3167.2959
122,144,14,4271.9082,3962.9941,2621.344
124,144,14,4163.728,3791.1082,2125.728
126,144,14,4006.2661,3560.324,1701.744
128,144,14,3823.562,3279.0562,1341.6479
130,144,14,3636.05,2954.5161,1045.4399
130,142,14,3973.812,2841.5281,1573.968
128,142,14,4124.062,3149.24,1939.8719
126,142,14,4262.292,3422.094,2363.856
124,142,14,4365.6641,3644.4641,2842.0481
122,142,14,4412.542,3811.542,3376.384
120,142,14,4383.6938,3908.9041,3951.376
118,142,14,4258.686,3938.9541,4539.9199
116,142,14,4031.5081,3899.2881,5114.9121
114,142,14,3702.1602,3795.916,5649.248
112,142,14,3275.45,3633.646,6117.7598
110,142,14,2769.408,3424.498,6495.2798
108,142,14,2208.074,3180.4919,6766.3198
106,142,14,1611.8821,2912.446,6915.3921
104,142,14,1018.094,2638.3901,6946.3682
102,142,14,442.336,2365.5361,6861.1841
100,142,14,-90.15,2098.6921,6675.3281
100,140,14,-338.964,1803.0,6959.9199
102,140,14,169.482,2047.006,7209.6641
104,140,14,734.422,2312.6479,7364.5439
106,140,14,1331.816,2581.896,7414.8799
108,140,14,1940.0281,2842.73,7339.376
110,140,14,2532.614,3090.342,7145.7759
112,140,14,3080.7261,3301.894,6830.208
114,140,14,3562.728,3468.9722,6413.9678
116,140,14,3955.782,3583.1621,5914.48
118,140,14,4253.8779,3633.646,5351.104
120,140,14,4449.8042,3618.02,4758.688
122,140,14,4548.3682,3535.082,4158.5278
124,140,14,4565.1963,3388.438,3579.6641
126,140,14,4514.7119,3187.7041,3041.4561
128,140,14,4420.9561,2937.688,2547.7759
130,140,14,4301.958,2652.814,2106.3679
130,138,14,4591.6401,2393.1821,2590.3679
128,138,14,4679.3862,2644.4001,3095.6641
126,138,14,4732.2739,2860.76,3649.3599
124,138,14,4732.2739,3032.646,4241.7759
122,138,14,4660.1543,3154.0481,4861.2959
120,138,14,4499.0859,3215.3501,5482.752
118,138,14,4240.6562,3216.552,6082.9121
116,138,14,3882.46,3154.0481,6636.6079
114,138,14,3434.114,3036.252,7108.9922
112,138,14,2906.436,2867.9722,7482.6401
110,138,14,2319.8601,2662.4299,7740.1279
108,138,14,1704.436,2426.8381,7869.8398
106,138,14,1081.8,2172.0142,7869.8398
104,138,14,483.204,1914.786,7753.6802
102,138,14,-78.13,1667.1741,7525.2319
100,138,14,-576.96,1432.7841,7209.6641
100,136,14,-788.512,1007.276,7401.3281
102,136,14,-311.318,1200.798,7769.168
104,136,14,233.188,1413.552,8059.5679
106,136,14,828.178,1634.72,8243.4883
108,136,14,1456.824,1860.696,8313.1836
110,136,14,2092.6821,2080.6621,8249.2959
112,136,14,2710.51,2276.5881,8051.8237
114,136,14,3282.6621,2441.262,7728.5117
116,136,14,3780.29,2563.866,7290.9761
118,136,14,4199.7881,2643.198,6758.5762
120,136,14,4520.7222,2668.4399,6156.48
122,136,14,4741.8901,2638.3901,5513.728
124,136,14,4871.7061,2555.4521,4861.2959
126,136,14,4919.7861,2425.636,4222.416
128,136,14,4905.3623,2254.9521,3606.7681
130,136,14,4847.666,2050.6121,3037.584
130,134,14,5044.7939,1667.1741,3395.7439
128,134,14,5073.6421,1815.02,4005.584
126,134,14,5053.208,1936.422,4659.9521
124,134,14,4964.2603,2016.9561,5329.8081
122,134,14,4791.1719,2057.824,6003.5361
120,134,14,4519.52,2051.814,6657.9038
118,134,14,4151.708,2000.1281,7256.1279
116,134,14,3691.342,1903.968,7773.04
114,134,14,3152.8459,1774.152,8181.5361
112,134,14,2550.644,1614.286,8468.0635
110,134,14,1909.978,1433.9861,8619.0723
108,134,14,1260.8981,1236.858,8630.6875
106,134,14,627.444,1044.538,8504.8477
104,134,14,37.262,857.026,8268.6563
102,134,14,-497.628,682.736,7931.792
100,134,14,-965.206,520.466,7517.4878
100,132,14,-1095.022,10.818,7536.8481
102,132,14,-653.888,115.392,7976.3198
104,132,14,-135.826,236.794,8349.9678
106,132,14,443.538,373.822,8626.8164
108,132,14,1072.184,526.476,8793.3115
110,132,14,1724.87,686.342,8826.2236
112,132,14,2375.1521,845.006,8721.6797
114,132,14,2998.99,992.852,8475.8076
116,132,14,3565.1321,1126.274,8102.1602
118,132,14,4063.9622,1241.666,7608.48
120,132,14,4471.4399,1322.2001,7027.6802
122,132,14,4786.3643,1373.886,6381.0562
124,132,14,5003.9263,1385.906,5695.7119
126,132,14,5132.54,1361.866,5008.4321
128,132,14,5189.0342,1306.574,4330.832
130,132,14,5186.6299,1221.2321,3684.208
130,130,14,5263.5581,778.896,3860.384
128,130,14,5238.3159,801.734,4510.8799
126,130,14,5151.772,798.128,5192.3521
124,130,14,4993.1079,764.472,5877.6958
122,130,14,4744.2939,703.17,6553.3599
120,130,14,4401.7241,613.02,7186.4321
118,130,14,3969.0042,503.638,7745.936
116,130,14,3449.74,371.418,8212.5117
114,130,14,2869.1741,231.986,8557.1201
112,130,14,2240.5281,94.958,8768.1436
110,130,14,1589.0441,-42.07,8845.584
108,130,14,943.57,-168.28,8781.6963
106,130,14,323.338,-284.874,8591.9678
104,130,14,-244.006,-379.832,8295.7598
102,130,14,-750.048,-455.558,7904.688
100,130,14,-1177.96,-514.456,7455.5361
100,128,14,-1211.616,-1008.478,7271.6157
102,128,14,-804.138,-1001.266,7714.96
104,128,14,-323.338,-977.226,8100.2241
106,128,14,222.37,-932.752,8404.1758
108,128,14,819.764,-865.44,8605.5195
110,128,14,1449.6121,-777.694,8688.7676
112,128,14,2087.874,-668.312,8638.4316
114,128,14,2715.3181,-538.496,8454.5117
116,128,14,3298.2881,-400.266,8144.752
118,128,14,3828.3701,-257.228,7716.896
120,128,14,4277.918,-121.402,7190.3042
122,128,14,4643.3262,9.616,6590.144
124,128,14,4917.3823,118.998,5941.584
126,128,14,5107.2979,209.148,5275.6001
128,128,14,5221.4883,277.662,4601.8721
130,128,14,5274.376,319.732,3949.4399
130,126,14,5228.7002,-93.756,3939.76
128,126,14,5151.772,-188.714,4565.0879
126,126,14,5015.9463,-305.308,5207.8398
124,126,14,4808.0,-438.73,5840.9121
122,126,14,4518.3179,-587.778,6448.8159
120,126,14,4145.6982,-745.24,7010.2559
118,126,14,3693.7461,-901.5,7496.1919
116,126,14,3169.6741,-1055.3561,7891.1357
114,126,14,2599.926,-1192.384,8171.856
112,126,14,1990.5121,-1311.3821,8334.4795
110,126,14,1370.28,-1403.936,8373.2002
108,126,14,763.27,-1471.248,8288.0156
106,126,14,185.108,-1507.308,8088.6079
104,126,14,-336.56,-1516.9241,7796.272
102,126,14,-801.734,-1501.298,7426.4961
100,126,14,-1195.99,-1470.046,7000.5762
100,124,14,-1146.708,-1865.504,6657.9038
102,124,14,-774.088,-1932.816,7048.9761
104,124,14,-334.156,-1979.6941,7393.584
106,124,14,163.472,-2001.3301,7666.5601
108,124,14,709.18,-1995.3201,7856.2881
110,124,14,1288.5441,-1955.6541,7941.4722
112,124,14,1878.7261,-1885.938,7916.3042
114,124,14,2460.4941,-1782.566,7774.9761
116,124,14,3011.01,-1655.1541,7525.2319
118,124,14,3518.2542,-1502.5,7169.0078
120,124,14,3964.196,-1331.816,6725.6641
122,124,14,4342.8262,-1141.9,6214.5601
124,124,14,4644.5283,-959.196,5651.1841
126,124,14,4869.3022,-787.31,5060.7041
128,124,14,5025.562,-627.444,4458.6079
130,124,14,5122.9243,-485.608,3860.384
130,122,14,4983.4922,-807.744,3715.1841
128,122,14,4869.3022,-979.63,4263.0718
126,122,14,4699.8203,-1168.344,4814.832
124,122,14,4466.6323,-1365.472,5353.04
122,122,14,4167.334,-1565.004,5864.144
120,122,14,3798.3201,-1759.728,6324.9121
118,122,14,3366.802,-1941.23,6721.792
116,122,14,2879.9919,-2101.0959,7039.2959
114,122,14,2354.718,-2232.114,7267.7441
112,122,14,1803.0,-2329.4761,7393.584
110,122,14,1245.272,-2390.7781,7414.8799
108,122,14,700.766,-2414.8181,7341.312
106,122,14,182.704,-2404.0,7172.8799
104,122,14,-287.278,-2360.728,6928.9438
102,122,14,-706.776,-2289.8101,6619.1841
100,122,14,-1066.1741,-2199.6602,6261.0239
100,120,14,-967.61,-2459.292,5835.104
102,120,14,-631.05,-2566.27,6150.6719
104,120,14,-239.198,-2651.6121,6421.7119
106,120,14,201.936,-2710.51,6640.48
108,120,14,683.938,-2735.752,6791.4878
110,120,14,1192.384,-2724.9341,6857.312
112,120,14,1714.052,-2675.6521,6839.8882
114,120,14,2232.114,-2589.1082,6729.5361
116,120,14,2726.136,-2465.302,6532.064
118,120,14,3187.7041,-2309.042,6253.2798
120,120,14,3599.99,-2129.9441,5898.9922
122,120,14,3958.186,-1931.614,5486.624
124,120,14,4255.0801,-1718.86,5027.792
126,120,14,4490.6719,-1503.702,4537.9839
128,120,14,4672.1743,-1287.342,4034.624
130,120,14,4799.5859,-1086.608,3527.3921
130,118,14,4604.8623,-1290.948,3306.688
128,118,14,4467.834,-1503.702,3759.7119
126,118,14,4285.1299,-1723.6681,4210.7998
124,118,14,4050.74,-1944.8361,4644.4639
122,118,14,3759.856,-2162.3979,5051.0239
120,118,14,3418.488,-2364.334,5414.9922
118,118,14,3027.8381,-2548.24,5728.624
116,118,14,2596.3201,-2703.2981,5978.3682
114,118,14,2137.156,-2823.498,6154.5439
112,118,14,1656.3561,-2906.436,6255.2158
110,118,14,1170.748,-2952.1121,6274.5762
108,118,14,697.16,-2958.1221,6218.4321
106,118,14,246.41,-2925.668,6092.5918
104,118,14,-165.876,-2860.76,5908.6719
102,118,14,-536.092,-2768.2061,5670.5439
100,118,14,-855.824,-2654.0161,5395.6318
100,116,14,-739.23,-2780.2261,4958.0962
102,116,14,-439.932,-2896.8201,5196.2241
104,116,14,-97.362,-2992.98,5397.5679
106,116,14,283.672,-3061.4941,5558.2559
108,116,14,698.362,-3098.7561,5664.7358
110,116,14,1134.688,-3099.958,5713.1357
112,116,14,1580.63,-3062.696,5691.8398
114,116,14,2024.1681,-2985.7681,5604.7197
116,116,14,2450.8779,-2873.9819,5451.7759
118,116,14,2855.9521,-2728.54,5234.9438
120,116,14,3224.9661,-2548.24,4961.9678
122,116,14,3550.708,-2351.1121,4638.6558
124,116,14,3828.3701,-2138.3582,4278.5601
126,116,14,4056.75,-1917.1901,3895.2319
128,116,14,4241.8579,-1690.0121,3490.6079
130,116,14,4383.6938,-1464.036,3074.3679
130,114,14,4169.7383,-1567.4081,2836.24
128,114,14,4025.498,-1788.576,3200.208
126,114,14,3841.592,-2013.3501,3558.3679
124,114,14,3619.2222,-2232.114,3897.168
122,114,14,3353.5801,-2441.262,4212.7358
120,114,14,3047.0701,-2633.582,4493.4561
118,114,14,2706.9041,-2803.064,4733.52
116,114,14,2334.2839,-2944.9001,4927.1201
114,114,14,1938.826,-3054.282,5060.7041
112,114,14,1530.146,-3128.8062,5140.0801
110,114,14,1120.264,-3166.0681,5163.312
108,114,14,719.998,-3163.6641,5128.4639
106,114,14,335.358,-3128.8062,5041.3437
104,114,14,-16.828,-3062.696,4911.6318
102,114,14,-338.964,-2970.1421,4741.2642
100,114,14,-622.636,-2854.75,4537.9839
100,112,14,-509.648,-2882.396,4137.2319
102,112,14,-246.41,-2990.5762,4305.6641
104,112,14,49.282,-3079.5242,4448.9277
106,112,14,375.024,-3143.23,4557.3437
108,112,14,724.806,-3178.0881,4628.9761
110,112,14,1091.416,-3180.4919,4654.144
112,112,14,1466.4401,-3148.0381,4632.8481
114,112,14,1840.2621,-3080.7261,4561.2158
116,112,14,2200.8621,-2979.7581,4439.248
118,112,14,2547.0381,-2846.3359,4274.688
120,112,14,2864.366,-2686.47,4065.6001
122,112,14,3154.0481,-2497.7561,3821.6641
124,112,14,3406.468,-2295.8201,3542.8799
126,112,14,3620.4241,-2084.2681,3244.7361
128,112,14,3799.522,-1863.1,2927.2319
130,112,14,3944.9641,-1639.5281,2596.176
130,110,14,3729.8062,-1667.1741,2367.728
128,110,14,3586.7681,-1882.332,2656.1919
126,110,14,3413.6802,-2095.0859,2936.9119
124,110,14,3209.3401,-2298.2241,3198.272
122,110,14,2971.344,-2489.342,3440.272
120,110,14,2704.5,-2663.6321,3655.168
118,110,14,2411.2122,-2816.2861,3839.0879
116,110,14,2095.0859,-2942.4961,3986.2239
114,110,14,1763.334,-3042.262,4092.7039
112,110,14,1419.562,-3108.3721,4158.5278
110,110,14,1078.194,-3142.0281,4181.7598
108,110,14,744.038,-3140.8262,4164.3359
106,110,14,421.902,-3110.7761,4110.1279
104,110,14,122.604,-3053.0801,4021.072
102,110,14,-153.856,-2972.5461,3902.9761
100,110,14,-400.266,-2870.376,3757.7759
100,110,16,-264.44,-2536.22,3552.5601
102,110,16,-40.868,-2613.1479,3674.5281
104,110,16,207.946,-2675.6521,3777.136
106,110,16,477.194,-2717.7222,3848.7681
108,110,16,764.472,-2735.752,3893.2959
110,110,16,1061.366,-2732.146,3901.04
112,110,16,1366.6741,-2699.6921,3873.936
114,110,16,1669.578,-2641.9961,3810.0481
116,110,16,1962.8661,-2556.6541,3711.312
118,110,16,2245.3359,-2448.4741,3573.856
120,110,16,2508.574,-2317.4561,3403.488
122,110,16,2748.9741,-2169.6101,3206.0159
124,110,16,2964.1321,-2006.1381,2985.312
126,110,16,3150.4421,-1834.2521,2743.312
128,110,16,3310.3081,-1651.548,2485.824
130,110,16,3444.9321,-1464.036,2214.7839
130,112,16,3627.636,-1424.37,2408.384
128,112,16,3491.8101,-1609.478,2706.5281
126,112,16,3327.136,-1793.384,2993.0559
124,112,16,3133.614,-1970.078,3264.0959
122,112,16,2907.6379,-2138.3582,3515.7759
120,112,16,2652.814,-2292.2141,3738.416
118,112,16,2372.748,-2426.8381,3932.0159
116,112,16,2068.6421,-2541.0281,4084.96
114,112,16,1752.516,-2629.9761,4199.1841
112,112,16,1424.37,-2692.48,4274.688
110,112,16,1093.8201,-2727.3381,4301.792
108,112,16,769.28,-2733.3481,4286.3042
106,112,16,459.164,-2712.9141,4234.0317
104,112,16,167.078,-2668.4399,4144.9761
102,112,16,-102.17,-2602.3301,4026.8799
100,112,16,-343.772,-2519.3921,3881.6799
100,114,16,-430.316,-2476.1201,4224.3521
102,114,16,-175.492,-2560.26,4392.7842
104,114,16,111.786,-2628.7742,4537.9839
106,114,16,424.306,-2674.45,4642.5278
108,114,16,760.866,-2696.0859,4710.2881
110,114,16,1110.6481,-2690.0759,4733.52
112,114,16,1467.642,-2656.4202,4706.416
114,114,16,1823.4341,-2592.7141,4628.9761
116,114,16,2166.0042,-2501.3621,4505.0718
118,114,16,2495.3521,-2381.1621,4330.832
120,114,16,2795.8521,-2241.73,4115.936
122,114,16,3068.7061,-2083.0659,3862.3201
124,114,16,3306.7021,-1912.3821,3579.6641
126,114,16,3508.6382,-1732.082,3275.7119
128,114,16,3678.1201,-1544.5701,2950.4639
130,114,16,3816.3501,-1355.8561,2617.4719
130,116,16,3994.2461,-1250.0801,2814.9441
128,116,16,3859.6221,-1429.178,3180.8479
126,116,16,3688.938,-1613.084,3539.0081
124,116,16,3482.1941,-1792.182,3877.8079
122,116,16,3234.582,-1965.27,4197.248
120,116,16,2949.708,-2126.3381,4481.8398
118,116,16,2629.9761,-2270.5781,4725.7759
116,116,16,2281.396,-2393.1821,4921.312
114,116,16,1914.786,-2488.1401,5064.5762
112,116,16,1532.55,-2557.856,5151.6958
110,116,16,1145.506,-2597.522,5180.7358
108,116,16,766.876,-2605.936,5153.6318
106,116,16,402.67,-2586.7041,5076.1919
104,116,16,66.11,-2542.23,4952.2881
102,116,16,-241.602,-2474.918,4787.728
100,116,16,-516.86,-2388.374,4592.1919
100,118,16,-602.202,-2259.76,4950.3521
102,118,16,-314.924,-2340.2939,5176.8638
104,118,16,12.02,-2405.2021,5366.5918
106,118,16,371.418,-2446.0701,5513.728
108,118,16,760.866,-2460.4941,5606.6558
110,118,16,1167.142,-2448.4741,5643.4399
112,118,16,1580.63,-2406.4041,5614.3999
114,118,16,1991.714,-2336.688,5521.4722
116,118,16,2385.97,-2236.9221,5364.6558
118,118,16,2758.5901,-2113.116,5147.8237
120,118,16,3097.554,-1968.876,4872.9121
122,118,16,3396.8521,-1809.01,4555.4082
124,118,16,3654.0801,-1638.326,4199.1841
126,118,16,3865.6321,-1461.6321,3817.792
128,118,16,4037.5181,-1281.332,3420.9119
130,118,16,4172.1421,-1104.6381,3012.416
130,120,16,4329.604,-917.126,3184.72
128,120,16,4205.7979,-1072.184,3622.2559
126,120,16,4038.72,-1235.656,4059.792
124,120,16,3824.7642,-1402.734,4477.9678
122,120,16,3562.728,-1567.4081,4874.8481
120,120,16,3252.6121,-1726.072,5229.1357
118,120,16,2899.2241,-1871.514,5535.0239
116,120,16,2507.3721,-1997.724,5778.96
114,120,16,2090.2781,-2099.894,5957.0718
112,120,16,1651.548,-2176.822,6063.5518
110,120,16,1209.212,-2224.9021,6098.3999
108,120,16,775.29,-2245.3359,6057.7441
106,120,16,359.398,-2238.124,5953.2002
104,120,16,-25.242,-2204.468,5786.7041
102,120,16,-372.62,-2149.176,5573.7441
100,120,16,-680.332,-2075.854,5318.1919
100,122,16,-748.846,-1841.464,5660.8638
102,122,16,-429.114,-1901.5641,5941.584
104,122,16,-63.706,-1942.432,6181.6479
106,122,16,341.368,-1962.8661,6365.5679
108,122,16,782.502,-1960.462,6487.5361
110,122,16,1241.666,-1931.614,6534.0
112,122,16,1711.6481,-1877.524,6501.0879
114,122,16,2174.418,-1795.7881,6384.9277
116,122,16,2614.3501,-1693.618,6189.3921
118,122,16,3025.4341,-1568.61,5914.48
120,122,16,3392.0439,-1430.38,5577.6162
122,122,16,3710.574,-1281.332,5188.48
124,122,16,3977.418,-1123.87,4754.8159
126,122,16,4190.1719,-968.812,4294.0479
128,122,16,4353.644,-818.562,3817.792
130,122,16,4472.6421,-679.13,3337.6641
130,124,16,4586.832,-395.458,3444.144
128,124,16,4484.6621,-500.032,3951.376
126,124,16,4334.4121,-617.828,4460.5439
124,124,16,4130.0723,-747.644,4954.2241
122,124,16,3868.0361,-883.47,5424.6719
120,124,16,3544.698,-1024.104,5854.4639
118,124,16,3166.0681,-1161.1321,6224.2397
116,124,16,2739.3582,-1286.14,6524.3198
114,124,16,2282.5981,-1393.118,6745.0239
112,124,16,1798.192,-1480.864,6878.6079
110,124,16,1305.3721,-1549.3781,6919.2642
108,124,16,818.562,-1593.8521,6874.7358
106,124,16,356.994,-1613.084,6745.0239
104,124,16,-72.12,-1609.478,6545.6157
102,124,16,-457.962,-1586.64,6286.1919
100,124,16,-796.926,-1546.974,5978.3682
100,126,16,-825.774,-1211.616,6245.5361
102,126,16,-477.194,-1224.838,6568.8481
104,126,16,-75.726,-1222.4341,6847.6318
106,126,16,369.014,-1204.4041,7058.6558
108,126,16,853.42,-1165.9401,7194.1758
110,126,16,1357.058,-1108.244,7238.7041
112,126,16,1869.11,-1031.316,7190.3042
114,126,16,2370.344,-937.56,7041.2319
116,126,16,2842.73,-826.976,6803.104
118,126,16,3279.0562,-704.372,6473.9839
120,126,16,3660.0901,-581.768,6071.2959
122,126,16,3983.428,-455.558,5610.5278
124,126,16,4241.8579,-341.368,5109.104
126,126,16,4436.582,-240.4,4582.5122
128,126,16,4573.6099,-150.25,4042.3679
130,126,16,4663.7603,-76.928,3504.1599
130,128,16,4698.6182,264.44,3500.2881
128,128,16,4628.9019,237.996,4042.3679
126,128,16,4509.9043,191.118,4601.8721
124,128,16,4333.21,127.412,5149.7598
122,128,16,4090.406,45.676,5680.2241
120,128,16,3780.29,-50.484,6171.9678
118,128,16,3404.064,-155.058,6603.6958
116,128,16,2968.9399,-265.642,6961.856
114,128,16,2491.7461,-375.024,7227.0879
112,128,16,1979.6941,-478.396,7395.52
110,128,16,1454.42,-575.758,7461.3437
108,128,16,930.348,-658.696,7424.5601
106,128,16,427.912,-727.21,7292.9121
104,128,16,-37.262,-776.492,7078.0161
102,128,16,-456.76,-808.946,6793.4238
100,128,16,-823.37,-826.976,6456.5601
100,130,16,-789.714,-418.296,6595.9521
102,130,16,-415.892,-366.61,6930.8799
104,130,16,16.828,-300.5,7215.4722
106,130,16,492.82,-223.572,7424.5601
108,130,16,1008.478,-126.21,7548.4639
110,130,16,1539.7621,-21.636,7571.6958
112,130,16,2074.6521,87.746,7488.4478
114,130,16,2589.1082,201.936,7298.7197
116,130,16,3065.1001,310.116,7008.3198
118,130,16,3493.012,409.882,6628.8638
120,130,16,3859.6221,496.426,6173.9038
122,130,16,4154.1123,568.546,5662.7998
124,130,16,4381.29,617.828,5112.9761
126,130,16,4538.752,645.474,4547.6641
128,130,16,4636.1143,650.282,3978.48
130,130,16,4686.5981,633.454,3424.7839
130,132,16,4626.498,998.862,3271.8401
128,132,16,4598.8521,1067.376,3810.0481
126,132,16,4525.5303,1111.85,4371.4878
124,132,16,4395.7139,1131.082,4934.8638
122,132,16,4197.3843,1122.668,5494.3682
120,132,16,3928.136,1084.204,6020.96
118,132,16,3585.5662,1021.7,6497.2158
116,132,16,3175.6841,931.55,6901.8398
114,132,16,2712.9141,825.774,7217.4082
112,132,16,2205.6699,710.382,7434.2397
110,132,16,1673.1841,582.97,7544.5918
108,132,16,1138.2941,459.164,7546.5278
106,132,16,615.424,335.358,7447.792
104,132,16,126.21,218.764,7258.064
102,132,16,-319.732,112.988,6990.896
100,132,16,-713.988,21.636,6661.7759
100,134,16,-609.414,438.73,6644.3521
102,134,16,-207.946,561.334,6948.3042
104,134,16,247.612,698.362,7192.2397
106,134,16,741.634,845.006,7350.9922
108,134,16,1266.9081,997.66,7422.624
110,134,16,1798.192,1145.506,7387.7759
112,134,16,2321.062,1286.14,7246.4478
114,134,16,2813.8821,1409.946,7002.5117
116,134,16,3255.0161,1514.52,6661.7759
118,134,16,3640.8582,1591.448,6239.728
120,134,16,3955.782,1634.72,5753.792
122,134,16,4196.1821,1645.5381,5221.3921
124,134,16,4362.0581,1619.094,4667.6958
126,134,16,4464.228,1561.3981,4112.064
128,134,16,4509.9043,1473.652,3566.1121
130,134,16,4513.5103,1357.058,3043.3921
130,136,16,4357.25,1676.79,2747.1841
128,136,16,4376.4819,1837.858,3229.248
126,136,16,4362.0581,1972.4821,3746.1599
124,136,16,4295.9482,2071.0461,4276.624
122,136,16,4168.5361,2133.55,4814.832
120,136,16,3967.802,2153.9841,5341.4238
118,136,16,3694.948,2134.752,5833.168
116,136,16,3345.166,2074.6521,6276.5122
114,136,16,2934.082,1979.6941,6640.48
112,136,16,2466.5042,1852.282,6919.2642
110,136,16,1960.462,1700.8301,7099.312
108,136,16,1436.39,1531.348,7178.688
106,136,16,915.924,1358.26,7149.6479
104,136,16,418.296,1185.172,7029.6157
102,136,16,-46.878,1018.094,6824.3999
100,136,16,-467.578,859.43,6549.4878
100,138,16,-302.904,1220.03,6392.6719
102,138,16,121.402,1399.1281,6623.0562
104,138,16,592.586,1587.842,6783.7441
106,138,16,1089.012,1781.364,6857.312
108,138,16,1603.468,1973.6841,6836.0161
110,138,16,2110.7122,2155.186,6714.0479
112,138,16,2593.916,2315.052,6493.3437
114,138,16,3030.2419,2442.4641,6181.6479
116,138,16,3405.2661,2533.8162,5792.5122
118,138,16,3715.3821,2585.502,5339.4878
120,138,16,3946.166,2586.7041,4847.7441
122,138,16,4102.4263,2544.634,4332.7681
124,138,16,4190.1719,2455.686,3813.9199
126,138,16,4217.8179,2325.8701,3312.4961
128,138,16,4202.1919,2161.196,2836.24
130,138,16,4154.1123,1962.8661,2389.0239
130,140,16,3919.7222,2184.0339,1990.208
128,140,16,3993.0442,2410.01,2377.408
126,140,16,4044.73,2605.936,2809.136
124,140,16,4057.9521,2765.802,3271.8401
122,140,16,4017.084,2877.5881,3759.7119
120,140,16,3911.3081,2942.4961,4259.2002
118,140,16,3732.21,2956.9202,4749.0078
116,140,16,3474.9822,2920.8601,5213.6479
114,140,16,3144.4321,2837.9221,5627.9521
112,140,16,2742.9641,2711.7122,5978.3682
110,140,16,2291.012,2553.0481,6245.5361
108,140,16,1805.4041,2367.9399,6419.7759
106,140,16,1300.564,2166.0042,6497.2158
104,140,16,802.936,1953.25,6477.856
102,140,16,326.944,1748.91,6369.4399
100,140,16,-112.988,1552.984,6181.6479
100,142,16,81.736,1816.222,5941.584
102,142,16,526.476,2018.1581,6077.104
104,142,16,1003.67,2228.5081,6131.312
106,142,16,1495.2881,2443.666,6094.5278
108,142,16,1984.5021,2646.804,5966.752
110,142,16,2449.676,2831.9121,5742.1758
112,142,16,2871.5781,2990.5762,5432.416
114,142,16,3234.582,3114.3821,5049.0879
116,142,16,3520.658,3191.3101,4615.4238
118,142,16,3728.604,3221.3601,4137.2319
120,142,16,3857.218,3197.3201,3651.2959
122,142,16,3913.7122,3121.594,3167.2959
124,142,16,3906.5,2994.1821,2708.4639
126,142,16,3851.208,2821.094,2284.48
128,142,16,3764.6641,2605.936,1901.152
130,142,16,3658.8882,2358.324,1560.416
130,144,16,3384.832,2464.1001,1122.88
128,144,16,3517.052,2722.53,1405.536
126,144,16,3640.8582,2953.314,1738.528
124,144,16,3739.4221,3138.4221,2117.9839
122,144,16,3795.916,3279.0562,2545.8401
120,144,16,3793.512,3368.0042,3012.416
118,144,16,3720.1902,3402.8621,3494.48
116,144,16,3563.9302,3384.832,3980.416
114,144,16,3328.3381,3317.52,4437.312
112,144,16,3011.01,3203.3301,4855.4878
110,144,16,2623.9661,3053.0801,5213.6479
108,144,16,2184.0339,2873.9819,5488.5601
106,144,16,1710.446,2675.6521,5672.48
104,144,16,1226.04,2467.7061,5763.4722
102,144,16,744.038,2253.75,5759.6001
100,144,16,287.278,2043.4,5674.416
100,146,16,484.406,2214.084,5397.5679
102,146,16,942.368,2416.02,5438.2241
104,146,16,1420.764,2620.3601,5389.8237
106,146,16,1897.958,2818.6899,5250.4321
108,146,16,2355.9199,3008.606,5014.2397
110,146,16,2773.0142,3176.886,4690.9277
112,146,16,3126.4021,3319.9241,4294.0479
114,146,16,3405.2661,3424.498,3842.96
116,146,16,3596.384,3484.5981,3360.896
118,146,16,3700.958,3497.8201,2863.344
120,146,16,3722.594,3456.9521,2383.2161
122,146,16,3672.1101,3365.6001,1934.064
124,146,16,3566.334,3220.158,1535.248
126,146,16,3422.094,3029.04,1192.576
128,146,16,3257.4202,2794.6501,907.984
130,146,16,3091.5439,2526.604,673.728
130,148,16,2806.6702,2531.4121,255.552
128,148,16,3001.394,2800.6602,435.6
126,148,16,3200.926,3037.4541,677.6
124,148,16,3387.2361,3234.582,985.424
122,148,16,3542.2939,3384.832,1357.136
120,148,16,3642.0601,3483.396,1788.864
118,148,16,3672.1101,3532.678,2265.1199
116,148,16,3619.2222,3529.072,2770.416
114,148,16,3473.78,3480.9919,3271.8401
112,148,16,3239.3901,3392.0439,3751.968
110,148,16,2920.8601,3265.834,4187.5679
108,148,16,2532.614,3111.978,4553.4722
106,148,16,2092.6821,2937.688,4834.1919
104,148,16,1623.902,2750.176,5023.9199
102,148,16,1146.708,2557.856,5116.8481
100,148,16,680.332,2364.334,5114.9121
100,150,16,861.834,2470.1101,4830.3198
102,150,16,1323.402,2645.6021,4791.6001
104,150,16,1795.7881,2821.094,4659.9521
106,150,16,2252.5481,2989.374,4431.5039
108,150,16,2676.854,3146.8359,4108.1919
110,150,16,3042.262,3285.0662,3705.5039
112,150,16,3330.7419,3394.448,3236.9919
114,150,16,3530.2742,3472.5781,2725.8879
116,150,16,3632.4441,3511.042,2205.104
118,150,16,3639.656,3505.032,1690.1281
120,150,16,3560.324,3453.3459,1213.8719
122,150,16,3408.8721,3351.176,791.824
124,150,16,3205.7341,3200.926,439.472
126,150,16,2976.1521,3007.4041,166.496
128,150,16,2735.752,2771.812,-34.848
130,150,16,2506.1702,2503.7661,-168.432
130,150,18,2399.1921,2141.9641,60.016
128,150,18,2571.0781,2366.738,205.216
126,150,18,2747.772,2568.6741,402.688
124,150,18,2912.446,2735.752,652.432
122,150,18,3051.8782,2867.9722,962.192
120,150,18,3149.24,2960.5261,1320.3521
118,150,18,3190.1082,3014.616,1717.2319
116,150,18,3163.6641,3030.2419,2139.28
114,150,18,3066.302,3008.606,2563.2639
112,150,18,2894.416,2955.718,2977.5679
110,150,18,2652.814,2875.1841,3357.0239
108,150,18,2352.314,2770.6101,3686.144
106,150,18,2006.1381,2648.0061,3953.312
104,150,18,1631.114,2512.1799,4144.9761
102,150,18,1241.666,2367.9399,4261.1357
100,150,18,855.824,2218.8921,4303.728
100,148,18,704.372,2109.51,4559.2798
102,148,18,1085.406,2260.9622,4549.6001
104,148,18,1478.4601,2413.616,4464.416
106,148,18,1863.1,2560.26,4305.6641
108,148,18,2228.5081,2697.2881,4071.408
110,148,18,2550.644,2813.8821,3775.2
112,148,18,2821.094,2908.8401,3420.9119
114,148,18,3027.8381,2976.1521,3027.9041
116,148,18,3162.4622,3006.2021,2617.4719
118,148,18,3228.572,3000.1921,2201.2319
120,148,18,3227.3701,2954.5161,1802.416
122,148,18,3169.6741,2870.376,1430.704
124,148,18,3069.908,2744.166,1103.52
126,148,18,2938.8901,2580.6941,822.8
128,148,18,2792.2461,2382.364,592.416
130,148,18,2643.198,2153.9841,406.56
130,146,18,2886.002,2131.146,764.72
128,146,18,3008.606,2352.314,989.296
126,146,18,3121.594,2547.0381,1256.464
124,146,18,3217.7542,2708.106,1562.3521
122,146,18,3280.2581,2831.9121,1908.896
120,146,18,3297.0862,2912.446,2292.2239
118,146,18,3257.4202,2953.314,2696.8479
116,146,18,3154.0481,2952.1121,3107.28
114,146,18,2983.364,2912.446,3502.2239
112,146,18,2746.5701,2839.124,3873.936
110,146,18,2450.8779,2734.55,4201.1201
108,146,18,2105.9041,2605.936,4466.3521
106,146,18,1727.274,2459.292,4665.7598
104,146,18,1334.22,2303.032,4789.6641
102,146,18,933.954,2138.3582,4836.1279
100,146,18,545.708,1971.28,4814.832
100,144,18,384.64,1804.202,5056.832
102,144,18,763.27,1965.27,5116.8481
104,144,18,1164.738,2131.146,5107.168
106,144,18,1566.2061,2293.416,5023.9199
108,144,18,1959.26,2446.0701,4867.104
110,144,18,2324.668,2583.0981,4636.7202
112,144,18,2651.6121,2698.49,4344.3838
114,144,18,2924.4661,2783.832,4001.7119
116,144,18,3133.614,2833.114,3622.2559
118,144,18,3280.2581,2843.9321,3219.5679
120,144,18,3361.9941,2811.478,2813.0081
122,144,18,3387.2361,2739.3582,2416.1279
124,144,18,3365.6001,2625.168,2046.3519
126,144,18,3306.7021,2473.7161,1707.552
128,144,18,3223.7642,2288.6082,1403.6
130,144,18,3128.8062,2073.45,1138.368
130,142,18,3354.782,1972.4821,1500.4
128,142,18,3423.2961,2172.0142,1806.288
126,142,18,3474.9822,2346.304,2145.0879
124,142,18,3497.8201,2485.7361,2512.928
122,142,18,3483.396,2591.512,2905.936
120,142,18,3416.084,2655.218,3314.4319
118,142,18,3292.2781,2679.2581,3724.864
116,142,18,3108.3721,2660.0261,4117.8721
114,142,18,2861.9622,2604.7341,4479.9038
112,142,18,2557.856,2515.7861,4801.2798
110,142,18,2208.074,2396.7881,5064.5762
108,142,18,1822.2321,2256.1541,5256.2397
106,142,18,1415.9561,2098.6921,5376.272
104,142,18,1004.872,1932.816,5418.8638
102,142,18,603.404,1764.536,5389.8237
100,142,18,219.966,1599.8621,5291.0879
100,140,18,62.504,1358.26,5496.3042
102,140,18,433.922,1509.712,5629.8882
104,140,18,832.986,1667.1741,5703.4561
106,140,18,1247.676,1824.636,5705.3921
108,140,18,1664.77,1979.6941,5627.9521
110,140,18,2071.0461,2122.7319,5476.9438
112,140,18,2447.272,2242.9321,5252.3682
114,140,18,2783.832,2337.8901,4958.0962
116,140,18,3067.5042,2402.7981,4615.4238
118,140,18,3293.48,2430.4441,4228.2241
120,140,18,3459.356,2420.8281,3819.728
122,140,18,3567.5361,2371.5461,3399.616
124,140,18,3621.626,2283.8,2983.376
126,140,18,3633.646,2159.9941,2586.4961
128,140,18,3613.2122,2004.936,2207.04
130,140,18,3568.738,1822.2321,1856.624
130,138,18,3755.0481,1633.5181,2176.064
128,138,18,3775.4822,1792.182,2561.3279
126,138,18,3768.27,1924.402,2971.76
124,138,18,3724.998,2027.774,3397.6799
122,138,18,3633.646,2098.6921,3831.344
120,138,18,3489.406,2132.3481,4261.1357
118,138,18,3287.47,2132.3481,4671.5679
116,138,18,3026.636,2093.884,5051.0239
114,138,18,2712.9141,2025.37,5378.208
112,138,18,2349.9102,1929.2101,5643.4399
110,138,18,1950.8461,1806.6061,5838.9761
108,138,18,1531.348,1670.78,5953.2002
106,138,18,1102.234,1519.328,5993.856
104,138,18,683.938,1369.078,5953.2002
102,138,18,283.672,1218.828,5844.7842
100,138,18,-86.544,1075.79,5672.48
100,136,18,-219.966,760.866,5802.1919
102,136,18,139.432,882.268,6005.4722
104,136,18,532.486,1010.882,6150.6719
106,136,18,950.782,1144.3041,6226.1758
108,136,18,1383.5021,1276.524,6226.1758
110,136,18,1816.222,1402.734,6146.7998
112,136,18,2233.3162,1518.126,5988.0479
114,136,18,2622.7642,1619.094,5746.0479
116,136,18,2966.5361,1696.022,5442.0962
118,136,18,3261.0261,1741.698,5076.1919
120,136,18,3500.2241,1760.9301,4669.6318
122,136,18,3681.7261,1747.708,4234.0317
124,136,18,3806.7341,1700.8301,3782.9441
126,136,18,3882.46,1625.104,3337.6641
128,136,18,3916.116,1521.7321,2894.3201
130,136,18,3919.7222,1394.3201,2474.208
130,134,18,4045.9321,1135.89,2710.3999
128,134,18,4021.8921,1229.646,3153.7439
126,134,18,3961.792,1301.766,3612.5759
124,134,18,3860.824,1349.8461,4075.28
122,134,18,3708.1702,1370.28,4532.1758
120,134,18,3497.8201,1363.068,4971.6479
118,134,18,3232.178,1329.412,5376.272
116,134,18,2911.2441,1270.514,5728.624
114,134,18,2544.634,1189.98,6017.0879
112,134,18,2138.3582,1090.214,6233.9199
110,134,18,1709.244,983.236,6369.4399
108,134,18,1269.312,867.844,6419.7759
106,134,18,830.582,747.644,6388.7998
104,134,18,413.488,632.252,6284.2559
102,134,18,22.838,520.466,6110.0161
100,134,18,-331.752,415.892,5883.5039
100,132,18,-423.104,57.696,5904.7998
102,132,18,-81.736,129.816,6148.7358
104,132,18,300.5,213.956,6342.3359
106,132,18,713.988,306.51,6470.1118
108,132,18,1149.1121,405.074,6528.1919
110,132,18,1592.65,504.84,6503.0239
112,132,18,2031.38,604.606,6392.6719
114,132,18,2450.8779,698.362,6202.9438
116,132,18,2833.114,780.098,5937.7119
118,132,18,3178.0881,849.814,5600.8481
120,132,18,3467.77,900.298,5209.7759
122,132,18,3704.564,931.55,4776.1118
124,132,18,3886.0662,942.368,4313.4082
126,132,18,4012.2761,927.944,3842.96
128,132,18,4095.2141,891.884,3370.5759
130,132,18,4139.688,837.794,2907.8721
130,130,18,4192.5762,545.708,3031.7759
128,130,18,4131.2739,563.738,3496.416
126,130,18,4029.104,564.94,3972.6719
124,130,18,3881.2581,545.708,4441.1841
122,130,18,3681.7261,508.446,4898.0801
120,130,18,3425.7,455.558,5322.064
118,130,18,3120.3921,387.044,5701.52
116,130,18,2763.3979,308.914,6019.0239
114,130,18,2371.5461,224.774,6268.7681
112,130,18,1948.442,135.826,6441.0718
110,130,18,1507.308,44.474,6530.1279
108,130,18,1064.972,-42.07,6535.936
106,130,18,633.454,-123.806,6464.3042
104,130,18,225.976,-197.128,6321.04
102,130,18,-150.25,-258.43,6115.8237
100,130,18,-484.406,-307.712,5862.208
100,128,18,-525.274,-658.696,5753.792
102,128,18,-204.34,-638.262,6007.4082
104,128,18,158.664,-604.606,6216.4961
106,128,18,552.92,-560.132,6369.4399
108,128,18,973.62,-503.638,6454.624
110,128,18,1409.946,-435.124,6462.3682
112,128,18,1846.272,-355.792,6392.6719
114,128,18,2272.9819,-270.45,6239.728
116,128,18,2669.6421,-182.704,6013.2158
118,128,18,3035.05,-92.554,5713.1357
120,128,18,3353.5801,-9.616,5354.9761
122,128,18,3622.8281,64.908,4948.416
124,128,18,3840.3901,128.614,4505.0718
126,128,18,4005.064,177.896,4046.24
128,128,18,4125.2642,213.956,3573.856
130,128,18,4204.5962,234.39,3105.344
130,126,18,4181.7583,-46.878,3115.0239
128,126,18,4089.2041,-98.564,3568.0481
126,126,18,3956.9841,-163.472,4024.9441
124,126,18,3780.29,-240.4,4466.3521
122,126,18,3553.1121,-325.742,4888.3999
120,126,18,3276.6521,-418.296,5275.6001
118,126,18,2953.314,-514.456,5612.4639
116,126,18,2590.3101,-609.414,5891.248
114,126,18,2197.2561,-698.362,6100.3359
112,126,18,1778.9601,-777.694,6237.792
110,126,18,1349.8461,-849.814,6301.6802
108,126,18,925.54,-907.51,6284.2559
106,126,18,513.254,-949.58,6197.1357
104,126,18,131.018,-977.226,6044.1919
102,126,18,-222.37,-989.246,5840.9121
100,126,18,-534.89,-989.246,5589.2319
100,124,18,-525.274,-1283.7361,5374.3359
102,124,18,-225.976,-1305.3721,5612.4639
104,124,18,110.584,-1313.786,5809.936
106,124,18,477.194,-1307.776,5955.1357
108,124,18,870.248,-1283.7361,6044.1919
110,124,18,1280.13,-1242.868,6065.4878
112,124,18,1693.618,-1186.374,6017.0879
114,124,18,2098.6921,-1113.052,5895.1201
116,124,18,2483.332,-1025.306,5703.4561
118,124,18,2843.9321,-925.54,5445.9678
120,124,18,3167.27,-818.562,5132.3359
122,124,18,3447.3362,-709.18,4772.2397
124,124,18,3682.928,-601.0,4375.3599
126,124,18,3871.6421,-496.426,3955.248
128,124,18,4015.8821,-402.67,3517.7119
130,124,18,4121.6582,-317.328,3078.24
130,122,18,4038.72,-548.112,2993.0559
128,122,18,3923.3281,-655.09,3405.4241
126,122,18,3770.6741,-770.482,3815.856
124,122,18,3579.5562,-889.48,4206.9277
122,122,18,3343.9641,-1012.084,4576.7041
120,122,18,3066.302,-1131.082,4909.6958
118,122,18,2751.3779,-1244.0701,5198.1602
116,122,18,2401.5959,-1347.442,5434.3521
114,122,18,2028.9761,-1437.592,5608.5918
112,122,18,1635.922,-1509.712,5722.8159
110,122,18,1239.262,-1563.802,5765.4082
108,122,18,848.612,-1595.0541,5744.1118
106,122,18,469.982,-1608.276,5662.7998
104,122,18,118.998,-1602.266,5525.3437
102,122,18,-205.542,-1580.63,5343.3599
100,122,18,-494.022,-1543.368,5122.6558
100,120,18,-450.75,-1756.1221,4840.0
102,120,18,-177.896,-1805.4041,5041.3437
104,120,18,128.614,-1840.2621,5207.8398
106,120,18,462.77,-1858.292,5333.6802
108,120,18,819.764,-1857.0901,5409.1841
110,120,18,1191.182,-1834.2521,5430.48
112,120,18,1568.61,-1789.7781,5393.6958
114,120,18,1942.432,-1724.87,5293.0239
116,120,18,2297.022,-1640.73,5134.272
118,120,18,2633.582,-1538.5601,4921.312
120,120,18,2938.8901,-1423.168,4658.0161
122,120,18,3210.542,-1298.16,4350.1919
124,120,18,3447.3362,-1161.1321,4009.4561
126,120,18,3642.0601,-1025.306,3647.4241
128,120,18,3800.7241,-888.278,3264.0959
130,120,18,3922.126,-759.664,2876.896
130,118,18,3795.916,-921.934,2729.76
128,118,18,3669.7061,-1062.568,3087.9199
126,118,18,3511.042,-1206.808,3434.4639
124,118,18,3318.7222,-1348.644,3767.4561
122,118,18,3089.1401,-1486.874,4075.28
120,118,18,2824.7,-1620.296,4354.064
118,118,18,2531.4121,-1741.698,4594.1279
116,118,18,2210.478,-1846.272,4789.6641
114,118,18,1871.514,-1930.412,4932.9277
112,118,18,1519.328,-1995.3201,5025.856
110,118,18,1163.536,-2036.188,5062.6401
108,118,18,812.552,-2055.4199,5047.1519
106,118,18,473.588,-2051.814,4983.2642
104,118,18,158.664,-2027.774,4870.9761
102,118,18,-134.624,-1985.704,4721.9038
100,118,18,-394.256,-1928.0081,4539.9199
100,116,18,-335.358,-2057.824,4234.0317
102,116,18,-90.15,-2119.126,4394.7202
104,116,18,183.906,-2166.0042,4526.3682
106,116,18,480.8,-2194.8521,4623.168
108,116,18,796.926,-2203.2661,4681.248
110,116,18,1126.274,-2190.0439,4696.7358
112,116,18,1460.4301,-2152.782,4661.8882
114,116,18,1792.182,-2095.0859,4580.5762
116,116,18,2110.7122,-2014.552,4450.8638
118,116,18,2416.02,-1912.3821,4276.624
120,116,18,2694.884,-1794.5861,4059.792
122,116,18,2948.5061,-1663.568,3808.1121
124,116,18,3168.4722,-1520.53,3525.4561
126,116,18,3357.186,-1373.886,3223.4399
128,116,18,3518.2542,-1216.4241,2902.064
130,116,18,3649.272,-1061.366,2571.0081
130,114,18,3500.2241,-1156.324,2402.5759
128,114,18,3371.6101,-1311.3821,2700.72
126,114,18,3216.552,-1466.4401,2989.1841
124,114,18,3031.4441,-1616.6901,3262.1599
122,114,18,2817.488,-1759.728,3511.9041
120,114,18,2575.886,-1893.15,3738.416
118,114,18,2311.446,-2012.1481,3933.9519
116,114,18,2025.37,-2111.9141,4092.7039
114,114,18,1727.274,-2192.448,4210.7998
112,114,18,1417.1581,-2251.3459,4288.2397
110,114,18,1104.6381,-2286.2041,4319.2158
108,114,18,796.926,-2299.426,4311.4722
106,114,18,500.032,-2288.6082,4263.0718
104,114,18,222.37,-2258.5581,4181.7598
102,114,18,-36.06,-2211.6799,4067.5359
100,114,18,-269.248,-2146.772,3928.144
100,112,18,-205.542,-2203.2661,3630.0
102,112,18,12.02,-2265.77,3750.032
104,112,18,252.42,-2313.8501,3848.7681
106,112,18,513.254,-2345.1021,3920.3999
108,112,18,788.512,-2355.9199,3959.1199
110,112,18,1074.588,-2347.5061,3964.928
112,112,18,1364.27,-2315.052,3933.9519
114,112,18,1652.75,-2259.76,3864.2559
116,112,18,1931.614,-2184.0339,3757.7759
118,112,18,2199.6602,-2087.874,3616.448
120,112,18,2449.676,-1973.6841,3442.208
122,112,18,2676.854,-1843.868,3240.864
124,112,18,2881.1941,-1702.032,3012.416
126,112,18,3057.8879,-1552.984,2766.5439
128,112,18,3210.542,-1395.522,2503.248
130,112,18,3339.156,-1235.656,2228.3359
130,110,18,3180.4919,-1276.524,2056.032
128,110,18,3056.686,-1432.7841,2299.968
126,110,18,2910.042,-1586.64,2536.1599
124,110,18,2740.5601,-1733.2841,2754.928
122,110,18,2547.0381,-1871.514,2958.208
120,110,18,2331.8801,-1996.5221,3140.1919
118,110,18,2099.894,-2108.3081,3295.072
116,110,18,1849.8781,-2203.2661,3422.8479
114,110,18,1590.246,-2276.5881,3519.6479
112,110,18,1322.2001,-2330.678,3583.5359
110,110,18,1052.952,-2363.1321,3616.448
108,110,18,789.714,-2375.1521,3616.448
106,110,18,532.486,-2363.1321,3583.5359
104,110,18,290.884,-2335.4861,3525.4561
102,110,18,64.908,-2289.8101,3444.144
100,110,18,-141.836,-2228.5081,3339.6001
100,110,20,-43.272,-1972.4821,3132.448
102,110,20,144.24,-2018.1581,3217.6321
104,110,20,347.378,-2051.814,3287.3279
106,110,20,563.738,-2072.248,3333.792
108,110,20,793.32,-2075.854,3355.0879
110,110,20,1028.912,-2063.834,3351.2161
112,110,20,1269.312,-2033.7841,3318.304
114,110,20,1507.308,-1986.906,3256.3521
116,110,20,1736.89,-1921.998,3165.3599
118,110,20,1959.26,-1840.2621,3047.2639
120,110,20,2167.2061,-1745.3041,2905.936
122,110,20,2360.728,-1638.326,2739.4399
124,110,20,2533.8162,-1519.328,2551.6479
126,110,20,2688.874,-1393.118,2350.304
128,110,20,2824.7,-1259.696,2133.4719
130,110,20,2940.092,-1122.668,1905.024
130,112,20,3074.7161,-1074.588,2052.1599
128,112,20,2958.1221,-1205.6061,2296.0959
126,112,20,2818.6899,-1336.624,2534.2239
124,112,20,2658.824,-1462.834,2754.928
122,112,20,2476.1201,-1581.832,2962.0801
120,112,20,2274.1841,-1691.214,3146.0
118,112,20,2053.0161,-1788.576,3304.752
116,112,20,1815.02,-1872.7161,3436.3999
114,112,20,1569.812,-1940.0281,3535.136
112,112,20,1314.988,-1991.714,3604.832
110,112,20,1058.962,-2022.9661,3639.6799
108,112,20,805.34,-2037.39,3643.552
106,112,20,560.132,-2033.7841,3614.512
104,112,20,328.146,-2015.754,3560.304
102,112,20,110.584,-1980.896,3480.928
100,112,20,-90.15,-1932.816,3380.2561
100,114,20,-138.23,-1872.7161,3633.8721
102,114,20,70.918,-1918.3921,3750.032
104,114,20,301.702,-1952.0481,3842.96
106,114,20,548.112,-1971.28,3908.7839
108,114,20,810.148,-1974.886,3943.6321
110,114,20,1080.598,-1960.462,3945.5679
112,114,20,1353.452,-1928.0081,3908.7839
114,114,20,1625.104,-1877.524,3837.1521
116,114,20,1887.14,-1809.01,3726.8
118,114,20,2138.3582,-1724.87,3585.4719
120,114,20,2372.748,-1627.5081,3411.2319
122,114,20,2586.7041,-1518.126,3207.9519
124,114,20,2777.822,-1399.1281,2981.4399
126,114,20,2943.698,-1274.12,2735.5679
128,114,20,3086.7361,-1143.1021,2472.272
130,114,20,3209.3401,-1006.074,2201.2319
130,116,20,3334.3481,-912.318,2338.688
128,116,20,3216.552,-1036.124,2631.0239
126,116,20,3071.1101,-1159.9301,2915.616
124,116,20,2900.426,-1281.332,3182.7839
122,116,20,2703.2981,-1396.724,3432.5281
120,116,20,2479.7261,-1507.308,3655.168
118,116,20,2233.3162,-1607.074,3850.7039
116,116,20,1970.078,-1692.416,4007.52
114,116,20,1693.618,-1762.1321,4127.5518
112,116,20,1405.1381,-1817.4241,4206.9277
110,116,20,1113.052,-1853.484,4247.584
108,116,20,825.774,-1871.514,4247.584
106,116,20,546.91,-1870.312,4206.9277
104,116,20,283.672,-1854.686,4133.3599
102,116,20,38.464,-1823.4341,4028.8159
100,116,20,-185.108,-1778.9601,3899.104
100,118,20,-229.582,-1657.558,4150.7842
102,118,20,3.606,-1697.224,4295.9839
104,118,20,262.036,-1724.87,4416.0161
106,118,20,538.496,-1736.89,4501.2002
108,118,20,834.188,-1734.4861,4547.6641
110,118,20,1138.2941,-1714.052,4553.4722
112,118,20,1444.8041,-1676.79,4512.8159
114,118,20,1750.1121,-1622.7001,4425.6958
116,118,20,2040.9961,-1552.984,4295.9839
118,118,20,2319.8601,-1467.642,4123.6802
120,118,20,2575.886,-1371.4821,3914.592
122,118,20,2807.8721,-1265.7061,3668.72
124,118,20,3009.8081,-1152.718,3393.8079
126,118,20,3186.502,-1032.5181,3103.408
128,118,20,3334.3481,-909.914,2793.6479
130,118,20,3454.5481,-790.916,2474.208
130,120,20,3559.1221,-645.474,2586.4961
128,120,20,3443.73,-746.442,2925.2959
126,120,20,3299.49,-852.218,3258.2881
124,120,20,3126.4021,-957.994,3571.9199
122,120,20,2919.658,-1063.77,3870.064
120,120,20,2681.6621,-1165.9401,4133.3599
118,120,20,2417.2219,-1259.696,4363.7441
116,120,20,2126.3381,-1346.24,4551.5361
114,120,20,1821.03,-1420.764,4694.7998
112,120,20,1501.298,-1478.4601,4793.5361
110,120,20,1177.96,-1519.328,4838.064
108,120,20,858.228,-1545.772,4834.1919
106,120,20,546.91,-1555.3881,4783.856
104,120,20,254.824,-1549.3781,4690.9277
102,120,20,-16.828,-1531.348,4563.1519
100,120,20,-264.44,-1497.692,4400.5278
100,122,20,-294.49,-1308.978,4628.9761
102,122,20,-38.464,-1330.614,4803.2158
104,122,20,245.208,-1341.432,4946.48
106,122,20,549.314,-1340.23,5045.2158
108,122,20,873.854,-1323.402,5101.3599
110,122,20,1208.01,-1293.3521,5105.2319
112,122,20,1546.974,-1248.8781,5058.7681
114,122,20,1879.928,-1188.7781,4954.2241
116,122,20,2196.054,-1119.062,4799.3437
118,122,20,2494.1501,-1037.326,4594.1279
120,122,20,2768.2061,-943.57,4344.3838
122,122,20,3009.8081,-847.41,4057.856
124,122,20,3221.3601,-748.846,3740.3521
126,122,20,3395.6501,-651.484,3401.552
128,122,20,3538.688,-555.324,3047.2639
130,122,20,3649.272,-466.376,2681.3601
130,124,20,3718.988,-266.844,2743.312
128,124,20,3615.616,-330.55,3120.832
126,124,20,3482.1941,-402.67,3494.48
124,124,20,3312.7122,-480.8,3852.6399
122,124,20,3107.1702,-563.738,4191.4399
120,124,20,2864.366,-649.08,4499.2642
118,124,20,2590.3101,-733.22,4768.3682
116,124,20,2283.8,-813.754,4989.0718
114,124,20,1958.058,-885.874,5159.4399
112,124,20,1614.286,-950.782,5273.6641
110,124,20,1263.302,-1004.872,5329.8081
108,124,20,912.318,-1046.942,5331.7441
106,124,20,575.758,-1074.588,5273.6641
104,124,20,256.026,-1087.8101,5171.0562
102,124,20,-39.666,-1090.214,5020.0479
100,124,20,-308.914,-1080.598,4836.1279
100,126,20,-312.52,-830.582,5004.5601
102,126,20,-37.262,-824.572,5196.2241
104,126,20,268.046,-808.946,5351.104
106,126,20,597.394,-783.704,5457.584
108,126,20,945.974,-746.442,5513.728
110,126,20,1304.17,-699.564,5511.792
112,126,20,1663.568,-641.868,5449.8398
114,126,20,2015.754,-573.354,5325.936
116,126,20,2348.708,-501.234,5142.0161
118,126,20,2658.824,-423.104,4903.8882
120,126,20,2935.2839,-346.176,4617.3599
122,126,20,3175.6841,-270.45,4292.1118
124,126,20,3378.822,-200.734,3933.9519
126,126,20,3541.092,-140.634,3560.304
128,126,20,3668.5042,-87.746,3169.2319
130,126,20,3763.4622,-45.676,2772.3521
130,128,20,3780.29,188.714,2758.8
128,128,20,3698.554,177.896,3153.7439
126,128,20,3583.1621,152.654,3554.4961
124,128,20,3431.71,115.392,3941.696
122,128,20,3240.592,68.514,4313.4082
120,128,20,3008.606,10.818,4656.0801
118,128,20,2736.9541,-54.09,4960.0317
116,128,20,2430.4441,-121.402,5213.6479
114,128,20,2098.6921,-191.118,5413.0562
112,128,20,1742.9,-260.834,5552.4478
110,128,20,1377.4921,-326.944,5627.9521
108,128,20,1009.68,-389.448,5639.5679
106,128,20,650.282,-442.336,5589.2319
104,128,20,308.914,-486.81,5486.624
102,128,20,-6.01,-520.466,5329.8081
100,128,20,-294.49,-548.112,5134.272
100,130,20,-262.036,-256.026,5217.52
102,130,20,28.848,-213.956,5409.1841
104,130,20,352.186,-163.472,5558.2559
106,130,20,698.362,-105.776,5656.9922
108,130,20,1063.77,-38.464,5697.6479
110,130,20,1435.188,34.858,5676.3521
112,130,20,1804.202,108.18,5589.2319
114,130,20,2158.792,180.3,5438.2241
116,130,20,2490.5439,252.42,5225.2642
118,130,20,2791.0439,314.924,4954.2241
120,130,20,3054.282,367.812,4638.6558
122,130,20,3276.6521,409.882,4284.3682
124,130,20,3458.1541,438.73,3902.9761
126,130,20,3597.5862,453.154,3508.032
128,130,20,3698.554,451.952,3103.408
130,130,20,3768.27,437.528,2700.72
130,132,20,3727.4021,681.534,2588.4319
128,132,20,3673.312,728.412,2983.376
126,132,20,3587.97,758.462,3384.1279
124,132,20,3467.77,772.886,3779.072
122,132,20,3304.2981,766.876,4166.272
120,132,20,3098.7561,746.442,4530.2397
118,132,20,2849.9421,706.776,4857.4238
116,132,20,2560.26,653.888,5143.9521
114,132,20,2241.73,590.182,5370.4639
112,132,20,1890.7461,515.658,5542.7681
110,132,20,1524.136,436.326,5649.248
108,132,20,1152.718,356.994,5686.0317
106,132,20,784.906,274.056,5658.9277
104,132,20,431.518,197.128,5575.6802
102,132,20,99.766,123.806,5436.2881
100,132,20,-203.138,57.696,5252.3682
100,134,20,-131.018,354.59,5234.9438
102,134,20,175.492,435.124,5403.376
104,134,20,509.648,525.274,5525.3437
106,134,20,863.036,615.424,5593.104
108,134,20,1232.05,711.584,5600.8481
110,134,20,1599.8621,802.936,5542.7681
112,134,20,1960.462,889.48,5420.7998
114,134,20,2300.6279,965.206,5234.9438
116,134,20,2609.542,1025.306,4991.0078
118,134,20,2883.5981,1072.184,4694.7998
120,134,20,3115.584,1098.6281,4357.936
122,134,20,3301.894,1105.84,3990.0959
124,134,20,3444.9321,1090.214,3606.7681
126,134,20,3547.1021,1052.952,3213.76
128,134,20,3614.4141,996.458,2820.752
130,134,20,3650.4741,921.934,2433.552
130,136,20,3547.1021,1140.698,2234.144
128,136,20,3529.072,1245.272,2594.24
126,136,20,3482.1941,1333.0181,2971.76
124,136,20,3402.8621,1394.3201,3353.1521
122,136,20,3285.0662,1433.9861,3730.6719
120,136,20,3122.7961,1446.006,4096.5762
118,136,20,2916.052,1435.188,4437.312
116,136,20,2663.6321,1396.724,4749.0078
114,136,20,2373.95,1339.0281,5008.4321
112,136,20,2048.208,1265.7061,5215.584
110,136,20,1699.6281,1175.556,5362.7202
108,136,20,1337.826,1076.9921,5444.0317
106,136,20,973.62,972.418,5461.4561
104,136,20,619.03,865.44,5416.9277
102,136,20,278.864,760.866,5316.2559
100,136,20,-37.262,659.898,5167.1841
100,138,20,67.312,923.136,5056.832
102,138,20,383.438,1034.922,5182.6719
104,138,20,723.604,1151.516,5256.2397
106,138,20,1076.9921,1268.11,5275.6001
108,138,20,1435.188,1382.3,5231.0718
110,138,20,1787.374,1485.672,5124.5918
112,138,20,2122.7319,1579.428,4956.1602
114,138,20,2429.2419,1653.952,4729.6479
116,138,20,2698.49,1709.244,4456.6719
118,138,20,2928.072,1739.2941,4139.168
120,138,20,3108.3721,1740.496,3794.5601
122,138,20,3244.198,1714.052,3432.5281
124,138,20,3337.9541,1658.76,3064.688
126,138,20,3392.0439,1578.2261,2696.8479
128,138,20,3418.488,1471.248,2338.688
130,138,20,3417.2861,1342.634,1997.952
130,140,20,3262.228,1503.702,1728.848
128,140,20,3281.46,1652.75,2038.608
126,140,20,3281.46,1781.364,2369.6641
124,140,20,3253.814,1883.5341,2712.3359
122,140,20,3190.1082,1956.8561,3068.5601
120,140,20,3084.332,1998.926,3424.7839
118,140,20,2934.082,2009.744,3769.3921
116,140,20,2736.9541,1992.916,4092.7039
114,140,20,2495.3521,1947.24,4383.104
112,140,20,2210.478,1876.322,4630.9121
110,140,20,1894.3521,1780.162,4826.4478
108,140,20,1555.3881,1673.1841,4963.9038
106,140,20,1203.202,1552.984,5039.4082
104,140,20,853.42,1429.178,5051.0239
102,140,20,512.052,1304.17,5006.4961
100,140,20,188.714,1179.162,4909.6958
100,142,20,312.52,1390.714,4731.584
102,142,20,635.858,1518.126,4801.2798
104,142,20,973.62,1647.942,4814.832
106,142,20,1318.594,1774.152,4770.3042
108,142,20,1659.962,1896.756,4665.7598
110,142,20,1983.3,2004.936,4501.2002
112,142,20,2282.5981,2098.6921,4280.4961
114,142,20,2543.4321,2169.6101,4013.3279
116,142,20,2758.5901,2210.478,3709.376
118,142,20,2926.8701,2222.498,3378.3201
120,142,20,3045.8682,2200.8621,3035.6479
122,142,20,3119.1899,2149.176,2687.168
124,142,20,3152.8459,2063.834,2346.4319
126,142,20,3152.8459,1949.644,2025.056
128,142,20,3127.604,1807.808,1719.168
130,142,20,3085.5339,1641.932,1438.448
130,144,20,2900.426,1732.082,1140.304
128,144,20,2962.9302,1909.978,1386.176
126,144,20,3012.2122,2065.0361,1659.152
124,144,20,3041.0601,2191.2461,1957.296
122,144,20,3039.8582,2289.8101,2280.6079
120,144,20,2998.99,2353.5161,2617.4719
118,144,20,2913.6479,2383.5662,2960.144
116,144,20,2777.822,2381.1621,3298.9441
114,144,20,2595.1182,2347.5061,3614.512
112,144,20,2360.728,2287.406,3901.04
110,144,20,2086.6721,2202.064,4146.9121
108,144,20,1778.9601,2097.49,4340.5122
106,144,20,1448.41,1972.4821,4477.9678
104,144,20,1111.85,1846.272,4555.4082
102,144,20,772.886,1715.254,4572.832
100,144,20,445.942,1581.832,4532.1758
100,146,20,575.758,1735.688,4317.2798
102,146,20,899.096,1865.504,4326.96
104,146,20,1233.2521,1992.916,4278.5601
106,146,20,1562.6,2115.52,4172.0801
108,146,20,1879.928,2234.5181,4005.584
110,146,20,2170.812,2335.4861,3782.9441
112,146,20,2424.4341,2414.8181,3513.8401
114,146,20,2632.3801,2471.312,3207.9519
116,146,20,2787.438,2497.7561,2878.832
118,146,20,2890.8101,2492.948,2536.1599
120,146,20,2942.4961,2455.686,2195.4241
122,146,20,2949.708,2387.1721,1866.304
124,146,20,2919.658,2283.8,1562.3521
126,146,20,2860.76,2149.176,1287.4399
128,146,20,2782.6301,1986.906,1041.568
130,146,20,2696.0859,1798.192,826.672
130,148,20,2495.3521,1823.4341,530.464
128,148,20,2602.3301,2016.9561,710.512
126,148,20,2705.7021,2186.438,927.344
124,148,20,2792.2461,2327.072,1179.024
122,148,20,2854.75,2437.656,1467.488
120,148,20,2879.9919,2515.7861,1784.9919
118,148,20,2859.5581,2559.0581,2119.9199
116,148,20,2789.842,2572.28,2468.3999
114,148,20,2664.834,2553.0481,2805.2639
112,148,20,2485.7361,2507.3721,3130.512
110,148,20,2257.356,2437.656,3418.9761
108,148,20,1988.108,2348.708,3664.8479
106,148,20,1685.204,2241.73,3862.3201
104,148,20,1361.866,2121.53,3997.8401
102,148,20,1032.5181,1994.118,4075.28
100,148,20,706.776,1867.9081,4092.7039
100,150,20,829.38,1970.078,3860.384
102,150,20,1147.91,2087.874,3815.856
104,150,20,1471.248,2205.6699,3713.248
106,150,20,1783.7681,2315.052,3548.688
108,150,20,2073.45,2414.8181,3329.9199
110,150,20,2325.8701,2496.554,3058.8799
112,150,20,2532.614,2557.856,2749.1199
114,150,20,2687.6721,2595.1182,2408.384
116,150,20,2782.6301,2604.7341,2061.8401
118,150,20,2822.2961,2585.502,1709.488
120,150,20,2809.074,2535.0181,1374.5599
122,150,20,2751.3779,2453.282,1066.736
124,150,20,2656.4202,2339.092,793.76
126,150,20,2541.0281,2196.054,563.376
128,150,20,2410.01,2022.9661,373.648
130,150,20,2276.5881,1825.838,224.576
