# vtk DataFile Version 3.0
Magnetic Field Scan Structured
ASCII
DATASET STRUCTURED_POINTS
DIMENSIONS 16 16 11
ORIGIN 160 120 0
SPACING 2 2 2
POINT_DATA 2816
SCALARS B_Magnitude double 1
LOOKUP_TABLE default
12083.116403
13014.144932
14009.217626
15002.838674
15957.662445
16800.950548
17482.987446
17952.936750
18182.274604
18155.839260
17880.510695
17361.039921
16618.914977
15696.966196
14643.654779
13536.284047
13103.833288
14301.405308
15577.763482
16884.898072
18142.547637
19265.085180
20160.493460
20749.062339
20960.364225
20889.203826
20573.885476
19983.509217
19070.408994
17867.540771
16503.477215
15094.261754
14124.328795
15611.063567
17261.685643
18957.230561
20626.308291
22113.487613
23300.998476
23980.374937
24124.354367
23987.741892
23631.464457
23052.988682
21990.347255
20445.714926
18678.833718
16853.946599
15102.222390
16901.239535
18930.203280
21187.959366
23517.703363
25520.544804
27049.111847
27493.193153
27231.979585
26910.051039
26810.121658
26527.646941
25385.190372
23371.531648
21041.904047
18700.946190
15819.567477
17682.333768
19890.378642
22700.222269
26057.516600
28358.239427
28188.021292
27767.175942
27304.088784
26924.328139
26902.213109
27161.840558
27306.568482
26603.460623
23704.309531
20643.128778
16273.828173
18125.085346
20603.602611
24137.455718
27277.385543
27701.660846
27589.644018
26652.534856
25950.991031
25609.765353
25703.091020
26165.733696
26759.265953
27107.567867
26162.277881
22361.374256
16442.986559
18376.211178
21111.540947
25154.944303
26976.808728
26984.607408
26847.761224
25434.137794
24141.189137
23374.823047
23326.733088
24078.227256
25458.179588
26622.871634
26773.701643
23522.473198
16354.888921
18682.823714
21497.689285
25704.248477
28274.290552
28476.459514
28454.821010
27165.386207
25781.834653
24711.854582
24126.609119
24275.457533
25247.781326
26355.469273
26600.887236
23587.413107
15710.100162
18534.154425
21417.920782
25098.224200
29357.501362
30451.997991
30270.333862
29171.329701
28118.631253
27373.469075
27008.207873
27050.878168
26762.173859
26529.785423
26121.473501
22501.488529
14597.962695
17349.589949
20556.882502
22947.474983
24994.132977
27260.277433
28929.637252
28949.425117
28112.682619
27446.208036
27043.624085
26945.462503
26873.482590
25896.966465
23581.527410
20591.718225
13319.697183
15697.278509
18252.020027
19814.014480
21266.907929
22573.432239
23487.946220
23949.278850
24175.681708
24262.881464
24362.368478
24463.151925
23859.104602
22537.662625
20726.367418
18619.310004
12124.507045
14262.963404
16406.580984
17708.083901
19049.613877
20093.831722
20658.209200
20906.546577
21037.152511
21190.285092
21400.725428
21159.146794
20513.024550
19764.202404
18525.046184
16979.986535
11128.349237
13094.127317
15192.056444
16874.610633
18241.572487
19123.893468
19457.747524
19517.923936
19478.196199
19358.033488
19038.566321
18683.313532
18464.119424
18096.713362
17126.947292
15785.666271
10459.700418
12400.534525
14592.218060
16717.556756
18288.560766
18975.046765
18964.826530
18533.935308
17834.474367
17191.880535
16940.981391
17059.617049
17305.830100
17218.929023
16334.076619
15045.499830
10096.366039
12049.894040
14293.257643
16617.100077
18250.210813
18630.270198
18160.356930
17659.054030
17074.755373
16373.100109
15913.639667
16179.323660
16801.864802
16939.959174
16027.647946
14622.458672
10038.515068
12071.355732
14420.255521
16801.264235
18329.432540
18440.108388
17761.449112
17277.217004
16869.279040
16311.788295
15865.882009
16079.109751
16804.864131
16971.450315
15916.097602
14377.023892
11093.953434
11892.703494
12731.633663
13562.951183
14363.204778
15063.419541
15635.825604
16034.305916
16240.741962
16228.995538
15999.165486
15558.346784
14930.977910
14165.948575
13283.367541
12363.934776
11945.942462
12922.655818
13962.685369
15017.388820
16036.553948
16939.738014
17684.158245
18202.978849
18461.601551
18461.834045
18181.078130
17635.872284
16856.404640
15884.025734
14789.941420
13622.184958
12774.389232
13995.971613
15321.209206
16661.825267
17978.205355
19143.698007
20100.864662
20764.589087
21106.742762
21116.369280
20766.464994
20082.660271
19084.835018
17852.659851
16454.314695
15021.206280
13516.798782
14993.662085
16615.151051
18312.085324
19977.042261
21460.020974
22678.811216
23526.362384
23969.307279
24001.688380
23597.914457
22769.015589
21531.334806
19974.307327
18219.822337
16422.432440
14141.585648
15913.147064
17900.661257
20011.053136
22114.349028
23964.927328
25204.886602
25356.582054
25042.948814
24841.358283
24779.090809
24778.520284
24076.583237
22193.205626
20003.992256
17815.538702
14529.272362
16538.237820
18763.895582
21253.331588
23858.980885
25773.798164
25497.911827
24783.126684
24204.490686
23855.698941
23822.385849
24044.804729
24427.313987
24100.522912
21632.852629
18981.931856
14624.398527
16819.883565
19266.821410
21964.297887
25002.598658
26300.348096
25432.223562
24468.666629
23651.454096
23113.437669
22974.115396
23270.619402
23853.732000
24396.043793
22604.943943
19665.345558
14341.752609
16625.627110
19173.469782
21978.429979
25042.789878
27057.674171
26357.101114
25410.545793
24501.634856
23793.631700
23401.155708
23404.044604
23773.137483
24242.451999
22681.353467
19669.801166
13724.064286
15962.225329
18544.968452
21266.591503
24064.262989
26529.821965
27724.139109
27137.449525
26337.437961
25563.240740
24902.419420
24468.877570
24302.871265
23928.484021
21617.753152
18963.917932
12797.854744
14841.187310
17163.188515
19640.982393
22040.604145
23979.950133
25363.315668
26220.465529
26626.200348
26314.655809
25659.600903
24785.015420
23679.395581
21953.764320
19908.907246
17778.028496
11778.524701
13637.739238
15687.936090
17812.492777
19709.918662
21069.986868
21983.258876
22582.637833
22897.456482
22872.096657
22433.047993
21648.334172
20663.836065
19460.614504
18005.404632
16411.763597
10748.937770
12418.503688
14224.767656
16069.523607
17655.743681
18805.454297
19511.367728
19918.226481
20005.330479
19838.875690
19414.225794
18869.235169
18241.900149
17461.519835
16421.408907
15194.559213
9883.358538
11448.446956
13117.157103
14764.002822
16192.561297
17161.520352
17675.829315
17820.824577
17682.881047
17402.969032
17091.257421
16770.238673
16431.328874
15936.952082
15167.629257
14170.889967
9210.990480
10709.503537
12297.242083
13845.608352
15126.889306
15934.571631
16259.441080
16244.249864
16031.003043
15750.506797
15524.693788
15394.956192
15280.573912
14985.825521
14362.932459
13472.581143
8801.562033
10303.130278
11869.557246
13360.066634
14522.176285
15163.981293
15350.800580
15251.222514
15015.168352
14736.115800
14539.091225
14513.797811
14550.952128
14370.982673
13801.702758
12944.436672
8621.532786
10114.498359
11682.076295
13140.275066
14227.452584
14774.076505
14885.392883
14746.130204
14515.566279
14275.494732
14127.211263
14143.632910
14234.702248
14083.416205
13500.061013
12612.187489
10063.186690
10713.095486
11397.815044
12071.514280
12721.563343
13288.808303
13750.936467
14083.208965
14249.386793
14247.723464
14062.013345
13715.996125
13214.199630
12589.724449
11878.904745
11112.257626
10733.801469
11540.173240
12380.603880
13229.383157
14039.453788
14754.728576
15339.665962
15755.604502
15969.138554
15965.995369
15743.152670
15312.000334
14690.659614
13926.388657
13049.923918
12129.502293
11375.479010
12330.329564
13361.928449
14391.689718
15400.088701
16304.292588
17045.072763
17567.225789
17853.681124
17860.977264
17602.837687
17088.877040
16332.312667
15391.790613
14326.085900
13199.679180
11946.060843
13102.123484
14335.947429
15602.459003
16833.353063
17941.403967
18846.912124
19487.256204
19831.165193
19856.430567
19553.395146
18922.192691
18000.437386
16858.535347
15567.428847
14239.246564
12378.748226
13700.659385
15159.412426
16666.413816
18152.073885
19484.772066
20578.124369
21362.749478
21783.230311
21839.057751
21505.388625
20786.181763
19700.565829
18342.426422
16805.835525
15216.900439
12641.888186
14146.399890
15809.316314
17555.486624
19271.367941
20807.675485
22055.530420
22892.522964
23009.478905
22941.715023
22707.344294
22288.299899
21114.428305
19544.600925
17777.076859
15990.224682
12649.089309
14251.155169
16058.177443
17949.424157
19834.136001
21522.437732
22885.593100
23444.061891
23332.659361
22987.563829
22827.502959
22681.832552
22005.166030
20335.729412
18412.344698
16464.913609
12378.709162
14047.174632
15899.954453
17856.490550
19779.003867
21507.437045
22883.699182
23668.446269
23638.453372
23315.138540
23024.763351
22713.752864
21958.324883
20303.920481
18387.372358
16462.407767
11872.841653
13488.537092
15286.206732
17167.194267
19008.692075
20630.137776
21920.263905
22806.000923
23273.219574
23259.523219
22887.771818
22207.245765
21048.480608
19543.863141
17807.364193
16026.652380
11172.143980
12710.678319
14382.218143
16111.158029
17765.621217
19199.896035
20305.647091
21043.801142
21398.552041
21392.091488
21055.077513
20390.421299
19414.051043
18184.354093
16762.659353
15271.887971
10349.268670
11761.016921
13280.171594
14817.904648
16260.175801
17484.670610
18392.375655
18963.756109
19214.940704
19174.182470
18883.374840
18352.736466
17614.868585
16687.336694
15571.164942
14362.326463
9512.287133
10833.653167
12215.407134
13586.023359
14841.883763
15860.350975
16580.885447
17001.822287
17155.290318
17088.049527
16843.678190
16456.152642
15928.997963
15256.219531
14417.179903
13465.305531
8750.113703
9978.337181
11251.946879
12488.344917
13591.733362
14450.228584
15019.125554
15319.768493
15404.347385
15335.080904
15161.837331
14905.674114
14561.583249
14093.592040
13450.987048
12658.668790
8134.029170
9325.204524
10533.293109
11678.527805
12663.004153
13391.773785
13846.161948
14054.282362
14089.991242
14011.751014
13891.381377
13741.108762
13537.104064
13205.569537
12692.824928
12028.683168
7689.883783
8848.850162
10013.009516
11097.361237
12007.593641
12646.929235
13015.743042
13169.827822
13179.492263
13115.360192
13030.722412
12949.611010
12831.861143
12583.133125
12139.146893
11521.643493
7427.731209
8581.743460
9722.486639
10758.236480
11594.636233
12154.034039
12451.810715
12558.698111
12554.446271
12503.239059
12454.144492
12422.012044
12350.716014
12140.714058
11723.081821
11129.010724
9048.343850
9588.008809
10150.429155
10699.291851
11229.354179
11688.306308
12067.248586
12333.063633
12471.753020
12470.943611
12326.783502
12050.808057
11650.800552
11156.071699
10579.476450
9966.258135
9599.156489
10241.111900
10911.202123
11577.150241
12217.234505
12787.181530
13250.244255
13581.589137
13752.328178
13760.171189
13597.562397
13272.956865
12793.864900
12197.644997
11515.314592
10775.877181
10103.885024
10868.039363
11678.113351
12481.605733
13260.600472
13958.222083
14527.556644
14929.574299
15151.503522
15161.355724
14966.419643
14578.362819
14001.466513
13292.306779
12474.182451
11612.279665
10517.137195
11401.214324
12341.433483
13295.989477
14220.557158
15052.127170
15732.507661
16226.909151
16491.994522
16526.373374
16311.366371
15865.623094
15194.192141
14354.044765
13407.567825
12394.712693
10832.019286
11841.216724
12929.393031
14032.078345
15108.425665
16073.517418
16870.710870
17444.015720
17761.304792
17806.601778
17565.876450
17053.536998
16280.927684
15325.923485
14225.812484
13092.354231
10997.615890
12101.502153
13306.182179
14546.405494
15748.803866
16839.862545
17732.361717
18387.036117
18759.069501
18822.970001
18576.926616
18018.573743
17175.046098
16112.983021
14904.733796
13632.286814
10957.376475
12146.971335
13441.530584
14766.466235
16065.025290
17232.109434
18192.892240
18886.522805
19282.373719
19354.352601
19099.479390
18519.808388
17641.272235
16520.652515
15238.397294
13923.807002
10730.714979
11942.368810
13259.450399
14612.421067
15933.677045
17124.619244
18095.026011
18801.970461
19200.711567
19287.000391
19049.656643
18482.459356
17622.963173
16514.484635
15251.651208
13926.660517
10319.982325
11529.899875
12827.692314
14147.201163
15431.884413
16568.378635
17495.874713
18153.958407
18526.877486
18598.823696
18372.825454
17847.775267
17053.195966
16046.041638
14872.771400
13650.680491
9748.161581
10901.666062
12128.794176
13373.025127
14559.150872
15602.398271
16445.602367
17035.087140
17360.974169
17425.815117
17229.559371
16781.844405
16111.061429
15246.827168
14237.821616
13157.160819
9092.525174
10193.976517
11344.229972
12485.058721
13556.662605
14485.794330
15214.150242
15712.650618
15978.576724
16021.048668
15855.185207
15492.338252
14953.602537
14265.038518
13431.661210
12528.839402
8401.616696
9430.919484
10490.663953
11533.956416
12499.704602
13314.670221
13940.486419
14361.297104
14580.587601
14619.727876
14499.176569
14227.700753
13829.811816
13292.076291
12630.971026
11877.974570
7754.425467
8742.157706
9740.609068
10694.838632
11557.033654
12270.191090
12798.902961
13139.535122
13316.603085
13348.032425
13267.691775
13079.585581
12790.220540
12392.703108
11870.832201
11245.680309
7193.875619
8135.836503
9078.933438
9972.708496
10763.940270
11401.314357
11863.634123
12158.870862
12305.721130
12345.984046
12301.927199
12181.943258
11982.807169
11682.869462
11256.861509
10719.500277
6757.414473
7685.058686
8594.456285
9435.103492
10161.411104
10732.582380
11131.189616
11377.135490
11501.719222
11538.005786
11521.681243
11455.537489
11319.301532
11082.561104
10725.159168
10250.653366
6460.508255
7365.044505
8244.168370
9047.246003
9731.028485
10251.569914
10608.166703
10827.153317
10939.249849
10986.351742
10989.171053
10952.998961
10852.533222
10656.352859
10325.096905
9880.420202
8171.042264
8608.819358
9062.700323
9505.529510
9924.786841
10295.167851
10597.294969
10809.118540
10927.755947
10926.389616
10816.571500
10600.636558
10285.959854
9890.032055
9427.924626
8923.551402
8592.658680
9115.838408
9653.196417
10184.873845
10688.901046
11139.944219
11506.113159
11766.043627
11907.670457
11914.627478
11786.679297
11528.849639
11157.489035
10693.653180
10152.026877
9571.332909
8978.922006
9578.378428
10209.875782
10828.928420
11426.894586
11962.385193
12405.002665
12720.514189
12891.197442
12909.832837
12768.781892
12479.787785
12052.672846
11512.091516
10887.747446
10213.989335
9291.830482
9987.900090
10711.405630
11435.369098
12132.326788
12754.423282
13266.576614
13634.157093
13837.141493
13862.007846
13704.167663
13374.382107
12880.670050
12262.881963
11554.067771
10797.890986
9511.186512
10273.529482
11090.429217
11905.134914
12697.502970
13410.491860
13994.778364
14422.874017
14664.965848
14708.971974
14543.346374
14174.242313
13634.169736
12945.820143
12159.096448
11312.552806
9601.575228
10446.344050
11340.687402
12246.097462
13113.861239
13900.344653
14544.312896
15015.042250
15284.846701
15335.984567
15158.168049
14768.632613
14182.285126
13438.830237
12585.891855
11687.286302
9549.598536
10433.629860
11379.845965
12335.530338
13260.037027
14088.680232
14780.917585
15288.607098
15581.881497
15647.024532
15480.481846
15092.273790
14485.705099
13716.916986
12828.307683
11889.064753
9342.606577
10261.726383
11229.478032
12208.187851
13152.017540
14002.707171
14702.070229
15211.218618
15510.545488
15578.282733
15419.053144
15035.813818
14444.969797
13694.366009
12820.921624
11896.476173
9003.081684
9910.038670
10868.086633
11827.675970
12752.397330
13577.439402
14259.911018
14758.327081
15054.614981
15134.588936
15000.395478
14645.278212
14110.413094
13410.130679
12590.656876
11713.841423
8546.675671
9435.543828
10360.788292
11285.544416
12163.137323
12941.601431
13577.430280
14042.343672
14312.070004
14386.398157
14272.007261
13970.072769
13496.551013
12882.212804
12157.912525
11373.510445
8008.967819
8856.752547
9737.685859
10602.457122
11416.633929
12132.306861
12711.009711
13133.757803
13385.213833
13467.386241
13385.837909
13143.104451
12754.171199
12242.448503
11625.067940
10938.432584
7441.480869
8260.743286
9091.958312
9903.152211
10654.571261
11300.381717
11821.595649
12195.479166
12418.232661
12499.946295
12441.397075
12256.768258
11952.360584
11543.408380
11032.000957
10451.216279
6882.999330
7664.367610
8452.124392
9205.785891
9897.714852
10488.621093
10956.454689
11290.293163
11497.131744
11581.793893
11558.272301
11431.423588
11204.158560
10881.544225
10464.186579
9961.817809
6383.623508
7149.240580
7906.212631
8613.988399
9254.650453
9792.306751
10214.719087
10514.516301
10700.242772
10786.045712
10789.528741
10704.758441
10542.283003
10289.511927
9943.677528
9522.580798
5965.436723
6707.154485
7432.348381
8106.471837
8709.275162
9208.269552
9594.932871
9868.520635
10044.596835
10138.117541
10159.051149
10110.127437
9995.890815
9790.067260
9496.392792
9118.397538
5641.307889
6376.049764
7080.975414
7724.504998
8288.568596
8747.830980
9098.182205
9344.488137
9509.814881
9603.452646
9641.644645
9620.817454
9532.858120
9363.330354
9103.599800
8762.534221
7326.862758
7687.748583
8057.299685
8414.060451
8755.459776
9050.209305
9293.105129
9467.203286
9558.281667
9563.208779
9478.978925
9310.068649
9061.836843
8747.947134
8380.653278
7977.467147
7670.591309
8083.660095
8510.036752
8931.356777
9326.034755
9676.345476
9966.450411
10173.490667
10286.243781
10298.290388
10204.207688
10011.969367
9729.787902
9369.239077
8950.000821
8484.953556
7970.668007
8448.633310
8946.457443
9433.296616
9894.163530
10307.532172
10645.664738
10887.897119
11021.656189
11037.947144
10933.994755
10714.321191
10388.930270
9978.624984
9499.305026
8983.952884
8201.755974
8738.361441
9293.300375
9847.658974
10374.294787
10847.884140
11235.286022
11521.002784
11680.732301
11705.990772
11595.025662
11354.833835
10997.394765
10540.604413
10009.822626
9428.635171
8356.605686
8951.660932
9571.793432
10189.897789
10781.196915
11304.680198
11744.886970
12060.609297
12242.549416
12275.017758
12159.015636
11897.342155
11502.575861
11002.950382
10424.295233
9801.697642
8408.929201
9046.593406
9716.882243
10389.254442
11030.523956
11607.521322
12083.014142
12431.709805
12639.911139
12689.117853
12574.421175
12305.155343
11889.103969
11361.445648
10752.133893
10081.465232
8350.161272
9028.363005
9737.981376
10442.152813
11119.188033
11728.697509
12233.261008
12603.735652
12825.254356
12883.278920
12768.898496
12498.119501
12078.338602
11539.786850
10907.925261
10232.050776
8175.172247
8865.330572
9588.471777
10310.657534
11003.805628
11626.189325
12141.618035
12531.249436
12762.041298
12830.296992
12733.736984
12473.407525
12068.890024
11545.666728
10923.845385
10248.016224
7894.610175
8595.174216
9317.432285
10036.543405
10726.058911
11336.549605
11845.491714
12225.375486
12456.571306
12534.790867
12447.213689
12211.717364
11839.946183
11346.799076
10763.741105
10124.192615
7518.660901
8201.618305
8909.931659
9608.290336
10270.184121
10861.539752
11355.428523
11723.590310
11951.609737
12039.030411
11980.579759
11779.630369
11451.036610
11010.533244
10484.567968
9892.469722
7083.886150
7756.250872
8441.403771
9110.508551
9739.848067
10296.315950
10758.399316
11104.912645
11323.767688
11411.404246
11374.539054
11211.281321
10931.303137
10555.021150
10089.871033
9573.584706
6612.459915
7260.528301
7915.128515
8552.607805
9147.299608
9668.747782
10100.184283
10425.595124
10636.851545
10735.434089
10725.774614
10601.915213
10379.893597
10069.685349
9676.371729
9219.025490
6143.611436
6781.286424
7411.504001
8014.702752
8571.546308
9055.190095
9452.156969
9755.123302
9952.553647
10057.987588
10064.860460
9978.120379
9808.309618
9556.080630
9231.220649
8836.635933
5700.420120
6318.175863
6926.524398
7504.184137
8030.150065
8488.558241
8862.299877
9145.931111
9340.986034
9451.907039
9479.248652
9431.597573
9305.420822
9103.426510
8825.380368
8483.687798
5313.344513
5925.744351
6516.888718
7069.990271
7568.862390
7994.525563
8343.288454
8606.635963
8792.490297
8903.254595
8948.376639
8923.543607
8833.023387
8667.813289
8433.892765
8135.338553
5001.242380
5597.688135
6173.231095
6705.609589
7183.551339
7588.511856
7916.887213
8170.536538
8348.747709
8464.997881
8519.176224
8514.927828
8447.116146
8311.139287
8101.906710
7830.217008
6612.064706
6904.695417
7202.225925
7491.115948
7764.103375
8002.774658
8197.618378
8336.626102
8411.344185
8418.102656
8355.525262
8223.930679
8029.173571
7781.301871
7486.665932
7158.655165
6886.286571
7224.422142
7567.083130
7903.095365
8218.887760
8496.817365
8726.894407
8889.793906
8979.433186
8989.052799
8917.120736
8771.362973
8546.250133
8264.990800
7932.556464
7567.688554
7117.166973
7495.337840
7885.679123
8266.870656
8631.730787
8953.065839
9217.101570
9407.249236
9514.328874
9534.597384
9459.570003
9295.185594
9051.909030
8739.500325
8370.602708
7963.473143
7297.444795
7725.320021
8159.990358
8591.808144
8997.161473
9359.243830
9655.938236
9873.239193
9997.648682
10017.719613
9939.435814
9760.031699
9491.790350
9148.517347
8745.852619
8304.896344
7404.578814
7865.635627
8344.465392
8817.764629
9266.633220
9669.167256
10002.572814
10248.941846
10391.227213
10423.904691
10345.790473
10161.151678
9873.828440
9507.872464
9075.258131
8599.526406
7436.345977
7939.049387
8453.140647
8966.064193
9450.653489
9883.315430
10239.084462
10503.786701
10662.300089
10703.405738
10627.099923
10432.046429
10134.073503
9749.306194
9297.338686
8803.648752
7375.063026
7897.613289
8437.928746
8971.861805
9484.281634
9940.938202
10322.834363
10608.435496
10783.761666
10838.228510
10766.680434
10580.323267
10281.968362
9892.455439
9431.303515
8924.699554
7224.962338
7767.821368
8324.344530
8874.770080
9396.850638
9867.309932
10258.236670
10551.387590
10735.520663
10795.004073
10733.577316
10554.376470
10264.488998
9889.434108
9434.628718
8936.630205
6990.394115
7535.877393
8093.354158
8643.965497
9169.189373
9640.259001
10033.333743
10332.478754
10522.653107
10594.976996
10551.082763
10389.847120
10123.551318
9767.841722
9340.020090
8859.100502
6687.719936
7234.437512
7786.952328
8332.625458
8846.429879
9307.787102
9688.685475
9983.323823
10173.887910
10252.188546
10220.442880
10085.038483
9846.477478
9522.950664
9133.409465
8689.046788
6324.456379
6855.848500
7398.837523
7926.728701
8425.253789
8868.486976
9241.292069
9528.781892
9720.583447
9811.785996
9805.575349
9696.810045
9497.168522
9213.303822
8864.074516
8459.837187
5939.977894
6468.986791
6998.029825
7510.416407
7987.218010
8412.922017
8762.669612
9040.978711
9227.628806
9324.277713
9328.218568
9247.943419
9082.501361
8843.073298
8538.607077
8183.622519
5533.065782
6047.901216
6562.376389
7054.135085
7512.431888
7918.506916
8258.403774
8525.767116
8712.402176
8818.973166
8849.376085
8796.157622
8667.486541
8471.034657
8209.777742
7896.317743
5153.824845
5667.508306
6169.006325
6644.814109
7082.362806
7466.926325
7789.509971
8045.057462
8226.732399
8337.527959
8378.987172
8348.355328
8253.911900
8093.924864
7871.277921
7600.597440
4799.492304
5302.106013
5792.653864
6254.099923
6678.349112
7047.599758
7359.360753
7605.102530
7787.005066
7902.557562
7960.520803
7951.640187
7882.008562
7753.525459
7560.795446
7317.242456
4489.733262
4993.757608
5474.828414
5922.299706
6327.980699
6679.586161
6973.277914
7208.378924
7386.346781
7504.676337
7567.566653
7572.767285
7525.287781
7416.181985
7251.217318
7037.903101
6023.631062
6268.399613
6514.305769
6753.915382
6975.072501
7168.841798
7329.138289
7443.083840
7509.509001
7514.482009
7463.186786
7358.181022
7203.907176
7001.738899
6764.318596
6498.244919
6245.219902
6517.418463
6795.953724
7066.940816
7320.557033
7546.294162
7729.906120
7864.623482
7938.767616
7952.242298
7898.651766
7783.011870
7612.516352
7388.798224
7124.127037
6828.691845
6429.832368
6738.386093
7052.906527
7360.045980
7647.936604
7902.801817
8111.028972
8263.968817
8349.198824
8363.716736
8307.657390
8183.273790
7992.537564
7749.233720
7458.263882
7135.536761
6558.030212
6896.533095
7242.369691
7580.783389
7902.717245
8187.782223
8424.509095
8596.915903
8697.835368
8719.236435
8663.324241
8532.883018
8329.762672
8068.964239
7757.239843
7408.097065
6636.644944
7007.074263
7383.918103
7758.565284
8107.706508
8418.930506
8674.315077
8865.564899
8979.555618
9010.220495
8954.304033
8815.057624
8600.846500
8321.033668
7990.853340
7625.175323
6643.119284
7035.474439
7437.645245
7837.045139
8213.987300
8550.391224
8829.279475
9038.108492
9168.900640
9206.035313
9158.278186
9018.591815
8800.318578
8512.930499
8172.625451
7788.589232
6580.515010
6997.558111
7424.095991
7839.748508
8234.257151
8587.063600
8881.597753
9105.277454
9243.925537
9291.427252
9244.920518
9109.832025
8890.334784
8604.891351
8258.046347
7875.345372
6449.563045
6877.144778
7310.707739
7738.448901
8146.569280
8509.590533
8817.211663
9048.779081
9198.810798
9257.771350
9224.447568
9097.263436
8888.112953
8612.185723
8273.264137
7890.056336
6249.651181
6687.346998
7128.595830
7558.604909
7969.657753
8336.464350
8645.987454
8881.731560
9035.200847
9103.623653
9081.972403
8968.259551
8775.851441
8514.257964
8192.553101
7828.153972
5986.070398
6419.648071
6858.459368
7289.441177
7696.103558
8060.396806
8369.488031
8611.393541
8771.602748
8850.013256
8841.700870
8748.421655
8580.147627
8340.041041
8044.280826
7701.263847
5684.044879
6118.380349
6554.992355
6976.231561
7376.029166
7730.610313
8030.260446
8268.568615
8431.276145
8513.405762
8521.126235
8447.286010
8302.586671
8091.387167
7822.802841
7515.883873
5345.542029
5773.737950
6200.300528
6613.056429
7002.112164
7348.024451
7644.012598
7880.086357
8046.418256
8142.082825
8163.914044
8113.987046
7996.893127
7817.144243
7582.277922
7300.850012
5001.389492
5429.966428
5851.302233
6254.326959
6629.997296
6964.873657
7251.197596
7480.377735
7642.598780
7744.079729
7777.874886
7747.598943
7653.664715
7503.879942
7299.675545
7052.180734
4653.562926
5075.530257
5488.613326
5884.934530
6250.289746
6576.384910
6857.133407
7080.345359
7248.380420
7359.066040
7410.552142
7400.977060
7331.961119
7209.527480
7034.076135
6812.816121
4333.246071
4756.839871
5163.714522
5548.744817
5904.824028
6218.393174
6487.290945
6706.222355
6870.777658
6981.540220
7041.581753
7043.237491
6995.888402
6897.220011
6746.668628
6553.065160
4044.543906
4460.624643
4864.982304
5242.449875
5590.392407
5894.330441
6157.945454
6373.826172
6539.594652
6656.212349
6724.514949
6741.283906
6708.011020
6624.663576
6495.502345
6320.097603
5448.085129
5646.780659
5848.690375
6043.335898
6224.355890
6385.067361
6515.196808
6608.466778
6660.700936
6669.807047
6631.267083
6550.843028
6426.587917
6266.227785
6076.311073
5860.408554
5628.201981
5855.185165
6082.166656
6301.269502
6506.938202
6688.377228
6835.186216
6943.769130
7002.461823
7012.669470
6975.381240
6887.355073
6752.363741
6575.552273
6365.577742
6132.994795
5772.262180
6021.322575
6274.228310
6516.472285
6747.940796
6950.629863
7119.935423
7242.657320
7316.412207
7330.869520
7294.721778
7203.201117
7056.936450
6869.668135
6641.916143
6383.335355
5882.214698
6155.265717
6431.967797
6702.120735
6956.114570
7180.202933
7367.305963
7501.638215
7585.541536
7605.621571
7566.990723
7466.336659
7315.049741
7113.263126
6870.916467
6597.683900
5935.248299
6227.740388
6527.708667
6818.864395
7099.527067
7342.717056
7548.465738
7702.566416
7796.405509
7825.605599
7789.940841
7692.008167
7532.323314
7323.126136
7066.967227
6779.375601
5934.698156
6251.704178
6570.504992
6885.865224
7181.709303
7445.631315
7664.988203
7831.400106
7930.929958
7968.325285
7937.733785
7832.860153
7672.615414
7456.289711
7196.307026
6904.647058
5878.105690
6207.141826
6543.265127
6871.017734
7181.283820
7457.267653
7691.036399
7868.854300
7981.609406
8026.064859
8004.113891
7909.739586
7746.580403
7531.607740
7270.099968
6974.076033
5763.062645
6106.567694
6455.305513
6794.669595
7110.994243
7395.424113
7638.008764
7824.893320
7943.686640
7997.281868
7979.296000
7890.885490
7740.953042
7534.977372
7275.219389
6986.816876
5598.232010
5944.208679
6296.150174
6636.910373
6962.379542
7253.769276
7501.064817
7693.189395
7823.719913
7887.017689
7880.539269
7805.328362
7663.604859
7472.242562
7225.607514
6942.449047
5378.343097
5732.294945
6085.945338
6430.956284
6754.343604
7048.292091
7297.640356
7492.424075
7626.790314
7697.029106
7702.158260
7639.521113
7515.389953
7335.556316
7110.622612
6847.777159
5123.636507
5474.643269
5826.548066
6170.887956
6494.168957
6782.928166
7029.813573
7229.382691
7369.766388
7450.235737
7464.975415
7419.082262
7314.563765
7157.424246
6950.118979
6708.650375
4841.300825
5195.247941
5546.995726
5885.839353
6203.731290
6489.663628
6733.157485
6933.248601
7076.656064
7162.402589
7188.872168
7160.939171
7074.249054
6936.400529
6755.987497
6537.056021
4545.355281
4896.115936
5243.988862
5575.671503
5891.645934
6170.419348
6413.780164
6610.742126
6754.772131
6850.631993
6892.116187
6878.271687
6810.652695
6695.651738
6537.262766
6337.209533
4246.060353
4598.523814
4945.887852
5275.026452
5581.008299
5859.248878
6096.582567
6291.475098
6438.819911
6539.954889
6589.520141
6590.025072
6539.562702
6444.669513
6308.131624
6135.512240
3960.593561
4311.403055
4654.278566
4979.985699
5283.516549
5553.487389
5789.229689
5982.266573
6132.984182
6239.535135
6298.188913
6310.185362
6278.925660
6202.810732
6080.733569
5924.978274
3688.994949
4043.697344
4385.786415
4706.500895
5002.556208
5267.936691
5497.579947
5689.630472
5839.151834
5948.681311
6014.108798
6034.977007
6015.987750
5953.676404
5850.542067
5712.778094
4915.874655
5081.432797
5248.509386
5408.985771
5557.181778
5689.004315
5795.086710
5871.488351
5917.446103
5924.355417
5899.537871
5834.811624
5738.697520
5611.320955
5456.899528
5284.248273
5061.612138
5245.705235
5429.603428
5607.394136
5773.551539
5920.617515
6041.320345
6131.038842
6182.511827
6193.646625
6167.153871
6100.400848
5996.072265
5858.874861
5690.532672
5502.033447
5175.815620
5378.363363
5583.995570
5781.626625
5966.395540
6130.989849
6266.775506
6363.981275
6423.718545
6442.186563
6410.386610
6341.315519
6228.807577
6081.745958
5901.961286
5699.617742
5254.491838
5473.351038
5694.985880
5912.582031
6116.945071
6294.938441
6444.573264
6556.219495
6624.733161
6645.223793
6618.132446
6547.987461
6429.671353
6276.452935
6088.184661
5872.126627
5292.610737
5530.327765
5771.964531
6003.973454
6224.636449
6416.901949
6581.547383
6701.593252
6778.823567
6806.209301
6780.841270
6706.905439
6586.757947
6428.157934
6228.573125
6009.372218
5288.014416
5539.089890
5793.676245
6042.710909
6276.631880
6484.806537
6658.588368
6791.206789
6878.154149
6911.516314
6891.554464
6822.013134
6700.375552
6540.037338
6338.648224
6110.184041
5236.852130
5501.984242
5769.292743
6030.066209
6273.475342
6492.539331
6677.788848
6818.493314
6913.259786
6952.225059
6938.360798
6870.353053
6754.966069
6594.718305
6394.982378
6167.467688
5137.530329
5411.337407
5687.606236
5953.947048
6208.595715
6437.519971
6629.801555
6780.714170
6881.352347
6930.295545
6924.568862
6862.514770
6752.112473
6598.401363
6403.354307
6177.190167
4996.906219
5278.687052
5558.738684
5834.648536
6094.529422
6326.481081
6524.702099
6681.134674
6786.702371
6843.380372
6845.919835
6796.786858
6693.738569
6550.502967
6363.380557
6148.700015
4814.817648
5098.025783
5382.897376
5660.059233
5922.770885
6159.714047
6361.342021
6523.469405
6637.187375
6700.626223
6714.041932
6673.967357
6584.882129
6451.705271
6280.151700
6073.865789
4601.280665
4890.004641
5177.943005
5456.399080
5716.377234
5954.877473
6158.697956
6320.952240
6441.293181
6512.622123
6533.353280
6504.381326
6430.066781
6311.472209
6150.011628
5962.256161
4364.406171
4652.316080
4939.923134
5218.659662
5478.697502
5714.745468
5918.210776
6084.883703
6209.778794
6288.866157
6323.789123
6305.709466
6245.175041
6140.750159
5999.197687
5829.545102
4112.850418
4403.506493
4692.044095
4967.802789
5226.477610
5461.136238
5664.970226
5832.468261
5959.548845
6043.173942
6083.586611
6081.355871
6034.797054
5949.639707
5824.882886
5670.037507
3855.610787
4146.775753
4434.598368
4710.588306
4967.771752
5201.509986
5404.014956
5572.817156
5704.847360
5796.427081
5846.761997
5854.034641
5823.438744
5752.086525
5645.048709
5503.742343
3601.407766
3897.643506
4186.601451
4458.547249
4714.338994
4945.497965
5146.360165
5313.555753
5447.689910
5541.731741
5599.228976
5618.357938
5598.548580
5540.226986
5446.298686
5324.819427
3366.110569
3659.201998
3947.771017
4219.490664
4472.784361
4703.154050
4903.063196
5072.354501
5206.602052
5306.552182
5369.254737
5395.824099
5385.450601
5338.781381
5259.165070
5148.535786
4455.353549
4592.233662
4728.394191
4860.902183
4984.485708
5089.782828
5176.031884
5240.752022
5280.276711
5291.347225
5269.575239
5222.432380
5145.105364
5044.633468
4919.559647
4778.097445
4567.410112
4719.235995
4871.489838
5017.978838
5155.282432
5274.500381
5374.335839
5448.819901
5490.666412
5502.726903
5484.444493
5431.479547
5351.895667
5242.650448
5109.007254
4957.462758
4658.836279
4822.137780
4990.388464
5148.129540
5300.550276
5432.444475
5542.378195
5624.151991
5676.194707
5692.881301
5673.894143
5622.886646
5535.198878
5421.640155
5278.912012
5117.813357
4716.444161
4898.185298
5076.809645
5252.184187
5415.923697
5560.824941
5681.568227
5773.163463
5829.653560
5850.958959
5832.470548
5779.997844
5690.363718
5570.268767
5422.508165
5253.037244
4743.289056
4936.287669
5129.283584
5316.385046
5492.330665
5649.782478
5781.636320
5879.769782
5942.377450
5970.425852
5955.703192
5904.593523
5814.102349
5692.422677
5538.992918
5361.331585
4731.996992
4936.653942
5144.163510
5342.270550
5529.732131
5696.882302
5834.826507
5945.032350
6014.818288
6046.187426
6034.043936
5983.884977
5893.515186
5771.661578
5616.862503
5438.891462
4686.314067
4898.709130
5112.489660
5320.437306
5517.392634
5694.670696
5844.044511
5957.245535
6035.594900
6072.349603
6066.981794
6022.661540
5936.598201
5814.471715
5660.912677
5481.659024
4599.698325
4821.569436
5042.623179
5258.026294
5462.377601
5644.870804
5801.458132
5922.083785
6006.462771
6049.373668
6049.149493
6009.344358
5930.652142
5812.515885
5662.173800
5489.185741
4479.709122
4704.457123
4932.850986
5154.472336
5362.508352
5549.682357
5712.913790
5841.090134
5932.368926
5981.879239
5992.367563
5956.395017
5883.365226
5773.814921
5631.209025
5462.169272
4324.715271
4555.861355
4788.956134
5014.186259
5225.914700
5420.099555
5582.582980
5716.206305
5811.368781
5868.942080
5885.739778
5861.688541
5795.104197
5694.967215
5562.643707
5404.721907
4145.054207
4377.999805
4614.091168
4840.329420
5054.707555
5248.171898
5414.743872
5553.046112
5654.598940
5719.532752
5744.651365
5728.858084
5675.046253
5587.295721
5464.635019
5316.262221
3941.852796
4181.491017
4418.186554
4646.208875
4862.839490
5057.968553
5228.231291
5366.765777
5473.302379
5542.307556
5574.420447
5567.810449
5526.110337
5449.028006
5339.654333
5205.761405
3726.954428
3964.683392
4203.195870
4432.534378
4647.717746
4843.478495
5015.332367
5159.289325
5268.059888
5346.074608
5385.687410
5390.734601
5359.574153
5294.183250
5198.736502
5074.279751
3504.358314
3748.360196
3989.073566
4218.347746
4433.481726
4628.372143
4799.894922
4944.648444
5058.533019
5140.613434
5187.818356
5198.708844
5178.294087
5126.548762
5042.364029
4934.214206
3284.152301
3527.525568
3768.346589
3997.973724
4214.406262
4409.908467
4582.442909
4728.129366
4845.194902
4930.429540
4985.926354
5005.848051
4994.375001
4952.733635
4880.224518
4782.299872
3063.934753
3312.806494
3554.749200
3783.707492
3998.954532
4193.715985
4365.531922
4513.657492
4632.023278
4722.187937
4778.614268
4807.056121
4804.488606
4772.096484
4711.607863
4624.596948

VECTORS B_Vector double
9826.3506 4518.3179 -5387.8882
9878.0361 5554.4419 -6398.48
9747.0186 6729.998 -7480.7041
9364.7822 7987.29 -8578.416
8697.6719 9257.8037 -9658.7041
7739.6782 10441.7744 -10646.0635
6487.1943 11479.1006 -11480.4795
5005.1279 12272.4199 -12109.6797
3381.2261 12772.4521 -12491.0723
1690.0121 12955.1563 -12607.2314
12.02 12824.1387 -12460.0957
-1548.176 12389.0146 -12063.2158
-2932.8801 11677.4307 -11455.3115
-4038.72 10772.3242 -10678.9756
-4870.5039 9739.8066 -9790.3516
-5415.0103 8674.834 -8868.8164
10775.9307 4283.9282 -6102.272
10986.2803 5427.0303 -7374.2241
10982.6738 6740.8159 -8752.6563
10676.1641 8191.6304 -10198.8477
9988.6201 9692.9277 -11637.2959
8897.2041 11125.7119 -12969.2637
7427.1582 12361.3682 -14088.2715
5651.8042 13247.2422 -14936.2402
3702.1602 13699.1943 -15426.0479
1635.922 13843.4346 -15557.6963
-387.044 13723.2344 -15323.4395
-2265.77 13298.9287 -14742.6396
-3888.47 12493.5879 -13873.376
-5156.5801 11368.5166 -12783.4082
-6043.6562 10107.6182 -11561.792
-6548.4961 8856.3359 -10320.8164
11785.6104 3702.1602 -6847.6318
12217.1279 4866.8979 -8411.9199
12419.0645 6317.7119 -10189.168
12245.9766 7966.856 -12080.6396
11576.4619 9733.7959 -14024.3838
10360.0381 11443.04 -15834.5439
8644.7842 12921.5 -17356.2402
6549.6982 13806.1719 -18481.0566
4208.2021 14077.8242 -19133.4883
1738.092 14143.9346 -19296.1113
-721.2 14095.8545 -18953.4395
-2998.99 13905.9385 -18140.3203
-4964.2603 13151.082 -16910.959
-6449.9321 11827.6807 -15379.584
-7416.3403 10311.958 -13695.2637
-7883.918 8819.0742 -12005.1357
12767.6445 2786.2361 -7569.7598
13389.0781 3952.176 -9527.0557
13748.4766 5469.1001 -11807.6641
13764.1025 7296.1401 -14361.248
13304.9385 9305.8838 -17013.5684
12006.7783 11268.75 -19497.4551
9982.6104 12965.9746 -21538.0
7466.8242 13920.3623 -22502.127
4691.4062 14157.1563 -22784.7832
1726.072 14198.0244 -22794.4648
-1215.222 14186.0039 -22717.0234
-3985.832 14018.9258 -22165.2637
-6335.7422 13297.7266 -20674.543
-8043.7842 11779.6006 -18513.9687
-9033.0303 10013.8623 -16152.0479
-9352.7617 8359.9102 -13869.5039
13473.2178 1419.562 -8167.9839
14026.1387 2379.96 -10500.8643
14201.6299 3788.7041 -13400.9922
14212.4482 5624.1582 -16783.1836
14194.418 7757.708 -20428.6719
13707.6084 9869.6221 -22778.9766
11596.8965 11702.6719 -22871.9043
8672.4297 13113.8203 -22887.3926
5427.0303 13842.2324 -22900.9434
1997.724 14020.1279 -22899.0078
-1504.9041 14029.7441 -22904.8164
-4865.6963 13777.3242 -22897.0723
-7775.7383 12761.6338 -22854.4805
-9811.9258 11009.1182 -22142.0312
-10820.4043 9070.292 -19040.5605
-10941.8066 7308.1602 -15906.1758
13865.0703 -407.478 -8510.6563
14204.0342 158.664 -11257.8398
14234.084 1159.9301 -14851.0557
14243.7002 2663.6321 -19303.8555
14244.9023 4526.7319 -22817.6953
14210.0439 6437.9121 -22891.2637
13039.2959 8085.854 -22929.9844
9753.0283 9429.6904 -22941.5996
6121.7861 10463.4102 -22945.4727
2234.5181 11164.1758 -22939.6641
-1754.92 11452.6563 -22943.5352
-5749.166 11196.6299 -22939.6641
-9293.8643 10227.8184 -22914.4961
-11688.248 8649.5918 -22877.7109
-12607.7783 6880.248 -21867.1191
-12387.8125 5396.98 -17817.0078
13886.7061 -2557.856 -8425.4717
14214.8525 -2679.2581 -11333.3438
14248.5078 -2526.604 -15371.8398
14264.1338 -1986.906 -20624.207
14258.124 -1114.254 -22873.8398
14241.2959 -118.998 -22920.3047
13904.7363 781.3 -22953.2168
10831.2227 1625.104 -22955.1523
7043.7202 2444.8682 -22960.959
2960.5261 3212.946 -22962.8965
-1325.806 3929.3381 -22955.1523
-5798.4482 4422.1582 -22947.4082
-10085.9824 4460.6221 -22945.4727
-12947.9443 3950.9741 -22924.1758
-13633.084 3185.3 -22821.5684
-13234.0205 2549.4421 -19278.6875
13491.248 -4959.4521 -7802.0801
14198.0244 -5918.6479 -10603.4717
14236.4883 -6905.4902 -14552.9121
14253.3164 -7834.6362 -19904.0156
14255.7207 -8595.502 -22854.4805
14237.6904 -9117.1699 -22914.4961
13966.0381 -9402.0439 -22939.6641
11126.9141 -9367.1865 -22943.5352
7500.48 -9033.0303 -22953.2168
3595.1821 -8404.3838 -22959.0234
-574.556 -7380.2803 -22962.8965
-5072.4399 -6044.8579 -22957.0879
-9519.8398 -4508.7021 -22945.4727
-12683.5039 -2943.698 -22914.4961
-13522.5 -1692.416 -22844.8008
-13146.2744 -817.36 -19567.1523
12419.0645 -6992.0342 -6609.5039
13795.3545 -8645.9863 -8857.2002
14214.8525 -10593.2266 -12018.6875
14235.2861 -12700.332 -16308.8643
14246.1045 -14051.3799 -21481.8555
14220.8623 -14220.8623 -22866.0957
13743.668 -14246.1045 -22900.9434
11075.2285 -14249.71 -22918.3672
7844.252 -14247.3066 -22937.7285
4388.502 -14248.5078 -22957.0879
738.028 -14226.8721 -22945.4727
-3155.25 -13987.6738 -22937.7285
-7065.356 -11864.9424 -22924.1758
-10203.7783 -8710.8945 -22887.3926
-11807.2461 -5827.2959 -22560.207
-11946.6777 -3749.0381 -18695.9512
10678.5684 -8617.1377 -4981.3281
12018.7979 -10699.002 -6487.5361
13375.8564 -13092.1846 -8500.9756
14074.2178 -14202.832 -11259.7764
14202.832 -14258.124 -14822.0156
14058.5918 -14265.3359 -18492.6719
13054.9219 -14274.9521 -21510.8965
10735.0625 -14280.9619 -22778.9766
8063.0161 -14268.9424 -22840.9277
5193.8423 -14270.1445 -22862.2246
2222.498 -14258.124 -22871.9043
-872.652 -14228.0742 -22866.0957
-4063.9622 -13550.1465 -22848.6719
-7074.9722 -10573.9941 -22556.3359
-9197.7041 -7684.3862 -20308.6406
-10067.9521 -5424.626 -17123.9199
8732.5303 -9551.0918 -3151.8079
9732.5938 -11699.0664 -3848.7681
10958.6338 -13815.7881 -4708.3521
12399.832 -14231.6807 -6024.832
13445.5723 -14254.5186 -8264.7842
13504.4707 -14261.7305 -11126.1924
12599.3643 -14264.1338 -13764.96
10857.666 -14266.5381 -15879.0723
8745.752 -14270.1445 -17445.2969
6471.5684 -14264.1338 -18529.4551
4090.406 -14243.7002 -19336.7676
1565.004 -14152.3486 -19892.4004
-1246.474 -12706.3418 -20155.6953
-4261.0898 -10218.2021 -19631.0391
-6785.29 -7918.7764 -17911.8711
-8189.2261 -6000.3843 -15608.0322
6745.624 -9995.832 -1258.4
7536.54 -12045.2422 -1242.912
8701.2783 -13859.0605 -1179.024
10438.168 -14225.6699 -1500.4
12259.1982 -14250.9121 -3084.0481
12952.752 -14256.9219 -5720.8799
12411.8525 -14266.5381 -8317.0557
11129.3184 -14253.3164 -10491.1836
9499.4063 -14250.9121 -12216.1602
7709.6279 -14230.4785 -13677.8398
5791.2363 -14095.8545 -15025.2959
3591.5762 -13005.6406 -16299.1836
901.5 -10967.0479 -17311.7109
-2216.488 -8998.1719 -17456.9121
-4996.7139 -7279.312 -16285.6318
-6701.1499 -5868.1641 -14456.1123
4898.1499 -9977.8018 540.144
5572.4722 -11794.0244 1142.24
6798.5122 -13450.3799 1914.704
8916.4365 -14146.3379 2265.1199
11385.3438 -14213.6504 1049.312
12684.7061 -14223.2666 -1587.52
12565.708 -14223.2666 -4290.1758
11663.0059 -14213.6504 -6549.4878
10400.9063 -14130.7119 -8458.3838
8972.9297 -13778.5264 -10216.2715
7413.936 -12743.6045 -12045.792
5485.9282 -11141.3379 -13958.5596
2821.094 -9375.6006 -15654.4961
-508.446 -7769.728 -16335.9678
-3593.98 -6478.7803 -15441.5361
-5562.856 -5461.8882 -13726.2402
3238.188 -9696.5342 2212.8479
3916.116 -11293.9922 3298.9441
5335.6782 -12774.8564 4611.5518
7931.998 -13697.9922 5378.208
11019.9365 -13974.4521 4212.7358
12782.0684 -13956.4219 1374.5599
12977.9941 -13740.0625 -1564.288
12368.5801 -13173.9199 -4119.8081
11254.3262 -12297.6621 -6338.4639
9892.46 -11396.1621 -8235.7441
8576.2705 -10511.4902 -10146.5762
6929.5303 -9339.54 -12481.3916
4286.332 -7931.998 -14771.6797
680.332 -6661.4839 -15863.584
-2697.2881 -5725.126 -15058.208
-4788.7681 -5039.9863 -13342.9121
1784.9701 -9222.9463 3699.696
2496.554 -10595.6299 5167.1841
4107.2339 -11831.2861 6888.2881
7141.082 -12712.3525 7970.5117
10846.8486 -13015.2559 6783.7441
13095.79 -12760.4326 3571.9199
13505.6719 -12140.2002 104.544
13159.4961 -11386.5459 -3002.7361
12172.6543 -10543.9443 -5674.416
10777.1318 -9578.7383 -7757.5518
9444.1143 -8656.8037 -9439.9355
8061.814 -7766.1221 -11681.8242
5524.3921 -6756.4419 -14357.376
1671.9821 -5829.7002 -15817.1201
-2014.552 -5174.6099 -15034.9756
-4256.2822 -4715.4463 -13170.6084
484.406 -8642.3799 5083.936
1299.3621 -9827.5518 6888.2881
3180.4919 -10846.8486 8954.0
6710.7661 -11527.1807 10216.2715
10965.8467 -11714.6924 8859.1357
13472.0166 -11468.2822 5198.1602
13897.5244 -10987.4824 1266.144
13634.2861 -10428.5518 -1963.104
12979.1963 -9703.7461 -4685.1201
11809.6504 -8686.8545 -7151.584
10403.3105 -7530.5303 -9316.0322
8865.9521 -6568.9302 -11695.376
6258.814 -5838.1143 -14461.9199
2214.084 -5246.73 -15987.4883
-1628.7101 -4848.8682 -15071.7598
-3892.0762 -4547.166 -13071.8721
8899.6084 3950.9741 -5316.2559
8880.376 4801.9902 -6286.1919
8706.0859 5739.5503 -7304.5278
8326.2539 6722.7861 -8332.5439
7710.8301 7719.2441 -9341.2002
6856.208 8647.1885 -10253.0557
5770.8022 9459.7402 -11031.3281
4502.6919 10091.9922 -11617.9355
3108.3721 10509.0859 -11985.7764
1659.962 10676.1641 -12109.6797
227.178 10593.2266 -11987.7119
-1120.264 10269.8887 -11633.4238
-2310.2441 9736.2002 -11081.6641
-3289.874 9055.8682 -10384.7041
-4045.9321 8269.7598 -9575.4561
-4567.6001 7463.2183 -8735.2324
9691.7266 3616.8181 -5974.4961
9781.876 4496.6821 -7147.7119
9697.7363 5502.7559 -8404.1758
9365.9844 6603.7881 -9705.168
8739.7422 7737.2739 -10996.4795
7797.374 8821.4785 -12179.376
6568.9302 9769.8564 -13195.7764
5085.6621 10518.7021 -13958.5596
3462.9622 11009.1182 -14409.6475
1750.1121 11219.4678 -14556.7842
60.1 11134.126 -14372.8643
-1530.146 10762.708 -13886.9277
-2923.2642 10146.082 -13139.6318
-4042.3262 9343.1465 -12192.9277
-4870.5039 8432.0303 -11132.0
-5409.0 7481.248 -10016.8643
10475.4307 3062.696 -6638.5439
10725.4463 3959.3882 -8073.1201
10774.7285 5031.5723 -9660.6396
10519.9043 6222.7539 -11323.6641
9887.6523 7486.0562 -13015.7275
8841.9121 8708.4902 -14576.1436
7410.3301 9785.4824 -15917.792
5689.0659 10634.0938 -16903.2168
3773.0781 11196.6299 -17489.8242
1753.718 11443.04 -17660.1914
-264.44 11351.6885 -17387.2168
-2129.9441 10934.5938 -16709.6152
-3755.0481 10220.6064 -15673.8555
-5017.1479 9298.6719 -14390.2881
-5897.0122 8262.5479 -12949.9043
-6406.6602 7228.8281 -11503.7119
11203.8418 2173.2161 -7242.5762
11654.5918 2996.5859 -8944.3203
11888.9824 4036.3162 -10882.2559
11769.9844 5271.9722 -13000.2402
11176.1963 6613.4043 -15180.1758
10048.7197 7941.6143 -17218.7832
8446.4541 9131.5938 -18963.1191
6470.3662 10072.7598 -20252.4961
4271.9082 10718.2344 -21009.4727
1913.584 11039.168 -21226.3047
-424.306 11005.5117 -20870.0801
-2632.3801 10601.6406 -19977.584
-4530.3379 9867.2178 -18593.3437
-5982.354 8882.7803 -16860.623
-6928.3281 7772.1323 -14951.7275
-7403.1182 6668.6963 -13054.4482
11798.832 1006.074 -7730.4478
12468.3467 1669.578 -9745.8242
12913.0859 2581.896 -12125.168
12958.7627 3714.1802 -14789.1035
12420.2666 5001.522 -17600.1758
11224.2764 6291.2681 -20217.6484
9438.1045 7462.0161 -22147.8398
7202.3843 8418.8086 -22808.0156
4691.4062 9119.5742 -22846.7363
2030.178 9511.4258 -22858.3516
-674.322 9578.7383 -22842.8633
-3238.188 9269.8242 -22749.9355
-5446.2622 8605.1182 -21816.7832
-7072.5684 7668.7603 -19588.4473
-8053.4004 6597.7783 -17081.3281
-8430.8281 5579.6841 -14669.0723
12142.6045 -501.234 -7962.7681
13016.458 -170.684 -10200.7842
13569.3779 394.256 -12953.7764
13754.4863 1200.798 -16157.8555
13443.168 2179.2261 -19590.3848
12366.1758 3226.168 -22382.0957
10467.0166 4199.7881 -22868.0312
8048.5923 5041.188 -22891.2637
5316.4463 5733.54 -22906.752
2389.5759 6232.3701 -22902.8789
-594.99 6500.416 -22910.623
-3509.8401 6473.9722 -22889.3281
-6070.1001 6132.604 -22852.543
-7925.9883 5497.9482 -22085.8887
-8954.9004 4721.4561 -19118.0
-9246.9863 3973.812 -16093.9678
12135.3926 -2223.7 -7852.416
13153.4863 -2349.9102 -10216.2715
13823.0 -2322.2642 -13219.0078
13996.0879 -2099.894 -16796.7363
13890.3125 -1705.6381 -20719.0723
13020.0645 -1204.4041 -22819.6328
11060.8047 -668.312 -22891.2637
8570.2598 -121.402 -22918.3672
5764.792 443.538 -22933.8555
2729.7419 997.66 -22929.9844
-436.326 1509.712 -22920.3047
-3557.9202 1900.3621 -22918.3672
-6353.772 2128.7419 -22893.1992
-8385.1523 2135.9541 -22809.9512
-9452.5283 1996.5221 -20436.416
-9684.5146 1810.212 -17019.375
11664.208 -4079.5881 -7279.3599
12785.6738 -4732.2739 -9515.4404
13611.4482 -5351.3042 -12398.1436
13954.0186 -5881.3862 -15929.4082
13897.5244 -6268.4302 -19867.2324
13152.2842 -6475.1743 -22742.1914
11374.5264 -6495.6079 -22871.9043
8993.3643 -6332.1362 -22906.752
6294.874 -5969.1323 -22914.4961
3357.186 -5417.4141 -22924.1758
260.834 -4664.9619 -22929.9844
-2860.76 -3806.7341 -22914.4961
-5726.3281 -2860.76 -22895.1367
-7910.3623 -1941.23 -22833.1836
-9127.9883 -1167.142 -20730.6875
-9472.9619 -586.576 -17228.4648
10781.9404 -5716.7119 -6278.4478
11870.9521 -6839.3799 -8191.2158
12877.0264 -8029.3604 -10659.6162
13432.3506 -9183.2803 -13693.3281
13433.5518 -10214.5957 -17154.8965
12733.9883 -10968.25 -20527.4082
11158.166 -11393.7578 -22678.3047
9043.8486 -11483.9082 -22864.1602
6598.98 -11237.498 -22887.3926
3928.136 -10658.1338 -22900.9434
1102.234 -9737.4023 -22893.1992
-1788.576 -8477.7061 -22883.5195
-4514.7119 -6941.5503 -22848.6719
-6699.9482 -5334.4761 -22343.375
-8100.2783 -3848.804 -19669.7598
-8682.0459 -2678.0562 -16645.7285
9528.2539 -7000.4482 -4898.0801
10491.0566 -8404.3838 -6290.064
11451.4541 -9908.0859 -8078.9277
12212.3203 -11388.9502 -10340.1758
12476.7598 -12681.1006 -13011.8555
12011.5859 -13492.4502 -15770.6563
10838.4346 -13862.666 -18266.1602
9113.5645 -13919.1602 -20266.0488
7053.3359 -13773.7178 -21667.7109
4750.3042 -13273.6865 -22219.4727
2309.042 -12291.6523 -22405.3281
-219.966 -10864.8779 -22275.6152
-2717.7222 -9119.5742 -21683.1992
-4924.5942 -7281.7163 -20116.9766
-6560.5161 -5558.0483 -17956.4004
-7490.8643 -4115.6479 -15588.6719
8113.5 -7859.8779 -3335.728
8963.3145 -9387.6201 -4185.6318
9890.0566 -10968.25 -5291.0879
10777.1318 -12451.5186 -6789.5518
11340.8701 -13529.7119 -8764.2715
11272.3564 -13981.6641 -11017.7764
10504.2783 -14095.8545 -13199.6475
9177.2705 -14100.6621 -15064.0156
7493.2681 -13986.4727 -16508.2715
5579.6841 -13559.7627 -17553.7109
3502.6282 -12584.9404 -18237.1191
1293.3521 -11135.3281 -18519.7754
-1001.266 -9468.1543 -18339.7285
-3205.7341 -7761.314 -17555.6484
-5026.7642 -6167.4619 -16152.0479
-6210.7339 -4827.2319 -14403.8398
6637.4443 -8282.9824 -1695.936
7409.1279 -9757.8359 -2026.9919
8365.9199 -11225.4785 -2518.7361
9454.9326 -12540.4658 -3401.552
10384.0781 -13422.7344 -4870.9761
10739.8701 -13849.4443 -6818.5918
10384.0781 -13940.7959 -8861.0723
9442.9121 -13877.0898 -10723.5039
8129.126 -13541.7324 -12278.1123
6558.1123 -12889.0459 -13581.04
4789.9702 -11804.8418 -14649.7119
2809.074 -10457.4004 -15453.1523
622.636 -8981.3438 -15865.5195
-1628.7101 -7522.1162 -15673.8555
-3627.636 -6179.4819 -14775.5518
-5061.6221 -5030.3701 -13414.5439
5228.7002 -8386.3545 -102.608
5989.5659 -9756.6338 11.616
7060.5483 -11054.7939 0.0
8405.5859 -12129.3818 -447.216
9703.7461 -12858.9961 -1637.856
10436.9658 -13170.3145 -3482.864
10415.3301 -13166.708 -5531.1519
9779.4727 -12889.0459 -7471.0239
8737.3379 -12331.3184 -9180.5117
7425.9561 -11544.0078 -10698.3359
5886.1943 -10555.9639 -12084.5117
4080.79 -9378.0039 -13290.6396
1931.614 -8112.2983 -14157.9678
-387.044 -6906.6919 -14357.376
-2520.594 -5836.9121 -13770.7676
-4103.6279 -4929.4019 -12636.2715
3929.3381 -8215.6699 1380.368
4725.062 -9430.8926 1850.816
5936.6782 -10541.54 2203.168
7560.5801 -11415.3945 2056.032
9231.3604 -11940.668 1012.528
10339.6045 -12094.5244 -851.84
10632.8926 -11923.8398 -3022.0959
10253.0605 -11504.3418 -5138.144
9411.6602 -10896.1299 -7048.9761
8261.3457 -10149.6885 -8764.2715
6888.6621 -9297.4697 -10349.8555
5208.2661 -8322.6484 -11858.0
3097.554 -7288.9282 -13068.0
671.918 -6303.2881 -13579.1035
-1621.498 -5453.4741 -13188.0322
-3358.3879 -4749.1021 -12152.2715
2770.6101 -7893.5342 2735.5679
3651.676 -8972.9297 3508.032
5055.6123 -9906.8838 4144.9761
6989.6304 -10590.8223 4179.8242
9017.4043 -10939.4023 3147.936
10435.7646 -10941.8066 1148.048
10963.4424 -10673.7598 -1233.2319
10754.2939 -10203.7783 -3581.6001
10040.3066 -9594.3643 -5709.2642
8983.748 -8873.1641 -7596.8638
7678.376 -8090.6621 -9325.7119
6067.6963 -7276.9082 -10994.5439
3937.752 -6460.75 -12429.1201
1423.168 -5710.7021 -13110.5918
-985.64 -5079.6519 -12795.0244
-2783.832 -4555.5801 -11792.1758
1742.9 -7468.0264 3939.76
2705.7021 -8399.5762 4942.6079
4282.7261 -9195.2998 5794.4478
6483.5879 -9748.2197 5966.752
8833.498 -10001.8418 4934.8638
10541.54 -9963.3779 2807.2
11291.5879 -9696.5342 228.448
11241.1045 -9260.208 -2309.6479
10667.75 -8691.6621 -4621.2319
9712.1602 -8002.916 -6739.2158
8445.252 -7263.686 -8688.7676
6817.7441 -6542.4863 -10524.0957
4649.3359 -5886.1943 -12098.0635
2034.9861 -5315.2441 -12882.1436
-469.982 -4840.4541 -12593.6797
-2354.718 -4444.9961 -11565.6641
7996.9062 3348.772 -5109.104
7927.1899 4006.2661 -5989.9839
7728.8604 4733.4761 -6911.52
7363.4521 5493.1401 -7831.1201
6814.1382 6261.2183 -8729.4238
6076.1104 6977.6104 -9538.6719
5154.1763 7607.458 -10229.8242
4086.8 8112.2983 -10762.2236
2918.4561 8451.2617 -11095.2158
1706.8401 8612.3301 -11221.0557
497.628 8579.876 -11130.0635
-644.272 8371.9297 -10845.4717
-1669.578 8004.1182 -10380.832
-2530.21 7512.5 -9780.6719
-3217.7542 6937.9443 -9089.5195
-3721.3921 6320.1162 -8348.0322
8601.5117 3012.2122 -5670.5439
8609.9258 3702.1602 -6733.4082
8469.292 4466.6323 -7848.5439
8132.7319 5288.8003 -8994.6563
7560.5801 6130.2002 -10117.5361
6745.624 6929.5303 -11143.6162
5709.5 7632.7002 -12018.6875
4478.6519 8196.4385 -12688.5439
3134.8162 8576.2705 -13100.9121
1721.264 8751.7617 -13242.2402
325.742 8718.1064 -13104.7842
-994.054 8475.3018 -12713.7119
-2156.3879 8055.8042 -12094.1924
-3116.7861 7504.0859 -11310.1123
-3856.0161 6863.4199 -10407.9355
-4363.2603 6204.7241 -9465.1035
9195.2998 2480.928 -6220.3682
9304.6826 3123.998 -7463.2798
9252.9961 3893.2781 -8818.4795
8968.1221 4737.082 -10210.4639
8400.7783 5626.562 -11616.0
7528.126 6496.8101 -12920.8643
6376.6104 7274.5039 -14034.0635
4997.916 7898.3423 -14874.2881
3464.1641 8337.0723 -15402.8154
1846.272 8555.8359 -15569.3115
228.38 8546.2197 -15387.3281
-1289.746 8307.0225 -14878.1602
-2629.9761 7870.6963 -14066.9756
-3710.574 7281.7163 -13042.832
-4517.1162 6597.7783 -11887.04
-5045.9961 5882.5879 -10684.7842
9727.7861 1732.082 -6714.0479
9966.9844 2321.062 -8181.5361
10018.6699 3036.252 -9794.2236
9801.1084 3860.824 -11509.5195
9244.582 4747.8999 -13242.2402
8313.0322 5626.562 -14870.416
7036.5083 6430.7002 -16258.5283
5478.7163 7088.1943 -17305.9043
3750.24 7558.1763 -17946.7207
1906.3721 7815.4043 -18153.8711
74.524 7841.8481 -17911.8711
-1661.1641 7629.0942 -17236.207
-3168.4722 7208.394 -16186.8955
-4366.8662 6625.4243 -14874.2881
-5219.084 5951.1021 -13404.8643
-5728.7319 5273.1743 -11921.8877
10137.668 726.008 -7066.3999
10511.4902 1147.91 -8712.0
10699.002 1728.4761 -10599.5996
10588.418 2435.252 -12638.208
10077.5684 3228.572 -14748.4482
9131.5938 4035.114 -16732.8477
7776.9399 4795.98 -18438.4648
6083.3223 5451.0703 -19739.4551
4169.7383 5952.3042 -20535.1523
2135.9541 6270.834 -20810.0645
73.322 6386.2261 -20535.1523
-1877.524 6279.248 -19725.9043
-3584.364 5964.3242 -18430.7207
-4918.584 5488.332 -16796.7363
-5834.5083 4913.7759 -14974.96
-6345.3579 4311.5742 -13141.5684
10349.2197 -506.042 -7242.5762
10861.2725 -310.116 -9058.5439
11187.0146 14.424 -11170.7197
11187.0146 477.194 -13521.0244
10735.0625 1049.3461 -15970.0635
9771.0586 1664.77 -18295.1992
8353.9004 2271.78 -20285.4082
6552.1021 2834.3162 -21750.959
4505.0962 3322.3281 -22318.207
2306.6379 3700.958 -22523.4238
81.736 3940.156 -22362.7363
-2054.218 4008.6702 -21828.4004
-3924.53 3911.3081 -20374.4648
-5372.9399 3664.8979 -18430.7207
-6332.1362 3319.9241 -16275.9521
-6817.7441 2959.324 -14157.9678
10303.5439 -1846.272 -7101.248
10914.1602 -1967.6741 -8950.1279
11364.9102 -1990.5121 -11168.7842
11485.1104 -1887.14 -13664.2881
11131.7227 -1674.386 -16330.1602
10237.4346 -1373.886 -18881.8086
8829.8926 -1021.7 -21088.8477
7034.104 -632.252 -22354.9922
4959.4521 -229.582 -22798.3359
2703.2981 176.694 -22827.375
371.418 556.526 -22817.6953
-1871.514 881.066 -22587.3125
-3878.854 1133.486 -21630.9277
-5443.8579 1280.13 -19551.6641
-6476.376 1335.422 -17183.9355
-6994.438 1316.1901 -14847.1836
9928.5205 -3300.6921 -6615.312
10606.4482 -3763.4622 -8406.1123
11136.5303 -4168.5361 -10555.0723
11360.1025 -4482.2583 -13027.3438
11112.4902 -4682.9922 -15677.7275
10305.9482 -4757.5161 -18268.0957
8993.3643 -4678.1841 -20515.791
7264.8882 -4469.0361 -22078.1445
5263.5581 -4137.2842 -22670.5605
3066.302 -3680.5242 -22817.6953
776.492 -3111.978 -22800.2715
-1476.056 -2501.3621 -22527.2949
-3512.2441 -1877.524 -21594.1445
-5140.9541 -1287.342 -19600.0645
-6249.1982 -787.31 -17274.9277
-6830.9663 -396.66 -14973.0234
9310.6924 -4544.7622 -5798.3198
9991.0244 -5302.022 -7349.0562
10567.9844 -6049.666 -9240.5283
10887.7158 -6723.9883 -11443.6963
10784.3438 -7282.918 -13855.9521
10162.9102 -7655.5381 -16239.168
9036.6357 -7823.8184 -18374.5762
7500.48 -7767.3242 -20087.9355
5665.0259 -7490.8643 -21294.0645
3628.8381 -7011.2661 -21878.7363
1474.854 -6333.3379 -21944.5605
-685.14 -5505.1602 -21503.1523
-2690.0759 -4565.1963 -20370.5918
-4359.6543 -3613.2122 -18705.6328
-5576.0781 -2728.54 -16690.2559
-6297.2783 -1985.704 -14603.248
8427.2217 -5633.7739 -4696.7358
9091.9277 -6606.1919 -5937.7119
9691.7266 -7573.8022 -7453.6001
10105.2139 -8468.0898 -9259.8877
10167.7178 -9210.9258 -11286.8799
9759.0381 -9722.9785 -13373.8877
8870.7598 -9976.6006 -15300.208
7566.5903 -9957.3682 -16924.5117
5970.334 -9678.5039 -18126.7676
4155.314 -9140.0078 -18889.5527
2212.8821 -8368.3242 -19193.5039
230.784 -7392.3003 -19001.8398
-1687.608 -6278.0459 -18293.2637
-3365.6001 -5136.146 -17116.1758
-4669.77 -4066.366 -15577.0557
-5537.6143 -3143.23 -13881.1201
7419.9463 -6348.9644 -3426.72
8055.8042 -7417.542 -4290.1758
8692.8643 -8476.5039 -5380.144
9225.3506 -9430.8926 -6746.96
9493.3965 -10207.3838 -8371.2637
9355.166 -10735.0625 -10146.5762
8754.166 -10974.2598 -11883.168
7739.6782 -10927.3818 -13428.0957
6413.8721 -10606.4482 -14682.624
4857.2822 -10034.2959 -15600.2881
3139.624 -9224.1484 -16175.2803
1331.816 -8222.8818 -16353.3916
-492.82 -7090.5981 -16117.2002
-2190.0439 -5935.4761 -15441.5361
-3615.616 -4845.2622 -14349.6318
-4652.9419 -3894.48 -13017.6641
6324.9243 -6798.5122 -2063.7759
6967.9941 -7885.1201 -2576.8159
7674.77 -8918.8398 -3281.52
8358.708 -9820.3398 -4274.688
8855.1338 -10513.8945 -5596.9761
8978.9404 -10936.998 -7163.2002
8650.7939 -11080.0361 -8793.3115
7898.3423 -10956.2305 -10326.624
6818.9463 -10586.0146 -11650.8477
5488.332 -9987.418 -12733.0723
3966.6001 -9179.6738 -13553.9355
2303.032 -8213.2666 -14072.7842
555.324 -7156.708 -14219.9199
-1147.91 -6102.5542 -13935.3281
-2658.824 -5113.3081 -13215.1357
-3815.1479 -4247.8682 -12194.8643
5261.1543 -6954.772 -718.256
5923.4561 -7978.876 -904.112
6725.1899 -8930.8604 -1271.952
7585.8223 -9725.3818 -1957.296
8329.8604 -10297.5342 -3051.136
8730.126 -10602.8418 -4491.52
8672.4297 -10644.9121 -6086.7842
8172.3979 -10446.582 -7666.5601
7322.584 -10040.3066 -9103.0723
6195.1079 -9450.124 -10367.2803
4842.8579 -8700.0762 -11434.0156
3297.0862 -7827.4243 -12249.0723
1592.65 -6893.4702 -12727.2637
-143.038 -5973.9399 -12764.0479
-1744.1021 -5116.9141 -12316.832
-3035.05 -4359.6543 -11490.1602
4256.2822 -6909.0962 557.568
4983.4922 -7856.272 635.008
5915.042 -8700.0762 520.784
6972.8022 -9368.3877 36.784
7957.2402 -9805.916 -937.024
8601.5117 -9991.0244 -2352.24
8768.5898 -9940.54 -4001.7119
8463.2822 -9679.7061 -5674.416
7778.1421 -9250.5918 -7242.5762
6786.4922 -8678.4404 -8657.792
5548.4321 -7995.7041 -9912.3203
4071.1741 -7228.8281 -10953.8877
2388.374 -6434.3062 -11668.2715
616.626 -5666.228 -11912.208
-1051.75 -4961.856 -11635.3604
-2401.5959 -4346.4321 -10955.8242
3339.156 -6708.3623 1726.912
4131.2739 -7558.1763 2026.9919
5191.438 -8295.002 2121.856
6443.9219 -8855.1338 1792.736
7667.5581 -9197.7041 890.56
8553.4326 -9299.874 -544.016
8929.6582 -9191.6943 -2276.7361
8804.6504 -8903.2139 -4081.0879
8261.3457 -8476.5039 -5796.3838
7388.6943 -7941.6143 -7372.2881
6234.7739 -7326.1899 -8789.4404
4817.6162 -6667.4941 -10001.376
3136.0181 -6001.5859 -10899.6797
1313.786 -5364.5259 -11306.2402
-427.912 -4786.3643 -11147.4883
-1861.8981 -4280.3223 -10533.7764
2496.554 -6404.2563 2814.9441
3392.0439 -7160.314 3297.0081
4607.2661 -7794.9702 3540.9441
6058.0801 -8254.1338 3302.8159
7496.874 -8510.1602 2410.3201
8582.2803 -8557.0381 917.664
9126.7861 -8420.0098 -923.472
9131.5938 -8135.1362 -2855.6001
8691.6621 -7732.4663 -4719.9678
7892.332 -7240.8481 -6450.752
6784.0879 -6696.3423 -8015.04
5374.1421 -6133.8062 -9370.2402
3668.5042 -5585.6943 -10386.6396
1809.01 -5082.0562 -10876.4482
24.04 -4630.104 -10769.9678
-1433.9861 -4226.2319 -10194.9756
7133.8701 2762.196 -4832.2559
7029.2959 3289.874 -5629.8882
6817.7441 3858.4202 -6454.624
6472.77 4444.9961 -7267.7441
5978.748 5036.3799 -8061.5039
5338.082 5583.29 -8772.0156
4553.1763 6068.8979 -9383.792
3651.676 6454.7402 -9854.2402
2668.4399 6722.7861 -10160.1279
1647.942 6856.208 -10285.9678
631.05 6851.3999 -10227.8877
-334.156 6714.3721 -10001.376
-1210.4141 6457.144 -9621.9199
-1955.6541 6110.9683 -9126.3037
-2568.6741 5695.0762 -8537.7598
-3032.646 5249.1343 -7910.4961
7619.478 2430.4441 -5308.5122
7570.1963 2947.304 -6235.856
7399.5122 3518.2542 -7205.792
7074.9722 4127.668 -8181.5361
6571.334 4751.5059 -9137.9199
5880.1841 5347.6982 -10016.8643
5019.5522 5874.1743 -10764.1602
4009.8721 6302.0859 -11343.0244
2904.032 6602.5859 -11708.9277
1748.91 6764.856 -11854.1279
596.192 6774.4722 -11774.752
-507.244 6635.04 -11484.3516
-1491.682 6363.3882 -10998.416
-2325.8701 5994.374 -10365.3438
-2995.384 5552.0381 -9633.5361
-3488.2041 5073.6421 -8843.6484
8065.4199 1954.452 -5763.4722
8078.6421 2441.262 -6847.6318
7958.4424 2997.7881 -8003.4238
7662.75 3601.1921 -9170.832
7150.6982 4232.2422 -10334.3682
6413.8721 4846.4639 -11410.7842
5461.8882 5401.7881 -12330.3838
4341.624 5854.9419 -13029.2803
3098.7561 6184.29 -13480.3682
1794.5861 6360.9839 -13644.9277
484.406 6386.2261 -13526.832
-750.048 6254.0063 -13147.376
-1849.8781 5984.7583 -12522.0479
-2760.9941 5613.3403 -11728.2881
-3474.9822 5167.3979 -10808.6875
-3976.2161 4695.0122 -9848.4316
8444.0498 1300.564 -6133.248
8542.6143 1708.042 -7354.8638
8498.1406 2198.458 -8675.2158
8251.7305 2759.792 -10053.6475
7758.9102 3359.5901 -11434.0156
6996.8423 3959.3882 -12725.3281
5981.1523 4515.9141 -13832.7197
4756.314 4988.3003 -14690.3682
3394.448 5338.082 -15230.5117
1941.23 5554.4419 -15443.4717
491.618 5621.7539 -15304.0801
-891.884 5531.604 -14843.3115
-2113.116 5304.4263 -14080.5283
-3122.7961 4970.27 -13098.9756
-3892.0762 4567.6001 -11989.6475
-4416.1479 4128.8701 -10820.3037
8724.1162 482.002 -6402.3521
8908.0225 769.28 -7763.3599
8940.4766 1145.506 -9269.5684
8744.5498 1598.66 -10857.0879
8266.1543 2107.106 -12469.7764
7490.8643 2629.9761 -13975.9844
6421.084 3134.8162 -15282.7842
5106.0962 3587.97 -16289.5039
3622.8281 3946.166 -16934.1914
2054.218 4191.374 -17183.9355
462.77 4315.1802 -17021.3125
-1049.3461 4298.3521 -16469.5527
-2389.5759 4161.3242 -15557.6963
-3473.78 3924.53 -14401.9043
-4283.9282 3612.01 -13075.7441
-4809.2021 3275.45 -11728.2881
8862.3457 -492.82 -6493.3437
9131.5938 -383.438 -7931.792
9255.4004 -189.916 -9558.0322
9140.0078 90.15 -11315.9199
8720.5098 437.528 -13106.7197
7960.8462 828.178 -14816.208
6883.854 1229.646 -16295.3115
5524.3921 1617.8921 -17462.7207
3976.2161 1962.8661 -18227.4395
2307.8401 2250.144 -18544.9434
610.616 2456.8879 -18403.6152
-1025.306 2566.27 -17805.3926
-2467.7061 2587.906 -16798.6719
-3642.0601 2522.998 -15491.8721
-4507.5 2385.97 -14005.0234
-5060.4199 2209.2761 -12463.9678
8785.418 -1575.822 -6355.8882
9129.1904 -1679.194 -7834.9922
9326.3184 -1711.6481 -9527.0557
9284.248 -1657.558 -11362.3838
8923.6484 -1525.338 -13271.2803
8202.4482 -1322.2001 -15096.9277
7133.8701 -1066.1741 -16701.8711
5778.0142 -777.694 -17964.1445
4215.4141 -466.376 -18810.1758
2515.7861 -140.634 -19189.6328
771.684 167.078 -19083.1523
-905.106 430.316 -18492.6719
-2416.02 656.292 -17462.7207
-3648.0701 818.562 -16092.0322
-4556.7822 915.924 -14512.2559
-5128.9341 957.994 -12909.248
8518.5742 -2685.2681 -5947.3921
8914.0322 -3011.01 -7354.8638
9182.0781 -3287.47 -8983.04
9222.9463 -3483.396 -10785.4561
8956.1025 -3593.98 -12678.8643
8325.0518 -3606.0 -14523.8721
7345.4224 -3512.2441 -16159.792
6056.8779 -3327.136 -17485.9512
4550.772 -3055.4841 -18401.6797
2893.2141 -2704.5 -18876.0
1163.536 -2287.406 -18876.0
-527.678 -1847.474 -18382.3203
-2063.834 -1403.936 -17445.2969
-3352.3782 -988.044 -16140.4316
-4328.4019 -629.848 -14610.9922
-4967.8662 -338.964 -13006.0479
8059.4102 -3684.1301 -5289.1519
8484.918 -4221.4243 -6566.9121
8802.2461 -4719.0522 -8049.8882
8922.4463 -5132.54 -9705.168
8752.9639 -5452.272 -11480.4795
8238.5078 -5638.582 -13222.8799
7370.6641 -5674.6421 -14818.1436
6202.3203 -5564.0581 -16128.8154
4801.9902 -5305.6279 -17089.0723
3244.198 -4918.584 -17640.832
1597.458 -4414.9463 -17762.8008
-50.484 -3830.7742 -17431.7441
-1579.428 -3204.532 -16674.7676
-2882.396 -2589.1082 -15571.248
-3908.9041 -2010.946 -14208.3037
-4609.6699 -1522.9341 -12758.2402
7419.9463 -4537.5503 -4402.4639
7868.292 -5210.6699 -5457.584
8239.71 -5853.7402 -6704.3682
8452.4639 -6422.2861 -8133.1357
8416.4043 -6870.6323 -9691.6162
8060.6123 -7167.5264 -11273.3281
7373.0684 -7285.3223 -12767.9199
6374.2061 -7215.606 -14053.4238
5142.1562 -6972.8022 -15044.6563
3726.2 -6562.9199 -15706.7676
2199.6602 -6003.9902 -15999.1035
643.07 -5334.4761 -15898.4316
-855.824 -4588.0342 -15420.2402
-2188.842 -3834.3801 -14593.5684
-3275.45 -3121.594 -13499.7275
-4079.5881 -2488.1401 -12258.752
6677.1104 -5164.9941 -3378.3201
7141.082 -5939.082 -4201.1201
7567.792 -6666.292 -5194.2881
7879.1104 -7297.3423 -6367.5039
7984.8862 -7793.7681 -7699.4722
7803.3843 -8115.9043 -9114.6875
7298.5439 -8239.71 -10502.7998
6488.396 -8166.3882 -11751.5195
5425.8281 -7903.1499 -12783.4082
4169.7383 -7465.6221 -13548.1279
2781.428 -6873.0361 -14014.7041
1327.0081 -6166.2603 -14150.2236
-114.19 -5382.5562 -13950.8164
-1447.208 -4591.6401 -13428.0957
-2591.512 -3834.3801 -12609.168
-3465.366 -3167.27 -11616.0
5868.1641 -5568.8662 -2267.0559
6363.3882 -6357.3779 -2834.304
6859.814 -7091.8003 -3564.176
7293.7363 -7722.8501 -4493.4561
7566.5903 -8207.2559 -5624.0801
7577.4082 -8506.5537 -6892.1602
7278.1104 -8605.1182 -8204.7676
6666.292 -8508.958 -9455.4238
5792.438 -8231.2959 -10549.2637
4703.4263 -7785.354 -11445.6318
3452.144 -7197.5762 -12103.8721
2086.6721 -6499.2144 -12483.3281
692.352 -5745.5601 -12560.7676
-652.686 -4978.6841 -12307.1523
-1855.8881 -4247.8682 -11749.584
-2830.71 -3587.97 -10963.5684
5056.814 -5764.792 -1151.92
5597.7139 -6546.0923 -1496.528
6185.4922 -7252.8682 -2003.76
6748.0283 -7834.6362 -2731.696
7186.7583 -8256.5381 -3707.4399
7382.6841 -8494.5342 -4888.3999
7269.6963 -8537.8066 -6170.0317
6834.5723 -8399.5762 -7441.9839
6121.7861 -8101.48 -8615.2002
5171.0039 -7656.7402 -9633.5361
4027.9021 -7093.002 -10464.0801
2747.772 -6441.5181 -11046.8164
1383.5021 -5745.5601 -11343.0244
38.464 -5056.814 -11313.9844
-1203.202 -4399.3203 -10959.6963
-2234.5181 -3804.3301 -10344.0479
4276.7163 -5784.0239 -81.312
4872.9082 -6511.2339 -224.576
5555.644 -7160.314 -540.144
6261.2183 -7681.9819 -1113.2
6871.834 -8043.7842 -1984.4
7255.272 -8224.084 -3116.96
7323.7861 -8226.4883 -4408.272
7058.144 -8066.6221 -5740.2397
6490.8003 -7761.314 -7004.4478
5662.6221 -7337.0083 -8156.3682
4619.2861 -6818.9463 -9137.9199
3399.2561 -6227.562 -9902.6396
2061.4299 -5612.1382 -10384.7041
691.15 -5005.1279 -10533.7764
-599.798 -4426.9663 -10332.4316
-1700.8301 -3900.49 -9838.752
3541.092 -5679.4502 931.216
4210.606 -6357.3779 956.384
5007.5322 -6940.3481 787.952
5858.5483 -7388.6943 325.248
6635.04 -7680.7803 -485.936
7185.5562 -7806.9902 -1614.624
7406.7241 -7768.5264 -2948.5281
7274.5039 -7587.0239 -4354.064
6818.9463 -7282.918 -5722.8159
6083.3223 -6881.4502 -6983.1519
5104.894 -6411.4683 -8098.2881
3925.7322 -5897.0122 -9002.4004
2593.916 -5368.1323 -9621.9199
1212.818 -4853.6763 -9889.0879
-108.18 -4369.27 -9794.2236
-1235.656 -3926.9341 -9387.6641
2866.77 -5487.1299 1846.944
3603.5959 -6100.1499 2011.504
4505.0962 -6619.4141 1963.104
5493.1401 -7011.2661 1587.52
6428.2959 -7260.0801 813.12
7136.2739 -7352.6343 -327.184
7504.0859 -7299.7461 -1713.36
7496.874 -7121.8501 -3209.8879
7142.2842 -6839.3799 -4677.376
6485.9922 -6477.5781 -6055.8081
5564.0581 -6060.4839 -7285.168
4414.9463 -5612.1382 -8305.4404
3084.332 -5160.186 -9035.3115
1680.396 -4723.8599 -9403.1523
328.146 -4311.5742 -9376.0479
-847.41 -3934.146 -9023.6963
6401.8521 2319.8601 -4516.688
6275.6421 2728.54 -5223.3281
6060.4839 3167.27 -5947.3921
5738.3481 3619.2222 -6657.9038
5300.8203 4069.9722 -7337.4399
4746.6982 4491.874 -7955.0239
4079.5881 4870.5039 -8481.6162
3318.7222 5175.812 -8890.1123
2496.554 5395.7783 -9168.8955
1646.74 5515.978 -9286.9922
792.118 5534.0083 -9259.8877
-25.242 5454.6763 -9089.5195
-777.694 5282.79 -8791.376
-1431.582 5042.3901 -8386.752
-1980.896 4744.2939 -7902.752
-2416.02 4412.542 -7370.3521
6757.644 2010.946 -4911.6318
6666.292 2412.4141 -5730.5601
6475.1743 2842.73 -6570.7842
6161.4521 3301.894 -7407.1357
5707.0962 3764.6641 -8216.3838
5113.3081 4208.2021 -8957.8721
4388.502 4602.458 -9589.0078
3547.1021 4926.998 -10078.8164
2635.9861 5161.3882 -10402.1279
1681.598 5296.0122 -10539.584
729.614 5322.4561 -10491.1836
-182.704 5241.9219 -10266.6084
-1007.276 5067.6323 -9889.0879
-1720.062 4823.626 -9387.6641
-2307.8401 4518.3179 -8793.3115
-2758.5901 4187.7681 -8152.4961
7094.2041 1581.832 -5271.728
7050.9321 1935.2201 -6187.4561
6897.0762 2339.092 -7155.4561
6606.1919 2774.2161 -8119.584
6154.2402 3229.7742 -9070.1602
5532.8062 3674.5142 -9949.1035
4755.1123 4080.79 -10706.0801
3845.198 4420.9561 -11290.752
2842.73 4675.7803 -11672.1436
1790.98 4832.04 -11836.7041
732.018 4880.1201 -11776.6875
-276.46 4821.2222 -11507.584
-1191.182 4666.1641 -11048.752
-1973.6841 4434.1782 -10438.9121
-2609.542 4143.2939 -9724.5283
-3090.342 3821.158 -8954.0
7369.4619 1024.104 -5566.0
7377.876 1319.796 -6601.7598
7266.0903 1665.972 -7691.728
7000.4482 2057.824 -8804.9277
6554.5063 2476.1201 -9904.5762
5910.2339 2889.6082 -10926.7842
5082.0562 3286.2681 -11805.7275
4098.8203 3627.636 -12487.2002
3014.616 3889.6721 -12932.4795
1861.8981 4061.5581 -13122.208
707.978 4139.688 -13044.7676
-399.064 4114.4463 -12719.5195
-1393.118 3995.448 -12165.8242
-2232.114 3805.532 -11441.7598
-2901.6282 3561.5261 -10601.5361
-3390.842 3291.0762 -9709.04
7564.186 342.57 -5755.728
7627.8921 533.688 -6861.1841
7573.8022 784.906 -8063.4399
7351.4321 1090.214 -9300.5439
6925.9243 1432.7841 -10545.3916
6287.6621 1790.98 -11708.9277
5439.0503 2140.762 -12715.6475
4410.1382 2462.8979 -13509.4082
3253.814 2732.146 -14036.0
2027.774 2932.8801 -14270.2559
782.502 3057.8879 -14196.6875
-409.882 3091.5439 -13826.9121
-1485.672 3049.4741 -13205.4561
-2390.7781 2940.092 -12378.7842
-3109.574 2775.418 -11422.4004
-3628.8381 2577.0881 -10400.1924
7635.104 -455.558 -5804.1279
7761.314 -388.246 -6981.2158
7758.9102 -268.046 -8266.7197
7582.2163 -85.342 -9616.1123
7187.96 147.846 -10967.4395
6558.1123 413.488 -12249.0723
5701.0859 695.958 -13362.2715
4644.5283 978.428 -14245.0879
3446.134 1241.666 -14839.4395
2158.792 1465.238 -15112.416
855.824 1641.932 -15044.6563
-402.67 1763.334 -14657.4561
-1538.5601 1825.838 -13979.8555
-2494.1501 1831.848 -13077.6797
-3245.4001 1786.172 -12028.3682
-3777.886 1710.446 -10926.7842
7577.4082 -1290.948 -5666.6719
7754.1021 -1377.4921 -6843.7598
7813.0 -1412.35 -8152.4961
7696.4062 -1381.098 -9540.6084
7357.4419 -1290.948 -10955.8242
6770.8662 -1150.314 -12301.3438
5941.4863 -965.206 -13499.7275
4902.958 -745.24 -14461.9199
3706.968 -508.446 -15125.9678
2405.2021 -254.824 -15458.96
1069.78 -8.414 -15443.4717
-224.774 206.744 -15089.1836
-1408.744 396.66 -14411.584
-2412.4141 548.112 -13491.9844
-3205.7341 656.292 -12403.9521
-3776.6841 722.402 -11250.0957
7352.6343 -2180.428 -5335.6162
7576.2061 -2422.03 -6483.6641
7686.79 -2614.3501 -7757.5518
7631.498 -2740.5601 -9126.3037
7355.0381 -2799.458 -10537.6475
6826.1582 -2786.2361 -11904.4639
6055.6763 -2690.0759 -13124.1436
5059.2183 -2525.4021 -14121.1836
3904.0962 -2301.8301 -14833.6318
2629.9761 -2022.9661 -15220.832
1304.17 -1702.032 -15269.2314
2.404 -1372.6841 -14973.0234
-1192.384 -1049.3461 -14357.376
-2223.7 -746.442 -13491.9844
-3053.0801 -484.406 -12442.6719
-3655.282 -266.844 -11317.8555
7017.2764 -2947.304 -4809.0239
7278.1104 -3324.7322 -5846.7197
7441.582 -3664.8979 -7021.8721
7454.8042 -3932.9441 -8297.6963
7262.4844 -4127.668 -9635.4717
6829.7642 -4223.8281 -10948.0801
6150.6343 -4217.8179 -12154.208
5250.3359 -4108.436 -13166.7363
4169.7383 -3901.6921 -13929.5195
2962.9302 -3609.606 -14396.0957
1684.0021 -3240.592 -14549.04
402.67 -2822.2961 -14365.1201
-796.926 -2382.364 -13884.9922
-1849.8781 -1952.0481 -13137.6963
-2721.3281 -1550.5801 -12194.8643
-3378.822 -1202.0 -11151.3604
6543.688 -3660.0901 -4102.3838
6835.7739 -4151.708 -5006.4961
7049.73 -4597.6499 -6042.2559
7137.4761 -4969.0679 -7192.2397
7036.5083 -5253.9419 -8415.792
6709.564 -5422.2222 -9647.0879
6143.4219 -5460.686 -10806.752
5351.3042 -5371.7383 -11819.2803
4375.2803 -5162.5903 -12611.1035
3257.4202 -4842.8579 -13149.3115
2055.4199 -4429.3701 -13410.6719
831.784 -3950.9741 -13373.8877
-348.58 -3430.5081 -13048.6396
-1412.35 -2908.8401 -12469.7764
-2309.042 -2416.02 -11689.5684
-3008.606 -1973.6841 -10789.3281
5997.98 -4169.7383 -3283.4561
6320.1162 -4728.668 -4017.2
6592.9702 -5245.5283 -4882.5918
6764.856 -5675.8442 -5868.0161
6776.876 -6011.2021 -6948.3042
6578.5459 -6219.1479 -8076.9922
6153.0381 -6287.6621 -9174.7041
5499.1499 -6215.542 -10179.4883
4651.7402 -6007.5962 -11019.7119
3646.8682 -5681.854 -11652.7842
2533.8162 -5250.3359 -12049.6641
1372.6841 -4745.4961 -12179.376
216.36 -4191.374 -12043.8555
-855.824 -3630.04 -11660.5283
-1795.7881 -3089.1401 -11062.3037
-2556.6541 -2598.7241 -10313.0723
5380.1519 -4553.1763 -2387.0879
5744.3579 -5146.9639 -2958.208
6083.3223 -5684.2583 -3653.2319
6350.166 -6132.604 -4487.6479
6478.7803 -6470.3662 -5447.9038
6411.4683 -6671.1001 -6487.5361
6122.9883 -6731.2002 -7546.5278
5602.522 -6647.0601 -8553.248
4878.918 -6431.9023 -9436.0635
3984.6301 -6097.7461 -10158.1924
2960.5261 -5659.0161 -10677.04
1859.494 -5150.5703 -10965.5039
742.836 -4601.2559 -11006.1602
-323.338 -4044.73 -10806.752
-1290.948 -3503.8301 -10380.832
-2092.6821 -3012.2122 -9786.4795
4758.7183 -4749.1021 -1475.2319
5166.1963 -5341.688 -1875.984
5580.8862 -5872.9722 -2408.384
5945.0923 -6309.2983 -3097.6001
6201.1182 -6627.8281 -3947.5039
6278.0459 -6812.936 -4917.4399
6132.604 -6858.6123 -5949.3281
5752.772 -6763.6543 -6973.4722
5157.7822 -6548.4961 -7918.2397
4372.876 -6219.1479 -8737.168
3434.114 -5799.6499 -9389.5996
2395.5859 -5315.2441 -9832.9443
1304.17 -4794.7783 -10042.0322
231.986 -4271.9082 -10005.248
-762.068 -3763.4622 -9734.208
-1622.7001 -3289.874 -9261.8242
4143.2939 -4821.2222 -582.736
4609.6699 -5399.3843 -842.16
5107.2979 -5905.4263 -1244.848
5577.2803 -6305.6919 -1825.6479
5955.9102 -6590.5659 -2596.176
6162.6543 -6742.0181 -3529.3279
6147.0283 -6761.25 -4565.0879
5887.396 -6653.0703 -5624.0801
5396.98 -6434.3062 -6630.7998
4699.8203 -6114.5742 -7540.7197
3831.9761 -5722.7222 -8305.4404
2833.114 -5273.1743 -8874.624
1766.9401 -4801.9902 -9217.2959
695.958 -4329.604 -9308.2881
-319.732 -3871.6421 -9153.4082
-1199.5961 -3447.3362 -8795.248
3559.1221 -4780.354 259.424
4080.79 -5321.2539 131.648
4658.9521 -5788.832 -152.944
5235.9121 -6155.4419 -640.816
5738.3481 -6410.2661 -1353.264
6074.9082 -6538.8799 -2265.1199
6185.4922 -6542.4863 -3316.3679
6041.252 -6429.498 -4421.8242
5651.8042 -6219.1479 -5502.1118
5039.9863 -5925.8604 -6501.0879
4235.8481 -5567.6641 -7366.48
3281.46 -5164.9941 -8047.9521
2230.9121 -4747.8999 -8508.7197
1149.1121 -4323.5942 -8708.1279
112.988 -3917.3181 -8650.0479
-806.542 -3537.4861 -8365.4561
3000.1921 -4658.9521 1057.056
3592.7781 -5164.9941 1033.824
4261.0898 -5592.9062 838.288
4945.0283 -5919.8501 412.368
5562.856 -6138.6143 -269.104
6014.8081 -6240.7842 -1182.896
6232.3701 -6229.9663 -2263.1841
6180.6841 -6115.7759 -3422.8479
5871.77 -5918.6479 -4574.7681
5318.8501 -5653.0059 -5655.0562
4562.792 -5336.8799 -6607.5679
3634.8481 -4988.3003 -7380.0317
2592.7141 -4625.2959 -7922.1118
1510.9141 -4265.8979 -8197.0244
460.366 -3917.3181 -8204.7676
-465.174 -3589.1721 -7980.1919
5708.2983 1934.0181 -4166.272
5565.2603 2257.356 -4799.3437
5352.5059 2599.926 -5432.416
5054.4102 2948.5061 -6046.1279
4663.7603 3295.884 -6636.6079
4180.5562 3618.02 -7165.1357
3613.2122 3907.7021 -7618.1602
2974.95 4145.6982 -7974.3838
2282.5981 4317.584 -8216.3838
1567.4081 4416.1479 -8336.416
852.218 4444.9961 -8328.6719
162.27 4400.522 -8202.832
-474.79 4288.7358 -7968.5762
-1038.5281 4122.8599 -7645.2642
-1524.136 3913.7122 -7252.2559
-1915.988 3678.1201 -6814.7197
5995.5762 1643.134 -4493.4561
5878.9819 1944.8361 -5196.2241
5685.46 2271.78 -5910.6079
5395.7783 2615.552 -6619.1841
4996.7139 2960.5261 -7296.7842
4489.4702 3292.2781 -7914.3682
3883.6621 3591.5762 -8446.7676
3187.7041 3845.198 -8863.0078
2436.4541 4032.71 -9143.7275
1650.3461 4150.5059 -9279.248
866.642 4190.1719 -9263.7598
105.776 4154.1123 -9108.8799
-590.182 4051.9421 -8826.2236
-1208.01 3890.874 -8437.0879
-1729.678 3685.332 -7970.5117
-2150.3779 3449.74 -7447.792
6245.5923 1272.918 -4785.792
6161.4521 1539.7621 -5571.8081
5988.3643 1840.2621 -6386.8638
5709.5 2158.792 -7192.2397
5305.6279 2486.938 -7972.4478
4775.5459 2806.6702 -8692.6396
4125.2642 3103.564 -9310.2236
3381.2261 3355.9841 -9790.3516
2561.4622 3548.304 -10115.5996
1706.8401 3676.918 -10266.6084
845.006 3729.8062 -10243.376
18.03 3709.3721 -10051.7119
-740.432 3621.626 -9709.04
-1400.3301 3480.9919 -9246.3359
-1954.452 3294.6821 -8692.6396
-2389.5759 3084.332 -8092.48
6447.5283 795.724 -5006.4961
6401.8521 1004.872 -5862.208
6261.2183 1250.0801 -6752.7681
6003.9902 1526.54 -7654.9438
5610.936 1821.03 -8533.8877
5073.6421 2120.3281 -9350.8799
4398.1182 2402.7981 -10055.584
3610.8081 2656.4202 -10613.1523
2742.9641 2857.1541 -10988.7363
1821.03 3002.5959 -11166.8477
895.49 3083.1301 -11141.6797
0.0 3095.1501 -10924.8477
-814.956 3045.8682 -10535.7119
-1527.7421 2943.698 -10005.248
-2117.9241 2799.458 -9374.1123
-2579.4919 2623.9661 -8681.0244
6578.5459 235.592 -5147.8237
6571.334 369.014 -6067.4238
6463.1543 543.304 -7039.2959
6232.3701 751.25 -8026.6558
5848.9321 990.448 -9002.4004
5310.436 1238.0601 -9902.6396
4621.6899 1486.874 -10694.4639
3800.7241 1721.264 -11315.9199
2883.5981 1921.998 -11741.8398
1915.988 2078.2581 -11945.1201
931.55 2190.0439 -11923.8242
-19.232 2244.134 -11683.7598
-885.874 2246.5381 -11246.2236
-1635.922 2200.8621 -10655.7441
-2256.1541 2115.52 -9954.9121
-2729.7419 2004.936 -9197.9355
6624.2222 -412.286 -5163.312
6659.0801 -376.226 -6111.9521
6596.5762 -299.298 -7128.3521
6403.0542 -177.896 -8179.6001
6053.272 -20.434 -9221.168
5532.8062 164.674 -10202.7197
4851.272 364.206 -11060.3682
4020.6902 573.354 -11749.584
3085.5339 765.674 -12233.584
2080.6621 948.378 -12481.3916
1060.1641 1098.6281 -12481.3916
62.504 1211.616 -12245.2002
-848.612 1290.948 -11788.3037
-1643.134 1330.614 -11162.9756
-2295.8201 1330.614 -10419.5518
-2800.6602 1301.766 -9596.752
6562.9199 -1095.022 -5045.2158
6636.2422 -1165.9401 -6009.3437
6613.4043 -1195.99 -7047.04
6457.144 -1176.7581 -8121.52
6142.2202 -1111.85 -9201.8076
5651.8042 -1004.872 -10227.8877
4985.896 -861.834 -11137.8076
4170.9399 -691.15 -11873.4883
3235.7842 -504.84 -12400.0801
2221.2961 -307.712 -12686.6084
1180.364 -114.19 -12713.7119
165.876 58.898 -12496.8799
-772.886 218.764 -12051.5996
-1590.246 349.782 -11424.3359
-2269.376 453.154 -10659.6162
-2788.6401 519.264 -9831.0078
6400.6499 -1778.9601 -4764.4961
6512.436 -1956.8561 -5687.9678
6536.4761 -2096.2881 -6694.688
6433.104 -2185.2361 -7755.6157
6174.6743 -2217.6899 -8833.9678
5733.54 -2192.448 -9873.5996
5120.52 -2110.7122 -10804.8164
4342.8262 -1978.4921 -11586.96
3441.3262 -1804.202 -12156.1436
2449.676 -1593.8521 -12493.0078
1413.552 -1357.058 -12582.0635
390.65 -1113.052 -12417.5039
-562.536 -867.844 -12024.4961
-1407.542 -638.262 -11441.7598
-2116.7219 -433.922 -10708.0156
-2675.6521 -262.036 -9889.0879
6132.604 -2413.616 -4346.3198
6281.6523 -2693.6821 -5211.7119
6350.166 -2930.4761 -6156.48
6300.8843 -3113.1802 -7165.1357
6100.1499 -3233.3801 -8208.6396
5726.3281 -3281.46 -9217.2959
5172.2061 -3251.4102 -10148.5117
4454.6123 -3150.4421 -10940.3359
3602.394 -2978.5562 -11546.3037
2656.4202 -2750.176 -11937.376
1656.3561 -2471.312 -12086.4482
647.878 -2162.3979 -12001.2637
-305.308 -1843.868 -11691.5039
-1159.9301 -1536.156 -11182.3359
-1894.3521 -1246.474 -10522.1602
-2473.7161 -991.65 -9767.1201
5782.8223 -2965.334 -3781.0081
5967.9302 -3319.9241 -4541.856
6088.1299 -3637.252 -5393.6958
6100.1499 -3895.6821 -6319.104
5975.1421 -4083.1941 -7287.104
5684.2583 -4188.9702 -8253.168
5216.6802 -4207.0 -9166.96
4583.2261 -4126.4663 -9970.4004
3810.3401 -3965.3982 -10611.2158
2925.668 -3724.998 -11068.1123
1976.088 -3422.094 -11310.1123
1000.064 -3073.5142 -11327.5361
51.686 -2699.6921 -11128.1279
-817.36 -2324.668 -10731.248
-1572.2161 -1967.6741 -10177.5518
-2194.8521 -1638.326 -9505.7598
5362.1221 -3413.6802 -3126.6399
5580.8862 -3834.3801 -3782.9441
5749.166 -4207.0 -4528.3042
5829.7002 -4512.3081 -5353.04
5784.0239 -4738.2842 -6241.6641
5584.4922 -4869.3022 -7149.6479
5213.0742 -4900.5542 -8034.3999
4673.376 -4830.8379 -8839.7764
3981.0242 -4664.9619 -9519.3115
3173.28 -4416.1479 -10032.3516
2280.1941 -4096.416 -10363.4082
1347.442 -3727.4021 -10487.3115
423.104 -3327.136 -10404.0635
-445.942 -2920.8601 -10133.0244
-1222.4341 -2526.604 -9691.6162
-1865.504 -2169.6101 -9135.9844
4895.7461 -3737.0181 -2406.448
5157.7822 -4181.7583 -2936.9119
5384.96 -4578.418 -3562.24
5541.2202 -4907.7661 -4284.3682
5588.0981 -5151.772 -5089.7441
5488.332 -5297.2139 -5941.584
5223.8921 -5338.082 -6799.2319
4786.3643 -5273.1743 -7614.2881
4192.5762 -5112.106 -8332.5439
3464.1641 -4864.4941 -8921.0879
2635.9861 -4544.7622 -9350.8799
1742.9 -4168.5361 -9590.9443
841.4 -3762.26 -9637.4082
-26.444 -3349.9741 -9496.0801
-823.37 -2944.9001 -9180.5117
-1508.51 -2565.0681 -8725.5518
4411.3398 -3940.156 -1661.088
4717.8501 -4404.1279 -2081.2
5006.3301 -4808.0 -2598.1121
5239.5181 -5137.3481 -3223.4399
5377.748 -5376.5459 -3955.248
5377.748 -5514.7759 -4760.624
5214.2759 -5548.4321 -5600.8481
4875.312 -5482.3223 -6429.4561
4369.27 -5318.8501 -7188.3682
3720.1902 -5074.8442 -7846.6079
2947.304 -4757.5161 -8365.4561
2102.2981 -4394.5122 -8708.1279
1221.2321 -4002.6602 -8870.752
361.802 -3607.2021 -8841.7119
-444.74 -3218.9561 -8640.3682
-1150.314 -2852.3459 -8284.1436
3923.3281 -4031.5081 -921.536
4277.918 -4484.6621 -1227.424
4633.71 -4878.918 -1643.6639
4949.8359 -5198.6499 -2187.6799
5184.2261 -5427.0303 -2855.6001
5287.5981 -5558.0483 -3633.8721
5227.498 -5586.896 -4472.1602
4987.0981 -5518.3823 -5322.064
4570.0039 -5362.1221 -6133.248
3993.0442 -5130.1362 -6861.1841
3283.864 -4834.4438 -7463.2798
2473.7161 -4494.2783 -7914.3682
1617.8921 -4131.2739 -8179.6001
752.452 -3758.6541 -8257.04
-68.514 -3393.2461 -8146.688
-804.138 -3044.666 -7877.584
3446.134 -4038.72 -211.024
3856.0161 -4479.854 -420.112
4280.3223 -4856.0801 -753.104
4680.5879 -5154.1763 -1229.36
5007.5322 -5363.3242 -1856.624
5204.6602 -5477.5142 -2611.6641
5237.1143 -5497.9482 -3457.696
5080.854 -5427.0303 -4336.6401
4739.4863 -5276.7803 -5196.2241
4225.0303 -5058.0161 -5986.1118
3561.5261 -4788.7681 -6667.584
2788.6401 -4479.854 -7196.1118
1946.0381 -4150.5059 -7550.3999
1089.012 -3817.552 -7705.2798
260.834 -3488.2041 -7674.3042
-482.002 -3174.4822 -7474.896
2996.5859 -3978.6201 451.088
3454.5481 -4392.1079 331.056
3946.166 -4746.6982 73.568
4424.562 -5026.7642 -346.544
4841.6562 -5222.6899 -940.896
5132.54 -5328.4663 -1688.192
5253.9419 -5345.2939 -2549.7119
5179.418 -5281.5879 -3469.312
4906.564 -5144.5601 -4377.2959
4451.0059 -4949.8359 -5229.1357
3834.3801 -4707.0322 -5976.4321
3090.342 -4432.9761 -6580.4639
2262.1641 -4140.8901 -7006.3838
1405.1381 -3841.592 -7234.832
568.546 -3547.1021 -7261.936
-194.724 -3259.824 -7116.7358
5132.54 1628.7101 -3837.1521
4989.502 1879.928 -4386.9761
4783.96 2147.9741 -4936.7998
4511.106 2419.626 -5469.2002
4166.1318 2688.874 -5974.4961
3749.0381 2941.2939 -6429.4561
3262.228 3168.4722 -6820.5278
2720.126 3359.5901 -7128.3521
2137.156 3501.426 -7343.248
1536.156 3590.374 -7457.4722
931.55 3627.636 -7469.0879
344.974 3608.4041 -7381.9678
-203.138 3539.8901 -7203.856
-694.756 3429.3062 -6950.2397
-1127.4761 3280.2581 -6634.6719
-1490.48 3107.1702 -6274.5762
5356.1123 1373.886 -4104.3198
5225.0942 1610.6801 -4721.9038
5030.3701 1861.8981 -5337.5518
4758.7183 2123.9341 -5941.584
4402.9263 2387.1721 -6516.5762
3961.792 2635.9861 -7039.2959
3447.3362 2863.1641 -7488.4478
2860.76 3055.4841 -7842.7358
2232.114 3202.1282 -8086.6719
1577.024 3301.894 -8210.5762
920.732 3345.166 -8214.4482
282.47 3334.3481 -8107.9678
-306.51 3271.844 -7889.2002
-835.39 3169.6741 -7587.1841
-1293.3521 3031.4441 -7215.4722
-1669.578 2872.78 -6799.2319
5548.4321 1046.942 -4332.7681
5442.6562 1245.272 -5000.688
5267.1641 1467.642 -5682.1602
5006.3301 1704.436 -6353.9521
4651.7402 1950.8461 -7004.4478
4199.7881 2192.448 -7596.8638
3657.686 2416.02 -8107.9678
3042.262 2609.542 -8510.6563
2370.344 2765.802 -8789.4404
1667.1741 2875.1841 -8936.5762
956.792 2932.8801 -8942.3838
270.45 2937.688 -8814.6084
-369.014 2894.416 -8568.7363
-936.358 2810.2761 -8222.1924
-1426.774 2692.48 -7796.272
-1829.4441 2547.0381 -7320.0161
5701.0859 647.878 -4508.9438
5616.9463 802.936 -5242.688
5459.4839 984.438 -5984.1758
5210.6699 1186.374 -6727.6001
4858.4839 1400.3301 -7441.9839
4396.916 1617.8921 -8102.1602
3834.3801 1828.2421 -8671.3438
3186.502 2018.1581 -9124.3682
2479.7261 2174.418 -9438.0
1729.678 2294.6179 -9596.752
974.822 2365.5361 -9604.4961
241.602 2391.98 -9459.2959
-435.124 2378.7581 -9178.5762
-1034.922 2324.668 -8787.5039
-1546.974 2240.5281 -8311.248
-1960.462 2134.752 -7782.7197
5794.8423 186.31 -4605.7441
5741.9541 277.662 -5368.5278
5612.1382 400.266 -6162.2881
5386.1621 549.314 -6959.9199
5047.1982 718.796 -7738.1919
4594.0439 900.298 -8460.3203
4027.9021 1083.0021 -9091.4561
3364.3979 1259.696 -9598.6875
2627.572 1418.36 -9952.9756
1849.8781 1549.3781 -10140.7676
1054.1541 1641.932 -10160.1279
282.47 1705.6381 -10012.9922
-435.124 1732.082 -9710.9756
-1069.78 1723.6681 -9288.9277
-1613.084 1686.406 -8770.0801
-2053.0161 1625.104 -8191.2158
5818.8823 -346.176 -4617.3599
5798.4482 -324.54 -5413.0562
5696.2783 -271.652 -6239.728
5493.1401 -187.512 -7083.8237
5173.4082 -73.322 -7908.5601
4731.0723 62.504 -8677.1523
4166.1318 207.946 -9350.8799
3494.2141 366.61 -9898.7676
2744.166 522.87 -10289.8398
1941.23 667.11 -10504.7363
1125.072 792.118 -10537.6475
324.54 894.288 -10388.5762
-419.498 970.014 -10078.8164
-1080.598 1019.296 -9635.4717
-1643.134 1042.134 -9091.4561
-2092.6821 1043.3361 -8487.4238
5770.8022 -881.066 -4507.0078
5781.6201 -942.368 -5296.896
5715.5103 -968.812 -6131.312
5548.4321 -957.994 -6985.0879
5259.9521 -914.722 -7838.8638
4847.666 -836.592 -8638.4316
4303.1602 -729.614 -9354.752
3649.272 -593.788 -9943.2959
2906.436 -448.346 -10375.0244
2101.0959 -290.884 -10628.6396
1270.514 -135.826 -10690.5918
454.356 8.414 -10570.5596
-312.52 138.23 -10276.2881
-998.862 248.814 -9838.752
-1585.438 340.166 -9290.8643
-2063.834 406.276 -8673.2803
5633.7739 -1450.8141 -4284.3682
5675.8442 -1591.448 -5058.7681
5645.7939 -1694.8201 -5877.6958
5514.7759 -1757.324 -6727.6001
5265.9619 -1775.354 -7577.5039
4886.1299 -1747.708 -8392.5596
4376.4819 -1680.396 -9124.3682
3746.634 -1569.812 -9738.0801
3024.2319 -1431.582 -10200.7842
2234.5181 -1263.302 -10485.376
1409.946 -1075.79 -10586.0479
590.182 -882.268 -10500.8643
-181.502 -692.352 -10239.5039
-878.662 -515.658 -9836.8164
-1484.47 -358.196 -9310.2236
-1978.4921 -223.572 -8712.0
5434.2422 -1944.8361 -3943.6321
5509.9683 -2158.792 -4665.7598
5518.3823 -2335.4861 -5440.1602
5434.2422 -2466.5042 -6253.2798
5237.1143 -2548.24 -7081.8882
4912.5742 -2573.4819 -7885.3281
4454.6123 -2543.4321 -8622.9443
3874.0461 -2458.0901 -9257.9521
3191.3101 -2325.8701 -9753.5684
2434.05 -2151.5801 -10084.624
1631.114 -1943.634 -10241.4404
818.562 -1716.4561 -10214.3359
40.868 -1478.4601 -10014.9277
-669.514 -1248.8781 -9664.5117
-1296.958 -1028.912 -9192.1279
-1817.4241 -831.784 -8630.6875
5158.9839 -2414.8181 -3504.1599
5268.3662 -2687.6721 -4166.272
5317.6479 -2922.062 -4880.6558
5282.79 -3107.1702 -5645.376
5142.1562 -3233.3801 -6431.3921
4874.1099 -3297.0862 -7211.6001
4475.0459 -3292.2781 -7937.6001
3949.772 -3221.3601 -8584.2236
3318.7222 -3091.5439 -9106.9443
2603.532 -2906.436 -9480.5918
1834.2521 -2676.854 -9691.6162
1048.144 -2419.626 -9734.208
276.46 -2143.166 -9606.4316
-438.73 -1867.9081 -9327.6484
-1074.588 -1604.67 -8926.8955
-1610.6801 -1360.6641 -8429.3438
4839.252 -2775.418 -2979.5039
4982.29 -3093.948 -3550.624
5078.4502 -3374.0142 -4191.4399
5101.2881 -3598.7881 -4884.5278
5025.562 -3763.4622 -5618.272
4829.6362 -3857.218 -6359.7598
4503.894 -3878.854 -7076.0801
4051.9421 -3823.562 -7730.4478
3484.5981 -3699.7561 -8286.0801
2825.9021 -3514.6479 -8713.9355
2098.6921 -3276.6521 -9000.4639
1336.624 -3003.7981 -9122.4316
576.96 -2704.5 -9085.6484
-141.836 -2400.394 -8893.9844
-793.32 -2102.2981 -8574.5439
-1354.6541 -1825.838 -8148.624
4476.248 -3079.5242 -2400.6399
4655.3462 -3436.5181 -2892.384
4798.3843 -3740.624 -3457.696
4878.918 -3989.438 -4084.96
4869.3022 -4167.334 -4766.4321
4746.6982 -4271.9082 -5476.9438
4494.2783 -4294.7461 -6175.8398
4112.042 -4241.8579 -6843.7598
3610.8081 -4118.0522 -7426.4961
3006.2021 -3926.9341 -7904.688
2325.8701 -3681.7261 -8249.2959
1596.256 -3400.458 -8450.6396
858.228 -3096.3521 -8495.168
147.846 -2782.6301 -8392.5596
-512.052 -2473.7161 -8156.3682
-1087.8101 -2182.832 -7811.7598
4091.6082 -3267.0361 -1788.864
4310.3721 -3633.646 -2189.616
4507.5 -3952.176 -2669.7439
4651.7402 -4209.4043 -3225.376
4715.4463 -4398.1182 -3854.5759
4673.376 -4509.9043 -4530.2397
4503.894 -4542.3579 -5223.3281
4202.1919 -4495.48 -5900.9277
3773.0781 -4376.4819 -6520.4478
3228.572 -4196.1821 -7052.8481
2592.7141 -3960.5901 -7476.832
1897.958 -3686.5342 -7757.5518
1175.556 -3387.2361 -7891.1357
467.578 -3079.5242 -7877.584
-201.936 -2773.0142 -7724.6401
-804.138 -2479.7261 -7453.6001
3697.3521 -3392.0439 -1177.088
3964.196 -3762.26 -1500.4
4215.4141 -4079.5881 -1908.896
4423.3599 -4334.4121 -2408.384
4560.3882 -4517.1162 -2993.0559
4591.6401 -4624.0942 -3645.488
4496.6821 -4652.9419 -4336.6401
4265.8979 -4607.2661 -5029.728
3899.2881 -4493.0762 -5682.1602
3408.8721 -4315.1802 -6266.832
2817.488 -4089.2041 -6748.896
2151.5801 -3825.9661 -7101.248
1449.6121 -3543.4961 -7312.272
748.846 -3251.4102 -7374.2241
75.726 -2960.5261 -7292.9121
-530.082 -2682.864 -7091.5679
3311.51 -3424.498 -584.672
3619.2222 -3785.0981 -828.608
3925.7322 -4096.416 -1167.408
4199.7881 -4345.23 -1610.752
4410.1382 -4526.7319 -2158.6399
4518.3179 -4631.3062 -2793.6479
4501.4902 -4662.5581 -3486.7361
4340.4219 -4620.4883 -4201.1201
4037.5181 -4514.7119 -4894.208
3602.394 -4352.4419 -5525.3437
3055.4841 -4146.8999 -6069.3599
2419.626 -3906.5 -6489.4722
1734.4861 -3644.4641 -6770.1919
1034.922 -3374.0142 -6903.7759
355.792 -3101.1602 -6886.3521
-266.844 -2837.9221 -6739.2158
2923.2642 -3407.6702 -3.872
3281.46 -3759.856 -181.984
3645.666 -4057.9521 -464.64
3985.832 -4293.5439 -867.328
4265.8979 -4463.0259 -1388.1119
4444.9961 -4560.3882 -2015.376
4493.0762 -4589.2358 -2716.208
4395.7139 -4550.772 -3453.824
4149.3042 -4455.814 -4181.7598
3758.6541 -4310.3721 -4859.3599
3247.804 -4122.8599 -5451.7759
2639.592 -3906.5 -5926.0962
1970.078 -3670.908 -6266.832
1278.928 -3428.104 -6450.752
601.0 -3182.896 -6487.5361
-21.636 -2943.698 -6392.6719
4666.1641 1379.896 -3550.624
4518.3179 1587.842 -4044.304
4319.9883 1803.0 -4530.2397
4068.77 2018.1581 -4998.752
3755.0481 2230.9121 -5438.2241
3386.0342 2429.2419 -5833.168
2961.728 2608.3401 -6175.8398
2494.1501 2759.792 -6446.8799
1992.916 2876.386 -6644.3521
1476.056 2952.1121 -6750.832
956.792 2986.97 -6772.1279
451.952 2980.96 -6712.1118
-24.04 2940.092 -6576.5918
-455.558 2863.1641 -6373.312
-840.198 2760.9941 -6117.7598
-1165.9401 2637.188 -5823.4878
4844.0601 1146.708 -3771.3279
4708.2339 1330.614 -4305.6641
4521.9243 1526.54 -4838.064
4271.9082 1730.88 -5356.9121
3954.5801 1935.2201 -5848.6558
3572.344 2132.3481 -6295.8721
3130.0081 2311.446 -6679.2002
2631.178 2466.5042 -6988.96
2099.894 2586.7041 -7205.792
1545.772 2674.45 -7327.7598
990.448 2720.126 -7349.0562
442.336 2723.7319 -7277.4238
-66.11 2691.2781 -7120.6079
-530.082 2625.168 -6886.3521
-939.964 2532.614 -6592.0801
-1288.5441 2417.2219 -6255.2158
4991.9062 865.44 -3959.1199
4871.7061 1021.7 -4541.856
4692.6079 1192.384 -5128.4639
4449.8042 1372.6841 -5699.584
4130.0723 1557.792 -6245.5361
3734.614 1742.9 -6743.0879
3268.238 1912.3821 -7172.8799
2747.772 2063.834 -7515.5518
2182.832 2182.832 -7757.5518
1593.8521 2274.1841 -7889.2002
997.66 2327.072 -7912.4321
419.498 2343.9001 -7829.1841
-123.806 2327.072 -7645.2642
-611.818 2276.5881 -7381.9678
-1043.3361 2202.064 -7048.9761
-1402.734 2107.106 -6671.4561
5102.4902 519.264 -4086.896
5002.7241 634.656 -4704.48
4842.8579 769.28 -5329.8081
4609.6699 920.732 -5947.3921
4297.1499 1080.598 -6543.6802
3901.6921 1246.474 -7089.6318
3428.104 1406.34 -7565.8882
2887.2041 1552.984 -7947.2798
2303.032 1675.588 -8218.3203
1682.8 1774.152 -8369.3281
1056.558 1845.0701 -8398.3682
441.134 1881.13 -8311.248
-131.018 1888.342 -8111.8398
-650.282 1865.504 -7823.376
-1104.6381 1819.828 -7459.4082
-1486.874 1750.1121 -7043.168
5167.3979 132.22 -4162.3999
5086.8643 200.734 -4814.832
4943.8262 289.682 -5476.9438
4725.062 396.66 -6140.9922
4418.5522 520.466 -6777.936
4026.7002 653.888 -7364.5439
3548.304 792.118 -7875.6479
2996.5859 929.146 -8291.8877
2388.374 1051.75 -8591.9678
1750.1121 1158.728 -8762.3359
1097.426 1245.272 -8799.1201
457.962 1302.968 -8706.1924
-141.836 1336.624 -8495.168
-681.534 1343.8361 -8183.4722
-1153.92 1330.614 -7794.3359
-1545.772 1299.3621 -7352.9277
5175.812 -311.318 -4152.7202
5122.9243 -299.298 -4812.896
5003.9263 -264.44 -5496.3042
4808.0 -204.34 -6185.52
4523.126 -121.402 -6855.376
4144.4961 -19.232 -7478.7681
3676.918 96.16 -8026.6558
3125.2 219.966 -8477.7441
2514.584 341.368 -8810.7363
1860.696 459.164 -9004.3359
1194.788 564.94 -9062.416
532.486 652.686 -8979.168
-87.746 723.604 -8770.0801
-650.282 775.29 -8452.5762
-1144.3041 806.542 -8051.8237
-1557.792 818.562 -7587.1841
5125.3281 -753.654 -4057.856
5094.0762 -804.138 -4729.6479
5002.7241 -826.976 -5422.7358
4830.8379 -820.966 -6119.6958
4566.3979 -784.906 -6806.9761
4209.4043 -721.2 -7449.728
3752.644 -635.858 -8024.7197
3212.946 -532.486 -8502.9121
2605.936 -418.296 -8859.1357
1949.644 -293.288 -9079.8398
1272.918 -167.078 -9155.3438
605.808 -51.686 -9089.5195
-27.646 56.494 -8890.1123
-604.606 151.452 -8582.2881
-1111.85 230.784 -8179.6001
-1534.954 290.884 -7718.832
5017.1479 -1203.202 -3870.064
5017.1479 -1312.584 -4516.688
4954.644 -1391.916 -5192.3521
4816.4141 -1438.7941 -5883.5039
4589.2358 -1450.8141 -6572.7197
4259.8882 -1426.774 -7227.0879
3836.7842 -1370.28 -7819.5039
3321.126 -1282.5341 -8318.9922
2734.55 -1173.152 -8704.2559
2092.6821 -1040.932 -8957.8721
1420.764 -896.692 -9070.1602
747.644 -751.25 -9035.3115
106.978 -604.606 -8866.8799
-482.002 -463.972 -8586.1602
-1007.276 -337.762 -8204.7676
-1453.218 -227.178 -7751.7441
4847.666 -1622.7001 -3595.1521
4872.9082 -1792.182 -4214.6719
4842.8579 -1926.806 -4863.2319
4738.2842 -2021.764 -5531.1519
4547.166 -2077.0562 -6206.8159
4257.4839 -2091.48 -6855.376
3866.834 -2060.228 -7453.6001
3386.0342 -1988.108 -7966.6401
2825.9021 -1881.13 -8373.2002
2209.2761 -1742.9 -8657.792
1556.5901 -1580.63 -8806.8643
891.884 -1403.936 -8812.6719
251.218 -1221.2321 -8686.832
-341.368 -1045.74 -8442.8955
-876.258 -876.258 -8098.2881
-1330.614 -724.806 -7680.1118
4626.498 -2000.1281 -3229.248
4684.1938 -2210.478 -3792.624
4692.6079 -2388.374 -4394.7202
4632.5083 -2525.4021 -5029.728
4489.4702 -2617.9561 -5676.3521
4249.0703 -2661.228 -6311.3599
3910.106 -2654.0161 -6907.6479
3473.78 -2595.1182 -7440.0479
2956.9202 -2496.554 -7871.7759
2371.5461 -2353.5161 -8195.0879
1745.3041 -2181.6301 -8388.6875
1096.224 -1988.108 -8448.7041
457.962 -1780.162 -8380.9443
-141.836 -1572.2161 -8189.2798
-686.342 -1370.28 -7896.9438
-1162.334 -1177.96 -7521.3599
4369.27 -2312.6479 -2805.2639
4458.2183 -2563.866 -3314.4319
4502.6919 -2777.822 -3870.064
4484.6621 -2948.5061 -4456.6719
4390.9062 -3068.7061 -5070.3838
4200.9902 -3134.8162 -5682.1602
3912.51 -3143.23 -6268.7681
3529.072 -3095.1501 -6806.9761
3054.282 -2998.99 -7263.8721
2509.7761 -2853.5481 -7618.1602
1912.3821 -2672.0461 -7862.0962
1287.342 -2465.302 -7976.3198
663.504 -2241.73 -7966.6401
66.11 -2012.1481 -7836.9277
-484.406 -1786.172 -7600.7358
-965.206 -1575.822 -7285.168
4075.9822 -2560.26 -2325.136
4199.7881 -2834.3162 -2768.48
4287.5342 -3071.1101 -3260.2239
4319.9883 -3262.228 -3798.4319
4281.5239 -3401.6602 -4373.4238
4152.9102 -3482.1941 -4961.9678
3924.53 -3505.032 -5544.7041
3596.384 -3470.1741 -6092.5918
3175.6841 -3377.6201 -6576.5918
2675.6521 -3236.9861 -6975.4082
2113.116 -3055.4841 -7269.6802
1509.712 -2843.9321 -7447.792
901.5 -2613.1479 -7503.936
307.712 -2372.748 -7441.9839
-250.016 -2133.55 -7271.6157
-748.846 -1903.968 -7008.3198
3763.4622 -2741.762 -1825.6479
3919.7222 -3039.8582 -2208.9761
4048.3362 -3294.6821 -2644.5759
4130.0723 -3497.8201 -3134.384
4145.6982 -3644.4641 -3672.592
4074.78 -3732.21 -4239.8398
3906.5 -3759.856 -4814.832
3637.252 -3726.2 -5370.4639
3268.238 -3633.646 -5875.7598
2812.6799 -3496.6182 -6311.3599
2285.002 -3316.3181 -6654.0317
1711.6481 -3105.968 -6888.2881
1117.86 -2875.1841 -7004.4478
533.688 -2638.3901 -7004.4478
-24.04 -2399.1921 -6894.0962
-528.88 -2170.812 -6688.8799
3432.9121 -2853.5481 -1314.5439
3630.04 -3151.644 -1628.176
3805.532 -3407.6702 -2007.632
3941.3582 -3616.8181 -2452.9119
4014.6802 -3769.4722 -2956.272
4006.2661 -3860.824 -3506.0959
3900.49 -3894.48 -4079.1521
3690.1401 -3865.6321 -4644.4639
3375.2161 -3785.0981 -5178.7998
2965.334 -3655.282 -5656.9922
2476.1201 -3487.002 -6051.936
1928.0081 -3287.47 -6344.272
1353.452 -3067.5042 -6520.4478
771.684 -2837.9221 -6582.3999
211.552 -2605.936 -6530.1279
-305.308 -2377.5562 -6377.1841
3107.1702 -2908.8401 -813.12
3341.5601 -3211.7441 -1070.608
3562.728 -3466.5681 -1397.792
3750.24 -3670.908 -1802.416
3881.2581 -3822.3601 -2278.6719
3930.54 -3913.7122 -2811.072
3882.46 -3946.166 -3382.1919
3724.998 -3923.3281 -3962.9919
3458.1541 -3848.804 -4520.5601
3090.342 -3727.4021 -5029.728
2635.9861 -3569.9402 -5467.2642
2114.3181 -3383.6301 -5804.1279
1555.3881 -3179.29 -6034.5122
985.64 -2965.334 -6148.7358
429.114 -2747.772 -6146.7998
-86.544 -2535.0181 -6042.2559
2788.6401 -2910.042 -336.864
3059.0901 -3202.1282 -534.336
3327.136 -3454.5481 -815.056
3566.334 -3656.4841 -1180.96
3753.8459 -3806.7341 -1633.984
3859.6221 -3898.0862 -2156.7041
3868.0361 -3936.55 -2731.696
3763.4622 -3920.9241 -3329.9199
3545.9001 -3856.0161 -3914.592
3218.9561 -3750.24 -4458.6079
2799.458 -3609.606 -4934.8638
2301.8301 -3441.3262 -5320.1279
1756.1221 -3253.814 -5596.9761
1192.384 -3055.4841 -5755.728
637.06 -2853.5481 -5800.2559
114.19 -2650.4102 -5736.3682
4216.6162 1171.9501 -3244.7361
4074.78 1334.22 -3674.5281
3892.0762 1503.702 -4098.5122
3663.696 1674.386 -4505.0718
3386.0342 1843.868 -4886.4639
3065.1001 2002.532 -5231.0718
2699.6921 2146.772 -5527.2798
2298.2241 2269.376 -5765.4082
1872.7161 2366.738 -5937.7119
1432.7841 2434.05 -6042.2559
988.044 2472.5142 -6073.2319
555.324 2478.5239 -6038.3838
141.836 2454.4841 -5937.7119
-236.794 2406.4041 -5780.896
-579.364 2335.4861 -5579.5518
-878.662 2245.3359 -5341.4238
4359.6543 970.014 -3424.7839
4222.626 1117.86 -3899.104
4043.5281 1271.7161 -4361.8081
3815.1479 1429.178 -4807.0879
3531.4761 1589.0441 -5229.1357
3197.3201 1741.698 -5610.5278
2815.084 1881.13 -5937.7119
2389.5759 2001.3301 -6204.8799
1940.0281 2098.6921 -6392.6719
1470.046 2168.408 -6504.96
997.66 2211.6799 -6539.8081
534.89 2227.3062 -6495.2798
98.564 2211.6799 -6379.1201
-302.904 2172.0142 -6199.0718
-663.504 2110.7122 -5968.688
-973.62 2033.7841 -5703.4561
4476.248 723.604 -3571.9199
4353.644 842.602 -4073.344
4184.1621 973.62 -4572.832
3961.792 1111.85 -5052.96
3679.322 1254.8881 -5515.6641
3339.156 1396.724 -5933.8398
2943.698 1530.146 -6299.7441
2506.1702 1649.144 -6592.0801
2033.7841 1748.91 -6806.9761
1539.7621 1825.838 -6930.8799
1039.73 1878.7261 -6971.5361
551.718 1903.968 -6925.0718
86.544 1901.5641 -6795.3599
-337.762 1876.322 -6599.8237
-719.998 1829.4441 -6344.272
-1049.3461 1764.536 -6044.1919
4566.3979 435.124 -3682.272
4453.4102 524.072 -4216.6079
4294.7461 625.04 -4747.0718
4077.1841 738.028 -5267.856
3795.916 859.43 -5765.4082
3452.144 984.438 -6218.4321
3048.272 1105.84 -6615.312
2592.7141 1220.03 -6932.8159
2105.9041 1318.594 -7167.0718
1589.0441 1401.532 -7304.5278
1067.376 1462.834 -7347.1201
552.92 1501.298 -7292.9121
68.514 1518.126 -7155.4561
-375.024 1512.116 -6940.5601
-770.482 1486.874 -6663.7119
-1109.446 1448.41 -6340.3999
4613.2759 111.786 -3732.6079
4520.7222 158.664 -4280.4961
4376.4819 224.774 -4838.064
4173.3442 304.106 -5384.0161
3904.0962 396.66 -5916.416
3567.5361 497.628 -6398.48
3164.866 603.404 -6826.3359
2705.7021 709.18 -7176.752
2204.468 810.148 -7434.2397
1675.588 899.096 -7591.0562
1134.688 972.418 -7645.2642
603.404 1030.114 -7598.7998
94.958 1068.578 -7455.5361
-367.812 1085.406 -7232.896
-783.704 1087.8101 -6938.624
-1140.698 1073.386 -6595.9521
4613.2759 -252.42 -3724.864
4538.752 -247.612 -4292.1118
4412.542 -223.572 -4863.2319
4225.0303 -179.098 -5434.3521
3969.0042 -116.594 -5984.1758
3639.656 -40.868 -6495.2798
3244.198 45.676 -6944.4321
2785.0339 141.836 -7318.0801
2277.79 240.4 -7592.9922
1738.092 336.56 -7769.168
1188.7781 420.7 -7836.9277
643.07 498.83 -7790.4639
122.604 561.334 -7651.0718
-355.792 611.818 -7422.624
-781.3 646.676 -7124.48
-1146.708 667.11 -6776.0
4573.6099 -610.616 -3641.616
4520.7222 -652.686 -4203.0562
4417.3501 -673.12 -4779.9839
4252.6763 -670.716 -5354.9761
4015.8821 -645.474 -5918.3521
3706.968 -597.394 -6443.0078
3323.53 -532.486 -6915.3921
2876.386 -451.952 -7310.3359
2378.7581 -359.398 -7610.416
1840.2621 -260.834 -7807.8882
1283.7361 -159.866 -7898.8799
730.816 -63.706 -7875.6479
198.33 25.242 -7744.0
-292.086 103.372 -7525.2319
-733.22 173.088 -7230.96
-1115.4561 227.178 -6880.5439
4477.4502 -990.448 -3490.6079
4446.1982 -1079.396 -4044.304
4368.0679 -1143.1021 -4613.4878
4227.4341 -1181.566 -5186.5439
4013.478 -1191.182 -5747.9839
3724.998 -1171.9501 -6280.3838
3363.196 -1127.4761 -6764.3838
2932.8801 -1058.962 -7176.752
2448.4741 -971.216 -7494.2559
1919.594 -866.642 -7714.96
1367.876 -750.048 -7825.312
814.956 -629.848 -7823.376
282.47 -512.052 -7718.832
-213.956 -399.064 -7521.3599
-664.706 -296.894 -7238.7041
-1054.1541 -205.542 -6903.7759
4348.8359 -1322.2001 -3267.968
4342.8262 -1455.6221 -3788.752
4291.1401 -1561.3981 -4334.7041
4178.1519 -1635.922 -4890.3359
3999.054 -1680.396 -5445.9678
3745.4321 -1687.608 -5978.3682
3413.6802 -1665.972 -6468.1758
3011.01 -1609.478 -6894.0962
2550.644 -1527.7421 -7236.7681
2039.7941 -1423.168 -7484.5762
1501.298 -1301.766 -7625.9038
951.984 -1165.9401 -7658.8159
415.892 -1025.306 -7583.312
-86.544 -888.278 -7418.752
-548.112 -754.856 -7165.1357
-951.984 -633.454 -6847.6318
4163.728 -1653.952 -2975.6321
4184.1621 -1824.636 -3467.376
4160.1221 -1964.068 -3984.2881
4083.1941 -2069.844 -4516.688
3937.752 -2140.762 -5052.96
3720.1902 -2169.6101 -5579.5518
3423.2961 -2162.3979 -6071.2959
3053.0801 -2115.52 -6506.896
2620.3601 -2036.188 -6866.9922
2134.752 -1925.604 -7139.9678
1616.6901 -1792.182 -7314.208
1083.0021 -1641.932 -7381.9678
551.718 -1482.066 -7347.1201
48.08 -1320.998 -7215.4722
-414.69 -1163.536 -7002.5117
-823.37 -1015.69 -6721.792
3959.3882 -1911.1801 -2631.0239
4007.468 -2111.9141 -3074.3679
4017.084 -2281.396 -3550.624
3978.6201 -2414.8181 -4052.0481
3875.248 -2509.7761 -4567.0239
3698.554 -2561.4622 -5076.1919
3444.9321 -2567.4722 -5564.064
3116.7861 -2532.614 -6011.2798
2720.126 -2459.292 -6392.6719
2266.9719 -2349.9102 -6696.624
1770.546 -2214.084 -6905.7119
1251.282 -2055.4199 -7018.0
728.412 -1885.938 -7029.6157
225.976 -1710.446 -6946.3682
-245.208 -1534.954 -6774.064
-667.11 -1366.6741 -6534.0
3718.988 -2138.3582 -2243.824
3797.1182 -2361.9299 -2644.5759
3841.592 -2551.8459 -3082.1121
3840.3901 -2702.0959 -3548.688
3777.886 -2811.478 -4038.4961
3645.666 -2875.1841 -4534.1118
3436.5181 -2892.012 -5016.1758
3149.24 -2863.1641 -5473.0718
2792.2461 -2793.448 -5871.8882
2369.1421 -2685.2681 -6202.9438
1900.3621 -2545.8359 -6448.8159
1399.1281 -2384.7681 -6605.6318
891.884 -2206.8721 -6661.7759
395.458 -2022.9661 -6623.0562
-76.928 -1836.656 -6501.0879
-500.032 -1657.558 -6303.6157
3466.5681 -2298.2241 -1833.392
3575.95 -2536.22 -2179.936
3657.686 -2740.5601 -2571.0081
3696.1501 -2904.032 -2998.864
3681.7261 -3026.636 -3463.5039
3597.5862 -3099.958 -3939.76
3436.5181 -3126.4021 -4421.8242
3196.1182 -3105.968 -4882.5918
2881.1941 -3041.0601 -5298.832
2495.3521 -2938.8901 -5662.7998
2054.218 -2804.2661 -5951.2642
1577.024 -2644.4001 -6150.6719
1080.598 -2467.7061 -6255.2158
590.182 -2282.5981 -6266.832
117.796 -2095.0859 -6191.3281
-318.53 -1908.776 -6034.5122
3197.3201 -2412.4141 -1409.408
3337.9541 -2661.228 -1709.488
3458.1541 -2873.9819 -2059.9041
3538.688 -3045.8682 -2454.8479
3567.5361 -3170.876 -2892.384
3531.4761 -3250.208 -3360.896
3416.084 -3280.2581 -3839.0879
3220.158 -3264.6321 -4307.6001
2943.698 -3205.7341 -4745.1357
2593.916 -3108.3721 -5136.208
2182.832 -2978.5562 -5457.584
1723.6681 -2823.498 -5699.584
1245.272 -2651.6121 -5846.7197
763.27 -2471.312 -5902.8638
294.49 -2286.2041 -5871.8882
-139.432 -2104.7021 -5761.5361
2929.2742 -2473.7161 -993.168
3102.3621 -2723.7319 -1242.912
3259.824 -2938.8901 -1548.8
3384.832 -3113.1802 -1910.832
3460.5581 -3244.198 -2327.072
3471.376 -3325.9341 -2780.0959
3404.064 -3363.196 -3258.2881
3251.4102 -3354.782 -3736.48
3017.02 -3303.0959 -4195.312
2702.0959 -3216.552 -4613.4878
2319.8601 -3096.3521 -4969.7119
1885.938 -2952.1121 -5248.4961
1420.764 -2791.0439 -5442.0962
944.772 -2619.158 -5542.7681
478.396 -2441.262 -5548.5762
37.262 -2264.5681 -5475.0078
2651.6121 -2498.958 -576.928
2858.356 -2750.176 -786.016
3054.282 -2965.334 -1055.12
3218.9561 -3139.624 -1390.048
3340.3582 -3268.238 -1784.9919
3396.8521 -3352.3782 -2230.272
3374.0142 -3393.2461 -2706.5281
3265.834 -3389.6401 -3196.3359
3067.5042 -3346.3682 -3672.592
2785.0339 -3267.0361 -4117.8721
2431.646 -3158.856 -4503.1357
2019.36 -3026.636 -4814.832
1569.812 -2876.386 -5045.2158
1104.6381 -2717.7222 -5180.7358
643.07 -2551.8459 -5225.2642
206.744 -2385.97 -5186.5439
3804.3301 988.044 -2952.3999
3667.302 1121.4661 -3333.792
3495.416 1258.494 -3707.4399
3288.6721 1394.3201 -4061.728
3041.0601 1528.944 -4392.7842
2759.792 1656.3561 -4690.9277
2442.4641 1769.344 -4948.416
2096.2881 1865.504 -5157.5039
1729.678 1944.8361 -5314.3198
1352.25 2002.532 -5409.1841
973.62 2038.592 -5449.8398
599.798 2048.208 -5430.48
244.006 2038.592 -5358.8481
-86.544 2008.542 -5238.8159
-389.448 1959.26 -5078.1279
-655.09 1896.756 -4888.3999
3919.7222 805.34 -3099.5359
3789.906 920.732 -3508.032
3624.03 1040.932 -3906.8479
3417.2861 1165.9401 -4290.1758
3168.4722 1292.15 -4650.272
2877.5881 1413.552 -4977.4561
2550.644 1524.136 -5260.1118
2187.6401 1623.902 -5492.4321
1804.202 1703.234 -5662.7998
1407.542 1765.738 -5767.3437
1007.276 1806.6061 -5809.936
610.616 1825.838 -5788.6401
233.188 1823.4341 -5707.3281
-115.392 1801.798 -5573.7441
-435.124 1760.9301 -5393.6958
-717.594 1708.042 -5180.7358
4008.6702 594.99 -3219.5679
3884.864 688.746 -3655.168
3723.7961 792.118 -4084.96
3520.658 897.894 -4497.3281
3269.4399 1006.074 -4888.3999
2972.5461 1116.6581 -5244.624
2633.582 1218.828 -5554.3838
2260.9622 1312.584 -5802.1919
1861.8981 1393.118 -5988.0479
1446.006 1458.026 -6106.144
1024.104 1503.702 -6146.7998
610.616 1530.146 -6123.5679
215.158 1536.156 -6032.5762
-150.25 1525.338 -5885.4399
-483.204 1498.894 -5687.9678
-774.088 1456.824 -5455.6479
4073.5781 346.176 -3300.8799
3961.792 412.286 -3753.9041
3811.542 489.214 -4203.0562
3615.616 576.96 -4642.5278
3370.408 668.312 -5060.7041
3073.5142 764.472 -5440.1602
2732.146 859.43 -5773.1519
2349.9102 951.984 -6046.1279
1941.23 1031.316 -6249.4082
1508.51 1102.234 -6377.1841
1072.184 1156.324 -6427.52
639.464 1194.788 -6406.2241
228.38 1216.4241 -6309.4238
-155.058 1221.2321 -6154.5439
-502.436 1210.4141 -5945.4561
-807.744 1187.576 -5693.7759
4103.6279 78.13 -3341.5359
4005.064 112.988 -3811.9839
3864.4302 161.068 -4284.3682
3676.918 219.966 -4741.2642
3435.3162 290.884 -5182.6719
3144.4321 369.014 -5581.4878
2803.064 450.75 -5937.7119
2416.02 533.688 -6228.1118
1997.724 611.818 -6448.8159
1557.792 683.938 -6590.144
1107.042 745.24 -6648.2241
661.1 793.32 -6626.9277
234.39 829.38 -6530.1279
-158.664 852.218 -6369.4399
-516.86 863.036 -6146.7998
-829.38 860.632 -5889.312
4103.6279 -218.764 -3327.9839
4021.8921 -219.966 -3802.304
3896.884 -204.34 -4282.4321
3722.594 -173.088 -4756.752
3495.416 -127.412 -5211.7119
3214.1479 -67.312 -5631.8237
2879.9919 0.0 -6003.5361
2496.554 74.524 -6315.2319
2077.0562 151.452 -6555.2959
1632.316 228.38 -6712.1118
1176.7581 299.298 -6783.7441
719.998 365.408 -6774.064
283.672 420.7 -6681.1357
-123.806 463.972 -6522.3838
-495.224 496.426 -6299.7441
-820.966 518.062 -6032.5762
4063.9622 -516.86 -3262.1599
3996.6501 -555.324 -3740.3521
3887.2681 -573.354 -4224.3521
3731.0081 -572.152 -4702.5439
3517.052 -554.122 -5165.248
3249.0061 -520.466 -5596.9761
2922.062 -469.982 -5986.1118
2548.24 -406.276 -6311.3599
2134.752 -334.156 -6566.9121
1688.8101 -253.622 -6739.2158
1229.646 -173.088 -6826.3359
770.482 -96.16 -6826.3359
328.146 -20.434 -6746.96
-85.342 44.474 -6594.0161
-465.174 104.574 -6377.1841
-796.926 151.452 -6113.8882
3988.2361 -822.168 -3132.448
3942.5601 -894.288 -3597.0879
3854.814 -947.176 -4073.344
3718.988 -977.226 -4545.728
3529.072 -984.438 -5012.3042
3280.2581 -968.812 -5453.7119
2974.95 -935.156 -5850.5918
2616.7542 -879.864 -6193.2642
2215.2861 -811.35 -6464.3042
1780.162 -729.614 -6657.9038
1324.604 -641.868 -6766.3198
864.238 -549.314 -6785.6802
418.296 -455.558 -6723.728
-3.606 -366.61 -6588.208
-393.054 -284.874 -6384.9277
-738.028 -209.148 -6129.376
3876.45 -1107.042 -2952.3999
3847.6021 -1215.222 -3403.488
3780.29 -1300.564 -3862.3201
3667.302 -1361.866 -4328.896
3500.2241 -1396.724 -4789.6641
3276.6521 -1401.532 -5227.2002
2990.5762 -1382.3 -5631.8237
2652.814 -1337.826 -5984.1758
2268.1741 -1271.7161 -6268.7681
1846.272 -1187.576 -6481.728
1401.532 -1091.416 -6611.4399
947.176 -985.64 -6657.9038
502.436 -875.056 -6617.248
80.534 -766.876 -6504.96
-313.722 -662.302 -6321.04
-661.1 -566.142 -6086.7842
3731.0081 -1372.6841 -2716.208
3727.4021 -1507.308 -3134.384
3687.7361 -1617.8921 -3571.9199
3603.5959 -1702.032 -4019.136
3467.77 -1757.324 -4468.2881
3274.248 -1781.364 -4903.8882
3018.2222 -1776.556 -5310.4478
2706.9041 -1740.496 -5674.416
2347.5061 -1680.396 -5976.4321
1943.634 -1596.256 -6210.688
1514.52 -1496.49 -6367.5039
1070.9821 -1381.098 -6441.0718
626.242 -1257.292 -6433.3281
201.936 -1133.486 -6348.144
-194.724 -1010.882 -6195.2002
-554.122 -893.086 -5982.2397
3561.5261 -1598.66 -2435.488
3580.7581 -1760.9301 -2826.5601
3567.5361 -1895.5541 -3238.928
3512.2441 -2001.3301 -3664.8479
3405.2661 -2073.45 -4096.5762
3244.198 -2113.116 -4524.4321
3020.626 -2119.126 -4930.9922
2738.156 -2092.6821 -5298.832
2404.0 -2036.188 -5618.272
2024.1681 -1953.25 -5873.8237
1610.6801 -1848.676 -6055.8081
1180.364 -1728.4761 -6158.416
746.442 -1597.458 -6183.584
324.54 -1461.6321 -6131.312
-74.524 -1323.402 -6005.4722
-433.922 -1193.5861 -5825.4238
3370.408 -1784.9701 -2121.856
3416.084 -1965.27 -2472.272
3432.9121 -2117.9241 -2851.728
3410.074 -2239.3259 -3254.416
3339.156 -2328.2739 -3666.7839
3212.946 -2379.96 -4083.0239
3025.4341 -2397.99 -4485.7119
2777.822 -2378.7581 -4863.2319
2474.918 -2327.072 -5198.1602
2122.7319 -2246.5381 -5476.9438
1732.082 -2143.166 -5691.8398
1313.786 -2019.36 -5827.3599
890.682 -1883.5341 -5887.376
472.386 -1740.496 -5869.9521
70.918 -1595.0541 -5782.832
-298.096 -1453.218 -5637.6318
3161.26 -1932.816 -1784.9919
3232.178 -2128.7419 -2100.5601
3279.0562 -2294.6179 -2449.04
3288.6721 -2430.4441 -2820.752
3252.6121 -2529.0081 -3215.696
3161.26 -2590.3101 -3622.2559
3011.01 -2615.552 -4023.0081
2797.054 -2603.532 -4406.3359
2526.604 -2557.856 -4752.8799
2199.6602 -2479.7261 -5052.96
1829.4441 -2376.354 -5293.0239
1431.582 -2254.9521 -5463.3921
1019.296 -2117.9241 -5558.2559
609.414 -1973.6841 -5579.5518
211.552 -1825.838 -5527.2798
-156.26 -1680.396 -5413.0562
2941.2939 -2037.39 -1436.512
3041.0601 -2241.73 -1709.488
3117.988 -2417.2219 -2025.056
3164.866 -2559.0581 -2371.6001
3166.0681 -2666.0361 -2747.1841
3114.3821 -2733.3481 -3144.064
3001.394 -2764.6001 -3542.8799
2825.9021 -2758.5901 -3932.0159
2587.906 -2718.9241 -4295.9839
2291.012 -2648.0061 -4619.2959
1944.8361 -2550.644 -4888.3999
1563.802 -2432.8481 -5089.7441
1164.738 -2300.6279 -5221.3921
760.866 -2157.5901 -5277.5361
365.408 -2010.946 -5262.0479
-8.414 -1863.1 -5178.7998
2712.9141 -2105.9041 -1084.16
2840.3262 -2317.4561 -1324.224
2949.708 -2498.958 -1606.88
3029.04 -2644.4001 -1926.3199
3067.5042 -2756.186 -2284.48
3051.8782 -2829.5081 -2671.6799
2976.1521 -2865.5681 -3068.5601
2833.114 -2865.5681 -3463.5039
2627.572 -2831.9121 -3841.0239
2359.5261 -2767.0042 -4181.7598
2037.39 -2676.854 -4476.0317
1676.79 -2566.27 -4708.3521
1289.746 -2440.0601 -4870.9761
895.49 -2304.2341 -4958.0962
504.84 -2161.196 -4973.584
135.826 -2019.36 -4925.1841
2486.938 -2143.166 -743.424
2639.592 -2352.314 -942.832
2781.428 -2535.0181 -1192.576
2894.416 -2684.0662 -1490.72
2968.9399 -2799.458 -1831.4559
2992.98 -2876.386 -2210.9121
2953.314 -2918.4561 -2607.792
2846.3359 -2924.4661 -3012.416
2670.844 -2896.8201 -3403.488
2431.646 -2840.3262 -3765.52
2134.752 -2759.792 -4081.0879
1792.182 -2657.6221 -4340.5122
1418.36 -2539.8259 -4532.1758
1031.316 -2411.2122 -4650.272
645.474 -2276.5881 -4696.7358
274.056 -2138.3582 -4675.4399
3452.144 843.804 -2687.168
3324.7322 949.58 -3022.0959
3167.27 1058.962 -3347.344
2980.96 1169.546 -3657.104
2762.196 1277.7261 -3947.5039
2514.584 1378.694 -4204.9922
2238.124 1470.046 -4429.5679
1938.826 1550.5801 -4615.4238
1623.902 1617.8921 -4756.752
1300.564 1669.578 -4849.6802
973.62 1704.436 -4890.3359
650.282 1718.86 -4888.3999
338.964 1717.6581 -4838.064
49.282 1700.8301 -4749.0078
-221.168 1667.1741 -4623.168
-462.77 1622.7001 -4470.2241
3538.688 685.14 -2805.2639
3412.478 778.896 -3165.3599
3258.6221 875.056 -3513.8401
3071.1101 974.822 -3846.832
2848.74 1073.386 -4160.4639
2593.916 1169.546 -4441.1841
2310.2441 1256.09 -4687.0562
1997.724 1335.422 -4890.3359
1669.578 1401.532 -5039.4082
1328.2101 1454.42 -5138.144
986.842 1491.682 -5184.6079
646.676 1510.9141 -5176.8638
322.136 1515.722 -5122.6558
18.03 1504.9041 -5021.9839
-263.238 1480.864 -4882.5918
-512.052 1446.006 -4714.1602
3610.8081 506.042 -2900.1279
3493.012 578.162 -3273.7759
3343.9641 657.494 -3645.488
3160.0581 741.634 -3995.9041
2938.8901 828.178 -4332.7681
2681.6621 915.924 -4634.7842
2389.5759 998.862 -4900.0161
2072.248 1074.588 -5116.8481
1733.2841 1140.698 -5283.3437
1381.098 1195.99 -5391.7598
1021.7 1238.0601 -5442.0962
668.312 1263.302 -5438.2241
328.146 1275.322 -5376.272
9.616 1274.12 -5269.792
-284.874 1258.494 -5118.7842
-546.91 1233.2521 -4936.7998
3656.4841 299.298 -2964.0159
3545.9001 350.984 -3360.896
3401.6602 411.084 -3746.1599
3222.562 477.194 -4119.8081
3002.5959 546.91 -4474.0962
2745.3682 623.838 -4795.4722
2450.8779 697.16 -5078.1279
2125.136 769.28 -5312.3838
1778.9601 834.188 -5488.5601
1414.754 893.086 -5606.6558
1044.538 938.762 -5660.8638
679.13 972.418 -5656.9922
326.944 995.256 -5593.104
-1.202 1004.872 -5478.8799
-304.106 1003.67 -5320.1279
-572.152 992.852 -5126.5278
3680.5242 75.726 -2991.1199
3583.1621 99.766 -3393.8079
3448.5381 135.826 -3794.5601
3277.854 180.3 -4181.7598
3065.1001 233.188 -4551.5361
2813.8821 294.49 -4890.3359
2521.7961 356.994 -5190.416
2194.8521 424.306 -5438.2241
1843.868 488.012 -5627.9521
1474.854 545.708 -5759.6001
1095.022 598.596 -5823.4878
718.796 641.868 -5825.4238
355.792 677.928 -5763.4722
16.828 699.564 -5649.248
-298.096 713.988 -5484.688
-579.364 717.594 -5281.4082
3672.1101 -173.088 -2979.5039
3584.364 -176.694 -3389.936
3462.9622 -165.876 -3800.3679
3301.894 -143.038 -4197.248
3098.7561 -108.18 -4578.6401
2852.3459 -62.504 -4930.9922
2565.0681 -12.02 -5240.752
2241.73 46.878 -5505.9839
1889.5441 109.382 -5709.2642
1515.722 171.886 -5850.5918
1133.486 228.38 -5922.2241
750.048 282.47 -5929.9678
381.034 330.55 -5871.8882
33.656 371.418 -5759.6001
-287.278 402.67 -5595.04
-572.152 427.912 -5391.7598
3640.8582 -413.488 -2921.4241
3568.738 -445.942 -3326.0481
3460.5581 -463.972 -3734.5439
3315.116 -465.174 -4135.2959
3125.2 -451.952 -4524.4321
2893.2141 -425.508 -4886.4639
2615.552 -387.044 -5211.7119
2300.6279 -337.762 -5484.688
1954.452 -281.268 -5703.4561
1583.0341 -217.562 -5858.3359
1198.394 -153.856 -5945.4561
813.754 -90.15 -5966.752
438.73 -30.05 -5920.2881
84.14 25.242 -5813.8081
-246.41 74.524 -5655.0562
-540.9 114.19 -5453.7119
3572.344 -670.716 -2818.8159
3513.446 -733.22 -3219.5679
3420.8921 -777.694 -3622.2559
3291.0762 -804.138 -4021.072
3119.1899 -811.35 -4410.208
2900.426 -800.532 -4776.1118
2637.188 -774.088 -5109.104
2333.082 -732.018 -5393.6958
1996.5221 -679.13 -5624.0801
1632.316 -614.222 -5792.5122
1252.484 -542.102 -5893.1841
867.844 -466.376 -5928.0317
492.82 -393.054 -5897.0562
135.826 -318.53 -5802.1919
-198.33 -251.218 -5653.1201
-496.426 -189.916 -5463.3921
3483.396 -897.894 -2669.7439
3442.5281 -985.64 -3051.136
3370.408 -1054.1541 -3444.144
3262.228 -1103.436 -3835.2161
3108.3721 -1132.2841 -4220.48
2910.042 -1138.2941 -4586.3838
2667.238 -1125.072 -4925.1841
2379.96 -1091.416 -5221.3921
2057.824 -1043.3361 -5465.3281
1705.6381 -979.63 -5649.248
1334.22 -906.308 -5771.2158
951.984 -825.774 -5821.5518
576.96 -740.432 -5808.0
218.764 -653.888 -5732.4961
-122.604 -570.95 -5600.8481
-430.316 -494.022 -5422.7358
3358.3879 -1128.678 -2480.0159
3335.55 -1241.666 -2843.9839
3282.6621 -1334.22 -3221.5039
3194.916 -1402.734 -3600.96
3063.8979 -1447.208 -3978.48
2889.6082 -1467.642 -4344.3838
2666.0361 -1464.036 -4681.248
2399.1921 -1437.592 -4985.2002
2095.0859 -1391.916 -5238.8159
1757.324 -1327.0081 -5440.1602
1396.724 -1248.8781 -5579.5518
1027.71 -1159.9301 -5653.1201
656.292 -1062.568 -5658.9277
296.894 -965.206 -5604.7197
-42.07 -867.844 -5494.3682
-349.782 -774.088 -5337.5518
3221.3601 -1313.786 -2253.5039
3220.158 -1444.8041 -2590.3679
3191.3101 -1556.5901 -2946.592
3127.604 -1643.134 -3308.624
3023.03 -1705.6381 -3674.5281
2873.9819 -1738.092 -4032.688
2678.0562 -1747.708 -4369.5518
2435.252 -1729.678 -4681.248
2153.9841 -1687.608 -4948.416
1834.2521 -1627.5081 -5167.1841
1489.2781 -1548.176 -5327.8721
1128.678 -1455.6221 -5424.6719
763.27 -1355.8561 -5457.584
406.276 -1250.0801 -5430.48
63.706 -1143.1021 -5343.3599
-250.016 -1038.5281 -5207.8398
3056.686 -1486.874 -1996.016
3075.918 -1637.124 -2311.584
3071.1101 -1762.1321 -2642.6399
3032.646 -1861.8981 -2987.248
2955.718 -1935.2201 -3341.5359
2834.3162 -1979.6941 -3691.9519
2664.834 -1996.5221 -4030.752
2448.4741 -1983.3 -4344.3838
2190.0439 -1946.0381 -4623.168
1889.5441 -1884.7361 -4857.4238
1560.196 -1806.6061 -5037.4722
1212.818 -1711.6481 -5157.5039
858.228 -1605.8721 -5217.52
507.244 -1494.0861 -5215.584
167.078 -1379.896 -5155.5679
-145.442 -1266.9081 -5047.1519
2884.8 -1614.286 -1721.104
2925.668 -1775.354 -2001.824
2946.1021 -1913.584 -2307.7119
2936.4861 -2025.37 -2631.0239
2888.406 -2109.51 -2967.8879
2797.054 -2162.3979 -3310.5601
2658.824 -2186.438 -3647.4241
2471.312 -2181.6301 -3968.8
2238.124 -2149.176 -4257.2642
1961.6641 -2093.884 -4510.8799
1651.548 -2018.1581 -4712.2241
1318.594 -1925.604 -4859.3599
972.418 -1819.828 -4946.48
627.444 -1708.042 -4971.6479
289.682 -1591.448 -4940.6719
-30.05 -1473.652 -4855.4878
2698.49 -1716.4561 -1432.64
2763.3979 -1889.5441 -1686.256
2810.2761 -2036.188 -1966.976
2827.104 -2155.186 -2270.928
2807.8721 -2245.3359 -2594.24
2746.5701 -2304.2341 -2927.2319
2635.9861 -2334.2839 -3262.1599
2476.1201 -2334.2839 -3587.408
2269.376 -2307.8401 -3887.488
2014.552 -2256.1541 -4156.5918
1723.6681 -2182.832 -4379.2319
1403.936 -2091.48 -4547.6641
1070.9821 -1988.108 -4659.9521
733.22 -1876.322 -4714.1602
400.266 -1759.728 -4708.3521
86.544 -1641.932 -4652.208
2509.7761 -1782.566 -1144.176
2597.522 -1959.26 -1362.944
2669.6421 -2111.9141 -1616.5599
2715.3181 -2236.9221 -1899.2159
2727.3381 -2333.082 -2208.9761
2696.0859 -2399.1921 -2534.2239
2616.7542 -2435.252 -2867.2161
2485.7361 -2441.262 -3196.3359
2305.436 -2419.626 -3508.032
2074.6521 -2373.95 -3790.688
1804.202 -2307.8401 -4034.624
1502.5 -2222.498 -4226.2881
1179.162 -2123.9341 -4363.7441
848.612 -2016.9561 -4443.1201
519.264 -1901.5641 -4464.416
204.34 -1786.172 -4431.5039
2309.042 -1825.838 -849.904
2420.8281 -2007.3401 -1041.568
2519.3921 -2162.3979 -1270.016
2592.7141 -2289.8101 -1533.312
2633.582 -2390.7781 -1827.584
2632.3801 -2459.292 -2147.0239
2581.896 -2500.1602 -2478.0801
2479.7261 -2512.1799 -2813.0081
2323.4661 -2496.554 -3134.384
2116.7219 -2456.8879 -3432.5281
1865.504 -2395.5859 -3690.0159
1580.63 -2318.658 -3902.9761
1270.514 -2226.104 -4063.6641
950.782 -2123.9341 -4166.272
627.444 -2014.552 -4212.7358
317.328 -1902.766 -4203.0562
