# vtk DataFile Version 3.0
Magnetic Field Scan Structured
ASCII
DATASET STRUCTURED_POINTS
DIMENSIONS 17 21 7
ORIGIN 108.0 136.0 -30.0
SPACING 5.0 5.0 5.0
POINT_DATA 2499
SCALARS B_Magnitude double 1
LOOKUP_TABLE default
63161.432268
65564.877448
63712.181876
61457.529216
57526.084730
51863.239957
0.000000
0.000000
0.000000
0.000000
0.000000
43613.362625
48747.427737
55447.304128
60546.282681
64918.116102
63190.759939
61460.552876
63266.087277
62903.318473
60856.461539
57615.754655
53622.438330
0.000000
0.000000
0.000000
0.000000
0.000000
44051.794742
48918.837356
54264.426744
60281.137381
62046.337731
62328.303078
60568.327669
62861.356976
63364.980971
62921.034672
59120.819752
56044.445038
0.000000
0.000000
0.000000
0.000000
0.000000
48363.101508
51234.270624
57395.131762
59768.204800
62472.353579
61809.947989
64282.400411
65079.477566
66173.300361
65050.319457
63087.920486
60936.639421
0.000000
0.000000
0.000000
0.000000
0.000000
52321.508141
56469.791441
59581.933875
64210.793394
62903.862767
64979.852588
65365.199784
66732.090055
66557.007341
66438.294477
64219.063292
63062.898540
0.000000
0.000000
0.000000
0.000000
0.000000
58576.875243
58924.271953
62843.159746
63682.059768
66642.203838
65134.437809
65906.056738
65848.173049
66178.643866
64347.231221
63026.979202
61291.652265
0.000000
0.000000
0.000000
0.000000
0.000000
56010.984146
58827.254009
60764.894702
64929.554030
63770.763906
65709.425364
65450.725974
65857.975370
64436.165721
63661.752065
61142.084793
60005.458715
0.000000
0.000000
0.000000
0.000000
0.000000
58545.843852
58547.782406
61863.801674
62837.293077
66375.948795
65343.555381
63712.682711
62923.392586
62519.746390
59852.600133
58094.768338
56036.444448
0.000000
0.000000
0.000000
0.000000
0.000000
53694.842014
56362.331984
58244.397769
62521.872121
61886.228133
64236.763239
60524.706030
60751.496757
59121.403596
57932.669233
55142.452745
53564.909816
0.000000
0.000000
0.000000
0.000000
0.000000
54206.291835
54427.473857
57740.040674
58854.386577
62506.661683
62015.380073
56083.667617
55723.669937
55429.916319
52876.630750
51171.913175
49077.297804
0.000000
0.000000
0.000000
0.000000
0.000000
48606.158220
50975.150044
52874.749826
56870.739534
56376.448240
58621.602064
50443.981092
51643.071368
51056.296353
50114.512899
47874.140979
46725.521159
0.000000
0.000000
0.000000
0.000000
0.000000
48613.049921
48259.408452
50658.813339
51582.936408
54603.253136
54054.198377
46278.719044
46231.785416
45968.189185
45381.693815
44750.134401
43601.958246
0.000000
0.000000
0.000000
0.000000
0.000000
43656.262279
44845.283393
45111.865634
47837.605447
46984.092896
48610.183705
42425.017812
43095.321568
41987.214602
42297.482081
41608.278329
40718.067429
0.000000
0.000000
0.000000
0.000000
0.000000
41994.723226
41123.947937
42324.189021
41487.610667
42745.430500
41657.870080
0.000000
37328.633096
37435.355848
37596.187258
37120.523467
36202.826308
0.000000
0.000000
0.000000
0.000000
0.000000
35761.954992
36874.626970
36054.384055
36368.263369
35992.604478
37353.151708
0.000000
33867.782093
33253.944332
32528.722291
32543.306555
32347.232432
30170.943163
0.000000
0.000000
0.000000
29400.403405
33092.308851
31992.232916
32455.536179
30649.688273
32106.205509
31570.186719
0.000000
28330.292489
26998.107482
26560.940100
27405.359140
27460.667704
27034.278493
25115.679854
24409.696507
24739.064658
26669.959122
27360.707736
27243.313228
26005.263204
26565.183832
25988.956457
0.000000
0.000000
0.000000
22502.417763
21321.149160
21747.369016
22595.593297
22465.200869
22108.593209
20951.146880
21938.985035
22038.021992
23415.371268
21801.285568
22951.563076
23299.486106
23969.561204
0.000000
0.000000
0.000000
17721.696814
17390.338988
17134.457190
17351.038243
18433.590943
18105.699958
18560.977784
17718.198385
18557.137909
17864.845861
18681.419480
18726.228936
20212.594111
0.000000
0.000000
0.000000
0.000000
0.000000
14168.246862
14543.941671
15044.445879
14888.816260
14757.369977
14252.750864
14641.807233
14321.708500
15518.848809
15584.815372
17051.840396
0.000000
0.000000
0.000000
0.000000
0.000000
0.000000
0.000000
12769.415859
12659.364435
12760.927954
12112.448951
11743.366414
11464.614543
12238.114027
12323.693144
13510.883721
0.000000
0.000000
0.000000
0.000000
0.000000
0.000000
0.000000
0.000000
0.000000
0.000000
0.000000
10879.116537
9774.616268
10108.606133
10274.605876
0.000000
0.000000
0.000000
0.000000
0.000000
0.000000
72615.720966
73874.257251
73012.383161
68977.284663
66520.201597
63116.197572
0.000000
0.000000
0.000000
0.000000
0.000000
53997.811062
59456.675189
63386.278876
71859.786627
72822.779545
74225.883942
69906.037033
71416.737511
70884.057544
68350.495250
65132.626490
63182.363777
0.000000
0.000000
0.000000
0.000000
0.000000
55049.926741
58219.129577
64608.225856
69233.770774
72931.193063
71884.873824
68321.446790
69141.553360
70464.402122
67780.116357
65028.508123
62609.331647
0.000000
0.000000
0.000000
0.000000
0.000000
54517.175058
60472.544836
64623.989129
71242.814431
71162.536905
73176.976377
66968.198562
69108.447711
68356.850619
67760.598725
65303.323724
64738.352427
0.000000
0.000000
0.000000
0.000000
0.000000
58940.903659
60562.745211
66666.656169
67770.626110
72636.674217
69734.883719
68283.741073
68043.898655
68803.493636
66587.813556
65614.132453
64918.718112
0.000000
0.000000
0.000000
0.000000
0.000000
60398.878257
63615.472830
65305.369981
70693.929376
69781.400025
72600.793203
67095.805782
68394.207540
66787.692310
66088.334179
63659.904110
63713.045719
0.000000
0.000000
0.000000
0.000000
0.000000
61185.516850
61711.799510
66551.710851
67017.455913
71789.238910
69005.854986
67771.204200
66532.082564
66509.251046
63478.897900
62413.316586
61291.987100
0.000000
0.000000
0.000000
0.000000
0.000000
59881.951359
62500.027298
63854.019704
69174.565447
68488.007303
71697.863532
64568.755598
65199.327822
62912.897702
61640.578518
58651.341038
58400.124970
0.000000
0.000000
0.000000
0.000000
0.000000
58296.791075
58836.395793
63513.157563
64202.963130
69174.189272
66837.874276
62420.772607
61215.667030
60884.160673
57591.966827
56221.512183
54530.959770
0.000000
0.000000
0.000000
0.000000
0.000000
55347.183269
57952.016278
59444.825251
64486.631415
64090.206796
67414.303266
56904.162473
57580.741593
55793.307787
54688.512688
51698.788365
51323.126195
0.000000
0.000000
0.000000
0.000000
0.000000
52761.539357
53298.965228
57431.700695
58023.510513
62590.948681
60482.713653
52319.002744
52502.888371
52521.375203
50084.525969
49151.735065
47680.506577
0.000000
0.000000
0.000000
0.000000
0.000000
49734.483125
51481.726670
52316.420205
56366.298915
55717.143982
58374.907071
48121.559616
48081.680388
47339.011182
47047.500703
45070.525064
45388.452704
0.000000
0.000000
0.000000
0.000000
0.000000
47356.706837
46606.820194
49318.531491
48854.062427
52195.470178
50055.799731
44682.225643
43830.520016
43443.616833
43030.948452
42703.307347
41737.581817
0.000000
0.000000
0.000000
0.000000
0.000000
43175.060585
44156.673848
43812.949541
45668.847182
44473.947448
45568.533188
0.000000
39188.618910
39078.185238
39151.436590
38006.219873
37944.492838
0.000000
0.000000
0.000000
0.000000
0.000000
39831.310198
38550.992780
39994.467072
38101.200537
40037.863555
38896.287720
0.000000
35252.593129
34270.354642
33980.500350
33984.731438
33167.831636
32688.431288
0.000000
0.000000
0.000000
34206.376739
34417.592989
35301.061692
33608.472184
34181.762352
33368.704511
35830.624882
0.000000
30227.631833
28681.336254
27975.458866
28195.733358
28972.860823
27832.869780
27341.832710
25987.647615
27866.401807
28370.271760
30500.945478
28693.086480
29833.615822
28519.405552
30386.523347
0.000000
0.000000
0.000000
23944.883743
22681.156273
23038.321833
23660.786289
24622.758993
23540.161035
24265.100277
23772.104016
25877.532468
24690.194192
25434.615533
24193.889671
26084.309653
26290.082668
0.000000
0.000000
0.000000
19558.327289
18895.150029
18038.756764
19031.225301
19548.397437
20503.943293
19780.003668
20992.861334
19898.521536
20970.412989
20021.127789
21961.032120
21758.397490
0.000000
0.000000
0.000000
0.000000
0.000000
15501.611816
15545.829235
15735.576714
16580.232193
15961.384583
16353.111539
15891.171006
16743.561048
16831.869308
18544.880985
18394.747873
0.000000
0.000000
0.000000
0.000000
0.000000
0.000000
0.000000
13496.414430
14135.582474
13488.077717
13516.561688
12681.096412
13350.721166
13240.526869
14804.177794
15201.071381
0.000000
0.000000
0.000000
0.000000
0.000000
0.000000
0.000000
0.000000
0.000000
0.000000
0.000000
11649.634949
11234.134944
10973.613893
12324.173382
0.000000
0.000000
0.000000
0.000000
0.000000
0.000000
79886.169261
81599.156532
82626.436678
80384.031578
75636.221491
72333.818174
0.000000
0.000000
0.000000
0.000000
0.000000
63264.348990
68430.656779
75655.850074
80022.983771
82616.529131
82449.538183
76528.654596
78323.611658
79791.523071
77605.706183
73664.095480
70255.046876
0.000000
0.000000
0.000000
0.000000
0.000000
60995.035904
67721.460943
73044.450838
78994.590578
79983.260277
80768.488003
73458.296506
76120.857864
75957.321713
75235.017329
71999.872185
69482.755137
0.000000
0.000000
0.000000
0.000000
0.000000
62672.663090
66872.426144
73750.226609
76309.225859
80265.842183
78475.545214
71057.355609
71469.957950
72022.652886
70960.082657
69594.278121
68187.589710
0.000000
0.000000
0.000000
0.000000
0.000000
62816.458936
66900.823847
69859.936465
74467.664274
75339.843416
77561.050240
69861.577630
70910.314079
69932.375820
69717.427596
67818.151830
67435.221660
0.000000
0.000000
0.000000
0.000000
0.000000
64654.178580
66417.752688
71105.480844
72309.308410
76340.203461
75057.356611
69904.778524
69286.687975
68973.903676
67269.780363
66344.350165
65307.290764
0.000000
0.000000
0.000000
0.000000
0.000000
63829.891473
66312.099553
68240.843021
72284.094581
73165.228838
75659.319539
68547.672602
68826.663910
66993.908204
65909.439922
63649.344441
63490.614451
0.000000
0.000000
0.000000
0.000000
0.000000
63306.545804
64490.066108
68722.235104
70014.497636
74240.044665
73167.892235
66854.603437
65686.304506
64754.399852
62265.486911
60964.886925
59588.331037
0.000000
0.000000
0.000000
0.000000
0.000000
60519.274187
62749.303133
64704.710119
68779.353518
69919.788701
72677.892511
62999.555528
63071.715318
61090.544000
59633.207742
57039.021426
56615.012114
0.000000
0.000000
0.000000
0.000000
0.000000
58338.686221
59540.798348
63531.899917
64887.846554
69036.841662
68141.102805
58709.194132
58075.589033
57401.956761
55067.383172
53783.152715
52284.786395
0.000000
0.000000
0.000000
0.000000
0.000000
54751.686277
56556.381692
58243.450896
61837.543136
62824.657054
65302.741410
53352.073294
53990.763405
52855.791531
51876.333504
49743.660485
49611.185888
0.000000
0.000000
0.000000
0.000000
0.000000
52189.603946
52760.011416
55747.887030
56492.948324
59819.952186
58739.224621
48841.609370
49175.523802
48760.295282
47316.054408
46694.206556
45844.442590
0.000000
0.000000
0.000000
0.000000
0.000000
48784.025066
49456.201370
50072.875036
52124.501344
52345.547925
53980.050803
45767.844278
45055.265484
44792.544989
44327.703647
42974.076630
43369.605030
0.000000
0.000000
0.000000
0.000000
0.000000
45825.756290
45323.887343
46751.208293
45945.854061
47910.803068
46597.062812
0.000000
41012.912254
40183.596690
39600.357873
39563.596643
38983.613385
0.000000
0.000000
0.000000
0.000000
0.000000
41178.197559
41218.165468
40497.594820
41059.280337
40828.293476
41620.190711
0.000000
36274.144293
35379.190922
34908.907622
34523.082826
34839.699861
33550.044572
0.000000
0.000000
0.000000
35415.761213
37182.335956
35885.908029
36306.335442
35237.631537
36302.690306
36444.705508
0.000000
31791.851466
29574.492923
28949.414141
29253.966822
29465.933341
29483.734308
28494.506771
29026.986963
29283.844352
31349.074466
31169.306215
31323.117161
30469.102120
31188.688013
31638.308453
0.000000
0.000000
0.000000
24992.450372
23835.578572
23684.069244
24697.730410
25156.891322
25643.159416
25294.890542
26705.805454
26532.531278
27117.455122
26069.148280
27004.326388
26530.389700
28619.393393
0.000000
0.000000
0.000000
20643.816684
19225.176938
19011.973829
19625.929681
20625.715894
20795.390284
21607.205245
21405.437707
21975.224716
21686.128504
22419.508413
22964.575761
24495.439613
0.000000
0.000000
0.000000
0.000000
0.000000
16282.002464
16141.087062
16641.531404
17023.901530
17158.776175
16744.348302
17467.429478
17507.804637
18899.554778
18896.058939
20918.583982
0.000000
0.000000
0.000000
0.000000
0.000000
0.000000
0.000000
14212.608903
14280.143208
14440.313696
13753.921806
13825.420996
13899.267473
14781.530344
15639.865774
17125.788380
0.000000
0.000000
0.000000
0.000000
0.000000
0.000000
0.000000
0.000000
0.000000
0.000000
0.000000
12087.477814
11436.172128
12009.699914
12748.066890
0.000000
0.000000
0.000000
0.000000
0.000000
0.000000
85516.529539
87119.076858
89610.001569
87553.110549
81377.372002
76362.152373
0.000000
0.000000
0.000000
0.000000
0.000000
68186.998010
75119.690763
82514.175231
87488.364624
89237.075247
90428.788218
79956.991960
82884.857355
83969.331643
82847.626380
78590.364008
72512.620693
0.000000
0.000000
0.000000
0.000000
0.000000
65544.650928
72629.559039
79114.470721
83556.385481
85719.565484
86346.780071
76849.245383
78340.446319
78606.844941
78197.570682
75679.783070
71633.333073
0.000000
0.000000
0.000000
0.000000
0.000000
65594.043276
71290.536181
76121.399236
79921.494459
82159.813350
83663.760456
72954.367806
73241.509728
73419.150311
73166.782531
71608.063281
69454.346687
0.000000
0.000000
0.000000
0.000000
0.000000
65842.392107
69654.756875
73408.089646
76552.380313
78837.620380
80633.115025
71617.401753
71612.751243
71060.197725
70740.021159
69727.137616
67996.178414
0.000000
0.000000
0.000000
0.000000
0.000000
66338.679169
69291.041096
72230.106977
74936.319466
77302.503408
79105.920220
71277.921817
70411.827963
69561.745025
68631.400464
67585.082445
66483.551201
0.000000
0.000000
0.000000
0.000000
0.000000
66182.788255
68341.554738
70946.707194
73733.181982
76178.759307
78241.348127
69993.696271
69117.544379
67699.970838
66397.933567
65179.273468
63889.901811
0.000000
0.000000
0.000000
0.000000
0.000000
64806.810156
66894.842138
69426.893180
72201.305810
74812.926825
76925.932684
67791.732655
66495.611951
65085.584398
63340.693384
61926.708660
60773.419991
0.000000
0.000000
0.000000
0.000000
0.000000
62648.762405
64494.433855
66940.967746
69876.048962
72439.673418
74671.370492
64090.590093
63175.064722
61664.014894
59937.270783
58487.922164
57130.643753
0.000000
0.000000
0.000000
0.000000
0.000000
59698.195630
61551.200690
63952.837399
66686.502715
69192.424316
71196.622219
59445.148387
58754.092707
57650.480074
55976.203934
54608.764817
53502.546397
0.000000
0.000000
0.000000
0.000000
0.000000
56456.269478
57979.867175
60066.059563
62650.862479
64827.919463
66686.362276
54149.373050
54132.107729
53345.750572
52087.664414
50949.068056
49987.339470
0.000000
0.000000
0.000000
0.000000
0.000000
53336.552507
54398.228915
56075.676460
57981.690380
59805.972339
61186.419364
49634.737903
49636.947775
49104.907207
48132.156686
47336.119709
46866.636018
0.000000
0.000000
0.000000
0.000000
0.000000
50391.064729
50750.758672
51584.518009
52790.097672
53960.479092
55026.165424
46391.505367
45964.842455
45267.305015
44409.026201
43963.059999
43722.152792
0.000000
0.000000
0.000000
0.000000
0.000000
46879.778128
46908.027164
47024.422736
47277.639441
47985.146978
48602.418860
0.000000
42109.508864
40922.272590
40112.206689
39928.723612
39845.969446
0.000000
0.000000
0.000000
0.000000
0.000000
42502.517676
42202.020454
41809.940379
41749.802220
42215.871011
43214.547073
0.000000
37652.255955
35859.194628
35045.373432
35108.933848
35247.056070
34265.976508
0.000000
0.000000
0.000000
36676.950646
37736.227722
37190.640750
36667.411643
36565.985240
37150.083396
38585.054455
0.000000
32791.388011
30446.948477
29511.278378
29571.055918
30113.154942
30075.106436
30024.065769
30407.536366
31324.268095
32326.297343
32578.249265
32080.531804
31672.605397
31970.319684
32762.049741
0.000000
0.000000
0.000000
25426.637108
24244.949873
24141.218101
24878.424027
25781.846511
25917.588550
26515.718764
27016.584399
27686.363479
27473.858321
27184.390451
27499.878575
28021.165474
29175.203467
0.000000
0.000000
0.000000
21044.124667
19714.771166
19523.232371
20082.886973
20913.347726
21574.395780
22104.243879
22376.701845
22562.340354
22731.089084
23219.573709
24352.155921
25655.560352
0.000000
0.000000
0.000000
0.000000
0.000000
16932.909747
16650.431264
17040.535285
17399.096828
17240.439561
17365.860086
17691.271371
18409.561023
19342.035135
19804.241301
21613.390445
0.000000
0.000000
0.000000
0.000000
0.000000
0.000000
0.000000
15073.098299
15215.258903
14940.582828
14313.510595
14165.791505
14631.336770
15551.057175
16623.018835
17641.382351
0.000000
0.000000
0.000000
0.000000
0.000000
0.000000
0.000000
0.000000
0.000000
0.000000
0.000000
12213.896966
11871.680380
12350.647217
13498.553666
0.000000
0.000000
0.000000
0.000000
0.000000
0.000000
79886.169261
81599.156532
82626.436678
80384.031578
75636.221491
72333.818174
0.000000
0.000000
0.000000
0.000000
0.000000
63264.348990
68430.656779
75655.850074
80022.983771
82616.529131
82449.538183
76528.654596
78323.611658
79791.523071
77605.706183
73664.095480
70255.046876
0.000000
0.000000
0.000000
0.000000
0.000000
60995.035904
67721.460943
73044.450838
78994.590578
79983.260277
80768.488003
73458.296506
76120.857864
75957.321713
75235.017329
71999.872185
69482.755137
0.000000
0.000000
0.000000
0.000000
0.000000
62672.663090
66872.426144
73750.226609
76309.225859
80265.842183
78475.545214
71057.355609
71469.957950
72022.652886
70960.082657
69594.278121
68187.589710
0.000000
0.000000
0.000000
0.000000
0.000000
62816.458936
66900.823847
69859.936465
74467.664274
75339.843416
77561.050240
69861.577630
70910.314079
69932.375820
69717.427596
67818.151830
67435.221660
0.000000
0.000000
0.000000
0.000000
0.000000
64654.178580
66417.752688
71105.480844
72309.308410
76340.203461
75057.356611
69904.778524
69286.687975
68973.903676
67269.780363
66344.350165
65307.290764
0.000000
0.000000
0.000000
0.000000
0.000000
63829.891473
66312.099553
68240.843021
72284.094581
73165.228838
75659.319539
68547.672602
68826.663910
66993.908204
65909.439922
63649.344441
63490.614451
0.000000
0.000000
0.000000
0.000000
0.000000
63306.545804
64490.066108
68722.235104
70014.497636
74240.044665
73167.892235
66854.603437
65686.304506
64754.399852
62265.486911
60964.886925
59588.331037
0.000000
0.000000
0.000000
0.000000
0.000000
60519.274187
62749.303133
64704.710119
68779.353518
69919.788701
72677.892511
62999.555528
63071.715318
61090.544000
59633.207742
57039.021426
56615.012114
0.000000
0.000000
0.000000
0.000000
0.000000
58338.686221
59540.798348
63531.899917
64887.846554
69036.841662
68141.102805
58709.194132
58075.589033
57401.956761
55067.383172
53783.152715
52284.786395
0.000000
0.000000
0.000000
0.000000
0.000000
54751.686277
56556.381692
58243.450896
61837.543136
62824.657054
65302.741410
53352.073294
53990.763405
52855.791531
51876.333504
49743.660485
49611.185888
0.000000
0.000000
0.000000
0.000000
0.000000
52189.603946
52760.011416
55747.887030
56492.948324
59819.952186
58739.224621
48841.609370
49175.523802
48760.295282
47316.054408
46694.206556
45844.442590
0.000000
0.000000
0.000000
0.000000
0.000000
48784.025066
49456.201370
50072.875036
52124.501344
52345.547925
53980.050803
45767.844278
45055.265484
44792.544989
44327.703647
42974.076630
43369.605030
0.000000
0.000000
0.000000
0.000000
0.000000
45825.756290
45323.887343
46751.208293
45945.854061
47910.803068
46597.062812
0.000000
41012.912254
40183.596690
39600.357873
39563.596643
38983.613385
0.000000
0.000000
0.000000
0.000000
0.000000
41178.197559
41218.165468
40497.594820
41059.280337
40828.293476
41620.190711
0.000000
36274.144293
35379.190922
34908.907622
34523.082826
34839.699861
33550.044572
0.000000
0.000000
0.000000
35415.761213
37182.335956
35885.908029
36306.335442
35237.631537
36302.690306
36444.705508
0.000000
31791.851466
29574.492923
28949.414141
29253.966822
29465.933341
29483.734308
28494.506771
29026.986963
29283.844352
31349.074466
31169.306215
31323.117161
30469.102120
31188.688013
31638.308453
0.000000
0.000000
0.000000
24992.450372
23835.578572
23684.069244
24697.730410
25156.891322
25643.159416
25294.890542
26705.805454
26532.531278
27117.455122
26069.148280
27004.326388
26530.389700
28619.393393
0.000000
0.000000
0.000000
20643.816684
19225.176938
19011.973829
19625.929681
20625.715894
20795.390284
21607.205245
21405.437707
21975.224716
21686.128504
22419.508413
22964.575761
24495.439613
0.000000
0.000000
0.000000
0.000000
0.000000
16282.002464
16141.087062
16641.531404
17023.901530
17158.776175
16744.348302
17467.429478
17507.804637
18899.554778
18896.058939
20918.583982
0.000000
0.000000
0.000000
0.000000
0.000000
0.000000
0.000000
14212.608903
14280.143208
14440.313696
13753.921806
13825.420996
13899.267473
14781.530344
15639.865774
17125.788380
0.000000
0.000000
0.000000
0.000000
0.000000
0.000000
0.000000
0.000000
0.000000
0.000000
0.000000
12087.477814
11436.172128
12009.699914
12748.066890
0.000000
0.000000
0.000000
0.000000
0.000000
0.000000
72615.720966
73874.257251
73012.383161
68977.284663
66520.201597
63116.197572
0.000000
0.000000
0.000000
0.000000
0.000000
53997.811062
59456.675189
63386.278876
71859.786627
72822.779545
74225.883942
69906.037033
71416.737511
70884.057544
68350.495250
65132.626490
63182.363777
0.000000
0.000000
0.000000
0.000000
0.000000
55049.926741
58219.129577
64608.225856
69233.770774
72931.193063
71884.873824
68321.446790
69141.553360
70464.402122
67780.116357
65028.508123
62609.331647
0.000000
0.000000
0.000000
0.000000
0.000000
54517.175058
60472.544836
64623.989129
71242.814431
71162.536905
73176.976377
66968.198562
69108.447711
68356.850619
67760.598725
65303.323724
64738.352427
0.000000
0.000000
0.000000
0.000000
0.000000
58940.903659
60562.745211
66666.656169
67770.626110
72636.674217
69734.883719
68283.741073
68043.898655
68803.493636
66587.813556
65614.132453
64918.718112
0.000000
0.000000
0.000000
0.000000
0.000000
60398.878257
63615.472830
65305.369981
70693.929376
69781.400025
72600.793203
67095.805782
68394.207540
66787.692310
66088.334179
63659.904110
63713.045719
0.000000
0.000000
0.000000
0.000000
0.000000
61185.516850
61711.799510
66551.710851
67017.455913
71789.238910
69005.854986
67771.204200
66532.082564
66509.251046
63478.897900
62413.316586
61291.987100
0.000000
0.000000
0.000000
0.000000
0.000000
59881.951359
62500.027298
63854.019704
69174.565447
68488.007303
71697.863532
64568.755598
65199.327822
62912.897702
61640.578518
58651.341038
58400.124970
0.000000
0.000000
0.000000
0.000000
0.000000
58296.791075
58836.395793
63513.157563
64202.963130
69174.189272
66837.874276
62420.772607
61215.667030
60884.160673
57591.966827
56221.512183
54530.959770
0.000000
0.000000
0.000000
0.000000
0.000000
55347.183269
57952.016278
59444.825251
64486.631415
64090.206796
67414.303266
56904.162473
57580.741593
55793.307787
54688.512688
51698.788365
51323.126195
0.000000
0.000000
0.000000
0.000000
0.000000
52761.539357
53298.965228
57431.700695
58023.510513
62590.948681
60482.713653
52319.002744
52502.888371
52521.375203
50084.525969
49151.735065
47680.506577
0.000000
0.000000
0.000000
0.000000
0.000000
49734.483125
51481.726670
52316.420205
56366.298915
55717.143982
58374.907071
48121.559616
48081.680388
47339.011182
47047.500703
45070.525064
45388.452704
0.000000
0.000000
0.000000
0.000000
0.000000
47356.706837
46606.820194
49318.531491
48854.062427
52195.470178
50055.799731
44682.225643
43830.520016
43443.616833
43030.948452
42703.307347
41737.581817
0.000000
0.000000
0.000000
0.000000
0.000000
43175.060585
44156.673848
43812.949541
45668.847182
44473.947448
45568.533188
0.000000
39188.618910
39078.185238
39151.436590
38006.219873
37944.492838
0.000000
0.000000
0.000000
0.000000
0.000000
39831.310198
38550.992780
39994.467072
38101.200537
40037.863555
38896.287720
0.000000
35252.593129
34270.354642
33980.500350
33984.731438
33167.831636
32688.431288
0.000000
0.000000
0.000000
34206.376739
34417.592989
35301.061692
33608.472184
34181.762352
33368.704511
35830.624882
0.000000
30227.631833
28681.336254
27975.458866
28195.733358
28972.860823
27832.869780
27341.832710
25987.647615
27866.401807
28370.271760
30500.945478
28693.086480
29833.615822
28519.405552
30386.523347
0.000000
0.000000
0.000000
23944.883743
22681.156273
23038.321833
23660.786289
24622.758993
23540.161035
24265.100277
23772.104016
25877.532468
24690.194192
25434.615533
24193.889671
26084.309653
26290.082668
0.000000
0.000000
0.000000
19558.327289
18895.150029
18038.756764
19031.225301
19548.397437
20503.943293
19780.003668
20992.861334
19898.521536
20970.412989
20021.127789
21961.032120
21758.397490
0.000000
0.000000
0.000000
0.000000
0.000000
15501.611816
15545.829235
15735.576714
16580.232193
15961.384583
16353.111539
15891.171006
16743.561048
16831.869308
18544.880985
18394.747873
0.000000
0.000000
0.000000
0.000000
0.000000
0.000000
0.000000
13496.414430
14135.582474
13488.077717
13516.561688
12681.096412
13350.721166
13240.526869
14804.177794
15201.071381
0.000000
0.000000
0.000000
0.000000
0.000000
0.000000
0.000000
0.000000
0.000000
0.000000
0.000000
11649.634949
11234.134944
10973.613893
12324.173382
0.000000
0.000000
0.000000
0.000000
0.000000
0.000000
63161.432268
65564.877448
63712.181876
61457.529216
57526.084730
51863.239957
0.000000
0.000000
0.000000
0.000000
0.000000
43613.362625
48747.427737
55447.304128
60546.282681
64918.116102
63190.759939
61460.552876
63266.087277
62903.318473
60856.461539
57615.754655
53622.438330
0.000000
0.000000
0.000000
0.000000
0.000000
44051.794742
48918.837356
54264.426744
60281.137381
62046.337731
62328.303078
60568.327669
62861.356976
63364.980971
62921.034672
59120.819752
56044.445038
0.000000
0.000000
0.000000
0.000000
0.000000
48363.101508
51234.270624
57395.131762
59768.204800
62472.353579
61809.947989
64282.400411
65079.477566
66173.300361
65050.319457
63087.920486
60936.639421
0.000000
0.000000
0.000000
0.000000
0.000000
52321.508141
56469.791441
59581.933875
64210.793394
62903.862767
64979.852588
65365.199784
66732.090055
66557.007341
66438.294477
64219.063292
63062.898540
0.000000
0.000000
0.000000
0.000000
0.000000
58576.875243
58924.271953
62843.159746
63682.059768
66642.203838
65134.437809
65906.056738
65848.173049
66178.643866
64347.231221
63026.979202
61291.652265
0.000000
0.000000
0.000000
0.000000
0.000000
56010.984146
58827.254009
60764.894702
64929.554030
63770.763906
65709.425364
65450.725974
65857.975370
64436.165721
63661.752065
61142.084793
60005.458715
0.000000
0.000000
0.000000
0.000000
0.000000
58545.843852
58547.782406
61863.801674
62837.293077
66375.948795
65343.555381
63712.682711
62923.392586
62519.746390
59852.600133
58094.768338
56036.444448
0.000000
0.000000
0.000000
0.000000
0.000000
53694.842014
56362.331984
58244.397769
62521.872121
61886.228133
64236.763239
60524.706030
60751.496757
59121.403596
57932.669233
55142.452745
53564.909816
0.000000
0.000000
0.000000
0.000000
0.000000
54206.291835
54427.473857
57740.040674
58854.386577
62506.661683
62015.380073
56083.667617
55723.669937
55429.916319
52876.630750
51171.913175
49077.297804
0.000000
0.000000
0.000000
0.000000
0.000000
48606.158220
50975.150044
52874.749826
56870.739534
56376.448240
58621.602064
50443.981092
51643.071368
51056.296353
50114.512899
47874.140979
46725.521159
0.000000
0.000000
0.000000
0.000000
0.000000
48613.049921
48259.408452
50658.813339
51582.936408
54603.253136
54054.198377
46278.719044
46231.785416
45968.189185
45381.693815
44750.134401
43601.958246
0.000000
0.000000
0.000000
0.000000
0.000000
43656.262279
44845.283393
45111.865634
47837.605447
46984.092896
48610.183705
42425.017812
43095.321568
41987.214602
42297.482081
41608.278329
40718.067429
0.000000
0.000000
0.000000
0.000000
0.000000
41994.723226
41123.947937
42324.189021
41487.610667
42745.430500
41657.870080
0.000000
37328.633096
37435.355848
37596.187258
37120.523467
36202.826308
0.000000
0.000000
0.000000
0.000000
0.000000
35761.954992
36874.626970
36054.384055
36368.263369
35992.604478
37353.151708
0.000000
33867.782093
33253.944332
32528.722291
32543.306555
32347.232432
30170.943163
0.000000
0.000000
0.000000
29400.403405
33092.308851
31992.232916
32455.536179
30649.688273
32106.205509
31570.186719
0.000000
28330.292489
26998.107482
26560.940100
27405.359140
27460.667704
27034.278493
25115.679854
24409.696507
24739.064658
26669.959122
27360.707736
27243.313228
26005.263204
26565.183832
25988.956457
0.000000
0.000000
0.000000
22502.417763
21321.149160
21747.369016
22595.593297
22465.200869
22108.593209
20951.146880
21938.985035
22038.021992
23415.371268
21801.285568
22951.563076
23299.486106
23969.561204
0.000000
0.000000
0.000000
17721.696814
17390.338988
17134.457190
17351.038243
18433.590943
18105.699958
18560.977784
17718.198385
18557.137909
17864.845861
18681.419480
18726.228936
20212.594111
0.000000
0.000000
0.000000
0.000000
0.000000
14168.246862
14543.941671
15044.445879
14888.816260
14757.369977
14252.750864
14641.807233
14321.708500
15518.848809
15584.815372
17051.840396
0.000000
0.000000
0.000000
0.000000
0.000000
0.000000
0.000000
12769.415859
12659.364435
12760.927954
12112.448951
11743.366414
11464.614543
12238.114027
12323.693144
13510.883721
0.000000
0.000000
0.000000
0.000000
0.000000
0.000000
0.000000
0.000000
0.000000
0.000000
0.000000
10879.116537
9774.616268
10108.606133
10274.605876
0.000000
0.000000
0.000000
0.000000
0.000000
0.000000

VECTORS M_Vector double
-17153.64052505608 -56423.90756338759 22615.521177919218
-22251.099167808843 -58557.80916238595 19355.224791483848
-26675.55296428161 -55625.10283901285 15921.838071972425
-28957.2883613056 -52742.93502294835 12517.433972059498
-27876.337870991803 -49935.63958989376 6212.254822707774
-23561.038830537047 -46194.74135780153 -847.9262522178353
0.0 0.0 0.0
0.0 0.0 0.0
0.0 0.0 0.0
0.0 0.0 0.0
0.0 0.0 0.0
-23726.001801742328 36424.71346948071 3527.3909128151176
-28224.24397925337 39680.86028037172 -2265.632395451561
-31643.555665256907 45139.54795716008 -5959.037687560128
-32997.27201154383 49594.40966561505 -10836.370065013502
-32343.02923960172 54477.91542806207 -14157.930233317447
-28551.660061224145 53549.02341387099 -17617.518009884127
-18723.41997808104 -56087.83662727762 16762.68733187559
-22702.49149514365 -57346.49288430391 14091.644086835902
-25861.666896255232 -56356.80143619584 10578.874804101344
-26830.586791335623 -54107.353401511165 7484.840103769604
-25785.782193296134 -51490.50650135037 1842.9219749181368
-22348.72183212009 -48460.684188923566 -5240.478301167424
0.0 0.0 0.0
0.0 0.0 0.0
0.0 0.0 0.0
0.0 0.0 0.0
0.0 0.0 0.0
-20338.760972690085 38489.52555546083 6741.798323996104
-24257.534510959085 42476.89106962901 581.7153984882707
-27081.148633050758 46799.299429744 -4589.659189434072
-29007.769410683715 52319.54132886074 -7418.249988106377
-28621.1262960637 53852.390574532976 -11423.62397680281
-27483.973415194625 54127.15137538071 -14131.526947132072
-18631.712225607986 -56343.32246788635 12116.584892097922
-23787.95983362344 -57471.33942855855 9095.510548490696
-25557.1318702275 -57598.22060537968 6663.242989287525
-26909.038053554243 -56742.55691169786 3904.165764865797
-22130.472387696464 -54822.54701615383 -43.11289778771856
-17844.5385857418 -52715.69156705349 -6603.644820174008
0.0 0.0 0.0
0.0 0.0 0.0
0.0 0.0 0.0
0.0 0.0 0.0
0.0 0.0 0.0
-13644.455590289568 46072.22686722501 5492.570492366718
-20092.38182390329 47129.68224814501 199.324443409701
-25044.34764628002 51574.47190749984 -2656.247058252752
-26453.961551515706 53310.7223772704 -5512.994004797566
-26096.37607064105 56147.74639840172 -8318.935751188867
-25525.20833364892 55104.307823825926 -11508.634550829853
-22630.35613935448 -59572.646221852985 8437.642193428861
-24155.07062556461 -60104.48257537851 6270.736610923384
-25633.760994961216 -60856.1217357781 4283.50617886749
-23878.29602062889 -60476.86977834802 1979.7127083775836
-22085.97041186606 -59070.636833074655 -1719.1527953778332
-16580.549583643362 -58137.62478739886 -7640.417758482391
0.0 0.0 0.0
0.0 0.0 0.0
0.0 0.0 0.0
0.0 0.0 0.0
0.0 0.0 0.0
-12250.098453554245 50587.98911796965 5322.655257020542
-17628.3523781901 53642.80767585319 726.445077093905
-20828.95180669748 55730.70469660578 -3201.587869612127
-23506.37238996049 59590.065021304894 -4415.947921826709
-23470.21632150974 58002.61947879677 -6460.729868185709
-24026.35189698269 59725.4216369588 -8831.175863753433
-22479.26890287436 -60993.00176725053 6866.261559914081
-25357.309693590654 -61517.70187575164 5074.548669710049
-26179.641487098004 -61107.470112939125 3215.3839819019995
-25283.68103860456 -61402.67256436508 2119.964179165372
-19673.357191212923 -61119.263609798654 -1217.671040306767
-15616.331702176412 -60750.93073333276 -6510.2819826665445
0.0 0.0 0.0
0.0 0.0 0.0
0.0 0.0 0.0
0.0 0.0 0.0
0.0 0.0 0.0
-10577.928196129236 57530.58334827391 3096.728579298268
-16036.562399294153 56688.899135276006 -1125.7026310000135
-21644.0578594834 58944.88748889092 -2509.5268828958583
-23796.298394935267 58926.12751839028 -4105.169267003025
-24744.06975824194 61608.47089296825 -5771.53865033914
-23622.249241070025 60242.45240009696 -7438.4983909233215
-24071.94773885689 -61004.89242012585 6523.246712590806
-25062.07060924848 -60714.02168626256 4656.40219325378
-25800.795760341865 -60839.999990203214 3525.087705098941
-23315.82715803688 -59960.88848698676 1276.8013209906971
-21370.409579626983 -59285.28866914355 -979.9230249746232
-16319.157843143126 -58773.59855086874 -6001.319694087182
0.0 0.0 0.0
0.0 0.0 0.0
0.0 0.0 0.0
0.0 0.0 0.0
0.0 0.0 0.0
-11100.200624199391 54772.15801562638 3745.2099327266874
-15559.74549990595 56731.35785368963 -305.23805130645354
-18559.46084737766 57762.41238031872 -3379.727381884365
-21865.399627784664 60977.64929095048 -4413.340295009108
-22614.97902508098 59387.03031171112 -5334.199439877999
-23242.82669444076 61105.35026718437 -6605.736719672597
-22058.035421424145 -61363.914345290985 5631.218351597443
-24750.15414263081 -60861.63529571928 4534.769990573415
-25244.81434577792 -59193.158846136575 3299.810187693934
-24052.84383544671 -58888.96649820568 2523.688606854133
-18817.11780343327 -58174.47478520377 33.07440140236736
-15481.717097890962 -57822.57584086514 -4185.83736960795
0.0 0.0 0.0
0.0 0.0 0.0
0.0 0.0 0.0
0.0 0.0 0.0
0.0 0.0 0.0
-9879.575456111432 57694.722177640986 1152.7593133751575
-14520.094172137702 56662.5538698048 -2522.831507980821
-19488.438463045703 58603.23324977489 -3604.410702600501
-21745.91617487684 58798.59749825384 -4285.49451631558
-23052.54223678933 62042.06214137107 -5012.923311957776
-22074.62811661652 61247.42997205387 -5589.574682342801
-21516.203872937404 -59691.390944080325 5770.334156830192
-22719.45815118552 -58529.67024226636 4178.188260497999
-23825.924704344983 -57693.533179845945 3535.5664155975637
-21452.044369803894 -55843.27563437115 1916.272815870327
-19699.988774585407 -54652.27987197981 202.12699518674185
-15591.871066853715 -53679.4310186946 -3936.413158368201
0.0 0.0 0.0
0.0 0.0 0.0
0.0 0.0 0.0
0.0 0.0 0.0
0.0 0.0 0.0
-10410.895458077755 52636.971683751406 2024.48183105324
-13995.08750039615 54576.66586543284 -1495.839401915916
-16483.414806853772 55743.24936935075 -3660.19911101868
-19128.21966524684 59356.43953773942 -4461.926863120551
-19486.288809028 58560.236972617815 -4570.385841901088
-19617.54924892016 60955.68778205759 -5090.937041988212
-18397.21103037057 -57477.11968303607 4600.367292741683
-21511.575405697746 -56667.88629728453 4092.327494676613
-22429.69522396767 -54592.789954502216 3446.2182650424584
-21468.54309360652 -53712.57130290874 3202.421877685348
-16825.069093262704 -52500.01127982981 1164.4571273874426
-14049.403673624289 -51644.38588790232 -2161.3019754219285
0.0 0.0 0.0
0.0 0.0 0.0
0.0 0.0 0.0
0.0 0.0 0.0
0.0 0.0 0.0
-8721.031391374276 53499.34309171912 -293.2143859879403
-12622.541809399523 52836.15191028227 -3370.815931518849
-16770.943590283023 55092.02495372493 -4185.275926588684
-18383.39782689477 55755.66652204456 -4146.704031351404
-18931.73311021177 59421.8154449702 -4209.523175462607
-17377.721022336515 59397.270369719896 -3985.7810105592575
-17571.276816294474 -53052.01764147289 4702.279088713137
-19110.78293239693 -52208.8621944933 3760.329142823789
-20659.44859428024 -51303.36637683038 3691.5315643064177
-18565.448242867424 -49450.53140075197 2430.4639818339647
-17072.946361572518 -48221.53414734059 1327.721718619649
-13421.296170495649 -47159.96781340448 -2094.613256398232
0.0 0.0 0.0
0.0 0.0 0.0
0.0 0.0 0.0
0.0 0.0 0.0
0.0 0.0 0.0
-8829.762550935255 47792.02595512809 718.4464494507721
-11738.924564910663 49550.5219397449 -2325.800412812416
-13691.103661088784 50921.88805440958 -3905.658294009317
-15534.778322606518 54539.01437345897 -4295.065628375356
-15176.791704797695 54164.29783204352 -3767.99018333134
-14420.159675887337 56704.82223153497 -3621.37531719708
-16239.172656232064 -47677.60639278787 2780.350427104634
-18882.86160644177 -47947.97772153685 3381.6845402139816
-19426.24829086609 -47097.46650914522 3345.8815013792937
-18430.19191996287 -46474.60632933222 3450.129768719853
-14397.912671095764 -45625.98253134108 1703.878870299483
-12179.73947350249 -45102.268267963285 -844.7904922151993
0.0 0.0 0.0
0.0 0.0 0.0
0.0 0.0 0.0
0.0 0.0 0.0
0.0 0.0 0.0
-8081.815138872443 47922.71642063544 -1151.5804385158651
-10837.205933192228 46890.95872529003 -3572.5987029205594
-13761.75737245043 48560.76380650271 -4333.77681673574
-14699.397575605975 49289.91301445011 -3902.7572896172446
-14382.759702221883 52564.23407679048 -3413.6157232714486
-12258.87582986104 52586.952329567 -2487.7239034779072
-15770.930605526097 -43422.34689862825 2738.13330776794
-16822.510605752697 -42983.21432957487 2612.3563254731007
-17699.006919099145 -42309.2873967871 3121.501402577096
-16269.821845707722 -42289.501322919015 2527.668588546476
-15028.059219059876 -42118.0577750477 1673.6708855116856
-12513.45368346693 -41758.72827089672 -867.6710239957714
0.0 0.0 0.0
0.0 0.0 0.0
0.0 0.0 0.0
0.0 0.0 0.0
0.0 0.0 0.0
-9477.36576226037 42613.26750442398 -397.752439287995
-10837.82396411016 43436.29744499256 -2632.3143089854902
-11657.541921770462 43432.48972286261 -3577.844852062429
-12398.806622676087 46048.828971086536 -3769.806309106915
-11288.927379491945 45520.703584161776 -2816.140809138281
-9946.738784266005 47531.130752996825 -2191.793043002743
-14811.298370801089 -39730.218673082825 1420.3172632513836
-16828.927496750002 -39597.96052845269 2448.5633154796496
-17028.410492000286 -38279.19710380614 2768.121243925192
-16051.355335585497 -39010.317306280034 3102.5998722553704
-14559.454261778656 -38928.01347614298 1969.9959073934128
-14523.244651492294 -38038.90718746106 279.1414047540848
0.0 0.0 0.0
0.0 0.0 0.0
0.0 0.0 0.0
0.0 0.0 0.0
0.0 0.0 0.0
-11513.232002718947 40338.06663300445 -1960.267335018704
-11931.939139712344 39221.159526828655 -3241.6921029961604
-12857.101578322236 40149.99527671513 -3742.966006856542
-12269.405416350332 39517.521555201696 -3008.158854967294
-11175.33946264642 41188.787585139886 -2401.539874843856
-8839.833296571913 40696.01375694934 -1034.3844298885729
0.0 0.0 0.0
-14650.583381710983 -34295.29284926797 1618.6858142422054
-15735.048671805074 -33866.01731417033 2628.113774193362
-14910.595270274189 -34435.40624057333 2313.059029782672
-16193.602073149474 -33341.12874893464 2017.336876528226
-15672.111978156963 -32632.230410332355 408.7508365975379
0.0 0.0 0.0
0.0 0.0 0.0
0.0 0.0 0.0
0.0 0.0 0.0
0.0 0.0 0.0
-13616.704055869104 33054.39772836724 -953.722333075209
-13275.32174395864 34311.19134156195 -2499.21898270004
-12333.86213246298 33777.457479556375 -2622.559953595236
-11144.278103387262 34526.06898964963 -2531.048432732105
-9575.538959095338 34669.10610193849 -1352.6687956710375
-8083.139022633727 36457.762684078574 -867.3788663245009
0.0 0.0 0.0
-13677.86510234976 -30934.87468681017 1725.1661448712082
-13518.280312785164 -30316.08156515072 2004.0233449189527
-14450.325982379269 -29052.92328248936 2287.6847724396266
-15851.642111979016 -28362.73339822292 1829.6442462072669
-18061.23785786641 -26816.750850545766 998.5023212945472
-19196.293814344568 -23274.579215344456 286.4917048891364
0.0 0.0 0.0
0.0 0.0 0.0
0.0 0.0 0.0
-18490.84410496929 22856.194725521767 -258.3937844155175
-16615.68079571614 28586.05712278129 -1362.8627751950887
-14321.078241702904 28528.61623458129 -2127.8488403046604
-13271.580770568777 29528.84345908613 -2296.6010775973978
-11456.396535853588 28397.38657674078 -1320.153489769956
-9828.638220988703 30561.64098018912 -438.63823395848135
-7783.580460837846 30593.125036420108 391.4909928315341
0.0 0.0 0.0
-9873.441712087291 -26534.571802617786 1018.3911346080948
-10871.691407143471 -24677.96800259161 1304.6182756063345
-12914.296817718956 -23183.030316386976 1118.7412876890835
-15915.344111411614 -22273.23654770633 1287.814087065506
-18240.69286981678 -20512.271978900317 782.3634907084141
-21431.378260196136 -16472.434592725145 455.124256750765
-23371.38688899029 -9192.361841535623 275.92239786508367
-24406.87825406256 289.29574005905505 -232.1323590869173
-22846.22251014853 9490.076768065488 -99.39868719018794
-20509.778007635658 17043.93630643883 -374.11335514289465
-17175.150719289184 21291.79653703325 -530.9668756296383
-14286.265421597804 23162.402354565467 -1266.43321303932
-11958.510963543706 23079.98144817336 -763.0112790236365
-10893.938316971056 24222.92431998328 -530.1295758951741
-9018.75498015297 24368.795723856125 499.7112247600511
0.0 0.0 0.0
0.0 0.0 0.0
0.0 0.0 0.0
-9870.06764854952 -20218.12347170859 409.9427678120704
-11601.44468664638 -17874.16664878734 715.576187549193
-13523.015271573617 -17022.091294899263 569.671001956538
-17066.40695764641 -14792.381367339114 695.7323269103928
-18806.101140735467 -12287.636190827798 172.64646144682447
-21229.397554220966 -6172.546911118814 47.30530682903921
-20937.282704222904 -760.5235428985517 48.50237525267725
-20737.30269765073 7159.032527021992 -177.74830327437095
-18258.739997316246 12340.157480527 -115.50059122095168
-16203.88947324807 16891.305526722907 -630.3769940697106
-13130.791959021804 17397.86988179804 -438.7237591953056
-11838.800000713498 19662.534332611594 -42.49450884948832
-10619.307371855652 20727.884900488843 671.6779636748186
-9785.267879772708 21860.098518467985 961.5038169412318
0.0 0.0 0.0
0.0 0.0 0.0
0.0 0.0 0.0
-8689.489262025665 -15443.000838872653 -255.0282550136389
-10006.02635370854 -14221.428923440366 -232.99379669302112
-12169.169984535956 -12053.278046673931 -468.41586186486165
-13828.433740950548 -10479.859547555718 -74.10958690674256
-16443.490910606663 -8329.659281340773 160.18109402045977
-17265.15658128562 -5452.076725055845 74.82361560244415
-18560.46789309124 -137.52059128774513 -3.995081021822939
-17093.751026735663 4661.186852335455 107.54982387169446
-15950.02754653186 9484.873038780364 -34.23546453666289
-13351.269875547196 11867.018958628076 264.8988286589266
-12173.954122311894 14159.296855825369 551.8943492744031
-10620.667306692949 15375.353198970097 1213.091146647643
-9965.075157918254 17536.22340733021 1314.1942014766191
0.0 0.0 0.0
0.0 0.0 0.0
0.0 0.0 0.0
0.0 0.0 0.0
0.0 0.0 0.0
-9569.5961590504 -10394.685743915088 -1054.7780717841515
-10910.1804994554 -9584.456315950178 -795.2345033881516
-12787.56001919608 -7910.929103544015 -480.4802667244908
-13512.884854085509 -6248.658879520019 -181.80964337360797
-14407.424314275291 -3192.80240854876 110.02746997718286
-14239.23349980395 -608.2105037687344 123.35519527314166
-14157.246304564458 3726.915120786495 254.9505959086347
-12837.986645133562 6335.284678273574 401.9966396977835
-12134.197040545554 9638.859667457044 829.6474320239809
-10816.82511428381 11129.708373345156 1418.5753960194925
-10652.433667575244 13231.87777524642 1486.0445404097827
0.0 0.0 0.0
0.0 0.0 0.0
0.0 0.0 0.0
0.0 0.0 0.0
0.0 0.0 0.0
0.0 0.0 0.0
0.0 0.0 0.0
-10367.708540963064 -7360.711312150804 -1178.3590121556404
-10951.25862565697 -6287.11218970795 -895.3562022336986
-11888.648587658705 -4632.522394032815 -202.61608634923107
-11767.63958506124 -2849.5430868672674 337.9088209712532
-11713.532250316846 -487.1822825736986 680.0517471883272
-11198.837252313298 2309.475540577995 830.5140239043749
-11052.441732603507 5084.2058517402265 1328.8406795130063
-10134.597728753684 6820.682398416264 1625.3101876775047
-9591.791573241331 9304.98637070084 1989.6587563873552
0.0 0.0 0.0
0.0 0.0 0.0
0.0 0.0 0.0
0.0 0.0 0.0
0.0 0.0 0.0
0.0 0.0 0.0
0.0 0.0 0.0
0.0 0.0 0.0
0.0 0.0 0.0
0.0 0.0 0.0
0.0 0.0 0.0
-10640.294052221854 -2110.298809311464 828.2258361113123
-9653.630109988551 -683.2339633109526 1372.4941652140722
-9806.77956716722 2013.225213500701 1399.2557702693484
-9445.428903639408 3750.197303425042 1512.4215439540803
0.0 0.0 0.0
0.0 0.0 0.0
0.0 0.0 0.0
0.0 0.0 0.0
0.0 0.0 0.0
0.0 0.0 0.0
-22892.86003248305 -66141.36801081561 19346.300128780596
-26298.08744079889 -66879.08906945553 17117.357464462773
-30721.757853388368 -64569.02721310858 14758.808014096723
-31905.172199414013 -60605.33014285813 8180.448928249243
-35507.016398850654 -56193.89909016746 2536.6734250561262
-35240.933039390125 -52295.78811142944 -2623.2766385294426
0.0 0.0 0.0
0.0 0.0 0.0
0.0 0.0 0.0
0.0 0.0 0.0
0.0 0.0 0.0
-36374.81298175438 39636.25245614549 4648.017992194131
-38017.36672707374 45691.90400322544 1423.3623045306665
-38028.97079231622 50580.07413760047 -3643.3268454342056
-40565.319178783175 58528.64439429458 -9627.128306741804
-39186.90032452104 60077.38743837557 -12579.808514656395
-36854.06379185547 62724.48606447932 -14727.480331171775
-22669.296572181283 -64109.57881014743 16214.77447891258
-26783.2841990148 -64700.1293254904 14032.082863868469
-28935.90570521608 -63659.19145027942 11609.061925090216
-30841.60596535937 -60778.64325981313 5151.899246588701
-31101.15499391425 -57227.37764324552 66.63054888728506
-33580.043809673385 -53381.39684162183 -3849.4443020812873
0.0 0.0 0.0
0.0 0.0 0.0
0.0 0.0 0.0
0.0 0.0 0.0
0.0 0.0 0.0
-32303.222679064595 44241.82723423942 5445.820568470628
-32960.55098415549 47968.558563634055 1444.4780681724787
-34354.04489567788 54669.57817770672 -2293.3969280688893
-36806.68981918968 57981.12812067894 -8761.927987346611
-36159.17552946575 62385.97896159902 -10929.893667621278
-34911.29009975815 61464.37230147679 -13067.817179907066
-24388.236852145503 -62570.66471052478 12567.653415218969
-26066.254262122504 -63038.108898102495 11282.801796939724
-29416.47431672314 -63490.86138748821 8295.391818357539
-27567.517404211736 -61864.35891799317 2641.449081454085
-28744.84051199341 -58292.4972202223 -2103.7538957023025
-27839.386665567094 -55661.84956523064 -6830.4803865100985
0.0 0.0 0.0
0.0 0.0 0.0
0.0 0.0 0.0
0.0 0.0 0.0
0.0 0.0 0.0
-26328.81426699476 47355.361250988026 6032.054078547256
-29096.11556004601 52953.06389816979 2513.5158772366085
-31035.370195412703 56624.32849289741 -2598.3053047669646
-33765.47872726596 62351.73276481318 -6905.973901622172
-33956.3397438701 61766.65600264047 -9795.60392394175
-33980.73659155804 63817.45619054362 -11292.107760769994
-25971.968249271464 -61147.75359840216 8434.969698525892
-28271.89185091329 -62718.78545895651 6559.849603133397
-28259.23438062852 -62095.71313895445 4265.806899960375
-27854.167229460865 -61770.80815741538 106.61665240881862
-24594.014650655845 -60326.211539776974 -4517.381326145824
-26134.889470063157 -58663.4494117978 -8162.20132305524
0.0 0.0 0.0
0.0 0.0 0.0
0.0 0.0 0.0
0.0 0.0 0.0
0.0 0.0 0.0
-23229.183325912163 53807.943275975456 6256.229420171311
-24200.144026272712 55468.62138926462 2330.4887348857715
-28339.70642532636 60342.04593641246 -376.2667857085862
-31086.241754322866 60030.36304904339 -4781.092886002662
-32217.33808350191 64742.769854178005 -6819.3342574504095
-31771.169307932185 61519.23792147662 -8302.419746910253
-27625.61475746659 -62062.49863145962 6909.483902360264
-28078.123961161346 -61741.43854567885 5439.289040776522
-28837.32828251612 -62356.11247811017 3747.595323588904
-25690.812690250943 -61428.53207799576 -674.169264508182
-25141.35612874837 -60484.13010609045 -3846.6342341069744
-23659.17087893728 -59878.18396988551 -8323.862029311913
0.0 0.0 0.0
0.0 0.0 0.0
0.0 0.0 0.0
0.0 0.0 0.0
0.0 0.0 0.0
-20637.8485664152 56560.35200006862 4798.987698536894
-23513.43342287281 59062.192435537225 2388.358589874013
-25758.122436629103 59995.09373419634 -1378.1163562689414
-30324.186501540345 63698.36476600399 -4538.0270860529645
-30986.86889886089 62223.33084137272 -6124.936266621279
-31506.078090945524 65026.3403246677 -7058.135807288295
-26903.856258816035 -61164.90209694656 6073.254757472852
-28661.50805300315 -61905.775080053245 4894.955855412909
-27767.169758371238 -60656.51084223342 3219.9099575266864
-26782.01560907817 -60417.43668777663 353.4098670031028
-22940.74523074348 -59272.30423393478 -3619.330097821379
-23860.299247830702 -58751.63699195166 -6187.363363126007
0.0 0.0 0.0
0.0 0.0 0.0
0.0 0.0 0.0
0.0 0.0 0.0
0.0 0.0 0.0
-20017.701404851345 57678.66024504377 4016.373367567314
-20974.018249163724 58031.4935282918 884.5993965524701
-25021.59371020701 61647.90150717565 -1608.1993684314275
-28279.231554193146 60607.13955094111 -4289.416655996305
-29968.21326392904 65014.636161988674 -5357.060927795245
-29464.57380244985 62098.53869026161 -6117.058562842471
-26575.9662833527 -62061.46660557155 5918.487775643758
-26792.132213674115 -60710.83236977246 4784.819200170888
-27386.04939542492 -60487.13437459508 3845.952197371454
-24476.423943977148 -58569.23741616816 345.8005096134171
-23776.919251481413 -57671.35656217952 -2023.5687344139244
-21848.11294364124 -56976.045933847854 -5753.0716291773815
0.0 0.0 0.0
0.0 0.0 0.0
0.0 0.0 0.0
0.0 0.0 0.0
0.0 0.0 0.0
-18543.854148465907 56875.04764208272 2683.7525185229374
-20961.91614945697 58878.77906303286 375.3126713717821
-23088.314709322 59484.57075756783 -2418.966315679253
-27126.130498399907 63460.30404753549 -4699.293470418819
-27828.76801644065 62357.74689652392 -5261.009120493557
-28364.984547545177 65626.25916339815 -5404.2015969247
-23689.654868160516 -59810.592088670826 5533.310558466245
-25692.52753235401 -59742.28736791455 4658.913765447212
-25052.107644600408 -57606.31878496361 3454.943683226909
-24706.827766163256 -56448.11515435573 1656.4653122673624
-21312.631309595265 -54618.72246117466 -1595.841125606732
-21810.084695992355 -54045.58540276208 -3737.5794966435615
0.0 0.0 0.0
0.0 0.0 0.0
0.0 0.0 0.0
0.0 0.0 0.0
0.0 0.0 0.0
-17776.16598645551 55493.40579406247 1733.6913877980478
-18588.418647615148 55819.60530177498 -603.1799211639861
-22002.773991152648 59515.02598154928 -2785.821741580391
-24400.060349438667 59231.95091046624 -4270.072704125279
-25519.47031410673 64125.55078360244 -4662.492150833299
-24552.037212161747 61986.19096074296 -4712.858644541648
-22042.18739944769 -58148.13126256659 5411.992071636877
-22690.406387030307 -56674.196525241765 4531.974865824594
-23863.420539000144 -55857.45608773198 4166.866976826777
-21788.825643190637 -53289.569335389184 1517.735218153614
-21234.90872146344 -52056.859265193285 -143.13325568142972
-19144.878105242213 -50948.147507677255 -3374.237881935451
0.0 0.0 0.0
0.0 0.0 0.0
0.0 0.0 0.0
0.0 0.0 0.0
0.0 0.0 0.0
-15999.831042674485 52974.62332765752 1002.6892539565696
-18065.8656906655 55052.58023328517 -1128.7591239201668
-19740.160711896613 55983.45033596159 -3141.1132846914115
-22437.99595536872 60280.86797270209 -4612.908544080617
-22362.95283487083 59896.22867064066 -4460.3518585076
-22070.641080174308 63564.70777939623 -4135.578800972368
-18924.858363902404 -53468.18696237524 4591.995818344483
-21325.06163380912 -53308.02104547369 4363.306197536754
-21135.147670806924 -51508.93973431417 3609.411891292471
-21494.95426690499 -50218.50135277502 2627.257685402424
-18470.801139983632 -48286.52023173056 -78.66099636142356
-18595.396155274324 -47806.09128895141 -1688.8338997485926
0.0 0.0 0.0
0.0 0.0 0.0
0.0 0.0 0.0
0.0 0.0 0.0
0.0 0.0 0.0
-14890.0835078547 50616.51238623279 184.7222235431275
-15559.44669541098 50952.4497051367 -1590.9688792635675
-18188.09027555851 54361.46561605794 -3524.86494385905
-19466.75713942704 54510.0870735534 -4052.597430141589
-19528.50017952765 59337.90019952901 -3908.7258068793526
-17789.799063859886 57703.63161744728 -3460.144260418454
-18597.63106424029 -48740.28567849913 3973.753756313965
-19327.39691735165 -48683.30464168236 3597.34136565843
-20253.92578182977 -48288.277931348006 4063.933810671324
-18754.289735070062 -46388.98456573576 2190.5408002168333
-18426.736870002504 -45555.00870162738 1043.8440620330327
-16251.67513302865 -44796.12505081758 -1618.9327606646016
0.0 0.0 0.0
0.0 0.0 0.0
0.0 0.0 0.0
0.0 0.0 0.0
0.0 0.0 0.0
-14039.458176692422 47711.41078640276 -183.59343839696425
-15316.998394611765 49108.85815232578 -2019.3543813403949
-16095.648622866458 49662.922574585886 -3395.885721101697
-17509.044523323817 53406.76923141674 -4279.020153731558
-16519.21321700247 53090.043022492704 -3600.4249901440976
-15252.97238792031 56268.3261430137 -2975.244859565185
-17663.4468334938 -44658.77993412989 3046.394694442095
-18410.558119264213 -44289.764686749295 3363.938569952473
-18644.659296876453 -43399.90115918903 3131.6511184217507
-18870.81825097549 -42995.98809625321 2950.3471949558216
-16451.9011291024 -41950.22416759893 930.521946430522
-16849.77302863027 -42144.14165067077 -260.9833404537844
0.0 0.0 0.0
0.0 0.0 0.0
0.0 0.0 0.0
0.0 0.0 0.0
0.0 0.0 0.0
-14389.267030621895 45105.78370128725 -1036.799624528137
-14279.698714974204 44317.05840059635 -2069.8376552376158
-15316.080265383684 46746.61038670205 -3534.070045376116
-15173.899169033768 46309.62568105306 -3448.299428116736
-14253.97359741829 50123.781458940684 -2966.121380842893
-11916.711420052288 48571.40890995955 -2096.0229439972195
-16742.633800967178 -41314.25486437317 3052.5148421653294
-16850.11309020609 -40369.08566770373 2743.190858352457
-17881.654495803115 -39461.908276346985 3217.4634786003394
-17349.32276245594 -39305.343796940186 2398.6398960950555
-17492.376397192278 -38908.95382194443 1918.994227406409
-16833.443757642708 -38192.26347296804 109.1697466682616
0.0 0.0 0.0
0.0 0.0 0.0
0.0 0.0 0.0
0.0 0.0 0.0
0.0 0.0 0.0
-15623.813197402533 40238.57174146181 -916.330669000342
-15268.475348954464 41362.448377474095 -2415.237068619831
-14814.971539068074 41122.581847056914 -3004.0685734749004
-14171.17440058296 43293.09760034987 -3244.860431912004
-12322.318397497364 42677.34517871316 -2176.391365724344
-10414.37028765396 44336.3713783186 -1522.5903605620056
0.0 0.0 0.0
-15815.544636135215 -35773.42608030019 2424.5383848726533
-15888.82517201343 -35618.87495878178 2438.348386596137
-16936.348285849064 -35177.280601492144 2924.7261946138383
-16931.856528800763 -33986.75227217527 1638.796359137771
-19106.91434175827 -32769.1379683405 945.4934490265136
0.0 0.0 0.0
0.0 0.0 0.0
0.0 0.0 0.0
0.0 0.0 0.0
0.0 0.0 0.0
-17806.190214783182 35603.83975768787 -1356.265695070314
-15735.115449685256 35142.442047794124 -1895.7724003758535
-15013.506865683352 36961.38797820267 -2829.80683449297
-12921.624034872888 35792.18572331486 -1911.1660916586272
-11100.616871696766 38438.23221396154 -1519.5813130227089
-9005.181306357346 37832.92416116975 -705.5192697928735
0.0 0.0 0.0
-13389.950074828545 -32560.50038349645 1807.8645065155392
-14315.1969292947 -31039.92903579216 2460.721355183113
-15584.540223432376 -30114.83124612133 2212.114164431714
-18316.40047607246 -28564.75937554189 1877.755662794752
-19406.85536592724 -26885.73544440331 797.6527221067225
-23595.31122246437 -22611.738319592878 710.0130742556585
0.0 0.0 0.0
0.0 0.0 0.0
0.0 0.0 0.0
-23185.220159434542 25139.65080749481 -720.9251127401782
-19255.27762130193 28511.899930610693 -936.2442297556968
-17227.958177851175 30762.51906920056 -1740.641865791691
-14783.164726636962 30135.796305710803 -1679.650028313183
-12632.529167163491 31732.9450133026 -1353.619266450495
-10263.07082253135 31747.150912948044 -508.16033135000026
-8869.445838401949 34715.178129593616 -151.71492695057844
0.0 0.0 0.0
-10971.524054835454 -28115.44788613817 1690.2592486649748
-12070.114603711672 -25976.093669007834 1474.428856710736
-14025.40807461412 -24140.032684929312 1781.3054430357397
-16268.89847601985 -22991.48701168513 1309.1397766215769
-20378.340382756 -20569.94051243178 1013.6344574685824
-22707.8839268024 -16086.466683492014 496.2231451068363
-26024.41250190677 -8374.984538277948 406.6987410895094
-25985.427175280016 -61.09727686348285 334.1709032931414
-25792.907640811973 10548.09152902738 -5.495223842824899
-22724.78356513616 16981.536097205826 -289.7644670751313
-19885.71042608914 23116.12144442666 -714.9302408480233
-16123.697819914923 23723.08353368975 -731.3604017465391
-14047.394999683434 26304.827477740077 -878.2813355377264
-11778.17905134602 25973.609408581982 51.04453437122062
-10345.06531605402 28570.11741274313 262.32760887539814
0.0 0.0 0.0
0.0 0.0 0.0
0.0 0.0 0.0
-10825.629502590533 -21333.424322190556 1023.8212925096094
-11985.49988080066 -19244.487939125334 657.5153732283735
-15080.115711664315 -17393.405433747947 907.651058031833
-17831.36319209193 -15541.457509149785 581.7155946933984
-21721.754351560583 -11586.599936221888 443.1142630689125
-22596.35190760813 -6592.406147811843 290.2468189076223
-24253.616168043354 741.0132641854914 89.96438588039295
-22732.870265664427 6951.429259826279 84.67632379268323
-21582.736544211275 14275.73228572295 -188.77918891007425
-17871.88877269988 17034.967900562504 -105.591591019803
-15586.80519736101 20097.442545526326 -252.9311545424763
-12563.873164420917 20670.549259685235 470.9371706789968
-11278.67792065849 23514.796695271445 486.7964573364456
-10082.644937136123 24240.344157333115 1383.6303323757363
0.0 0.0 0.0
0.0 0.0 0.0
0.0 0.0 0.0
-8926.738522151438 -17402.153846709734 -80.91479710090383
-11279.275671335574 -15158.573766750498 149.25243286438388
-12372.574293638552 -13126.867837970878 -38.622360135577885
-15721.62399465774 -10723.67891868388 144.17314303051475
-17435.83216070972 -8837.666646914195 165.06805067224292
-20026.67145615769 -4391.219624563816 247.6108655662856
-19779.43988073922 -37.51230812322461 144.554282263279
-20014.797131469204 6329.684865388825 207.8756756261701
-17387.028751036632 9671.791761400167 314.3798216795716
-15709.930177237537 13884.88838890908 407.66306250402494
-13056.369653198704 15140.948903964658 1062.278550711796
-12072.166274047562 18320.194653058043 959.2711357904152
-10243.039706921494 19124.83816068246 1657.879435302941
0.0 0.0 0.0
0.0 0.0 0.0
0.0 0.0 0.0
0.0 0.0 0.0
0.0 0.0 0.0
-9797.4329287715 -11997.728036588229 -603.9858154599386
-12038.712935214076 -9828.13610102821 -387.2186073231888
-13297.299792881016 -8408.977845175239 -281.5747339706252
-15475.27693314012 -5951.204702574691 55.37154357630745
-15547.678461517811 -3591.15197074363 372.9876300762161
-16334.29716161102 504.11660026583166 600.7159837865562
-15394.280816767005 3891.325334710962 634.8395200920503
-14687.183165925304 7990.377468651625 887.3303352551308
-13012.262637634873 10606.718344177438 1220.807692042239
-12246.251975654066 13861.30364807325 1343.9436253304973
-10980.030113763083 14620.280492791218 2013.2278349798944
0.0 0.0 0.0
0.0 0.0 0.0
0.0 0.0 0.0
0.0 0.0 0.0
0.0 0.0 0.0
0.0 0.0 0.0
0.0 0.0 0.0
-10811.711424405165 -8040.633705132907 -779.9411237621099
-12580.951483518676 -6443.107134771785 -143.95174231492564
-12563.819496508426 -4906.961212138626 20.29311186472036
-13361.176295909294 -1911.059637076641 724.0572667316162
-12636.73235502873 183.1827138634835 1043.8609578077378
-12705.248758035865 3891.848479202148 1293.0294084737195
-11639.755545986322 6117.431459423214 1550.701436071256
-11431.433763149207 9239.977255580228 1763.1853556246845
-10479.256253923248 10810.256407873578 2096.6916535779987
0.0 0.0 0.0
0.0 0.0 0.0
0.0 0.0 0.0
0.0 0.0 0.0
0.0 0.0 0.0
0.0 0.0 0.0
0.0 0.0 0.0
0.0 0.0 0.0
0.0 0.0 0.0
0.0 0.0 0.0
0.0 0.0 0.0
-11433.181492695943 -1876.134603200636 1215.1026081128564
-11061.851524427302 1232.673300589612 1523.7274416764612
-10400.93639477686 3055.6298605236025 1704.068699007343
-10822.585310071814 5545.184424284805 2001.955656015746
0.0 0.0 0.0
0.0 0.0 0.0
0.0 0.0 0.0
0.0 0.0 0.0
0.0 0.0 0.0
0.0 0.0 0.0
-25600.607914028977 -74561.13010194837 12924.65827332233
-30385.115391636595 -74929.25460028098 10989.718576127434
-34645.87004959707 -74255.47738836463 10626.18485132333
-41606.81277146752 -68661.1431590186 4014.1105952506673
-42591.21986426182 -62488.72000507845 1409.2068951019185
-45130.2101238872 -56528.25212330022 45.80035147001499
0.0 0.0 0.0
0.0 0.0 0.0
0.0 0.0 0.0
0.0 0.0 0.0
0.0 0.0 0.0
-45712.489329737 43660.23658620134 2555.369571644153
-46994.49995226006 49738.05853027515 630.3134496029189
-48172.73659870472 58322.68093002449 -1288.4052960711613
-47553.98371295839 63970.45768758219 -7076.518063132782
-45236.270372206505 68587.71974351266 -8654.21451855239
-44114.59794621442 68842.9309639998 -10605.632978663143
-26778.174094423142 -71058.18167920245 9502.58822257317
-29741.428747282105 -71815.90213006301 9618.303411408666
-34860.20012155368 -71387.98123717833 7430.325454779376
-38172.95029536802 -67538.18202250307 2016.3003388492064
-40141.99286725144 -61763.53096261642 -534.4292607072381
-40056.76228568198 -57701.99903536796 -1306.4126720458094
0.0 0.0 0.0
0.0 0.0 0.0
0.0 0.0 0.0
0.0 0.0 0.0
0.0 0.0 0.0
-39733.10332846175 46254.34594035308 1486.7368542167108
-42546.14783283825 52647.04748572009 2076.0461974600694
-43765.8334209525 58479.35459681896 -456.84700859389335
-43424.80853802439 65780.74784785754 -5227.289600295333
-42390.73014967338 67416.01072228652 -7445.093702762662
-41255.431708544726 68944.09988391362 -8261.301348867282
-28122.739645538262 -67290.4155104494 8788.220574039597
-30970.99267480577 -69165.84430246934 7160.209252936528
-33013.50284287564 -68220.349698247 5060.3595594569615
-36348.44635549567 -65871.05007849443 321.0010391463471
-36031.16652047245 -62269.03631039973 -2881.6229388785173
-37207.2648709665 -58552.05885235939 -3889.615195164021
0.0 0.0 0.0
0.0 0.0 0.0
0.0 0.0 0.0
0.0 0.0 0.0
0.0 0.0 0.0
-36623.11324945626 50701.90971806295 3990.817672108608
-37900.34205401765 55046.00277796045 2328.7397331848583
-40359.92999786443 61725.13541415085 423.8318980222246
-40666.66041015018 64450.23137879712 -3935.525064459415
-40591.72367429361 69002.68325748938 -5791.985301595141
-40577.57736363169 66735.85268692384 -7628.7206073084035
-30422.041757663803 -63964.14148740794 5677.654906382204
-31491.884598795576 -63999.22787346065 4507.2081598784125
-32752.07045139788 -64091.24131280917 2622.441013369941
-33217.762321608265 -62683.11741969929 -1655.4115841069658
-33527.35561517201 -60872.374546710176 -3719.407168499497
-32578.99750814446 -59626.37066353377 -5731.6867795535645
0.0 0.0 0.0
0.0 0.0 0.0
0.0 0.0 0.0
0.0 0.0 0.0
0.0 0.0 0.0
-30519.167293630515 54803.34840761684 3328.8052339928577
-33565.722917303465 57773.672404109166 3356.375032333784
-35307.871680587166 60273.5489396054 929.6335123294951
-37546.82069870696 64250.97021428799 -2735.3435612549174
-38055.82685697652 64870.351968420175 -4436.607222363675
-38713.34115857984 66976.79614612863 -5576.962318844514
-31258.560506683632 -62294.124373799415 4794.21448234412
-32321.622808534685 -63015.174397144765 3559.935043229043
-31720.545719979287 -62293.796409529474 1956.2964729228536
-32482.16813849339 -61676.887954631486 -1178.9638977820869
-30666.983243114337 -60354.77496391861 -4017.336856077737
-31571.053193917924 -59402.70674404273 -4700.654422770935
0.0 0.0 0.0
0.0 0.0 0.0
0.0 0.0 0.0
0.0 0.0 0.0
0.0 0.0 0.0
-28971.889278787607 57700.363077490736 3385.3419623584346
-30334.711705669317 59048.338499961705 2101.6322774763944
-33427.801794882966 62757.61228108289 231.46060304871867
-35595.78857580675 62887.83282712993 -2587.7404586066928
-37166.720250253726 66571.85009649786 -3827.576910165365
-37390.9436229481 64895.27061309282 -4912.022846852836
-30947.9062158578 -62545.70274984289 4115.850926550239
-31360.752241266837 -61699.3542096016 3215.282183001453
-31577.26255937311 -61287.61275763457 2025.931883625991
-30780.422932924863 -59801.55991661225 -1249.9382525748304
-30431.56805882864 -58882.04802161719 -2897.737912833952
-28964.76913682141 -58331.40534952777 -4850.930399507035
0.0 0.0 0.0
0.0 0.0 0.0
0.0 0.0 0.0
0.0 0.0 0.0
0.0 0.0 0.0
-26142.056735099635 58188.20375255341 2231.783843854618
-28650.18526337989 59775.967509949616 1815.251993009944
-30789.53799442305 60900.0250092936 62.92996364096502
-33460.24869008989 64022.75750948703 -2547.274591639142
-34534.52113785721 64405.36861773207 -3530.729939583632
-35416.9538004075 66731.48210094839 -4108.687530465497
-29344.668881148427 -61815.77046866352 4060.0922133805184
-30366.609614309287 -61688.27584039901 3087.929625185044
-29535.638245063987 -60098.20786444764 2008.786032480138
-30054.43728972764 -58658.11514621516 -102.9445649169442
-28158.973080666023 -57024.893700139335 -2544.1661186706874
-28649.970081435826 -56565.57448609362 -3251.6335482437707
0.0 0.0 0.0
0.0 0.0 0.0
0.0 0.0 0.0
0.0 0.0 0.0
0.0 0.0 0.0
-25576.421353921967 57883.9122611788 1737.2719092874595
-26560.71695508314 58760.49108013131 837.6332905145598
-29409.657072007813 62105.411921236206 -857.6005122741971
-31331.81473962807 62558.192571726846 -2611.4759168561027
-32677.02676037239 66584.30466824972 -3213.49121654546
-32720.404110406253 65335.09603365623 -3773.7031178823786
-26956.703514363075 -61065.25296689916 3729.479376793933
-27633.18055994329 -59513.77737083099 3034.507351957982
-28250.53874716797 -58215.61128592655 2445.8052487262416
-27628.232909682694 -55800.15781725962 -118.29695269977604
-27377.43470329219 -54456.75930621264 -1286.4185525473845
-25999.69063514829 -53527.4817967763 -3097.414263261028
0.0 0.0 0.0
0.0 0.0 0.0
0.0 0.0 0.0
0.0 0.0 0.0
0.0 0.0 0.0
-22961.30199771377 55984.16691444285 1064.9946396654695
-24919.987327271483 57587.23950646083 423.2272750264562
-26681.016026881112 58941.8321278524 -826.6321925591037
-28371.562632209643 62599.7972628956 -2630.4537303157235
-28795.21223133902 63645.38419408734 -2979.542805958312
-29039.23284762076 66553.06553272608 -3080.338237692924
-23772.629103140967 -58230.85652155604 3601.8677096992487
-25525.685579290825 -57592.82470191309 3089.8530349396574
-25306.62087140707 -55552.04377932187 2366.418854218563
-26236.763361856643 -53542.13852092091 995.5483612025056
-24650.526185312603 -51426.125170626365 -1074.7901926904742
-24916.823730289794 -50807.02186225941 -1748.719918163857
0.0 0.0 0.0
0.0 0.0 0.0
0.0 0.0 0.0
0.0 0.0 0.0
0.0 0.0 0.0
-21907.312571205457 54066.61089283163 523.0224860287223
-22639.463392003483 55068.47543107789 -156.13748689196115
-24776.13452671608 58477.547211454585 -1679.8622182702888
-25552.37410729284 59587.25498277468 -2620.658598848593
-25827.05536284044 63966.390620071936 -2711.012549046693
-24931.657013844797 63354.13000836004 -2806.524712091521
-21135.715113037924 -54687.32228320506 3057.417838490004
-22459.458163664443 -53485.17214687984 2771.8479196474277
-23708.475134599536 -52207.34887457847 2699.1795625842974
-23532.641658718792 -49779.80479012454 776.2093639664348
-23458.525235899604 -48397.433276832366 -116.455814007865
-22049.30950889873 -47374.50008019194 -1784.2591337839865
0.0 0.0 0.0
0.0 0.0 0.0
0.0 0.0 0.0
0.0 0.0 0.0
0.0 0.0 0.0
-19183.795581967257 51280.40577482587 221.6321617789309
-20716.971824570497 52622.08563713773 -589.4842687143895
-21870.174896189616 53962.49111647005 -1429.8862820776976
-22271.220351261363 57628.32650421063 -2617.3401606515104
-21579.66181515143 58949.73202458935 -2486.9306732406662
-20662.550687213952 61907.54630783109 -2227.721917886483
-19018.08661626844 -49790.6923927441 2375.512001056776
-21014.63410177604 -49662.00550566626 2659.49164477403
-21128.230633955005 -48387.613443959184 2443.6517346507712
-22227.12878247764 -46843.42678224612 1673.9447888218028
-20975.949385214382 -45104.77394219752 -25.95189920444769
-21096.958451541475 -44896.56422477803 -697.588778100258
0.0 0.0 0.0
0.0 0.0 0.0
0.0 0.0 0.0
0.0 0.0 0.0
0.0 0.0 0.0
-18549.776713164283 48780.18016168038 -393.1504856481299
-18803.434126832974 49288.20384003949 -850.0775866116338
-19986.49105379595 51999.05287923835 -2113.192687622591
-19607.455171872614 52925.72560088031 -2422.4949324260856
-18683.38594312046 56782.659986277344 -2255.5030713156584
-16757.535863401692 56263.94507786168 -1962.137895797492
-18317.208757202643 -45236.66869396935 1904.3305095232363
-19444.617140618924 -45123.94875565077 1992.0477169613976
-20329.115732433027 -44248.2450827095 2527.1043869799178
-20185.467826066848 -42776.74835804432 1227.066966593973
-20385.84264802153 -42003.337436943824 697.1295228823526
-19283.98981738038 -41586.77593486342 -617.025501031359
0.0 0.0 0.0
0.0 0.0 0.0
0.0 0.0 0.0
0.0 0.0 0.0
0.0 0.0 0.0
-17688.35595352967 45462.05161517119 -452.8004456582184
-18034.01444458225 46035.97466472044 -1174.399280342065
-18003.74557066738 46697.128575046285 -1592.5271119965698
-16991.396755438815 49223.2393994639 -2308.414979205472
-15242.828695085798 50043.6731150546 -1828.480819784312
-13335.354581466485 52290.28968194399 -1319.017761826968
-18022.71721664136 -42032.95964531387 1762.820870894482
-18252.647066685284 -41143.05247404756 2016.694329547532
-18867.87360002033 -40578.81715861177 1932.622677335961
-19707.18178305911 -39662.81295788018 1852.9881400867407
-18990.35972123281 -38543.8670189366 712.6114356517512
-20106.416298589746 -38426.64274186778 218.61311807517404
0.0 0.0 0.0
0.0 0.0 0.0
0.0 0.0 0.0
0.0 0.0 0.0
0.0 0.0 0.0
-19074.8771031119 41659.18253432224 -813.3348794936089
-17901.171027148568 41623.06998668826 -1150.1672295607518
-17463.93469755015 43316.71313944228 -2085.3835354142907
-15398.889466531791 43249.23791491739 -1843.6725283459973
-13349.91781496795 45991.51330555924 -1416.1387120425463
-10704.51519664636 45344.5336622221 -756.8910257138829
0.0 0.0 0.0
-16013.737800295376 -37726.47686199029 1527.1269868697425
-16774.77521219522 -36453.54116693889 2113.692482606834
-18007.763556656853 -35235.41320451711 1540.9255899565017
-19627.576376622037 -34331.95512514392 1163.30657644069
-20512.30569544273 -33149.43236387113 287.33523645693896
0.0 0.0 0.0
0.0 0.0 0.0
0.0 0.0 0.0
0.0 0.0 0.0
0.0 0.0 0.0
-20289.656849964904 35830.38684270858 -396.4313393364954
-18425.63296261007 36850.94410917207 -1200.4718841786373
-16551.049834082638 36936.36802178973 -1350.056642840175
-13885.932248438516 38615.38294282713 -1377.529518905026
-11416.625820044328 39193.27118625712 -705.4762644511602
-9155.01257937457 40598.6954322794 -414.6669459943339
0.0 0.0 0.0
-13724.576381596658 -33542.11326772744 1541.4878660889858
-14783.843477817258 -32104.91889482119 1548.969042795683
-16870.415619319527 -30508.905999563925 1796.5419385449156
-19095.847053074107 -28743.291739803077 1007.4984406770016
-22176.31781383536 -26861.613558726265 685.0778378253065
-25126.87360385229 -22230.24746845009 248.61858686345212
0.0 0.0 0.0
0.0 0.0 0.0
0.0 0.0 0.0
-25483.448337130867 24593.40994772077 -184.90607876750423
-21963.0243818534 29992.905031094968 -759.8124246044088
-18970.828190547083 30453.864905103168 -684.2405915160452
-16099.296793814734 32516.39382193584 -1283.2648918562943
-12984.255683313042 32754.2404907729 -509.4217718534678
-10573.104199434292 34726.811471391855 -378.6238802128617
-8591.318815571392 35417.51815968745 72.16658409360215
0.0 0.0 0.0
-11711.572421321976 -29540.846566260017 948.3012234982432
-12489.487133314484 -26787.40435187397 1048.0032848500298
-14272.769534144018 -25166.066265616788 1012.7870621828346
-17960.16816343822 -23071.17374578693 973.589421737138
-20942.365334844835 -20720.70978798892 557.4474822124512
-25026.105428991315 -15581.63847264948 444.04764539410905
-27063.27136156221 -8912.224797108895 297.503802057429
-29013.514759922706 870.0825808400992 157.7648655389199
-27489.252841938556 10091.879605251976 196.1740855655332
-25288.55526025182 18525.69740014331 -227.9880643011991
-21213.1007015048 22836.70753891693 -121.64421366094724
-17888.508397416288 25706.725839194736 -550.6202222358191
-14442.596656533444 26828.21746493122 -155.9918083669276
-12106.224084845211 28743.22041450168 29.641294849982287
-9809.960780552046 30075.940607997287 430.14857713281873
0.0 0.0 0.0
0.0 0.0 0.0
0.0 0.0 0.0
-10724.285044748289 -22569.165898738847 495.0116215060208
-12864.07735186701 -20054.493593565207 683.8175466494488
-15298.14970686618 -18072.796624525497 525.1415618513911
-19401.53839198434 -15273.769416355166 519.7722864798948
-22151.728356855478 -11920.358009233782 274.1837350299348
-24991.941611706323 -5739.569358027901 178.38980149883903
-25290.733742302116 454.5540722575667 60.455613978930586
-25374.960885173077 8325.31529257936 23.02881064687013
-22602.075024766407 13896.389767561554 108.4989753485017
-19635.170500257675 18703.169518950075 -88.89129418348526
-15972.019060512102 20602.490609503628 180.22171972997725
-13353.267922369929 23469.76514062233 306.6002348758467
-11153.679616202397 24066.578586479565 506.75809775336336
-9703.675635059346 26910.824345250345 846.1030859998086
0.0 0.0 0.0
0.0 0.0 0.0
0.0 0.0 0.0
-9380.165328225568 -18388.7607047599 182.05892716188055
-10777.91478454798 -15919.65741513952 92.13565183077642
-13330.03531507503 -13554.430017522049 206.722732108132
-15974.920243879158 -11399.19508970964 193.3658691920372
-18921.99649125385 -8203.887565362993 272.8254872661214
-20350.433548484278 -4272.514939754036 231.792033678018
-21576.14601603546 1142.6033616551474 188.9421881027148
-20457.802070547084 6290.667373382179 314.00934457506946
-18832.508981643365 11320.864138811306 291.7909147560356
-16028.679088151484 14590.302334768892 701.9216227092718
-13801.802010327676 17649.3985250882 802.0913100763835
-11767.49341408125 19704.96445354 782.441368308744
-10411.126749359482 22146.529567995683 1079.921169896943
0.0 0.0 0.0
0.0 0.0 0.0
0.0 0.0 0.0
0.0 0.0 0.0
0.0 0.0 0.0
-10356.909844175078 -12561.065281577548 -240.1285166021553
-12171.444835540196 -10599.384390942929 -208.9801572392696
-14394.98175835963 -8348.643106902504 -158.82673420684273
-15813.438285887409 -6301.953150488283 183.79162897173177
-16957.583684282716 -2565.7105552027647 530.1742866112455
-16701.80254467068 1014.9811719473244 626.7415906819124
-16498.700821128015 5681.904089148669 787.3561571598016
-14991.108608012437 8994.523542981686 942.5667902936932
-13933.958702665925 12732.109122793194 965.0714823157444
-12088.007904413666 14495.761412941269 902.2246966709636
-11235.056804059204 17585.166668408143 1456.9034504914475
0.0 0.0 0.0
0.0 0.0 0.0
0.0 0.0 0.0
0.0 0.0 0.0
0.0 0.0 0.0
0.0 0.0 0.0
0.0 0.0 0.0
-11571.956720228094 -8237.156851572805 -487.1514137367668
-12601.15173099718 -6714.745587005685 -213.6744776768977
-13748.408237455866 -4412.241787435689 189.87622504349903
-13610.011294627386 -1913.068055384526 527.3786339518919
-13704.21190206403 1574.5087413992092 926.1555395817164
-13040.866847719652 4710.811007840846 966.2752124270984
-12331.289569423512 8075.394699509518 1104.9603177415786
-11478.33049253523 10544.99326212989 1287.0305458804332
-10868.78422745735 13161.122073667497 1395.35759148595
0.0 0.0 0.0
0.0 0.0 0.0
0.0 0.0 0.0
0.0 0.0 0.0
0.0 0.0 0.0
0.0 0.0 0.0
0.0 0.0 0.0
0.0 0.0 0.0
0.0 0.0 0.0
0.0 0.0 0.0
0.0 0.0 0.0
-12038.329066237682 -626.3965493201138 890.7191252721448
-11226.034289794956 2007.9080289338483 854.6884868218266
-11050.466298638888 4586.820601155857 1039.790063367847
-10654.844010526696 6864.697123367135 1365.079464814728
0.0 0.0 0.0
0.0 0.0 0.0
0.0 0.0 0.0
0.0 0.0 0.0
0.0 0.0 0.0
0.0 0.0 0.0
-27138.70596556882 -81096.03851576525 -3.623986580910591e-10
-31523.36248072776 -81215.83078695196 5.743329113881503e-10
-37995.84810958034 -81155.82485305886 -1.8262187204061028e-10
-46423.59793223477 -74232.04646072733 3.9872014521955485e-10
-46661.12458296186 -66670.95414512015 -7.846340720009591e-11
-45966.41724646557 -60977.59260988685 1.3712381657499532e-11
0.0 0.0 0.0
0.0 0.0 0.0
0.0 0.0 0.0
0.0 0.0 0.0
0.0 0.0 0.0
-48901.98606628776 47519.07465900829 -5.845121310043255e-10
-51974.33214458943 54236.85774861296 -3.970171746914275e-10
-53693.85328512496 62654.28344081943 -2.3616254251324925e-10
-50929.39541462082 71136.56322354329 2.9004427349905315e-10
-48916.70653907346 74635.18888606805 7.515024792935166e-11
-48473.68825502599 76339.1595808667 2.6193447411060333e-10
-28466.21494810507 -74718.10469873255 6.406480679288505e-10
-32251.91574844584 -76352.56059476387 4.661644120363796e-11
-37237.95065921878 -75260.77123794732 5.811233887260852e-10
-43057.849598206725 -70779.59299629022 4.696140912039062e-12
-44234.22082718765 -64959.82622187365 -1.8525149263292944e-10
-40695.07414929959 -60016.59020478677 -2.0913181028195788e-10
0.0 0.0 0.0
0.0 0.0 0.0
0.0 0.0 0.0
0.0 0.0 0.0
0.0 0.0 0.0
-43056.00520235719 49419.446388461605 -3.8382625332035644e-10
-47629.3421355446 54831.54761531523 -3.9205510705521207e-10
-49683.41959638512 61568.31404818345 -2.8639354136080675e-10
-47565.799066389176 68696.17393888911 8.395335708673184e-11
-46480.17035647464 72023.86875485689 2.7814331452704053e-10
-46515.97819821401 72746.34149541393 1.629814505577087e-10
-31231.43983282735 -70216.83332325035 1.0871959742731771e-10
-32956.770549340494 -71070.92798335743 9.386772385019306e-10
-35628.054609142324 -70069.0930179002 -9.098936029579164e-11
-40025.56160916852 -67177.48490698216 -1.004034282615114e-11
-41364.565546269965 -63375.09197366398 -6.902977335042894e-11
-38997.62633523939 -60087.59894767728 -1.8581676368529979e-10
0.0 0.0 0.0
0.0 0.0 0.0
0.0 0.0 0.0
0.0 0.0 0.0
0.0 0.0 0.0
-39808.397872153866 52133.194532733694 -2.032771671787113e-10
-43247.50891109291 56674.452109941056 -1.0212576083946401e-10
-44627.62311771292 61667.19287021918 -9.345656412494319e-11
-44157.00808736795 66615.34292712082 1.0402744552712853e-10
-43941.70091481628 69421.6237961337 1.8761607652077844e-10
-45007.76895454396 70526.06289394823 2.4537700646294225e-10
-33153.291043706755 -64986.14525360627 -1.2278178473934529e-10
-33533.10893172482 -65114.12559943538 5.053860919500809e-10
-34558.79136816887 -64777.01422273199 5.004614266861033e-10
-36870.057398789584 -63197.91874246814 1.5784519889980162e-11
-36938.561850331 -61345.39408410798 1.6151838840764518e-10
-35371.68342070697 -59772.487699172605 6.921487884261669e-11
0.0 0.0 0.0
0.0 0.0 0.0
0.0 0.0 0.0
0.0 0.0 0.0
0.0 0.0 0.0
-34433.29751649078 56121.0176356594 -1.187590197122727e-10
-37957.769783699725 58403.70594722813 5.6276077814870325e-11
-40030.8257297337 61532.7605168196 1.6863547595373044e-10
-40711.9615277569 64829.02991793321 1.3366181455989646e-10
-41825.49760342334 66828.12385114297 1.0096156389548784e-10
-43082.68747704966 68158.50114598074 -2.5652414665390285e-12
-33924.918350914704 -63072.59427621967 -5.203592314874419e-10
-33887.85088587294 -63087.23882834818 -2.0784577477920369e-10
-33851.87035855258 -62478.81700140595 8.267426509471414e-11
-35089.76584439356 -61423.60235692339 1.5245604389061203e-10
-35009.39070719892 -60301.04710922435 -1.4674347207451668e-11
-33081.68467379712 -59406.08064905492 -1.2872848086632216e-10
0.0 0.0 0.0
0.0 0.0 0.0
0.0 0.0 0.0
0.0 0.0 0.0
0.0 0.0 0.0
-31634.09968267779 58310.41151579559 1.717749817031197e-10
-34661.721054776506 59998.44556078896 1.4479549183586363e-10
-36972.85685663488 62049.94931290177 -1.8118091822160703e-11
-38294.44518453036 64412.63418824985 8.613772463337353e-11
-39871.03096327714 66226.71608288508 7.102147929589801e-11
-41539.44295617506 67321.77428368977 -6.872515092627743e-11
-33537.003519237325 -62895.24253510175 -6.376782179219075e-10
-33126.90477538337 -62132.38847076312 -1.201357235913747e-09
-32935.44672327254 -61270.65137574604 -7.696828281934772e-10
-33613.74671893786 -59836.31974991676 -2.9497944827501966e-10
-33302.51841934839 -58810.59118975853 -2.1843614097004038e-10
-32104.706072444675 -58218.12800371632 -3.8170793022100736e-10
0.0 0.0 0.0
0.0 0.0 0.0
0.0 0.0 0.0
0.0 0.0 0.0
0.0 0.0 0.0
-29619.30852315205 59184.94761153678 8.390394703802975e-10
-32370.018103727016 60189.2850266313 1.7697979833778497e-12
-34563.818386559615 61957.87052712114 -2.013673126879312e-10
-35997.958183342984 64348.49751065501 -6.617571208360523e-11
-37757.047786791525 66163.49984734942 9.349977202733638e-11
-39317.807175124966 67644.79725529715 4.1883397035491766e-11
-31507.63089807572 -62501.09369361626 -2.039827543343656e-09
-31541.74024717272 -61500.841971171976 -1.5624539610843595e-09
-31339.474861243663 -60009.360660724415 -9.286958103123316e-10
-31897.63863673008 -58234.23590491029 -3.3368881926626746e-10
-31743.709710423725 -56926.92318825368 -2.6528659610938543e-10
-30475.191081323774 -56153.20366654329 -9.701276818911235e-11
0.0 0.0 0.0
0.0 0.0 0.0
0.0 0.0 0.0
0.0 0.0 0.0
0.0 0.0 0.0
-27961.828460002915 58464.16673304629 6.808573534027136e-10
-30156.05209584165 59712.07940340173 2.2302952647106184e-10
-32240.543060615197 61486.91633017601 -4.4883364081901506e-11
-33411.59022261609 64005.42320311048 -1.1892341302754766e-10
-34768.05542176777 66243.16072089385 8.177800317263553e-12
-36166.29561714417 67894.02168531204 9.878511683872111e-11
-28709.23515998894 -61412.529934386366 -1.999768965805952e-09
-28985.498508458066 -59845.6956256337 -1.152917897902975e-09
-29250.53638791144 -58142.40636047728 -6.266353673772915e-10
-29857.94870848221 -55861.85046421623 -2.81203894477936e-10
-29622.14041850047 -54382.40563316475 -1.6080128681586267e-10
-28879.121548636507 -53473.4038193564 1.1389672111433286e-10
0.0 0.0 0.0
0.0 0.0 0.0
0.0 0.0 0.0
0.0 0.0 0.0
0.0 0.0 0.0
-26010.98439580545 56993.825293591726 6.590382257015265e-10
-28032.09427832019 58083.850497709456 4.182822976872558e-10
-29695.439625013914 59993.949930413575 1.194549488565443e-10
-30389.992197721436 62921.46368942046 1.0555822882452047e-10
-31237.091056730813 65358.62932462087 1.0237390422564484e-10
-31908.75218659952 67510.33332063042 1.7637201101304248e-10
-25202.882314578143 -58927.23022049664 -1.339620107151299e-09
-26248.462898662056 -57463.96260319491 -7.260101579749272e-10
-26822.771855905183 -55524.67598091607 -5.420593408831465e-10
-27538.000319183764 -53236.59425005031 1.835942703907852e-10
-27571.67331717169 -51581.39072892168 -1.7618617675907444e-10
-26696.569442973258 -50509.441053998446 6.049305785638401e-11
0.0 0.0 0.0
0.0 0.0 0.0
0.0 0.0 0.0
0.0 0.0 0.0
0.0 0.0 0.0
-24039.0865728069 54644.27580462943 4.5756765897609647e-10
-25586.984191277472 55980.85875037829 4.672583687491939e-10
-27006.63890776873 57970.74146755354 1.6763024496756035e-10
-27094.008648774117 60934.426555934966 2.8625448210636685e-10
-27224.573767397284 63611.43109482458 1.9541182347473715e-10
-27307.202294688384 65751.62141147738 1.575174862339806e-10
-21998.977278068043 -55224.72874941576 -3.4935436879561915e-10
-23454.15552194558 -53869.7131847632 -8.815859495406094e-10
-24431.963635696084 -52217.40136860963 -1.1965888708736952e-10
-25274.75756242245 -49945.19032923993 -1.924837832982456e-10
-25251.83619936414 -48419.64439543024 7.113297984827882e-11
-24713.370359479468 -47452.83760132628 -3.2835090771699556e-11
0.0 0.0 0.0
0.0 0.0 0.0
0.0 0.0 0.0
0.0 0.0 0.0
0.0 0.0 0.0
-21772.6621594481 52088.97720143149 3.0335583617740597e-10
-23274.21550545556 53103.44518269551 -4.155581861526186e-11
-24202.74858710169 54974.16186074422 1.377839596802675e-10
-23773.754472055447 57964.98225339962 1.6566515800501258e-10
-23288.26028985224 60500.54606830776 1.8469957187615083e-10
-22534.74627276176 62763.49356088441 9.856357325752003e-11
-19534.409496539847 -50503.08354267208 -8.005557470497503e-11
-21229.250057203222 -49795.62259081048 2.24163661991602e-10
-22371.358290063778 -48428.20905569014 -3.1097139678119373e-10
-23149.15401581929 -46660.91997003208 -8.822098607197404e-11
-23272.218134707105 -45323.40895015826 -1.796109927454381e-10
-22667.23360315074 -44552.56028671775 -1.3162020761042068e-10
0.0 0.0 0.0
0.0 0.0 0.0
0.0 0.0 0.0
0.0 0.0 0.0
0.0 0.0 0.0
-20100.774289328216 49403.91387591732 4.952519306336912e-11
-21078.83149841841 50148.28184296517 1.205184328402818e-10
-21738.747242673955 51690.505499131126 -4.747821629024928e-11
-20643.613680163908 54182.2630904288 1.2069353703593246e-10
-19475.72744583497 56546.00222718457 1.0526417344618283e-11
-18141.58580180678 58435.09886345371 4.6757355821915925e-11
-18464.080580857008 -46072.605037726375 8.794249279415252e-10
-19906.611818979734 -45470.35727016957 2.1464966623313432e-10
-20804.589148055755 -44479.89413417077 5.183336956530152e-10
-21548.92842140639 -43038.91484650398 2.3787474913804448e-11
-21642.50701072165 -42098.81375231698 -2.3806023818906397e-10
-21424.137343065533 -41683.18498770332 -2.1714769014252874e-10
0.0 0.0 0.0
0.0 0.0 0.0
0.0 0.0 0.0
0.0 0.0 0.0
0.0 0.0 0.0
-19469.46389664653 46477.94509284398 2.503172825713708e-10
-19882.01321390791 46694.16512092866 7.10258518665796e-11
-19769.441949667787 47645.89870315398 4.465299864757088e-11
-18051.52333057132 49607.83121294095 1.3878320714866274e-10
-16228.387073261732 51462.34309471995 7.214031081905256e-11
-14254.43628547449 53147.81206632653 -2.154146946290544e-11
-18109.993271113697 -42710.65340047777 3.2484730317880726e-10
-18938.264634530064 -41882.08297806831 7.583415377136286e-10
-19531.1218121226 -40837.0442617546 4.58274180508462e-10
-20180.250288804527 -39559.058462203575 5.890972699904649e-11
-20780.28850989561 -38741.8411273565 -1.0413441049632427e-10
-21369.17793516357 -38144.26404019284 -1.4827179484200316e-10
0.0 0.0 0.0
0.0 0.0 0.0
0.0 0.0 0.0
0.0 0.0 0.0
0.0 0.0 0.0
-20493.684624584705 42163.04647260254 1.933031512635353e-11
-19598.7069233721 42617.528076424045 1.6929445879353666e-10
-18621.085617487795 43180.45280037169 -3.357451548748813e-11
-16010.453491608316 44484.16089027316 1.1695932331796237e-10
-13623.17291509245 46010.68886911477 6.481297549936034e-11
-11275.961729450475 47276.292220023446 5.364852721611849e-11
0.0 0.0 0.0
-17006.91404700753 -38522.40401862448 6.063540367481331e-11
-17640.41211515896 -36924.90019376211 1.2631036677806339e-11
-18866.15772858006 -35398.54824753683 1.7123331992096563e-11
-20466.06357003809 -34284.73729218463 -2.8175137694628537e-10
-22216.77851348273 -33077.42483277552 -2.4545252652091605e-10
0.0 0.0 0.0
0.0 0.0 0.0
0.0 0.0 0.0
0.0 0.0 0.0
0.0 0.0 0.0
-22099.40864208937 36305.37352090252 -7.153572411436132e-10
-19951.52443208158 37187.998107465326 -9.063093252820489e-11
-17658.50051668655 37897.86899064847 1.669002557990321e-11
-14475.50741071324 39160.00090208627 3.1113793802592625e-11
-11875.213777960984 40511.221444398674 1.2354861360554602e-10
-9529.10116657384 42150.83996365318 2.7411159761767418e-11
0.0 0.0 0.0
-14540.103869372217 -34731.50958335586 -3.4018481725266805e-10
-15147.06393129981 -32503.050528449807 2.3057251097520305e-11
-16957.068518467742 -30669.79012390207 5.6038635720094465e-11
-20134.626503856893 -28761.676784875 -2.1557866602961437e-10
-22690.99567001704 -26971.719950949777 -1.3431055814013528e-10
-26267.996416860897 -22003.39769848444 -2.4836942379301436e-10
0.0 0.0 0.0
0.0 0.0 0.0
0.0 0.0 0.0
-26878.367547735317 24955.00083538259 -1.1882287746326863e-09
-23036.91951160973 29888.513213532315 -9.872118360882659e-10
-20060.21262889894 31316.63501485662 -6.44014619410882e-10
-16573.89786679458 32707.873457812715 -9.066874346835743e-11
-13156.15941744865 34117.24997654574 1.0653268743356289e-10
-10514.30783959248 35631.13844586267 1.4171064321999438e-10
-8415.749482829826 37656.09629151113 1.13921546031751e-10
0.0 0.0 0.0
-11936.744950846767 -30541.5986431636 2.1912221141505023e-11
-12588.476674484393 -27722.678920884788 1.5576399429543622e-10
-14888.440787636222 -25480.38230510894 1.4635708518133987e-10
-18347.15338040721 -23191.147254054376 -8.420604564506855e-11
-22073.210586245583 -20483.54156308978 -1.3823699356924574e-10
-25659.89547676057 -15686.99433502713 -3.454339762078123e-11
-28828.67174028868 -8387.622485729515 -9.290263648814966e-11
-30391.82530938987 977.3546902248048 -2.7430554304950554e-10
-29485.81901384565 10573.374522728373 -4.4796513785238556e-10
-26452.67188998019 18580.78711370899 -7.765727471506782e-10
-22655.442491382862 23410.96432625257 -6.133317046161128e-10
-18744.032720272746 26035.010239745417 -3.3995256512354356e-10
-14924.68736224754 27935.777056781146 -2.2715328253852607e-10
-12202.589748916776 29549.92629633103 -5.012059143784707e-11
-9819.407759487089 31255.897595405688 2.0195329852867875e-10
0.0 0.0 0.0
0.0 0.0 0.0
0.0 0.0 0.0
-10650.108264395749 -23088.72167490947 3.2105518243952247e-10
-12868.148533221807 -20548.195727299084 -1.320133745908746e-11
-15891.902118163887 -18172.66789658079 -1.6227300205316984e-10
-19552.24058746741 -15383.298412952274 3.2709199091952636e-10
-23047.161730439973 -11555.60235174103 2.3539621046048913e-10
-25278.481469992512 -5720.119827442825 2.7965648245779723e-10
-26494.536637865764 1059.6555730630412 1.8991714184197078e-10
-25742.507004807 8198.729516989672 2.2316243611951575e-10
-23582.427593668133 14505.303563047391 -1.8233135636234819e-10
-20081.328816559024 18749.74997108171 -4.166572739849104e-11
-16339.006576903506 21726.20418411017 -3.412350324332804e-11
-13287.026742608336 24076.923432226715 -2.183779460293325e-10
-11477.458115170342 25562.73987175487 -1.198107687135537e-10
-9204.696301073162 27685.123502690694 1.4186283688984748e-10
0.0 0.0 0.0
0.0 0.0 0.0
0.0 0.0 0.0
-9125.656224633194 -18962.53098822022 -1.0205777441789847e-10
-11118.241318419574 -16280.568543757654 -2.6646173662609523e-10
-13660.098929576116 -13948.415661377565 -1.6332664513769982e-11
-16586.11128421075 -11323.571064186788 1.301285473138641e-10
-19282.77977807996 -8095.833320598498 1.3423224325442948e-10
-21230.067989971623 -3839.1101053993953 8.735387462110609e-11
-22061.5712720037 1372.8330149099986 1.8212033051225407e-10
-21313.72179309812 6814.840335055238 -6.42535069984437e-11
-19311.28303981036 11667.628276715704 2.0131296240147647e-10
-16560.678542080575 15570.6883976943 3.511482255067165e-10
-13899.285852801317 18599.958495101357 1.664209941571409e-10
-12431.92725478242 20939.7870744257 -1.7002978735114954e-10
-10678.640609541608 23327.546199957596 -5.197494722190587e-11
0.0 0.0 0.0
0.0 0.0 0.0
0.0 0.0 0.0
0.0 0.0 0.0
0.0 0.0 0.0
-10507.805035871745 -13278.15747063887 -1.6557066828681855e-10
-12563.187887696971 -10927.17581830679 5.578865764416858e-12
-14555.253585022236 -8861.401461758003 1.2760010042042908e-10
-16338.720197436904 -5981.203285930911 1.448048557372289e-10
-17090.919557641886 -2265.6621360373288 1.7341607515066115e-10
-17268.531123722714 1836.009087376652 4.890877566491295e-11
-16577.96772221008 6176.736104927126 2.1036502754181958e-10
-15352.805772675987 10158.902104284776 3.16717319037707e-10
-13957.272541279284 13390.626063508294 4.6419210355872143e-10
-12473.145208673184 15382.737795718003 1.2546795207728994e-10
-10867.077543088124 18682.753335295056 -3.477479742072961e-12
0.0 0.0 0.0
0.0 0.0 0.0
0.0 0.0 0.0
0.0 0.0 0.0
0.0 0.0 0.0
0.0 0.0 0.0
0.0 0.0 0.0
-12045.957183603634 -9060.53022000043 1.605561313529809e-10
-13464.783169514996 -7085.458184072722 4.864183530436412e-10
-14235.56099809936 -4535.396158817824 7.649491582797478e-10
-14227.842691743896 -1563.6744825360877 4.770939199261193e-10
-14015.077959125512 2060.8830073430645 5.924126374641977e-10
-13536.534052060675 5553.220824394469 4.152467476624046e-10
-12761.565160886386 8886.947389341773 5.081043733904759e-10
-12236.79049415158 11251.03166856214 5.225778920703306e-10
-11221.43356059388 13612.413456501989 1.8776664810795934e-10
0.0 0.0 0.0
0.0 0.0 0.0
0.0 0.0 0.0
0.0 0.0 0.0
0.0 0.0 0.0
0.0 0.0 0.0
0.0 0.0 0.0
0.0 0.0 0.0
0.0 0.0 0.0
0.0 0.0 0.0
0.0 0.0 0.0
-12203.125770969742 -512.8357634159883 7.102273464683562e-10
-11650.620135659989 2280.3169713120897 4.846090935946753e-10
-11380.582751713318 4798.001969549503 5.96787212240694e-10
-10930.207314982612 7920.954433508029 5.628928720984877e-10
0.0 0.0 0.0
0.0 0.0 0.0
0.0 0.0 0.0
0.0 0.0 0.0
0.0 0.0 0.0
0.0 0.0 0.0
-25600.607914028824 -74561.13010194755 -12924.658273323004
-30385.115391635587 -74929.25460027996 -10989.718576126728
-34645.87004959735 -74255.4773883636 -10626.184851322285
-41606.81277146811 -68661.14315901883 -4014.110595250938
-42591.21986426116 -62488.720005078205 -1409.2068951020933
-45130.210123886354 -56528.25212329999 -45.80035147055787
0.0 0.0 0.0
0.0 0.0 0.0
0.0 0.0 0.0
0.0 0.0 0.0
0.0 0.0 0.0
-45712.48932973742 43660.23658620128 -2555.369571645108
-46994.49995226036 49738.05853027515 -630.3134496037239
-48172.736598704985 58322.68093002394 1288.405296071034
-47553.98371295844 63970.457687581664 7076.518063133069
-45236.27037220605 68587.71974351215 8654.214518553372
-44114.59794621418 68842.93096399946 10605.632978663918
-26778.17409442365 -71058.18167920204 -9502.588222572318
-29741.42874728176 -71815.90213006195 -9618.303411407944
-34860.200121553775 -71387.98123717651 -7430.325454779105
-38172.950295368726 -67538.18202250314 -2016.300338848721
-40141.9928672513 -61763.530962616045 534.4292607067844
-40056.762285681485 -57701.99903536712 1306.4126720453323
0.0 0.0 0.0
0.0 0.0 0.0
0.0 0.0 0.0
0.0 0.0 0.0
0.0 0.0 0.0
-39733.10332846214 46254.345940353 -1486.7368542176614
-42546.14783283866 52647.04748571968 -2076.046197460402
-43765.8334209524 58479.35459681859 456.8470085936039
-43424.80853802405 65780.74784785714 5227.289600295359
-42390.730149673145 67416.0107222861 7445.093702763103
-41255.43170854408 68944.0998839132 8261.30134886783
-28122.739645538717 -67290.41551044924 -8788.220574038505
-30970.992674804715 -69165.84430246746 -7160.209252936282
-33013.50284287462 -68220.34969824633 -5060.35955945632
-36348.44635549543 -65871.05007849405 -321.0010391455986
-36031.166520472325 -62269.03631039937 2881.622938878599
-37207.26487096628 -58552.05885235876 3889.615195163677
0.0 0.0 0.0
0.0 0.0 0.0
0.0 0.0 0.0
0.0 0.0 0.0
0.0 0.0 0.0
-36623.11324945682 50701.90971806267 -3990.8176721088657
-37900.34205401766 55046.002777959926 -2328.739733185642
-40359.92999786425 61725.13541415062 -423.8318980220927
-40666.66041014986 64450.2313787968 3935.525064459471
-40591.72367429327 69002.6832574891 5791.985301595313
-40577.57736363148 66735.85268692348 7628.720607308599
-30422.04175766403 -63964.14148740772 -5677.6549063805805
-31491.884598795088 -63999.2278734604 -4507.208159878995
-32752.070451396365 -64091.24131280815 -2622.4410133691063
-33217.7623216081 -62683.11741969892 1655.4115841073044
-33527.35561517154 -60872.37454671024 3719.407168499706
-32578.997508144173 -59626.37066353347 5731.686779553557
0.0 0.0 0.0
0.0 0.0 0.0
0.0 0.0 0.0
0.0 0.0 0.0
0.0 0.0 0.0
-30519.167293631097 54803.3484076165 -3328.805233992864
-33565.72291730355 57773.67240410897 -3356.375032333572
-35307.871680587006 60273.54893960526 -929.6335123294244
-37546.82069870656 64250.970214287634 2735.343561255039
-38055.82685697635 64870.35196841991 4436.607222363894
-38713.341158579904 66976.79614612843 5576.96231884474
-31258.560506683625 -62294.12437380004 -4794.214482344948
-32321.622808535125 -63015.17439714471 -3559.935043229289
-31720.54571997967 -62293.79640952869 -1956.2964729236592
-32482.16813849296 -61676.88795463116 1178.9638977822906
-30666.983243114457 -60354.77496391836 4017.336856077603
-31571.053193918106 -59402.70674404262 4700.65442277071
0.0 0.0 0.0
0.0 0.0 0.0
0.0 0.0 0.0
0.0 0.0 0.0
0.0 0.0 0.0
-28971.889278787625 57700.36307749042 -3385.3419623580776
-30334.71170566909 59048.33849996165 -2101.63227747607
-33427.80179488255 62757.61228108234 -231.46060304856596
-35595.788575806575 62887.832827129816 2587.740458606877
-37166.72025025363 66571.8500964977 3827.5769101655833
-37390.94362294803 64895.27061309287 4912.022846853004
-30947.90621585803 -62545.70274984408 -4115.85092655287
-31360.75224126697 -61699.35420960138 -3215.2821830030216
-31577.26255937325 -61287.6127576343 -2025.9318836272405
-30780.422932925037 -59801.55991661131 1249.9382525744113
-30431.56805882876 -58882.04802161685 2897.737912833563
-28964.76913682162 -58331.4053495278 4850.930399506662
0.0 0.0 0.0
0.0 0.0 0.0
0.0 0.0 0.0
0.0 0.0 0.0
0.0 0.0 0.0
-26142.05673509925 58188.20375255294 -2231.78384385378
-28650.185263379703 59775.967509949005 -1815.2519930095789
-30789.537994422983 60900.025009293546 -62.92996364102604
-33460.2486900899 64022.75750948709 2547.2745916391264
-34534.52113785718 64405.36861773228 3530.729939583662
-35416.953800407624 66731.48210094853 4108.687530465554
-29344.66888114769 -61815.770468664174 -4060.0922133837394
-30366.609614309426 -61688.27584039942 -3087.929625187424
-29535.63824506468 -60098.20786444725 -2008.7860324817905
-30054.43728972809 -58658.11514621458 102.94456491617134
-28158.9730806665 -57024.89370013895 2544.1661186703864
-28649.970081435888 -56565.57448609328 3251.633548243607
0.0 0.0 0.0
0.0 0.0 0.0
0.0 0.0 0.0
0.0 0.0 0.0
0.0 0.0 0.0
-25576.4213539222 57883.91226117818 -1737.271909286296
-26560.716955083262 58760.49108013093 -837.6332905140183
-29409.657072008 62105.41192123636 857.6005122743884
-31331.81473962836 62558.19257172732 2611.47591685602
-32677.026760372573 66584.30466825025 3213.4912165454352
-32720.404110406536 65335.09603365662 3773.7031178823113
-26956.703514364315 -61065.25296690093 -3729.4793767967726
-27633.180559943423 -59513.777370830896 -3034.5073519605285
-28250.53874716869 -58215.61128592605 -2445.80524872768
-27628.23290968337 -55800.15781725931 118.2969527001175
-27377.434703292227 -54456.75930621252 1286.4185525472153
-25999.69063514845 -53527.481796776265 3097.414263261169
0.0 0.0 0.0
0.0 0.0 0.0
0.0 0.0 0.0
0.0 0.0 0.0
0.0 0.0 0.0
-22961.301997713213 55984.166914443005 -1064.9946396645748
-24919.9873272718 57587.23950646106 -423.22727502559337
-26681.016026881465 58941.83212785246 826.6321925596945
-28371.56263220972 62599.79726289597 2630.4537303158777
-28795.21223133909 63645.38419408773 2979.5428059583305
-29039.232847621057 66553.06553272647 3080.338237693162
-23772.629103142444 -58230.85652155718 -3601.867709701037
-25525.685579291945 -57592.82470191358 -3089.8530349419552
-25306.620871406943 -55552.04377932193 -2366.418854218954
-26236.76336185648 -53542.13852092082 -995.5483612026436
-24650.52618531281 -51426.12517062606 1074.79019269073
-24916.82373028971 -50807.02186225942 1748.7199181636518
0.0 0.0 0.0
0.0 0.0 0.0
0.0 0.0 0.0
0.0 0.0 0.0
0.0 0.0 0.0
-21907.31257120538 54066.61089283187 -523.022486027798
-22639.46339200364 55068.47543107823 156.1374868923399
-24776.134526716574 58477.54721145441 1679.8622182706138
-25552.374107292893 59587.25498277485 2620.658598848782
-25827.055362840383 63966.39062007224 2711.012549047026
-24931.657013844942 63354.13000836002 2806.5247120918384
-21135.715113039067 -54687.32228320584 -3057.4178384917677
-22459.45816366457 -53485.1721468798 -2771.847919647252
-23708.47513459953 -52207.34887457913 -2699.179562585579
-23532.641658719192 -49779.804790124486 -776.2093639660457
-23458.52523589982 -48397.43327683219 116.45581400734916
-22049.309508898838 -47374.5000801916 1784.259133783875
0.0 0.0 0.0
0.0 0.0 0.0
0.0 0.0 0.0
0.0 0.0 0.0
0.0 0.0 0.0
-19183.795581966828 51280.40577482595 -221.6321617786764
-20716.97182457103 52622.08563713761 589.4842687148905
-21870.17489618949 53962.49111646997 1429.8862820777872
-22271.22035126113 57628.32650421076 2617.340160651845
-21579.661815151256 58949.73202458936 2486.9306732409696
-20662.550687213887 61907.54630783076 2227.721917886553
-19018.086616267752 -49790.69239274442 -2375.512001056957
-21014.63410177564 -49662.00550566661 -2659.4916447739056
-21128.230633955314 -48387.61344395869 -2443.65173465025
-22227.12878247825 -46843.42678224621 -1673.944788821906
-20975.94938521481 -45104.77394219747 25.951899204642185
-21096.958451541697 -44896.56422477758 697.5887781000915
0.0 0.0 0.0
0.0 0.0 0.0
0.0 0.0 0.0
0.0 0.0 0.0
0.0 0.0 0.0
-18549.77671316433 48780.18016168067 393.150485648257
-18803.43412683283 49288.20384003956 850.0775866118619
-19986.49105379613 51999.05287923836 2113.192687622515
-19607.455171872327 52925.72560088064 2422.494932426252
-18683.385943120207 56782.65998627741 2255.5030713158967
-16757.535863401616 56263.9450778616 1962.1378957974796
-18317.208757203192 -45236.66869397047 -1904.3305095224505
-19444.617140618942 -45123.94875565149 -1992.047716960704
-20329.11573243325 -44248.24508270935 -2527.1043869793684
-20185.467826067397 -42776.74835804455 -1227.0669665933897
-20385.84264802185 -42003.337436944 -697.1295228822951
-19283.98981738059 -41586.77593486334 617.0255010310522
0.0 0.0 0.0
0.0 0.0 0.0
0.0 0.0 0.0
0.0 0.0 0.0
0.0 0.0 0.0
-17688.35595352898 45462.05161517167 452.8004456582594
-18034.01444458249 46035.974664720445 1174.399280342244
-18003.745570666946 46697.12857504624 1592.5271119964968
-16991.396755438524 49223.2393994642 2308.414979205597
-15242.828695085522 50043.673115054735 1828.4808197844768
-13335.354581466672 52290.289681943854 1319.0177618268349
-18022.717216642173 -42032.95964531503 -1762.8208708929983
-18252.647066685524 -41143.0524740475 -2016.6943295470164
-18867.873600020288 -40578.81715861213 -1932.6226773353285
-19707.181783059317 -39662.81295788016 -1852.988140086769
-18990.35972123279 -38543.86701893642 -712.6114356519938
-20106.41629858969 -38426.6427418676 -218.61311807514093
0.0 0.0 0.0
0.0 0.0 0.0
0.0 0.0 0.0
0.0 0.0 0.0
0.0 0.0 0.0
-19074.877103111983 41659.18253432198 813.3348794933185
-17901.171027148637 41623.06998668816 1150.1672295610272
-17463.934697549983 43316.71313944237 2085.3835354144417
-15398.889466531538 43249.23791491735 1843.6725283460005
-13349.917814968045 45991.51330555952 1416.1387120427312
-10704.515196646442 45344.53366222218 756.8910257139728
0.0 0.0 0.0
-16013.737800294788 -37726.47686199046 -1527.126986869548
-16774.775212195098 -36453.541166938514 -2113.6924826064323
-18007.763556657337 -35235.413204516815 -1540.9255899567067
-19627.57637662224 -34331.955125143635 -1163.3065764411126
-20512.305695442705 -33149.4323638708 -287.33523645719976
0.0 0.0 0.0
0.0 0.0 0.0
0.0 0.0 0.0
0.0 0.0 0.0
0.0 0.0 0.0
-20289.656849964165 35830.38684270816 396.4313393355092
-18425.632962610303 36850.94410917209 1200.471884178335
-16551.049834082685 36936.3680217895 1350.0566428400057
-13885.932248438554 38615.38294282723 1377.5295189049614
-11416.625820044166 39193.27118625733 705.4762644513336
-9155.012579374818 40598.695432279696 414.66694599439415
0.0 0.0 0.0
-13724.576381596706 -33542.11326772691 -1541.487866088774
-14783.843477817434 -32104.91889482072 -1548.969042796017
-16870.415619319487 -30508.90599956312 -1796.5419385450916
-19095.847053074434 -28743.291739802666 -1007.4984406772156
-22176.317813835645 -26861.61355872636 -685.077837825779
-25126.87360385172 -22230.24746844997 -248.6185868635256
0.0 0.0 0.0
0.0 0.0 0.0
0.0 0.0 0.0
-25483.44833713071 24593.40994772025 184.90607876564263
-21963.02438185296 29992.90503109464 759.8124246032856
-18970.828190547018 30453.864905102597 684.240591515087
-16099.29679381482 32516.3938219356 1283.264891855706
-12984.25568331275 32754.24049077277 509.4217718535565
-10573.104199434008 34726.81147139199 378.62388021292895
-8591.318815571194 35417.518159687614 -72.16658409335172
0.0 0.0 0.0
-11711.572421321334 -29540.846566259388 -948.301223498524
-12489.487133314273 -26787.404351872945 -1048.0032848497876
-14272.76953414429 -25166.06626561661 -1012.7870621827444
-17960.168163438455 -23071.17374578717 -973.589421737102
-20942.365334844504 -20720.709787989315 -557.447482212406
-25026.105428990813 -15581.63847264937 -444.047645394191
-27063.271361562227 -8912.224797108676 -297.503802057136
-29013.514759922436 870.0825808397677 -157.76486553929487
-27489.25284193857 10091.879605251504 -196.1740855668144
-25288.555260251756 18525.697400142923 227.98806429990788
-21213.100701504656 22836.70753891652 121.64421365978215
-17888.508397416168 25706.72583919445 550.6202222350073
-14442.596656533293 26828.2174649312 155.99180836656237
-12106.224084844813 28743.22041450169 -29.64129485015554
-9809.960780551684 30075.94060799748 -430.148577132696
0.0 0.0 0.0
0.0 0.0 0.0
0.0 0.0 0.0
-10724.28504474895 -22569.165898738825 -495.011621505637
-12864.07735186784 -20054.49359356489 -683.8175466495611
-15298.149706866328 -18072.796624525712 -525.1415618517606
-19401.53839198443 -15273.769416355632 -519.7722864797942
-22151.72835685559 -11920.358009233718 -274.18373502953096
-24991.941611706152 -5739.56935802836 -178.3898014987343
-25290.733742302305 454.5540722568072 -60.45561397870229
-25374.960885173103 8325.315292578605 -23.028810647061885
-22602.075024766946 13896.38976756117 -108.49897534880604
-19635.170500257893 18703.169518949984 88.89129418297291
-15972.01906051181 20602.49060950365 -180.2217197301464
-13353.267922369656 23469.765140622447 -306.60023487584186
-11153.679616202162 24066.57858647992 -506.7580977534559
-9703.675635059171 26910.82434525051 -846.1030859998343
0.0 0.0 0.0
0.0 0.0 0.0
0.0 0.0 0.0
-9380.165328226349 -18388.76070475984 -182.05892716211417
-10777.914784549026 -15919.657415139827 -92.13565183089302
-13330.035315075524 -13554.430017522109 -206.7227321083531
-15974.920243879236 -11399.195089709398 -193.36586919147123
-18921.996491253874 -8203.887565363162 -272.8254872659343
-20350.433548484696 -4272.5149397545 -231.79203367760516
-21576.14601603545 1142.603361654118 -188.9421881025052
-20457.802070546863 6290.667373381798 -314.00934457458953
-18832.508981643303 11320.864138811448 -291.7909147554727
-16028.679088151604 14590.302334768705 -701.9216227091907
-13801.802010327703 17649.398525088167 -802.0913100764735
-11767.49341408109 19704.964453540437 -782.4413683087753
-10411.126749359482 22146.529567995654 -1079.92116989707
0.0 0.0 0.0
0.0 0.0 0.0
0.0 0.0 0.0
0.0 0.0 0.0
0.0 0.0 0.0
-10356.909844175549 -12561.06528157715 240.1285166019971
-12171.444835540124 -10599.384390942789 208.9801572394865
-14394.981758360113 -8348.643106902638 158.82673420705055
-15813.438285887689 -6301.953150488239 -183.7916289711543
-16957.58368428245 -2565.710555203008 -530.1742866106058
-16701.802544670903 1014.9811719469452 -626.7415906814857
-16498.700821127557 5681.904089148722 -787.3561571592793
-14991.108608012331 8994.523542981457 -942.5667902929716
-13933.9587026658 12732.109122793196 -965.0714823152274
-12088.007904413813 14495.761412941509 -902.2246966707876
-11235.05680405944 17585.166668408387 -1456.9034504916217
0.0 0.0 0.0
0.0 0.0 0.0
0.0 0.0 0.0
0.0 0.0 0.0
0.0 0.0 0.0
0.0 0.0 0.0
0.0 0.0 0.0
-11571.956720228927 -8237.156851572738 487.15141373716494
-12601.15173099746 -6714.745587005795 213.67447767756255
-13748.408237456051 -4412.24178743512 -189.87622504290616
-13610.0112946276 -1913.0680553846248 -527.3786339510592
-13704.211902063653 1574.508741399021 -926.1555395810424
-13040.866847719364 4710.8110078405625 -966.2752124262674
-12331.289569423212 8075.394699509725 -1104.960317740706
-11478.33049253508 10544.99326212989 -1287.0305458795467
-10868.784227457609 13161.122073667744 -1395.357591485512
0.0 0.0 0.0
0.0 0.0 0.0
0.0 0.0 0.0
0.0 0.0 0.0
0.0 0.0 0.0
0.0 0.0 0.0
0.0 0.0 0.0
0.0 0.0 0.0
0.0 0.0 0.0
0.0 0.0 0.0
0.0 0.0 0.0
-12038.329066236967 -626.3965493201672 -890.7191252711245
-11226.034289794956 2007.9080289332785 -854.6884868209331
-11050.466298638808 4586.820601155699 -1039.7900633669788
-10654.84401052637 6864.697123367119 -1365.0794648140457
0.0 0.0 0.0
0.0 0.0 0.0
0.0 0.0 0.0
0.0 0.0 0.0
0.0 0.0 0.0
0.0 0.0 0.0
-22892.86003248189 -66141.36801081397 -19346.30012877871
-26298.08744080016 -66879.08906945375 -17117.35746446235
-30721.757853388197 -64569.027213107605 -14758.808014096498
-31905.17219941346 -60605.33014285855 -8180.448928250228
-35507.01639885016 -56193.89909016724 -2536.6734250565582
-35240.93303938982 -52295.788111429065 2623.2766385291598
0.0 0.0 0.0
0.0 0.0 0.0
0.0 0.0 0.0
0.0 0.0 0.0
0.0 0.0 0.0
-36374.81298175478 39636.25245614534 -4648.017992194998
-38017.366727074295 45691.90400322478 -1423.3623045305662
-38028.97079231639 50580.07413759987 3643.326845434276
-40565.319178782695 58528.64439429372 9627.12830674196
-39186.90032452067 60077.38743837512 12579.808514656906
-36854.06379185486 62724.48606447868 14727.480331172468
-22669.296572181884 -64109.57881014563 -16214.774478912028
-26783.28419901506 -64700.12932548895 -14032.082863868864
-28935.905705215835 -63659.1914502785 -11609.06192508944
-30841.6059653586 -60778.6432598125 -5151.899246587303
-31101.154993913493 -57227.37764324533 -66.63054888738918
-33580.04380967384 -53381.3968416216 3849.444302080163
0.0 0.0 0.0
0.0 0.0 0.0
0.0 0.0 0.0
0.0 0.0 0.0
0.0 0.0 0.0
-32303.22267906532 44241.827234238895 -5445.820568470999
-32960.55098415581 47968.55856363378 -1444.4780681729965
-34354.04489567794 54669.5781777063 2293.3969280688543
-36806.68981918944 57981.12812067853 8761.927987346688
-36159.1755294656 62385.97896159832 10929.893667621483
-34911.29009975759 61464.37230147636 13067.817179907372
-24388.23685214456 -62570.66471052181 -12567.653415218849
-26066.254262121503 -63038.1088981017 -11282.801796938636
-29416.47431672331 -63490.8613874871 -8295.391818356919
-27567.51740421161 -61864.35891799238 -2641.4490814532496
-28744.840511992847 -58292.49722022172 2103.753895702683
-27839.3866655665 -55661.849565230135 6830.480386510237
0.0 0.0 0.0
0.0 0.0 0.0
0.0 0.0 0.0
0.0 0.0 0.0
0.0 0.0 0.0
-26328.814266995167 47355.36125098741 -6032.05407854751
-29096.11556004618 52953.06389816911 -2513.515877236731
-31035.370195412692 56624.32849289741 2598.305304766665
-33765.478727265334 62351.73276481278 6905.973901622318
-33956.33974386961 61766.65600263988 9795.603923941688
-33980.73659155768 63817.45619054316 11292.107760770044
-25971.968249270813 -61147.75359840121 -8434.969698526444
-28271.89185091186 -62718.78545895558 -6559.849603132305
-28259.234380628117 -62095.71313895375 -4265.806899960077
-27854.16722946066 -61770.80815741451 -106.61665240812049
-24594.014650655776 -60326.21153977648 4517.381326145737
-26134.889470062943 -58663.4494117973 8162.201323055686
0.0 0.0 0.0
0.0 0.0 0.0
0.0 0.0 0.0
0.0 0.0 0.0
0.0 0.0 0.0
-23229.183325912003 53807.9432759748 -6256.229420171045
-24200.144026272606 55468.62138926411 -2330.488734885764
-28339.706425326203 60342.04593641199 376.2667857090037
-31086.241754322247 60030.36304904326 4781.092886002729
-32217.3380835013 64742.76985417767 6819.334257450676
-31771.169307931945 61519.23792147659 8302.419746910418
-27625.614757464737 -62062.49863146062 -6909.483902359822
-28078.123961161917 -61741.43854567782 -5439.289040777944
-28837.328282515336 -62356.11247810986 -3747.595323588776
-25690.812690250397 -61428.5320779952 674.1692645079329
-25141.35612874844 -60484.13010608982 3846.634234107317
-23659.17087893739 -59878.18396988481 8323.862029311995
0.0 0.0 0.0
0.0 0.0 0.0
0.0 0.0 0.0
0.0 0.0 0.0
0.0 0.0 0.0
-20637.848566414734 56560.35200006815 -4798.987698536112
-23513.43342287265 59062.1924355369 -2388.358589873465
-25758.12243662885 59995.09373419595 1378.1163562692248
-30324.18650153997 63698.36476600369 4538.027086053012
-30986.8688988607 62223.3308413728 6124.936266621595
-31506.078090945342 65026.34032466776 7058.135807288631
-26903.856258816613 -61164.902096946455 -6073.2547574744185
-28661.50805300349 -61905.77508005369 -4894.955855413844
-27767.169758371827 -60656.510842232776 -3219.909957527549
-26782.01560907836 -60417.43668777559 -353.40986700331786
-22940.74523074393 -59272.30423393347 3619.33009782168
-23860.29924783128 -58751.63699195111 6187.36336312622
0.0 0.0 0.0
0.0 0.0 0.0
0.0 0.0 0.0
0.0 0.0 0.0
0.0 0.0 0.0
-20017.701404851185 57678.66024504262 -4016.373367566463
-20974.01824916358 58031.493528291365 -884.5993965521468
-25021.593710206515 61647.90150717567 1608.19936843182
-28279.231554193208 60607.13955094136 4289.416655996414
-29968.213263929232 65014.63616198893 5357.060927795352
-29464.573802450144 62098.53869026194 6117.05856284268
-26575.96628335329 -62061.466605572496 -5918.487775646021
-26792.13221367497 -60710.832369773096 -4784.819200172052
-27386.049395425696 -60487.134374594905 -3845.952197372361
-24476.4239439777 -58569.23741616668 -345.8005096134676
-23776.919251481744 -57671.35656217888 2023.568734413856
-21848.112943641518 -56976.04593384758 5753.071629177521
0.0 0.0 0.0
0.0 0.0 0.0
0.0 0.0 0.0
0.0 0.0 0.0
0.0 0.0 0.0
-18543.854148466 56875.04764208197 -2683.7525185223035
-20961.91614945692 58878.779063032685 -375.3126713711621
-23088.31470932204 59484.57075756823 2418.9663156798138
-27126.13049840008 63460.30404753608 4699.293470418882
-27828.76801644085 62357.746896524586 5261.009120493288
-28364.98454754569 65626.25916339875 5404.2015969248405
-23689.654868162303 -59810.592088672034 -5533.31055846882
-25692.527532354823 -59742.2873679148 -4658.913765448983
-25052.107644600947 -57606.31878496324 -3454.9436832272177
-24706.827766163824 -56448.11515435498 -1656.4653122677216
-21312.631309595683 -54618.72246117377 1595.841125607326
-21810.084695992213 -54045.58540276149 3737.579496643556
0.0 0.0 0.0
0.0 0.0 0.0
0.0 0.0 0.0
0.0 0.0 0.0
0.0 0.0 0.0
-17776.16598645539 55493.40579406246 -1733.6913877972547
-18588.41864761533 55819.605301775126 603.1799211646568
-22002.77399115313 59515.02598154955 2785.821741581057
-24400.06034943888 59231.95091046699 4270.072704125249
-25519.47031410685 64125.55078360315 4662.492150833332
-24552.03721216221 61986.190960743705 4712.858644541805
-22042.18739944865 -58148.13126256756 -5411.9920716398265
-22690.40638703174 -56674.19652524221 -4531.974865825204
-23863.420539000927 -55857.45608773209 -4166.866976827682
-21788.82564319064 -53289.56933538838 -1517.7352181530955
-21234.90872146345 -52056.85926519282 143.13325568141025
-19144.878105242416 -50948.14750767673 3374.237881935821
0.0 0.0 0.0
0.0 0.0 0.0
0.0 0.0 0.0
0.0 0.0 0.0
0.0 0.0 0.0
-15999.831042674812 52974.62332765744 -1002.6892539556544
-18065.865690666065 55052.580233285335 1128.7591239207522
-19740.1607118967 55983.45033596175 3141.1132846913733
-22437.995955368853 60280.867972702334 4612.908544080782
-22362.95283487109 59896.228670641125 4460.3518585077945
-22070.6410801746 63564.70777939668 4135.578800972284
-18924.858363903168 -53468.18696237585 -4591.995818344528
-21325.06163380961 -53308.0210454751 -4363.306197537523
-21135.147670806957 -51508.93973431462 -3609.411891292305
-21494.954266904937 -50218.50135277461 -2627.257685402709
-18470.801139984083 -48286.5202317302 78.66099636166994
-18595.396155274524 -47806.09128895103 1688.833899748589
0.0 0.0 0.0
0.0 0.0 0.0
0.0 0.0 0.0
0.0 0.0 0.0
0.0 0.0 0.0
-14890.083507854652 50616.51238623256 -184.72222354268192
-15559.446695410948 50952.449705136685 1590.9688792639488
-18188.090275558538 54361.465616058376 3524.864943859143
-19466.75713942682 54510.08707355351 4052.597430141606
-19528.500179527568 59337.90019952908 3908.725806879503
-17789.79906385968 57703.631617447216 3460.144260418489
-18597.6310642399 -48740.285678500026 -3973.753756314223
-19327.396917351936 -48683.30464168263 -3597.3413656575344
-20253.925781830523 -48288.27793134831 -4063.933810670888
-18754.289735070262 -46388.98456573603 -2190.5408002163194
-18426.736870002595 -45555.00870162714 -1043.8440620331828
-16251.675133029144 -44796.12505081709 1618.9327606646775
0.0 0.0 0.0
0.0 0.0 0.0
0.0 0.0 0.0
0.0 0.0 0.0
0.0 0.0 0.0
-14039.45817669202 47711.41078640308 183.593438396936
-15316.998394611772 49108.85815232625 2019.3543813406768
-16095.64862286628 49662.92257458609 3395.885721101862
-17509.044523323802 53406.76923141679 4279.020153731264
-16519.213217002118 53090.04302249271 3600.4249901438498
-15252.97238792024 56268.32614301347 2975.244859565262
-17663.446833493537 -44658.77993413126 -3046.3946944417667
-18410.558119264333 -44289.76468674951 -3363.9385699522845
-18644.659296876445 -43399.90115918914 -3131.6511184211263
-18870.818250975924 -42995.98809625294 -2950.347194955635
-16451.901129102556 -41950.22416759862 -930.5219464298387
-16849.773028630607 -42144.14165067042 260.9833404539827
0.0 0.0 0.0
0.0 0.0 0.0
0.0 0.0 0.0
0.0 0.0 0.0
0.0 0.0 0.0
-14389.267030621904 45105.7837012877 1036.7996245280276
-14279.698714974078 44317.05840059653 2069.83765523752
-15316.080265383796 46746.61038670212 3534.070045376323
-15173.89916903364 46309.625681053374 3448.2994281166884
-14253.973597418364 50123.78145894105 2966.1213808425405
-11916.711420052268 48571.40890995957 2096.0229439971395
-16742.63380096663 -41314.25486437232 -3052.5148421648164
-16850.11309020561 -40369.085667703584 -2743.1908583520794
-17881.65449580318 -39461.90827634651 -3217.463478600408
-17349.32276245615 -39305.34379694 -2398.6398960947395
-17492.376397192584 -38908.95382194398 -1918.99422740642
-16833.44375764295 -38192.26347296745 -109.16974666828293
0.0 0.0 0.0
0.0 0.0 0.0
0.0 0.0 0.0
0.0 0.0 0.0
0.0 0.0 0.0
-15623.813197402542 40238.57174146149 916.330668999833
-15268.475348954453 41362.448377474255 2415.237068619895
-14814.971539067592 41122.581847057096 3004.0685734749927
-14171.17440058326 43293.09760035028 3244.860431911816
-12322.318397497553 42677.34517871332 2176.3913657242206
-10414.370287654125 44336.371378318974 1522.5903605619735
0.0 0.0 0.0
-15815.544636135568 -35773.42608029978 -2424.5383848720817
-15888.825172013838 -35618.87495878118 -2438.3483865965327
-16936.348285849548 -35177.2806014912 -2924.726194613831
-16931.85652880101 -33986.75227217427 -1638.7963591381383
-19106.91434175868 -32769.13796834032 -945.4934490270743
0.0 0.0 0.0
0.0 0.0 0.0
0.0 0.0 0.0
0.0 0.0 0.0
0.0 0.0 0.0
-17806.190214782975 35603.839757687296 1356.2656950694616
-15735.11544968504 35142.44204779376 1895.7724003753617
-15013.506865683488 36961.387978202736 2829.806834492426
-12921.624034872775 35792.185723314826 1911.1660916582543
-11100.616871696851 38438.23221396168 1519.581313022603
-9005.181306357494 37832.924161170056 705.5192697930987
0.0 0.0 0.0
-13389.95007482886 -32560.50038349568 -1807.8645065159344
-14315.196929295244 -31039.929035791607 -2460.721355183571
-15584.540223432396 -30114.83124612043 -2212.1141644321706
-18316.40047607283 -28564.759375541555 -1877.7556627948643
-19406.85536592709 -26885.735444403083 -797.6527221068889
-23595.31122246371 -22611.738319592365 -710.0130742560839
0.0 0.0 0.0
0.0 0.0 0.0
0.0 0.0 0.0
-23185.22015943448 25139.650807493963 720.9251127388263
-19255.277621301488 28511.89993060968 936.2442297545488
-17227.958177851135 30762.51906920004 1740.6418657905945
-14783.164726636787 30135.796305710708 1679.6500283124478
-12632.529167163491 31732.945013302564 1353.6192664502703
-10263.070822531346 31747.15091294817 508.1603313499684
-8869.445838402291 34715.178129594016 151.71492695054272
0.0 0.0 0.0
-10971.524054835802 -28115.44788613758 -1690.2592486653648
-12070.114603711458 -25976.093669007296 -1474.4288567110575
-14025.40807461464 -24140.032684929192 -1781.305443036134
-16268.898476020262 -22991.48701168544 -1309.1397766216412
-20378.34038275609 -20569.940512431865 -1013.6344574686008
-22707.88392680225 -16086.466683492128 -496.22314510648334
-26024.41250190587 -8374.984538278426 -406.69874108916406
-25985.42717527967 -61.09727686421561 -334.1709032932544
-25792.907640811685 10548.091529026422 5.495223841988768
-22724.78356513636 16981.536097205204 289.7644670740336
-19885.71042608863 23116.12144442609 714.9302408469481
-16123.697819914338 23723.083533689456 731.3604017459396
-14047.394999683143 26304.82747773988 878.2813355371568
-11778.179051345782 25973.60940858217 -51.04453437146442
-10345.065316053611 28570.1174127434 -262.3276088755873
0.0 0.0 0.0
0.0 0.0 0.0
0.0 0.0 0.0
-10825.629502591442 -21333.42432218978 -1023.8212925097638
-11985.499880801262 -19244.487939125545 -657.5153732286323
-15080.11571166456 -17393.405433748147 -907.6510580322152
-17831.363192091987 -15541.457509149888 -581.7155946933351
-21721.75435156081 -11586.599936222656 -443.114263068672
-22596.35190760787 -6592.40614781242 -290.24681890733893
-24253.61616804292 741.0132641848573 -89.9643858808759
-22732.870265664515 6951.429259824931 -84.67632379268046
-21582.736544211417 14275.73228572188 188.77918890949007
-17871.888772699524 17034.967900562333 105.59159101911028
-15586.805197361036 20097.44254552627 252.93115454205403
-12563.873164420673 20670.549259685165 -470.9371706790522
-11278.677920658412 23514.796695271543 -486.7964573366353
-10082.644937135734 24240.34415733364 -1383.6303323757622
0.0 0.0 0.0
0.0 0.0 0.0
0.0 0.0 0.0
-8926.738522152169 -17402.153846709614 80.91479710053424
-11279.27567133634 -15158.573766750234 -149.25243286457453
-12372.574293638969 -13126.86783797036 38.62236013555146
-15721.623994657804 -10723.678918684302 -144.1731430307008
-17435.832160709957 -8837.666646914598 -165.06805067154568
-20026.67145615725 -4391.21962456449 -247.6108655658174
-19779.43988073881 -37.51230812404412 -144.55428226300097
-20014.79713146917 6329.684865388002 -207.8756756257693
-17387.02875103679 9671.791761399494 -314.37982167925594
-15709.930177237638 13884.888388908814 -407.6630625039204
-13056.369653198744 15140.948903964552 -1062.2785507121412
-12072.16627404748 18320.194653058275 -959.2711357904984
-10243.039706921609 19124.8381606829 -1657.8794353030464
0.0 0.0 0.0
0.0 0.0 0.0
0.0 0.0 0.0
0.0 0.0 0.0
0.0 0.0 0.0
-9797.432928771956 -11997.728036587529 603.985815459948
-12038.712935214771 -9828.136101028507 387.21860732338
-13297.29979288179 -8408.977845175472 281.5747339713154
-15475.27693314026 -5951.20470257487 -55.37154357607643
-15547.67846151759 -3591.1519707442 -372.98763007545136
-16334.297161610712 504.1166002649232 -600.71598378559
-15394.280816766865 3891.325334710457 -634.8395200915891
-14687.183165924778 7990.377468651389 -887.3303352546694
-13012.262637634583 10606.718344176776 -1220.8076920419971
-12246.251975654155 13861.303648073168 -1343.9436253302708
-10980.03011376332 14620.28049279157 -2013.2278349798676
0.0 0.0 0.0
0.0 0.0 0.0
0.0 0.0 0.0
0.0 0.0 0.0
0.0 0.0 0.0
0.0 0.0 0.0
0.0 0.0 0.0
-10811.71142440621 -8040.63370513243 779.9411237624222
-12580.951483519511 -6443.1071347718935 143.9517423154181
-12563.819496508551 -4906.961212138788 -20.293111864218144
-13361.176295909088 -1911.0596370770763 -724.0572667311876
-12636.732355028398 183.18271386302635 -1043.8609578073963
-12705.248758035428 3891.848479201996 -1293.0294084731968
-11639.75554598608 6117.431459422964 -1550.7014360706714
-11431.43376314902 9239.97725558026 -1763.1853556245878
-10479.25625392325 10810.256407873923 -2096.691653577636
0.0 0.0 0.0
0.0 0.0 0.0
0.0 0.0 0.0
0.0 0.0 0.0
0.0 0.0 0.0
0.0 0.0 0.0
0.0 0.0 0.0
0.0 0.0 0.0
0.0 0.0 0.0
0.0 0.0 0.0
0.0 0.0 0.0
-11433.181492696243 -1876.134603200764 -1215.102608112043
-11061.851524426553 1232.6733005894118 -1523.7274416762714
-10400.936394776174 3055.629860523334 -1704.0686990069582
-10822.58531007124 5545.184424284889 -2001.9556560150877
0.0 0.0 0.0
0.0 0.0 0.0
0.0 0.0 0.0
0.0 0.0 0.0
0.0 0.0 0.0
0.0 0.0 0.0
-17153.640525056886 -56423.90756338535 -22615.521177920004
-22251.099167809403 -58557.80916238497 -19355.224791483357
-26675.552964282077 -55625.10283901332 -15921.838071972046
-28957.288361303454 -52742.93502294797 -12517.43397205846
-27876.3378709916 -49935.63958989377 -6212.254822707476
-23561.038830537196 -46194.741357801526 847.9262522168749
0.0 0.0 0.0
0.0 0.0 0.0
0.0 0.0 0.0
0.0 0.0 0.0
0.0 0.0 0.0
-23726.001801743307 36424.71346948039 -3527.390912815271
-28224.243979253777 39680.8602803712 2265.63239545128
-31643.55566525678 45139.54795715939 5959.0376875601605
-32997.27201154346 49594.40966561398 10836.370065013312
-32343.029239601598 54477.91542806191 14157.930233317984
-28551.66006122369 53549.02341387073 17617.518009884283
-18723.41997807998 -56087.83662727477 -16762.687331876103
-22702.491495144048 -57346.49288430261 -14091.644086834574
-25861.666896254654 -56356.80143619507 -10578.874804101337
-26830.5867913344 -54107.35340151062 -7484.840103769386
-25785.782193295174 -51490.50650135048 -1842.9219749179765
-22348.721832119954 -48460.68418892329 5240.478301167105
0.0 0.0 0.0
0.0 0.0 0.0
0.0 0.0 0.0
0.0 0.0 0.0
0.0 0.0 0.0
-20338.76097269143 38489.52555546091 -6741.798323996336
-24257.534510959315 42476.891069628815 -581.7153984884114
-27081.148633050387 46799.29942974378 4589.659189434066
-29007.76941068328 52319.54132886041 7418.249988106235
-28621.126296063623 53852.39057453266 11423.623976802772
-27483.97341519412 54127.15137538057 14131.526947131892
-18631.71222560671 -56343.3224678849 -12116.584892096418
-23787.95983362333 -57471.3394285579 -9095.510548490947
-25557.131870227226 -57598.22060537915 -6663.242989286682
-26909.038053554006 -56742.55691169685 -3904.165764865186
-22130.47238769563 -54822.54701615348 43.11289778789817
-17844.53858574114 -52715.6915670543 6603.644820173304
0.0 0.0 0.0
0.0 0.0 0.0
0.0 0.0 0.0
0.0 0.0 0.0
0.0 0.0 0.0
-13644.455590289874 46072.22686722448 -5492.570492366258
-20092.381823903244 47129.68224814488 -199.324443410128
-25044.3476462795 51574.4719074994 2656.2470582529736
-26453.96155151542 53310.72237727058 5512.994004797929
-26096.376070640497 56147.74639840155 8318.93575118919
-25525.20833364852 55104.30782382596 11508.634550829876
-22630.356139352705 -59572.64622185151 -8437.642193427748
-24155.070625564014 -60104.48257537746 -6270.736610922457
-25633.760994961027 -60856.12173577743 -4283.506178866742
-23878.296020629256 -60476.86977834702 -1979.7127083776547
-22085.97041186554 -59070.636833073055 1719.1527953788786
-16580.54958364297 -58137.62478739822 7640.417758483138
0.0 0.0 0.0
0.0 0.0 0.0
0.0 0.0 0.0
0.0 0.0 0.0
0.0 0.0 0.0
-12250.098453554128 50587.98911796901 -5322.655257019856
-17628.352378189582 53642.80767585254 -726.445077093419
-20828.9518066971 55730.704696605375 3201.5878696120462
-23506.372389959943 59590.0650213046 4415.947921827123
-23470.216321508848 58002.61947879708 6460.7298681857565
-24026.3518969821 59725.42163695877 8831.175863753624
-22479.268902873788 -60993.00176725134 -6866.261559915797
-25357.309693589308 -61517.70187575075 -5074.548669710048
-26179.64148709773 -61107.470112937015 -3215.3839819019768
-25283.68103860368 -61402.67256436393 -2119.96417916451
-19673.35719121291 -61119.26360979735 1217.671040307362
-15616.331702176927 -60750.93073333165 6510.281982666676
0.0 0.0 0.0
0.0 0.0 0.0
0.0 0.0 0.0
0.0 0.0 0.0
0.0 0.0 0.0
-10577.928196128843 57530.58334827295 -3096.7285792974626
-16036.562399293562 56688.89913527516 1125.702631000551
-21644.05785948285 58944.88748889059 2509.526882896052
-23796.29839493473 58926.12751839039 4105.16926700291
-24744.069758241512 61608.47089296867 5771.538650339304
-23622.24924106995 60242.4524000972 7438.498390923599
-24071.9477388572 -61004.8924201271 -6523.2467125934345
-25062.07060924977 -60714.02168626183 -4656.402193254653
-25800.79576034204 -60839.99999020221 -3525.0877050993327
-23315.827158036987 -59960.88848698514 -1276.8013209908536
-21370.409579627714 -59285.28866914269 979.9230249751448
-16319.15784314402 -58773.59855086732 6001.3196940874295
0.0 0.0 0.0
0.0 0.0 0.0
0.0 0.0 0.0
0.0 0.0 0.0
0.0 0.0 0.0
-11100.200624199062 54772.15801562564 -3745.2099327256983
-15559.745499905392 56731.35785368942 305.2380513070418
-18559.46084737687 57762.41238031874 3379.7273818843883
-21865.39962778439 60977.64929095103 4413.3402950092695
-22614.979025081306 59387.030311711685 5334.199439878333
-23242.82669444081 61105.350267184935 6605.736719673157
-22058.035421427103 -61363.914345291945 -5631.218351599502
-24750.1541426317 -60861.63529571964 -4534.769990574451
-25244.81434577889 -59193.158846135535 -3299.810187694585
-24052.84383544784 -58888.96649820408 -2523.6886068546323
-18817.11780343441 -58174.47478520262 -33.07440140210493
-15481.71709789147 -57822.57584086421 4185.837369608075
0.0 0.0 0.0
0.0 0.0 0.0
0.0 0.0 0.0
0.0 0.0 0.0
0.0 0.0 0.0
-9879.575456111545 57694.72217764038 -1152.7593133742616
-14520.094172137264 56662.55386980469 2522.8315079808526
-19488.438463045444 58603.233249775374 3604.410702600516
-21745.916174877028 58798.59749825493 4285.494516315465
-23052.54223678976 62042.06214137188 5012.923311957828
-22074.62811661693 61247.42997205484 5589.574682343193
-21516.2038729388 -59691.3909440821 -5770.334156832125
-22719.458151187155 -58529.67024226624 -4178.188260498749
-23825.92470434615 -57693.53317984568 -3535.566415598331
-21452.044369805066 -55843.27563436981 -1916.272815870089
-19699.988774585585 -54652.27987197907 -202.1269951865832
-15591.87106685412 -53679.43101869337 3936.4131583688777
0.0 0.0 0.0
0.0 0.0 0.0
0.0 0.0 0.0
0.0 0.0 0.0
0.0 0.0 0.0
-10410.895458077784 52636.97168375143 -2024.481831052058
-13995.08750039624 54576.66586543277 1495.8394019164857
-16483.414806853605 55743.24936935109 3660.199111018346
-19128.219665247245 59356.43953774004 4461.92686312034
-19486.28880902825 58560.23697261883 4570.385841900985
-19617.5492489204 60955.68778205849 5090.937041988253
-18397.21103037155 -57477.11968303756 -4600.367292742297
-21511.575405698302 -56667.886297285 -4092.327494677969
-22429.69522396855 -54592.78995450117 -3446.2182650425434
-21468.543093606684 -53712.57130290801 -3202.421877684897
-16825.06909326334 -52500.01127982882 -1164.4571273870283
-14049.403673624836 -51644.385887902 2161.3019754224565
0.0 0.0 0.0
0.0 0.0 0.0
0.0 0.0 0.0
0.0 0.0 0.0
0.0 0.0 0.0
-8721.031391374638 53499.34309171865 293.21438598934816
-12622.541809399778 52836.15191028193 3370.8159315191965
-16770.9435902836 55092.02495372536 4185.275926588731
-18383.397826894903 55755.66652204508 4146.704031351428
-18931.733110211848 59421.815444971005 4209.523175462583
-17377.72102233668 59397.27036972066 3985.781010559077
-17571.27681629497 -53052.01764147398 -4702.279088714522
-19110.782932397244 -52208.86219449382 -3760.32914282304
-20659.44859428044 -51303.36637683042 -3691.531564306185
-18565.448242867493 -49450.53140075138 -2430.4639818343844
-17072.94636157258 -48221.53414733994 -1327.7217186195728
-13421.296170496356 -47159.96781340358 2094.613256399312
0.0 0.0 0.0
0.0 0.0 0.0
0.0 0.0 0.0
0.0 0.0 0.0
0.0 0.0 0.0
-8829.762550935611 47792.02595512774 -718.4464494502724
-11738.924564910789 49550.521939745646 2325.800412812472
-13691.103661088391 50921.88805441018 3905.6582940089984
-15534.77832260659 54539.01437345904 4295.065628375171
-15176.791704797848 54164.29783204328 3767.990183330979
-14420.159675887273 56704.82223153529 3621.375317196975
-16239.172656232162 -47677.606392788766 -2780.35042710476
-18882.86160644304 -47947.97772153785 -3381.6845402139948
-19426.248290866464 -47097.46650914544 -3345.881501378799
-18430.191919962785 -46474.60632933119 -3450.1297687201227
-14397.912671095672 -45625.98253134009 -1703.8788702993386
-12179.739473502654 -45102.268267963045 844.7904922155666
0.0 0.0 0.0
0.0 0.0 0.0
0.0 0.0 0.0
0.0 0.0 0.0
0.0 0.0 0.0
-8081.815138872208 47922.71642063616 1151.5804385160327
-10837.20593319192 46890.95872529035 3572.598702920438
-13761.757372451057 48560.76380650311 4333.776816735923
-14699.397575606114 49289.91301445028 3902.7572896167767
-14382.759702221436 52564.23407679032 3413.615723271001
-12258.875829860915 52586.95232956679 2487.723903477636
-15770.93060552678 -43422.34689862811 -2738.133307767137
-16822.510605752715 -42983.2143295749 -2612.3563254724213
-17699.00691909956 -42309.28739678689 -3121.5014025769465
-16269.82184570783 -42289.50132291892 -2527.6685885459387
-15028.05921906051 -42118.05777504658 -1673.670885512003
-12513.453683467196 -41758.72827089566 867.6710239962429
0.0 0.0 0.0
0.0 0.0 0.0
0.0 0.0 0.0
0.0 0.0 0.0
0.0 0.0 0.0
-9477.365762259698 42613.26750442472 397.75243928824943
-10837.823964110032 43436.29744499291 2632.314308985796
-11657.541921770237 43432.48972286302 3577.844852062698
-12398.80662267666 46048.82897108687 3769.8063091067447
-11288.927379491804 45520.70358416198 2816.1408091378794
-9946.738784266016 47531.1307529972 2191.793043002653
-14811.298370799992 -39730.21867308245 -1420.3172632497651
-16828.927496749413 -39597.96052845174 -2448.5633154803418
-17028.410492000392 -38279.19710380589 -2768.121243925432
-16051.355335586692 -39010.317306279285 -3102.5998722551467
-14559.454261779236 -38928.013476142 -1969.995907392857
-14523.24465149275 -38038.90718746031 -279.1414047540306
0.0 0.0 0.0
0.0 0.0 0.0
0.0 0.0 0.0
0.0 0.0 0.0
0.0 0.0 0.0
-11513.232002718913 40338.06663300435 1960.2673350187413
-11931.93913971238 39221.159526828895 3241.69210299612
-12857.101578322754 40149.99527671545 3742.9660068567614
-12269.405416350965 39517.521555202 3008.15885496722
-11175.339462646954 41188.78758514048 2401.539874843358
-8839.833296572273 40696.01375694965 1034.3844298885856
0.0 0.0 0.0
-14650.583381711 -34295.29284926699 -1618.6858142433994
-15735.048671805424 -33866.017314169294 -2628.113774193413
-14910.595270274594 -34435.40624057244 -2313.059029782778
-16193.60207314998 -33341.12874893399 -2017.3368765281807
-15672.111978156916 -32632.230410331813 -408.7508365982529
0.0 0.0 0.0
0.0 0.0 0.0
0.0 0.0 0.0
0.0 0.0 0.0
0.0 0.0 0.0
-13616.704055868711 33054.39772836643 953.7223330744432
-13275.321743958528 34311.19134156173 2499.2189826994245
-12333.86213246277 33777.45747955647 2622.559953594583
-11144.278103387736 34526.06898964964 2531.048432732048
-9575.538959095637 34669.10610193866 1352.668795671077
-8083.139022634215 36457.76268407899 867.3788663247792
0.0 0.0 0.0
-13677.865102350426 -30934.874686809067 -1725.1661448719983
-13518.280312785091 -30316.08156514933 -2004.023344919756
-14450.325982379672 -29052.923282488307 -2287.684772439905
-15851.642111979669 -28362.73339822245 -1829.6442462077248
-18061.237857866025 -26816.750850544893 -998.5023212953108
-19196.29381434375 -23274.57921534366 -286.4917048895284
0.0 0.0 0.0
0.0 0.0 0.0
0.0 0.0 0.0
-18490.844104968688 22856.194725520512 258.3937844136867
-16615.680795716005 28586.05712278028 1362.8627751941156
-14321.078241702506 28528.616234580342 2127.848840303684
-13271.580770568842 29528.843459086325 2296.6010775965915
-11456.396535853415 28397.38657674118 1320.153489769919
-9828.638220988734 30561.64098018948 438.6382339586968
-7783.580460838336 30593.125036420563 -391.4909928315645
0.0 0.0 0.0
-9873.441712087357 -26534.57180261618 -1018.3911346079644
-10871.69140714431 -24677.96800259085 -1304.6182756072444
-12914.296817719807 -23183.03031638706 -1118.741287690102
-15915.34411141266 -22273.23654770605 -1287.8140870662291
-18240.692869816823 -20512.27197889989 -782.3634907083203
-21431.378260195263 -16472.434592725505 -455.124256750465
-23371.38688898957 -9192.361841536347 -275.9223978648856
-24406.87825406194 289.29574005856546 232.13235908694008
-22846.222510148425 9490.07676806434 99.39868718988372
-20509.77800763521 17043.936306437387 374.1133551416938
-17175.150719288435 21291.796537032515 530.9668756287551
-14286.26542159771 23162.402354565093 1266.4332130387218
-11958.51096354358 23079.981448173163 763.0112790230139
-10893.938316971036 24222.92431998334 530.1295758951139
-9018.754980152868 24368.7957238566 -499.7112247597889
0.0 0.0 0.0
0.0 0.0 0.0
0.0 0.0 0.0
-9870.067648549775 -20218.12347170849 -409.942767812704
-11601.444686647632 -17874.166648787428 -715.5761875494029
-13523.015271573857 -17022.091294899117 -569.6710019568865
-17066.406957646042 -14792.381367339334 -695.7323269099488
-18806.10114073504 -12287.6361908288 -172.64646144609617
-21229.39755422041 -6172.54691111984 -47.30530682878347
-20937.282704222267 -760.5235428992512 -48.502375252381086
-20737.302697650142 7159.032527020674 177.74830327483176
-18258.73999731544 12340.157480525766 115.50059122099827
-16203.889473247646 16891.305526722717 630.3769940693629
-13130.79195902171 17397.869881797928 438.7237591951571
-11838.800000713296 19662.534332611347 42.49450884913577
-10619.307371855424 20727.88490048895 -671.6779636750791
-9785.26787977263 21860.09851846809 -961.5038169409304
0.0 0.0 0.0
0.0 0.0 0.0
0.0 0.0 0.0
-8689.489262025965 -15443.000838872347 255.02825501315905
-10006.0263537089 -14221.428923440808 232.99379669283528
-12169.169984536637 -12053.27804667452 468.4158618645892
-13828.433740951172 -10479.859547556258 74.1095869068189
-16443.490910606677 -8329.659281341927 -160.18109402021307
-17265.15658128502 -5452.076725056638 -74.82361560199413
-18560.467893091085 -137.52059128828836 3.995081021969472
-17093.751026735532 4661.186852333883 -107.54982387176672
-15950.027546530984 9484.87303877956 34.23546453682757
-13351.269875547068 11867.018958627556 -264.8988286587729
-12173.95412231208 14159.296855825289 -551.8943492740352
-10620.667306692923 15375.35319897003 -1213.0911466481728
-9965.075157918336 17536.223407330526 -1314.1942014767887
0.0 0.0 0.0
0.0 0.0 0.0
0.0 0.0 0.0
0.0 0.0 0.0
0.0 0.0 0.0
-9569.596159051089 -10394.685743915032 1054.7780717834362
-10910.18049945695 -9584.456315949792 795.2345033879931
-12787.560019196517 -7910.929103543813 480.4802667241802
-13512.8848540851 -6248.658879520323 181.8096433738225
-14407.42431427474 -3192.8024085496268 -110.0274699767498
-14239.23349980402 -608.2105037697636 -123.355195273044
-14157.246304564163 3726.915120785417 -254.95059590848263
-12837.986645133387 6335.284678272382 -401.9966396980403
-12134.197040545208 9638.85966745657 -829.6474320234631
-10816.825114284056 11129.70837334502 -1418.575396019166
-10652.433667575517 13231.877775246498 -1486.0445404099848
0.0 0.0 0.0
0.0 0.0 0.0
0.0 0.0 0.0
0.0 0.0 0.0
0.0 0.0 0.0
0.0 0.0 0.0
0.0 0.0 0.0
-10367.708540963991 -7360.711312150078 1178.359012156218
-10951.25862565668 -6287.112189707405 895.3562022345728
-11888.648587658396 -4632.5223940328815 202.6160863502901
-11767.63958506084 -2849.5430868678577 -337.9088209706166
-11713.532250315962 -487.1822825742443 -680.051747188043
-11198.837252312716 2309.47554057744 -830.5140239042257
-11052.44173260298 5084.205851739633 -1328.8406795131466
-10134.597728753268 6820.682398416089 -1625.3101876772494
-9591.791573242172 9304.986370700628 -1989.6587563874052
0.0 0.0 0.0
0.0 0.0 0.0
0.0 0.0 0.0
0.0 0.0 0.0
0.0 0.0 0.0
0.0 0.0 0.0
0.0 0.0 0.0
0.0 0.0 0.0
0.0 0.0 0.0
0.0 0.0 0.0
0.0 0.0 0.0
-10640.294052222018 -2110.29880931187 -828.2258361112621
-9653.630109988126 -683.2339633112924 -1372.494165214261
-9806.77956716592 2013.225213500196 -1399.2557702692468
-9445.428903638727 3750.1973034247153 -1512.4215439535117
0.0 0.0 0.0
0.0 0.0 0.0
0.0 0.0 0.0
0.0 0.0 0.0
0.0 0.0 0.0
0.0 0.0 0.0
