x,y,z,Mx,My,Mz
108.0,136.0,-30.0,-17153.64052505608,-56423.90756338759,22615.521177919218
108.0,136.0,-25.0,-22892.860032483055,-66141.36801081561,19346.300128780593
108.0,136.0,-20.0,-25600.607914028977,-74561.13010194837,12924.65827332233
108.0,136.0,-15.0,-27138.70596556882,-81096.03851576525,-3.623986580910591e-10
108.0,136.0,-10.0,-25600.607914028824,-74561.13010194755,-12924.658273323003
108.0,136.0,-5.0,-22892.86003248189,-66141.36801081397,-19346.30012877871
108.0,136.0,0.0,-17153.640525056886,-56423.90756338535,-22615.521177920004
108.0,141.0,-30.0,-18723.419978081038,-56087.83662727762,16762.68733187559
108.0,141.0,-25.0,-22669.296572181283,-64109.57881014743,16214.774478912579
108.0,141.0,-20.0,-26778.174094423146,-71058.18167920245,9502.58822257317
108.0,141.0,-15.0,-28466.21494810507,-74718.10469873255,6.406480679288506e-10
108.0,141.0,-10.0,-26778.174094423655,-71058.18167920204,-9502.588222572318
108.0,141.0,-5.0,-22669.296572181884,-64109.57881014563,-16214.774478912028
108.0,141.0,0.0,-18723.41997807998,-56087.83662727477,-16762.687331876103
108.0,146.0,-30.0,-18631.712225607986,-56343.32246788635,12116.584892097922
108.0,146.0,-25.0,-24388.236852145503,-62570.66471052478,12567.653415218969
108.0,146.0,-20.0,-28122.739645538266,-67290.4155104494,8788.220574039597
108.0,146.0,-15.0,-31231.43983282735,-70216.83332325035,1.0871959742731772e-10
108.0,146.0,-10.0,-28122.739645538713,-67290.41551044924,-8788.220574038505
108.0,146.0,-5.0,-24388.23685214456,-62570.66471052181,-12567.653415218849
108.0,146.0,0.0,-18631.71222560671,-56343.3224678849,-12116.584892096418
108.0,151.0,-30.0,-22630.35613935448,-59572.646221852985,8437.642193428861
108.0,151.0,-25.0,-25971.968249271464,-61147.75359840216,8434.969698525892
108.0,151.0,-20.0,-30422.041757663803,-63964.14148740794,5677.654906382204
108.0,151.0,-15.0,-33153.291043706755,-64986.14525360627,-1.227817847393453e-10
108.0,151.0,-10.0,-30422.04175766403,-63964.141487407716,-5677.6549063805805
108.0,151.0,-5.0,-25971.968249270813,-61147.75359840121,-8434.969698526444
108.0,151.0,0.0,-22630.356139352705,-59572.64622185151,-8437.642193427748
108.0,156.0,-30.0,-22479.26890287436,-60993.00176725053,6866.261559914081
108.0,156.0,-25.0,-27625.61475746659,-62062.498631459624,6909.483902360264
108.0,156.0,-20.0,-31258.560506683632,-62294.124373799415,4794.2144823441195
108.0,156.0,-15.0,-33924.918350914704,-63072.594276219665,-5.203592314874419e-10
108.0,156.0,-10.0,-31258.560506683625,-62294.12437380004,-4794.214482344948
108.0,156.0,-5.0,-27625.614757464737,-62062.49863146062,-6909.483902359822
108.0,156.0,0.0,-22479.268902873788,-60993.00176725134,-6866.261559915797
108.0,161.0,-30.0,-24071.947738856892,-61004.89242012585,6523.246712590806
108.0,161.0,-25.0,-26903.856258816035,-61164.902096946564,6073.254757472852
108.0,161.0,-20.0,-30947.906215857798,-62545.70274984289,4115.850926550239
108.0,161.0,-15.0,-33537.003519237325,-62895.24253510175,-6.376782179219075e-10
108.0,161.0,-10.0,-30947.90621585803,-62545.70274984408,-4115.85092655287
108.0,161.0,-5.0,-26903.856258816613,-61164.902096946455,-6073.2547574744185
108.0,161.0,0.0,-24071.9477388572,-61004.8924201271,-6523.2467125934345
108.0,166.0,-30.0,-22058.035421424145,-61363.914345290985,5631.218351597443
108.0,166.0,-25.0,-26575.9662833527,-62061.46660557155,5918.487775643758
108.0,166.0,-20.0,-29344.668881148427,-61815.77046866352,4060.0922133805184
108.0,166.0,-15.0,-31507.630898075717,-62501.09369361626,-2.039827543343656e-09
108.0,166.0,-10.0,-29344.66888114769,-61815.770468664174,-4060.0922133837394
108.0,166.0,-5.0,-26575.96628335329,-62061.466605572496,-5918.487775646021
108.0,166.0,0.0,-22058.035421427103,-61363.914345291945,-5631.218351599502
108.0,171.0,-30.0,-21516.203872937404,-59691.390944080325,5770.334156830192
108.0,171.0,-25.0,-23689.654868160513,-59810.592088670826,5533.310558466245
108.0,171.0,-20.0,-26956.703514363075,-61065.25296689916,3729.479376793933
108.0,171.0,-15.0,-28709.23515998894,-61412.529934386366,-1.9997689658059525e-09
108.0,171.0,-10.0,-26956.703514364315,-61065.25296690093,-3729.4793767967726
108.0,171.0,-5.0,-23689.654868162303,-59810.592088672034,-5533.31055846882
108.0,171.0,0.0,-21516.2038729388,-59691.3909440821,-5770.334156832125
108.0,176.0,-30.0,-18397.21103037057,-57477.11968303607,4600.367292741683
108.0,176.0,-25.0,-22042.18739944769,-58148.13126256659,5411.992071636877
108.0,176.0,-20.0,-23772.629103140967,-58230.85652155604,3601.8677096992487
108.0,176.0,-15.0,-25202.882314578143,-58927.23022049664,-1.3396201071512992e-09
108.0,176.0,-10.0,-23772.629103142444,-58230.85652155718,-3601.867709701037
108.0,176.0,-5.0,-22042.187399448652,-58148.13126256756,-5411.9920716398265
108.0,176.0,0.0,-18397.21103037155,-57477.119683037556,-4600.367292742297
108.0,181.0,-30.0,-17571.276816294474,-53052.01764147289,4702.279088713137
108.0,181.0,-25.0,-18924.858363902404,-53468.186962375235,4591.995818344483
108.0,181.0,-20.0,-21135.715113037924,-54687.32228320506,3057.4178384900038
108.0,181.0,-15.0,-21998.977278068043,-55224.72874941576,-3.4935436879561915e-10
108.0,181.0,-10.0,-21135.715113039067,-54687.32228320584,-3057.4178384917673
108.0,181.0,-5.0,-18924.858363903168,-53468.18696237585,-4591.995818344528
108.0,181.0,0.0,-17571.27681629497,-53052.01764147398,-4702.279088714522
108.0,186.0,-30.0,-16239.172656232065,-47677.60639278787,2780.350427104634
108.0,186.0,-25.0,-18597.63106424029,-48740.28567849913,3973.7537563139654
108.0,186.0,-20.0,-19018.08661626844,-49790.6923927441,2375.512001056776
108.0,186.0,-15.0,-19534.409496539847,-50503.08354267208,-8.005557470497503e-11
108.0,186.0,-10.0,-19018.086616267752,-49790.69239274442,-2375.512001056957
108.0,186.0,-5.0,-18597.6310642399,-48740.285678500026,-3973.7537563142228
108.0,186.0,0.0,-16239.172656232162,-47677.606392788766,-2780.35042710476
108.0,191.0,-30.0,-15770.930605526095,-43422.34689862825,2738.1333077679396
108.0,191.0,-25.0,-17663.4468334938,-44658.77993412989,3046.394694442095
108.0,191.0,-20.0,-18317.208757202643,-45236.668693969346,1904.3305095232365
108.0,191.0,-15.0,-18464.080580857008,-46072.605037726375,8.794249279415252e-10
108.0,191.0,-10.0,-18317.208757203192,-45236.66869397047,-1904.3305095224505
108.0,191.0,-5.0,-17663.446833493537,-44658.77993413126,-3046.3946944417667
108.0,191.0,0.0,-15770.93060552678,-43422.34689862811,-2738.1333077671366
108.0,196.0,-30.0,-14811.298370801087,-39730.218673082825,1420.3172632513836
108.0,196.0,-25.0,-16742.633800967178,-41314.254864373164,3052.5148421653294
108.0,196.0,-20.0,-18022.71721664136,-42032.95964531387,1762.820870894482
108.0,196.0,-15.0,-18109.993271113697,-42710.65340047777,3.248473031788073e-10
108.0,196.0,-10.0,-18022.717216642173,-42032.95964531503,-1762.8208708929985
108.0,196.0,-5.0,-16742.63380096663,-41314.25486437232,-3052.5148421648164
108.0,196.0,0.0,-14811.298370799992,-39730.21867308245,-1420.3172632497651
108.0,201.0,-30.0,0.0,0.0,0.0
108.0,201.0,-25.0,0.0,0.0,0.0
108.0,201.0,-20.0,0.0,0.0,0.0
108.0,201.0,-15.0,0.0,0.0,0.0
108.0,201.0,-10.0,0.0,0.0,0.0
108.0,201.0,-5.0,0.0,0.0,0.0
108.0,201.0,0.0,0.0,0.0,0.0
108.0,206.0,-30.0,0.0,0.0,0.0
108.0,206.0,-25.0,0.0,0.0,0.0
108.0,206.0,-20.0,0.0,0.0,0.0
108.0,206.0,-15.0,0.0,0.0,0.0
108.0,206.0,-10.0,0.0,0.0,0.0
108.0,206.0,-5.0,0.0,0.0,0.0
108.0,206.0,0.0,0.0,0.0,0.0
108.0,211.0,-30.0,0.0,0.0,0.0
108.0,211.0,-25.0,0.0,0.0,0.0
108.0,211.0,-20.0,0.0,0.0,0.0
108.0,211.0,-15.0,0.0,0.0,0.0
108.0,211.0,-10.0,0.0,0.0,0.0
108.0,211.0,-5.0,0.0,0.0,0.0
108.0,211.0,0.0,0.0,0.0,0.0
108.0,216.0,-30.0,0.0,0.0,0.0
108.0,216.0,-25.0,0.0,0.0,0.0
108.0,216.0,-20.0,0.0,0.0,0.0
108.0,216.0,-15.0,0.0,0.0,0.0
108.0,216.0,-10.0,0.0,0.0,0.0
108.0,216.0,-5.0,0.0,0.0,0.0
108.0,216.0,0.0,0.0,0.0,0.0
108.0,221.0,-30.0,0.0,0.0,0.0
108.0,221.0,-25.0,0.0,0.0,0.0
108.0,221.0,-20.0,0.0,0.0,0.0
108.0,221.0,-15.0,0.0,0.0,0.0
108.0,221.0,-10.0,0.0,0.0,0.0
108.0,221.0,-5.0,0.0,0.0,0.0
108.0,221.0,0.0,0.0,0.0,0.0
108.0,226.0,-30.0,0.0,0.0,0.0
108.0,226.0,-25.0,0.0,0.0,0.0
108.0,226.0,-20.0,0.0,0.0,0.0
108.0,226.0,-15.0,0.0,0.0,0.0
108.0,226.0,-10.0,0.0,0.0,0.0
108.0,226.0,-5.0,0.0,0.0,0.0
108.0,226.0,0.0,0.0,0.0,0.0
108.0,231.0,-30.0,0.0,0.0,0.0
108.0,231.0,-25.0,0.0,0.0,0.0
108.0,231.0,-20.0,0.0,0.0,0.0
108.0,231.0,-15.0,0.0,0.0,0.0
108.0,231.0,-10.0,0.0,0.0,0.0
108.0,231.0,-5.0,0.0,0.0,0.0
108.0,231.0,0.0,0.0,0.0,0.0
108.0,236.0,-30.0,0.0,0.0,0.0
108.0,236.0,-25.0,0.0,0.0,0.0
108.0,236.0,-20.0,0.0,0.0,0.0
108.0,236.0,-15.0,0.0,0.0,0.0
108.0,236.0,-10.0,0.0,0.0,0.0
108.0,236.0,-5.0,0.0,0.0,0.0
108.0,236.0,0.0,0.0,0.0,0.0
113.0,136.0,-30.0,-22251.099167808843,-58557.80916238595,19355.224791483848
113.0,136.0,-25.0,-26298.08744079889,-66879.08906945553,17117.357464462773
113.0,136.0,-20.0,-30385.115391636595,-74929.25460028098,10989.718576127434
113.0,136.0,-15.0,-31523.362480727756,-81215.83078695196,5.743329113881503e-10
113.0,136.0,-10.0,-30385.115391635587,-74929.25460027996,-10989.718576126728
113.0,136.0,-5.0,-26298.08744080016,-66879.08906945375,-17117.35746446235
113.0,136.0,0.0,-22251.099167809403,-58557.80916238497,-19355.224791483353
113.0,141.0,-30.0,-22702.49149514365,-57346.49288430391,14091.644086835902
113.0,141.0,-25.0,-26783.2841990148,-64700.1293254904,14032.082863868469
113.0,141.0,-20.0,-29741.428747282105,-71815.90213006301,9618.303411408666
113.0,141.0,-15.0,-32251.91574844584,-76352.56059476387,4.6616441203637963e-11
113.0,141.0,-10.0,-29741.428747281756,-71815.90213006195,-9618.303411407944
113.0,141.0,-5.0,-26783.28419901506,-64700.129325488946,-14032.082863868865
113.0,141.0,0.0,-22702.491495144048,-57346.49288430261,-14091.644086834574
113.0,146.0,-30.0,-23787.95983362344,-57471.33942855855,9095.510548490696
113.0,146.0,-25.0,-26066.254262122504,-63038.108898102495,11282.801796939724
113.0,146.0,-20.0,-30970.99267480577,-69165.84430246934,7160.209252936528
113.0,146.0,-15.0,-32956.770549340494,-71070.92798335743,9.386772385019308e-10
113.0,146.0,-10.0,-30970.992674804715,-69165.84430246746,-7160.209252936282
113.0,146.0,-5.0,-26066.254262121503,-63038.1088981017,-11282.801796938635
113.0,146.0,0.0,-23787.95983362333,-57471.3394285579,-9095.510548490949
113.0,151.0,-30.0,-24155.07062556461,-60104.48257537851,6270.7366109233835
113.0,151.0,-25.0,-28271.89185091329,-62718.78545895651,6559.849603133397
113.0,151.0,-20.0,-31491.884598795576,-63999.22787346065,4507.2081598784125
113.0,151.0,-15.0,-33533.10893172482,-65114.12559943538,5.053860919500809e-10
113.0,151.0,-10.0,-31491.884598795088,-63999.2278734604,-4507.208159878995
113.0,151.0,-5.0,-28271.89185091186,-62718.78545895558,-6559.849603132305
113.0,151.0,0.0,-24155.070625564018,-60104.482575377464,-6270.736610922457
113.0,156.0,-30.0,-25357.309693590658,-61517.70187575164,5074.548669710049
113.0,156.0,-25.0,-28078.123961161342,-61741.438545678844,5439.289040776522
113.0,156.0,-20.0,-32321.622808534685,-63015.174397144765,3559.935043229043
113.0,156.0,-15.0,-33887.85088587294,-63087.23882834818,-2.078457747792037e-10
113.0,156.0,-10.0,-32321.622808535125,-63015.17439714471,-3559.935043229289
113.0,156.0,-5.0,-28078.123961161913,-61741.43854567782,-5439.289040777944
113.0,156.0,0.0,-25357.309693589308,-61517.70187575075,-5074.548669710048
113.0,161.0,-30.0,-25062.070609248476,-60714.02168626256,4656.40219325378
113.0,161.0,-25.0,-28661.50805300315,-61905.775080053245,4894.955855412909
113.0,161.0,-20.0,-31360.752241266833,-61699.3542096016,3215.282183001453
113.0,161.0,-15.0,-33126.90477538337,-62132.388470763115,-1.201357235913747e-09
113.0,161.0,-10.0,-31360.752241266975,-61699.354209601384,-3215.2821830030216
113.0,161.0,-5.0,-28661.508053003494,-61905.77508005369,-4894.955855413844
113.0,161.0,0.0,-25062.07060924977,-60714.021686261825,-4656.402193254653
113.0,166.0,-30.0,-24750.154142630814,-60861.63529571928,4534.769990573415
113.0,166.0,-25.0,-26792.132213674115,-60710.83236977246,4784.819200170888
113.0,166.0,-20.0,-30366.609614309287,-61688.27584039901,3087.9296251850437
113.0,166.0,-15.0,-31541.74024717272,-61500.841971171976,-1.5624539610843595e-09
113.0,166.0,-10.0,-30366.609614309422,-61688.27584039942,-3087.929625187424
113.0,166.0,-5.0,-26792.13221367497,-60710.832369773096,-4784.819200172052
113.0,166.0,0.0,-24750.1541426317,-60861.63529571964,-4534.769990574451
113.0,171.0,-30.0,-22719.45815118552,-58529.67024226636,4178.188260497999
113.0,171.0,-25.0,-25692.52753235401,-59742.28736791455,4658.9137654472115
113.0,171.0,-20.0,-27633.18055994329,-59513.77737083099,3034.507351957982
113.0,171.0,-15.0,-28985.498508458066,-59845.6956256337,-1.1529178979029753e-09
113.0,171.0,-10.0,-27633.180559943426,-59513.777370830896,-3034.5073519605285
113.0,171.0,-5.0,-25692.527532354823,-59742.287367914796,-4658.913765448983
113.0,171.0,0.0,-22719.458151187155,-58529.670242266235,-4178.188260498749
113.0,176.0,-30.0,-21511.575405697746,-56667.88629728453,4092.3274946766132
113.0,176.0,-25.0,-22690.406387030307,-56674.196525241765,4531.974865824594
113.0,176.0,-20.0,-25525.685579290825,-57592.82470191309,3089.8530349396574
113.0,176.0,-15.0,-26248.462898662056,-57463.96260319491,-7.260101579749272e-10
113.0,176.0,-10.0,-25525.685579291945,-57592.82470191358,-3089.8530349419552
113.0,176.0,-5.0,-22690.40638703174,-56674.19652524221,-4531.974865825204
113.0,176.0,0.0,-21511.575405698302,-56667.886297285,-4092.327494677969
113.0,181.0,-30.0,-19110.78293239693,-52208.862194493304,3760.3291428237885
113.0,181.0,-25.0,-21325.061633809117,-53308.02104547369,4363.306197536754
113.0,181.0,-20.0,-22459.458163664443,-53485.17214687984,2771.8479196474273
113.0,181.0,-15.0,-23454.15552194558,-53869.7131847632,-8.815859495406095e-10
113.0,181.0,-10.0,-22459.458163664574,-53485.1721468798,-2771.8479196472517
113.0,181.0,-5.0,-21325.06163380961,-53308.0210454751,-4363.306197537523
113.0,181.0,0.0,-19110.782932397244,-52208.86219449382,-3760.3291428230395
113.0,186.0,-30.0,-18882.86160644177,-47947.97772153685,3381.6845402139816
113.0,186.0,-25.0,-19327.39691735165,-48683.304641682356,3597.34136565843
113.0,186.0,-20.0,-21014.63410177604,-49662.00550566626,2659.4916447740306
113.0,186.0,-15.0,-21229.250057203226,-49795.62259081048,2.24163661991602e-10
113.0,186.0,-10.0,-21014.634101775642,-49662.00550566661,-2659.4916447739056
113.0,186.0,-5.0,-19327.396917351936,-48683.304641682626,-3597.3413656575344
113.0,186.0,0.0,-18882.86160644304,-47947.97772153785,-3381.6845402139948
113.0,191.0,-30.0,-16822.510605752697,-42983.21432957487,2612.3563254731007
113.0,191.0,-25.0,-18410.558119264213,-44289.764686749295,3363.9385699524732
113.0,191.0,-20.0,-19444.617140618924,-45123.948755650774,1992.0477169613976
113.0,191.0,-15.0,-19906.611818979738,-45470.357270169574,2.1464966623313432e-10
113.0,191.0,-10.0,-19444.617140618942,-45123.94875565149,-1992.0477169607036
113.0,191.0,-5.0,-18410.558119264333,-44289.76468674951,-3363.9385699522845
113.0,191.0,0.0,-16822.510605752715,-42983.2143295749,-2612.3563254724213
113.0,196.0,-30.0,-16828.927496750002,-39597.960528452684,2448.5633154796496
113.0,196.0,-25.0,-16850.11309020609,-40369.08566770373,2743.190858352457
113.0,196.0,-20.0,-18252.647066685284,-41143.05247404756,2016.6943295475319
113.0,196.0,-15.0,-18938.264634530064,-41882.082978068305,7.583415377136286e-10
113.0,196.0,-10.0,-18252.647066685524,-41143.0524740475,-2016.6943295470164
113.0,196.0,-5.0,-16850.11309020561,-40369.085667703584,-2743.1908583520794
113.0,196.0,0.0,-16828.927496749413,-39597.96052845174,-2448.5633154803418
113.0,201.0,-30.0,-14650.583381710983,-34295.29284926797,1618.6858142422054
113.0,201.0,-25.0,-15815.544636135217,-35773.42608030019,2424.5383848726533
113.0,201.0,-20.0,-16013.737800295377,-37726.47686199029,1527.1269868697425
113.0,201.0,-15.0,-17006.91404700753,-38522.404018624475,6.063540367481331e-11
113.0,201.0,-10.0,-16013.737800294788,-37726.47686199046,-1527.1269868695479
113.0,201.0,-5.0,-15815.544636135568,-35773.42608029978,-2424.5383848720817
113.0,201.0,0.0,-14650.583381711001,-34295.29284926699,-1618.6858142433994
113.0,206.0,-30.0,-13677.865102349759,-30934.874686810166,1725.1661448712082
113.0,206.0,-25.0,-13389.950074828545,-32560.50038349645,1807.8645065155392
113.0,206.0,-20.0,-13724.576381596658,-33542.11326772744,1541.4878660889858
113.0,206.0,-15.0,-14540.103869372215,-34731.50958335586,-3.401848172526681e-10
113.0,206.0,-10.0,-13724.576381596706,-33542.11326772691,-1541.487866088774
113.0,206.0,-5.0,-13389.950074828861,-32560.500383495677,-1807.8645065159342
113.0,206.0,0.0,-13677.865102350426,-30934.874686809067,-1725.1661448719983
113.0,211.0,-30.0,-9873.441712087293,-26534.571802617782,1018.3911346080948
113.0,211.0,-25.0,-10971.524054835454,-28115.447886138172,1690.2592486649748
113.0,211.0,-20.0,-11711.572421321975,-29540.846566260017,948.3012234982433
113.0,211.0,-15.0,-11936.744950846769,-30541.598643163597,2.1912221141505026e-11
113.0,211.0,-10.0,-11711.572421321334,-29540.846566259388,-948.301223498524
113.0,211.0,-5.0,-10971.524054835802,-28115.44788613758,-1690.2592486653648
113.0,211.0,0.0,-9873.441712087357,-26534.57180261618,-1018.3911346079645
113.0,216.0,-30.0,0.0,0.0,0.0
113.0,216.0,-25.0,0.0,0.0,0.0
113.0,216.0,-20.0,0.0,0.0,0.0
113.0,216.0,-15.0,0.0,0.0,0.0
113.0,216.0,-10.0,0.0,0.0,0.0
113.0,216.0,-5.0,0.0,0.0,0.0
113.0,216.0,0.0,0.0,0.0,0.0
113.0,221.0,-30.0,0.0,0.0,0.0
113.0,221.0,-25.0,0.0,0.0,0.0
113.0,221.0,-20.0,0.0,0.0,0.0
113.0,221.0,-15.0,0.0,0.0,0.0
113.0,221.0,-10.0,0.0,0.0,0.0
113.0,221.0,-5.0,0.0,0.0,0.0
113.0,221.0,0.0,0.0,0.0,0.0
113.0,226.0,-30.0,0.0,0.0,0.0
113.0,226.0,-25.0,0.0,0.0,0.0
113.0,226.0,-20.0,0.0,0.0,0.0
113.0,226.0,-15.0,0.0,0.0,0.0
113.0,226.0,-10.0,0.0,0.0,0.0
113.0,226.0,-5.0,0.0,0.0,0.0
113.0,226.0,0.0,0.0,0.0,0.0
113.0,231.0,-30.0,0.0,0.0,0.0
113.0,231.0,-25.0,0.0,0.0,0.0
113.0,231.0,-20.0,0.0,0.0,0.0
113.0,231.0,-15.0,0.0,0.0,0.0
113.0,231.0,-10.0,0.0,0.0,0.0
113.0,231.0,-5.0,0.0,0.0,0.0
113.0,231.0,0.0,0.0,0.0,0.0
113.0,236.0,-30.0,0.0,0.0,0.0
113.0,236.0,-25.0,0.0,0.0,0.0
113.0,236.0,-20.0,0.0,0.0,0.0
113.0,236.0,-15.0,0.0,0.0,0.0
113.0,236.0,-10.0,0.0,0.0,0.0
113.0,236.0,-5.0,0.0,0.0,0.0
113.0,236.0,0.0,0.0,0.0,0.0
118.0,136.0,-30.0,-26675.552964281615,-55625.10283901285,15921.838071972423
118.0,136.0,-25.0,-30721.757853388368,-64569.02721310858,14758.808014096725
118.0,136.0,-20.0,-34645.87004959707,-74255.47738836463,10626.18485132333
118.0,136.0,-15.0,-37995.84810958034,-81155.82485305886,-1.8262187204061028e-10
118.0,136.0,-10.0,-34645.87004959735,-74255.4773883636,-10626.184851322285
118.0,136.0,-5.0,-30721.757853388193,-64569.027213107605,-14758.808014096498
118.0,136.0,0.0,-26675.552964282073,-55625.10283901332,-15921.838071972046
118.0,141.0,-30.0,-25861.666896255232,-56356.80143619584,10578.874804101344
118.0,141.0,-25.0,-28935.90570521608,-63659.19145027942,11609.061925090215
118.0,141.0,-20.0,-34860.20012155368,-71387.98123717833,7430.325454779376
118.0,141.0,-15.0,-37237.95065921878,-75260.77123794732,5.811233887260852e-10
118.0,141.0,-10.0,-34860.200121553775,-71387.98123717651,-7430.325454779105
118.0,141.0,-5.0,-28935.905705215835,-63659.1914502785,-11609.06192508944
118.0,141.0,0.0,-25861.666896254654,-56356.80143619507,-10578.874804101335
118.0,146.0,-30.0,-25557.1318702275,-57598.22060537968,6663.242989287525
118.0,146.0,-25.0,-29416.47431672314,-63490.86138748821,8295.391818357539
118.0,146.0,-20.0,-33013.50284287564,-68220.349698247,5060.3595594569615
118.0,146.0,-15.0,-35628.054609142324,-70069.0930179002,-9.098936029579164e-11
118.0,146.0,-10.0,-33013.50284287462,-68220.34969824633,-5060.35955945632
118.0,146.0,-5.0,-29416.47431672331,-63490.8613874871,-8295.391818356919
118.0,146.0,0.0,-25557.131870227226,-57598.22060537915,-6663.242989286682
118.0,151.0,-30.0,-25633.760994961216,-60856.1217357781,4283.50617886749
118.0,151.0,-25.0,-28259.23438062852,-62095.71313895445,4265.806899960375
118.0,151.0,-20.0,-32752.07045139788,-64091.24131280917,2622.441013369941
118.0,151.0,-15.0,-34558.79136816887,-64777.01422273199,5.004614266861034e-10
118.0,151.0,-10.0,-32752.070451396365,-64091.241312808146,-2622.4410133691063
118.0,151.0,-5.0,-28259.234380628113,-62095.71313895375,-4265.806899960077
118.0,151.0,0.0,-25633.760994961027,-60856.12173577743,-4283.506178866742
118.0,156.0,-30.0,-26179.641487098004,-61107.470112939125,3215.3839819019995
118.0,156.0,-25.0,-28837.328282516122,-62356.11247811017,3747.5953235889037
118.0,156.0,-20.0,-31720.545719979287,-62293.796409529474,1956.2964729228538
118.0,156.0,-15.0,-33851.87035855258,-62478.81700140595,8.267426509471414e-11
118.0,156.0,-10.0,-31720.54571997967,-62293.79640952869,-1956.2964729236592
118.0,156.0,-5.0,-28837.328282515336,-62356.11247810986,-3747.5953235887764
118.0,156.0,0.0,-26179.64148709773,-61107.470112937015,-3215.3839819019768
118.0,161.0,-30.0,-25800.795760341865,-60839.999990203214,3525.087705098941
118.0,161.0,-25.0,-27767.169758371234,-60656.51084223342,3219.9099575266864
118.0,161.0,-20.0,-31577.26255937311,-61287.61275763457,2025.931883625991
118.0,161.0,-15.0,-32935.44672327254,-61270.65137574604,-7.696828281934773e-10
118.0,161.0,-10.0,-31577.262559373252,-61287.6127576343,-2025.9318836272403
118.0,161.0,-5.0,-27767.169758371827,-60656.510842232776,-3219.909957527549
118.0,161.0,0.0,-25800.79576034204,-60839.99999020221,-3525.0877050993327
118.0,166.0,-30.0,-25244.81434577792,-59193.158846136575,3299.810187693934
118.0,166.0,-25.0,-27386.049395424918,-60487.13437459508,3845.952197371454
118.0,166.0,-20.0,-29535.638245063987,-60098.20786444764,2008.7860324801381
118.0,166.0,-15.0,-31339.474861243663,-60009.360660724415,-9.286958103123317e-10
118.0,166.0,-10.0,-29535.638245064678,-60098.20786444725,-2008.7860324817905
118.0,166.0,-5.0,-27386.049395425696,-60487.134374594905,-3845.952197372361
118.0,166.0,0.0,-25244.81434577889,-59193.158846135535,-3299.810187694585
118.0,171.0,-30.0,-23825.924704344983,-57693.533179845945,3535.5664155975633
118.0,171.0,-25.0,-25052.107644600408,-57606.31878496361,3454.943683226909
118.0,171.0,-20.0,-28250.538747167975,-58215.61128592655,2445.8052487262416
118.0,171.0,-15.0,-29250.536387911437,-58142.406360477275,-6.266353673772915e-10
118.0,171.0,-10.0,-28250.53874716869,-58215.61128592605,-2445.80524872768
118.0,171.0,-5.0,-25052.107644600947,-57606.31878496324,-3454.9436832272177
118.0,171.0,0.0,-23825.92470434615,-57693.533179845675,-3535.566415598331
118.0,176.0,-30.0,-22429.69522396767,-54592.789954502216,3446.2182650424584
118.0,176.0,-25.0,-23863.420539000144,-55857.45608773198,4166.866976826777
118.0,176.0,-20.0,-25306.62087140707,-55552.04377932187,2366.418854218563
118.0,176.0,-15.0,-26822.771855905186,-55524.675980916065,-5.420593408831465e-10
118.0,176.0,-10.0,-25306.620871406943,-55552.04377932193,-2366.418854218954
118.0,176.0,-5.0,-23863.420539000927,-55857.45608773209,-4166.866976827682
118.0,176.0,0.0,-22429.69522396855,-54592.78995450117,-3446.2182650425434
118.0,181.0,-30.0,-20659.448594280242,-51303.36637683038,3691.5315643064177
118.0,181.0,-25.0,-21135.147670806924,-51508.93973431417,3609.411891292471
118.0,181.0,-20.0,-23708.475134599536,-52207.34887457847,2699.1795625842974
118.0,181.0,-15.0,-24431.963635696084,-52217.40136860963,-1.1965888708736952e-10
118.0,181.0,-10.0,-23708.475134599532,-52207.34887457913,-2699.179562585579
118.0,181.0,-5.0,-21135.147670806953,-51508.93973431462,-3609.411891292305
118.0,181.0,0.0,-20659.448594280442,-51303.36637683042,-3691.531564306185
118.0,186.0,-30.0,-19426.24829086609,-47097.46650914522,3345.8815013792937
118.0,186.0,-25.0,-20253.92578182977,-48288.277931348006,4063.933810671324
118.0,186.0,-20.0,-21128.230633955005,-48387.613443959184,2443.6517346507712
118.0,186.0,-15.0,-22371.358290063778,-48428.20905569014,-3.1097139678119373e-10
118.0,186.0,-10.0,-21128.230633955314,-48387.61344395869,-2443.65173465025
118.0,186.0,-5.0,-20253.925781830523,-48288.27793134831,-4063.9338106708874
118.0,186.0,0.0,-19426.248290866464,-47097.46650914544,-3345.881501378799
118.0,191.0,-30.0,-17699.006919099145,-42309.2873967871,3121.501402577096
118.0,191.0,-25.0,-18644.659296876453,-43399.90115918903,3131.6511184217507
118.0,191.0,-20.0,-20329.115732433027,-44248.2450827095,2527.1043869799178
118.0,191.0,-15.0,-20804.589148055755,-44479.89413417077,5.183336956530152e-10
118.0,191.0,-10.0,-20329.11573243325,-44248.24508270935,-2527.1043869793684
118.0,191.0,-5.0,-18644.659296876445,-43399.90115918914,-3131.6511184211263
118.0,191.0,0.0,-17699.00691909956,-42309.28739678689,-3121.5014025769465
118.0,196.0,-30.0,-17028.410492000286,-38279.19710380614,2768.1212439251917
118.0,196.0,-25.0,-17881.654495803115,-39461.908276346985,3217.4634786003394
118.0,196.0,-20.0,-18867.87360002033,-40578.81715861177,1932.622677335961
118.0,196.0,-15.0,-19531.1218121226,-40837.0442617546,4.5827418050846195e-10
118.0,196.0,-10.0,-18867.873600020288,-40578.817158612124,-1932.6226773353283
118.0,196.0,-5.0,-17881.65449580318,-39461.90827634651,-3217.4634786004076
118.0,196.0,0.0,-17028.410492000392,-38279.197103805884,-2768.121243925432
118.0,201.0,-30.0,-15735.048671805074,-33866.01731417033,2628.113774193362
118.0,201.0,-25.0,-15888.82517201343,-35618.87495878178,2438.3483865961375
118.0,201.0,-20.0,-16774.77521219522,-36453.54116693889,2113.692482606834
118.0,201.0,-15.0,-17640.41211515896,-36924.90019376211,1.263103667780634e-11
118.0,201.0,-10.0,-16774.775212195098,-36453.541166938514,-2113.6924826064323
118.0,201.0,-5.0,-15888.825172013838,-35618.87495878118,-2438.3483865965327
118.0,201.0,0.0,-15735.048671805424,-33866.017314169294,-2628.1137741934135
118.0,206.0,-30.0,-13518.280312785164,-30316.081565150722,2004.0233449189527
118.0,206.0,-25.0,-14315.196929294701,-31039.929035792156,2460.7213551831132
118.0,206.0,-20.0,-14783.843477817258,-32104.91889482119,1548.969042795683
118.0,206.0,-15.0,-15147.06393129981,-32503.050528449807,2.3057251097520302e-11
118.0,206.0,-10.0,-14783.843477817434,-32104.918894820716,-1548.969042796017
118.0,206.0,-5.0,-14315.196929295244,-31039.929035791607,-2460.721355183571
118.0,206.0,0.0,-13518.280312785091,-30316.081565149332,-2004.0233449197558
118.0,211.0,-30.0,-10871.691407143473,-24677.968002591606,1304.6182756063345
118.0,211.0,-25.0,-12070.114603711672,-25976.093669007834,1474.428856710736
118.0,211.0,-20.0,-12489.487133314484,-26787.404351873975,1048.0032848500298
118.0,211.0,-15.0,-12588.476674484393,-27722.678920884788,1.5576399429543622e-10
118.0,211.0,-10.0,-12489.487133314273,-26787.404351872945,-1048.0032848497876
118.0,211.0,-5.0,-12070.114603711458,-25976.093669007296,-1474.4288567110577
118.0,211.0,0.0,-10871.69140714431,-24677.96800259085,-1304.6182756072444
118.0,216.0,-30.0,-9870.067648549519,-20218.12347170859,409.9427678120704
118.0,216.0,-25.0,-10825.629502590531,-21333.424322190553,1023.8212925096094
118.0,216.0,-20.0,-10724.285044748287,-22569.165898738847,495.0116215060208
118.0,216.0,-15.0,-10650.108264395749,-23088.72167490947,3.2105518243952247e-10
118.0,216.0,-10.0,-10724.28504474895,-22569.165898738822,-495.011621505637
118.0,216.0,-5.0,-10825.629502591442,-21333.42432218978,-1023.8212925097638
118.0,216.0,0.0,-9870.067648549777,-20218.123471708495,-409.94276781270395
118.0,221.0,-30.0,-8689.489262025665,-15443.000838872653,-255.0282550136389
118.0,221.0,-25.0,-8926.738522151438,-17402.153846709734,-80.91479710090383
118.0,221.0,-20.0,-9380.165328225567,-18388.7607047599,182.05892716188058
118.0,221.0,-15.0,-9125.656224633194,-18962.53098822022,-1.0205777441789847e-10
118.0,221.0,-10.0,-9380.165328226347,-18388.76070475984,-182.05892716211417
118.0,221.0,-5.0,-8926.738522152169,-17402.153846709614,80.91479710053424
118.0,221.0,0.0,-8689.489262025965,-15443.000838872347,255.02825501315905
118.0,226.0,-30.0,0.0,0.0,0.0
118.0,226.0,-25.0,0.0,0.0,0.0
118.0,226.0,-20.0,0.0,0.0,0.0
118.0,226.0,-15.0,0.0,0.0,0.0
118.0,226.0,-10.0,0.0,0.0,0.0
118.0,226.0,-5.0,0.0,0.0,0.0
118.0,226.0,0.0,0.0,0.0,0.0
118.0,231.0,-30.0,0.0,0.0,0.0
118.0,231.0,-25.0,0.0,0.0,0.0
118.0,231.0,-20.0,0.0,0.0,0.0
118.0,231.0,-15.0,0.0,0.0,0.0
118.0,231.0,-10.0,0.0,0.0,0.0
118.0,231.0,-5.0,0.0,0.0,0.0
118.0,231.0,0.0,0.0,0.0,0.0
118.0,236.0,-30.0,0.0,0.0,0.0
118.0,236.0,-25.0,0.0,0.0,0.0
118.0,236.0,-20.0,0.0,0.0,0.0
118.0,236.0,-15.0,0.0,0.0,0.0
118.0,236.0,-10.0,0.0,0.0,0.0
118.0,236.0,-5.0,0.0,0.0,0.0
118.0,236.0,0.0,0.0,0.0,0.0
123.0,136.0,-30.0,-28957.288361305596,-52742.93502294835,12517.433972059498
123.0,136.0,-25.0,-31905.172199414013,-60605.33014285813,8180.448928249243
123.0,136.0,-20.0,-41606.81277146752,-68661.1431590186,4014.1105952506673
123.0,136.0,-15.0,-46423.59793223477,-74232.04646072733,3.987201452195549e-10
123.0,136.0,-10.0,-41606.81277146811,-68661.14315901883,-4014.110595250938
123.0,136.0,-5.0,-31905.17219941346,-60605.33014285855,-8180.448928250228
123.0,136.0,0.0,-28957.288361303454,-52742.93502294797,-12517.433972058461
123.0,141.0,-30.0,-26830.586791335623,-54107.353401511165,7484.840103769604
123.0,141.0,-25.0,-30841.60596535937,-60778.64325981313,5151.899246588701
123.0,141.0,-20.0,-38172.95029536802,-67538.18202250307,2016.3003388492066
123.0,141.0,-15.0,-43057.849598206725,-70779.59299629022,4.696140912039062e-12
123.0,141.0,-10.0,-38172.950295368726,-67538.18202250314,-2016.3003388487211
123.0,141.0,-5.0,-30841.6059653586,-60778.6432598125,-5151.8992465873025
123.0,141.0,0.0,-26830.5867913344,-54107.35340151062,-7484.840103769386
123.0,146.0,-30.0,-26909.038053554243,-56742.55691169786,3904.165764865797
123.0,146.0,-25.0,-27567.517404211736,-61864.35891799317,2641.449081454085
123.0,146.0,-20.0,-36348.44635549567,-65871.05007849443,321.0010391463471
123.0,146.0,-15.0,-40025.56160916852,-67177.48490698216,-1.0040342826151141e-11
123.0,146.0,-10.0,-36348.44635549543,-65871.05007849405,-321.0010391455986
123.0,146.0,-5.0,-27567.51740421161,-61864.35891799238,-2641.4490814532496
123.0,146.0,0.0,-26909.038053554006,-56742.55691169685,-3904.1657648651862
123.0,151.0,-30.0,-23878.29602062889,-60476.86977834802,1979.7127083775833
123.0,151.0,-25.0,-27854.167229460865,-61770.80815741538,106.61665240881862
123.0,151.0,-20.0,-33217.762321608265,-62683.11741969929,-1655.4115841069658
123.0,151.0,-15.0,-36870.057398789584,-63197.91874246814,1.5784519889980162e-11
123.0,151.0,-10.0,-33217.7623216081,-62683.11741969892,1655.4115841073044
123.0,151.0,-5.0,-27854.16722946066,-61770.80815741451,-106.61665240812047
123.0,151.0,0.0,-23878.296020629256,-60476.86977834702,-1979.7127083776547
123.0,156.0,-30.0,-25283.681038604558,-61402.67256436508,2119.964179165372
123.0,156.0,-25.0,-25690.812690250943,-61428.53207799576,-674.169264508182
123.0,156.0,-20.0,-32482.16813849339,-61676.887954631486,-1178.9638977820869
123.0,156.0,-15.0,-35089.76584439356,-61423.60235692339,1.5245604389061203e-10
123.0,156.0,-10.0,-32482.168138492958,-61676.88795463116,1178.9638977822906
123.0,156.0,-5.0,-25690.812690250394,-61428.532077995194,674.1692645079329
123.0,156.0,0.0,-25283.681038603678,-61402.67256436393,-2119.96417916451
123.0,161.0,-30.0,-23315.827158036882,-59960.88848698676,1276.8013209906971
123.0,161.0,-25.0,-26782.015609078175,-60417.43668777663,353.4098670031028
123.0,161.0,-20.0,-30780.422932924866,-59801.55991661225,-1249.9382525748304
123.0,161.0,-15.0,-33613.74671893786,-59836.31974991676,-2.949794482750197e-10
123.0,161.0,-10.0,-30780.422932925034,-59801.55991661131,1249.9382525744113
123.0,161.0,-5.0,-26782.015609078357,-60417.43668777559,-353.40986700331786
123.0,161.0,0.0,-23315.827158036987,-59960.88848698514,-1276.8013209908536
123.0,166.0,-30.0,-24052.84383544671,-58888.96649820568,2523.6886068541326
123.0,166.0,-25.0,-24476.423943977148,-58569.23741616816,345.8005096134171
123.0,166.0,-20.0,-30054.43728972764,-58658.11514621516,-102.94456491694419
123.0,166.0,-15.0,-31897.63863673008,-58234.23590491029,-3.336888192662675e-10
123.0,166.0,-10.0,-30054.43728972809,-58658.11514621458,102.94456491617134
123.0,166.0,-5.0,-24476.4239439777,-58569.23741616668,-345.80050961346757
123.0,166.0,0.0,-24052.84383544784,-58888.96649820408,-2523.6886068546323
123.0,171.0,-30.0,-21452.044369803898,-55843.27563437115,1916.2728158703267
123.0,171.0,-25.0,-24706.827766163256,-56448.11515435573,1656.4653122673624
123.0,171.0,-20.0,-27628.232909682698,-55800.15781725962,-118.29695269977604
123.0,171.0,-15.0,-29857.94870848221,-55861.85046421623,-2.81203894477936e-10
123.0,171.0,-10.0,-27628.23290968337,-55800.15781725931,118.2969527001175
123.0,171.0,-5.0,-24706.827766163824,-56448.11515435498,-1656.4653122677216
123.0,171.0,0.0,-21452.044369805066,-55843.27563436981,-1916.272815870089
123.0,176.0,-30.0,-21468.54309360652,-53712.57130290874,3202.421877685348
123.0,176.0,-25.0,-21788.825643190634,-53289.569335389184,1517.735218153614
123.0,176.0,-20.0,-26236.763361856643,-53542.13852092091,995.5483612025055
123.0,176.0,-15.0,-27538.000319183764,-53236.59425005031,1.8359427039078517e-10
123.0,176.0,-10.0,-26236.763361856476,-53542.138520920824,-995.5483612026436
123.0,176.0,-5.0,-21788.82564319064,-53289.56933538838,-1517.7352181530955
123.0,176.0,0.0,-21468.543093606684,-53712.57130290801,-3202.4218776848975
123.0,181.0,-30.0,-18565.448242867424,-49450.53140075197,2430.4639818339647
123.0,181.0,-25.0,-21494.95426690499,-50218.50135277502,2627.2576854024237
123.0,181.0,-20.0,-23532.641658718792,-49779.80479012454,776.2093639664348
123.0,181.0,-15.0,-25274.757562422452,-49945.19032923993,-1.924837832982456e-10
123.0,181.0,-10.0,-23532.641658719192,-49779.804790124486,-776.2093639660457
123.0,181.0,-5.0,-21494.954266904937,-50218.50135277461,-2627.257685402709
123.0,181.0,0.0,-18565.448242867493,-49450.53140075138,-2430.4639818343844
123.0,186.0,-30.0,-18430.19191996287,-46474.60632933222,3450.1297687198535
123.0,186.0,-25.0,-18754.289735070062,-46388.98456573576,2190.5408002168333
123.0,186.0,-20.0,-22227.128782477637,-46843.42678224612,1673.9447888218028
123.0,186.0,-15.0,-23149.154015819295,-46660.91997003208,-8.822098607197404e-11
123.0,186.0,-10.0,-22227.128782478252,-46843.42678224621,-1673.944788821906
123.0,186.0,-5.0,-18754.289735070262,-46388.98456573603,-2190.5408002163194
123.0,186.0,0.0,-18430.191919962785,-46474.60632933119,-3450.1297687201227
123.0,191.0,-30.0,-16269.821845707722,-42289.501322919015,2527.668588546476
123.0,191.0,-25.0,-18870.818250975495,-42995.98809625321,2950.3471949558216
123.0,191.0,-20.0,-20185.467826066848,-42776.748358044315,1227.0669665939727
123.0,191.0,-15.0,-21548.92842140639,-43038.91484650398,2.3787474913804448e-11
123.0,191.0,-10.0,-20185.467826067394,-42776.74835804455,-1227.0669665933895
123.0,191.0,-5.0,-18870.818250975924,-42995.98809625294,-2950.347194955635
123.0,191.0,0.0,-16269.82184570783,-42289.50132291892,-2527.6685885459387
123.0,196.0,-30.0,-16051.355335585495,-39010.317306280034,3102.5998722553704
123.0,196.0,-25.0,-17349.32276245594,-39305.343796940186,2398.6398960950555
123.0,196.0,-20.0,-19707.18178305911,-39662.81295788018,1852.9881400867412
123.0,196.0,-15.0,-20180.250288804527,-39559.058462203575,5.89097269990465e-11
123.0,196.0,-10.0,-19707.181783059314,-39662.81295788016,-1852.988140086769
123.0,196.0,-5.0,-17349.32276245615,-39305.343796940004,-2398.6398960947395
123.0,196.0,0.0,-16051.355335586692,-39010.317306279285,-3102.5998722551467
123.0,201.0,-30.0,-14910.595270274189,-34435.40624057333,2313.059029782672
123.0,201.0,-25.0,-16936.348285849064,-35177.280601492144,2924.7261946138383
123.0,201.0,-20.0,-18007.763556656853,-35235.41320451711,1540.9255899565017
123.0,201.0,-15.0,-18866.15772858006,-35398.54824753683,1.7123331992096563e-11
123.0,201.0,-10.0,-18007.763556657337,-35235.413204516815,-1540.9255899567067
123.0,201.0,-5.0,-16936.348285849548,-35177.2806014912,-2924.726194613831
123.0,201.0,0.0,-14910.595270274594,-34435.40624057244,-2313.059029782778
123.0,206.0,-30.0,-14450.325982379267,-29052.92328248936,2287.6847724396266
123.0,206.0,-25.0,-15584.540223432377,-30114.831246121335,2212.114164431714
123.0,206.0,-20.0,-16870.415619319527,-30508.905999563925,1796.5419385449156
123.0,206.0,-15.0,-16957.068518467742,-30669.79012390207,5.603863572009447e-11
123.0,206.0,-10.0,-16870.415619319487,-30508.90599956312,-1796.5419385450916
123.0,206.0,-5.0,-15584.540223432397,-30114.83124612043,-2212.1141644321706
123.0,206.0,0.0,-14450.325982379672,-29052.923282488307,-2287.684772439905
123.0,211.0,-30.0,-12914.296817718956,-23183.030316386976,1118.7412876890837
123.0,211.0,-25.0,-14025.408074614119,-24140.032684929312,1781.3054430357395
123.0,211.0,-20.0,-14272.769534144018,-25166.066265616788,1012.7870621828346
123.0,211.0,-15.0,-14888.440787636222,-25480.38230510894,1.463570851813399e-10
123.0,211.0,-10.0,-14272.76953414429,-25166.066265616606,-1012.7870621827444
123.0,211.0,-5.0,-14025.40807461464,-24140.032684929192,-1781.305443036134
123.0,211.0,0.0,-12914.296817719807,-23183.03031638706,-1118.741287690102
123.0,216.0,-30.0,-11601.444686646379,-17874.16664878734,715.576187549193
123.0,216.0,-25.0,-11985.49988080066,-19244.487939125338,657.5153732283735
123.0,216.0,-20.0,-12864.07735186701,-20054.493593565207,683.8175466494488
123.0,216.0,-15.0,-12868.148533221807,-20548.195727299084,-1.3201337459087461e-11
123.0,216.0,-10.0,-12864.07735186784,-20054.49359356489,-683.8175466495611
123.0,216.0,-5.0,-11985.499880801262,-19244.487939125545,-657.5153732286323
123.0,216.0,0.0,-11601.444686647632,-17874.166648787428,-715.5761875494029
123.0,221.0,-30.0,-10006.02635370854,-14221.428923440366,-232.99379669302112
123.0,221.0,-25.0,-11279.275671335574,-15158.573766750498,149.25243286438388
123.0,221.0,-20.0,-10777.91478454798,-15919.65741513952,92.13565183077642
123.0,221.0,-15.0,-11118.241318419574,-16280.568543757654,-2.6646173662609523e-10
123.0,221.0,-10.0,-10777.914784549026,-15919.657415139827,-92.13565183089302
123.0,221.0,-5.0,-11279.27567133634,-15158.573766750234,-149.25243286457453
123.0,221.0,0.0,-10006.0263537089,-14221.428923440808,232.99379669283528
123.0,226.0,-30.0,-9569.5961590504,-10394.685743915088,-1054.7780717841517
123.0,226.0,-25.0,-9797.432928771499,-11997.728036588227,-603.9858154599386
123.0,226.0,-20.0,-10356.909844175078,-12561.065281577548,-240.12851660215526
123.0,226.0,-15.0,-10507.805035871743,-13278.15747063887,-1.6557066828681855e-10
123.0,226.0,-10.0,-10356.909844175549,-12561.06528157715,240.1285166019971
123.0,226.0,-5.0,-9797.432928771957,-11997.728036587529,603.985815459948
123.0,226.0,0.0,-9569.596159051087,-10394.685743915032,1054.7780717834362
123.0,231.0,-30.0,0.0,0.0,0.0
123.0,231.0,-25.0,0.0,0.0,0.0
123.0,231.0,-20.0,0.0,0.0,0.0
123.0,231.0,-15.0,0.0,0.0,0.0
123.0,231.0,-10.0,0.0,0.0,0.0
123.0,231.0,-5.0,0.0,0.0,0.0
123.0,231.0,0.0,0.0,0.0,0.0
123.0,236.0,-30.0,0.0,0.0,0.0
123.0,236.0,-25.0,0.0,0.0,0.0
123.0,236.0,-20.0,0.0,0.0,0.0
123.0,236.0,-15.0,0.0,0.0,0.0
123.0,236.0,-10.0,0.0,0.0,0.0
123.0,236.0,-5.0,0.0,0.0,0.0
123.0,236.0,0.0,0.0,0.0,0.0
128.0,136.0,-30.0,-27876.337870991803,-49935.639589893755,6212.254822707774
128.0,136.0,-25.0,-35507.016398850654,-56193.89909016746,2536.6734250561262
128.0,136.0,-20.0,-42591.21986426182,-62488.72000507845,1409.2068951019185
128.0,136.0,-15.0,-46661.12458296186,-66670.95414512015,-7.846340720009591e-11
128.0,136.0,-10.0,-42591.219864261155,-62488.720005078205,-1409.2068951020933
128.0,136.0,-5.0,-35507.01639885016,-56193.89909016724,-2536.6734250565582
128.0,136.0,0.0,-27876.337870991596,-49935.63958989377,-6212.254822707476
128.0,141.0,-30.0,-25785.782193296138,-51490.50650135037,1842.9219749181366
128.0,141.0,-25.0,-31101.15499391425,-57227.37764324552,66.63054888728506
128.0,141.0,-20.0,-40141.99286725144,-61763.53096261642,-534.4292607072381
128.0,141.0,-15.0,-44234.220827187644,-64959.82622187365,-1.8525149263292946e-10
128.0,141.0,-10.0,-40141.9928672513,-61763.530962616045,534.4292607067844
128.0,141.0,-5.0,-31101.154993913493,-57227.37764324533,-66.63054888738918
128.0,141.0,0.0,-25785.782193295174,-51490.50650135048,-1842.9219749179763
128.0,146.0,-30.0,-22130.472387696464,-54822.547016153825,-43.11289778771856
128.0,146.0,-25.0,-28744.84051199341,-58292.4972202223,-2103.7538957023025
128.0,146.0,-20.0,-36031.16652047245,-62269.03631039973,-2881.6229388785173
128.0,146.0,-15.0,-41364.565546269965,-63375.09197366398,-6.902977335042894e-11
128.0,146.0,-10.0,-36031.166520472325,-62269.03631039937,2881.622938878599
128.0,146.0,-5.0,-28744.840511992847,-58292.49722022172,2103.753895702683
128.0,146.0,0.0,-22130.47238769563,-54822.547016153476,43.11289778789817
128.0,151.0,-30.0,-22085.97041186606,-59070.636833074655,-1719.1527953778332
128.0,151.0,-25.0,-24594.014650655845,-60326.211539776974,-4517.381326145824
128.0,151.0,-20.0,-33527.35561517201,-60872.374546710176,-3719.407168499497
128.0,151.0,-15.0,-36938.561850331,-61345.39408410798,1.6151838840764518e-10
128.0,151.0,-10.0,-33527.35561517154,-60872.37454671024,3719.407168499706
128.0,151.0,-5.0,-24594.014650655776,-60326.21153977648,4517.381326145737
128.0,151.0,0.0,-22085.97041186554,-59070.636833073055,1719.1527953788786
128.0,156.0,-30.0,-19673.357191212923,-61119.263609798654,-1217.671040306767
128.0,156.0,-25.0,-25141.35612874837,-60484.13010609045,-3846.6342341069744
128.0,156.0,-20.0,-30666.983243114337,-60354.77496391861,-4017.336856077737
128.0,156.0,-15.0,-35009.390707198916,-60301.04710922435,-1.4674347207451668e-11
128.0,156.0,-10.0,-30666.983243114457,-60354.77496391836,4017.336856077603
128.0,156.0,-5.0,-25141.356128748437,-60484.13010608982,3846.6342341073164
128.0,156.0,0.0,-19673.35719121291,-61119.263609797345,1217.6710403073619
128.0,161.0,-30.0,-21370.409579626983,-59285.28866914355,-979.9230249746231
128.0,161.0,-25.0,-22940.74523074348,-59272.30423393478,-3619.330097821379
128.0,161.0,-20.0,-30431.56805882864,-58882.04802161719,-2897.7379128339517
128.0,161.0,-15.0,-33302.51841934839,-58810.59118975853,-2.184361409700404e-10
128.0,161.0,-10.0,-30431.568058828758,-58882.04802161685,2897.737912833563
128.0,161.0,-5.0,-22940.74523074393,-59272.30423393347,3619.3300978216794
128.0,161.0,0.0,-21370.409579627714,-59285.28866914269,979.9230249751447
128.0,166.0,-30.0,-18817.11780343327,-58174.47478520377,33.07440140236736
128.0,166.0,-25.0,-23776.919251481413,-57671.35656217952,-2023.5687344139244
128.0,166.0,-20.0,-28158.973080666023,-57024.893700139335,-2544.1661186706874
128.0,166.0,-15.0,-31743.709710423725,-56926.923188253684,-2.6528659610938543e-10
128.0,166.0,-10.0,-28158.9730806665,-57024.89370013895,2544.1661186703864
128.0,166.0,-5.0,-23776.919251481744,-57671.35656217888,2023.568734413856
128.0,166.0,0.0,-18817.11780343441,-58174.47478520262,-33.07440140210493
128.0,171.0,-30.0,-19699.988774585407,-54652.27987197981,202.12699518674182
128.0,171.0,-25.0,-21312.631309595265,-54618.72246117466,-1595.841125606732
128.0,171.0,-20.0,-27377.43470329219,-54456.75930621264,-1286.4185525473843
128.0,171.0,-15.0,-29622.14041850047,-54382.40563316475,-1.6080128681586267e-10
128.0,171.0,-10.0,-27377.434703292227,-54456.75930621252,1286.4185525472153
128.0,171.0,-5.0,-21312.631309595683,-54618.72246117377,1595.841125607326
128.0,171.0,0.0,-19699.988774585585,-54652.27987197907,-202.12699518658317
128.0,176.0,-30.0,-16825.069093262704,-52500.01127982981,1164.4571273874426
128.0,176.0,-25.0,-21234.90872146344,-52056.859265193285,-143.13325568142972
128.0,176.0,-20.0,-24650.526185312603,-51426.125170626365,-1074.7901926904742
128.0,176.0,-15.0,-27571.67331717169,-51581.39072892168,-1.7618617675907444e-10
128.0,176.0,-10.0,-24650.526185312814,-51426.12517062606,1074.79019269073
128.0,176.0,-5.0,-21234.908721463446,-52056.85926519282,143.13325568141025
128.0,176.0,0.0,-16825.06909326334,-52500.01127982882,-1164.4571273870285
128.0,181.0,-30.0,-17072.946361572518,-48221.53414734059,1327.721718619649
128.0,181.0,-25.0,-18470.801139983632,-48286.52023173056,-78.66099636142356
128.0,181.0,-20.0,-23458.525235899604,-48397.433276832366,-116.455814007865
128.0,181.0,-15.0,-25251.83619936414,-48419.64439543024,7.113297984827883e-11
128.0,181.0,-10.0,-23458.52523589982,-48397.43327683219,116.45581400734916
128.0,181.0,-5.0,-18470.801139984083,-48286.520231730196,78.66099636166994
128.0,181.0,0.0,-17072.94636157258,-48221.53414733994,-1327.7217186195728
128.0,186.0,-30.0,-14397.912671095763,-45625.98253134108,1703.878870299483
128.0,186.0,-25.0,-18426.736870002504,-45555.00870162738,1043.8440620330327
128.0,186.0,-20.0,-20975.949385214386,-45104.77394219752,-25.95189920444769
128.0,186.0,-15.0,-23272.218134707105,-45323.408950158264,-1.7961099274543812e-10
128.0,186.0,-10.0,-20975.949385214815,-45104.77394219747,25.951899204642185
128.0,186.0,-5.0,-18426.736870002595,-45555.00870162714,-1043.8440620331828
128.0,186.0,0.0,-14397.912671095673,-45625.98253134009,-1703.8788702993386
128.0,191.0,-30.0,-15028.059219059875,-42118.0577750477,1673.6708855116856
128.0,191.0,-25.0,-16451.9011291024,-41950.22416759893,930.521946430522
128.0,191.0,-20.0,-20385.84264802153,-42003.337436943824,697.1295228823526
128.0,191.0,-15.0,-21642.507010721652,-42098.81375231698,-2.3806023818906397e-10
128.0,191.0,-10.0,-20385.842648021855,-42003.337436944,-697.1295228822951
128.0,191.0,-5.0,-16451.901129102556,-41950.22416759862,-930.5219464298387
128.0,191.0,0.0,-15028.05921906051,-42118.05777504658,-1673.670885512003
128.0,196.0,-30.0,-14559.454261778656,-38928.01347614298,1969.9959073934126
128.0,196.0,-25.0,-17492.376397192278,-38908.95382194443,1918.994227406409
128.0,196.0,-20.0,-18990.359721232806,-38543.8670189366,712.6114356517512
128.0,196.0,-15.0,-20780.288509895614,-38741.8411273565,-1.0413441049632428e-10
128.0,196.0,-10.0,-18990.35972123279,-38543.86701893642,-712.6114356519938
128.0,196.0,-5.0,-17492.376397192584,-38908.95382194398,-1918.9942274064201
128.0,196.0,0.0,-14559.454261779236,-38928.013476142,-1969.9959073928571
128.0,201.0,-30.0,-16193.602073149474,-33341.12874893464,2017.336876528226
128.0,201.0,-25.0,-16931.856528800763,-33986.75227217527,1638.7963591377713
128.0,201.0,-20.0,-19627.576376622033,-34331.95512514392,1163.30657644069
128.0,201.0,-15.0,-20466.06357003809,-34284.73729218463,-2.817513769462854e-10
128.0,201.0,-10.0,-19627.576376622237,-34331.955125143635,-1163.3065764411126
128.0,201.0,-5.0,-16931.85652880101,-33986.75227217427,-1638.7963591381383
128.0,201.0,0.0,-16193.602073149981,-33341.12874893399,-2017.3368765281807
128.0,206.0,-30.0,-15851.642111979017,-28362.733398222917,1829.6442462072669
128.0,206.0,-25.0,-18316.40047607246,-28564.759375541886,1877.7556627947522
128.0,206.0,-20.0,-19095.847053074107,-28743.291739803073,1007.4984406770016
128.0,206.0,-15.0,-20134.626503856893,-28761.676784875,-2.155786660296144e-10
128.0,206.0,-10.0,-19095.847053074434,-28743.291739802666,-1007.4984406772157
128.0,206.0,-5.0,-18316.40047607283,-28564.759375541555,-1877.7556627948643
128.0,206.0,0.0,-15851.642111979667,-28362.733398222455,-1829.6442462077248
128.0,211.0,-30.0,-15915.344111411614,-22273.23654770633,1287.814087065506
128.0,211.0,-25.0,-16268.89847601985,-22991.487011685134,1309.1397766215769
128.0,211.0,-20.0,-17960.16816343822,-23071.17374578693,973.589421737138
128.0,211.0,-15.0,-18347.153380407206,-23191.147254054376,-8.420604564506855e-11
128.0,211.0,-10.0,-17960.168163438455,-23071.173745787175,-973.5894217371019
128.0,211.0,-5.0,-16268.898476020262,-22991.487011685436,-1309.1397766216412
128.0,211.0,0.0,-15915.34411141266,-22273.236547706052,-1287.8140870662291
128.0,216.0,-30.0,-13523.015271573615,-17022.091294899263,569.671001956538
128.0,216.0,-25.0,-15080.115711664315,-17393.405433747947,907.651058031833
128.0,216.0,-20.0,-15298.149706866181,-18072.796624525497,525.1415618513911
128.0,216.0,-15.0,-15891.902118163887,-18172.66789658079,-1.6227300205316984e-10
128.0,216.0,-10.0,-15298.149706866328,-18072.796624525712,-525.1415618517606
128.0,216.0,-5.0,-15080.115711664559,-17393.405433748147,-907.6510580322151
128.0,216.0,0.0,-13523.015271573855,-17022.091294899117,-569.6710019568865
128.0,221.0,-30.0,-12169.169984535956,-12053.278046673931,-468.41586186486165
128.0,221.0,-25.0,-12372.574293638552,-13126.867837970878,-38.622360135577885
128.0,221.0,-20.0,-13330.03531507503,-13554.430017522049,206.722732108132
128.0,221.0,-15.0,-13660.098929576116,-13948.415661377563,-1.6332664513769982e-11
128.0,221.0,-10.0,-13330.035315075525,-13554.430017522109,-206.7227321083531
128.0,221.0,-5.0,-12372.574293638969,-13126.86783797036,38.62236013555146
128.0,221.0,0.0,-12169.169984536635,-12053.278046674519,468.4158618645892
128.0,226.0,-30.0,-10910.180499455399,-9584.456315950178,-795.2345033881516
128.0,226.0,-25.0,-12038.712935214076,-9828.13610102821,-387.2186073231888
128.0,226.0,-20.0,-12171.444835540196,-10599.384390942929,-208.98015723926957
128.0,226.0,-15.0,-12563.187887696973,-10927.17581830679,5.578865764416858e-12
128.0,226.0,-10.0,-12171.444835540124,-10599.384390942789,208.98015723948646
128.0,226.0,-5.0,-12038.712935214773,-9828.136101028509,387.21860732337996
128.0,226.0,0.0,-10910.18049945695,-9584.456315949792,795.2345033879931
128.0,231.0,-30.0,-10367.708540963064,-7360.711312150804,-1178.3590121556404
128.0,231.0,-25.0,-10811.711424405163,-8040.633705132907,-779.9411237621099
128.0,231.0,-20.0,-11571.956720228094,-8237.156851572805,-487.1514137367668
128.0,231.0,-15.0,-12045.957183603634,-9060.53022000043,1.6055613135298093e-10
128.0,231.0,-10.0,-11571.956720228929,-8237.156851572738,487.15141373716494
128.0,231.0,-5.0,-10811.71142440621,-8040.63370513243,779.9411237624222
128.0,231.0,0.0,-10367.708540963991,-7360.711312150078,1178.359012156218
128.0,236.0,-30.0,0.0,0.0,0.0
128.0,236.0,-25.0,0.0,0.0,0.0
128.0,236.0,-20.0,0.0,0.0,0.0
128.0,236.0,-15.0,0.0,0.0,0.0
128.0,236.0,-10.0,0.0,0.0,0.0
128.0,236.0,-5.0,0.0,0.0,0.0
128.0,236.0,0.0,0.0,0.0,0.0
133.0,136.0,-30.0,-23561.038830537047,-46194.74135780153,-847.9262522178353
133.0,136.0,-25.0,-35240.933039390125,-52295.788111429436,-2623.2766385294426
133.0,136.0,-20.0,-45130.2101238872,-56528.25212330022,45.80035147001499
133.0,136.0,-15.0,-45966.417246465564,-60977.59260988685,1.3712381657499533e-11
133.0,136.0,-10.0,-45130.210123886354,-56528.25212329999,-45.80035147055787
133.0,136.0,-5.0,-35240.93303938982,-52295.788111429065,2623.2766385291593
133.0,136.0,0.0,-23561.038830537193,-46194.741357801526,847.9262522168749
133.0,141.0,-30.0,-22348.72183212009,-48460.684188923566,-5240.478301167424
133.0,141.0,-25.0,-33580.043809673385,-53381.39684162183,-3849.4443020812873
133.0,141.0,-20.0,-40056.76228568198,-57701.99903536796,-1306.4126720458094
133.0,141.0,-15.0,-40695.07414929959,-60016.590204786764,-2.091318102819579e-10
133.0,141.0,-10.0,-40056.762285681485,-57701.99903536712,1306.4126720453323
133.0,141.0,-5.0,-33580.043809673836,-53381.396841621594,3849.444302080163
133.0,141.0,0.0,-22348.721832119954,-48460.68418892329,5240.478301167105
133.0,146.0,-30.0,-17844.5385857418,-52715.69156705349,-6603.644820174008
133.0,146.0,-25.0,-27839.386665567094,-55661.84956523064,-6830.4803865100985
133.0,146.0,-20.0,-37207.2648709665,-58552.05885235939,-3889.6151951640213
133.0,146.0,-15.0,-38997.62633523939,-60087.59894767728,-1.858167636852998e-10
133.0,146.0,-10.0,-37207.264870966275,-58552.05885235876,3889.615195163677
133.0,146.0,-5.0,-27839.3866655665,-55661.849565230135,6830.480386510237
133.0,146.0,0.0,-17844.53858574114,-52715.6915670543,6603.644820173304
133.0,151.0,-30.0,-16580.549583643362,-58137.62478739886,-7640.417758482391
133.0,151.0,-25.0,-26134.889470063154,-58663.449411797796,-8162.20132305524
133.0,151.0,-20.0,-32578.99750814446,-59626.37066353377,-5731.6867795535645
133.0,151.0,-15.0,-35371.68342070697,-59772.487699172605,6.921487884261669e-11
133.0,151.0,-10.0,-32578.997508144173,-59626.37066353347,5731.686779553557
133.0,151.0,-5.0,-26134.889470062946,-58663.4494117973,8162.201323055686
133.0,151.0,0.0,-16580.54958364297,-58137.62478739822,7640.417758483138
133.0,156.0,-30.0,-15616.331702176412,-60750.93073333276,-6510.2819826665445
133.0,156.0,-25.0,-23659.170878937282,-59878.18396988551,-8323.862029311913
133.0,156.0,-20.0,-31571.053193917924,-59402.70674404273,-4700.654422770935
133.0,156.0,-15.0,-33081.68467379712,-59406.08064905492,-1.2872848086632216e-10
133.0,156.0,-10.0,-31571.053193918102,-59402.70674404262,4700.65442277071
133.0,156.0,-5.0,-23659.17087893739,-59878.18396988481,8323.862029311995
133.0,156.0,0.0,-15616.331702176927,-60750.93073333165,6510.281982666676
133.0,161.0,-30.0,-16319.157843143126,-58773.59855086874,-6001.319694087182
133.0,161.0,-25.0,-23860.299247830702,-58751.63699195166,-6187.363363126007
133.0,161.0,-20.0,-28964.76913682141,-58331.40534952777,-4850.930399507035
133.0,161.0,-15.0,-32104.706072444675,-58218.12800371632,-3.817079302210074e-10
133.0,161.0,-10.0,-28964.76913682162,-58331.4053495278,4850.930399506662
133.0,161.0,-5.0,-23860.299247831277,-58751.636991951105,6187.36336312622
133.0,161.0,0.0,-16319.157843144021,-58773.59855086732,6001.3196940874295
133.0,166.0,-30.0,-15481.717097890962,-57822.57584086514,-4185.83736960795
133.0,166.0,-25.0,-21848.112943641238,-56976.045933847854,-5753.0716291773815
133.0,166.0,-20.0,-28649.970081435822,-56565.57448609362,-3251.6335482437707
133.0,166.0,-15.0,-30475.191081323774,-56153.20366654329,-9.701276818911235e-11
133.0,166.0,-10.0,-28649.970081435888,-56565.574486093275,3251.633548243607
133.0,166.0,-5.0,-21848.112943641514,-56976.04593384758,5753.071629177521
133.0,166.0,0.0,-15481.71709789147,-57822.57584086421,4185.837369608075
133.0,171.0,-30.0,-15591.871066853717,-53679.4310186946,-3936.413158368201
133.0,171.0,-25.0,-21810.084695992355,-54045.58540276208,-3737.5794966435624
133.0,171.0,-20.0,-25999.69063514829,-53527.4817967763,-3097.4142632610274
133.0,171.0,-15.0,-28879.121548636507,-53473.4038193564,1.1389672111433286e-10
133.0,171.0,-10.0,-25999.690635148454,-53527.481796776265,3097.414263261169
133.0,171.0,-5.0,-21810.084695992213,-54045.58540276149,3737.579496643556
133.0,171.0,0.0,-15591.871066854119,-53679.43101869337,3936.4131583688777
133.0,176.0,-30.0,-14049.403673624289,-51644.38588790232,-2161.3019754219285
133.0,176.0,-25.0,-19144.878105242213,-50948.147507677255,-3374.237881935451
133.0,176.0,-20.0,-24916.823730289794,-50807.021862259404,-1748.719918163857
133.0,176.0,-15.0,-26696.569442973258,-50509.441053998446,6.0493057856384e-11
133.0,176.0,-10.0,-24916.82373028971,-50807.02186225942,1748.7199181636518
133.0,176.0,-5.0,-19144.878105242416,-50948.14750767673,3374.237881935821
133.0,176.0,0.0,-14049.403673624836,-51644.385887902,2161.3019754224565
133.0,181.0,-30.0,-13421.296170495647,-47159.96781340448,-2094.613256398232
133.0,181.0,-25.0,-18595.396155274324,-47806.09128895141,-1688.8338997485926
133.0,181.0,-20.0,-22049.309508898732,-47374.50008019194,-1784.2591337839865
133.0,181.0,-15.0,-24713.370359479468,-47452.83760132628,-3.283509077169956e-11
133.0,181.0,-10.0,-22049.309508898834,-47374.5000801916,1784.259133783875
133.0,181.0,-5.0,-18595.396155274524,-47806.09128895103,1688.833899748589
133.0,181.0,0.0,-13421.296170496355,-47159.96781340358,2094.613256399312
133.0,186.0,-30.0,-12179.73947350249,-45102.268267963285,-844.7904922151993
133.0,186.0,-25.0,-16251.67513302865,-44796.12505081758,-1618.9327606646016
133.0,186.0,-20.0,-21096.958451541475,-44896.56422477803,-697.588778100258
133.0,186.0,-15.0,-22667.23360315074,-44552.56028671775,-1.316202076104207e-10
133.0,186.0,-10.0,-21096.958451541697,-44896.56422477758,697.5887781000915
133.0,186.0,-5.0,-16251.675133029144,-44796.12505081709,1618.9327606646775
133.0,186.0,0.0,-12179.739473502654,-45102.268267963045,844.7904922155666
133.0,191.0,-30.0,-12513.45368346693,-41758.72827089672,-867.6710239957714
133.0,191.0,-25.0,-16849.77302863027,-42144.14165067077,-260.9833404537844
133.0,191.0,-20.0,-19283.98981738038,-41586.77593486342,-617.025501031359
133.0,191.0,-15.0,-21424.137343065533,-41683.18498770332,-2.1714769014252874e-10
133.0,191.0,-10.0,-19283.98981738059,-41586.77593486334,617.0255010310522
133.0,191.0,-5.0,-16849.773028630607,-42144.14165067042,260.9833404539827
133.0,191.0,0.0,-12513.453683467196,-41758.72827089566,867.6710239962429
133.0,196.0,-30.0,-14523.244651492294,-38038.90718746106,279.14140475408476
133.0,196.0,-25.0,-16833.443757642708,-38192.263472968036,109.16974666826161
133.0,196.0,-20.0,-20106.416298589742,-38426.64274186778,218.61311807517404
133.0,196.0,-15.0,-21369.177935163574,-38144.26404019284,-1.4827179484200316e-10
133.0,196.0,-10.0,-20106.416298589695,-38426.642741867596,-218.61311807514093
133.0,196.0,-5.0,-16833.44375764295,-38192.26347296745,-109.16974666828293
133.0,196.0,0.0,-14523.24465149275,-38038.90718746031,-279.1414047540306
133.0,201.0,-30.0,-15672.111978156963,-32632.230410332355,408.7508365975379
133.0,201.0,-25.0,-19106.91434175827,-32769.1379683405,945.4934490265135
133.0,201.0,-20.0,-20512.305695442734,-33149.43236387113,287.33523645693896
133.0,201.0,-15.0,-22216.778513482735,-33077.42483277552,-2.4545252652091605e-10
133.0,201.0,-10.0,-20512.305695442705,-33149.4323638708,-287.33523645719976
133.0,201.0,-5.0,-19106.91434175868,-32769.13796834032,-945.4934490270745
133.0,201.0,0.0,-15672.111978156916,-32632.230410331813,-408.75083659825293
133.0,206.0,-30.0,-18061.237857866414,-26816.750850545766,998.5023212945471
133.0,206.0,-25.0,-19406.85536592724,-26885.73544440331,797.6527221067225
133.0,206.0,-20.0,-22176.317813835358,-26861.613558726265,685.0778378253065
133.0,206.0,-15.0,-22690.995670017037,-26971.719950949777,-1.343105581401353e-10
133.0,206.0,-10.0,-22176.317813835645,-26861.61355872636,-685.077837825779
133.0,206.0,-5.0,-19406.85536592709,-26885.735444403083,-797.6527221068889
133.0,206.0,0.0,-18061.237857866025,-26816.750850544893,-998.5023212953108
133.0,211.0,-30.0,-18240.69286981678,-20512.271978900313,782.3634907084141
133.0,211.0,-25.0,-20378.340382755996,-20569.94051243178,1013.6344574685824
133.0,211.0,-20.0,-20942.365334844835,-20720.709787988922,557.4474822124512
133.0,211.0,-15.0,-22073.210586245583,-20483.54156308978,-1.3823699356924574e-10
133.0,211.0,-10.0,-20942.365334844504,-20720.709787989315,-557.447482212406
133.0,211.0,-5.0,-20378.340382756094,-20569.940512431862,-1013.6344574686009
133.0,211.0,0.0,-18240.692869816823,-20512.271978899895,-782.3634907083203
133.0,216.0,-30.0,-17066.40695764641,-14792.381367339114,695.7323269103928
133.0,216.0,-25.0,-17831.36319209193,-15541.457509149785,581.7155946933984
133.0,216.0,-20.0,-19401.53839198434,-15273.769416355166,519.7722864798948
133.0,216.0,-15.0,-19552.240587467415,-15383.298412952274,3.2709199091952636e-10
133.0,216.0,-10.0,-19401.53839198443,-15273.769416355633,-519.7722864797942
133.0,216.0,-5.0,-17831.363192091987,-15541.457509149888,-581.7155946933351
133.0,216.0,0.0,-17066.406957646042,-14792.381367339334,-695.7323269099488
133.0,221.0,-30.0,-13828.433740950548,-10479.859547555718,-74.10958690674256
133.0,221.0,-25.0,-15721.62399465774,-10723.67891868388,144.17314303051475
133.0,221.0,-20.0,-15974.920243879158,-11399.195089709641,193.3658691920372
133.0,221.0,-15.0,-16586.11128421075,-11323.571064186788,1.3012854731386413e-10
133.0,221.0,-10.0,-15974.920243879236,-11399.195089709398,-193.36586919147123
133.0,221.0,-5.0,-15721.623994657803,-10723.678918684302,-144.1731430307008
133.0,221.0,0.0,-13828.433740951172,-10479.859547556258,74.1095869068189
133.0,226.0,-30.0,-12787.56001919608,-7910.929103544015,-480.4802667244908
133.0,226.0,-25.0,-13297.299792881015,-8408.977845175239,-281.5747339706252
133.0,226.0,-20.0,-14394.98175835963,-8348.643106902504,-158.82673420684273
133.0,226.0,-15.0,-14555.253585022236,-8861.401461758003,1.276001004204291e-10
133.0,226.0,-10.0,-14394.981758360113,-8348.643106902638,158.82673420705055
133.0,226.0,-5.0,-13297.29979288179,-8408.977845175472,281.5747339713154
133.0,226.0,0.0,-12787.560019196517,-7910.929103543813,480.48026672418024
133.0,231.0,-30.0,-10951.25862565697,-6287.11218970795,-895.3562022336986
133.0,231.0,-25.0,-12580.951483518676,-6443.107134771785,-143.95174231492564
133.0,231.0,-20.0,-12601.151730997179,-6714.745587005685,-213.6744776768977
133.0,231.0,-15.0,-13464.783169514996,-7085.458184072722,4.864183530436413e-10
133.0,231.0,-10.0,-12601.151730997459,-6714.745587005795,213.67447767756258
133.0,231.0,-5.0,-12580.951483519513,-6443.1071347718935,143.9517423154181
133.0,231.0,0.0,-10951.25862565668,-6287.112189707405,895.3562022345728
133.0,236.0,-30.0,0.0,0.0,0.0
133.0,236.0,-25.0,0.0,0.0,0.0
133.0,236.0,-20.0,0.0,0.0,0.0
133.0,236.0,-15.0,0.0,0.0,0.0
133.0,236.0,-10.0,0.0,0.0,0.0
133.0,236.0,-5.0,0.0,0.0,0.0
133.0,236.0,0.0,0.0,0.0,0.0
138.0,136.0,-30.0,0.0,0.0,0.0
138.0,136.0,-25.0,0.0,0.0,0.0
138.0,136.0,-20.0,0.0,0.0,0.0
138.0,136.0,-15.0,0.0,0.0,0.0
138.0,136.0,-10.0,0.0,0.0,0.0
138.0,136.0,-5.0,0.0,0.0,0.0
138.0,136.0,0.0,0.0,0.0,0.0
138.0,141.0,-30.0,0.0,0.0,0.0
138.0,141.0,-25.0,0.0,0.0,0.0
138.0,141.0,-20.0,0.0,0.0,0.0
138.0,141.0,-15.0,0.0,0.0,0.0
138.0,141.0,-10.0,0.0,0.0,0.0
138.0,141.0,-5.0,0.0,0.0,0.0
138.0,141.0,0.0,0.0,0.0,0.0
138.0,146.0,-30.0,0.0,0.0,0.0
138.0,146.0,-25.0,0.0,0.0,0.0
138.0,146.0,-20.0,0.0,0.0,0.0
138.0,146.0,-15.0,0.0,0.0,0.0
138.0,146.0,-10.0,0.0,0.0,0.0
138.0,146.0,-5.0,0.0,0.0,0.0
138.0,146.0,0.0,0.0,0.0,0.0
138.0,151.0,-30.0,0.0,0.0,0.0
138.0,151.0,-25.0,0.0,0.0,0.0
138.0,151.0,-20.0,0.0,0.0,0.0
138.0,151.0,-15.0,0.0,0.0,0.0
138.0,151.0,-10.0,0.0,0.0,0.0
138.0,151.0,-5.0,0.0,0.0,0.0
138.0,151.0,0.0,0.0,0.0,0.0
138.0,156.0,-30.0,0.0,0.0,0.0
138.0,156.0,-25.0,0.0,0.0,0.0
138.0,156.0,-20.0,0.0,0.0,0.0
138.0,156.0,-15.0,0.0,0.0,0.0
138.0,156.0,-10.0,0.0,0.0,0.0
138.0,156.0,-5.0,0.0,0.0,0.0
138.0,156.0,0.0,0.0,0.0,0.0
138.0,161.0,-30.0,0.0,0.0,0.0
138.0,161.0,-25.0,0.0,0.0,0.0
138.0,161.0,-20.0,0.0,0.0,0.0
138.0,161.0,-15.0,0.0,0.0,0.0
138.0,161.0,-10.0,0.0,0.0,0.0
138.0,161.0,-5.0,0.0,0.0,0.0
138.0,161.0,0.0,0.0,0.0,0.0
138.0,166.0,-30.0,0.0,0.0,0.0
138.0,166.0,-25.0,0.0,0.0,0.0
138.0,166.0,-20.0,0.0,0.0,0.0
138.0,166.0,-15.0,0.0,0.0,0.0
138.0,166.0,-10.0,0.0,0.0,0.0
138.0,166.0,-5.0,0.0,0.0,0.0
138.0,166.0,0.0,0.0,0.0,0.0
138.0,171.0,-30.0,0.0,0.0,0.0
138.0,171.0,-25.0,0.0,0.0,0.0
138.0,171.0,-20.0,0.0,0.0,0.0
138.0,171.0,-15.0,0.0,0.0,0.0
138.0,171.0,-10.0,0.0,0.0,0.0
138.0,171.0,-5.0,0.0,0.0,0.0
138.0,171.0,0.0,0.0,0.0,0.0
138.0,176.0,-30.0,0.0,0.0,0.0
138.0,176.0,-25.0,0.0,0.0,0.0
138.0,176.0,-20.0,0.0,0.0,0.0
138.0,176.0,-15.0,0.0,0.0,0.0
138.0,176.0,-10.0,0.0,0.0,0.0
138.0,176.0,-5.0,0.0,0.0,0.0
138.0,176.0,0.0,0.0,0.0,0.0
138.0,181.0,-30.0,0.0,0.0,0.0
138.0,181.0,-25.0,0.0,0.0,0.0
138.0,181.0,-20.0,0.0,0.0,0.0
138.0,181.0,-15.0,0.0,0.0,0.0
138.0,181.0,-10.0,0.0,0.0,0.0
138.0,181.0,-5.0,0.0,0.0,0.0
138.0,181.0,0.0,0.0,0.0,0.0
138.0,186.0,-30.0,0.0,0.0,0.0
138.0,186.0,-25.0,0.0,0.0,0.0
138.0,186.0,-20.0,0.0,0.0,0.0
138.0,186.0,-15.0,0.0,0.0,0.0
138.0,186.0,-10.0,0.0,0.0,0.0
138.0,186.0,-5.0,0.0,0.0,0.0
138.0,186.0,0.0,0.0,0.0,0.0
138.0,191.0,-30.0,0.0,0.0,0.0
138.0,191.0,-25.0,0.0,0.0,0.0
138.0,191.0,-20.0,0.0,0.0,0.0
138.0,191.0,-15.0,0.0,0.0,0.0
138.0,191.0,-10.0,0.0,0.0,0.0
138.0,191.0,-5.0,0.0,0.0,0.0
138.0,191.0,0.0,0.0,0.0,0.0
138.0,196.0,-30.0,0.0,0.0,0.0
138.0,196.0,-25.0,0.0,0.0,0.0
138.0,196.0,-20.0,0.0,0.0,0.0
138.0,196.0,-15.0,0.0,0.0,0.0
138.0,196.0,-10.0,0.0,0.0,0.0
138.0,196.0,-5.0,0.0,0.0,0.0
138.0,196.0,0.0,0.0,0.0,0.0
138.0,201.0,-30.0,0.0,0.0,0.0
138.0,201.0,-25.0,0.0,0.0,0.0
138.0,201.0,-20.0,0.0,0.0,0.0
138.0,201.0,-15.0,0.0,0.0,0.0
138.0,201.0,-10.0,0.0,0.0,0.0
138.0,201.0,-5.0,0.0,0.0,0.0
138.0,201.0,0.0,0.0,0.0,0.0
138.0,206.0,-30.0,-19196.293814344568,-23274.579215344456,286.4917048891364
138.0,206.0,-25.0,-23595.31122246437,-22611.738319592874,710.0130742556585
138.0,206.0,-20.0,-25126.873603852295,-22230.247468450092,248.61858686345215
138.0,206.0,-15.0,-26267.996416860897,-22003.397698484438,-2.483694237930144e-10
138.0,206.0,-10.0,-25126.87360385172,-22230.24746844997,-248.61858686352556
138.0,206.0,-5.0,-23595.31122246371,-22611.738319592365,-710.0130742560839
138.0,206.0,0.0,-19196.29381434375,-23274.57921534366,-286.4917048895284
138.0,211.0,-30.0,-21431.378260196136,-16472.434592725145,455.124256750765
138.0,211.0,-25.0,-22707.883926802402,-16086.466683492014,496.2231451068363
138.0,211.0,-20.0,-25026.105428991315,-15581.63847264948,444.04764539410905
138.0,211.0,-15.0,-25659.895476760572,-15686.99433502713,-3.454339762078123e-11
138.0,211.0,-10.0,-25026.105428990813,-15581.63847264937,-444.047645394191
138.0,211.0,-5.0,-22707.88392680225,-16086.466683492128,-496.22314510648334
138.0,211.0,0.0,-21431.378260195263,-16472.434592725505,-455.124256750465
138.0,216.0,-30.0,-18806.101140735467,-12287.636190827798,172.64646144682447
138.0,216.0,-25.0,-21721.754351560583,-11586.599936221888,443.1142630689125
138.0,216.0,-20.0,-22151.728356855474,-11920.358009233782,274.1837350299348
138.0,216.0,-15.0,-23047.161730439973,-11555.60235174103,2.3539621046048913e-10
138.0,216.0,-10.0,-22151.72835685559,-11920.358009233718,-274.18373502953096
138.0,216.0,-5.0,-21721.754351560812,-11586.599936222656,-443.114263068672
138.0,216.0,0.0,-18806.10114073504,-12287.6361908288,-172.64646144609617
138.0,221.0,-30.0,-16443.490910606663,-8329.659281340773,160.18109402045977
138.0,221.0,-25.0,-17435.83216070972,-8837.666646914195,165.06805067224292
138.0,221.0,-20.0,-18921.99649125385,-8203.887565362993,272.8254872661214
138.0,221.0,-15.0,-19282.779778079956,-8095.833320598498,1.3423224325442948e-10
138.0,221.0,-10.0,-18921.996491253874,-8203.887565363162,-272.8254872659343
138.0,221.0,-5.0,-17435.832160709957,-8837.666646914598,-165.06805067154568
138.0,221.0,0.0,-16443.490910606677,-8329.659281341927,-160.18109402021307
138.0,226.0,-30.0,-13512.884854085509,-6248.658879520019,-181.80964337360794
138.0,226.0,-25.0,-15475.27693314012,-5951.204702574691,55.37154357630745
138.0,226.0,-20.0,-15813.438285887407,-6301.953150488283,183.79162897173177
138.0,226.0,-15.0,-16338.720197436904,-5981.203285930911,1.4480485573722893e-10
138.0,226.0,-10.0,-15813.438285887687,-6301.953150488239,-183.7916289711543
138.0,226.0,-5.0,-15475.27693314026,-5951.20470257487,-55.37154357607643
138.0,226.0,0.0,-13512.884854085101,-6248.658879520323,181.8096433738225
138.0,231.0,-30.0,-11888.648587658705,-4632.522394032815,-202.61608634923107
138.0,231.0,-25.0,-12563.819496508426,-4906.961212138626,20.29311186472036
138.0,231.0,-20.0,-13748.408237455866,-4412.241787435689,189.87622504349906
138.0,231.0,-15.0,-14235.560998099361,-4535.396158817824,7.649491582797478e-10
138.0,231.0,-10.0,-13748.408237456051,-4412.2417874351195,-189.87622504290619
138.0,231.0,-5.0,-12563.819496508551,-4906.961212138788,-20.293111864218144
138.0,231.0,0.0,-11888.648587658397,-4632.5223940328815,202.61608635029012
138.0,236.0,-30.0,0.0,0.0,0.0
138.0,236.0,-25.0,0.0,0.0,0.0
138.0,236.0,-20.0,0.0,0.0,0.0
138.0,236.0,-15.0,0.0,0.0,0.0
138.0,236.0,-10.0,0.0,0.0,0.0
138.0,236.0,-5.0,0.0,0.0,0.0
138.0,236.0,0.0,0.0,0.0,0.0
143.0,136.0,-30.0,0.0,0.0,0.0
143.0,136.0,-25.0,0.0,0.0,0.0
143.0,136.0,-20.0,0.0,0.0,0.0
143.0,136.0,-15.0,0.0,0.0,0.0
143.0,136.0,-10.0,0.0,0.0,0.0
143.0,136.0,-5.0,0.0,0.0,0.0
143.0,136.0,0.0,0.0,0.0,0.0
143.0,141.0,-30.0,0.0,0.0,0.0
143.0,141.0,-25.0,0.0,0.0,0.0
143.0,141.0,-20.0,0.0,0.0,0.0
143.0,141.0,-15.0,0.0,0.0,0.0
143.0,141.0,-10.0,0.0,0.0,0.0
143.0,141.0,-5.0,0.0,0.0,0.0
143.0,141.0,0.0,0.0,0.0,0.0
143.0,146.0,-30.0,0.0,0.0,0.0
143.0,146.0,-25.0,0.0,0.0,0.0
143.0,146.0,-20.0,0.0,0.0,0.0
143.0,146.0,-15.0,0.0,0.0,0.0
143.0,146.0,-10.0,0.0,0.0,0.0
143.0,146.0,-5.0,0.0,0.0,0.0
143.0,146.0,0.0,0.0,0.0,0.0
143.0,151.0,-30.0,0.0,0.0,0.0
143.0,151.0,-25.0,0.0,0.0,0.0
143.0,151.0,-20.0,0.0,0.0,0.0
143.0,151.0,-15.0,0.0,0.0,0.0
143.0,151.0,-10.0,0.0,0.0,0.0
143.0,151.0,-5.0,0.0,0.0,0.0
143.0,151.0,0.0,0.0,0.0,0.0
143.0,156.0,-30.0,0.0,0.0,0.0
143.0,156.0,-25.0,0.0,0.0,0.0
143.0,156.0,-20.0,0.0,0.0,0.0
143.0,156.0,-15.0,0.0,0.0,0.0
143.0,156.0,-10.0,0.0,0.0,0.0
143.0,156.0,-5.0,0.0,0.0,0.0
143.0,156.0,0.0,0.0,0.0,0.0
143.0,161.0,-30.0,0.0,0.0,0.0
143.0,161.0,-25.0,0.0,0.0,0.0
143.0,161.0,-20.0,0.0,0.0,0.0
143.0,161.0,-15.0,0.0,0.0,0.0
143.0,161.0,-10.0,0.0,0.0,0.0
143.0,161.0,-5.0,0.0,0.0,0.0
143.0,161.0,0.0,0.0,0.0,0.0
143.0,166.0,-30.0,0.0,0.0,0.0
143.0,166.0,-25.0,0.0,0.0,0.0
143.0,166.0,-20.0,0.0,0.0,0.0
143.0,166.0,-15.0,0.0,0.0,0.0
143.0,166.0,-10.0,0.0,0.0,0.0
143.0,166.0,-5.0,0.0,0.0,0.0
143.0,166.0,0.0,0.0,0.0,0.0
143.0,171.0,-30.0,0.0,0.0,0.0
143.0,171.0,-25.0,0.0,0.0,0.0
143.0,171.0,-20.0,0.0,0.0,0.0
143.0,171.0,-15.0,0.0,0.0,0.0
143.0,171.0,-10.0,0.0,0.0,0.0
143.0,171.0,-5.0,0.0,0.0,0.0
143.0,171.0,0.0,0.0,0.0,0.0
143.0,176.0,-30.0,0.0,0.0,0.0
143.0,176.0,-25.0,0.0,0.0,0.0
143.0,176.0,-20.0,0.0,0.0,0.0
143.0,176.0,-15.0,0.0,0.0,0.0
143.0,176.0,-10.0,0.0,0.0,0.0
143.0,176.0,-5.0,0.0,0.0,0.0
143.0,176.0,0.0,0.0,0.0,0.0
143.0,181.0,-30.0,0.0,0.0,0.0
143.0,181.0,-25.0,0.0,0.0,0.0
143.0,181.0,-20.0,0.0,0.0,0.0
143.0,181.0,-15.0,0.0,0.0,0.0
143.0,181.0,-10.0,0.0,0.0,0.0
143.0,181.0,-5.0,0.0,0.0,0.0
143.0,181.0,0.0,0.0,0.0,0.0
143.0,186.0,-30.0,0.0,0.0,0.0
143.0,186.0,-25.0,0.0,0.0,0.0
143.0,186.0,-20.0,0.0,0.0,0.0
143.0,186.0,-15.0,0.0,0.0,0.0
143.0,186.0,-10.0,0.0,0.0,0.0
143.0,186.0,-5.0,0.0,0.0,0.0
143.0,186.0,0.0,0.0,0.0,0.0
143.0,191.0,-30.0,0.0,0.0,0.0
143.0,191.0,-25.0,0.0,0.0,0.0
143.0,191.0,-20.0,0.0,0.0,0.0
143.0,191.0,-15.0,0.0,0.0,0.0
143.0,191.0,-10.0,0.0,0.0,0.0
143.0,191.0,-5.0,0.0,0.0,0.0
143.0,191.0,0.0,0.0,0.0,0.0
143.0,196.0,-30.0,0.0,0.0,0.0
143.0,196.0,-25.0,0.0,0.0,0.0
143.0,196.0,-20.0,0.0,0.0,0.0
143.0,196.0,-15.0,0.0,0.0,0.0
143.0,196.0,-10.0,0.0,0.0,0.0
143.0,196.0,-5.0,0.0,0.0,0.0
143.0,196.0,0.0,0.0,0.0,0.0
143.0,201.0,-30.0,0.0,0.0,0.0
143.0,201.0,-25.0,0.0,0.0,0.0
143.0,201.0,-20.0,0.0,0.0,0.0
143.0,201.0,-15.0,0.0,0.0,0.0
143.0,201.0,-10.0,0.0,0.0,0.0
143.0,201.0,-5.0,0.0,0.0,0.0
143.0,201.0,0.0,0.0,0.0,0.0
143.0,206.0,-30.0,0.0,0.0,0.0
143.0,206.0,-25.0,0.0,0.0,0.0
143.0,206.0,-20.0,0.0,0.0,0.0
143.0,206.0,-15.0,0.0,0.0,0.0
143.0,206.0,-10.0,0.0,0.0,0.0
143.0,206.0,-5.0,0.0,0.0,0.0
143.0,206.0,0.0,0.0,0.0,0.0
143.0,211.0,-30.0,-23371.386888990295,-9192.361841535625,275.92239786508367
143.0,211.0,-25.0,-26024.41250190677,-8374.984538277948,406.6987410895094
143.0,211.0,-20.0,-27063.271361562212,-8912.224797108895,297.503802057429
143.0,211.0,-15.0,-28828.671740288682,-8387.622485729515,-9.290263648814966e-11
143.0,211.0,-10.0,-27063.271361562227,-8912.224797108676,-297.503802057136
143.0,211.0,-5.0,-26024.41250190587,-8374.984538278426,-406.69874108916406
143.0,211.0,0.0,-23371.38688898957,-9192.361841536349,-275.92239786488557
143.0,216.0,-30.0,-21229.397554220966,-6172.546911118814,47.30530682903921
143.0,216.0,-25.0,-22596.35190760813,-6592.406147811843,290.2468189076223
143.0,216.0,-20.0,-24991.941611706323,-5739.569358027901,178.38980149883903
143.0,216.0,-15.0,-25278.481469992512,-5720.119827442825,2.7965648245779723e-10
143.0,216.0,-10.0,-24991.941611706152,-5739.56935802836,-178.3898014987343
143.0,216.0,-5.0,-22596.35190760787,-6592.4061478124195,-290.24681890733893
143.0,216.0,0.0,-21229.397554220406,-6172.54691111984,-47.30530682878347
143.0,221.0,-30.0,-17265.15658128562,-5452.076725055845,74.82361560244415
143.0,221.0,-25.0,-20026.671456157692,-4391.219624563816,247.61086556628558
143.0,221.0,-20.0,-20350.433548484274,-4272.514939754036,231.792033678018
143.0,221.0,-15.0,-21230.067989971623,-3839.1101053993953,8.73538746211061e-11
143.0,221.0,-10.0,-20350.433548484696,-4272.5149397545,-231.79203367760513
143.0,221.0,-5.0,-20026.671456157255,-4391.21962456449,-247.6108655658174
143.0,221.0,0.0,-17265.15658128502,-5452.076725056638,-74.82361560199413
143.0,226.0,-30.0,-14407.424314275291,-3192.8024085487596,110.02746997718286
143.0,226.0,-25.0,-15547.678461517813,-3591.15197074363,372.98763007621613
143.0,226.0,-20.0,-16957.583684282716,-2565.7105552027647,530.1742866112455
143.0,226.0,-15.0,-17090.919557641886,-2265.6621360373288,1.7341607515066115e-10
143.0,226.0,-10.0,-16957.58368428245,-2565.710555203008,-530.1742866106058
143.0,226.0,-5.0,-15547.67846151759,-3591.1519707442,-372.98763007545136
143.0,226.0,0.0,-14407.42431427474,-3192.8024085496268,-110.02746997674981
143.0,231.0,-30.0,-11767.639585061239,-2849.5430868672674,337.9088209712532
143.0,231.0,-25.0,-13361.176295909294,-1911.0596370766407,724.0572667316162
143.0,231.0,-20.0,-13610.011294627386,-1913.0680553845261,527.3786339518919
143.0,231.0,-15.0,-14227.842691743897,-1563.6744825360875,4.770939199261193e-10
143.0,231.0,-10.0,-13610.011294627599,-1913.0680553846248,-527.3786339510592
143.0,231.0,-5.0,-13361.176295909088,-1911.0596370770763,-724.0572667311876
143.0,231.0,0.0,-11767.639585060839,-2849.5430868678577,-337.9088209706166
143.0,236.0,-30.0,-10640.294052221854,-2110.2988093114636,828.2258361113123
143.0,236.0,-25.0,-11433.181492695943,-1876.134603200636,1215.1026081128564
143.0,236.0,-20.0,-12038.329066237682,-626.3965493201138,890.7191252721448
143.0,236.0,-15.0,-12203.125770969742,-512.8357634159883,7.102273464683563e-10
143.0,236.0,-10.0,-12038.329066236967,-626.3965493201672,-890.7191252711245
143.0,236.0,-5.0,-11433.181492696245,-1876.1346032007639,-1215.102608112043
143.0,236.0,0.0,-10640.294052222018,-2110.29880931187,-828.2258361112621
148.0,136.0,-30.0,0.0,0.0,0.0
148.0,136.0,-25.0,0.0,0.0,0.0
148.0,136.0,-20.0,0.0,0.0,0.0
148.0,136.0,-15.0,0.0,0.0,0.0
148.0,136.0,-10.0,0.0,0.0,0.0
148.0,136.0,-5.0,0.0,0.0,0.0
148.0,136.0,0.0,0.0,0.0,0.0
148.0,141.0,-30.0,0.0,0.0,0.0
148.0,141.0,-25.0,0.0,0.0,0.0
148.0,141.0,-20.0,0.0,0.0,0.0
148.0,141.0,-15.0,0.0,0.0,0.0
148.0,141.0,-10.0,0.0,0.0,0.0
148.0,141.0,-5.0,0.0,0.0,0.0
148.0,141.0,0.0,0.0,0.0,0.0
148.0,146.0,-30.0,0.0,0.0,0.0
148.0,146.0,-25.0,0.0,0.0,0.0
148.0,146.0,-20.0,0.0,0.0,0.0
148.0,146.0,-15.0,0.0,0.0,0.0
148.0,146.0,-10.0,0.0,0.0,0.0
148.0,146.0,-5.0,0.0,0.0,0.0
148.0,146.0,0.0,0.0,0.0,0.0
148.0,151.0,-30.0,0.0,0.0,0.0
148.0,151.0,-25.0,0.0,0.0,0.0
148.0,151.0,-20.0,0.0,0.0,0.0
148.0,151.0,-15.0,0.0,0.0,0.0
148.0,151.0,-10.0,0.0,0.0,0.0
148.0,151.0,-5.0,0.0,0.0,0.0
148.0,151.0,0.0,0.0,0.0,0.0
148.0,156.0,-30.0,0.0,0.0,0.0
148.0,156.0,-25.0,0.0,0.0,0.0
148.0,156.0,-20.0,0.0,0.0,0.0
148.0,156.0,-15.0,0.0,0.0,0.0
148.0,156.0,-10.0,0.0,0.0,0.0
148.0,156.0,-5.0,0.0,0.0,0.0
148.0,156.0,0.0,0.0,0.0,0.0
148.0,161.0,-30.0,0.0,0.0,0.0
148.0,161.0,-25.0,0.0,0.0,0.0
148.0,161.0,-20.0,0.0,0.0,0.0
148.0,161.0,-15.0,0.0,0.0,0.0
148.0,161.0,-10.0,0.0,0.0,0.0
148.0,161.0,-5.0,0.0,0.0,0.0
148.0,161.0,0.0,0.0,0.0,0.0
148.0,166.0,-30.0,0.0,0.0,0.0
148.0,166.0,-25.0,0.0,0.0,0.0
148.0,166.0,-20.0,0.0,0.0,0.0
148.0,166.0,-15.0,0.0,0.0,0.0
148.0,166.0,-10.0,0.0,0.0,0.0
148.0,166.0,-5.0,0.0,0.0,0.0
148.0,166.0,0.0,0.0,0.0,0.0
148.0,171.0,-30.0,0.0,0.0,0.0
148.0,171.0,-25.0,0.0,0.0,0.0
148.0,171.0,-20.0,0.0,0.0,0.0
148.0,171.0,-15.0,0.0,0.0,0.0
148.0,171.0,-10.0,0.0,0.0,0.0
148.0,171.0,-5.0,0.0,0.0,0.0
148.0,171.0,0.0,0.0,0.0,0.0
148.0,176.0,-30.0,0.0,0.0,0.0
148.0,176.0,-25.0,0.0,0.0,0.0
148.0,176.0,-20.0,0.0,0.0,0.0
148.0,176.0,-15.0,0.0,0.0,0.0
148.0,176.0,-10.0,0.0,0.0,0.0
148.0,176.0,-5.0,0.0,0.0,0.0
148.0,176.0,0.0,0.0,0.0,0.0
148.0,181.0,-30.0,0.0,0.0,0.0
148.0,181.0,-25.0,0.0,0.0,0.0
148.0,181.0,-20.0,0.0,0.0,0.0
148.0,181.0,-15.0,0.0,0.0,0.0
148.0,181.0,-10.0,0.0,0.0,0.0
148.0,181.0,-5.0,0.0,0.0,0.0
148.0,181.0,0.0,0.0,0.0,0.0
148.0,186.0,-30.0,0.0,0.0,0.0
148.0,186.0,-25.0,0.0,0.0,0.0
148.0,186.0,-20.0,0.0,0.0,0.0
148.0,186.0,-15.0,0.0,0.0,0.0
148.0,186.0,-10.0,0.0,0.0,0.0
148.0,186.0,-5.0,0.0,0.0,0.0
148.0,186.0,0.0,0.0,0.0,0.0
148.0,191.0,-30.0,0.0,0.0,0.0
148.0,191.0,-25.0,0.0,0.0,0.0
148.0,191.0,-20.0,0.0,0.0,0.0
148.0,191.0,-15.0,0.0,0.0,0.0
148.0,191.0,-10.0,0.0,0.0,0.0
148.0,191.0,-5.0,0.0,0.0,0.0
148.0,191.0,0.0,0.0,0.0,0.0
148.0,196.0,-30.0,0.0,0.0,0.0
148.0,196.0,-25.0,0.0,0.0,0.0
148.0,196.0,-20.0,0.0,0.0,0.0
148.0,196.0,-15.0,0.0,0.0,0.0
148.0,196.0,-10.0,0.0,0.0,0.0
148.0,196.0,-5.0,0.0,0.0,0.0
148.0,196.0,0.0,0.0,0.0,0.0
148.0,201.0,-30.0,0.0,0.0,0.0
148.0,201.0,-25.0,0.0,0.0,0.0
148.0,201.0,-20.0,0.0,0.0,0.0
148.0,201.0,-15.0,0.0,0.0,0.0
148.0,201.0,-10.0,0.0,0.0,0.0
148.0,201.0,-5.0,0.0,0.0,0.0
148.0,201.0,0.0,0.0,0.0,0.0
148.0,206.0,-30.0,0.0,0.0,0.0
148.0,206.0,-25.0,0.0,0.0,0.0
148.0,206.0,-20.0,0.0,0.0,0.0
148.0,206.0,-15.0,0.0,0.0,0.0
148.0,206.0,-10.0,0.0,0.0,0.0
148.0,206.0,-5.0,0.0,0.0,0.0
148.0,206.0,0.0,0.0,0.0,0.0
148.0,211.0,-30.0,-24406.87825406256,289.29574005905505,-232.13235908691726
148.0,211.0,-25.0,-25985.427175280016,-61.097276863482854,334.1709032931414
148.0,211.0,-20.0,-29013.514759922702,870.0825808400992,157.7648655389199
148.0,211.0,-15.0,-30391.82530938987,977.3546902248047,-2.7430554304950554e-10
148.0,211.0,-10.0,-29013.514759922433,870.0825808397677,-157.76486553929487
148.0,211.0,-5.0,-25985.42717527967,-61.09727686421561,-334.17090329325436
148.0,211.0,0.0,-24406.87825406194,289.29574005856546,232.13235908694006
148.0,216.0,-30.0,-20937.282704222904,-760.5235428985517,48.50237525267725
148.0,216.0,-25.0,-24253.616168043354,741.0132641854914,89.96438588039295
148.0,216.0,-20.0,-25290.733742302113,454.5540722575667,60.455613978930586
148.0,216.0,-15.0,-26494.536637865764,1059.6555730630412,1.8991714184197078e-10
148.0,216.0,-10.0,-25290.733742302305,454.55407225680716,-60.45561397870229
148.0,216.0,-5.0,-24253.61616804292,741.0132641848573,-89.9643858808759
148.0,216.0,0.0,-20937.282704222267,-760.5235428992512,-48.502375252381086
148.0,221.0,-30.0,-18560.46789309124,-137.52059128774513,-3.995081021822939
148.0,221.0,-25.0,-19779.43988073922,-37.51230812322461,144.554282263279
148.0,221.0,-20.0,-21576.14601603546,1142.6033616551474,188.94218810271482
148.0,221.0,-15.0,-22061.5712720037,1372.8330149099986,1.8212033051225407e-10
148.0,221.0,-10.0,-21576.146016035455,1142.6033616541179,-188.9421881025052
148.0,221.0,-5.0,-19779.439880738806,-37.51230812404412,-144.55428226300097
148.0,221.0,0.0,-18560.467893091085,-137.52059128828836,3.9950810219694723
148.0,226.0,-30.0,-14239.23349980395,-608.2105037687344,123.35519527314166
148.0,226.0,-25.0,-16334.29716161102,504.11660026583166,600.7159837865562
148.0,226.0,-20.0,-16701.80254467068,1014.9811719473244,626.7415906819124
148.0,226.0,-15.0,-17268.531123722714,1836.009087376652,4.8908775664912947e-11
148.0,226.0,-10.0,-16701.802544670903,1014.9811719469452,-626.7415906814857
148.0,226.0,-5.0,-16334.297161610713,504.11660026492314,-600.71598378559
148.0,226.0,0.0,-14239.233499804019,-608.2105037697636,-123.355195273044
148.0,231.0,-30.0,-11713.532250316846,-487.1822825736986,680.0517471883272
148.0,231.0,-25.0,-12636.73235502873,183.1827138634835,1043.8609578077378
148.0,231.0,-20.0,-13704.21190206403,1574.5087413992092,926.1555395817165
148.0,231.0,-15.0,-14015.077959125512,2060.8830073430645,5.924126374641977e-10
148.0,231.0,-10.0,-13704.211902063651,1574.5087413990207,-926.1555395810423
148.0,231.0,-5.0,-12636.732355028398,183.18271386302635,-1043.8609578073963
148.0,231.0,0.0,-11713.532250315962,-487.1822825742443,-680.051747188043
148.0,236.0,-30.0,-9653.630109988551,-683.2339633109526,1372.4941652140722
148.0,236.0,-25.0,-11061.851524427302,1232.673300589612,1523.7274416764612
148.0,236.0,-20.0,-11226.034289794956,2007.9080289338485,854.6884868218266
148.0,236.0,-15.0,-11650.620135659989,2280.3169713120897,4.846090935946753e-10
148.0,236.0,-10.0,-11226.034289794956,2007.9080289332783,-854.6884868209331
148.0,236.0,-5.0,-11061.851524426553,1232.6733005894118,-1523.7274416762714
148.0,236.0,0.0,-9653.630109988126,-683.2339633112924,-1372.4941652142613
153.0,136.0,-30.0,0.0,0.0,0.0
153.0,136.0,-25.0,0.0,0.0,0.0
153.0,136.0,-20.0,0.0,0.0,0.0
153.0,136.0,-15.0,0.0,0.0,0.0
153.0,136.0,-10.0,0.0,0.0,0.0
153.0,136.0,-5.0,0.0,0.0,0.0
153.0,136.0,0.0,0.0,0.0,0.0
153.0,141.0,-30.0,0.0,0.0,0.0
153.0,141.0,-25.0,0.0,0.0,0.0
153.0,141.0,-20.0,0.0,0.0,0.0
153.0,141.0,-15.0,0.0,0.0,0.0
153.0,141.0,-10.0,0.0,0.0,0.0
153.0,141.0,-5.0,0.0,0.0,0.0
153.0,141.0,0.0,0.0,0.0,0.0
153.0,146.0,-30.0,0.0,0.0,0.0
153.0,146.0,-25.0,0.0,0.0,0.0
153.0,146.0,-20.0,0.0,0.0,0.0
153.0,146.0,-15.0,0.0,0.0,0.0
153.0,146.0,-10.0,0.0,0.0,0.0
153.0,146.0,-5.0,0.0,0.0,0.0
153.0,146.0,0.0,0.0,0.0,0.0
153.0,151.0,-30.0,0.0,0.0,0.0
153.0,151.0,-25.0,0.0,0.0,0.0
153.0,151.0,-20.0,0.0,0.0,0.0
153.0,151.0,-15.0,0.0,0.0,0.0
153.0,151.0,-10.0,0.0,0.0,0.0
153.0,151.0,-5.0,0.0,0.0,0.0
153.0,151.0,0.0,0.0,0.0,0.0
153.0,156.0,-30.0,0.0,0.0,0.0
153.0,156.0,-25.0,0.0,0.0,0.0
153.0,156.0,-20.0,0.0,0.0,0.0
153.0,156.0,-15.0,0.0,0.0,0.0
153.0,156.0,-10.0,0.0,0.0,0.0
153.0,156.0,-5.0,0.0,0.0,0.0
153.0,156.0,0.0,0.0,0.0,0.0
153.0,161.0,-30.0,0.0,0.0,0.0
153.0,161.0,-25.0,0.0,0.0,0.0
153.0,161.0,-20.0,0.0,0.0,0.0
153.0,161.0,-15.0,0.0,0.0,0.0
153.0,161.0,-10.0,0.0,0.0,0.0
153.0,161.0,-5.0,0.0,0.0,0.0
153.0,161.0,0.0,0.0,0.0,0.0
153.0,166.0,-30.0,0.0,0.0,0.0
153.0,166.0,-25.0,0.0,0.0,0.0
153.0,166.0,-20.0,0.0,0.0,0.0
153.0,166.0,-15.0,0.0,0.0,0.0
153.0,166.0,-10.0,0.0,0.0,0.0
153.0,166.0,-5.0,0.0,0.0,0.0
153.0,166.0,0.0,0.0,0.0,0.0
153.0,171.0,-30.0,0.0,0.0,0.0
153.0,171.0,-25.0,0.0,0.0,0.0
153.0,171.0,-20.0,0.0,0.0,0.0
153.0,171.0,-15.0,0.0,0.0,0.0
153.0,171.0,-10.0,0.0,0.0,0.0
153.0,171.0,-5.0,0.0,0.0,0.0
153.0,171.0,0.0,0.0,0.0,0.0
153.0,176.0,-30.0,0.0,0.0,0.0
153.0,176.0,-25.0,0.0,0.0,0.0
153.0,176.0,-20.0,0.0,0.0,0.0
153.0,176.0,-15.0,0.0,0.0,0.0
153.0,176.0,-10.0,0.0,0.0,0.0
153.0,176.0,-5.0,0.0,0.0,0.0
153.0,176.0,0.0,0.0,0.0,0.0
153.0,181.0,-30.0,0.0,0.0,0.0
153.0,181.0,-25.0,0.0,0.0,0.0
153.0,181.0,-20.0,0.0,0.0,0.0
153.0,181.0,-15.0,0.0,0.0,0.0
153.0,181.0,-10.0,0.0,0.0,0.0
153.0,181.0,-5.0,0.0,0.0,0.0
153.0,181.0,0.0,0.0,0.0,0.0
153.0,186.0,-30.0,0.0,0.0,0.0
153.0,186.0,-25.0,0.0,0.0,0.0
153.0,186.0,-20.0,0.0,0.0,0.0
153.0,186.0,-15.0,0.0,0.0,0.0
153.0,186.0,-10.0,0.0,0.0,0.0
153.0,186.0,-5.0,0.0,0.0,0.0
153.0,186.0,0.0,0.0,0.0,0.0
153.0,191.0,-30.0,0.0,0.0,0.0
153.0,191.0,-25.0,0.0,0.0,0.0
153.0,191.0,-20.0,0.0,0.0,0.0
153.0,191.0,-15.0,0.0,0.0,0.0
153.0,191.0,-10.0,0.0,0.0,0.0
153.0,191.0,-5.0,0.0,0.0,0.0
153.0,191.0,0.0,0.0,0.0,0.0
153.0,196.0,-30.0,0.0,0.0,0.0
153.0,196.0,-25.0,0.0,0.0,0.0
153.0,196.0,-20.0,0.0,0.0,0.0
153.0,196.0,-15.0,0.0,0.0,0.0
153.0,196.0,-10.0,0.0,0.0,0.0
153.0,196.0,-5.0,0.0,0.0,0.0
153.0,196.0,0.0,0.0,0.0,0.0
153.0,201.0,-30.0,0.0,0.0,0.0
153.0,201.0,-25.0,0.0,0.0,0.0
153.0,201.0,-20.0,0.0,0.0,0.0
153.0,201.0,-15.0,0.0,0.0,0.0
153.0,201.0,-10.0,0.0,0.0,0.0
153.0,201.0,-5.0,0.0,0.0,0.0
153.0,201.0,0.0,0.0,0.0,0.0
153.0,206.0,-30.0,0.0,0.0,0.0
153.0,206.0,-25.0,0.0,0.0,0.0
153.0,206.0,-20.0,0.0,0.0,0.0
153.0,206.0,-15.0,0.0,0.0,0.0
153.0,206.0,-10.0,0.0,0.0,0.0
153.0,206.0,-5.0,0.0,0.0,0.0
153.0,206.0,0.0,0.0,0.0,0.0
153.0,211.0,-30.0,-22846.22251014853,9490.076768065488,-99.39868719018794
153.0,211.0,-25.0,-25792.907640811973,10548.09152902738,-5.495223842824899
153.0,211.0,-20.0,-27489.252841938553,10091.879605251976,196.17408556553318
153.0,211.0,-15.0,-29485.819013845652,10573.374522728373,-4.479651378523856e-10
153.0,211.0,-10.0,-27489.252841938574,10091.879605251504,-196.17408556681437
153.0,211.0,-5.0,-25792.907640811685,10548.091529026422,5.495223841988768
153.0,211.0,0.0,-22846.222510148422,9490.07676806434,99.39868718988373
153.0,216.0,-30.0,-20737.30269765073,7159.032527021992,-177.74830327437095
153.0,216.0,-25.0,-22732.870265664427,6951.429259826279,84.67632379268323
153.0,216.0,-20.0,-25374.960885173074,8325.31529257936,23.028810646870134
153.0,216.0,-15.0,-25742.507004806997,8198.729516989672,2.2316243611951578e-10
153.0,216.0,-10.0,-25374.960885173106,8325.315292578605,-23.028810647061885
153.0,216.0,-5.0,-22732.870265664515,6951.429259824931,-84.67632379268046
153.0,216.0,0.0,-20737.302697650146,7159.032527020674,177.74830327483176
153.0,221.0,-30.0,-17093.751026735663,4661.186852335455,107.54982387169446
153.0,221.0,-25.0,-20014.797131469204,6329.684865388825,207.8756756261701
153.0,221.0,-20.0,-20457.802070547084,6290.667373382179,314.00934457506946
153.0,221.0,-15.0,-21313.721793098117,6814.840335055238,-6.42535069984437e-11
153.0,221.0,-10.0,-20457.802070546866,6290.667373381798,-314.00934457458953
153.0,221.0,-5.0,-20014.797131469175,6329.684865388002,-207.8756756257693
153.0,221.0,0.0,-17093.751026735532,4661.186852333883,-107.54982387176672
153.0,226.0,-30.0,-14157.246304564458,3726.9151207864948,254.9505959086347
153.0,226.0,-25.0,-15394.280816767003,3891.325334710962,634.8395200920503
153.0,226.0,-20.0,-16498.700821128015,5681.904089148669,787.3561571598016
153.0,226.0,-15.0,-16577.96772221008,6176.736104927126,2.1036502754181958e-10
153.0,226.0,-10.0,-16498.700821127557,5681.904089148722,-787.3561571592793
153.0,226.0,-5.0,-15394.280816766863,3891.325334710457,-634.8395200915891
153.0,226.0,0.0,-14157.246304564163,3726.915120785417,-254.95059590848263
153.0,231.0,-30.0,-11198.837252313298,2309.475540577995,830.5140239043749
153.0,231.0,-25.0,-12705.248758035863,3891.8484792021477,1293.0294084737197
153.0,231.0,-20.0,-13040.866847719653,4710.811007840846,966.2752124270985
153.0,231.0,-15.0,-13536.534052060675,5553.220824394469,4.152467476624046e-10
153.0,231.0,-10.0,-13040.866847719364,4710.8110078405625,-966.2752124262674
153.0,231.0,-5.0,-12705.248758035428,3891.848479201996,-1293.0294084731968
153.0,231.0,0.0,-11198.837252312716,2309.47554057744,-830.5140239042257
153.0,236.0,-30.0,-9806.77956716722,2013.2252135007013,1399.2557702693484
153.0,236.0,-25.0,-10400.93639477686,3055.6298605236025,1704.068699007343
153.0,236.0,-20.0,-11050.466298638887,4586.820601155857,1039.790063367847
153.0,236.0,-15.0,-11380.582751713318,4798.001969549503,5.96787212240694e-10
153.0,236.0,-10.0,-11050.466298638807,4586.820601155699,-1039.7900633669788
153.0,236.0,-5.0,-10400.936394776174,3055.6298605233346,-1704.0686990069582
153.0,236.0,0.0,-9806.77956716592,2013.225213500196,-1399.2557702692468
158.0,136.0,-30.0,0.0,0.0,0.0
158.0,136.0,-25.0,0.0,0.0,0.0
158.0,136.0,-20.0,0.0,0.0,0.0
158.0,136.0,-15.0,0.0,0.0,0.0
158.0,136.0,-10.0,0.0,0.0,0.0
158.0,136.0,-5.0,0.0,0.0,0.0
158.0,136.0,0.0,0.0,0.0,0.0
158.0,141.0,-30.0,0.0,0.0,0.0
158.0,141.0,-25.0,0.0,0.0,0.0
158.0,141.0,-20.0,0.0,0.0,0.0
158.0,141.0,-15.0,0.0,0.0,0.0
158.0,141.0,-10.0,0.0,0.0,0.0
158.0,141.0,-5.0,0.0,0.0,0.0
158.0,141.0,0.0,0.0,0.0,0.0
158.0,146.0,-30.0,0.0,0.0,0.0
158.0,146.0,-25.0,0.0,0.0,0.0
158.0,146.0,-20.0,0.0,0.0,0.0
158.0,146.0,-15.0,0.0,0.0,0.0
158.0,146.0,-10.0,0.0,0.0,0.0
158.0,146.0,-5.0,0.0,0.0,0.0
158.0,146.0,0.0,0.0,0.0,0.0
158.0,151.0,-30.0,0.0,0.0,0.0
158.0,151.0,-25.0,0.0,0.0,0.0
158.0,151.0,-20.0,0.0,0.0,0.0
158.0,151.0,-15.0,0.0,0.0,0.0
158.0,151.0,-10.0,0.0,0.0,0.0
158.0,151.0,-5.0,0.0,0.0,0.0
158.0,151.0,0.0,0.0,0.0,0.0
158.0,156.0,-30.0,0.0,0.0,0.0
158.0,156.0,-25.0,0.0,0.0,0.0
158.0,156.0,-20.0,0.0,0.0,0.0
158.0,156.0,-15.0,0.0,0.0,0.0
158.0,156.0,-10.0,0.0,0.0,0.0
158.0,156.0,-5.0,0.0,0.0,0.0
158.0,156.0,0.0,0.0,0.0,0.0
158.0,161.0,-30.0,0.0,0.0,0.0
158.0,161.0,-25.0,0.0,0.0,0.0
158.0,161.0,-20.0,0.0,0.0,0.0
158.0,161.0,-15.0,0.0,0.0,0.0
158.0,161.0,-10.0,0.0,0.0,0.0
158.0,161.0,-5.0,0.0,0.0,0.0
158.0,161.0,0.0,0.0,0.0,0.0
158.0,166.0,-30.0,0.0,0.0,0.0
158.0,166.0,-25.0,0.0,0.0,0.0
158.0,166.0,-20.0,0.0,0.0,0.0
158.0,166.0,-15.0,0.0,0.0,0.0
158.0,166.0,-10.0,0.0,0.0,0.0
158.0,166.0,-5.0,0.0,0.0,0.0
158.0,166.0,0.0,0.0,0.0,0.0
158.0,171.0,-30.0,0.0,0.0,0.0
158.0,171.0,-25.0,0.0,0.0,0.0
158.0,171.0,-20.0,0.0,0.0,0.0
158.0,171.0,-15.0,0.0,0.0,0.0
158.0,171.0,-10.0,0.0,0.0,0.0
158.0,171.0,-5.0,0.0,0.0,0.0
158.0,171.0,0.0,0.0,0.0,0.0
158.0,176.0,-30.0,0.0,0.0,0.0
158.0,176.0,-25.0,0.0,0.0,0.0
158.0,176.0,-20.0,0.0,0.0,0.0
158.0,176.0,-15.0,0.0,0.0,0.0
158.0,176.0,-10.0,0.0,0.0,0.0
158.0,176.0,-5.0,0.0,0.0,0.0
158.0,176.0,0.0,0.0,0.0,0.0
158.0,181.0,-30.0,0.0,0.0,0.0
158.0,181.0,-25.0,0.0,0.0,0.0
158.0,181.0,-20.0,0.0,0.0,0.0
158.0,181.0,-15.0,0.0,0.0,0.0
158.0,181.0,-10.0,0.0,0.0,0.0
158.0,181.0,-5.0,0.0,0.0,0.0
158.0,181.0,0.0,0.0,0.0,0.0
158.0,186.0,-30.0,0.0,0.0,0.0
158.0,186.0,-25.0,0.0,0.0,0.0
158.0,186.0,-20.0,0.0,0.0,0.0
158.0,186.0,-15.0,0.0,0.0,0.0
158.0,186.0,-10.0,0.0,0.0,0.0
158.0,186.0,-5.0,0.0,0.0,0.0
158.0,186.0,0.0,0.0,0.0,0.0
158.0,191.0,-30.0,0.0,0.0,0.0
158.0,191.0,-25.0,0.0,0.0,0.0
158.0,191.0,-20.0,0.0,0.0,0.0
158.0,191.0,-15.0,0.0,0.0,0.0
158.0,191.0,-10.0,0.0,0.0,0.0
158.0,191.0,-5.0,0.0,0.0,0.0
158.0,191.0,0.0,0.0,0.0,0.0
158.0,196.0,-30.0,0.0,0.0,0.0
158.0,196.0,-25.0,0.0,0.0,0.0
158.0,196.0,-20.0,0.0,0.0,0.0
158.0,196.0,-15.0,0.0,0.0,0.0
158.0,196.0,-10.0,0.0,0.0,0.0
158.0,196.0,-5.0,0.0,0.0,0.0
158.0,196.0,0.0,0.0,0.0,0.0
158.0,201.0,-30.0,0.0,0.0,0.0
158.0,201.0,-25.0,0.0,0.0,0.0
158.0,201.0,-20.0,0.0,0.0,0.0
158.0,201.0,-15.0,0.0,0.0,0.0
158.0,201.0,-10.0,0.0,0.0,0.0
158.0,201.0,-5.0,0.0,0.0,0.0
158.0,201.0,0.0,0.0,0.0,0.0
158.0,206.0,-30.0,-18490.844104969292,22856.194725521767,-258.3937844155175
158.0,206.0,-25.0,-23185.220159434542,25139.65080749481,-720.9251127401782
158.0,206.0,-20.0,-25483.448337130867,24593.409947720775,-184.90607876750425
158.0,206.0,-15.0,-26878.367547735314,24955.00083538259,-1.1882287746326863e-09
158.0,206.0,-10.0,-25483.44833713071,24593.409947720254,184.90607876564266
158.0,206.0,-5.0,-23185.220159434477,25139.650807493963,720.9251127388263
158.0,206.0,0.0,-18490.844104968688,22856.194725520512,258.3937844136867
158.0,211.0,-30.0,-20509.778007635658,17043.93630643883,-374.11335514289465
158.0,211.0,-25.0,-22724.783565136157,16981.536097205826,-289.7644670751313
158.0,211.0,-20.0,-25288.55526025182,18525.69740014331,-227.9880643011991
158.0,211.0,-15.0,-26452.67188998019,18580.78711370899,-7.765727471506783e-10
158.0,211.0,-10.0,-25288.555260251753,18525.697400142923,227.98806429990788
158.0,211.0,-5.0,-22724.783565136357,16981.536097205204,289.7644670740336
158.0,211.0,0.0,-20509.77800763521,17043.936306437387,374.11335514169383
158.0,216.0,-30.0,-18258.739997316246,12340.157480527001,-115.50059122095169
158.0,216.0,-25.0,-21582.736544211275,14275.73228572295,-188.77918891007425
158.0,216.0,-20.0,-22602.075024766407,13896.389767561554,108.4989753485017
158.0,216.0,-15.0,-23582.427593668133,14505.303563047393,-1.823313563623482e-10
158.0,216.0,-10.0,-22602.075024766942,13896.38976756117,-108.49897534880604
158.0,216.0,-5.0,-21582.736544211417,14275.732285721879,188.77918890949007
158.0,216.0,0.0,-18258.739997315442,12340.157480525766,115.50059122099829
158.0,221.0,-30.0,-15950.027546531861,9484.873038780363,-34.23546453666289
158.0,221.0,-25.0,-17387.028751036632,9671.791761400167,314.3798216795716
158.0,221.0,-20.0,-18832.508981643365,11320.864138811306,291.7909147560356
158.0,221.0,-15.0,-19311.283039810358,11667.628276715704,2.0131296240147652e-10
158.0,221.0,-10.0,-18832.508981643306,11320.864138811447,-291.7909147554727
158.0,221.0,-5.0,-17387.02875103679,9671.791761399494,-314.37982167925594
158.0,221.0,0.0,-15950.027546530984,9484.873038779559,34.23546453682757
158.0,226.0,-30.0,-12837.986645133562,6335.284678273574,401.9966396977835
158.0,226.0,-25.0,-14687.183165925304,7990.377468651625,887.3303352551308
158.0,226.0,-20.0,-14991.108608012437,8994.523542981686,942.5667902936933
158.0,226.0,-15.0,-15352.805772675987,10158.902104284776,3.1671731903770706e-10
158.0,226.0,-10.0,-14991.108608012331,8994.523542981457,-942.5667902929715
158.0,226.0,-5.0,-14687.183165924778,7990.377468651389,-887.3303352546694
158.0,226.0,0.0,-12837.986645133387,6335.284678272382,-401.9966396980403
158.0,231.0,-30.0,-11052.441732603509,5084.2058517402265,1328.8406795130063
158.0,231.0,-25.0,-11639.755545986322,6117.431459423214,1550.701436071256
158.0,231.0,-20.0,-12331.289569423512,8075.394699509518,1104.9603177415786
158.0,231.0,-15.0,-12761.565160886386,8886.947389341773,5.081043733904759e-10
158.0,231.0,-10.0,-12331.289569423212,8075.394699509725,-1104.960317740706
158.0,231.0,-5.0,-11639.75554598608,6117.431459422964,-1550.7014360706714
158.0,231.0,0.0,-11052.44173260298,5084.205851739633,-1328.8406795131466
158.0,236.0,-30.0,-9445.428903639408,3750.197303425042,1512.4215439540803
158.0,236.0,-25.0,-10822.585310071814,5545.184424284805,2001.955656015746
158.0,236.0,-20.0,-10654.844010526695,6864.697123367135,1365.079464814728
158.0,236.0,-15.0,-10930.207314982612,7920.954433508029,5.628928720984878e-10
158.0,236.0,-10.0,-10654.84401052637,6864.697123367119,-1365.0794648140457
158.0,236.0,-5.0,-10822.58531007124,5545.184424284889,-2001.9556560150875
158.0,236.0,0.0,-9445.428903638727,3750.1973034247153,-1512.4215439535117
163.0,136.0,-30.0,-23726.001801742328,36424.71346948071,3527.3909128151176
163.0,136.0,-25.0,-36374.81298175438,39636.25245614549,4648.017992194131
163.0,136.0,-20.0,-45712.489329737,43660.23658620134,2555.3695716441534
163.0,136.0,-15.0,-48901.98606628776,47519.07465900829,-5.845121310043256e-10
163.0,136.0,-10.0,-45712.48932973742,43660.23658620128,-2555.369571645108
163.0,136.0,-5.0,-36374.81298175478,39636.25245614534,-4648.017992194998
163.0,136.0,0.0,-23726.001801743307,36424.71346948039,-3527.390912815271
163.0,141.0,-30.0,-20338.760972690085,38489.52555546083,6741.798323996104
163.0,141.0,-25.0,-32303.222679064595,44241.82723423942,5445.820568470628
163.0,141.0,-20.0,-39733.10332846175,46254.34594035308,1486.7368542167108
163.0,141.0,-15.0,-43056.00520235719,49419.446388461605,-3.8382625332035654e-10
163.0,141.0,-10.0,-39733.10332846214,46254.345940353,-1486.7368542176614
163.0,141.0,-5.0,-32303.22267906532,44241.827234238895,-5445.820568470999
163.0,141.0,0.0,-20338.76097269143,38489.52555546091,-6741.798323996336
163.0,146.0,-30.0,-13644.455590289568,46072.226867225014,5492.570492366718
163.0,146.0,-25.0,-26328.814266994756,47355.361250988026,6032.054078547256
163.0,146.0,-20.0,-36623.11324945626,50701.90971806295,3990.8176721086074
163.0,146.0,-15.0,-39808.397872153866,52133.194532733694,-2.0327716717871133e-10
163.0,146.0,-10.0,-36623.11324945682,50701.90971806267,-3990.8176721088657
163.0,146.0,-5.0,-26328.814266995167,47355.36125098741,-6032.05407854751
163.0,146.0,0.0,-13644.455590289874,46072.226867224475,-5492.570492366258
163.0,151.0,-30.0,-12250.098453554245,50587.98911796965,5322.655257020542
163.0,151.0,-25.0,-23229.183325912163,53807.943275975456,6256.229420171311
163.0,151.0,-20.0,-30519.167293630515,54803.34840761684,3328.8052339928577
163.0,151.0,-15.0,-34433.29751649078,56121.017635659395,-1.1875901971227273e-10
163.0,151.0,-10.0,-30519.167293631097,54803.348407616504,-3328.805233992864
163.0,151.0,-5.0,-23229.183325912003,53807.943275974794,-6256.229420171045
163.0,151.0,0.0,-12250.098453554128,50587.98911796901,-5322.655257019856
163.0,156.0,-30.0,-10577.928196129236,57530.58334827391,3096.728579298268
163.0,156.0,-25.0,-20637.848566415196,56560.35200006862,4798.987698536894
163.0,156.0,-20.0,-28971.889278787607,57700.363077490736,3385.3419623584346
163.0,156.0,-15.0,-31634.09968267779,58310.41151579559,1.717749817031197e-10
163.0,156.0,-10.0,-28971.889278787625,57700.36307749042,-3385.3419623580776
163.0,156.0,-5.0,-20637.848566414734,56560.352000068146,-4798.987698536112
163.0,156.0,0.0,-10577.928196128845,57530.58334827295,-3096.7285792974626
163.0,161.0,-30.0,-11100.200624199393,54772.15801562638,3745.2099327266865
163.0,161.0,-25.0,-20017.701404851345,57678.66024504377,4016.373367567314
163.0,161.0,-20.0,-26142.056735099635,58188.20375255341,2231.783843854618
163.0,161.0,-15.0,-29619.30852315205,59184.94761153678,8.390394703802975e-10
163.0,161.0,-10.0,-26142.05673509925,58188.20375255294,-2231.78384385378
163.0,161.0,-5.0,-20017.701404851185,57678.66024504262,-4016.373367566463
163.0,161.0,0.0,-11100.200624199062,54772.15801562564,-3745.2099327256988
163.0,166.0,-30.0,-9879.575456111432,57694.722177640986,1152.7593133751575
163.0,166.0,-25.0,-18543.854148465907,56875.04764208272,2683.7525185229374
163.0,166.0,-20.0,-25576.421353921967,57883.9122611788,1737.2719092874595
163.0,166.0,-15.0,-27961.828460002915,58464.16673304629,6.808573534027136e-10
163.0,166.0,-10.0,-25576.421353922196,57883.91226117818,-1737.271909286296
163.0,166.0,-5.0,-18543.854148465998,56875.04764208197,-2683.7525185223035
163.0,166.0,0.0,-9879.575456111545,57694.72217764038,-1152.7593133742616
163.0,171.0,-30.0,-10410.895458077757,52636.971683751406,2024.4818310532396
163.0,171.0,-25.0,-17776.16598645551,55493.40579406247,1733.6913877980478
163.0,171.0,-20.0,-22961.30199771377,55984.16691444285,1064.9946396654695
163.0,171.0,-15.0,-26010.984395805455,56993.825293591726,6.590382257015265e-10
163.0,171.0,-10.0,-22961.301997713213,55984.166914443005,-1064.9946396645748
163.0,171.0,-5.0,-17776.16598645539,55493.40579406246,-1733.6913877972547
163.0,171.0,0.0,-10410.895458077783,52636.97168375143,-2024.481831052058
163.0,176.0,-30.0,-8721.031391374276,53499.343091719114,-293.2143859879403
163.0,176.0,-25.0,-15999.831042674483,52974.623327657515,1002.6892539565697
163.0,176.0,-20.0,-21907.312571205457,54066.61089283163,523.0224860287223
163.0,176.0,-15.0,-24039.0865728069,54644.27580462943,4.575676589760965e-10
163.0,176.0,-10.0,-21907.31257120538,54066.61089283187,-523.022486027798
163.0,176.0,-5.0,-15999.831042674812,52974.623327657435,-1002.6892539556544
163.0,176.0,0.0,-8721.031391374638,53499.34309171865,293.21438598934816
163.0,181.0,-30.0,-8829.762550935255,47792.02595512809,718.4464494507721
163.0,181.0,-25.0,-14890.083507854699,50616.51238623279,184.7222235431275
163.0,181.0,-20.0,-19183.795581967257,51280.40577482587,221.6321617789309
163.0,181.0,-15.0,-21772.6621594481,52088.97720143149,3.0335583617740597e-10
163.0,181.0,-10.0,-19183.795581966828,51280.40577482595,-221.6321617786764
163.0,181.0,-5.0,-14890.083507854653,50616.51238623256,-184.72222354268192
163.0,181.0,0.0,-8829.762550935611,47792.02595512774,-718.4464494502724
163.0,186.0,-30.0,-8081.815138872443,47922.716420635435,-1151.5804385158651
163.0,186.0,-25.0,-14039.458176692422,47711.41078640276,-183.59343839696422
163.0,186.0,-20.0,-18549.776713164283,48780.18016168038,-393.1504856481299
163.0,186.0,-15.0,-20100.774289328216,49403.91387591732,4.952519306336912e-11
163.0,186.0,-10.0,-18549.776713164334,48780.18016168067,393.150485648257
163.0,186.0,-5.0,-14039.45817669202,47711.41078640308,183.59343839693597
163.0,186.0,0.0,-8081.815138872208,47922.71642063616,1151.5804385160327
163.0,191.0,-30.0,-9477.36576226037,42613.26750442398,-397.752439287995
163.0,191.0,-25.0,-14389.267030621897,45105.78370128725,-1036.799624528137
163.0,191.0,-20.0,-17688.35595352967,45462.051615171185,-452.80044565821834
163.0,191.0,-15.0,-19469.46389664653,46477.94509284398,2.5031728257137076e-10
163.0,191.0,-10.0,-17688.35595352898,45462.05161517167,452.80044565825943
163.0,191.0,-5.0,-14389.267030621904,45105.7837012877,1036.7996245280276
163.0,191.0,0.0,-9477.365762259698,42613.26750442472,397.75243928824943
163.0,196.0,-30.0,-11513.232002718947,40338.06663300445,-1960.2673350187038
163.0,196.0,-25.0,-15623.813197402533,40238.57174146181,-916.330669000342
163.0,196.0,-20.0,-19074.8771031119,41659.182534322244,-813.3348794936089
163.0,196.0,-15.0,-20493.684624584705,42163.04647260254,1.9330315126353526e-11
163.0,196.0,-10.0,-19074.877103111983,41659.18253432198,813.3348794933185
163.0,196.0,-5.0,-15623.813197402542,40238.57174146149,916.330668999833
163.0,196.0,0.0,-11513.232002718913,40338.06663300435,1960.2673350187415
163.0,201.0,-30.0,-13616.704055869104,33054.39772836724,-953.722333075209
163.0,201.0,-25.0,-17806.190214783182,35603.83975768787,-1356.265695070314
163.0,201.0,-20.0,-20289.656849964904,35830.38684270858,-396.4313393364954
163.0,201.0,-15.0,-22099.40864208937,36305.37352090252,-7.153572411436133e-10
163.0,201.0,-10.0,-20289.656849964165,35830.38684270816,396.43133933550916
163.0,201.0,-5.0,-17806.190214782975,35603.839757687296,1356.2656950694616
163.0,201.0,0.0,-13616.704055868711,33054.39772836643,953.7223330744432
163.0,206.0,-30.0,-16615.68079571614,28586.05712278129,-1362.8627751950887
163.0,206.0,-25.0,-19255.27762130193,28511.899930610693,-936.2442297556968
163.0,206.0,-20.0,-21963.024381853396,29992.905031094968,-759.8124246044088
163.0,206.0,-15.0,-23036.91951160973,29888.513213532315,-9.872118360882659e-10
163.0,206.0,-10.0,-21963.024381852956,29992.90503109464,759.8124246032856
163.0,206.0,-5.0,-19255.277621301488,28511.899930609678,936.2442297545488
163.0,206.0,0.0,-16615.680795716005,28586.05712278028,1362.8627751941156
163.0,211.0,-30.0,-17175.150719289184,21291.796537033246,-530.9668756296383
163.0,211.0,-25.0,-19885.71042608914,23116.12144442666,-714.9302408480233
163.0,211.0,-20.0,-21213.100701504798,22836.707538916926,-121.64421366094724
163.0,211.0,-15.0,-22655.442491382862,23410.96432625257,-6.133317046161128e-10
163.0,211.0,-10.0,-21213.100701504656,22836.707538916522,121.64421365978217
163.0,211.0,-5.0,-19885.71042608863,23116.121444426095,714.9302408469481
163.0,211.0,0.0,-17175.150719288435,21291.796537032515,530.9668756287551
163.0,216.0,-30.0,-16203.88947324807,16891.305526722907,-630.3769940697106
163.0,216.0,-25.0,-17871.88877269988,17034.967900562504,-105.59159101980299
163.0,216.0,-20.0,-19635.170500257675,18703.169518950075,-88.89129418348526
163.0,216.0,-15.0,-20081.328816559024,18749.74997108171,-4.166572739849104e-11
163.0,216.0,-10.0,-19635.170500257893,18703.169518949984,88.89129418297291
163.0,216.0,-5.0,-17871.888772699524,17034.967900562333,105.59159101911027
163.0,216.0,0.0,-16203.889473247646,16891.305526722717,630.3769940693629
163.0,221.0,-30.0,-13351.269875547196,11867.018958628076,264.8988286589266
163.0,221.0,-25.0,-15709.930177237535,13884.888388909081,407.66306250402494
163.0,221.0,-20.0,-16028.679088151483,14590.302334768892,701.9216227092718
163.0,221.0,-15.0,-16560.678542080575,15570.6883976943,3.5114822550671655e-10
163.0,221.0,-10.0,-16028.679088151603,14590.302334768705,-701.9216227091907
163.0,221.0,-5.0,-15709.930177237638,13884.888388908814,-407.6630625039204
163.0,221.0,0.0,-13351.269875547068,11867.018958627557,-264.8988286587729
163.0,226.0,-30.0,-12134.197040545554,9638.859667457045,829.6474320239809
163.0,226.0,-25.0,-13012.262637634873,10606.718344177438,1220.807692042239
163.0,226.0,-20.0,-13933.958702665925,12732.109122793194,965.0714823157443
163.0,226.0,-15.0,-13957.272541279284,13390.626063508294,4.6419210355872143e-10
163.0,226.0,-10.0,-13933.9587026658,12732.109122793197,-965.0714823152274
163.0,226.0,-5.0,-13012.262637634585,10606.718344176776,-1220.8076920419971
163.0,226.0,0.0,-12134.197040545208,9638.85966745657,-829.6474320234631
163.0,231.0,-30.0,-10134.597728753684,6820.682398416264,1625.3101876775047
163.0,231.0,-25.0,-11431.433763149209,9239.977255580228,1763.1853556246845
163.0,231.0,-20.0,-11478.33049253523,10544.99326212989,1287.0305458804332
163.0,231.0,-15.0,-12236.79049415158,11251.03166856214,5.225778920703306e-10
163.0,231.0,-10.0,-11478.330492535079,10544.99326212989,-1287.0305458795467
163.0,231.0,-5.0,-11431.43376314902,9239.97725558026,-1763.1853556245878
163.0,231.0,0.0,-10134.597728753268,6820.682398416089,-1625.3101876772494
163.0,236.0,-30.0,0.0,0.0,0.0
163.0,236.0,-25.0,0.0,0.0,0.0
163.0,236.0,-20.0,0.0,0.0,0.0
163.0,236.0,-15.0,0.0,0.0,0.0
163.0,236.0,-10.0,0.0,0.0,0.0
163.0,236.0,-5.0,0.0,0.0,0.0
163.0,236.0,0.0,0.0,0.0,0.0
168.0,136.0,-30.0,-28224.24397925337,39680.860280371715,-2265.632395451561
168.0,136.0,-25.0,-38017.36672707374,45691.904003225434,1423.3623045306663
168.0,136.0,-20.0,-46994.49995226006,49738.05853027515,630.3134496029189
168.0,136.0,-15.0,-51974.33214458943,54236.85774861296,-3.970171746914275e-10
168.0,136.0,-10.0,-46994.49995226036,49738.05853027515,-630.3134496037239
168.0,136.0,-5.0,-38017.366727074295,45691.90400322478,-1423.3623045305662
168.0,136.0,0.0,-28224.243979253777,39680.8602803712,2265.63239545128
168.0,141.0,-30.0,-24257.534510959085,42476.891069629004,581.7153984882707
168.0,141.0,-25.0,-32960.55098415549,47968.558563634055,1444.4780681724787
168.0,141.0,-20.0,-42546.14783283825,52647.04748572009,2076.0461974600694
168.0,141.0,-15.0,-47629.3421355446,54831.54761531523,-3.920551070552121e-10
168.0,141.0,-10.0,-42546.14783283866,52647.047485719675,-2076.046197460402
168.0,141.0,-5.0,-32960.55098415581,47968.55856363378,-1444.4780681729965
168.0,141.0,0.0,-24257.534510959315,42476.891069628815,-581.7153984884114
168.0,146.0,-30.0,-20092.38182390329,47129.682248145014,199.324443409701
168.0,146.0,-25.0,-29096.115560046015,52953.06389816979,2513.5158772366085
168.0,146.0,-20.0,-37900.34205401765,55046.00277796045,2328.7397331848583
168.0,146.0,-15.0,-43247.50891109291,56674.452109941056,-1.02125760839464e-10
168.0,146.0,-10.0,-37900.34205401766,55046.002777959926,-2328.739733185642
168.0,146.0,-5.0,-29096.11556004618,52953.06389816911,-2513.515877236731
168.0,146.0,0.0,-20092.381823903244,47129.682248144876,-199.32444341012797
168.0,151.0,-30.0,-17628.3523781901,53642.80767585319,726.445077093905
168.0,151.0,-25.0,-24200.144026272712,55468.62138926462,2330.4887348857715
168.0,151.0,-20.0,-33565.722917303465,57773.672404109166,3356.375032333784
168.0,151.0,-15.0,-37957.769783699725,58403.70594722813,5.627607781487033e-11
168.0,151.0,-10.0,-33565.72291730355,57773.67240410897,-3356.3750323335717
168.0,151.0,-5.0,-24200.144026272606,55468.62138926411,-2330.488734885764
168.0,151.0,0.0,-17628.352378189582,53642.80767585254,-726.445077093419
168.0,156.0,-30.0,-16036.562399294151,56688.899135276006,-1125.7026310000135
168.0,156.0,-25.0,-23513.433422872815,59062.192435537225,2388.3585898740134
168.0,156.0,-20.0,-30334.711705669313,59048.338499961705,2101.6322774763944
168.0,156.0,-15.0,-34661.721054776506,59998.445560788954,1.4479549183586363e-10
168.0,156.0,-10.0,-30334.711705669095,59048.338499961654,-2101.63227747607
168.0,156.0,-5.0,-23513.433422872655,59062.1924355369,-2388.3585898734655
168.0,156.0,0.0,-16036.562399293562,56688.89913527516,1125.702631000551
168.0,161.0,-30.0,-15559.74549990595,56731.35785368963,-305.23805130645354
168.0,161.0,-25.0,-20974.018249163724,58031.4935282918,884.5993965524701
168.0,161.0,-20.0,-28650.18526337989,59775.967509949616,1815.251993009944
168.0,161.0,-15.0,-32370.018103727016,60189.2850266313,1.7697979833778495e-12
168.0,161.0,-10.0,-28650.185263379706,59775.967509949005,-1815.2519930095789
168.0,161.0,-5.0,-20974.01824916358,58031.493528291365,-884.5993965521468
168.0,161.0,0.0,-15559.745499905392,56731.35785368942,305.2380513070418
168.0,166.0,-30.0,-14520.094172137702,56662.5538698048,-2522.8315079808212
168.0,166.0,-25.0,-20961.916149456974,58878.77906303286,375.31267137178213
168.0,166.0,-20.0,-26560.71695508314,58760.49108013131,837.6332905145598
168.0,166.0,-15.0,-30156.05209584165,59712.07940340173,2.2302952647106184e-10
168.0,166.0,-10.0,-26560.716955083266,58760.49108013093,-837.6332905140183
168.0,166.0,-5.0,-20961.91614945692,58878.779063032685,-375.31267137116214
168.0,166.0,0.0,-14520.094172137264,56662.55386980469,2522.8315079808526
168.0,171.0,-30.0,-13995.08750039615,54576.66586543284,-1495.839401915916
168.0,171.0,-25.0,-18588.418647615148,55819.60530177498,-603.1799211639861
168.0,171.0,-20.0,-24919.987327271483,57587.23950646083,423.2272750264562
168.0,171.0,-15.0,-28032.09427832019,58083.850497709456,4.182822976872558e-10
168.0,171.0,-10.0,-24919.987327271796,57587.23950646106,-423.22727502559337
168.0,171.0,-5.0,-18588.41864761533,55819.605301775126,603.1799211646568
168.0,171.0,0.0,-13995.08750039624,54576.66586543277,1495.8394019164855
168.0,176.0,-30.0,-12622.541809399525,52836.15191028227,-3370.8159315188495
168.0,176.0,-25.0,-18065.8656906655,55052.58023328517,-1128.7591239201668
168.0,176.0,-20.0,-22639.463392003483,55068.47543107789,-156.13748689196115
168.0,176.0,-15.0,-25586.984191277472,55980.85875037829,4.672583687491939e-10
168.0,176.0,-10.0,-22639.46339200364,55068.47543107823,156.1374868923399
168.0,176.0,-5.0,-18065.865690666065,55052.580233285335,1128.7591239207522
168.0,176.0,0.0,-12622.541809399778,52836.15191028193,3370.8159315191965
168.0,181.0,-30.0,-11738.924564910665,49550.521939744904,-2325.800412812416
168.0,181.0,-25.0,-15559.446695410981,50952.4497051367,-1590.9688792635675
168.0,181.0,-20.0,-20716.971824570497,52622.08563713773,-589.4842687143895
168.0,181.0,-15.0,-23274.21550545556,53103.445182695505,-4.155581861526186e-11
168.0,181.0,-10.0,-20716.97182457103,52622.08563713761,589.4842687148905
168.0,181.0,-5.0,-15559.446695410948,50952.449705136685,1590.9688792639488
168.0,181.0,0.0,-11738.924564910787,49550.521939745646,2325.800412812472
168.0,186.0,-30.0,-10837.205933192228,46890.95872529003,-3572.5987029205594
168.0,186.0,-25.0,-15316.998394611763,49108.85815232578,-2019.3543813403949
168.0,186.0,-20.0,-18803.434126832974,49288.20384003949,-850.0775866116338
168.0,186.0,-15.0,-21078.831498418414,50148.281842965174,1.205184328402818e-10
168.0,186.0,-10.0,-18803.43412683283,49288.20384003956,850.0775866118619
168.0,186.0,-5.0,-15316.998394611772,49108.85815232625,2019.3543813406766
168.0,186.0,0.0,-10837.205933191919,46890.95872529035,3572.598702920438
168.0,191.0,-30.0,-10837.823964110159,43436.29744499256,-2632.3143089854902
168.0,191.0,-25.0,-14279.698714974205,44317.05840059635,-2069.8376552376153
168.0,191.0,-20.0,-18034.014444582255,46035.97466472044,-1174.399280342065
168.0,191.0,-15.0,-19882.01321390791,46694.16512092866,7.102585186657961e-11
168.0,191.0,-10.0,-18034.01444458249,46035.974664720445,1174.3992803422439
168.0,191.0,-5.0,-14279.698714974078,44317.05840059653,2069.8376552375194
168.0,191.0,0.0,-10837.823964110032,43436.29744499291,2632.314308985796
168.0,196.0,-30.0,-11931.939139712344,39221.159526828655,-3241.6921029961604
168.0,196.0,-25.0,-15268.475348954464,41362.448377474095,-2415.237068619831
168.0,196.0,-20.0,-17901.171027148568,41623.06998668826,-1150.1672295607518
168.0,196.0,-15.0,-19598.7069233721,42617.528076424045,1.6929445879353666e-10
168.0,196.0,-10.0,-17901.171027148637,41623.06998668816,1150.1672295610272
168.0,196.0,-5.0,-15268.475348954453,41362.448377474255,2415.237068619895
168.0,196.0,0.0,-11931.93913971238,39221.159526828895,3241.69210299612
168.0,201.0,-30.0,-13275.32174395864,34311.19134156195,-2499.2189827000398
168.0,201.0,-25.0,-15735.115449685256,35142.442047794124,-1895.7724003758537
168.0,201.0,-20.0,-18425.63296261007,36850.94410917207,-1200.4718841786373
168.0,201.0,-15.0,-19951.52443208158,37187.998107465326,-9.06309325282049e-11
168.0,201.0,-10.0,-18425.632962610303,36850.94410917209,1200.4718841783347
168.0,201.0,-5.0,-15735.115449685041,35142.44204779376,1895.7724003753617
168.0,201.0,0.0,-13275.321743958528,34311.19134156173,2499.2189826994245
168.0,206.0,-30.0,-14321.078241702904,28528.61623458129,-2127.8488403046604
168.0,206.0,-25.0,-17227.958177851175,30762.51906920056,-1740.641865791691
168.0,206.0,-20.0,-18970.828190547083,30453.864905103168,-684.2405915160452
168.0,206.0,-15.0,-20060.21262889894,31316.63501485662,-6.44014619410882e-10
168.0,206.0,-10.0,-18970.828190547018,30453.864905102593,684.240591515087
168.0,206.0,-5.0,-17227.958177851135,30762.51906920004,1740.6418657905945
168.0,206.0,0.0,-14321.078241702506,28528.616234580342,2127.848840303684
168.0,211.0,-30.0,-14286.265421597804,23162.402354565467,-1266.43321303932
168.0,211.0,-25.0,-16123.697819914923,23723.08353368975,-731.3604017465391
168.0,211.0,-20.0,-17888.508397416288,25706.725839194736,-550.6202222358191
168.0,211.0,-15.0,-18744.032720272742,26035.010239745417,-3.3995256512354356e-10
168.0,211.0,-10.0,-17888.508397416168,25706.725839194452,550.6202222350073
168.0,211.0,-5.0,-16123.697819914338,23723.083533689456,731.3604017459396
168.0,211.0,0.0,-14286.26542159771,23162.402354565093,1266.4332130387218
168.0,216.0,-30.0,-13130.791959021803,17397.86988179804,-438.7237591953056
168.0,216.0,-25.0,-15586.80519736101,20097.442545526326,-252.9311545424763
168.0,216.0,-20.0,-15972.019060512102,20602.490609503628,180.22171972997725
168.0,216.0,-15.0,-16339.006576903506,21726.204184110175,-3.412350324332804e-11
168.0,216.0,-10.0,-15972.01906051181,20602.49060950365,-180.2217197301464
168.0,216.0,-5.0,-15586.805197361035,20097.44254552627,252.93115454205403
168.0,216.0,0.0,-13130.79195902171,17397.869881797928,438.7237591951571
168.0,221.0,-30.0,-12173.954122311894,14159.296855825367,551.8943492744031
168.0,221.0,-25.0,-13056.369653198703,15140.948903964658,1062.278550711796
168.0,221.0,-20.0,-13801.802010327676,17649.3985250882,802.0913100763835
168.0,221.0,-15.0,-13899.285852801315,18599.958495101353,1.664209941571409e-10
168.0,221.0,-10.0,-13801.802010327703,17649.398525088167,-802.0913100764735
168.0,221.0,-5.0,-13056.369653198744,15140.948903964552,-1062.2785507121412
168.0,221.0,0.0,-12173.954122312081,14159.296855825287,-551.8943492740352
168.0,226.0,-30.0,-10816.82511428381,11129.708373345156,1418.5753960194925
168.0,226.0,-25.0,-12246.251975654066,13861.30364807325,1343.9436253304973
168.0,226.0,-20.0,-12088.007904413666,14495.761412941267,902.2246966709635
168.0,226.0,-15.0,-12473.145208673184,15382.737795718003,1.2546795207728994e-10
168.0,226.0,-10.0,-12088.007904413811,14495.761412941507,-902.2246966707876
168.0,226.0,-5.0,-12246.251975654155,13861.303648073168,-1343.9436253302708
168.0,226.0,0.0,-10816.825114284056,11129.70837334502,-1418.575396019166
168.0,231.0,-30.0,-9591.791573241333,9304.98637070084,1989.6587563873552
168.0,231.0,-25.0,-10479.256253923248,10810.256407873578,2096.6916535779987
168.0,231.0,-20.0,-10868.78422745735,13161.122073667497,1395.35759148595
168.0,231.0,-15.0,-11221.433560593881,13612.413456501989,1.8776664810795937e-10
168.0,231.0,-10.0,-10868.784227457607,13161.122073667744,-1395.3575914855119
168.0,231.0,-5.0,-10479.25625392325,10810.256407873923,-2096.691653577636
168.0,231.0,0.0,-9591.791573242173,9304.986370700628,-1989.6587563874054
168.0,236.0,-30.0,0.0,0.0,0.0
168.0,236.0,-25.0,0.0,0.0,0.0
168.0,236.0,-20.0,0.0,0.0,0.0
168.0,236.0,-15.0,0.0,0.0,0.0
168.0,236.0,-10.0,0.0,0.0,0.0
168.0,236.0,-5.0,0.0,0.0,0.0
168.0,236.0,0.0,0.0,0.0,0.0
173.0,136.0,-30.0,-31643.555665256907,45139.54795716008,-5959.037687560128
173.0,136.0,-25.0,-38028.97079231622,50580.074137600466,-3643.3268454342056
173.0,136.0,-20.0,-48172.73659870472,58322.68093002449,-1288.4052960711613
173.0,136.0,-15.0,-53693.85328512496,62654.283440819425,-2.361625425132493e-10
173.0,136.0,-10.0,-48172.736598704985,58322.68093002394,1288.405296071034
173.0,136.0,-5.0,-38028.97079231639,50580.07413759987,3643.3268454342756
173.0,136.0,0.0,-31643.55566525678,45139.54795715939,5959.0376875601605
173.0,141.0,-30.0,-27081.148633050754,46799.299429743995,-4589.659189434072
173.0,141.0,-25.0,-34354.04489567788,54669.57817770672,-2293.3969280688893
173.0,141.0,-20.0,-43765.8334209525,58479.35459681896,-456.84700859389335
173.0,141.0,-15.0,-49683.41959638512,61568.31404818345,-2.863935413608068e-10
173.0,141.0,-10.0,-43765.8334209524,58479.35459681859,456.8470085936039
173.0,141.0,-5.0,-34354.04489567794,54669.5781777063,2293.3969280688543
173.0,141.0,0.0,-27081.148633050387,46799.29942974378,4589.659189434066
173.0,146.0,-30.0,-25044.34764628002,51574.471907499836,-2656.247058252752
173.0,146.0,-25.0,-31035.370195412703,56624.32849289741,-2598.3053047669646
173.0,146.0,-20.0,-40359.92999786443,61725.13541415085,423.8318980222246
173.0,146.0,-15.0,-44627.623117712916,61667.19287021918,-9.34565641249432e-11
173.0,146.0,-10.0,-40359.92999786425,61725.13541415062,-423.8318980220927
173.0,146.0,-5.0,-31035.370195412695,56624.32849289741,2598.305304766665
173.0,146.0,0.0,-25044.3476462795,51574.4719074994,2656.2470582529736
173.0,151.0,-30.0,-20828.951806697478,55730.70469660578,-3201.587869612127
173.0,151.0,-25.0,-28339.706425326356,60342.04593641246,-376.2667857085862
173.0,151.0,-20.0,-35307.871680587166,60273.5489396054,929.6335123294951
173.0,151.0,-15.0,-40030.825729733704,61532.7605168196,1.6863547595373044e-10
173.0,151.0,-10.0,-35307.871680587006,60273.54893960526,-929.6335123294245
173.0,151.0,-5.0,-28339.706425326203,60342.04593641199,376.2667857090037
173.0,151.0,0.0,-20828.9518066971,55730.704696605375,3201.5878696120462
173.0,156.0,-30.0,-21644.057859483397,58944.88748889092,-2509.5268828958583
173.0,156.0,-25.0,-25758.122436629103,59995.09373419634,-1378.1163562689414
173.0,156.0,-20.0,-33427.801794882966,62757.61228108289,231.46060304871867
173.0,156.0,-15.0,-36972.856856634884,62049.94931290177,-1.8118091822160703e-11
173.0,156.0,-10.0,-33427.80179488255,62757.61228108234,-231.46060304856593
173.0,156.0,-5.0,-25758.122436628855,59995.09373419595,1378.1163562692248
173.0,156.0,0.0,-21644.057859482855,58944.88748889059,2509.5268828960516
173.0,161.0,-30.0,-18559.46084737766,57762.41238031872,-3379.727381884365
173.0,161.0,-25.0,-25021.59371020701,61647.90150717565,-1608.1993684314277
173.0,161.0,-20.0,-30789.53799442305,60900.0250092936,62.92996364096502
173.0,161.0,-15.0,-34563.818386559615,61957.870527121144,-2.0136731268793116e-10
173.0,161.0,-10.0,-30789.537994422986,60900.025009293546,-62.929963641026035
173.0,161.0,-5.0,-25021.593710206515,61647.90150717567,1608.19936843182
173.0,161.0,0.0,-18559.46084737687,57762.41238031874,3379.7273818843883
173.0,166.0,-30.0,-19488.438463045703,58603.23324977489,-3604.4107026005004
173.0,166.0,-25.0,-23088.314709322,59484.57075756783,-2418.9663156792535
173.0,166.0,-20.0,-29409.657072007813,62105.411921236206,-857.6005122741971
173.0,166.0,-15.0,-32240.543060615193,61486.91633017601,-4.488336408190151e-11
173.0,166.0,-10.0,-29409.657072007998,62105.41192123636,857.6005122743884
173.0,166.0,-5.0,-23088.31470932204,59484.570757568225,2418.9663156798138
173.0,166.0,0.0,-19488.438463045444,58603.233249775374,3604.4107026005163
173.0,171.0,-30.0,-16483.414806853772,55743.24936935075,-3660.19911101868
173.0,171.0,-25.0,-22002.773991152648,59515.02598154928,-2785.821741580391
173.0,171.0,-20.0,-26681.016026881112,58941.832127852394,-826.6321925591037
173.0,171.0,-15.0,-29695.439625013914,59993.949930413575,1.1945494885654433e-10
173.0,171.0,-10.0,-26681.016026881465,58941.83212785246,826.6321925596945
173.0,171.0,-5.0,-22002.77399115313,59515.02598154955,2785.821741581057
173.0,171.0,0.0,-16483.414806853605,55743.249369351084,3660.1991110183462
173.0,176.0,-30.0,-16770.943590283023,55092.02495372493,-4185.275926588684
173.0,176.0,-25.0,-19740.160711896613,55983.450335961585,-3141.1132846914115
173.0,176.0,-20.0,-24776.134526716076,58477.547211454585,-1679.8622182702888
173.0,176.0,-15.0,-27006.63890776873,57970.74146755354,1.6763024496756035e-10
173.0,176.0,-10.0,-24776.134526716578,58477.54721145441,1679.8622182706138
173.0,176.0,-5.0,-19740.1607118967,55983.45033596175,3141.1132846913733
173.0,176.0,0.0,-16770.9435902836,55092.02495372536,4185.275926588731
173.0,181.0,-30.0,-13691.103661088784,50921.88805440958,-3905.658294009317
173.0,181.0,-25.0,-18188.09027555851,54361.46561605794,-3524.86494385905
173.0,181.0,-20.0,-21870.174896189616,53962.49111647005,-1429.8862820776976
173.0,181.0,-15.0,-24202.748587101694,54974.16186074422,1.377839596802675e-10
173.0,181.0,-10.0,-21870.174896189492,53962.49111646997,1429.8862820777872
173.0,181.0,-5.0,-18188.090275558538,54361.465616058376,3524.864943859143
173.0,181.0,0.0,-13691.103661088393,50921.88805441018,3905.6582940089984
173.0,186.0,-30.0,-13761.75737245043,48560.76380650271,-4333.77681673574
173.0,186.0,-25.0,-16095.648622866458,49662.922574585886,-3395.8857211016975
173.0,186.0,-20.0,-19986.49105379595,51999.05287923835,-2113.192687622591
173.0,186.0,-15.0,-21738.747242673955,51690.505499131126,-4.7478216290249274e-11
173.0,186.0,-10.0,-19986.491053796126,51999.05287923836,2113.192687622515
173.0,186.0,-5.0,-16095.64862286628,49662.92257458609,3395.885721101862
173.0,186.0,0.0,-13761.757372451057,48560.763806503106,4333.776816735923
173.0,191.0,-30.0,-11657.541921770462,43432.489722862614,-3577.844852062429
173.0,191.0,-25.0,-15316.080265383684,46746.61038670205,-3534.0700453761156
173.0,191.0,-20.0,-18003.74557066738,46697.128575046285,-1592.5271119965698
173.0,191.0,-15.0,-19769.441949667787,47645.89870315398,4.4652998647570874e-11
173.0,191.0,-10.0,-18003.745570666946,46697.128575046234,1592.5271119964968
173.0,191.0,-5.0,-15316.080265383796,46746.610386702116,3534.070045376323
173.0,191.0,0.0,-11657.541921770235,43432.48972286302,3577.844852062698
173.0,196.0,-30.0,-12857.101578322236,40149.99527671513,-3742.966006856542
173.0,196.0,-25.0,-14814.971539068074,41122.581847056914,-3004.0685734749004
173.0,196.0,-20.0,-17463.93469755015,43316.713139442276,-2085.3835354142907
173.0,196.0,-15.0,-18621.085617487795,43180.45280037169,-3.357451548748813e-11
173.0,196.0,-10.0,-17463.934697549983,43316.71313944237,2085.3835354144417
173.0,196.0,-5.0,-14814.971539067592,41122.581847057096,3004.0685734749927
173.0,196.0,0.0,-12857.101578322754,40149.99527671545,3742.9660068567623
173.0,201.0,-30.0,-12333.86213246298,33777.457479556375,-2622.559953595236
173.0,201.0,-25.0,-15013.506865683352,36961.38797820267,-2829.80683449297
173.0,201.0,-20.0,-16551.049834082638,36936.368021789734,-1350.056642840175
173.0,201.0,-15.0,-17658.50051668655,37897.86899064847,1.669002557990321e-11
173.0,201.0,-10.0,-16551.049834082685,36936.3680217895,1350.0566428400055
173.0,201.0,-5.0,-15013.506865683488,36961.387978202736,2829.806834492426
173.0,201.0,0.0,-12333.86213246277,33777.45747955647,2622.559953594583
173.0,206.0,-30.0,-13271.580770568777,29528.84345908613,-2296.6010775973978
173.0,206.0,-25.0,-14783.164726636962,30135.796305710803,-1679.650028313183
173.0,206.0,-20.0,-16099.296793814734,32516.39382193584,-1283.2648918562945
173.0,206.0,-15.0,-16573.89786679458,32707.873457812715,-9.066874346835743e-11
173.0,206.0,-10.0,-16099.296793814821,32516.393821935602,1283.2648918557059
173.0,206.0,-5.0,-14783.164726636787,30135.796305710708,1679.6500283124478
173.0,206.0,0.0,-13271.580770568842,29528.843459086325,2296.6010775965915
173.0,211.0,-30.0,-11958.510963543706,23079.981448173356,-763.0112790236365
173.0,211.0,-25.0,-14047.394999683434,26304.827477740073,-878.2813355377264
173.0,211.0,-20.0,-14442.596656533444,26828.21746493122,-155.9918083669276
173.0,211.0,-15.0,-14924.68736224754,27935.777056781146,-2.2715328253852612e-10
173.0,211.0,-10.0,-14442.596656533293,26828.217464931196,155.99180836656237
173.0,211.0,-5.0,-14047.394999683145,26304.827477739876,878.2813355371568
173.0,211.0,0.0,-11958.51096354358,23079.981448173163,763.0112790230139
173.0,216.0,-30.0,-11838.800000713498,19662.534332611594,-42.49450884948832
173.0,216.0,-25.0,-12563.873164420917,20670.549259685235,470.9371706789968
173.0,216.0,-20.0,-13353.267922369929,23469.765140622334,306.6002348758467
173.0,216.0,-15.0,-13287.026742608337,24076.923432226715,-2.1837794602933254e-10
173.0,216.0,-10.0,-13353.267922369656,23469.765140622447,-306.60023487584186
173.0,216.0,-5.0,-12563.873164420671,20670.549259685165,-470.9371706790522
173.0,216.0,0.0,-11838.800000713296,19662.534332611347,42.49450884913577
173.0,221.0,-30.0,-10620.667306692949,15375.353198970095,1213.091146647643
173.0,221.0,-25.0,-12072.166274047562,18320.194653058043,959.2711357904152
173.0,221.0,-20.0,-11767.49341408125,19704.96445354,782.441368308744
173.0,221.0,-15.0,-12431.92725478242,20939.7870744257,-1.7002978735114954e-10
173.0,221.0,-10.0,-11767.49341408109,19704.964453540433,-782.4413683087753
173.0,221.0,-5.0,-12072.16627404748,18320.194653058275,-959.2711357904984
173.0,221.0,0.0,-10620.667306692923,15375.35319897003,-1213.0911466481728
173.0,226.0,-30.0,-10652.433667575244,13231.877775246421,1486.0445404097827
173.0,226.0,-25.0,-10980.030113763083,14620.280492791218,2013.2278349798942
173.0,226.0,-20.0,-11235.056804059204,17585.166668408143,1456.9034504914475
173.0,226.0,-15.0,-10867.077543088124,18682.753335295056,-3.477479742072961e-12
173.0,226.0,-10.0,-11235.05680405944,17585.166668408387,-1456.9034504916217
173.0,226.0,-5.0,-10980.03011376332,14620.28049279157,-2013.2278349798673
173.0,226.0,0.0,-10652.433667575517,13231.877775246498,-1486.0445404099848
173.0,231.0,-30.0,0.0,0.0,0.0
173.0,231.0,-25.0,0.0,0.0,0.0
173.0,231.0,-20.0,0.0,0.0,0.0
173.0,231.0,-15.0,0.0,0.0,0.0
173.0,231.0,-10.0,0.0,0.0,0.0
173.0,231.0,-5.0,0.0,0.0,0.0
173.0,231.0,0.0,0.0,0.0,0.0
173.0,236.0,-30.0,0.0,0.0,0.0
173.0,236.0,-25.0,0.0,0.0,0.0
173.0,236.0,-20.0,0.0,0.0,0.0
173.0,236.0,-15.0,0.0,0.0,0.0
173.0,236.0,-10.0,0.0,0.0,0.0
173.0,236.0,-5.0,0.0,0.0,0.0
173.0,236.0,0.0,0.0,0.0,0.0
178.0,136.0,-30.0,-32997.27201154383,49594.40966561505,-10836.370065013502
178.0,136.0,-25.0,-40565.319178783175,58528.644394294584,-9627.128306741804
178.0,136.0,-20.0,-47553.98371295839,63970.45768758219,-7076.518063132782
178.0,136.0,-15.0,-50929.39541462082,71136.56322354329,2.9004427349905315e-10
178.0,136.0,-10.0,-47553.98371295844,63970.457687581664,7076.518063133069
178.0,136.0,-5.0,-40565.319178782695,58528.64439429372,9627.128306741959
178.0,136.0,0.0,-32997.27201154346,49594.40966561398,10836.370065013312
178.0,141.0,-30.0,-29007.769410683715,52319.54132886074,-7418.249988106377
178.0,141.0,-25.0,-36806.689819189676,57981.12812067894,-8761.927987346611
178.0,141.0,-20.0,-43424.80853802439,65780.74784785754,-5227.289600295333
178.0,141.0,-15.0,-47565.799066389176,68696.17393888911,8.395335708673184e-11
178.0,141.0,-10.0,-43424.80853802405,65780.74784785714,5227.2896002953585
178.0,141.0,-5.0,-36806.689819189436,57981.12812067853,8761.927987346688
178.0,141.0,0.0,-29007.76941068328,52319.54132886041,7418.249988106235
178.0,146.0,-30.0,-26453.961551515706,53310.7223772704,-5512.994004797566
178.0,146.0,-25.0,-33765.47872726596,62351.73276481318,-6905.973901622172
178.0,146.0,-20.0,-40666.66041015018,64450.23137879712,-3935.525064459415
178.0,146.0,-15.0,-44157.00808736795,66615.34292712082,1.0402744552712854e-10
178.0,146.0,-10.0,-40666.66041014986,64450.231378796794,3935.525064459471
178.0,146.0,-5.0,-33765.478727265334,62351.73276481278,6905.973901622318
178.0,146.0,0.0,-26453.96155151542,53310.72237727058,5512.994004797929
178.0,151.0,-30.0,-23506.37238996049,59590.065021304894,-4415.947921826709
178.0,151.0,-25.0,-31086.241754322862,60030.36304904339,-4781.092886002662
178.0,151.0,-20.0,-37546.82069870696,64250.97021428799,-2735.3435612549174
178.0,151.0,-15.0,-40711.9615277569,64829.02991793321,1.3366181455989646e-10
178.0,151.0,-10.0,-37546.82069870656,64250.970214287634,2735.343561255039
178.0,151.0,-5.0,-31086.241754322247,60030.36304904326,4781.092886002729
178.0,151.0,0.0,-23506.372389959946,59590.0650213046,4415.947921827123
178.0,156.0,-30.0,-23796.298394935267,58926.12751839028,-4105.169267003025
178.0,156.0,-25.0,-30324.186501540345,63698.364766003986,-4538.0270860529645
178.0,156.0,-20.0,-35595.78857580675,62887.83282712993,-2587.7404586066928
178.0,156.0,-15.0,-38294.44518453036,64412.63418824985,8.613772463337354e-11
178.0,156.0,-10.0,-35595.788575806575,62887.832827129816,2587.740458606877
178.0,156.0,-5.0,-30324.18650153997,63698.36476600369,4538.027086053012
178.0,156.0,0.0,-23796.29839493473,58926.127518390385,4105.16926700291
178.0,161.0,-30.0,-21865.399627784664,60977.64929095048,-4413.340295009108
178.0,161.0,-25.0,-28279.231554193146,60607.13955094111,-4289.416655996305
178.0,161.0,-20.0,-33460.24869008989,64022.757509487026,-2547.274591639142
178.0,161.0,-15.0,-35997.958183342984,64348.49751065501,-6.617571208360523e-11
178.0,161.0,-10.0,-33460.2486900899,64022.75750948709,2547.2745916391264
178.0,161.0,-5.0,-28279.231554193208,60607.13955094136,4289.416655996414
178.0,161.0,0.0,-21865.39962778439,60977.64929095103,4413.3402950092695
178.0,166.0,-30.0,-21745.91617487684,58798.59749825384,-4285.49451631558
178.0,166.0,-25.0,-27126.130498399907,63460.304047535494,-4699.293470418819
178.0,166.0,-20.0,-31331.81473962807,62558.192571726846,-2611.4759168561027
178.0,166.0,-15.0,-33411.59022261609,64005.42320311048,-1.1892341302754766e-10
178.0,166.0,-10.0,-31331.81473962836,62558.19257172732,2611.47591685602
178.0,166.0,-5.0,-27126.130498400078,63460.304047536076,4699.293470418882
178.0,166.0,0.0,-21745.916174877028,58798.59749825493,4285.494516315465
178.0,171.0,-30.0,-19128.21966524684,59356.43953773942,-4461.9268631205505
178.0,171.0,-25.0,-24400.060349438667,59231.95091046624,-4270.072704125279
178.0,171.0,-20.0,-28371.562632209643,62599.7972628956,-2630.4537303157235
178.0,171.0,-15.0,-30389.992197721433,62921.46368942046,1.0555822882452048e-10
178.0,171.0,-10.0,-28371.56263220972,62599.79726289597,2630.4537303158777
178.0,171.0,-5.0,-24400.06034943888,59231.95091046699,4270.072704125249
178.0,171.0,0.0,-19128.219665247245,59356.439537740036,4461.92686312034
178.0,176.0,-30.0,-18383.39782689477,55755.66652204456,-4146.704031351404
178.0,176.0,-25.0,-22437.995955368722,60280.86797270209,-4612.908544080617
178.0,176.0,-20.0,-25552.374107292842,59587.25498277468,-2620.658598848593
178.0,176.0,-15.0,-27094.008648774114,60934.426555934966,2.862544821063669e-10
178.0,176.0,-10.0,-25552.374107292893,59587.25498277485,2620.658598848782
178.0,176.0,-5.0,-22437.995955368853,60280.867972702334,4612.908544080782
178.0,176.0,0.0,-18383.397826894903,55755.66652204508,4146.704031351428
178.0,181.0,-30.0,-15534.778322606518,54539.01437345897,-4295.065628375356
178.0,181.0,-25.0,-19466.757139427038,54510.0870735534,-4052.597430141589
178.0,181.0,-20.0,-22271.220351261363,57628.32650421063,-2617.3401606515104
178.0,181.0,-15.0,-23773.754472055447,57964.98225339962,1.656651580050126e-10
178.0,181.0,-10.0,-22271.22035126113,57628.32650421076,2617.340160651845
178.0,181.0,-5.0,-19466.75713942682,54510.087073553506,4052.597430141606
178.0,181.0,0.0,-15534.77832260659,54539.01437345904,4295.065628375171
178.0,186.0,-30.0,-14699.397575605977,49289.91301445011,-3902.7572896172446
178.0,186.0,-25.0,-17509.044523323817,53406.76923141674,-4279.020153731558
178.0,186.0,-20.0,-19607.455171872618,52925.72560088031,-2422.4949324260856
178.0,186.0,-15.0,-20643.613680163908,54182.2630904288,1.2069353703593246e-10
178.0,186.0,-10.0,-19607.455171872327,52925.725600880636,2422.494932426252
178.0,186.0,-5.0,-17509.044523323802,53406.76923141679,4279.020153731264
178.0,186.0,0.0,-14699.397575606114,49289.91301445028,3902.7572896167767
178.0,191.0,-30.0,-12398.806622676087,46048.828971086536,-3769.806309106915
178.0,191.0,-25.0,-15173.899169033768,46309.62568105306,-3448.2994281167357
178.0,191.0,-20.0,-16991.396755438815,49223.2393994639,-2308.4149792054714
178.0,191.0,-15.0,-18051.52333057132,49607.831212940946,1.3878320714866277e-10
178.0,191.0,-10.0,-16991.396755438524,49223.2393994642,2308.414979205597
178.0,191.0,-5.0,-15173.899169033639,46309.625681053374,3448.2994281166884
178.0,191.0,0.0,-12398.806622676659,46048.82897108687,3769.8063091067447
178.0,196.0,-30.0,-12269.405416350333,39517.521555201696,-3008.158854967294
178.0,196.0,-25.0,-14171.174400582959,43293.09760034987,-3244.860431912004
178.0,196.0,-20.0,-15398.889466531793,43249.23791491739,-1843.6725283459973
178.0,196.0,-15.0,-16010.453491608316,44484.16089027316,1.1695932331796237e-10
178.0,196.0,-10.0,-15398.889466531538,43249.23791491735,1843.6725283460003
178.0,196.0,-5.0,-14171.17440058326,43293.09760035028,3244.860431911816
178.0,196.0,0.0,-12269.405416350965,39517.521555201994,3008.15885496722
178.0,201.0,-30.0,-11144.278103387262,34526.06898964963,-2531.0484327321055
178.0,201.0,-25.0,-12921.624034872888,35792.18572331486,-1911.1660916586272
178.0,201.0,-20.0,-13885.932248438516,38615.38294282713,-1377.529518905026
178.0,201.0,-15.0,-14475.50741071324,39160.00090208627,3.1113793802592625e-11
178.0,201.0,-10.0,-13885.932248438554,38615.38294282723,1377.5295189049614
178.0,201.0,-5.0,-12921.624034872775,35792.185723314826,1911.1660916582546
178.0,201.0,0.0,-11144.278103387736,34526.06898964964,2531.048432732048
178.0,206.0,-30.0,-11456.396535853588,28397.38657674078,-1320.153489769956
178.0,206.0,-25.0,-12632.529167163491,31732.945013302597,-1353.619266450495
178.0,206.0,-20.0,-12984.255683313042,32754.2404907729,-509.4217718534678
178.0,206.0,-15.0,-13156.15941744865,34117.24997654574,1.065326874335629e-10
178.0,206.0,-10.0,-12984.25568331275,32754.240490772772,509.42177185355644
178.0,206.0,-5.0,-12632.529167163493,31732.945013302564,1353.6192664502705
178.0,206.0,0.0,-11456.396535853417,28397.38657674118,1320.153489769919
178.0,211.0,-30.0,-10893.938316971056,24222.92431998328,-530.1295758951741
178.0,211.0,-25.0,-11778.17905134602,25973.609408581986,51.04453437122062
178.0,211.0,-20.0,-12106.224084845213,28743.220414501677,29.641294849982287
178.0,211.0,-15.0,-12202.589748916776,29549.92629633103,-5.012059143784707e-11
178.0,211.0,-10.0,-12106.224084844811,28743.220414501695,-29.64129485015554
178.0,211.0,-5.0,-11778.179051345782,25973.609408582175,-51.04453437146442
178.0,211.0,0.0,-10893.938316971036,24222.92431998334,530.1295758951139
178.0,216.0,-30.0,-10619.307371855653,20727.884900488843,671.6779636748186
178.0,216.0,-25.0,-11278.67792065849,23514.796695271445,486.79645733644554
178.0,216.0,-20.0,-11153.679616202397,24066.578586479565,506.75809775336336
178.0,216.0,-15.0,-11477.458115170342,25562.73987175487,-1.1981076871355373e-10
178.0,216.0,-10.0,-11153.679616202162,24066.57858647992,-506.7580977534559
178.0,216.0,-5.0,-11278.677920658412,23514.796695271543,-486.7964573366353
178.0,216.0,0.0,-10619.307371855424,20727.88490048895,-671.6779636750791
178.0,221.0,-30.0,-9965.075157918254,17536.22340733021,1314.1942014766191
178.0,221.0,-25.0,-10243.039706921494,19124.83816068246,1657.879435302941
178.0,221.0,-20.0,-10411.126749359482,22146.529567995683,1079.921169896943
178.0,221.0,-15.0,-10678.640609541608,23327.546199957593,-5.197494722190587e-11
178.0,221.0,-10.0,-10411.126749359482,22146.529567995658,-1079.92116989707
178.0,221.0,-5.0,-10243.039706921607,19124.8381606829,-1657.8794353030464
178.0,221.0,0.0,-9965.075157918336,17536.223407330526,-1314.1942014767887
178.0,226.0,-30.0,0.0,0.0,0.0
178.0,226.0,-25.0,0.0,0.0,0.0
178.0,226.0,-20.0,0.0,0.0,0.0
178.0,226.0,-15.0,0.0,0.0,0.0
178.0,226.0,-10.0,0.0,0.0,0.0
178.0,226.0,-5.0,0.0,0.0,0.0
178.0,226.0,0.0,0.0,0.0,0.0
178.0,231.0,-30.0,0.0,0.0,0.0
178.0,231.0,-25.0,0.0,0.0,0.0
178.0,231.0,-20.0,0.0,0.0,0.0
178.0,231.0,-15.0,0.0,0.0,0.0
178.0,231.0,-10.0,0.0,0.0,0.0
178.0,231.0,-5.0,0.0,0.0,0.0
178.0,231.0,0.0,0.0,0.0,0.0
178.0,236.0,-30.0,0.0,0.0,0.0
178.0,236.0,-25.0,0.0,0.0,0.0
178.0,236.0,-20.0,0.0,0.0,0.0
178.0,236.0,-15.0,0.0,0.0,0.0
178.0,236.0,-10.0,0.0,0.0,0.0
178.0,236.0,-5.0,0.0,0.0,0.0
178.0,236.0,0.0,0.0,0.0,0.0
183.0,136.0,-30.0,-32343.029239601718,54477.91542806207,-14157.930233317447
183.0,136.0,-25.0,-39186.90032452104,60077.38743837557,-12579.808514656395
183.0,136.0,-20.0,-45236.270372206505,68587.71974351266,-8654.21451855239
183.0,136.0,-15.0,-48916.70653907346,74635.18888606805,7.515024792935167e-11
183.0,136.0,-10.0,-45236.27037220605,68587.71974351215,8654.214518553372
183.0,136.0,-5.0,-39186.90032452067,60077.38743837512,12579.808514656906
183.0,136.0,0.0,-32343.029239601594,54477.91542806191,14157.930233317984
183.0,141.0,-30.0,-28621.1262960637,53852.390574532976,-11423.62397680281
183.0,141.0,-25.0,-36159.17552946575,62385.97896159902,-10929.893667621278
183.0,141.0,-20.0,-42390.73014967338,67416.01072228652,-7445.093702762662
183.0,141.0,-15.0,-46480.170356474635,72023.86875485689,2.7814331452704053e-10
183.0,141.0,-10.0,-42390.730149673145,67416.0107222861,7445.0937027631035
183.0,141.0,-5.0,-36159.175529465596,62385.97896159832,10929.893667621483
183.0,141.0,0.0,-28621.126296063623,53852.39057453266,11423.623976802772
183.0,146.0,-30.0,-26096.37607064105,56147.746398401716,-8318.935751188867
183.0,146.0,-25.0,-33956.3397438701,61766.65600264047,-9795.60392394175
183.0,146.0,-20.0,-40591.72367429361,69002.68325748938,-5791.985301595141
183.0,146.0,-15.0,-43941.700914816276,69421.6237961337,1.8761607652077844e-10
183.0,146.0,-10.0,-40591.723674293266,69002.6832574891,5791.985301595313
183.0,146.0,-5.0,-33956.33974386961,61766.65600263988,9795.603923941688
183.0,146.0,0.0,-26096.376070640497,56147.74639840155,8318.93575118919
183.0,151.0,-30.0,-23470.21632150974,58002.61947879677,-6460.729868185709
183.0,151.0,-25.0,-32217.33808350191,64742.769854178005,-6819.3342574504095
183.0,151.0,-20.0,-38055.82685697652,64870.351968420175,-4436.607222363675
183.0,151.0,-15.0,-41825.49760342334,66828.12385114297,1.0096156389548784e-10
183.0,151.0,-10.0,-38055.82685697635,64870.351968419905,4436.607222363894
183.0,151.0,-5.0,-32217.3380835013,64742.76985417767,6819.334257450676
183.0,151.0,0.0,-23470.216321508848,58002.61947879708,6460.7298681857565
183.0,156.0,-30.0,-24744.06975824194,61608.47089296825,-5771.53865033914
183.0,156.0,-25.0,-30986.86889886089,62223.33084137272,-6124.936266621279
183.0,156.0,-20.0,-37166.720250253726,66571.85009649786,-3827.576910165365
183.0,156.0,-15.0,-39871.03096327714,66226.71608288508,7.102147929589801e-11
183.0,156.0,-10.0,-37166.72025025363,66571.8500964977,3827.5769101655833
183.0,156.0,-5.0,-30986.8688988607,62223.3308413728,6124.936266621595
183.0,156.0,0.0,-24744.069758241512,61608.47089296867,5771.538650339304
183.0,161.0,-30.0,-22614.97902508098,59387.03031171112,-5334.199439877999
183.0,161.0,-25.0,-29968.21326392904,65014.636161988674,-5357.060927795245
183.0,161.0,-20.0,-34534.52113785721,64405.36861773207,-3530.7299395836317
183.0,161.0,-15.0,-37757.047786791525,66163.49984734942,9.349977202733638e-11
183.0,161.0,-10.0,-34534.52113785718,64405.36861773228,3530.729939583662
183.0,161.0,-5.0,-29968.213263929232,65014.63616198893,5357.060927795352
183.0,161.0,0.0,-22614.979025081306,59387.030311711685,5334.199439878333
183.0,166.0,-30.0,-23052.542236789326,62042.06214137107,-5012.923311957776
183.0,166.0,-25.0,-27828.768016440652,62357.746896523924,-5261.009120493557
183.0,166.0,-20.0,-32677.02676037239,66584.30466824972,-3213.49121654546
183.0,166.0,-15.0,-34768.05542176777,66243.16072089385,8.177800317263553e-12
183.0,166.0,-10.0,-32677.026760372573,66584.30466825025,3213.4912165454352
183.0,166.0,-5.0,-27828.76801644085,62357.746896524586,5261.009120493288
183.0,166.0,0.0,-23052.54223678976,62042.062141371876,5012.923311957828
183.0,171.0,-30.0,-19486.288809028,58560.236972617815,-4570.385841901088
183.0,171.0,-25.0,-25519.47031410673,64125.55078360244,-4662.492150833299
183.0,171.0,-20.0,-28795.21223133902,63645.38419408734,-2979.542805958312
183.0,171.0,-15.0,-31237.091056730813,65358.62932462087,1.0237390422564484e-10
183.0,171.0,-10.0,-28795.21223133909,63645.38419408773,2979.5428059583305
183.0,171.0,-5.0,-25519.47031410685,64125.55078360315,4662.492150833332
183.0,171.0,0.0,-19486.288809028254,58560.23697261883,4570.385841900985
183.0,176.0,-30.0,-18931.733110211775,59421.8154449702,-4209.523175462607
183.0,176.0,-25.0,-22362.95283487083,59896.22867064066,-4460.3518585076
183.0,176.0,-20.0,-25827.055362840438,63966.390620071936,-2711.0125490466935
183.0,176.0,-15.0,-27224.573767397284,63611.43109482458,1.9541182347473715e-10
183.0,176.0,-10.0,-25827.055362840383,63966.39062007224,2711.012549047026
183.0,176.0,-5.0,-22362.95283487109,59896.228670641125,4460.3518585077945
183.0,176.0,0.0,-18931.733110211848,59421.815444971005,4209.523175462583
183.0,181.0,-30.0,-15176.791704797695,54164.29783204352,-3767.99018333134
183.0,181.0,-25.0,-19528.50017952765,59337.90019952901,-3908.7258068793526
183.0,181.0,-20.0,-21579.66181515143,58949.73202458935,-2486.9306732406662
183.0,181.0,-15.0,-23288.26028985224,60500.546068307754,1.8469957187615085e-10
183.0,181.0,-10.0,-21579.661815151256,58949.73202458936,2486.9306732409696
183.0,181.0,-5.0,-19528.500179527568,59337.90019952908,3908.7258068795027
183.0,181.0,0.0,-15176.791704797848,54164.29783204328,3767.990183330979
183.0,186.0,-30.0,-14382.759702221885,52564.23407679048,-3413.6157232714486
183.0,186.0,-25.0,-16519.21321700247,53090.043022492704,-3600.4249901440976
183.0,186.0,-20.0,-18683.38594312046,56782.659986277344,-2255.5030713156584
183.0,186.0,-15.0,-19475.727445834975,56546.00222718457,1.0526417344618285e-11
183.0,186.0,-10.0,-18683.385943120207,56782.65998627741,2255.5030713158967
183.0,186.0,-5.0,-16519.213217002118,53090.04302249271,3600.4249901438498
183.0,186.0,0.0,-14382.759702221436,52564.234076790315,3413.615723271001
183.0,191.0,-30.0,-11288.927379491945,45520.703584161776,-2816.140809138281
183.0,191.0,-25.0,-14253.97359741829,50123.781458940684,-2966.121380842893
183.0,191.0,-20.0,-15242.828695085798,50043.6731150546,-1828.480819784312
183.0,191.0,-15.0,-16228.387073261732,51462.34309471995,7.214031081905257e-11
183.0,191.0,-10.0,-15242.828695085522,50043.673115054735,1828.4808197844768
183.0,191.0,-5.0,-14253.973597418364,50123.78145894105,2966.1213808425405
183.0,191.0,0.0,-11288.927379491804,45520.70358416198,2816.1408091378794
183.0,196.0,-30.0,-11175.339462646421,41188.787585139886,-2401.5398748438556
183.0,196.0,-25.0,-12322.318397497364,42677.34517871316,-2176.391365724344
183.0,196.0,-20.0,-13349.91781496795,45991.51330555924,-1416.1387120425463
183.0,196.0,-15.0,-13623.17291509245,46010.68886911477,6.481297549936034e-11
183.0,196.0,-10.0,-13349.917814968045,45991.513305559514,1416.1387120427312
183.0,196.0,-5.0,-12322.318397497553,42677.345178713316,2176.3913657242206
183.0,196.0,0.0,-11175.339462646954,41188.787585140475,2401.539874843358
183.0,201.0,-30.0,-9575.538959095338,34669.10610193849,-1352.6687956710375
183.0,201.0,-25.0,-11100.616871696766,38438.23221396154,-1519.5813130227089
183.0,201.0,-20.0,-11416.625820044328,39193.27118625712,-705.4762644511602
183.0,201.0,-15.0,-11875.213777960984,40511.221444398674,1.2354861360554602e-10
183.0,201.0,-10.0,-11416.625820044166,39193.27118625733,705.4762644513336
183.0,201.0,-5.0,-11100.616871696851,38438.23221396168,1519.581313022603
183.0,201.0,0.0,-9575.538959095635,34669.10610193866,1352.668795671077
183.0,206.0,-30.0,-9828.638220988703,30561.640980189117,-438.63823395848135
183.0,206.0,-25.0,-10263.07082253135,31747.150912948044,-508.16033135000026
183.0,206.0,-20.0,-10573.104199434292,34726.811471391855,-378.6238802128617
183.0,206.0,-15.0,-10514.30783959248,35631.13844586267,1.4171064321999438e-10
183.0,206.0,-10.0,-10573.104199434008,34726.81147139199,378.62388021292895
183.0,206.0,-5.0,-10263.070822531346,31747.15091294817,508.1603313499684
183.0,206.0,0.0,-9828.638220988734,30561.640980189477,438.6382339586968
183.0,211.0,-30.0,-9018.75498015297,24368.795723856125,499.7112247600511
183.0,211.0,-25.0,-10345.06531605402,28570.11741274313,262.32760887539814
183.0,211.0,-20.0,-9809.960780552046,30075.940607997287,430.14857713281873
183.0,211.0,-15.0,-9819.407759487087,31255.897595405688,2.0195329852867873e-10
183.0,211.0,-10.0,-9809.960780551683,30075.94060799748,-430.14857713269595
183.0,211.0,-5.0,-10345.065316053613,28570.117412743402,-262.3276088755873
183.0,211.0,0.0,-9018.754980152868,24368.795723856598,-499.7112247597889
183.0,216.0,-30.0,-9785.267879772708,21860.098518467985,961.5038169412318
183.0,216.0,-25.0,-10082.644937136125,24240.344157333115,1383.6303323757363
183.0,216.0,-20.0,-9703.675635059346,26910.824345250345,846.1030859998086
183.0,216.0,-15.0,-9204.696301073162,27685.123502690698,1.418628368898475e-10
183.0,216.0,-10.0,-9703.675635059171,26910.82434525051,-846.1030859998343
183.0,216.0,-5.0,-10082.644937135734,24240.34415733364,-1383.6303323757622
183.0,216.0,0.0,-9785.26787977263,21860.09851846809,-961.5038169409303
183.0,221.0,-30.0,0.0,0.0,0.0
183.0,221.0,-25.0,0.0,0.0,0.0
183.0,221.0,-20.0,0.0,0.0,0.0
183.0,221.0,-15.0,0.0,0.0,0.0
183.0,221.0,-10.0,0.0,0.0,0.0
183.0,221.0,-5.0,0.0,0.0,0.0
183.0,221.0,0.0,0.0,0.0,0.0
183.0,226.0,-30.0,0.0,0.0,0.0
183.0,226.0,-25.0,0.0,0.0,0.0
183.0,226.0,-20.0,0.0,0.0,0.0
183.0,226.0,-15.0,0.0,0.0,0.0
183.0,226.0,-10.0,0.0,0.0,0.0
183.0,226.0,-5.0,0.0,0.0,0.0
183.0,226.0,0.0,0.0,0.0,0.0
183.0,231.0,-30.0,0.0,0.0,0.0
183.0,231.0,-25.0,0.0,0.0,0.0
183.0,231.0,-20.0,0.0,0.0,0.0
183.0,231.0,-15.0,0.0,0.0,0.0
183.0,231.0,-10.0,0.0,0.0,0.0
183.0,231.0,-5.0,0.0,0.0,0.0
183.0,231.0,0.0,0.0,0.0,0.0
183.0,236.0,-30.0,0.0,0.0,0.0
183.0,236.0,-25.0,0.0,0.0,0.0
183.0,236.0,-20.0,0.0,0.0,0.0
183.0,236.0,-15.0,0.0,0.0,0.0
183.0,236.0,-10.0,0.0,0.0,0.0
183.0,236.0,-5.0,0.0,0.0,0.0
183.0,236.0,0.0,0.0,0.0,0.0
188.0,136.0,-30.0,-28551.660061224145,53549.02341387099,-17617.518009884127
188.0,136.0,-25.0,-36854.06379185547,62724.48606447932,-14727.480331171775
188.0,136.0,-20.0,-44114.597946214424,68842.9309639998,-10605.632978663143
188.0,136.0,-15.0,-48473.68825502599,76339.1595808667,2.6193447411060333e-10
188.0,136.0,-10.0,-44114.597946214184,68842.93096399946,10605.632978663918
188.0,136.0,-5.0,-36854.06379185486,62724.486064478675,14727.480331172468
188.0,136.0,0.0,-28551.66006122369,53549.02341387073,17617.518009884283
188.0,141.0,-30.0,-27483.973415194625,54127.15137538071,-14131.526947132073
188.0,141.0,-25.0,-34911.29009975815,61464.37230147679,-13067.817179907066
188.0,141.0,-20.0,-41255.431708544726,68944.09988391362,-8261.301348867282
188.0,141.0,-15.0,-46515.97819821401,72746.34149541393,1.6298145055770873e-10
188.0,141.0,-10.0,-41255.43170854408,68944.0998839132,8261.30134886783
188.0,141.0,-5.0,-34911.29009975759,61464.37230147636,13067.817179907373
188.0,141.0,0.0,-27483.97341519412,54127.15137538057,14131.526947131893
188.0,146.0,-30.0,-25525.20833364892,55104.307823825926,-11508.634550829851
188.0,146.0,-25.0,-33980.73659155804,63817.45619054362,-11292.107760769994
188.0,146.0,-20.0,-40577.57736363169,66735.85268692384,-7628.7206073084035
188.0,146.0,-15.0,-45007.76895454396,70526.06289394823,2.453770064629423e-10
188.0,146.0,-10.0,-40577.57736363148,66735.85268692348,7628.720607308599
188.0,146.0,-5.0,-33980.73659155768,63817.456190543155,11292.107760770044
188.0,146.0,0.0,-25525.208333648516,55104.30782382596,11508.634550829876
188.0,151.0,-30.0,-24026.351896982695,59725.4216369588,-8831.175863753433
188.0,151.0,-25.0,-31771.169307932185,61519.23792147662,-8302.419746910253
188.0,151.0,-20.0,-38713.34115857984,66976.79614612863,-5576.962318844514
188.0,151.0,-15.0,-43082.68747704966,68158.50114598074,-2.5652414665390285e-12
188.0,151.0,-10.0,-38713.341158579904,66976.79614612843,5576.9623188447395
188.0,151.0,-5.0,-31771.169307931945,61519.23792147659,8302.419746910418
188.0,151.0,0.0,-24026.3518969821,59725.421636958774,8831.175863753624
188.0,156.0,-30.0,-23622.249241070025,60242.452400096954,-7438.4983909233215
188.0,156.0,-25.0,-31506.078090945524,65026.3403246677,-7058.135807288295
188.0,156.0,-20.0,-37390.9436229481,64895.27061309282,-4912.022846852836
188.0,156.0,-15.0,-41539.44295617506,67321.77428368977,-6.872515092627743e-11
188.0,156.0,-10.0,-37390.94362294803,64895.27061309287,4912.022846853004
188.0,156.0,-5.0,-31506.078090945346,65026.34032466776,7058.1358072886305
188.0,156.0,0.0,-23622.24924106995,60242.4524000972,7438.498390923599
188.0,161.0,-30.0,-23242.82669444076,61105.35026718437,-6605.736719672597
188.0,161.0,-25.0,-29464.573802449846,62098.53869026161,-6117.058562842471
188.0,161.0,-20.0,-35416.9538004075,66731.48210094839,-4108.687530465497
188.0,161.0,-15.0,-39317.807175124966,67644.79725529715,4.188339703549177e-11
188.0,161.0,-10.0,-35416.953800407624,66731.48210094853,4108.687530465554
188.0,161.0,-5.0,-29464.573802450144,62098.53869026194,6117.05856284268
188.0,161.0,0.0,-23242.82669444081,61105.350267184935,6605.736719673157
188.0,166.0,-30.0,-22074.628116616517,61247.42997205387,-5589.574682342801
188.0,166.0,-25.0,-28364.984547545177,65626.25916339815,-5404.2015969246995
188.0,166.0,-20.0,-32720.404110406253,65335.09603365623,-3773.7031178823786
188.0,166.0,-15.0,-36166.29561714417,67894.02168531204,9.878511683872113e-11
188.0,166.0,-10.0,-32720.404110406536,65335.09603365662,3773.7031178823113
188.0,166.0,-5.0,-28364.984547545686,65626.25916339875,5404.2015969248405
188.0,166.0,0.0,-22074.62811661693,61247.42997205484,5589.574682343193
188.0,171.0,-30.0,-19617.549248920157,60955.68778205759,-5090.937041988212
188.0,171.0,-25.0,-24552.037212161747,61986.19096074296,-4712.858644541648
188.0,171.0,-20.0,-29039.23284762076,66553.06553272608,-3080.338237692924
188.0,171.0,-15.0,-31908.752186599522,67510.33332063042,1.7637201101304248e-10
188.0,171.0,-10.0,-29039.232847621057,66553.06553272647,3080.338237693162
188.0,171.0,-5.0,-24552.03721216221,61986.190960743705,4712.858644541805
188.0,171.0,0.0,-19617.549248920397,60955.68778205849,5090.937041988253
188.0,176.0,-30.0,-17377.721022336515,59397.270369719896,-3985.7810105592584
188.0,176.0,-25.0,-22070.641080174308,63564.70777939623,-4135.578800972368
188.0,176.0,-20.0,-24931.657013844793,63354.130008360036,-2806.5247120915215
188.0,176.0,-15.0,-27307.202294688384,65751.62141147738,1.575174862339806e-10
188.0,176.0,-10.0,-24931.657013844942,63354.13000836002,2806.5247120918384
188.0,176.0,-5.0,-22070.641080174602,63564.70777939668,4135.578800972284
188.0,176.0,0.0,-17377.72102233668,59397.27036972066,3985.781010559077
188.0,181.0,-30.0,-14420.159675887337,56704.82223153497,-3621.37531719708
188.0,181.0,-25.0,-17789.799063859886,57703.631617447274,-3460.144260418454
188.0,181.0,-20.0,-20662.550687213952,61907.54630783109,-2227.721917886483
188.0,181.0,-15.0,-22534.74627276176,62763.49356088441,9.856357325752003e-11
188.0,181.0,-10.0,-20662.550687213887,61907.54630783076,2227.721917886553
188.0,181.0,-5.0,-17789.79906385968,57703.631617447216,3460.1442604184895
188.0,181.0,0.0,-14420.159675887273,56704.82223153529,3621.375317196975
188.0,186.0,-30.0,-12258.875829861041,52586.952329567,-2487.7239034779072
188.0,186.0,-25.0,-15252.97238792031,56268.3261430137,-2975.244859565185
188.0,186.0,-20.0,-16757.535863401692,56263.94507786168,-1962.137895797492
188.0,186.0,-15.0,-18141.58580180678,58435.09886345371,4.6757355821915925e-11
188.0,186.0,-10.0,-16757.535863401616,56263.9450778616,1962.1378957974794
188.0,186.0,-5.0,-15252.972387920241,56268.32614301347,2975.244859565262
188.0,186.0,0.0,-12258.875829860917,52586.95232956679,2487.723903477636
188.0,191.0,-30.0,-9946.738784266003,47531.130752996825,-2191.793043002743
188.0,191.0,-25.0,-11916.711420052288,48571.40890995955,-2096.0229439972195
188.0,191.0,-20.0,-13335.354581466483,52290.28968194399,-1319.0177618269681
188.0,191.0,-15.0,-14254.43628547449,53147.81206632653,-2.1541469462905437e-11
188.0,191.0,-10.0,-13335.354581466672,52290.289681943854,1319.0177618268349
188.0,191.0,-5.0,-11916.711420052268,48571.40890995957,2096.0229439971395
188.0,191.0,0.0,-9946.738784266017,47531.1307529972,2191.793043002653
188.0,196.0,-30.0,-8839.833296571913,40696.01375694934,-1034.3844298885729
188.0,196.0,-25.0,-10414.370287653961,44336.371378318596,-1522.5903605620056
188.0,196.0,-20.0,-10704.51519664636,45344.5336622221,-756.8910257138829
188.0,196.0,-15.0,-11275.961729450475,47276.292220023446,5.36485272161185e-11
188.0,196.0,-10.0,-10704.515196646442,45344.53366222218,756.8910257139728
188.0,196.0,-5.0,-10414.370287654123,44336.371378318974,1522.5903605619735
188.0,196.0,0.0,-8839.833296572273,40696.013756949644,1034.3844298885856
188.0,201.0,-30.0,-8083.139022633727,36457.762684078574,-867.3788663245009
188.0,201.0,-25.0,-9005.181306357346,37832.92416116975,-705.5192697928735
188.0,201.0,-20.0,-9155.01257937457,40598.6954322794,-414.6669459943339
188.0,201.0,-15.0,-9529.10116657384,42150.83996365318,2.741115976176742e-11
188.0,201.0,-10.0,-9155.012579374818,40598.695432279696,414.66694599439415
188.0,201.0,-5.0,-9005.181306357494,37832.924161170056,705.5192697930987
188.0,201.0,0.0,-8083.139022634215,36457.76268407899,867.3788663247792
188.0,206.0,-30.0,-7783.580460837846,30593.125036420108,391.4909928315341
188.0,206.0,-25.0,-8869.445838401949,34715.178129593616,-151.71492695057844
188.0,206.0,-20.0,-8591.318815571392,35417.51815968745,72.16658409360215
188.0,206.0,-15.0,-8415.749482829826,37656.09629151113,1.1392154603175099e-10
188.0,206.0,-10.0,-8591.318815571194,35417.518159687614,-72.16658409335172
188.0,206.0,-5.0,-8869.445838402291,34715.178129594016,151.71492695054272
188.0,206.0,0.0,-7783.580460838336,30593.125036420563,-391.4909928315645
188.0,211.0,-30.0,0.0,0.0,0.0
188.0,211.0,-25.0,0.0,0.0,0.0
188.0,211.0,-20.0,0.0,0.0,0.0
188.0,211.0,-15.0,0.0,0.0,0.0
188.0,211.0,-10.0,0.0,0.0,0.0
188.0,211.0,-5.0,0.0,0.0,0.0
188.0,211.0,0.0,0.0,0.0,0.0
188.0,216.0,-30.0,0.0,0.0,0.0
188.0,216.0,-25.0,0.0,0.0,0.0
188.0,216.0,-20.0,0.0,0.0,0.0
188.0,216.0,-15.0,0.0,0.0,0.0
188.0,216.0,-10.0,0.0,0.0,0.0
188.0,216.0,-5.0,0.0,0.0,0.0
188.0,216.0,0.0,0.0,0.0,0.0
188.0,221.0,-30.0,0.0,0.0,0.0
188.0,221.0,-25.0,0.0,0.0,0.0
188.0,221.0,-20.0,0.0,0.0,0.0
188.0,221.0,-15.0,0.0,0.0,0.0
188.0,221.0,-10.0,0.0,0.0,0.0
188.0,221.0,-5.0,0.0,0.0,0.0
188.0,221.0,0.0,0.0,0.0,0.0
188.0,226.0,-30.0,0.0,0.0,0.0
188.0,226.0,-25.0,0.0,0.0,0.0
188.0,226.0,-20.0,0.0,0.0,0.0
188.0,226.0,-15.0,0.0,0.0,0.0
188.0,226.0,-10.0,0.0,0.0,0.0
188.0,226.0,-5.0,0.0,0.0,0.0
188.0,226.0,0.0,0.0,0.0,0.0
188.0,231.0,-30.0,0.0,0.0,0.0
188.0,231.0,-25.0,0.0,0.0,0.0
188.0,231.0,-20.0,0.0,0.0,0.0
188.0,231.0,-15.0,0.0,0.0,0.0
188.0,231.0,-10.0,0.0,0.0,0.0
188.0,231.0,-5.0,0.0,0.0,0.0
188.0,231.0,0.0,0.0,0.0,0.0
188.0,236.0,-30.0,0.0,0.0,0.0
188.0,236.0,-25.0,0.0,0.0,0.0
188.0,236.0,-20.0,0.0,0.0,0.0
188.0,236.0,-15.0,0.0,0.0,0.0
188.0,236.0,-10.0,0.0,0.0,0.0
188.0,236.0,-5.0,0.0,0.0,0.0
188.0,236.0,0.0,0.0,0.0,0.0
