x,y,z,Mx,My,Mz
106.0,127.0,-28.0,-4506.202741906035,-85384.65880980338,32329.608491594863
106.0,127.0,-23.0,-8574.408225917303,-107694.10876535939,27321.54825988963
106.0,127.0,-18.0,-14639.325162699564,-122208.23240826289,13791.616075723172
106.0,127.0,-13.0,-13842.750332087426,-127205.39031428254,4280.498043376088
106.0,127.0,-8.0,-14808.788967359136,-126028.80705321665,-8595.443181274297
106.0,127.0,-3.0,-13498.728671636485,-114093.20565591607,-19053.722406629266
106.0,132.0,-28.0,-6137.430616536736,-87885.3286839779,21397.932892346253
106.0,132.0,-23.0,-15440.63236034358,-106691.16260589664,21094.299031459366
106.0,132.0,-18.0,-18866.737461397675,-119293.03001315559,12542.724215123088
106.0,132.0,-13.0,-22336.077413928026,-124939.61186487145,503.181686606692
106.0,132.0,-8.0,-21052.290436590483,-121911.90885960415,-9038.543057635856
106.0,132.0,-3.0,-18172.09979327341,-111145.6628502446,-13577.011306590328
106.0,137.0,-28.0,-13488.664527003271,-89480.26956063135,11819.358892887238
106.0,137.0,-23.0,-18978.529047074975,-102039.22624838098,15348.666574378056
106.0,137.0,-18.0,-28860.648591335463,-119501.22507712085,10128.127202305546
106.0,137.0,-13.0,-31188.642526620246,-125191.20052827448,85.63539569384054
106.0,137.0,-8.0,-28478.59852460995,-117276.70332908395,-9361.87288709278
106.0,137.0,-3.0,-23902.100527285333,-107552.31394614874,-7613.118156816259
106.0,142.0,-28.0,-16522.507371851454,-93526.42524101873,5882.741400871977
106.0,142.0,-23.0,-28673.13512495221,-106180.52100756361,5310.083321211525
106.0,142.0,-18.0,-33502.48131449922,-112424.48303432316,3659.3753188863384
106.0,142.0,-13.0,-37848.550186385444,-116319.6746182057,-53.33818011813791
106.0,142.0,-8.0,-36020.91821576194,-114993.68669598414,-1909.8822906108624
106.0,142.0,-3.0,-30695.055372976538,-108912.74074775922,-4227.517477848697
106.0,147.0,-28.0,-24465.96720728395,-96121.38393509408,2612.20218403526
106.0,147.0,-23.0,-30764.673136022928,-103225.98296749352,1848.794134902818
106.0,147.0,-18.0,-41775.54804823022,-111363.22366540536,1154.8398535572273
106.0,147.0,-13.0,-44241.02096462498,-113395.44683813099,1525.0605761451293
106.0,147.0,-8.0,-40567.03632054984,-111870.28870400756,-570.7390407537459
106.0,147.0,-3.0,-36385.99874660327,-110380.96319564435,662.4734423685005
106.0,152.0,-28.0,-22341.46745171516,-94730.21401896623,1382.8156353694224
106.0,152.0,-23.0,-36179.284275770355,-105216.37480815056,193.1958991684769
106.0,152.0,-18.0,-42021.53194426098,-108660.96297246707,84.9556492020854
106.0,152.0,-13.0,-46103.56633369221,-111421.78891001851,201.5498322139807
106.0,152.0,-8.0,-44187.42150651113,-110928.8655264693,1840.028595857415
106.0,152.0,-3.0,-37551.14887615251,-108540.0037273832,174.80306780217157
106.0,157.0,-28.0,-26275.961168822665,-95513.31219320025,262.1914948266451
106.0,157.0,-23.0,-33095.19224385432,-101610.70768813339,-719.1429143570193
106.0,157.0,-18.0,-44095.85403382038,-108601.16641863968,-927.5920823156089
106.0,157.0,-13.0,-46339.11807473439,-110048.19469921422,1307.284078216761
106.0,157.0,-8.0,-42873.83067541837,-108958.01126474958,1140.265747307083
106.0,157.0,-3.0,-38429.94462079806,-108343.29652551337,3323.9159109672837
106.0,162.0,-28.0,-20944.7117475734,-91651.0912809007,-191.41156851970632
106.0,162.0,-23.0,-34311.60271760201,-101140.09494805042,-1453.627468114283
106.0,162.0,-18.0,-39560.35776529315,-104063.41538592525,-1213.2491765055256
106.0,162.0,-13.0,-43264.9845671742,-106747.75841269371,-245.52907859063743
106.0,162.0,-8.0,-41791.909160278716,-106321.7078719201,2015.840551394013
106.0,162.0,-3.0,-35243.32026190438,-104555.8393227561,888.9949741189778
106.0,167.0,-28.0,-23075.523559642705,-88685.90311719953,-697.4632946453382
106.0,167.0,-23.0,-29186.51082220553,-94177.82739411178,-1762.198072507656
106.0,167.0,-18.0,-38993.12288440964,-100583.22326888621,-1948.852211619428
106.0,167.0,-13.0,-40774.11625929195,-101774.6386070648,490.3723514647857
106.0,167.0,-8.0,-37609.39114318968,-101039.30925407438,765.7876770671505
106.0,167.0,-3.0,-33319.82414329542,-100840.9411662575,2962.2494700216926
106.0,172.0,-28.0,-18488.40982292144,-81282.68001466028,-1175.039173276593
106.0,172.0,-23.0,-30240.952675094155,-89772.9295385177,-2404.954433989237
106.0,172.0,-18.0,-34087.175965695795,-92228.95031744467,-2128.2105257347835
106.0,172.0,-13.0,-37161.56227778745,-94671.57808836694,-939.8528596798968
106.0,172.0,-8.0,-35997.69104017778,-94483.94983590572,1315.8780486663647
106.0,172.0,-3.0,-29864.548604032607,-92949.26913405885,278.93758923237505
106.0,177.0,-28.0,-23439.880369918836,-73204.81191483975,-2091.139403889546
106.0,177.0,-23.0,-27861.59654045208,-78802.38337975065,-2911.6789748316332
106.0,177.0,-18.0,-35314.77746678969,-85593.80345706076,-3237.0129070554135
106.0,177.0,-13.0,-36397.633898643595,-86918.98829701045,76.88713434393233
106.0,177.0,-8.0,-34418.55062314115,-84989.69445552555,351.70128187631593
106.0,177.0,-3.0,-30664.85132566919,-84417.67862072251,2307.646315298642
106.0,182.0,-28.0,-21304.78983053543,-66067.56788970035,-2478.8204668177927
106.0,182.0,-23.0,-31740.627804528085,-75291.7910117002,-3163.7578383376904
106.0,182.0,-18.0,-33393.59351078589,-76767.360178107,-3144.1509911676076
106.0,182.0,-13.0,-35800.16838201128,-78792.48542322995,-1252.476650540833
106.0,182.0,-8.0,-35354.334381138564,-79727.35872700541,1280.2513687918959
106.0,182.0,-3.0,-30405.29576858075,-77612.15695752572,-122.72923510206935
106.0,187.0,-28.0,-25480.307204186505,-63368.99181530691,-2051.3413649435665
106.0,187.0,-23.0,-28678.447222214945,-69287.84673481529,-2975.4359124004395
106.0,187.0,-18.0,-36715.10356050324,-73760.67882056147,-2548.5737218630825
106.0,187.0,-13.0,-37308.6629856469,-74694.85110360902,-449.51405361610654
106.0,187.0,-8.0,-34157.26704835769,-74839.31140394624,-689.8774660038217
106.0,187.0,-3.0,-31642.80169199091,-73999.6375214791,1672.1403249777427
106.0,192.0,-28.0,0.0,0.0,0.0
106.0,192.0,-23.0,0.0,0.0,0.0
106.0,192.0,-18.0,0.0,0.0,0.0
106.0,192.0,-13.0,0.0,0.0,0.0
106.0,192.0,-8.0,0.0,0.0,0.0
106.0,192.0,-3.0,0.0,0.0,0.0
106.0,197.0,-28.0,0.0,0.0,0.0
106.0,197.0,-23.0,0.0,0.0,0.0
106.0,197.0,-18.0,0.0,0.0,0.0
106.0,197.0,-13.0,0.0,0.0,0.0
106.0,197.0,-8.0,0.0,0.0,0.0
106.0,197.0,-3.0,0.0,0.0,0.0
106.0,202.0,-28.0,0.0,0.0,0.0
106.0,202.0,-23.0,0.0,0.0,0.0
106.0,202.0,-18.0,0.0,0.0,0.0
106.0,202.0,-13.0,0.0,0.0,0.0
106.0,202.0,-8.0,0.0,0.0,0.0
106.0,202.0,-3.0,0.0,0.0,0.0
106.0,207.0,-28.0,0.0,0.0,0.0
106.0,207.0,-23.0,0.0,0.0,0.0
106.0,207.0,-18.0,0.0,0.0,0.0
106.0,207.0,-13.0,0.0,0.0,0.0
106.0,207.0,-8.0,0.0,0.0,0.0
106.0,207.0,-3.0,0.0,0.0,0.0
106.0,212.0,-28.0,0.0,0.0,0.0
106.0,212.0,-23.0,0.0,0.0,0.0
106.0,212.0,-18.0,0.0,0.0,0.0
106.0,212.0,-13.0,0.0,0.0,0.0
106.0,212.0,-8.0,0.0,0.0,0.0
106.0,212.0,-3.0,0.0,0.0,0.0
106.0,217.0,-28.0,0.0,0.0,0.0
106.0,217.0,-23.0,0.0,0.0,0.0
106.0,217.0,-18.0,0.0,0.0,0.0
106.0,217.0,-13.0,0.0,0.0,0.0
106.0,217.0,-8.0,0.0,0.0,0.0
106.0,217.0,-3.0,0.0,0.0,0.0
106.0,222.0,-28.0,0.0,0.0,0.0
106.0,222.0,-23.0,0.0,0.0,0.0
106.0,222.0,-18.0,0.0,0.0,0.0
106.0,222.0,-13.0,0.0,0.0,0.0
106.0,222.0,-8.0,0.0,0.0,0.0
106.0,222.0,-3.0,0.0,0.0,0.0
106.0,227.0,-28.0,0.0,0.0,0.0
106.0,227.0,-23.0,0.0,0.0,0.0
106.0,227.0,-18.0,0.0,0.0,0.0
106.0,227.0,-13.0,0.0,0.0,0.0
106.0,227.0,-8.0,0.0,0.0,0.0
106.0,227.0,-3.0,0.0,0.0,0.0
111.0,127.0,-28.0,400.13273998851884,-87112.68521963946,30773.644829239292
111.0,127.0,-23.0,-6256.947309962341,-114237.05055844715,25132.031433875694
111.0,127.0,-18.0,-8414.868866621151,-128623.81034524263,12740.49450429754
111.0,127.0,-13.0,-11547.793320954299,-134715.75364975235,5529.406715228732
111.0,127.0,-8.0,-10547.408391428762,-134057.01804037025,-7723.580102087996
111.0,127.0,-3.0,-6992.648734128368,-119846.25987756299,-20312.32965367256
111.0,132.0,-28.0,-7717.410016683919,-88375.85967089001,18574.55137379986
111.0,132.0,-23.0,-11423.714663836581,-109142.57284351476,19611.19175635145
111.0,132.0,-18.0,-20034.408459148894,-127711.61575994389,11213.217410432935
111.0,132.0,-13.0,-21943.884951161184,-134400.4384911173,1223.6050612650743
111.0,132.0,-8.0,-19722.538070601113,-129563.80445818066,-8597.506866009771
111.0,132.0,-3.0,-15639.345698898796,-115235.95179255994,-13213.51185664685
111.0,137.0,-28.0,-13092.419943673645,-88574.54359269132,7374.540713869563
111.0,137.0,-23.0,-23225.228365998875,-107413.39835833632,11300.54281414189
111.0,137.0,-18.0,-28321.621268431532,-121604.13977359413,8478.509596575243
111.0,137.0,-13.0,-32996.41141149159,-129166.75500661772,-1211.222160402057
111.0,137.0,-8.0,-30220.812414579756,-123165.21317752148,-5978.384722468636
111.0,137.0,-3.0,-23877.808934651493,-111240.1686805445,-3067.5724905154784
111.0,142.0,-28.0,-19797.898910778535,-94259.59724122907,1021.310654555979
111.0,142.0,-23.0,-28179.276536364276,-104510.9806344228,1683.923364414081
111.0,142.0,-18.0,-40188.180495062574,-116424.7363203029,1576.1851278561492
111.0,142.0,-13.0,-43365.62234655237,-121261.27378388155,772.2188702183454
111.0,142.0,-8.0,-39108.416519914106,-117097.57608947498,-1040.4038095666842
111.0,142.0,-3.0,-32820.773064562796,-112574.65630240178,1887.0349603326172
111.0,147.0,-28.0,-23693.040436257495,-93538.34580063378,-2321.699497697189
111.0,147.0,-23.0,-37572.413975831114,-105195.06748863829,-3083.2563726356534
111.0,147.0,-18.0,-44573.54830734916,-110273.14307625405,-1211.9702136338435
111.0,147.0,-13.0,-49343.4159242287,-115425.49743801329,390.59390370010937
111.0,147.0,-8.0,-46386.34747787332,-114698.93478770948,4243.914004442582
111.0,147.0,-3.0,-37208.504559420355,-111659.54124663994,5194.499553129591
111.0,152.0,-28.0,-25582.881869780213,-93518.1644063394,-4255.979042859289
111.0,152.0,-23.0,-36150.3568997216,-100621.00372534718,-4418.934184048813
111.0,152.0,-18.0,-49523.16696400685,-108907.92599824759,-2576.9741457957844
111.0,152.0,-13.0,-53002.61140318639,-112360.50554992366,1045.4011939331442
111.0,152.0,-8.0,-47931.52101065451,-110923.61264733736,3062.2979273275214
111.0,152.0,-3.0,-40341.14589672632,-109332.74954228882,7196.835468452316
111.0,157.0,-28.0,-26063.911772930627,-91001.37168068436,-5001.682223543954
111.0,157.0,-23.0,-40386.5891236113,-100900.91540267954,-6118.788757197094
111.0,157.0,-18.0,-47497.6391171092,-104613.96662823338,-3230.713156795721
111.0,157.0,-13.0,-52319.40701629482,-109108.11102483401,111.4090162251066
111.0,157.0,-8.0,-49369.0267205147,-108783.42614548905,5847.131703528208
111.0,157.0,-3.0,-40076.011101894015,-106950.69799589849,8273.42401976673
111.0,162.0,-28.0,-25168.808502206302,-89098.19438430814,-5890.502867657655
111.0,162.0,-23.0,-35484.64800332444,-95182.46411787116,-5741.895618273959
111.0,162.0,-18.0,-48030.6376640424,-102395.76119644016,-3692.699700529595
111.0,162.0,-13.0,-51203.26114406184,-105407.97879033166,379.75861519539075
111.0,162.0,-8.0,-46599.56870550389,-104314.25635438412,3136.4537956816257
111.0,162.0,-3.0,-38947.06860869544,-103623.47705278316,7889.381392357064
111.0,167.0,-28.0,-24106.87383809846,-83870.37426818917,-5618.382385428677
111.0,167.0,-23.0,-37435.27212148025,-92737.625241388,-6552.391209349741
111.0,167.0,-18.0,-43369.422048002816,-95687.84283797287,-3783.419719025018
111.0,167.0,-13.0,-47613.929135032944,-99789.82183375549,-777.049313161398
111.0,167.0,-8.0,-45128.565162369654,-99827.30876867687,4752.754919483273
111.0,167.0,-3.0,-36677.19498029074,-98308.47993213803,7568.277381083856
111.0,172.0,-28.0,-23336.6860088487,-79285.49059567899,-6187.01074221348
111.0,172.0,-23.0,-32213.218039968426,-84251.81478165598,-5593.786927232879
111.0,172.0,-18.0,-43050.14923767295,-90693.27851226318,-3813.316139944159
111.0,172.0,-13.0,-45529.31944824836,-93373.98047944656,-619.1315832322666
111.0,172.0,-8.0,-41454.745318246794,-92209.9041820224,1727.3001482570733
111.0,172.0,-3.0,-34718.40977499206,-92013.06881454274,6580.821919255003
111.0,177.0,-28.0,-24013.09810072768,-71426.21861800578,-5518.987158732386
111.0,177.0,-23.0,-35268.81707862024,-79875.63949202071,-6646.3554966031315
111.0,177.0,-18.0,-39225.60630337753,-82406.3472793215,-3863.711943192519
111.0,177.0,-13.0,-42534.56618897431,-85811.47642686042,-1473.2499076540253
111.0,177.0,-8.0,-40642.38037218035,-85947.29607290696,3520.6890921818817
111.0,177.0,-3.0,-33938.04389408739,-83577.71483794184,5765.478234144516
111.0,182.0,-28.0,-24947.13535722299,-66838.21559490943,-5667.6274768305275
111.0,182.0,-23.0,-31896.506122507533,-71487.38055364574,-5348.379551681795
111.0,182.0,-18.0,-40689.52095673609,-77871.94102479736,-3956.2851000254736
111.0,182.0,-13.0,-42017.576122434344,-80173.24135415975,-781.181158606905
111.0,182.0,-8.0,-39049.56759723458,-78215.27603698097,726.9473685681353
111.0,182.0,-3.0,-33971.18922173885,-78042.64679733376,4485.422776472046
111.0,187.0,-28.0,-25146.784269837728,-62510.26118134813,-4251.071546009487
111.0,187.0,-23.0,-34241.30259575172,-69808.4708321126,-4475.06076143126
111.0,187.0,-18.0,-37357.724115161756,-71088.59405162772,-2849.686210171713
111.0,187.0,-13.0,-40087.84235604329,-73923.36564941352,-1828.383873258137
111.0,187.0,-8.0,-38424.5242429961,-74632.11068668091,1738.3989771561103
111.0,187.0,-3.0,-33392.9489444619,-73348.90093738133,3426.0663848750037
111.0,192.0,-28.0,-24125.69717729585,-57981.73375202497,-2772.9612634507016
111.0,192.0,-23.0,-28004.81863477222,-62131.60261876266,-1743.0270508413441
111.0,192.0,-18.0,-35415.21002963725,-68456.2050001966,-1319.3326438860543
111.0,192.0,-13.0,-36619.35654871433,-70768.47043044498,-968.3793297464986
111.0,192.0,-8.0,-34089.89750021327,-68167.5604427946,-1223.874593871821
111.0,192.0,-3.0,-30801.658488573696,-68065.68512496709,1455.0479697080582
111.0,197.0,-28.0,-20262.783596948575,-49738.34675141407,1055.280447467702
111.0,197.0,-23.0,-27777.44468517251,-56742.290860185545,166.89436974949115
111.0,197.0,-18.0,-27701.1866814862,-59742.01898253253,-99.8727578952529
111.0,197.0,-13.0,-29475.660808574372,-62423.76547971948,-1198.68537661024
111.0,197.0,-8.0,-30105.044815750054,-60834.74101745399,-548.8568862076378
111.0,197.0,-3.0,-27313.342333453,-58753.99084941658,-1287.71421200227
111.0,202.0,-28.0,-18989.7576268083,-44829.72709829363,2763.1840895696255
111.0,202.0,-23.0,-21029.289098676152,-48481.63510108414,1917.216344330412
111.0,202.0,-18.0,-24238.92456883931,-51677.799279421524,758.8245682127864
111.0,202.0,-13.0,-24684.51370244347,-53583.798299879156,-93.2327164941754
111.0,202.0,-8.0,-25157.706255968023,-52901.8303711949,-2444.5147794250693
111.0,202.0,-3.0,-24372.736770542673,-53054.873060419886,-3119.855302183098
111.0,207.0,-28.0,-16558.119970352524,-37118.176881849395,2541.8866429837294
111.0,207.0,-23.0,-22029.59432892946,-42647.128925622375,2729.0730104973245
111.0,207.0,-18.0,-20879.94919391827,-43784.3352187265,1001.8154334478648
111.0,207.0,-13.0,-22311.652686332658,-45494.75434550591,-498.9945911148065
111.0,207.0,-8.0,-23631.579768524454,-46373.780970888634,-1248.2121596598631
111.0,207.0,-3.0,-21529.056122550744,-45771.09080120509,-3761.0573985072406
111.0,212.0,-28.0,0.0,0.0,0.0
111.0,212.0,-23.0,0.0,0.0,0.0
111.0,212.0,-18.0,0.0,0.0,0.0
111.0,212.0,-13.0,0.0,0.0,0.0
111.0,212.0,-8.0,0.0,0.0,0.0
111.0,212.0,-3.0,0.0,0.0,0.0
111.0,217.0,-28.0,0.0,0.0,0.0
111.0,217.0,-23.0,0.0,0.0,0.0
111.0,217.0,-18.0,0.0,0.0,0.0
111.0,217.0,-13.0,0.0,0.0,0.0
111.0,217.0,-8.0,0.0,0.0,0.0
111.0,217.0,-3.0,0.0,0.0,0.0
111.0,222.0,-28.0,0.0,0.0,0.0
111.0,222.0,-23.0,0.0,0.0,0.0
111.0,222.0,-18.0,0.0,0.0,0.0
111.0,222.0,-13.0,0.0,0.0,0.0
111.0,222.0,-8.0,0.0,0.0,0.0
111.0,222.0,-3.0,0.0,0.0,0.0
111.0,227.0,-28.0,0.0,0.0,0.0
111.0,227.0,-23.0,0.0,0.0,0.0
111.0,227.0,-18.0,0.0,0.0,0.0
111.0,227.0,-13.0,0.0,0.0,0.0
111.0,227.0,-8.0,0.0,0.0,0.0
111.0,227.0,-3.0,0.0,0.0,0.0
116.0,127.0,-28.0,-119.17723315303864,-91343.91443126737,27335.94266173928
116.0,127.0,-23.0,-3532.465426258897,-117120.63126773789,23823.27913158097
116.0,127.0,-18.0,-8738.84065358112,-138325.9381767758,12490.053436097893
116.0,127.0,-13.0,-8805.011567315529,-144483.26767256777,5212.238290986848
116.0,127.0,-8.0,-9975.98172854268,-139636.78512650568,-9975.565432132164
116.0,127.0,-3.0,-5829.117363544356,-125503.70049953979,-16387.155659783486
116.0,132.0,-28.0,-4190.741287518056,-91138.22560638525,15394.167923660203
116.0,132.0,-23.0,-14115.034317207153,-115387.17070919444,15923.670214098665
116.0,132.0,-18.0,-17180.89678428116,-134146.66359008744,11724.776635254482
116.0,132.0,-13.0,-22857.778536687976,-143287.60368630954,696.238317601208
116.0,132.0,-8.0,-19971.82467424057,-135250.2528695253,-6878.601532271806
116.0,132.0,-3.0,-12997.113848459769,-120854.0283442563,-10663.361774065796
116.0,137.0,-28.0,-16833.79423806309,-92810.98555758537,3388.700411139803
116.0,137.0,-23.0,-20855.298140659062,-110104.35811290173,8994.39128529918
116.0,137.0,-18.0,-33048.98239500304,-131621.82960937408,6378.235797787527
116.0,137.0,-13.0,-35339.22435256278,-137893.00699737473,963.0192759922709
116.0,137.0,-8.0,-31135.229377839176,-129600.383463698,-5132.816088935042
116.0,137.0,-3.0,-24504.904969848623,-117035.46360517148,444.92878135377896
116.0,142.0,-28.0,-21174.82163591887,-91567.73605763631,-2967.5123252698
116.0,142.0,-23.0,-35824.84118829057,-111266.51716270417,-1871.1649418329953
116.0,142.0,-18.0,-41490.861694466395,-120765.7681261332,-525.6413364464587
116.0,142.0,-13.0,-46728.53385886143,-126215.87400438482,-406.08151949813015
116.0,142.0,-8.0,-44053.405256324964,-123764.90022881259,3568.892116727079
116.0,142.0,-3.0,-36392.51832351624,-115746.0232920812,3597.72958395176
116.0,147.0,-28.0,-29316.48918520938,-93242.19309180848,-7846.208447884529
116.0,147.0,-23.0,-38106.846420414426,-104754.93548263294,-6486.446389333016
116.0,147.0,-18.0,-52729.42935438965,-116488.0529075392,-3746.4621275148315
116.0,147.0,-13.0,-55787.25125790756,-119263.5355927916,2067.240710410907
116.0,147.0,-8.0,-50039.513036410906,-116796.89182059474,4430.134902442806
116.0,147.0,-3.0,-42453.79937394799,-113980.47246671107,11452.042802534615
116.0,152.0,-28.0,-26776.864119525046,-88070.6519956713,-9617.525804224251
116.0,152.0,-23.0,-45018.99979888325,-104064.16752676693,-9047.275979506454
116.0,152.0,-18.0,-52470.68217421348,-109487.92815252338,-5158.334671946622
116.0,152.0,-13.0,-58291.52565084491,-113380.40645637955,-250.27090522812662
116.0,152.0,-8.0,-54862.272560347,-112724.68658205413,8243.585918175155
116.0,152.0,-3.0,-44133.840453486606,-109204.19261450188,10012.578405439219
116.0,157.0,-28.0,-31795.72656803095,-88608.38113897524,-11101.676520335137
116.0,157.0,-23.0,-41623.25055075075,-97840.16385594425,-9832.911895232413
116.0,157.0,-18.0,-56707.843067826456,-107566.89261258297,-6313.5636999818125
116.0,157.0,-13.0,-59936.30438307044,-109606.51042512593,1786.8124130246329
116.0,157.0,-8.0,-54093.232971632395,-107830.79084676974,6318.653324626746
116.0,157.0,-3.0,-45554.5328033981,-106487.12230060878,14625.830074673626
116.0,162.0,-28.0,-27180.983008802395,-82574.02862367363,-10859.564352520201
116.0,162.0,-23.0,-44609.21172427863,-96726.05476797723,-10646.830799265368
116.0,162.0,-18.0,-52045.016821747915,-100793.35036020436,-6192.231292060339
116.0,162.0,-13.0,-57698.72421074698,-104107.68248126992,-804.2675755651014
116.0,162.0,-8.0,-53936.27950601356,-104043.26545028,8249.573278732056
116.0,162.0,-3.0,-43671.88300902222,-101610.63101830203,10823.023838607081
116.0,167.0,-28.0,-30751.501219300295,-81177.73135522018,-11102.81086600963
116.0,167.0,-23.0,-39424.5126582784,-88926.86781749087,-9881.19818745882
116.0,167.0,-18.0,-53287.00427509362,-97383.72534932714,-6600.473573164744
116.0,167.0,-13.0,-55934.53611332439,-98971.59847836102,816.3407463195704
116.0,167.0,-8.0,-50601.255850623835,-97648.0951171799,5033.117117637717
116.0,167.0,-3.0,-42997.719694631334,-96984.11052297556,13371.841466596452
116.0,172.0,-28.0,-25713.465074200303,-73188.40221565469,-9930.071909004095
116.0,172.0,-23.0,-41254.31503377337,-85779.57235918564,-9848.17384710335
116.0,172.0,-18.0,-47600.618371794226,-88838.95102437075,-5850.918136837356
116.0,172.0,-13.0,-52405.110204615405,-91700.52376010202,-1623.1654953380726
116.0,172.0,-8.0,-49002.07045334021,-91831.79996897692,6165.536578226546
116.0,172.0,-3.0,-39992.27827358171,-89748.577255218,8805.225156808221
116.0,177.0,-28.0,-29671.10041969763,-70952.91446350444,-10311.012458341882
116.0,177.0,-23.0,-36423.030825415495,-77384.02742285834,-8546.548437188087
116.0,177.0,-18.0,-48157.587754297805,-84276.21829367887,-5793.333512077255
116.0,177.0,-13.0,-50085.4077239357,-85401.17774600816,-164.20751733885075
116.0,177.0,-8.0,-45506.66196211264,-84218.2299699787,3099.180462749261
116.0,177.0,-3.0,-39116.00843388743,-84285.39268053303,10756.983867343146
116.0,182.0,-28.0,-25634.46141461724,-62399.4560153502,-8183.565538247229
116.0,182.0,-23.0,-39269.39087410709,-74425.45643101439,-8077.483733672464
116.0,182.0,-18.0,-43348.56057158853,-76912.56847241947,-4789.052479442668
116.0,182.0,-13.0,-47158.62782762102,-78788.63218008059,-2009.5402774039726
116.0,182.0,-8.0,-44565.18960277377,-78881.25308643574,4194.071902651185
116.0,182.0,-3.0,-37515.80291195253,-76103.57964420608,5630.011202358211
116.0,187.0,-28.0,-30436.76006878531,-60863.63738093803,-6638.5745308183
116.0,187.0,-23.0,-34503.9553926473,-66593.46197799519,-5680.078632192329
116.0,187.0,-18.0,-44083.68450203924,-73718.47368522821,-4121.726400287915
116.0,187.0,-13.0,-45203.185196845516,-74517.29028524851,-121.70618098357586
116.0,187.0,-8.0,-41505.47665754556,-71995.2096273825,1072.7127683284377
116.0,187.0,-3.0,-37569.19282735218,-71728.73519169062,6155.715647118805
116.0,192.0,-28.0,-25133.37969963419,-52840.53041334831,-3504.107581425472
116.0,192.0,-23.0,-35108.55401900126,-63383.26417953991,-3282.004946150929
116.0,192.0,-18.0,-36695.03054831926,-66637.98263362967,-1847.0164011312959
116.0,192.0,-13.0,-40180.99100536242,-68250.6173080754,-1731.478476184065
116.0,192.0,-8.0,-38398.77060748467,-67353.05172381132,1265.6517597840407
116.0,192.0,-3.0,-33625.37367312252,-63692.11993062663,1600.8530959849459
116.0,197.0,-28.0,-25389.818498047247,-48512.74812274791,-329.4061696145532
116.0,197.0,-23.0,-27752.848869123343,-53388.98083470984,-573.0384886401654
116.0,197.0,-18.0,-34463.143085412776,-59045.99701306563,-163.28661387961762
116.0,197.0,-13.0,-34868.98868755863,-59517.36765324004,-202.77179743012138
116.0,197.0,-8.0,-32776.56147618993,-57288.626993487174,-1090.0248769155598
116.0,197.0,-3.0,-30317.949025860442,-57126.39966701106,349.6721398016508
116.0,202.0,-28.0,-20258.05405507981,-40926.39156813048,1483.749017896726
116.0,202.0,-23.0,-27444.279173886647,-47854.53346626478,1717.080191908489
116.0,202.0,-18.0,-27261.256210816882,-49165.35969771634,348.244435235859
116.0,202.0,-13.0,-29006.09347733502,-50246.22920640375,-909.4370762699948
116.0,202.0,-8.0,-29597.055451022938,-50515.49315201903,-1520.3120025207008
116.0,202.0,-3.0,-26698.51196650919,-49024.88313547511,-3232.5769029125554
116.0,207.0,-28.0,-22517.616415488006,-36556.67268936829,2143.000177787779
116.0,207.0,-23.0,-23446.270420583154,-39949.31614976054,1779.4415556149372
116.0,207.0,-18.0,-27280.449075569904,-42192.56596907508,949.2259788046672
116.0,207.0,-13.0,-27648.363838495396,-42936.56191945034,-223.68431368287338
116.0,207.0,-8.0,-26742.478817522606,-43095.27323877668,-2332.676190047523
116.0,207.0,-3.0,-25676.277896282776,-43523.28510911662,-2879.962347905496
116.0,212.0,-28.0,-20458.3206767174,-30119.01010315697,1647.2761520472645
116.0,212.0,-23.0,-24816.81637227328,-34924.90016296234,2485.5855144863685
116.0,212.0,-18.0,-26282.665588496475,-37082.26026116229,1444.7952672881092
116.0,212.0,-13.0,-27483.976083283847,-37825.83459759064,-973.8681640228152
116.0,212.0,-8.0,-26752.45582990598,-37013.723362060824,-2179.0580816108154
116.0,212.0,-3.0,-25201.263391290417,-36724.57685342715,-3541.5665570109045
116.0,217.0,-28.0,0.0,0.0,0.0
116.0,217.0,-23.0,0.0,0.0,0.0
116.0,217.0,-18.0,0.0,0.0,0.0
116.0,217.0,-13.0,0.0,0.0,0.0
116.0,217.0,-8.0,0.0,0.0,0.0
116.0,217.0,-3.0,0.0,0.0,0.0
116.0,222.0,-28.0,0.0,0.0,0.0
116.0,222.0,-23.0,0.0,0.0,0.0
116.0,222.0,-18.0,0.0,0.0,0.0
116.0,222.0,-13.0,0.0,0.0,0.0
116.0,222.0,-8.0,0.0,0.0,0.0
116.0,222.0,-3.0,0.0,0.0,0.0
116.0,227.0,-28.0,0.0,0.0,0.0
116.0,227.0,-23.0,0.0,0.0,0.0
116.0,227.0,-18.0,0.0,0.0,0.0
116.0,227.0,-13.0,0.0,0.0,0.0
116.0,227.0,-8.0,0.0,0.0,0.0
116.0,227.0,-3.0,0.0,0.0,0.0
121.0,127.0,-28.0,2556.060211017935,-96414.89353597004,23055.474559491704
121.0,127.0,-23.0,-5647.800936102861,-123517.3335896511,20144.672126261343
121.0,127.0,-18.0,-5583.255674969145,-142993.39166206945,12121.734910390227
121.0,127.0,-13.0,-6861.927655609217,-153796.74729266716,2621.1968051020053
121.0,127.0,-8.0,-7632.599959091025,-148146.81804791256,-6951.028373361616
121.0,127.0,-3.0,-4268.412061650613,-131069.28563068353,-13499.9356189416
121.0,132.0,-28.0,-7636.80996823544,-99184.51281299598,11152.160145162137
121.0,132.0,-23.0,-11946.830954945493,-118483.67386276537,13706.606100346453
121.0,132.0,-18.0,-19081.66657954507,-139808.97023865592,8480.4021713666
121.0,132.0,-13.0,-19564.811701567356,-149499.11442997665,627.648979878817
121.0,132.0,-8.0,-19442.854716583206,-141838.428110072,-7251.766884903535
121.0,132.0,-3.0,-15225.345365354378,-129041.20136795814,-4936.893225521623
121.0,137.0,-28.0,-15864.974656926277,-95450.06234632696,1503.9258919485617
121.0,137.0,-23.0,-26561.39943459811,-116507.96404085441,4716.624294643402
121.0,137.0,-18.0,-31058.60567564101,-133995.22111835625,4428.313376546186
121.0,137.0,-13.0,-35235.19304331552,-145100.15648015635,-1189.156632093467
121.0,137.0,-8.0,-32300.6945827272,-137241.7460945434,-1921.8757350880096
121.0,137.0,-3.0,-28276.61587855459,-125016.49256539087,2070.620620425831
121.0,142.0,-28.0,-29576.471075680765,-96253.9273616863,-6879.906848949482
121.0,142.0,-23.0,-36477.980688596166,-109974.77274009923,-5191.461356986141
121.0,142.0,-18.0,-48808.44528923933,-125343.50785390058,-2954.278415383694
121.0,142.0,-13.0,-51529.73294365918,-131973.7431695228,1013.9009028170592
121.0,142.0,-8.0,-47334.26423276715,-127801.8137786276,2851.1340106258167
121.0,142.0,-3.0,-43166.9505576965,-123128.28387100079,8839.265146287975
121.0,147.0,-28.0,-32338.720784501944,-91637.26077811312,-13589.791670436492
121.0,147.0,-23.0,-47553.986454531165,-106535.40284730449,-11671.378347103397
121.0,147.0,-18.0,-54558.70075791344,-114528.67727058251,-6639.208022566289
121.0,147.0,-13.0,-59464.21683347903,-121657.13774442926,-39.12605962561616
121.0,147.0,-8.0,-56760.38211117521,-120259.49965743699,10463.573981466434
121.0,147.0,-3.0,-49236.337565563495,-116181.673988839,15053.438347581225
121.0,152.0,-28.0,-36363.36707153545,-89192.4811286557,-15280.036421390952
121.0,152.0,-23.0,-45722.71491154744,-98754.92686556531,-13488.975218285967
121.0,152.0,-18.0,-60788.08271904977,-109696.86720327157,-8554.877817878083
121.0,152.0,-13.0,-64403.36581817364,-114730.92074054401,1453.4329588448863
121.0,152.0,-8.0,-58777.781261800934,-112243.91766862498,8412.578534424836
121.0,152.0,-3.0,-52986.11993875992,-110373.01846043815,16811.215995950126
121.0,157.0,-28.0,-35376.36659827993,-84672.77934863606,-17380.22259104011
121.0,157.0,-23.0,-51155.947138277385,-96946.63487065074,-15688.68265199929
121.0,157.0,-18.0,-59357.34673452055,-102336.74404851568,-9347.128330199426
121.0,157.0,-13.0,-64889.64569346578,-108351.42662841361,-33.819692572416294
121.0,157.0,-8.0,-61332.3820060388,-108008.29547561026,12738.273593247077
121.0,157.0,-3.0,-53285.12023077272,-105549.68936263736,18599.301296280013
121.0,162.0,-28.0,-36996.985392951006,-82252.95247884492,-16366.125084815336
121.0,162.0,-23.0,-45968.63247274885,-89819.63660132607,-14688.033134721269
121.0,162.0,-18.0,-60823.65107274318,-98869.85447034864,-9912.873741563324
121.0,162.0,-13.0,-64696.25164119026,-103128.53909626651,1109.6585434188062
121.0,162.0,-8.0,-58885.6667325154,-101234.82340363589,8720.319816649095
121.0,162.0,-3.0,-53081.63198947114,-100591.32580778793,17048.733437149014
121.0,167.0,-28.0,-34627.74844483357,-76792.96577007353,-16635.945200510123
121.0,167.0,-23.0,-49060.9454085413,-87293.80331406885,-15267.205673638133
121.0,167.0,-18.0,-56860.85113655186,-91344.70380194987,-9396.063159049783
121.0,167.0,-13.0,-62186.2903008231,-96371.01352422267,-583.9261976048504
121.0,167.0,-8.0,-58133.35373433496,-96541.99255579808,11329.120817439663
121.0,167.0,-3.0,-50742.288797679896,-95133.86912294893,16507.48631783333
121.0,172.0,-28.0,-35156.99712662741,-72834.95712968422,-14384.136068836435
121.0,172.0,-23.0,-42863.52681298223,-79176.46706100514,-13155.702398042977
121.0,172.0,-18.0,-56205.41789542414,-86722.94625198109,-9256.261356472392
121.0,172.0,-13.0,-59506.20785580153,-90289.80385696283,290.85384683248446
121.0,172.0,-8.0,-54120.79967488236,-88814.16177549335,6644.778228333727
121.0,172.0,-3.0,-49162.35603818685,-88464.81967818165,13649.06214020561
121.0,177.0,-28.0,-32813.966069359885,-67426.25351073711,-14214.0916198784
121.0,177.0,-23.0,-45078.22702683698,-75983.68631570891,-12958.007624763775
121.0,177.0,-18.0,-51444.92564862545,-79009.51334315927,-8237.942966109853
121.0,177.0,-13.0,-55961.82882635569,-83013.58765534157,-1297.1190465997254
121.0,177.0,-8.0,-52223.874101197354,-83497.84364533359,8485.774422216224
121.0,177.0,-3.0,-46011.74367084932,-82689.78023985549,12591.294719013276
121.0,182.0,-28.0,-33616.31612291148,-64278.45685662364,-10949.457268279744
121.0,182.0,-23.0,-39363.44206807279,-69176.83820198188,-10091.795020758685
121.0,182.0,-18.0,-50324.579486403956,-75035.72389103047,-7486.674985242648
121.0,182.0,-13.0,-52601.18780938533,-77742.20441838284,-252.22095785881115
121.0,182.0,-8.0,-48475.94328782993,-76456.11687772584,4090.541609535593
121.0,182.0,-3.0,-44697.22980414955,-76635.70490447184,9316.966133238762
121.0,187.0,-28.0,-31522.73907933381,-57966.76056647965,-8935.482564298736
121.0,187.0,-23.0,-41584.66423565292,-65956.95081227037,-7609.208817998298
121.0,187.0,-18.0,-44832.69778852383,-68229.26385193397,-5311.044467672357
121.0,187.0,-13.0,-48478.81029440167,-71383.97324534734,-1297.3426748487352
121.0,187.0,-8.0,-46275.74661778709,-71028.84020819083,4751.891360950245
121.0,187.0,-3.0,-41247.43841072977,-68761.86204989719,6848.114576112318
121.0,192.0,-28.0,-31288.23814428516,-53328.64375744167,-3735.1380292826457
121.0,192.0,-23.0,-33706.883921910005,-57186.58955497006,-3832.761264008655
121.0,192.0,-18.0,-41996.04073430004,-62470.130406670694,-2750.764075066096
121.0,192.0,-13.0,-43746.44291885669,-64402.020795423996,-321.2529406198248
121.0,192.0,-8.0,-40354.56543020355,-61919.04346116047,564.0178938326458
121.0,192.0,-3.0,-37999.00091042464,-62068.58561596167,2215.4808804325794
121.0,197.0,-28.0,-27402.378109113928,-46611.881036724044,-1451.2558898232705
121.0,197.0,-23.0,-32792.46141578306,-51870.24817687797,-1048.5742030005947
121.0,197.0,-18.0,-34978.17383164276,-52354.47895853039,-995.3854102369138
121.0,197.0,-13.0,-37567.25568492479,-54191.65650000382,-511.38090866723013
121.0,197.0,-8.0,-35697.154372394965,-55378.683941477495,276.57493754616456
121.0,197.0,-3.0,-33122.537352225656,-54879.19167186901,157.97120726668587
121.0,202.0,-28.0,-25918.284109712447,-39009.7395896167,424.20008361539755
121.0,202.0,-23.0,-27418.03935880427,-42796.460775680134,642.6831926997205
121.0,202.0,-18.0,-32735.063884630483,-45975.09879820589,857.8885697202726
121.0,202.0,-13.0,-33281.65468966702,-47070.387523225,-1059.9131696319023
121.0,202.0,-8.0,-31258.527235492238,-46335.2359909355,-2454.4647273821956
121.0,202.0,-3.0,-30435.712916698747,-45839.133687946545,-1444.7067741405556
121.0,207.0,-28.0,-24350.991421343933,-33483.92066095033,666.1035133458249
121.0,207.0,-23.0,-28459.062321669593,-36979.335470176404,1466.6518098487866
121.0,207.0,-18.0,-29485.217960176207,-38488.6316154738,884.9590144299412
121.0,207.0,-13.0,-31091.436693245443,-39663.792105205874,-972.3643924791262
121.0,207.0,-8.0,-30548.391266904255,-39450.25142032539,-2112.4043611034763
121.0,207.0,-3.0,-28611.968565122814,-38943.53835404593,-2145.569570301608
121.0,212.0,-28.0,-24956.41725259231,-29762.209823935587,1835.4451837925596
121.0,212.0,-23.0,-25868.74269367195,-32345.540888024138,1779.462671497955
121.0,212.0,-18.0,-29281.21269384853,-33643.36542022155,943.2735022152731
121.0,212.0,-13.0,-30045.13718780851,-34989.85441852028,-464.7133386632753
121.0,212.0,-8.0,-29201.80759085393,-34731.116922509354,-2526.7453856169777
121.0,212.0,-3.0,-28329.616583568288,-34904.73335727067,-3235.6819926591065
121.0,217.0,-28.0,-22914.672044729177,-26230.190573777567,2075.692515867306
121.0,217.0,-23.0,-26543.530780263372,-28776.92333985389,2647.0188132599883
121.0,217.0,-18.0,-26424.819129240695,-29277.165442280526,1719.6202378349192
121.0,217.0,-13.0,-27728.81701540826,-30262.3504289917,-662.6393055540188
121.0,217.0,-8.0,-27783.056085633467,-30744.321122622267,-2388.4976332099322
121.0,217.0,-3.0,-26091.562127130208,-31251.273661609568,-3680.4440137680126
121.0,222.0,-28.0,0.0,0.0,0.0
121.0,222.0,-23.0,0.0,0.0,0.0
121.0,222.0,-18.0,0.0,0.0,0.0
121.0,222.0,-13.0,0.0,0.0,0.0
121.0,222.0,-8.0,0.0,0.0,0.0
121.0,222.0,-3.0,0.0,0.0,0.0
121.0,227.0,-28.0,0.0,0.0,0.0
121.0,227.0,-23.0,0.0,0.0,0.0
121.0,227.0,-18.0,0.0,0.0,0.0
121.0,227.0,-13.0,0.0,0.0,0.0
121.0,227.0,-8.0,0.0,0.0,0.0
121.0,227.0,-3.0,0.0,0.0,0.0
126.0,127.0,-28.0,0.0,0.0,0.0
126.0,127.0,-23.0,0.0,0.0,0.0
126.0,127.0,-18.0,0.0,0.0,0.0
126.0,127.0,-13.0,0.0,0.0,0.0
126.0,127.0,-8.0,0.0,0.0,0.0
126.0,127.0,-3.0,0.0,0.0,0.0
126.0,132.0,-28.0,0.0,0.0,0.0
126.0,132.0,-23.0,0.0,0.0,0.0
126.0,132.0,-18.0,0.0,0.0,0.0
126.0,132.0,-13.0,0.0,0.0,0.0
126.0,132.0,-8.0,0.0,0.0,0.0
126.0,132.0,-3.0,0.0,0.0,0.0
126.0,137.0,-28.0,0.0,0.0,0.0
126.0,137.0,-23.0,0.0,0.0,0.0
126.0,137.0,-18.0,0.0,0.0,0.0
126.0,137.0,-13.0,0.0,0.0,0.0
126.0,137.0,-8.0,0.0,0.0,0.0
126.0,137.0,-3.0,0.0,0.0,0.0
126.0,142.0,-28.0,0.0,0.0,0.0
126.0,142.0,-23.0,0.0,0.0,0.0
126.0,142.0,-18.0,0.0,0.0,0.0
126.0,142.0,-13.0,0.0,0.0,0.0
126.0,142.0,-8.0,0.0,0.0,0.0
126.0,142.0,-3.0,0.0,0.0,0.0
126.0,147.0,-28.0,0.0,0.0,0.0
126.0,147.0,-23.0,0.0,0.0,0.0
126.0,147.0,-18.0,0.0,0.0,0.0
126.0,147.0,-13.0,0.0,0.0,0.0
126.0,147.0,-8.0,0.0,0.0,0.0
126.0,147.0,-3.0,0.0,0.0,0.0
126.0,152.0,-28.0,0.0,0.0,0.0
126.0,152.0,-23.0,0.0,0.0,0.0
126.0,152.0,-18.0,0.0,0.0,0.0
126.0,152.0,-13.0,0.0,0.0,0.0
126.0,152.0,-8.0,0.0,0.0,0.0
126.0,152.0,-3.0,0.0,0.0,0.0
126.0,157.0,-28.0,0.0,0.0,0.0
126.0,157.0,-23.0,0.0,0.0,0.0
126.0,157.0,-18.0,0.0,0.0,0.0
126.0,157.0,-13.0,0.0,0.0,0.0
126.0,157.0,-8.0,0.0,0.0,0.0
126.0,157.0,-3.0,0.0,0.0,0.0
126.0,162.0,-28.0,0.0,0.0,0.0
126.0,162.0,-23.0,0.0,0.0,0.0
126.0,162.0,-18.0,0.0,0.0,0.0
126.0,162.0,-13.0,0.0,0.0,0.0
126.0,162.0,-8.0,0.0,0.0,0.0
126.0,162.0,-3.0,0.0,0.0,0.0
126.0,167.0,-28.0,0.0,0.0,0.0
126.0,167.0,-23.0,0.0,0.0,0.0
126.0,167.0,-18.0,0.0,0.0,0.0
126.0,167.0,-13.0,0.0,0.0,0.0
126.0,167.0,-8.0,0.0,0.0,0.0
126.0,167.0,-3.0,0.0,0.0,0.0
126.0,172.0,-28.0,0.0,0.0,0.0
126.0,172.0,-23.0,0.0,0.0,0.0
126.0,172.0,-18.0,0.0,0.0,0.0
126.0,172.0,-13.0,0.0,0.0,0.0
126.0,172.0,-8.0,0.0,0.0,0.0
126.0,172.0,-3.0,0.0,0.0,0.0
126.0,177.0,-28.0,0.0,0.0,0.0
126.0,177.0,-23.0,0.0,0.0,0.0
126.0,177.0,-18.0,0.0,0.0,0.0
126.0,177.0,-13.0,0.0,0.0,0.0
126.0,177.0,-8.0,0.0,0.0,0.0
126.0,177.0,-3.0,0.0,0.0,0.0
126.0,182.0,-28.0,0.0,0.0,0.0
126.0,182.0,-23.0,0.0,0.0,0.0
126.0,182.0,-18.0,0.0,0.0,0.0
126.0,182.0,-13.0,0.0,0.0,0.0
126.0,182.0,-8.0,0.0,0.0,0.0
126.0,182.0,-3.0,0.0,0.0,0.0
126.0,187.0,-28.0,0.0,0.0,0.0
126.0,187.0,-23.0,0.0,0.0,0.0
126.0,187.0,-18.0,0.0,0.0,0.0
126.0,187.0,-13.0,0.0,0.0,0.0
126.0,187.0,-8.0,0.0,0.0,0.0
126.0,187.0,-3.0,0.0,0.0,0.0
126.0,192.0,-28.0,0.0,0.0,0.0
126.0,192.0,-23.0,0.0,0.0,0.0
126.0,192.0,-18.0,0.0,0.0,0.0
126.0,192.0,-13.0,0.0,0.0,0.0
126.0,192.0,-8.0,0.0,0.0,0.0
126.0,192.0,-3.0,0.0,0.0,0.0
126.0,197.0,-28.0,-30832.891069067082,-41878.46929309232,-1546.4504873649603
126.0,197.0,-23.0,-33802.28360099108,-45850.03449569867,-1352.5240167513655
126.0,197.0,-18.0,-39464.3280826135,-48131.88460278503,-584.9278388813758
126.0,197.0,-13.0,-39656.032935961906,-48048.30885799128,-223.5963092582637
126.0,197.0,-8.0,-37987.56856425394,-48683.63504086363,-939.0627139225409
126.0,197.0,-3.0,-35673.971556426855,-49213.66181841504,1485.445544808101
126.0,202.0,-28.0,-27465.11038133963,-34316.93831235486,-81.34806195259408
126.0,202.0,-23.0,-34149.89448595839,-40239.51317312786,-207.92408475746066
126.0,202.0,-18.0,-34216.112245088276,-40524.32535820657,221.3132523414402
126.0,202.0,-13.0,-35803.74601880984,-41035.920898597295,-990.8510003334271
126.0,202.0,-8.0,-35540.92724746515,-41770.831065084094,-1087.6418500340753
126.0,202.0,-3.0,-32970.59737874292,-41271.33207622462,-1995.8854209632232
126.0,207.0,-28.0,-29294.833174009476,-30446.900896158295,163.16678622199316
126.0,207.0,-23.0,-30064.26445622918,-33565.65003941601,1077.0253699688576
126.0,207.0,-18.0,-33961.71062929425,-36483.69827517502,849.3782611089545
126.0,207.0,-13.0,-34220.249841558085,-37003.69431954241,-985.0724595026921
126.0,207.0,-8.0,-32958.612875543164,-35662.759172552585,-2541.684818951925
126.0,207.0,-3.0,-32281.749278620402,-35346.55501098039,-1576.02714382051
126.0,212.0,-28.0,-26474.4370388455,-27573.41498463134,1275.5163858336068
126.0,212.0,-23.0,-29457.489523712036,-29637.27647832845,1881.766977757512
126.0,212.0,-18.0,-30129.502888451294,-30411.02229647454,1089.002424738411
126.0,212.0,-13.0,-31691.304733326255,-30797.053621411796,-1109.8086615552056
126.0,212.0,-8.0,-31182.74435944484,-31220.610159180214,-2492.662415166134
126.0,212.0,-3.0,-29812.26574799556,-31582.21103342438,-3625.034594473242
126.0,217.0,-28.0,-24897.24457381049,-22483.202842830724,1883.8930566811077
126.0,217.0,-23.0,-25909.853565327045,-24201.6933649398,2319.5504936294524
126.0,217.0,-18.0,-28505.19339744042,-25707.59630643102,1386.4022946250898
126.0,217.0,-13.0,-28769.12154568936,-26166.185701297527,-199.36649985099612
126.0,217.0,-8.0,-28243.907984418373,-25596.42311744327,-2727.406297324773
126.0,217.0,-3.0,-27619.55614756937,-25972.025410574162,-2972.1296271969595
126.0,222.0,-28.0,-19574.073769795992,-17285.325358222126,3217.2400632981057
126.0,222.0,-23.0,-23642.982157138435,-19893.44433957375,3723.563761488468
126.0,222.0,-18.0,-24546.81294635704,-20241.277120520277,2229.821941773315
126.0,222.0,-13.0,-25070.192778175602,-20313.10905451133,-712.2505480509368
126.0,222.0,-8.0,-24821.739679826795,-20100.710802193164,-2828.3962595895205
126.0,222.0,-3.0,-23099.459102859255,-20592.198288500622,-4675.133275532224
126.0,227.0,-28.0,0.0,0.0,0.0
126.0,227.0,-23.0,0.0,0.0,0.0
126.0,227.0,-18.0,0.0,0.0,0.0
126.0,227.0,-13.0,0.0,0.0,0.0
126.0,227.0,-8.0,0.0,0.0,0.0
126.0,227.0,-3.0,0.0,0.0,0.0
131.0,127.0,-28.0,0.0,0.0,0.0
131.0,127.0,-23.0,0.0,0.0,0.0
131.0,127.0,-18.0,0.0,0.0,0.0
131.0,127.0,-13.0,0.0,0.0,0.0
131.0,127.0,-8.0,0.0,0.0,0.0
131.0,127.0,-3.0,0.0,0.0,0.0
131.0,132.0,-28.0,0.0,0.0,0.0
131.0,132.0,-23.0,0.0,0.0,0.0
131.0,132.0,-18.0,0.0,0.0,0.0
131.0,132.0,-13.0,0.0,0.0,0.0
131.0,132.0,-8.0,0.0,0.0,0.0
131.0,132.0,-3.0,0.0,0.0,0.0
131.0,137.0,-28.0,0.0,0.0,0.0
131.0,137.0,-23.0,0.0,0.0,0.0
131.0,137.0,-18.0,0.0,0.0,0.0
131.0,137.0,-13.0,0.0,0.0,0.0
131.0,137.0,-8.0,0.0,0.0,0.0
131.0,137.0,-3.0,0.0,0.0,0.0
131.0,142.0,-28.0,0.0,0.0,0.0
131.0,142.0,-23.0,0.0,0.0,0.0
131.0,142.0,-18.0,0.0,0.0,0.0
131.0,142.0,-13.0,0.0,0.0,0.0
131.0,142.0,-8.0,0.0,0.0,0.0
131.0,142.0,-3.0,0.0,0.0,0.0
131.0,147.0,-28.0,0.0,0.0,0.0
131.0,147.0,-23.0,0.0,0.0,0.0
131.0,147.0,-18.0,0.0,0.0,0.0
131.0,147.0,-13.0,0.0,0.0,0.0
131.0,147.0,-8.0,0.0,0.0,0.0
131.0,147.0,-3.0,0.0,0.0,0.0
131.0,152.0,-28.0,0.0,0.0,0.0
131.0,152.0,-23.0,0.0,0.0,0.0
131.0,152.0,-18.0,0.0,0.0,0.0
131.0,152.0,-13.0,0.0,0.0,0.0
131.0,152.0,-8.0,0.0,0.0,0.0
131.0,152.0,-3.0,0.0,0.0,0.0
131.0,157.0,-28.0,0.0,0.0,0.0
131.0,157.0,-23.0,0.0,0.0,0.0
131.0,157.0,-18.0,0.0,0.0,0.0
131.0,157.0,-13.0,0.0,0.0,0.0
131.0,157.0,-8.0,0.0,0.0,0.0
131.0,157.0,-3.0,0.0,0.0,0.0
131.0,162.0,-28.0,0.0,0.0,0.0
131.0,162.0,-23.0,0.0,0.0,0.0
131.0,162.0,-18.0,0.0,0.0,0.0
131.0,162.0,-13.0,0.0,0.0,0.0
131.0,162.0,-8.0,0.0,0.0,0.0
131.0,162.0,-3.0,0.0,0.0,0.0
131.0,167.0,-28.0,0.0,0.0,0.0
131.0,167.0,-23.0,0.0,0.0,0.0
131.0,167.0,-18.0,0.0,0.0,0.0
131.0,167.0,-13.0,0.0,0.0,0.0
131.0,167.0,-8.0,0.0,0.0,0.0
131.0,167.0,-3.0,0.0,0.0,0.0
131.0,172.0,-28.0,0.0,0.0,0.0
131.0,172.0,-23.0,0.0,0.0,0.0
131.0,172.0,-18.0,0.0,0.0,0.0
131.0,172.0,-13.0,0.0,0.0,0.0
131.0,172.0,-8.0,0.0,0.0,0.0
131.0,172.0,-3.0,0.0,0.0,0.0
131.0,177.0,-28.0,0.0,0.0,0.0
131.0,177.0,-23.0,0.0,0.0,0.0
131.0,177.0,-18.0,0.0,0.0,0.0
131.0,177.0,-13.0,0.0,0.0,0.0
131.0,177.0,-8.0,0.0,0.0,0.0
131.0,177.0,-3.0,0.0,0.0,0.0
131.0,182.0,-28.0,0.0,0.0,0.0
131.0,182.0,-23.0,0.0,0.0,0.0
131.0,182.0,-18.0,0.0,0.0,0.0
131.0,182.0,-13.0,0.0,0.0,0.0
131.0,182.0,-8.0,0.0,0.0,0.0
131.0,182.0,-3.0,0.0,0.0,0.0
131.0,187.0,-28.0,0.0,0.0,0.0
131.0,187.0,-23.0,0.0,0.0,0.0
131.0,187.0,-18.0,0.0,0.0,0.0
131.0,187.0,-13.0,0.0,0.0,0.0
131.0,187.0,-8.0,0.0,0.0,0.0
131.0,187.0,-3.0,0.0,0.0,0.0
131.0,192.0,-28.0,0.0,0.0,0.0
131.0,192.0,-23.0,0.0,0.0,0.0
131.0,192.0,-18.0,0.0,0.0,0.0
131.0,192.0,-13.0,0.0,0.0,0.0
131.0,192.0,-8.0,0.0,0.0,0.0
131.0,192.0,-3.0,0.0,0.0,0.0
131.0,197.0,-28.0,0.0,0.0,0.0
131.0,197.0,-23.0,0.0,0.0,0.0
131.0,197.0,-18.0,0.0,0.0,0.0
131.0,197.0,-13.0,0.0,0.0,0.0
131.0,197.0,-8.0,0.0,0.0,0.0
131.0,197.0,-3.0,0.0,0.0,0.0
131.0,202.0,-28.0,0.0,0.0,0.0
131.0,202.0,-23.0,0.0,0.0,0.0
131.0,202.0,-18.0,0.0,0.0,0.0
131.0,202.0,-13.0,0.0,0.0,0.0
131.0,202.0,-8.0,0.0,0.0,0.0
131.0,202.0,-3.0,0.0,0.0,0.0
131.0,207.0,-28.0,-28537.51001641344,-25019.578530883544,-29.15683989516716
131.0,207.0,-23.0,-34288.50720293975,-29663.978411956305,1310.0622827228678
131.0,207.0,-18.0,-34151.86757465771,-30648.343084070515,313.3977907270181
131.0,207.0,-13.0,-35403.61543031261,-31493.40158153881,-885.1741065829209
131.0,207.0,-8.0,-35287.95398745612,-31062.83731442484,-2193.707025914168
131.0,207.0,-3.0,-33364.55026462909,-29041.271600291395,-2676.9359578654335
131.0,212.0,-28.0,-28832.887812922203,-21286.302554531456,1206.9718134439581
131.0,212.0,-23.0,-29732.111847677734,-23344.98799486423,1681.6491871727749
131.0,212.0,-18.0,-32885.78591987201,-24156.683905629423,1034.7503741548028
131.0,212.0,-13.0,-33676.82798204601,-24468.921320645775,-726.1103124522123
131.0,212.0,-8.0,-32206.22236656882,-24165.279832498214,-2694.4584648012383
131.0,212.0,-3.0,-31152.45939978738,-24907.909244838516,-3127.9365225432616
131.0,217.0,-28.0,-24536.334093913363,-17187.047219465054,1737.1323075191353
131.0,217.0,-23.0,-27649.28930540602,-18913.419822520264,2568.632940424462
131.0,217.0,-18.0,-28574.497396266812,-19278.506306125342,1887.8939582865296
131.0,217.0,-13.0,-29556.902384651537,-19471.50477572654,-803.6524126203446
131.0,217.0,-8.0,-29149.371481706912,-19554.177201391216,-2465.8402872039387
131.0,217.0,-3.0,-27772.56459633824,-19574.0203683953,-3427.0101082562783
131.0,222.0,-28.0,-22500.212086435335,-13418.77423566213,3269.876407827044
131.0,222.0,-23.0,-23953.986794921457,-14160.945054311505,3338.2820532466294
131.0,222.0,-18.0,-25205.299738528967,-14287.459846118636,1671.1077194620502
131.0,222.0,-13.0,-25242.63532091544,-14798.5641909399,-255.87755766216725
131.0,222.0,-8.0,-25496.19784839816,-14656.002397599601,-2690.9492289713326
131.0,222.0,-3.0,-24964.3458849011,-14979.085952794672,-3638.8319754307163
131.0,227.0,-28.0,-19858.692790824698,-11074.015494173236,3903.4507253913616
131.0,227.0,-23.0,-21652.83699123979,-10386.7018752458,3960.0909904167092
131.0,227.0,-18.0,-21847.580547241316,-9619.502734926993,2205.2959360940145
131.0,227.0,-13.0,-22448.841729502226,-9945.050396290642,-328.0851722177909
131.0,227.0,-8.0,-22560.669956290865,-10628.755388251806,-2782.513281370485
131.0,227.0,-3.0,-21874.34672854017,-11875.829002152965,-4547.332305273461
136.0,127.0,-28.0,0.0,0.0,0.0
136.0,127.0,-23.0,0.0,0.0,0.0
136.0,127.0,-18.0,0.0,0.0,0.0
136.0,127.0,-13.0,0.0,0.0,0.0
136.0,127.0,-8.0,0.0,0.0,0.0
136.0,127.0,-3.0,0.0,0.0,0.0
136.0,132.0,-28.0,0.0,0.0,0.0
136.0,132.0,-23.0,0.0,0.0,0.0
136.0,132.0,-18.0,0.0,0.0,0.0
136.0,132.0,-13.0,0.0,0.0,0.0
136.0,132.0,-8.0,0.0,0.0,0.0
136.0,132.0,-3.0,0.0,0.0,0.0
136.0,137.0,-28.0,0.0,0.0,0.0
136.0,137.0,-23.0,0.0,0.0,0.0
136.0,137.0,-18.0,0.0,0.0,0.0
136.0,137.0,-13.0,0.0,0.0,0.0
136.0,137.0,-8.0,0.0,0.0,0.0
136.0,137.0,-3.0,0.0,0.0,0.0
136.0,142.0,-28.0,0.0,0.0,0.0
136.0,142.0,-23.0,0.0,0.0,0.0
136.0,142.0,-18.0,0.0,0.0,0.0
136.0,142.0,-13.0,0.0,0.0,0.0
136.0,142.0,-8.0,0.0,0.0,0.0
136.0,142.0,-3.0,0.0,0.0,0.0
136.0,147.0,-28.0,0.0,0.0,0.0
136.0,147.0,-23.0,0.0,0.0,0.0
136.0,147.0,-18.0,0.0,0.0,0.0
136.0,147.0,-13.0,0.0,0.0,0.0
136.0,147.0,-8.0,0.0,0.0,0.0
136.0,147.0,-3.0,0.0,0.0,0.0
136.0,152.0,-28.0,0.0,0.0,0.0
136.0,152.0,-23.0,0.0,0.0,0.0
136.0,152.0,-18.0,0.0,0.0,0.0
136.0,152.0,-13.0,0.0,0.0,0.0
136.0,152.0,-8.0,0.0,0.0,0.0
136.0,152.0,-3.0,0.0,0.0,0.0
136.0,157.0,-28.0,0.0,0.0,0.0
136.0,157.0,-23.0,0.0,0.0,0.0
136.0,157.0,-18.0,0.0,0.0,0.0
136.0,157.0,-13.0,0.0,0.0,0.0
136.0,157.0,-8.0,0.0,0.0,0.0
136.0,157.0,-3.0,0.0,0.0,0.0
136.0,162.0,-28.0,0.0,0.0,0.0
136.0,162.0,-23.0,0.0,0.0,0.0
136.0,162.0,-18.0,0.0,0.0,0.0
136.0,162.0,-13.0,0.0,0.0,0.0
136.0,162.0,-8.0,0.0,0.0,0.0
136.0,162.0,-3.0,0.0,0.0,0.0
136.0,167.0,-28.0,0.0,0.0,0.0
136.0,167.0,-23.0,0.0,0.0,0.0
136.0,167.0,-18.0,0.0,0.0,0.0
136.0,167.0,-13.0,0.0,0.0,0.0
136.0,167.0,-8.0,0.0,0.0,0.0
136.0,167.0,-3.0,0.0,0.0,0.0
136.0,172.0,-28.0,0.0,0.0,0.0
136.0,172.0,-23.0,0.0,0.0,0.0
136.0,172.0,-18.0,0.0,0.0,0.0
136.0,172.0,-13.0,0.0,0.0,0.0
136.0,172.0,-8.0,0.0,0.0,0.0
136.0,172.0,-3.0,0.0,0.0,0.0
136.0,177.0,-28.0,0.0,0.0,0.0
136.0,177.0,-23.0,0.0,0.0,0.0
136.0,177.0,-18.0,0.0,0.0,0.0
136.0,177.0,-13.0,0.0,0.0,0.0
136.0,177.0,-8.0,0.0,0.0,0.0
136.0,177.0,-3.0,0.0,0.0,0.0
136.0,182.0,-28.0,0.0,0.0,0.0
136.0,182.0,-23.0,0.0,0.0,0.0
136.0,182.0,-18.0,0.0,0.0,0.0
136.0,182.0,-13.0,0.0,0.0,0.0
136.0,182.0,-8.0,0.0,0.0,0.0
136.0,182.0,-3.0,0.0,0.0,0.0
136.0,187.0,-28.0,0.0,0.0,0.0
136.0,187.0,-23.0,0.0,0.0,0.0
136.0,187.0,-18.0,0.0,0.0,0.0
136.0,187.0,-13.0,0.0,0.0,0.0
136.0,187.0,-8.0,0.0,0.0,0.0
136.0,187.0,-3.0,0.0,0.0,0.0
136.0,192.0,-28.0,0.0,0.0,0.0
136.0,192.0,-23.0,0.0,0.0,0.0
136.0,192.0,-18.0,0.0,0.0,0.0
136.0,192.0,-13.0,0.0,0.0,0.0
136.0,192.0,-8.0,0.0,0.0,0.0
136.0,192.0,-3.0,0.0,0.0,0.0
136.0,197.0,-28.0,0.0,0.0,0.0
136.0,197.0,-23.0,0.0,0.0,0.0
136.0,197.0,-18.0,0.0,0.0,0.0
136.0,197.0,-13.0,0.0,0.0,0.0
136.0,197.0,-8.0,0.0,0.0,0.0
136.0,197.0,-3.0,0.0,0.0,0.0
136.0,202.0,-28.0,0.0,0.0,0.0
136.0,202.0,-23.0,0.0,0.0,0.0
136.0,202.0,-18.0,0.0,0.0,0.0
136.0,202.0,-13.0,0.0,0.0,0.0
136.0,202.0,-8.0,0.0,0.0,0.0
136.0,202.0,-3.0,0.0,0.0,0.0
136.0,207.0,-28.0,0.0,0.0,0.0
136.0,207.0,-23.0,0.0,0.0,0.0
136.0,207.0,-18.0,0.0,0.0,0.0
136.0,207.0,-13.0,0.0,0.0,0.0
136.0,207.0,-8.0,0.0,0.0,0.0
136.0,207.0,-3.0,0.0,0.0,0.0
136.0,212.0,-28.0,-30570.83645558602,-14792.003203978278,657.178339660673
136.0,212.0,-23.0,-32709.300340511494,-16025.828930333779,1247.5067939798175
136.0,212.0,-18.0,-33531.279743635656,-15863.851151943745,907.1301044817397
136.0,212.0,-13.0,-34868.4434266222,-15819.994875326649,-555.7325565831708
136.0,212.0,-8.0,-34186.81996357486,-16237.97743675748,-1627.7471229488883
136.0,212.0,-3.0,-33325.83843609072,-16201.264374692162,-2332.0897283759487
136.0,217.0,-28.0,-27366.297939810654,-11342.80025765292,1358.5291104480257
136.0,217.0,-23.0,-28322.986845603544,-12239.459221168234,2682.233427250324
136.0,217.0,-18.0,-31459.795028962704,-12292.053597005046,2018.9431667472452
136.0,217.0,-13.0,-31523.42792435636,-11988.651487023475,-346.7728052859603
136.0,217.0,-8.0,-30024.00323392644,-12340.552790564967,-2750.163027181143
136.0,217.0,-3.0,-29335.97857896306,-12888.966801919518,-2543.5355703197265
136.0,222.0,-28.0,-23981.83931006185,-8834.304780243332,2535.493282242488
136.0,222.0,-23.0,-26441.815405035402,-9457.891070290532,3176.261296619577
136.0,222.0,-18.0,-26756.077265229596,-9135.726474259724,2118.4737890106676
136.0,222.0,-13.0,-27322.88070552827,-9031.695582029563,-480.34468884438456
136.0,222.0,-8.0,-27062.70496271745,-9483.142701631079,-2520.3718208561086
136.0,222.0,-3.0,-26103.37334751805,-10102.181104179677,-3491.049953977178
136.0,227.0,-28.0,-22494.27204837624,-5933.251735809706,2999.4900540834356
136.0,227.0,-23.0,-22754.270048551127,-6190.357195056469,3256.800203170543
136.0,227.0,-18.0,-24018.192345314965,-5900.79517350639,2073.450692482848
136.0,227.0,-13.0,-24425.347325708743,-5801.919536164776,-16.22045476541464
136.0,227.0,-8.0,-24068.84817415478,-6093.363780266246,-2425.960117763002
136.0,227.0,-3.0,-23394.1364848154,-7418.788437768176,-3448.088815067272
141.0,127.0,-28.0,0.0,0.0,0.0
141.0,127.0,-23.0,0.0,0.0,0.0
141.0,127.0,-18.0,0.0,0.0,0.0
141.0,127.0,-13.0,0.0,0.0,0.0
141.0,127.0,-8.0,0.0,0.0,0.0
141.0,127.0,-3.0,0.0,0.0,0.0
141.0,132.0,-28.0,0.0,0.0,0.0
141.0,132.0,-23.0,0.0,0.0,0.0
141.0,132.0,-18.0,0.0,0.0,0.0
141.0,132.0,-13.0,0.0,0.0,0.0
141.0,132.0,-8.0,0.0,0.0,0.0
141.0,132.0,-3.0,0.0,0.0,0.0
141.0,137.0,-28.0,0.0,0.0,0.0
141.0,137.0,-23.0,0.0,0.0,0.0
141.0,137.0,-18.0,0.0,0.0,0.0
141.0,137.0,-13.0,0.0,0.0,0.0
141.0,137.0,-8.0,0.0,0.0,0.0
141.0,137.0,-3.0,0.0,0.0,0.0
141.0,142.0,-28.0,0.0,0.0,0.0
141.0,142.0,-23.0,0.0,0.0,0.0
141.0,142.0,-18.0,0.0,0.0,0.0
141.0,142.0,-13.0,0.0,0.0,0.0
141.0,142.0,-8.0,0.0,0.0,0.0
141.0,142.0,-3.0,0.0,0.0,0.0
141.0,147.0,-28.0,0.0,0.0,0.0
141.0,147.0,-23.0,0.0,0.0,0.0
141.0,147.0,-18.0,0.0,0.0,0.0
141.0,147.0,-13.0,0.0,0.0,0.0
141.0,147.0,-8.0,0.0,0.0,0.0
141.0,147.0,-3.0,0.0,0.0,0.0
141.0,152.0,-28.0,0.0,0.0,0.0
141.0,152.0,-23.0,0.0,0.0,0.0
141.0,152.0,-18.0,0.0,0.0,0.0
141.0,152.0,-13.0,0.0,0.0,0.0
141.0,152.0,-8.0,0.0,0.0,0.0
141.0,152.0,-3.0,0.0,0.0,0.0
141.0,157.0,-28.0,0.0,0.0,0.0
141.0,157.0,-23.0,0.0,0.0,0.0
141.0,157.0,-18.0,0.0,0.0,0.0
141.0,157.0,-13.0,0.0,0.0,0.0
141.0,157.0,-8.0,0.0,0.0,0.0
141.0,157.0,-3.0,0.0,0.0,0.0
141.0,162.0,-28.0,0.0,0.0,0.0
141.0,162.0,-23.0,0.0,0.0,0.0
141.0,162.0,-18.0,0.0,0.0,0.0
141.0,162.0,-13.0,0.0,0.0,0.0
141.0,162.0,-8.0,0.0,0.0,0.0
141.0,162.0,-3.0,0.0,0.0,0.0
141.0,167.0,-28.0,0.0,0.0,0.0
141.0,167.0,-23.0,0.0,0.0,0.0
141.0,167.0,-18.0,0.0,0.0,0.0
141.0,167.0,-13.0,0.0,0.0,0.0
141.0,167.0,-8.0,0.0,0.0,0.0
141.0,167.0,-3.0,0.0,0.0,0.0
141.0,172.0,-28.0,0.0,0.0,0.0
141.0,172.0,-23.0,0.0,0.0,0.0
141.0,172.0,-18.0,0.0,0.0,0.0
141.0,172.0,-13.0,0.0,0.0,0.0
141.0,172.0,-8.0,0.0,0.0,0.0
141.0,172.0,-3.0,0.0,0.0,0.0
141.0,177.0,-28.0,0.0,0.0,0.0
141.0,177.0,-23.0,0.0,0.0,0.0
141.0,177.0,-18.0,0.0,0.0,0.0
141.0,177.0,-13.0,0.0,0.0,0.0
141.0,177.0,-8.0,0.0,0.0,0.0
141.0,177.0,-3.0,0.0,0.0,0.0
141.0,182.0,-28.0,0.0,0.0,0.0
141.0,182.0,-23.0,0.0,0.0,0.0
141.0,182.0,-18.0,0.0,0.0,0.0
141.0,182.0,-13.0,0.0,0.0,0.0
141.0,182.0,-8.0,0.0,0.0,0.0
141.0,182.0,-3.0,0.0,0.0,0.0
141.0,187.0,-28.0,0.0,0.0,0.0
141.0,187.0,-23.0,0.0,0.0,0.0
141.0,187.0,-18.0,0.0,0.0,0.0
141.0,187.0,-13.0,0.0,0.0,0.0
141.0,187.0,-8.0,0.0,0.0,0.0
141.0,187.0,-3.0,0.0,0.0,0.0
141.0,192.0,-28.0,0.0,0.0,0.0
141.0,192.0,-23.0,0.0,0.0,0.0
141.0,192.0,-18.0,0.0,0.0,0.0
141.0,192.0,-13.0,0.0,0.0,0.0
141.0,192.0,-8.0,0.0,0.0,0.0
141.0,192.0,-3.0,0.0,0.0,0.0
141.0,197.0,-28.0,0.0,0.0,0.0
141.0,197.0,-23.0,0.0,0.0,0.0
141.0,197.0,-18.0,0.0,0.0,0.0
141.0,197.0,-13.0,0.0,0.0,0.0
141.0,197.0,-8.0,0.0,0.0,0.0
141.0,197.0,-3.0,0.0,0.0,0.0
141.0,202.0,-28.0,0.0,0.0,0.0
141.0,202.0,-23.0,0.0,0.0,0.0
141.0,202.0,-18.0,0.0,0.0,0.0
141.0,202.0,-13.0,0.0,0.0,0.0
141.0,202.0,-8.0,0.0,0.0,0.0
141.0,202.0,-3.0,0.0,0.0,0.0
141.0,207.0,-28.0,0.0,0.0,0.0
141.0,207.0,-23.0,0.0,0.0,0.0
141.0,207.0,-18.0,0.0,0.0,0.0
141.0,207.0,-13.0,0.0,0.0,0.0
141.0,207.0,-8.0,0.0,0.0,0.0
141.0,207.0,-3.0,0.0,0.0,0.0
141.0,212.0,-28.0,-31202.866514520556,-6459.440320894276,961.2926482606764
141.0,212.0,-23.0,-32371.99356195734,-7774.565422862708,1317.1211479547121
141.0,212.0,-18.0,-35299.52048939213,-7919.997199528581,758.2996628884864
141.0,212.0,-13.0,-35643.18553802695,-7507.79018889029,-24.093132798177404
141.0,212.0,-8.0,-34388.58064860975,-7996.080904122654,-1508.2370875025629
141.0,212.0,-3.0,-33449.072197565,-8236.272484599001,-1785.858206004304
141.0,217.0,-28.0,-27759.205058935022,-4357.8367426335835,1419.8073699529157
141.0,217.0,-23.0,-30988.01396616833,-6136.067388475264,2162.330109523305
141.0,217.0,-18.0,-31206.549988434897,-5430.045997359635,1607.998592683891
141.0,217.0,-13.0,-31722.9538417026,-5296.68744062916,-174.40680123039522
141.0,217.0,-8.0,-31503.753166275575,-5816.891116448744,-1646.4585816030233
141.0,217.0,-3.0,-29868.198917908125,-5987.014890321587,-2295.0015174502278
141.0,222.0,-28.0,-26058.990128743142,-3921.3543197588065,1874.5409335108936
141.0,222.0,-23.0,-26856.97366119681,-4065.2024615107234,2647.1810498328955
141.0,222.0,-18.0,-28267.795611262434,-3843.851670107112,2156.651010240202
141.0,222.0,-13.0,-28571.980373689712,-3736.061873712322,-250.51502304210504
141.0,222.0,-8.0,-27929.35692894227,-4014.5777049419207,-2257.0903844386344
141.0,222.0,-3.0,-27352.217337280046,-4663.619949343333,-2350.1012144773035
141.0,227.0,-28.0,-22751.24902795608,-3178.8918639515364,2654.512606107991
141.0,227.0,-23.0,-24347.261315896387,-2655.549263201773,3284.8681838467337
141.0,227.0,-18.0,-25127.499835359242,-2147.2016686049296,1850.5925682617276
141.0,227.0,-13.0,-25611.508763544043,-2119.488594593604,-23.4699010246109
141.0,227.0,-8.0,-25198.576435931547,-2408.669421416681,-2045.2231175616014
141.0,227.0,-3.0,-24397.336790911326,-3439.1590689125046,-3312.447769965773
146.0,127.0,-28.0,0.0,0.0,0.0
146.0,127.0,-23.0,0.0,0.0,0.0
146.0,127.0,-18.0,0.0,0.0,0.0
146.0,127.0,-13.0,0.0,0.0,0.0
146.0,127.0,-8.0,0.0,0.0,0.0
146.0,127.0,-3.0,0.0,0.0,0.0
146.0,132.0,-28.0,0.0,0.0,0.0
146.0,132.0,-23.0,0.0,0.0,0.0
146.0,132.0,-18.0,0.0,0.0,0.0
146.0,132.0,-13.0,0.0,0.0,0.0
146.0,132.0,-8.0,0.0,0.0,0.0
146.0,132.0,-3.0,0.0,0.0,0.0
146.0,137.0,-28.0,0.0,0.0,0.0
146.0,137.0,-23.0,0.0,0.0,0.0
146.0,137.0,-18.0,0.0,0.0,0.0
146.0,137.0,-13.0,0.0,0.0,0.0
146.0,137.0,-8.0,0.0,0.0,0.0
146.0,137.0,-3.0,0.0,0.0,0.0
146.0,142.0,-28.0,0.0,0.0,0.0
146.0,142.0,-23.0,0.0,0.0,0.0
146.0,142.0,-18.0,0.0,0.0,0.0
146.0,142.0,-13.0,0.0,0.0,0.0
146.0,142.0,-8.0,0.0,0.0,0.0
146.0,142.0,-3.0,0.0,0.0,0.0
146.0,147.0,-28.0,0.0,0.0,0.0
146.0,147.0,-23.0,0.0,0.0,0.0
146.0,147.0,-18.0,0.0,0.0,0.0
146.0,147.0,-13.0,0.0,0.0,0.0
146.0,147.0,-8.0,0.0,0.0,0.0
146.0,147.0,-3.0,0.0,0.0,0.0
146.0,152.0,-28.0,0.0,0.0,0.0
146.0,152.0,-23.0,0.0,0.0,0.0
146.0,152.0,-18.0,0.0,0.0,0.0
146.0,152.0,-13.0,0.0,0.0,0.0
146.0,152.0,-8.0,0.0,0.0,0.0
146.0,152.0,-3.0,0.0,0.0,0.0
146.0,157.0,-28.0,0.0,0.0,0.0
146.0,157.0,-23.0,0.0,0.0,0.0
146.0,157.0,-18.0,0.0,0.0,0.0
146.0,157.0,-13.0,0.0,0.0,0.0
146.0,157.0,-8.0,0.0,0.0,0.0
146.0,157.0,-3.0,0.0,0.0,0.0
146.0,162.0,-28.0,0.0,0.0,0.0
146.0,162.0,-23.0,0.0,0.0,0.0
146.0,162.0,-18.0,0.0,0.0,0.0
146.0,162.0,-13.0,0.0,0.0,0.0
146.0,162.0,-8.0,0.0,0.0,0.0
146.0,162.0,-3.0,0.0,0.0,0.0
146.0,167.0,-28.0,0.0,0.0,0.0
146.0,167.0,-23.0,0.0,0.0,0.0
146.0,167.0,-18.0,0.0,0.0,0.0
146.0,167.0,-13.0,0.0,0.0,0.0
146.0,167.0,-8.0,0.0,0.0,0.0
146.0,167.0,-3.0,0.0,0.0,0.0
146.0,172.0,-28.0,0.0,0.0,0.0
146.0,172.0,-23.0,0.0,0.0,0.0
146.0,172.0,-18.0,0.0,0.0,0.0
146.0,172.0,-13.0,0.0,0.0,0.0
146.0,172.0,-8.0,0.0,0.0,0.0
146.0,172.0,-3.0,0.0,0.0,0.0
146.0,177.0,-28.0,0.0,0.0,0.0
146.0,177.0,-23.0,0.0,0.0,0.0
146.0,177.0,-18.0,0.0,0.0,0.0
146.0,177.0,-13.0,0.0,0.0,0.0
146.0,177.0,-8.0,0.0,0.0,0.0
146.0,177.0,-3.0,0.0,0.0,0.0
146.0,182.0,-28.0,0.0,0.0,0.0
146.0,182.0,-23.0,0.0,0.0,0.0
146.0,182.0,-18.0,0.0,0.0,0.0
146.0,182.0,-13.0,0.0,0.0,0.0
146.0,182.0,-8.0,0.0,0.0,0.0
146.0,182.0,-3.0,0.0,0.0,0.0
146.0,187.0,-28.0,0.0,0.0,0.0
146.0,187.0,-23.0,0.0,0.0,0.0
146.0,187.0,-18.0,0.0,0.0,0.0
146.0,187.0,-13.0,0.0,0.0,0.0
146.0,187.0,-8.0,0.0,0.0,0.0
146.0,187.0,-3.0,0.0,0.0,0.0
146.0,192.0,-28.0,0.0,0.0,0.0
146.0,192.0,-23.0,0.0,0.0,0.0
146.0,192.0,-18.0,0.0,0.0,0.0
146.0,192.0,-13.0,0.0,0.0,0.0
146.0,192.0,-8.0,0.0,0.0,0.0
146.0,192.0,-3.0,0.0,0.0,0.0
146.0,197.0,-28.0,0.0,0.0,0.0
146.0,197.0,-23.0,0.0,0.0,0.0
146.0,197.0,-18.0,0.0,0.0,0.0
146.0,197.0,-13.0,0.0,0.0,0.0
146.0,197.0,-8.0,0.0,0.0,0.0
146.0,197.0,-3.0,0.0,0.0,0.0
146.0,202.0,-28.0,0.0,0.0,0.0
146.0,202.0,-23.0,0.0,0.0,0.0
146.0,202.0,-18.0,0.0,0.0,0.0
146.0,202.0,-13.0,0.0,0.0,0.0
146.0,202.0,-8.0,0.0,0.0,0.0
146.0,202.0,-3.0,0.0,0.0,0.0
146.0,207.0,-28.0,0.0,0.0,0.0
146.0,207.0,-23.0,0.0,0.0,0.0
146.0,207.0,-18.0,0.0,0.0,0.0
146.0,207.0,-13.0,0.0,0.0,0.0
146.0,207.0,-8.0,0.0,0.0,0.0
146.0,207.0,-3.0,0.0,0.0,0.0
146.0,212.0,-28.0,-32587.946903498207,33.841218643324844,865.6845764466956
146.0,212.0,-23.0,-34171.53652445956,-406.08862098572973,1443.659964789609
146.0,212.0,-18.0,-33950.509211393604,-600.5258380482846,882.1283743917735
146.0,212.0,-13.0,-34737.07670819667,-494.9803015806136,24.207121893384492
146.0,212.0,-8.0,-34800.89342465159,-644.62474741926,-773.1132871034554
146.0,212.0,-3.0,-34182.595993265575,-549.3554437582598,-1260.0048994139338
146.0,217.0,-28.0,-29491.36288362698,-216.76248245412253,993.8894071974184
146.0,217.0,-23.0,-30324.992547406073,-343.4285768796149,1674.2248129475972
146.0,217.0,-18.0,-31990.63091327656,-140.71022914367072,1464.008239698781
146.0,217.0,-13.0,-31836.155248072264,-132.72687508680733,54.749759867749276
146.0,217.0,-8.0,-31156.629286219224,-484.25919314395026,-1409.7347663868818
146.0,217.0,-3.0,-31200.34090198097,-576.2865403095327,-1396.508712556351
146.0,222.0,-28.0,-26103.456951291224,-187.87596353413076,1252.4266075509104
146.0,222.0,-23.0,-27949.570129658223,-118.36963117346106,2165.6533235630386
146.0,222.0,-18.0,-28297.831709283673,486.5534215287719,1586.2537920153118
146.0,222.0,-13.0,-28636.28884503368,680.411321028279,27.84665010074066
146.0,222.0,-8.0,-28497.531996645346,214.38700422221376,-1597.9187317578692
146.0,222.0,-3.0,-27944.421217512147,-612.3781914417822,-1893.1665647640143
146.0,227.0,-28.0,-24739.76705137948,-114.48751459034996,2248.0238992626246
146.0,227.0,-23.0,-24829.32476014633,514.5626951944649,2494.6294409883535
146.0,227.0,-18.0,-25590.374291782853,906.5801803639484,1623.6050174173015
146.0,227.0,-13.0,-25968.55591731669,1138.8730007225308,79.38808469072883
146.0,227.0,-8.0,-25805.444275963157,1020.3260685158949,-1503.0930965419677
146.0,227.0,-3.0,-25708.860682551596,-165.44382268851857,-2627.656844158372
151.0,127.0,-28.0,0.0,0.0,0.0
151.0,127.0,-23.0,0.0,0.0,0.0
151.0,127.0,-18.0,0.0,0.0,0.0
151.0,127.0,-13.0,0.0,0.0,0.0
151.0,127.0,-8.0,0.0,0.0,0.0
151.0,127.0,-3.0,0.0,0.0,0.0
151.0,132.0,-28.0,0.0,0.0,0.0
151.0,132.0,-23.0,0.0,0.0,0.0
151.0,132.0,-18.0,0.0,0.0,0.0
151.0,132.0,-13.0,0.0,0.0,0.0
151.0,132.0,-8.0,0.0,0.0,0.0
151.0,132.0,-3.0,0.0,0.0,0.0
151.0,137.0,-28.0,0.0,0.0,0.0
151.0,137.0,-23.0,0.0,0.0,0.0
151.0,137.0,-18.0,0.0,0.0,0.0
151.0,137.0,-13.0,0.0,0.0,0.0
151.0,137.0,-8.0,0.0,0.0,0.0
151.0,137.0,-3.0,0.0,0.0,0.0
151.0,142.0,-28.0,0.0,0.0,0.0
151.0,142.0,-23.0,0.0,0.0,0.0
151.0,142.0,-18.0,0.0,0.0,0.0
151.0,142.0,-13.0,0.0,0.0,0.0
151.0,142.0,-8.0,0.0,0.0,0.0
151.0,142.0,-3.0,0.0,0.0,0.0
151.0,147.0,-28.0,0.0,0.0,0.0
151.0,147.0,-23.0,0.0,0.0,0.0
151.0,147.0,-18.0,0.0,0.0,0.0
151.0,147.0,-13.0,0.0,0.0,0.0
151.0,147.0,-8.0,0.0,0.0,0.0
151.0,147.0,-3.0,0.0,0.0,0.0
151.0,152.0,-28.0,0.0,0.0,0.0
151.0,152.0,-23.0,0.0,0.0,0.0
151.0,152.0,-18.0,0.0,0.0,0.0
151.0,152.0,-13.0,0.0,0.0,0.0
151.0,152.0,-8.0,0.0,0.0,0.0
151.0,152.0,-3.0,0.0,0.0,0.0
151.0,157.0,-28.0,0.0,0.0,0.0
151.0,157.0,-23.0,0.0,0.0,0.0
151.0,157.0,-18.0,0.0,0.0,0.0
151.0,157.0,-13.0,0.0,0.0,0.0
151.0,157.0,-8.0,0.0,0.0,0.0
151.0,157.0,-3.0,0.0,0.0,0.0
151.0,162.0,-28.0,0.0,0.0,0.0
151.0,162.0,-23.0,0.0,0.0,0.0
151.0,162.0,-18.0,0.0,0.0,0.0
151.0,162.0,-13.0,0.0,0.0,0.0
151.0,162.0,-8.0,0.0,0.0,0.0
151.0,162.0,-3.0,0.0,0.0,0.0
151.0,167.0,-28.0,0.0,0.0,0.0
151.0,167.0,-23.0,0.0,0.0,0.0
151.0,167.0,-18.0,0.0,0.0,0.0
151.0,167.0,-13.0,0.0,0.0,0.0
151.0,167.0,-8.0,0.0,0.0,0.0
151.0,167.0,-3.0,0.0,0.0,0.0
151.0,172.0,-28.0,0.0,0.0,0.0
151.0,172.0,-23.0,0.0,0.0,0.0
151.0,172.0,-18.0,0.0,0.0,0.0
151.0,172.0,-13.0,0.0,0.0,0.0
151.0,172.0,-8.0,0.0,0.0,0.0
151.0,172.0,-3.0,0.0,0.0,0.0
151.0,177.0,-28.0,0.0,0.0,0.0
151.0,177.0,-23.0,0.0,0.0,0.0
151.0,177.0,-18.0,0.0,0.0,0.0
151.0,177.0,-13.0,0.0,0.0,0.0
151.0,177.0,-8.0,0.0,0.0,0.0
151.0,177.0,-3.0,0.0,0.0,0.0
151.0,182.0,-28.0,0.0,0.0,0.0
151.0,182.0,-23.0,0.0,0.0,0.0
151.0,182.0,-18.0,0.0,0.0,0.0
151.0,182.0,-13.0,0.0,0.0,0.0
151.0,182.0,-8.0,0.0,0.0,0.0
151.0,182.0,-3.0,0.0,0.0,0.0
151.0,187.0,-28.0,0.0,0.0,0.0
151.0,187.0,-23.0,0.0,0.0,0.0
151.0,187.0,-18.0,0.0,0.0,0.0
151.0,187.0,-13.0,0.0,0.0,0.0
151.0,187.0,-8.0,0.0,0.0,0.0
151.0,187.0,-3.0,0.0,0.0,0.0
151.0,192.0,-28.0,0.0,0.0,0.0
151.0,192.0,-23.0,0.0,0.0,0.0
151.0,192.0,-18.0,0.0,0.0,0.0
151.0,192.0,-13.0,0.0,0.0,0.0
151.0,192.0,-8.0,0.0,0.0,0.0
151.0,192.0,-3.0,0.0,0.0,0.0
151.0,197.0,-28.0,0.0,0.0,0.0
151.0,197.0,-23.0,0.0,0.0,0.0
151.0,197.0,-18.0,0.0,0.0,0.0
151.0,197.0,-13.0,0.0,0.0,0.0
151.0,197.0,-8.0,0.0,0.0,0.0
151.0,197.0,-3.0,0.0,0.0,0.0
151.0,202.0,-28.0,0.0,0.0,0.0
151.0,202.0,-23.0,0.0,0.0,0.0
151.0,202.0,-18.0,0.0,0.0,0.0
151.0,202.0,-13.0,0.0,0.0,0.0
151.0,202.0,-8.0,0.0,0.0,0.0
151.0,202.0,-3.0,0.0,0.0,0.0
151.0,207.0,-28.0,0.0,0.0,0.0
151.0,207.0,-23.0,0.0,0.0,0.0
151.0,207.0,-18.0,0.0,0.0,0.0
151.0,207.0,-13.0,0.0,0.0,0.0
151.0,207.0,-8.0,0.0,0.0,0.0
151.0,207.0,-3.0,0.0,0.0,0.0
151.0,212.0,-28.0,-31060.06453076759,6512.147564452553,1039.3127746092516
151.0,212.0,-23.0,-31970.327701260376,5811.029361850222,1434.5593120218705
151.0,212.0,-18.0,-33434.32464195178,6134.323975734538,1158.4289188767198
151.0,212.0,-13.0,-33862.51382886453,5772.401730300548,265.8637764444651
151.0,212.0,-8.0,-32979.317875443536,6013.860764614425,-357.71534391030985
151.0,212.0,-3.0,-32142.967781920925,6034.678295048423,-620.6629334230246
151.0,217.0,-28.0,-28193.952677843634,4441.386621358863,593.0067937732898
151.0,217.0,-23.0,-29805.023163371538,4656.437373903798,1763.6005683980563
151.0,217.0,-18.0,-30040.061254221204,5003.966708240718,1590.4355758991965
151.0,217.0,-13.0,-30410.175726350983,5112.193800970081,3.251406783291136
151.0,217.0,-8.0,-30419.729616255678,4619.141899353828,-1190.5321504458338
151.0,217.0,-3.0,-29544.13960296913,4441.369575511162,-585.884402951435
151.0,222.0,-28.0,-25752.244148630114,3468.579013968903,1165.8761042058761
151.0,222.0,-23.0,-26595.99648189902,4121.634175236653,1908.1755795595516
151.0,222.0,-18.0,-27389.037571804176,4940.258022936903,1778.9712111442584
151.0,222.0,-13.0,-27536.276638670726,5255.16266822394,-0.027761371409934118
151.0,222.0,-8.0,-27364.696428319538,4570.504106364264,-1434.1155174512019
151.0,222.0,-3.0,-27142.64892430688,3490.1910456150845,-1446.4382847277104
151.0,227.0,-28.0,-23286.168425747168,2514.6897389995725,2053.0816873984145
151.0,227.0,-23.0,-24064.476636088348,4207.317096410979,2550.992374653825
151.0,227.0,-18.0,-24376.70193857961,4952.383404410344,1272.3361114714494
151.0,227.0,-13.0,-24631.474443074418,4981.550238994293,136.14570330460162
151.0,227.0,-8.0,-24563.11570297789,4766.073291523232,-1451.9507522793515
151.0,227.0,-3.0,-24467.353807597632,3526.2693047541175,-2515.6751854383765
156.0,127.0,-28.0,0.0,0.0,0.0
156.0,127.0,-23.0,0.0,0.0,0.0
156.0,127.0,-18.0,0.0,0.0,0.0
156.0,127.0,-13.0,0.0,0.0,0.0
156.0,127.0,-8.0,0.0,0.0,0.0
156.0,127.0,-3.0,0.0,0.0,0.0
156.0,132.0,-28.0,0.0,0.0,0.0
156.0,132.0,-23.0,0.0,0.0,0.0
156.0,132.0,-18.0,0.0,0.0,0.0
156.0,132.0,-13.0,0.0,0.0,0.0
156.0,132.0,-8.0,0.0,0.0,0.0
156.0,132.0,-3.0,0.0,0.0,0.0
156.0,137.0,-28.0,0.0,0.0,0.0
156.0,137.0,-23.0,0.0,0.0,0.0
156.0,137.0,-18.0,0.0,0.0,0.0
156.0,137.0,-13.0,0.0,0.0,0.0
156.0,137.0,-8.0,0.0,0.0,0.0
156.0,137.0,-3.0,0.0,0.0,0.0
156.0,142.0,-28.0,0.0,0.0,0.0
156.0,142.0,-23.0,0.0,0.0,0.0
156.0,142.0,-18.0,0.0,0.0,0.0
156.0,142.0,-13.0,0.0,0.0,0.0
156.0,142.0,-8.0,0.0,0.0,0.0
156.0,142.0,-3.0,0.0,0.0,0.0
156.0,147.0,-28.0,0.0,0.0,0.0
156.0,147.0,-23.0,0.0,0.0,0.0
156.0,147.0,-18.0,0.0,0.0,0.0
156.0,147.0,-13.0,0.0,0.0,0.0
156.0,147.0,-8.0,0.0,0.0,0.0
156.0,147.0,-3.0,0.0,0.0,0.0
156.0,152.0,-28.0,0.0,0.0,0.0
156.0,152.0,-23.0,0.0,0.0,0.0
156.0,152.0,-18.0,0.0,0.0,0.0
156.0,152.0,-13.0,0.0,0.0,0.0
156.0,152.0,-8.0,0.0,0.0,0.0
156.0,152.0,-3.0,0.0,0.0,0.0
156.0,157.0,-28.0,0.0,0.0,0.0
156.0,157.0,-23.0,0.0,0.0,0.0
156.0,157.0,-18.0,0.0,0.0,0.0
156.0,157.0,-13.0,0.0,0.0,0.0
156.0,157.0,-8.0,0.0,0.0,0.0
156.0,157.0,-3.0,0.0,0.0,0.0
156.0,162.0,-28.0,0.0,0.0,0.0
156.0,162.0,-23.0,0.0,0.0,0.0
156.0,162.0,-18.0,0.0,0.0,0.0
156.0,162.0,-13.0,0.0,0.0,0.0
156.0,162.0,-8.0,0.0,0.0,0.0
156.0,162.0,-3.0,0.0,0.0,0.0
156.0,167.0,-28.0,0.0,0.0,0.0
156.0,167.0,-23.0,0.0,0.0,0.0
156.0,167.0,-18.0,0.0,0.0,0.0
156.0,167.0,-13.0,0.0,0.0,0.0
156.0,167.0,-8.0,0.0,0.0,0.0
156.0,167.0,-3.0,0.0,0.0,0.0
156.0,172.0,-28.0,0.0,0.0,0.0
156.0,172.0,-23.0,0.0,0.0,0.0
156.0,172.0,-18.0,0.0,0.0,0.0
156.0,172.0,-13.0,0.0,0.0,0.0
156.0,172.0,-8.0,0.0,0.0,0.0
156.0,172.0,-3.0,0.0,0.0,0.0
156.0,177.0,-28.0,0.0,0.0,0.0
156.0,177.0,-23.0,0.0,0.0,0.0
156.0,177.0,-18.0,0.0,0.0,0.0
156.0,177.0,-13.0,0.0,0.0,0.0
156.0,177.0,-8.0,0.0,0.0,0.0
156.0,177.0,-3.0,0.0,0.0,0.0
156.0,182.0,-28.0,0.0,0.0,0.0
156.0,182.0,-23.0,0.0,0.0,0.0
156.0,182.0,-18.0,0.0,0.0,0.0
156.0,182.0,-13.0,0.0,0.0,0.0
156.0,182.0,-8.0,0.0,0.0,0.0
156.0,182.0,-3.0,0.0,0.0,0.0
156.0,187.0,-28.0,0.0,0.0,0.0
156.0,187.0,-23.0,0.0,0.0,0.0
156.0,187.0,-18.0,0.0,0.0,0.0
156.0,187.0,-13.0,0.0,0.0,0.0
156.0,187.0,-8.0,0.0,0.0,0.0
156.0,187.0,-3.0,0.0,0.0,0.0
156.0,192.0,-28.0,0.0,0.0,0.0
156.0,192.0,-23.0,0.0,0.0,0.0
156.0,192.0,-18.0,0.0,0.0,0.0
156.0,192.0,-13.0,0.0,0.0,0.0
156.0,192.0,-8.0,0.0,0.0,0.0
156.0,192.0,-3.0,0.0,0.0,0.0
156.0,197.0,-28.0,0.0,0.0,0.0
156.0,197.0,-23.0,0.0,0.0,0.0
156.0,197.0,-18.0,0.0,0.0,0.0
156.0,197.0,-13.0,0.0,0.0,0.0
156.0,197.0,-8.0,0.0,0.0,0.0
156.0,197.0,-3.0,0.0,0.0,0.0
156.0,202.0,-28.0,0.0,0.0,0.0
156.0,202.0,-23.0,0.0,0.0,0.0
156.0,202.0,-18.0,0.0,0.0,0.0
156.0,202.0,-13.0,0.0,0.0,0.0
156.0,202.0,-8.0,0.0,0.0,0.0
156.0,202.0,-3.0,0.0,0.0,0.0
156.0,207.0,-28.0,0.0,0.0,0.0
156.0,207.0,-23.0,0.0,0.0,0.0
156.0,207.0,-18.0,0.0,0.0,0.0
156.0,207.0,-13.0,0.0,0.0,0.0
156.0,207.0,-8.0,0.0,0.0,0.0
156.0,207.0,-3.0,0.0,0.0,0.0
156.0,212.0,-28.0,-29730.001926891287,11850.725693227198,806.3811750570501
156.0,212.0,-23.0,-30869.542628210544,12412.54917448239,1334.3608731537802
156.0,212.0,-18.0,-31600.849868877736,12317.875140871845,1230.109537178457
156.0,212.0,-13.0,-32046.86112227652,12632.982971110492,564.2248705525386
156.0,212.0,-8.0,-31642.72937290645,12147.809375406518,-242.89083540628295
156.0,212.0,-3.0,-31136.796240286847,11908.089408023015,9.568301648907235
156.0,217.0,-28.0,-26957.041519487913,9007.973588203344,517.1409533861288
156.0,217.0,-23.0,-28053.774340579952,9262.123456195657,1712.1825224682436
156.0,217.0,-18.0,-28907.057045673744,10967.954278311721,1717.6270237813346
156.0,217.0,-13.0,-28952.874637940764,11090.711635711761,80.30531265125305
156.0,217.0,-8.0,-28620.31091574723,10125.74650848864,-985.3805985975581
156.0,217.0,-3.0,-28516.958500554978,9218.066187128003,-145.2540484944623
156.0,222.0,-28.0,-25177.29778472422,6942.6873779040225,1246.802469282886
156.0,222.0,-23.0,-25697.123569939766,8539.815688968814,2004.4024927892708
156.0,222.0,-18.0,-25763.323372408267,9407.158496101327,1399.3639185657264
156.0,222.0,-13.0,-25867.757965887806,9863.48147341868,107.04654719338859
156.0,222.0,-8.0,-26277.56730022168,9200.325689936488,-1009.0058273891265
156.0,222.0,-3.0,-26302.14346237362,7991.372927179735,-1018.9643106746456
156.0,227.0,-28.0,-22949.24277068861,6166.727892697115,1892.6849487549543
156.0,227.0,-23.0,-23028.40220964803,7125.2340697183145,2210.106482381275
156.0,227.0,-18.0,-22942.62525143427,8228.146709180954,1194.7828222267926
156.0,227.0,-13.0,-23338.94188728031,8262.28851114446,49.91792690728942
156.0,227.0,-8.0,-23539.079703076153,8220.72201549682,-1176.4387494982172
156.0,227.0,-3.0,-23905.572462632437,7031.346587900939,-1889.558039245929
161.0,127.0,-28.0,0.0,0.0,0.0
161.0,127.0,-23.0,0.0,0.0,0.0
161.0,127.0,-18.0,0.0,0.0,0.0
161.0,127.0,-13.0,0.0,0.0,0.0
161.0,127.0,-8.0,0.0,0.0,0.0
161.0,127.0,-3.0,0.0,0.0,0.0
161.0,132.0,-28.0,0.0,0.0,0.0
161.0,132.0,-23.0,0.0,0.0,0.0
161.0,132.0,-18.0,0.0,0.0,0.0
161.0,132.0,-13.0,0.0,0.0,0.0
161.0,132.0,-8.0,0.0,0.0,0.0
161.0,132.0,-3.0,0.0,0.0,0.0
161.0,137.0,-28.0,0.0,0.0,0.0
161.0,137.0,-23.0,0.0,0.0,0.0
161.0,137.0,-18.0,0.0,0.0,0.0
161.0,137.0,-13.0,0.0,0.0,0.0
161.0,137.0,-8.0,0.0,0.0,0.0
161.0,137.0,-3.0,0.0,0.0,0.0
161.0,142.0,-28.0,0.0,0.0,0.0
161.0,142.0,-23.0,0.0,0.0,0.0
161.0,142.0,-18.0,0.0,0.0,0.0
161.0,142.0,-13.0,0.0,0.0,0.0
161.0,142.0,-8.0,0.0,0.0,0.0
161.0,142.0,-3.0,0.0,0.0,0.0
161.0,147.0,-28.0,0.0,0.0,0.0
161.0,147.0,-23.0,0.0,0.0,0.0
161.0,147.0,-18.0,0.0,0.0,0.0
161.0,147.0,-13.0,0.0,0.0,0.0
161.0,147.0,-8.0,0.0,0.0,0.0
161.0,147.0,-3.0,0.0,0.0,0.0
161.0,152.0,-28.0,0.0,0.0,0.0
161.0,152.0,-23.0,0.0,0.0,0.0
161.0,152.0,-18.0,0.0,0.0,0.0
161.0,152.0,-13.0,0.0,0.0,0.0
161.0,152.0,-8.0,0.0,0.0,0.0
161.0,152.0,-3.0,0.0,0.0,0.0
161.0,157.0,-28.0,0.0,0.0,0.0
161.0,157.0,-23.0,0.0,0.0,0.0
161.0,157.0,-18.0,0.0,0.0,0.0
161.0,157.0,-13.0,0.0,0.0,0.0
161.0,157.0,-8.0,0.0,0.0,0.0
161.0,157.0,-3.0,0.0,0.0,0.0
161.0,162.0,-28.0,0.0,0.0,0.0
161.0,162.0,-23.0,0.0,0.0,0.0
161.0,162.0,-18.0,0.0,0.0,0.0
161.0,162.0,-13.0,0.0,0.0,0.0
161.0,162.0,-8.0,0.0,0.0,0.0
161.0,162.0,-3.0,0.0,0.0,0.0
161.0,167.0,-28.0,0.0,0.0,0.0
161.0,167.0,-23.0,0.0,0.0,0.0
161.0,167.0,-18.0,0.0,0.0,0.0
161.0,167.0,-13.0,0.0,0.0,0.0
161.0,167.0,-8.0,0.0,0.0,0.0
161.0,167.0,-3.0,0.0,0.0,0.0
161.0,172.0,-28.0,0.0,0.0,0.0
161.0,172.0,-23.0,0.0,0.0,0.0
161.0,172.0,-18.0,0.0,0.0,0.0
161.0,172.0,-13.0,0.0,0.0,0.0
161.0,172.0,-8.0,0.0,0.0,0.0
161.0,172.0,-3.0,0.0,0.0,0.0
161.0,177.0,-28.0,0.0,0.0,0.0
161.0,177.0,-23.0,0.0,0.0,0.0
161.0,177.0,-18.0,0.0,0.0,0.0
161.0,177.0,-13.0,0.0,0.0,0.0
161.0,177.0,-8.0,0.0,0.0,0.0
161.0,177.0,-3.0,0.0,0.0,0.0
161.0,182.0,-28.0,0.0,0.0,0.0
161.0,182.0,-23.0,0.0,0.0,0.0
161.0,182.0,-18.0,0.0,0.0,0.0
161.0,182.0,-13.0,0.0,0.0,0.0
161.0,182.0,-8.0,0.0,0.0,0.0
161.0,182.0,-3.0,0.0,0.0,0.0
161.0,187.0,-28.0,0.0,0.0,0.0
161.0,187.0,-23.0,0.0,0.0,0.0
161.0,187.0,-18.0,0.0,0.0,0.0
161.0,187.0,-13.0,0.0,0.0,0.0
161.0,187.0,-8.0,0.0,0.0,0.0
161.0,187.0,-3.0,0.0,0.0,0.0
161.0,192.0,-28.0,0.0,0.0,0.0
161.0,192.0,-23.0,0.0,0.0,0.0
161.0,192.0,-18.0,0.0,0.0,0.0
161.0,192.0,-13.0,0.0,0.0,0.0
161.0,192.0,-8.0,0.0,0.0,0.0
161.0,192.0,-3.0,0.0,0.0,0.0
161.0,197.0,-28.0,0.0,0.0,0.0
161.0,197.0,-23.0,0.0,0.0,0.0
161.0,197.0,-18.0,0.0,0.0,0.0
161.0,197.0,-13.0,0.0,0.0,0.0
161.0,197.0,-8.0,0.0,0.0,0.0
161.0,197.0,-3.0,0.0,0.0,0.0
161.0,202.0,-28.0,0.0,0.0,0.0
161.0,202.0,-23.0,0.0,0.0,0.0
161.0,202.0,-18.0,0.0,0.0,0.0
161.0,202.0,-13.0,0.0,0.0,0.0
161.0,202.0,-8.0,0.0,0.0,0.0
161.0,202.0,-3.0,0.0,0.0,0.0
161.0,207.0,-28.0,-29862.631061713168,21268.37563404936,1328.4402355772102
161.0,207.0,-23.0,-30831.596999694866,23942.70856279249,1138.788082415131
161.0,207.0,-18.0,-31832.38552489514,23642.653061207544,1311.7792356163152
161.0,207.0,-13.0,-31932.60347240463,23837.000900742725,803.2798565046627
161.0,207.0,-8.0,-31816.01844733139,23328.920096797978,246.14467285225464
161.0,207.0,-3.0,-31206.220302039004,22766.758714524283,1091.3163015588623
161.0,212.0,-28.0,-27819.714754007535,17572.706977560694,911.3231542749537
161.0,212.0,-23.0,-29013.336605533565,17567.330485051636,1380.4833815339125
161.0,212.0,-18.0,-29886.08059850704,19073.197962480685,1157.7374846494838
161.0,212.0,-13.0,-29941.557252881128,19276.749654631283,553.0460300276927
161.0,212.0,-8.0,-29860.276470096665,18276.119392886292,-94.78489744422542
161.0,212.0,-3.0,-29459.813356196166,17505.83944747513,418.6842387700361
161.0,217.0,-28.0,-25433.83679705955,13342.526925124119,1063.860506188792
161.0,217.0,-23.0,-26469.807742395205,14547.033253470225,1920.651098228216
161.0,217.0,-18.0,-26719.04538853223,15768.685053060824,1681.7905169946862
161.0,217.0,-13.0,-26650.793378366026,16694.300008890958,96.44395737794396
161.0,217.0,-8.0,-26919.95560367469,15331.35819817646,-1108.917064395124
161.0,217.0,-3.0,-26799.532381894787,13917.908976611434,-287.6947882340061
161.0,222.0,-28.0,-23441.610466742644,10364.097388170661,1795.0145678758254
161.0,222.0,-23.0,-23480.130024480834,11841.780526414277,1921.0624952185774
161.0,222.0,-18.0,-23443.88043673134,13550.667009379848,1275.6756467715047
161.0,222.0,-13.0,-23843.07069689463,14103.373224095756,40.36140514590041
161.0,222.0,-8.0,-23882.77921313971,13514.867265642739,-946.4349489803125
161.0,222.0,-3.0,-24416.332694866745,11965.851600542694,-1333.3104660308127
161.0,227.0,-28.0,-21102.967091734125,7833.785287514001,1898.4575167511257
161.0,227.0,-23.0,-21509.142936217868,9887.86580871988,2472.3419984894053
161.0,227.0,-18.0,-21360.914076559468,11633.276828937518,1546.4097028968201
161.0,227.0,-13.0,-21572.1640511454,12379.556540983373,-123.65166967153739
161.0,227.0,-8.0,-22290.713363707193,11560.85803357296,-1727.3600398720805
161.0,227.0,-3.0,-22701.779814387235,9764.293487687284,-1904.8638655584396
166.0,127.0,-28.0,0.0,0.0,0.0
166.0,127.0,-23.0,0.0,0.0,0.0
166.0,127.0,-18.0,0.0,0.0,0.0
166.0,127.0,-13.0,0.0,0.0,0.0
166.0,127.0,-8.0,0.0,0.0,0.0
166.0,127.0,-3.0,0.0,0.0,0.0
166.0,132.0,-28.0,0.0,0.0,0.0
166.0,132.0,-23.0,0.0,0.0,0.0
166.0,132.0,-18.0,0.0,0.0,0.0
166.0,132.0,-13.0,0.0,0.0,0.0
166.0,132.0,-8.0,0.0,0.0,0.0
166.0,132.0,-3.0,0.0,0.0,0.0
166.0,137.0,-28.0,0.0,0.0,0.0
166.0,137.0,-23.0,0.0,0.0,0.0
166.0,137.0,-18.0,0.0,0.0,0.0
166.0,137.0,-13.0,0.0,0.0,0.0
166.0,137.0,-8.0,0.0,0.0,0.0
166.0,137.0,-3.0,0.0,0.0,0.0
166.0,142.0,-28.0,0.0,0.0,0.0
166.0,142.0,-23.0,0.0,0.0,0.0
166.0,142.0,-18.0,0.0,0.0,0.0
166.0,142.0,-13.0,0.0,0.0,0.0
166.0,142.0,-8.0,0.0,0.0,0.0
166.0,142.0,-3.0,0.0,0.0,0.0
166.0,147.0,-28.0,0.0,0.0,0.0
166.0,147.0,-23.0,0.0,0.0,0.0
166.0,147.0,-18.0,0.0,0.0,0.0
166.0,147.0,-13.0,0.0,0.0,0.0
166.0,147.0,-8.0,0.0,0.0,0.0
166.0,147.0,-3.0,0.0,0.0,0.0
166.0,152.0,-28.0,0.0,0.0,0.0
166.0,152.0,-23.0,0.0,0.0,0.0
166.0,152.0,-18.0,0.0,0.0,0.0
166.0,152.0,-13.0,0.0,0.0,0.0
166.0,152.0,-8.0,0.0,0.0,0.0
166.0,152.0,-3.0,0.0,0.0,0.0
166.0,157.0,-28.0,0.0,0.0,0.0
166.0,157.0,-23.0,0.0,0.0,0.0
166.0,157.0,-18.0,0.0,0.0,0.0
166.0,157.0,-13.0,0.0,0.0,0.0
166.0,157.0,-8.0,0.0,0.0,0.0
166.0,157.0,-3.0,0.0,0.0,0.0
166.0,162.0,-28.0,0.0,0.0,0.0
166.0,162.0,-23.0,0.0,0.0,0.0
166.0,162.0,-18.0,0.0,0.0,0.0
166.0,162.0,-13.0,0.0,0.0,0.0
166.0,162.0,-8.0,0.0,0.0,0.0
166.0,162.0,-3.0,0.0,0.0,0.0
166.0,167.0,-28.0,0.0,0.0,0.0
166.0,167.0,-23.0,0.0,0.0,0.0
166.0,167.0,-18.0,0.0,0.0,0.0
166.0,167.0,-13.0,0.0,0.0,0.0
166.0,167.0,-8.0,0.0,0.0,0.0
166.0,167.0,-3.0,0.0,0.0,0.0
166.0,172.0,-28.0,0.0,0.0,0.0
166.0,172.0,-23.0,0.0,0.0,0.0
166.0,172.0,-18.0,0.0,0.0,0.0
166.0,172.0,-13.0,0.0,0.0,0.0
166.0,172.0,-8.0,0.0,0.0,0.0
166.0,172.0,-3.0,0.0,0.0,0.0
166.0,177.0,-28.0,0.0,0.0,0.0
166.0,177.0,-23.0,0.0,0.0,0.0
166.0,177.0,-18.0,0.0,0.0,0.0
166.0,177.0,-13.0,0.0,0.0,0.0
166.0,177.0,-8.0,0.0,0.0,0.0
166.0,177.0,-3.0,0.0,0.0,0.0
166.0,182.0,-28.0,0.0,0.0,0.0
166.0,182.0,-23.0,0.0,0.0,0.0
166.0,182.0,-18.0,0.0,0.0,0.0
166.0,182.0,-13.0,0.0,0.0,0.0
166.0,182.0,-8.0,0.0,0.0,0.0
166.0,182.0,-3.0,0.0,0.0,0.0
166.0,187.0,-28.0,0.0,0.0,0.0
166.0,187.0,-23.0,0.0,0.0,0.0
166.0,187.0,-18.0,0.0,0.0,0.0
166.0,187.0,-13.0,0.0,0.0,0.0
166.0,187.0,-8.0,0.0,0.0,0.0
166.0,187.0,-3.0,0.0,0.0,0.0
166.0,192.0,-28.0,0.0,0.0,0.0
166.0,192.0,-23.0,0.0,0.0,0.0
166.0,192.0,-18.0,0.0,0.0,0.0
166.0,192.0,-13.0,0.0,0.0,0.0
166.0,192.0,-8.0,0.0,0.0,0.0
166.0,192.0,-3.0,0.0,0.0,0.0
166.0,197.0,-28.0,0.0,0.0,0.0
166.0,197.0,-23.0,0.0,0.0,0.0
166.0,197.0,-18.0,0.0,0.0,0.0
166.0,197.0,-13.0,0.0,0.0,0.0
166.0,197.0,-8.0,0.0,0.0,0.0
166.0,197.0,-3.0,0.0,0.0,0.0
166.0,202.0,-28.0,-29105.919130487677,32285.161518261797,1210.9926269503849
166.0,202.0,-23.0,-28943.735059488878,36468.22488507615,1420.6323174710506
166.0,202.0,-18.0,-31228.95525354835,35634.49792107959,1372.4439374911124
166.0,202.0,-13.0,-31649.43178260728,36105.725414663066,1017.7686948926893
166.0,202.0,-8.0,-30772.088169936625,35847.94175046126,-134.23176941666017
166.0,202.0,-3.0,-29237.37811009942,35835.13872172951,1739.7401774887012
166.0,207.0,-28.0,-27879.986305126302,27487.883575003092,1041.9476730390172
166.0,207.0,-23.0,-28771.16891584174,28068.447371349364,963.2429000474557
166.0,207.0,-18.0,-28797.1448782261,29825.76240984089,775.9344557200578
166.0,207.0,-13.0,-29346.17438964771,29302.554358948782,316.78691777232603
166.0,207.0,-8.0,-29344.756981734732,28994.92207025032,582.6144593864495
166.0,207.0,-3.0,-29065.99972451608,28356.589997244508,907.7034245103908
166.0,212.0,-28.0,-26228.370454508244,21018.24910114679,779.7053503235877
166.0,212.0,-23.0,-26579.4358453432,22881.287283696205,1293.3854955169415
166.0,212.0,-18.0,-27105.747804779414,23851.05793002059,1219.8620183472979
166.0,212.0,-13.0,-27182.899059928066,24712.8446889321,322.09967986136434
166.0,212.0,-8.0,-27420.835226773805,23423.907380074277,-512.0572521120886
166.0,212.0,-3.0,-27479.937235437723,22671.722987371722,865.0776115203255
166.0,217.0,-28.0,-23635.12159443474,16600.85223451087,1196.5005159628759
166.0,217.0,-23.0,-24156.19793885967,18154.865388052534,1523.663565320116
166.0,217.0,-18.0,-23970.545254078843,20371.493667343046,1097.0912422837787
166.0,217.0,-13.0,-24397.400190443408,20608.89408751816,-172.34275996376684
166.0,217.0,-8.0,-24735.622061423303,20058.295012426886,-713.2807729018583
166.0,217.0,-3.0,-24938.742248174596,18506.396076055895,-549.5103553262784
166.0,222.0,-28.0,-22112.09889337654,12514.450810050124,1330.1275847857644
166.0,222.0,-23.0,-21600.238124458716,15571.440656184925,1879.0920950672314
166.0,222.0,-18.0,-21860.996238815213,16939.905688262726,877.2712341616667
166.0,222.0,-13.0,-22147.65385431538,17526.93752696815,92.76466676989881
166.0,222.0,-8.0,-22337.53362537176,16924.19999668731,-1458.5318158967448
166.0,222.0,-3.0,-22961.001451167165,15526.447225498312,-930.3677345451927
166.0,227.0,-28.0,0.0,0.0,0.0
166.0,227.0,-23.0,0.0,0.0,0.0
166.0,227.0,-18.0,0.0,0.0,0.0
166.0,227.0,-13.0,0.0,0.0,0.0
166.0,227.0,-8.0,0.0,0.0,0.0
166.0,227.0,-3.0,0.0,0.0,0.0
171.0,127.0,-28.0,-11630.309912575925,92983.41516213403,-25179.905606166114
171.0,127.0,-23.0,-19144.095362763688,120947.56284617426,-22668.778083727644
171.0,127.0,-18.0,-22562.448827200187,141567.24755880897,-17045.13925520795
171.0,127.0,-13.0,-22755.317574528992,152310.4851369792,-1137.9483569049182
171.0,127.0,-8.0,-26286.91444800312,144699.44669856818,9949.200447622788
171.0,127.0,-3.0,-19775.423998472717,125192.33559788657,14639.247475685866
171.0,132.0,-28.0,-14387.596763989479,95592.89463140469,-10521.888021719145
171.0,132.0,-23.0,-24809.92919027859,111669.50717831362,-18086.286641022463
171.0,132.0,-18.0,-25892.255349899882,136188.74137383015,-12960.716552942347
171.0,132.0,-13.0,-28702.73178794209,146313.47480368902,2071.2311788082934
171.0,132.0,-8.0,-28261.43160375689,135266.15597870556,11097.167310192544
171.0,132.0,-3.0,-23193.34757065514,121820.05676941652,6033.52614189904
171.0,137.0,-28.0,-19829.21552707292,91612.95345956895,-3020.587142890232
171.0,137.0,-23.0,-24058.303098523007,110828.79163367505,-7579.226227112004
171.0,137.0,-18.0,-34986.03451316672,128090.23502109807,-6102.868999366338
171.0,137.0,-13.0,-38231.92072062049,138460.22917826535,2379.7107486751793
171.0,137.0,-8.0,-33692.27486957533,130568.84614897837,7968.866028712718
171.0,137.0,-3.0,-27265.751253948987,118360.0506286139,1504.76431697177
171.0,142.0,-28.0,-25248.39606852327,92733.77885732999,5318.784545080589
171.0,142.0,-23.0,-34884.37494332477,103823.14015785742,2946.3312264234496
171.0,142.0,-18.0,-40058.07557183304,117985.92945840162,1105.1201163900407
171.0,142.0,-13.0,-42974.739749126,124004.91566767615,608.9343837337088
171.0,142.0,-8.0,-42644.15722253289,120958.90433412745,2454.777293157201
171.0,142.0,-3.0,-37480.39512717736,117581.2482609405,-1647.409026403636
171.0,147.0,-28.0,-30026.930795866454,91776.70577912139,9216.813682802906
171.0,147.0,-23.0,-34916.215026733844,104698.29899981225,7257.089561195925
171.0,147.0,-18.0,-44602.324115962176,109855.61282816887,4466.156830403097
171.0,147.0,-13.0,-47164.42115813364,116655.20729906045,1921.955433823244
171.0,147.0,-8.0,-44959.15072051756,115782.36218780848,-3968.065226612635
171.0,147.0,-3.0,-40599.43794429441,113263.85030192725,-5344.518104387567
171.0,152.0,-28.0,-30760.621682809684,90541.4297220689,10223.43946550845
171.0,152.0,-23.0,-40125.97348421534,97849.36817465645,9084.045073668405
171.0,152.0,-18.0,-44571.49974070631,108368.79166505333,5668.998078971071
171.0,152.0,-13.0,-48634.3587470876,112412.40276181129,1001.0936541974874
171.0,152.0,-8.0,-48098.2758353077,110725.7227161716,-1784.7217918794438
171.0,152.0,-3.0,-42616.31350913697,109258.45265979065,-6505.035243741883
171.0,157.0,-28.0,-31496.391521657657,87173.88695230478,11263.675595782173
171.0,157.0,-23.0,-36523.48037262519,98570.18227682103,9775.051946384745
171.0,157.0,-18.0,-46761.049361175945,101899.55223536235,6409.13314374384
171.0,157.0,-13.0,-49301.30267484943,107320.9393075029,2465.1495626175893
171.0,157.0,-8.0,-47190.29676419149,107128.47151561735,-4721.2866569456
171.0,157.0,-3.0,-43013.99998068263,105543.49010886208,-7273.136278843176
171.0,162.0,-28.0,-30383.050060775407,84220.28622309296,10933.408258106278
171.0,162.0,-23.0,-39364.43326788198,90307.84605655602,9689.91131386389
171.0,162.0,-18.0,-43533.24108411815,99172.11745422683,6219.107297620454
171.0,162.0,-13.0,-47416.621309050344,102567.5351458253,1614.3954997214923
171.0,162.0,-8.0,-46598.0342591864,101359.07244213426,-1246.4268338604331
171.0,162.0,-3.0,-41410.41703153849,100617.90908568453,-6013.06194033711
171.0,167.0,-28.0,-28944.938611113685,79294.64647336322,10453.659692055582
171.0,167.0,-23.0,-33245.5950113013,89066.39566011423,9179.834020706674
171.0,167.0,-18.0,-42735.240226182534,91489.76918858588,6310.200861386198
171.0,167.0,-13.0,-45011.98444186791,96083.14987012462,2841.132366838651
171.0,167.0,-8.0,-43163.530955170056,96061.2003398024,-3447.9277703400567
171.0,167.0,-3.0,-39474.98484107251,95161.28009634277,-5336.3532383011325
171.0,172.0,-28.0,-26527.42832547714,74479.987673179,9249.721321867157
171.0,172.0,-23.0,-34294.94014296176,79526.13444390972,8418.716767870112
171.0,172.0,-18.0,-37700.08158394503,86904.16166932303,5498.689179446382
171.0,172.0,-13.0,-41113.55867180403,89657.50876934308,1965.739148598535
171.0,172.0,-8.0,-40474.545709487604,88591.42045330652,-54.36148575130442
171.0,172.0,-3.0,-36020.93855444659,88060.99611957977,-3631.241071484269
171.0,177.0,-28.0,-23897.891978476488,68108.56075572525,8429.047036537084
171.0,177.0,-23.0,-27289.70062478175,76314.00225847431,7347.564586057675
171.0,177.0,-18.0,-35493.1091636691,78113.41393246572,5404.671358542055
171.0,177.0,-13.0,-37370.94463181114,81729.9977507882,2852.7207463146437
171.0,177.0,-8.0,-35602.340298977375,81874.13215335619,-1758.1340883439987
171.0,177.0,-3.0,-32558.836354345,81172.08196770129,-2819.909978061556
171.0,182.0,-28.0,-21239.151543838885,62780.59585694463,7131.534998360023
171.0,182.0,-23.0,-27551.460813864105,66810.35832411401,6491.585078948594
171.0,182.0,-18.0,-30022.008426293844,72735.1996903641,4163.385922863958
171.0,182.0,-13.0,-32698.502114592622,74768.08340447665,2074.052956822776
171.0,182.0,-8.0,-32350.4757827009,73972.01621128278,992.1643481221495
171.0,182.0,-3.0,-28722.597797852435,73600.05635544649,-1524.9768171326336
171.0,187.0,-28.0,-21311.836765400225,57046.52075654139,5824.90701550575
171.0,187.0,-23.0,-23310.619212430076,63287.14057566566,4896.050546499146
171.0,187.0,-18.0,-28480.850788516495,64351.07400727304,3697.900200375222
171.0,187.0,-13.0,-29577.67291890069,67239.36304936346,2513.276839643924
171.0,187.0,-8.0,-29014.91350356921,66874.6732553528,-580.383580417062
171.0,187.0,-3.0,-27064.578757149833,66304.61564996027,-921.607334290125
171.0,192.0,-28.0,-22063.41181183227,50893.23460968677,3675.8596498655443
171.0,192.0,-23.0,-25829.30881634744,53499.81384819397,3773.754699889587
171.0,192.0,-18.0,-26478.129556671505,58066.88938945893,2424.7143032146814
171.0,192.0,-13.0,-27875.8742309043,59479.56445692922,1398.0343734162066
171.0,192.0,-8.0,-28122.674806901094,58379.711092033176,1324.9756630632562
171.0,192.0,-3.0,-25778.408376287385,57875.695151109154,390.6288618205217
171.0,197.0,-28.0,-23960.542432424252,43897.70332302192,2281.8748414472443
171.0,197.0,-23.0,-24507.034355782747,47867.36663354249,2194.9874437936055
171.0,197.0,-18.0,-27799.158145593654,48626.6616784496,2082.9984184609098
171.0,197.0,-13.0,-28146.331015025997,50440.91477079297,1236.980011538676
171.0,197.0,-8.0,-27022.97534130507,49668.0794001297,-13.945256002197953
171.0,197.0,-3.0,-26176.319705630853,49231.6186349419,691.1046184728933
171.0,202.0,-28.0,-24970.1562877016,37122.74762639374,1117.2940017825815
171.0,202.0,-23.0,-26915.67800422914,38884.32518936109,1285.4510167185738
171.0,202.0,-18.0,-27266.126774169952,41426.841757064045,1009.4960586111164
171.0,202.0,-13.0,-27740.963612818465,41789.0356688667,488.7224852909744
171.0,202.0,-8.0,-27463.257809748073,41021.82252688025,841.0895885481785
171.0,202.0,-3.0,-26422.50227436355,40139.93059818963,872.5339307152278
171.0,207.0,-28.0,-24570.179427014966,29950.97222755676,455.0062954073339
171.0,207.0,-23.0,-24742.455412171068,32824.93281625373,743.7120463551848
171.0,207.0,-18.0,-26117.259337019797,33542.751167644405,1031.6712212945808
171.0,207.0,-13.0,-26117.609355505665,34365.6455423395,305.4355665581914
171.0,207.0,-8.0,-25867.11344816258,33320.10702947374,-559.3609274307798
171.0,207.0,-3.0,-25533.11691818061,32710.821510902675,813.0106317923796
171.0,212.0,-28.0,-22370.987457753916,23628.298602919174,-40.37331646522083
171.0,212.0,-23.0,-23188.883377996994,25268.769784927208,1172.6992460138465
171.0,212.0,-18.0,-22575.49005937063,28065.53644306931,759.5512273432049
171.0,212.0,-13.0,-22919.348139631184,28533.963045116874,-399.57345266123446
171.0,212.0,-8.0,-23387.73613118251,27734.714744145967,-374.72372646005095
171.0,212.0,-3.0,-23438.683448566942,26544.775422981602,218.26909225934008
171.0,217.0,-28.0,-21176.017017928163,18987.142403601807,1199.881287006084
171.0,217.0,-23.0,-20765.03714737417,22268.72613039635,857.3511341816844
171.0,217.0,-18.0,-21093.16001073594,22611.39322475764,332.00398338900857
171.0,217.0,-13.0,-21429.861996821397,23497.849926361137,-206.39391251392902
171.0,217.0,-8.0,-21947.9689482482,23420.492523332385,-637.8473501960016
171.0,217.0,-3.0,-21905.4817387449,22487.123613895186,-295.5748057320303
171.0,222.0,-28.0,-19611.301882009928,15022.219660827715,1765.6838301305604
171.0,222.0,-23.0,-20148.89577802925,17543.793650897493,1565.8749324266485
171.0,222.0,-18.0,-19750.055267062737,19935.24580495828,560.4657389115572
171.0,222.0,-13.0,-20159.43192560295,20299.882842600837,-242.82918119282377
171.0,222.0,-8.0,-20684.891126531227,20510.107627830243,-1101.8101199777634
171.0,222.0,-3.0,-21037.770084421263,18321.03746556949,-1292.9580350844292
171.0,227.0,-28.0,0.0,0.0,0.0
171.0,227.0,-23.0,0.0,0.0,0.0
171.0,227.0,-18.0,0.0,0.0,0.0
171.0,227.0,-13.0,0.0,0.0,0.0
171.0,227.0,-8.0,0.0,0.0,0.0
171.0,227.0,-3.0,0.0,0.0,0.0
176.0,127.0,-28.0,-7965.5450201674175,96925.08134059794,-32834.32958361005
176.0,127.0,-23.0,-18106.627616569058,121597.04027989489,-28189.110808645542
176.0,127.0,-18.0,-23056.71732327179,143171.24929966708,-13600.10705400813
176.0,127.0,-13.0,-26097.006277447563,148457.76763996002,-7876.785669860736
176.0,127.0,-8.0,-24803.508392518565,144111.73299304314,12025.147535193833
176.0,127.0,-3.0,-17153.062395394878,131425.16339706813,21362.751579891497
176.0,132.0,-28.0,-13613.0529540476,89443.19604985112,-20242.097694538785
176.0,132.0,-23.0,-19543.12664913303,116208.31147802659,-20012.815465439035
176.0,132.0,-18.0,-27296.348559006354,132166.85288288535,-13922.260929874543
176.0,132.0,-13.0,-28997.92251733036,140525.69684825957,-2157.1991597057777
176.0,132.0,-8.0,-27683.306719907774,134831.04194308002,9164.023897458821
176.0,132.0,-3.0,-20017.311083064193,119093.96754316794,16373.370402788385
176.0,137.0,-28.0,-15555.93440773849,89676.23869909301,-5968.984825070626
176.0,137.0,-23.0,-26310.49977317001,106451.3218268539,-13830.95446046878
176.0,137.0,-18.0,-31351.94379964291,127139.98950289084,-8501.08390987717
176.0,137.0,-13.0,-34989.117984487355,132740.34696902725,120.2171063618107
176.0,137.0,-8.0,-31779.828958332837,124142.40900018568,7260.028341367249
176.0,137.0,-3.0,-23904.557240955863,111160.02320336201,4954.108698744131
176.0,142.0,-28.0,-24708.75603072732,89616.37826132502,-1386.0010113733936
176.0,142.0,-23.0,-29384.784626270608,107276.0149540409,-2342.8167485663703
176.0,142.0,-18.0,-40056.608548804805,115431.14194655677,-1717.1928656580467
176.0,142.0,-13.0,-42532.46990247809,120913.9493032906,1226.9412731385737
176.0,142.0,-8.0,-38484.59153073786,118941.55811136172,650.4898421935945
176.0,142.0,-3.0,-32336.52391182375,110941.22079776335,2606.613629138774
176.0,147.0,-28.0,-24643.65455012785,93951.83481696424,2343.6076349794007
176.0,147.0,-23.0,-36177.746801922855,103027.48665322908,1559.2480906838541
176.0,147.0,-18.0,-41021.432612379656,114063.27860428207,814.5823898416493
176.0,147.0,-13.0,-45917.09609325346,115885.99015486435,-1280.0683484118952
176.0,147.0,-8.0,-43903.703816533955,114031.47767178451,117.71476194379888
176.0,147.0,-3.0,-35048.555005033166,111907.599747424,-1648.9010282573627
176.0,152.0,-28.0,-30385.56230939092,89457.59202488551,3451.9184588744142
176.0,152.0,-23.0,-33762.60122911562,104116.05157032989,2995.03338917237
176.0,152.0,-18.0,-45427.45176174916,107923.67301210565,2187.63684490672
176.0,152.0,-13.0,-48402.21868992818,111835.08836075697,644.9214350524661
176.0,152.0,-8.0,-44601.96310606042,111283.48515430208,-2981.3686448433423
176.0,152.0,-3.0,-38512.54664869624,108858.30571203529,-685.6020768389502
176.0,157.0,-28.0,-25738.18166817001,90404.37717281522,4216.036029497776
176.0,157.0,-23.0,-37518.692079068875,98207.13365611575,3994.4406682792714
176.0,157.0,-18.0,-42482.733715684844,107543.68733530935,2740.0910683594775
176.0,157.0,-13.0,-47424.35640043278,108810.92604463425,-927.8322024580486
176.0,157.0,-8.0,-45333.50851290744,107518.69193748564,-1286.032586743045
176.0,157.0,-3.0,-37316.76705194144,106377.94778326963,-4243.2943554064395
176.0,162.0,-28.0,-29250.259517845603,84456.18195620814,4544.361246838918
176.0,162.0,-23.0,-32293.293455537303,97567.14893366252,4190.903933582814
176.0,162.0,-18.0,-43267.07739261754,100553.98819480758,3055.020281736077
176.0,162.0,-13.0,-45850.0419629891,104043.6814938855,1242.5090828351551
176.0,162.0,-8.0,-42493.28100162889,103868.11378386618,-2807.0596308389995
176.0,162.0,-3.0,-36696.76704795469,101876.91335122839,-1001.3281895133583
176.0,167.0,-28.0,-23133.615400789695,83338.75982597058,4224.345394147052
176.0,167.0,-23.0,-33556.311736662945,89864.85483396552,4257.364496130324
176.0,167.0,-18.0,-37603.266342393654,97997.01831144682,2977.2184009259354
176.0,167.0,-13.0,-42017.45968115748,99004.48288230746,-205.37307795343082
176.0,167.0,-8.0,-40257.30062190921,97952.9512724727,-476.04354319992325
176.0,167.0,-3.0,-33208.35353207669,97242.46934456364,-3069.1615169373235
176.0,172.0,-28.0,-25386.091716677325,75244.69922983472,3932.201838831329
176.0,172.0,-23.0,-27124.007451273585,86659.24793083807,3730.040887634042
176.0,172.0,-18.0,-36464.80809884962,89086.09477730791,3070.668129665476
176.0,172.0,-13.0,-38575.61726026818,91973.68551361737,1690.5191464472134
176.0,172.0,-8.0,-35709.80005757533,91786.24007574873,-1575.4238834858697
176.0,172.0,-3.0,-31028.480231533766,90197.4136734531,429.86888649900567
176.0,177.0,-28.0,-18917.611164913495,71822.87399142615,3286.2089038441873
176.0,177.0,-23.0,-27345.518163266137,77368.03858545316,3690.5919895025195
176.0,177.0,-18.0,-30193.80836935457,84185.14988005583,2615.6691925394243
176.0,177.0,-13.0,-33758.10981985998,84899.03815621811,372.42082541122426
176.0,177.0,-8.0,-32568.590516536748,83893.52865457906,394.1005269580355
176.0,177.0,-3.0,-26841.084387634968,83437.40216746913,-1229.3071535586064
176.0,182.0,-28.0,-20458.437225943333,63095.641711855584,3020.365173960074
176.0,182.0,-23.0,-21236.823786528188,72807.73909559123,2900.1423859788797
176.0,182.0,-18.0,-28507.03899976448,74474.83308393383,2658.4147961503095
176.0,182.0,-13.0,-29957.415605066137,76650.06433511162,1753.015944678457
176.0,182.0,-8.0,-27776.937383971013,76700.80781905042,-522.2134483941379
176.0,182.0,-3.0,-24520.040105898213,75328.93693020922,1529.0806252575055
176.0,187.0,-28.0,-16472.052338127647,59282.37554792237,2369.2815824383374
176.0,187.0,-23.0,-22089.715760439925,63507.80801905119,2627.5030484675985
176.0,187.0,-18.0,-23246.499126015624,68824.06079097044,1859.2774757982163
176.0,187.0,-13.0,-25705.321104821956,69216.800173479,565.0991275214205
176.0,187.0,-8.0,-25337.16220812768,68350.02941393285,950.4959120697843
176.0,187.0,-3.0,-21761.614986047825,67730.47092766147,-53.143090769482555
176.0,192.0,-28.0,-20315.378400729824,50695.06527205905,1917.6640510588682
176.0,192.0,-23.0,-19305.519228315676,58052.24370780408,1599.9260414654027
176.0,192.0,-18.0,-23289.3994551939,59375.857552415844,1729.1350378473642
176.0,192.0,-13.0,-23854.367642499597,61034.34087791351,1279.448455187119
176.0,192.0,-8.0,-22856.587448283728,60489.4562332841,3.193311029006949
176.0,192.0,-3.0,-21575.309474774876,59560.00269132256,1744.5346520582937
176.0,197.0,-28.0,-18973.114266355446,44599.19918499724,737.9216945279093
176.0,197.0,-23.0,-22510.877267478598,48247.334650855184,1620.6326343499352
176.0,197.0,-18.0,-22010.330200881122,52785.755083218995,1155.7596851620888
176.0,197.0,-13.0,-22986.10513135801,52681.88768186301,93.98761138080134
176.0,197.0,-8.0,-23085.030089561787,51735.71308345344,295.5455018390043
176.0,197.0,-3.0,-20925.517508725756,50439.913720498065,243.2075638834115
176.0,202.0,-28.0,-22687.766404828042,35910.45667873768,663.0092313128956
176.0,202.0,-23.0,-21285.022368093407,41602.23768844938,628.831915790172
176.0,202.0,-18.0,-23480.081548042417,43145.812628190295,905.4723474211158
176.0,202.0,-13.0,-23268.41190429526,44473.653941590164,559.4718640946109
176.0,202.0,-8.0,-22622.429213699234,43096.50272632436,-439.3301209119476
176.0,202.0,-3.0,-22231.842053411565,41756.80718227445,1176.637143764847
176.0,207.0,-28.0,-20754.455145763764,31565.81556440538,-290.7663278473406
176.0,207.0,-23.0,-21862.145189670646,33848.00108613727,443.28155169008465
176.0,207.0,-18.0,-20833.666494073655,37441.02327654339,343.6706808313437
176.0,207.0,-13.0,-21418.45916974167,37698.24509325054,-402.522667799527
176.0,207.0,-8.0,-22065.0213870541,36798.00662702118,1.181439853549741
176.0,207.0,-3.0,-21823.73513705978,35164.6684185617,303.76473396434136
176.0,212.0,-28.0,-20347.820677260053,25904.556751668682,21.06143060890251
176.0,212.0,-23.0,-19228.71304245352,29872.115273032694,122.8364295502954
176.0,212.0,-18.0,-19587.2818946817,31084.73086417096,-48.19293432884107
176.0,212.0,-13.0,-19519.723956062575,32022.63960469758,-201.5835970211083
176.0,212.0,-8.0,-20017.464753623943,31303.190066680872,-771.6319046398427
176.0,212.0,-3.0,-20716.82163102531,30160.209948244752,680.2638723227615
176.0,217.0,-28.0,-17925.865193321875,21025.33588315962,-59.57193116342664
176.0,217.0,-23.0,-18652.421682840268,23876.086648124387,1041.9342534042057
176.0,217.0,-18.0,-17596.96739705918,27108.463305854333,388.06596973047954
176.0,217.0,-13.0,-18092.97540604763,27744.577653421915,-900.8345345612472
176.0,217.0,-8.0,-18714.294296843032,26564.265937085387,-1154.0529466069388
176.0,217.0,-3.0,-19614.18344849862,24482.8575237021,-988.8299069915472
176.0,222.0,-28.0,0.0,0.0,0.0
176.0,222.0,-23.0,0.0,0.0,0.0
176.0,222.0,-18.0,0.0,0.0,0.0
176.0,222.0,-13.0,0.0,0.0,0.0
176.0,222.0,-8.0,0.0,0.0,0.0
176.0,222.0,-3.0,0.0,0.0,0.0
176.0,227.0,-28.0,0.0,0.0,0.0
176.0,227.0,-23.0,0.0,0.0,0.0
176.0,227.0,-18.0,0.0,0.0,0.0
176.0,227.0,-13.0,0.0,0.0,0.0
176.0,227.0,-8.0,0.0,0.0,0.0
176.0,227.0,-3.0,0.0,0.0,0.0
181.0,127.0,-28.0,-7764.382649417504,96740.57371661156,-37616.949959097445
181.0,127.0,-23.0,-14341.60883048575,122823.18803968428,-30432.776560331014
181.0,127.0,-18.0,-23449.201429364468,139222.7896171544,-14986.024334084492
181.0,127.0,-13.0,-24705.65934843816,143950.09692281403,-9710.285042881802
181.0,127.0,-8.0,-20770.743674963123,143669.24403510033,9870.924005763327
181.0,127.0,-3.0,-15911.623546301375,128010.98503505297,26189.0376506068
181.0,132.0,-28.0,-13083.849490728868,90338.89612984922,-25503.055179983676
181.0,132.0,-23.0,-20001.513432295487,113502.98249883053,-23571.609436738345
181.0,132.0,-18.0,-26989.941557114915,129578.75686564928,-12626.79651386749
181.0,132.0,-13.0,-31664.58228071405,136028.7425205719,-3494.10089387165
181.0,132.0,-8.0,-27081.043274005864,133068.17339228833,9062.916224875687
181.0,132.0,-3.0,-19620.404114807974,116952.79871943813,20707.15328057727
181.0,137.0,-28.0,-18731.37291107777,87576.45173814474,-12803.637210524956
181.0,137.0,-23.0,-23485.344485972037,107198.42363258051,-17152.78046172428
181.0,137.0,-18.0,-33914.81437376064,119816.10130696627,-11660.075907567427
181.0,137.0,-13.0,-35746.182520832095,126146.65864744307,1643.6046987686682
181.0,137.0,-8.0,-32106.12010713943,121932.95894433047,8713.759458158549
181.0,137.0,-3.0,-25454.965997668016,108788.51918651978,8786.044246760073
181.0,142.0,-28.0,-21860.227466042194,93636.9576285573,-7077.658835155726
181.0,142.0,-23.0,-30798.697184021272,102601.17689104212,-7451.800869424823
181.0,142.0,-18.0,-35891.63001571004,114070.39816614751,-4589.612696398906
181.0,142.0,-13.0,-39590.71879606363,118234.02928037623,-182.36439099638517
181.0,142.0,-8.0,-36768.46226503449,113339.46908739195,4131.231026689909
181.0,142.0,-3.0,-29573.44497776205,110716.98104962264,4104.647392317982
181.0,147.0,-28.0,-26224.97387740821,94414.76509290429,-3607.918820476845
181.0,147.0,-23.0,-30697.748266552728,104929.4874888143,-3099.687854692941
181.0,147.0,-18.0,-41789.79657020517,109181.62322524136,-2173.172402610733
181.0,147.0,-13.0,-44487.10895199779,113818.53361186438,-658.0652322074527
181.0,147.0,-8.0,-40131.38979407464,112786.65957157417,-52.39617098089207
181.0,147.0,-3.0,-34678.08204966656,109626.79455221938,2875.761607320175
181.0,152.0,-28.0,-26007.89566113867,94609.56739231579,-3205.8909593221424
181.0,152.0,-23.0,-36085.94660845397,100682.11321910578,-1783.8201059559874
181.0,152.0,-18.0,-41093.51823994765,108517.43264958505,-1055.7015344098845
181.0,152.0,-13.0,-45237.83390683518,111557.12981257714,-1320.617541925689
181.0,152.0,-8.0,-43178.43457212735,110438.03203358217,492.2640176390125
181.0,152.0,-3.0,-35578.77517775382,109375.42142467306,1243.2622856823773
181.0,157.0,-28.0,-26963.229175098175,92500.36463524129,-2056.8550506955016
181.0,157.0,-23.0,-31665.114535460936,101712.8905899827,-688.8181112464024
181.0,157.0,-18.0,-42390.431576363546,104765.27822321605,-426.3621614235054
181.0,157.0,-13.0,-45047.540687923385,108993.09564939248,-445.4466609823964
181.0,157.0,-8.0,-41621.045024363426,108660.36699807594,-1742.1403459485678
181.0,157.0,-3.0,-35748.37619952602,107023.2752011594,-35.71411914790269
181.0,162.0,-28.0,-24443.593723115504,90439.76286367167,-1562.4285956173226
181.0,162.0,-23.0,-33513.80173049779,95771.80192366443,-367.76377907347876
181.0,162.0,-18.0,-37884.98505248007,102834.53645554555,-48.66386720764098
181.0,162.0,-13.0,-41662.21270034522,105723.9530302978,-750.7158745927215
181.0,162.0,-8.0,-40011.280699415445,104759.44199670512,355.51295316125686
181.0,162.0,-3.0,-33220.80256228168,104072.34879958724,630.3424018408984
181.0,167.0,-28.0,-23662.085261024567,86034.92637108278,-1195.4561112560125
181.0,167.0,-23.0,-27209.792088173355,94128.8393344979,35.267528033964986
181.0,167.0,-18.0,-36490.21244621736,96739.6091628939,293.10775342017
181.0,167.0,-13.0,-38568.94501840268,100641.21406322102,149.6111063705662
181.0,167.0,-8.0,-35588.38661848107,100396.94562373418,-1141.095830694606
181.0,167.0,-3.0,-30688.731369841666,99062.50316611388,574.7523342928536
181.0,172.0,-28.0,-20328.29123935148,81105.15675316706,-1279.6583640474182
181.0,172.0,-23.0,-27621.202146587882,85796.26133915728,174.1122184665438
181.0,172.0,-18.0,-30584.04293470843,91951.74173263299,438.64387723607183
181.0,172.0,-13.0,-33633.188312818405,94408.51908371347,-142.68982171235695
181.0,172.0,-8.0,-32466.93725822233,93591.46600943706,982.7777062239223
181.0,172.0,-3.0,-27017.802122570534,93126.11033633086,1562.6672780960182
181.0,177.0,-28.0,-18999.56917618611,74452.8855438929,-736.46525995785
181.0,177.0,-23.0,-21095.621750488586,81428.34015589066,178.9612814779034
181.0,177.0,-18.0,-28445.94290528938,83604.81273841899,601.0333782649586
181.0,177.0,-13.0,-29971.77921905816,86863.20431382474,663.9779139584127
181.0,177.0,-8.0,-27599.20782577363,86583.44573429484,-240.88009633562027
181.0,177.0,-3.0,-23950.08725248337,85295.71025702498,1394.416809366593
181.0,182.0,-28.0,-15882.600270175211,67996.43053002702,-969.8109272351185
181.0,182.0,-23.0,-21078.749749911738,71760.14538112654,423.84262506814525
181.0,182.0,-18.0,-22794.483055270666,76840.99550813602,575.8820379960948
181.0,182.0,-13.0,-25078.423639011187,78842.64655190113,335.21122227031344
181.0,182.0,-8.0,-24476.414377772657,78021.80386628401,1364.2902971042836
181.0,182.0,-3.0,-20269.917912909998,77696.09855124494,2158.9000959640907
181.0,187.0,-28.0,-15570.210547357285,60237.754017027444,-157.89213361946628
181.0,187.0,-23.0,-15936.933446984538,66226.22321934513,392.4586755872339
181.0,187.0,-18.0,-21059.632318467156,67765.55170201723,817.9234168275024
181.0,187.0,-13.0,-21996.07998405351,70291.97948841468,679.2532392719539
181.0,187.0,-8.0,-20341.393974346043,70060.78250799816,156.62746682875806
181.0,187.0,-3.0,-18126.726440519207,68934.8480559166,1435.5207701858644
181.0,192.0,-28.0,-15538.79126693297,52854.47458522699,-386.9870754752868
181.0,192.0,-23.0,-18224.70823894434,56046.14448364233,770.1459159504293
181.0,192.0,-18.0,-17865.327442891026,60541.410434445985,730.4849742731237
181.0,192.0,-13.0,-19040.63429988213,61824.23348245846,272.8516876844076
181.0,192.0,-8.0,-19259.08219995198,61042.22318789571,691.3411059402061
181.0,192.0,-3.0,-17195.256245093835,60074.068899990816,1523.4582154500415
181.0,197.0,-28.0,-17741.33276406578,45063.000942855295,142.90328589492864
181.0,197.0,-23.0,-16844.407754675933,49874.69425769923,367.4375120965421
181.0,197.0,-18.0,-19052.75299559637,51417.20477729426,654.3999912377604
181.0,197.0,-13.0,-18775.906145929526,53416.80834376962,308.6901160025412
181.0,197.0,-8.0,-18259.781205322255,52646.65174203183,-377.92942844971793
181.0,197.0,-3.0,-17919.627600982192,51801.24962143773,552.7263002307495
181.0,202.0,-28.0,-18153.05767752791,38257.04430383912,77.92113708200722
181.0,202.0,-23.0,-18554.98287089526,40929.37313819405,48.370661488735976
181.0,202.0,-18.0,-17367.856493718788,44132.342307268824,-229.97197062100335
181.0,202.0,-13.0,-18065.473279940616,45234.88318148233,21.869371945002623
181.0,202.0,-8.0,-18179.909407313677,45070.79793420746,487.6672721828535
181.0,202.0,-3.0,-17745.420220408076,43903.31751316413,455.7280361415722
181.0,207.0,-28.0,-18835.612733394108,31489.40762849087,66.46377941410302
181.0,207.0,-23.0,-17074.138270199343,36057.953938389175,64.33724027041906
181.0,207.0,-18.0,-17564.232177926067,38046.41007328179,-40.242880182010126
181.0,207.0,-13.0,-17371.602401715503,40197.49871179228,-284.532511128405
181.0,207.0,-8.0,-17539.648914494388,38678.301023433596,-569.1226506612547
181.0,207.0,-3.0,-18322.795783804115,37534.84033944083,6.204584427360268
181.0,212.0,-28.0,-17179.33608830075,27022.245682973702,-301.45289728821507
181.0,212.0,-23.0,-17599.416222849326,30006.09642231479,20.575533013983122
181.0,212.0,-18.0,-15930.251787917883,33880.69354586966,-125.24233167581254
181.0,212.0,-13.0,-16087.068540088185,35170.85904988022,-885.201803966716
181.0,212.0,-8.0,-17332.870670425993,34293.35935627904,-273.6751733993716
181.0,212.0,-3.0,-17549.576950499762,31701.917708471283,18.21637097195533
181.0,217.0,-28.0,0.0,0.0,0.0
181.0,217.0,-23.0,0.0,0.0,0.0
181.0,217.0,-18.0,0.0,0.0,0.0
181.0,217.0,-13.0,0.0,0.0,0.0
181.0,217.0,-8.0,0.0,0.0,0.0
181.0,217.0,-3.0,0.0,0.0,0.0
181.0,222.0,-28.0,0.0,0.0,0.0
181.0,222.0,-23.0,0.0,0.0,0.0
181.0,222.0,-18.0,0.0,0.0,0.0
181.0,222.0,-13.0,0.0,0.0,0.0
181.0,222.0,-8.0,0.0,0.0,0.0
181.0,222.0,-3.0,0.0,0.0,0.0
181.0,227.0,-28.0,0.0,0.0,0.0
181.0,227.0,-23.0,0.0,0.0,0.0
181.0,227.0,-18.0,0.0,0.0,0.0
181.0,227.0,-13.0,0.0,0.0,0.0
181.0,227.0,-8.0,0.0,0.0,0.0
181.0,227.0,-3.0,0.0,0.0,0.0
186.0,127.0,-28.0,-10843.557120611178,96389.205390263,-39877.43039736819
186.0,127.0,-23.0,-17490.761647870997,119567.38298532263,-34556.44126078893
186.0,127.0,-18.0,-21895.585141939813,136924.0792373011,-18027.856731852953
186.0,127.0,-13.0,-26237.08104196762,143674.40715293828,-3889.0401384051875
186.0,127.0,-8.0,-21011.771676184268,136931.21897621307,11163.446957815002
186.0,127.0,-3.0,-17011.331344826882,122549.73764630004,21900.384937266284
186.0,132.0,-28.0,-16639.64290877207,93886.9608970683,-26998.219553548737
186.0,132.0,-23.0,-18192.557557128403,112340.76588594784,-28799.6813372005
186.0,132.0,-18.0,-27128.86550470936,128717.68758196283,-18817.273363260767
186.0,132.0,-13.0,-28165.797118684786,136094.5555991849,157.1013082241957
186.0,132.0,-8.0,-25636.79471365371,128710.54192220405,13499.213745261439
186.0,132.0,-3.0,-22489.028311689268,116408.36397334684,16783.73016217892
186.0,137.0,-28.0,-16798.97961501973,94816.20919434642,-17899.586233067814
186.0,137.0,-23.0,-24928.068063802915,105428.17727298054,-23381.188771169484
186.0,137.0,-18.0,-28453.539916398284,125477.23340779629,-13595.016335474387
186.0,137.0,-13.0,-32706.79573050653,130856.74646385803,279.5216970887892
186.0,137.0,-8.0,-30260.873327044937,121044.79286203835,14179.17558059917
186.0,137.0,-3.0,-27091.802357808356,111410.64019935211,12149.569648487635
186.0,142.0,-28.0,-22736.281662310066,94175.72569205542,-13119.885612679886
186.0,142.0,-23.0,-26344.39252370179,106890.52963356221,-11753.095631523543
186.0,142.0,-18.0,-35741.16833950318,112285.40877460531,-7795.176947229737
186.0,142.0,-13.0,-37667.73566248499,115598.02100421127,-14.526578391432617
186.0,142.0,-8.0,-34350.90858477491,114884.24029682783,5809.451948288765
186.0,142.0,-3.0,-30010.128247103134,108057.2768748494,9321.66319167877
186.0,147.0,-28.0,-25714.433591210007,97547.90726869556,-9523.524826952642
186.0,147.0,-23.0,-33327.04772488871,103088.60006441528,-8351.898713081639
186.0,147.0,-18.0,-36870.32494223416,110715.72849340868,-5883.889107542755
186.0,147.0,-13.0,-40629.89012072938,112557.90971807319,-1752.930191980592
186.0,147.0,-8.0,-39604.55801911953,110448.81899428538,3490.290274516026
186.0,147.0,-3.0,-35060.55663516252,108233.09079998342,5256.719215788332
186.0,152.0,-28.0,-27957.916553265906,94875.9012402583,-9016.482539804285
186.0,152.0,-23.0,-31158.5713054121,105358.83938968257,-7437.434036977541
186.0,152.0,-18.0,-40839.13544929475,108625.6374690714,-4861.159738221966
186.0,152.0,-13.0,-42914.72555827274,111301.36903017212,-964.7812166524326
186.0,152.0,-8.0,-39797.83270718913,110752.95975474377,1429.228090999538
186.0,152.0,-3.0,-36613.0094729188,109116.32115187464,5434.288126727688
186.0,157.0,-28.0,-26208.902571242164,97343.37317497568,-7891.268920856425
186.0,157.0,-23.0,-33554.978191456044,102232.31388628537,-6217.391825111867
186.0,157.0,-18.0,-36759.66232857802,108808.40620350269,-4135.059186799855
186.0,157.0,-13.0,-40624.06188917408,110224.18445603776,-1872.358710730808
186.0,157.0,-8.0,-39716.23711000278,109394.46581162629,1878.2324404787576
186.0,157.0,-3.0,-35705.75092092329,108611.75722472294,2347.016411804493
186.0,162.0,-28.0,-25551.68218762812,91928.37067130573,-6971.448823262739
186.0,162.0,-23.0,-27940.313670968608,101668.8091104618,-5637.253367578291
186.0,162.0,-18.0,-36385.08348776824,104698.84324825443,-3662.570390804864
186.0,162.0,-13.0,-38115.002329308736,107562.79996993243,-575.208549512898
186.0,162.0,-8.0,-35584.23308931477,107011.61309954703,1087.609617878399
186.0,162.0,-3.0,-32997.08785144413,105596.80595774623,4542.309154301527
186.0,167.0,-28.0,-22093.193124279635,91113.54350082537,-6180.77407809657
186.0,167.0,-23.0,-28030.318736877078,95610.47056430134,-4699.843229700602
186.0,167.0,-18.0,-29844.11861891475,101735.56184585018,-2911.5082016708498
186.0,167.0,-13.0,-32947.70742656595,103095.25510802401,-1387.315540382808
186.0,167.0,-8.0,-32643.628803454234,102417.84637638171,1890.453693872006
186.0,167.0,-3.0,-29343.449493778702,101756.63364236098,2383.8487394829604
186.0,172.0,-28.0,-20556.002944151092,83005.13459781854,-5355.84603435994
186.0,172.0,-23.0,-21514.396631792173,91775.95167735268,-4295.337786629026
186.0,172.0,-18.0,-28151.336288962608,94427.52608676728,-2521.730423398891
186.0,172.0,-13.0,-29098.875823790982,96873.20524490028,-97.37654868895235
186.0,172.0,-8.0,-27396.45529832175,96486.59216682486,1304.4675449106364
186.0,172.0,-3.0,-25641.82906272354,95384.66138194161,4523.292780437519
186.0,177.0,-28.0,-16870.5466495323,79077.83468880087,-4531.448663470639
186.0,177.0,-23.0,-20956.204457696236,83128.18938736453,-3341.824105558356
186.0,177.0,-18.0,-21458.784104971244,88410.8524553895,-2066.5006025211933
186.0,177.0,-13.0,-23793.62326028531,89515.06995388799,-685.8675944978615
186.0,177.0,-8.0,-23896.557723628554,88901.18901200047,2125.628599539946
186.0,177.0,-3.0,-21656.75584424233,88167.44271838966,2629.530312625941
186.0,182.0,-28.0,-15464.194845685326,69354.8287426764,-3681.7003088816055
186.0,182.0,-23.0,-15086.869555406942,76768.88360955086,-3018.662017750318
186.0,182.0,-18.0,-19707.72209717332,78986.50254070779,-1664.4820347252228
186.0,182.0,-13.0,-20292.05792802097,81058.95008481028,321.0278328158482
186.0,182.0,-8.0,-19023.092763963632,80572.49236013027,1487.1464420424006
186.0,182.0,-3.0,-18274.030266402864,79499.53907129346,4206.446203574435
186.0,187.0,-28.0,-13373.488819547074,63306.8328874916,-2509.6778408459686
186.0,187.0,-23.0,-15423.457358700496,66598.90878240623,-1780.6341404303491
186.0,187.0,-18.0,-14427.971319304252,71148.03106264175,-1212.392195837013
186.0,187.0,-13.0,-15989.853399255197,72040.28667112273,-276.29861951986624
186.0,187.0,-8.0,-16610.24679390739,71379.26811981385,1411.679103297911
186.0,187.0,-3.0,-15511.389000153433,70511.44895217408,1746.220518081683
186.0,192.0,-28.0,-14254.767010285519,51476.18080266592,-1347.2761270841997
186.0,192.0,-23.0,-12703.535504187606,57811.58334179978,-949.4939732898204
186.0,192.0,-18.0,-14747.766294336016,60348.193548698524,-346.0052749568641
186.0,192.0,-13.0,-14346.831006158684,62429.73951693606,8.92859425066047
186.0,192.0,-8.0,-14103.301878975597,61318.257285922926,233.052614737125
186.0,192.0,-3.0,-14450.757885652727,60035.77059965833,2019.9732943878575
186.0,197.0,-28.0,-13790.94789589285,45909.145776609024,-582.7547557540419
186.0,197.0,-23.0,-14831.433893760259,49834.40164459071,-313.1443373451818
186.0,197.0,-18.0,-13269.652933146288,52638.5369320931,-267.626926638652
186.0,197.0,-13.0,-13588.425536946794,53353.92192073078,-430.2156176107722
186.0,197.0,-8.0,-14338.609383189318,53796.015126548,618.7978750507747
186.0,197.0,-3.0,-14034.26290737615,52519.79784448282,51.221117468740495
186.0,202.0,-28.0,-15793.44839420954,37476.613773543235,4.031323509243781
186.0,202.0,-23.0,-13538.263447717847,43665.37130876078,-571.8325596638946
186.0,202.0,-18.0,-14978.459508637983,45246.565498761825,-14.475843999727365
186.0,202.0,-13.0,-14301.400554367703,46737.513162943724,-64.58413074783412
186.0,202.0,-8.0,-13937.35306240202,46701.15139885649,-459.4145442839512
186.0,202.0,-3.0,-14368.123767516718,45021.33251753945,636.8948757776616
186.0,207.0,-28.0,0.0,0.0,0.0
186.0,207.0,-23.0,0.0,0.0,0.0
186.0,207.0,-18.0,0.0,0.0,0.0
186.0,207.0,-13.0,0.0,0.0,0.0
186.0,207.0,-8.0,0.0,0.0,0.0
186.0,207.0,-3.0,0.0,0.0,0.0
186.0,212.0,-28.0,0.0,0.0,0.0
186.0,212.0,-23.0,0.0,0.0,0.0
186.0,212.0,-18.0,0.0,0.0,0.0
186.0,212.0,-13.0,0.0,0.0,0.0
186.0,212.0,-8.0,0.0,0.0,0.0
186.0,212.0,-3.0,0.0,0.0,0.0
186.0,217.0,-28.0,0.0,0.0,0.0
186.0,217.0,-23.0,0.0,0.0,0.0
186.0,217.0,-18.0,0.0,0.0,0.0
186.0,217.0,-13.0,0.0,0.0,0.0
186.0,217.0,-8.0,0.0,0.0,0.0
186.0,217.0,-3.0,0.0,0.0,0.0
186.0,222.0,-28.0,0.0,0.0,0.0
186.0,222.0,-23.0,0.0,0.0,0.0
186.0,222.0,-18.0,0.0,0.0,0.0
186.0,222.0,-13.0,0.0,0.0,0.0
186.0,222.0,-8.0,0.0,0.0,0.0
186.0,222.0,-3.0,0.0,0.0,0.0
186.0,227.0,-28.0,0.0,0.0,0.0
186.0,227.0,-23.0,0.0,0.0,0.0
186.0,227.0,-18.0,0.0,0.0,0.0
186.0,227.0,-13.0,0.0,0.0,0.0
186.0,227.0,-8.0,0.0,0.0,0.0
186.0,227.0,-3.0,0.0,0.0,0.0
