x,y,z,Bx,By,Bz
79,123,28,-5171.0039,-545.952,4208.2021
81,123,28,-5570.0679,-650.496,4818.8179
83,123,28,-6001.5859,-795.696,5561.6543
85,123,28,-6452.3359,-993.168,6452.3359
87,123,28,-6907.894,-1268.08,7517.3081
89,123,28,-7338.21,-1653.344,8796.2363
91,123,28,-7697.6079,-2189.616,10321.5742
93,123,28,-7917.5742,-2944.656,11988.748
95,123,28,-7853.8682,-3992.032,13300.1299
97,123,28,-7248.0601,-5413.0562,13861.4639
99,123,28,-5835.71,-7217.4082,13896.3223
101,123,28,-3563.9302,-9302.4795,13909.5439
103,123,28,-806.542,-11453.376,13907.1406
105,123,28,2016.9561,-13410.6719,13910.7461
107,123,28,4769.5361,-15015.6162,13908.3418
109,123,28,7380.2803,-16202.3838,13902.332
111,123,28,9748.2197,-16940.0,13898.7266
113,123,28,11782.0039,-17182.0,13885.5039
115,123,28,13070.5479,-16881.9199,13777.3242
117,123,28,13491.248,-16006.8477,12551.2842
119,123,28,13343.4023,-14572.2715,9988.6201
121,123,28,12589.748,-12738.8799,7559.3779
123,123,28,11390.1523,-10771.9043,5727.5303
125,123,28,10209.7881,-8928.832,4368.0679
127,123,28,9180.876,-7312.272,3337.9541
129,123,28,8314.2344,-5908.6719,2531.4121
131,123,28,7613.4683,-4698.6719,1895.5541
133,123,28,7056.9419,-3618.384,1371.4821
135,123,28,6639.8481,-2646.512,937.56
137,123,28,6350.166,-1754.016,557.728
139,123,28,6179.4819,-909.92,212.754
141,123,28,6120.584,-94.864,-115.392
143,123,28,6169.8662,720.192,-444.74
145,123,28,6329.7319,1558.48,-796.926
147,123,28,6601.3843,2435.488,-1191.182
149,123,28,6989.6304,3374.448,-1640.73
151,123,28,7494.4702,4392.7842,-2175.6201
153,123,28,8131.5303,5558.2559,-2837.9221
155,123,28,8903.2139,6880.5439,-3668.5042
157,123,28,9804.7139,8390.624,-4732.2739
159,123,28,10793.96,10096.2402,-6104.958
161,123,28,11755.5605,11921.8877,-7882.7163
163,123,28,12438.2959,13699.1357,-10172.5264
165,123,28,12477.9619,15162.752,-12480.3662
167,123,28,11699.0664,16124.9443,-13649.9121
169,123,28,10208.5859,16579.9043,-13875.8887
171,123,28,8274.5684,16543.1191,-13891.5146
173,123,28,6078.5142,16053.3115,-13902.332
175,123,28,3733.4121,15091.1201,-13899.9287
177,123,28,1308.978,13677.8398,-13905.9385
179,123,28,-1153.92,11852.1924,-13902.332
181,123,28,-3556.718,9767.1201,-13892.7158
183,123,28,-5678.248,7664.624,-13883.1006
185,123,28,-7125.4561,5802.1919,-13814.5859
187,123,28,-7816.606,4317.2798,-13036.8926
189,123,28,-7970.4619,3206.0159,-11729.1162
191,123,28,-7803.3843,2402.5759,-10082.376
193,123,28,-7466.8242,1817.9039,-8617.1377
195,123,28,-7043.7202,1391.984,-7373.0684
197,123,28,-6591.7681,1084.16,-6340.5503
199,123,28,-6133.8062,857.648,-5467.8979
201,123,28,-5690.2681,693.088,-4739.4863
203,123,28,-5263.5581,567.248,-4115.6479
205,123,28,-4865.6963,474.32,-3589.1721
205,125,28,-4765.9302,760.848,-3557.9202
203,125,28,-5122.9243,884.752,-4059.1541
201,125,28,-5506.3623,1043.504,-4654.144
199,125,28,-5895.8101,1246.7839,-5353.708
197,125,28,-6278.0459,1517.824,-6177.0781
195,125,28,-6633.8379,1866.304,-7144.688
193,125,28,-6924.7222,2323.2,-8280.5781
191,125,28,-7085.79,2931.104,-9606.3838
189,125,28,-7022.084,3719.0559,-11106.4805
187,125,28,-6579.748,4754.8159,-12456.3262
185,125,28,-5570.0679,6069.3599,-13368.6445
183,125,28,-3853.6121,7672.3682,-13796.5566
181,125,28,-1621.498,9480.5918,-13863.8682
179,125,28,687.544,11344.96,-13860.2627
177,125,28,2860.76,13081.5518,-13855.4541
175,125,28,4888.5342,14518.0635,-13760.4961
173,125,28,6785.29,15588.6719,-13516.4902
171,125,28,8547.4219,16244.9756,-12944.3379
169,125,28,10033.0938,16475.3594,-11909.416
167,125,28,11046.3799,16254.6563,-10071.5586
165,125,28,11332.4561,15520.9121,-7906.7563
163,125,28,10848.0498,14272.1924,-5947.4961
161,125,28,9930.9238,12628.5283,-4532.7422
159,125,28,8976.5361,10843.5361,-3581.96
157,125,28,8144.752,9103.0723,-2889.6082
155,125,28,7435.5723,7517.4878,-2331.8801
153,125,28,6835.7739,6100.3359,-1867.9081
151,125,28,6338.146,4845.8081,-1477.2581
149,125,28,5939.082,3722.928,-1149.1121
147,125,28,5628.9663,2691.04,-857.026
145,125,28,5409.0,1724.976,-605.808
143,125,28,5271.9722,801.504,-375.024
141,125,28,5225.0942,-102.608,-158.664
139,125,28,5263.5581,-1006.72,51.686
137,125,28,5392.1719,-1943.744,270.45
135,125,28,5609.7339,-2931.104,501.234
133,125,28,5925.8604,-4003.6479,758.462
131,125,28,6341.752,-5188.48,1048.144
129,125,28,6871.834,-6514.6401,1382.3
127,125,28,7529.3281,-8026.6558,1771.748
125,125,28,8339.4766,-9726.4639,2227.3062
123,125,28,9345.5498,-11600.5117,2792.2461
121,125,28,10589.6201,-13521.0244,3637.252
119,125,28,11904.6084,-15211.1523,5074.8442
117,125,28,12696.7266,-16461.8086,7288.9282
115,125,28,12657.0605,-17149.0879,9864.8145
113,125,28,11822.8721,-17311.7109,12111.3525
111,125,28,10317.9678,-16984.5273,13334.9883
109,125,28,8414.0,-16212.0635,13830.2119
107,125,28,6240.7842,-15038.8477,13873.4844
105,125,28,3882.46,-13501.6641,13880.6963
103,125,28,1340.23,-11660.5283,13887.9082
101,125,28,-1329.412,-9668.3838,13883.1006
99,125,28,-3770.6741,-7740.1279,13865.0703
97,125,28,-5559.25,-6032.5762,13665.5381
95,125,28,-6561.7183,-4658.0161,12866.208
93,125,28,-6982.418,-3600.96,11608.916
91,125,28,-7035.3062,-2805.2639,10028.2861
89,125,28,-6864.6221,-2222.5281,8624.3506
87,125,28,-6570.1323,-1781.12,7421.1479
85,125,28,-6214.3403,-1452.0,6399.4482
83,125,28,-5826.0942,-1204.192,5530.4023
81,125,28,-5437.8481,-1012.528,4797.1821
79,125,28,-5062.8242,-867.328,4181.7583
79,127,28,-4923.3921,-1159.6639,4139.688
81,127,28,-5251.5381,-1331.968,4727.4663
83,127,28,-5586.896,-1548.8,5429.4341
85,127,28,-5903.022,-1823.712,6258.814
87,127,28,-6171.0679,-2172.1919,7227.626
89,127,28,-6345.3579,-2613.6001,8350.2939
91,127,28,-6356.1763,-3171.168,9631.626
93,127,28,-6101.3521,-3891.3599,11092.0566
95,127,28,-5417.4141,-4809.0239,12385.4082
97,127,28,-4118.0522,-5964.8159,13255.6563
99,127,28,-2063.834,-7381.9678,13682.3662
101,127,28,533.688,-9043.0557,13796.5566
103,127,28,3154.0481,-10799.0078,13685.9727
105,127,28,5484.7261,-12452.3516,13379.4619
107,127,28,7541.3481,-13852.0801,12709.9482
109,127,28,9362.3779,-14974.96,11550.0186
111,127,28,10874.4941,-15762.9121,9692.9277
113,127,28,11953.8906,-16177.2158,7487.2583
115,127,28,12387.8125,-16190.7676,5054.4102
117,127,28,11947.8799,-15768.7197,2639.592
119,127,28,10563.1758,-14854.9277,846.208
121,127,28,8868.3564,-13476.4961,88.948
123,127,28,7513.7021,-11803.792,26.444
125,127,28,6585.7583,-10061.3916,145.442
127,127,28,5936.6782,-8402.2402,230.784
129,127,28,5452.272,-6884.416,250.016
131,127,28,5076.0459,-5525.3437,222.37
133,127,28,4776.748,-4288.2397,169.482
135,127,28,4555.5801,-3153.7439,100.968
137,127,28,4404.1279,-2104.4319,24.04
139,127,28,4315.1802,-1109.328,-57.696
141,127,28,4291.1401,-147.136,-141.836
143,127,28,4329.604,811.184,-233.188
145,127,28,4430.5723,1794.672,-334.156
147,127,28,4595.2461,2814.9441,-437.528
149,127,28,4821.2222,3897.168,-550.516
151,127,28,5109.7021,5058.7681,-665.908
153,127,28,5471.5039,6336.5278,-781.3
155,127,28,5917.4463,7745.936,-888.278
157,127,28,6482.3862,9285.0557,-977.226
159,127,28,7230.0303,10903.5518,-1076.9921
161,127,28,8255.3359,12491.0723,-1337.826
163,127,28,9503.0117,13875.3115,-2104.7021
165,127,28,10499.4697,14837.5039,-3639.656
167,127,28,10727.8506,15300.208,-5657.814
169,127,28,10179.7383,15323.4395,-7663.9521
171,127,28,9113.5645,14959.4717,-9393.6299
173,127,28,7730.062,14243.1523,-10868.4844
175,127,28,6179.4819,13224.8164,-11985.1426
177,127,28,4460.6221,11912.208,-12752.0186
179,127,28,2468.908,10378.8955,-13238.8281
181,127,28,180.3,8777.8242,-13464.8047
183,127,28,-2202.064,7265.8081,-13373.4521
185,127,28,-4178.1519,5947.3921,-12866.208
187,127,28,-5461.8882,4863.2319,-11931.0518
189,127,28,-6137.4121,3980.416,-10613.6602
191,127,28,-6391.0342,3271.8401,-9260.208
193,127,28,-6381.418,2702.656,-8047.3901
195,127,28,-6207.1279,2245.76,-6977.6104
197,127,28,-5943.8901,1881.792,-6056.8779
199,127,28,-5620.5522,1597.2,-5267.1641
201,127,28,-5286.396,1368.752,-4594.0439
203,127,28,-4943.8262,1180.96,-4009.8721
205,127,28,-4603.6602,1029.952,-3507.436
205,129,28,-4451.0059,1268.08,-3442.5281
203,129,28,-4749.1021,1438.448,-3916.116
201,129,28,-5047.1982,1643.6639,-4467.834
199,129,28,-5333.2739,1887.6,-5109.7021
197,129,28,-5588.0981,2178.0,-5859.75
195,129,28,-5782.8223,2526.48,-6727.5942
193,129,28,-5868.1641,2946.592,-7734.8701
191,129,28,-5776.812,3444.144,-8880.376
189,129,28,-5405.394,4024.9441,-10143.6777
187,129,28,-4590.438,4731.584,-11485.1104
185,129,28,-3151.644,5577.6162,-12461.1338
183,129,28,-976.024,6623.0562,-12921.5
181,129,28,1563.802,7865.9678,-12869.8145
179,129,28,3874.0461,9211.4883,-12268.8145
177,129,28,5720.3179,10493.1201,-11140.1357
175,129,28,7222.8184,11600.5117,-9642.4443
173,129,28,8532.998,12522.0479,-8083.4502
171,129,28,9638.8379,13257.7275,-6386.2261
169,129,28,10399.7041,13755.2803,-4491.874
167,129,28,10600.4385,13945.0078,-2379.96
165,129,28,9953.7617,13739.792,-349.782
163,129,28,8502.9482,13075.7441,1008.478
161,129,28,6904.2881,11987.7119,1372.6841
159,129,28,5716.7119,10640.2559,1134.688
157,129,28,4958.25,9197.9355,753.654
155,129,28,4467.834,7776.9121,443.538
153,129,28,4127.668,6423.6479,224.774
151,129,28,3871.6421,5167.1841,84.14
149,129,28,3674.5142,4003.6479,-6.01
147,129,28,3517.052,2909.8081,-63.706
145,129,28,3402.8621,1862.432,-105.776
143,129,28,3325.9341,855.712,-139.432
141,129,28,3292.2781,-135.52,-174.29
139,129,28,3295.884,-1122.88,-213.956
137,129,28,3340.3582,-2147.0239,-266.844
135,129,28,3424.498,-3221.5039,-344.974
133,129,28,3553.1121,-4367.6162,-456.76
131,129,28,3729.8062,-5600.8481,-627.444
129,129,28,3967.802,-6927.0078,-879.864
127,129,28,4309.1699,-8365.4561,-1257.292
125,129,28,4842.8579,-9892.96,-1794.5861
123,129,28,5747.9639,-11435.9521,-2454.4841
121,129,28,7267.292,-12847.2959,-2978.5562
119,129,28,9351.5605,-13915.9678,-2711.7122
117,129,28,11269.9521,-14549.04,-1152.718
115,129,28,12196.6943,-14762.0,1212.818
113,129,28,12171.4521,-14636.1602,3716.584
111,129,28,11509.1504,-14187.0078,6089.332
109,129,28,10348.0186,-13422.2881,8257.7402
107,129,28,8815.4678,-12396.208,10186.9502
105,129,28,7025.6899,-11133.9355,11782.0039
103,129,28,4890.938,-9687.7441,12813.3203
101,129,28,2269.376,-8154.4321,13333.7861
99,129,28,-509.648,-6772.1279,13369.8467
97,129,28,-2863.1641,-5624.0801,12916.6924
95,129,28,-4429.3701,-4714.1602,12030.8184
93,129,28,-5324.8599,-3984.2881,10747.082
91,129,28,-5745.5601,-3386.064,9385.2158
89,129,28,-5862.1543,-2894.3201,8172.3979
87,129,28,-5791.2363,-2480.0159,7100.2144
85,129,28,-5598.916,-2141.2161,6165.0581
83,129,28,-5342.8901,-1858.5599,5362.1221
81,129,28,-5053.208,-1624.304,4673.376
79,129,28,-4750.3042,-1430.704,4086.8
79,131,28,-4573.6099,-1659.152,4019.488
81,131,28,-4836.8481,-1864.368,4576.0142
83,131,28,-5084.46,-2104.4319,5239.5181
85,131,28,-5293.6079,-2383.2161,6016.0103
87,131,28,-5425.8281,-2708.4639,6915.106
89,131,28,-5435.4443,-3078.24,7956.0381
91,131,28,-5244.3262,-3498.3521,9135.2002
93,131,28,-4735.8799,-3976.5439,10467.0166
95,131,28,-3735.8162,-4530.2397,11786.8125
97,131,28,-1998.926,-5202.0317,12731.584
99,131,28,587.778,-6075.168,13113.8203
101,131,28,3590.374,-7184.4961,12899.8643
103,131,28,6255.208,-8439.0244,11920.2344
105,131,28,8269.7598,-9658.7041,10147.2842
107,131,28,9881.6426,-10762.2236,8144.752
109,131,28,11211.0547,-11683.7598,5934.2739
111,131,28,12104.1406,-12376.8477,3548.304
113,131,28,12482.7705,-12826.0,1039.73
115,131,28,12284.4404,-13083.4883,-1546.974
117,131,28,11036.7646,-13106.7197,-4021.8921
119,131,28,8680.8438,-12764.0479,-5558.0483
121,131,28,6161.4521,-11985.7764,-5573.6743
123,131,28,4368.0679,-10855.1523,-4633.71
125,131,28,3390.842,-9527.0557,-3542.2939
127,131,28,2890.8101,-8166.0479,-2625.168
129,131,28,2629.9761,-6836.0161,-1935.2201
131,131,28,2484.5339,-5573.7441,-1425.572
133,131,28,2389.5759,-4377.2959,-1042.134
135,131,28,2334.2839,-3254.416,-752.452
137,131,28,2301.8301,-2187.6799,-527.678
139,131,28,2292.2141,-1167.408,-342.57
141,131,28,2300.6279,-172.304,-177.896
143,131,28,2329.4761,820.864,-25.242
145,131,28,2379.96,1831.4559,137.028
147,131,28,2454.4841,2869.1521,316.126
149,131,28,2550.644,3945.5679,534.89
151,131,28,2679.2581,5068.4478,807.744
153,131,28,2858.356,6262.96,1174.354
155,131,28,3131.21,7517.4878,1664.77
157,131,28,3584.364,8806.8643,2304.2341
159,131,28,4386.0981,10073.0078,3047.0701
161,131,28,5756.3779,11205.5684,3658.8882
163,131,28,7712.0322,12072.8955,3573.5461
165,131,28,9624.4141,12523.9844,2288.6082
167,131,28,10702.6084,12549.1523,134.624
169,131,28,10833.626,12225.8398,-2192.448
171,131,28,10314.3623,11658.5918,-4358.4521
173,131,28,9371.9941,10917.1035,-6308.0962
175,131,28,8194.0342,10090.4316,-8038.9761
177,131,28,6850.1982,9178.5762,-9714.5645
179,131,28,5128.9341,8156.3682,-11396.1621
181,131,28,2807.8721,7078.0161,-12432.2861
183,131,28,86.544,6073.2319,-12684.7061
185,131,28,-2297.022,5248.4961,-12223.1387
187,131,28,-3893.2781,4590.2559,-11226.6807
189,131,28,-4806.7979,4034.624,-9900.874
191,131,28,-5263.5581,3550.624,-8656.8037
193,131,28,-5430.6362,3120.832,-7544.9541
195,131,28,-5411.4043,2741.376,-6573.7383
197,131,28,-5276.7803,2410.3201,-5729.9341
199,131,28,-5071.2383,2123.792,-5001.522
201,131,28,-4826.0303,1875.984,-4383.6938
203,131,28,-4557.9839,1661.088,-3836.7842
205,131,28,-4285.1299,1473.296,-3368.0042
205,133,28,-4104.8301,1664.96,-3282.6621
203,133,28,-4348.8359,1856.624,-3724.998
201,133,28,-4584.4282,2073.4561,-4241.8579
199,133,28,-4794.7783,2319.3279,-4839.252
197,133,28,-4965.4619,2594.24,-5535.21
195,133,28,-5067.6323,2904.0,-6346.5601
193,133,28,-5054.4102,3246.6719,-7292.5342
191,133,28,-4858.4839,3614.512,-8382.748
189,133,28,-4371.6743,4013.3279,-9628.0205
187,133,28,-3408.8721,4456.6719,-10993.4922
185,133,28,-1728.4761,4963.9038,-12080.1006
183,133,28,798.128,5593.104,-12565.708
181,133,28,3644.4641,6355.8882,-12185.876
179,133,28,6017.2119,7192.2397,-10880.5039
177,133,28,7703.6182,8040.208,-9035.4346
175,133,28,9006.5859,8886.2402,-7248.0601
173,133,28,10132.8604,9701.2959,-5330.8701
171,133,28,10969.4521,10386.6396,-3139.624
169,133,28,11342.0723,10913.2324,-699.564
167,133,28,10993.4922,11279.1357,1940.0281
165,133,28,9593.1621,11354.6396,4338.0181
163,133,28,7267.292,11048.752,5705.894
161,133,28,4922.1899,10371.1523,5660.2183
159,133,28,3301.894,9426.3838,4781.5562
157,133,28,2395.5859,8334.4795,3738.22
155,133,28,1923.2001,7184.4961,2824.7
153,133,28,1679.194,6036.4478,2087.874
151,133,28,1545.772,4923.248,1518.126
149,133,28,1466.4401,3852.6399,1067.376
147,133,28,1411.1481,2814.9441,697.16
145,133,28,1369.078,1806.288,379.832
143,133,28,1333.0181,818.928,93.756
141,133,28,1306.574,-156.816,-182.704
139,133,28,1280.13,-1132.5599,-465.174
137,133,28,1258.494,-2133.4719,-778.896
135,133,28,1244.0701,-3163.4241,-1143.1021
133,133,28,1239.262,-4239.8398,-1592.65
131,133,28,1263.302,-5362.7202,-2155.186
129,133,28,1345.038,-6526.2559,-2881.1941
127,133,28,1557.792,-7728.5117,-3835.582
125,133,28,2050.6121,-8926.8955,-5050.8042
123,133,28,3103.564,-10043.9678,-6476.376
121,133,28,5094.0762,-10961.6318,-7743.2842
119,133,28,7998.1079,-11519.2002,-7934.4023
117,133,28,10831.2227,-11654.7197,-6353.772
115,133,28,12405.8418,-11453.376,-3661.292
113,133,28,12736.3926,-11062.3037,-889.48
111,133,28,12571.7178,-10601.5361,1685.204
109,133,28,11982.7383,-10022.6719,4213.0103
107,133,28,10886.5146,-9242.4639,6681.918
105,133,28,9403.2461,-8318.9922,9000.5762
103,133,28,7496.874,-7339.376,11226.6807
101,133,28,4804.394,-6361.6958,12659.4639
99,133,28,1587.842,-5529.2158,13030.8818
97,133,28,-1245.272,-4892.272,12691.918
95,133,28,-3144.4321,-4398.5918,11720.7021
93,133,28,-4239.4541,-3982.3521,10348.0186
91,133,28,-4810.4043,-3597.0879,8998.1719
89,133,28,-5049.6021,-3238.928,7821.4141
87,133,28,-5086.8643,-2907.8721,6793.7041
85,133,28,-4995.5122,-2605.856,5910.2339
83,133,28,-4823.626,-2332.8799,5150.5703
81,133,28,-4607.2661,-2090.8799,4497.8843
79,133,28,-4366.8662,-1875.984,3941.3582
79,135,28,-4166.1318,-2061.8401,3850.0061
81,135,28,-4377.6841,-2282.5439,4380.0879
83,135,28,-4566.3979,-2526.48,5008.7339
85,135,28,-4710.6382,-2795.584,5747.9639
87,135,28,-4776.748,-3084.0481,6617.0103
89,135,28,-4719.0522,-3391.8721,7636.3062
91,135,28,-4465.4302,-3705.5039,8811.8623
93,135,28,-3882.46,-4028.8159,10184.5459
95,135,28,-2765.802,-4354.064,11652.1885
97,135,28,-799.33,-4710.2881,12677.4941
99,135,28,2176.822,-5157.5039,13035.6904
101,135,28,5578.4819,-5734.4321,12612.5859
103,135,28,8361.1123,-6423.6479,10939.4023
105,135,28,10273.4941,-7169.0078,8476.5039
107,135,28,11675.0264,-7877.584,5939.082
109,135,28,12584.9404,-8493.2324,3306.7021
111,135,28,12991.2158,-9019.8242,740.432
113,135,28,13141.4658,-9550.2881,-1976.088
115,135,28,12765.2402,-10028.4795,-5031.5723
117,135,28,11011.5225,-10326.624,-8064.2183
119,135,28,7774.5361,-10328.5596,-9829.9561
121,135,28,4431.7739,-9935.5518,-9584.748
123,135,28,2144.3679,-9223.1035,-8114.7021
125,135,28,945.974,-8284.1436,-6421.084
127,135,28,402.67,-7244.5117,-4941.4219
129,135,28,194.724,-6170.0317,-3762.26
131,135,28,145.442,-5116.8481,-2851.144
133,135,28,163.472,-4067.5359,-2126.3381
135,135,28,206.744,-3058.8799,-1537.358
137,135,28,253.622,-2077.3279,-1044.538
139,135,28,298.096,-1117.072,-613.02
141,135,28,335.358,-174.24,-217.562
143,135,28,361.802,762.784,169.482
145,135,28,384.64,1713.36,569.748
147,135,28,402.67,2673.616,1008.478
149,135,28,427.912,3657.104,1513.318
151,135,28,477.194,4648.3359,2110.7122
153,135,28,584.172,5674.416,2855.9521
155,135,28,820.966,6710.1758,3782.6941
157,135,28,1324.604,7726.5762,4922.1899
159,135,28,2331.8801,8677.1523,6205.9263
161,135,28,4139.688,9480.5918,7309.3623
163,135,28,6781.6841,10061.3916,7494.4702
165,135,28,9490.9922,10313.0723,6108.564
167,135,28,11224.2764,10260.7998,3543.4961
169,135,28,11788.0146,9972.3359,697.16
171,135,28,11582.4727,9511.5684,-1913.584
173,135,28,10916.5645,8882.3682,-4295.9482
175,135,28,9904.4805,8107.9678,-6506.4263
177,135,28,8587.0879,7298.7197,-8581.0781
179,135,28,6865.8242,6553.3599,-10584.8125
181,135,28,4436.582,5898.9922,-12063.2725
183,135,28,1444.8041,5314.3198,-12523.6387
185,135,28,-1198.394,4828.3838,-12039.2324
187,135,28,-2971.344,4417.9521,-10896.1299
189,135,28,-3976.2161,4053.9839,-9497.002
191,135,28,-4489.4702,3709.376,-8237.3057
193,135,28,-4710.6382,3378.3201,-7144.688
195,135,28,-4752.708,3062.752,-6208.3301
197,135,28,-4680.5879,2772.3521,-5407.7983
199,135,28,-4536.3481,2501.312,-4721.4561
201,135,28,-4351.2402,2257.376,-4137.2842
203,135,28,-4139.688,2034.736,-3628.8381
205,135,28,-3916.116,1833.392,-3191.3101
205,137,28,-3718.988,1986.3359,-3089.1401
203,137,28,-3918.52,2187.6799,-3501.426
201,137,28,-4108.436,2410.3201,-3987.0342
199,137,28,-4273.1099,2654.2561,-4550.772
197,137,28,-4395.7139,2915.616,-5208.2661
195,137,28,-4454.6123,3198.272,-5987.1621
193,137,28,-4404.1279,3494.48,-6904.2881
191,137,28,-4181.7583,3804.24,-7995.7041
189,137,28,-3670.908,4119.8081,-9268.6221
187,137,28,-2668.4399,4448.9277,-10707.416
185,137,28,-893.086,4799.3437,-11939.4658
183,137,28,1809.01,5194.2881,-12487.5781
181,137,28,4881.3223,5651.1841,-12057.2627
179,137,28,7416.3403,6168.0962,-10547.5498
177,137,28,9242.1777,6745.0239,-8400.7783
175,137,28,10605.2461,7364.5439,-6066.4941
173,137,28,11571.6543,7980.1919,-3581.96
171,137,28,12134.1904,8549.376,-951.984
169,137,28,12199.0986,8994.6563,1831.848
167,137,28,11483.9082,9261.8242,4810.4043
165,137,28,9554.6982,9306.3516,7506.4902
163,137,28,6571.334,9097.2637,8974.1318
161,137,28,3610.8081,8624.8799,8746.9541
159,137,28,1566.2061,7945.3437,7502.8843
157,137,28,424.306,7126.416,6032.8379
155,137,28,-143.038,6230.0479,4704.6279
153,137,28,-397.862,5304.6401,3601.1921
151,137,28,-501.234,4371.4878,2704.5
149,137,28,-533.688,3451.8879,1970.078
147,137,28,-543.304,2538.0959,1345.038
145,137,28,-546.91,1632.048,793.32
143,137,28,-561.334,735.68,288.48
141,137,28,-590.182,-160.688,-203.138
139,137,28,-634.656,-1049.312,-698.362
137,137,28,-695.958,-1955.36,-1235.656
135,137,28,-766.876,-2871.0879,-1842.666
133,137,28,-836.592,-3806.176,-2556.6541
131,137,28,-881.066,-4758.688,-3425.7
129,137,28,-847.41,-5709.2642,-4490.6719
127,137,28,-634.656,-6654.0317,-5840.5181
125,137,28,-51.686,-7558.144,-7505.2881
123,137,28,1251.282,-8344.1602,-9396.0342
121,137,28,3734.614,-8934.6396,-11055.9961
119,137,28,7367.0581,-9221.168,-11382.9404
117,137,28,11000.7041,-9190.1924,-9547.4863
115,137,28,12991.2158,-8897.8555,-6269.6323
113,137,28,13461.1982,-8435.1523,-2894.416
111,137,28,13374.6543,-7865.9678,92.554
109,137,28,12980.3984,-7325.8237,2771.812
107,137,28,12278.4307,-6845.6958,5435.4443
105,137,28,10968.25,-6338.4639,8119.5103
103,137,28,9082.3125,-5825.4238,10738.668
101,137,28,6240.7842,-5372.3999,12588.5459
99,137,28,2727.3381,-5008.4321,13046.5078
97,137,28,-365.408,-4708.3521,12684.7061
95,137,28,-2397.99,-4421.8242,11594.4922
93,137,28,-3541.092,-4137.2319,10083.5781
91,137,28,-4134.8799,-3842.96,8685.6523
89,137,28,-4402.9263,-3550.624,7498.0762
87,137,28,-4477.4502,-3256.3521,6487.1943
85,137,28,-4430.5723,-2975.6321,5628.9663
83,137,28,-4306.7661,-2708.4639,4899.3521
81,137,28,-4139.688,-2462.592,4277.918
79,137,28,-3946.166,-2238.0159,3750.24
79,139,28,-3731.0081,-2392.896,3639.656
81,139,28,-3899.2881,-2621.344,4138.4858
83,139,28,-4045.9321,-2874.96,4733.4761
85,139,28,-4149.3042,-3144.064,5440.252
87,139,28,-4181.7583,-3428.656,6274.4399
89,139,28,-4101.2241,-3722.928,7270.8979
91,139,28,-3835.582,-4017.2,8446.4541
93,139,28,-3255.0161,-4309.5361,9846.7842
95,139,28,-2138.3582,-4580.5762,11423.8086
97,139,28,-129.816,-4820.6401,12593.3545
99,139,28,2954.5161,-5023.9199,13008.0439
101,139,28,6519.6479,-5196.2241,12594.5566
103,139,28,9450.124,-5403.376,10784.3438
105,139,28,11397.3643,-5682.1602,8105.0859
107,139,28,12659.4639,-5999.6641,5400.5859
109,139,28,13359.0283,-6408.1602,2699.6921
111,139,28,13616.2559,-6946.3682,-186.31
113,139,28,13646.3066,-7484.5762,-3507.436
115,139,28,13319.3623,-7895.0078,-7126.6582
117,139,28,11245.9121,-8158.3042,-10632.8926
119,139,28,7333.4023,-8210.5762,-12350.5498
121,139,28,3341.5601,-7989.8721,-12116.1602
123,139,28,593.788,-7513.6157,-10554.7617
125,139,28,-875.056,-6857.312,-8483.7158
127,139,28,-1526.54,-6082.9121,-6685.5239
129,139,28,-1770.546,-5252.3682,-5189.0342
131,139,28,-1810.212,-4406.3359,-3991.842
133,139,28,-1759.728,-3544.8159,-3000.1921
135,139,28,-1676.79,-2691.04,-2178.0239
137,139,28,-1591.448,-1841.136,-1466.4401
139,139,28,-1521.7321,-1000.912,-834.188
141,139,28,-1470.046,-168.432,-242.804
143,139,28,-1442.4,662.112,336.56
145,139,28,-1430.38,1506.208,939.964
147,139,28,-1431.582,2346.4319,1589.0441
149,139,28,-1431.582,3186.656,2315.052
151,139,28,-1401.532,4026.8799,3160.0581
153,139,28,-1293.3521,4869.04,4179.354
155,139,28,-1012.084,5697.6479,5413.8081
157,139,28,-390.65,6487.5361,6883.854
159,139,28,847.41,7198.0479,8499.3418
161,139,28,3036.252,7792.3999,9875.6318
163,139,28,6219.1479,8198.96,10189.3545
165,139,28,9471.7598,8367.3916,8715.7021
167,139,28,11646.1777,8301.5684,5923.4561
169,139,28,12527.2441,8069.248,2799.458
171,139,28,12589.748,7726.5762,-198.33
173,139,28,12128.1807,7327.7598,-3033.8481
175,139,28,11176.1963,6915.3921,-5659.0161
177,139,28,9826.3506,6483.6641,-8079.8442
179,139,28,7971.6641,6036.4478,-10321.5742
181,139,28,5392.1719,5616.3359,-11933.4561
183,139,28,2240.5281,5234.9438,-12398.6299
185,139,28,-532.486,4888.3999,-11840.9023
187,139,28,-2343.9001,4565.0879,-10549.9541
189,139,28,-3351.176,4245.6479,-9097.9385
191,139,28,-3868.0361,3937.824,-7831.0303
193,139,28,-4104.8301,3635.8079,-6748.0283
195,139,28,-4167.334,3341.5359,-5834.5083
197,139,28,-4126.4663,3064.688,-5070.0361
199,139,28,-4019.488,2801.3921,-4420.9561
201,139,28,-3872.844,2555.52,-3871.6421
203,139,28,-3700.958,2329.0081,-3394.448
205,139,28,-3517.052,2119.9199,-2989.374
205,141,28,-3315.116,2239.9519,-2879.9919
203,141,28,-3478.5881,2449.04,-3261.0261
201,141,28,-3632.4441,2679.4241,-3711.7761
199,141,28,-3761.0581,2925.2959,-4237.0503
197,141,28,-3853.6121,3190.5281,-4860.8882
195,141,28,-3886.0662,3471.248,-5603.7241
193,141,28,-3818.7542,3765.52,-6490.8003
191,141,28,-3586.7681,4071.408,-7560.5801
189,141,28,-3083.1301,4379.2319,-8814.2666
187,141,28,-2091.48,4692.8638,-10256.666
185,141,28,-304.106,5006.4961,-11620.9365
183,141,28,2424.4341,5310.4478,-12214.7246
181,141,28,5579.6841,5600.8481,-11795.2266
179,141,28,8251.7305,5893.1841,-10102.8105
177,141,28,10137.668,6210.688,-7802.1821
175,141,28,11489.918,6541.7441,-5330.8701
173,141,28,12429.8818,6841.8237,-2700.894
171,141,28,12834.9561,7087.6958,175.492
169,141,28,12766.4424,7296.7842,3251.4102
167,141,28,11909.416,7474.896,6520.8501
165,141,28,9618.4043,7542.6558,9516.2344
163,141,28,6144.624,7405.2002,11126.9141
161,141,28,2703.2981,7052.8481,10843.2422
159,141,28,313.722,6535.936,9408.0537
157,141,28,-1054.1541,5910.6079,7691.5981
155,141,28,-1752.516,5213.6479,6108.564
153,141,28,-2075.854,4476.0317,4757.5161
151,141,28,-2203.2661,3717.1199,3632.4441
149,141,28,-2236.9221,2952.3999,2685.2681
147,141,28,-2238.124,2179.936,1865.504
145,141,28,-2234.5181,1401.6639,1127.4761
143,141,28,-2242.9321,629.2,448.346
141,141,28,-2274.1841,-141.328,-212.754
139,141,28,-2329.4761,-911.856,-879.864
137,141,28,-2407.606,-1684.3199,-1592.65
135,141,28,-2500.1602,-2462.592,-2385.97
133,141,28,-2586.7041,-3242.8,-3298.2881
131,141,28,-2639.592,-4017.2,-4380.0879
129,141,28,-2587.906,-4770.3042,-5679.4502
127,141,28,-2318.658,-5500.1758,-7278.1104
125,141,28,-1603.468,-6168.0962,-9203.7139
123,141,28,-63.706,-6735.3437,-11357.6982
121,141,28,2817.488,-7138.0317,-12733.9883
119,141,28,6998.0439,-7321.9521,-12932.3184
117,141,28,11184.6104,-7296.7842,-11546.4121
115,141,28,13417.9258,-7105.1201,-7956.0381
113,141,28,13749.6787,-6795.3599,-4131.2739
111,141,28,13761.6982,-6379.1201,-561.334
109,141,28,13572.9844,-5902.8638,2635.9861
107,141,28,12941.9346,-5519.5361,5431.8379
105,141,28,11700.2686,-5308.5122,8121.9141
103,141,28,9720.5742,-5209.7759,10751.8906
101,141,28,6763.6543,-5186.5439,12520.0322
99,141,28,3224.9661,-5142.0161,12908.2783
97,141,28,152.654,-5000.688,12431.084
95,141,28,-1824.636,-4783.856,11206.2461
93,141,28,-2942.4961,-4505.0718,9631.626
91,141,28,-3526.668,-4204.9922,8242.1143
89,141,28,-3800.7241,-3902.9761,7086.9922
87,141,28,-3892.0762,-3600.96,6108.564
85,141,28,-3872.844,-3310.5601,5288.8003
83,141,28,-3787.502,-3033.7119,4600.0542
81,141,28,-3657.686,-2774.2881,4014.6802
79,141,28,-3503.8301,-2536.1599,3518.2542
79,143,28,-3274.248,-2662.0,3388.438
81,143,28,-3405.2661,-2905.936,3851.208
83,143,28,-3513.446,-3171.168,4406.5322
85,143,28,-3583.1621,-3457.696,5065.228
87,143,28,-3585.5662,-3759.7119,5851.3359
89,143,28,-3484.5981,-4071.408,6792.502
91,143,28,-3214.1479,-4390.8481,7911.564
93,143,28,-2648.0061,-4704.48,9254.1982
95,143,28,-1581.832,-4991.0078,10784.3438
97,143,28,308.914,-5213.6479,12111.3525
99,143,28,3220.158,-5314.3198,12727.9785
101,143,28,6684.3223,-5281.4082,12414.2559
103,143,28,9680.9082,-5176.8638,10828.8184
105,143,28,11791.6201,-5151.6958,8359.9102
107,143,28,13141.4658,-5285.2798,5733.54
109,143,28,13701.5986,-5598.9121,2739.3582
111,143,28,13837.4238,-5928.0317,-709.18
113,143,28,13831.4141,-6201.0078,-4467.834
115,143,28,13544.1367,-6425.584,-8417.6064
117,143,28,11363.708,-6564.9761,-12033.2227
119,143,28,6983.6201,-6563.04,-13326.5742
121,143,28,2529.0081,-6382.9922,-13161.9004
123,143,28,-537.294,-6038.3838,-11994.7578
125,143,28,-2218.8921,-5548.5762,-9910.4902
127,143,28,-3012.2122,-4967.7759,-7893.5342
129,143,28,-3331.9441,-4328.896,-6195.1079
131,143,28,-3406.468,-3660.9761,-4808.0
133,143,28,-3366.802,-2969.824,-3636.05
135,143,28,-3281.46,-2265.1199,-2644.4001
137,143,28,-3187.7041,-1562.3521,-1776.556
139,143,28,-3107.1702,-855.712,-989.246
141,143,28,-3051.8782,-152.944,-252.42
143,143,28,-3018.2222,551.76,475.992
145,143,28,-3007.4041,1260.3359,1230.848
147,143,28,-3011.01,1966.976,2037.39
149,143,28,-3006.2021,2669.7439,2935.2839
151,143,28,-2961.728,3362.832,3958.186
153,143,28,-2816.2861,4042.3679,5163.792
155,143,28,-2459.292,4704.48,6601.3843
157,143,28,-1697.224,5339.4878,8268.5586
159,143,28,-253.622,5908.6719,10079.9727
161,143,28,2246.5381,6388.7998,11559.6338
163,143,28,5853.7402,6741.1519,11822.8721
165,143,28,9547.4863,6917.3281,10283.1104
167,143,28,12033.2227,6894.0962,7143.4863
169,143,28,12915.4902,6741.1519,3744.23
171,143,28,13008.0439,6566.9121,661.1
173,143,28,12689.5146,6373.312,-2214.084
175,143,28,11854.124,6146.7998,-4923.3921
177,143,28,10493.46,5920.2881,-7471.6323
179,143,28,8559.4424,5755.728,-9810.7246
181,143,28,5877.7803,5608.5918,-11536.7959
183,143,28,2723.7319,5414.9922,-11968.3145
185,143,28,12.02,5155.5679,-11352.8906
187,143,28,-1759.728,4851.6162,-9983.8125
189,143,28,-2753.782,4534.1118,-8566.6543
191,143,28,-3269.4399,4218.5439,-7327.3921
193,143,28,-3512.2441,3908.7839,-6287.6621
195,143,28,-3591.5762,3606.7681,-5418.6162
197,143,28,-3574.748,3322.176,-4696.2139
199,143,28,-3500.2241,3051.136,-4086.8
201,143,28,-3388.438,2801.3921,-3577.1521
203,143,28,-3252.6121,2565.2,-3138.4221
205,143,28,-3104.7661,2348.3679,-2763.3979
205,145,28,-2893.2141,2441.2959,-2641.9961
203,145,28,-3021.8281,2660.064,-2989.374
201,145,28,-3137.22,2898.1919,-3401.6602
199,145,28,-3233.3801,3153.7439,-3886.0662
197,145,28,-3295.884,3428.656,-4461.8242
195,145,28,-3300.6921,3719.0559,-5152.9741
193,145,28,-3212.946,4026.8799,-5981.1523
191,145,28,-2971.344,4348.2559,-6986.0239
189,145,28,-2466.5042,4675.4399,-8176.0039
187,145,28,-1504.9041,4998.752,-9558.3037
185,145,28,183.906,5296.896,-10910.5537
183,145,28,2781.428,5535.0239,-11654.5918
181,145,28,5832.104,5686.0317,-11302.4063
179,145,28,8511.3623,5751.856,-9719.3721
177,145,28,10509.0859,5800.2559,-7508.894
175,145,28,11946.6777,5881.5679,-4972.6743
173,145,28,12790.4824,6009.3437,-2244.134
171,145,28,13145.0723,6193.2642,695.958
169,145,28,13090.9824,6394.6079,3928.136
167,145,28,12230.3506,6512.7041,7546.1562
165,145,28,9631.626,6448.8159,10846.8486
163,145,28,5756.3779,6202.9438,12325.3086
161,145,28,1954.452,5819.6162,12080.1006
159,145,28,-686.342,5349.168,10726.6484
157,145,28,-2228.5081,4822.5762,8850.3262
155,145,28,-3038.656,4259.2002,7108.6279
153,145,28,-3432.9121,3670.656,5598.916
151,145,28,-3601.1921,3060.8159,4318.7861
149,145,28,-3661.292,2437.4241,3223.7642
147,145,28,-3672.1101,1804.3521,2258.5581
145,145,28,-3672.1101,1167.408,1388.3101
143,145,28,-3682.928,526.592,575.758
141,145,28,-3714.1802,-114.224,-215.158
139,145,28,-3771.876,-749.232,-1008.478
137,145,28,-3853.6121,-1388.1119,-1853.484
135,145,28,-3944.9641,-2021.184,-2780.2261
133,145,28,-4025.498,-2650.384,-3831.9761
131,145,28,-4057.9521,-3266.032,-5056.814
129,145,28,-3967.802,-3862.3201,-6512.436
127,145,28,-3626.4341,-4429.5679,-8262.5479
125,145,28,-2798.2561,-4948.416,-10344.4121
123,145,28,-1079.396,-5393.6958,-12358.9639
121,145,28,2077.0562,-5734.4321,-13441.9658
119,145,28,6612.2021,-5941.584,-13564.5703
117,145,28,11199.0342,-6030.6401,-12527.2441
115,145,28,13552.5498,-6005.4722,-9016.2021
113,145,28,13832.6162,-5904.7998,-4914.978
111,145,28,13844.6367,-5778.96,-1091.416
109,145,28,13780.9307,-5639.5679,2488.1401
107,145,28,13361.4326,-5453.7119,5675.8442
105,145,28,11938.2646,-5345.2959,8379.1426
103,145,28,9714.5645,-5380.144,10706.2139
101,145,28,6729.998,-5494.3682,12170.25
99,145,28,3389.6401,-5536.96,12450.3164
97,145,28,560.132,-5434.3521,11750.752
95,145,28,-1260.8981,-5205.9038,10367.25
93,145,28,-2306.6379,-4903.8882,8891.1943
91,145,28,-2869.1741,-4574.7681,7608.6602
89,145,28,-3151.644,-4241.7759,6531.668
87,145,28,-3269.4399,-3914.592,5633.7739
85,145,28,-3282.6621,-3602.896,4871.7061
83,145,28,-3232.178,-3308.624,4241.8579
81,145,28,-3140.8262,-3035.6479,3703.3621
79,145,28,-3027.8381,-2782.032,3250.208
79,147,28,-2782.6301,-2874.96,3096.3521
81,147,28,-2872.78,-3132.448,3514.6479
83,147,28,-2942.4961,-3413.168,4014.6802
85,147,28,-2973.748,-3715.1841,4613.2759
87,147,28,-2942.4961,-4034.624,5323.6582
89,147,28,-2815.084,-4373.4238,6175.876
91,147,28,-2531.4121,-4716.0962,7183.1523
93,147,28,-1982.098,-5062.6401,8401.9805
95,147,28,-991.65,-5382.0801,9801.1084
97,147,28,728.412,-5633.7598,11232.6904
99,147,28,3386.0342,-5769.2798,12024.8086
101,147,28,6620.6162,-5775.0879,11845.71
103,147,28,9597.9697,-5717.0078,10475.4307
105,147,28,11946.6777,-5697.6479,8213.2666
107,147,28,13407.1084,-5713.1357,5452.272
109,147,28,13801.3643,-5715.0718,2198.458
111,147,28,13849.4443,-5701.52,-1364.27
113,147,28,13842.2324,-5707.3281,-5252.7402
115,147,28,13571.7822,-5687.9678,-9441.71
117,147,28,11156.9639,-5587.2959,-12816.9258
119,147,28,6493.2041,-5413.0562,-13712.416
121,147,28,1796.99,-5163.312,-13607.8418
123,147,28,-1456.824,-4830.3198,-12711.1504
125,147,28,-3269.4399,-4419.8882,-10826.4141
127,147,28,-4151.708,-3955.248,-8695.2686
129,147,28,-4531.54,-3451.8879,-6875.4399
131,147,28,-4650.5381,-2929.168,-5365.728
133,147,28,-4636.1143,-2383.2161,-4078.386
135,147,28,-4563.9941,-1825.6479,-2974.95
137,147,28,-4477.4502,-1258.4,-1992.916
139,147,28,-4399.3203,-687.28,-1098.6281
141,147,28,-4340.4219,-116.16,-252.42
143,147,28,-4306.7661,456.896,585.374
145,147,28,-4294.7461,1033.824,1452.016
147,147,28,-4289.938,1604.944,2376.354
149,147,28,-4273.1099,2172.1919,3390.842
151,147,28,-4203.394,2725.8879,4530.3379
153,147,28,-4019.488,3271.8401,5862.1543
155,147,28,-3607.2021,3804.24,7419.9463
157,147,28,-2773.0142,4321.1519,9221.7441
159,147,28,-1202.0,4818.7041,11156.9639
161,147,28,1476.056,5289.1519,12473.1543
163,147,28,5341.688,5722.8159,12725.5742
165,147,28,9371.9941,6067.4238,11523.5742
167,147,28,12179.8662,6272.6401,8242.1143
169,147,28,13203.9707,6321.04,4491.874
171,147,28,13290.5146,6237.792,1022.902
173,147,28,12911.8838,6123.5679,-2044.6021
175,147,28,12064.4746,6051.936,-4793.5762
177,147,28,10612.458,6007.4082,-7252.8682
179,147,28,8603.916,5953.2002,-9365.9844
181,147,28,5984.7583,5871.8882,-10854.0605
183,147,28,3012.2122,5709.2642,-11236.2959
185,147,28,472.386,5461.4561,-10462.208
187,147,28,-1188.7781,5153.6318,-9154.4326
189,147,28,-2131.146,4822.5762,-7838.2422
191,147,28,-2634.7839,4485.7119,-6692.7363
193,147,28,-2888.406,4152.7202,-5727.5303
195,147,28,-2992.98,3835.2161,-4929.4019
197,147,28,-3007.4041,3535.136,-4270.7061
199,147,28,-2962.9302,3254.416,-3717.7861
201,147,28,-2887.2041,2993.0559,-3251.4102
203,147,28,-2787.438,2749.1199,-2854.75
205,147,28,-2674.45,2524.5439,-2515.7861
205,149,28,-2456.8879,2590.3679,-2381.1621
203,149,28,-2550.644,2816.8799,-2694.884
201,149,28,-2629.9761,3062.752,-3063.8979
199,149,28,-2688.874,3327.9839,-3496.6182
197,149,28,-2715.3181,3610.6399,-4012.2761
195,149,28,-2686.47,3918.4639,-4633.71
193,149,28,-2571.0781,4245.6479,-5387.3643
191,149,28,-2316.2542,4586.3838,-6292.4702
189,149,28,-1824.636,4930.9922,-7369.4619
187,149,28,-914.722,5281.4082,-8626.7539
185,149,28,658.696,5604.7197,-9884.0459
183,149,28,3093.948,5877.6958,-10666.5479
181,149,28,5961.9199,6063.5518,-10348.0186
179,149,28,8542.6143,6168.0962,-8929.6582
177,149,28,10548.752,6226.1758,-6862.2183
175,149,28,12028.4141,6264.896,-4425.7642
173,149,28,12922.7021,6284.2559,-1668.376
171,149,28,13321.7666,6276.5122,1479.662
169,149,28,13199.1621,6202.9438,5002.7241
167,149,28,12111.3525,6011.2798,8790.2266
165,149,28,9234.9658,5697.6479,11946.6777
163,149,28,5131.3379,5289.1519,13004.4385
161,149,28,1162.334,4828.3838,12771.25
159,149,28,-1591.448,4359.8721,11583.6738
157,149,28,-3210.542,3891.3599,9637.6357
155,149,28,-4084.396,3418.9761,7786.5562
153,149,28,-4525.5303,2934.9761,6171.0679
151,149,28,-4727.4663,2445.168,4793.5762
149,149,28,-4808.0,1951.488,3612.01
147,149,28,-4832.04,1450.064,2553.0481
145,149,28,-4840.4541,940.896,1584.2361
143,149,28,-4856.0801,429.792,680.332
141,149,28,-4888.5342,-81.312,-200.734
139,149,28,-4946.23,-588.544,-1086.608
137,149,28,-5023.1582,-1095.776,-2020.562
135,149,28,-5104.894,-1597.2,-3035.05
133,149,28,-5172.2061,-2094.752,-4182.96
131,149,28,-5179.418,-2578.752,-5502.7559
129,149,28,-5055.6123,-3047.2639,-7050.9321
127,149,28,-4667.3662,-3496.416,-8893.5986
125,149,28,-3767.0681,-3922.3359,-11075.2285
123,149,28,-1958.058,-4309.5361,-12863.8047
121,149,28,1319.796,-4648.3359,-13716.0225
119,149,28,6003.9902,-4934.8638,-13833.8184
117,149,28,10795.1621,-5192.3521,-13136.6582
115,149,28,13498.46,-5416.9277,-10143.6777
113,149,28,13838.626,-5575.6802,-5901.8203
111,149,28,13848.2422,-5689.9038,-1973.6841
109,149,28,13802.5664,-5813.8081,1545.772
107,149,28,13440.7646,-5926.0962,4740.688
105,149,28,12057.2627,-5995.792,7537.7422
103,149,28,9720.5742,-6034.5122,9817.9365
101,149,28,6766.0581,-6050.0,11296.3965
99,149,28,3618.02,-5988.0479,11507.9482
97,149,28,1034.922,-5811.8721,10624.4785
95,149,28,-629.848,-5533.0879,9275.834
93,149,28,-1605.8721,-5200.0962,7957.2402
91,149,28,-2157.5901,-4841.936,6817.7441
89,149,28,-2455.686,-4485.7119,5862.1543
87,149,28,-2604.7341,-4139.168,5059.2183
85,149,28,-2657.6221,-3811.9839,4386.0981
83,149,28,-2650.4102,-3504.1599,3819.9561
81,149,28,-2601.1279,-3217.6321,3340.3582
79,149,28,-2529.0081,-2954.3359,2934.082
79,151,28,-2275.386,-3010.48,2768.2061
81,151,28,-2324.668,-3273.7759,3133.614
83,151,28,-2349.9102,-3562.24,3572.344
85,151,28,-2337.8901,-3875.8721,4094.012
87,151,28,-2265.77,-4206.9277,4715.4463
89,151,28,-2102.2981,-4557.3437,5457.0801
91,151,28,-1800.5961,-4919.376,6334.54
93,151,28,-1258.494,-5287.2158,7393.502
95,151,28,-326.944,-5635.6958,8620.7441
97,151,28,1260.8981,-5933.8398,9888.8545
99,151,28,3703.3621,-6137.1201,10753.0918
101,151,28,6739.6143,-6220.3682,10553.5605
103,151,28,9638.8379,-6197.1357,9113.5645
105,151,28,11950.2842,-6108.0801,6856.208
107,151,28,13345.8066,-5960.9438,4131.2739
109,151,28,13758.0918,-5771.2158,1006.074
111,151,28,13843.4346,-5564.064,-2473.7161
113,151,28,13829.0098,-5339.4878,-6395.8423
115,151,28,13414.3203,-5082.0,-10582.4082
117,151,28,10563.1758,-4787.728,-13342.2002
119,151,28,5778.0142,-4479.9038,-13865.0703
121,151,28,1009.68,-4168.208,-13801.3643
123,151,28,-2306.6379,-3833.28,-13047.71
125,151,28,-4162.5259,-3465.4399,-11386.5459
127,151,28,-5085.6621,-3082.1121,-9180.876
129,151,28,-5501.5542,-2681.3601,-7287.7261
131,151,28,-5642.188,-2274.8,-5716.7119
133,151,28,-5648.1982,-1848.88,-4352.4419
135,151,28,-5588.0981,-1415.2159,-3175.6841
137,151,28,-5509.9683,-975.744,-2123.9341
139,151,28,-5436.646,-530.464,-1157.526
141,151,28,-5380.1519,-83.248,-237.996
143,151,28,-5347.6982,363.968,674.322
145,151,28,-5329.668,815.056,1621.498
147,151,28,-5317.6479,1262.272,2614.3501
149,151,28,-5287.5981,1703.6799,3698.554
151,151,28,-5204.6602,2137.344,4908.9683
153,151,28,-4997.916,2572.9441,6320.1162
155,151,28,-4557.9839,3006.6079,7953.6343
157,151,28,-3691.342,3444.144,9839.5723
159,151,28,-2086.6721,3891.3599,11775.9941
161,151,28,643.07,4356.0,12950.3486
163,151,28,4601.2559,4845.8081,13243.6367
165,151,28,8775.8018,5312.3838,12420.2666
167,151,28,11786.8125,5713.1357,9528.2539
169,151,28,13062.1338,6015.1519,5810.4683
171,151,28,13280.8984,6214.5601,2269.376
173,151,28,12929.9141,6328.7842,-905.106
175,151,28,12077.6963,6379.1201,-3702.1602
177,151,28,10640.1045,6384.9277,-6149.4321
179,151,28,8674.834,6340.3999,-8220.4785
181,151,28,6155.4419,6228.1118,-9648.4541
183,151,28,3348.772,6032.5762,-10017.4678
185,151,28,986.842,5746.0479,-9317.9043
187,151,28,-568.546,5405.312,-8137.54
189,151,28,-1460.4301,5047.1519,-6964.3882
191,151,28,-1959.26,4685.1201,-5946.2939
193,151,28,-2228.5081,4334.7041,-5096.48
195,151,28,-2361.9299,4001.7119,-4388.502
197,151,28,-2410.01,3688.0801,-3800.7241
199,151,28,-2405.2021,3395.7439,-3311.51
201,151,28,-2365.5361,3128.5759,-2900.426
203,151,28,-2301.8301,2874.96,-2545.8359
205,151,28,-2227.3062,2646.512,-2246.5381
205,153,28,-2004.936,2683.2959,-2107.106
203,153,28,-2061.4299,2913.6799,-2377.5562
201,153,28,-2104.7021,3165.3599,-2698.49
199,153,28,-2123.9341,3434.4639,-3075.918
197,153,28,-2108.3081,3728.7361,-3526.668
195,153,28,-2040.9961,4046.24,-4065.1641
193,153,28,-1894.3521,4381.168,-4713.042
191,153,28,-1615.488,4739.3281,-5500.3521
189,153,28,-1123.87,5109.104,-6439.1143
187,153,28,-256.026,5486.624,-7535.3384
185,153,28,1222.4341,5838.9761,-8631.5625
183,153,28,3476.1841,6142.9277,-9291.46
181,153,28,6156.644,6344.272,-8940.4766
179,153,28,8606.3203,6437.2002,-7544.9541
177,153,28,10523.5098,6437.2002,-5508.7661
175,153,28,11945.4766,6373.312,-3074.7161
173,153,28,12807.3105,6237.792,-306.51
171,153,28,13141.4658,6038.3838,2836.72
169,153,28,12895.0566,5757.6641,6322.52
167,153,28,11524.7764,5389.8237,10001.8418
165,153,28,8500.5439,4938.7358,12678.6963
163,153,28,4291.1401,4433.4399,13428.7441
161,153,28,305.308,3937.824,13127.042
159,153,28,-2450.8779,3478.9919,12013.9902
157,153,28,-4072.376,3058.8799,10113.6279
155,153,28,-4959.4521,2658.1279,8198.8418
153,153,28,-5410.2021,2267.0559,6531.668
151,153,28,-5624.1582,1881.792,5097.6821
149,153,28,-5715.5103,1498.464,3852.4102
147,153,28,-5750.3682,1113.2,2742.9641
145,153,28,-5765.9941,724.064,1721.264
143,153,28,-5785.2261,332.992,760.866
141,153,28,-5820.084,-58.08,-179.098
139,153,28,-5872.9722,-443.344,-1120.264
137,153,28,-5941.4863,-830.544,-2114.3181
135,153,28,-6018.4141,-1211.936,-3185.3
133,153,28,-6076.1104,-1591.392,-4387.3003
131,153,28,-6070.1001,-1961.168,-5761.186
129,153,28,-5928.2642,-2321.2639,-7363.4521
127,153,28,-5523.1899,-2679.4241,-9267.4199
125,153,28,-4607.2661,-3027.9041,-11483.9082
123,153,28,-2782.6301,-3368.6399,-13119.8301
121,153,28,496.426,-3707.4399,-13847.04
119,153,28,5208.2661,-4050.1121,-13867.4746
117,153,28,10057.1338,-4419.8882,-13527.3086
115,153,28,13112.6182,-4795.4722,-11202.6406
113,153,28,13764.1025,-5149.7598,-7053.3359
111,153,28,13825.4043,-5459.52,-3182.896
109,153,28,13717.2246,-5730.5601,258.43
107,153,28,13289.3125,-5970.624,3304.2981
105,153,28,11926.2441,-6162.2881,5988.3643
103,153,28,9726.584,-6290.064,8202.4482
101,153,28,6939.146,-6324.9121,9658.0703
99,153,28,4005.064,-6235.856,9926.1162
97,153,28,1610.6801,-6013.2158,9159.2402
95,153,28,67.312,-5705.3921,8008.9263
93,153,28,-859.43,-5349.168,6881.4502
91,153,28,-1406.34,-4979.3921,5913.8403
89,153,28,-1727.274,-4611.5518,5101.2881
87,153,28,-1913.584,-4257.2642,4414.9463
85,153,28,-2009.744,-3922.3359,3839.188
83,153,28,-2045.8041,-3608.7041,3352.3782
81,153,28,-2043.4,-3318.304,2941.2939
79,153,28,-2013.3501,-3051.136,2592.7141
79,155,28,-1758.526,-3068.5601,2418.4241
81,155,28,-1765.738,-3329.9199,2726.136
83,155,28,-1746.506,-3620.3201,3093.948
85,155,28,-1687.608,-3930.0801,3532.678
87,155,28,-1573.418,-4261.1357,4053.144
89,155,28,-1371.4821,-4617.3599,4675.7803
91,155,28,-1042.134,-4981.3281,5413.8081
93,155,28,-500.032,-5353.04,6298.48
95,155,28,391.852,-5711.2002,7321.3823
97,155,28,1864.302,-6024.832,8377.9404
99,155,28,4116.8501,-6245.5361,9072.6963
101,155,28,6915.106,-6332.6558,8799.8418
103,155,28,9582.3438,-6292.0,7392.3003
105,155,28,11712.2881,-6140.9922,5249.1343
107,155,28,13094.5879,-5902.8638,2640.7939
109,155,28,13642.7002,-5608.5918,-356.994
111,155,28,13761.6982,-5273.6641,-3721.3921
113,155,28,13676.3564,-4894.208,-7541.3481
115,155,28,12861.4004,-4481.8398,-11553.624
117,155,28,9704.9482,-4052.0481,-13612.6504
119,155,28,4896.9482,-3639.6799,-13873.4844
121,155,28,164.674,-3275.7119,-13856.6563
123,155,28,-3104.7661,-2940.7839,-13231.6162
125,155,28,-4930.604,-2613.6001,-11636.5625
127,155,28,-5846.5283,-2299.968,-9433.2959
129,155,28,-6261.2183,-1990.208,-7501.6821
131,155,28,-6407.8623,-1680.448,-5891.002
133,155,28,-6421.084,-1362.944,-4490.6719
135,155,28,-6370.6001,-1041.568,-3275.45
137,155,28,-6298.48,-716.32,-2180.428
139,155,28,-6229.9663,-387.2,-1171.9501
141,155,28,-6179.4819,-56.144,-210.35
143,155,28,-6145.8262,274.912,740.432
145,155,28,-6125.3921,611.776,1728.4761
147,155,28,-6109.7661,944.768,2764.6001
149,155,28,-6074.9082,1275.824,3888.47
151,155,28,-5984.7583,1604.944,5138.5503
153,155,28,-5776.812,1939.8719,6582.1523
155,155,28,-5340.4863,2284.48,8252.9326
157,155,28,-4489.4702,2652.3201,10182.1426
159,155,28,-2913.6479,3051.136,12088.5146
161,155,28,-227.178,3500.2881,13217.1924
163,155,28,3708.1702,4015.2639,13533.3184
165,155,28,7938.0083,4553.4722,12931.1162
167,155,28,11075.2285,5070.3838,10602.8418
169,155,28,12634.2227,5515.6641,7022.084
171,155,28,12970.7822,5868.0161,3586.7681
173,155,28,12711.1504,6140.9922,484.406
175,155,28,11896.1943,6342.3359,-2263.366
177,155,28,10557.166,6470.1118,-4672.1743
179,155,28,8715.7021,6512.7041,-6709.564
181,155,28,6359.7822,6441.0718,-8111.0962
183,155,28,3761.0581,6243.6001,-8520.9785
185,155,28,1571.014,5924.1602,-7968.0581
187,155,28,125.008,5556.3198,-6971.6001
189,155,28,-739.23,5169.1201,-5972.7383
191,155,28,-1246.474,4791.6001,-5106.0962
193,155,28,-1543.368,4427.6318,-4384.896
195,155,28,-1717.6581,4084.96,-3776.6841
197,155,28,-1803.0,3765.52,-3280.2581
199,155,28,-1839.0601,3469.312,-2865.5681
201,155,28,-1839.0601,3196.3359,-2515.7861
203,155,28,-1817.4241,2944.656,-2214.084
205,155,28,-1778.9601,2712.3359,-1958.058
205,157,28,-1557.792,2720.0801,-1815.02
203,157,28,-1575.822,2946.592,-2042.198
201,157,28,-1577.024,3196.3359,-2311.446
199,157,28,-1555.3881,3465.4399,-2627.572
197,157,28,-1497.692,3757.7759,-3003.7981
195,157,28,-1388.3101,4077.2161,-3455.75
193,157,28,-1199.5961,4416.0161,-3994.2461
191,157,28,-887.076,4781.9199,-4642.124
189,157,28,-381.034,5165.248,-5413.8081
187,157,28,460.366,5562.1279,-6303.2881
185,157,28,1831.848,5943.52,-7179.5459
183,157,28,3888.47,6262.96,-7665.1543
181,157,28,6328.5303,6462.3682,-7242.0503
179,157,28,8559.4424,6508.832,-5878.9819
177,157,28,10313.1602,6425.584,-3917.3181
175,157,28,11601.7041,6245.5361,-1569.812
173,157,28,12433.4883,5980.3042,1095.022
171,157,28,12689.5146,5649.248,4131.2739
169,157,28,12296.46,5240.752,7486.0562
167,157,28,10683.376,4750.9438,10993.4922
165,157,28,7566.5903,4193.376,13088.5781
163,157,28,3345.166,3622.2559,13600.6299
161,157,28,-574.556,3099.5359,13318.1602
159,157,28,-3252.6121,2667.8081,12218.3301
157,157,28,-4817.6162,2290.2881,10340.8066
155,157,28,-5665.0259,1959.2319,8401.9805
153,157,28,-6102.5542,1653.344,6705.958
151,157,28,-6311.7021,1362.944,5251.5381
149,157,28,-6405.458,1082.224,3987.0342
147,157,28,-6440.3159,801.504,2852.3459
145,157,28,-6457.144,520.784,1805.4041
143,157,28,-6476.376,245.872,817.36
141,157,28,-6511.2339,-32.912,-147.846
139,157,28,-6560.5161,-309.76,-1116.6581
137,157,28,-6627.8281,-586.608,-2140.762
135,157,28,-6698.7461,-859.584,-3240.592
133,157,28,-6752.8359,-1130.624,-4467.834
131,157,28,-6754.0381,-1403.6,-5863.356
129,157,28,-6615.8081,-1672.704,-7489.6621
127,157,28,-6226.3604,-1941.808,-9410.458
125,157,28,-5338.082,-2208.9761,-11619.7344
123,157,28,-3568.738,-2501.312,-13226.8086
121,157,28,-365.408,-2830.4319,-13862.666
119,157,28,4263.4941,-3206.0159,-13879.4941
117,157,28,9089.5244,-3653.2319,-13726.8398
115,157,28,12426.2764,-4144.9761,-11994.7578
113,157,28,13551.3486,-4644.4639,-8213.2666
111,157,28,13665.5381,-5091.6802,-4497.8843
109,157,28,13557.3584,-5490.4961,-1174.354
107,157,28,12971.9844,-5823.4878,1753.718
105,157,28,11640.168,-6080.9761,4313.978
103,157,28,9641.2422,-6247.4722,6419.8823
101,157,28,7097.8101,-6301.6802,7844.252
99,157,28,4437.7842,-6218.4321,8197.6406
97,157,28,2229.71,-5995.792,7624.2861
95,157,28,794.522,-5684.0962,6696.3423
93,157,28,-96.16,-5327.8721,5776.812
91,157,28,-650.282,-4958.0962,4977.4819
89,157,28,-1000.064,-4596.064,4309.1699
87,157,28,-1222.4341,-4247.584,3747.8362
85,157,28,-1361.866,-3918.4639,3276.6521
83,157,28,-1443.6021,-3610.6399,2875.1841
81,157,28,-1485.672,-3326.0481,2532.614
79,157,28,-1500.0961,-3064.688,2242.9321
79,159,28,-1251.282,-3041.4561,2062.6321
81,159,28,-1216.4241,-3297.0081,2315.052
83,159,28,-1152.718,-3573.856,2614.3501
85,159,28,-1049.3461,-3872.0,2968.9399
87,159,28,-890.682,-4191.4399,3384.832
89,159,28,-650.282,-4532.1758,3883.6621
91,159,28,-294.49,-4882.5918,4470.2383
93,159,28,253.622,-5242.688,5180.6201
95,159,28,1111.85,-5587.2959,5993.1719
97,159,28,2483.332,-5891.248,6823.7539
99,159,28,4526.7319,-6100.3359,7311.7661
101,159,28,7044.9224,-6185.52,6931.9341
103,159,28,9446.5186,-6133.248,5541.2202
105,159,28,11349.2842,-5951.2642,3476.1841
107,159,28,12673.8887,-5660.8638,1008.478
109,159,28,13350.6143,-5277.5361,-1841.464
111,159,28,13518.8945,-4826.4478,-5045.9961
113,159,28,13283.3018,-4315.3437,-8659.208
115,159,28,11922.6387,-3771.3279,-12213.5225
117,159,28,8615.9365,-3229.248,-13774.9199
119,159,28,3883.6621,-2762.6719,-13878.292
121,159,28,-694.756,-2387.0879,-13862.666
123,159,28,-3840.3901,-2081.2,-13261.666
125,159,28,-5590.502,-1814.032,-11667.8145
127,159,28,-6448.73,-1573.968,-9471.7598
129,159,28,-6836.9761,-1349.392,-7540.146
131,159,28,-6975.2061,-1134.496,-5921.0522
133,159,28,-6983.6201,-917.664,-4514.7119
135,159,28,-6936.7422,-700.832,-3287.47
137,159,28,-6868.228,-478.192,-2179.2261
139,159,28,-6804.522,-257.488,-1159.9301
141,159,28,-6754.0381,-34.848,-182.704
143,159,28,-6721.584,189.728,784.906
145,159,28,-6703.5542,420.112,1784.9701
147,159,28,-6687.9282,646.624,2831.9121
149,159,28,-6656.6763,875.072,3969.0042
151,159,28,-6571.334,1107.392,5232.3062
153,159,28,-6375.4082,1349.392,6680.7163
155,159,28,-5966.728,1610.752,8361.1123
157,159,28,-5169.8022,1901.152,10298.7363
159,159,28,-3680.5242,2243.824,12201.502
161,159,28,-1117.86,2669.7439,13327.7764
163,159,28,2706.9041,3198.272,13642.7002
165,159,28,6919.9141,3796.4961,13273.6865
167,159,28,10114.8301,4406.3359,11503.1406
169,159,28,11834.8926,4958.0962,8161.5801
171,159,28,12391.418,5428.5439,4884.9282
173,159,28,12187.0781,5815.7441,1919.594
175,159,28,11437.0303,6115.8237,-698.362
177,159,28,10239.8379,6328.7842,-2982.1621
179,159,28,8595.502,6444.9438,-4898.1499
181,159,28,6507.6279,6427.52,-6251.6021
183,159,28,4181.7583,6239.728,-6751.6343
185,159,28,2221.2961,5914.48,-6415.0742
187,159,28,875.056,5527.2798,-5675.8442
189,159,28,30.05,5130.3999,-4907.7661
191,159,28,-498.83,4750.9438,-4231.04
193,159,28,-834.188,4390.8481,-3658.8882
195,159,28,-1049.3461,4053.9839,-3172.0781
197,159,28,-1185.172,3742.2881,-2767.0042
199,159,28,-1266.9081,3453.824,-2424.4341
201,159,28,-1310.1801,3190.5281,-2137.156
203,159,28,-1328.2101,2940.7839,-1888.342
205,159,28,-1329.412,2712.3359,-1673.1841
205,161,28,-1113.052,2689.104,-1530.146
203,161,28,-1096.224,2911.7439,-1715.254
201,161,28,-1060.1641,3149.8721,-1930.412
199,161,28,-996.458,3409.2959,-2184.0339
197,161,28,-895.49,3688.0801,-2484.5339
195,161,28,-740.432,3992.032,-2841.5281
193,161,28,-506.042,4315.3437,-3267.0361
191,161,28,-152.654,4661.8882,-3771.876
189,161,28,381.034,5023.9199,-4352.4419
187,161,28,1216.4241,5405.312,-4999.1182
185,161,28,2504.968,5777.0239,-5583.29
183,161,28,4338.0181,6084.8481,-5793.6401
181,161,28,6446.3262,6245.5361,-5271.9722
179,161,28,8394.7686,6243.6001,-3982.2261
177,161,28,9952.5605,6123.5679,-2155.186
175,161,28,11084.8438,5897.0562,51.686
173,161,28,11774.792,5573.7441,2568.6741
171,161,28,11949.082,5155.5679,5453.4741
169,161,28,11357.6982,4646.3999,8607.5225
167,161,28,9634.0303,4063.6641,11757.9639
165,161,28,6465.5581,3424.7839,13384.2705
163,161,28,2315.052,2807.2,13683.5684
161,161,28,-1449.6121,2284.48,13373.4521
159,161,28,-3970.2061,1877.92,12248.3799
157,161,28,-5429.4341,1558.48,10351.624
155,161,28,-6210.7339,1299.056,8412.7979
153,161,28,-6611.0,1080.288,6732.4023
151,161,28,-6799.7144,880.88,5283.9922
149,161,28,-6881.4502,695.024,4024.2961
147,161,28,-6910.2983,513.04,2887.2041
145,161,28,-6925.9243,334.928,1837.858
143,161,28,-6945.1562,158.752,847.41
141,161,28,-6976.4082,-17.424,-123.806
139,161,28,-7023.2861,-191.664,-1095.022
137,161,28,-7090.5981,-367.84,-2117.9241
135,161,28,-7161.5161,-540.144,-3216.552
133,161,28,-7219.2119,-716.32,-4442.5923
131,161,28,-7219.2119,-886.688,-5830.9023
129,161,28,-7097.8101,-1060.928,-7441.582
127,161,28,-6733.604,-1235.168,-9347.9541
125,161,28,-5909.0322,-1428.7679,-11566.8467
123,161,28,-4249.0703,-1653.344,-13191.9502
121,161,28,-1215.222,-1936.0,-13853.0498
119,161,28,3242.9961,-2301.9041,-13874.6865
117,161,28,7944.0181,-2778.1599,-13825.4043
115,161,28,11261.5381,-3349.28,-12554.8906
113,161,28,12851.7842,-3955.248,-9272.2285
111,161,28,13244.8379,-4530.2397,-5802.0542
109,161,28,13070.5479,-5033.6001,-2700.894
107,161,28,12446.71,-5449.8398,52.888
105,161,28,11191.8223,-5759.6001,2500.1602
103,161,28,9429.6904,-5953.2002,4539.9541
101,161,28,7179.5459,-6030.6401,5963.1221
99,161,28,4792.374,-5962.8799,6422.2861
97,161,28,2817.488,-5763.4722,6048.4639
95,161,28,1491.682,-5473.0718,5346.4961
93,161,28,638.262,-5138.144,4640.9219
91,161,28,81.736,-4795.4722,4027.9021
89,161,28,-294.49,-4454.7358,3512.2441
87,161,28,-555.324,-4129.4878,3074.7161
85,161,28,-738.028,-3817.792,2702.0959
83,161,28,-863.036,-3527.3921,2385.97
81,161,28,-948.378,-3256.3521,2114.3181
79,161,28,-1003.67,-3008.5439,1883.5341
79,163,28,-769.28,-2952.3999,1708.042
81,163,28,-695.958,-3188.592,1905.17
83,163,28,-592.586,-3444.144,2134.752
85,163,28,-447.144,-3720.9919,2407.606
87,163,28,-247.612,-4017.2,2727.3381
89,163,28,27.646,-4328.896,3103.564
91,163,28,409.882,-4646.3999,3547.1021
93,163,28,964.004,-4975.52,4075.9822
95,163,28,1786.172,-5287.2158,4674.5781
97,163,28,3045.8682,-5560.1919,5268.3662
99,163,28,4894.5439,-5747.9839,5555.644
101,163,28,7139.8804,-5798.3198,5061.6221
103,163,28,9242.1777,-5709.2642,3670.908
105,163,28,10886.5146,-5478.8799,1670.78
107,163,28,12041.6357,-5124.5918,-677.928
109,163,28,12676.292,-4663.8242,-3340.3582
111,163,28,12813.3203,-4127.5518,-6300.8843
113,163,28,12348.1465,-3529.3279,-9620.8086
115,163,28,10667.75,-2909.8081,-12649.8486
117,163,28,7423.5522,-2321.2639,-13830.2119
119,163,28,2872.78,-1839.2,-13872.2822
121,163,28,-1512.116,-1490.72,-13856.6563
123,163,28,-4470.2383,-1242.912,-13164.3047
125,163,28,-6091.7363,-1053.184,-11523.5742
127,163,28,-6882.6523,-894.432,-9320.3086
129,163,28,-7234.8379,-762.784,-7418.7441
131,163,28,-7350.23,-638.88,-5824.8921
133,163,28,-7352.6343,-516.912,-4440.188
135,163,28,-7302.1499,-394.944,-3232.178
137,163,28,-7232.4341,-272.976,-2139.5601
139,163,28,-7172.334,-147.136,-1125.072
141,163,28,-7124.2539,-21.296,-153.856
143,163,28,-7094.2041,108.416,806.542
145,163,28,-7077.376,240.064,1794.5861
147,163,28,-7064.1543,371.712,2835.5181
149,163,28,-7038.9121,507.232,3961.792
151,163,28,-6966.792,648.56,5203.458
153,163,28,-6793.7041,801.504,6633.8379
155,163,28,-6427.0942,975.744,8296.2041
157,163,28,-5702.2881,1190.64,10212.1924
159,163,28,-4332.0083,1471.36,12143.8066
161,163,28,-1942.432,1848.88,13326.5742
163,163,28,1687.608,2363.856,13697.9922
165,163,28,5768.3979,2987.248,13491.248
167,163,28,8976.5361,3657.104,12131.7861
169,163,28,10795.1621,4284.3682,9245.7842
171,163,28,11509.1504,4836.1279,6196.3101
173,163,28,11463.4746,5281.4082,3406.468
175,163,28,10882.9082,5618.272,921.934
177,163,28,9864.8145,5835.104,-1239.262
179,163,28,8410.3945,5933.8398,-3041.0601
181,163,28,6585.7583,5922.2241,-4307.9683
183,163,28,4594.0439,5784.7681,-4893.3423
185,163,28,2864.366,5531.1519,-4827.2319
187,163,28,1598.66,5215.584,-4392.1079
189,163,28,757.26,4882.5918,-3862.0261
191,163,28,201.936,4545.728,-3358.3879
193,163,28,-171.886,4222.416,-2918.4561
195,163,28,-427.912,3914.592,-2547.0381
197,163,28,-603.404,3624.1919,-2233.3162
199,163,28,-726.008,3353.1521,-1966.472
201,163,28,-812.552,3103.408,-1734.4861
203,163,28,-867.844,2867.2161,-1537.358
205,163,28,-903.904,2652.3201,-1370.28
205,165,28,-699.564,2600.0481,-1232.05
203,165,28,-649.08,2807.2,-1373.886
201,165,28,-576.96,3027.9041,-1544.5701
199,165,28,-477.194,3269.9041,-1740.496
197,165,28,-338.964,3527.3921,-1970.078
195,165,28,-147.846,3800.3679,-2241.73
193,165,28,117.796,4088.832,-2557.856
191,165,28,495.224,4385.04,-2934.082
189,165,28,1036.124,4681.248,-3358.3879
187,165,28,1849.8781,4965.8398,-3811.542
185,165,28,3045.8682,5205.9038,-4168.5361
183,165,28,4669.77,5385.9521,-4188.9702
181,165,28,6529.2642,5507.9199,-3606.0
179,165,28,8262.5479,5550.5122,-2327.072
177,165,28,9612.3945,5476.9438,-518.062
175,165,28,10521.1064,5256.2397,1626.306
173,165,28,11007.916,4898.0801,4033.9121
171,165,28,10976.6641,4423.7598,6729.998
169,165,28,10230.2227,3860.384,9644.8486
167,165,28,8415.2021,3217.6321,12331.3184
165,165,28,5279.1841,2547.7759,13523.7021
163,165,28,1292.15,1932.1279,13697.9922
161,165,28,-2241.73,1440.384,13301.332
159,165,28,-4567.6001,1089.968,12096.9277
157,165,28,-5893.4062,846.032,10171.3242
155,165,28,-6590.5659,671.792,8261.3457
153,165,28,-6936.7422,540.144,6620.6162
151,165,28,-7100.2144,429.792,5205.8623
149,165,28,-7166.3242,334.928,3973.812
147,165,28,-7193.9702,245.872,2864.366
145,165,28,-7199.98,158.752,1831.848
143,165,28,-7215.606,73.568,855.824
141,165,28,-7244.4541,-9.68,-97.362
139,165,28,-7288.9282,-90.992,-1051.75
137,165,28,-7352.6343,-172.304,-2056.6221
135,165,28,-7425.9561,-253.616,-3130.0081
133,165,28,-7482.4502,-331.056,-4321.1899
131,165,28,-7489.6621,-406.56,-5675.8442
129,165,28,-7388.6943,-487.872,-7246.8579
127,165,28,-7062.9521,-569.184,-9107.5537
125,165,28,-6323.7222,-675.664,-11296.3965
123,165,28,-4801.9902,-820.864,-13020.0645
121,165,28,-1965.27,-1039.632,-13843.4346
119,165,28,2232.114,-1364.88,-13875.8887
117,165,28,6709.564,-1833.392,-13841.0303
115,165,28,9951.3584,-2425.8081,-12808.5127
113,165,28,11700.2686,-3074.3679,-10090.79
111,165,28,12331.3184,-3705.5039,-6941.5503
109,165,28,12247.1787,-4274.688,-4081.9922
107,165,28,11667.8145,-4754.8159,-1534.954
105,165,28,10649.7197,-5136.208,748.846
103,165,28,9161.6445,-5389.8237,2706.9041
101,165,28,7204.7881,-5509.856,4131.2739
99,165,28,5103.6919,-5480.8159,4703.4263
97,165,28,3335.55,-5320.1279,4536.3481
95,165,28,2117.9241,-5076.1919,4065.1641
93,165,28,1307.776,-4787.728,3568.738
91,165,28,747.644,-4485.7119,3126.4021
89,165,28,350.984,-4185.6318,2750.176
87,165,28,57.696,-3893.2959,2429.2419
85,165,28,-161.068,-3616.448,2153.9841
83,165,28,-325.742,-3353.1521,1918.3921
81,165,28,-448.346,-3107.28,1714.052
79,165,28,-540.9,-2880.7681,1537.358
79,167,28,-326.944,-2793.6479,1373.886
81,167,28,-219.966,-3004.6719,1518.126
83,167,28,-82.938,-3233.1199,1686.406
85,167,28,97.362,-3477.0559,1882.332
87,167,28,329.348,-3734.5439,2110.7122
89,167,28,633.454,-4005.584,2376.354
91,167,28,1033.72,-4276.624,2685.2681
93,167,28,1584.2361,-4547.6641,3045.8682
95,167,28,2365.5361,-4803.2158,3447.3362
97,167,28,3519.4561,-5018.1118,3817.552
99,167,28,5155.3779,-5147.8237,3899.2881
101,167,28,7118.2441,-5151.6958,3295.884
103,167,28,8917.6377,-5012.3042,1902.766
105,167,28,10277.1006,-4721.9038,4.808
107,167,28,11185.8125,-4305.6641,-2179.2261
109,167,28,11687.0459,-3792.624,-4613.2759
111,167,28,11706.2783,-3206.0159,-7306.958
113,167,28,11036.7646,-2571.0081,-10297.5342
115,167,28,9332.3281,-1928.256,-12812.1182
117,167,28,6186.6943,-1339.712,-13823.0
119,167,28,1877.524,-886.688,-13873.4844
121,167,28,-2209.2761,-592.416,-13783.334
123,167,28,-4940.2202,-418.176,-12925.1064
125,167,28,-6421.084,-315.568,-11136.5303
127,167,28,-7133.8701,-255.552,-8972.9297
129,167,28,-7437.9761,-214.896,-7144.688
131,167,28,-7532.9341,-183.92,-5616.9463
133,167,28,-7523.3184,-152.944,-4283.9282
135,167,28,-7469.228,-121.968,-3115.584
137,167,28,-7403.1182,-87.12,-2056.6221
139,167,28,-7344.2202,-50.336,-1072.184
141,167,28,-7299.7461,-11.616,-132.22
143,167,28,-7272.1001,27.104,805.34
145,167,28,-7258.8779,69.696,1766.9401
147,167,28,-7251.666,112.288,2777.822
149,167,28,-7236.04,158.752,3869.238
151,167,28,-7179.5459,211.024,5074.8442
153,167,28,-7035.3062,274.912,6460.75
155,167,28,-6715.5742,362.032,8071.4302
157,167,28,-6076.1104,489.808,9946.5498
159,167,28,-4851.272,685.344,11905.8105
161,167,28,-2670.844,991.232,13188.3447
163,167,28,689.948,1446.192,13664.3359
165,167,28,4577.2163,2036.672,13544.1367
167,167,28,7745.688,2712.3359,12538.0625
169,167,28,9628.0205,3370.5759,10137.668
171,167,28,10479.0361,3959.1199,7358.644
173,167,28,10626.8818,4468.2881,4768.334
175,167,28,10279.5039,4867.104,2413.616
177,167,28,9519.8398,5128.4639,289.682
179,167,28,8323.8506,5236.8799,-1581.832
181,167,28,6696.3423,5202.0317,-2967.738
183,167,28,4858.4839,5080.064,-3633.646
185,167,28,3262.228,4923.248,-3642.0601
187,167,28,2111.9141,4723.8398,-3319.9241
189,167,28,1330.614,4483.7759,-2919.658
191,167,28,794.522,4216.6079,-2553.0481
193,167,28,414.69,3945.5679,-2238.124
195,167,28,135.826,3676.4639,-1968.876
197,167,28,-69.716,3418.9761,-1740.496
199,167,28,-225.976,3175.04,-1545.772
201,167,28,-342.57,2948.5281,-1378.694
203,167,28,-432.72,2733.6321,-1233.2521
205,167,28,-498.83,2536.1599,-1107.042
205,169,28,-313.722,2460.656,-974.822
203,169,28,-233.188,2646.512,-1076.9921
201,169,28,-131.018,2845.9199,-1195.99
199,169,28,-1.202,3058.8799,-1331.816
197,169,28,164.674,3285.3921,-1492.884
195,169,28,381.034,3525.4561,-1682.8
193,169,28,663.504,3773.2639,-1905.17
191,169,28,1038.5281,4028.8159,-2170.812
189,169,28,1550.5801,4276.624,-2482.1301
187,169,28,2287.406,4510.8799,-2830.71
185,169,28,3371.6101,4712.2241,-3125.2
183,169,28,4901.7559,4872.9121,-3101.1602
181,169,28,6650.666,4973.584,-2383.5662
179,169,28,8165.186,4948.416,-937.56
177,169,28,9224.1484,4770.3042,929.146
175,169,28,9864.8145,4448.9277,3006.2021
173,169,28,10125.6484,4011.3921,5265.9619
171,169,28,9917.7021,3475.1199,7743.2842
169,169,28,9040.2422,2867.2161,10374.4619
167,169,28,7171.1323,2208.9761,12599.3643
165,169,28,4115.6479,1556.5439,13534.5205
163,169,28,340.166,991.232,13622.2666
161,169,28,-2908.8401,576.928,13099.3965
159,169,28,-5008.7339,309.76,11779.6006
157,169,28,-6183.0879,156.816,9811.9258
155,169,28,-6792.502,73.568,7970.4619
153,169,28,-7090.5981,32.912,6387.4282
151,169,28,-7224.02,13.552,5029.168
149,169,28,-7278.1104,1.936,3847.6021
147,169,28,-7292.5342,-3.872,2775.418
145,169,28,-7297.3423,-5.808,1780.162
143,169,28,-7310.564,-7.744,842.602
141,169,28,-7334.604,-7.744,-78.13
139,169,28,-7380.2803,-7.744,-995.256
137,169,28,-7440.3804,-5.808,-1958.058
135,169,28,-7505.2881,0.0,-2989.374
133,169,28,-7559.3779,11.616,-4136.082
131,169,28,-7573.8022,25.168,-5427.0303
129,169,28,-7493.2681,36.784,-6909.0962
127,169,28,-7210.7983,46.464,-8683.248
125,169,28,-6550.8999,32.912,-10793.96
123,169,28,-5181.8223,-19.36,-12706.3418
121,169,28,-2591.512,-147.136,-13688.376
119,169,28,1301.766,-402.688,-13873.4844
117,169,28,5503.958,-820.864,-13776.1221
115,169,28,8602.7139,-1391.984,-12867.4102
113,169,28,10348.0186,-2042.48,-10572.792
111,169,28,11074.0264,-2694.9119,-7757.708
109,169,28,11135.3281,-3297.0081,-5193.8423
107,169,28,10747.082,-3825.5359,-2882.396
105,169,28,9962.1758,-4259.2002,-777.694
103,169,28,8756.5703,-4572.832,1068.578
101,169,28,7107.4263,-4752.8799,2476.1201
99,169,28,5297.2139,-4785.792,3144.4321
97,169,28,3734.614,-4694.7998,3168.4722
95,169,28,2627.572,-4520.5601,2900.426
93,169,28,1863.1,-4299.856,2585.502
91,169,28,1313.786,-4059.792,2298.2241
89,169,28,907.51,-3815.856,2048.208
87,169,28,592.586,-3568.0481,1830.646
85,169,28,347.378,-3331.856,1643.134
83,169,28,153.856,-3107.28,1480.864
81,169,28,-1.202,-2894.3201,1337.826
79,169,28,-122.604,-2694.9119,1214.02
79,171,28,60.1,-2586.4961,1067.376
81,171,28,192.32,-2768.48,1167.142
83,171,28,358.196,-2962.0801,1278.928
85,171,28,562.536,-3167.2959,1407.542
87,171,28,814.956,-3380.2561,1555.3881
89,171,28,1133.486,-3597.0879,1726.072
91,171,28,1534.954,-3810.0481,1920.796
93,171,28,2069.844,-4019.136,2143.166
95,171,28,2801.8621,-4201.1201,2383.5662
97,171,28,3840.3901,-4334.7041,2568.6741
99,171,28,5275.5781,-4383.104,2485.7361
101,171,28,6955.9741,-4313.4082,1796.99
103,171,28,8457.2725,-4104.3198,432.72
105,171,28,9540.2744,-3757.7759,-1339.0281
107,171,28,10224.2119,-3302.8159,-3330.7419
109,171,28,10543.9443,-2760.7361,-5520.7861
111,171,28,10427.3506,-2160.5759,-7923.584
113,171,28,9682.1104,-1513.952,-10577.6006
115,171,28,7998.1079,-878.944,-12762.8359
117,171,28,5017.1479,-327.184,-13701.5986
119,171,28,1010.882,61.952,-13855.4541
121,171,28,-2736.9541,271.04,-13583.8027
123,171,28,-5221.4883,350.416,-12518.8301
125,171,28,-6547.2939,360.096,-10530.7227
127,171,28,-7172.334,329.12,-8489.7266
129,171,28,-7437.9761,278.784,-6762.4521
131,171,28,-7517.3081,226.512,-5318.8501
133,171,28,-7505.2881,170.368,-4059.1541
135,171,28,-7456.0063,120.032,-2950.9102
137,171,28,-7395.9062,71.632,-1943.634
139,171,28,-7343.0181,27.104,-1007.276
141,171,28,-7304.5542,-11.616,-106.978
143,171,28,-7279.312,-50.336,784.906
145,171,28,-7268.4941,-89.056,1703.234
147,171,28,-7264.8882,-123.904,2670.844
149,171,28,-7255.272,-158.752,3711.7761
151,171,28,-7212.0,-187.792,4857.2822
153,171,28,-7089.396,-211.024,6178.2803
155,171,28,-6821.3501,-211.024,7710.8301
157,171,28,-6268.4302,-176.176,9498.2041
159,171,28,-5196.2461,-73.568,11501.9385
161,171,28,-3246.6021,141.328,12910.6826
163,171,28,-161.068,514.976,13546.54
165,171,28,3482.1941,1043.504,13499.6621
167,171,28,6519.6479,1670.7679,12646.2422
169,171,28,8416.4043,2327.072,10659.3359
171,171,28,9358.7725,2944.656,8189.2261
173,171,28,9662.8779,3509.968,5851.3359
175,171,28,9515.0322,3997.8401,3692.5439
177,171,28,9001.7783,4383.104,1697.224
179,171,28,8093.0659,4644.4639,-122.604
181,171,28,6734.8062,4747.0718,-1597.458
183,171,28,5067.6323,4679.312,-2426.8381
185,171,28,3583.1621,4510.8799,-2559.0581
187,171,28,2526.604,4299.856,-2351.1121
189,171,28,1804.202,4071.408,-2074.6521
191,171,28,1293.3521,3837.1521,-1824.636
193,171,28,913.52,3602.896,-1610.6801
195,171,28,622.636,3370.5759,-1430.38
197,171,28,395.458,3149.8721,-1277.7261
199,171,28,215.158,2936.9119,-1145.506
201,171,28,72.12,2739.4399,-1032.5181
203,171,28,-44.474,2549.7119,-933.954
205,171,28,-138.23,2375.4719,-847.41
205,173,28,25.242,2278.6719,-726.008
203,173,28,128.614,2439.3601,-792.118
201,173,28,253.622,2613.6001,-867.844
199,173,28,407.478,2795.584,-954.388
197,173,28,594.99,2987.248,-1054.1541
195,173,28,829.38,3190.5281,-1171.9501
193,173,28,1123.87,3401.552,-1308.978
191,173,28,1503.702,3618.384,-1473.652
189,173,28,2001.3301,3833.28,-1659.962
187,173,28,2706.9041,4048.176,-1858.292
185,173,28,3718.988,4239.8398,-1965.27
183,173,28,5100.0859,4373.4238,-1730.88
181,173,28,6591.7681,4385.04,-866.642
179,173,28,7798.5762,4226.2881,567.344
177,173,28,8589.4922,3920.3999,2297.022
175,173,28,9016.2021,3496.416,4176.9502
173,173,28,9102.7461,2987.248,6195.1079
171,173,28,8764.9844,2406.448,8389.96
169,173,28,7827.4243,1788.864,10709.8203
167,173,28,5985.96,1153.856,12584.9404
165,173,28,3061.4941,549.824,13407.1084
163,173,28,-449.548,56.144,13451.582
161,173,28,-3398.054,-265.232,12749.6143
159,173,28,-5264.7603,-433.664,11255.5283
157,173,28,-6286.46,-487.872,9280.6426
155,173,28,-6809.3301,-476.256,7547.3579
153,173,28,-7064.1543,-431.728,6050.8682
151,173,28,-7173.5361,-369.776,4770.7383
149,173,28,-7215.606,-300.08,3650.4741
147,173,28,-7227.626,-228.448,2637.188
145,173,28,-7231.2319,-156.816,1699.6281
143,173,28,-7240.8481,-83.248,812.552
141,173,28,-7264.8882,-13.552,-55.292
139,173,28,-7303.3521,60.016,-925.54
137,173,28,-7357.4419,137.456,-1836.656
135,173,28,-7415.1382,218.768,-2806.6702
133,173,28,-7463.2183,305.888,-3878.854
131,173,28,-7475.2383,398.816,-5088.0659
129,173,28,-7405.522,491.744,-6481.1841
127,173,28,-7160.314,586.608,-8138.7422
125,173,28,-6582.1523,664.048,-10100.4063
123,173,28,-5360.9199,706.64,-12138.998
121,173,28,-3026.636,673.728,-13416.7246
119,173,28,519.264,509.168,-13774.9199
117,173,28,4389.7041,162.624,-13607.8418
115,173,28,7290.1304,-358.16,-12694.3223
113,173,28,8995.7686,-983.488,-10631.6904
111,173,28,9777.0684,-1626.24,-8157.9741
109,173,28,9965.7822,-2236.0801,-5888.5981
107,173,28,9742.21,-2778.1599,-3812.7441
105,173,28,9162.8457,-3244.7361,-1906.3721
103,173,28,8212.0645,-3606.7681,-207.946
101,173,28,6858.6123,-3858.448,1144.3041
99,173,28,5317.6479,-3974.6079,1870.312
97,173,28,3967.802,-3970.7361,2025.37
95,173,28,2979.7581,-3879.7439,1917.1901
93,173,28,2275.386,-3736.48,1746.506
91,173,28,1753.718,-3564.176,1578.2261
89,173,28,1352.25,-3378.3201,1432.7841
87,173,28,1031.316,-3186.656,1301.766
85,173,28,772.886,-2996.928,1187.576
83,173,28,558.93,-2813.0081,1086.608
81,173,28,383.438,-2634.896,996.458
79,173,28,239.198,-2466.4639,917.126
79,175,28,395.458,-2340.624,786.108
81,175,28,546.91,-2491.6321,846.208
83,175,28,727.21,-2648.448,911.116
85,175,28,944.772,-2813.0081,984.438
87,175,28,1206.808,-2977.5679,1066.1741
89,175,28,1524.136,-3142.1279,1156.324
91,175,28,1912.3821,-3297.0081,1258.494
93,175,28,2412.4141,-3438.3359,1375.088
95,175,28,3069.908,-3544.8159,1488.076
97,175,28,3979.822,-3597.0879,1544.5701
99,175,28,5217.8823,-3558.3679,1354.6541
101,175,28,6626.626,-3405.4241,645.474
103,175,28,7855.0703,-3124.7041,-643.07
105,175,28,8707.2881,-2733.6321,-2263.366
107,175,28,9204.916,-2253.5039,-4051.9421
109,175,28,9370.792,-1703.6799,-6014.8081
111,175,28,9142.4121,-1113.2,-8129.126
113,175,28,8350.2939,-495.616,-10439.3701
115,175,28,6727.5942,94.864,-12458.7305
117,175,28,3965.3982,590.48,-13458.7939
119,175,28,305.308,909.92,-13625.8721
121,175,28,-3081.928,1037.696,-13159.4961
123,175,28,-5294.8101,1033.824,-11825.2764
125,175,28,-6463.1543,950.576,-9767.4521
127,175,28,-7019.6802,834.416,-7879.1104
129,175,28,-7256.4741,702.768,-6284.0562
131,175,28,-7327.3921,571.12,-4946.23
133,175,28,-7323.7861,439.472,-3777.886
135,175,28,-7284.1201,317.504,-2744.166
137,175,28,-7233.6362,199.408,-1806.6061
139,175,28,-7189.1621,87.12,-930.348
141,175,28,-7155.5063,-21.296,-88.948
143,175,28,-7135.0723,-125.84,751.25
145,175,28,-7125.4561,-230.384,1611.8821
147,175,28,-7123.0522,-336.864,2518.1899
149,175,28,-7111.0322,-443.344,3494.2141
151,175,28,-7078.5781,-545.952,4566.3979
153,175,28,-6977.6104,-646.624,5792.438
155,175,28,-6751.6343,-735.68,7220.4141
157,175,28,-6279.248,-795.696,8886.3857
159,175,28,-5346.4961,-795.696,10805.9805
161,175,28,-3631.2422,-691.152,12458.7305
163,175,28,-859.43,-423.984,13241.2324
165,175,28,2495.3521,23.232,13264.0703
167,175,28,5358.5161,594.352,12528.4463
169,175,28,7208.394,1223.552,10791.5566
171,175,28,8184.418,1837.264,8641.1777
173,175,28,8582.2803,2418.064,6592.9702
175,175,28,8579.876,2944.656,4696.2139
177,175,28,8258.9424,3388.0,2928.072
179,175,28,7602.6499,3728.7361,1278.928
181,175,28,6556.9102,3932.0159,-121.402
183,175,28,5198.6499,3978.48,-1052.952
185,175,28,3896.884,3899.104,-1395.522
187,175,28,2913.6479,3753.9041,-1391.916
189,175,28,2221.2961,3577.728,-1276.524
191,175,28,1718.86,3389.936,-1149.1121
193,175,28,1336.624,3198.272,-1036.124
195,175,28,1033.72,3008.5439,-936.358
197,175,28,792.118,2826.5601,-853.42
199,175,28,592.586,2648.448,-778.896
201,175,28,430.316,2483.8879,-713.988
203,175,28,293.288,2323.2,-655.09
205,175,28,179.098,2174.1279,-604.606
205,177,28,316.126,2061.8401,-497.628
203,177,28,436.326,2197.3601,-532.486
201,177,28,579.364,2338.688,-570.95
199,177,28,748.846,2489.696,-613.02
197,177,28,951.984,2646.512,-662.302
195,177,28,1198.394,2809.136,-715.19
193,177,28,1497.692,2973.696,-776.492
191,177,28,1877.524,3138.2561,-846.208
189,177,28,2361.9299,3297.0081,-919.53
187,177,28,3025.4341,3436.3999,-970.014
185,177,28,3941.3582,3533.2,-908.712
183,177,28,5126.5303,3554.4961,-518.062
181,177,28,6335.7422,3453.824,406.276
179,177,28,7255.272,3213.76,1754.92
177,177,28,7817.8081,2853.6641,3315.116
175,177,28,8067.8242,2394.832,4981.0879
173,177,28,8018.542,1864.368,6748.0283
171,177,28,7600.2461,1283.568,8658.0059
169,177,28,6642.252,675.664,10660.5381
167,177,28,4869.3022,69.696,12316.8945
165,177,28,2146.772,-466.576,13057.3262
163,177,28,-1042.134,-855.712,13009.2461
161,177,28,-3680.5242,-1064.8,12135.3926
159,177,28,-5312.8403,-1115.136,10441.7744
157,177,28,-6203.522,-1064.8,8594.2998
155,177,28,-6653.0703,-962.192,6994.438
153,177,28,-6871.834,-834.416,5620.5522
151,177,28,-6967.9941,-696.96,4446.1982
149,177,28,-7007.6602,-557.568,3407.6702
147,177,28,-7018.478,-422.048,2470.1101
145,177,28,-7023.2861,-286.528,1598.66
143,177,28,-7032.9023,-152.944,769.28
141,177,28,-7054.5381,-21.296,-38.464
139,177,28,-7085.79,112.288,-847.41
137,177,28,-7130.2642,249.744,-1690.0121
135,177,28,-7179.5459,387.2,-2590.3101
133,177,28,-7216.8081,538.208,-3581.96
131,177,28,-7221.6162,698.896,-4693.8101
129,177,28,-7154.3042,861.52,-5970.334
127,177,28,-6935.54,1024.144,-7480.0459
125,177,28,-6423.4883,1180.96,-9281.8438
123,177,28,-5338.082,1314.5439,-11340.8701
121,177,28,-3268.238,1366.816,-12827.7441
119,177,28,-106.978,1281.632,-13440.7646
117,177,28,3406.468,1006.72,-13242.4346
115,177,28,6090.5342,559.504,-12249.582
113,177,28,7710.8301,-5.808,-10320.3721
111,177,28,8519.7764,-613.712,-8161.5801
109,177,28,8799.8418,-1204.192,-6159.0483
107,177,28,8700.0762,-1757.8879,-4319.9883
105,177,28,8290.1943,-2245.76,-2617.9561
103,177,28,7549.7622,-2658.1279,-1074.588
101,177,28,6443.9219,-2973.696,171.886
99,177,28,5155.3779,-3171.168,888.278
97,177,28,4013.478,-3248.6079,1115.4561
95,177,28,3167.27,-3231.1841,1109.446
93,177,28,2544.634,-3155.6799,1042.134
91,177,28,2068.6421,-3043.3921,970.014
89,177,28,1688.8101,-2911.7439,905.106
87,177,28,1375.088,-2772.3521,846.208
85,177,28,1111.85,-2627.1521,792.118
83,177,28,888.278,-2483.8879,741.634
81,177,28,701.968,-2342.5601,694.756
79,177,28,542.102,-2207.04,651.484
79,179,28,668.312,-2067.6479,537.294
81,179,28,831.784,-2187.6799,564.94
83,179,28,1021.7,-2309.6479,591.384
85,179,28,1244.0701,-2435.488,620.232
87,179,28,1504.9041,-2557.4561,647.878
89,179,28,1810.212,-2677.488,677.928
91,179,28,2173.2161,-2782.032,707.978
93,179,28,2620.3601,-2871.0879,739.23
95,179,28,3191.3101,-2923.3599,763.27
97,179,28,3959.3882,-2913.6799,736.826
99,179,28,4977.4819,-2809.136,508.446
101,179,28,6141.0181,-2586.4961,-159.866
103,179,28,7141.082,-2245.76,-1313.786
105,179,28,7802.1821,-1806.288,-2762.196
107,179,28,8150.7622,-1302.928,-4351.2402
109,179,28,8203.6504,-745.36,-6076.1104
111,179,28,7910.3623,-162.624,-7936.8062
113,179,28,7117.042,427.856,-9952.5605
115,179,28,5583.29,969.936,-11858.9326
117,179,28,3055.4841,1393.92,-12915.4902
119,179,28,-229.582,1632.048,-13111.416
121,179,28,-3223.7642,1674.64,-12486.376
123,179,28,-5178.2163,1579.776,-10857.666
125,179,28,-6216.7441,1415.2159,-8886.3857
127,179,28,-6715.5742,1219.6801,-7179.5459
129,179,28,-6934.3379,1020.272,-5741.9541
131,179,28,-7010.064,824.736,-4525.5303
133,179,28,-7017.2764,636.944,-3460.5581
135,179,28,-6992.0342,458.832,-2516.988
137,179,28,-6953.5703,288.464,-1655.1541
139,179,28,-6918.7119,125.84,-846.208
141,179,28,-6891.0659,-32.912,-69.716
143,179,28,-6870.6323,-189.728,704.372
145,179,28,-6859.814,-348.48,1503.702
147,179,28,-6853.8042,-509.168,2336.688
149,179,28,-6839.3799,-673.728,3230.9761
151,179,28,-6800.916,-838.288,4210.606
153,179,28,-6707.1602,-1008.656,5332.0723
155,179,28,-6505.2241,-1173.2159,6635.04
157,179,28,-6091.7363,-1318.416,8155.5703
159,179,28,-5282.79,-1422.96,9908.0859
161,179,28,-3785.0981,-1438.448,11683.4404
163,179,28,-1340.23,-1297.12,12699.1299
165,179,28,1674.386,-969.936,12795.29
167,179,28,4286.332,-484.0,12076.4941
169,179,28,6023.2222,89.056,10533.126
171,179,28,6998.0439,685.344,8694.0664
173,179,28,7458.4102,1270.016,6924.7222
175,179,28,7572.6001,1812.0959,5267.1641
177,179,28,7406.7241,2290.2881,3703.3621
179,179,28,6952.3682,2687.168,2227.3062
181,179,28,6167.4619,2973.696,929.146
183,179,28,5095.2783,3130.512,-6.01
185,179,28,4008.6702,3163.4241,-454.356
187,179,28,3145.634,3111.1521,-581.768
189,179,28,2514.584,3010.48,-590.182
191,179,28,2038.592,2882.7041,-566.142
193,179,28,1665.972,2747.1841,-539.698
195,179,28,1360.6641,2605.856,-510.85
197,179,28,1110.6481,2466.4639,-484.406
199,179,28,900.298,2327.072,-459.164
201,179,28,721.2,2195.4241,-433.922
203,179,28,570.95,2067.6479,-412.286
205,179,28,442.336,1945.6799,-390.65
205,181,28,551.718,1825.6479,-299.298
203,181,28,682.736,1932.1279,-307.712
201,181,28,836.592,2044.416,-313.722
199,181,28,1016.892,2158.6399,-319.732
197,181,28,1227.2421,2278.6719,-323.338
195,181,28,1476.056,2396.7681,-324.54
193,181,28,1774.152,2514.864,-322.136
191,181,28,2137.156,2627.1521,-314.924
189,181,28,2586.7041,2723.9519,-298.096
187,181,28,3178.0881,2793.6479,-244.006
185,181,28,3967.802,2813.0081,-75.726
183,181,28,4943.8262,2741.376,384.64
181,181,28,5893.4062,2543.9041,1278.928
179,181,28,6574.9399,2220.592,2500.1602
177,181,28,6952.3682,1796.608,3871.6421
175,181,28,7060.5483,1295.184,5318.8501
173,181,28,6913.9043,741.488,6846.5923
171,181,28,6440.3159,152.944,8475.3018
169,181,28,5506.3623,-429.792,10158.1025
167,181,28,3875.248,-975.744,11675.0264
165,181,28,1430.38,-1407.472,12441.9023
163,181,28,-1399.1281,-1672.704,12302.4707
161,181,28,-3716.584,-1742.4,11202.6406
159,181,28,-5143.3579,-1670.7679,9464.5479
157,181,28,-5924.6582,-1523.632,7803.3843
155,181,28,-6328.5303,-1339.712,6365.792
153,181,28,-6534.0723,-1144.176,5130.1362
151,181,28,-6632.6362,-950.576,4068.77
149,181,28,-6675.9082,-760.848,3130.0081
147,181,28,-6696.3423,-576.928,2277.79
145,181,28,-6707.1602,-396.88,1479.662
143,181,28,-6719.1802,-218.768,721.2
141,181,28,-6737.21,-40.656,-19.232
139,181,28,-6763.6543,135.52,-763.27
137,181,28,-6792.502,317.504,-1534.954
135,181,28,-6824.9561,505.296,-2357.1221
133,181,28,-6844.188,702.768,-3253.814
131,181,28,-6832.168,907.984,-4264.6963
129,181,28,-6764.856,1117.072,-5407.7983
127,181,28,-6556.9102,1339.712,-6762.4521
125,181,28,-6090.5342,1562.3521,-8369.5264
123,181,28,-5134.9443,1767.568,-10215.7979
121,181,28,-3317.52,1908.896,-11928.6484
119,181,28,-514.456,1928.256,-12730.3818
117,181,28,2595.1182,1748.208,-12569.3145
115,181,28,4991.9062,1361.0079,-11477.8984
113,181,28,6490.8003,830.544,-9634.0303
111,181,28,7287.7261,240.064,-7767.3242
109,181,28,7619.478,-350.416,-6042.4541
107,181,28,7624.2861,-921.536,-4436.582
105,181,28,7344.2202,-1446.192,-2940.092
103,181,28,6772.0684,-1901.152,-1587.842
101,181,28,5886.1943,-2267.0559,-503.638
99,181,28,4852.4741,-2507.1199,134.624
97,181,28,3932.9441,-2625.2161,379.832
95,181,28,3236.9861,-2648.448,445.942
93,181,28,2705.7021,-2611.6641,461.568
91,181,28,2281.396,-2541.968,465.174
89,181,28,1930.412,-2452.9119,466.376
87,181,28,1629.912,-2354.176,463.972
85,181,28,1369.078,-2249.6321,459.164
83,181,28,1145.506,-2141.2161,450.75
81,181,28,951.984,-2034.736,438.73
79,181,28,784.906,-1930.192,426.71
79,183,28,881.066,-1786.928,331.752
81,183,28,1048.144,-1875.984,331.752
83,183,28,1241.666,-1965.04,328.146
85,183,28,1464.036,-2056.032,319.732
87,183,28,1717.6581,-2141.2161,305.308
89,183,28,2010.946,-2222.5281,281.268
91,183,28,2347.5061,-2294.1599,251.218
93,183,28,2747.772,-2350.304,211.552
95,183,28,3233.3801,-2377.408,156.26
97,183,28,3854.814,-2356.1121,55.292
99,183,28,4656.5479,-2251.5679,-198.33
101,183,28,5562.856,-2023.12,-788.512
103,183,28,6335.7422,-1663.024,-1766.9401
105,183,28,6828.562,-1194.512,-2991.7781
107,183,28,7053.3359,-654.368,-4348.8359
109,183,28,7019.6802,-69.696,-5816.478
111,183,28,6685.5239,532.4,-7389.896
113,183,28,5929.4663,1126.752,-9090.7266
115,183,28,4553.1763,1649.472,-10785.5459
117,183,28,2336.688,2023.12,-11971.9199
119,183,28,-536.092,2176.064,-12205.1084
121,183,28,-3158.856,2117.9839,-11385.3438
123,183,28,-4878.918,1937.936,-9683.3125
125,183,28,-5812.8721,1703.6799,-7952.4321
127,183,28,-6278.0459,1453.936,-6451.1343
129,183,28,-6498.0122,1210.0,-5173.4082
131,183,28,-6589.3643,977.68,-4091.6082
133,183,28,-6613.4043,755.04,-3137.22
135,183,28,-6606.1919,540.144,-2281.396
137,183,28,-6583.354,336.864,-1498.894
139,183,28,-6558.1123,139.392,-764.472
141,183,28,-6535.2739,-54.208,-52.888
143,183,28,-6518.4463,-245.872,653.888
145,183,28,-6504.022,-441.408,1377.4921
147,183,28,-6488.396,-636.944,2135.9541
149,183,28,-6463.1543,-838.288,2946.1021
151,183,28,-6413.8721,-1045.4399,3827.168
153,183,28,-6312.9043,-1262.272,4828.4341
155,183,28,-6113.3721,-1481.04,5983.5562
157,183,28,-5732.3379,-1694.0,7333.4023
159,183,28,-5009.936,-1883.728,8880.376
161,183,28,-3699.7561,-2009.568,10516.2979
163,183,28,-1572.2161,-2005.696,11725.5098
165,183,28,1064.972,-1814.032,11917.8301
167,183,28,3368.0042,-1438.448,11184.6104
169,183,28,4926.998,-931.216,9773.4619
171,183,28,5846.5283,-365.904,8251.7305
173,183,28,6335.7422,216.832,6780.4819
175,183,28,6525.6582,782.144,5386.1621
177,183,28,6479.9819,1300.9919,4062.76
179,183,28,6192.7041,1754.016,2800.6602
181,183,28,5630.168,2112.176,1663.568
183,183,28,4815.2119,2348.3679,792.118
185,183,28,3950.9741,2454.8479,302.904
187,183,28,3230.9761,2470.3359,84.14
189,183,28,2676.854,2431.616,-19.232
191,183,28,2244.134,2361.9199,-80.534
193,183,28,1890.7461,2276.7361,-121.402
195,183,28,1591.448,2183.8081,-151.452
197,183,28,1342.634,2087.0081,-173.088
199,183,28,1129.88,1988.272,-189.916
201,183,28,947.176,1889.536,-199.532
203,183,28,788.512,1792.736,-206.744
205,183,28,652.686,1699.808,-210.35
205,183,30,650.282,1616.5599,-209.148
203,183,30,781.3,1697.8719,-200.734
201,183,30,935.156,1781.12,-187.512
199,183,30,1109.446,1864.368,-168.28
197,183,30,1314.988,1945.6799,-139.432
195,183,30,1551.782,2023.12,-100.968
193,183,30,1831.848,2092.8159,-45.676
191,183,30,2159.9941,2152.832,32.454
189,183,30,2550.644,2187.6799,149.048
187,183,30,3020.626,2193.488,331.752
185,183,30,3573.5461,2147.0239,634.656
183,183,30,4166.1318,2034.736,1119.062
181,183,30,4708.2339,1833.392,1822.2321
179,183,30,5104.894,1550.736,2705.7021
177,183,30,5309.2339,1194.512,3716.584
175,183,30,5303.2241,786.016,4801.9902
173,183,30,5066.4302,344.608,5936.6782
171,183,30,4556.7822,-108.416,7077.376
169,183,30,3710.574,-542.08,8167.5903
167,183,30,2460.4941,-921.536,9072.6963
165,183,30,848.612,-1210.0,9567.9199
163,183,30,-909.914,-1384.24,9456.1338
161,183,30,-2479.7261,-1440.384,8774.6006
159,183,30,-3663.696,-1401.6639,7751.6982
157,183,30,-4466.6323,-1299.056,6638.646
155,183,30,-4984.6938,-1159.6639,5559.25
153,183,30,-5310.436,-1006.72,4566.3979
151,183,30,-5518.3823,-846.032,3666.1001
149,183,30,-5649.3999,-687.28,2843.9321
147,183,30,-5732.3379,-526.592,2075.854
145,183,30,-5785.2261,-365.904,1349.8461
143,183,30,-5818.8823,-205.216,647.878
141,183,30,-5840.5181,-46.464,-44.474
139,183,30,-5847.73,114.224,-735.624
137,183,30,-5842.9219,278.784,-1449.6121
135,183,30,-5815.2759,445.28,-2200.8621
133,183,30,-5750.3682,615.648,-3008.606
131,183,30,-5628.9663,791.824,-3886.0662
129,183,30,-5417.4141,964.128,-4845.2622
127,183,30,-5054.4102,1140.304,-5921.0522
125,183,30,-4458.2183,1302.928,-7085.79
123,183,30,-3501.426,1438.448,-8279.376
121,183,30,-2096.2881,1519.76,-9299.874
119,183,30,-292.086,1504.272,-9856.4004
117,183,30,1616.6901,1357.136,-9728.9883
115,183,30,3262.228,1080.288,-8984.9502
113,183,30,4467.834,698.896,-7874.3022
111,183,30,5240.7202,253.616,-6632.6362
109,183,30,5654.208,-209.088,-5389.7681
107,183,30,5785.2261,-665.984,-4193.7783
105,183,30,5674.6421,-1084.16,-3081.928
103,183,30,5346.4961,-1450.064,-2091.48
101,183,30,4841.6562,-1740.464,-1284.938
99,183,30,4243.0601,-1941.808,-707.978
97,183,30,3649.272,-2061.8401,-338.964
95,183,30,3123.998,-2114.1121,-116.594
93,183,30,2680.46,-2119.9199,25.242
91,183,30,2304.2341,-2094.752,118.998
89,183,30,1980.896,-2048.2881,185.108
87,183,30,1699.6281,-1988.272,233.188
85,183,30,1453.218,-1920.512,265.642
83,183,30,1238.0601,-1845.0079,288.48
81,183,30,1049.3461,-1769.504,302.904
79,183,30,883.47,-1692.064,311.318
79,181,30,796.926,-1823.712,408.68
81,181,30,957.994,-1914.704,413.488
83,181,30,1147.91,-2005.696,414.69
85,181,30,1364.27,-2094.752,408.68
87,181,30,1615.488,-2178.0,395.458
89,181,30,1905.17,-2253.5039,369.014
91,181,30,2241.73,-2313.52,329.348
93,181,30,2644.4001,-2354.176,263.238
95,181,30,3123.998,-2358.0481,151.452
97,181,30,3702.1602,-2313.52,-46.878
99,181,30,4375.2803,-2199.2959,-408.68
101,181,30,5062.8242,-2003.76,-1003.67
103,181,30,5656.6123,-1717.2319,-1860.696
105,181,30,6058.0801,-1361.0079,-2924.4661
107,181,30,6226.3604,-946.704,-4133.6782
109,181,30,6132.604,-495.616,-5431.8379
111,181,30,5733.54,-29.04,-6791.3003
113,181,30,4946.23,420.112,-8157.9741
115,181,30,3679.322,818.928,-9394.832
117,181,30,1937.624,1120.944,-10241.04
119,181,30,-103.372,1297.12,-10416.5322
121,181,30,-2020.562,1347.4559,-9857.6025
123,181,30,-3529.072,1300.9919,-8780.6104
125,181,30,-4544.7622,1192.576,-7522.1162
127,181,30,-5179.418,1047.376,-6281.6523
129,181,30,-5561.6543,888.624,-5145.7622
131,181,30,-5780.418,727.936,-4125.2642
133,181,30,-5904.2241,567.248,-3198.522
135,181,30,-5967.9302,408.496,-2348.708
137,181,30,-5994.374,257.488,-1563.802
139,181,30,-6000.3843,108.416,-816.158
141,181,30,-5989.5659,-38.72,-93.756
143,181,30,-5967.9302,-183.92,628.646
145,181,30,-5935.4761,-329.12,1365.472
147,181,30,-5882.5879,-472.384,2132.3481
149,181,30,-5803.2563,-617.584,2935.2839
151,181,30,-5677.0459,-760.848,3797.1182
153,181,30,-5467.8979,-900.24,4751.5059
155,181,30,-5132.54,-1031.8879,5802.0542
157,181,30,-4597.6499,-1140.304,6941.5503
159,181,30,-3758.6541,-1210.0,8129.126
161,181,30,-2520.594,-1208.064,9210.9258
163,181,30,-858.228,-1107.392,9948.9541
165,181,30,1015.69,-888.624,10059.5381
167,181,30,2748.9741,-557.568,9513.8301
169,181,30,4081.9922,-147.136,8514.9678
171,181,30,4977.4819,298.144,7321.3823
173,181,30,5501.5542,756.976,6061.686
175,181,30,5720.3179,1196.448,4824.8281
177,181,30,5690.2681,1595.264,3640.8582
179,181,30,5431.8379,1932.1279,2549.4421
181,181,30,4959.4521,2193.488,1596.256
183,181,30,4335.6143,2367.728,858.228
185,181,30,3662.4941,2456.7839,361.802
187,181,30,3050.676,2478.0801,74.524
189,181,30,2536.22,2449.04,-84.14
191,181,30,2117.9241,2390.96,-174.29
193,181,30,1766.9401,2311.584,-228.38
195,181,30,1476.056,2220.592,-260.834
197,181,30,1232.05,2123.792,-281.268
199,181,30,1025.306,2025.056,-292.086
201,181,30,847.41,1926.3199,-296.894
203,181,30,695.958,1829.52,-296.894
205,181,30,562.536,1732.72,-294.49
205,179,30,463.972,1845.0079,-387.044
203,179,30,590.182,1953.424,-402.67
201,179,30,740.432,2063.7759,-417.094
199,179,30,914.722,2178.0,-429.114
197,179,30,1121.4661,2296.0959,-437.528
195,179,30,1366.6741,2410.3201,-439.932
193,179,30,1663.568,2522.6079,-433.922
191,179,30,2021.764,2625.2161,-409.882
189,179,30,2461.696,2712.3359,-354.59
187,179,30,3011.01,2768.48,-231.986
185,179,30,3679.322,2782.032,21.636
183,179,30,4426.9663,2725.8879,497.628
181,179,30,5142.1562,2582.624,1251.282
179,179,30,5702.2881,2352.24,2241.73
177,179,30,6038.8481,2032.8,3414.8821
175,179,30,6127.7959,1649.472,4686.5981
173,179,30,5945.0923,1215.808,6029.2319
171,179,30,5439.0503,755.04,7397.1079
169,179,30,4535.146,294.272,8719.3086
167,179,30,3156.4521,-141.328,9831.1582
165,179,30,1335.422,-509.168,10474.2285
163,179,30,-658.696,-778.272,10417.7344
161,179,30,-2436.4541,-923.472,9677.3018
159,179,30,-3764.6641,-968.0,8552.2305
157,179,30,-4664.9619,-935.088,7310.564
155,179,30,-5240.7202,-863.456,6108.564
153,179,30,-5598.916,-762.784,5003.9263
151,179,30,-5815.2759,-648.56,4003.8621
149,179,30,-5946.2939,-526.592,3099.958
147,179,30,-6031.6362,-402.688,2257.356
145,179,30,-6082.1201,-276.848,1459.228
143,179,30,-6118.1802,-152.944,689.948
141,179,30,-6139.8159,-27.104,-63.706
139,179,30,-6151.8359,98.736,-814.956
137,179,30,-6151.8359,228.448,-1597.458
135,179,30,-6128.998,363.968,-2419.626
133,179,30,-6071.3022,499.488,-3305.5
131,179,30,-5953.5063,640.816,-4276.7163
129,179,30,-5733.54,778.272,-5350.1021
127,179,30,-5346.4961,911.856,-6550.8999
125,179,30,-4689.002,1028.016,-7852.666
123,179,30,-3612.01,1111.264,-9190.4922
121,179,30,-2026.572,1126.752,-10337.2002
119,179,30,8.414,1045.4399,-10933.3926
117,179,30,2172.0142,838.288,-10751.8906
115,179,30,4036.3162,514.976,-9840.7744
113,179,30,5368.1323,104.544,-8508.958
111,179,30,6191.502,-352.352,-7024.4883
109,179,30,6591.7681,-813.12,-5558.0483
107,179,30,6661.4839,-1264.208,-4143.2939
105,179,30,6449.9321,-1666.896,-2848.74
103,179,30,5984.7583,-2015.376,-1696.022
101,179,30,5312.8403,-2292.2239,-769.28
99,179,30,4541.1562,-2480.0159,-137.028
97,179,30,3791.1082,-2584.5601,231.986
95,179,30,3145.634,-2617.4719,418.296
93,179,30,2620.3601,-2600.0481,507.244
91,179,30,2188.842,-2543.9041,546.91
89,179,30,1833.05,-2466.4639,564.94
87,179,30,1530.146,-2373.5359,567.344
85,179,30,1271.7161,-2270.928,561.334
83,179,30,1051.75,-2166.384,550.516
81,179,30,860.632,-2059.9041,533.688
79,179,30,698.362,-1955.36,515.658
79,177,30,582.97,-2083.136,633.454
81,177,30,740.432,-2201.2319,667.11
83,177,30,927.944,-2323.2,700.766
85,177,30,1149.1121,-2443.2319,732.018
87,177,30,1409.946,-2563.2639,760.866
89,177,30,1720.062,-2673.616,784.906
91,177,30,2091.48,-2770.416,795.724
93,177,30,2548.24,-2845.9199,787.31
95,177,30,3115.584,-2886.5759,729.614
97,177,30,3815.1479,-2874.96,570.95
99,177,30,4643.3262,-2791.7119,211.552
101,177,30,5506.3623,-2625.2161,-436.326
103,177,30,6267.228,-2371.6001,-1401.532
105,177,30,6806.9263,-2040.5439,-2608.3401
107,177,30,7084.5879,-1643.6639,-3991.842
109,177,30,7065.356,-1202.256,-5490.7363
111,177,30,6695.1401,-737.616,-7073.77
113,177,30,5876.5781,-274.912,-8673.6318
115,177,30,4509.9043,156.816,-10128.0518
117,177,30,2578.29,507.232,-11147.3486
119,177,30,286.076,749.232,-11411.7881
121,177,30,-1869.11,867.328,-10845.6465
123,177,30,-3567.5361,888.624,-9672.4941
125,177,30,-4703.4263,846.032,-8276.9717
127,177,30,-5407.7983,758.912,-6898.2783
129,177,30,-5818.8823,650.496,-5637.3799
131,177,30,-6050.8682,536.272,-4513.5103
133,177,30,-6175.876,420.112,-3496.6182
135,177,30,-6233.5723,303.952,-2563.866
137,177,30,-6254.0063,191.664,-1706.8401
139,177,30,-6254.0063,85.184,-895.49
141,177,30,-6240.7842,-19.36,-110.584
143,177,30,-6217.9463,-123.904,670.716
145,177,30,-6183.0879,-226.512,1471.248
147,177,30,-6131.4023,-327.184,2305.436
149,177,30,-6048.4639,-425.92,3185.3
151,177,30,-5916.2441,-522.72,4128.8701
153,177,30,-5693.874,-607.904,5169.8022
155,177,30,-5328.4663,-679.536,6324.9243
157,177,30,-4737.082,-720.192,7578.6104
159,177,30,-3793.512,-708.576,8879.1738
161,177,30,-2399.1921,-619.52,10047.5186
163,177,30,-522.87,-423.984,10805.9805
165,177,30,1577.024,-114.224,10839.6357
167,177,30,3495.416,288.464,10126.8506
169,177,30,4948.6343,747.296,8899.6084
171,177,30,5874.1743,1217.744,7478.8442
173,177,30,6375.4082,1678.512,5991.9702
175,177,30,6528.062,2104.4319,4553.1763
177,177,30,6389.832,2472.272,3191.3101
179,177,30,5982.354,2766.5439,1950.8461
181,177,30,5342.8901,2971.76,908.712
183,177,30,4538.752,3080.176,134.624
185,177,30,3711.7761,3101.4719,-334.156
187,177,30,2986.97,3058.8799,-561.334
189,177,30,2396.7881,2973.696,-650.282
191,177,30,1932.816,2861.408,-671.918
193,177,30,1555.3881,2735.5679,-662.302
195,177,30,1252.484,2603.9199,-640.666
197,177,30,1001.266,2468.3999,-614.222
199,177,30,794.522,2334.8159,-585.374
201,177,30,621.434,2205.104,-554.122
203,177,30,474.79,2077.3279,-524.072
205,177,30,350.984,1957.296,-495.224
205,175,30,228.38,2059.9041,-601.0
203,175,30,344.974,2191.552,-643.07
201,175,30,485.608,2332.8799,-689.948
199,175,30,651.484,2476.144,-740.432
197,175,30,854.622,2627.1521,-793.32
195,175,30,1101.032,2782.032,-847.41
193,175,30,1407.542,2934.9761,-902.702
191,175,30,1787.374,3084.0481,-948.378
189,175,30,2265.77,3221.5039,-972.418
187,175,30,2881.1941,3339.6001,-932.752
185,175,30,3655.282,3418.9761,-758.462
183,175,30,4549.5703,3436.3999,-335.358
181,175,30,5452.272,3366.7041,424.306
179,175,30,6196.3101,3198.272,1490.48
177,175,30,6692.7363,2929.168,2793.448
175,175,30,6905.4902,2578.752,4229.8379
173,175,30,6809.3301,2162.512,5769.6001
171,175,30,6345.3579,1701.744,7364.6543
169,175,30,5427.0303,1223.552,8921.2441
167,175,30,3954.5801,745.36,10271.0898
165,175,30,1968.876,313.632,11104.0762
163,175,30,-228.38,-38.72,11148.5498
161,175,30,-2216.488,-280.72,10428.5518
159,175,30,-3708.1702,-410.432,9242.1777
157,175,30,-4720.2539,-460.768,7910.3623
155,175,30,-5365.728,-464.64,6609.7983
153,175,30,-5761.186,-429.792,5407.7983
151,175,30,-5999.1821,-375.584,4319.9883
149,175,30,-6143.4219,-311.696,3335.55
147,175,30,-6228.7642,-242.0,2418.4241
145,175,30,-6284.0562,-166.496,1556.5901
143,175,30,-6320.1162,-90.992,734.422
141,175,30,-6344.1562,-13.552,-79.332
139,175,30,-6359.7822,65.824,-893.086
137,175,30,-6364.5903,147.136,-1734.4861
135,175,30,-6347.7622,232.32,-2623.9661
133,175,30,-6292.4702,319.44,-3590.374
131,175,30,-6169.8662,406.56,-4651.7402
129,175,30,-5936.6782,489.808,-5821.2861
127,175,30,-5513.5742,565.312,-7137.4761
125,175,30,-4783.96,615.648,-8564.25
123,175,30,-3592.7781,629.2,-10018.6699
121,175,30,-1806.6061,580.8,-11239.9023
119,175,30,473.588,427.856,-11759.166
117,175,30,2867.9722,160.688,-11525.9785
115,175,30,4896.9482,-212.96,-10446.582
113,175,30,6318.9141,-658.24,-8891.1943
111,175,30,7162.7183,-1140.304,-7171.1323
109,175,30,7525.7222,-1606.88,-5489.5342
107,175,30,7511.2983,-2046.3519,-3876.45
105,175,30,7179.5459,-2431.616,-2411.2122
103,175,30,6568.9302,-2747.1841,-1126.274
101,175,30,5723.9243,-2981.4399,-108.18
99,175,30,4775.5459,-3126.6399,566.142
97,175,30,3865.6321,-3182.7839,924.338
95,175,30,3098.7561,-3171.168,1063.77
93,175,30,2489.342,-3107.28,1091.416
91,175,30,2000.1281,-3008.5439,1068.578
89,175,30,1608.276,-2888.512,1025.306
87,175,30,1287.342,-2754.928,973.62
85,175,30,1020.498,-2617.4719,919.53
83,175,30,799.33,-2478.0801,865.44
81,175,30,613.02,-2340.624,812.552
79,175,30,456.76,-2207.04,763.27
79,173,30,313.722,-2323.2,894.288
81,173,30,461.568,-2470.3359,962.802
83,173,30,643.07,-2625.2161,1036.124
85,173,30,861.834,-2780.0959,1114.254
87,173,30,1128.678,-2938.8479,1197.192
89,173,30,1454.42,-3091.792,1281.332
91,173,30,1857.0901,-3235.0559,1360.6641
93,173,30,2364.334,-3360.896,1424.37
95,173,30,3013.4141,-3453.824,1441.198
97,173,30,3831.9761,-3496.416,1342.634
99,173,30,4816.4141,-3469.312,1016.892
101,173,30,5858.5483,-3357.0239,350.984
103,173,30,6804.522,-3149.8721,-693.554
105,173,30,7505.2881,-2855.6001,-2027.774
107,173,30,7917.5742,-2478.0801,-3571.1421
109,173,30,7996.9062,-2044.416,-5267.1641
111,173,30,7680.7803,-1572.032,-7062.9521
113,173,30,6867.0264,-1088.032,-8896.002
115,173,30,5425.8281,-623.392,-10595.6299
117,173,30,3340.3582,-222.64,-11736.3281
119,173,30,829.38,75.504,-12046.4443
121,173,30,-1566.2061,259.424,-11614.9258
123,173,30,-3460.5581,352.352,-10433.3604
125,173,30,-4725.062,377.52,-8939.2744
127,173,30,-5506.3623,358.16,-7449.9961
129,173,30,-5958.314,319.44,-6083.3223
131,173,30,-6209.5322,265.232,-4863.292
133,173,30,-6339.3481,207.152,-3761.0581
135,173,30,-6397.0439,149.072,-2763.3979
137,173,30,-6415.0742,92.928,-1841.464
139,173,30,-6409.064,40.656,-966.408
141,173,30,-6391.0342,-9.68,-128.614
143,173,30,-6366.9941,-60.016,706.776
145,173,30,-6330.9341,-106.48,1561.3981
147,173,30,-6274.4399,-151.008,2452.0801
149,173,30,-6185.4922,-189.728,3398.054
151,173,30,-6037.646,-224.576,4413.7441
153,173,30,-5792.438,-243.936,5532.8062
155,173,30,-5382.5562,-243.936,6772.0684
157,173,30,-4716.6479,-207.152,8109.894
159,173,30,-3660.0901,-112.288,9482.5781
161,173,30,-2098.6921,63.888,10694.1943
163,173,30,-24.04,344.608,11403.374
165,173,30,2277.79,729.872,11314.4258
167,173,30,4338.0181,1186.7679,10402.1084
169,173,30,5858.5483,1678.512,8944.082
171,173,30,6787.6943,2156.7041,7280.5142
173,173,30,7232.4341,2611.6641,5570.0679
175,173,30,7285.3223,3016.2881,3930.54
177,173,30,7006.458,3347.344,2405.2021
179,173,30,6427.0942,3591.28,1048.144
181,173,30,5589.3003,3730.6719,-54.09
183,173,30,4597.6499,3765.52,-811.35
185,173,30,3621.626,3713.248,-1204.4041
187,173,30,2799.458,3604.832,-1333.0181
189,173,30,2147.9741,3461.5679,-1323.402
191,173,30,1647.942,3302.8159,-1257.292
193,173,30,1257.292,3130.512,-1171.9501
195,173,30,948.378,2958.208,-1084.204
197,173,30,700.766,2787.8401,-1000.064
199,173,30,500.032,2621.344,-923.136
201,173,30,337.762,2460.656,-851.016
203,173,30,201.936,2305.7759,-784.906
205,173,30,91.352,2158.6399,-724.806
205,171,30,-55.292,2247.696,-842.602
203,171,30,45.676,2404.512,-918.328
201,171,30,171.886,2571.0081,-1002.468
199,171,30,326.944,2743.312,-1096.224
197,171,30,519.264,2927.2319,-1202.0
195,171,30,762.068,3116.96,-1317.392
193,171,30,1069.78,3308.624,-1443.6021
191,171,30,1461.6321,3496.416,-1572.2161
189,171,30,1968.876,3676.4639,-1690.0121
187,171,30,2634.7839,3841.0239,-1759.728
185,171,30,3500.2241,3972.6719,-1698.426
183,171,30,4537.5503,4053.9839,-1373.886
181,171,30,5628.9663,4057.856,-656.292
179,171,30,6573.7383,3961.0559,441.134
177,171,30,7257.6763,3757.7759,1846.272
175,171,30,7626.6899,3455.76,3443.73
173,171,30,7648.3262,3072.4319,5175.812
171,171,30,7256.4741,2629.0879,6996.8423
169,171,30,6350.166,2145.0879,8797.4385
167,171,30,4830.8379,1645.6,10386.4824
165,171,30,2726.136,1169.344,11420.2021
163,171,30,349.782,755.04,11583.6738
161,171,30,-1834.2521,439.472,10956.2305
159,171,30,-3485.8,222.64,9766.25
157,171,30,-4616.8823,89.056,8377.9404
155,171,30,-5344.0923,7.744,7002.8521
153,171,30,-5788.832,-32.912,5729.9341
151,171,30,-6055.6763,-48.4,4573.6099
149,171,30,-6215.542,-52.272,3525.4661
147,171,30,-6309.2983,-44.528,2554.25
145,171,30,-6368.1963,-34.848,1639.5281
143,171,30,-6407.8623,-21.296,760.866
141,171,30,-6435.5083,-5.808,-97.362
139,171,30,-6457.144,13.552,-960.398
137,171,30,-6465.5581,34.848,-1855.8881
135,171,30,-6449.9321,56.144,-2809.074
133,171,30,-6393.438,79.376,-3840.3901
131,171,30,-6262.4199,100.672,-4977.4819
129,171,30,-6007.5962,118.096,-6229.9663
127,171,30,-5550.8359,114.224,-7641.1143
125,171,30,-4744.2939,94.864,-9166.4521
123,171,30,-3418.488,32.912,-10717.0322
121,171,30,-1439.996,-92.928,-11861.3359
119,171,30,1072.184,-300.08,-12282.0361
117,171,30,3675.7161,-621.456,-11956.2939
115,171,30,5853.7402,-1039.632,-10774.7285
113,171,30,7335.8062,-1515.8879,-8965.7178
111,171,30,8168.792,-2015.376,-6999.2461
109,171,30,8462.0801,-2483.8879,-5091.6719
107,171,30,8334.668,-2911.7439,-3292.2781
105,171,30,7857.4741,-3269.9041,-1665.972
103,171,30,7064.1543,-3548.688,-265.642
101,171,30,6025.626,-3732.6079,813.754
99,171,30,4884.9282,-3819.728,1490.48
97,171,30,3821.158,-3815.856,1794.5861
95,171,30,2934.082,-3742.2881,1855.8881
93,171,30,2245.3359,-3620.3201,1794.5861
91,171,30,1711.6481,-3467.376,1687.608
89,171,30,1295.756,-3300.8799,1568.61
87,171,30,962.802,-3120.832,1448.41
85,171,30,695.958,-2944.656,1334.22
83,171,30,478.396,-2768.48,1227.2421
81,171,30,301.702,-2598.1121,1131.082
79,171,30,158.664,-2435.488,1042.134
79,169,30,-8.414,-2536.1599,1186.374
81,169,30,122.604,-2708.4639,1294.5541
83,169,30,289.682,-2894.3201,1415.9561
85,169,30,500.032,-3087.9199,1551.782
87,169,30,763.27,-3285.3921,1700.8301
89,169,30,1095.022,-3482.864,1861.8981
91,169,30,1516.9241,-3674.5281,2027.774
93,169,30,2065.0361,-3856.512,2186.438
95,169,30,2785.0339,-4007.52,2306.6379
97,169,30,3715.3821,-4112.064,2305.436
99,169,30,4856.0801,-4148.8481,2050.6121
101,169,30,6094.1401,-4096.5762,1405.1381
103,169,30,7245.6562,-3941.696,314.924
105,169,30,8137.54,-3690.0159,-1117.86
107,169,30,8712.0957,-3339.6001,-2816.2861
109,169,30,8917.6377,-2923.3599,-4692.6079
111,169,30,8682.0459,-2454.8479,-6715.5742
113,169,30,7895.938,-1961.168,-8802.2461
115,169,30,6406.6602,-1475.2319,-10768.7178
117,169,30,4197.3843,-1041.568,-12052.4541
119,169,30,1491.682,-691.152,-12471.9521
121,169,30,-1110.6481,-443.344,-12102.9385
123,169,30,-3188.906,-280.72,-11037.9658
125,169,30,-4584.4282,-178.112,-9476.5684
127,169,30,-5449.8682,-121.968,-7895.938
129,169,30,-5952.3042,-89.056,-6446.3262
131,169,30,-6225.1582,-71.632,-5155.3779
133,169,30,-6366.9941,-58.08,-3988.2361
135,169,30,-6429.498,-48.4,-2925.668
137,169,30,-6446.3262,-36.784,-1952.0481
139,169,30,-6440.3159,-23.232,-1033.72
141,169,30,-6417.478,-7.744,-151.452
143,169,30,-6389.832,9.68,729.614
145,169,30,-6348.9644,30.976,1627.5081
147,169,30,-6287.6621,54.208,2567.4722
149,169,30,-6186.6943,83.248,3559.1221
151,169,30,-6023.2222,121.968,4622.8921
153,169,30,-5747.9639,172.304,5803.2563
155,169,30,-5285.1943,247.808,7106.2241
157,169,30,-4536.3481,363.968,8504.1504
159,169,30,-3361.9941,536.272,9915.2979
161,169,30,-1643.134,789.888,11112.4902
163,169,30,609.414,1140.304,11684.6426
165,169,30,3073.5142,1581.712,11482.7061
167,169,30,5232.3062,2075.3921,10366.0479
169,169,30,6786.4922,2576.8159,8660.4102
171,169,30,7679.5781,3053.072,6755.2402
173,169,30,8036.5723,3480.928,4830.8379
175,169,30,7956.0381,3835.2161,3013.4141
177,169,30,7508.894,4102.3838,1351.048
179,169,30,6740.8159,4266.9438,-80.534
181,169,30,5702.2881,4328.896,-1194.788
183,169,30,4535.146,4297.9199,-1887.14
185,169,30,3426.9021,4201.1201,-2178.0239
187,169,30,2515.7861,4053.9839,-2194.8521
189,169,30,1811.4141,3877.8079,-2077.0562
191,169,30,1287.342,3684.208,-1915.988
193,169,30,883.47,3477.0559,-1746.506
195,169,30,574.556,3269.9041,-1584.2361
197,169,30,334.156,3064.688,-1435.188
199,169,30,146.644,2867.2161,-1301.766
201,169,30,-1.202,2679.4241,-1181.566
203,169,30,-120.2,2501.312,-1074.588
205,169,30,-213.956,2330.9441,-978.428
205,167,30,-379.832,2400.6399,-1107.042
203,167,30,-300.5,2576.8159,-1218.828
201,167,30,-192.32,2768.48,-1346.24
199,167,30,-56.494,2965.9519,-1490.48
197,167,30,122.604,3176.9761,-1652.75
195,167,30,354.59,3397.6799,-1834.2521
193,167,30,659.898,3622.2559,-2037.39
191,167,30,1062.568,3846.832,-2252.5481
189,167,30,1601.0641,4061.728,-2462.8979
187,167,30,2323.4661,4255.3281,-2632.3801
185,167,30,3274.248,4421.8242,-2668.4399
183,167,30,4424.562,4532.1758,-2431.646
181,167,30,5667.4302,4590.2559,-1790.98
179,167,30,6799.7144,4567.0239,-719.998
177,167,30,7679.5781,4441.1841,718.796
175,167,30,8228.8926,4212.7358,2416.02
173,167,30,8403.1826,3887.488,4307.9683
171,167,30,8123.1162,3480.928,6323.7222
169,167,30,7276.9082,3014.3521,8352.6982
167,167,30,5753.9741,2512.928,10186.9502
165,167,30,3573.5461,2009.568,11451.4541
163,167,30,1054.1541,1552.672,11753.1563
161,167,30,-1295.756,1175.152,11275.9619
159,167,30,-3108.3721,886.688,10110.0225
157,167,30,-4362.0581,675.664,8692.8643
155,167,30,-5172.2061,516.912,7275.7061
153,167,30,-5668.6323,400.752,5952.3042
151,167,30,-5965.5259,311.696,4749.1021
149,167,30,-6144.624,238.128,3660.0901
147,167,30,-6251.6021,170.368,2646.804
145,167,30,-6316.5103,108.416,1696.022
143,167,30,-6362.186,50.336,780.098
141,167,30,-6393.438,-3.872,-117.796
139,167,30,-6416.2759,-56.144,-1020.498
137,167,30,-6425.8921,-108.416,-1954.452
135,167,30,-6411.4683,-156.816,-2950.9102
133,167,30,-6350.166,-209.088,-4031.5081
131,167,30,-6208.3301,-261.36,-5228.7002
129,167,30,-5925.8604,-319.44,-6547.2939
127,167,30,-5417.4141,-396.88,-8028.1582
125,167,30,-4529.1362,-495.616,-9630.4238
123,167,30,-3072.312,-633.072,-11221.8721
121,167,30,-935.156,-822.8,-12244.7744
119,167,30,1786.172,-1089.968,-12595.7578
117,167,30,4563.9941,-1457.808,-12152.2207
115,167,30,6855.0063,-1901.152,-10796.3643
113,167,30,8375.5361,-2392.896,-8716.9043
111,167,30,9166.4521,-2884.6399,-6496.8101
109,167,30,9368.3877,-3339.6001,-4368.0679
107,167,30,9102.7461,-3740.3521,-2377.5562
105,167,30,8452.4639,-4065.6001,-607.01
103,167,30,7463.2183,-4301.792,887.076
101,167,30,6215.542,-4435.376,1997.724
99,167,30,4872.9082,-4462.48,2635.9861
97,167,30,3640.8582,-4400.5278,2852.3459
95,167,30,2646.804,-4266.9438,2798.2561
93,167,30,1890.7461,-4084.96,2620.3601
91,167,30,1322.2001,-3881.6799,2406.4041
89,167,30,891.884,-3666.7839,2193.6501
87,167,30,557.728,-3446.0801,1990.5121
85,167,30,298.096,-3229.248,1805.4041
83,167,30,96.16,-3018.2239,1637.124
81,167,30,-63.706,-2816.8799,1486.874
79,167,30,-188.714,-2629.0879,1353.452
79,165,30,-379.832,-2706.5281,1512.116
81,165,30,-270.45,-2905.936,1665.972
83,165,30,-123.806,-3118.896,1842.666
85,165,30,67.312,-3345.408,2043.4
87,165,30,316.126,-3577.728,2270.5781
89,165,30,644.272,-3817.792,2520.594
91,165,30,1074.588,-4053.9839,2788.6401
93,165,30,1651.548,-4282.4321,3068.7061
95,165,30,2432.8481,-4487.6479,3317.52
97,165,30,3471.376,-4648.3359,3449.74
99,165,30,4779.1519,-4739.3281,3300.6921
101,165,30,6214.3403,-4739.3281,2710.51
103,165,30,7583.418,-4634.7842,1607.074
105,165,30,8682.0459,-4427.6318,92.554
107,165,30,9439.3066,-4117.8721,-1744.1021
109,165,30,9791.4922,-3734.5439,-3806.7341
111,165,30,9665.2822,-3293.136,-6058.0801
113,165,30,8930.8604,-2814.9441,-8391.1621
115,165,30,7430.7642,-2332.8799,-10622.0742
117,165,30,5125.3281,-1881.792,-12135.3926
119,165,30,2253.75,-1498.464,-12653.4541
121,165,30,-533.688,-1200.3199,-12390.2158
123,165,30,-2773.0142,-971.872,-11427.4141
125,165,30,-4293.5439,-799.568,-9847.9863
127,165,30,-5235.9121,-665.984,-8224.084
129,165,30,-5787.6299,-555.632,-6715.5742
131,165,30,-6092.938,-458.832,-5363.3242
133,165,30,-6246.7939,-367.84,-4149.3042
135,165,30,-6314.106,-280.72,-3049.4741
137,165,30,-6333.3379,-191.664,-2039.7941
139,165,30,-6323.7222,-100.672,-1085.406
141,165,30,-6300.8843,-11.616,-173.088
143,165,30,-6269.6323,83.248,736.826
145,165,30,-6222.7539,180.048,1664.77
147,165,30,-6154.2402,278.784,2633.582
149,165,30,-6042.4541,383.328,3658.8882
151,165,30,-5859.75,495.616,4761.1221
153,165,30,-5550.8359,623.392,5979.9502
155,165,30,-5039.9863,776.336,7314.1699
157,165,30,-4211.8081,966.064,8744.5498
159,165,30,-2918.4561,1210.0,10167.7178
161,165,30,-1052.952,1527.504,11318.0322
163,165,30,1361.866,1932.1279,11761.5703
165,165,30,3949.772,2408.384,11393.7578
167,165,30,6173.4722,2913.6799,10022.2764
169,165,30,7710.8301,3409.2959,8072.6323
171,165,30,8529.3926,3858.448,5946.2939
173,165,30,8758.9746,4245.6479,3843.9961
175,165,30,8519.7764,4545.728,1897.958
177,165,30,7879.1104,4749.0078,159.866
179,165,30,6912.7021,4855.4878,-1278.928
181,165,30,5699.8843,4861.2959,-2340.2939
183,165,30,4392.1079,4791.6001,-2964.1321
185,165,30,3172.0781,4654.144,-3179.29
187,165,30,2173.2161,4468.2881,-3108.3721
189,165,30,1408.744,4247.584,-2895.6182
191,165,30,851.016,4011.3921,-2637.188
193,165,30,437.528,3765.52,-2375.1521
195,165,30,132.22,3523.52,-2131.146
197,165,30,-96.16,3289.2639,-1911.1801
199,165,30,-265.642,3064.688,-1715.254
201,165,30,-393.054,2851.728,-1540.964
203,165,30,-489.214,2652.3201,-1387.108
205,165,30,-558.93,2464.5281,-1252.484
205,163,30,-744.038,2510.9919,-1389.5121
203,163,30,-688.746,2704.592,-1540.964
201,163,30,-607.01,2913.6799,-1716.4561
199,163,30,-494.022,3134.384,-1913.584
197,163,30,-337.762,3368.6399,-2141.9641
195,163,30,-122.604,3616.448,-2399.1921
193,163,30,175.492,3875.8721,-2690.0759
191,163,30,582.97,4139.168,-3003.7981
189,163,30,1147.91,4402.4639,-3324.7322
187,163,30,1926.806,4656.0801,-3604.7981
185,163,30,2966.5361,4878.7202,-3740.624
183,163,30,4238.252,5047.1519,-3587.97
181,163,30,5628.9663,5140.0801,-3015.8181
179,163,30,6931.9341,5142.0161,-1984.5021
177,163,30,8000.5122,5049.0879,-540.9
175,163,30,8733.7324,4863.2319,1211.616
173,163,30,9072.6963,4582.5122,3215.3501
171,163,30,8927.2539,4216.6079,5382.5562
169,163,30,8177.2061,3790.688,7614.6699
167,163,30,6692.7363,3308.624,9692.9277
165,163,30,4481.0562,2809.136,11215.8623
163,163,30,1849.8781,2330.9441,11724.3086
161,163,30,-650.282,1906.96,11368.5166
159,163,30,-2601.1279,1570.0959,10257.8682
157,163,30,-3961.792,1295.184,8853.9326
155,163,30,-4838.0503,1068.672,7424.7539
153,163,30,-5390.9702,873.136,6071.3022
151,163,30,-5721.52,704.704,4841.6562
149,163,30,-5918.6479,553.696,3727.4021
147,163,30,-6036.4443,406.56,2687.6721
145,163,30,-6110.9683,265.232,1716.4561
143,163,30,-6159.0483,127.776,778.896
141,163,30,-6193.9062,-5.808,-138.23
139,163,30,-6219.1479,-139.392,-1063.77
137,163,30,-6229.9663,-271.04,-2022.9661
135,163,30,-6214.3403,-404.624,-3045.8682
133,163,30,-6149.4321,-534.336,-4157.7183
131,163,30,-5989.5659,-667.92,-5390.9702
129,163,30,-5679.4502,-807.312,-6752.8359
127,163,30,-5112.106,-960.256,-8279.376
125,163,30,-4144.4961,-1130.624,-9908.0859
123,163,30,-2571.0781,-1331.968,-11498.332
121,163,30,-278.864,-1579.776,-12446.71
119,163,30,2587.906,-1897.28,-12678.6963
117,163,30,5507.564,-2284.48,-12119.7666
115,163,30,7876.7061,-2735.5679,-10501.874
113,163,30,9394.832,-3211.824,-8153.166
111,163,30,10124.4463,-3672.592,-5689.0659
109,163,30,10206.1826,-4086.896,-3346.3682
107,163,30,9787.8857,-4446.9922,-1179.162
105,163,30,8950.0918,-4721.9038,713.988
103,163,30,7750.4961,-4913.5679,2286.2041
101,163,30,6281.6523,-4996.8159,3400.458
99,163,30,4737.082,-4983.2642,3977.418
97,163,30,3343.9641,-4870.9761,4077.1841
95,163,30,2245.3359,-4692.8638,3880.0562
93,163,30,1427.9761,-4466.3521,3562.728
91,163,30,831.784,-4216.6079,3217.7542
89,163,30,396.66,-3959.1199,2893.2141
87,163,30,72.12,-3703.5679,2593.916
85,163,30,-169.482,-3453.824,2324.668
83,163,30,-349.782,-3215.696,2087.874
81,163,30,-484.406,-2989.1841,1876.322
79,163,30,-582.97,-2776.2239,1692.416
79,161,30,-792.118,-2828.4961,1859.494
81,161,30,-709.18,-3045.3279,2063.834
83,161,30,-591.384,-3279.584,2301.8301
85,161,30,-425.508,-3529.3279,2573.4819
87,161,30,-198.33,-3792.624,2886.002
89,161,30,115.392,-4059.792,3235.7842
91,161,30,545.708,-4330.832,3620.4241
93,161,30,1145.506,-4596.064,4038.72
95,161,30,1985.704,-4841.936,4436.582
97,161,30,3125.2,-5041.3437,4719.0522
99,161,30,4586.832,-5171.0562,4695.0122
101,161,30,6220.3501,-5205.9038,4172.1421
103,161,30,7806.9902,-5143.9521,3071.1101
105,161,30,9118.3721,-4981.3281,1491.682
107,161,30,10063.1445,-4723.8398,-460.366
109,161,30,10570.3887,-4390.8481,-2684.0662
111,161,30,10567.9844,-3997.8401,-5122.9243
113,161,30,9910.4902,-3564.176,-7696.4062
115,161,30,8426.0205,-3111.1521,-10185.748
117,161,30,6070.1001,-2677.488,-11986.3438
119,161,30,3083.1301,-2288.3521,-12658.2627
121,161,30,141.836,-1963.104,-12477.9619
123,161,30,-2229.71,-1690.1281,-11578.8662
125,161,30,-3851.208,-1455.8719,-10034.2959
127,161,30,-4865.6963,-1248.72,-8388.7578
129,161,30,-5460.686,-1064.8,-6861.0161
131,161,30,-5792.438,-888.624,-5484.7261
133,161,30,-5960.7183,-716.32,-4244.2622
135,161,30,-6035.2422,-542.08,-3119.1899
137,161,30,-6053.272,-369.776,-2090.2781
139,161,30,-6044.8579,-197.472,-1123.87
141,161,30,-6020.8179,-21.296,-200.734
143,161,30,-5984.7583,156.816,723.604
145,161,30,-5936.6782,336.864,1662.3661
147,161,30,-5860.9521,518.848,2646.804
149,161,30,-5739.5503,704.704,3684.1301
151,161,30,-5538.8159,896.368,4804.394
153,161,30,-5201.0542,1101.584,6040.0503
155,161,30,-4643.3262,1328.0959,7389.896
157,161,30,-3747.8362,1583.6479,8817.8721
159,161,30,-2363.1321,1885.6639,10210.9902
161,161,30,-370.216,2249.6321,11298.7998
163,161,30,2179.2261,2681.3601,11634.1582
165,161,30,4854.8779,3161.488,11030.7539
167,161,30,7089.396,3647.4241,9414.0645
169,161,30,8573.8662,4108.1919,7245.6562
171,161,30,9293.8643,4512.8159,4935.4121
173,161,30,9393.6299,4855.4878,2670.844
175,161,30,8993.3643,5116.8481,614.222
177,161,30,8184.418,5293.0239,-1182.7681
179,161,30,7037.71,5387.8882,-2654.0161
181,161,30,5644.5923,5376.272,-3703.3621
183,161,30,4169.7383,5269.792,-4263.4941
185,161,30,2804.2661,5072.3198,-4365.6641
187,161,30,1715.254,4822.5762,-4158.9199
189,161,30,906.308,4541.856,-3807.936
191,161,30,330.55,4261.1357,-3426.9021
193,161,30,-81.736,3976.5439,-3054.282
195,161,30,-371.418,3703.5679,-2715.3181
197,161,30,-578.162,3444.144,-2414.8181
199,161,30,-723.604,3198.272,-2149.176
201,161,30,-823.37,2967.8879,-1919.594
203,161,30,-891.884,2751.0559,-1716.4561
205,161,30,-936.358,2547.7759,-1537.358
205,159,30,-1134.688,2569.072,-1679.194
203,159,30,-1105.84,2772.3521,-1872.7161
201,159,30,-1052.952,2993.0559,-2096.2881
199,159,30,-970.014,3227.312,-2351.1121
197,159,30,-840.198,3480.928,-2649.208
195,159,30,-651.484,3748.0959,-2988.1721
193,159,30,-371.418,4032.688,-3377.6201
191,159,30,26.444,4326.96,-3809.1382
189,159,30,599.798,4627.04,-4267.1001
187,159,30,1417.1581,4921.312,-4703.4263
185,159,30,2545.8359,5190.416,-5003.9263
183,159,30,3976.2161,5409.1841,-4991.9062
181,159,30,5556.8462,5536.96,-4484.6621
179,159,30,7044.9224,5562.1279,-3446.134
177,159,30,8285.3857,5488.5601,-1948.442
175,159,30,9176.0684,5329.8081,-114.19
173,159,30,9656.8682,5091.6802,1996.5221
171,159,30,9640.04,4783.856,4306.7661
169,159,30,8993.3643,4408.272,6709.564
167,159,30,7568.9941,3978.48,8992.1621
165,159,30,5360.9199,3515.7759,10741.0723
163,159,30,2666.0361,3051.136,11500.7363
161,159,30,62.504,2615.5359,11235.0938
159,159,30,-1986.906,2236.0801,10214.5957
157,159,30,-3431.71,1910.832,8841.9121
155,159,30,-4368.0679,1622.368,7422.3501
153,159,30,-4952.2402,1361.0079,6071.3022
151,159,30,-5305.6279,1117.072,4834.4438
149,159,30,-5518.3823,884.752,3714.1802
147,159,30,-5645.7939,656.304,2673.248
145,159,30,-5723.9243,429.792,1697.224
143,159,30,-5776.812,205.216,756.058
141,159,30,-5811.6699,-17.424,-163.472
139,159,30,-5838.1143,-236.192,-1086.608
137,159,30,-5850.1343,-454.96,-2051.814
135,159,30,-5832.104,-673.728,-3083.1301
133,159,30,-5759.9839,-890.56,-4204.5962
131,159,30,-5590.502,-1107.392,-5449.8682
129,159,30,-5258.75,-1326.16,-6821.3501
127,159,30,-4656.5479,-1552.672,-8353.9004
125,159,30,-3628.8381,-1788.864,-9988.6201
123,159,30,-1968.876,-2048.2881,-11545.21
121,159,30,435.124,-2338.688,-12439.498
119,159,30,3413.6802,-2671.6799,-12605.374
117,159,30,6431.9023,-3051.136,-11864.9424
115,159,30,8837.1045,-3469.312,-9932.126
113,159,30,10321.5742,-3895.2319,-7355.0381
111,159,30,10963.4424,-4294.0479,-4673.376
109,159,30,10926.1807,-4648.3359,-2146.772
107,159,30,10351.624,-4948.416,169.482
105,159,30,9332.3281,-5172.9922,2167.2061
103,159,30,7928.3921,-5318.1919,3794.7141
101,159,30,6249.1982,-5368.5278,4900.5542
99,159,30,4509.9043,-5318.1919,5402.9902
97,159,30,2965.334,-5178.7998,5378.9502
95,159,30,1759.728,-4965.8398,5030.3701
93,159,30,885.874,-4710.2881,4560.3882
91,159,30,270.45,-4431.5039,4077.1841
89,159,30,-161.068,-4148.8481,3631.2422
87,159,30,-469.982,-3868.1279,3227.3701
85,159,30,-687.544,-3595.1521,2871.5781
83,159,30,-840.198,-3335.728,2557.856
81,159,30,-944.772,-3091.792,2282.5981
79,159,30,-1014.488,-2865.28,2042.198
79,157,30,-1234.454,-2882.7041,2212.8821
81,157,30,-1183.97,-3113.0879,2471.312
83,157,30,-1096.224,-3362.832,2774.2161
85,157,30,-960.398,-3626.1279,3122.7961
87,157,30,-759.664,-3904.9119,3525.4661
89,157,30,-462.77,-4195.312,3981.0242
91,157,30,-38.464,-4487.6479,4490.6719
93,157,30,576.96,-4774.1758,5047.1982
95,157,30,1467.642,-5039.4082,5601.3203
97,157,30,2708.106,-5262.0479,6032.8379
99,157,30,4323.5942,-5411.1201,6133.8062
101,157,30,6144.624,-5471.1357,5687.8643
103,157,30,7931.998,-5438.2241,4596.4482
105,157,30,9439.3066,-5318.1919,2962.9302
107,157,30,10553.5605,-5114.9121,918.328
109,157,30,11212.2559,-4847.7441,-1442.4
111,157,30,11332.4561,-4526.3682,-4050.74
113,157,30,10766.3145,-4172.0801,-6811.7339
115,157,30,9328.7227,-3788.752,-9512.6279
117,157,30,6959.5801,-3407.3599,-11638.9658
119,157,30,3910.106,-3043.3921,-12488.7803
121,157,30,877.46,-2716.208,-12384.2061
123,157,30,-1592.65,-2414.1919,-11535.5938
125,157,30,-3288.6721,-2133.4719,-10011.458
127,157,30,-4354.8462,-1864.368,-8379.1426
129,157,30,-4979.8862,-1603.0079,-6857.4102
131,157,30,-5326.062,-1349.392,-5483.5239
133,157,30,-5505.1602,-1091.9041,-4246.666
135,157,30,-5580.8862,-832.48,-3126.4021
137,157,30,-5600.1182,-569.184,-2104.7021
139,157,30,-5590.502,-302.016,-1141.9
141,157,30,-5565.2603,-36.784,-224.774
143,157,30,-5527.998,230.384,689.948
145,157,30,-5475.1099,501.424,1622.7001
147,157,30,-5396.98,774.4,2598.7241
149,157,30,-5269.5679,1045.4399,3630.04
151,157,30,-5056.814,1318.416,4743.0923
153,157,30,-4701.022,1601.072,5970.334
155,157,30,-4113.2441,1897.28,7310.564
157,157,30,-3164.866,2214.7839,8718.1064
159,157,30,-1708.042,2565.2,10072.7598
161,157,30,370.216,2952.3999,11072.8242
163,157,30,2989.374,3384.1279,11307.2139
165,157,30,5702.2881,3837.1521,10470.6221
167,157,30,7911.564,4268.8799,8654.4004
169,157,30,9332.3281,4667.6958,6294.874
171,157,30,9950.1563,5000.688,3828.3701
173,157,30,9928.5205,5273.6641,1447.208
175,157,30,9399.6406,5478.8799,-723.604
177,157,30,8447.6563,5612.4639,-2617.9561
179,157,30,7136.2739,5664.7358,-4144.4961
181,157,30,5553.2402,5620.208,-5210.6699
183,157,30,3876.45,5478.8799,-5707.0962
185,157,30,2361.9299,5256.2397,-5666.228
187,157,30,1179.162,4981.3281,-5287.5981
189,157,30,326.944,4681.248,-4771.9399
191,157,30,-254.824,4375.3599,-4246.666
193,157,30,-652.686,4075.28,-3753.8459
195,157,30,-920.732,3786.8159,-3315.116
197,157,30,-1098.6281,3509.968,-2926.8701
199,157,30,-1212.818,3252.48,-2593.916
201,157,30,-1283.7361,3012.416,-2305.436
203,157,30,-1323.402,2785.9041,-2053.0161
205,157,30,-1337.826,2576.8159,-1831.848
205,155,30,-1540.964,2569.072,-1973.6841
203,155,30,-1544.5701,2776.2239,-2205.6699
201,155,30,-1524.136,3004.6719,-2479.7261
199,155,30,-1471.248,3246.6719,-2795.8521
197,155,30,-1373.886,3508.032,-3163.6641
195,155,30,-1212.818,3782.9441,-3585.5662
193,155,30,-957.994,4073.344,-4073.5781
191,155,30,-570.95,4377.2959,-4624.0942
189,155,30,9.616,4687.0562,-5225.0942
187,155,30,871.45,4985.2002,-5823.6899
185,155,30,2095.0859,5262.0479,-6291.2681
183,155,30,3667.302,5486.624,-6407.8623
181,155,30,5433.04,5639.5679,-5960.7183
179,155,30,7099.0122,5705.3921,-4912.5742
177,155,30,8495.7363,5686.0317,-3360.792
175,155,30,9517.4365,5598.9121,-1447.208
173,155,30,10119.6387,5434.3521,757.26
171,155,30,10213.3945,5211.7119,3185.3
169,155,30,9672.4941,4923.248,5719.1162
167,155,30,8326.2539,4570.896,8162.7822
165,155,30,6159.0483,4172.0801,10085.9824
163,155,30,3468.9722,3748.0959,11040.3701
161,155,30,822.168,3324.1121,10898.5342
159,155,30,-1295.756,2925.2959,9960.9746
157,155,30,-2789.842,2557.4561,8650.7939
155,155,30,-3765.866,2210.9121,7262.4844
153,155,30,-4372.876,1877.92,5933.0723
151,155,30,-4740.688,1556.5439,4716.6479
149,155,30,-4959.4521,1239.04,3614.4141
147,155,30,-5090.4702,919.6,2590.3101
145,155,30,-5169.8022,600.16,1628.7101
143,155,30,-5222.6899,282.656,711.584
141,155,30,-5261.1543,-32.912,-188.714
139,155,30,-5288.8003,-350.416,-1101.032
137,155,30,-5300.8203,-664.048,-2047.006
135,155,30,-5283.9922,-975.744,-3061.4941
133,155,30,-5211.8721,-1281.632,-4160.1221
131,155,30,-5037.582,-1585.584,-5389.7681
129,155,30,-4697.416,-1885.6639,-6743.2202
127,155,30,-4072.376,-2183.8081,-8264.9521
125,155,30,-3006.2021,-2481.9519,-9870.8242
123,155,30,-1300.564,-2783.968,-11398.5664
121,155,30,1175.556,-3095.6641,-12256.7939
119,155,30,4229.8379,-3417.04,-12332.5205
117,155,30,7281.7163,-3753.9041,-11420.2021
115,155,30,9668.8877,-4104.3198,-9182.0781
113,155,30,11094.46,-4439.248,-6418.6802
111,155,30,11646.1777,-4747.0718,-3557.9202
109,155,30,11500.7363,-5018.1118,-895.49
107,155,30,10789.1523,-5240.752,1538.5601
105,155,30,9608.7881,-5411.1201,3634.8481
103,155,30,8032.9663,-5513.728,5304.4263
101,155,30,6156.644,-5536.96,6413.8721
99,155,30,4221.4243,-5465.3281,6853.8042
97,155,30,2527.8062,-5312.3838,6704.7563
95,155,30,1223.636,-5087.8081,6208.3301
93,155,30,302.904,-4816.7681,5583.29
91,155,30,-331.752,-4524.4321,4960.6543
89,155,30,-758.462,-4228.2241,4390.9062
87,155,30,-1048.144,-3933.9519,3877.6521
85,155,30,-1239.262,-3649.3599,3428.104
83,155,30,-1360.6641,-3378.3201,3038.656
81,155,30,-1432.7841,-3122.7681,2697.2881
79,155,30,-1467.642,-2888.512,2401.5959
79,153,30,-1696.022,-2871.0879,2568.6741
81,153,30,-1676.79,-3103.408,2881.1941
83,153,30,-1622.7001,-3360.896,3250.208
85,153,30,-1519.328,-3633.8721,3675.7161
87,153,30,-1345.038,-3918.4639,4167.334
89,153,30,-1068.578,-4216.6079,4732.2739
91,153,30,-650.282,-4512.8159,5362.1221
93,153,30,-18.03,-4805.1519,6052.0703
95,153,30,919.53,-5078.1279,6755.2402
97,153,30,2254.9521,-5304.6401,7333.4023
99,153,30,4014.6802,-5463.3921,7554.5703
101,153,30,6016.0103,-5536.96,7166.3242
103,153,30,7988.4922,-5531.1519,6065.292
105,153,30,9656.8682,-5457.584,4383.6938
107,153,30,10910.5537,-5318.1919,2250.144
109,153,30,11684.6426,-5130.3999,-212.754
111,153,30,11909.416,-4907.7598,-2940.092
113,153,30,11433.4238,-4654.144,-5839.3159
115,153,30,10070.3564,-4375.3599,-8690.46
117,153,30,7736.0723,-4079.1521,-11031.9561
119,153,30,4685.396,-3771.3279,-12113.7559
121,153,30,1619.094,-3471.248,-12100.5342
123,153,30,-895.49,-3159.552,-11272.3564
125,153,30,-2621.562,-2843.9839,-9784.2803
127,153,30,-3704.564,-2516.8,-8195.2363
129,153,30,-4336.8159,-2185.7439,-6701.1499
131,153,30,-4687.8003,-1848.88,-5357.314
133,153,30,-4863.292,-1502.3359,-4151.708
135,153,30,-4936.6143,-1148.048,-3061.4941
137,153,30,-4952.2402,-787.952,-2069.844
139,153,30,-4940.2202,-425.92,-1137.092
141,153,30,-4911.3721,-60.016,-250.016
143,153,30,-4874.1099,307.824,635.858
145,153,30,-4824.8281,673.728,1537.358
147,153,30,-4746.6982,1043.504,2479.7261
149,153,30,-4619.2861,1407.472,3478.5881
151,153,30,-4407.7339,1767.568,4563.9941
153,153,30,-4047.134,2131.5359,5759.9839
155,153,30,-3446.134,2499.376,7065.356
157,153,30,-2477.322,2876.896,8435.6357
159,153,30,-984.438,3266.032,9722.9785
161,153,30,1129.88,3668.72,10629.2861
163,153,30,3757.4521,4081.0879,10731.4561
165,153,30,6445.124,4485.7119,9728.9883
167,153,30,8585.8857,4840.0,7764.9199
169,153,30,9915.2979,5147.8237,5275.5781
171,153,30,10435.7646,5380.144,2698.49
173,153,30,10305.9482,5552.4478,223.572
175,153,30,9668.8877,5662.7998,-2010.946
177,153,30,8596.7041,5717.0078,-3964.196
179,153,30,7151.8999,5705.3921,-5537.6143
181,153,30,5412.606,5622.144,-6606.1919
183,153,30,3567.5361,5463.3921,-7049.73
185,153,30,1909.978,5236.8799,-6897.0762
187,153,30,632.252,4965.8398,-6375.4082
189,153,30,-264.44,4667.6958,-5710.7021
191,153,30,-853.42,4365.6802,-5055.6123
193,153,30,-1240.464,4063.6641,-4446.1982
195,153,30,-1485.672,3771.3279,-3905.2981
197,153,30,-1635.922,3494.48,-3438.9221
199,153,30,-1721.264,3231.1841,-3036.252
201,153,30,-1757.324,2989.1841,-2687.6721
203,153,30,-1763.334,2760.7361,-2382.364
205,153,30,-1746.506,2547.7759,-2121.53
205,151,30,-1950.8461,2512.928,-2258.5581
203,151,30,-1985.704,2720.0801,-2531.4121
201,151,30,-1997.724,2948.5281,-2854.75
199,151,30,-1977.29,3188.592,-3224.9661
197,151,30,-1909.978,3448.0159,-3657.686
195,151,30,-1774.152,3722.928,-4160.1221
193,151,30,-1540.964,4013.3279,-4741.8901
191,151,30,-1162.334,4311.4722,-5404.1919
189,151,30,-569.748,4611.5518,-6125.3921
187,151,30,335.358,4901.9521,-6857.4102
185,151,30,1649.144,5171.0562,-7451.1982
183,151,30,3352.3782,5397.5679,-7660.3462
181,151,30,5268.3662,5562.1279,-7255.272
179,151,30,7060.5483,5658.9277,-6211.936
177,151,30,8567.8564,5705.3921,-4636.1143
175,151,30,9692.9277,5697.6479,-2686.47
173,151,30,10391.29,5643.4399,-432.72
171,151,30,10584.8125,5536.96,2050.6121
169,151,30,10150.8906,5364.6558,4662.5581
167,151,30,8918.8398,5120.7202,7199.98
165,151,30,6835.7739,4809.0239,9254.1982
163,151,30,4192.5762,4445.0562,10345.6143
161,151,30,1568.61,4050.1121,10333.5938
159,151,30,-551.718,3643.552,9493.3965
157,151,30,-2053.0161,3240.864,8257.7402
155,151,30,-3033.8481,2834.304,6919.9141
153,151,30,-3640.8582,2427.7439,5644.5923
151,151,30,-4003.8621,2021.184,4471.4399
149,151,30,-4214.2119,1610.752,3408.8721
147,151,30,-4341.624,1198.384,2432.8481
145,151,30,-4417.3501,780.208,1516.9241
143,151,30,-4467.834,360.096,641.868
141,151,30,-4506.2979,-60.016,-218.764
139,151,30,-4537.5503,-476.256,-1081.8
137,151,30,-4553.1763,-890.56,-1982.098
135,151,30,-4542.3579,-1304.864,-2954.5161
133,151,30,-4475.0459,-1707.552,-4006.2661
131,151,30,-4310.3721,-2106.3679,-5190.2363
129,151,30,-3976.2161,-2487.76,-6502.8203
127,151,30,-3354.782,-2859.4719,-7972.8662
125,151,30,-2293.416,-3213.76,-9528.2539
123,151,30,-573.354,-3548.688,-11003.1084
121,151,30,1906.3721,-3860.384,-11886.5781
119,151,30,4948.6343,-4146.9121,-11879.3662
117,151,30,7974.0684,-4414.0801,-10690.5879
115,151,30,10308.3525,-4669.6318,-8290.1943
113,151,30,11649.7842,-4886.4639,-5395.7783
111,151,30,12105.3418,-5074.2559,-2454.4841
109,151,30,11868.5479,-5234.9438,307.712
107,151,30,11062.0059,-5364.6558,2819.8921
105,151,30,9763.8457,-5455.6479,4990.7041
103,151,30,8041.3804,-5504.0479,6716.7759
101,151,30,6001.5859,-5498.2397,7837.04
99,151,30,3913.7122,-5418.8638,8224.084
97,151,30,2075.854,-5263.9839,7970.4619
95,151,30,676.726,-5043.2798,7333.4023
93,151,30,-295.692,-4774.1758,6570.1323
91,151,30,-945.974,-4483.7759,5814.0742
89,151,30,-1366.6741,-4187.5679,5127.7319
87,151,30,-1638.326,-3889.4241,4511.106
85,151,30,-1801.798,-3602.896,3972.6101
83,151,30,-1891.948,-3331.856,3505.032
81,151,30,-1929.2101,-3074.3679,3098.7561
79,151,30,-1931.614,-2836.24,2750.176
79,149,30,-2157.5901,-2783.968,2908.8401
81,149,30,-2173.2161,-3018.2239,3273.0461
83,149,30,-2153.9841,-3271.8401,3703.3621
85,149,30,-2081.864,-3540.9441,4202.1919
87,149,30,-1934.0181,-3825.5359,4779.1519
89,149,30,-1675.588,-4117.8721,5439.0503
91,149,30,-1262.1,-4410.208,6180.6841
93,149,30,-610.616,-4694.7998,6999.2461
95,149,30,383.438,-4960.0317,7834.6362
97,149,30,1811.4141,-5174.9277,8534.2002
99,149,30,3702.1602,-5322.064,8839.5078
101,149,30,5842.9219,-5391.7598,8486.1201
103,149,30,7942.8159,-5413.0562,7379.0781
105,149,30,9720.5742,-5395.6318,5657.814
107,149,30,11083.6426,-5354.9761,3460.5581
109,149,30,11935.8604,-5283.3437,927.944
111,149,30,12233.9561,-5186.5439,-1858.292
113,149,30,11846.9121,-5072.3198,-4815.2119
115,149,30,10578.8018,-4929.0562,-7749.2939
117,149,30,8338.2744,-4749.0078,-10196.5664
119,149,30,5353.708,-4524.4321,-11564.4424
121,149,30,2329.4761,-4265.0078,-11631.7539
123,149,30,-156.26,-3957.1841,-10750.6885
125,149,30,-1863.1,-3608.7041,-9327.5205
127,149,30,-2924.4661,-3223.4399,-7803.3843
129,149,30,-3538.688,-2814.9441,-6368.1963
131,149,30,-3870.4402,-2389.0239,-5086.8643
133,149,30,-4030.3062,-1945.6799,-3936.55
135,149,30,-4095.2141,-1490.72,-2902.8301
137,149,30,-4102.4263,-1028.016,-1971.28
139,149,30,-4084.396,-559.504,-1099.8301
141,149,30,-4056.75,-90.992,-270.45
143,149,30,-4019.488,383.328,556.526
145,149,30,-3970.2061,859.584,1399.1281
147,149,30,-3900.49,1331.968,2283.8
149,149,30,-3781.4922,1794.672,3227.3701
151,149,30,-3581.96,2253.5039,4255.0801
153,149,30,-3233.3801,2704.592,5388.5659
155,149,30,-2646.804,3149.8721,6635.04
157,149,30,-1696.022,3585.4719,7928.3921
159,149,30,-224.774,4011.3921,9135.2002
161,149,30,1857.0901,4416.0161,9938.1357
163,149,30,4440.188,4799.3437,9924.9141
165,149,30,7034.104,5126.5278,8799.8418
167,149,30,9066.6865,5380.144,6740.8159
169,149,30,10267.4844,5550.5122,4184.1621
171,149,30,10672.5586,5645.376,1583.0341
173,149,30,10454.9961,5686.0317,-903.904
175,149,30,9741.0078,5684.0962,-3154.0481
177,149,30,8596.7041,5653.1201,-5118.1162
179,149,30,7071.3662,5587.2959,-6708.3623
181,149,30,5225.0942,5476.9438,-7788.96
183,149,30,3255.0161,5314.3198,-8206.0537
185,149,30,1471.248,5089.7441,-7980.0781
187,149,30,109.382,4832.2559,-7352.6343
189,149,30,-831.784,4541.856,-6571.334
191,149,30,-1436.39,4249.52,-5802.0542
193,149,30,-1818.626,3955.248,-5088.0659
195,149,30,-2047.006,3668.72,-4460.6221
197,149,30,-2170.812,3395.7439,-3918.52
199,149,30,-2223.7,3140.1919,-3454.5481
201,149,30,-2229.71,2898.1919,-3053.0801
203,149,30,-2204.468,2671.6799,-2703.2981
205,149,30,-2156.3879,2462.592,-2399.1921
205,147,30,-2355.9199,2400.6399,-2527.8062
203,147,30,-2420.8281,2603.9199,-2839.124
201,147,30,-2464.1001,2826.5601,-3204.532
199,147,30,-2474.918,3062.752,-3626.4341
197,147,30,-2435.252,3314.4319,-4119.2539
195,147,30,-2327.072,3583.5359,-4690.2041
193,147,30,-2110.7122,3864.2559,-5356.1123
191,147,30,-1734.4861,4154.6558,-6108.564
189,147,30,-1123.87,4445.0562,-6928.3281
187,147,30,-171.886,4725.7759,-7758.9102
185,147,30,1221.2321,4985.2002,-8438.04
183,147,30,3030.2419,5203.9678,-8697.6719
181,147,30,5055.6123,5372.3999,-8298.6084
179,147,30,6943.9541,5490.4961,-7222.8184
177,147,30,8508.958,5579.5518,-5620.5522
175,147,30,9671.292,5643.4399,-3658.8882
173,147,30,10408.1182,5699.584,-1427.9761
171,147,30,10667.75,5736.3682,1013.286
169,147,30,10344.4121,5728.624,3590.374
167,147,30,9254.1982,5641.5039,6135.0083
165,147,30,7326.1899,5457.584,8237.3057
163,147,30,4806.7979,5182.6719,9420.0742
161,147,30,2269.376,4826.4478,9506.6182
159,147,30,219.966,4419.8882,8768.5898
157,147,30,-1232.05,3978.48,7624.2861
155,147,30,-2167.2061,3511.9041,6376.6104
153,147,30,-2742.9641,3024.032,5179.418
151,147,30,-3080.7261,2522.6079,4081.9922
149,147,30,-3276.6521,2013.4399,3096.3521
147,147,30,-3389.6401,1490.72,2190.0439
145,147,30,-3458.1541,966.064,1347.442
143,147,30,-3503.8301,437.536,548.112
141,147,30,-3541.092,-89.056,-233.188
139,147,30,-3572.344,-615.648,-1022.902
137,147,30,-3593.98,-1138.368,-1852.282
135,147,30,-3592.7781,-1659.152,-2745.3682
133,147,30,-3539.8901,-2170.2561,-3729.8062
131,147,30,-3394.448,-2667.8081,-4834.4438
129,147,30,-3085.5339,-3146.0,-6073.7061
127,147,30,-2498.958,-3602.896,-7466.8242
125,147,30,-1480.864,-4021.072,-8942.8799
123,147,30,176.694,-4390.8481,-10335.998
121,147,30,2587.906,-4702.5439,-11255.5283
119,147,30,5558.0483,-4940.6719,-11162.9746
117,147,30,8472.8984,-5116.8481,-9760.2402
115,147,30,10666.5479,-5233.0078,-7312.9683
113,147,30,11892.5879,-5294.96,-4401.7241
111,147,30,12266.4102,-5320.1279,-1442.4
109,147,30,11970.7178,-5322.064,1342.634
107,147,30,11095.6621,-5308.5122,3899.2881
105,147,30,9743.4121,-5294.96,6098.9482
103,147,30,7956.0381,-5283.3437,7857.4741
101,147,30,5834.5083,-5262.0479,9005.3838
99,147,30,3618.02,-5194.2881,9392.4277
97,147,30,1652.75,-5060.7041,9085.918
95,147,30,157.462,-4859.3599,8353.9004
93,147,30,-875.056,-4603.8081,7472.834
91,147,30,-1546.974,-4323.0879,6597.7783
89,147,30,-1967.6741,-4036.5601,5805.6602
87,147,30,-2222.498,-3744.2239,5095.2783
85,147,30,-2358.324,-3467.376,4478.6519
83,147,30,-2417.2219,-3200.208,3942.5601
81,147,30,-2420.8281,-2948.5281,3477.386
79,147,30,-2388.374,-2714.272,3075.918
79,145,30,-2610.7441,-2627.1521,3223.7642
81,145,30,-2661.228,-2855.6001,3636.05
83,145,30,-2673.248,-3099.5359,4120.4561
85,145,30,-2632.3801,-3360.896,4681.79
87,145,30,-2509.7761,-3635.8079,5329.668
89,145,30,-2270.5781,-3918.4639,6074.9082
91,145,30,-1854.686,-4199.1841,6916.3081
93,145,30,-1180.364,-4476.0317,7840.646
95,145,30,-127.412,-4721.9038,8773.3984
97,145,30,1403.936,-4921.312,9547.4863
99,145,30,3430.5081,-5049.0879,9867.2178
101,145,30,5684.2583,-5111.04,9460.9424
103,145,30,7832.2319,-5140.0801,8274.5684
105,145,30,9616.0,-5180.7358,6510.0322
107,145,30,10974.2598,-5258.1758,4332.0083
109,145,30,11869.75,-5356.9121,1816.222
111,145,30,12219.5322,-5445.9678,-948.378
113,145,30,11917.8301,-5513.728,-3856.0161
115,145,30,10790.3545,-5540.832,-6738.4121
117,145,30,8708.4902,-5507.9199,-9179.6738
119,145,30,5878.9819,-5391.7598,-10626.8818
121,145,30,2994.1821,-5180.7358,-10774.7285
123,145,30,621.434,-4869.04,-9923.7119
125,145,30,-996.458,-4474.0962,-8593.0986
127,145,30,-1988.108,-4015.2639,-7165.1221
129,145,30,-2549.4421,-3513.8401,-5830.9023
131,145,30,-2845.134,-2979.5039,-4634.9121
133,145,30,-2983.364,-2425.8081,-3580.7581
135,145,30,-3030.2419,-1856.624,-2640.7939
137,145,30,-3027.8381,-1281.632,-1796.99
139,145,30,-3005.0,-698.896,-1015.69
141,145,30,-2974.95,-120.032,-275.258
143,145,30,-2938.8901,464.64,455.558
145,145,30,-2898.022,1051.248,1206.808
147,145,30,-2835.5181,1635.92,2000.1281
149,145,30,-2733.3481,2210.9121,2851.144
151,145,30,-2553.0481,2776.2239,3783.896
153,145,30,-2239.3259,3329.9199,4822.4243
155,145,30,-1699.6281,3864.2559,5969.1323
157,145,30,-811.35,4371.4878,7161.5161
159,145,30,578.162,4840.0,8268.5586
161,145,30,2544.634,5248.4961,8975.334
163,145,30,4984.6938,5585.3599,8879.1738
165,145,30,7405.522,5817.6802,7715.6382
167,145,30,9255.4004,5933.8398,5667.4302
169,145,30,10298.7363,5941.584,3187.7041
171,145,30,10601.6406,5879.6318,699.564
173,145,30,10346.8164,5780.896,-1693.618
175,145,30,9629.2227,5672.48,-3902.894
177,145,30,8477.7061,5554.3838,-5889.8003
179,145,30,6913.9043,5434.3521,-7547.3579
181,145,30,4999.1182,5293.0239,-8680.8438
183,145,30,2936.4861,5112.9761,-9124.3818
185,145,30,1049.3461,4888.3999,-8875.5684
187,145,30,-388.246,4628.9761,-8188.0239
189,145,30,-1377.4921,4346.3198,-7321.3823
191,145,30,-2001.3301,4059.792,-6459.5483
193,145,30,-2379.96,3775.2,-5667.4302
195,145,30,-2591.512,3498.3521,-4971.4722
197,145,30,-2692.48,3233.1199,-4366.8662
199,145,30,-2718.9241,2983.376,-3842.7942
201,145,30,-2694.884,2747.1841,-3393.2461
203,145,30,-2637.188,2528.416,-3001.394
205,145,30,-2557.856,2323.2,-2662.4299
205,143,30,-2751.3779,2236.0801,-2780.2261
203,143,30,-2846.3359,2433.552,-3126.4021
201,143,30,-2919.658,2650.384,-3531.4761
199,143,30,-2959.324,2878.832,-3997.8521
197,143,30,-2948.5061,3126.6399,-4541.1562
195,143,30,-2860.76,3388.0,-5171.0039
193,143,30,-2660.0261,3660.9761,-5897.0122
191,143,30,-2289.8101,3943.6321,-6714.3721
189,143,30,-1665.972,4228.2241,-7609.8623
187,143,30,-671.918,4512.8159,-8513.7666
185,143,30,783.704,4785.792,-9236.168
183,143,30,2687.6721,5033.6001,-9501.8105
181,143,30,4793.5762,5254.3042,-9054.666
179,143,30,6721.584,5449.8398,-7901.9482
177,143,30,8298.6084,5637.6318,-6228.7642
175,143,30,9446.5186,5823.4878,-4263.4941
173,143,30,10184.5459,6003.5361,-2078.2581
171,143,30,10476.6318,6152.6079,250.016
169,143,30,10229.0205,6259.0879,2662.4299
167,143,30,9293.8643,6303.6157,5062.8242
165,143,30,7571.3979,6237.792,7073.77
163,143,30,5276.7803,6048.064,8245.7197
161,143,30,2936.4861,5726.688,8383.9502
159,143,30,1043.3361,5308.5122,7738.4761
157,143,30,-290.884,4810.96,6702.3521
155,143,30,-1139.496,4261.1357,5577.2803
153,143,30,-1653.952,3672.592,4497.8843
151,143,30,-1949.644,3062.752,3518.2542
149,143,30,-2116.7219,2439.3601,2645.6021
147,143,30,-2212.8821,1806.288,1857.0901
145,143,30,-2269.376,1165.472,1126.274
143,143,30,-2310.2441,524.656,436.326
141,143,30,-2346.304,-118.096,-236.794
139,143,30,-2378.7581,-756.976,-918.328
137,143,30,-2402.7981,-1395.856,-1637.124
135,143,30,-2410.01,-2032.8,-2420.8281
133,143,30,-2373.95,-2662.0,-3295.884
131,143,30,-2253.75,-3281.52,-4286.332
129,143,30,-1986.906,-3873.936,-5405.394
127,143,30,-1465.238,-4437.312,-6680.7163
125,143,30,-540.9,-4946.48,-8043.7842
123,143,30,995.256,-5382.0801,-9340.7422
121,143,30,3245.4001,-5709.2642,-10176.1318
119,143,30,6016.0103,-5914.48,-10043.9121
117,143,30,8718.1064,-5995.792,-8648.3906
115,143,30,10713.4258,-5974.4961,-6273.2383
113,143,30,11783.2061,-5862.208,-3487.002
111,143,30,12059.666,-5697.6479,-647.878
109,143,30,11706.2783,-5498.2397,2031.38
107,143,30,10836.0303,-5308.5122,4493.0762
105,143,30,9537.8701,-5165.248,6654.272
103,143,30,7802.1821,-5080.064,8482.5137
101,143,30,5659.0161,-5014.2397,9762.6445
99,143,30,3345.166,-4927.1201,10256.666
97,143,30,1260.8981,-4787.728,9983.8125
95,143,30,-343.772,-4584.4478,9202.5117
93,143,30,-1435.188,-4338.5762,8233.7002
91,143,30,-2131.146,-4069.4719,7273.3022
89,143,30,-2549.4421,-3792.624,6394.6401
87,143,30,-2786.2361,-3515.7759,5612.1382
85,143,30,-2898.022,-3246.6719,4928.2002
83,143,30,-2925.668,-2991.1199,4333.21
81,143,30,-2898.022,-2749.1199,3817.552
79,143,30,-2833.114,-2524.5439,3372.812
79,141,30,-3044.666,-2406.448,3502.6282
81,141,30,-3127.604,-2621.344,3953.3782
83,141,30,-3173.28,-2859.4719,4481.0562
85,141,30,-3161.26,-3109.2161,5094.0762
87,141,30,-3062.696,-3374.448,5802.0542
89,141,30,-2839.124,-3645.488,6612.2021
91,141,30,-2429.2419,-3918.4639,7517.3081
93,141,30,-1732.082,-4187.5679,8511.3623
95,141,30,-629.848,-4441.1841,9510.2246
97,141,30,992.852,-4661.8882,10304.7461
99,141,30,3120.3921,-4840.0,10577.6006
101,141,30,5452.272,-4981.3281,10046.3164
103,141,30,7596.6401,-5122.6558,8714.5
105,141,30,9303.4805,-5285.2798,6858.6123
107,141,30,10566.7822,-5505.9839,4714.2441
109,141,30,11417.7979,-5773.1519,2363.1321
111,141,30,11814.458,-6057.7441,-189.916
113,141,30,11635.3604,-6305.5518,-2901.6282
115,141,30,10685.7803,-6485.6001,-5604.9263
117,141,30,8846.7197,-6568.8481,-7912.7661
119,141,30,6288.8643,-6518.5122,-9299.874
121,141,30,3658.8882,-6313.2959,-9472.9619
123,141,30,1501.298,-5957.0718,-8704.8838
125,141,30,37.262,-5471.1357,-7499.2783
127,141,30,-846.208,-4898.0801,-6209.5322
129,141,30,-1334.22,-4268.8799,-5017.1479
131,141,30,-1581.832,-3608.7041,-3970.2061
133,141,30,-1693.618,-2923.3599,-3054.282
135,141,30,-1726.072,-2230.272,-2248.9421
137,141,30,-1720.062,-1535.248,-1536.156
139,141,30,-1696.022,-836.352,-883.47
141,141,30,-1667.1741,-143.264,-270.45
143,141,30,-1634.72,553.696,336.56
145,141,30,-1595.0541,1254.528,957.994
147,141,30,-1540.964,1953.424,1619.094
149,141,30,-1453.218,2644.5759,2330.678
151,141,30,-1302.968,3326.0481,3120.3921
153,141,30,-1033.72,3999.7759,4019.488
155,141,30,-563.738,4648.3359,5019.5522
157,141,30,217.562,5258.1758,6071.3022
159,141,30,1454.42,5804.1279,7046.124
161,141,30,3220.158,6253.2798,7661.5483
163,141,30,5410.2021,6586.272,7540.146
165,141,30,7565.3882,6770.1919,6435.5083
167,141,30,9190.4922,6797.2959,4524.3281
169,141,30,10077.5684,6717.9199,2223.7
171,141,30,10299.9385,6564.9761,-125.008
173,141,30,9995.832,6355.8882,-2411.2122
175,141,30,9256.6025,6108.0801,-4549.5703
177,141,30,8113.5,5833.168,-6496.8101
179,141,30,6572.5361,5552.4478,-8151.9644
181,141,30,4645.73,5275.6001,-9341.9443
183,141,30,2532.614,4998.752,-9826.3506
185,141,30,582.97,4710.2881,-9581.1426
187,141,30,-909.914,4417.9521,-8851.5283
189,141,30,-1919.594,4121.7441,-7938.0083
191,141,30,-2549.4421,3835.2161,-7023.2861
193,141,30,-2923.2642,3552.5601,-6173.4722
195,141,30,-3120.3921,3279.584,-5422.2222
197,141,30,-3199.7241,3020.1599,-4765.9302
199,141,30,-3199.7241,2774.2881,-4198.5859
201,141,30,-3148.0381,2545.8401,-3706.968
203,141,30,-3059.0901,2330.9441,-3275.45
205,141,30,-2950.9102,2133.4719,-2904.032
205,139,30,-3133.614,2019.248,-3009.8081
203,139,30,-3257.4202,2210.9121,-3387.2361
201,139,30,-3363.196,2421.936,-3828.3701
199,139,30,-3432.9121,2646.512,-4332.0083
197,139,30,-3448.5381,2892.384,-4918.584
195,139,30,-3386.0342,3151.8079,-5588.0981
193,139,30,-3202.1282,3428.656,-6357.3779
191,139,30,-2841.5281,3715.1841,-7222.8184
189,139,30,-2218.8921,4011.3921,-8156.772
187,139,30,-1221.2321,4321.1519,-9093.1299
185,139,30,257.228,4638.6558,-9844.3799
183,139,30,2191.2461,4973.584,-10112.4258
181,139,30,4292.3423,5324.0,-9662.8779
179,139,30,6193.9062,5686.0317,-8532.998
177,139,30,7748.0923,6063.5518,-6922.3184
175,139,30,8905.6182,6423.6479,-5050.8042
173,139,30,9689.3223,6766.3198,-2978.5562
171,139,30,10051.124,7064.4639,-763.27
169,139,30,9917.7021,7283.2319,1510.9141
167,139,30,9152.0283,7401.3281,3727.4021
165,139,30,7683.1841,7378.0962,5579.6841
163,139,30,5687.8643,7194.1758,6672.3022
161,139,30,3640.8582,6836.0161,6836.9761
159,139,30,1990.5121,6342.3359,6297.2783
157,139,30,832.986,5742.1758,5416.2119
155,139,30,100.968,5066.5122,4461.8242
153,139,30,-335.358,4348.2559,3557.9202
151,139,30,-585.374,3608.7041,2753.782
149,139,30,-728.412,2869.1521,2048.208
147,139,30,-812.552,2116.0481,1419.562
145,139,30,-865.44,1364.88,842.602
143,139,30,-902.702,611.776,300.5
141,139,30,-935.156,-139.392,-229.582
139,139,30,-964.004,-886.688,-765.674
137,139,30,-984.438,-1637.856,-1336.624
135,139,30,-989.246,-2394.832,-1966.472
133,139,30,-957.994,-3151.8079,-2678.0562
131,139,30,-858.228,-3904.9119,-3503.8301
129,139,30,-634.656,-4636.7202,-4446.1982
127,139,30,-188.714,-5347.2319,-5543.624
125,139,30,615.424,-5997.728,-6737.21
123,139,30,1962.8661,-6557.2319,-7873.1001
121,139,30,3954.5801,-6967.6641,-8600.3105
119,139,30,6406.6602,-7203.856,-8450.0605
117,139,30,8781.8125,-7256.1279,-7144.688
115,139,30,10492.2578,-7149.6479,-4942.624
113,139,30,11344.4766,-6917.3281,-2388.374
111,139,30,11477.8984,-6595.9521,181.502
109,139,30,11083.6426,-6249.4082,2584.3
107,139,30,10274.6963,-5908.6719,4853.6763
105,139,30,9064.2822,-5596.9761,6971.6001
103,139,30,7400.7144,-5310.4478,8840.71
101,139,30,5282.79,-5056.832,10226.6162
99,139,30,2946.1021,-4816.7681,10820.4043
97,139,30,793.32,-4578.6401,10594.4277
95,139,30,-870.248,-4323.0879,9809.5225
93,139,30,-1990.5121,-4055.9199,8811.8623
91,139,30,-2698.49,-3779.072,7799.7783
89,139,30,-3111.978,-3504.1599,6874.2383
87,139,30,-3330.7419,-3229.248,6036.4443
85,139,30,-3419.6899,-2967.8879,5305.6279
83,139,30,-3414.8821,-2718.144,4663.7603
81,139,30,-3353.5801,-2485.824,4107.2339
79,139,30,-3253.814,-2274.8,3630.04
79,137,30,-3454.5481,-2125.728,3737.0181
81,137,30,-3571.1421,-2330.9441,4219.02
83,137,30,-3650.4741,-2559.3921,4783.96
85,137,30,-3673.312,-2807.2,5437.8481
87,137,30,-3604.7981,-3072.4319,6186.6943
89,137,30,-3402.8621,-3351.2161,7038.9121
91,137,30,-3005.0,-3635.8079,7980.0781
93,137,30,-2313.8501,-3930.0801,8999.374
95,137,30,-1204.4041,-4230.1602,10006.6504
97,137,30,432.72,-4537.9839,10793.96
99,137,30,2562.6641,-4863.2319,11031.9561
101,137,30,4868.1001,-5219.4561,10468.2178
103,137,30,6977.6104,-5622.144,9121.9785
105,137,30,8629.1582,-6048.064,7316.5742
107,137,30,9856.4004,-6479.792,5264.7603
109,137,30,10677.3662,-6896.0317,3093.948
111,137,30,11108.8838,-7294.8481,819.764
113,137,30,11068.0166,-7649.1357,-1567.4081
115,137,30,10373.2598,-7914.3682,-3972.6101
117,137,30,8867.1543,-8036.3359,-6061.686
119,137,30,6696.3423,-7968.5762,-7346.624
121,137,30,4442.5923,-7687.856,-7555.772
123,137,30,2587.906,-7203.856,-6930.7319
125,137,30,1335.422,-6564.9761,-5923.4561
127,137,30,581.768,-5821.5518,-4862.0903
129,137,30,163.472,-5027.792,-3888.47
131,137,30,-51.686,-4216.6079,-3051.8782
133,137,30,-153.856,-3391.8721,-2336.688
135,137,30,-192.32,-2569.072,-1721.264
137,137,30,-195.926,-1757.8879,-1186.374
139,137,30,-181.502,-952.512,-699.564
141,137,30,-158.664,-156.816,-251.218
143,137,30,-127.412,638.88,189.916
145,137,30,-87.746,1440.384,641.868
147,137,30,-33.656,2245.76,1123.87
149,137,30,52.888,3051.136,1652.75
151,137,30,189.916,3856.512,2250.144
153,137,30,421.902,4661.8882,2937.688
155,137,30,817.36,5455.6479,3718.988
157,137,30,1474.854,6210.688,4559.186
159,137,30,2516.988,6892.1602,5342.8901
161,137,30,4013.478,7455.5361,5816.478
163,137,30,5866.9619,7864.0317,5644.5923
165,137,30,7678.376,8082.7998,4609.6699
167,137,30,9013.7979,8106.0317,2848.74
169,137,30,9673.6963,7962.7681,740.432
171,137,30,9734.998,7687.856,-1412.35
173,137,30,9325.1162,7310.3359,-3507.436
175,137,30,8525.7861,6859.248,-5467.8979
177,137,30,7368.2603,6377.1841,-7263.686
179,137,30,5856.144,5902.8638,-8795.0342
181,137,30,3975.0142,5444.0317,-9898.4697
183,137,30,1894.3521,5016.1758,-10350.4219
185,137,30,-20.434,4619.2959,-10094.3965
187,137,30,-1494.0861,4263.0718,-9358.7725
189,137,30,-2495.3521,3928.144,-8429.626
191,137,30,-3116.7861,3614.512,-7488.46
193,137,30,-3476.1841,3314.4319,-6608.5962
195,137,30,-3650.4741,3029.8401,-5820.084
197,137,30,-3703.3621,2762.6719,-5124.126
199,137,30,-3672.1101,2514.864,-4518.3179
201,137,30,-3587.97,2288.3521,-3989.438
203,137,30,-3466.5681,2079.2639,-3524.2642
205,137,30,-3322.3281,1889.536,-3119.1899
205,135,30,-3497.8201,1748.208,-3214.1479
203,135,30,-3657.686,1930.192,-3622.8281
201,135,30,-3800.7241,2135.408,-4097.6182
199,135,30,-3906.5,2361.9199,-4637.3159
197,135,30,-3960.5901,2611.6641,-5259.9521
195,135,30,-3931.7422,2886.5759,-5969.1323
193,135,30,-3777.886,3184.72,-6772.0684
191,135,30,-3442.5281,3506.0959,-7660.3462
189,135,30,-2846.3359,3852.6399,-8615.9365
187,135,30,-1873.9181,4230.1602,-9557.1025
185,135,30,-438.73,4646.3999,-10308.3525
183,135,30,1403.936,5112.9761,-10593.2266
181,135,30,3431.71,5641.5039,-10207.3838
179,135,30,5275.5781,6204.8799,-9196.502
177,135,30,6780.4819,6787.6157,-7786.5562
175,135,30,7958.4424,7372.2881,-6151.8359
173,135,30,8823.8818,7910.4961,-4348.8359
171,135,30,9340.7422,8359.6484,-2412.4141
169,135,30,9418.8721,8684.8955,-382.236
167,135,30,8934.4658,8849.4561,1626.306
165,135,30,7808.1924,8818.4795,3331.9441
163,135,30,6215.542,8566.7998,4375.2803
161,135,30,4547.166,8100.2241,4627.7002
159,135,30,3192.512,7455.5361,4277.918
157,135,30,2244.134,6686.9438,3644.4641
155,135,30,1640.73,5848.6558,2954.5161
153,135,30,1268.11,4981.3281,2317.4561
151,135,30,1039.73,4102.3838,1757.324
149,135,30,899.096,3240.864,1281.332
147,135,30,807.744,2379.344,861.834
145,135,30,745.24,1531.376,484.406
143,135,30,703.17,691.152,134.624
141,135,30,673.12,-145.2,-211.552
139,135,30,655.09,-981.552,-561.334
137,135,30,651.484,-1829.52,-941.166
135,135,30,665.908,-2691.04,-1367.876
133,135,30,716.392,-3568.0481,-1863.1
131,135,30,824.572,-4462.48,-2450.8779
129,135,30,1034.922,-5354.9761,-3143.23
127,135,30,1421.9661,-6243.6001,-3966.6001
125,135,30,2102.2981,-7087.6958,-4872.9082
123,135,30,3222.562,-7833.0562,-5739.5503
121,135,30,4876.5142,-8419.6641,-6273.2383
119,135,30,6906.6919,-8785.5684,-6052.0703
117,135,30,8829.8926,-8903.6641,-4857.2822
115,135,30,10158.1025,-8810.7363,-2907.6379
113,135,30,10726.6484,-8557.1201,-675.524
111,135,30,10699.002,-8193.1523,1560.196
109,135,30,10229.0205,-7763.3599,3704.564
107,135,30,9365.9844,-7256.1279,5784.0239
105,135,30,8121.9141,-6694.688,7718.042
103,135,30,6475.1743,-6108.0801,9423.6797
101,135,30,4418.5522,-5538.896,10695.3965
99,135,30,2157.5901,-5025.856,11232.6904
97,135,30,74.524,-4582.5122,10999.502
95,135,30,-1531.348,-4195.312,10233.8281
93,135,30,-2627.572,-3842.96,9236.168
91,135,30,-3311.51,-3511.9041,8212.0645
89,135,30,-3697.3521,-3202.144,7260.0801
87,135,30,-3884.864,-2909.8081,6388.6299
85,135,30,-3936.55,-2638.7681,5620.5522
83,135,30,-3894.48,-2389.0239,4943.8262
81,135,30,-3792.3101,-2164.448,4354.8462
79,135,30,-3654.0801,-1961.168,3842.7942
79,133,30,-3840.3901,-1779.184,3931.7422
81,133,30,-3999.054,-1974.72,4442.5923
83,133,30,-4126.4663,-2199.2959,5042.3901
85,133,30,-4196.1821,-2450.9761,5732.3379
87,133,30,-4174.5459,-2733.6321,6517.2441
89,133,30,-4019.488,-3047.2639,7400.7144
91,133,30,-3668.5042,-3389.936,8367.1221
93,133,30,-3029.04,-3771.3279,9399.6406
95,133,30,-1994.118,-4199.1841,10403.3105
97,133,30,-467.578,-4688.9922,11197.832
99,133,30,1522.9341,-5269.792,11489.918
101,133,30,3697.3521,-5937.7119,11101.6719
103,133,30,5732.3379,-6685.0078,10010.2559
105,133,30,7405.522,-7432.3042,8487.3223
107,133,30,8726.5205,-8131.2002,6717.978
109,133,30,9698.9385,-8741.04,4794.7783
111,133,30,10287.918,-9225.04,2763.3979
113,133,30,10446.582,-9583.2002,671.918
115,133,30,10049.9219,-9803.9043,-1419.562
117,133,30,8971.7285,-9838.752,-3252.6121
119,133,30,7306.958,-9631.5996,-4432.9761
121,133,30,5531.604,-9161.1523,-4753.9102
123,133,30,4043.5281,-8452.5762,-4392.1079
125,133,30,3023.03,-7585.248,-3728.604
127,133,30,2382.364,-6630.7998,-3019.4241
129,133,30,2000.1281,-5651.1841,-2385.97
131,133,30,1771.748,-4681.248,-1857.0901
133,133,30,1638.326,-3724.864,-1414.754
135,133,30,1561.3981,-2795.584,-1049.3461
137,133,30,1524.136,-1895.344,-740.432
139,133,30,1512.116,-1016.4,-468.78
141,133,30,1520.53,-154.88,-222.37
143,133,30,1549.3781,706.64,16.828
145,133,30,1601.0641,1579.776,257.228
147,133,30,1675.588,2460.656,520.466
149,133,30,1783.7681,3360.896,813.754
151,133,30,1937.624,4276.624,1153.92
153,133,30,2168.408,5215.584,1555.3881
155,133,30,2519.3921,6166.1602,2025.37
157,133,30,3069.908,7099.312,2536.22
159,133,30,3906.5,7968.5762,2997.7881
161,133,30,5083.2583,8712.0,3215.3501
163,133,30,6524.4561,9269.5684,2910.042
165,133,30,7888.7261,9583.2002,1889.5441
167,133,30,8811.8623,9637.4082,280.066
169,133,30,9131.5938,9474.7842,-1598.66
171,133,30,8926.0518,9126.3037,-3472.5781
173,133,30,8313.0322,8634.5596,-5253.9419
175,133,30,7388.6943,8034.3999,-6879.0459
177,133,30,6191.502,7364.5439,-8353.9004
179,133,30,4693.8101,6671.4561,-9638.8379
181,133,30,2890.8101,5980.3042,-10553.5605
183,133,30,931.55,5335.6162,-10886.5146
185,133,30,-872.652,4754.8159,-10573.9941
187,133,30,-2257.356,4251.4561,-9828.7539
189,133,30,-3202.1282,3811.9839,-8891.1943
191,133,30,-3777.886,3418.9761,-7928.3921
193,133,30,-4092.8101,3062.752,-7020.8823
195,133,30,-4225.0303,2741.376,-6193.9062
197,133,30,-4231.04,2452.9119,-5459.4839
199,133,30,-4156.5161,2195.4241,-4812.8081
201,133,30,-4026.7002,1966.976,-4245.4639
203,133,30,-3862.0261,1763.696,-3749.0381
205,133,30,-3678.1201,1585.584,-3312.7122
205,131,30,-3839.188,1407.472,-3394.448
203,131,30,-4044.73,1575.9039,-3834.3801
201,131,30,-4234.646,1771.4399,-4345.23
199,131,30,-4392.1079,1996.016,-4920.9883
197,131,30,-4505.0962,2255.4399,-5586.896
195,131,30,-4536.3481,2557.4561,-6345.3579
193,131,30,-4448.6021,2905.936,-7199.98
191,131,30,-4182.96,3302.8159,-8135.1362
189,131,30,-3663.696,3755.8401,-9125.584
187,131,30,-2793.448,4278.5601,-10096.7998
185,131,30,-1489.2781,4890.3359,-10903.3418
183,131,30,206.744,5598.9121,-11302.4063
181,131,30,2093.884,6392.6719,-11128.1162
179,131,30,3869.238,7229.0239,-10406.916
177,131,30,5398.1821,8049.8882,-9309.4902
175,131,30,6667.4941,8804.9277,-8006.522
173,131,30,7695.2041,9449.6162,-6559.314
171,131,30,8452.4639,9976.208,-4961.856
169,131,30,8840.71,10330.4961,-3242.9961
167,131,30,8749.3584,10475.6963,-1500.0961
165,131,30,8102.6821,10359.5361,48.08
163,131,30,7019.6802,9956.8477,1108.244
161,131,30,5812.8721,9290.8643,1563.802
159,131,30,4793.5762,8431.2803,1549.3781
157,131,30,4042.3262,7457.4722,1312.584
155,131,30,3521.8601,6431.3921,1022.902
153,131,30,3164.866,5407.248,753.654
151,131,30,2912.446,4412.144,530.082
149,131,30,2729.7419,3455.76,346.176
147,131,30,2596.3201,2526.48,191.118
145,131,30,2500.1602,1624.304,55.292
143,131,30,2438.8582,739.552,-69.716
141,131,30,2407.606,-135.52,-194.724
139,131,30,2410.01,-1010.592,-324.54
137,131,30,2442.4641,-1905.024,-472.386
135,131,30,2508.574,-2828.4961,-649.08
133,131,30,2620.3601,-3790.688,-864.238
131,131,30,2787.438,-4793.5361,-1137.092
129,131,30,3039.8582,-5827.3599,-1474.854
127,131,30,3424.498,-6892.1602,-1887.14
125,131,30,4021.8921,-7956.96,-2355.9199
123,131,30,4933.0083,-8963.6797,-2779.0242
121,131,30,6220.3501,-9821.3281,-2935.2839
119,131,30,7730.062,-10442.7842,-2507.3721
117,131,30,9101.5439,-10787.3916,-1334.22
115,131,30,9953.7617,-10862.8955,415.892
113,131,30,10166.5166,-10713.8242,2384.7681
111,131,30,9853.9961,-10375.0244,4375.2803
109,131,30,9111.1602,-9846.4961,6260.0161
107,131,30,8008.9263,-9147.5996,8007.7241
105,131,30,6595.374,-8320.9277,9559.5059
103,131,30,4877.7163,-7403.2642,10849.252
101,131,30,2881.1941,-6475.9199,11653.3906
99,131,30,806.542,-5624.0801,11830.084
97,131,30,-1073.386,-4876.7842,11517.5645
95,131,30,-2513.3821,-4243.7119,10696.5986
93,131,30,-3482.1941,-3711.312,9668.8877
91,131,30,-4069.9722,-3258.2881,8611.1279
89,131,30,-4377.6841,-2869.1521,7620.6802
87,131,30,-4493.0762,-2528.416,6709.564
85,131,30,-4476.248,-2234.144,5897.0122
83,131,30,-4371.6743,-1980.528,5181.8223
81,131,30,-4214.2119,-1759.824,4557.9839
79,131,30,-4025.498,-1572.032,4017.084
79,129,30,-4188.9702,-1349.392,4080.79
81,129,30,-4402.9263,-1523.632,4624.0942
83,129,30,-4595.2461,-1736.592,5261.1543
85,129,30,-4741.8901,-1988.272,5995.5762
87,129,30,-4811.606,-2292.2239,6834.5723
89,129,30,-4762.3242,-2658.1279,7785.354
91,129,30,-4531.54,-3089.856,8816.6699
93,129,30,-4038.72,-3616.448,9930.9238
95,129,30,-3182.896,-4253.3921,11042.7744
97,129,30,-1891.948,-5016.1758,11875.7598
99,129,30,-163.472,-5924.1602,12336.126
101,129,30,1813.818,-6948.3042,12370.9844
103,129,30,3803.1282,-8047.9521,11958.6982
105,129,30,5596.5122,-9112.752,11140.1357
107,129,30,7156.708,-10049.7764,9862.4102
109,129,30,8444.0498,-10824.1758,8341.8799
111,129,30,9410.458,-11393.3604,6623.02
113,129,30,9974.1963,-11724.416,4753.9102
115,129,30,10030.6904,-11803.792,2841.5281
117,129,30,9488.5879,-11606.3203,1097.426
119,129,30,8422.4141,-11112.6396,-188.714
121,129,30,7169.9302,-10340.1758,-841.4
123,129,30,6044.8579,-9331.5195,-983.236
125,129,30,5189.0342,-8206.7041,-873.854
127,129,30,4582.0239,-7043.168,-694.756
129,129,30,4157.7183,-5910.6079,-531.284
131,129,30,3847.6021,-4828.3838,-405.074
133,129,30,3624.03,-3800.3679,-314.924
135,129,30,3458.1541,-2824.624,-251.218
137,129,30,3353.5801,-1903.088,-211.552
139,129,30,3294.6821,-1010.592,-186.31
141,129,30,3279.0562,-143.264,-170.684
143,129,30,3310.3081,724.064,-162.27
145,129,30,3384.832,1604.944,-156.26
147,129,30,3506.2341,2509.0559,-150.25
149,129,30,3674.5142,3444.144,-140.634
151,129,30,3896.884,4416.0161,-122.604
153,129,30,4185.3643,5447.9038,-92.554
155,129,30,4563.9941,6528.1919,-50.484
157,129,30,5066.4302,7629.7759,-19.232
159,129,30,5741.9541,8717.8076,-55.292
161,129,30,6602.5859,9705.168,-295.692
163,129,30,7565.3882,10518.2881,-930.348
165,129,30,8374.334,11058.4316,-2067.4399
167,129,30,8750.5605,11290.752,-3574.748
169,129,30,8608.7246,11230.7363,-5219.084
171,129,30,8030.562,10922.9121,-6782.8862
173,129,30,7119.4463,10392.4482,-8212.0645
175,129,30,5960.7183,9683.8721,-9487.3857
177,129,30,4598.8521,8826.2236,-10583.6104
179,129,30,3021.8281,7871.7759,-11443.04
181,129,30,1253.686,6874.7358,-11840.9023
183,129,30,-562.536,5912.5439,-11831.2861
185,129,30,-2163.6001,5051.0239,-11400.9697
187,129,30,-3368.0042,4315.3437,-10533.126
189,129,30,-4164.9302,3690.0159,-9499.4063
191,129,30,-4619.2861,3169.2319,-8464.4844
193,129,30,-4830.8379,2725.8879,-7475.2383
195,129,30,-4870.5039,2348.3679,-6578.5459
197,129,30,-4795.98,2036.672,-5784.0239
199,129,30,-4645.73,1773.376,-5084.46
201,129,30,-4452.208,1550.736,-4475.0459
203,129,30,-4232.2422,1362.944,-3940.156
205,129,30,-3999.054,1202.256,-3472.5781
205,127,30,-4133.6782,981.552,-3532.678
203,127,30,-4389.7041,1120.944,-4002.6602
201,127,30,-4642.124,1291.312,-4550.772
199,127,30,-4875.312,1498.464,-5177.0142
197,127,30,-5074.8442,1754.016,-5906.6279
195,127,30,-5213.0742,2065.7119,-6737.21
193,127,30,-5252.7402,2454.8479,-7685.5884
191,127,30,-5136.146,2933.04,-8739.7422
189,127,30,-4788.7681,3519.6479,-9870.8242
187,127,30,-4122.8599,4237.9038,-11025.9463
185,127,30,-3054.282,5103.2959,-11934.6582
183,127,30,-1590.246,6111.9521,-12508.0127
181,127,30,143.038,7232.896,-12694.3223
179,127,30,1912.3821,8388.6875,-12606.5762
177,127,30,3580.7581,9486.4004,-12223.1387
175,127,30,5091.6719,10436.9756,-11607.7139
173,127,30,6441.5181,11192.0156,-10607.6504
171,127,30,7583.418,11710.8643,-9355.166
169,127,30,8427.2217,11960.6084,-7909.1602
167,127,30,8869.5586,11921.8877,-6312.9043
165,127,30,8819.0742,11563.7275,-4745.4961
163,127,30,8327.4561,10886.1279,-3435.3162
161,127,30,7601.4482,9937.4883,-2501.3621
159,127,30,6869.4302,8828.1602,-1913.584
157,127,30,6228.7642,7651.0718,-1527.7421
155,127,30,5701.0859,6491.4082,-1254.8881
153,127,30,5269.5679,5384.0161,-1034.922
151,127,30,4918.584,4340.5122,-848.612
149,127,30,4639.7202,3378.3201,-685.14
147,127,30,4425.7642,2458.72,-542.102
145,127,30,4268.3022,1579.776,-412.286
143,127,30,4174.5459,727.936,-294.49
141,127,30,4139.688,-110.352,-185.108
139,127,30,4162.5259,-950.576,-80.534
137,127,30,4247.8682,-1814.032,22.838
135,127,30,4396.916,-2712.3359,126.21
133,127,30,4612.0742,-3664.8479,230.784
131,127,30,4902.958,-4685.1201,341.368
129,127,30,5276.7803,-5773.1519,455.558
127,127,30,5759.9839,-6944.4321,587.778
125,127,30,6381.418,-8169.9199,758.462
123,127,30,7178.3442,-9410.8955,1034.922
121,127,30,8139.9443,-10558.9443,1562.6
119,127,30,9136.4023,-11509.5195,2521.7961
117,127,30,9882.8438,-12167.7598,3990.6401
115,127,30,10114.8301,-12496.8799,5796.0439
113,127,30,9778.2705,-12504.624,7685.5884
111,127,30,8946.4863,-12200.6719,9462.1445
109,127,30,7750.4961,-11625.6797,11006.7139
107,127,30,6247.9961,-10795.1357,12087.3125
105,127,30,4538.752,-9763.248,12752.0186
103,127,30,2644.4001,-8580.3516,13066.9424
101,127,30,658.696,-7339.376,13140.2646
99,127,30,-1232.05,-6140.9922,12941.9346
97,127,30,-2810.2761,-5074.2559,12443.1045
95,127,30,-3954.5801,-4172.0801,11560.8359
93,127,30,-4673.376,-3436.3999,10351.624
91,127,30,-5052.0059,-2845.9199,9133.998
89,127,30,-5189.0342,-2377.408,8023.3501
87,127,30,-5164.9941,-2001.824,7025.6899
85,127,30,-5032.7739,-1701.744,6144.624
83,127,30,-4835.646,-1459.744,5377.748
81,127,30,-4601.2559,-1264.208,4714.2441
79,127,30,-4351.2402,-1105.4561,4142.0923
79,125,30,-4477.4502,-828.608,4178.1519
81,125,30,-4751.5059,-960.256,4747.8999
83,125,30,-5024.3599,-1126.752,5425.8281
85,125,30,-5274.376,-1343.584,6219.1479
87,125,30,-5481.1201,-1620.432,7137.4761
89,125,30,-5606.1279,-1982.464,8200.0439
91,125,30,-5596.5122,-2450.9761,9403.2461
93,125,30,-5380.1519,-3058.8799,10756.6982
95,125,30,-4854.8779,-3844.896,12030.8184
97,125,30,-3918.52,-4818.7041,12956.3584
99,125,30,-2512.1799,-5986.1118,13532.1162
101,125,30,-727.21,-7285.168,13762.9004
103,125,30,1275.322,-8632.624,13842.2324
105,125,30,3291.0762,-9902.6396,13809.7783
107,125,30,5209.4683,-11004.2236,13661.9326
109,125,30,6976.4082,-11852.1924,13324.1699
111,125,30,8482.5137,-12431.0557,12630.6162
113,125,30,9647.252,-12694.3516,11351.6885
115,125,30,10357.6338,-12622.7197,9439.3066
117,125,30,10503.0762,-12190.9922,7474.0361
119,125,30,10111.2246,-11414.6563,5687.8643
121,125,30,9374.3984,-10361.4717,4289.938
123,125,30,8528.1904,-9130.1758,3268.238
125,125,30,7733.668,-7852.416,2520.594
127,125,30,7043.7202,-6621.1201,1955.6541
129,125,30,6469.1641,-5473.0718,1508.51
131,125,30,6001.5859,-4421.8242,1140.698
133,125,30,5631.3701,-3449.9519,828.178
135,125,30,5342.8901,-2551.6479,555.324
137,125,30,5145.7622,-1705.616,311.318
139,125,30,5027.9663,-894.432,81.736
141,125,30,4989.502,-112.288,-138.23
143,125,30,5025.562,675.664,-363.004
145,125,30,5128.9341,1471.36,-605.808
147,125,30,5316.4463,2298.032,-869.046
149,125,30,5583.29,3165.3599,-1169.546
151,125,30,5924.6582,4090.7681,-1513.318
153,125,30,6346.5601,5091.6802,-1928.0081
155,125,30,6851.3999,6181.6479,-2429.2419
157,125,30,7430.7642,7343.248,-3053.0801
159,125,30,8072.6323,8560.9922,-3843.9961
161,125,30,8714.5,9747.7598,-4863.292
163,125,30,9237.3701,10804.8164,-6189.0981
165,125,30,9439.3066,11621.8076,-7797.374
167,125,30,9173.6641,12109.6797,-9524.6484
169,125,30,8421.2119,12266.4961,-11160.5703
171,125,30,7288.9282,12098.0635,-12297.6621
173,125,30,5880.1841,11627.6162,-12949.1465
175,125,30,4285.1299,10868.7041,-13356.624
177,125,30,2566.27,9863.9199,-13540.5303
179,125,30,759.664,8673.2803,-13583.8027
181,125,30,-1037.326,7397.4561,-13511.6826
183,125,30,-2697.2881,6135.1841,-13202.7686
185,125,30,-4043.5281,4979.3921,-12637.8281
187,125,30,-4961.856,3999.7759,-11690.6523
189,125,30,-5481.1201,3206.0159,-10416.5322
191,125,30,-5699.8843,2578.752,-9149.624
193,125,30,-5711.9043,2087.0081,-7993.3003
195,125,30,-5585.6943,1703.6799,-6975.2061
197,125,30,-5368.1323,1411.344,-6085.7261
199,125,30,-5110.9043,1179.024,-5315.2441
201,125,30,-4827.2319,997.04,-4652.9419
203,125,30,-4538.752,849.904,-4078.386
205,125,30,-4253.8779,733.744,-3585.5662
205,123,30,-4341.624,466.576,-3613.2122
203,123,30,-4646.9321,549.824,-4107.2339
201,123,30,-4963.0581,662.112,-4687.8003
199,123,30,-5281.5879,807.312,-5366.9302
197,123,30,-5592.9062,998.976,-6166.2603
195,123,30,-5875.376,1254.528,-7096.6079
193,123,30,-6100.1499,1597.2,-8190.4282
191,123,30,-6221.5522,2048.2881,-9447.7197
189,123,30,-6169.8662,2648.448,-10876.8984
187,123,30,-5844.124,3438.3359,-12224.3398
185,123,30,-5133.7422,4437.312,-13191.9502
183,123,30,-3962.9941,5637.6318,-13735.2539
181,123,30,-2378.7581,6963.792,-13872.2822
179,123,30,-534.89,8288.0156,-13883.1006
177,123,30,1425.572,9494.1436,-13890.3125
175,123,30,3375.2161,10481.5039,-13887.9082
173,123,30,5245.5283,11192.0156,-13878.292
171,123,30,6955.9741,11596.6396,-13853.0498
169,123,30,8406.7881,11691.5039,-13553.752
167,123,30,9499.4063,11461.1201,-12725.5742
165,123,30,10101.6084,10911.2959,-11231.4883
163,123,30,10188.1523,10059.4561,-9224.1484
161,123,30,9847.9863,9006.2715,-7391.0981
159,123,30,9273.4297,7862.0962,-5871.77
157,123,30,8606.3203,6715.9839,-4630.104
155,123,30,7947.624,5635.6958,-3642.0601
153,123,30,7355.0381,4638.6558,-2848.74
151,123,30,6852.6021,3722.928,-2210.478
149,123,30,6442.7202,2884.6399,-1685.204
147,123,30,6122.9883,2100.5601,-1236.858
145,123,30,5897.0122,1351.328,-846.208
143,123,30,5761.186,629.2,-490.416
141,123,30,5720.3179,-79.376,-156.26
139,123,30,5767.1963,-787.952,171.886
137,123,30,5910.2339,-1517.824,519.264
135,123,30,6148.23,-2276.7361,895.49
133,123,30,6487.1943,-3084.0481,1328.2101
131,123,30,6936.7422,-3957.1841,1837.858
129,123,30,7492.0659,-4903.8882,2452.0801
127,123,30,8165.186,-5949.3281,3224.9661
125,123,30,8930.8604,-7083.8237,4198.5859
123,123,30,9751.8262,-8286.0801,5447.4639
121,123,30,10519.9043,-9474.7842,7035.3062
119,123,30,11058.4004,-10527.9678,8980.1426
117,123,30,11146.1465,-11329.4717,11185.8125
115,123,30,10646.1143,-11794.1123,12833.7539
113,123,30,9581.1426,-11900.5918,13675.1543
111,123,30,8077.4399,-11666.3359,13878.292
109,123,30,6269.6323,-11114.5762,13889.1104
107,123,30,4241.8579,-10280.1602,13898.7266
105,123,30,2101.0959,-9196.0,13891.5146
103,123,30,-60.1,-7931.792,13889.1104
101,123,30,-2090.2781,-6590.144,13880.6963
99,123,30,-3794.7141,-5293.0239,13856.6563
97,123,30,-5023.1582,-4139.168,13482.834
95,123,30,-5752.772,-3186.656,12578.9307
93,123,30,-6079.7163,-2441.2959,11251.9219
91,123,30,-6135.0083,-1879.856,9742.21
89,123,30,-6017.2119,-1463.616,8428.4238
87,123,30,-5794.8423,-1151.92,7290.1304
85,123,30,-5515.978,-921.536,6321.3184
83,123,30,-5205.8623,-751.168,5493.1401
81,123,30,-4892.1401,-623.392,4792.374
79,123,30,-4582.0239,-526.592,4196.1821
79,123,32,-4061.5581,-516.912,4160.1221
81,123,32,-4281.5239,-604.032,4701.022
83,123,32,-4494.2783,-716.32,5341.688
85,123,32,-4682.9922,-865.392,6080.918
87,123,32,-4830.8379,-1058.9919,6937.9443
89,123,32,-4906.564,-1312.608,7918.7764
91,123,32,-4872.9082,-1641.728,9013.7979
93,123,32,-4673.376,-2069.584,10233.8281
95,123,32,-4246.666,-2613.6001,11513.958
97,123,32,-3533.8801,-3281.52,12524.8398
99,123,32,-2489.342,-4061.728,13181.1318
101,123,32,-1147.91,-4919.376,13587.4082
103,123,32,418.296,-5815.7441,13753.2842
105,123,32,2086.6721,-6675.3281,13808.5762
107,123,32,3757.4521,-7436.1758,13758.0918
109,123,32,5342.8901,-8046.0161,13610.2461
111,123,32,6749.23,-8464.1924,13246.04
113,123,32,7906.7563,-8673.2803,12562.1025
115,123,32,8725.3184,-8657.792,11366.1123
117,123,32,9165.25,-8411.9199,9676.1006
119,123,32,9214.5322,-7943.4077,7990.896
121,123,32,8951.2939,-7302.5918,6455.9419
123,123,32,8482.5137,-6534.0,5124.126
125,123,32,7929.5942,-5715.0718,4024.2961
127,123,32,7373.0684,-4901.9521,3136.0181
129,123,32,6862.2183,-4110.1279,2414.8181
131,123,32,6424.6899,-3360.896,1829.4441
133,123,32,6061.686,-2648.448,1335.422
135,123,32,5778.0142,-1972.7839,913.52
137,123,32,5574.876,-1324.224,539.698
139,123,32,5452.272,-696.96,193.522
141,123,32,5410.2021,-81.312,-134.624
143,123,32,5439.0503,530.464,-465.174
145,123,32,5549.6343,1155.792,-817.36
147,123,32,5723.9243,1792.736,-1204.4041
149,123,32,5976.3442,2454.8479,-1638.326
151,123,32,6298.48,3140.1919,-2140.762
153,123,32,6684.3223,3872.0,-2741.762
155,123,32,7125.4561,4636.7202,-3470.1741
157,123,32,7591.832,5432.416,-4362.0581
159,123,32,8040.1782,6233.9199,-5435.4443
161,123,32,8389.96,6992.832,-6701.1499
163,123,32,8549.8262,7664.624,-8159.1763
165,123,32,8412.7979,8181.5361,-9721.7764
167,123,32,7929.5942,8500.9756,-11268.75
169,123,32,7095.4062,8605.5195,-12390.2158
171,123,32,5981.1523,8489.3604,-13051.3164
173,123,32,4636.1143,8160.2397,-13461.1982
175,123,32,3143.23,7635.584,-13617.458
177,123,32,1574.62,6938.624,-13645.1045
179,123,32,13.222,6121.6318,-13598.2266
181,123,32,-1452.016,5236.8799,-13404.7041
183,123,32,-2729.7419,4348.2559,-12950.3486
185,123,32,-3729.8062,3527.3921,-12268.8145
187,123,32,-4423.3599,2816.8799,-11269.9521
189,123,32,-4832.04,2236.0801,-10029.4883
191,123,32,-5020.7539,1777.248,-8862.3457
193,123,32,-5037.582,1424.896,-7797.374
195,123,32,-4948.6343,1148.048,-6842.9863
197,123,32,-4795.98,931.216,-6007.5962
199,123,32,-4597.6499,762.784,-5275.5781
201,123,32,-4375.2803,635.008,-4644.5283
203,123,32,-4137.2842,534.336,-4089.2041
205,123,32,-3900.49,454.96,-3614.4141
205,125,32,-3818.7542,704.704,-3581.96
203,125,32,-4032.71,809.248,-4036.3162
201,125,32,-4241.8579,938.96,-4567.6001
199,125,32,-4430.5723,1101.584,-5173.4082
197,125,32,-4584.4282,1302.928,-5865.7603
195,125,32,-4685.396,1556.5439,-6655.4741
193,125,32,-4698.6182,1874.048,-7540.146
191,125,32,-4585.6299,2272.864,-8516.1699
189,125,32,-4295.9482,2764.6079,-9555.9004
187,125,32,-3773.0781,3370.5759,-10622.0742
185,125,32,-2974.95,4090.7681,-11590.8857
183,125,32,-1896.756,4915.5039,-12233.9561
181,125,32,-594.99,5808.0,-12636.626
179,125,32,829.38,6704.3682,-12773.6543
177,125,32,2286.2041,7542.6558,-12736.3926
175,125,32,3698.554,8266.7197,-12508.0127
173,125,32,4996.7139,8822.3516,-12018.7979
171,125,32,6136.21,9182.4482,-11256.7305
169,125,32,7046.124,9325.7119,-10107.6182
167,125,32,7660.3462,9240.5283,-8789.0244
165,125,32,7935.604,8923.0244,-7410.3301
163,125,32,7893.5342,8390.624,-6090.5342
161,125,32,7612.2661,7685.9199,-4926.998
159,125,32,7198.7783,6876.6719,-3960.5901
157,125,32,6740.8159,6009.3437,-3178.0881
155,125,32,6292.4702,5142.0161,-2541.0281
153,125,32,5886.1943,4299.856,-2027.774
151,125,32,5537.6143,3494.48,-1599.8621
149,125,32,5247.9321,2733.6321,-1242.868
147,125,32,5020.7539,1999.8879,-933.954
145,125,32,4859.686,1291.312,-661.1
143,125,32,4761.1221,600.16,-414.69
141,125,32,4729.8701,-83.248,-177.896
139,125,32,4763.5259,-766.656,50.484
137,125,32,4866.8979,-1463.616,287.278
135,125,32,5036.3799,-2183.8081,544.506
133,125,32,5279.1841,-2936.9119,830.582
131,125,32,5597.7139,-3730.6719,1161.1321
129,125,32,5990.7681,-4565.0879,1550.5801
127,125,32,6461.9521,-5442.0962,2031.38
125,125,32,7002.8521,-6346.208,2633.582
123,125,32,7583.418,-7238.7041,3401.6602
121,125,32,8147.1562,-8069.248,4392.1079
119,125,32,8583.4824,-8760.4004,5616.9463
117,125,32,8766.1865,-9265.6963,7061.75
115,125,32,8587.0879,-9532.8643,8609.9258
113,125,32,8028.1582,-9558.0322,10122.042
111,125,32,7115.8403,-9345.0723,11459.8682
109,125,32,5929.4663,-8913.3438,12314.4902
107,125,32,4535.146,-8291.8877,12815.7246
105,125,32,2997.7881,-7511.6802,13058.5283
103,125,32,1407.542,-6632.7358,13117.4258
101,125,32,-158.664,-5691.8398,12967.1758
99,125,32,-1555.3881,-4789.6641,12642.6367
97,125,32,-2718.9241,-3955.248,11980.334
95,125,32,-3573.5461,-3235.0559,11049.9863
93,125,32,-4132.4761,-2642.6399,9916.5
91,125,32,-4454.6123,-2162.512,8811.8623
89,125,32,-4585.6299,-1784.9919,7792.5659
87,125,32,-4588.0342,-1484.912,6868.228
85,125,32,-4497.8843,-1246.7839,6046.0601
83,125,32,-4350.0381,-1060.928,5322.4561
81,125,32,-4164.9302,-909.92,4687.8003
79,125,32,-3962.9941,-791.824,4143.2939
79,127,32,-3847.6021,-1045.4399,4102.4263
81,127,32,-4017.084,-1186.7679,4620.4883
83,127,32,-4166.1318,-1361.0079,5225.0942
85,127,32,-4269.5039,-1575.9039,5919.8501
87,127,32,-4303.1602,-1835.328,6701.1499
89,127,32,-4231.04,-2156.7041,7566.5903
91,127,32,-4013.478,-2547.7759,8500.5439
93,127,32,-3592.7781,-3027.9041,9487.3857
95,127,32,-2918.4561,-3608.7041,10467.0166
97,127,32,-1950.8461,-4301.792,11340.8701
99,127,32,-698.362,-5095.5518,11873.3564
101,127,32,752.452,-5957.0718,12124.5742
103,127,32,2301.8301,-6857.312,12083.7061
105,127,32,3817.552,-7713.0239,11778.3984
107,127,32,5227.498,-8471.9355,11130.5205
109,127,32,6466.7603,-9083.7119,10129.2539
111,127,32,7454.8042,-9517.376,8900.8105
113,127,32,8143.5503,-9755.5039,7492.0659
115,127,32,8469.292,-9763.248,6012.4043
117,127,32,8410.3945,-9534.7998,4571.2061
119,127,32,8008.9263,-9077.9043,3329.54
121,127,32,7401.916,-8421.5996,2378.7581
123,127,32,6733.604,-7614.2881,1705.6381
125,127,32,6106.1602,-6717.9199,1248.8781
127,127,32,5571.27,-5798.3198,931.55
129,127,32,5128.9341,-4882.5918,694.756
131,127,32,4774.3442,-4011.3921,508.446
133,127,32,4490.6719,-3167.2959,348.58
135,127,32,4285.1299,-2363.856,209.148
137,127,32,4138.4858,-1593.328,79.332
139,127,32,4054.3462,-846.032,-43.272
141,127,32,4027.9021,-116.16,-168.28
143,127,32,4053.144,613.712,-294.49
145,127,32,4137.2842,1353.264,-431.518
147,127,32,4276.7163,2110.24,-582.97
149,127,32,4470.2383,2886.5759,-756.058
151,127,32,4721.4561,3690.0159,-955.59
153,127,32,5035.1782,4536.0479,-1192.384
155,127,32,5410.2021,5409.1841,-1489.2781
157,127,32,5852.5381,6297.8081,-1866.7061
159,127,32,6342.9541,7165.1357,-2363.1321
161,127,32,6851.3999,7964.7041,-3039.8582
163,127,32,7292.5342,8644.2402,-3941.3582
165,127,32,7547.3579,9132.1123,-5065.228
167,127,32,7507.6919,9407.0244,-6340.5503
169,127,32,7131.4663,9449.6162,-7629.0942
171,127,32,6452.3359,9279.248,-8828.6904
173,127,32,5511.1699,8899.792,-9875.6318
175,127,32,4378.8862,8346.0957,-10724.2441
177,127,32,3098.7561,7651.0718,-11339.668
179,127,32,1722.4661,6853.4399,-11644.9766
181,127,32,311.318,6005.4722,-11690.6523
183,127,32,-1038.5281,5167.1841,-11456.2627
185,127,32,-2204.468,4394.7202,-10884.1104
187,127,32,-3111.978,3713.248,-10077.5684
189,127,32,-3744.23,3130.512,-9167.6543
191,127,32,-4133.6782,2642.6399,-8237.3057
193,127,32,-4334.4121,2239.9519,-7345.4224
195,127,32,-4392.1079,1905.024,-6510.0322
197,127,32,-4350.0381,1632.048,-5764.792
199,127,32,-4243.0601,1403.6,-5097.6821
201,127,32,-4088.002,1219.6801,-4512.3081
203,127,32,-3906.5,1066.736,-3990.6401
205,127,32,-3711.7761,935.088,-3535.082
205,129,32,-3585.5662,1148.048,-3470.1741
203,129,32,-3755.0481,1291.312,-3899.2881
201,129,32,-3906.5,1459.744,-4393.3101
199,129,32,-4026.7002,1657.2159,-4951.0381
197,129,32,-4097.6182,1891.472,-5579.6841
195,129,32,-4094.012,2168.3201,-6284.0562
193,129,32,-3981.0242,2497.4399,-7060.5483
191,129,32,-3715.3821,2884.6399,-7888.7261
189,129,32,-3256.218,3331.856,-8726.5205
187,129,32,-2542.23,3862.3201,-9533.0625
185,129,32,-1556.5901,4472.1602,-10197.7686
183,129,32,-322.136,5159.4399,-10610.0537
181,129,32,1058.962,5898.9922,-10683.376
179,129,32,2450.8779,6655.9678,-10408.1182
177,129,32,3758.6541,7381.9678,-9831.1582
175,129,32,4933.0083,8030.5278,-9007.7881
173,129,32,5928.2642,8564.8643,-7990.896
171,129,32,6703.5542,8952.0635,-6822.5522
169,129,32,7196.374,9163.0879,-5561.6543
167,129,32,7369.4619,9182.4482,-4257.4839
165,129,32,7198.7783,8983.04,-3045.8682
163,129,32,6745.624,8568.7363,-2054.218
161,129,32,6144.624,7960.832,-1353.452
159,129,32,5530.4023,7221.2798,-913.52
157,129,32,4985.896,6394.6079,-662.302
155,129,32,4533.9438,5533.0879,-512.052
153,129,32,4167.334,4663.8242,-421.902
151,129,32,3878.854,3813.9199,-361.802
149,129,32,3657.686,2996.928,-317.328
147,129,32,3485.8,2199.2959,-278.864
145,129,32,3368.0042,1417.152,-248.814
143,129,32,3292.2781,650.496,-224.774
141,129,32,3264.6321,-108.416,-205.542
139,129,32,3281.46,-863.456,-192.32
137,129,32,3345.166,-1637.856,-185.108
135,129,32,3459.356,-2433.552,-183.906
133,129,32,3631.2422,-3260.2239,-187.512
131,129,32,3865.6321,-4115.936,-198.33
129,129,32,4179.354,-4989.0718,-206.744
127,129,32,4592.8423,-5887.376,-200.734
125,129,32,5137.3481,-6783.7441,-140.634
123,129,32,5816.478,-7635.584,36.06
121,129,32,6611.0,-8380.9443,436.326
119,129,32,7405.522,-8963.6797,1164.738
117,129,32,8041.3804,-9348.9443,2254.9521
115,129,32,8352.6982,-9519.3115,3622.8281
113,129,32,8267.3564,-9478.6563,5119.3179
111,129,32,7804.5859,-9234.7197,6603.7881
109,129,32,7016.0742,-8818.4795,7976.4722
107,129,32,5954.708,-8241.5518,9178.4717
105,129,32,4667.3662,-7536.8481,10159.3037
103,129,32,3220.158,-6756.6401,10843.2422
101,129,32,1670.78,-5941.584,11183.4082
99,129,32,170.684,-5165.248,11125.7119
97,129,32,-1180.364,-4445.0562,10696.5986
95,129,32,-2263.366,-3817.792,9997.0342
93,129,32,-3048.272,-3279.584,9142.4121
91,129,32,-3563.9302,-2828.4961,8252.9326
89,129,32,-3863.228,-2450.9761,7388.6943
87,129,32,-4003.8621,-2129.6001,6568.9302
85,129,32,-4024.2961,-1860.496,5824.8921
83,129,32,-3962.9941,-1633.984,5157.7822
81,129,32,-3847.6021,-1442.3199,4563.9941
79,129,32,-3700.958,-1281.632,4044.73
79,131,32,-3550.708,-1486.848,3971.408
81,131,32,-3668.5042,-1657.2159,4460.6221
83,131,32,-3751.4421,-1858.5599,5027.9663
85,131,32,-3775.4822,-2090.8799,5669.834
87,131,32,-3711.7761,-2358.0481,6381.418
89,131,32,-3524.2642,-2665.8721,7161.5161
91,131,32,-3166.0681,-3016.2881,7976.4722
93,131,32,-2585.502,-3422.8479,8804.6504
95,131,32,-1727.274,-3889.4241,9567.9199
97,131,32,-566.142,-4427.6318,10155.6982
99,131,32,853.42,-5037.4722,10428.5518
101,131,32,2410.01,-5707.3281,10298.7363
103,131,32,3959.3882,-6408.1602,9739.8066
105,131,32,5365.728,-7101.248,8829.8926
107,131,32,6556.9102,-7732.3838,7662.75
109,131,32,7492.0659,-8260.9121,6291.2681
111,131,32,8129.126,-8663.5996,4800.7881
113,131,32,8423.6162,-8917.2158,3226.168
115,131,32,8317.8398,-9010.1436,1698.426
117,131,32,7802.1821,-8915.2803,340.166
119,131,32,6961.9839,-8621.0078,-664.706
121,131,32,5982.354,-8127.3281,-1242.868
123,131,32,5052.0059,-7472.96,-1442.4
125,131,32,4289.938,-6698.5601,-1395.522
127,131,32,3717.7861,-5860.272,-1234.454
129,131,32,3303.0959,-4998.752,-1039.73
131,131,32,3006.2021,-4146.9121,-852.218
133,131,32,2793.448,-3300.8799,-683.938
135,131,32,2649.208,-2480.0159,-538.496
137,131,32,2556.6541,-1678.512,-413.488
139,131,32,2507.3721,-898.304,-307.712
141,131,32,2495.3521,-131.648,-212.754
143,131,32,2520.594,636.944,-121.402
145,131,32,2584.3,1411.344,-36.06
147,131,32,2688.874,2197.3601,52.888
149,131,32,2836.72,2994.9919,145.442
151,131,32,3037.4541,3802.304,245.208
153,131,32,3309.106,4632.8481,350.984
155,131,32,3669.7061,5467.2642,447.144
157,131,32,4148.1021,6290.064,506.042
159,131,32,4759.9199,7054.7842,461.568
161,131,32,5493.1401,7724.6401,222.37
163,131,32,6266.0259,8257.04,-323.338
165,131,32,6928.3281,8603.584,-1226.04
167,131,32,7315.3721,8746.8477,-2419.626
169,131,32,7349.0283,8694.5762,-3767.0681
171,131,32,7031.7002,8468.0635,-5124.126
173,131,32,6409.064,8088.6079,-6417.478
175,131,32,5537.6143,7596.8638,-7588.2261
177,131,32,4452.208,7010.2559,-8590.6943
179,131,32,3184.0981,6369.4399,-9373.1963
181,131,32,1794.5861,5717.0078,-9847.9863
183,131,32,369.014,5070.3838,-9950.1563
185,131,32,-932.752,4476.0317,-9682.1104
187,131,32,-1995.3201,3947.5039,-9132.7959
189,131,32,-2780.2261,3477.0559,-8415.2021
191,131,32,-3309.106,3068.5601,-7637.5083
193,131,32,-3631.2422,2708.4639,-6862.2183
195,131,32,-3794.7141,2392.896,-6125.3921
197,131,32,-3841.592,2119.9199,-5451.0703
199,131,32,-3805.532,1881.792,-4842.8579
201,131,32,-3718.988,1676.576,-4305.564
203,131,32,-3589.1721,1494.592,-3822.3601
205,131,32,-3440.124,1337.776,-3395.6501
205,133,32,-3286.2681,1510.08,-3307.9041
203,133,32,-3414.8821,1672.704,-3706.968
201,133,32,-3520.658,1856.624,-4163.728
199,133,32,-3585.5662,2065.7119,-4676.9819
197,133,32,-3592.7781,2301.9041,-5255.144
195,133,32,-3515.8501,2563.2639,-5895.8101
193,133,32,-3321.126,2861.408,-6598.98
191,133,32,-2965.334,3190.5281,-7337.0083
189,133,32,-2399.1921,3554.4961,-8078.6421
187,133,32,-1567.4081,3964.928,-8755.3682
185,133,32,-456.76,4421.8242,-9252.9961
183,133,32,891.884,4925.1841,-9440.5078
181,133,32,2345.1021,5467.2642,-9236.168
179,133,32,3746.634,6026.7681,-8637.5723
177,133,32,4994.3101,6580.4639,-7714.436
175,133,32,6024.4243,7099.312,-6572.5361
173,133,32,6814.1382,7548.4639,-5273.1743
171,133,32,7327.3921,7906.624,-3854.814
169,133,32,7511.2983,8133.1357,-2391.98
167,133,32,7321.3823,8216.3838,-964.004
165,133,32,6756.4419,8115.7119,257.228
163,133,32,5913.8403,7834.9922,1129.88
161,133,32,4969.0679,7380.0317,1586.64
159,133,32,4108.436,6785.6802,1685.204
157,133,32,3408.8721,6086.7842,1562.6
155,133,32,2884.8,5327.8721,1337.826
153,133,32,2507.3721,4534.1118,1076.9921
151,133,32,2236.9221,3742.2881,825.774
149,133,32,2045.8041,2956.272,591.384
147,133,32,1908.776,2174.1279,375.024
145,133,32,1813.818,1401.6639,173.088
143,133,32,1754.92,635.008,-20.434
141,133,32,1724.87,-125.84,-212.754
139,133,32,1729.678,-884.752,-411.084
137,133,32,1762.1321,-1657.2159,-629.848
135,133,32,1833.05,-2439.3601,-871.45
133,133,32,1955.6541,-3240.864,-1147.91
131,133,32,2145.5701,-4052.0481,-1460.4301
129,133,32,2428.04,-4859.3599,-1813.818
127,133,32,2849.9421,-5664.7358,-2192.448
125,133,32,3460.5581,-6431.3921,-2549.4421
123,133,32,4303.1602,-7124.48,-2789.842
121,133,32,5370.5361,-7693.6641,-2757.3879
119,133,32,6531.668,-8096.3521,-2305.436
117,133,32,7585.8223,-8315.1201,-1342.634
115,133,32,8305.8203,-8357.7119,24.04
113,133,32,8595.502,-8237.6797,1625.104
111,133,32,8464.4844,-7986.0,3283.864
109,133,32,7964.4521,-7618.1602,4899.3521
107,133,32,7142.2842,-7155.4561,6415.0742
105,133,32,6031.6362,-6615.312,7763.7183
103,133,32,4669.77,-6034.5122,8859.9424
101,133,32,3121.594,-5449.8398,9603.9805
99,133,32,1515.722,-4892.272,9902.0762
97,133,32,21.636,-4386.9761,9751.8262
95,133,32,-1216.4241,-3935.8879,9254.1982
93,133,32,-2144.3679,-3535.136,8552.2305
91,133,32,-2785.0339,-3171.168,7761.314
89,133,32,-3188.906,-2849.792,6981.2163
87,133,32,-3420.8921,-2563.2639,6237.1782
85,133,32,-3521.8601,-2301.9041,5549.6343
83,133,32,-3530.2742,-2071.52,4928.2002
81,133,32,-3474.9822,-1866.304,4374.0781
79,133,32,-3377.6201,-1684.3199,3887.2681
79,135,32,-3205.7341,-1850.816,3789.906
81,135,32,-3280.2581,-2036.672,4250.272
83,135,32,-3311.51,-2245.76,4779.1519
85,135,32,-3277.854,-2476.144,5376.5459
87,135,32,-3151.644,-2727.824,6040.0503
89,135,32,-2894.416,-2998.864,6767.2603
91,135,32,-2464.1001,-3291.2,7518.5103
93,135,32,-1794.5861,-3604.832,8276.9717
95,135,32,-832.986,-3945.5679,8950.0918
97,135,32,445.942,-4315.3437,9410.458
99,135,32,1982.098,-4721.9038,9504.2139
101,135,32,3628.8381,-5163.312,9120.7764
103,135,32,5196.2461,-5627.9521,8258.9424
105,135,32,6542.4863,-6102.272,7034.104
107,135,32,7603.8521,-6547.5518,5561.6543
109,135,32,8361.1123,-6952.1758,3925.7322
111,135,32,8769.792,-7283.2319,2209.2761
113,135,32,8796.2363,-7532.9761,444.74
115,135,32,8375.5361,-7674.3042,-1233.2521
117,135,32,7487.2583,-7676.2397,-2664.834
119,135,32,6257.6123,-7521.3599,-3632.4441
121,135,32,4916.1802,-7192.2397,-4043.5281
123,135,32,3706.968,-6708.2397,-3966.6001
125,135,32,2758.5901,-6098.3999,-3589.1721
127,135,32,2084.2681,-5405.312,-3083.1301
129,135,32,1633.5181,-4665.7598,-2555.4521
131,135,32,1345.038,-3910.72,-2065.0361
133,135,32,1158.728,-3144.064,-1620.296
135,135,32,1046.942,-2381.28,-1223.636
137,135,32,984.438,-1626.24,-870.248
139,135,32,960.398,-878.944,-549.314
141,135,32,961.6,-137.456,-247.612
143,135,32,990.448,602.096,46.878
145,135,32,1045.74,1347.4559,342.57
147,135,32,1134.688,2094.752,651.484
149,135,32,1264.504,2845.9199,983.236
151,135,32,1452.016,3591.28,1337.826
153,135,32,1728.4761,4340.5122,1726.072
155,135,32,2127.54,5076.1919,2128.7419
157,135,32,2700.894,5777.0239,2502.564
159,135,32,3483.396,6412.0317,2763.3979
161,135,32,4465.4302,6942.4961,2782.6301
163,135,32,5565.2603,7343.248,2410.01
165,135,32,6588.1621,7587.1841,1572.2161
167,135,32,7330.998,7660.752,328.146
169,135,32,7684.3862,7587.1841,-1161.1321
171,135,32,7637.5083,7381.9678,-2722.53
173,135,32,7234.8379,7064.4639,-4256.2822
175,135,32,6518.4463,6667.584,-5696.2783
177,135,32,5537.6143,6216.4961,-6969.1963
179,135,32,4310.3721,5746.0479,-8017.3403
181,135,32,2894.416,5273.6641,-8737.3379
183,135,32,1402.734,4816.7681,-9047.4541
185,135,32,9.616,4388.9121,-8929.6582
187,135,32,-1153.92,3999.7759,-8484.918
189,135,32,-2026.572,3639.6799,-7847.8579
191,135,32,-2629.9761,3310.5601,-7141.082
193,135,32,-3018.2222,3006.6079,-6427.0942
195,135,32,-3244.198,2725.8879,-5749.166
197,135,32,-3349.9741,2472.272,-5127.7319
199,135,32,-3366.802,2238.0159,-4565.1963
201,135,32,-3324.7322,2026.9919,-4065.1641
203,135,32,-3241.7939,1835.328,-3616.8181
205,135,32,-3130.0081,1664.96,-3220.158
205,137,32,-2964.1321,1800.48,-3117.988
203,137,32,-3057.8879,1974.72,-3485.8
201,137,32,-3125.2,2168.3201,-3911.3081
199,137,32,-3150.4421,2379.344,-4389.7041
197,137,32,-3114.3821,2605.856,-4926.998
195,137,32,-2994.1821,2853.6641,-5523.1899
193,137,32,-2753.782,3118.896,-6179.4819
191,137,32,-2351.1121,3405.4241,-6875.4399
189,137,32,-1734.4861,3705.5039,-7570.1963
187,137,32,-842.602,4026.8799,-8197.6406
185,137,32,334.156,4365.6802,-8625.5518
183,137,32,1754.92,4729.6479,-8718.1064
181,137,32,3271.844,5111.04,-8373.1318
179,137,32,4701.022,5502.1118,-7595.438
177,137,32,5925.8604,5893.1841,-6469.1641
175,137,32,6893.4702,6270.7041,-5094.0762
173,137,32,7566.5903,6607.5679,-3550.708
171,137,32,7906.7563,6878.6079,-1903.968
169,137,32,7865.8882,7060.5918,-246.41
167,137,32,7397.1079,7132.2241,1325.806
165,137,32,6517.2441,7064.4639,2625.168
163,137,32,5341.688,6857.312,3479.79
161,137,32,4092.8101,6501.0879,3825.9661
159,137,32,2980.96,6024.832,3735.8162
157,137,32,2102.2981,5453.7119,3369.2061
155,137,32,1467.642,4814.832,2875.1841
153,137,32,1028.912,4135.2959,2352.314
151,137,32,734.422,3434.4639,1848.676
149,137,32,540.9,2729.76,1382.3
147,137,32,409.882,2017.312,949.58
145,137,32,324.54,1302.928,542.102
143,137,32,268.046,586.608,151.452
141,137,32,237.996,-127.776,-234.39
139,137,32,230.784,-838.288,-626.242
137,137,32,247.612,-1554.608,-1042.134
135,137,32,302.904,-2272.864,-1495.2881
133,137,32,406.276,-2993.0559,-1997.724
131,137,32,587.778,-3707.4399,-2556.6541
129,137,32,888.278,-4410.208,-3175.6841
127,137,32,1365.472,-5085.8721,-3837.9861
125,137,32,2089.0759,-5707.3281,-4479.854
123,137,32,3127.604,-6247.4722,-4987.0981
121,137,32,4470.2383,-6673.3921,-5164.9941
119,137,32,5965.5259,-6946.3682,-4815.2119
117,137,32,7387.4922,-7072.208,-3842.7942
115,137,32,8441.6465,-7048.9761,-2355.9199
113,137,32,9008.9902,-6909.584,-564.94
111,137,32,9093.1299,-6679.2002,1304.17
109,137,32,8758.9746,-6388.7998,3142.0281
107,137,32,8065.4199,-6057.7441,4878.918
105,137,32,7037.71,-5703.4561,6463.1543
103,137,32,5701.0859,-5341.4238,7797.374
101,137,32,4118.0522,-4983.2642,8751.7617
99,137,32,2443.666,-4642.5278,9210.9258
97,137,32,860.632,-4319.2158,9174.8662
95,137,32,-460.366,-4013.3279,8748.1563
93,137,32,-1456.824,-3719.0559,8097.874
91,137,32,-2157.5901,-3436.3999,7364.6543
89,137,32,-2616.7542,-3163.4241,6620.6162
87,137,32,-2899.2241,-2902.064,5918.6479
85,137,32,-3048.272,-2658.1279,5270.77
83,137,32,-3102.3621,-2427.7439,4686.5981
81,137,32,-3091.5439,-2218.656,4166.1318
79,137,32,-3033.8481,-2025.056,3709.3721
79,139,32,-2847.5381,-2162.512,3591.5762
81,139,32,-2888.406,-2356.1121,4020.6902
83,139,32,-2882.396,-2571.0081,4515.9141
85,139,32,-2811.478,-2799.4561,5076.0459
87,139,32,-2649.208,-3041.4561,5699.8843
89,139,32,-2357.1221,-3295.072,6386.2261
91,139,32,-1891.948,-3552.5601,7103.8203
93,139,32,-1186.374,-3813.9199,7828.626
95,139,32,-187.512,-4073.344,8469.292
97,139,32,1139.496,-4328.896,8891.1943
99,139,32,2728.54,-4578.6401,8924.8506
101,139,32,4419.7539,-4828.3838,8453.666
103,139,32,6013.606,-5083.936,7475.2383
105,139,32,7359.8462,-5349.168,6091.7363
107,139,32,8387.5566,-5622.144,4447.3999
109,139,32,9066.6865,-5891.248,2620.3601
111,139,32,9367.1865,-6133.248,694.756
113,139,32,9218.1377,-6332.6558,-1290.948
115,139,32,8557.0381,-6456.5601,-3175.6841
117,139,32,7365.856,-6481.728,-4751.5059
119,139,32,5803.2563,-6379.1201,-5767.1963
121,139,32,4146.8999,-6144.8638,-6110.9683
123,139,32,2670.844,-5778.96,-5882.5879
125,139,32,1526.54,-5298.832,-5293.6079
127,139,32,728.412,-4741.2642,-4550.772
129,139,32,206.744,-4129.4878,-3785.0981
131,139,32,-115.392,-3492.5439,-3066.302
133,139,32,-307.712,-2826.5601,-2399.1921
135,139,32,-414.69,-2154.7681,-1800.5961
137,139,32,-467.578,-1479.104,-1254.8881
139,139,32,-484.406,-803.44,-750.048
141,139,32,-473.588,-131.648,-270.45
143,139,32,-443.538,544.016,199.532
145,139,32,-387.044,1223.552,680.332
147,139,32,-299.298,1899.2159,1177.96
149,139,32,-164.674,2571.0081,1705.6381
151,139,32,40.868,3231.1841,2268.1741
153,139,32,355.792,3879.7439,2877.5881
155,139,32,828.178,4507.0078,3508.6382
157,139,32,1522.9341,5095.5518,4109.6382
159,139,32,2485.7361,5614.3999,4571.2061
161,139,32,3705.7661,6048.064,4738.2842
163,139,32,5091.6719,6371.376,4436.582
165,139,32,6416.2759,6568.8481,3586.7681
167,139,32,7440.3804,6636.6079,2254.9521
169,139,32,8036.5723,6590.144,621.434
171,139,32,8178.4082,6450.752,-1119.062
173,139,32,7912.7661,6239.728,-2858.356
175,139,32,7287.7261,5974.4961,-4506.2979
177,139,32,6346.5601,5674.416,-5973.9399
179,139,32,5118.1162,5358.8481,-7185.5562
181,139,32,3678.1201,5037.4722,-8034.168
183,139,32,2134.752,4719.9678,-8436.8379
185,139,32,677.928,4404.3999,-8377.9404
187,139,32,-530.082,4102.3838,-7972.8662
189,139,32,-1437.592,3810.0481,-7373.0684
191,139,32,-2073.45,3529.3279,-6701.1499
193,139,32,-2496.554,3258.2881,-6025.626
195,139,32,-2753.782,2998.864,-5384.96
197,139,32,-2893.2141,2754.928,-4800.7881
199,139,32,-2944.9001,2526.48,-4275.5142
201,139,32,-2937.688,2315.4561,-3811.542
203,139,32,-2886.002,2117.9839,-3393.2461
205,139,32,-2807.8721,1936.0,-3025.4341
205,141,32,-2633.582,2044.416,-2912.446
203,141,32,-2697.2881,2226.3999,-3253.814
201,141,32,-2734.55,2423.8721,-3644.4641
199,141,32,-2729.7419,2636.832,-4088.002
197,141,32,-2666.0361,2863.344,-4588.0342
195,141,32,-2518.1899,3105.344,-5150.5703
193,141,32,-2253.75,3358.96,-5768.3979
191,141,32,-1827.04,3620.3201,-6427.0942
189,141,32,-1195.99,3889.4241,-7083.3862
187,141,32,-290.884,4162.3999,-7673.5684
185,141,32,912.318,4435.376,-8073.834
183,141,32,2358.324,4706.416,-8126.7222
181,141,32,3898.0862,4971.6479,-7726.4561
179,141,32,5346.4961,5225.2642,-6862.2183
177,141,32,6578.5459,5471.1357,-5619.3501
175,141,32,7518.5103,5705.3921,-4101.2241
173,141,32,8124.3184,5906.7358,-2399.1921
171,141,32,8353.9004,6067.4238,-592.586
169,141,32,8160.3779,6164.2241,1217.626
167,141,32,7494.4702,6183.584,2923.2642
165,141,32,6373.0039,6104.208,4318.7861
163,141,32,4930.604,5914.48,5208.2661
161,141,32,3420.8921,5614.3999,5503.958
159,141,32,2089.0759,5215.584,5302.022
157,141,32,1037.326,4739.3281,4780.354
155,141,32,277.662,4204.9922,4106.0322
153,141,32,-240.4,3628.064,3388.438
151,141,32,-580.566,3027.9041,2691.2781
149,141,32,-801.734,2416.1279,2043.4
147,141,32,-944.772,1790.8,1433.9861
145,141,32,-1037.326,1155.792,853.42
143,141,32,-1097.426,520.784,301.702
141,141,32,-1129.88,-112.288,-247.612
139,141,32,-1141.9,-743.424,-799.33
137,141,32,-1127.4761,-1376.496,-1381.098
135,141,32,-1075.79,-2003.76,-2002.532
133,141,32,-965.206,-2629.0879,-2684.0662
131,141,32,-763.27,-3240.864,-3435.3162
129,141,32,-423.104,-3825.5359,-4244.2622
127,141,32,127.412,-4381.168,-5101.2881
125,141,32,976.024,-4886.4639,-5941.4863
123,141,32,2188.842,-5318.1919,-6617.0103
121,141,32,3777.886,-5653.1201,-6919.9141
119,141,32,5556.8462,-5869.9521,-6613.4043
117,141,32,7270.8979,-5974.4961,-5592.9062
115,141,32,8595.502,-5974.4961,-3977.418
113,141,32,9384.0146,-5883.5039,-1997.724
111,141,32,9618.4043,-5732.4961,88.948
109,141,32,9370.792,-5542.7681,2125.136
107,141,32,8713.2979,-5339.4878,4035.114
105,141,32,7686.79,-5145.8882,5751.5703
103,141,32,6341.752,-4961.9678,7163.9199
101,141,32,4734.6782,-4785.792,8172.3979
99,141,32,3045.8682,-4601.8721,8660.4102
97,141,32,1441.198,-4402.4639,8645.9863
95,141,32,109.382,-4183.6958,8245.7197
93,141,32,-901.5,-3945.5679,7625.4883
91,141,32,-1620.296,-3695.824,6921.1162
89,141,32,-2098.6921,-3446.0801,6223.9561
87,141,32,-2407.606,-3198.272,5561.6543
85,141,32,-2586.7041,-2954.3359,4951.0381
83,141,32,-2674.45,-2723.9519,4405.3301
81,141,32,-2694.884,-2505.1841,3917.3181
79,141,32,-2669.6421,-2303.8401,3490.6082
79,143,32,-2472.5142,-2410.3201,3353.5801
81,143,32,-2482.1301,-2615.5359,3747.8362
83,143,32,-2447.272,-2836.24,4207.0
85,143,32,-2349.9102,-3070.4961,4725.062
87,143,32,-2163.6001,-3314.4319,5308.0322
89,143,32,-1851.0801,-3562.24,5945.0923
91,143,32,-1376.29,-3810.0481,6615.8081
93,143,32,-669.514,-4052.0481,7298.5439
95,143,32,319.732,-4276.624,7904.3521
97,143,32,1627.5081,-4474.0962,8308.2246
99,143,32,3196.1182,-4636.7202,8344.2842
101,143,32,4877.7163,-4768.3682,7882.7163
103,143,32,6487.1943,-4884.5278,6903.0859
105,143,32,7850.2622,-5006.4961,5493.1401
107,143,32,8889.9922,-5138.144,3763.4622
109,143,32,9557.1025,-5275.6001,1792.182
111,143,32,9787.8857,-5397.5679,-317.328
113,143,32,9507.8203,-5490.4961,-2489.342
115,143,32,8656.8037,-5533.0879,-4532.7422
117,143,32,7233.6362,-5500.1758,-6219.1479
119,143,32,5411.4043,-5384.0161,-7280.5142
121,143,32,3511.042,-5174.9277,-7599.0439
123,143,32,1825.838,-4869.04,-7275.7061
125,143,32,518.062,-4477.9678,-6549.6982
127,143,32,-391.852,-4024.9441,-5654.208
129,143,32,-990.448,-3521.584,-4722.6582
131,143,32,-1360.6641,-2991.1199,-3837.9861
133,143,32,-1580.63,-2433.552,-3009.8081
135,143,32,-1700.8301,-1858.5599,-2253.75
137,143,32,-1757.324,-1279.696,-1560.196
139,143,32,-1772.9501,-696.96,-906.308
141,143,32,-1760.9301,-112.288,-284.874
143,143,32,-1728.4761,472.384,329.348
145,143,32,-1665.972,1062.864,954.388
147,143,32,-1569.812,1651.408,1604.67
149,143,32,-1418.36,2230.272,2289.8101
151,143,32,-1185.172,2791.7119,3011.01
153,143,32,-819.764,3345.408,3783.896
155,143,32,-269.248,3875.8721,4576.0142
157,143,32,534.89,4369.5518,5326.062
159,143,32,1651.548,4812.896,5919.8501
161,143,32,3073.5142,5190.416,6179.4819
163,143,32,4689.002,5488.5601,5916.2441
165,143,32,6241.9863,5689.9038,5035.1782
167,143,32,7478.8442,5792.5122,3607.2021
169,143,32,8240.9121,5806.064,1853.484
171,143,32,8508.958,5751.856,-8.414
173,143,32,8332.2637,5649.248,-1866.7061
175,143,32,7764.9199,5509.856,-3618.02
177,143,32,6850.1982,5345.2959,-5178.2163
179,143,32,5625.3599,5159.4399,-6469.1641
181,143,32,4182.96,4960.0317,-7364.6543
183,143,32,2640.7939,4743.2002,-7796.1724
185,143,32,1194.788,4507.0078,-7772.1323
187,143,32,-8.414,4257.2642,-7399.5122
189,143,32,-921.934,3995.9041,-6835.7739
191,143,32,-1565.004,3734.5439,-6202.3203
193,143,32,-1997.724,3477.0559,-5571.27
195,143,32,-2275.386,3225.376,-4972.6743
197,143,32,-2435.252,2983.376,-4430.5723
199,143,32,-2513.3821,2754.928,-3946.166
201,143,32,-2532.614,2540.032,-3519.4561
203,143,32,-2509.7761,2336.752,-3136.0181
205,143,32,-2459.292,2150.896,-2801.8621
205,145,32,-2277.79,2232.208,-2673.248
203,145,32,-2313.8501,2420.0,-2980.96
201,145,32,-2324.668,2621.344,-3335.55
199,145,32,-2294.6179,2838.176,-3739.4221
197,145,32,-2206.8721,3068.5601,-4197.3843
195,145,32,-2039.7941,3310.5601,-4711.8398
193,145,32,-1762.1321,3562.24,-5281.5879
191,145,32,-1329.412,3817.792,-5889.8003
189,145,32,-697.16,4073.344,-6496.8101
187,145,32,195.926,4325.0239,-7043.7202
185,145,32,1365.472,4561.2158,-7404.3203
183,145,32,2776.6201,4774.1758,-7434.3701
181,145,32,4292.3423,4958.0962,-7020.8823
179,145,32,5727.5303,5114.9121,-6144.624
177,145,32,6943.9541,5244.624,-4870.5039
175,145,32,7857.4741,5356.9121,-3293.48
173,145,32,8414.0,5445.9678,-1524.136
171,145,32,8572.6641,5500.1758,372.62
169,145,32,8275.7705,5511.792,2289.8101
167,145,32,7463.2183,5455.6479,4095.2141
165,145,32,6154.2402,5318.1919,5566.4619
163,145,32,4512.3081,5097.4878,6473.9722
161,145,32,2807.8721,4797.4082,6737.21
159,145,32,1308.978,4433.4399,6457.144
157,145,32,122.604,4017.2,5823.6899
155,145,32,-733.22,3560.304,5021.9561
153,145,32,-1320.998,3074.3679,4170.9399
151,145,32,-1712.85,2569.072,3337.9541
149,145,32,-1964.068,2052.1599,2551.8459
147,145,32,-2127.54,1521.696,1807.808
145,145,32,-2230.9121,985.424,1101.032
143,145,32,-2295.8201,447.216,421.902
141,145,32,-2333.082,-92.928,-251.218
139,145,32,-2343.9001,-625.328,-927.944
137,145,32,-2327.072,-1161.6,-1635.922
135,145,32,-2266.9719,-1690.1281,-2388.374
133,145,32,-2139.5601,-2210.9121,-3200.926
131,145,32,-1908.776,-2714.272,-4081.9922
129,145,32,-1519.328,-3198.272,-5029.168
127,145,32,-895.49,-3653.2319,-6020.8179
125,145,32,52.888,-4069.4719,-6983.6201
123,145,32,1400.3301,-4431.5039,-7764.9199
121,145,32,3163.6641,-4727.7119,-8142.3481
119,145,32,5144.5601,-4944.5439,-7865.8882
117,145,32,7065.356,-5089.7441,-6815.3403
115,145,32,8578.6738,-5163.312,-5118.1162
113,145,32,9519.8398,-5178.7998,-3036.252
111,145,32,9864.8145,-5149.7598,-816.158
109,145,32,9682.1104,-5095.5518,1353.452
107,145,32,9041.4443,-5025.856,3363.196
105,145,32,8007.7241,-4956.1602,5120.52
103,145,32,6650.666,-4886.4639,6528.062
101,145,32,5050.8042,-4807.0879,7502.8843
99,145,32,3401.6602,-4704.48,7958.4424
97,145,32,1857.0901,-4561.2158,7931.998
95,145,32,575.758,-4377.2959,7553.3682
93,145,32,-400.266,-4160.4639,6978.812
91,145,32,-1103.436,-3922.3359,6334.54
89,145,32,-1584.2361,-3674.5281,5695.0762
87,145,32,-1905.17,-3426.72,5089.2681
85,145,32,-2103.5,-3180.8479,4536.3481
83,145,32,-2214.084,-2942.72,4038.72
81,145,32,-2262.1641,-2718.144,3596.384
79,145,32,-2265.77,-2509.0559,3206.936
79,147,32,-2060.228,-2586.4961,3050.676
81,147,32,-2042.198,-2799.4561,3406.468
83,147,32,-1980.896,-3024.032,3813.946
85,147,32,-1860.696,-3262.1599,4280.3223
87,147,32,-1655.1541,-3509.968,4799.5859
89,147,32,-1334.22,-3759.7119,5371.7383
91,147,32,-863.036,-4007.52,5969.1323
93,147,32,-180.3,-4245.6479,6582.1523
95,147,32,762.068,-4460.5439,7129.062
97,147,32,2002.532,-4640.5918,7495.6724
99,147,32,3495.416,-4774.1758,7526.9243
101,147,32,5120.52,-4863.2319,7096.6079
103,147,32,6690.332,-4917.4399,6163.856
105,147,32,8046.188,-4952.2881,4769.5361
107,147,32,9081.1104,-4975.52,3017.02
109,147,32,9722.9785,-4979.3921,986.842
111,147,32,9890.0566,-4961.9678,-1189.98
113,147,32,9511.4258,-4921.312,-3437.72
115,147,32,8531.7959,-4841.936,-5549.6343
117,147,32,6949.9644,-4719.9678,-7278.1104
119,147,32,4969.0679,-4549.6001,-8335.8701
121,147,32,2908.8401,-4319.2158,-8612.3301
123,147,32,1089.012,-4032.688,-8222.8818
125,147,32,-326.944,-3691.9519,-7407.9263
127,147,32,-1320.998,-3312.4961,-6407.8623
129,147,32,-1979.6941,-2898.1919,-5365.728
131,147,32,-2390.7781,-2462.592,-4375.2803
133,147,32,-2638.3901,-2005.696,-3435.3162
135,147,32,-2776.6201,-1537.184,-2573.4819
137,147,32,-2845.134,-1058.9919,-1769.344
139,147,32,-2866.77,-574.992,-1012.084
141,147,32,-2858.356,-90.992,-286.076
143,147,32,-2822.2961,396.88,432.72
145,147,32,-2756.186,890.56,1165.9401
147,147,32,-2649.208,1376.496,1924.402
149,147,32,-2478.5239,1858.5599,2716.52
151,147,32,-2216.488,2327.072,3549.5061
153,147,32,-1812.6161,2789.7759,4431.7739
155,147,32,-1203.202,3235.0559,5335.6782
157,147,32,-317.328,3660.9761,6192.7041
159,147,32,903.904,4061.728,6880.248
161,147,32,2448.4741,4421.8242,7215.606
163,147,32,4216.6162,4735.4561,6995.6401
165,147,32,5941.4863,4991.0078,6121.7861
167,147,32,7334.604,5167.1841,4660.1543
169,147,32,8226.4883,5269.792,2837.9221
171,147,32,8593.0986,5316.2559,890.682
173,147,32,8478.9082,5310.4478,-1032.5181
175,147,32,7952.4321,5275.6001,-2829.5081
177,147,32,7066.5581,5209.7759,-4410.1382
179,147,32,5877.7803,5112.9761,-5691.4702
181,147,32,4478.6519,4989.0718,-6574.9399
183,147,32,2990.5762,4826.4478,-7012.4683
185,147,32,1603.468,4628.9761,-7006.458
187,147,32,444.74,4400.5278,-6678.312
189,147,32,-436.326,4156.5918,-6171.0679
191,147,32,-1066.1741,3902.9761,-5602.522
193,147,32,-1501.298,3647.4241,-5027.9663
195,147,32,-1787.374,3393.8079,-4490.6719
197,147,32,-1962.8661,3149.8721,-4001.458
199,147,32,-2063.834,2919.488,-3566.334
201,147,32,-2108.3081,2700.72,-3184.0981
203,147,32,-2111.9141,2495.5039,-2842.73
205,147,32,-2087.874,2303.8401,-2539.8259
205,149,32,-1903.968,2358.0481,-2404.0
203,149,32,-1915.988,2551.6479,-2678.0562
201,149,32,-1899.16,2756.864,-2992.98
199,149,32,-1845.0701,2975.6321,-3348.772
197,149,32,-1736.89,3207.9519,-3752.644
195,149,32,-1552.984,3451.8879,-4208.2021
193,149,32,-1265.7061,3705.5039,-4714.2441
191,149,32,-835.39,3962.9919,-5251.5381
189,149,32,-225.976,4214.6719,-5787.6299
187,149,32,629.848,4460.5439,-6266.0259
185,149,32,1745.3041,4683.1841,-6577.3442
183,149,32,3091.5439,4872.9121,-6574.9399
181,149,32,4531.54,5023.9199,-6157.8462
179,149,32,5900.6182,5130.3999,-5296.0122
177,149,32,7068.9619,5196.2241,-4037.5181
175,149,32,7945.2202,5229.1357,-2459.292
173,149,32,8458.4746,5223.3281,-658.696
171,149,32,8554.6338,5176.8638,1283.7361
169,149,32,8166.3882,5076.1919,3245.4001
167,149,32,7232.4341,4917.4399,5089.2681
165,149,32,5792.438,4692.8638,6556.9102
163,149,32,4015.8821,4412.144,7433.168
161,149,32,2196.054,4088.832,7637.5083
159,149,32,597.394,3730.6719,7276.9082
157,149,32,-663.504,3349.28,6560.5161
155,149,32,-1583.0341,2950.4639,5665.0259
153,149,32,-2220.094,2536.1599,4717.8501
151,149,32,-2644.4001,2116.0481,3793.512
149,149,32,-2922.062,1692.064,2923.2642
147,149,32,-3101.1602,1258.4,2091.48
145,149,32,-3217.7542,818.928,1293.3521
143,149,32,-3287.47,377.52,519.264
141,149,32,-3328.3381,-63.888,-240.4
139,149,32,-3337.9541,-501.424,-1007.276
137,149,32,-3315.116,-937.024,-1804.202
135,149,32,-3245.4001,-1368.752,-2643.198
133,149,32,-3101.1602,-1792.736,-3549.5061
131,149,32,-2846.3359,-2205.104,-4519.52
129,149,32,-2420.8281,-2600.0481,-5556.8462
127,149,32,-1751.3141,-2977.5679,-6638.646
125,149,32,-736.826,-3331.856,-7687.9922
123,149,32,698.362,-3657.104,-8552.2305
121,149,32,2550.644,-3943.6321,-8994.5664
119,149,32,4643.3262,-4189.5039,-8780.6104
117,149,32,6690.332,-4400.5278,-7764.9199
115,149,32,8333.4658,-4572.832,-6072.5039
113,149,32,9387.6201,-4706.416,-3964.196
111,149,32,9823.9463,-4809.0239,-1720.062
109,149,32,9708.5537,-4882.5918,461.568
107,149,32,9117.1699,-4934.8638,2486.938
105,149,32,8120.7119,-4961.9678,4253.8779
103,149,32,6797.3101,-4960.0317,5645.7939
101,149,32,5261.1543,-4927.1201,6589.3643
99,149,32,3684.1301,-4847.7441,7035.3062
97,149,32,2220.094,-4716.0962,7030.498
95,149,32,1012.084,-4537.9839,6704.7563
93,149,32,82.938,-4319.2158,6204.7241
91,149,32,-591.384,-4083.0239,5642.188
89,149,32,-1064.972,-3835.2161,5080.854
87,149,32,-1391.916,-3581.6001,4548.3682
85,149,32,-1609.478,-3331.856,4060.356
83,149,32,-1742.9,-3091.792,3621.626
81,149,32,-1817.4241,-2863.344,3232.178
79,149,32,-1848.676,-2648.448,2888.406
79,151,32,-1640.73,-2694.9119,2721.3281
81,151,32,-1596.256,-2907.8721,3027.8381
83,151,32,-1508.51,-3136.3201,3381.2261
85,151,32,-1365.472,-3376.384,3783.896
87,151,32,-1144.3041,-3624.1919,4233.4438
89,151,32,-817.36,-3877.8079,4723.8599
91,151,32,-353.388,-4125.6162,5240.7202
93,151,32,305.308,-4365.6802,5763.5903
95,151,32,1197.192,-4580.5762,6222.7539
97,151,32,2363.1321,-4760.624,6519.6479
99,151,32,3764.6641,-4886.4639,6510.0322
101,151,32,5297.2139,-4961.9678,6071.3022
103,151,32,6787.6943,-4983.2642,5145.7622
105,151,32,8081.0464,-4958.0962,3765.866
107,151,32,9055.8682,-4892.272,2031.38
109,151,32,9625.6162,-4787.728,27.646
111,151,32,9720.5742,-4658.0161,-2138.3582
113,151,32,9259.0059,-4493.4561,-4369.27
115,151,32,8183.2163,-4305.6641,-6449.9321
117,151,32,6504.022,-4090.7681,-8133.9341
119,151,32,4429.3701,-3852.6399,-9127.9883
121,151,32,2293.416,-3593.2161,-9334.7324
123,151,32,409.882,-3306.688,-8874.3662
125,151,32,-1063.77,-2996.928,-7987.29
127,151,32,-2101.0959,-2669.7439,-6910.2983
129,151,32,-2794.6501,-2327.072,-5794.8423
131,151,32,-3232.178,-1970.848,-4727.4663
133,151,32,-3503.8301,-1603.0079,-3717.7861
135,151,32,-3657.686,-1225.488,-2782.6301
137,151,32,-3733.4121,-842.16,-1905.17
139,151,32,-3761.0581,-454.96,-1074.588
141,151,32,-3751.4421,-63.888,-272.854
143,151,32,-3714.1802,329.12,519.264
145,151,32,-3643.262,726.0,1329.412
147,151,32,-3525.4661,1119.0079,2156.3879
149,151,32,-3342.762,1506.208,3021.8281
151,151,32,-3063.8979,1889.536,3924.53
153,151,32,-2633.582,2272.864,4886.1299
155,151,32,-1992.916,2650.384,5866.9619
157,151,32,-1064.972,3025.968,6804.522
159,151,32,206.744,3393.8079,7572.6001
161,151,32,1818.626,3748.0959,7987.29
163,151,32,3673.312,4090.7681,7845.4541
165,151,32,5499.1499,4400.5278,7029.2959
167,151,32,7004.0542,4665.7598,5612.1382
169,151,32,8004.1182,4872.9121,3800.7241
171,151,32,8457.2725,5023.9199,1842.666
173,151,32,8420.0098,5126.5278,-94.958
175,151,32,7951.23,5178.7998,-1900.3621
177,151,32,7123.0522,5184.6079,-3472.5781
179,151,32,6002.7881,5143.9521,-4738.2842
181,151,32,4680.5879,5054.896,-5618.1479
183,151,32,3277.854,4917.4399,-6068.8979
185,151,32,1968.876,4733.52,-6106.1602
187,151,32,875.056,4512.8159,-5844.124
189,151,32,37.262,4270.8159,-5415.0103
191,151,32,-572.152,4017.2,-4925.7959
193,151,32,-1001.266,3759.7119,-4431.7739
195,151,32,-1295.756,3506.0959,-3965.3982
197,151,32,-1490.48,3258.2881,-3538.688
199,151,32,-1610.6801,3025.968,-3160.0581
201,151,32,-1679.194,2805.2639,-2827.104
203,151,32,-1709.244,2598.1121,-2525.4021
205,151,32,-1712.85,2402.5759,-2263.366
205,153,32,-1525.338,2435.488,-2120.3281
203,153,32,-1510.9141,2627.1521,-2354.718
201,153,32,-1470.046,2832.3679,-2623.9661
199,153,32,-1389.5121,3053.072,-2930.4761
197,153,32,-1258.494,3285.3921,-3277.854
195,153,32,-1057.76,3529.3279,-3664.8979
193,153,32,-763.27,3782.9441,-4090.406
191,153,32,-337.762,4040.4319,-4543.5601
189,153,32,252.42,4294.0479,-4991.9062
187,153,32,1063.77,4537.9839,-5381.354
185,153,32,2111.9141,4756.752,-5609.7339
183,153,32,3366.802,4934.8638,-5554.4419
181,153,32,4709.436,5066.5122,-5110.9043
179,153,32,5990.7681,5138.144,-4240.6562
177,153,32,7076.1743,5151.6958,-2990.5762
175,153,32,7873.1001,5112.9761,-1430.38
173,153,32,8313.0322,5021.9839,352.186
171,153,32,8326.2539,4872.9121,2278.9919
169,153,32,7843.0503,4673.5039,4214.2119
167,153,32,6811.7339,4421.8242,6008.7983
165,153,32,5281.5879,4121.7441,7400.7144
163,153,32,3426.9021,3790.688,8194.0342
161,153,32,1552.984,3442.208,8305.8203
159,153,32,-85.342,3087.9199,7864.686
157,153,32,-1377.4921,2733.6321,7065.356
155,153,32,-2321.062,2383.2161,6098.9482
153,153,32,-2974.95,2036.672,5094.0762
151,153,32,-3413.6802,1692.064,4108.436
149,153,32,-3703.3621,1347.4559,3175.6841
147,153,32,-3889.6721,1002.848,2283.8
145,153,32,-4013.478,654.368,1430.38
143,153,32,-4089.2041,307.824,599.798
141,153,32,-4128.8701,-40.656,-222.37
139,153,32,-4138.4858,-383.328,-1046.942
137,153,32,-4110.8398,-727.936,-1903.968
135,153,32,-4032.71,-1066.736,-2803.064
133,153,32,-3877.6521,-1403.6,-3767.0681
131,153,32,-3607.2021,-1730.7839,-4800.7881
129,153,32,-3164.866,-2052.1599,-5894.6079
127,153,32,-2472.5142,-2363.856,-7037.71
125,153,32,-1427.9761,-2667.8081,-8151.9644
123,153,32,31.252,-2964.0159,-9084.7158
121,153,32,1919.594,-3250.5439,-9599.1719
119,153,32,4060.356,-3525.4561,-9463.3457
117,153,32,6167.4619,-3794.5601,-8532.998
115,153,32,7875.5039,-4048.176,-6925.9243
113,153,32,9011.3945,-4282.4321,-4881.3223
111,153,32,9524.6484,-4489.584,-2692.48
109,153,32,9487.3857,-4665.7598,-552.92
107,153,32,8976.5361,-4809.0239,1421.9661
105,153,32,8069.0264,-4913.5679,3140.8262
103,153,32,6845.3901,-4965.8398,4508.7021
101,153,32,5410.2021,-4963.9038,5454.6763
99,153,32,3938.9541,-4901.9521,5925.8604
97,153,32,2575.886,-4778.0479,5979.9502
95,153,32,1447.208,-4603.8081,5739.5503
93,153,32,567.344,-4388.9121,5333.2739
91,153,32,-80.534,-4152.7202,4869.3022
89,153,32,-546.91,-3904.9119,4401.7241
87,153,32,-881.066,-3653.2319,3953.3782
85,153,32,-1111.85,-3403.488,3541.092
83,153,32,-1268.11,-3165.3599,3169.6741
81,153,32,-1367.876,-2936.9119,2837.9221
79,153,32,-1425.572,-2723.9519,2547.0381
79,155,32,-1220.03,-2735.5679,2371.5461
81,155,32,-1147.91,-2944.656,2628.7742
83,155,32,-1037.326,-3169.2319,2924.4661
85,155,32,-871.45,-3405.4241,3256.218
87,155,32,-635.858,-3649.3599,3626.4341
89,155,32,-301.702,-3897.168,4029.104
91,155,32,156.26,-4141.104,4451.0059
93,155,32,786.108,-4375.3599,4866.8979
95,155,32,1627.5081,-4584.4478,5222.6899
97,155,32,2712.9141,-4756.752,5427.0303
99,155,32,4013.478,-4874.8481,5347.6982
101,155,32,5424.626,-4930.9922,4870.5039
103,155,32,6790.0981,-4919.376,3943.762
105,155,32,7963.25,-4843.8721,2598.7241
107,155,32,8835.9023,-4712.2241,912.318
109,155,32,9308.2881,-4530.2397,-1028.912
111,155,32,9320.3086,-4307.6001,-3111.978
113,155,32,8784.2158,-4055.9199,-5262.356
115,155,32,7636.3062,-3784.8799,-7251.666
117,155,32,5910.2339,-3498.3521,-8825.084
119,155,32,3803.1282,-3209.8879,-9715.7666
121,155,32,1645.5381,-2923.3599,-9832.3604
123,155,32,-245.208,-2640.7041,-9293.8643
125,155,32,-1720.062,-2359.9839,-8343.082
127,155,32,-2762.196,-2079.2639,-7209.5962
129,155,32,-3465.366,-1794.672,-6042.4541
131,155,32,-3910.106,-1515.8879,-4935.4121
133,155,32,-4188.9702,-1225.488,-3878.854
135,155,32,-4351.2402,-935.088,-2896.8201
137,155,32,-4434.1782,-640.816,-1974.886
139,155,32,-4465.4302,-340.736,-1099.8301
141,155,32,-4458.2183,-40.656,-250.016
143,155,32,-4419.7539,261.36,585.374
145,155,32,-4345.23,567.248,1439.996
147,155,32,-4223.8281,873.136,2313.8501
149,155,32,-4033.9121,1177.088,3227.3701
151,155,32,-3749.0381,1479.104,4174.5459
153,155,32,-3315.116,1788.864,5179.418
155,155,32,-2669.6421,2106.3679,6211.936
157,155,32,-1739.2941,2431.616,7209.5962
159,155,32,-457.962,2770.416,8052.1982
161,155,32,1169.546,3118.896,8548.624
163,155,32,3048.272,3477.0559,8502.9482
165,155,32,4920.9883,3831.344,7791.3643
167,155,32,6502.8203,4160.4639,6464.356
169,155,32,7588.2261,4448.9277,4731.0723
171,155,32,8129.126,4688.9922,2841.5281
173,155,32,8178.4082,4876.7842,949.58
175,155,32,7797.374,5012.3042,-814.956
177,155,32,7060.5483,5085.8721,-2357.1221
179,155,32,6032.8379,5097.4878,-3615.616
181,155,32,4815.2119,5045.2158,-4500.2881
183,155,32,3527.8701,4925.1841,-4983.4922
185,155,32,2321.062,4752.8799,-5085.6621
187,155,32,1302.968,4539.9199,-4911.3721
189,155,32,512.052,4299.856,-4582.0239
191,155,32,-75.726,4048.176,-4191.374
193,155,32,-500.032,3794.5601,-3788.7041
195,155,32,-804.138,3542.8799,-3402.8621
197,155,32,-1013.286,3300.8799,-3049.4741
199,155,32,-1156.324,3070.4961,-2730.9441
201,155,32,-1250.0801,2851.728,-2449.676
203,155,32,-1306.574,2642.6399,-2194.8521
205,155,32,-1334.22,2450.9761,-1973.6841
205,157,32,-1149.1121,2454.8479,-1828.2421
203,157,32,-1109.446,2644.5759,-2022.9661
201,157,32,-1040.932,2847.856,-2245.3359
199,157,32,-937.56,3060.8159,-2496.554
197,157,32,-787.31,3289.2639,-2779.0242
195,157,32,-569.748,3525.4561,-3092.7461
193,157,32,-265.642,3773.2639,-3432.9121
191,157,32,157.462,4024.9441,-3791.1082
189,157,32,726.008,4270.8159,-4131.2739
187,157,32,1489.2781,4508.9438,-4413.7441
185,157,32,2458.0901,4718.0317,-4543.5601
183,157,32,3604.7981,4882.5918,-4410.1382
181,157,32,4828.4341,4987.1357,-3922.126
179,157,32,5988.3643,5023.9199,-3051.8782
177,157,32,6958.3779,4987.1357,-1822.2321
175,157,32,7650.73,4886.4639,-301.702
173,157,32,7990.896,4719.9678,1418.36
171,157,32,7909.1602,4497.3281,3270.6421
169,157,32,7345.4224,4222.416,5113.3081
167,157,32,6240.7842,3901.04,6806.9263
165,157,32,4652.9419,3546.752,8085.854
163,157,32,2768.2061,3180.8479,8757.7725
161,157,32,889.48,2816.8799,8766.1865
159,157,32,-736.826,2474.208,8237.3057
157,157,32,-2009.744,2152.832,7377.876
155,157,32,-2937.688,1852.752,6363.3882
153,157,32,-3585.5662,1566.224,5315.2441
151,157,32,-4023.094,1293.248,4294.7461
149,157,32,-4312.7759,1026.08,3328.3381
147,157,32,-4501.4902,762.784,2405.2021
145,157,32,-4626.498,499.488,1516.9241
143,157,32,-4701.022,240.064,657.494
141,157,32,-4741.8901,-19.36,-194.724
139,157,32,-4749.1021,-274.912,-1050.548
137,157,32,-4720.2539,-532.4,-1941.23
135,157,32,-4639.7202,-787.952,-2876.386
133,157,32,-4481.0562,-1041.568,-3874.0461
131,157,32,-4210.606,-1291.312,-4935.4121
129,157,32,-3768.27,-1539.12,-6068.8979
127,157,32,-3080.7261,-1790.8,-7248.0601
125,157,32,-2051.814,-2048.2881,-8405.5859
123,157,32,-605.808,-2313.52,-9396.0342
121,157,32,1275.322,-2590.3679,-9991.0244
119,157,32,3400.458,-2882.7041,-9948.9541
117,157,32,5511.1699,-3190.5281,-9142.4121
115,157,32,7252.8682,-3504.1599,-7657.9424
113,157,32,8444.0498,-3811.9839,-5740.752
111,157,32,9030.626,-4096.5762,-3670.908
109,157,32,9081.1104,-4348.2559,-1623.902
107,157,32,8673.6318,-4561.2158,272.854
105,157,32,7882.7163,-4721.9038,1932.816
103,157,32,6792.502,-4820.6401,3262.228
101,157,32,5495.5439,-4849.6802,4207.0
99,157,32,4163.728,-4810.96,4717.8501
97,157,32,2913.6479,-4702.5439,4850.0703
95,157,32,1866.7061,-4539.9199,4709.436
93,157,32,1042.134,-4336.6401,4414.9463
91,157,32,419.498,-4108.1919,4054.3462
89,157,32,-39.666,-3870.064,3687.7361
87,157,32,-378.63,-3628.064,3329.54
85,157,32,-623.838,-3388.0,3000.1921
83,157,32,-799.33,-3157.616,2698.49
81,157,32,-924.338,-2936.9119,2430.4441
79,157,32,-1008.478,-2727.824,2188.842
79,159,32,-808.946,-2708.4639,2013.3501
81,159,32,-712.786,-2907.8721,2220.094
83,159,32,-578.162,-3122.7681,2455.686
85,159,32,-394.256,-3347.344,2717.7222
87,159,32,-143.038,-3577.728,3006.2021
89,159,32,195.926,-3811.9839,3319.9241
91,159,32,644.272,-4040.4319,3636.05
93,159,32,1248.8781,-4261.1357,3946.166
95,159,32,2037.39,-4454.7358,4188.9702
97,159,32,3038.656,-4609.6162,4287.5342
99,159,32,4217.8179,-4708.3521,4124.062
101,159,32,5483.5239,-4739.3281,3603.5959
103,159,32,6704.7563,-4698.6719,2672.0461
105,159,32,7736.0723,-4580.5762,1363.068
107,159,32,8470.4941,-4398.5918,-246.41
109,159,32,8833.498,-4154.6558,-2093.884
111,159,32,8750.5605,-3868.1279,-4060.356
113,159,32,8141.146,-3546.752,-6072.5039
115,159,32,6952.3682,-3213.76,-7917.5742
117,159,32,5203.458,-2878.832,-9350.3584
119,159,32,3111.978,-2561.3279,-10110.0225
121,159,32,998.862,-2268.9919,-10119.6387
123,159,32,-857.026,-1999.8879,-9507.8203
125,159,32,-2297.022,-1752.08,-8501.7461
127,159,32,-3313.9141,-1521.696,-7337.0083
129,159,32,-3999.054,-1300.9919,-6147.0283
131,159,32,-4438.9858,-1089.968,-5009.936
133,159,32,-4714.2441,-875.072,-3932.9441
135,159,32,-4874.1099,-665.984,-2930.4761
137,159,32,-4957.0479,-451.088,-1985.704
139,159,32,-4988.3003,-238.128,-1093.8201
141,159,32,-4982.29,-23.232,-228.38
143,159,32,-4945.0283,195.536,632.252
145,159,32,-4871.7061,416.24,1508.51
147,159,32,-4751.5059,636.944,2400.394
149,159,32,-4566.3979,861.52,3331.9441
151,159,32,-4285.1299,1091.9041,4305.564
153,159,32,-3863.228,1331.968,5334.4761
155,159,32,-3233.3801,1587.52,6395.8423
157,159,32,-2330.678,1864.368,7429.562
159,159,32,-1083.0021,2168.3201,8332.2637
161,159,32,507.244,2499.376,8915.2344
163,159,32,2372.748,2865.28,8981.3438
165,159,32,4259.8882,3244.7361,8391.1621
167,159,32,5874.1743,3622.2559,7198.7783
169,159,32,7018.478,3964.928,5594.1079
171,159,32,7641.1143,4268.8799,3810.3401
173,159,32,7782.9502,4520.5601,2009.744
175,159,32,7510.0962,4718.0317,322.136
177,159,32,6886.2583,4845.8081,-1165.9401
179,159,32,5985.96,4901.9521,-2387.1721
181,159,32,4905.3623,4884.5278,-3271.844
183,159,32,3747.8362,4793.5361,-3799.522
185,159,32,2654.0161,4638.6558,-3987.0342
187,159,32,1720.062,4441.1841,-3920.9241
189,159,32,979.63,4218.5439,-3706.968
191,159,32,414.69,3980.416,-3423.2961
193,159,32,-7.212,3736.48,-3121.594
195,159,32,-320.934,3496.416,-2822.2961
197,159,32,-548.112,3264.0959,-2545.8359
199,159,32,-711.584,3039.52,-2291.012
201,159,32,-826.976,2832.3679,-2065.0361
203,159,32,-907.51,2631.0239,-1860.696
205,159,32,-961.6,2443.2319,-1680.396
205,161,32,-784.906,2421.936,-1533.7521
203,161,32,-721.2,2603.9199,-1690.0121
201,161,32,-631.05,2795.584,-1865.504
199,161,32,-504.84,2998.864,-2062.6321
197,161,32,-334.156,3211.824,-2280.1941
195,161,32,-100.968,3436.3999,-2519.3921
193,161,32,211.552,3666.7839,-2775.418
191,161,32,631.05,3899.104,-3033.8481
189,161,32,1175.556,4125.6162,-3267.0361
187,161,32,1889.5441,4336.6401,-3430.5081
185,161,32,2776.6201,4522.4961,-3449.74
183,161,32,3809.1382,4659.9521,-3228.572
181,161,32,4894.5439,4735.4561,-2694.884
179,161,32,5911.436,4739.3281,-1817.4241
177,161,32,6749.23,4667.6958,-623.838
175,161,32,7320.1802,4522.4961,831.784
173,161,32,7548.5601,4307.6001,2466.5042
171,161,32,7370.6641,4028.8159,4215.4141
169,161,32,6726.3921,3701.6321,5931.8701
167,161,32,5570.0679,3333.792,7478.8442
165,161,32,3959.3882,2946.592,8618.3398
163,161,32,2090.2781,2563.2639,9153.2305
161,161,32,245.208,2203.168,9046.252
159,161,32,-1330.614,1881.792,8434.4346
157,161,32,-2555.4521,1597.2,7520.9141
155,161,32,-3447.3362,1347.4559,6476.376
153,161,32,-4067.5681,1122.88,5407.7983
151,161,32,-4487.0659,915.728,4376.4819
149,161,32,-4767.1323,722.128,3398.054
147,161,32,-4951.0381,536.272,2462.8979
145,161,32,-5070.0361,352.352,1565.004
143,161,32,-5143.3579,172.304,693.554
141,161,32,-5183.0239,-5.808,-171.886
139,161,32,-5189.0342,-180.048,-1036.124
137,161,32,-5160.186,-354.288,-1935.2201
135,161,32,-5080.854,-528.528,-2875.1841
133,161,32,-4928.2002,-704.704,-3884.864
131,161,32,-4664.9619,-880.88,-4957.0479
129,161,32,-4241.8579,-1060.928,-6095.3423
127,161,32,-3578.354,-1250.656,-7290.1304
125,161,32,-2579.4919,-1457.808,-8482.5137
123,161,32,-1183.97,-1684.3199,-9513.8301
121,161,32,629.848,-1937.936,-10176.1318
119,161,32,2703.2981,-2226.3999,-10242.2422
117,161,32,4785.1621,-2549.7119,-9571.5264
115,161,32,6518.4463,-2898.1919,-8249.3262
113,161,32,7742.082,-3256.3521,-6494.4062
111,161,32,8401.9805,-3599.0239,-4566.3979
109,161,32,8547.4219,-3908.7839,-2660.0261
107,161,32,8258.9424,-4174.0161,-873.854
105,161,32,7605.0542,-4379.2319,707.978
103,161,32,6666.292,-4518.624,2001.3301
101,161,32,5525.5942,-4578.6401,2943.698
99,161,32,4335.6143,-4567.0239,3501.426
97,161,32,3206.936,-4481.8398,3715.3821
95,161,32,2248.9421,-4342.4478,3679.322
93,161,32,1480.864,-4160.4639,3495.416
91,161,32,888.278,-3955.248,3245.4001
89,161,32,439.932,-3734.5439,2977.354
87,161,32,98.564,-3511.9041,2712.9141
85,161,32,-162.27,-3289.2639,2461.696
83,161,32,-358.196,-3072.4319,2230.9121
81,161,32,-503.638,-2865.28,2021.764
79,161,32,-610.616,-2671.6799,1833.05
79,163,32,-425.508,-2621.344,1662.3661
81,163,32,-307.712,-2807.2,1819.828
83,163,32,-152.654,-3002.7361,1997.724
85,163,32,49.282,-3209.8879,2193.6501
87,163,32,312.52,-3420.9119,2405.2021
89,163,32,652.686,-3631.936,2628.7742
91,163,32,1091.416,-3835.2161,2848.74
93,163,32,1663.568,-4026.8799,3048.272
95,163,32,2393.1821,-4191.4399,3179.29
97,163,32,3304.2981,-4319.2158,3174.4822
99,163,32,4362.0581,-4386.9761,2931.678
101,163,32,5482.3223,-4386.9761,2360.728
103,163,32,6540.082,-4311.4722,1431.582
105,163,32,7412.7344,-4154.6558,168.28
107,163,32,8001.7144,-3930.0801,-1353.452
109,163,32,8242.1143,-3637.7439,-3079.5242
111,163,32,8066.6221,-3304.752,-4902.958
113,163,32,7394.7041,-2942.72,-6752.8359
115,163,32,6181.8862,-2572.9441,-8417.6064
117,163,32,4457.0161,-2216.72,-9674.8984
119,163,32,2418.4241,-1893.408,-10295.1299
121,163,32,371.418,-1612.688,-10203.7783
123,163,32,-1406.34,-1372.624,-9524.6484
125,163,32,-2776.6201,-1169.344,-8490.9277
127,163,32,-3746.634,-995.104,-7306.958
129,163,32,-4400.522,-836.352,-6107.3623
131,163,32,-4818.8179,-693.088,-4972.6743
133,163,32,-5083.2583,-555.632,-3899.2881
135,163,32,-5235.9121,-420.112,-2900.426
137,163,32,-5314.042,-284.592,-1960.462
139,163,32,-5344.0923,-149.072,-1067.376
141,163,32,-5339.2842,-11.616,-200.734
143,163,32,-5304.4263,127.776,658.696
145,163,32,-5234.71,271.04,1534.954
147,163,32,-5121.7222,416.24,2428.04
149,163,32,-4945.0283,567.248,3360.792
151,163,32,-4678.1841,727.936,4338.0181
153,163,32,-4277.918,900.24,5369.334
155,163,32,-3682.928,1093.84,6442.7202
157,163,32,-2825.9021,1316.48,7498.0762
159,163,32,-1639.5281,1575.9039,8442.8486
161,163,32,-109.382,1879.856,9105.1504
163,163,32,1696.022,2232.208,9283.0459
165,163,32,3544.698,2617.4719,8840.71
167,163,32,5166.1963,3018.2239,7804.5859
169,163,32,6359.7822,3401.552,6354.9741
171,163,32,7058.144,3748.0959,4707.0322
173,163,32,7299.7461,4042.3679,3025.4341
175,163,32,7138.6782,4278.5601,1424.37
177,163,32,6644.6562,4441.1841,1.202
179,163,32,5881.3862,4526.3682,-1185.172
181,163,32,4945.0283,4539.9199,-2073.45
183,163,32,3926.9341,4481.8398,-2644.4001
185,163,32,2950.9102,4363.7441,-2916.052
187,163,32,2093.884,4201.1201,-2956.9202
189,163,32,1402.734,4007.52,-2851.144
191,163,32,861.834,3798.4319,-2670.844
193,163,32,445.942,3581.6001,-2462.8979
195,163,32,127.412,3362.832,-2250.144
197,163,32,-111.786,3151.8079,-2047.006
199,163,32,-293.288,2944.656,-1854.686
201,163,32,-429.114,2749.1199,-1685.204
203,163,32,-531.284,2563.2639,-1526.54
205,163,32,-607.01,2385.1521,-1384.704
205,165,32,-441.134,2338.688,-1245.272
203,165,32,-356.994,2507.1199,-1361.866
201,165,32,-246.41,2683.2959,-1491.682
199,165,32,-102.17,2871.0879,-1637.124
197,165,32,84.14,3064.688,-1796.99
195,165,32,326.944,3266.032,-1964.068
193,165,32,640.666,3467.376,-2139.5601
191,165,32,1046.942,3670.656,-2306.6379
189,165,32,1568.61,3862.3201,-2443.666
187,165,32,2233.3162,4034.624,-2506.1702
185,165,32,3038.656,4175.9521,-2429.2419
183,165,32,3960.5901,4272.752,-2133.55
181,165,32,4912.5742,4313.4082,-1552.984
179,165,32,5787.6299,4288.2397,-665.908
177,165,32,6484.79,4185.6318,500.032
175,165,32,6919.9141,4007.52,1894.3521
173,165,32,7028.0942,3757.7759,3440.124
171,165,32,6746.8262,3442.208,5062.8242
169,165,32,6028.0303,3082.1121,6637.4443
167,165,32,4834.4438,2689.104,8016.1382
165,165,32,3235.7842,2290.2881,8978.9404
163,165,32,1417.1581,1912.7679,9362.3779
161,165,32,-347.378,1573.968,9150.8262
159,165,32,-1846.272,1287.4399,8466.8877
157,165,32,-3005.0,1053.184,7513.7021
155,165,32,-3842.7942,859.584,6454.7402
153,165,32,-4422.1582,696.96,5387.3643
151,165,32,-4814.0103,557.568,4360.856
149,165,32,-5074.8442,433.664,3389.6401
147,165,32,-5245.5283,317.504,2464.1001
145,165,32,-5358.5161,209.088,1572.2161
143,165,32,-5428.2319,104.544,707.978
141,165,32,-5464.292,1.936,-146.644
139,165,32,-5469.1001,-98.736,-1003.67
137,165,32,-5440.252,-197.472,-1895.5541
135,165,32,-5366.9302,-296.208,-2822.2961
133,165,32,-5223.8921,-396.88,-3810.3401
131,165,32,-4975.0781,-501.424,-4869.3022
129,165,32,-4573.6099,-613.712,-6000.3843
127,165,32,-3952.176,-739.552,-7186.7583
125,165,32,-3014.616,-886.688,-8375.5361
123,165,32,-1693.618,-1062.864,-9432.0938
121,165,32,34.858,-1281.632,-10154.4961
119,165,32,2014.552,-1546.864,-10320.3721
117,165,32,4019.488,-1864.368,-9792.6943
115,165,32,5727.5303,-2222.5281,-8644.7842
113,165,32,6961.9839,-2601.9839,-7076.1743
111,165,32,7671.1641,-2977.5679,-5332.0723
109,165,32,7905.5542,-3326.0481,-3577.1521
107,165,32,7738.4761,-3628.064,-1921.998
105,165,32,7231.2319,-3875.8721,-439.932
103,165,32,6451.1343,-4052.0481,802.936
101,165,32,5472.7061,-4150.7842,1742.9
99,165,32,4431.7739,-4174.0161,2340.2939
97,165,32,3431.71,-4125.6162,2629.9761
95,165,32,2568.6741,-4019.136,2693.6821
93,165,32,1866.7061,-3872.0,2619.158
91,165,32,1307.776,-3697.76,2472.5142
89,165,32,871.45,-3509.968,2300.6279
87,165,32,528.88,-3312.4961,2120.3281
85,165,32,259.632,-3115.0239,1943.634
83,165,32,50.484,-2919.488,1778.9601
81,165,32,-114.19,-2731.696,1625.104
79,165,32,-242.804,-2555.52,1486.874
79,167,32,-73.322,-2480.0159,1328.2101
81,167,32,61.302,-2644.5759,1439.996
83,167,32,231.986,-2818.8159,1563.802
85,167,32,447.144,-2998.864,1697.224
87,167,32,716.392,-3180.8479,1835.454
89,167,32,1055.3561,-3360.896,1977.29
91,167,32,1477.2581,-3531.2639,2107.106
93,167,32,2012.1481,-3686.144,2205.6699
95,167,32,2680.46,-3810.0481,2234.5181
97,167,32,3494.2141,-3897.168,2133.55
99,167,32,4422.1582,-3926.208,1817.4241
101,167,32,5392.1719,-3885.552,1210.4141
103,167,32,6286.46,-3769.3921,294.49
105,167,32,6998.0439,-3577.728,-908.712
107,167,32,7442.7842,-3316.3679,-2329.4761
109,167,32,7566.5903,-2991.1199,-3914.9141
111,167,32,7305.7563,-2631.0239,-5576.0781
113,167,32,6584.5562,-2245.76,-7233.6362
115,167,32,5374.1421,-1866.304,-8708.4902
117,167,32,3696.1501,-1510.08,-9790.29
119,167,32,1747.708,-1202.256,-10262.6758
121,167,32,-191.118,-954.448,-10078.7705
123,167,32,-1864.302,-758.912,-9356.3682
125,167,32,-3154.0481,-609.84,-8303.416
127,167,32,-4063.9622,-493.68,-7123.0522
129,167,32,-4672.1743,-400.752,-5949.8999
131,167,32,-5060.4199,-327.184,-4845.2622
133,167,32,-5305.6279,-261.36,-3794.7141
135,167,32,-5448.666,-195.536,-2819.8921
137,167,32,-5524.3921,-133.584,-1900.3621
139,167,32,-5554.4419,-71.632,-1027.71
141,167,32,-5549.6343,-5.808,-177.896
143,167,32,-5517.1802,60.016,663.504
145,167,32,-5452.272,131.648,1524.136
147,167,32,-5346.4961,207.152,2401.5959
149,167,32,-5184.2261,286.528,3316.3181
151,167,32,-4937.8159,377.52,4273.1099
153,167,32,-4567.6001,482.064,5294.8101
155,167,32,-4015.8821,611.776,6358.5801
157,167,32,-3216.552,774.4,7423.5522
159,167,32,-2109.51,981.552,8389.96
161,167,32,-670.716,1244.848,9111.1602
163,167,32,1038.5281,1562.3521,9392.4277
165,167,32,2821.094,1932.1279,9100.3418
167,167,32,4422.1582,2329.0081,8236.1045
169,167,32,5638.582,2727.824,6961.9839
171,167,32,6401.8521,3099.5359,5476.312
173,167,32,6742.0181,3428.656,3923.3281
175,167,32,6704.7563,3697.76,2422.03
177,167,32,6350.166,3897.168,1063.77
179,167,32,5734.7422,4021.072,-100.968
181,167,32,4935.4121,4067.5359,-1001.266
183,167,32,4044.73,4046.24,-1615.488
185,167,32,3170.876,3972.6719,-1954.452
187,167,32,2396.7881,3850.7039,-2074.6521
189,167,32,1757.324,3699.696,-2057.824
191,167,32,1248.8781,3527.3921,-1966.472
193,167,32,848.612,3345.408,-1841.464
195,167,32,531.284,3157.616,-1704.436
197,167,32,284.874,2969.824,-1567.4081
199,167,32,88.948,2785.9041,-1436.39
201,167,32,-62.504,2609.728,-1316.1901
203,167,32,-183.906,2441.2959,-1203.202
205,167,32,-278.864,2280.6079,-1101.032
205,169,32,-128.614,2212.8479,-968.812
203,169,32,-27.646,2361.9199,-1049.3461
201,169,32,99.766,2518.7361,-1138.2941
199,169,32,258.43,2685.2319,-1235.656
197,169,32,453.154,2853.6641,-1337.826
195,169,32,700.766,3027.9041,-1443.6021
193,169,32,1010.882,3202.144,-1548.176
191,169,32,1401.532,3368.6399,-1639.5281
189,169,32,1885.938,3523.52,-1693.618
187,169,32,2494.1501,3659.04,-1675.588
185,169,32,3223.7642,3759.7119,-1526.54
183,169,32,4043.5281,3819.728,-1170.748
181,169,32,4872.9082,3819.728,-548.112
179,169,32,5609.7339,3751.968,349.782
177,169,32,6160.25,3604.832,1490.48
175,169,32,6454.7402,3382.1919,2813.8821
173,169,32,6442.7202,3091.792,4256.2822
171,169,32,6071.3022,2747.1841,5734.7422
169,169,32,5298.416,2367.728,7141.082
167,169,32,4092.8101,1970.848,8339.4766
165,169,32,2531.4121,1583.6479,9129.1904
163,169,32,789.714,1231.296,9373.1963
161,169,32,-869.046,933.152,9061.8779
159,169,32,-2265.77,696.96,8333.4658
157,169,32,-3339.156,518.848,7363.4521
155,169,32,-4109.6382,389.136,6311.7021
153,169,32,-4646.9321,292.336,5258.75
151,169,32,-5007.5322,218.768,4255.0801
149,169,32,-5247.9321,160.688,3311.51
147,169,32,-5404.1919,112.288,2412.4141
145,169,32,-5506.3623,71.632,1544.5701
143,169,32,-5570.0679,36.784,704.372
141,169,32,-5602.522,3.872,-128.614
139,169,32,-5608.5322,-29.04,-957.994
137,169,32,-5579.6841,-58.08,-1818.626
135,169,32,-5509.9683,-87.12,-2717.7222
133,169,32,-5374.1421,-120.032,-3678.1201
131,169,32,-5143.3579,-156.816,-4701.022
129,169,32,-4776.748,-201.344,-5787.6299
127,169,32,-4202.1919,-259.424,-6942.752
125,169,32,-3333.146,-344.608,-8107.4902
123,169,32,-2105.9041,-462.704,-9162.8457
121,169,32,-490.416,-631.136,-9922.5098
119,169,32,1370.28,-857.648,-10165.3145
117,169,32,3280.2581,-1149.984,-9780.6738
115,169,32,4923.3921,-1492.656,-8809.458
113,169,32,6143.4219,-1875.984,-7436.7739
111,169,32,6887.46,-2261.248,-5881.3862
109,169,32,7199.98,-2632.96,-4303.1602
107,169,32,7144.688,-2962.0801,-2789.842
105,169,32,6773.27,-3244.7361,-1409.946
103,169,32,6145.8262,-3455.76,-237.996
101,169,32,5330.8701,-3597.0879,681.534
99,169,32,4447.3999,-3659.04,1299.3621
97,169,32,3577.1521,-3655.168,1655.1541
95,169,32,2810.2761,-3591.28,1803.0
93,169,32,2169.6101,-3488.6719,1819.828
91,169,32,1651.548,-3353.1521,1763.334
89,169,32,1238.0601,-3204.0801,1675.588
87,169,32,902.702,-3043.3921,1572.2161
85,169,32,631.05,-2874.96,1464.036
83,169,32,411.084,-2708.4639,1358.26
81,169,32,233.188,-2547.7759,1258.494
79,169,32,90.15,-2392.896,1163.536
79,171,32,235.592,-2299.968,1021.7
81,171,32,382.236,-2441.2959,1093.8201
83,171,32,563.738,-2588.4319,1169.546
85,171,32,784.906,-2735.5679,1246.474
87,171,32,1051.75,-2884.6399,1324.604
89,171,32,1381.098,-3029.8401,1396.724
91,171,32,1777.7581,-3157.616,1448.41
93,171,32,2271.78,-3269.9041,1466.4401
95,171,32,2873.9819,-3351.2161,1413.552
97,171,32,3589.1721,-3389.936,1238.0601
99,171,32,4389.7041,-3372.512,869.046
101,171,32,5208.2661,-3289.2639,252.42
103,171,32,5947.4961,-3132.448,-637.06
105,171,32,6511.2339,-2904.0,-1766.9401
107,171,32,6826.1582,-2611.6641,-3074.7161
109,171,32,6845.3901,-2267.0559,-4512.3081
111,171,32,6513.6382,-1895.344,-5995.5762
113,171,32,5768.3979,-1508.144,-7465.6221
115,171,32,4583.2261,-1138.368,-8743.3486
117,171,32,2978.5562,-801.504,-9653.2617
119,171,32,1143.1021,-528.528,-10000.6406
121,171,32,-659.898,-325.248,-9744.6143
123,171,32,-2216.488,-183.92,-8995.7686
125,171,32,-3410.074,-92.928,-7954.8359
127,171,32,-4241.8579,-40.656,-6824.9561
129,171,32,-4801.9902,-13.552,-5693.874
131,171,32,-5162.5903,-3.872,-4631.3062
133,171,32,-5387.3643,0.0,-3628.8381
135,171,32,-5520.7861,-1.936,-2694.884
137,171,32,-5592.9062,-5.808,-1813.818
139,171,32,-5621.7539,-5.808,-974.822
141,171,32,-5619.3501,-5.808,-158.664
143,171,32,-5590.502,-3.872,651.484
145,171,32,-5531.604,1.936,1479.662
147,171,32,-5434.2422,11.616,2327.072
149,171,32,-5286.396,27.104,3209.3401
151,171,32,-5062.8242,54.208,4131.2739
153,171,32,-4722.6582,94.864,5124.126
155,171,32,-4217.8179,158.752,6156.644
157,171,32,-3489.406,257.488,7197.5762
159,171,32,-2473.7161,402.688,8168.792
161,171,32,-1144.3041,607.904,8921.2441
163,171,32,460.366,880.88,9293.8643
165,171,32,2149.176,1215.808,9131.5938
167,171,32,3694.948,1589.4559,8433.2324
169,171,32,4905.3623,1984.4,7337.0083
171,171,32,5704.6919,2365.792,6031.6362
173,171,32,6122.9883,2720.0801,4632.5083
175,171,32,6197.5122,3029.8401,3257.4202
177,171,32,5979.9502,3277.6479,1980.896
179,171,32,5507.564,3451.8879,857.026
181,171,32,4851.272,3548.688,-43.272
183,171,32,4084.396,3573.856,-698.362
185,171,32,3316.3181,3535.136,-1092.618
187,171,32,2622.7642,3453.824,-1284.938
189,171,32,2037.39,3337.6641,-1343.8361
191,171,32,1563.802,3200.208,-1329.412
193,171,32,1181.566,3049.2,-1276.524
195,171,32,871.45,2890.448,-1205.6061
197,171,32,623.838,2731.696,-1127.4761
199,171,32,421.902,2574.8799,-1050.548
201,171,32,258.43,2423.8721,-976.024
203,171,32,123.806,2276.7361,-903.904
205,171,32,14.424,2135.408,-838.996
205,173,32,145.442,2048.2881,-717.594
203,173,32,259.632,2178.0,-765.674
201,173,32,397.862,2313.52,-816.158
199,173,32,563.738,2450.9761,-869.046
197,173,32,765.674,2594.24,-921.934
195,173,32,1010.882,2739.4399,-972.418
193,173,32,1312.584,2880.7681,-1013.286
191,173,32,1684.0021,3016.2881,-1034.922
189,173,32,2133.55,3134.384,-1016.892
187,173,32,2687.6721,3233.1199,-923.136
185,173,32,3333.146,3297.0081,-704.372
183,173,32,4045.9321,3310.5601,-289.682
181,173,32,4745.4961,3262.1599,361.802
179,173,32,5336.8799,3138.2561,1246.474
177,173,32,5746.7622,2938.8479,2330.678
175,173,32,5912.6382,2671.6799,3551.9102
173,173,32,5799.6499,2348.3679,4852.4741
171,173,32,5363.3242,1986.3359,6168.6641
169,173,32,4565.1963,1603.0079,7394.7041
167,173,32,3383.6301,1217.744,8416.4043
165,173,32,1883.5341,857.648,9046.252
163,173,32,250.016,545.952,9168.8564
161,173,32,-1290.948,302.016,8783.0146
159,173,32,-2571.0781,127.776,8032.9663
157,173,32,-3550.708,21.296,7067.7603
155,173,32,-4252.6763,-46.464,6052.0703
153,173,32,-4741.8901,-81.312,5037.582
151,173,32,-5076.0459,-90.992,4075.9822
149,173,32,-5294.8101,-89.056,3169.6741
147,173,32,-5439.0503,-75.504,2309.042
145,173,32,-5535.21,-54.208,1482.066
143,173,32,-5594.1079,-30.976,680.332
141,173,32,-5622.9561,-5.808,-109.382
139,173,32,-5626.562,23.232,-902.702
137,173,32,-5597.7139,54.208,-1722.4661
135,173,32,-5530.4023,83.248,-2578.29
133,173,32,-5404.1919,114.224,-3484.5981
131,173,32,-5192.6401,139.392,-4454.6123
129,173,32,-4851.272,156.816,-5489.5342
127,173,32,-4321.1899,162.624,-6580.9502
125,173,32,-3523.062,145.2,-7696.4062
123,173,32,-2401.5959,85.184,-8716.9043
121,173,32,-913.52,-27.104,-9486.1846
119,173,32,810.148,-205.216,-9790.29
117,173,32,2591.512,-456.896,-9521.042
115,173,32,4150.5059,-772.464,-8720.5098
113,173,32,5333.2739,-1136.432,-7535.3384
111,173,32,6092.938,-1519.76,-6172.27
109,173,32,6461.9521,-1893.408,-4768.334
107,173,32,6499.2144,-2239.9519,-3404.064
105,173,32,6250.3999,-2543.9041,-2146.772
103,173,32,5765.9941,-2789.7759,-1056.558
101,173,32,5104.894,-2969.824,-183.906
99,173,32,4364.4619,-3078.24,438.73
97,173,32,3621.626,-3120.832,832.986
95,173,32,2952.1121,-3105.344,1039.73
93,173,32,2383.5662,-3047.2639,1129.88
91,173,32,1911.1801,-2958.208,1149.1121
89,173,32,1524.136,-2847.856,1129.88
87,173,32,1202.0,-2723.9519,1090.214
85,173,32,936.358,-2592.304,1038.5281
83,173,32,715.19,-2458.72,984.438
81,173,32,530.082,-2325.136,927.944
79,173,32,376.226,-2195.4241,872.652
79,175,32,497.628,-2085.072,744.038
81,175,32,653.888,-2201.2319,782.502
83,175,32,838.996,-2319.3279,818.562
85,175,32,1057.76,-2437.4241,849.814
87,175,32,1317.392,-2549.7119,876.258
89,175,32,1628.7101,-2656.1919,889.48
91,175,32,1995.3201,-2745.248,882.268
93,175,32,2440.0601,-2814.9441,835.39
95,175,32,2966.5361,-2851.728,723.604
97,175,32,3583.1621,-2842.0481,497.628
99,175,32,4261.0898,-2780.0959,104.574
101,175,32,4939.0181,-2654.2561,-502.436
103,175,32,5531.604,-2456.7839,-1340.23
105,175,32,5959.5161,-2197.3601,-2378.7581
107,175,32,6161.4521,-1887.6,-3559.1221
109,175,32,6092.938,-1531.376,-4847.666
111,175,32,5713.106,-1161.6,-6160.25
113,175,32,4965.4619,-786.016,-7437.9761
115,175,32,3823.562,-435.6,-8535.4023
117,175,32,2322.2642,-133.584,-9284.248
119,175,32,621.434,96.8,-9522.2441
121,175,32,-1036.124,251.68,-9216.9365
123,175,32,-2449.676,331.056,-8478.9082
125,175,32,-3531.4761,362.032,-7483.6523
127,175,32,-4289.938,354.288,-6412.6699
129,175,32,-4803.1919,319.44,-5350.1021
131,175,32,-5137.3481,272.976,-4354.8462
133,175,32,-5346.4961,216.832,-3412.478
135,175,32,-5472.7061,158.752,-2532.614
137,175,32,-5540.0181,100.672,-1703.234
139,175,32,-5571.27,42.592,-911.116
141,175,32,-5567.6641,-13.552,-139.432
143,175,32,-5543.624,-65.824,628.646
145,175,32,-5489.5342,-116.16,1409.946
147,175,32,-5400.5859,-164.56,2214.084
149,175,32,-5264.7603,-207.152,3049.4741
151,175,32,-5060.4199,-240.064,3925.7322
153,175,32,-4751.5059,-261.36,4859.686
155,175,32,-4297.1499,-261.36,5845.3262
157,175,32,-3638.4541,-228.448,6844.188
159,175,32,-2714.116,-149.072,7790.1621
161,175,32,-1500.0961,-7.744,8553.4326
163,175,32,-26.444,203.28,8980.1426
165,175,32,1546.974,487.872,8924.8506
167,175,32,3006.2021,830.544,8381.5459
169,175,32,4176.9502,1202.256,7457.208
171,175,32,4985.896,1581.712,6335.7422
173,175,32,5455.8779,1945.6799,5110.9043
175,175,32,5618.1479,2280.6079,3882.46
177,175,32,5514.7759,2565.2,2723.7319
179,175,32,5179.418,2787.8401,1675.588
181,175,32,4668.5679,2936.9119,805.34
183,175,32,4038.72,3016.2881,139.432
185,175,32,3384.832,3029.8401,-304.106
187,175,32,2773.0142,2991.1199,-566.142
189,175,32,2248.9421,2915.616,-698.362
191,175,32,1809.01,2818.8159,-753.654
193,175,32,1449.6121,2704.592,-766.876
195,175,32,1151.516,2580.688,-753.654
197,175,32,907.51,2452.9119,-730.816
199,175,32,703.17,2323.2,-699.564
201,175,32,532.486,2197.3601,-665.908
203,175,32,388.246,2075.3921,-631.05
205,175,32,268.046,1955.36,-596.192
205,177,32,377.428,1856.624,-489.214
203,177,32,500.032,1963.104,-509.648
201,177,32,645.474,2073.4561,-527.678
199,177,32,816.158,2185.7439,-543.304
197,177,32,1018.094,2299.968,-554.122
195,177,32,1258.494,2410.3201,-556.526
193,177,32,1546.974,2514.864,-542.102
191,177,32,1893.15,2611.6641,-502.436
189,177,32,2304.2341,2691.04,-420.7
187,177,32,2797.054,2743.312,-260.834
185,177,32,3358.3879,2756.864,18.03
183,177,32,3955.782,2718.144,471.184
181,177,32,4519.52,2613.6001,1123.87
179,177,32,4969.0679,2441.2959,1962.8661
177,177,32,5247.9321,2199.2959,2958.1221
175,177,32,5308.0322,1901.152,4051.9421
173,177,32,5119.3179,1560.416,5198.6499
171,177,32,4644.5283,1192.576,6339.3481
169,177,32,3853.6121,818.928,7387.4922
167,177,32,2721.3281,462.704,8234.9023
165,177,32,1324.604,145.2,8724.1162
163,177,32,-180.3,-110.352,8748.1563
161,177,32,-1590.246,-292.336,8322.6484
159,177,32,-2751.3779,-398.816,7577.4082
157,177,32,-3633.646,-437.536,6653.0703
155,177,32,-4270.7061,-439.472,5685.46
153,177,32,-4711.8398,-410.432,4734.6782
151,177,32,-5011.1382,-362.032,3834.3801
149,177,32,-5211.8721,-302.016,2985.7681
147,177,32,-5350.1021,-240.064,2180.428
145,177,32,-5436.646,-166.496,1402.734
143,177,32,-5490.7363,-92.928,649.08
141,177,32,-5518.3823,-15.488,-94.958
139,177,32,-5518.3823,61.952,-838.996
137,177,32,-5490.7363,143.264,-1603.468
135,177,32,-5424.626,224.576,-2401.5959
133,177,32,-5305.6279,305.888,-3250.208
131,177,32,-5107.2979,385.264,-4154.1123
129,177,32,-4792.374,456.896,-5112.106
127,177,32,-4309.1699,518.848,-6131.4023
125,177,32,-3581.96,557.568,-7169.9302
123,177,32,-2566.27,555.632,-8132.7319
121,177,32,-1221.2321,501.424,-8883.9824
119,177,32,346.176,377.52,-9218.1377
117,177,32,1979.6941,170.368,-9042.6465
115,177,32,3431.71,-110.352,-8386.3545
113,177,32,4557.9839,-445.28,-7382.6841
111,177,32,5309.2339,-813.12,-6197.5122
109,177,32,5716.7119,-1182.896,-4965.4619
107,177,32,5823.6899,-1539.12,-3757.4521
105,177,32,5674.6421,-1858.5599,-2634.7839
103,177,32,5314.042,-2129.6001,-1644.3361
101,177,32,4788.7681,-2344.4961,-832.986
99,177,32,4181.7583,-2491.6321,-233.188
97,177,32,3563.9302,-2574.8799,167.078
95,177,32,2994.1821,-2601.9839,412.286
93,177,32,2502.564,-2586.4961,550.516
91,177,32,2084.2681,-2536.1599,623.838
89,177,32,1733.2841,-2464.5281,658.696
87,177,32,1432.7841,-2377.408,669.514
85,177,32,1177.96,-2280.6079,665.908
83,177,32,960.398,-2176.064,652.686
81,177,32,772.886,-2071.52,634.656
79,177,32,614.222,-1966.976,611.818
79,179,32,711.584,-1848.88,500.032
81,179,32,870.248,-1937.936,508.446
83,179,32,1054.1541,-2028.928,510.85
85,179,32,1268.11,-2116.0481,507.244
87,179,32,1514.52,-2197.3601,491.618
89,179,32,1801.798,-2268.9919,459.164
91,179,32,2129.9441,-2323.2,403.872
93,179,32,2518.1899,-2354.176,310.116
95,179,32,2970.1421,-2356.1121,157.462
97,179,32,3487.002,-2309.6479,-93.756
99,179,32,4042.3262,-2212.8479,-485.608
101,179,32,4589.2358,-2052.1599,-1058.962
103,179,32,5052.0059,-1829.52,-1822.2321
105,179,32,5362.1221,-1548.8,-2751.3779
107,179,32,5472.7061,-1221.616,-3795.916
109,179,32,5344.0923,-865.392,-4924.5942
111,179,32,4941.4219,-497.552,-6064.0903
113,179,32,4213.0103,-141.328,-7168.728
115,179,32,3139.624,181.984,-8101.48
117,179,32,1754.92,445.28,-8712.0957
119,179,32,210.35,629.2,-8863.5479
121,179,32,-1282.5341,729.872,-8540.21
123,179,32,-2557.856,756.976,-7833.4341
125,179,32,-3533.8801,729.872,-6910.2983
127,179,32,-4222.626,669.856,-5923.4561
129,179,32,-4690.2041,582.736,-4946.23
131,179,32,-4996.7139,485.936,-4026.7002
133,179,32,-5195.0439,385.264,-3157.6541
135,179,32,-5315.2441,278.784,-2346.304
137,179,32,-5383.7583,176.176,-1575.822
139,179,32,-5413.8081,75.504,-838.996
141,179,32,-5416.2119,-25.168,-123.806
143,179,32,-5393.374,-123.904,592.586
145,179,32,-5341.688,-220.704,1323.402
147,179,32,-5258.75,-315.568,2068.6421
149,179,32,-5132.54,-404.624,2845.134
151,179,32,-4943.8262,-489.808,3655.282
153,179,32,-4661.356,-561.44,4524.3281
155,179,32,-4249.0703,-621.456,5437.8481
157,179,32,-3652.8782,-650.496,6373.0039
159,179,32,-2822.2961,-638.88,7267.292
161,179,32,-1727.274,-567.248,8006.522
163,179,32,-397.862,-423.984,8452.4639
165,179,32,1037.326,-201.344,8476.5039
167,179,32,2377.5562,89.056,8065.4199
169,179,32,3477.386,429.792,7311.7661
171,179,32,4265.8979,791.824,6358.5801
173,179,32,4761.1221,1157.728,5309.2339
175,179,32,4985.896,1504.272,4239.4541
177,179,32,4976.2803,1814.032,3215.3501
179,179,32,4763.5259,2069.584,2272.9819
181,179,32,4386.0981,2268.9919,1464.036
183,179,32,3890.874,2398.7041,813.754
185,179,32,3349.9741,2466.4639,347.378
187,179,32,2831.9121,2480.0159,42.07
189,179,32,2371.5461,2452.9119,-145.442
191,179,32,1979.6941,2396.7681,-258.43
193,179,32,1647.942,2321.2639,-326.944
195,179,32,1365.472,2234.144,-365.408
197,179,32,1128.678,2141.2161,-385.842
199,179,32,925.54,2042.48,-394.256
201,179,32,753.654,1945.6799,-393.054
203,179,32,605.808,1846.944,-389.448
205,179,32,478.396,1752.08,-381.034
205,181,32,566.142,1645.6,-290.884
203,181,32,692.352,1728.848,-286.076
201,181,32,840.198,1812.0959,-278.864
199,181,32,1010.882,1897.28,-263.238
197,181,32,1206.808,1978.592,-237.996
195,181,32,1437.592,2056.032,-199.532
193,181,32,1705.6381,2127.6641,-141.836
191,181,32,2021.764,2183.8081,-55.292
189,181,32,2384.7681,2216.72,76.928
187,181,32,2807.8721,2224.4639,281.268
185,181,32,3279.0562,2187.6799,594.99
183,181,32,3761.0581,2096.688,1056.558
181,181,32,4196.1821,1945.6799,1674.386
179,181,32,4517.1162,1730.7839,2442.4641
177,181,32,4684.1938,1457.808,3322.3281
175,181,32,4663.7603,1138.368,4277.918
173,181,32,4424.562,787.952,5263.5581
171,181,32,3936.55,425.92,6238.3799
169,181,32,3179.29,75.504,7109.8301
167,181,32,2135.9541,-243.936,7797.374
165,181,32,865.44,-507.232,8166.3882
163,181,32,-488.012,-696.96,8129.126
161,181,32,-1753.718,-809.248,7696.4062
159,181,32,-2798.2561,-847.968,6990.832
157,181,32,-3593.98,-826.672,6141.0181
155,181,32,-4167.334,-770.528,5249.1343
153,181,32,-4567.6001,-687.28,4376.4819
151,181,32,-4842.8579,-590.48,3548.304
149,181,32,-5027.9663,-485.936,2773.0142
147,181,32,-5154.1763,-375.584,2028.9761
145,181,32,-5237.1143,-263.296,1311.3821
143,181,32,-5288.8003,-147.136,613.02
141,181,32,-5311.6382,-30.976,-74.524
139,181,32,-5309.2339,85.184,-763.27
137,181,32,-5281.5879,207.152,-1472.4501
135,181,32,-5215.478,327.184,-2209.2761
133,181,32,-5097.6821,447.216,-2985.7681
131,181,32,-4910.1699,567.248,-3812.7441
129,181,32,-4619.2861,681.472,-4687.8003
127,181,32,-4176.9502,786.016,-5615.7441
125,181,32,-3524.2642,873.136,-6561.7183
123,181,32,-2609.542,923.472,-7445.188
121,181,32,-1407.542,921.536,-8141.146
119,181,32,0.0,849.904,-8483.7158
117,181,32,1466.4401,693.088,-8375.5361
115,181,32,2782.6301,453.024,-7843.0503
113,181,32,3827.168,143.264,-6998.0439
111,181,32,4545.9639,-207.152,-5990.7681
109,181,32,4965.4619,-571.12,-4936.6143
107,181,32,5125.3281,-929.28,-3893.2781
105,181,32,5061.6221,-1262.272,-2908.8401
103,181,32,4809.2021,-1550.736,-2037.39
101,181,32,4408.936,-1786.928,-1308.978
99,181,32,3930.54,-1955.36,-754.856
97,181,32,3430.5081,-2065.7119,-361.802
95,181,32,2962.9302,-2121.856,-98.564
93,181,32,2545.8359,-2137.344,73.322
91,181,32,2184.0339,-2119.9199,189.916
89,181,32,1870.312,-2079.2639,266.844
87,181,32,1595.0541,-2023.12,318.53
85,181,32,1353.452,-1957.296,352.186
83,181,32,1144.3041,-1881.792,373.822
81,181,32,961.6,-1804.3521,385.842
79,181,32,801.734,-1726.912,389.448
79,183,32,876.258,-1603.0079,295.692
81,183,32,1032.5181,-1668.832,281.268
83,183,32,1211.616,-1732.72,258.43
85,183,32,1414.754,-1792.736,223.572
87,183,32,1645.5381,-1845.0079,175.492
89,183,32,1907.574,-1887.6,108.18
91,183,32,2200.8621,-1914.704,16.828
93,183,32,2537.4221,-1918.576,-115.392
95,183,32,2914.8501,-1893.408,-300.5
97,183,32,3333.146,-1829.52,-567.344
99,183,32,3773.0781,-1715.296,-949.58
101,183,32,4193.7783,-1541.056,-1474.854
103,183,32,4536.3481,-1306.8,-2151.5801
105,183,32,4741.8901,-1016.4,-2956.9202
107,183,32,4777.9502,-685.344,-3859.6221
109,183,32,4603.6602,-329.12,-4816.4141
111,183,32,4194.98,32.912,-5782.8223
113,183,32,3507.436,373.648,-6703.5542
115,183,32,2530.21,669.856,-7477.6421
117,183,32,1292.15,894.432,-7971.6641
119,183,32,-84.14,1033.824,-8072.6323
121,183,32,-1414.754,1082.224,-7755.3042
123,183,32,-2549.4421,1060.928,-7114.6382
125,183,32,-3424.498,987.36,-6285.2583
127,183,32,-4051.9421,882.816,-5395.7783
129,183,32,-4482.2583,760.848,-4513.5103
131,183,32,-4771.9399,629.2,-3685.332
133,183,32,-4959.4521,491.744,-2894.416
135,183,32,-5078.4502,356.224,-2151.5801
137,183,32,-5146.9639,220.704,-1447.208
139,183,32,-5180.6201,87.12,-770.482
141,183,32,-5184.2261,-46.464,-106.978
143,183,32,-5163.792,-176.176,550.516
145,183,32,-5114.5103,-305.888,1220.03
147,183,32,-5036.3799,-433.664,1905.17
149,183,32,-4913.7759,-559.504,2614.3501
151,183,32,-4735.8799,-681.472,3357.186
153,183,32,-4472.6421,-797.632,4148.1021
155,183,32,-4091.6082,-898.304,4975.0781
157,183,32,-3550.708,-981.552,5821.2861
159,183,32,-2803.064,-1029.952,6635.04
161,183,32,-1825.838,-1024.144,7317.7764
163,183,32,-644.272,-950.576,7743.2842
165,183,32,631.05,-795.696,7814.2021
167,183,32,1834.2521,-565.312,7505.2881
169,183,32,2835.5181,-267.168,6895.874
171,183,32,3574.748,69.696,6107.3623
173,183,32,4063.9622,423.984,5235.9121
175,183,32,4325.998,774.4,4335.6143
177,183,32,4387.3003,1099.6479,3455.75
179,183,32,4273.1099,1384.24,2635.9861
181,183,32,4011.074,1616.5599,1911.1801
183,183,32,3640.8582,1790.8,1308.978
185,183,32,3217.7542,1903.088,852.218
187,183,32,2793.448,1961.168,526.476
189,183,32,2406.4041,1976.656,301.702
191,183,32,2065.0361,1963.104,147.846
193,183,32,1768.1421,1928.256,37.262
195,183,32,1507.308,1875.984,-40.868
197,183,32,1284.938,1815.968,-96.16
199,183,32,1089.012,1750.144,-137.028
201,183,32,920.732,1680.448,-165.876
203,183,32,772.886,1608.816,-186.31
205,183,32,644.272,1537.184,-199.532
205,183,34,632.252,1455.8719,-192.32
203,183,34,753.654,1517.824,-174.29
201,183,34,891.884,1577.84,-147.846
199,183,34,1048.144,1637.856,-111.786
197,183,34,1228.444,1690.1281,-62.504
195,183,34,1430.38,1738.528,3.606
193,183,34,1662.3661,1773.376,93.756
191,183,34,1920.796,1794.672,217.562
189,183,34,2206.8721,1794.672,385.842
187,183,34,2516.988,1767.568,617.828
185,183,34,2840.3262,1705.616,930.348
183,183,34,3145.634,1603.0079,1337.826
181,183,34,3402.8621,1455.8719,1845.0701
179,183,34,3574.748,1266.144,2440.0601
177,183,34,3628.8381,1035.76,3105.968
175,183,34,3541.092,776.336,3810.3401
173,183,34,3291.0762,497.552,4524.3281
171,183,34,2863.1641,216.832,5199.8521
169,183,34,2252.5481,-48.4,5787.6299
167,183,34,1467.642,-284.592,6228.7642
165,183,34,555.324,-476.256,6455.9419
163,183,34,-408.68,-615.648,6427.0942
161,183,34,-1334.22,-698.896,6157.8462
159,183,34,-2146.772,-729.872,5693.874
157,183,34,-2815.084,-718.256,5096.48
155,183,34,-3339.156,-675.664,4435.3799
153,183,34,-3733.4121,-609.84,3755.0481
151,183,34,-4021.8921,-528.528,3079.5242
149,183,34,-4231.04,-439.472,2423.2319
147,183,34,-4377.6841,-344.608,1778.9601
145,183,34,-4476.248,-243.936,1151.516
143,183,34,-4532.7422,-143.264,530.082
141,183,34,-4556.7822,-36.784,-87.746
139,183,34,-4544.7622,65.824,-703.17
137,183,34,-4496.6821,172.304,-1330.614
135,183,34,-4404.1279,278.784,-1976.088
133,183,34,-4256.2822,383.328,-2644.4001
131,183,34,-4036.3162,484.0,-3336.752
129,183,34,-3727.4021,576.928,-4037.5181
127,183,34,-3293.48,658.24,-4750.3042
125,183,34,-2711.7122,720.192,-5436.646
123,183,34,-1958.058,755.04,-6040.0503
121,183,34,-1049.3461,745.36,-6483.5879
119,183,34,-31.252,683.408,-6693.938
117,183,34,1004.872,561.44,-6629.0303
115,183,34,1958.058,377.52,-6298.48
113,183,34,2753.782,147.136,-5756.3779
111,183,34,3348.772,-120.032,-5077.248
109,183,34,3738.22,-402.688,-4333.21
107,183,34,3938.9541,-683.408,-3572.344
105,183,34,3970.2061,-946.704,-2840.3262
103,183,34,3860.824,-1182.896,-2170.812
101,183,34,3639.656,-1378.432,-1592.65
99,183,34,3348.772,-1529.4399,-1117.86
97,183,34,3021.8281,-1637.856,-746.442
95,183,34,2691.2781,-1705.616,-466.376
93,183,34,2377.5562,-1740.464,-256.026
91,183,34,2086.6721,-1748.208,-100.968
89,183,34,1824.636,-1734.656,14.424
87,183,34,1586.64,-1707.552,100.968
85,183,34,1372.6841,-1668.832,165.876
83,183,34,1182.7681,-1620.432,210.35
81,183,34,1012.084,-1568.16,244.006
79,183,34,861.834,-1510.08,266.844
79,181,34,794.522,-1624.304,363.004
81,181,34,944.772,-1692.064,352.186
83,181,34,1117.86,-1757.8879,331.752
85,181,34,1313.786,-1815.968,299.298
87,181,34,1536.156,-1868.24,251.218
89,181,34,1786.172,-1908.896,180.3
91,181,34,2063.834,-1934.064,81.736
93,181,34,2377.5562,-1936.0,-58.898
95,181,34,2722.53,-1912.7679,-258.43
97,181,34,3090.342,-1852.752,-533.688
99,181,34,3462.9622,-1752.08,-912.318
101,181,34,3800.7241,-1606.88,-1401.532
103,181,34,4067.5681,-1415.2159,-2014.552
105,181,34,4221.4243,-1182.896,-2724.9341
107,181,34,4222.626,-919.6,-3513.446
109,181,34,4042.3262,-636.944,-4340.4219
111,181,34,3657.686,-348.48,-5156.5801
113,181,34,3051.8782,-71.632,-5907.8301
115,181,34,2222.498,174.24,-6518.4463
117,181,34,1220.03,371.712,-6899.48
119,181,34,123.806,514.976,-6998.0439
121,181,34,-945.974,598.224,-6796.1079
123,181,34,-1913.584,625.328,-6345.3579
125,181,34,-2708.106,611.776,-5722.7222
127,181,34,-3323.53,569.184,-5006.3301
129,181,34,-3777.886,501.424,-4261.0898
131,181,34,-4106.0322,423.984,-3521.8601
133,181,34,-4335.6143,334.928,-2800.6602
135,181,34,-4491.874,243.936,-2099.894
137,181,34,-4586.832,152.944,-1429.178
139,181,34,-4638.5181,60.016,-772.886
141,181,34,-4650.5381,-30.976,-132.22
143,181,34,-4628.9019,-121.968,509.648
145,181,34,-4571.2061,-209.088,1161.1321
147,181,34,-4471.4399,-294.272,1818.626
149,181,34,-4322.3921,-371.712,2488.1401
151,181,34,-4110.8398,-445.28,3174.4822
153,181,34,-3811.542,-507.232,3884.864
155,181,34,-3405.2661,-551.76,4601.2559
157,181,34,-2861.9622,-573.056,5294.8101
159,181,34,-2162.3979,-561.44,5923.4561
161,181,34,-1313.786,-507.232,6411.4683
163,181,34,-337.762,-400.752,6696.3423
165,181,34,681.534,-238.128,6714.3721
167,181,34,1647.942,-23.232,6461.9521
169,181,34,2477.322,230.384,5976.3442
171,181,34,3115.584,507.232,5336.8799
173,181,34,3557.9202,795.696,4598.8521
175,181,34,3800.7241,1072.5439,3825.9661
177,181,34,3868.0361,1328.0959,3062.696
179,181,34,3783.896,1550.736,2349.9102
181,181,34,3573.5461,1730.7839,1714.052
183,181,34,3274.248,1864.368,1181.566
185,181,34,2924.4661,1951.488,758.462
187,181,34,2566.27,1996.016,443.538
189,181,34,2221.2961,2007.632,217.562
191,181,34,1913.584,1990.208,58.898
193,181,34,1633.5181,1955.36,-54.09
195,181,34,1390.714,1903.088,-133.422
197,181,34,1175.556,1843.072,-189.916
199,181,34,990.448,1775.312,-225.976
201,181,34,828.178,1703.6799,-252.42
203,181,34,687.544,1630.1119,-268.046
205,181,34,563.738,1556.5439,-277.662
205,179,34,485.608,1655.28,-366.61
203,179,34,608.212,1738.528,-369.014
201,179,34,748.846,1823.712,-364.206
199,179,34,911.116,1905.024,-352.186
197,179,34,1099.8301,1988.272,-330.55
195,179,34,1319.796,2063.7759,-293.288
193,179,34,1575.822,2131.5359,-233.188
191,179,34,1867.9081,2185.7439,-140.634
189,179,34,2198.458,2220.592,0.0
187,179,34,2571.0781,2230.272,209.148
185,179,34,2968.9399,2203.168,513.254
183,179,34,3361.9941,2137.344,936.358
181,179,34,3711.7761,2021.184,1482.066
179,179,34,3967.802,1856.624,2143.166
177,179,34,4096.416,1645.6,2905.2341
175,179,34,4061.5581,1395.856,3723.7961
173,179,34,3836.7842,1117.072,4562.792
171,179,34,3405.2661,826.672,5368.1323
169,179,34,2758.5901,540.144,6078.5142
167,179,34,1905.17,271.04,6625.4243
165,179,34,895.49,34.848,6929.5303
163,179,34,-177.896,-154.88,6941.5503
161,179,34,-1206.808,-290.4,6671.1001
159,179,34,-2107.106,-373.648,6175.876
157,179,34,-2846.3359,-410.432,5530.4023
155,179,34,-3419.6899,-412.368,4815.2119
153,179,34,-3848.804,-389.136,4069.9722
151,179,34,-4160.1221,-346.544,3333.146
149,179,34,-4382.4922,-292.336,2622.7642
147,179,34,-4541.1562,-230.384,1923.2001
145,179,34,-4645.73,-162.624,1241.666
143,179,34,-4708.2339,-92.928,567.344
141,179,34,-4731.0723,-19.36,-99.766
139,179,34,-4721.4561,54.208,-762.068
137,179,34,-4672.1743,129.712,-1442.4
135,179,34,-4576.0142,205.216,-2145.5701
133,179,34,-4422.1582,278.784,-2873.9819
131,179,34,-4188.9702,348.48,-3627.636
129,179,34,-3854.814,408.496,-4396.916
127,179,34,-3381.2261,454.96,-5179.418
125,179,34,-2741.762,480.128,-5927.062
123,179,34,-1907.574,474.32,-6590.5659
121,179,34,-896.692,425.92,-7065.356
119,179,34,231.986,325.248,-7272.1001
117,179,34,1385.906,164.56,-7163.9199
115,179,34,2443.666,-48.4,-6749.23
113,179,34,3307.9041,-305.888,-6091.7363
111,179,34,3938.9541,-590.48,-5276.7803
109,179,34,4328.4019,-878.944,-4401.7241
107,179,34,4499.0859,-1167.408,-3508.6382
105,179,34,4472.6421,-1426.832,-2663.6321
103,179,34,4285.1299,-1657.2159,-1899.16
101,179,34,3973.812,-1843.072,-1248.8781
99,179,34,3590.374,-1982.464,-735.624
97,179,34,3174.4822,-2073.4561,-346.176
95,179,34,2767.0042,-2123.792,-68.514
93,179,34,2387.1721,-2135.408,125.008
91,179,34,2049.4102,-2119.9199,254.824
89,179,34,1751.3141,-2083.136,340.166
87,179,34,1486.874,-2030.864,399.064
85,179,34,1254.8881,-1965.04,435.124
83,179,34,1050.548,-1893.408,456.76
81,179,34,875.056,-1817.9039,465.174
79,179,34,719.998,-1738.528,466.376
79,177,34,632.252,-1848.88,578.162
81,177,34,783.704,-1937.936,591.384
83,177,34,962.802,-2026.9919,597.394
85,177,34,1169.546,-2110.24,593.788
87,177,34,1408.744,-2189.616,574.556
89,177,34,1684.0021,-2257.376,537.294
91,177,34,2000.1281,-2307.7119,469.982
93,177,34,2363.1321,-2336.752,358.196
95,177,34,2773.0142,-2338.688,180.3
97,177,34,3220.158,-2303.8401,-87.746
99,177,34,3682.928,-2224.4639,-478.396
101,177,34,4118.0522,-2096.688,-1004.872
103,177,34,4481.0562,-1922.448,-1682.8
105,177,34,4715.4463,-1703.6799,-2482.1301
107,177,34,4780.354,-1444.256,-3381.2261
109,177,34,4638.5181,-1163.536,-4330.8062
111,177,34,4264.6963,-871.2,-5283.9922
113,177,34,3632.4441,-578.864,-6166.2603
115,177,34,2745.3682,-309.76,-6899.48
117,177,34,1650.3461,-79.376,-7375.4722
119,177,34,438.73,100.672,-7525.7222
121,177,34,-745.24,224.576,-7340.6143
123,177,34,-1816.222,296.208,-6867.0264
125,177,34,-2693.6821,325.248,-6195.1079
127,177,34,-3369.2061,323.312,-5419.8179
129,177,34,-3865.6321,298.144,-4610.8721
131,177,34,-4219.02,257.488,-3806.7341
133,177,34,-4465.4302,207.152,-3023.03
135,177,34,-4628.9019,152.944,-2265.77
137,177,34,-4729.8701,96.8,-1539.7621
139,177,34,-4780.354,40.656,-834.188
141,177,34,-4792.374,-15.488,-144.24
143,177,34,-4767.1323,-67.76,544.506
145,177,34,-4705.8301,-120.032,1241.666
147,177,34,-4600.0542,-166.496,1952.0481
149,177,34,-4440.188,-207.152,2674.45
151,177,34,-4211.8081,-238.128,3416.084
153,177,34,-3888.47,-257.488,4178.1519
155,177,34,-3442.5281,-255.552,4949.8359
157,177,34,-2847.5381,-228.448,5693.874
159,177,34,-2077.0562,-164.56,6363.3882
161,177,34,-1138.2941,-56.144,6873.0361
163,177,34,-60.1,104.544,7142.2842
165,177,34,1062.568,315.568,7109.8301
167,177,34,2119.126,571.12,6768.4619
169,177,34,3008.606,855.712,6169.8662
171,177,34,3672.1101,1149.984,5405.394
173,177,34,4106.0322,1444.256,4533.9438
175,177,34,4315.1802,1717.2319,3640.8582
177,177,34,4322.3921,1959.2319,2763.3979
179,177,34,4155.314,2158.6399,1960.462
181,177,34,3853.6121,2305.7759,1268.11
183,177,34,3459.356,2404.512,704.372
185,177,34,3018.2222,2452.9119,275.258
187,177,34,2585.502,2458.72,-22.838
189,177,34,2180.428,2429.6799,-219.966
191,177,34,1825.838,2379.344,-344.974
193,177,34,1516.9241,2309.6479,-421.902
195,177,34,1250.0801,2226.3999,-465.174
197,177,34,1021.7,2133.4719,-486.81
199,177,34,828.178,2040.5439,-494.022
201,177,34,662.302,1943.744,-491.618
203,177,34,519.264,1846.944,-483.204
205,177,34,397.862,1752.08,-469.982
205,175,34,300.5,1843.072,-573.354
203,175,34,418.296,1947.616,-599.798
201,175,34,558.93,2054.0959,-622.636
199,175,34,723.604,2162.512,-640.666
197,175,34,918.328,2270.928,-653.888
195,175,34,1149.1121,2375.4719,-653.888
193,175,34,1424.37,2476.144,-633.454
191,175,34,1745.3041,2563.2639,-581.768
189,175,34,2121.53,2636.832,-482.002
187,175,34,2549.4421,2683.2959,-308.914
185,175,34,3021.8281,2698.7839,-31.252
183,175,34,3503.8301,2671.6799,381.034
181,175,34,3952.176,2596.176,948.378
179,175,34,4307.9683,2466.4639,1661.1641
177,175,34,4526.7319,2282.5439,2500.1602
175,175,34,4561.5898,2052.1599,3420.8921
173,175,34,4383.6938,1783.056,4381.29
171,175,34,3969.0042,1490.72,5316.4463
169,175,34,3309.106,1190.64,6161.4521
167,175,34,2404.0,892.496,6832.168
165,175,34,1314.988,621.456,7231.2319
163,175,34,149.048,385.264,7309.3623
161,175,34,-978.428,197.472,7062.9521
159,175,34,-1966.472,60.016,6562.9199
157,175,34,-2775.418,-30.976,5891.002
155,175,34,-3404.064,-85.184,5137.3481
153,175,34,-3874.0461,-112.288,4344.0283
151,175,34,-4215.4141,-118.096,3556.718
149,175,34,-4458.2183,-108.416,2792.2461
147,175,34,-4627.7002,-90.992,2044.6021
145,175,34,-4739.4863,-65.824,1314.988
143,175,34,-4805.5962,-36.784,599.798
141,175,34,-4833.2422,-5.808,-110.584
139,175,34,-4823.626,27.104,-823.37
137,175,34,-4774.3442,61.952,-1551.782
135,175,34,-4674.5781,94.864,-2303.032
133,175,34,-4509.9043,125.84,-3083.1301
131,175,34,-4258.686,152.944,-3896.884
129,175,34,-3898.0862,170.368,-4723.8599
127,175,34,-3383.6301,172.304,-5565.2603
125,175,34,-2681.6621,152.944,-6373.0039
123,175,34,-1765.738,100.672,-7068.9619
121,175,34,-652.686,7.744,-7559.3779
119,175,34,592.586,-137.456,-7740.8804
117,175,34,1849.8781,-334.928,-7568.9941
115,175,34,2989.374,-578.864,-7054.5381
113,175,34,3904.0962,-855.712,-6275.6421
111,175,34,4555.5801,-1153.856,-5326.062
109,175,34,4928.2002,-1450.064,-4316.3818
107,175,34,5053.208,-1732.72,-3298.2881
105,175,34,4957.0479,-1984.4,-2341.4961
103,175,34,4682.9922,-2197.3601,-1494.0861
101,175,34,4274.312,-2361.9199,-786.108
99,175,34,3791.1082,-2476.144,-237.996
97,175,34,3281.46,-2540.032,159.866
95,175,34,2791.0439,-2561.3279,424.306
93,175,34,2347.5061,-2543.9041,592.586
91,175,34,1955.6541,-2499.376,689.948
89,175,34,1621.498,-2431.616,740.432
87,175,34,1330.614,-2348.3679,759.664
85,175,34,1083.0021,-2257.376,760.866
83,175,34,870.248,-2158.6399,750.048
81,175,34,688.746,-2057.968,728.412
79,175,34,533.688,-1955.36,701.968
79,173,34,423.104,-2056.032,830.582
81,173,34,574.556,-2168.3201,871.45
83,173,34,754.856,-2282.5439,911.116
85,173,34,968.812,-2392.896,942.368
87,173,34,1223.636,-2499.376,964.004
89,173,34,1522.9341,-2598.1121,967.61
91,173,34,1875.12,-2681.3601,942.368
93,173,34,2285.002,-2745.248,870.248
95,173,34,2762.196,-2780.0959,727.21
97,173,34,3291.0762,-2776.2239,477.194
99,173,34,3848.804,-2729.76,90.15
101,173,34,4386.0981,-2632.96,-461.568
103,173,34,4857.2822,-2483.8879,-1193.5861
105,173,34,5184.2261,-2284.48,-2073.45
107,173,34,5326.062,-2040.5439,-3075.918
109,173,34,5238.3159,-1763.696,-4145.6982
111,173,34,4888.5342,-1465.552,-5229.9019
113,173,34,4250.272,-1165.472,-6247.9961
115,173,34,3322.3281,-877.008,-7111.0322
117,173,34,2152.782,-617.584,-7696.4062
119,173,34,845.006,-402.688,-7923.584
121,173,34,-449.548,-234.256,-7775.7383
123,173,34,-1621.498,-118.096,-7298.5439
125,173,34,-2581.896,-40.656,-6600.1821
127,173,34,-3323.53,5.808,-5776.812
129,173,34,-3863.228,29.04,-4913.7759
131,173,34,-4245.4639,34.848,-4057.9521
133,173,34,-4509.9043,34.848,-3220.158
135,173,34,-4682.9922,25.168,-2416.02
137,173,34,-4787.5659,13.552,-1645.5381
139,173,34,-4841.6562,3.872,-893.086
141,173,34,-4851.272,-5.808,-159.866
143,173,34,-4824.8281,-13.552,568.546
145,173,34,-4756.314,-17.424,1306.574
147,173,34,-4642.124,-17.424,2057.824
149,173,34,-4469.0361,-9.68,2825.9021
151,173,34,-4219.02,7.744,3610.8081
153,173,34,-3868.0361,40.656,4418.5522
155,173,34,-3382.428,94.864,5228.7002
157,173,34,-2730.9441,174.24,6003.9902
159,173,34,-1889.5441,294.272,6687.9282
161,173,34,-861.834,454.96,7190.3643
163,173,34,307.712,665.984,7424.7539
165,173,34,1520.53,919.6,7317.7764
167,173,34,2644.4001,1208.064,6870.6323
169,173,34,3573.5461,1515.8879,6147.0283
171,173,34,4240.6562,1819.84,5251.5381
173,173,34,4648.1343,2110.24,4250.272
175,173,34,4800.7881,2367.728,3232.178
177,173,34,4728.668,2588.4319,2260.9622
179,173,34,4469.0361,2756.864,1388.3101
181,173,34,4061.5581,2867.2161,652.686
183,173,34,3566.334,2923.3599,79.332
185,173,34,3036.252,2929.168,-330.55
187,173,34,2527.8062,2896.2561,-594.99
189,173,34,2067.4399,2830.4319,-748.846
191,173,34,1673.1841,2745.248,-828.178
193,173,34,1334.22,2638.7681,-858.228
195,173,34,1050.548,2524.5439,-855.824
197,173,34,812.552,2406.448,-836.592
199,173,34,614.222,2286.416,-806.542
201,173,34,448.346,2164.448,-770.482
203,173,34,308.914,2046.3519,-733.22
205,173,34,192.32,1930.192,-693.554
205,171,34,75.726,2007.632,-808.946
203,171,34,186.31,2131.5359,-861.834
201,171,34,322.136,2261.248,-917.126
199,171,34,484.406,2392.896,-972.418
197,171,34,681.534,2528.416,-1024.104
195,171,34,920.732,2662.0,-1069.78
193,171,34,1211.616,2789.7759,-1097.426
191,171,34,1558.994,2909.8081,-1097.426
189,171,34,1970.078,3014.3521,-1049.3461
187,171,34,2452.0801,3097.6001,-927.944
185,171,34,2996.5859,3151.8079,-691.15
183,171,34,3567.5361,3165.3599,-306.51
181,171,34,4119.2539,3130.512,258.43
179,171,34,4580.8223,3041.4561,997.66
177,171,34,4900.5542,2894.3201,1894.3521
175,171,34,5025.562,2689.104,2908.8401
173,171,34,4916.1802,2439.3601,3982.2261
171,171,34,4538.752,2156.7041,5052.0059
169,171,34,3882.46,1850.816,6028.0303
167,171,34,2953.314,1539.12,6827.3604
165,171,34,1807.808,1237.104,7340.6143
163,171,34,564.94,966.064,7498.0762
161,171,34,-650.282,731.808,7303.3521
159,171,34,-1718.86,542.08,6824.9561
157,171,34,-2601.1279,398.816,6150.6343
155,171,34,-3288.6721,288.464,5368.1323
153,171,34,-3800.7241,207.152,4547.166
151,171,34,-4172.1421,149.072,3721.3921
149,171,34,-4435.3799,104.544,2922.062
147,171,34,-4619.2861,69.696,2137.156
145,171,34,-4739.4863,42.592,1371.4821
143,171,34,-4812.8081,21.296,616.626
141,171,34,-4842.8579,1.936,-129.816
139,171,34,-4834.4438,-15.488,-877.46
137,171,34,-4782.7583,-30.976,-1645.5381
135,171,34,-4676.9819,-48.4,-2442.4641
133,171,34,-4501.4902,-69.696,-3263.4302
131,171,34,-4233.4438,-92.928,-4124.062
129,171,34,-3843.9961,-127.776,-4996.7139
127,171,34,-3282.6621,-174.24,-5886.1943
125,171,34,-2522.998,-247.808,-6722.7861
123,171,34,-1518.126,-348.48,-7443.9863
121,171,34,-304.106,-489.808,-7924.7861
119,171,34,1036.124,-671.792,-8057.0063
117,171,34,2382.364,-904.112,-7806.9902
115,171,34,3590.374,-1173.2159,-7172.334
113,171,34,4539.9541,-1467.488,-6260.0161
111,171,34,5185.4282,-1775.312,-5171.0039
109,171,34,5525.5942,-2069.584,-4026.7002
107,171,34,5588.0981,-2342.5601,-2888.406
105,171,34,5409.0,-2578.752,-1834.2521
103,171,34,5032.7739,-2770.416,-908.712
101,171,34,4514.7119,-2905.936,-155.058
99,171,34,3924.53,-2987.248,407.478
97,171,34,3318.7222,-3016.2881,795.724
95,171,34,2742.9641,-3000.8,1033.72
93,171,34,2234.5181,-2948.5281,1158.728
91,171,34,1794.5861,-2867.2161,1209.212
89,171,34,1426.774,-2766.5439,1210.4141
87,171,34,1114.254,-2652.3201,1183.97
85,171,34,854.622,-2528.416,1139.496
83,171,34,635.858,-2404.512,1087.8101
81,171,34,454.356,-2276.7361,1030.114
79,171,34,302.904,-2152.832,972.418
79,169,34,171.886,-2238.0159,1111.85
81,169,34,316.126,-2371.6001,1188.7781
83,169,34,495.224,-2509.0559,1265.7061
85,169,34,712.786,-2648.448,1342.634
87,169,34,977.226,-2787.8401,1413.552
89,169,34,1294.5541,-2915.616,1468.844
91,169,34,1675.588,-3033.7119,1497.692
93,169,34,2133.55,-3132.448,1479.662
95,169,34,2673.248,-3204.0801,1385.906
97,169,34,3283.864,-3238.928,1176.7581
99,169,34,3941.3582,-3229.248,806.542
101,169,34,4589.2358,-3167.2959,248.814
103,169,34,5171.0039,-3049.2,-516.86
105,169,34,5606.1279,-2874.96,-1464.036
107,169,34,5839.3159,-2648.448,-2563.866
109,169,34,5821.2861,-2383.2161,-3746.634
111,169,34,5514.7759,-2092.8159,-4964.2603
113,169,34,4889.7363,-1788.864,-6122.9883
115,169,34,3934.146,-1486.848,-7124.2539
117,169,34,2712.9141,-1206.1281,-7829.8281
119,169,34,1325.806,-960.256,-8149.5601
121,169,34,-60.1,-756.976,-8055.8042
123,169,34,-1323.402,-592.416,-7602.6499
125,169,34,-2363.1321,-468.512,-6895.874
127,169,34,-3167.27,-367.84,-6047.2622
129,169,34,-3751.4421,-292.336,-5148.166
131,169,34,-4162.5259,-232.32,-4253.8779
133,169,34,-4444.9961,-180.048,-3381.2261
135,169,34,-4630.104,-135.52,-2535.0181
137,169,34,-4741.8901,-90.992,-1728.4761
139,169,34,-4795.98,-46.464,-944.772
141,169,34,-4805.5962,-3.872,-182.704
143,169,34,-4775.5459,44.528,580.566
145,169,34,-4702.2241,96.8,1351.048
147,169,34,-4578.418,151.008,2132.3481
149,169,34,-4390.9062,212.96,2928.072
151,169,34,-4121.6582,284.592,3739.4221
153,169,34,-3740.624,373.648,4574.812
155,169,34,-3209.3401,482.064,5410.2021
157,169,34,-2503.7661,617.584,6201.1182
159,169,34,-1593.8521,787.952,6881.4502
161,169,34,-489.214,998.976,7351.4321
163,169,34,757.26,1250.656,7522.1162
165,169,34,2036.188,1539.12,7328.5942
167,169,34,3205.7341,1848.88,6764.856
169,169,34,4150.5059,2166.384,5912.6382
171,169,34,4805.5962,2468.3999,4878.918
173,169,34,5162.5903,2745.248,3751.4421
175,169,34,5239.5181,2981.4399,2629.9761
177,169,34,5073.6421,3169.2319,1575.822
179,169,34,4708.2339,3297.0081,658.696
181,169,34,4192.5762,3368.6399,-96.16
183,169,34,3595.1821,3384.1279,-659.898
185,169,34,2977.354,3355.0879,-1037.326
187,169,34,2397.99,3285.3921,-1256.09
189,169,34,1885.938,3186.656,-1357.058
191,169,34,1455.6221,3064.688,-1378.694
193,169,34,1092.618,2933.04,-1353.452
195,169,34,794.522,2789.7759,-1301.766
197,169,34,550.516,2644.5759,-1233.2521
199,169,34,350.984,2497.4399,-1159.9301
201,169,34,189.916,2354.176,-1086.608
203,169,34,56.494,2216.72,-1013.286
205,169,34,-51.686,2081.2,-943.57
205,167,34,-185.108,2143.1521,-1068.578
203,167,34,-85.342,2284.48,-1152.718
201,167,34,42.07,2433.552,-1245.272
199,167,34,198.33,2586.4961,-1339.0281
197,167,34,395.458,2745.248,-1438.7941
195,167,34,637.06,2902.064,-1532.55
193,167,34,939.964,3056.9441,-1616.6901
191,167,34,1308.978,3206.0159,-1673.1841
189,167,34,1757.324,3343.4719,-1685.204
187,167,34,2288.6082,3457.696,-1617.8921
185,167,34,2901.6282,3546.752,-1432.7841
183,167,34,3557.9202,3597.0879,-1086.608
181,167,34,4207.0,3597.0879,-540.9
179,167,34,4777.9502,3546.752,205.542
177,167,34,5208.2661,3436.3999,1140.698
175,167,34,5433.04,3269.9041,2220.094
173,167,34,5405.394,3047.2639,3390.842
171,167,34,5086.8643,2778.1599,4578.418
169,167,34,4459.4199,2480.0159,5686.6621
167,167,34,3530.2742,2164.448,6612.2021
165,167,34,2352.314,1848.88,7246.8579
163,167,34,1052.952,1550.736,7505.2881
161,167,34,-231.986,1279.696,7381.4819
159,167,34,-1375.088,1047.376,6942.752
157,167,34,-2324.668,851.84,6282.854
155,167,34,-3063.8979,689.216,5497.9482
153,167,34,-3616.8181,551.76,4661.356
151,167,34,-4018.2861,437.536,3818.7542
149,167,34,-4300.7559,338.8,2997.7881
147,167,34,-4497.8843,245.872,2192.448
145,167,34,-4630.104,160.688,1401.532
143,167,34,-4708.2339,81.312,625.04
141,167,34,-4741.8901,3.872,-149.048
139,167,34,-4734.6782,-71.632,-924.338
137,167,34,-4680.5879,-143.264,-1717.6581
135,167,34,-4568.8022,-218.768,-2539.8259
133,167,34,-4382.4922,-298.144,-3395.6501
131,167,34,-4095.2141,-379.456,-4286.332
129,167,34,-3675.7161,-468.512,-5190.2363
127,167,34,-3071.1101,-571.12,-6106.1602
125,167,34,-2251.3459,-695.024,-6959.5801
123,167,34,-1174.354,-846.032,-7674.77
121,167,34,118.998,-1028.016,-8121.9141
119,167,34,1544.5701,-1246.7839,-8192.832
117,167,34,2962.9302,-1502.3359,-7845.4541
115,167,34,4219.02,-1788.864,-7090.5981
113,167,34,5181.8223,-2090.8799,-6034.04
111,167,34,5810.4683,-2396.7681,-4799.5859
109,167,34,6096.5439,-2679.4241,-3527.8701
107,167,34,6084.5239,-2934.9761,-2275.386
105,167,34,5808.064,-3149.8721,-1131.082
103,167,34,5320.0522,-3310.5601,-145.442
101,167,34,4686.5981,-3415.104,635.858
99,167,34,3979.822,-3459.6321,1200.798
97,167,34,3270.6421,-3453.824,1561.3981
95,167,34,2615.552,-3401.552,1751.3141
93,167,34,2044.6021,-3312.4961,1819.828
91,167,34,1562.6,-3196.3359,1806.6061
89,167,34,1165.9401,-3062.752,1747.708
87,167,34,836.592,-2919.488,1664.77
85,167,34,569.748,-2768.48,1567.4081
83,167,34,352.186,-2613.6001,1466.4401
81,167,34,174.29,-2464.5281,1365.472
79,167,34,31.252,-2319.3279,1269.312
79,165,34,-118.998,-2387.0879,1421.9661
81,165,34,15.626,-2541.968,1538.5601
83,165,34,186.31,-2700.72,1661.1641
85,165,34,400.266,-2865.28,1789.7781
87,165,34,667.11,-3027.9041,1918.3921
89,165,34,1000.064,-3186.656,2034.9861
91,165,34,1406.34,-3335.728,2129.9441
93,165,34,1905.17,-3469.312,2182.832
95,165,34,2504.968,-3575.792,2152.782
97,165,34,3194.916,-3647.4241,2002.532
99,165,34,3956.9841,-3670.656,1669.578
101,165,34,4719.0522,-3643.552,1122.668
103,165,34,5422.2222,-3558.3679,334.156
105,165,34,5972.7383,-3415.104,-664.706
107,165,34,6309.2983,-3215.696,-1845.0701
109,165,34,6375.4082,-2971.76,-3142.0281
111,165,34,6127.7959,-2694.9119,-4487.0659
113,165,34,5531.604,-2400.6399,-5790.0342
115,165,34,4573.6099,-2100.5601,-6929.5303
117,165,34,3315.116,-1812.0959,-7761.314
119,165,34,1860.696,-1544.928,-8189.2261
121,165,34,408.68,-1314.5439,-8168.792
123,165,34,-935.156,-1109.328,-7755.3042
125,165,34,-2043.4,-937.024,-7064.1543
127,165,34,-2898.022,-787.952,-6210.7339
129,165,34,-3523.062,-656.304,-5299.6182
131,165,34,-3964.196,-538.208,-4380.0879
133,165,34,-4264.6963,-425.92,-3485.8
135,165,34,-4461.8242,-319.44,-2616.7542
137,165,34,-4578.418,-214.896,-1787.374
139,165,34,-4636.1143,-110.352,-983.236
141,165,34,-4644.5283,-3.872,-200.734
143,165,34,-4610.8721,104.544,580.566
145,165,34,-4531.54,216.832,1365.472
147,165,34,-4398.1182,332.992,2163.6001
149,165,34,-4198.5859,453.024,2977.354
151,165,34,-3908.9041,584.672,3805.532
153,165,34,-3499.022,729.872,4650.5381
155,165,34,-2934.082,892.496,5485.9282
157,165,34,-2176.822,1082.224,6270.834
159,165,34,-1202.0,1299.056,6929.5303
161,165,34,-36.06,1548.8,7350.23
163,165,34,1275.322,1833.392,7445.188
165,165,34,2603.532,2141.2161,7143.4863
167,165,34,3794.7141,2462.592,6461.9521
169,165,34,4732.2739,2778.1599,5473.9082
171,165,34,5345.2939,3064.688,4311.5742
173,165,34,5636.1782,3320.24,3073.5142
175,165,34,5625.3599,3527.3921,1864.302
177,165,34,5354.9102,3680.3359,752.452
179,165,34,4876.5142,3775.2,-198.33
181,165,34,4252.6763,3808.1121,-953.186
183,165,34,3556.718,3790.688,-1491.682
185,165,34,2852.3459,3724.864,-1829.4441
187,165,34,2208.074,3620.3201,-1992.916
189,165,34,1641.932,3490.6079,-2031.38
191,165,34,1174.354,3339.6001,-1989.3101
193,165,34,792.118,3175.04,-1902.766
195,165,34,483.204,3006.6079,-1789.7781
197,165,34,236.794,2836.24,-1668.376
199,165,34,42.07,2667.8081,-1546.974
201,165,34,-111.786,2507.1199,-1427.9761
203,165,34,-233.188,2350.304,-1316.1901
205,165,34,-329.348,2199.2959,-1210.4141
205,163,34,-478.396,2241.8879,-1343.8361
203,163,34,-393.054,2398.7041,-1462.834
201,163,34,-278.864,2563.2639,-1593.8521
199,163,34,-132.22,2731.696,-1734.4861
197,163,34,57.696,2909.8081,-1883.5341
195,163,34,300.5,3089.856,-2034.9861
193,163,34,611.818,3271.8401,-2180.428
191,163,34,998.862,3448.0159,-2306.6379
189,163,34,1478.4601,3612.5759,-2387.1721
187,163,34,2062.6321,3761.6479,-2387.1721
185,163,34,2740.5601,3883.616,-2264.5681
183,163,34,3480.9919,3968.8,-1965.27
181,163,34,4232.2422,4003.6479,-1448.41
179,163,34,4910.1699,3984.2881,-705.574
177,163,34,5454.6763,3906.8479,254.824
175,163,34,5785.2261,3771.3279,1387.108
173,163,34,5852.5381,3577.728,2638.3901
171,163,34,5609.7339,3337.6641,3922.126
169,163,34,5033.9761,3058.8799,5148.166
167,163,34,4124.062,2754.928,6205.9263
165,163,34,2936.4861,2437.4241,6967.9941
163,163,34,1596.256,2125.728,7337.0083
161,163,34,254.824,1829.52,7297.3423
159,163,34,-944.772,1562.3521,6915.106
157,163,34,-1947.24,1322.288,6287.6621
155,163,34,-2730.9441,1109.328,5520.7861
153,163,34,-3319.9241,919.6,4689.002
151,163,34,-3744.23,747.296,3843.9961
149,163,34,-4044.73,586.608,3015.8181
147,163,34,-4256.2822,433.664,2200.8621
145,163,34,-4394.5122,286.528,1401.532
143,163,34,-4477.4502,143.264,611.818
141,163,34,-4514.7119,1.936,-169.482
139,163,34,-4508.7021,-137.456,-956.792
137,163,34,-4452.208,-274.912,-1764.536
135,163,34,-4335.6143,-414.304,-2599.926
133,163,34,-4139.688,-555.632,-3465.366
131,163,34,-3834.3801,-698.896,-4371.6743
129,163,34,-3388.438,-846.032,-5291.2041
127,163,34,-2748.9741,-1004.784,-6210.7339
125,163,34,-1877.524,-1179.024,-7060.5483
123,163,34,-745.24,-1372.624,-7749.2939
121,163,34,615.424,-1589.4559,-8147.1562
119,163,34,2103.5,-1833.392,-8145.9541
117,163,34,3574.748,-2102.4961,-7687.9922
115,163,34,4858.4839,-2390.96,-6802.1182
113,163,34,5818.8823,-2685.2319,-5604.9263
111,163,34,6411.4683,-2973.696,-4229.8379
109,163,34,6632.6362,-3233.1199,-2830.71
107,163,34,6528.062,-3463.5039,-1473.652
105,163,34,6145.8262,-3645.488,-258.43
103,163,34,5538.8159,-3775.2,778.896
101,163,34,4781.5562,-3848.7681,1578.2261
99,163,34,3960.5901,-3860.384,2125.136
97,163,34,3150.4421,-3819.728,2441.262
95,163,34,2413.616,-3732.6079,2568.6741
93,163,34,1784.9701,-3612.5759,2561.4622
91,163,34,1262.1,-3465.4399,2477.322
89,163,34,842.602,-3304.752,2348.708
87,163,34,502.436,-3132.448,2196.054
85,163,34,234.39,-2956.272,2038.592
83,163,34,19.232,-2780.0959,1883.5341
81,163,34,-147.846,-2611.6641,1734.4861
79,163,34,-277.662,-2447.104,1595.0541
79,161,34,-443.538,-2491.6321,1756.1221
81,161,34,-322.136,-2658.1279,1912.3821
83,161,34,-163.472,-2836.24,2085.47
85,161,34,44.474,-3020.1599,2270.5781
87,161,34,310.116,-3206.0159,2461.696
89,161,34,649.08,-3389.936,2651.6121
91,161,34,1074.588,-3564.176,2821.094
93,161,34,1609.478,-3722.928,2949.708
95,161,34,2266.9719,-3860.384,2998.99
97,161,34,3037.4541,-3962.9919,2916.052
99,161,34,3894.48,-4017.2,2635.9861
101,161,34,4771.9399,-4021.072,2113.116
103,161,34,5596.5122,-3966.864,1316.1901
105,161,34,6270.834,-3856.512,275.258
107,161,34,6717.978,-3691.9519,-978.428
109,161,34,6879.0459,-3482.864,-2371.5461
111,161,34,6701.1499,-3233.1199,-3829.572
113,161,34,6147.0283,-2962.0801,-5265.9619
115,161,34,5204.6602,-2677.488,-6542.4863
117,161,34,3930.54,-2394.832,-7504.0859
119,161,34,2435.252,-2123.792,-8040.1782
121,161,34,926.742,-1874.048,-8099.0762
123,161,34,-469.982,-1639.792,-7740.8804
125,161,34,-1626.306,-1428.7679,-7084.5879
127,161,34,-2522.998,-1233.2319,-6247.9961
129,161,34,-3179.29,-1049.312,-5342.8901
131,161,34,-3640.8582,-871.2,-4424.562
133,161,34,-3956.9841,-696.96,-3525.4661
135,161,34,-4162.5259,-526.592,-2649.208
137,161,34,-4285.1299,-356.224,-1818.626
139,161,34,-4344.0283,-183.92,-1008.478
141,161,34,-4353.644,-11.616,-224.774
143,161,34,-4317.584,164.56,558.93
145,161,34,-4234.646,342.672,1346.24
147,161,34,-4092.8101,522.72,2145.5701
149,161,34,-3883.6621,706.64,2959.324
151,161,34,-3578.354,898.304,3786.3
153,161,34,-3146.8359,1101.584,4626.498
155,161,34,-2550.644,1316.48,5452.272
157,161,34,-1754.92,1552.672,6210.7339
159,161,34,-741.634,1810.16,6824.9561
161,161,34,477.194,2088.9441,7187.96
163,161,34,1835.454,2390.96,7197.5762
165,161,34,3187.7041,2704.592,6782.8862
167,161,34,4380.0879,3018.2239,5977.5459
169,161,34,5286.396,3316.3679,4871.7061
171,161,34,5839.3159,3575.792,3601.1921
173,161,34,6055.6763,3802.304,2263.366
175,161,34,5952.3042,3980.416,980.832
177,161,34,5576.0781,4102.3838,-182.704
179,161,34,4988.3003,4166.272,-1159.9301
181,161,34,4256.2822,4170.144,-1908.776
183,161,34,3456.9521,4119.8081,-2419.626
185,161,34,2664.834,4021.072,-2706.9041
187,161,34,1948.442,3885.552,-2801.8621
189,161,34,1337.826,3720.9919,-2765.802
191,161,34,840.198,3544.8159,-2651.6121
193,161,34,439.932,3355.0879,-2491.7461
195,161,34,125.008,3163.4241,-2311.446
197,161,34,-118.998,2971.76,-2129.9441
199,161,34,-305.308,2787.8401,-1955.6541
201,161,34,-447.144,2609.728,-1788.576
203,161,34,-555.324,2437.4241,-1634.72
205,161,34,-634.656,2274.8,-1492.884
205,159,34,-796.926,2294.1599,-1631.114
203,159,34,-726.008,2460.656,-1786.172
201,159,34,-627.444,2636.832,-1960.462
199,159,34,-495.224,2818.8159,-2147.9741
197,159,34,-314.924,3010.48,-2351.1121
195,159,34,-78.13,3207.9519,-2565.0681
193,159,34,236.794,3409.2959,-2781.428
191,159,34,639.464,3606.7681,-2979.7581
189,159,34,1147.91,3798.4319,-3138.4221
187,159,34,1776.556,3974.6079,-3218.9561
185,159,34,2524.2,4125.6162,-3166.0681
183,159,34,3354.782,4237.9038,-2919.658
181,159,34,4207.0,4303.728,-2436.4541
179,159,34,4995.5122,4313.4082,-1699.6281
177,159,34,5642.188,4268.8799,-719.998
175,159,34,6074.9082,4164.3359,459.164
173,159,34,6233.5723,4007.52,1775.354
171,159,34,6070.1001,3802.304,3145.634
169,159,34,5555.644,3560.304,4475.0459
167,159,34,4685.396,3279.584,5645.7939
165,159,34,3512.2441,2975.6321,6524.4561
163,159,34,2161.196,2667.8081,7004.0542
161,159,34,788.512,2361.9199,7054.5381
159,159,34,-444.74,2071.52,6739.6143
157,159,34,-1483.2681,1796.608,6160.25
155,159,34,-2298.2241,1539.12,5423.4243
153,159,34,-2911.2441,1297.12,4613.2759
151,159,34,-3355.9841,1066.736,3781.4922
149,159,34,-3668.5042,844.096,2964.1321
147,159,34,-3886.0662,627.264,2157.5901
145,159,34,-4030.3062,414.304,1365.472
143,159,34,-4118.0522,201.344,581.768
141,159,34,-4155.314,-7.744,-192.32
139,159,34,-4149.3042,-216.832,-973.62
137,159,34,-4091.6082,-422.048,-1774.152
135,159,34,-3970.2061,-629.2,-2608.3401
133,159,34,-3767.0681,-836.352,-3473.78
131,159,34,-3450.9421,-1043.504,-4371.6743
129,159,34,-2988.1721,-1248.72,-5277.9819
127,159,34,-2324.668,-1459.744,-6183.0879
125,159,34,-1419.562,-1678.512,-7006.458
123,159,34,-244.006,-1908.896,-7655.5381
121,159,34,1159.9301,-2150.896,-7992.0981
119,159,34,2686.47,-2404.512,-7904.3521
117,159,34,4184.1621,-2671.6799,-7341.8159
115,159,34,5470.3022,-2944.656,-6328.5303
113,159,34,6403.0542,-3211.824,-5003.9263
111,159,34,6946.3579,-3465.4399,-3511.042
109,159,34,7094.2041,-3690.0159,-2001.3301
107,159,34,6898.2783,-3881.6799,-554.122
105,159,34,6403.0542,-4028.8159,733.22
103,159,34,5675.8442,-4123.6802,1801.798
101,159,34,4799.5859,-4162.3999,2601.1279
99,159,34,3869.238,-4146.9121,3121.594
97,159,34,2962.9302,-4079.1521,3382.428
95,159,34,2146.772,-3966.864,3440.124
93,159,34,1461.6321,-3819.728,3355.9841
91,159,34,905.106,-3649.3599,3188.906
89,159,34,467.578,-3465.4399,2982.1621
87,159,34,122.604,-3271.8401,2757.3879
85,159,34,-144.24,-3078.24,2535.0181
83,159,34,-347.378,-2886.5759,2319.8601
81,159,34,-502.436,-2700.72,2119.126
79,159,34,-616.626,-2524.5439,1934.0181
79,157,34,-792.118,-2541.968,2097.49
81,157,34,-687.544,-2720.0801,2300.6279
83,157,34,-543.304,-2911.7439,2525.4021
85,157,34,-347.378,-3107.28,2769.408
87,157,34,-85.342,-3308.624,3027.8381
89,157,34,257.228,-3508.032,3292.2781
91,157,34,699.564,-3701.6321,3542.2939
93,157,34,1265.7061,-3879.7439,3753.8459
95,157,34,1971.28,-4036.5601,3884.864
97,157,34,2815.084,-4158.5278,3874.0461
99,157,34,3769.4722,-4241.7759,3649.272
101,157,34,4755.1123,-4274.688,3157.6541
103,157,34,5695.0762,-4249.52,2364.334
105,157,34,6482.3862,-4175.9521,1293.3521
107,157,34,7041.3159,-4052.0481,-20.434
109,157,34,7294.938,-3885.552,-1491.682
111,157,34,7195.1724,-3682.272,-3053.0801
113,157,34,6696.3423,-3449.9519,-4595.2461
115,157,34,5785.2261,-3202.144,-5993.1719
117,157,34,4519.52,-2944.656,-7072.5684
119,157,34,3018.2222,-2685.2319,-7709.6279
121,157,34,1480.864,-2431.616,-7855.0703
123,157,34,56.494,-2179.936,-7562.9844
125,157,34,-1129.88,-1939.8719,-6954.772
127,157,34,-2051.814,-1699.808,-6153.0381
129,157,34,-2723.7319,-1463.616,-5274.376
131,157,34,-3196.1182,-1227.424,-4374.0781
133,157,34,-3519.4561,-991.232,-3490.6082
135,157,34,-3727.4021,-751.168,-2633.582
137,157,34,-3852.4102,-511.104,-1813.818
139,157,34,-3913.7122,-267.168,-1018.094
141,157,34,-3922.126,-23.232,-250.016
143,157,34,-3884.864,222.64,520.466
145,157,34,-3800.7241,472.384,1292.15
147,157,34,-3657.686,722.128,2078.2581
149,157,34,-3441.3262,971.872,2873.9819
151,157,34,-3128.8062,1223.552,3679.322
153,157,34,-2685.2681,1482.976,4495.48
155,157,34,-2072.248,1750.144,5296.0122
157,157,34,-1252.484,2028.928,6017.2119
159,157,34,-211.552,2317.3921,6578.5459
161,157,34,1030.114,2617.4719,6869.4302
163,157,34,2399.1921,2923.3599,6786.4922
165,157,34,3750.24,3225.376,6273.2383
167,157,34,4914.978,3513.8401,5362.1221
169,157,34,5774.4082,3775.2,4146.8999
171,157,34,6264.8242,3997.8401,2782.6301
173,157,34,6401.8521,4181.7598,1371.4821
175,157,34,6208.3301,4315.3437,26.444
177,157,34,5734.7422,4400.5278,-1183.97
179,157,34,5044.7939,4429.5679,-2178.0239
181,157,34,4207.0,4402.4639,-2923.2642
183,157,34,3305.5,4323.0879,-3401.6602
185,157,34,2424.4341,4201.1201,-3627.636
187,157,34,1641.932,4040.4319,-3650.4741
189,157,34,985.64,3856.512,-3532.678
191,157,34,460.366,3659.04,-3336.752
193,157,34,46.878,3451.8879,-3099.958
195,157,34,-268.046,3246.6719,-2851.144
197,157,34,-506.042,3041.4561,-2605.936
199,157,34,-680.332,2843.9839,-2373.95
201,157,34,-807.744,2654.2561,-2159.9941
203,157,34,-899.096,2474.208,-1961.6641
205,157,34,-960.398,2301.9041,-1782.566
205,155,34,-1127.4761,2298.032,-1920.796
203,155,34,-1078.194,2468.3999,-2113.116
201,155,34,-998.862,2650.384,-2328.2739
199,155,34,-881.066,2842.0481,-2567.4722
197,155,34,-715.19,3045.3279,-2825.9021
195,155,34,-484.406,3252.48,-3102.3621
193,155,34,-170.684,3465.4399,-3388.438
191,155,34,241.602,3676.4639,-3667.302
189,155,34,776.492,3881.6799,-3910.106
187,155,34,1452.016,4075.28,-4073.5781
185,155,34,2265.77,4243.7119,-4094.012
183,155,34,3179.29,4377.2959,-3905.2981
181,155,34,4130.0723,4470.2241,-3455.75
179,155,34,5015.9463,4512.8159,-2726.136
177,155,34,5762.3882,4503.1357,-1730.88
175,155,34,6290.0659,4446.9922,-514.456
173,155,34,6536.4761,4338.5762,853.42
171,155,34,6451.1343,4185.6318,2294.6179
169,155,34,6002.7881,3988.1599,3704.564
167,155,34,5186.6299,3750.032,4970.27
165,155,34,4053.144,3480.928,5945.0923
163,155,34,2723.7319,3192.4639,6516.042
161,155,34,1357.058,2888.512,6656.6763
159,155,34,109.382,2584.5601,6412.6699
157,155,34,-941.166,2282.5439,5893.4062
155,155,34,-1769.344,1982.464,5202.2559
153,155,34,-2391.98,1690.1281,4428.168
151,155,34,-2841.5281,1401.6639,3626.4341
149,155,34,-3157.6541,1115.136,2836.72
147,155,34,-3378.822,830.544,2054.218
145,155,34,-3523.062,545.952,1289.746
143,155,34,-3610.8081,261.36,534.89
141,155,34,-3650.4741,-23.232,-216.36
139,155,34,-3643.262,-303.952,-974.822
137,155,34,-3584.364,-584.672,-1750.1121
135,155,34,-3464.1641,-863.456,-2557.856
133,155,34,-3261.0261,-1138.368,-3390.842
131,155,34,-2941.2939,-1409.408,-4265.8979
129,155,34,-2474.918,-1672.704,-5140.9541
127,155,34,-1800.5961,-1936.0,-6011.2021
125,155,34,-885.874,-2197.3601,-6794.9062
123,155,34,301.702,-2454.8479,-7388.6943
121,155,34,1718.86,-2708.4639,-7659.144
119,155,34,3262.228,-2960.144,-7493.2681
117,155,34,4755.1123,-3206.0159,-6829.7642
115,155,34,6013.606,-3444.144,-5714.3081
113,155,34,6907.894,-3668.72,-4283.9282
111,155,34,7389.896,-3870.064,-2686.47
109,155,34,7464.4199,-4044.304,-1091.416
107,155,34,7175.9399,-4185.6318,425.508
105,155,34,6579.748,-4288.2397,1764.536
103,155,34,5743.1562,-4346.3198,2858.356
101,155,34,4755.1123,-4352.1279,3655.282
99,155,34,3715.3821,-4309.5361,4145.6982
97,155,34,2717.7222,-4220.48,4351.2402
95,155,34,1833.05,-4088.832,4335.6143
93,155,34,1098.6281,-3926.208,4169.7383
91,155,34,510.85,-3740.3521,3919.7222
89,155,34,57.696,-3540.9441,3633.646
87,155,34,-288.48,-3335.728,3334.3481
85,155,34,-550.516,-3128.5759,3042.262
83,155,34,-741.634,-2927.2319,2767.0042
81,155,34,-881.066,-2731.696,2512.1799
79,155,34,-978.428,-2545.8401,2278.9919
79,153,34,-1158.728,-2534.2239,2440.0601
81,153,34,-1074.588,-2720.0801,2687.6721
83,153,34,-945.974,-2915.616,2966.5361
85,153,34,-760.866,-3122.7681,3270.6421
87,153,34,-506.042,-3329.9199,3595.1821
89,153,34,-162.27,-3540.9441,3932.9441
91,153,34,292.086,-3744.2239,4261.0898
93,153,34,887.076,-3933.9519,4555.5801
95,153,34,1639.5281,-4104.3198,4768.334
97,153,34,2549.4421,-4243.7119,4826.0303
99,153,34,3586.7681,-4344.3838,4658.9521
101,153,34,4673.376,-4402.4639,4198.5859
103,153,34,5719.1162,-4412.144,3410.074
105,153,34,6606.1919,-4377.2959,2317.4561
107,153,34,7260.0801,-4301.792,962.802
109,153,34,7605.0542,-4191.4399,-569.748
111,153,34,7577.4082,-4046.24,-2205.6699
113,153,34,7142.2842,-3873.936,-3830.7742
115,153,34,6282.854,-3678.3999,-5316.4463
117,153,34,5053.208,-3463.5039,-6485.9922
119,153,34,3572.344,-3233.1199,-7210.7983
121,153,34,2044.6021,-2991.1199,-7433.168
123,153,34,621.434,-2733.6321,-7212.0
125,153,34,-566.142,-2464.5281,-6657.8779
127,153,34,-1488.076,-2187.6799,-5909.0322
129,153,34,-2158.792,-1899.2159,-5068.834
131,153,34,-2628.7742,-1606.88,-4211.8081
133,153,34,-2944.9001,-1302.928,-3365.6001
135,153,34,-3150.4421,-993.168,-2547.0381
137,153,34,-3271.844,-679.536,-1764.536
139,153,34,-3329.54,-360.096,-1002.468
141,153,34,-3337.9541,-40.656,-269.248
143,153,34,-3301.894,280.72,463.972
145,153,34,-3218.9561,604.032,1200.798
147,153,34,-3077.1201,927.344,1948.442
149,153,34,-2863.1641,1248.72,2708.106
151,153,34,-2554.25,1564.288,3479.79
153,153,34,-2111.9141,1883.728,4256.2822
155,153,34,-1497.692,2201.2319,5011.1382
157,153,34,-677.928,2518.7361,5679.4502
159,153,34,366.61,2834.304,6179.4819
161,153,34,1601.0641,3142.1279,6392.2363
163,153,34,2947.304,3442.208,6227.562
165,153,34,4265.8979,3720.9919,5628.9663
167,153,34,5374.1421,3966.864,4634.9121
169,153,34,6171.0679,4179.8242,3342.762
171,153,34,6592.9702,4344.3838,1908.776
173,153,34,6650.666,4470.2241,444.74
175,153,34,6373.0039,4547.6641,-941.166
177,153,34,5814.0742,4580.5762,-2174.418
179,153,34,5032.7739,4568.96,-3181.6941
181,153,34,4100.022,4507.0078,-3918.52
183,153,34,3109.574,4402.4639,-4363.2603
185,153,34,2151.5801,4257.2642,-4537.5503
187,153,34,1301.766,4084.96,-4489.4702
189,153,34,599.798,3889.4241,-4292.3423
191,153,34,51.686,3682.272,-4018.2861
193,153,34,-371.418,3465.4399,-3704.564
195,153,34,-683.938,3250.5439,-3384.832
197,153,34,-912.318,3039.52,-3078.322
199,153,34,-1074.588,2838.176,-2789.842
201,153,34,-1183.97,2640.7041,-2524.2
203,153,34,-1256.09,2456.7839,-2285.002
205,153,34,-1296.958,2280.6079,-2065.0361
205,151,34,-1466.4401,2249.6321,-2200.8621
203,151,34,-1438.7941,2423.8721,-2429.2419
201,151,34,-1377.4921,2609.728,-2687.6721
199,151,34,-1278.928,2803.3279,-2971.344
197,151,34,-1127.4761,3008.5439,-3286.2681
195,151,34,-905.106,3221.5039,-3622.8281
193,151,34,-593.788,3440.272,-3977.418
191,151,34,-171.886,3657.104,-4329.604
189,151,34,385.842,3872.0,-4649.3359
187,151,34,1099.8301,4071.408,-4884.9282
185,151,34,1974.886,4253.3921,-4971.4722
183,151,34,2961.728,4406.3359,-4832.04
181,151,34,3994.2461,4520.5601,-4411.3398
179,151,34,4960.6543,4599.936,-3697.3521
177,151,34,5790.0342,4638.6558,-2697.2881
175,151,34,6395.8423,4632.8481,-1465.238
173,151,34,6720.3823,4588.3198,-66.11
171,151,34,6710.7661,4501.2002,1411.1481
169,151,34,6339.3481,4367.6162,2865.5681
167,151,34,5595.3101,4189.5039,4181.7583
165,151,34,4524.3281,3968.8,5228.7002
163,151,34,3247.804,3709.376,5877.7803
161,151,34,1920.796,3420.9119,6092.938
159,151,34,701.968,3109.2161,5923.4561
157,151,34,-332.954,2783.968,5470.3022
155,151,34,-1149.1121,2445.168,4838.0503
153,151,34,-1762.1321,2100.5601,4118.0522
151,151,34,-2204.468,1748.208,3366.802
149,151,34,-2512.1799,1397.792,2627.572
147,151,34,-2724.9341,1041.568,1895.5541
145,151,34,-2866.77,679.536,1177.96
143,151,34,-2950.9102,317.504,465.174
141,151,34,-2990.5762,-44.528,-241.602
139,151,34,-2983.364,-404.624,-948.378
137,151,34,-2928.072,-758.912,-1675.588
135,151,34,-2813.8821,-1113.2,-2434.05
133,151,34,-2615.552,-1457.808,-3221.3601
131,151,34,-2305.436,-1796.608,-4044.73
129,151,34,-1849.8781,-2121.856,-4871.7061
127,151,34,-1187.576,-2435.488,-5686.6621
125,151,34,-287.278,-2735.5679,-6415.0742
123,151,34,884.672,-3016.2881,-6951.166
121,151,34,2281.396,-3275.7119,-7151.8999
119,151,34,3789.906,-3509.968,-6910.2983
117,151,34,5244.3262,-3720.9919,-6172.27
115,151,34,6457.144,-3910.72,-4975.0781
113,151,34,7293.7363,-4073.344,-3470.1741
111,151,34,7703.6182,-4204.9922,-1813.818
109,151,34,7704.8203,-4311.4722,-163.472
107,151,34,7334.604,-4388.9121,1397.926
105,151,34,6653.0703,-4435.376,2764.6001
103,151,34,5726.3281,-4448.9277,3876.45
101,151,34,4639.7202,-4421.8242,4670.9722
99,151,34,3514.6479,-4356.0,5127.7319
97,151,34,2434.05,-4245.6479,5283.9922
95,151,34,1486.874,-4102.3838,5199.8521
93,151,34,707.978,-3928.144,4958.25
91,151,34,94.958,-3732.6079,4630.104
89,151,34,-369.014,-3527.3921,4268.3022
87,151,34,-718.796,-3316.3679,3898.0862
85,151,34,-971.216,-3103.408,3538.688
83,151,34,-1151.516,-2894.3201,3202.1282
81,151,34,-1271.7161,-2694.9119,2894.416
79,151,34,-1347.442,-2507.1199,2616.7542
79,149,34,-1530.146,-2464.5281,2770.6101
81,149,34,-1466.4401,-2650.384,3061.4941
83,149,34,-1355.8561,-2851.728,3390.842
85,149,34,-1187.576,-3058.8799,3752.644
87,149,34,-939.964,-3269.9041,4139.688
89,149,34,-596.192,-3484.8,4545.9639
91,149,34,-129.816,-3691.9519,4947.4321
93,149,34,489.214,-3891.3599,5316.4463
95,149,34,1284.938,-4069.4719,5596.5122
97,149,34,2250.144,-4220.48,5716.7119
99,149,34,3361.9941,-4336.6401,5592.9062
101,149,34,4524.3281,-4417.9521,5160.186
103,149,34,5650.6021,-4464.416,4380.0879
105,149,34,6619.4141,-4479.9038,3276.6521
107,149,34,7350.23,-4468.2881,1901.5641
109,149,34,7763.7183,-4427.6318,337.762
111,149,34,7815.4043,-4363.7441,-1324.604
113,149,34,7453.6021,-4266.9438,-2994.1821
115,149,34,6661.4839,-4141.104,-4531.54
117,149,34,5497.9482,-3988.1599,-5757.5801
119,149,34,4074.78,-3796.4961,-6546.0923
121,149,34,2598.7241,-3571.9199,-6835.7739
123,149,34,1216.4241,-3314.4319,-6674.7061
125,149,34,61.302,-3020.1599,-6184.29
127,149,34,-832.986,-2702.656,-5499.1499
129,149,34,-1480.864,-2361.9199,-4725.062
131,149,34,-1931.614,-2005.696,-3928.136
133,149,34,-2234.5181,-1633.984,-3143.23
135,149,34,-2428.04,-1248.72,-2382.364
137,149,34,-2539.8259,-859.584,-1659.962
139,149,34,-2593.916,-462.704,-960.398
141,149,34,-2599.926,-63.888,-283.672
143,149,34,-2567.4722,336.864,388.246
145,149,34,-2485.7361,739.552,1067.376
147,149,34,-2353.5161,1140.304,1756.1221
149,149,34,-2149.176,1535.248,2456.8879
151,149,34,-1851.0801,1920.512,3166.0681
153,149,34,-1425.572,2301.9041,3886.0662
155,149,34,-830.582,2675.552,4577.2163
157,149,34,-39.666,3031.7759,5177.0142
159,149,34,968.812,3372.512,5606.1279
161,149,34,2158.792,3684.208,5751.5703
163,149,34,3450.9421,3966.864,5517.1802
165,149,34,4697.416,4210.7998,4856.0801
167,149,34,5729.9341,4402.4639,3806.7341
169,149,34,6442.7202,4547.6641,2477.322
171,149,34,6786.4922,4644.4639,1028.912
173,149,34,6769.6641,4694.7998,-457.962
175,149,34,6424.6899,4708.3521,-1855.8881
177,149,34,5794.8423,4681.248,-3092.7461
179,149,34,4941.4219,4619.2959,-4098.8203
181,149,34,3938.9541,4522.4961,-4828.4341
183,149,34,2875.1841,4392.7842,-5249.1343
185,149,34,1845.0701,4230.1602,-5378.9502
187,149,34,945.974,4046.24,-5274.376
189,149,34,205.542,3839.0879,-5008.7339
191,149,34,-365.408,3626.1279,-4666.1641
193,149,34,-795.724,3405.4241,-4281.5239
195,149,34,-1109.446,3184.72,-3895.6821
197,149,34,-1327.0081,2971.76,-3529.072
199,149,34,-1473.652,2766.5439,-3187.7041
201,149,34,-1565.004,2571.0081,-2876.386
203,149,34,-1615.488,2385.1521,-2595.1182
205,149,34,-1635.922,2210.9121,-2340.2939
205,147,34,-1804.202,2156.7041,-2468.908
203,147,34,-1795.7881,2327.072,-2732.146
201,147,34,-1757.324,2512.928,-3030.2419
199,147,34,-1676.79,2704.592,-3358.3879
197,147,34,-1539.7621,2911.7439,-3722.594
195,147,34,-1330.614,3124.7041,-4115.6479
193,147,34,-1021.7,3347.344,-4531.54
191,147,34,-590.182,3571.9199,-4949.8359
189,147,34,-13.222,3790.688,-5329.668
187,147,34,734.422,4001.7119,-5625.3599
185,147,34,1653.952,4197.248,-5762.3882
183,147,34,2697.2881,4369.5518,-5661.4199
181,147,34,3792.3101,4518.624,-5265.9619
179,147,34,4827.2319,4636.7202,-4561.5898
177,147,34,5720.3179,4725.7759,-3561.5261
175,147,34,6383.8223,4781.9199,-2335.4861
173,147,34,6767.2603,4809.0239,-944.772
171,147,34,6829.7642,4799.3437,525.274
169,147,34,6538.8799,4741.2642,1977.29
167,147,34,5887.396,4632.8481,3311.51
165,147,34,4908.9683,4468.2881,4384.896
163,147,34,3717.7861,4247.584,5082.0562
161,147,34,2466.5042,3974.6079,5359.7183
159,147,34,1311.3821,3660.9761,5255.144
157,147,34,331.752,3308.624,4874.1099
155,147,34,-441.134,2929.168,4317.584
153,147,34,-1019.296,2530.3521,3669.7061
151,147,34,-1435.188,2116.0481,2994.1821
149,147,34,-1726.072,1692.064,2325.8701
147,147,34,-1924.402,1256.464,1662.3661
145,147,34,-2056.6221,816.992,1015.69
143,147,34,-2135.9541,375.584,378.63
141,147,34,-2170.812,-67.76,-253.622
139,147,34,-2167.2061,-507.232,-890.682
137,147,34,-2116.7219,-944.768,-1545.772
135,147,34,-2010.946,-1374.5599,-2229.71
133,147,34,-1828.2421,-1798.5439,-2944.9001
131,147,34,-1538.5601,-2208.9761,-3694.948
129,147,34,-1108.244,-2598.1121,-4448.6021
127,147,34,-482.002,-2969.824,-5192.6401
125,147,34,375.024,-3310.5601,-5848.9321
123,147,34,1491.682,-3618.384,-6315.3081
121,147,34,2824.7,-3881.6799,-6457.144
119,147,34,4269.5039,-4096.5762,-6157.8462
117,147,34,5639.7842,-4266.9438,-5370.5361
115,147,34,6767.2603,-4390.8481,-4140.8901
113,147,34,7520.9141,-4474.0962,-2613.1479
111,147,34,7857.4741,-4526.3682,-937.56
109,147,34,7786.5562,-4541.856,719.998
107,147,34,7349.0283,-4539.9199,2294.6179
105,147,34,6603.7881,-4516.688,3668.5042
103,147,34,5609.7339,-4472.1602,4783.96
101,147,34,4461.8242,-4404.3999,5568.8662
99,147,34,3267.0361,-4309.5361,6010.0
97,147,34,2122.7319,-4183.6958,6132.604
95,147,34,1122.668,-4024.9441,5994.374
93,147,34,304.106,-3842.96,5691.4702
91,147,34,-332.954,-3641.616,5292.4062
89,147,34,-807.744,-3434.4639,4862.0903
87,147,34,-1155.1221,-3219.5679,4426.9663
85,147,34,-1400.3301,-3004.6719,4005.064
83,147,34,-1562.6,-2795.584,3614.4141
81,147,34,-1664.77,-2596.176,3257.4202
79,147,34,-1720.062,-2406.448,2934.082
79,145,34,-1902.766,-2334.8159,3079.5242
81,145,34,-1860.696,-2518.7361,3412.478
83,145,34,-1770.546,-2718.144,3786.3
85,145,34,-1616.6901,-2925.2959,4199.7881
87,145,34,-1382.3,-3138.2561,4644.5283
89,145,34,-1039.73,-3353.1521,5112.106
91,145,34,-566.142,-3566.1121,5576.0781
93,145,34,74.524,-3771.3279,6008.7983
95,145,34,906.308,-3961.0559,6344.1562
97,145,34,1923.2001,-4129.4878,6508.8301
99,145,34,3091.5439,-4270.8159,6410.2661
101,145,34,4307.9683,-4386.9761,5989.5659
103,145,34,5485.9282,-4481.8398,5211.8721
105,145,34,6502.8203,-4561.2158,4112.042
107,145,34,7278.1104,-4627.04,2753.782
109,145,34,7752.8999,-4679.312,1200.798
111,145,34,7869.4941,-4710.2881,-448.346
113,145,34,7589.4282,-4706.416,-2098.6921
115,145,34,6899.48,-4663.8242,-3624.03
117,145,34,5840.5181,-4570.896,-4860.8882
119,145,34,4519.52,-4423.7598,-5686.6621
121,145,34,3138.4221,-4216.6079,-6019.6162
123,145,34,1842.666,-3945.5679,-5919.8501
125,145,34,763.27,-3624.1919,-5502.7559
127,145,34,-72.12,-3256.3521,-4898.1499
129,145,34,-673.12,-2857.5359,-4209.4043
131,145,34,-1091.416,-2427.7439,-3497.8201
133,145,34,-1367.876,-1982.464,-2798.2561
135,145,34,-1544.5701,-1517.824,-2128.7419
137,145,34,-1645.5381,-1043.504,-1490.48
139,145,34,-1693.618,-565.312,-877.46
141,145,34,-1697.224,-87.12,-289.682
143,145,34,-1664.77,394.944,294.49
145,145,34,-1591.448,880.88,885.874
147,145,34,-1467.642,1361.0079,1489.2781
149,145,34,-1278.928,1835.328,2105.9041
151,145,34,-1006.074,2296.0959,2728.54
153,145,34,-613.02,2745.248,3359.5901
155,145,34,-64.908,3176.9761,3960.5901
157,145,34,670.716,3579.6641,4478.6519
159,145,34,1607.074,3949.4399,4832.04
161,145,34,2705.7021,4270.8159,4912.5742
163,145,34,3899.2881,4536.0479,4628.9019
165,145,34,5033.9761,4741.2642,3937.752
167,145,34,5958.314,4880.6558,2879.9919
169,145,34,6573.7383,4954.2241,1561.3981
171,145,34,6829.7642,4973.584,137.028
173,145,34,6743.2202,4946.48,-1316.1901
175,145,34,6344.1562,4882.5918,-2688.874
177,145,34,5665.0259,4785.792,-3914.9141
179,145,34,4756.314,4661.8882,-4919.7861
181,145,34,3699.7561,4518.624,-5633.7739
183,145,34,2584.3,4350.1919,-6034.04
185,145,34,1506.1061,4158.5278,-6128.998
187,145,34,567.344,3953.312,-5978.748
189,145,34,-205.542,3730.6719,-5657.814
191,145,34,-793.32,3508.032,-5256.3462
193,145,34,-1228.444,3283.4561,-4816.4141
195,145,34,-1534.954,3060.8159,-4375.2803
197,145,34,-1741.698,2845.9199,-3955.782
199,145,34,-1871.514,2638.7681,-3565.1321
201,145,34,-1942.432,2445.168,-3214.1479
203,145,34,-1972.4821,2261.248,-2894.416
205,145,34,-1970.078,2088.9441,-2603.532
205,143,34,-2133.55,2011.504,-2721.3281
203,143,34,-2149.176,2179.936,-3017.02
201,143,34,-2132.3481,2361.9199,-3349.9741
199,143,34,-2072.248,2555.52,-3720.1902
197,143,34,-1953.25,2760.7361,-4130.0723
195,143,34,-1754.92,2975.6321,-4572.4082
193,143,34,-1453.218,3202.144,-5039.9863
191,143,34,-1025.306,3430.592,-5508.7661
189,143,34,-437.528,3662.9119,-5945.0923
187,143,34,335.358,3897.168,-6294.874
185,143,34,1284.938,4121.7441,-6472.77
183,143,34,2367.9399,4334.7041,-6403.0542
181,143,34,3507.436,4532.1758,-6030.4341
179,143,34,4582.0239,4712.2241,-5341.688
177,143,34,5513.5742,4874.8481,-4362.0581
175,143,34,6220.3501,5014.2397,-3164.866
173,143,34,6657.8779,5120.7202,-1811.4141
171,143,34,6791.3003,5188.48,-390.65
169,143,34,6592.9702,5205.9038,1015.69
167,143,34,6049.666,5161.376,2313.8501
165,143,34,5196.2461,5047.1519,3372.812
163,143,34,4137.2842,4855.4878,4081.9922
161,143,34,3011.01,4590.2559,4400.522
159,143,34,1964.068,4261.1357,4362.0581
157,143,34,1073.386,3872.0,4061.5581
155,143,34,375.024,3442.208,3599.99
153,143,34,-147.846,2977.5679,3055.4841
151,143,34,-521.668,2491.6321,2482.1301
149,143,34,-782.502,1992.144,1912.3821
147,143,34,-962.802,1479.104,1355.8561
145,143,34,-1080.598,958.32,810.148
143,143,34,-1151.516,433.664,277.662
141,143,34,-1185.172,-89.056,-254.824
139,143,34,-1181.566,-609.84,-790.916
137,143,34,-1139.496,-1128.688,-1346.24
135,143,34,-1044.538,-1641.728,-1929.2101
133,143,34,-879.864,-2147.0239,-2542.23
131,143,34,-619.03,-2638.7681,-3185.3
129,143,34,-228.38,-3101.4719,-3842.7942
127,143,34,340.166,-3540.9441,-4487.0659
125,143,34,1120.264,-3937.824,-5048.3999
123,143,34,2145.5701,-4284.3682,-5436.646
121,143,34,3369.2061,-4565.0879,-5511.1699
119,143,34,4686.5981,-4772.2397,-5174.6099
117,143,34,5933.0723,-4907.7598,-4372.876
115,143,34,6934.3379,-4973.584,-3157.6541
113,143,34,7572.6001,-4975.52,-1669.578
111,143,34,7814.2021,-4930.9922,-42.07
109,143,34,7674.77,-4853.5518,1569.812
107,143,34,7186.7583,-4752.8799,3101.1602
105,143,34,6406.6602,-4640.5918,4448.6021
103,143,34,5382.5562,-4522.4961,5548.4321
101,143,34,4196.1821,-4390.8481,6332.1362
99,143,34,2954.5161,-4247.584,6764.856
97,143,34,1770.546,-4083.0239,6864.6221
95,143,34,726.008,-3899.104,6695.1401
93,143,34,-122.604,-3697.76,6339.3481
91,143,34,-776.492,-3486.7361,5886.1943
89,143,34,-1256.09,-3269.9041,5394.5762
87,143,34,-1597.458,-3051.136,4900.5542
85,143,34,-1828.2421,-2836.24,4429.3701
83,143,34,-1973.6841,-2629.0879,3989.438
81,143,34,-2054.218,-2433.552,3587.97
79,143,34,-2086.6721,-2247.696,3226.168
79,141,34,-2264.5681,-2147.0239,3352.3782
81,141,34,-2245.3359,-2327.072,3721.3921
83,141,34,-2179.2261,-2522.6079,4138.4858
85,141,34,-2045.8041,-2727.824,4596.4482
87,141,34,-1827.04,-2944.656,5092.874
89,141,34,-1494.0861,-3165.3599,5612.1382
91,141,34,-1022.902,-3386.064,6126.5942
93,141,34,-370.216,-3612.5759,6609.7983
95,141,34,483.204,-3829.408,6994.438
97,141,34,1530.146,-4036.5601,7187.96
99,141,34,2730.9441,-4232.0962,7112.2339
101,141,34,3981.0242,-4416.0161,6696.3423
103,141,34,5184.2261,-4592.1919,5929.4663
105,141,34,6217.9463,-4764.4961,4859.686
107,141,34,7020.8823,-4930.9922,3543.4961
109,141,34,7535.3384,-5082.0,2069.844
111,141,34,7726.4561,-5209.7759,503.638
113,141,34,7549.7622,-5294.96,-1069.78
115,141,34,6989.6304,-5322.064,-2532.614
117,141,34,6078.5142,-5281.4082,-3732.21
119,141,34,4920.9883,-5155.5679,-4548.3682
121,141,34,3693.7461,-4946.48,-4919.7861
123,141,34,2531.4121,-4648.3359,-4889.7363
125,141,34,1566.2061,-4272.752,-4566.3979
127,141,34,814.956,-3839.0879,-4065.1641
129,141,34,276.46,-3360.896,-3493.012
131,141,34,-94.958,-2855.6001,-2900.426
133,141,34,-343.772,-2323.2,-2322.2642
135,141,34,-501.234,-1777.248,-1770.546
137,141,34,-592.586,-1221.616,-1252.484
139,141,34,-634.656,-664.048,-758.462
141,141,34,-638.262,-106.48,-282.47
143,141,34,-608.212,456.896,187.512
145,141,34,-540.9,1020.272,661.1
147,141,34,-429.114,1579.776,1145.506
149,141,34,-260.834,2129.6001,1637.124
151,141,34,-19.232,2665.8721,2141.9641
153,141,34,328.146,3190.5281,2650.4102
155,141,34,813.754,3691.9519,3136.0181
157,141,34,1464.036,4156.5918,3547.1021
159,141,34,2289.8101,4570.896,3805.532
161,141,34,3262.228,4917.4399,3816.3501
163,141,34,4305.564,5192.3521,3497.8201
165,141,34,5290.002,5378.208,2801.8621
167,141,34,6071.3022,5476.9438,1776.556
169,141,34,6558.1123,5496.3042,516.86
171,141,34,6714.3721,5447.9038,-849.814
173,141,34,6552.1021,5339.4878,-2236.9221
175,141,34,6089.332,5188.48,-3553.1121
177,141,34,5366.9302,5002.624,-4727.4663
179,141,34,4431.7739,4793.5361,-5687.8643
181,141,34,3346.3682,4570.896,-6368.1963
183,141,34,2198.458,4334.7041,-6740.8159
185,141,34,1097.426,4092.7039,-6800.916
187,141,34,132.22,3844.896,-6609.7983
189,141,34,-649.08,3599.0239,-6246.7939
191,141,34,-1236.858,3357.0239,-5796.0439
193,141,34,-1668.376,3118.896,-5306.8301
195,141,34,-1966.472,2888.512,-4816.4141
197,141,34,-2157.5901,2669.7439,-4350.0381
199,141,34,-2268.1741,2462.592,-3919.7222
201,141,34,-2318.658,2270.928,-3527.8701
203,141,34,-2324.668,2088.9441,-3170.876
205,141,34,-2299.426,1922.448,-2848.74
205,139,34,-2455.686,1821.776,-2955.718
203,139,34,-2494.1501,1982.464,-3280.2581
201,139,34,-2503.7661,2162.512,-3648.0701
199,139,34,-2466.5042,2356.1121,-4055.5481
197,139,34,-2369.1421,2561.3279,-4505.0962
195,139,34,-2191.2461,2783.968,-4989.502
193,139,34,-1906.3721,3020.1599,-5502.7559
191,139,34,-1488.076,3266.032,-6018.4141
189,139,34,-906.308,3521.584,-6496.8101
187,139,34,-139.432,3788.752,-6888.6621
185,139,34,819.764,4063.6641,-7117.042
183,139,34,1918.3921,4342.4478,-7089.396
181,139,34,3068.7061,4623.168,-6762.4521
179,139,34,4158.9199,4894.208,-6132.604
177,139,34,5118.1162,5155.5679,-5222.6899
175,139,34,5871.77,5391.7598,-4103.6279
173,139,34,6379.0142,5595.04,-2834.3162
171,139,34,6601.3843,5744.1118,-1496.49
169,139,34,6518.4463,5827.3599,-167.078
167,139,34,6118.1802,5829.2959,1062.568
165,139,34,5431.8379,5740.2397,2081.864
163,139,34,4542.3579,5550.5122,2788.6401
161,139,34,3585.5662,5267.856,3146.8359
159,139,34,2690.0759,4898.0801,3187.7041
157,139,34,1923.2001,4450.8638,2995.384
155,139,34,1314.988,3951.376,2656.4202
153,139,34,861.834,3413.168,2247.74
151,139,34,536.092,2849.792,1817.4241
149,139,34,307.712,2274.8,1387.108
147,139,34,147.846,1688.192,967.61
145,139,34,42.07,1093.84,557.728
143,139,34,-22.838,493.68,155.058
141,139,34,-52.888,-104.544,-246.41
139,139,34,-48.08,-698.896,-651.484
137,139,34,-8.414,-1293.248,-1072.184
135,139,34,76.928,-1885.6639,-1521.7321
133,139,34,224.774,-2472.272,-1995.3201
131,139,34,456.76,-3047.2639,-2501.3621
129,139,34,800.532,-3595.1521,-3013.4141
127,139,34,1300.564,-4119.8081,-3523.062
125,139,34,1989.3101,-4596.064,-3959.3882
123,139,34,2884.8,-5006.4961,-4234.646
121,139,34,3950.9741,-5331.7441,-4233.4438
119,139,34,5088.0659,-5560.1919,-3859.6221
117,139,34,6147.0283,-5689.9038,-3072.312
115,139,34,6974.0039,-5720.8799,-1907.574
113,139,34,7463.2183,-5668.6079,-502.436
111,139,34,7588.2261,-5546.6401,1013.286
109,139,34,7367.0581,-5378.208,2514.584
107,139,34,6832.168,-5176.8638,3943.762
105,139,34,6023.2222,-4956.1602,5223.8921
103,139,34,4982.29,-4723.8398,6272.0361
101,139,34,3782.6941,-4487.6479,7025.6899
99,139,34,2529.0081,-4251.4561,7433.168
97,139,34,1322.2001,-4013.3279,7504.0859
95,139,34,260.834,-3773.2639,7296.1401
93,139,34,-593.788,-3533.2,6899.48
91,139,34,-1247.676,-3293.136,6399.4482
89,139,34,-1717.6581,-3060.8159,5862.1543
87,139,34,-2045.8041,-2832.3679,5318.8501
85,139,34,-2256.1541,-2613.6001,4801.9902
83,139,34,-2378.7581,-2406.448,4318.7861
81,139,34,-2434.05,-2212.8479,3876.45
79,139,34,-2438.8582,-2034.736,3482.1941
79,137,34,-2609.542,-1903.088,3591.5762
81,137,34,-2620.3601,-2075.3921,3993.0442
83,137,34,-2581.896,-2267.0559,4446.1982
85,137,34,-2477.322,-2476.144,4948.6343
87,137,34,-2283.8,-2698.7839,5487.1299
89,137,34,-1973.6841,-2936.9119,6050.8682
91,137,34,-1519.328,-3182.7839,6613.4043
93,137,34,-881.066,-3442.208,7142.2842
95,137,34,-37.262,-3715.1841,7570.1963
97,137,34,1008.478,-3997.8401,7814.2021
99,137,34,2206.8721,-4288.2397,7781.748
101,137,34,3456.9521,-4584.4478,7419.9463
103,137,34,4664.9619,-4888.3999,6717.978
105,137,34,5717.9141,-5190.416,5734.7422
107,137,34,6556.9102,-5475.0078,4523.126
109,137,34,7132.668,-5728.624,3170.876
111,137,34,7417.542,-5941.584,1735.688
113,137,34,7376.6743,-6088.7197,295.692
115,137,34,6989.6304,-6156.48,-1058.962
117,137,34,6281.6523,-6127.4399,-2193.6501
119,137,34,5338.082,-5989.9839,-2998.99
121,137,34,4315.1802,-5734.4321,-3416.084
123,137,34,3334.3481,-5374.3359,-3483.396
125,137,34,2506.1702,-4923.248,-3291.0762
127,137,34,1861.8981,-4400.5278,-2946.1021
129,137,34,1393.118,-3833.28,-2533.8162
131,137,34,1066.1741,-3236.9919,-2109.51
133,137,34,842.602,-2623.28,-1693.618
135,137,34,698.362,-1997.952,-1301.766
137,137,34,611.818,-1370.688,-937.56
139,137,34,569.748,-741.488,-590.182
141,137,34,563.738,-118.096,-262.036
143,137,34,591.384,511.104,61.302
145,137,34,652.686,1140.304,387.044
147,137,34,753.654,1767.568,715.19
149,137,34,905.106,2389.0239,1051.75
151,137,34,1120.264,3000.8,1394.3201
153,137,34,1419.562,3600.96,1742.9
155,137,34,1833.05,4181.7598,2069.844
157,137,34,2382.364,4721.9038,2329.4761
159,137,34,3075.918,5205.9038,2459.292
161,137,34,3881.2581,5608.5918,2376.354
163,137,34,4737.082,5918.3521,2003.734
165,137,34,5521.9883,6117.7598,1307.776
167,137,34,6118.1802,6208.752,322.136
169,137,34,6436.71,6191.3281,-864.238
171,137,34,6457.144,6080.9761,-2131.146
173,137,34,6183.0879,5893.1841,-3410.074
175,137,34,5644.5923,5643.4399,-4613.2759
177,137,34,4868.1001,5349.168,-5680.6523
179,137,34,3907.7021,5033.6001,-6536.4761
181,137,34,2812.6799,4704.48,-7138.6782
183,137,34,1663.568,4375.3599,-7441.582
185,137,34,566.142,4053.9839,-7442.7842
187,137,34,-384.64,3748.0959,-7197.5762
189,137,34,-1151.516,3455.76,-6788.896
191,137,34,-1726.072,3180.8479,-6287.6621
193,137,34,-2138.3582,2919.488,-5753.9741
195,137,34,-2412.4141,2675.552,-5222.6899
197,137,34,-2579.4919,2447.104,-4710.6382
199,137,34,-2663.6321,2238.0159,-4240.6562
201,137,34,-2687.6721,2044.416,-3811.542
203,137,34,-2666.0361,1868.24,-3419.6899
205,137,34,-2614.3501,1705.616,-3067.5042
205,135,34,-2762.196,1577.84,-3163.6641
203,135,34,-2831.9121,1730.7839,-3518.2542
201,135,34,-2870.376,1905.024,-3920.9241
199,135,34,-2865.5681,2094.752,-4364.4619
197,135,34,-2800.6602,2307.7119,-4854.8779
195,135,34,-2654.0161,2538.0959,-5380.1519
193,135,34,-2400.394,2793.6479,-5939.082
191,135,34,-2010.946,3070.4961,-6502.8203
189,135,34,-1458.026,3368.6399,-7037.71
187,135,34,-713.988,3693.8879,-7489.6621
185,135,34,217.562,4044.304,-7779.3442
183,135,34,1283.7361,4414.0801,-7832.2319
181,135,34,2420.8281,4801.2798,-7603.8521
179,135,34,3519.4561,5186.5439,-7082.1841
177,135,34,4503.894,5562.1279,-6309.2983
175,135,34,5316.4463,5908.6719,-5334.4761
173,135,34,5917.4463,6204.8799,-4216.6162
171,135,34,6272.0361,6429.4561,-3012.2122
169,135,34,6350.166,6564.9761,-1800.5961
167,135,34,6143.4219,6590.144,-652.686
165,135,34,5671.0361,6497.2158,328.146
163,135,34,5009.936,6280.3838,1046.942
161,135,34,4262.292,5945.4561,1476.056
159,135,34,3544.698,5504.0479,1634.72
157,135,34,2923.2642,4983.2642,1598.66
155,135,34,2424.4341,4402.4639,1438.7941
153,135,34,2040.9961,3782.9441,1218.828
151,135,34,1757.324,3144.064,973.62
149,135,34,1551.782,2499.376,727.21
147,135,34,1405.1381,1848.88,483.204
145,135,34,1305.3721,1196.448,245.208
143,135,34,1245.272,544.016,9.616
141,135,34,1216.4241,-106.48,-227.178
139,135,34,1224.838,-758.912,-471.184
137,135,34,1269.312,-1413.28,-728.412
135,135,34,1353.452,-2069.584,-1002.468
133,135,34,1496.49,-2725.8879,-1298.16
131,135,34,1708.042,-3380.2561,-1613.084
129,135,34,2014.552,-4017.2,-1935.2201
127,135,34,2446.0701,-4632.8481,-2245.3359
125,135,34,3027.8381,-5205.9038,-2492.948
123,135,34,3770.6741,-5705.3921,-2601.1279
121,135,34,4640.9219,-6113.8882,-2477.322
119,135,34,5550.8359,-6404.2881,-2034.9861
117,135,34,6370.6001,-6572.7197,-1244.0701
115,135,34,6966.792,-6617.248,-144.24
113,135,34,7256.4741,-6547.5518,1149.1121
111,135,34,7219.2119,-6381.0562,2524.2
109,135,34,6876.6421,-6140.9922,3877.6521
107,135,34,6254.0063,-5835.104,5160.186
105,135,34,5390.9702,-5488.5601,6287.6621
103,135,34,4328.4019,-5112.9761,7204.7881
101,135,34,3120.3921,-4729.6479,7844.252
99,135,34,1876.322,-4356.0,8159.1763
97,135,34,694.756,-4001.7119,8151.9644
95,135,34,-331.752,-3670.656,7879.1104
93,135,34,-1158.728,-3360.896,7428.3604
91,135,34,-1784.9701,-3072.4319,6871.834
89,135,34,-2224.9021,-2805.2639,6282.854
87,135,34,-2519.3921,-2557.4561,5695.0762
85,135,34,-2696.0859,-2327.072,5130.1362
83,135,34,-2783.832,-2119.9199,4608.4683
81,135,34,-2804.2661,-1930.192,4130.0723
79,135,34,-2779.0242,-1757.8879,3702.1602
79,133,34,-2936.4861,-1599.136,3793.512
81,133,34,-2982.1621,-1761.76,4225.0303
83,133,34,-2982.1621,-1947.616,4713.042
85,133,34,-2919.658,-2156.7041,5255.144
87,133,34,-2769.408,-2389.0239,5840.5181
89,133,34,-2504.968,-2650.384,6459.5483
91,133,34,-2096.2881,-2936.9119,7079.7803
93,133,34,-1507.308,-3256.3521,7675.9722
95,133,34,-716.392,-3608.7041,8177.2061
97,133,34,275.258,-3995.9041,8513.7666
99,133,34,1427.9761,-4417.9521,8599.1084
101,133,34,2649.208,-4863.2319,8385.1523
103,133,34,3858.4202,-5324.0,7856.272
105,133,34,4951.0381,-5771.2158,7049.73
107,133,34,5866.9619,-6183.584,6028.0303
109,133,34,6556.9102,-6537.8721,4853.6763
111,133,34,6992.0342,-6810.8481,3584.364
113,133,34,7141.082,-6987.0239,2283.8
115,133,34,6982.418,-7052.8481,1037.326
117,133,34,6530.4663,-6988.96,-44.474
119,133,34,5852.5381,-6789.5518,-867.844
121,133,34,5074.8442,-6456.5601,-1379.896
123,133,34,4304.3623,-5999.6641,-1608.276
125,133,34,3636.05,-5445.9678,-1621.498
127,133,34,3097.554,-4828.3838,-1501.298
129,133,34,2692.48,-4170.144,-1319.796
131,133,34,2391.98,-3494.48,-1117.86
133,133,34,2178.0239,-2813.0081,-915.924
135,133,34,2030.178,-2127.6641,-724.806
137,133,34,1936.422,-1452.0,-549.314
139,133,34,1887.14,-780.208,-385.842
141,133,34,1875.12,-116.16,-231.986
143,133,34,1900.3621,549.824,-85.342
145,133,34,1960.462,1219.6801,60.1
147,133,34,2060.228,1889.536,205.542
149,133,34,2205.6699,2559.3921,348.58
151,133,34,2404.0,3229.248,491.618
153,133,34,2670.844,3895.2319,626.242
155,133,34,3020.626,4549.6001,734.422
157,133,34,3468.9722,5171.0562,781.3
159,133,34,4014.6802,5738.3042,718.796
161,133,34,4632.5083,6220.3682,482.002
163,133,34,5263.5581,6595.9521,2.404
165,133,34,5802.0542,6843.7598,-729.614
167,133,34,6151.8359,6954.1118,-1690.0121
169,133,34,6249.1982,6930.8799,-2798.2561
171,133,34,6077.312,6785.6802,-3935.3481
173,133,34,5649.3999,6534.0,-5055.6123
175,133,34,4994.3101,6197.1357,-6082.1201
177,133,34,4146.8999,5798.3198,-6972.8022
179,133,34,3140.8262,5362.7202,-7662.75
181,133,34,2043.4,4913.5679,-8106.2881
183,133,34,925.54,4470.2241,-8273.3662
185,133,34,-132.22,4042.3679,-8165.186
187,133,34,-1037.326,3649.3599,-7834.6362
189,133,34,-1759.728,3285.3921,-7347.8262
191,133,34,-2288.6082,2960.144,-6784.0879
193,133,34,-2658.824,2663.936,-6190.3003
195,133,34,-2890.8101,2394.832,-5603.7241
197,133,34,-3018.2222,2156.7041,-5050.8042
199,133,34,-3065.1001,1941.808,-4537.5503
201,133,34,-3051.8782,1752.08,-4068.77
203,133,34,-2997.7881,1581.712,-3645.666
205,133,34,-2912.446,1430.704,-3262.228
205,131,34,-3048.272,1271.952,-3343.9641
203,131,34,-3151.644,1413.28,-3728.604
201,131,34,-3226.168,1575.9039,-4163.728
199,131,34,-3262.228,1757.8879,-4643.3262
197,131,34,-3242.9961,1970.848,-5178.2163
195,131,34,-3146.8359,2212.8479,-5759.9839
193,131,34,-2946.1021,2491.6321,-6380.2163
191,131,34,-2615.552,2805.2639,-7014.8721
189,131,34,-2125.136,3161.488,-7630.2959
187,131,34,-1447.208,3560.304,-8177.2061
185,131,34,-580.566,4005.584,-8587.0879
183,131,34,437.528,4489.584,-8790.2266
181,131,34,1539.7621,4998.752,-8736.1357
179,131,34,2637.188,5509.856,-8417.6064
177,131,34,3670.908,6005.4722,-7857.4741
175,131,34,4578.418,6450.752,-7091.8003
173,131,34,5317.6479,6822.4639,-6174.6743
171,131,34,5850.1343,7091.5679,-5145.7622
169,131,34,6147.0283,7244.5117,-4067.5681
167,131,34,6192.7041,7260.0,-2995.384
165,131,34,5989.5659,7126.416,-2027.774
163,131,34,5591.7041,6847.6318,-1242.868
161,131,34,5086.8643,6429.4561,-675.524
159,131,34,4566.3979,5906.7358,-319.732
157,131,34,4089.2041,5304.6401,-122.604
155,131,34,3682.928,4648.3359,-33.656
153,131,34,3351.176,3966.864,-7.212
151,131,34,3090.342,3277.6479,-15.626
149,131,34,2890.8101,2596.176,-43.272
147,131,34,2741.762,1914.704,-80.534
145,131,34,2638.3901,1239.04,-122.604
143,131,34,2574.6841,567.248,-169.482
141,131,34,2550.644,-100.672,-221.168
139,131,34,2565.0681,-766.656,-276.46
137,131,34,2620.3601,-1444.256,-340.166
135,131,34,2722.53,-2131.5359,-409.882
133,131,34,2876.386,-2826.5601,-484.406
131,131,34,3092.7461,-3531.2639,-561.334
129,131,34,3381.2261,-4230.1602,-631.05
127,131,34,3763.4622,-4921.312,-671.918
125,131,34,4249.0703,-5581.4878,-649.08
123,131,34,4840.4541,-6187.4561,-503.638
121,131,34,5501.5542,-6696.624,-167.078
119,131,34,6149.4321,-7083.8237,423.104
117,131,34,6680.7163,-7329.6958,1283.7361
115,131,34,6993.2363,-7428.4321,2360.728
113,131,34,7020.8823,-7381.9678,3563.9302
111,131,34,6758.8462,-7203.856,4804.394
109,131,34,6227.562,-6911.52,5979.9502
107,131,34,5453.4741,-6514.6401,7054.5381
105,131,34,4484.6621,-6046.1279,7950.0283
103,131,34,3360.792,-5525.3437,8626.7539
101,131,34,2156.3879,-4991.0078,9029.4238
99,131,34,956.792,-4468.2881,9137.6045
97,131,34,-158.664,-3978.48,8959.708
95,131,34,-1114.254,-3529.3279,8548.624
93,131,34,-1865.504,-3132.448,7990.896
91,131,34,-2414.8181,-2782.032,7346.624
89,131,34,-2789.842,-2474.208,6687.9282
87,131,34,-3020.626,-2201.2319,6036.4443
85,131,34,-3142.0281,-1965.04,5421.02
83,131,34,-3179.29,-1755.952,4854.8779
81,131,34,-3156.4521,-1575.9039,4340.4219
79,131,34,-3089.1401,-1419.088,3880.0562
79,129,34,-3228.572,-1223.552,3948.5701
81,129,34,-3316.3181,-1368.752,4410.1382
83,129,34,-3366.802,-1537.184,4937.8159
85,129,34,-3361.9941,-1738.528,5525.5942
87,129,34,-3279.0562,-1974.72,6169.8662
89,129,34,-3093.948,-2249.6321,6862.2183
91,129,34,-2773.0142,-2571.0081,7572.6001
93,129,34,-2280.1941,-2946.592,8281.7803
95,129,34,-1590.246,-3384.1279,8933.2646
97,129,34,-700.766,-3879.7439,9453.7305
99,129,34,366.61,-4429.5679,9775.8662
101,129,34,1542.166,-5016.1758,9828.7539
103,129,34,2754.9841,-5618.272,9603.9805
105,129,34,3920.9241,-6195.2002,9100.3418
107,129,34,4971.4722,-6714.0479,8357.5059
109,129,34,5847.73,-7145.7759,7418.7441
111,129,34,6510.0322,-7459.4082,6338.146
113,129,34,6919.9141,-7641.3921,5166.1963
115,129,34,7052.1343,-7672.3682,3978.6201
117,129,34,6910.2983,-7544.5918,2877.5881
119,129,34,6537.6782,-7258.064,1943.634
121,129,34,6026.8281,-6828.272,1233.2521
123,129,34,5472.7061,-6274.5762,738.028
125,129,34,4947.4321,-5633.7598,418.296
127,129,34,4491.874,-4940.6719,222.37
129,129,34,4119.2539,-4228.2241,102.17
131,129,34,3824.7642,-3515.7759,25.242
133,129,34,3595.1821,-2807.2,-28.848
135,129,34,3426.9021,-2112.176,-72.12
137,129,34,3311.51,-1432.64,-109.382
139,129,34,3245.4001,-764.72,-147.846
141,129,34,3223.7642,-108.416,-188.714
143,129,34,3246.6021,549.824,-233.188
145,129,34,3312.7122,1213.8719,-286.076
147,129,34,3424.498,1883.728,-348.58
149,129,34,3579.5562,2561.3279,-423.104
151,129,34,3785.0981,3244.7361,-519.264
153,129,34,4043.5281,3939.76,-645.474
155,129,34,4358.4521,4640.5918,-817.36
157,129,34,4728.668,5318.1919,-1060.1641
159,129,34,5144.5601,5957.0718,-1408.744
161,129,34,5570.0679,6520.4478,-1900.3621
163,129,34,5952.3042,6979.2798,-2577.0881
165,129,34,6210.7339,7302.5918,-3430.5081
167,129,34,6268.4302,7471.0239,-4414.9463
169,129,34,6085.7261,7476.832,-5470.3022
171,129,34,5663.8242,7333.5679,-6488.396
173,129,34,5020.7539,7052.8481,-7435.5723
175,129,34,4188.9702,6657.9038,-8250.5283
177,129,34,3217.7542,6171.9678,-8889.9922
179,129,34,2147.9741,5627.9521,-9319.1064
181,129,34,1036.124,5056.832,-9504.2139
183,129,34,-52.888,4483.7759,-9439.3066
185,129,34,-1043.3361,3939.76,-9125.584
187,129,34,-1864.302,3448.0159,-8631.5625
189,129,34,-2500.1602,3010.48,-8013.7344
191,129,34,-2948.5061,2627.1521,-7343.0181
193,129,34,-3241.7939,2298.032,-6657.8779
195,129,34,-3410.074,2011.504,-5995.5762
197,129,34,-3474.9822,1765.632,-5376.5459
199,129,34,-3466.5681,1558.48,-4812.8081
201,129,34,-3405.2661,1378.432,-4303.1602
203,129,34,-3310.3081,1225.488,-3841.592
205,129,34,-3188.906,1091.9041,-3429.3062
205,127,34,-3300.6921,896.368,-3488.2041
203,127,34,-3440.124,1012.528,-3901.6921
201,127,34,-3561.5261,1149.984,-4372.876
199,127,34,-3650.4741,1314.5439,-4900.5542
197,127,34,-3692.5439,1510.08,-5489.5342
195,127,34,-3669.7061,1744.3359,-6139.8159
193,127,34,-3551.9102,2026.9919,-6850.1982
191,127,34,-3315.116,2361.9199,-7593.0342
189,127,34,-2924.4661,2756.864,-8349.0918
187,127,34,-2354.718,3217.6321,-9066.6865
185,127,34,-1591.448,3748.0959,-9695.332
183,127,34,-650.282,4330.832,-10158.1025
181,127,34,420.7,4950.3521,-10405.7139
179,127,34,1543.368,5567.936,-10402.1084
177,127,34,2663.6321,6156.48,-10154.4961
175,127,34,3717.7861,6675.3281,-9678.5039
173,127,34,4657.75,7085.7598,-8994.5664
171,127,34,5439.0503,7370.3521,-8142.3481
169,127,34,6016.0103,7503.936,-7167.5264
167,127,34,6363.3882,7478.7681,-6120.584
165,127,34,6469.1641,7287.104,-5082.0562
163,127,34,6364.5903,6938.624,-4131.2739
161,127,34,6107.3623,6454.624,-3307.9041
159,127,34,5769.6001,5871.8882,-2641.9961
157,127,34,5407.7983,5225.2642,-2113.116
155,127,34,5062.8242,4539.9199,-1693.618
153,127,34,4751.5059,3846.832,-1357.058
151,127,34,4484.6621,3161.488,-1086.608
149,127,34,4265.8979,2493.5679,-861.834
147,127,34,4096.416,1835.328,-667.11
145,127,34,3972.6101,1188.704,-497.628
143,127,34,3899.2881,551.76,-344.974
141,127,34,3875.248,-81.312,-200.734
139,127,34,3900.49,-714.384,-62.504
137,127,34,3977.418,-1359.072,79.332
135,127,34,4108.436,-2015.376,233.188
133,127,34,4293.5439,-2689.104,400.266
131,127,34,4537.5503,-3382.1919,596.192
129,127,34,4840.4541,-4083.0239,829.38
127,127,34,5210.6699,-4795.4722,1126.274
125,127,34,5637.3799,-5496.3042,1513.318
123,127,34,6104.958,-6158.416,2025.37
121,127,34,6561.7183,-6741.1519,2699.6921
119,127,34,6941.5503,-7207.728,3560.324
117,127,34,7159.1123,-7531.04,4601.2559
115,127,34,7138.6782,-7689.792,5751.5703
113,127,34,6848.9961,-7682.0479,6935.54
111,127,34,6284.0562,-7505.8721,8064.2183
109,127,34,5494.3423,-7190.3042,9054.666
107,127,34,4500.2881,-6735.3437,9864.8145
105,127,34,3369.2061,-6185.52,10442.9766
103,127,34,2155.186,-5566.0,10760.3037
101,127,34,931.55,-4921.312,10798.7686
99,127,34,-225.976,-4286.3042,10566.7822
97,127,34,-1247.676,-3691.9519,10091.9922
95,127,34,-2079.46,-3159.552,9439.3066
93,127,34,-2708.106,-2691.04,8677.2383
91,127,34,-3138.4221,-2298.032,7886.3223
89,127,34,-3408.8721,-1972.7839,7114.6382
87,127,34,-3551.9102,-1699.808,6379.0142
85,127,34,-3595.1821,-1475.2319,5693.874
83,127,34,-3566.334,-1287.4399,5073.6421
81,127,34,-3488.2041,-1132.5599,4521.9243
79,127,34,-3376.418,-1002.848,4030.3062
79,125,34,-3483.396,-762.784,4067.5681
81,125,34,-3615.616,-869.264,4557.9839
83,125,34,-3721.3921,-1002.848,5124.126
85,125,34,-3787.502,-1167.408,5764.792
87,125,34,-3791.1082,-1368.752,6479.9819
89,125,34,-3709.3721,-1620.432,7269.6963
91,125,34,-3509.8401,-1926.3199,8109.894
93,125,34,-3156.4521,-2303.8401,8995.7686
95,125,34,-2616.7542,-2756.864,9879.2383
97,125,34,-1865.504,-3287.3279,10694.1943
99,125,34,-907.51,-3891.3599,11363.708
101,125,34,212.754,-4534.1118,11737.5303
103,125,34,1450.8141,-5192.3521,11888.9824
105,125,34,2715.3181,-5821.5518,11821.6699
107,125,34,3940.156,-6381.0562,11518.7666
109,125,34,5060.4199,-6839.8882,10900.9385
111,125,34,6010.0,-7169.0078,10021.0742
113,125,34,6744.4224,-7341.312,8947.6885
115,125,34,7224.02,-7356.7998,7750.4961
117,125,34,7427.1582,-7192.2397,6523.2539
119,125,34,7377.876,-6866.9922,5348.8999
121,125,34,7133.8701,-6404.2881,4310.3721
123,125,34,6769.6641,-5833.168,3422.094
125,125,34,6358.5801,-5194.2881,2686.47
127,125,34,5951.1021,-4522.4961,2093.884
129,125,34,5577.2803,-3841.0239,1613.084
131,125,34,5257.5483,-3176.9761,1217.626
133,125,34,4991.9062,-2524.5439,881.066
135,125,34,4785.1621,-1891.472,586.576
137,125,34,4637.3159,-1277.76,323.338
139,125,34,4547.166,-675.664,78.13
141,125,34,4515.9141,-85.184,-158.664
143,125,34,4537.5503,507.232,-399.064
145,125,34,4618.084,1105.4561,-651.484
147,125,34,4751.5059,1713.36,-929.146
149,125,34,4935.4121,2330.9441,-1236.858
151,125,34,5168.6001,2962.0801,-1592.65
153,125,34,5446.2622,3612.5759,-2012.1481
155,125,34,5761.186,4274.688,-2513.3821
157,125,34,6092.938,4934.8638,-3117.988
159,125,34,6412.6699,5571.8081,-3843.9961
161,125,34,6679.5142,6150.6719,-4701.022
163,125,34,6827.3604,6640.48,-5690.2681
165,125,34,6794.9062,7000.5762,-6785.29
167,125,34,6536.4761,7211.6001,-7906.7563
169,125,34,6028.0303,7254.1919,-8987.3545
171,125,34,5294.8101,7138.0317,-9948.9541
173,125,34,4372.876,6861.1841,-10730.2539
175,125,34,3311.51,6454.624,-11285.5781
177,125,34,2156.3879,5928.0317,-11570.4521
179,125,34,971.216,5322.064,-11620.9365
181,125,34,-177.896,4681.248,-11468.2822
183,125,34,-1234.454,4042.3679,-11059.6025
185,125,34,-2139.5601,3434.4639,-10423.7441
187,125,34,-2848.74,2892.384,-9652.0605
189,125,34,-3357.186,2425.8081,-8811.8623
191,125,34,-3686.5342,2034.736,-7965.6543
193,125,34,-3869.238,1707.552,-7147.0923
195,125,34,-3937.752,1440.384,-6385.0239
197,125,34,-3922.126,1223.552,-5685.46
199,125,34,-3843.9961,1045.4399,-5058.0161
201,125,34,-3728.604,900.24,-4500.2881
203,125,34,-3584.364,782.144,-4002.6602
205,125,34,-3424.498,683.408,-3563.9302
205,123,34,-3497.8201,451.088,-3593.98
203,123,34,-3674.5142,522.72,-4030.3062
201,123,34,-3841.592,611.776,-4536.3481
199,123,34,-3985.832,727.936,-5107.2979
197,123,34,-4098.8203,871.2,-5757.5801
195,123,34,-4160.1221,1055.12,-6484.79
193,123,34,-4146.8999,1285.504,-7299.7461
191,123,34,-4030.3062,1573.968,-8186.8223
189,123,34,-3776.6841,1928.256,-9129.1904
187,123,34,-3345.166,2361.9199,-10102.8105
185,123,34,-2709.3081,2874.96,-11045.1777
183,123,34,-1858.292,3453.824,-11786.8125
181,123,34,-824.572,4069.4719,-12282.0361
179,123,34,344.974,4687.0562,-12578.9307
177,123,34,1591.448,5271.728,-12661.8682
175,123,34,2839.124,5780.896,-12576.5264
173,123,34,4026.7002,6175.8398,-12265.208
171,123,34,5092.874,6441.0718,-11733.9238
169,123,34,5981.1523,6559.168,-10896.1299
167,123,34,6655.4741,6522.3838,-9778.2705
165,123,34,7082.1841,6334.5918,-8563.0479
163,123,34,7254.0703,6005.4722,-7326.1899
161,123,34,7215.606,5564.064,-6150.6343
159,123,34,7023.2861,5041.3437,-5090.4702
157,123,34,6739.6143,4468.2881,-4160.1221
155,123,34,6416.2759,3873.936,-3368.0042
153,123,34,6096.5439,3277.6479,-2700.894
151,123,34,5803.2563,2689.104,-2134.752
149,123,34,5553.2402,2121.856,-1653.952
147,123,34,5353.708,1564.288,-1232.05
145,123,34,5205.8623,1016.4,-855.824
143,123,34,5118.1162,476.256,-508.446
141,123,34,5094.0762,-60.016,-176.694
139,123,34,5128.9341,-592.416,151.452
137,123,34,5227.498,-1136.432,491.618
135,123,34,5388.5659,-1688.192,858.228
133,123,34,5612.1382,-2255.4399,1266.9081
131,123,34,5899.416,-2840.1121,1741.698
129,123,34,6234.7739,-3434.4639,2289.8101
127,123,34,6615.8081,-4044.304,2953.314
125,123,34,7008.8623,-4650.272,3745.4321
123,123,34,7380.2803,-5227.2002,4691.4062
121,123,34,7665.1543,-5742.1758,5792.438
119,123,34,7792.5659,-6156.48,7023.2861
117,123,34,7695.2041,-6452.688,8345.4863
115,123,34,7330.998,-6592.0801,9670.0898
113,123,34,6685.5239,-6570.7842,10897.332
111,123,34,5791.2363,-6394.6079,11837.2959
109,123,34,4703.4263,-6073.2319,12432.2861
107,123,34,3465.366,-5629.8882,12744.8066
105,123,34,2151.5801,-5093.6162,12849.3799
103,123,34,828.178,-4489.584,12794.0879
101,123,34,-423.104,-3864.2559,12558.4961
99,123,34,-1521.7321,-3258.2881,12062.0703
97,123,34,-2426.8381,-2696.8479,11372.1221
95,123,34,-3107.1702,-2208.9761,10399.7041
93,123,34,-3573.5461,-1798.5439,9386.418
91,123,34,-3859.6221,-1461.6799,8409.1924
89,123,34,-3999.054,-1196.448,7495.6724
87,123,34,-4030.3062,-985.424,6654.272
85,123,34,-3984.6301,-818.928,5897.0122
83,123,34,-3884.864,-689.216,5229.9019
81,123,34,-3747.8362,-586.608,4633.71
79,123,34,-3593.98,-509.168,4121.6582
79,123,36,-3137.22,-495.616,3994.2461
81,123,36,-3230.9761,-567.248,4447.3999
83,123,36,-3300.6921,-658.24,4967.8662
85,123,36,-3331.9441,-770.528,5549.6343
87,123,36,-3309.106,-911.856,6190.3003
89,123,36,-3212.946,-1086.0959,6892.2681
91,123,36,-3020.626,-1299.056,7632.7002
93,123,36,-2710.51,-1562.3521,8406.7881
95,123,36,-2258.5581,-1874.048,9182.0781
97,123,36,-1650.3461,-2234.144,9909.2881
99,123,36,-885.874,-2642.6399,10539.1357
101,123,36,8.414,-3072.4319,11012.7246
103,123,36,1004.872,-3517.7119,11287.9824
105,123,36,2051.814,-3945.5679,11339.668
107,123,36,3090.342,-4336.6401,11149.752
109,123,36,4069.9722,-4669.6318,10717.0322
111,123,36,4935.4121,-4917.4399,10081.1738
113,123,36,5653.0059,-5066.5122,9254.1982
115,123,36,6181.8862,-5105.2319,8292.5986
117,123,36,6511.2339,-5033.6001,7260.0801
119,123,36,6643.4541,-4847.7441,6217.9463
121,123,36,6611.0,-4568.96,5225.0942
123,123,36,6452.3359,-4208.8638,4309.1699
125,123,36,6217.9463,-3796.4961,3501.426
127,123,36,5947.4961,-3345.408,2804.2661
129,123,36,5672.2383,-2873.0239,2205.6699
131,123,36,5421.02,-2400.6399,1698.426
133,123,36,5199.8521,-1922.448,1252.484
135,123,36,5023.1582,-1450.064,858.228
137,123,36,4893.3423,-983.488,503.638
139,123,36,4810.4043,-520.784,170.684
141,123,36,4780.354,-61.952,-149.048
143,123,36,4798.3843,396.88,-472.386
145,123,36,4865.6963,859.584,-810.148
147,123,36,4976.2803,1324.224,-1171.9501
149,123,36,5128.9341,1790.8,-1571.014
151,123,36,5316.4463,2257.376,-2018.1581
153,123,36,5530.4023,2729.76,-2535.0181
155,123,36,5756.3779,3198.272,-3136.0181
157,123,36,5973.9399,3653.2319,-3824.7642
159,123,36,6149.4321,4073.344,-4612.0742
161,123,36,6244.3901,4446.9922,-5489.5342
163,123,36,6220.3501,4752.8799,-6440.3159
165,123,36,6043.6562,4971.6479,-7433.168
167,123,36,5681.854,5087.8081,-8406.7881
169,123,36,5133.7422,5089.7441,-9310.6924
171,123,36,4424.562,4989.0718,-10066.75
173,123,36,3572.344,4779.9839,-10652.124
175,123,36,2620.3601,4485.7119,-11034.3604
177,123,36,1615.488,4112.064,-11190.6201
179,123,36,614.222,3695.824,-11126.9141
181,123,36,-334.156,3252.48,-10848.0498
183,123,36,-1193.5861,2805.2639,-10386.4824
185,123,36,-1921.998,2387.0879,-9771.0586
187,123,36,-2498.958,2007.632,-9066.6865
189,123,36,-2924.4661,1674.64,-8305.8203
191,123,36,-3211.7441,1397.792,-7553.3682
193,123,36,-3384.832,1165.472,-6822.5522
195,123,36,-3465.366,973.808,-6133.8062
197,123,36,-3473.78,816.992,-5499.1499
199,123,36,-3429.3062,693.088,-4923.3921
201,123,36,-3346.3682,590.48,-4405.3301
203,123,36,-3238.188,507.232,-3941.3582
205,123,36,-3111.978,441.408,-3526.668
205,125,36,-3043.4641,658.24,-3495.416
203,125,36,-3154.0481,745.36,-3887.2681
201,125,36,-3244.198,851.84,-4333.21
199,125,36,-3305.5,979.616,-4828.4341
197,125,36,-3323.53,1132.5599,-5377.748
195,125,36,-3285.0662,1316.48,-5977.5459
193,125,36,-3168.4722,1537.184,-6620.6162
191,125,36,-2954.5161,1802.416,-7297.3423
189,125,36,-2621.562,2114.1121,-7977.6743
187,125,36,-2150.3779,2478.0801,-8642.3799
185,125,36,-1534.954,2886.5759,-9239.7744
183,125,36,-781.3,3335.728,-9721.7764
181,125,36,85.342,3808.1121,-10053.5283
179,125,36,1016.892,4272.752,-10192.96
177,125,36,1979.6941,4716.0962,-10130.4561
175,125,36,2916.052,5105.2319,-9860.0059
173,125,36,3777.886,5413.0562,-9400.8418
171,125,36,4533.9438,5626.0161,-8762.5801
169,125,36,5140.9541,5722.8159,-7987.29
167,125,36,5577.2803,5705.3921,-7119.4463
165,125,36,5833.3062,5566.0,-6209.5322
163,125,36,5918.6479,5318.1919,-5314.042
161,125,36,5863.356,4969.7119,-4475.0459
159,125,36,5710.7021,4551.5361,-3727.4021
157,125,36,5496.7461,4075.28,-3071.1101
155,125,36,5259.9521,3571.9199,-2509.7761
153,125,36,5024.3599,3047.2639,-2032.582
151,125,36,4808.0,2520.6719,-1623.902
149,125,36,4622.8921,1999.8879,-1275.322
147,125,36,4472.6421,1479.104,-968.812
145,125,36,4363.2603,962.192,-691.15
143,125,36,4298.3521,449.152,-436.326
141,125,36,4280.3223,-61.952,-192.32
139,125,36,4307.9683,-571.12,48.08
137,125,36,4382.4922,-1086.0959,295.692
135,125,36,4506.2979,-1606.88,562.536
133,125,36,4674.5781,-2133.4719,857.026
131,125,36,4888.5342,-2667.8081,1191.182
129,125,36,5143.3579,-3202.144,1581.832
127,125,36,5430.6362,-3732.6079,2048.208
125,125,36,5731.1362,-4243.7119,2604.7341
123,125,36,6017.2119,-4716.0962,3262.228
121,125,36,6250.3999,-5126.5278,4039.9221
119,125,36,6380.2163,-5451.7759,4918.584
117,125,36,6364.5903,-5674.416,5872.9722
115,125,36,6161.4521,-5780.896,6862.2183
113,125,36,5759.9839,-5763.4722,7820.2119
111,125,36,5164.9941,-5626.0161,8688.0566
109,125,36,4405.3301,-5385.9521,9411.6602
107,125,36,3512.2441,-5049.0879,9956.166
105,125,36,2529.0081,-4638.6558,10286.7158
103,125,36,1518.126,-4183.6958,10394.8965
101,125,36,518.062,-3705.5039,10278.3018
99,125,36,-397.862,-3236.9919,9962.1758
97,125,36,-1208.01,-2791.7119,9472.9619
95,125,36,-1870.312,-2383.2161,8856.3359
93,125,36,-2379.96,-2030.864,8178.4082
91,125,36,-2746.5701,-1726.912,7474.0361
89,125,36,-2986.97,-1477.168,6784.0879
87,125,36,-3127.604,-1266.144,6121.7861
85,125,36,-3185.3,-1091.9041,5505.1602
83,125,36,-3181.6941,-950.576,4937.8159
81,125,36,-3133.614,-832.48,4423.3599
79,125,36,-3053.0801,-737.616,3965.3982
79,127,36,-2956.9202,-956.384,3924.53
81,127,36,-3017.02,-1072.5439,4358.4521
83,127,36,-3041.0601,-1210.0,4846.4639
85,127,36,-3015.8181,-1376.496,5388.5659
87,127,36,-2925.668,-1570.0959,5975.1421
89,127,36,-2746.5701,-1802.416,6596.5762
91,127,36,-2461.696,-2071.52,7232.4341
93,127,36,-2047.006,-2387.0879,7864.686
95,127,36,-1485.672,-2754.928,8452.4639
97,127,36,-776.492,-3167.2959,8950.0918
99,127,36,61.302,-3616.448,9304.6826
101,127,36,994.054,-4090.7681,9481.376
103,127,36,1983.3,-4570.896,9446.5186
105,127,36,2961.728,-5027.792,9195.2998
107,127,36,3882.46,-5436.2881,8737.3379
109,127,36,4695.0122,-5771.2158,8088.2583
111,127,36,5350.1021,-6013.2158,7299.7461
113,127,36,5833.3062,-6150.6719,6395.8423
115,127,36,6113.3721,-6164.2241,5445.0601
117,127,36,6191.502,-6051.936,4500.2881
119,127,36,6094.1401,-5825.4238,3628.8381
121,127,36,5866.9619,-5488.5601,2867.9722
123,127,36,5559.25,-5058.7681,2229.71
125,127,36,5221.4883,-4561.2158,1716.4561
127,127,36,4892.1401,-4023.0081,1307.776
129,127,36,4592.8423,-3455.76,980.832
131,127,36,4335.6143,-2886.5759,718.796
133,127,36,4125.2642,-2313.52,496.426
135,127,36,3960.5901,-1744.3359,306.51
137,127,36,3843.9961,-1184.832,138.23
139,127,36,3773.0781,-631.136,-21.636
141,127,36,3747.8362,-83.248,-176.694
143,127,36,3763.4622,464.64,-332.954
145,127,36,3824.7642,1018.336,-502.436
147,127,36,3928.136,1572.032,-686.342
149,127,36,4072.376,2127.6641,-894.288
151,127,36,4253.8779,2685.2319,-1135.89
153,127,36,4470.2383,3248.6079,-1421.9661
155,127,36,4716.6479,3804.24,-1769.344
157,127,36,4979.8862,4340.5122,-2192.448
159,127,36,5237.1143,4840.0,-2705.7021
161,127,36,5459.4839,5279.4722,-3319.9241
163,127,36,5607.3301,5641.5039,-4043.5281
165,127,36,5634.9761,5898.9922,-4852.4741
167,127,36,5501.5542,6046.1279,-5713.106
169,127,36,5189.0342,6065.4878,-6571.334
171,127,36,4704.6279,5962.8799,-7374.27
173,127,36,4053.144,5753.792,-8079.8442
175,127,36,3277.854,5447.9038,-8644.7842
177,127,36,2407.606,5066.5122,-9037.8379
179,127,36,1488.076,4628.9761,-9244.582
181,127,36,568.546,4164.3359,-9252.9961
183,127,36,-305.308,3697.76,-9066.6865
185,127,36,-1091.416,3248.6079,-8718.1064
187,127,36,-1751.3141,2832.3679,-8239.71
189,127,36,-2269.376,2462.592,-7672.3662
191,127,36,-2649.208,2139.28,-7066.5581
193,127,36,-2910.042,1858.5599,-6447.5283
195,127,36,-3067.5042,1616.5599,-5845.3262
197,127,36,-3140.8262,1413.28,-5277.9819
199,127,36,-3150.4421,1239.04,-4751.5059
201,127,36,-3113.1802,1091.9041,-4273.1099
203,127,36,-3042.262,968.0,-3834.3801
205,127,36,-2946.1021,859.584,-3441.3262
205,129,36,-2841.5281,1047.376,-3376.418
203,129,36,-2919.658,1167.408,-3745.4321
201,129,36,-2972.5461,1304.864,-4157.7183
199,129,36,-2986.97,1463.616,-4610.8721
197,129,36,-2953.314,1647.536,-5108.5
195,129,36,-2851.144,1862.432,-5642.188
193,129,36,-2660.0261,2108.304,-6201.1182
191,129,36,-2363.1321,2390.96,-6768.4619
189,129,36,-1947.24,2708.4639,-7310.564
187,129,36,-1389.5121,3070.4961,-7802.1821
185,129,36,-699.564,3469.312,-8190.4282
183,129,36,110.584,3897.168,-8435.6357
181,129,36,990.448,4340.5122,-8498.1406
179,129,36,1893.15,4779.9839,-8367.1221
177,129,36,2770.6101,5196.2241,-8048.5923
175,129,36,3581.96,5566.0,-7548.5601
173,129,36,4283.9282,5866.0801,-6900.6821
171,129,36,4835.646,6073.2319,-6139.8159
169,129,36,5214.2759,6173.9038,-5310.436
167,129,36,5412.606,6162.2881,-4452.208
165,129,36,5433.04,6028.7041,-3628.8381
163,129,36,5302.022,5780.896,-2889.6082
161,129,36,5062.8242,5428.5439,-2265.77
159,129,36,4770.7383,4992.9438,-1768.1421
157,129,36,4461.8242,4493.4561,-1383.5021
155,129,36,4166.1318,3951.376,-1090.214
153,129,36,3904.0962,3380.2561,-866.642
151,129,36,3679.322,2803.3279,-695.958
149,129,36,3499.022,2226.3999,-562.536
147,129,36,3357.186,1649.472,-454.356
145,129,36,3256.218,1070.608,-363.004
143,129,36,3196.1182,495.616,-284.874
141,129,36,3175.6841,-77.44,-215.158
139,129,36,3198.522,-648.56,-150.25
137,129,36,3261.0261,-1227.424,-84.14
135,129,36,3369.2061,-1812.0959,-12.02
133,129,36,3525.4661,-2400.6399,69.716
131,129,36,3732.21,-2993.0559,174.29
129,129,36,3990.6401,-3577.728,310.116
127,129,36,4303.1602,-4150.7842,497.628
125,129,36,4666.1641,-4696.7358,765.674
123,129,36,5060.4199,-5194.2881,1137.092
121,129,36,5452.272,-5622.144,1644.3361
119,129,36,5788.832,-5955.1357,2299.426
117,129,36,6011.2021,-6179.7119,3102.3621
115,129,36,6064.0903,-6282.3198,4008.6702
113,129,36,5915.042,-6266.832,4970.27
111,129,36,5558.0483,-6139.0562,5915.042
109,129,36,5006.3301,-5906.7358,6784.0879
107,129,36,4285.1299,-5587.2959,7538.9443
105,129,36,3430.5081,-5198.1602,8130.3281
103,129,36,2488.1401,-4764.4961,8529.3926
101,129,36,1510.9141,-4307.6001,8715.7021
99,129,36,566.142,-3858.448,8685.6523
97,129,36,-310.116,-3426.72,8460.8779
95,129,36,-1067.376,-3029.8401,8077.4399
93,129,36,-1680.396,-2669.7439,7575.0039
91,129,36,-2146.772,-2356.1121,7013.6699
89,129,36,-2476.1201,-2081.2,6433.104
87,129,36,-2697.2881,-1841.136,5853.7402
85,129,36,-2823.498,-1633.984,5294.8101
83,129,36,-2876.386,-1453.936,4773.1421
81,129,36,-2875.1841,-1300.9919,4297.1499
79,129,36,-2834.3162,-1169.344,3862.0261
79,131,36,-2709.3081,-1351.328,3789.906
81,131,36,-2729.7419,-1492.656,4194.98
83,131,36,-2709.3081,-1655.28,4646.9321
85,131,36,-2629.9761,-1843.072,5142.1562
87,131,36,-2474.918,-2054.0959,5671.0361
89,131,36,-2224.9021,-2292.2239,6213.1382
91,131,36,-1858.292,-2559.3921,6746.8262
93,131,36,-1355.8561,-2861.408,7251.666
95,131,36,-707.978,-3198.272,7680.7803
97,131,36,82.938,-3566.1121,7984.8862
99,131,36,983.236,-3961.0559,8112.2983
101,131,36,1941.23,-4373.4238,8031.7642
103,131,36,2910.042,-4785.792,7724.0522
105,131,36,3822.3601,-5184.6079,7208.394
107,131,36,4622.8921,-5542.7681,6508.8301
109,131,36,5270.77,-5842.8481,5665.0259
111,131,36,5731.1362,-6061.6162,4728.668
113,131,36,5985.96,-6191.3281,3735.8162
115,131,36,6022.02,-6216.4961,2765.802
117,131,36,5852.5381,-6127.4399,1876.322
119,131,36,5518.3823,-5928.0317,1129.88
121,131,36,5082.0562,-5620.208,556.526
123,131,36,4607.2661,-5213.6479,157.462
125,131,36,4150.5059,-4733.52,-91.352
127,131,36,3747.8362,-4203.0562,-229.582
129,131,36,3411.2761,-3633.8721,-290.884
131,131,36,3142.0281,-3051.136,-307.712
133,131,36,2932.8801,-2456.7839,-300.5
135,131,36,2779.0242,-1860.496,-280.066
137,131,36,2674.45,-1268.08,-256.026
139,131,36,2615.552,-681.472,-229.582
141,131,36,2595.1182,-98.736,-207.946
143,131,36,2615.552,487.872,-188.714
145,131,36,2673.248,1074.48,-176.694
147,131,36,2771.812,1663.024,-173.088
149,131,36,2911.2441,2249.6321,-182.704
151,131,36,3093.948,2828.4961,-211.552
153,131,36,3325.9341,3407.3599,-266.844
155,131,36,3607.2021,3972.6719,-371.418
157,131,36,3937.752,4507.0078,-542.102
159,131,36,4300.7559,4992.9438,-808.946
161,131,36,4670.9722,5413.0562,-1197.192
163,131,36,5007.5322,5749.9199,-1736.89
165,131,36,5251.5381,5986.1118,-2420.8281
167,131,36,5348.8999,6108.0801,-3220.158
169,131,36,5269.5679,6113.8882,-4081.9922
171,131,36,4999.1182,6015.1519,-4954.644
173,131,36,4543.5601,5817.6802,-5785.2261
175,131,36,3925.7322,5540.832,-6524.4561
177,131,36,3170.876,5200.0962,-7133.8701
179,131,36,2325.8701,4818.7041,-7575.0039
181,131,36,1435.188,4416.0161,-7825.02
183,131,36,544.506,4007.52,-7871.8979
185,131,36,-288.48,3610.6399,-7727.6582
187,131,36,-1013.286,3242.8,-7427.1582
189,131,36,-1605.8721,2902.064,-7012.4683
191,131,36,-2061.4299,2594.24,-6528.062
193,131,36,-2393.1821,2317.3921,-6008.7983
195,131,36,-2616.7542,2073.4561,-5484.7261
197,131,36,-2748.9741,1854.688,-4979.8862
199,131,36,-2810.2761,1663.024,-4507.5
201,131,36,-2817.488,1496.528,-4071.1741
203,131,36,-2783.832,1347.4559,-3666.1001
205,131,36,-2721.3281,1213.8719,-3299.49
205,133,36,-2593.916,1366.816,-3215.3501
203,133,36,-2640.7939,1504.272,-3554.314
201,133,36,-2657.6221,1659.152,-3931.7422
199,133,36,-2634.7839,1831.4559,-4346.4321
197,133,36,-2551.8459,2023.12,-4792.374
195,133,36,-2397.99,2239.9519,-5268.3662
193,133,36,-2153.9841,2478.0801,-5759.9839
191,133,36,-1799.394,2741.376,-6241.9863
189,133,36,-1319.796,3029.8401,-6683.1201
187,133,36,-699.564,3345.408,-7053.3359
185,133,36,44.474,3682.272,-7297.3423
183,133,36,889.48,4040.4319,-7370.6641
181,133,36,1778.9601,4404.3999,-7245.6562
179,133,36,2661.228,4766.4321,-6915.106
177,133,36,3483.396,5111.04,-6389.832
175,133,36,4192.5762,5418.8638,-5702.2881
173,133,36,4750.3042,5670.5439,-4889.7363
171,133,36,5131.3379,5852.5278,-3999.054
169,133,36,5314.042,5945.4561,-3085.5339
167,133,36,5298.416,5945.4561,-2196.054
165,133,36,5095.2783,5838.9761,-1401.532
163,133,36,4750.3042,5626.0161,-753.654
161,133,36,4321.1899,5312.3838,-281.268
159,133,36,3872.844,4919.376,27.646
157,133,36,3449.74,4452.7998,194.724
155,133,36,3078.322,3939.76,260.834
153,133,36,2767.0042,3389.936,257.228
151,133,36,2520.594,2824.624,213.956
149,133,36,2330.678,2249.6321,145.442
147,133,36,2187.6401,1666.896,62.504
145,133,36,2087.874,1082.224,-28.848
143,133,36,2027.774,497.552,-125.008
141,133,36,2006.1381,-89.056,-228.38
139,133,36,2021.764,-671.792,-334.156
137,133,36,2075.854,-1260.3359,-447.144
135,133,36,2175.6201,-1846.944,-564.94
133,133,36,2325.8701,-2435.488,-683.938
131,133,36,2536.22,-3018.2239,-796.926
129,133,36,2812.6799,-3583.5359,-889.48
127,133,36,3172.0781,-4131.4238,-945.974
125,133,36,3615.616,-4642.5278,-926.742
123,133,36,4132.4761,-5091.6802,-792.118
121,133,36,4692.6079,-5469.2002,-494.022
119,133,36,5232.3062,-5751.856,4.808
117,133,36,5685.46,-5929.9678,712.786
115,133,36,5975.1421,-6007.4082,1590.246
113,133,36,6055.6763,-5982.2397,2589.1082
111,133,36,5904.2241,-5860.272,3625.2322
109,133,36,5532.8062,-5662.7998,4637.3159
107,133,36,4959.4521,-5397.5679,5570.0679
105,133,36,4208.2021,-5078.1279,6371.8022
103,133,36,3329.54,-4727.7119,6999.2461
101,133,36,2373.95,-4361.8081,7415.1382
99,133,36,1405.1381,-3997.8401,7599.0439
97,133,36,483.204,-3647.4241,7560.5801
95,133,36,-335.358,-3316.3679,7335.8062
93,133,36,-1018.094,-3008.5439,6971.6001
91,133,36,-1556.5901,-2729.76,6519.6479
89,133,36,-1955.6541,-2474.208,6025.626
87,133,36,-2236.9221,-2241.8879,5515.978
85,133,36,-2419.626,-2030.864,5019.5522
83,133,36,-2524.2,-1841.136,4542.3579
81,133,36,-2565.0681,-1670.7679,4102.4263
79,133,36,-2561.4622,-1519.76,3700.958
79,135,36,-2417.2219,-1668.832,3603.5959
81,135,36,-2404.0,-1823.712,3976.2161
83,135,36,-2343.9001,-1997.952,4392.1079
85,135,36,-2222.498,-2187.6799,4842.8579
87,135,36,-2019.36,-2394.832,5316.4463
89,135,36,-1716.4561,-2619.408,5800.8521
91,135,36,-1299.3621,-2857.5359,6258.814
93,135,36,-739.23,-3116.96,6677.1104
95,135,36,-36.06,-3391.8721,7000.4482
97,135,36,801.734,-3682.272,7173.5361
99,135,36,1734.4861,-3986.2239,7151.8999
101,135,36,2711.7122,-4295.9839,6898.2783
103,135,36,3662.4941,-4607.6802,6409.064
105,135,36,4520.7222,-4905.8237,5704.6919
107,135,36,5227.498,-5180.7358,4826.0303
109,135,36,5750.3682,-5414.9922,3819.9561
111,135,36,6058.0801,-5591.168,2751.3779
113,135,36,6126.5942,-5701.52,1662.3661
115,135,36,5955.9102,-5730.5601,639.464
117,135,36,5566.4619,-5668.6079,-252.42
119,135,36,5013.542,-5511.792,-941.166
121,135,36,4374.0781,-5254.3042,-1396.724
123,135,36,3732.21,-4911.6318,-1629.912
125,135,36,3145.634,-4493.4561,-1682.8
127,135,36,2654.0161,-4015.2639,-1608.276
129,135,36,2257.356,-3494.48,-1452.016
131,135,36,1961.6641,-2954.3359,-1260.8981
133,135,36,1739.2941,-2390.96,-1051.75
135,135,36,1585.438,-1821.776,-841.4
137,135,36,1484.47,-1248.72,-635.858
139,135,36,1429.178,-671.792,-436.326
141,135,36,1413.552,-98.736,-245.208
143,135,36,1436.39,476.256,-58.898
145,135,36,1496.49,1051.248,125.008
147,135,36,1597.458,1624.304,302.904
149,135,36,1745.3041,2191.552,475.992
151,135,36,1944.8361,2747.1841,637.06
153,135,36,2208.074,3295.072,778.896
155,135,36,2547.0381,3819.728,878.662
157,135,36,2961.728,4311.4722,907.51
159,135,36,3444.9321,4749.0078,829.38
161,135,36,3970.2061,5120.7202,602.202
163,135,36,4489.4702,5413.0562,185.108
165,135,36,4937.8159,5608.5918,-425.508
167,135,36,5246.73,5711.2002,-1211.616
169,135,36,5363.3242,5715.0718,-2121.53
171,135,36,5270.77,5633.7598,-3077.1201
173,135,36,4969.0679,5475.0078,-4024.2961
175,135,36,4472.6421,5252.3682,-4917.3823
177,135,36,3811.542,4983.2642,-5685.46
179,135,36,3018.2222,4685.1201,-6293.6719
181,135,36,2147.9741,4367.6162,-6710.7661
183,135,36,1247.676,4044.304,-6912.7021
185,135,36,390.65,3728.7361,-6907.894
187,135,36,-378.63,3426.72,-6722.7861
189,135,36,-1019.296,3136.3201,-6403.0542
191,135,36,-1522.9341,2869.1521,-6003.9902
193,135,36,-1900.3621,2621.344,-5558.0483
195,135,36,-2168.408,2389.0239,-5100.0859
197,135,36,-2343.9001,2176.064,-4649.3359
199,135,36,-2444.8682,1982.464,-4221.4243
201,135,36,-2488.1401,1806.288,-3822.3601
203,135,36,-2488.1401,1647.536,-3452.144
205,135,36,-2454.4841,1502.3359,-3117.988
205,137,36,-2315.052,1624.304,-3014.616
203,137,36,-2334.2839,1769.504,-3324.7322
201,137,36,-2321.062,1934.064,-3670.908
199,137,36,-2265.77,2108.304,-4045.9321
197,137,36,-2150.3779,2299.968,-4452.208
195,137,36,-1964.068,2507.1199,-4880.1201
193,137,36,-1682.8,2729.76,-5311.6382
191,137,36,-1290.948,2967.8879,-5732.3379
189,137,36,-776.492,3215.696,-6107.3623
187,137,36,-125.008,3478.9919,-6397.0439
185,137,36,646.676,3750.032,-6550.8999
183,137,36,1512.116,4030.752,-6517.2441
181,137,36,2408.8081,4311.4722,-6272.0361
179,137,36,3273.0461,4586.3838,-5810.4683
177,137,36,4044.73,4841.936,-5148.166
175,137,36,4679.3862,5070.3838,-4318.7861
173,137,36,5132.54,5258.1758,-3377.6201
171,137,36,5378.9502,5391.7598,-2369.1421
169,137,36,5405.394,5457.584,-1372.6841
167,137,36,5209.4683,5445.9678,-436.326
165,137,36,4817.6162,5349.168,361.802
163,137,36,4282.7261,5165.248,967.61
161,137,36,3678.1201,4894.208,1354.6541
159,137,36,3078.322,4547.6641,1538.5601
157,137,36,2532.614,4137.2319,1548.176
155,137,36,2071.0461,3676.4639,1441.198
153,137,36,1699.6281,3175.04,1259.696
151,137,36,1412.35,2654.2561,1037.326
149,137,36,1198.394,2121.856,795.724
147,137,36,1043.3361,1575.9039,543.304
145,137,36,937.56,1022.208,286.076
143,137,36,872.652,466.576,25.242
141,137,36,848.612,-92.928,-237.996
139,137,36,860.632,-644.688,-504.84
137,137,36,914.722,-1200.3199,-782.502
135,137,36,1014.488,-1752.08,-1068.578
133,137,36,1173.152,-2298.032,-1364.27
131,137,36,1401.532,-2832.3679,-1661.1641
129,137,36,1714.052,-3343.4719,-1943.634
127,137,36,2134.752,-3829.408,-2188.842
125,137,36,2669.6421,-4274.688,-2354.718
123,137,36,3313.9141,-4661.8882,-2382.364
121,137,36,4036.3162,-4977.4561,-2218.8921
119,137,36,4761.1221,-5209.7759,-1813.818
117,137,36,5418.6162,-5354.9761,-1144.3041
115,137,36,5909.0322,-5413.0562,-251.218
113,137,36,6174.6743,-5389.8237,810.148
111,137,36,6187.896,-5298.832,1942.432
109,137,36,5948.6982,-5147.8237,3075.918
107,137,36,5479.918,-4956.1602,4145.6982
105,137,36,4806.7979,-4729.6479,5096.48
103,137,36,3975.0142,-4481.8398,5869.3662
101,137,36,3032.646,-4224.3521,6428.2959
99,137,36,2061.4299,-3964.928,6739.6143
97,137,36,1113.052,-3707.4399,6820.1479
95,137,36,263.238,-3451.8879,6690.332
93,137,36,-456.76,-3207.9519,6411.4683
91,137,36,-1033.72,-2971.76,6031.6362
89,137,36,-1471.248,-2749.1199,5601.3203
87,137,36,-1792.182,-2530.3521,5144.5601
85,137,36,-2013.3501,-2329.0081,4696.2139
83,137,36,-2153.9841,-2141.2161,4264.6963
81,137,36,-2229.71,-1965.04,3862.0261
79,137,36,-2257.356,-1806.288,3493.012
79,139,36,-2102.2981,-1924.384,3377.6201
81,139,36,-2061.4299,-2085.072,3718.988
83,139,36,-1971.28,-2263.1841,4096.416
85,139,36,-1818.626,-2450.9761,4507.5
87,139,36,-1587.842,-2648.448,4933.0083
89,139,36,-1257.292,-2855.6001,5363.3242
91,139,36,-813.754,-3064.688,5768.3979
93,139,36,-229.582,-3283.4561,6126.5942
95,139,36,494.022,-3502.2239,6383.8223
97,139,36,1348.644,-3720.9919,6488.396
99,139,36,2294.6179,-3939.76,6381.418
101,139,36,3264.6321,-4150.7842,6040.0503
103,139,36,4196.1821,-4359.8721,5447.4639
105,139,36,5018.3501,-4557.3437,4630.104
107,139,36,5666.228,-4737.3921,3634.8481
109,139,36,6104.958,-4892.272,2510.978
111,139,36,6296.0762,-5010.3682,1334.22
113,139,36,6226.3604,-5080.064,152.654
115,139,36,5892.2041,-5093.6162,-939.964
117,139,36,5318.8501,-5033.6001,-1857.0901
119,139,36,4583.2261,-4900.0161,-2527.8062
121,139,36,3771.876,-4685.1201,-2919.658
123,139,36,2973.748,-4394.7202,-3049.4741
125,139,36,2260.9622,-4036.5601,-2964.1321
127,139,36,1676.79,-3626.1279,-2733.3481
129,139,36,1218.828,-3173.104,-2417.2219
131,139,36,879.864,-2694.9119,-2061.4299
133,139,36,637.06,-2191.552,-1690.0121
135,139,36,468.78,-1676.576,-1319.796
137,139,36,364.206,-1151.92,-960.398
139,139,36,306.51,-623.392,-608.212
141,139,36,293.288,-94.864,-270.45
143,139,36,318.53,435.6,64.908
145,139,36,385.842,969.936,399.064
147,139,36,496.426,1498.464,730.816
149,139,36,659.898,2017.312,1060.1641
151,139,36,888.278,2522.6079,1376.29
153,139,36,1195.99,3016.2881,1679.194
155,139,36,1597.458,3484.8,1937.624
157,139,36,2102.2981,3918.4639,2116.7219
159,139,36,2703.2981,4303.728,2167.2061
161,139,36,3369.2061,4628.9761,2042.198
163,139,36,4051.9421,4886.4639,1694.8201
165,139,36,4670.9722,5066.5122,1110.6481
167,139,36,5150.5703,5167.1841,312.52
169,139,36,5424.626,5190.416,-638.262
171,139,36,5471.5039,5147.8237,-1664.77
173,139,36,5285.1943,5043.2798,-2714.116
175,139,36,4880.1201,4894.208,-3709.3721
177,139,36,4285.1299,4706.416,-4590.438
179,139,36,3533.8801,4489.584,-5314.042
181,139,36,2688.874,4261.1357,-5829.7002
183,139,36,1794.5861,4021.072,-6125.3921
185,139,36,920.732,3771.3279,-6202.3203
187,139,36,139.432,3527.3921,-6090.5342
189,139,36,-521.668,3289.2639,-5835.71
191,139,36,-1048.144,3056.9441,-5496.7461
193,139,36,-1450.8141,2832.3679,-5106.0962
195,139,36,-1746.506,2617.4719,-4695.0122
197,139,36,-1948.442,2414.1919,-4292.3423
199,139,36,-2078.2581,2224.4639,-3905.2981
201,139,36,-2147.9741,2046.3519,-3545.9001
203,139,36,-2174.418,1881.792,-3209.3401
205,139,36,-2168.408,1730.7839,-2905.2341
205,141,36,-2021.764,1825.6479,-2791.0439
203,141,36,-2018.1581,1978.592,-3071.1101
201,141,36,-1980.896,2143.1521,-3382.428
199,141,36,-1900.3621,2319.3279,-3721.3921
197,141,36,-1764.536,2505.1841,-4088.002
195,141,36,-1554.186,2706.5281,-4471.4399
193,141,36,-1254.8881,2913.6799,-4858.4839
191,141,36,-846.208,3130.512,-5231.104
189,141,36,-322.136,3345.408,-5552.0381
187,141,36,337.762,3569.9839,-5786.4282
185,141,36,1116.6581,3790.688,-5878.9819
183,141,36,1978.4921,4007.52,-5782.8223
181,141,36,2860.76,4212.7358,-5469.1001
179,141,36,3699.7561,4408.272,-4929.4019
177,141,36,4435.3799,4582.5122,-4184.1621
175,141,36,5012.3403,4733.52,-3263.4302
173,141,36,5388.5659,4849.6802,-2235.72
171,141,36,5535.21,4921.312,-1151.516
169,141,36,5440.252,4942.6079,-93.756
167,141,36,5107.2979,4901.9521,888.278
165,141,36,4563.9941,4795.4722,1703.234
163,141,36,3874.0461,4617.3599,2291.012
161,141,36,3122.7961,4369.5518,2627.572
159,141,36,2390.7781,4063.6641,2726.136
157,141,36,1734.4861,3701.6321,2628.7742
155,141,36,1183.97,3293.136,2397.99
153,141,36,746.442,2853.6641,2080.6621
151,141,36,414.69,2390.96,1714.052
149,141,36,170.684,1914.704,1333.0181
147,141,36,-3.606,1424.896,939.964
145,141,36,-122.604,923.472,543.304
143,141,36,-193.522,422.048,149.048
141,141,36,-222.37,-83.248,-251.218
139,141,36,-209.148,-582.736,-651.484
137,141,36,-151.452,-1082.224,-1066.1741
135,141,36,-43.272,-1573.968,-1490.48
133,141,36,131.018,-2059.9041,-1928.0081
131,141,36,387.044,-2528.416,-2369.1421
129,141,36,744.038,-2973.696,-2794.6501
127,141,36,1227.2421,-3391.8721,-3179.29
125,141,36,1852.282,-3773.2639,-3474.9822
123,141,36,2609.542,-4104.3198,-3616.8181
121,141,36,3473.78,-4375.3599,-3535.082
119,141,36,4356.0479,-4580.5762,-3179.29
117,141,36,5178.2163,-4718.0317,-2524.2
115,141,36,5826.0942,-4783.856,-1603.468
113,141,36,6238.3799,-4793.5361,-482.002
111,141,36,6370.6001,-4749.0078,733.22
109,141,36,6228.7642,-4665.7598,1952.0481
107,141,36,5832.104,-4551.5361,3121.594
105,141,36,5207.064,-4414.0801,4162.5259
103,141,36,4407.7339,-4263.0718,5014.7441
101,141,36,3485.8,-4098.5122,5646.9961
99,141,36,2530.21,-3928.144,6020.8179
97,141,36,1585.438,-3744.2239,6157.8462
95,141,36,734.422,-3552.5601,6085.7261
93,141,36,7.212,-3353.1521,5859.75
91,141,36,-581.768,-3151.8079,5530.4023
89,141,36,-1033.72,-2950.4639,5151.772
87,141,36,-1372.6841,-2751.0559,4744.2939
85,141,36,-1617.8921,-2555.52,4338.0181
83,141,36,-1781.364,-2371.6001,3950.9741
81,141,36,-1882.332,-2193.488,3584.364
79,141,36,-1935.2201,-2028.928,3249.0061
79,143,36,-1774.152,-2119.9199,3115.584
81,143,36,-1710.446,-2284.48,3424.498
83,143,36,-1599.8621,-2460.656,3763.4622
85,143,36,-1427.9761,-2646.512,4130.0723
87,143,36,-1181.566,-2838.176,4509.9043
89,143,36,-836.592,-3033.7119,4894.5439
91,143,36,-385.842,-3225.376,5252.7402
93,143,36,195.926,-3415.104,5561.6543
95,143,36,913.52,-3597.0879,5770.8022
97,143,36,1753.718,-3767.4561,5828.498
99,143,36,2679.2581,-3922.3359,5685.46
101,143,36,3630.04,-4063.6641,5303.2241
103,143,36,4541.1562,-4189.5039,4663.7603
105,143,36,5330.8701,-4301.792,3791.1082
107,143,36,5935.4761,-4396.6558,2734.55
109,143,36,6312.9043,-4470.2241,1534.954
111,143,36,6422.2861,-4518.624,283.672
113,143,36,6246.7939,-4530.2397,-968.812
115,143,36,5786.4282,-4499.2642,-2105.9041
117,143,36,5074.8442,-4417.9521,-3050.676
119,143,36,4191.374,-4278.5601,-3712.978
121,143,36,3240.592,-4079.1521,-4065.1641
123,143,36,2319.8601,-3825.5359,-4125.2642
125,143,36,1503.702,-3513.8401,-3947.3682
127,143,36,835.39,-3159.552,-3609.606
129,143,36,317.328,-2774.2881,-3174.4822
131,143,36,-64.908,-2359.9839,-2694.884
133,143,36,-340.166,-1924.384,-2196.054
135,143,36,-525.274,-1475.2319,-1699.6281
137,143,36,-641.868,-1016.4,-1216.4241
139,143,36,-703.17,-549.824,-745.24
141,143,36,-717.594,-83.248,-283.672
143,143,36,-688.746,387.2,168.28
145,143,36,-615.424,859.584,626.242
147,143,36,-490.416,1328.0959,1081.8
149,143,36,-305.308,1786.928,1537.358
151,143,36,-48.08,2232.208,1979.6941
153,143,36,304.106,2665.8721,2407.606
155,143,36,768.078,3076.304,2783.832
157,143,36,1353.452,3457.696,3071.1101
159,143,36,2055.4199,3804.24,3215.3501
161,143,36,2840.3262,4098.5122,3158.856
163,143,36,3655.282,4340.5122,2855.9521
165,143,36,4410.1382,4524.4321,2286.2041
167,143,36,5024.3599,4644.4639,1472.4501
169,143,36,5423.4243,4704.48,483.204
171,143,36,5572.4722,4710.2881,-593.788
173,143,36,5477.5142,4671.5679,-1700.8301
175,143,36,5142.1562,4590.2559,-2760.9941
177,143,36,4600.0542,4481.8398,-3708.1702
179,143,36,3886.0662,4338.5762,-4496.6821
181,143,36,3066.302,4179.8242,-5066.4302
183,143,36,2193.6501,4003.6479,-5417.4141
185,143,36,1339.0281,3815.856,-5544.8262
187,143,36,566.142,3616.448,-5482.3223
189,143,36,-97.362,3407.3599,-5275.5781
191,143,36,-628.646,3200.208,-4982.29
193,143,36,-1040.932,2996.928,-4640.9219
195,143,36,-1348.644,2791.7119,-4274.312
197,143,36,-1567.4081,2596.176,-3912.51
199,143,36,-1715.254,2408.384,-3565.1321
201,143,36,-1805.4041,2232.208,-3244.198
203,143,36,-1854.686,2063.7759,-2940.092
205,143,36,-1867.9081,1908.896,-2667.238
205,145,36,-1718.86,1980.528,-2542.23
203,145,36,-1694.8201,2135.408,-2792.2461
201,145,36,-1638.326,2303.8401,-3069.908
199,145,36,-1539.7621,2478.0801,-3372.812
197,145,36,-1387.108,2663.936,-3696.1501
195,145,36,-1164.738,2855.6001,-4035.114
193,145,36,-857.026,3055.0081,-4378.8862
191,145,36,-444.74,3256.3521,-4703.4263
189,145,36,78.13,3455.76,-4976.2803
187,145,36,728.412,3651.2959,-5163.792
185,145,36,1484.47,3835.2161,-5213.0742
183,145,36,2318.658,4005.584,-5074.8442
181,145,36,3175.6841,4156.5918,-4721.4561
179,145,36,3981.0242,4286.3042,-4140.8901
177,145,36,4675.7803,4390.8481,-3351.176
175,145,36,5203.458,4472.1602,-2385.97
173,145,36,5513.5742,4518.624,-1314.988
171,145,36,5583.29,4528.3042,-182.704
169,145,36,5395.7783,4497.3281,913.52
167,145,36,4955.8462,4414.0801,1921.998
165,145,36,4294.7461,4278.5601,2742.9641
163,145,36,3487.002,4088.832,3316.3181
161,145,36,2616.7542,3846.832,3615.616
159,145,36,1780.162,3560.304,3649.272
157,145,36,1032.5181,3233.1199,3473.78
155,145,36,408.68,2874.96,3148.0381
153,145,36,-85.342,2489.696,2729.7419
151,145,36,-460.366,2085.072,2258.5581
149,145,36,-735.624,1670.7679,1763.334
147,145,36,-932.752,1242.912,1260.8981
145,145,36,-1064.972,809.248,754.856
143,145,36,-1143.1021,371.712,251.218
141,145,36,-1174.354,-67.76,-254.824
139,145,36,-1159.9301,-499.488,-763.27
137,145,36,-1097.426,-933.152,-1286.14
135,145,36,-976.024,-1359.072,-1819.828
133,145,36,-782.502,-1775.312,-2366.738
131,145,36,-496.426,-2178.0,-2916.052
129,145,36,-97.362,-2561.3279,-3452.144
127,145,36,442.336,-2919.488,-3937.752
125,145,36,1139.496,-3248.6079,-4327.2002
123,145,36,1989.3101,-3540.9441,-4550.772
121,145,36,2961.728,-3788.752,-4530.3379
119,145,36,3964.196,-3990.0959,-4210.606
117,145,36,4911.3721,-4139.168,-3567.5361
115,145,36,5681.854,-4241.7759,-2633.582
113,145,36,6203.522,-4299.856,-1485.672
111,145,36,6431.9023,-4319.2158,-219.966
109,145,36,6365.792,-4307.6001,1058.962
107,145,36,6025.626,-4270.8159,2280.1941
105,145,36,5446.2622,-4214.6719,3361.9941
103,145,36,4681.79,-4139.168,4253.8779
101,145,36,3789.906,-4044.304,4912.5742
99,145,36,2859.5581,-3930.0801,5317.6479
97,145,36,1948.442,-3796.4961,5484.7261
95,145,36,1116.6581,-3643.552,5453.4741
93,145,36,407.478,-3477.0559,5270.77
91,145,36,-173.088,-3295.072,4991.9062
89,145,36,-627.444,-3109.2161,4660.1543
87,145,36,-973.62,-2919.488,4304.3623
85,145,36,-1228.444,-2729.76,3946.166
83,145,36,-1408.744,-2545.8401,3599.99
81,145,36,-1530.146,-2365.792,3274.248
79,145,36,-1604.67,-2199.2959,2974.95
79,147,36,-1438.7941,-2263.1841,2824.7
81,147,36,-1355.8561,-2429.6799,3097.554
83,147,36,-1228.444,-2605.856,3396.8521
85,147,36,-1043.3361,-2791.7119,3716.584
87,147,36,-786.108,-2977.5679,4048.3362
89,147,36,-439.932,-3165.3599,4381.29
91,147,36,4.808,-3345.408,4689.002
93,147,36,573.354,-3521.584,4947.4321
95,147,36,1264.504,-3678.3999,5112.106
97,147,36,2077.0562,-3821.6641,5133.7422
99,147,36,2964.1321,-3935.8879,4958.25
101,147,36,3876.45,-4030.752,4551.9741
103,147,36,4745.4961,-4098.5122,3895.6821
105,147,36,5494.3423,-4146.9121,3001.394
107,147,36,6053.272,-4170.144,1912.3821
109,147,36,6374.2061,-4172.0801,683.938
111,147,36,6413.8721,-4144.9761,-599.798
113,147,36,6155.4419,-4090.7681,-1876.322
115,147,36,5598.916,-4003.6479,-3033.8481
117,147,36,4780.354,-3879.7439,-3978.6201
119,147,36,3794.7141,-3717.1199,-4621.6899
121,147,36,2742.9641,-3517.7119,-4934.21
123,147,36,1729.678,-3273.7759,-4933.0083
125,147,36,835.39,-2994.9919,-4682.9922
127,147,36,103.372,-2689.104,-4264.6963
129,147,36,-465.174,-2356.1121,-3740.624
131,147,36,-884.672,-2003.76,-3169.6741
133,147,36,-1186.374,-1632.048,-2573.4819
135,147,36,-1390.714,-1250.656,-1984.5021
137,147,36,-1519.328,-859.584,-1403.936
139,147,36,-1586.64,-462.704,-841.4
141,147,36,-1603.468,-63.888,-287.278
143,147,36,-1572.2161,338.8,260.834
145,147,36,-1491.682,741.488,813.754
147,147,36,-1355.8561,1144.176,1367.876
149,147,36,-1150.314,1537.184,1915.988
151,147,36,-866.642,1918.576,2454.4841
153,147,36,-474.79,2294.1599,2972.5461
155,147,36,38.464,2656.1919,3440.124
157,147,36,687.544,2994.9919,3811.542
159,147,36,1466.4401,3310.5601,4027.9021
161,147,36,2340.2939,3589.344,4031.5081
163,147,36,3255.0161,3835.2161,3768.27
165,147,36,4116.8501,4036.5601,3220.158
167,147,36,4833.2422,4189.5039,2408.8081
169,147,36,5326.062,4297.9199,1406.34
171,147,36,5562.856,4357.936,300.5
173,147,36,5537.6143,4383.104,-834.188
175,147,36,5262.356,4365.6802,-1926.806
177,147,36,4770.7383,4319.2158,-2904.032
179,147,36,4106.0322,4241.7759,-3714.1802
181,147,36,3325.9341,4137.2319,-4315.1802
183,147,36,2489.342,4003.6479,-4697.416
185,147,36,1670.78,3854.5759,-4860.8882
187,147,36,920.732,3682.272,-4840.4541
189,147,36,281.268,3500.2881,-4680.5879
191,147,36,-240.4,3308.624,-4436.582
193,147,36,-652.686,3113.0879,-4140.8901
195,147,36,-965.206,2917.552,-3824.7642
197,147,36,-1192.384,2727.824,-3509.8401
199,147,36,-1354.6541,2543.9041,-3204.532
201,147,36,-1461.6321,2365.792,-2920.8601
203,147,36,-1527.7421,2197.3601,-2656.4202
205,147,36,-1562.6,2040.5439,-2412.4141
205,149,36,-1411.1481,2087.0081,-2281.396
203,149,36,-1369.078,2245.76,-2501.3621
201,149,36,-1295.756,2412.2561,-2742.9641
199,149,36,-1181.566,2588.4319,-3005.0
197,149,36,-1016.892,2768.48,-3283.864
195,149,36,-787.31,2958.208,-3574.748
193,149,36,-475.992,3151.8079,-3868.0361
191,149,36,-70.918,3343.4719,-4139.688
189,149,36,436.326,3529.3279,-4364.4619
187,149,36,1061.366,3705.5039,-4501.4902
185,149,36,1786.172,3866.1919,-4508.7021
183,149,36,2583.0981,4005.584,-4338.0181
181,149,36,3389.6401,4117.8721,-3954.5801
179,149,36,4148.1021,4204.9922,-3355.9841
177,149,36,4789.9702,4259.2002,-2548.24
175,149,36,5262.356,4278.5601,-1568.61
173,149,36,5515.978,4265.0078,-472.386
171,149,36,5514.7759,4214.6719,669.514
169,149,36,5250.3359,4125.6162,1777.7581
167,149,36,4722.6582,3993.968,2786.2361
165,149,36,3973.812,3817.792,3592.7781
163,149,36,3074.7161,3604.832,4138.4858
161,149,36,2122.7319,3355.0879,4387.3003
159,149,36,1212.818,3078.24,4364.4619
157,149,36,403.872,2776.2239,4122.8599
155,149,36,-272.854,2454.8479,3723.7961
153,149,36,-808.946,2117.9839,3223.7642
151,149,36,-1216.4241,1769.504,2672.0461
149,149,36,-1516.9241,1417.152,2098.6921
147,149,36,-1730.88,1055.12,1514.52
145,149,36,-1873.9181,691.152,926.742
143,149,36,-1959.26,321.376,338.964
141,149,36,-1994.118,-46.464,-246.41
139,149,36,-1978.4921,-410.432,-838.996
137,149,36,-1908.776,-774.4,-1443.6021
135,149,36,-1776.556,-1130.624,-2057.824
133,149,36,-1565.004,-1484.912,-2686.47
131,149,36,-1256.09,-1821.776,-3315.116
129,149,36,-824.572,-2147.0239,-3929.3381
127,149,36,-242.804,-2454.8479,-4493.0762
125,149,36,508.446,-2745.248,-4955.8462
123,149,36,1423.168,-3012.416,-5243.124
121,149,36,2467.7061,-3250.5439,-5279.1841
119,149,36,3547.1021,-3455.76,-5006.3301
117,149,36,4583.2261,-3635.8079,-4394.5122
115,149,36,5442.6562,-3781.0081,-3478.5881
113,149,36,6049.666,-3899.104,-2329.4761
111,149,36,6352.5703,-3984.2881,-1062.568
109,149,36,6353.772,-4042.3679,222.37
107,149,36,6072.5039,-4077.2161,1452.016
105,149,36,5547.23,-4083.0239,2550.644
103,149,36,4830.8379,-4063.6641,3455.75
101,149,36,3990.6401,-4017.2,4127.668
99,149,36,3105.968,-3941.696,4554.3779
97,149,36,2238.124,-3839.0879,4753.9102
95,149,36,1447.208,-3709.376,4761.1221
93,149,36,765.674,-3556.4319,4625.2959
91,149,36,205.542,-3388.0,4399.3203
89,149,36,-239.198,-3213.76,4121.6582
87,149,36,-586.576,-3027.9041,3821.158
85,149,36,-848.612,-2842.0481,3513.446
83,149,36,-1040.932,-2660.064,3215.3501
81,149,36,-1177.96,-2483.8879,2934.082
79,149,36,-1268.11,-2313.52,2670.844
79,151,36,-1103.436,-2350.304,2514.584
81,151,36,-1004.872,-2514.864,2746.5701
83,151,36,-863.036,-2691.04,3001.394
85,151,36,-667.11,-2871.0879,3273.0461
87,151,36,-406.276,-3053.072,3551.9102
89,151,36,-63.706,-3235.0559,3829.572
91,151,36,371.418,-3407.3599,4079.5881
93,151,36,917.126,-3571.9199,4281.5239
95,151,36,1575.822,-3717.1199,4394.5122
97,151,36,2342.698,-3837.1521,4371.6743
99,151,36,3178.0881,-3932.0159,4168.5361
101,151,36,4033.9121,-3993.968,3738.22
103,151,36,4847.666,-4023.0081,3066.302
105,151,36,5538.8159,-4021.072,2166.0042
107,151,36,6036.4443,-3986.2239,1081.8
109,151,36,6292.4702,-3922.3359,-140.634
111,151,36,6266.0259,-3831.344,-1415.9561
113,151,36,5936.6782,-3713.248,-2675.6521
115,151,36,5306.8301,-3571.9199,-3806.7341
117,151,36,4419.7539,-3405.4241,-4721.4561
119,151,36,3361.9941,-3213.76,-5321.2539
121,151,36,2251.3459,-3002.7361,-5580.8862
123,151,36,1185.172,-2766.5439,-5527.998
125,151,36,240.4,-2510.9919,-5216.6802
127,151,36,-531.284,-2238.0159,-4733.4761
129,151,36,-1133.486,-1951.488,-4144.4961
131,151,36,-1575.822,-1653.344,-3505.032
133,151,36,-1899.16,-1343.584,-2841.5281
135,151,36,-2116.7219,-1026.08,-2185.2361
137,151,36,-2256.1541,-700.832,-1534.954
139,151,36,-2329.4761,-373.648,-901.5
141,151,36,-2347.5061,-42.592,-277.662
143,151,36,-2315.052,290.4,341.368
145,151,36,-2228.5081,627.264,964.004
147,151,36,-2083.0659,958.32,1583.0341
149,151,36,-1865.504,1287.4399,2200.8621
151,151,36,-1561.3981,1610.752,2804.2661
153,151,36,-1146.708,1932.1279,3393.2461
155,151,36,-602.202,2245.76,3930.54
157,151,36,87.746,2551.6479,4368.0679
159,151,36,914.722,2843.9839,4649.3359
161,151,36,1847.474,3118.896,4710.6382
163,151,36,2829.5081,3372.512,4497.8843
165,151,36,3763.4622,3599.0239,3993.0442
167,151,36,4557.9839,3790.688,3211.7441
169,151,36,5127.7319,3947.5039,2226.104
171,151,36,5435.4443,4065.6001,1123.87
173,151,36,5476.312,4144.9761,-15.626
175,151,36,5263.5581,4187.5679,-1109.446
177,151,36,4829.6362,4193.376,-2091.48
179,151,36,4222.626,4160.4639,-2908.8401
181,151,36,3500.2241,4094.6399,-3524.2642
183,151,36,2716.52,3997.8401,-3931.7422
185,151,36,1942.432,3868.1279,-4131.2739
187,151,36,1233.2521,3715.1841,-4155.314
189,151,36,623.838,3548.688,-4047.134
191,151,36,121.402,3370.5759,-3856.0161
193,151,36,-280.066,3182.7839,-3616.8181
195,151,36,-592.586,2993.0559,-3353.5801
197,151,36,-826.976,2805.2639,-3086.7361
199,151,36,-998.862,2623.28,-2827.104
201,151,36,-1120.264,2450.9761,-2585.502
203,151,36,-1204.4041,2282.5439,-2355.9199
205,151,36,-1256.09,2125.728,-2146.772
205,153,36,-1103.436,2150.896,-2009.744
203,153,36,-1045.74,2305.7759,-2194.8521
201,153,36,-956.792,2472.272,-2399.1921
199,153,36,-828.178,2644.5759,-2619.158
197,153,36,-652.686,2822.688,-2851.144
195,153,36,-418.296,3006.6079,-3090.342
193,153,36,-111.786,3190.5281,-3327.136
191,153,36,282.47,3374.448,-3541.092
189,153,36,769.28,3548.688,-3706.968
187,153,36,1361.866,3713.248,-3793.512
185,153,36,2043.4,3856.512,-3751.4421
183,153,36,2786.2361,3976.5439,-3544.698
181,153,36,3531.4761,4059.792,-3138.4221
179,153,36,4226.2319,4110.1279,-2522.998
177,153,36,4805.5962,4123.6802,-1712.85
175,153,36,5213.0742,4094.6399,-735.624
173,153,36,5400.5859,4028.8159,348.58
171,153,36,5335.6782,3924.272,1477.2581
169,153,36,5000.3203,3779.072,2566.27
167,153,36,4402.9263,3600.96,3544.698
165,153,36,3589.1721,3389.936,4306.7661
163,153,36,2628.7742,3151.8079,4799.5859
161,153,36,1628.7101,2894.3201,4990.7041
159,153,36,674.322,2623.28,4907.7661
157,153,36,-170.684,2340.624,4603.6602
155,153,36,-873.854,2052.1599,4143.2939
153,153,36,-1432.7841,1757.8879,3584.364
151,153,36,-1855.8881,1465.552,2973.748
149,153,36,-2169.6101,1171.28,2342.698
147,153,36,-2394.384,873.136,1702.032
145,153,36,-2545.8359,573.056,1056.558
143,153,36,-2637.188,272.976,413.488
141,153,36,-2672.0461,-27.104,-231.986
139,153,36,-2655.218,-323.312,-879.864
137,153,36,-2581.896,-619.52,-1542.166
135,153,36,-2442.4641,-911.856,-2215.2861
133,153,36,-2220.094,-1200.3199,-2902.8301
131,153,36,-1895.5541,-1479.104,-3590.374
129,153,36,-1446.006,-1752.08,-4261.0898
127,153,36,-838.996,-2015.376,-4883.7261
125,153,36,-58.898,-2272.864,-5405.394
123,153,36,887.076,-2516.8,-5751.5703
121,153,36,1970.078,-2751.0559,-5841.7202
119,153,36,3099.958,-2967.8879,-5621.7539
117,153,36,4184.1621,-3171.168,-5061.6221
115,153,36,5097.6821,-3357.0239,-4198.5859
113,153,36,5767.1963,-3527.3921,-3095.1501
111,153,36,6136.21,-3668.72,-1861.8981
109,153,36,6203.522,-3788.752,-601.0
107,153,36,5990.7681,-3879.7439,607.01
105,153,36,5534.0083,-3939.76,1688.8101
103,153,36,4888.5342,-3962.9919,2587.906
101,153,36,4114.4463,-3951.376,3271.844
99,153,36,3295.884,-3906.8479,3720.1902
97,153,36,2483.332,-3825.5359,3959.3882
95,153,36,1742.9,-3713.248,4011.074
93,153,36,1097.426,-3573.856,3932.9441
91,153,36,562.536,-3417.04,3764.6641
89,153,36,131.018,-3248.6079,3547.1021
87,153,36,-211.552,-3072.4319,3304.2981
85,153,36,-477.194,-2892.384,3051.8782
83,153,36,-677.928,-2714.272,2805.468
81,153,36,-828.178,-2540.032,2569.876
79,153,36,-935.156,-2373.5359,2348.708
79,155,36,-771.684,-2383.2161,2186.438
81,155,36,-658.696,-2543.9041,2377.5562
83,155,36,-504.84,-2714.272,2586.7041
85,155,36,-302.904,-2888.512,2805.468
87,155,36,-38.464,-3062.752,3027.8381
89,155,36,299.298,-3235.0559,3245.4001
91,155,36,717.594,-3399.616,3434.114
93,155,36,1238.0601,-3548.688,3574.748
95,155,36,1857.0901,-3682.272,3630.04
97,155,36,2568.6741,-3786.8159,3557.9202
99,155,36,3343.9641,-3858.448,3310.3081
101,155,36,4130.0723,-3893.2959,2855.9521
103,155,36,4864.4941,-3889.4241,2179.2261
105,155,36,5475.1099,-3846.832,1289.746
107,155,36,5899.416,-3763.584,225.976
109,155,36,6085.7261,-3651.2959,-966.408
111,155,36,5994.374,-3508.032,-2193.6501
113,155,36,5603.7241,-3339.6001,-3405.2661
115,155,36,4920.9883,-3149.8721,-4481.0562
117,155,36,3989.438,-2948.5281,-5329.668
119,155,36,2898.022,-2733.6321,-5866.9619
121,155,36,1752.516,-2510.9919,-6066.4941
123,155,36,662.302,-2284.48,-5958.314
125,155,36,-301.702,-2048.2881,-5591.7041
127,155,36,-1087.8101,-1810.16,-5059.2183
129,155,36,-1702.032,-1566.224,-4413.7441
131,155,36,-2157.5901,-1320.3521,-3727.4021
133,155,36,-2489.342,-1066.736,-3014.616
135,155,36,-2715.3181,-811.184,-2310.2441
137,155,36,-2858.356,-551.76,-1613.084
139,155,36,-2935.2839,-288.464,-930.348
141,155,36,-2955.718,-23.232,-259.632
143,155,36,-2922.062,240.064,405.074
145,155,36,-2833.114,509.168,1072.184
147,155,36,-2682.864,776.336,1738.092
149,155,36,-2459.292,1045.4399,2404.0
151,155,36,-2147.9741,1308.736,3053.0801
153,155,36,-1724.87,1577.84,3691.342
155,155,36,-1165.9401,1848.88,4281.5239
157,155,36,-462.77,2119.9199,4773.1421
159,155,36,385.842,2390.96,5115.7119
161,155,36,1347.442,2658.1279,5237.1143
163,155,36,2366.738,2921.4241,5085.6621
165,155,36,3346.3682,3167.2959,4643.3262
167,155,36,4198.5859,3395.7439,3918.52
169,155,36,4832.04,3593.2161,2979.7581
171,155,36,5203.458,3759.7119,1918.3921
173,155,36,5312.8403,3889.4241,807.744
175,155,36,5167.3979,3982.3521,-264.44
177,155,36,4804.394,4030.752,-1234.454
179,155,36,4263.4941,4038.4961,-2055.4199
181,155,36,3609.606,4005.584,-2681.6621
183,155,36,2895.6182,3933.9519,-3110.7761
185,155,36,2181.6301,3827.4719,-3347.5701
187,155,36,1522.9341,3691.9519,-3420.8921
189,155,36,947.176,3537.072,-3369.2061
191,155,36,469.982,3368.6399,-3238.188
193,155,36,80.534,3192.4639,-3059.0901
195,155,36,-228.38,3010.48,-2853.5481
197,155,36,-465.174,2830.4319,-2641.9961
199,155,36,-646.676,2654.2561,-2432.8481
201,155,36,-782.502,2485.824,-2233.3162
203,155,36,-881.066,2321.2639,-2043.4
205,155,36,-948.378,2166.384,-1870.312
205,157,36,-800.532,2168.3201,-1730.88
203,157,36,-726.008,2319.3279,-1882.332
201,157,36,-620.232,2480.0159,-2047.006
199,157,36,-482.002,2644.5759,-2222.498
197,157,36,-299.298,2814.9441,-2407.606
195,157,36,-61.302,2991.1199,-2592.7141
193,157,36,241.602,3167.2959,-2768.2061
191,157,36,622.636,3337.6641,-2919.658
189,157,36,1084.204,3500.2881,-3021.8281
187,157,36,1638.326,3649.3599,-3045.8682
185,157,36,2264.5681,3773.2639,-2953.314
183,157,36,2941.2939,3872.0,-2705.7021
181,157,36,3618.02,3930.0801,-2272.9819
179,157,36,4238.252,3949.4399,-1647.942
177,157,36,4741.8901,3926.208,-842.602
175,157,36,5074.8442,3858.448,116.594
173,157,36,5190.2363,3746.1599,1167.142
171,157,36,5056.814,3595.1521,2252.5481
169,157,36,4664.9619,3411.2319,3289.874
167,157,36,4012.2761,3192.4639,4205.7979
165,157,36,3150.4421,2954.3359,4904.1602
163,157,36,2156.3879,2698.7839,5327.2642
161,157,36,1128.678,2437.4241,5449.8682
159,157,36,159.866,2176.064,5304.4263
157,157,36,-691.15,1914.704,4946.23
155,157,36,-1396.724,1663.024,4432.9761
153,157,36,-1960.462,1411.344,3829.572
151,157,36,-2388.374,1167.408,3178.0881
149,157,36,-2704.5,929.28,2510.978
147,157,36,-2931.678,693.088,1830.646
145,157,36,-3086.7361,456.896,1150.314
143,157,36,-3178.0881,222.64,471.184
141,157,36,-3212.946,-11.616,-211.552
139,157,36,-3196.1182,-242.0,-894.288
137,157,36,-3121.594,-472.384,-1595.0541
135,157,36,-2978.5562,-700.832,-2306.6379
133,157,36,-2753.782,-929.28,-3031.4441
131,157,36,-2425.636,-1153.856,-3759.856
129,157,36,-1968.876,-1376.496,-4470.2383
127,157,36,-1358.26,-1597.2,-5132.54
125,157,36,-573.354,-1819.84,-5702.2881
123,157,36,381.034,-2044.416,-6100.1499
121,157,36,1477.2581,-2270.928,-6254.0063
119,157,36,2616.7542,-2493.5679,-6095.3423
117,157,36,3724.998,-2714.272,-5608.5322
115,157,36,4674.5781,-2931.104,-4814.0103
113,157,36,5387.3643,-3136.3201,-3780.29
111,157,36,5811.6699,-3324.1121,-2614.3501
109,157,36,5942.688,-3490.6079,-1411.1481
107,157,36,5802.0542,-3626.1279,-245.208
105,157,36,5424.626,-3726.8,806.542
103,157,36,4860.8882,-3788.752,1690.0121
101,157,36,4172.1421,-3810.0481,2378.7581
99,157,36,3435.3162,-3786.8159,2845.134
97,157,36,2692.48,-3728.7361,3123.998
95,157,36,2006.1381,-3633.8721,3232.178
93,157,36,1403.936,-3509.968,3211.7441
91,157,36,895.49,-3364.7681,3105.968
89,157,36,480.8,-3209.8879,2953.314
87,157,36,145.442,-3043.3921,2769.408
85,157,36,-120.2,-2873.0239,2574.6841
83,157,36,-328.146,-2704.592,2381.1621
81,157,36,-488.012,-2538.0959,2193.6501
79,157,36,-609.414,-2379.344,2015.754
79,159,36,-453.154,-2359.9839,1849.8781
81,159,36,-326.944,-2512.928,2001.3301
83,159,36,-164.674,-2673.616,2163.6001
85,159,36,44.474,-2836.24,2329.4761
87,159,36,306.51,-2998.864,2496.554
89,159,36,637.06,-3159.552,2651.6121
91,159,36,1037.326,-3306.688,2776.6201
93,159,36,1528.944,-3444.144,2852.3459
95,159,36,2104.7021,-3558.3679,2847.5381
97,159,36,2759.792,-3643.552,2721.3281
99,159,36,3460.5581,-3693.8879,2436.4541
101,159,36,4158.9199,-3701.6321,1961.6641
103,159,36,4809.2021,-3668.72,1280.13
105,159,36,5333.2739,-3591.28,406.276
107,159,36,5671.0361,-3473.1841,-614.222
109,159,36,5782.8223,-3318.304,-1751.3141
111,159,36,5630.168,-3136.3201,-2913.6479
113,159,36,5187.832,-2929.168,-4044.73
115,159,36,4469.0361,-2710.3999,-5042.3901
117,159,36,3508.6382,-2481.9519,-5811.6699
119,159,36,2404.0,-2253.5039,-6272.0361
121,159,36,1259.696,-2030.864,-6407.8623
123,159,36,171.886,-1814.032,-6237.1782
125,159,36,-787.31,-1603.0079,-5823.6899
127,159,36,-1568.61,-1397.792,-5246.73
129,159,36,-2180.428,-1198.384,-4567.6001
131,159,36,-2634.7839,-1000.912,-3847.6021
133,159,36,-2965.334,-803.44,-3105.968
135,159,36,-3192.512,-605.968,-2370.344
137,159,36,-3337.9541,-408.496,-1645.5381
139,159,36,-3414.8821,-209.088,-935.156
141,159,36,-3434.114,-9.68,-240.4
143,159,36,-3400.458,189.728,450.75
145,159,36,-3311.51,393.008,1147.91
147,159,36,-3162.4622,598.224,1841.464
149,159,36,-2940.092,807.312,2532.614
151,159,36,-2628.7742,1018.336,3215.3501
153,159,36,-2206.8721,1237.104,3884.864
155,159,36,-1652.75,1465.552,4511.106
157,159,36,-955.59,1699.808,5049.6021
159,159,36,-110.584,1947.616,5442.6562
161,159,36,849.814,2201.2319,5628.9663
163,159,36,1882.332,2462.592,5548.4321
165,159,36,2890.8101,2723.9519,5175.812
167,159,36,3774.28,2973.696,4530.3379
169,159,36,4453.4102,3204.0801,3663.696
171,159,36,4884.9282,3405.4241,2662.4299
173,159,36,5058.0161,3575.792,1605.8721
175,159,36,4987.0981,3707.4399,573.354
177,159,36,4699.8203,3792.624,-372.62
179,159,36,4240.6562,3835.2161,-1180.364
181,159,36,3667.302,3831.344,-1811.4141
183,159,36,3025.4341,3782.9441,-2266.9719
185,159,36,2382.364,3699.696,-2544.634
187,159,36,1777.7581,3585.4719,-2669.6421
189,159,36,1245.272,3446.0801,-2679.2581
191,159,36,796.926,3295.072,-2611.946
193,159,36,421.902,3132.448,-2494.1501
195,159,36,116.594,2962.0801,-2346.304
197,159,36,-122.604,2793.6479,-2188.842
199,159,36,-311.318,2625.2161,-2028.9761
201,159,36,-454.356,2466.4639,-1872.7161
203,159,36,-566.142,2307.7119,-1724.87
205,159,36,-650.282,2158.6399,-1585.438
205,161,36,-508.446,2139.28,-1448.41
203,161,36,-419.498,2282.5439,-1566.2061
201,161,36,-305.308,2433.552,-1692.416
199,161,36,-157.462,2588.4319,-1824.636
197,161,36,31.252,2747.1841,-1959.26
195,161,36,270.45,2909.8081,-2091.48
193,161,36,567.344,3068.5601,-2209.2761
191,161,36,931.55,3225.376,-2300.6279
189,161,36,1363.068,3368.6399,-2341.4961
187,161,36,1871.514,3496.416,-2304.2341
185,161,36,2444.8682,3600.96,-2159.9941
183,161,36,3051.8782,3674.5281,-1871.514
181,161,36,3651.676,3707.4399,-1414.754
179,161,36,4188.9702,3699.696,-786.108
177,161,36,4608.4683,3643.552,7.212
175,161,36,4863.292,3542.8799,935.156
173,161,36,4904.1602,3397.6799,1936.422
171,161,36,4705.8301,3213.76,2962.9302
169,161,36,4259.8882,2996.928,3926.9341
167,161,36,3568.738,2754.928,4759.9199
165,161,36,2679.2581,2497.4399,5380.1519
163,161,36,1674.386,2236.0801,5723.9243
161,161,36,646.676,1978.592,5774.4082
159,161,36,-310.116,1734.656,5568.8662
157,161,36,-1147.91,1500.4,5161.3882
155,161,36,-1842.666,1283.568,4609.6699
153,161,36,-2394.384,1078.3521,3975.0142
151,161,36,-2813.8821,884.752,3295.884
149,161,36,-3125.2,698.896,2605.936
147,161,36,-3347.5701,518.848,1908.776
145,161,36,-3500.2241,342.672,1206.808
143,161,36,-3590.374,170.368,510.85
141,161,36,-3625.2322,-1.936,-188.714
139,161,36,-3608.4041,-168.432,-890.682
137,161,36,-3535.082,-336.864,-1604.67
135,161,36,-3394.448,-505.296,-2334.2839
133,161,36,-3170.876,-673.728,-3081.928
131,161,36,-2848.74,-844.096,-3828.3701
129,161,36,-2401.5959,-1016.4,-4559.186
127,161,36,-1801.798,-1192.576,-5253.9419
125,161,36,-1027.71,-1380.368,-5858.5483
123,161,36,-88.948,-1577.84,-6304.4902
121,161,36,988.044,-1786.928,-6511.2339
119,161,36,2119.126,-2005.696,-6423.4883
117,161,36,3227.3701,-2236.0801,-6014.8081
115,161,36,4190.1719,-2470.3359,-5309.2339
113,161,36,4933.0083,-2700.72,-4366.8662
111,161,36,5405.394,-2919.488,-3281.46
109,161,36,5597.7139,-3118.896,-2159.9941
107,161,36,5532.8062,-3289.2639,-1061.366
105,161,36,5239.5181,-3424.7839,-52.888
103,161,36,4769.5361,-3517.7119,806.542
101,161,36,4173.3442,-3568.0481,1491.682
99,161,36,3518.2542,-3571.9199,1983.3
97,161,36,2853.5481,-3537.072,2297.022
95,161,36,2229.71,-3463.5039,2455.686
93,161,36,1673.1841,-3358.96,2496.554
91,161,36,1197.192,-3235.0559,2454.4841
89,161,36,804.138,-3095.6641,2363.1321
87,161,36,478.396,-2944.656,2240.5281
85,161,36,211.552,-2787.8401,2102.2981
83,161,36,0.0,-2632.96,1959.26
81,161,36,-168.28,-2478.0801,1819.828
79,161,36,-299.298,-2329.0081,1684.0021
79,163,36,-156.26,-2286.416,1527.7421
81,163,36,-20.434,-2427.7439,1639.5281
83,163,36,150.25,-2572.9441,1754.92
85,163,36,363.004,-2723.9519,1872.7161
87,163,36,623.838,-2869.1521,1982.098
89,163,36,942.368,-3008.5439,2077.0562
91,163,36,1322.2001,-3138.2561,2139.5601
93,163,36,1778.9601,-3252.48,2153.9841
95,163,36,2305.436,-3343.4719,2089.0759
97,163,36,2896.8201,-3403.488,1912.3821
99,163,36,3519.4561,-3428.656,1589.0441
101,163,36,4132.4761,-3411.2319,1095.022
103,163,36,4682.9922,-3349.28,420.7
105,163,36,5118.1162,-3242.8,-421.902
107,163,36,5371.7383,-3093.728,-1393.118
109,163,36,5407.7983,-2907.8721,-2456.8879
111,163,36,5195.0439,-2696.8479,-3535.082
113,163,36,4709.436,-2466.4639,-4578.418
115,163,36,3967.802,-2228.3359,-5475.1099
117,163,36,3006.2021,-1990.208,-6148.23
119,163,36,1912.3821,-1761.76,-6528.062
121,163,36,787.31,-1546.864,-6592.9702
123,163,36,-277.662,-1349.392,-6368.1963
125,163,36,-1209.212,-1167.408,-5913.8403
127,163,36,-1968.876,-1002.848,-5308.0322
129,163,36,-2562.6641,-846.032,-4608.4683
131,163,36,-3002.5959,-698.896,-3871.6421
133,163,36,-3327.136,-555.632,-3116.7861
135,163,36,-3545.9001,-416.24,-2371.5461
137,163,36,-3686.5342,-278.784,-1639.5281
139,163,36,-3761.0581,-139.392,-921.934
141,163,36,-3781.4922,-1.936,-217.562
143,163,36,-3750.24,137.456,482.002
145,163,36,-3664.8979,280.72,1186.374
147,163,36,-3519.4561,429.792,1890.7461
149,163,36,-3301.894,582.736,2595.1182
151,163,36,-3000.1921,741.488,3292.2781
153,163,36,-2593.916,907.984,3978.6201
155,163,36,-2056.6221,1091.9041,4631.3062
157,163,36,-1377.4921,1289.376,5202.2559
159,163,36,-555.324,1506.208,5640.9863
161,163,36,384.64,1740.464,5884.9922
163,163,36,1402.734,1990.208,5876.5781
165,163,36,2407.606,2251.5679,5584.4922
167,163,36,3306.7021,2510.9919,5026.7642
169,163,36,4024.2961,2762.6719,4247.8682
171,163,36,4506.2979,2989.1841,3328.3381
173,163,36,4743.0923,3184.72,2339.092
175,163,36,4743.0923,3345.408,1359.462
177,163,36,4537.5503,3461.5679,454.356
179,163,36,4163.728,3531.2639,-335.358
181,163,36,3674.5142,3556.4319,-971.216
183,163,36,3116.7861,3535.136,-1444.8041
185,163,36,2543.4321,3477.0559,-1760.9301
187,163,36,1996.5221,3388.0,-1937.624
189,163,36,1507.308,3273.7759,-2006.1381
191,163,36,1085.406,3140.1919,-1997.724
193,163,36,730.816,2998.864,-1940.0281
195,163,36,435.124,2845.9199,-1849.8781
197,163,36,197.128,2692.9761,-1746.506
199,163,36,3.606,2541.968,-1634.72
201,163,36,-149.048,2392.896,-1521.7321
203,163,36,-271.652,2245.76,-1411.1481
205,163,36,-367.812,2108.304,-1305.3721
205,165,36,-235.592,2067.6479,-1173.152
203,165,36,-135.826,2199.2959,-1258.494
201,165,36,-10.818,2336.752,-1348.644
199,165,36,144.24,2478.0801,-1438.7941
197,165,36,336.56,2621.344,-1527.7421
195,165,36,572.152,2764.6079,-1609.478
193,165,36,858.228,2904.0,-1671.9821
191,165,36,1202.0,3037.584,-1704.436
189,165,36,1604.67,3157.616,-1688.8101
187,165,36,2072.248,3260.2239,-1598.66
185,165,36,2585.502,3335.728,-1405.1381
183,165,36,3121.594,3382.1919,-1079.396
181,165,36,3638.4541,3388.0,-603.404
179,165,36,4090.406,3351.2161,27.646
177,165,36,4423.3599,3266.032,799.33
175,165,36,4595.2461,3138.2561,1685.204
173,165,36,4562.792,2965.9519,2632.3801
171,165,36,4304.3623,2756.864,3583.1621
169,165,36,3810.3401,2522.6079,4463.0259
167,165,36,3090.342,2267.0559,5207.064
165,165,36,2198.458,2009.568,5727.5303
163,165,36,1204.4041,1754.016,5984.7583
161,165,36,200.734,1512.016,5966.728
159,165,36,-727.21,1291.312,5705.894
157,165,36,-1537.358,1088.032,5257.5483
155,165,36,-2205.6699,911.856,4676.9819
153,165,36,-2734.55,753.104,4026.7002
151,165,36,-3136.0181,607.904,3337.9541
149,165,36,-3432.9121,474.32,2638.3901
147,165,36,-3648.0701,352.352,1936.422
145,165,36,-3793.512,230.384,1233.2521
143,165,36,-3880.0562,116.16,533.688
141,165,36,-3912.51,5.808,-168.28
139,165,36,-3896.884,-104.544,-869.046
137,165,36,-3824.7642,-212.96,-1586.64
135,165,36,-3690.1401,-323.312,-2316.2542
133,165,36,-3476.1841,-435.6,-3059.0901
131,165,36,-3166.0681,-553.696,-3811.542
129,165,36,-2734.55,-675.664,-4551.9741
127,165,36,-2158.792,-807.312,-5259.9521
125,165,36,-1417.1581,-952.512,-5886.1943
123,165,36,-512.052,-1117.072,-6363.3882
121,165,36,532.486,-1302.928,-6620.6162
119,165,36,1632.316,-1506.208,-6601.3843
117,165,36,2717.7222,-1730.7839,-6276.8442
115,165,36,3676.918,-1968.912,-5665.0259
113,165,36,4435.3799,-2212.8479,-4824.8281
111,165,36,4941.4219,-2449.04,-3845.198
109,165,36,5189.0342,-2671.6799,-2807.8721
107,165,36,5195.0439,-2869.1521,-1787.374
105,165,36,4988.3003,-3029.8401,-840.198
103,165,36,4609.6699,-3151.8079,-14.424
101,165,36,4107.2339,-3229.248,659.898
99,165,36,3542.2939,-3260.2239,1163.536
97,165,36,2958.1221,-3252.48,1509.712
95,165,36,2400.394,-3204.0801,1715.254
93,165,36,1897.958,-3126.6399,1810.212
91,165,36,1460.4301,-3025.968,1828.2421
89,165,36,1089.012,-2909.8081,1796.99
87,165,36,775.29,-2780.0959,1732.082
85,165,36,514.456,-2644.5759,1647.942
83,165,36,301.702,-2503.248,1554.186
81,165,36,127.412,-2365.792,1458.026
79,165,36,-15.626,-2232.208,1363.068
79,167,36,114.19,-2168.3201,1215.222
81,167,36,257.228,-2292.2239,1289.746
83,167,36,431.518,-2420.0,1365.472
85,167,36,644.272,-2547.7759,1435.188
87,167,36,899.096,-2673.616,1495.2881
89,167,36,1204.4041,-2791.7119,1534.954
91,167,36,1558.994,-2896.2561,1542.166
93,167,36,1976.088,-2983.376,1498.894
95,167,36,2452.0801,-3045.3279,1382.3
97,167,36,2973.748,-3080.176,1159.9301
99,167,36,3513.446,-3074.3679,810.148
101,167,36,4037.5181,-3029.8401,306.51
103,167,36,4495.48,-2940.7839,-349.782
105,167,36,4832.04,-2807.2,-1151.516
107,167,36,5003.9263,-2632.96,-2063.834
109,167,36,4973.876,-2427.7439,-3041.0601
111,167,36,4711.8398,-2201.2319,-4026.7002
113,167,36,4197.3843,-1955.36,-4963.0581
115,167,36,3448.5381,-1711.424,-5755.1763
117,167,36,2498.958,-1475.2319,-6330.9341
119,167,36,1435.188,-1260.3359,-6626.626
121,167,36,349.782,-1064.8,-6627.8281
123,167,36,-668.312,-896.368,-6357.3779
125,167,36,-1558.994,-751.168,-5876.5781
127,167,36,-2283.8,-625.328,-5252.7402
129,167,36,-2848.74,-514.976,-4548.3682
131,167,36,-3267.0361,-418.176,-3817.552
133,167,36,-3574.748,-329.12,-3069.908
135,167,36,-3787.502,-243.936,-2331.8801
137,167,36,-3922.126,-162.624,-1603.468
139,167,36,-3995.448,-81.312,-896.692
141,167,36,-4014.6802,0.0,-198.33
143,167,36,-3984.6301,83.248,497.628
145,167,36,-3902.894,172.304,1197.192
147,167,36,-3763.4622,263.296,1894.3521
149,167,36,-3557.9202,362.032,2595.1182
151,167,36,-3273.0461,468.512,3292.2781
153,167,36,-2884.8,588.544,3984.6301
155,167,36,-2376.354,724.064,4644.5283
157,167,36,-1728.4761,880.88,5238.3159
159,167,36,-942.368,1060.928,5713.106
161,167,36,-38.464,1266.144,6006.394
163,167,36,942.368,1494.592,6064.0903
165,167,36,1925.604,1742.4,5857.3462
167,167,36,2825.9021,2001.824,5390.9702
169,167,36,3559.1221,2257.376,4710.6382
171,167,36,4080.79,2499.376,3882.46
173,167,36,4374.0781,2716.208,2974.95
175,167,36,4447.3999,2902.064,2059.0261
177,167,36,4322.3921,3043.3921,1197.192
179,167,36,4035.114,3142.1279,436.326
181,167,36,3632.4441,3194.3999,-195.926
183,167,36,3155.25,3204.0801,-686.342
185,167,36,2655.218,3175.04,-1034.922
187,167,36,2166.0042,3113.0879,-1257.292
189,167,36,1721.264,3025.968,-1375.088
191,167,36,1331.816,2919.488,-1420.764
193,167,36,998.862,2801.3921,-1415.9561
195,167,36,716.392,2671.6799,-1378.694
197,167,36,482.002,2538.0959,-1322.2001
199,167,36,288.48,2402.5759,-1254.8881
201,167,36,129.816,2270.928,-1183.97
203,167,36,-1.202,2141.2161,-1110.6481
205,167,36,-105.776,2015.376,-1038.5281
205,169,36,12.02,1955.36,-912.318
203,169,36,120.2,2073.4561,-967.61
201,169,36,252.42,2193.488,-1022.902
199,169,36,411.084,2317.3921,-1075.79
197,169,36,601.0,2439.3601,-1122.668
195,169,36,831.784,2563.2639,-1157.526
193,169,36,1104.6381,2679.4241,-1173.152
191,169,36,1425.572,2787.8401,-1156.324
189,169,36,1794.5861,2880.7681,-1090.214
187,169,36,2214.084,2954.3359,-953.186
185,169,36,2669.6421,3000.8,-718.796
183,169,36,3137.22,3018.2239,-364.206
181,169,36,3572.344,2993.0559,123.806
179,169,36,3936.55,2925.2959,747.644
177,169,36,4185.3643,2814.9441,1490.48
175,169,36,4276.7163,2660.064,2324.668
173,169,36,4176.9502,2466.4639,3204.532
171,169,36,3864.4302,2238.0159,4069.9722
169,169,36,3339.156,1994.08,4857.2822
167,169,36,2609.542,1738.528,5496.7461
165,169,36,1726.072,1486.848,5925.8604
163,169,36,762.068,1250.656,6101.3521
161,169,36,-197.128,1033.824,6019.6162
159,169,36,-1083.0021,844.096,5714.3081
157,169,36,-1848.676,683.408,5238.3159
155,169,36,-2479.7261,549.824,4644.5283
153,169,36,-2978.5562,437.536,3989.438
151,169,36,-3357.186,342.672,3303.0959
149,169,36,-3634.8481,261.36,2613.1479
147,169,36,-3839.188,189.728,1918.3921
145,169,36,-3975.0142,123.904,1226.04
143,169,36,-4056.75,61.952,539.698
141,169,36,-4088.002,3.872,-151.452
139,169,36,-4069.9722,-50.336,-836.592
137,169,36,-4001.458,-104.544,-1538.5601
135,169,36,-3872.844,-160.688,-2252.5481
133,169,36,-3668.5042,-220.704,-2985.7681
131,169,36,-3375.2161,-286.528,-3722.594
129,169,36,-2973.748,-358.16,-4449.8042
127,169,36,-2430.4441,-441.408,-5150.5703
125,169,36,-1728.4761,-545.952,-5782.8223
123,169,36,-870.248,-671.792,-6282.854
121,169,36,121.402,-824.736,-6582.1523
119,169,36,1173.152,-1004.784,-6620.6162
117,169,36,2221.2961,-1213.8719,-6376.6104
115,169,36,3154.0481,-1442.3199,-5863.356
113,169,36,3913.7122,-1686.256,-5126.5303
111,169,36,4442.5923,-1930.192,-4256.2822
109,169,36,4734.6782,-2164.448,-3321.126
107,169,36,4806.7979,-2377.408,-2384.7681
105,169,36,4679.3862,-2561.3279,-1501.298
103,169,36,4388.502,-2708.4639,-722.402
101,169,36,3979.822,-2811.072,-69.716
99,169,36,3505.032,-2873.0239,433.922
97,169,36,3003.7981,-2892.384,801.734
95,169,36,2514.584,-2874.96,1043.3361
93,169,36,2065.0361,-2826.5601,1187.576
91,169,36,1667.1741,-2754.928,1257.292
89,169,36,1323.402,-2663.936,1276.524
87,169,36,1027.71,-2559.3921,1262.1
85,169,36,776.492,-2447.104,1226.04
83,169,36,564.94,-2329.0081,1176.7581
81,169,36,388.246,-2210.9121,1120.264
79,169,36,241.602,-2092.8159,1060.1641
79,171,36,352.186,-2013.4399,926.742
81,171,36,498.83,-2119.9199,970.014
83,171,36,674.322,-2228.3359,1007.276
85,171,36,882.268,-2332.8799,1036.124
87,171,36,1126.274,-2431.616,1052.952
89,171,36,1412.35,-2524.5439,1045.74
91,171,36,1736.89,-2600.0481,1007.276
93,171,36,2114.3181,-2660.064,918.328
95,171,36,2535.0181,-2692.9761,759.664
97,171,36,2988.1721,-2694.9119,507.244
99,171,36,3448.5381,-2662.0,141.836
101,171,36,3883.6621,-2588.4319,-355.792
103,171,36,4250.272,-2474.208,-986.842
105,171,36,4505.0962,-2317.3921,-1738.092
107,171,36,4601.2559,-2125.728,-2579.4919
109,171,36,4509.9043,-1906.96,-3471.376
111,171,36,4208.2021,-1670.7679,-4353.644
113,171,36,3678.1201,-1426.832,-5181.8223
115,171,36,2936.4861,-1186.7679,-5869.3662
117,171,36,2016.9561,-964.128,-6351.3682
119,171,36,1001.266,-766.656,-6570.1323
121,171,36,-27.646,-600.16,-6512.436
123,171,36,-990.448,-466.576,-6213.1382
125,171,36,-1828.2421,-360.096,-5716.7119
127,171,36,-2503.7661,-278.784,-5098.8843
129,171,36,-3033.8481,-214.896,-4405.3301
131,171,36,-3425.7,-164.56,-3692.5439
133,171,36,-3715.3821,-123.904,-2964.1321
135,171,36,-3916.116,-90.992,-2248.9421
137,171,36,-4043.5281,-60.016,-1545.772
139,171,36,-4114.4463,-32.912,-857.026
141,171,36,-4134.8799,0.0,-179.098
143,171,36,-4106.0322,30.976,496.426
145,171,36,-4030.3062,67.76,1176.7581
147,171,36,-3900.49,108.416,1858.292
149,171,36,-3706.968,156.816,2543.4321
151,171,36,-3441.3262,212.96,3224.9661
153,171,36,-3077.1201,284.592,3910.106
155,171,36,-2601.1279,373.648,4563.9941
157,171,36,-1995.3201,485.936,5163.792
159,171,36,-1257.292,623.392,5655.4102
161,171,36,-402.67,791.824,5984.7583
163,171,36,534.89,993.168,6102.5542
165,171,36,1478.4601,1217.744,5970.334
167,171,36,2354.718,1463.616,5592.9062
169,171,36,3086.7361,1715.296,5012.3403
171,171,36,3630.04,1959.2319,4285.1299
173,171,36,3969.0042,2191.552,3471.376
175,171,36,4103.6279,2394.832,2632.3801
177,171,36,4054.3462,2563.2639,1829.4441
179,171,36,3851.208,2691.04,1102.234
181,171,36,3535.082,2772.3521,484.406
183,171,36,3134.8162,2814.9441,-15.626
185,171,36,2705.7021,2814.9441,-385.842
187,171,36,2277.79,2785.9041,-643.07
189,171,36,1881.13,2725.8879,-805.34
191,171,36,1526.54,2648.448,-896.692
193,171,36,1216.4241,2553.584,-938.762
195,171,36,949.58,2449.04,-947.176
197,171,36,722.402,2338.688,-932.752
199,171,36,532.486,2226.3999,-905.106
201,171,36,372.62,2112.176,-869.046
203,171,36,236.794,1999.8879,-829.38
205,171,36,123.806,1889.536,-786.108
205,173,36,227.178,1814.032,-671.918
203,173,36,341.368,1914.704,-699.564
201,173,36,475.992,2017.312,-724.806
199,173,36,634.656,2119.9199,-744.038
197,173,36,820.966,2220.592,-753.654
195,173,36,1040.932,2321.2639,-750.048
193,173,36,1296.958,2412.2561,-722.402
191,173,36,1593.8521,2493.5679,-662.302
189,173,36,1929.2101,2559.3921,-555.324
187,173,36,2301.8301,2601.9839,-378.63
185,173,36,2696.0859,2619.408,-112.988
183,173,36,3091.5439,2601.9839,260.834
181,173,36,3448.5381,2547.7759,750.048
179,173,36,3732.21,2449.04,1354.6541
177,173,36,3899.2881,2307.7119,2056.6221
175,173,36,3918.52,2127.6641,2829.5081
173,173,36,3762.26,1918.576,3624.03
171,173,36,3413.6802,1684.3199,4394.5122
169,173,36,2872.78,1438.448,5079.6519
167,173,36,2151.5801,1190.64,5620.5522
165,173,36,1296.958,958.32,5961.9199
163,173,36,376.226,745.36,6066.4941
161,173,36,-528.88,563.376,5933.0723
159,173,36,-1358.26,412.368,5598.916
157,173,36,-2074.6521,296.208,5109.7021
155,173,36,-2660.0261,207.152,4523.126
153,173,36,-3123.998,141.328,3875.248
151,173,36,-3477.386,94.864,3205.7341
149,173,36,-3738.22,60.016,2532.614
147,173,36,-3925.7322,36.784,1861.8981
145,173,36,-4054.3462,21.296,1193.5861
143,173,36,-4128.8701,7.744,531.284
141,173,36,-4156.5161,0.0,-131.018
139,173,36,-4139.688,-7.744,-792.118
137,173,36,-4073.5781,-13.552,-1470.046
135,173,36,-3950.9741,-21.296,-2155.186
133,173,36,-3762.26,-32.912,-2857.1541
131,173,36,-3487.002,-50.336,-3567.5361
129,173,36,-3109.574,-75.504,-4268.3022
127,173,36,-2604.7341,-116.16,-4949.8359
125,173,36,-1954.452,-174.24,-5567.6641
123,173,36,-1155.1221,-259.424,-6070.1001
121,173,36,-224.774,-377.52,-6397.0439
119,173,36,763.27,-524.656,-6484.79
117,173,36,1757.324,-710.512,-6308.0962
115,173,36,2654.0161,-921.536,-5891.002
113,173,36,3396.8521,-1155.792,-5259.9521
111,173,36,3935.3481,-1397.792,-4495.48
109,173,36,4259.8882,-1635.92,-3661.292
107,173,36,4382.4922,-1860.496,-2812.6799
105,173,36,4323.5942,-2059.9041,-2004.936
103,173,36,4114.4463,-2226.3999,-1283.7361
101,173,36,3793.512,-2354.176,-664.706
99,173,36,3404.064,-2441.2959,-174.29
97,173,36,2982.1621,-2489.696,201.936
95,173,36,2563.866,-2501.312,465.174
93,173,36,2168.408,-2483.8879,644.272
91,173,36,1812.6161,-2439.3601,753.654
89,173,36,1500.0961,-2377.408,813.754
87,173,36,1226.04,-2299.968,841.4
85,173,36,989.246,-2212.8479,846.208
83,173,36,783.704,-2117.9839,835.39
81,173,36,609.414,-2021.184,813.754
79,173,36,460.366,-1924.384,786.108
79,175,36,551.718,-1831.4559,667.11
81,175,36,698.362,-1918.576,681.534
83,175,36,870.248,-2003.76,688.746
85,175,36,1069.78,-2087.0081,683.938
87,175,36,1298.16,-2160.5759,663.504
89,175,36,1560.196,-2224.4639,619.03
91,175,36,1854.686,-2272.864,543.304
93,175,36,2186.438,-2301.9041,420.7
95,175,36,2551.8459,-2307.7119,234.39
97,175,36,2936.4861,-2282.5439,-32.454
99,175,36,3322.3281,-2222.5281,-402.67
101,175,36,3673.312,-2121.856,-881.066
103,175,36,3956.9841,-1984.4,-1472.4501
105,175,36,4132.4761,-1810.16,-2164.802
107,175,36,4166.1318,-1606.88,-2925.668
109,175,36,4026.7002,-1378.432,-3728.604
111,175,36,3697.3521,-1142.24,-4509.9043
113,175,36,3164.866,-902.176,-5231.104
115,175,36,2444.8682,-677.6,-5816.478
117,175,36,1572.2161,-476.256,-6210.7339
119,175,36,615.424,-305.888,-6363.3882
121,175,36,-343.772,-170.368,-6266.0259
123,175,36,-1233.2521,-75.504,-5949.8999
125,175,36,-2004.936,-9.68,-5457.0801
127,175,36,-2631.178,29.04,-4856.0801
129,175,36,-3123.998,48.4,-4191.374
131,175,36,-3488.2041,54.208,-3511.042
133,175,36,-3758.6541,48.4,-2818.6899
135,175,36,-3944.9641,36.784,-2135.9541
137,175,36,-4067.5681,23.232,-1467.642
139,175,36,-4136.082,5.808,-810.148
141,175,36,-4154.1123,-7.744,-163.472
143,175,36,-4130.0723,-21.296,484.406
145,175,36,-4059.1541,-30.976,1133.486
147,175,36,-3941.3582,-34.848,1787.374
149,175,36,-3761.0581,-34.848,2444.8682
151,175,36,-3513.446,-23.232,3099.958
153,175,36,-3176.886,1.936,3759.856
155,175,36,-2736.9541,44.528,4396.916
157,175,36,-2178.0239,110.352,4982.29
159,175,36,-1491.682,207.152,5478.7163
161,175,36,-694.756,332.992,5829.7002
163,175,36,180.3,497.552,5990.7681
165,175,36,1072.184,693.088,5923.4561
167,175,36,1911.1801,915.728,5628.9663
169,175,36,2626.3701,1155.792,5143.3579
171,175,36,3172.0781,1395.856,4519.52
173,175,36,3539.8901,1632.048,3805.532
175,175,36,3724.998,1846.944,3054.282
177,175,36,3743.0281,2034.736,2323.4661
179,175,36,3615.616,2189.616,1641.932
181,175,36,3376.418,2301.9041,1049.3461
183,175,36,3057.8879,2377.408,558.93
185,175,36,2699.6921,2410.3201,177.896
187,175,36,2334.2839,2410.3201,-104.574
189,175,36,1984.5021,2383.2161,-301.702
191,175,36,1667.1741,2332.8799,-431.518
193,175,36,1383.5021,2267.0559,-512.052
195,175,36,1134.688,2187.6799,-558.93
197,175,36,920.732,2104.4319,-582.97
199,175,36,734.422,2013.4399,-590.182
201,175,36,575.758,1920.512,-586.576
203,175,36,439.932,1827.584,-573.354
205,175,36,322.136,1734.656,-556.526
205,177,36,408.68,1647.536,-455.558
203,177,36,524.072,1730.7839,-460.366
201,177,36,659.898,1814.032,-459.164
199,177,36,814.956,1895.344,-449.548
197,177,36,994.054,1972.7839,-427.912
195,177,36,1202.0,2046.3519,-390.65
193,177,36,1437.592,2112.176,-328.146
191,177,36,1706.8401,2164.448,-231.986
189,177,36,2003.734,2199.2959,-91.352
187,177,36,2328.2739,2210.9121,115.392
185,177,36,2662.4299,2197.3601,400.266
183,177,36,2985.7681,2147.0239,778.896
181,177,36,3265.834,2057.968,1257.292
179,177,36,3470.1741,1932.1279,1828.2421
177,177,36,3566.334,1767.568,2474.918
175,177,36,3525.4661,1572.032,3169.6741
173,177,36,3327.136,1351.328,3872.844
171,177,36,2956.9202,1117.072,4543.5601
169,177,36,2420.8281,880.88,5125.3281
167,177,36,1726.072,650.496,5574.876
165,177,36,917.126,443.344,5836.9121
163,177,36,58.898,263.296,5882.5879
161,177,36,-787.31,118.096,5713.106
159,177,36,-1552.984,11.616,5366.9302
157,177,36,-2212.8821,-61.952,4882.5239
155,177,36,-2753.782,-106.48,4309.1699
153,177,36,-3180.4919,-125.84,3690.1401
151,177,36,-3506.2341,-129.712,3050.676
149,177,36,-3746.634,-118.096,2411.2122
147,177,36,-3922.126,-98.736,1775.354
145,177,36,-4041.124,-73.568,1140.698
143,177,36,-4109.6382,-42.592,509.648
141,177,36,-4134.8799,-9.68,-117.796
139,177,36,-4116.8501,25.168,-745.24
137,177,36,-4054.3462,60.016,-1383.5021
135,177,36,-3938.9541,92.928,-2030.178
133,177,36,-3759.856,121.968,-2693.6821
131,177,36,-3505.032,147.136,-3363.196
129,177,36,-3154.0481,162.624,-4027.9021
127,177,36,-2688.874,164.56,-4670.9722
125,177,36,-2087.874,145.2,-5267.1641
123,177,36,-1354.6541,100.672,-5756.3779
121,177,36,-497.628,21.296,-6088.1299
119,177,36,413.488,-90.992,-6208.3301
117,177,36,1339.0281,-247.808,-6096.5439
115,177,36,2188.842,-437.536,-5756.3779
113,177,36,2900.426,-654.368,-5225.0942
111,177,36,3434.114,-888.624,-4561.5898
109,177,36,3776.6841,-1124.816,-3829.572
107,177,36,3941.3582,-1353.264,-3078.322
105,177,36,3940.156,-1560.416,-2355.9199
103,177,36,3803.1282,-1742.4,-1696.022
101,177,36,3559.1221,-1891.472,-1121.4661
99,177,36,3249.0061,-1999.8879,-653.888
97,177,36,2901.6282,-2073.4561,-286.076
95,177,36,2549.4421,-2112.176,-9.616
93,177,36,2212.8821,-2121.856,188.714
91,177,36,1903.968,-2104.4319,325.742
89,177,36,1623.902,-2069.584,419.498
87,177,36,1373.886,-2019.248,480.8
85,177,36,1152.718,-1955.36,516.86
83,177,36,957.994,-1885.6639,537.294
81,177,36,788.512,-1810.16,544.506
79,177,36,640.666,-1732.72,543.304
79,179,36,713.988,-1632.048,438.73
81,179,36,858.228,-1697.8719,430.316
83,179,36,1024.104,-1761.76,411.084
85,179,36,1211.616,-1819.84,378.63
87,179,36,1423.168,-1870.176,329.348
89,179,36,1659.962,-1908.896,257.228
91,179,36,1917.1901,-1932.1279,153.856
93,179,36,2203.2661,-1936.0,7.212
95,179,36,2513.3821,-1918.576,-194.724
97,179,36,2833.114,-1868.24,-468.78
99,179,36,3143.23,-1784.9919,-826.976
101,179,36,3417.2861,-1666.896,-1276.524
103,179,36,3627.636,-1513.952,-1819.828
105,179,36,3735.8162,-1328.0959,-2443.666
107,179,36,3717.7861,-1117.072,-3116.7861
109,179,36,3542.2939,-888.624,-3821.158
111,179,36,3202.1282,-658.24,-4501.4902
113,179,36,2681.6621,-429.792,-5120.52
115,179,36,1996.5221,-220.704,-5612.1382
117,179,36,1179.162,-44.528,-5928.2642
119,179,36,296.894,98.736,-6028.0303
121,179,36,-579.364,197.472,-5904.2241
123,179,36,-1393.118,257.488,-5585.6943
125,179,36,-2101.0959,284.592,-5114.5103
127,179,36,-2675.6521,284.592,-4545.9639
129,179,36,-3125.2,263.296,-3924.53
131,179,36,-3464.1641,232.32,-3286.2681
133,179,36,-3714.1802,187.792,-2639.592
135,179,36,-3890.874,139.392,-2001.3301
137,179,36,-4007.468,87.12,-1373.886
139,179,36,-4071.1741,32.912,-756.058
141,179,36,-4091.6082,-17.424,-149.048
143,179,36,-4068.77,-69.696,456.76
145,179,36,-4003.8621,-118.096,1072.184
147,179,36,-3893.2781,-162.624,1686.406
149,179,36,-3727.4021,-201.344,2304.2341
151,179,36,-3500.2241,-228.448,2920.8601
153,179,36,-3190.1082,-245.872,3541.092
155,179,36,-2783.832,-245.872,4146.8999
157,179,36,-2269.376,-224.576,4708.2339
159,179,36,-1640.73,-174.24,5191.438
161,179,36,-909.914,-90.992,5544.8262
163,179,36,-104.574,32.912,5731.1362
165,179,36,721.2,191.664,5716.7119
167,179,36,1502.5,385.264,5496.7461
169,179,36,2182.832,604.032,5096.48
171,179,36,2716.52,832.48,4572.4082
173,179,36,3097.554,1064.8,3958.186
175,179,36,3317.52,1289.376,3305.5
177,179,36,3387.2361,1488.7839,2655.218
179,179,36,3327.136,1663.024,2038.592
181,179,36,3162.4622,1802.416,1491.682
183,179,36,2920.8601,1906.96,1019.296
185,179,36,2632.3801,1972.7839,639.464
187,179,36,2327.072,2007.632,342.57
189,179,36,2030.178,2009.568,123.806
191,179,36,1750.1121,1990.208,-33.656
193,179,36,1497.692,1953.424,-146.644
195,179,36,1269.312,1903.088,-225.976
197,179,36,1068.578,1841.136,-280.066
199,179,36,893.086,1775.312,-313.722
201,179,36,739.23,1705.616,-336.56
203,179,36,603.404,1632.048,-349.782
205,179,36,486.81,1558.48,-355.792
205,181,36,554.122,1467.488,-269.248
203,181,36,668.312,1531.376,-253.622
201,181,36,800.532,1593.328,-231.986
199,181,36,949.58,1651.408,-199.532
197,181,36,1119.062,1705.616,-152.654
195,181,36,1310.1801,1754.016,-88.948
193,181,36,1525.338,1792.736,0.0
191,181,36,1763.334,1817.9039,122.604
189,181,36,2018.1581,1821.776,286.076
187,181,36,2292.2141,1804.3521,510.85
185,181,36,2567.4722,1755.952,801.734
183,181,36,2822.2961,1678.512,1174.354
181,181,36,3031.4441,1562.3521,1625.104
179,181,36,3164.866,1413.28,2145.5701
177,181,36,3199.7241,1231.296,2723.7319
175,181,36,3111.978,1026.08,3331.9441
173,181,36,2887.2041,801.504,3941.3582
171,181,36,2510.978,573.056,4513.5103
169,181,36,1995.3201,352.352,4999.1182
167,181,36,1346.24,147.136,5359.7183
165,181,36,596.192,-30.976,5555.644
163,181,36,-189.916,-172.304,5559.25
161,181,36,-964.004,-274.912,5374.1421
159,181,36,-1662.3661,-340.736,5033.9761
157,181,36,-2264.5681,-371.712,4568.8022
155,181,36,-2762.196,-373.648,4029.104
153,181,36,-3155.25,-354.288,3448.5381
151,181,36,-3454.5481,-317.504,2851.144
149,181,36,-3676.918,-271.04,2257.356
147,181,36,-3837.9861,-216.832,1663.568
145,181,36,-3948.5701,-154.88,1069.78
143,181,36,-4012.2761,-90.992,480.8
141,181,36,-4035.114,-23.232,-106.978
139,181,36,-4017.084,42.592,-692.352
137,181,36,-3956.9841,110.352,-1286.14
135,181,36,-3847.6021,178.112,-1890.7461
133,181,36,-3679.322,242.0,-2503.7661
131,181,36,-3441.3262,300.08,-3128.8062
129,181,36,-3117.988,350.416,-3744.23
127,181,36,-2690.0759,387.2,-4344.0283
125,181,36,-2140.762,402.688,-4898.1499
123,181,36,-1473.652,394.944,-5360.9199
121,181,36,-697.16,352.352,-5683.0562
119,181,36,138.23,271.04,-5822.4883
117,181,36,982.034,145.2,-5752.772
115,181,36,1765.738,-19.36,-5482.3223
113,181,36,2436.4541,-216.832,-5041.188
111,181,36,2950.9102,-437.536,-4481.0562
109,181,36,3298.2881,-665.984,-3854.814
107,181,36,3489.406,-892.496,-3200.926
105,181,36,3535.082,-1105.4561,-2565.0681
103,181,36,3459.356,-1295.184,-1976.088
101,181,36,3286.2681,-1455.8719,-1456.824
99,181,36,3049.4741,-1579.776,-1024.104
97,181,36,2774.2161,-1670.7679,-670.716
95,181,36,2485.7361,-1728.848,-395.458
93,181,36,2204.468,-1759.824,-185.108
91,181,36,1938.826,-1765.632,-26.444
89,181,36,1694.8201,-1754.016,88.948
87,181,36,1471.248,-1724.976,176.694
85,181,36,1268.11,-1684.3199,239.198
83,181,36,1086.608,-1637.856,283.672
81,181,36,925.54,-1583.6479,313.722
79,181,36,781.3,-1525.568,334.156
79,183,36,836.592,-1421.024,246.41
81,183,36,974.822,-1467.488,218.764
83,183,36,1129.88,-1510.08,179.098
85,183,36,1305.3721,-1548.8,125.008
87,183,36,1496.49,-1575.9039,55.292
89,183,36,1706.8401,-1593.328,-39.666
91,183,36,1932.816,-1597.2,-162.27
93,183,36,2178.0239,-1581.712,-324.54
95,183,36,2432.8481,-1542.9919,-534.89
97,183,36,2690.0759,-1477.168,-806.542
99,183,36,2931.678,-1382.304,-1145.506
101,183,36,3137.22,-1250.656,-1560.196
103,183,36,3277.854,-1089.968,-2047.006
105,183,36,3330.7419,-900.24,-2596.3201
107,183,36,3267.0361,-689.216,-3187.7041
109,183,36,3069.908,-466.576,-3789.906
111,183,36,2728.54,-242.0,-4368.0679
113,183,36,2233.3162,-30.976,-4886.1299
115,183,36,1597.458,156.816,-5292.4062
117,183,36,852.218,309.76,-5537.6143
119,183,36,51.686,420.112,-5598.916
121,183,36,-742.836,485.936,-5465.4941
123,183,36,-1478.4601,513.04,-5162.5903
125,183,36,-2117.9241,507.232,-4725.062
127,183,36,-2641.9961,474.32,-4200.9902
129,183,36,-3056.686,423.984,-3626.4341
131,183,36,-3368.0042,360.096,-3042.262
133,183,36,-3603.5959,288.464,-2446.0701
135,183,36,-3767.0681,211.024,-1857.0901
137,183,36,-3876.45,129.712,-1276.524
139,183,36,-3937.752,48.4,-701.968
141,183,36,-3958.186,-32.912,-137.028
143,183,36,-3938.9541,-114.224,426.71
145,183,36,-3880.0562,-193.6,994.054
147,183,36,-3776.6841,-269.104,1563.802
149,183,36,-3621.626,-336.864,2137.156
151,183,36,-3408.8721,-398.816,2709.3081
153,183,36,-3122.7961,-451.088,3285.0662
155,183,36,-2750.176,-487.872,3842.7942
157,183,36,-2278.9919,-503.36,4363.2603
159,183,36,-1706.8401,-493.68,4815.2119
161,183,36,-1045.74,-453.024,5157.7822
163,183,36,-317.328,-371.712,5351.3042
165,183,36,432.72,-249.744,5364.5259
167,183,36,1146.708,-89.056,5205.8623
169,183,36,1776.556,100.672,4886.1299
171,183,36,2283.8,313.632,4452.208
173,183,36,2660.0261,536.272,3937.752
175,183,36,2896.8201,758.912,3381.2261
177,183,36,3005.0,968.0,2818.6899
179,183,36,2998.99,1153.856,2277.79
181,183,36,2899.2241,1312.608,1787.374
183,183,36,2724.9341,1440.384,1352.25
185,183,36,2504.968,1533.312,986.842
187,183,36,2259.76,1593.328,692.352
189,183,36,2013.3501,1626.24,465.174
191,183,36,1776.556,1635.92,287.278
193,183,36,1555.3881,1628.176,152.654
195,183,36,1351.048,1603.0079,50.484
197,183,36,1168.344,1568.16,-26.444
199,183,36,1004.872,1525.568,-84.14
201,183,36,859.43,1477.168,-125.008
203,183,36,729.614,1424.896,-158.664
205,183,36,614.222,1370.688,-182.704
205,183,38,593.788,1293.248,-171.886
203,183,38,699.564,1339.712,-146.644
201,183,38,818.562,1382.304,-110.584
199,183,38,950.782,1422.96,-64.908
197,183,38,1097.426,1457.808,-2.404
195,183,38,1257.292,1482.976,76.928
193,183,38,1432.7841,1498.464,180.3
191,183,38,1619.094,1502.3359,313.722
189,183,38,1812.6161,1488.7839,482.002
187,183,38,2007.3401,1453.936,695.958
185,183,38,2192.448,1395.856,960.398
183,183,38,2352.314,1314.5439,1276.524
181,183,38,2470.1101,1208.064,1643.134
179,183,38,2526.604,1076.416,2050.6121
177,183,38,2507.3721,921.536,2490.5439
175,183,38,2395.5859,753.104,2943.698
173,183,38,2184.0339,573.056,3386.0342
171,183,38,1869.11,393.008,3791.1082
169,183,38,1455.6221,222.64,4127.668
167,183,38,953.186,63.888,4371.6743
165,183,38,389.448,-69.696,4497.8843
163,183,38,-205.542,-180.048,4496.6821
161,183,38,-794.522,-257.488,4360.856
159,183,38,-1342.634,-309.76,4112.042
157,183,38,-1831.848,-332.992,3770.6741
155,183,38,-2252.5481,-334.928,3355.9841
153,183,38,-2596.3201,-319.44,2899.2241
151,183,38,-2870.376,-288.464,2417.2219
149,183,38,-3079.5242,-247.808,1921.998
147,183,38,-3234.582,-201.344,1417.1581
145,183,38,-3341.5601,-147.136,912.318
143,183,38,-3404.064,-89.056,402.67
141,183,38,-3423.2961,-29.04,-109.382
139,183,38,-3402.8621,30.976,-619.03
137,183,38,-3339.156,92.928,-1133.486
135,183,38,-3226.168,151.008,-1649.144
133,183,38,-3061.4941,207.152,-2166.0042
131,183,38,-2834.3162,255.552,-2676.854
129,183,38,-2539.8259,296.208,-3168.4722
127,183,38,-2163.6001,325.248,-3639.656
125,183,38,-1708.042,336.864,-4051.9421
123,183,38,-1170.748,325.248,-4390.9062
121,183,38,-570.95,290.4,-4620.4883
119,183,38,63.706,224.576,-4721.4561
117,183,38,698.362,125.84,-4679.3862
115,183,38,1292.15,0.0,-4501.4902
113,183,38,1811.4141,-152.944,-4203.394
111,183,38,2230.9121,-325.248,-3811.542
109,183,38,2533.8162,-501.424,-3364.3979
107,183,38,2726.136,-683.408,-2887.2041
105,183,38,2810.2761,-853.776,-2408.8081
103,183,38,2803.064,-1010.592,-1953.25
101,183,38,2720.126,-1146.1119,-1538.5601
99,183,38,2579.4919,-1256.464,-1175.556
97,183,38,2404.0,-1341.6479,-867.844
95,183,38,2204.468,-1403.6,-610.616
93,183,38,1998.926,-1444.256,-403.872
91,183,38,1795.7881,-1463.616,-237.996
89,183,38,1601.0641,-1467.488,-106.978
87,183,38,1415.9561,-1457.808,-4.808
85,183,38,1245.272,-1438.448,75.726
83,183,38,1086.608,-1409.408,137.028
81,183,38,942.368,-1374.5599,182.704
79,183,38,812.552,-1333.9041,218.764
79,181,38,764.472,-1430.704,307.712
81,181,38,895.49,-1479.104,283.672
83,181,38,1043.3361,-1523.632,246.41
85,181,38,1206.808,-1562.3521,195.926
87,181,38,1388.3101,-1591.392,127.412
89,181,38,1585.438,-1610.752,33.656
91,181,38,1793.384,-1616.5599,-87.746
93,181,38,2014.552,-1603.0079,-246.41
95,181,38,2242.9321,-1572.032,-450.75
97,181,38,2467.7061,-1517.824,-706.776
99,181,38,2672.0461,-1436.512,-1024.104
101,181,38,2839.124,-1331.968,-1400.3301
103,181,38,2949.708,-1198.384,-1837.858
105,181,38,2980.96,-1043.504,-2321.062
107,181,38,2913.6479,-871.2,-2834.3162
109,181,38,2733.3481,-689.216,-3352.3782
111,181,38,2431.646,-505.296,-3845.198
113,181,38,2008.542,-327.184,-4279.1201
115,181,38,1471.248,-164.56,-4620.4883
117,181,38,853.42,-25.168,-4832.04
119,181,38,188.714,85.184,-4892.1401
121,181,38,-473.588,164.56,-4805.5962
123,181,38,-1107.042,216.832,-4578.418
125,181,38,-1671.9821,240.064,-4234.646
127,181,38,-2152.782,242.0,-3809.1382
129,181,38,-2545.8359,228.448,-3328.3381
131,181,38,-2855.9521,201.344,-2816.2861
133,181,38,-3092.7461,164.56,-2286.2041
135,181,38,-3267.0361,121.968,-1750.1121
137,181,38,-3384.832,77.44,-1216.4241
139,181,38,-3452.144,29.04,-680.332
141,181,38,-3476.1841,-21.296,-151.452
143,181,38,-3458.1541,-67.76,379.832
145,181,38,-3396.8521,-112.288,911.116
147,181,38,-3287.47,-152.944,1439.996
149,181,38,-3128.8062,-187.792,1965.27
151,181,38,-2914.8501,-212.96,2480.928
153,181,38,-2632.3801,-228.448,2986.97
155,181,38,-2275.386,-230.384,3464.1641
157,181,38,-1839.0601,-212.96,3898.0862
159,181,38,-1328.2101,-172.304,4256.2822
161,181,38,-756.058,-106.48,4513.5103
163,181,38,-140.634,-13.552,4650.5381
165,181,38,484.406,110.352,4648.1343
167,181,38,1076.9921,259.424,4502.6919
169,181,38,1603.468,427.856,4235.8481
171,181,38,2033.7841,607.904,3868.0361
173,181,38,2358.324,793.76,3430.5081
175,181,38,2567.4722,973.808,2953.314
177,181,38,2669.6421,1144.176,2465.302
179,181,38,2672.0461,1293.248,1996.5221
181,181,38,2593.916,1419.088,1561.3981
183,181,38,2453.282,1519.76,1174.354
185,181,38,2266.9719,1593.328,843.804
187,181,38,2057.824,1639.792,574.556
189,181,38,1840.2621,1661.088,359.398
191,181,38,1629.912,1664.96,191.118
193,181,38,1427.9761,1651.408,62.504
195,181,38,1239.262,1624.304,-37.262
197,181,38,1068.578,1587.52,-110.584
199,181,38,914.722,1542.9919,-165.876
201,181,38,776.492,1494.592,-205.542
203,181,38,652.686,1440.384,-233.188
205,181,38,543.304,1386.176,-252.42
205,179,38,483.204,1469.424,-335.358
203,179,38,593.788,1533.312,-325.742
201,179,38,719.998,1595.264,-306.51
199,179,38,860.632,1655.28,-277.662
197,179,38,1019.296,1709.488,-234.39
195,179,38,1197.192,1757.8879,-173.088
193,179,38,1396.724,1796.608,-86.544
191,179,38,1611.8821,1823.712,31.252
189,179,38,1841.464,1833.392,188.714
187,179,38,2079.46,1823.712,397.862
185,179,38,2313.8501,1788.864,667.11
183,179,38,2526.604,1728.848,1000.064
181,179,38,2697.2881,1637.856,1400.3301
179,179,38,2803.064,1519.76,1852.282
177,179,38,2823.498,1376.496,2352.314
175,179,38,2740.5601,1210.0,2872.78
173,179,38,2542.23,1028.016,3393.2461
171,179,38,2223.7,840.224,3871.6421
169,179,38,1789.7781,654.368,4281.5239
167,179,38,1251.282,476.256,4586.832
165,179,38,637.06,313.632,4762.3242
163,179,38,-15.626,174.24,4787.5659
161,179,38,-659.898,63.888,4663.7603
159,179,38,-1262.1,-21.296,4408.936
157,179,38,-1796.99,-79.376,4049.5381
155,179,38,-2256.1541,-116.16,3609.606
153,179,38,-2631.178,-131.648,3119.1899
151,179,38,-2928.072,-131.648,2601.1279
149,179,38,-3154.0481,-121.968,2069.844
147,179,38,-3322.3281,-102.608,1526.54
145,179,38,-3437.72,-77.44,980.832
143,179,38,-3506.2341,-46.464,429.114
141,179,38,-3529.072,-13.552,-118.998
139,179,38,-3506.2341,19.36,-665.908
137,179,38,-3438.9221,52.272,-1220.03
135,179,38,-3318.7222,85.184,-1777.7581
133,179,38,-3142.0281,112.288,-2333.082
131,179,38,-2896.8201,135.52,-2887.2041
129,179,38,-2577.0881,149.072,-3419.6899
127,179,38,-2168.408,149.072,-3924.53
125,179,38,-1669.578,133.584,-4370.4722
123,179,38,-1075.79,94.864,-4731.0723
121,179,38,-415.892,29.04,-4966.6641
119,179,38,280.066,-61.952,-5053.208
117,179,38,974.822,-185.856,-4982.29
115,179,38,1623.902,-334.928,-4751.5059
113,179,38,2182.832,-505.296,-4387.3003
111,179,38,2621.562,-691.152,-3918.52
109,179,38,2925.668,-878.944,-3392.0439
107,179,38,3102.3621,-1066.736,-2834.3162
105,179,38,3157.6541,-1239.04,-2283.8
103,179,38,3107.1702,-1391.984,-1769.344
101,179,38,2972.5461,-1523.632,-1306.574
99,179,38,2779.0242,-1626.24,-911.116
97,179,38,2548.24,-1699.808,-582.97
95,179,38,2297.022,-1748.208,-317.328
93,179,38,2045.8041,-1773.376,-109.382
91,179,38,1804.202,-1775.312,45.676
89,179,38,1579.428,-1761.76,164.674
87,179,38,1369.078,-1732.72,252.42
85,179,38,1177.96,-1694.0,314.924
83,179,38,1004.872,-1647.536,358.196
81,179,38,851.016,-1593.328,387.044
79,179,38,713.988,-1535.248,405.074
79,177,38,646.676,-1628.176,509.648
81,177,38,783.704,-1694.0,502.436
83,177,38,942.368,-1757.8879,486.81
85,177,38,1120.264,-1815.968,455.558
87,177,38,1320.998,-1866.304,406.276
89,177,38,1542.166,-1905.024,332.954
91,177,38,1783.7681,-1928.256,227.178
93,177,38,2045.8041,-1937.936,80.534
95,177,38,2319.8601,-1922.448,-120.2
97,177,38,2597.522,-1883.728,-382.236
99,177,38,2858.356,-1817.9039,-716.392
101,177,38,3084.332,-1723.04,-1122.668
103,177,38,3247.804,-1599.136,-1604.67
105,177,38,3327.136,-1450.064,-2147.9741
107,177,38,3295.884,-1277.76,-2732.146
109,177,38,3136.0181,-1093.84,-3328.3381
111,177,38,2839.124,-904.112,-3902.894
113,177,38,2399.1921,-714.384,-4417.3501
115,177,38,1830.646,-532.4,-4829.6362
117,177,38,1162.334,-371.712,-5097.6821
119,177,38,435.124,-234.256,-5198.6499
121,177,38,-289.682,-127.776,-5126.5303
123,177,38,-984.438,-46.464,-4900.5542
125,177,38,-1603.468,9.68,-4541.1562
127,177,38,-2129.9441,42.592,-4086.8
129,177,38,-2556.6541,58.08,-3572.344
131,177,38,-2893.2141,60.016,-3020.626
133,177,38,-3149.24,54.208,-2452.0801
135,177,38,-3335.55,42.592,-1873.9181
137,177,38,-3460.5581,27.104,-1296.958
139,177,38,-3532.678,9.68,-726.008
141,177,38,-3557.9202,-7.744,-162.27
143,177,38,-3536.2842,-25.168,406.276
145,177,38,-3468.9722,-38.72,974.822
147,177,38,-3351.176,-46.464,1543.368
149,177,38,-3180.4919,-50.336,2104.7021
151,177,38,-2946.1021,-42.592,2656.4202
153,177,38,-2638.3901,-25.168,3194.916
155,177,38,-2250.144,9.68,3704.564
157,177,38,-1776.556,63.888,4158.9199
159,177,38,-1216.4241,139.392,4532.7422
161,177,38,-590.182,240.064,4792.374
163,177,38,84.14,369.776,4912.5742
165,177,38,763.27,522.72,4874.1099
167,177,38,1403.936,696.96,4675.7803
169,177,38,1964.068,886.688,4338.0181
171,177,38,2410.01,1078.3521,3898.0862
173,177,38,2730.9441,1271.952,3381.2261
175,177,38,2920.8601,1452.0,2827.104
177,177,38,2989.374,1614.624,2269.376
179,177,38,2946.1021,1752.08,1740.496
181,177,38,2813.8821,1862.432,1260.8981
183,177,38,2616.7542,1941.808,848.612
185,177,38,2375.1521,1992.144,502.436
187,177,38,2115.52,2013.4399,230.784
189,177,38,1853.484,2011.504,24.04
191,177,38,1607.074,1990.208,-128.614
193,177,38,1373.886,1951.488,-239.198
195,177,38,1162.334,1901.152,-317.328
197,177,38,973.62,1843.072,-370.216
199,177,38,807.744,1775.312,-402.67
201,177,38,661.1,1705.616,-423.104
203,177,38,531.284,1635.92,-431.518
205,177,38,419.498,1562.3521,-433.922
205,175,38,343.772,1641.728,-531.284
203,175,38,454.356,1721.104,-539.698
201,175,38,584.172,1802.416,-543.304
199,175,38,732.018,1881.792,-537.294
197,175,38,903.904,1959.2319,-518.062
195,175,38,1097.426,2028.928,-480.8
193,175,38,1318.594,2092.8159,-418.296
191,175,38,1563.802,2145.0879,-322.136
189,175,38,1829.4441,2179.936,-183.906
187,175,38,2113.116,2195.4241,12.02
185,175,38,2399.1921,2187.6799,275.258
183,175,38,2668.4399,2152.832,614.222
181,175,38,2899.2241,2085.072,1036.124
179,175,38,3063.8979,1986.3359,1528.944
177,175,38,3136.0181,1858.5599,2084.2681
175,175,38,3095.1501,1701.744,2669.6421
173,175,38,2923.2642,1521.696,3267.0361
171,175,38,2613.1479,1330.032,3828.3701
169,175,38,2169.6101,1132.5599,4317.584
167,175,38,1601.0641,935.088,4697.416
165,175,38,943.57,749.232,4929.4019
163,175,38,242.804,580.8,4996.7139
161,175,38,-459.164,435.6,4898.1499
159,175,38,-1111.85,315.568,4650.5381
157,175,38,-1696.022,220.704,4283.9282
155,175,38,-2193.6501,147.136,3827.168
153,175,38,-2602.3301,94.864,3312.7122
151,175,38,-2925.668,56.144,2760.9941
149,175,38,-3173.28,30.976,2197.2561
147,175,38,-3354.782,13.552,1619.094
145,175,38,-3479.79,3.872,1038.5281
143,175,38,-3555.5161,0.0,456.76
141,175,38,-3579.5562,-1.936,-128.614
139,175,38,-3559.1221,-3.872,-712.786
137,175,38,-3487.002,-3.872,-1304.17
135,175,38,-3360.792,-5.808,-1896.756
133,175,38,-3169.6741,-11.616,-2495.3521
131,175,38,-2905.2341,-25.168,-3084.332
129,175,38,-2560.26,-44.528,-3652.8782
127,175,38,-2114.3181,-77.44,-4187.7681
125,175,38,-1567.4081,-125.84,-4658.9521
123,175,38,-921.934,-199.408,-5029.168
121,175,38,-200.734,-294.272,-5263.5581
119,175,38,560.132,-416.24,-5327.2642
117,175,38,1312.584,-565.312,-5210.6699
115,175,38,2006.1381,-735.68,-4920.9883
113,175,38,2592.7141,-921.536,-4481.0562
111,175,38,3044.666,-1119.0079,-3929.3381
109,175,38,3341.5601,-1312.608,-3318.7222
107,175,38,3494.2141,-1500.4,-2676.854
105,175,38,3508.6382,-1668.832,-2059.0261
103,175,38,3406.468,-1815.968,-1482.066
101,175,38,3214.1479,-1934.064,-977.226
99,175,38,2958.1221,-2021.184,-550.516
97,175,38,2666.0361,-2079.2639,-204.34
95,175,38,2359.5261,-2110.24,60.1
93,175,38,2061.4299,-2112.176,258.43
91,175,38,1776.556,-2094.752,401.468
89,175,38,1518.126,-2057.968,497.628
87,175,38,1281.332,-2007.632,562.536
85,175,38,1070.9821,-1947.616,601.0
83,175,38,884.672,-1879.856,621.434
81,175,38,721.2,-1806.288,627.444
79,175,38,578.162,-1730.7839,625.04
79,173,38,494.022,-1815.968,744.038
81,173,38,635.858,-1901.152,759.664
83,173,38,801.734,-1982.464,768.078
85,173,38,992.852,-2061.8401,762.068
87,173,38,1210.4141,-2133.4719,740.432
89,173,38,1458.026,-2193.488,691.15
91,173,38,1732.082,-2239.9519,610.616
93,173,38,2033.7841,-2270.928,484.406
95,173,38,2359.5261,-2280.6079,296.894
97,173,38,2692.48,-2263.1841,36.06
99,173,38,3017.02,-2214.7839,-305.308
101,173,38,3304.2981,-2139.28,-736.826
103,173,38,3531.4761,-2028.928,-1260.8981
105,173,38,3664.8979,-1889.536,-1859.494
107,173,38,3676.918,-1724.976,-2512.1799
109,173,38,3548.304,-1541.056,-3185.3
111,173,38,3262.228,-1345.52,-3842.7942
113,173,38,2818.6899,-1148.048,-4436.582
115,173,38,2227.3062,-954.448,-4924.5942
117,173,38,1521.7321,-774.4,-5256.3462
119,173,38,742.836,-611.776,-5409.0
121,173,38,-39.666,-476.256,-5366.9302
123,173,38,-792.118,-363.968,-5150.5703
125,173,38,-1462.834,-274.912,-4788.7681
127,173,38,-2033.7841,-207.152,-4317.584
129,173,38,-2494.1501,-156.816,-3776.6841
131,173,38,-2858.356,-116.16,-3196.1182
133,173,38,-3132.4121,-85.184,-2592.7141
135,173,38,-3331.9441,-60.016,-1983.3
137,173,38,-3464.1641,-38.72,-1378.694
139,173,38,-3541.092,-19.36,-770.482
141,173,38,-3565.1321,0.0,-175.492
143,173,38,-3542.2939,21.296,421.902
145,173,38,-3467.77,44.528,1022.902
147,173,38,-3340.3582,75.504,1616.6901
149,173,38,-3154.0481,112.288,2208.074
151,173,38,-2901.6282,156.816,2783.832
153,173,38,-2571.0781,214.896,3345.166
155,173,38,-2149.176,286.528,3872.844
157,173,38,-1635.922,379.456,4336.8159
159,173,38,-1033.72,491.744,4709.436
161,173,38,-358.196,627.264,4954.644
163,173,38,364.206,787.952,5043.5923
165,173,38,1087.8101,968.0,4957.0479
167,173,38,1760.9301,1165.472,4698.6182
169,173,38,2340.2939,1368.752,4289.938
171,173,38,2788.6401,1570.0959,3770.6741
173,173,38,3095.1501,1761.76,3175.6841
175,173,38,3255.0161,1936.0,2547.0381
177,173,38,3276.6521,2087.0081,1926.806
179,173,38,3179.29,2208.9761,1348.644
181,173,38,2986.97,2296.0959,838.996
183,173,38,2727.3381,2350.304,408.68
185,173,38,2428.04,2375.4719,63.706
187,173,38,2117.9241,2369.6641,-198.33
189,173,38,1812.6161,2342.5601,-388.246
191,173,38,1528.944,2296.0959,-516.86
193,173,38,1268.11,2232.208,-601.0
195,173,38,1037.326,2158.6399,-651.484
197,173,38,832.986,2075.3921,-675.524
199,173,38,657.494,1990.208,-681.534
201,173,38,504.84,1901.152,-677.928
203,173,38,372.62,1812.0959,-662.302
205,173,38,260.834,1721.104,-643.07
205,171,38,168.28,1790.8,-752.452
203,171,38,278.864,1887.6,-784.906
201,171,38,409.882,1984.4,-812.552
199,171,38,562.536,2083.136,-832.986
197,171,38,740.432,2179.936,-842.602
195,171,38,948.378,2270.928,-835.39
193,171,38,1188.7781,2358.0481,-804.138
191,171,38,1458.026,2433.552,-740.432
189,171,38,1758.526,2493.5679,-628.646
187,171,38,2083.0659,2536.1599,-457.962
185,171,38,2420.8281,2555.52,-210.35
183,171,38,2748.9741,2545.8401,125.008
181,171,38,3042.262,2505.1841,555.324
179,171,38,3268.238,2429.6799,1070.9821
177,171,38,3400.458,2319.3279,1665.972
175,171,38,3410.074,2178.0,2313.8501
173,171,38,3275.45,2007.632,2977.354
171,171,38,2985.7681,1817.9039,3618.02
169,171,38,2547.0381,1616.5599,4184.1621
167,171,38,1968.876,1407.472,4639.7202
165,171,38,1286.14,1202.256,4936.6143
163,171,38,549.314,1012.528,5055.6123
161,171,38,-195.926,836.352,4990.7041
159,171,38,-889.48,683.408,4765.9302
157,171,38,-1513.318,551.76,4407.7339
155,171,38,-2048.208,439.472,3947.3682
153,171,38,-2485.7361,346.544,3419.6899
151,171,38,-2833.114,267.168,2854.75
149,171,38,-3096.3521,201.344,2271.78
147,171,38,-3291.0762,145.2,1673.1841
145,171,38,-3423.2961,92.928,1069.78
143,171,38,-3502.6282,46.464,462.77
141,171,38,-3531.4761,3.872,-145.442
139,171,38,-3508.6382,-36.784,-752.452
137,171,38,-3434.114,-77.44,-1369.078
135,171,38,-3299.49,-120.032,-1990.5121
133,171,38,-3096.3521,-166.496,-2609.542
131,171,38,-2815.084,-218.768,-3226.168
129,171,38,-2443.666,-276.848,-3815.1479
127,171,38,-1967.6741,-348.48,-4369.27
125,171,38,-1381.098,-433.664,-4845.2622
123,171,38,-687.544,-540.144,-5211.8721
121,171,38,86.544,-667.92,-5425.8281
119,171,38,891.884,-815.056,-5454.6763
117,171,38,1686.406,-985.424,-5283.9922
115,171,38,2410.01,-1173.2159,-4923.3921
113,171,38,3009.8081,-1370.688,-4406.5322
111,171,38,3455.75,-1572.032,-3773.0781
109,171,38,3733.4121,-1765.632,-3083.1301
107,171,38,3848.804,-1945.6799,-2370.344
105,171,38,3815.1479,-2106.3679,-1688.8101
103,171,38,3654.0801,-2239.9519,-1061.366
101,171,38,3395.6501,-2340.624,-522.87
99,171,38,3075.918,-2408.384,-80.534
97,171,38,2722.53,-2443.2319,268.046
95,171,38,2359.5261,-2449.04,525.274
93,171,38,2010.946,-2427.7439,705.574
91,171,38,1688.8101,-2385.1521,822.168
89,171,38,1399.1281,-2327.072,890.682
87,171,38,1139.496,-2255.4399,924.338
85,171,38,912.318,-2172.1919,932.752
83,171,38,716.392,-2083.136,923.136
81,171,38,545.708,-1990.208,902.702
79,171,38,401.468,-1895.344,872.652
79,169,38,301.702,-1970.848,1004.872
81,169,38,443.538,-2071.52,1048.144
83,169,38,613.02,-2172.1919,1085.406
85,169,38,812.552,-2270.928,1113.052
87,169,38,1045.74,-2365.792,1123.87
89,169,38,1313.786,-2449.04,1109.446
91,169,38,1616.6901,-2520.6719,1061.366
93,169,38,1956.8561,-2574.8799,964.004
95,169,38,2328.2739,-2607.792,801.734
97,169,38,2717.7222,-2613.6001,556.526
99,169,38,3105.968,-2592.304,216.36
101,169,38,3459.356,-2536.1599,-224.774
103,169,38,3755.0481,-2447.104,-777.694
105,169,38,3952.176,-2323.2,-1419.562
107,169,38,4018.2861,-2172.1919,-2132.3481
109,169,38,3930.54,-1996.016,-2872.78
111,169,38,3673.312,-1802.416,-3608.4041
113,169,38,3239.3901,-1603.0079,-4286.332
115,169,38,2640.7939,-1403.6,-4854.8779
117,169,38,1913.584,-1210.0,-5258.75
119,169,38,1102.234,-1029.952,-5467.8979
121,169,38,276.46,-867.328,-5471.5039
123,169,38,-521.668,-724.064,-5279.1841
125,169,38,-1234.454,-602.096,-4930.604
127,169,38,-1845.0701,-497.552,-4458.2183
129,169,38,-2339.092,-406.56,-3906.5
131,169,38,-2722.53,-327.184,-3312.7122
133,169,38,-3014.616,-255.552,-2692.48
135,169,38,-3226.168,-187.792,-2061.4299
137,169,38,-3365.6001,-121.968,-1433.9861
139,169,38,-3443.73,-58.08,-807.744
141,169,38,-3470.1741,3.872,-192.32
143,169,38,-3443.73,69.696,423.104
145,169,38,-3365.6001,137.456,1040.932
147,169,38,-3229.7742,211.024,1653.952
149,169,38,-3032.646,290.4,2256.1541
151,169,38,-2764.6001,377.52,2846.3359
153,169,38,-2411.2122,476.256,3418.488
155,169,38,-1962.8661,590.48,3947.3682
157,169,38,-1417.1581,720.192,4410.1382
159,169,38,-777.694,867.328,4767.1323
161,169,38,-64.908,1035.76,4983.4922
163,169,38,692.352,1221.616,5031.5723
165,169,38,1447.208,1424.896,4889.7363
167,169,38,2137.156,1635.92,4565.1963
169,169,38,2723.7319,1846.944,4079.5881
171,169,38,3158.856,2048.2881,3484.5981
173,169,38,3436.5181,2234.144,2811.478
175,169,38,3553.1121,2396.7681,2117.9241
177,169,38,3519.4561,2528.416,1444.8041
179,169,38,3358.3879,2629.0879,835.39
181,169,38,3102.3621,2691.04,305.308
183,169,38,2780.2261,2720.0801,-128.614
185,169,38,2420.8281,2716.208,-463.972
187,169,38,2059.0261,2687.168,-705.574
189,169,38,1712.85,2634.896,-867.844
191,169,38,1397.926,2561.3279,-964.004
193,169,38,1111.85,2476.144,-1014.488
195,169,38,863.036,2379.344,-1030.114
197,169,38,649.08,2276.7361,-1021.7
199,169,38,465.174,2172.1919,-996.458
201,169,38,310.116,2063.7759,-960.398
203,169,38,179.098,1957.296,-919.53
205,169,38,68.514,1850.816,-875.056
205,167,38,-37.262,1906.96,-995.256
203,167,38,68.514,2017.312,-1051.75
201,167,38,197.128,2131.5359,-1108.244
199,167,38,350.984,2245.76,-1159.9301
197,167,38,534.89,2361.9199,-1204.4041
195,167,38,752.452,2474.208,-1233.2521
193,167,38,1008.478,2580.688,-1238.0601
191,167,38,1301.766,2679.4241,-1209.212
189,167,38,1633.5181,2762.6719,-1133.486
187,167,38,1998.926,2830.4319,-994.054
185,167,38,2385.97,2874.96,-772.886
183,167,38,2771.812,2890.448,-451.952
181,167,38,3128.8062,2874.96,-25.242
179,167,38,3422.094,2826.5601,503.638
177,167,38,3619.2222,2741.376,1128.678
175,167,38,3687.7361,2619.408,1817.4241
173,167,38,3602.394,2464.5281,2543.4321
171,167,38,3349.9741,2284.48,3252.6121
169,167,38,2929.2742,2085.072,3896.884
167,167,38,2355.9199,1872.1119,4425.7642
165,167,38,1662.3661,1657.2159,4794.7783
163,167,38,902.702,1448.1281,4972.6743
161,167,38,131.018,1248.72,4959.4521
159,167,38,-601.0,1066.736,4767.1323
157,167,38,-1258.494,900.24,4428.168
155,167,38,-1821.03,749.232,3981.0242
153,167,38,-2285.002,615.648,3456.9521
151,167,38,-2651.6121,495.616,2889.6082
149,167,38,-2929.2742,387.2,2301.8301
147,167,38,-3137.22,284.592,1696.022
145,167,38,-3277.854,187.792,1080.598
143,167,38,-3361.9941,96.8,459.164
141,167,38,-3392.0439,7.744,-161.068
139,167,38,-3370.408,-81.312,-784.906
137,167,38,-3289.874,-168.432,-1413.552
135,167,38,-3150.4421,-255.552,-2048.208
133,167,38,-2936.4861,-344.608,-2685.2681
131,167,38,-2637.188,-441.408,-3313.9141
129,167,38,-2246.5381,-540.144,-3910.106
127,167,38,-1739.2941,-652.432,-4467.834
125,167,38,-1117.86,-776.336,-4941.4219
123,167,38,-385.842,-913.792,-5291.2041
121,167,38,424.306,-1068.672,-5472.7061
119,167,38,1268.11,-1240.976,-5451.0703
117,167,38,2090.2781,-1426.832,-5221.4883
115,167,38,2831.9121,-1626.24,-4789.9702
113,167,38,3432.9121,-1827.584,-4190.1719
111,167,38,3865.6321,-2028.928,-3473.78
109,167,38,4110.8398,-2214.7839,-2706.9041
107,167,38,4179.354,-2385.1521,-1926.806
105,167,38,4088.002,-2530.3521,-1186.374
103,167,38,3860.824,-2642.6399,-522.87
101,167,38,3533.8801,-2722.0159,42.07
99,167,38,3144.4321,-2766.5439,494.022
97,167,38,2723.7319,-2778.1599,836.592
95,167,38,2305.436,-2760.7361,1072.184
93,167,38,1909.978,-2714.272,1222.4341
91,167,38,1549.3781,-2648.448,1306.574
89,167,38,1232.05,-2567.136,1337.826
87,167,38,953.186,-2470.3359,1334.22
85,167,38,712.786,-2367.728,1305.3721
83,167,38,508.446,-2257.376,1260.8981
81,167,38,336.56,-2147.0239,1206.808
79,167,38,192.32,-2036.672,1147.91
79,165,38,76.928,-2094.752,1289.746
81,165,38,216.36,-2212.8479,1366.6741
83,165,38,387.044,-2330.9441,1438.7941
85,165,38,591.384,-2449.04,1503.702
87,165,38,835.39,-2563.2639,1555.3881
89,165,38,1121.4661,-2669.7439,1581.832
91,165,38,1452.016,-2762.6719,1573.418
93,165,38,1828.2421,-2840.1121,1515.722
95,165,38,2246.5381,-2900.1279,1388.3101
97,165,38,2693.6821,-2931.104,1168.344
99,165,38,3148.0381,-2931.104,841.4
101,165,38,3573.5461,-2900.1279,396.66
103,165,38,3940.156,-2832.3679,-177.896
105,165,38,4204.5962,-2729.76,-853.42
107,165,38,4334.4121,-2596.176,-1619.094
109,165,38,4299.5542,-2433.552,-2425.636
111,165,38,4077.1841,-2251.5679,-3236.9861
113,165,38,3664.8979,-2056.032,-3995.448
115,165,38,3071.1101,-1856.624,-4644.5283
117,165,38,2330.678,-1655.28,-5124.126
119,165,38,1495.2881,-1461.6799,-5398.1821
121,165,38,641.868,-1279.696,-5451.0703
123,165,38,-191.118,-1111.264,-5298.416
125,165,38,-938.762,-958.32,-4971.4722
127,165,38,-1577.024,-815.056,-4512.3081
129,165,38,-2097.49,-685.344,-3964.196
131,165,38,-2502.564,-561.44,-3366.802
133,165,38,-2807.8721,-445.28,-2739.3582
135,165,38,-3027.8381,-331.056,-2102.2981
137,165,38,-3173.28,-218.768,-1467.642
139,165,38,-3256.218,-106.48,-832.986
141,165,38,-3281.46,3.872,-210.35
143,165,38,-3253.814,118.096,412.286
145,165,38,-3169.6741,234.256,1037.326
147,165,38,-3027.8381,354.288,1656.3561
149,165,38,-2819.8921,480.128,2262.1641
151,165,38,-2537.4221,611.776,2851.144
153,165,38,-2166.0042,751.168,3419.6899
155,165,38,-1696.022,906.048,3938.9541
157,165,38,-1123.87,1072.5439,4382.4922
159,165,38,-454.356,1254.528,4710.6382
161,165,38,284.874,1450.064,4889.7363
163,165,38,1067.376,1657.2159,4883.7261
165,165,38,1836.656,1874.048,4680.5879
167,165,38,2533.8162,2090.8799,4283.9282
169,165,38,3108.3721,2303.8401,3723.7961
171,165,38,3517.052,2497.4399,3051.8782
173,165,38,3752.644,2671.6799,2311.446
175,165,38,3813.946,2814.9441,1563.802
177,165,38,3717.7861,2927.2319,849.814
179,165,38,3490.6082,3002.7361,213.956
181,165,38,3167.27,3041.4561,-323.338
183,165,38,2779.0242,3045.3279,-751.25
185,165,38,2363.1321,3014.3521,-1067.376
187,165,38,1952.0481,2958.208,-1278.928
189,165,38,1565.004,2878.832,-1406.34
191,165,38,1217.626,2785.9041,-1465.238
193,165,38,911.116,2677.488,-1473.652
195,165,38,647.878,2561.3279,-1450.8141
197,165,38,423.104,2439.3601,-1402.734
199,165,38,236.794,2315.4561,-1342.634
201,165,38,81.736,2191.552,-1274.12
203,165,38,-45.676,2071.52,-1202.0
205,165,38,-151.452,1951.488,-1129.88
205,163,38,-270.45,1988.272,-1254.8881
203,163,38,-170.684,2112.176,-1341.432
201,163,38,-46.878,2241.8879,-1429.178
199,163,38,104.574,2369.6641,-1515.722
197,163,38,290.884,2501.312,-1598.66
195,163,38,515.658,2631.0239,-1667.1741
193,163,38,786.108,2758.8,-1715.254
191,163,38,1099.8301,2876.896,-1729.678
189,163,38,1461.6321,2983.376,-1696.022
187,163,38,1866.7061,3072.4319,-1593.8521
185,163,38,2303.032,3144.064,-1405.1381
183,163,38,2745.3682,3182.7839,-1109.446
181,163,38,3167.27,3194.3999,-691.15
179,163,38,3527.8701,3169.2319,-157.462
177,163,38,3793.512,3107.28,488.012
175,163,38,3926.9341,3006.6079,1214.02
173,163,38,3899.2881,2873.0239,1989.3101
171,163,38,3693.7461,2710.3999,2757.3879
169,163,38,3306.7021,2522.6079,3468.9722
167,163,38,2752.5801,2315.4561,4071.1741
165,163,38,2062.6321,2096.688,4513.5103
163,163,38,1294.5541,1877.92,4758.7183
161,163,38,502.436,1661.088,4800.7881
159,163,38,-248.814,1452.0,4651.7402
157,163,38,-930.348,1256.464,4347.6343
155,163,38,-1512.116,1072.5439,3925.7322
153,163,38,-1996.5221,898.304,3417.2861
151,163,38,-2376.354,733.744,2860.76
149,163,38,-2668.4399,580.8,2276.5881
147,163,38,-2883.5981,431.728,1671.9821
145,163,38,-3031.4441,286.528,1060.1641
143,163,38,-3120.3921,145.2,441.134
141,163,38,-3151.644,5.808,-179.098
139,163,38,-3127.604,-131.648,-806.542
137,163,38,-3047.0701,-269.104,-1437.592
135,163,38,-2901.6282,-406.56,-2071.0461
133,163,38,-2681.6621,-544.016,-2708.106
131,163,38,-2370.344,-685.344,-3333.146
129,163,38,-1959.26,-828.608,-3928.136
127,163,38,-1431.582,-981.552,-4475.0459
125,163,38,-784.906,-1140.304,-4928.2002
123,163,38,-26.444,-1308.736,-5246.73
121,163,38,810.148,-1484.912,-5387.3643
119,163,38,1679.194,-1674.64,-5314.042
117,163,38,2515.7861,-1870.176,-5018.3501
115,163,38,3261.0261,-2071.52,-4508.7021
113,163,38,3851.208,-2268.9919,-3830.7742
111,163,38,4256.2822,-2458.72,-3035.05
109,163,38,4460.6221,-2631.0239,-2196.054
107,163,38,4476.248,-2783.968,-1352.25
105,163,38,4317.584,-2909.8081,-566.142
103,163,38,4019.488,-2998.864,133.422
101,163,38,3619.2222,-3056.9441,713.988
99,163,38,3158.856,-3078.24,1162.334
97,163,38,2673.248,-3064.688,1485.672
95,163,38,2197.2561,-3020.1599,1693.618
93,163,38,1756.1221,-2952.3999,1806.6061
91,163,38,1360.6641,-2865.28,1847.474
89,163,38,1018.094,-2760.7361,1833.05
87,163,38,721.2,-2644.5759,1786.172
85,163,38,471.184,-2520.6719,1714.052
83,163,38,263.238,-2394.832,1631.114
81,163,38,93.756,-2268.9919,1539.7621
79,163,38,-45.676,-2143.1521,1447.208
79,161,38,-174.29,-2179.936,1595.0541
81,161,38,-40.868,-2309.6479,1704.436
83,161,38,127.412,-2443.2319,1815.02
85,161,38,335.358,-2576.8159,1921.998
87,161,38,585.374,-2710.3999,2019.36
89,161,38,885.874,-2834.304,2093.884
91,161,38,1239.262,-2946.592,2132.3481
93,161,38,1649.144,-3047.2639,2120.3281
95,161,38,2113.116,-3128.5759,2033.7841
97,161,38,2614.3501,-3182.7839,1851.0801
99,161,38,3132.4121,-3207.9519,1543.368
101,161,38,3630.04,-3200.208,1104.6381
103,161,38,4069.9722,-3155.6799,522.87
105,161,38,4407.7339,-3078.24,-182.704
107,161,38,4604.8623,-2965.9519,-995.256
109,161,38,4625.2959,-2824.624,-1859.494
111,161,38,4449.8042,-2662.0,-2735.752
113,161,38,4068.77,-2480.0159,-3569.9402
115,161,38,3491.8101,-2286.416,-4298.3521
117,161,38,2757.3879,-2088.9441,-4851.272
119,161,38,1913.584,-1891.472,-5189.0342
121,161,38,1042.134,-1697.8719,-5298.416
123,161,38,191.118,-1508.144,-5190.2363
125,161,38,-574.556,-1328.0959,-4899.3521
127,161,38,-1232.05,-1153.856,-4465.4302
129,161,38,-1766.9401,-983.488,-3936.55
131,161,38,-2185.2361,-816.992,-3351.176
133,161,38,-2502.564,-654.368,-2735.752
135,161,38,-2729.7419,-489.808,-2103.5
137,161,38,-2878.79,-329.12,-1474.854
139,161,38,-2962.9302,-164.56,-846.208
141,161,38,-2988.1721,0.0,-229.582
143,161,38,-2959.324,164.56,388.246
145,161,38,-2872.78,332.992,1004.872
147,161,38,-2724.9341,503.36,1615.488
149,161,38,-2510.978,675.664,2211.6799
151,161,38,-2220.094,851.84,2788.6401
153,161,38,-1836.656,1035.76,3340.3582
155,161,38,-1351.048,1227.424,3837.9861
157,161,38,-764.472,1428.7679,4253.8779
159,161,38,-79.332,1639.792,4545.9639
161,161,38,676.726,1854.688,4675.7803
163,161,38,1472.4501,2077.3279,4612.0742
165,161,38,2242.9321,2299.968,4339.2202
167,161,38,2928.072,2516.8,3875.248
169,161,38,3474.9822,2718.144,3244.198
171,161,38,3843.9961,2896.2561,2508.574
173,161,38,4031.5081,3051.136,1710.446
175,161,38,4033.9121,3173.104,917.126
177,161,38,3872.844,3262.1599,170.684
179,161,38,3577.1521,3310.5601,-482.002
181,161,38,3184.0981,3326.0481,-1022.902
183,161,38,2733.3481,3302.8159,-1436.39
185,161,38,2258.5581,3248.6079,-1727.274
187,161,38,1798.192,3171.168,-1905.17
189,161,38,1373.886,3070.4961,-1989.3101
191,161,38,997.66,2954.3359,-2003.734
193,161,38,668.312,2826.5601,-1967.6741
195,161,38,393.054,2692.9761,-1897.958
197,161,38,163.472,2553.584,-1807.808
199,161,38,-24.04,2416.1279,-1708.042
201,161,38,-175.492,2278.6719,-1602.266
203,161,38,-296.894,2147.0239,-1497.692
205,161,38,-394.256,2017.312,-1393.118
205,159,38,-522.87,2036.672,-1525.338
203,159,38,-432.72,2168.3201,-1640.73
201,159,38,-316.126,2307.7119,-1762.1321
199,159,38,-168.28,2447.104,-1884.7361
197,159,38,18.03,2592.304,-2008.542
195,159,38,246.41,2735.5679,-2121.53
193,159,38,527.678,2878.832,-2216.488
191,159,38,860.632,3014.3521,-2278.9919
189,159,38,1250.0801,3140.1919,-2291.012
187,159,38,1692.416,3250.5439,-2233.3162
185,159,38,2175.6201,3341.5359,-2081.864
183,159,38,2676.854,3407.3599,-1813.818
181,159,38,3163.6641,3440.272,-1412.35
179,159,38,3590.374,3440.272,-879.864
177,159,38,3925.7322,3403.488,-223.572
175,159,38,4122.8599,3329.9199,531.284
173,159,38,4152.9102,3219.5679,1346.24
171,159,38,4000.2561,3080.176,2164.802
169,159,38,3657.686,2909.8081,2934.082
167,159,38,3136.0181,2718.144,3602.394
165,159,38,2467.7061,2507.1199,4113.2441
163,159,38,1703.234,2286.416,4426.9663
161,159,38,908.712,2059.9041,4525.5303
159,159,38,151.452,1837.264,4429.3701
157,159,38,-539.698,1614.624,4167.334
155,159,38,-1134.688,1397.792,3776.6841
153,159,38,-1627.5081,1184.832,3299.49
151,159,38,-2018.1581,979.616,2762.196
149,159,38,-2313.8501,778.272,2198.458
147,159,38,-2533.8162,580.8,1611.8821
145,159,38,-2685.2681,385.264,1013.286
143,159,38,-2775.418,191.664,406.276
141,159,38,-2807.8721,-1.936,-200.734
139,159,38,-2783.832,-191.664,-812.552
137,159,38,-2702.0959,-379.456,-1430.38
135,159,38,-2550.644,-571.12,-2053.0161
133,159,38,-2325.8701,-758.912,-2674.45
131,159,38,-2007.3401,-948.64,-3287.47
129,159,38,-1590.246,-1134.496,-3857.218
127,159,38,-1050.548,-1324.224,-4377.6841
125,159,38,-393.054,-1513.952,-4799.5859
123,159,38,379.832,-1707.552,-5080.854
121,159,38,1227.2421,-1903.088,-5171.0039
119,159,38,2102.2981,-2098.624,-5043.5923
117,159,38,2940.092,-2294.1599,-4680.5879
115,159,38,3675.7161,-2487.76,-4100.022
113,159,38,4240.6562,-2673.616,-3349.9741
111,159,38,4609.6699,-2843.9839,-2483.332
109,159,38,4764.728,-2993.0559,-1580.63
107,159,38,4719.0522,-3122.7681,-681.534
105,159,38,4494.2783,-3219.5679,146.644
103,159,38,4121.6582,-3285.3921,869.046
101,159,38,3648.0701,-3316.3679,1452.016
99,159,38,3119.1899,-3314.4319,1889.5441
97,159,38,2573.4819,-3277.6479,2187.6401
95,159,38,2040.9961,-3215.696,2360.728
93,159,38,1556.5901,-3124.7041,2430.4441
91,159,38,1127.4761,-3016.2881,2422.03
89,159,38,763.27,-2894.3201,2360.728
87,159,38,454.356,-2760.7361,2263.366
85,159,38,199.532,-2625.2161,2146.772
83,159,38,-8.414,-2483.8879,2019.36
81,159,38,-176.694,-2344.4961,1888.342
79,159,38,-310.116,-2208.9761,1758.526
79,157,38,-447.144,-2222.5281,1908.776
81,157,38,-319.732,-2361.9199,2054.218
83,157,38,-157.462,-2505.1841,2205.6699
85,157,38,49.282,-2652.3201,2355.9199
87,157,38,304.106,-2795.584,2498.958
89,157,38,615.424,-2936.9119,2623.9661
91,157,38,988.044,-3064.688,2714.116
93,157,38,1426.774,-3180.8479,2751.3779
95,157,38,1930.412,-3281.52,2710.51
97,157,38,2483.332,-3357.0239,2565.0681
99,157,38,3063.8979,-3405.4241,2289.8101
101,157,38,3626.4341,-3420.9119,1865.504
103,157,38,4142.0923,-3403.488,1283.7361
105,157,38,4554.3779,-3355.0879,558.93
107,157,38,4820.02,-3271.8401,-286.076
109,157,38,4900.5542,-3157.616,-1202.0
111,157,38,4775.5459,-3022.0959,-2137.156
113,157,38,4438.9858,-2863.344,-3032.646
115,157,38,3890.874,-2689.104,-3828.3701
117,157,38,3173.28,-2505.1841,-4451.0059
119,157,38,2341.4961,-2311.584,-4853.6763
121,157,38,1471.248,-2112.176,-5020.7539
123,157,38,617.828,-1910.832,-4961.856
125,157,38,-156.26,-1707.552,-4711.8398
127,157,38,-819.764,-1500.4,-4313.978
129,157,38,-1359.462,-1293.248,-3819.9561
131,157,38,-1781.364,-1086.0959,-3261.0261
133,157,38,-2101.0959,-875.072,-2670.844
135,157,38,-2328.2739,-662.112,-2061.4299
137,157,38,-2479.7261,-447.216,-1454.42
139,157,38,-2565.0681,-228.448,-848.612
141,157,38,-2590.3101,-11.616,-250.016
143,157,38,-2560.26,209.088,346.176
145,157,38,-2472.5142,431.728,942.368
147,157,38,-2324.668,654.368,1531.348
149,157,38,-2108.3081,877.008,2104.7021
151,157,38,-1813.818,1099.6479,2656.4202
153,157,38,-1427.9761,1326.16,3178.0881
155,157,38,-938.762,1554.608,3644.4641
157,157,38,-346.176,1786.928,4021.8921
159,157,38,342.57,2019.248,4268.3022
161,157,38,1098.6281,2249.6321,4344.0283
163,157,38,1885.938,2480.0159,4222.626
165,157,38,2640.7939,2698.7839,3888.47
167,157,38,3298.2881,2902.064,3359.5901
169,157,38,3806.7341,3084.0481,2666.0361
171,157,38,4131.2739,3240.864,1877.524
173,157,38,4262.292,3366.7041,1033.72
175,157,38,4204.5962,3461.5679,204.34
177,157,38,3979.822,3519.6479,-566.142
179,157,38,3619.2222,3544.8159,-1228.444
181,157,38,3158.856,3531.2639,-1764.536
183,157,38,2644.4001,3484.8,-2162.3979
185,157,38,2114.3181,3411.2319,-2420.8281
187,157,38,1608.276,3308.624,-2559.0581
189,157,38,1144.3041,3190.5281,-2597.522
191,157,38,741.634,3056.9441,-2563.866
193,157,38,396.66,2915.616,-2477.322
195,157,38,110.584,2766.5439,-2360.728
197,157,38,-122.604,2617.4719,-2224.9021
199,157,38,-307.712,2468.3999,-2083.0659
201,157,38,-454.356,2321.2639,-1940.0281
203,157,38,-568.546,2179.936,-1799.394
205,157,38,-655.09,2042.48,-1665.972
205,155,38,-789.714,2038.608,-1796.99
203,155,38,-711.584,2176.064,-1942.432
201,155,38,-603.404,2321.2639,-2098.6921
199,155,38,-462.77,2470.3359,-2260.9622
197,155,38,-280.066,2625.2161,-2426.8381
195,155,38,-49.282,2780.0959,-2585.502
193,155,38,239.198,2934.9761,-2730.9441
191,155,38,588.98,3084.0481,-2843.9321
189,155,38,1003.67,3225.376,-2906.436
187,155,38,1482.066,3355.0879,-2894.416
185,155,38,2012.1481,3465.4399,-2782.6301
183,155,38,2566.27,3550.624,-2544.634
181,155,38,3113.1802,3608.7041,-2166.0042
179,155,38,3602.394,3635.8079,-1641.932
177,155,38,4002.6602,3626.1279,-978.428
175,155,38,4263.4941,3585.4719,-207.946
173,155,38,4357.25,3508.032,634.656
171,155,38,4259.8882,3397.6799,1496.49
169,155,38,3967.802,3256.3521,2313.8501
167,155,38,3488.2041,3085.9839,3037.4541
165,155,38,2853.5481,2892.384,3604.7981
163,155,38,2119.126,2681.3601,3975.0142
161,155,38,1343.8361,2452.9119,4132.4761
159,155,38,593.788,2216.72,4089.2041
157,155,38,-92.554,1972.7839,3874.0461
155,155,38,-686.342,1726.912,3529.072
153,155,38,-1177.96,1477.168,3090.342
151,155,38,-1566.2061,1229.36,2589.1082
149,155,38,-1861.8981,981.552,2057.824
147,155,38,-2081.864,733.744,1501.298
145,155,38,-2232.114,484.0,932.752
143,155,38,-2321.062,234.256,358.196
141,155,38,-2351.1121,-13.552,-219.966
139,155,38,-2328.2739,-259.424,-805.34
137,155,38,-2245.3359,-505.296,-1393.118
135,155,38,-2096.2881,-747.296,-1986.906
133,155,38,-1871.514,-987.36,-2574.6841
131,155,38,-1555.3881,-1223.552,-3154.0481
129,155,38,-1139.496,-1452.0,-3692.5439
127,155,38,-601.0,-1676.576,-4174.5459
125,155,38,54.09,-1897.28,-4556.7822
123,155,38,819.764,-2110.24,-4789.9702
121,155,38,1664.77,-2317.3921,-4829.6362
119,155,38,2530.21,-2514.864,-4643.3262
117,155,38,3349.9741,-2702.656,-4221.4243
115,155,38,4055.5481,-2876.896,-3583.1621
113,155,38,4585.6299,-3037.584,-2768.2061
111,155,38,4910.1699,-3180.8479,-1841.464
109,155,38,5011.1382,-3298.9441,-887.076
107,155,38,4904.1602,-3393.8079,51.686
105,155,38,4609.6699,-3459.6321,908.712
103,155,38,4169.7383,-3496.416,1641.932
101,155,38,3624.03,-3498.3521,2226.104
99,155,38,3029.04,-3471.248,2646.804
97,155,38,2420.8281,-3415.104,2914.8501
95,155,38,1842.666,-3329.9199,3049.4741
93,155,38,1319.796,-3225.376,3069.908
91,155,38,863.036,-3099.5359,3012.2122
89,155,38,479.598,-2964.0159,2901.6282
87,155,38,161.068,-2818.8159,2753.782
85,155,38,-98.564,-2669.7439,2587.906
83,155,38,-305.308,-2520.6719,2414.8181
81,155,38,-467.578,-2371.6001,2244.134
79,155,38,-591.384,-2228.3359,2077.0562
79,153,38,-734.422,-2218.656,2226.104
81,153,38,-617.828,-2363.856,2407.606
83,153,38,-460.366,-2514.864,2598.7241
85,153,38,-257.228,-2667.8081,2793.448
87,153,38,0.0,-2822.688,2985.7681
89,153,38,320.934,-2973.696,3161.26
91,153,38,709.18,-3115.0239,3301.894
93,153,38,1173.152,-3246.6719,3387.2361
95,153,38,1712.85,-3358.96,3393.2461
97,153,38,2310.2441,-3453.824,3289.874
99,153,38,2946.1021,-3521.584,3044.666
101,153,38,3572.344,-3564.176,2640.7939
103,153,38,4156.5161,-3573.856,2063.834
105,153,38,4634.9121,-3558.3679,1331.816
107,153,38,4967.8662,-3509.968,466.376
109,153,38,5112.106,-3436.3999,-482.002
111,153,38,5042.3901,-3333.792,-1459.228
113,153,38,4752.708,-3211.824,-2407.606
115,153,38,4247.8682,-3066.624,-3255.0161
117,153,38,3565.1321,-2902.064,-3932.9441
119,153,38,2758.5901,-2722.0159,-4394.5122
121,153,38,1911.1801,-2526.48,-4610.8721
123,153,38,1072.184,-2315.4561,-4604.8623
125,153,38,311.318,-2092.8159,-4402.9263
127,153,38,-342.57,-1858.5599,-4050.74
129,153,38,-873.854,-1616.5599,-3598.7881
131,153,38,-1288.5441,-1364.88,-3083.1301
133,153,38,-1601.0641,-1107.392,-2532.614
135,153,38,-1824.636,-842.16,-1964.068
137,153,38,-1972.4821,-574.992,-1397.926
139,153,38,-2055.4199,-302.016,-826.976
141,153,38,-2080.6621,-25.168,-266.844
143,153,38,-2051.814,251.68,293.288
145,153,38,-1966.472,528.528,849.814
147,153,38,-1819.828,807.312,1400.3301
149,153,38,-1605.8721,1082.224,1937.624
151,153,38,-1317.392,1351.328,2449.676
153,153,38,-937.56,1620.432,2930.4761
155,153,38,-455.558,1885.6639,3352.3782
157,153,38,128.614,2147.0239,3681.7261
159,153,38,804.138,2400.6399,3875.248
161,153,38,1539.7621,2640.7041,3898.0862
163,153,38,2297.022,2867.2161,3722.594
165,153,38,3017.02,3074.3679,3335.55
167,153,38,3628.8381,3254.416,2753.782
169,153,38,4089.2041,3409.2959,2012.1481
171,153,38,4360.856,3535.136,1180.364
173,153,38,4436.582,3624.1919,306.51
175,153,38,4319.9883,3686.144,-543.304
177,153,38,4031.5081,3711.312,-1325.806
179,153,38,3607.2021,3701.6321,-1991.714
181,153,38,3087.938,3660.9761,-2520.594
183,153,38,2516.988,3593.2161,-2894.416
185,153,38,1932.816,3496.416,-3125.2
187,153,38,1381.098,3376.384,-3221.3601
189,153,38,883.47,3242.8,-3214.1479
191,153,38,456.76,3095.6641,-3130.0081
193,153,38,97.362,2940.7839,-2995.384
195,153,38,-195.926,2783.968,-2829.5081
197,153,38,-427.912,2623.28,-2649.208
199,153,38,-610.616,2466.4639,-2464.1001
201,153,38,-748.846,2313.52,-2280.1941
203,153,38,-852.218,2164.448,-2103.5
205,153,38,-925.54,2023.12,-1937.624
205,151,38,-1063.77,1999.8879,-2066.238
203,151,38,-997.66,2139.28,-2242.9321
201,151,38,-901.5,2288.3521,-2436.4541
199,151,38,-770.482,2443.2319,-2634.7839
197,151,38,-593.788,2601.9839,-2842.73
195,151,38,-363.004,2766.5439,-3049.4741
193,151,38,-68.514,2929.168,-3240.592
191,151,38,295.692,3089.856,-3404.064
189,151,38,730.816,3244.7361,-3514.6479
187,151,38,1239.262,3386.064,-3549.5061
185,151,38,1810.212,3515.7759,-3474.9822
183,151,38,2413.616,3622.2559,-3269.4399
181,151,38,3013.4141,3705.5039,-2912.446
179,151,38,3557.9202,3761.6479,-2402.7981
177,151,38,4014.6802,3788.752,-1744.1021
175,151,38,4338.0181,3782.9441,-965.206
173,151,38,4490.6719,3746.1599,-105.776
171,151,38,4452.208,3674.5281,775.29
169,151,38,4215.4141,3569.9839,1622.7001
167,151,38,3793.512,3430.592,2381.1621
165,151,38,3209.3401,3262.1599,2992.98
163,151,38,2519.3921,3062.752,3413.6802
161,151,38,1782.566,2840.1121,3624.03
159,151,38,1064.972,2596.176,3632.4441
157,151,38,401.468,2336.752,3472.5781
155,151,38,-174.29,2059.9041,3178.0881
153,151,38,-649.08,1777.248,2788.6401
151,151,38,-1026.5081,1484.912,2336.688
149,151,38,-1312.584,1188.704,1853.484
147,151,38,-1524.136,888.624,1345.038
145,151,38,-1668.376,582.736,823.37
143,151,38,-1753.718,274.912,293.288
141,151,38,-1784.9701,-29.04,-239.198
139,151,38,-1760.9301,-332.992,-774.088
137,151,38,-1681.598,-633.072,-1313.786
135,151,38,-1537.358,-931.216,-1861.8981
133,151,38,-1320.998,-1221.616,-2399.1921
131,151,38,-1014.488,-1506.208,-2929.2742
129,151,38,-613.02,-1777.248,-3418.488
127,151,38,-92.554,-2038.608,-3852.4102
125,151,38,543.304,-2286.416,-4184.1621
123,151,38,1289.746,-2518.7361,-4368.0679
121,151,38,2105.9041,-2731.696,-4357.25
119,151,38,2936.4861,-2925.2959,-4124.062
117,151,38,3717.7861,-3095.6641,-3651.676
115,151,38,4383.6938,-3246.6719,-2956.9202
113,151,38,4866.8979,-3374.448,-2096.2881
111,151,38,5134.9443,-3477.0559,-1134.688
109,151,38,5178.2163,-3552.5601,-145.442
107,151,38,5009.936,-3606.7681,814.956
105,151,38,4654.144,-3633.8721,1684.0021
103,151,38,4148.1021,-3633.8721,2420.8281
101,151,38,3539.8901,-3606.7681,3000.1921
99,151,38,2888.406,-3554.4961,3400.458
97,151,38,2229.71,-3477.0559,3637.252
95,151,38,1605.8721,-3372.512,3729.8062
93,151,38,1051.75,-3250.5439,3703.3621
91,151,38,572.152,-3113.0879,3597.5862
89,151,38,174.29,-2967.8879,3435.3162
87,151,38,-152.654,-2813.0081,3239.3901
85,151,38,-412.286,-2656.1919,3026.636
83,151,38,-616.626,-2497.4399,2807.8721
81,151,38,-771.684,-2344.4961,2595.1182
79,151,38,-883.47,-2195.4241,2390.7781
79,149,38,-1030.114,-2162.512,2535.0181
81,149,38,-925.54,-2309.6479,2751.3779
83,149,38,-777.694,-2464.5281,2984.5662
85,149,38,-579.364,-2625.2161,3222.562
87,149,38,-320.934,-2783.968,3459.356
89,149,38,6.01,-2942.72,3681.7261
91,149,38,406.276,-3093.728,3870.4402
93,149,38,893.086,-3236.9919,4002.6602
95,149,38,1462.834,-3366.7041,4056.75
97,149,38,2098.6921,-3480.928,3991.842
99,149,38,2779.0242,-3573.856,3779.0881
101,149,38,3456.9521,-3641.616,3396.8521
103,149,38,4096.416,-3686.144,2831.9121
105,149,38,4634.9121,-3705.5039,2103.5
107,149,38,5025.562,-3703.5679,1229.646
109,149,38,5231.104,-3672.592,269.248
111,149,38,5222.6899,-3620.3201,-727.21
113,149,38,4990.7041,-3539.0081,-1700.8301
115,149,38,4541.1562,-3432.5281,-2583.0981
117,149,38,3911.3081,-3297.0081,-3298.2881
119,149,38,3155.25,-3134.384,-3804.3301
121,149,38,2351.1121,-2946.592,-4071.1741
123,149,38,1551.782,-2729.76,-4114.4463
125,149,38,823.37,-2489.696,-3961.792
127,149,38,198.33,-2226.3999,-3667.302
129,149,38,-310.116,-1947.616,-3270.6421
131,149,38,-705.574,-1655.28,-2811.478
133,149,38,-1003.67,-1347.4559,-2316.2542
135,149,38,-1217.626,-1029.952,-1805.4041
137,149,38,-1357.058,-706.64,-1295.756
139,149,38,-1436.39,-375.584,-782.502
141,149,38,-1459.228,-44.528,-277.662
143,149,38,-1431.582,290.4,224.774
145,149,38,-1351.048,627.264,727.21
147,149,38,-1212.818,960.256,1222.4341
149,149,38,-1009.68,1287.4399,1700.8301
151,149,38,-733.22,1606.88,2158.792
153,149,38,-370.216,1920.512,2584.3
155,149,38,90.15,2224.4639,2948.5061
157,149,38,645.474,2512.928,3218.9561
159,149,38,1286.14,2782.032,3358.3879
161,149,38,1980.896,3027.9041,3329.54
163,149,38,2690.0759,3248.6079,3104.7661
165,149,38,3353.5801,3440.272,2674.45
167,149,38,3908.9041,3595.1521,2056.6221
169,149,38,4307.9683,3717.1199,1288.5441
171,149,38,4517.1162,3802.304,443.538
173,149,38,4533.9438,3850.7039,-444.74
175,149,38,4358.4521,3868.1279,-1302.968
177,149,38,4014.6802,3852.6399,-2083.0659
179,149,38,3536.2842,3808.1121,-2739.3582
181,149,38,2964.1321,3736.48,-3252.6121
183,149,38,2342.698,3639.6799,-3604.7981
185,149,38,1712.85,3521.584,-3806.7341
187,149,38,1126.274,3384.1279,-3865.6321
189,149,38,598.596,3233.1199,-3811.542
191,149,38,153.856,3076.304,-3680.5242
193,149,38,-218.764,2909.8081,-3499.022
195,149,38,-516.86,2741.376,-3286.2681
197,149,38,-747.644,2574.8799,-3059.0901
199,149,38,-921.934,2414.1919,-2833.114
201,149,38,-1050.548,2257.376,-2611.946
203,149,38,-1141.9,2106.3679,-2400.394
205,149,38,-1203.202,1963.104,-2200.8621
205,147,38,-1340.23,1916.64,-2324.668
203,147,38,-1289.746,2057.968,-2532.614
201,147,38,-1206.808,2208.9761,-2758.5901
199,147,38,-1085.406,2365.792,-2994.1821
197,147,38,-915.924,2528.416,-3242.9961
195,147,38,-689.948,2696.8479,-3490.6082
193,147,38,-391.852,2871.0879,-3729.8062
191,147,38,-19.232,3041.4561,-3938.9541
189,147,38,433.922,3207.9519,-4096.416
187,147,38,967.61,3366.7041,-4173.3442
185,147,38,1571.014,3517.7119,-4139.688
183,147,38,2210.478,3647.4241,-3966.6001
181,147,38,2852.3459,3761.6479,-3634.8481
179,147,38,3448.5381,3850.7039,-3140.8262
177,147,38,3958.186,3918.4639,-2496.554
175,147,38,4333.21,3957.1841,-1727.274
173,147,38,4542.3579,3962.9919,-875.056
171,147,38,4565.1963,3935.8879,7.212
169,147,38,4395.7139,3875.8721,860.632
167,147,38,4037.5181,3771.3279,1635.922
165,147,38,3523.062,3631.936,2272.9819
163,147,38,2896.8201,3448.0159,2730.9441
161,147,38,2220.094,3231.1841,2984.5662
159,147,38,1554.186,2981.4399,3047.0701
157,147,38,938.762,2702.656,2942.4961
155,147,38,402.67,2400.6399,2709.3081
153,147,38,-43.272,2077.3279,2383.5662
151,147,38,-395.458,1740.464,1997.724
149,147,38,-664.706,1395.856,1578.2261
147,147,38,-861.834,1039.632,1135.89
145,147,38,-996.458,679.536,680.332
143,147,38,-1075.79,315.568,217.562
141,147,38,-1103.436,-48.4,-248.814
139,147,38,-1081.8,-410.432,-716.392
137,147,38,-1007.276,-766.656,-1192.384
135,147,38,-873.854,-1119.0079,-1669.578
133,147,38,-670.716,-1463.616,-2144.3679
131,147,38,-385.842,-1796.608,-2604.7341
129,147,38,-7.212,-2112.176,-3032.646
127,147,38,483.204,-2412.2561,-3404.064
125,147,38,1080.598,-2689.104,-3676.918
123,147,38,1780.162,-2938.8479,-3803.1282
121,147,38,2544.634,-3159.552,-3745.4321
119,147,38,3322.3281,-3347.344,-3465.366
117,147,38,4043.5281,-3498.3521,-2955.718
115,147,38,4643.3262,-3618.384,-2233.3162
113,147,38,5062.8242,-3705.5039,-1351.048
111,147,38,5268.3662,-3761.6479,-372.62
109,147,38,5250.3359,-3788.752,617.828
107,147,38,5023.1582,-3792.624,1584.2361
105,147,38,4610.8721,-3771.3279,2450.8779
103,147,38,4050.74,-3730.6719,3180.4919
101,147,38,3394.448,-3666.7839,3740.624
99,147,38,2694.884,-3581.6001,4118.0522
97,147,38,1995.3201,-3477.0559,4322.3921
95,147,38,1337.826,-3351.2161,4375.2803
93,147,38,756.058,-3213.76,4309.1699
91,147,38,257.228,-3064.688,4154.1123
89,147,38,-151.452,-2905.936,3944.9641
87,147,38,-483.204,-2745.248,3704.564
85,147,38,-740.432,-2582.624,3446.134
83,147,38,-936.358,-2420.0,3184.0981
81,147,38,-1079.396,-2263.1841,2929.2742
79,147,38,-1181.566,-2114.1121,2688.874
79,145,38,-1329.412,-2052.1599,2825.9021
81,145,38,-1238.0601,-2201.2319,3077.1201
83,145,38,-1102.234,-2358.0481,3346.3682
85,145,38,-913.52,-2520.6719,3626.4341
87,145,38,-659.898,-2687.168,3907.7021
89,145,38,-330.55,-2851.728,4175.748
91,145,38,79.332,-3016.2881,4411.3398
93,145,38,580.566,-3173.104,4590.438
95,145,38,1171.9501,-3322.176,4682.9922
97,145,38,1840.2621,-3459.6321,4655.3462
99,145,38,2556.6541,-3581.6001,4473.8442
101,145,38,3274.248,-3684.208,4120.4561
103,145,38,3956.9841,-3773.2639,3577.1521
105,145,38,4542.3579,-3842.96,2866.77
107,145,38,4984.6938,-3889.4241,2012.1481
109,145,38,5245.5283,-3916.5281,1064.972
111,145,38,5302.022,-3916.5281,70.918
113,145,38,5138.5503,-3883.616,-901.5
115,145,38,4764.728,-3817.792,-1789.7781
117,145,38,4211.8081,-3715.1841,-2524.2
119,145,38,3526.668,-3568.0481,-3061.4941
121,145,38,2794.6501,-3386.064,-3368.0042
123,145,38,2059.0261,-3159.552,-3462.9622
125,145,38,1387.108,-2898.1919,-3371.6101
127,145,38,808.946,-2603.9199,-3138.4221
129,145,38,340.166,-2286.416,-2812.6799
131,145,38,-27.646,-1945.6799,-2428.04
133,145,38,-301.702,-1587.52,-2009.744
135,145,38,-498.83,-1215.808,-1575.822
137,145,38,-626.242,-836.352,-1139.496
139,145,38,-698.362,-449.152,-706.776
141,145,38,-719.998,-61.952,-278.864
143,145,38,-695.958,329.12,145.442
145,145,38,-620.232,722.128,568.546
147,145,38,-492.82,1111.264,984.438
149,145,38,-306.51,1492.656,1390.714
151,145,38,-52.888,1864.368,1772.9501
153,145,38,280.066,2220.592,2122.7319
155,145,38,700.766,2563.2639,2417.2219
157,145,38,1208.01,2882.7041,2619.158
159,145,38,1793.384,3173.104,2698.49
161,145,38,2422.03,3426.72,2617.9561
163,145,38,3060.292,3643.552,2352.314
165,145,38,3648.0701,3819.728,1891.948
167,145,38,4127.668,3947.5039,1257.292
169,145,38,4449.8042,4032.688,482.002
171,145,38,4592.8423,4073.344,-360.6
173,145,38,4542.3579,4077.2161,-1233.2521
175,145,38,4310.3721,4046.24,-2075.854
177,145,38,3913.7122,3984.2881,-2839.124
179,145,38,3386.0342,3895.2319,-3479.79
181,145,38,2771.812,3782.9441,-3967.802
183,145,38,2110.7122,3653.2319,-4294.7461
185,145,38,1450.8141,3504.1599,-4458.2183
187,145,38,834.188,3345.408,-4478.6519
189,145,38,286.076,3175.04,-4382.4922
191,145,38,-174.29,3000.8,-4208.2021
193,145,38,-551.718,2824.624,-3979.822
195,145,38,-847.41,2648.448,-3722.594
197,145,38,-1074.588,2478.0801,-3453.3459
199,145,38,-1240.464,2311.584,-3185.3
201,145,38,-1357.058,2154.7681,-2926.8701
203,145,38,-1432.7841,2003.76,-2682.864
205,145,38,-1478.4601,1860.496,-2453.282
205,143,38,-1615.488,1792.736,-2569.876
203,143,38,-1579.428,1932.1279,-2804.2661
201,143,38,-1512.116,2081.2,-3061.4941
199,143,38,-1403.936,2239.9519,-3335.55
197,143,38,-1245.272,2408.384,-3622.8281
195,143,38,-1026.5081,2580.688,-3911.3081
193,143,38,-732.018,2762.6719,-4194.98
191,143,38,-359.398,2944.656,-4447.3999
189,143,38,100.968,3128.5759,-4650.5381
187,143,38,651.484,3310.5601,-4771.9399
185,143,38,1275.322,3486.7361,-4777.9502
183,143,38,1943.634,3651.2959,-4640.9219
181,143,38,2621.562,3806.176,-4344.0283
179,143,38,3255.0161,3939.76,-3882.46
177,143,38,3809.1382,4055.9199,-3265.834
175,143,38,4234.646,4146.9121,-2527.8062
173,143,38,4503.894,4203.0562,-1700.8301
171,143,38,4591.6401,4222.416,-843.804
169,143,38,4496.6821,4203.0562,-6.01
167,143,38,4223.8281,4135.2959,764.472
165,143,38,3795.916,4019.136,1409.946
163,143,38,3258.6221,3850.7039,1888.342
161,143,38,2664.834,3633.8721,2186.438
159,143,38,2074.6521,3374.448,2299.426
157,143,38,1525.338,3070.4961,2259.76
155,143,38,1046.942,2737.5039,2102.2981
153,143,38,646.676,2373.5359,1857.0901
151,143,38,330.55,1992.144,1555.3881
149,143,38,88.948,1597.2,1223.636
147,143,38,-87.746,1190.64,867.844
145,143,38,-210.35,774.4,502.436
143,143,38,-282.47,354.288,127.412
141,143,38,-306.51,-63.888,-250.016
139,143,38,-288.48,-480.128,-629.848
137,143,38,-221.168,-894.432,-1014.488
135,143,38,-98.564,-1300.9919,-1405.1381
133,143,38,85.342,-1699.808,-1793.384
131,143,38,343.772,-2083.136,-2166.0042
129,143,38,688.746,-2447.104,-2509.7761
127,143,38,1131.082,-2789.7759,-2800.6602
125,143,38,1670.78,-3099.5359,-2996.5859
123,143,38,2305.436,-3376.384,-3059.0901
121,143,38,2994.1821,-3608.7041,-2946.1021
119,143,38,3685.332,-3792.624,-2628.7742
117,143,38,4319.9883,-3932.0159,-2095.0859
115,143,38,4832.04,-4023.0081,-1365.472
113,143,38,5166.1963,-4069.4719,-492.82
111,143,38,5294.8101,-4075.28,468.78
109,143,38,5211.8721,-4050.1121,1442.4
107,143,38,4924.5942,-3993.968,2382.364
105,143,38,4465.4302,-3916.5281,3220.158
103,143,38,3862.0261,-3819.728,3923.3281
101,143,38,3170.876,-3709.376,4453.4102
99,143,38,2435.252,-3581.6001,4799.5859
97,143,38,1708.042,-3442.208,4970.27
95,143,38,1026.5081,-3289.2639,4988.3003
93,143,38,423.104,-3128.5759,4877.7163
91,143,38,-86.544,-2962.0801,4680.5879
89,143,38,-498.83,-2791.7119,4425.7642
87,143,38,-828.178,-2621.344,4137.2842
85,143,38,-1078.194,-2450.9761,3835.582
83,143,38,-1262.1,-2286.416,3532.678
81,143,38,-1393.118,-2127.6641,3241.7939
79,143,38,-1479.662,-1980.528,2967.738
79,141,38,-1626.306,-1893.408,3090.342
81,141,38,-1551.782,-2038.608,3374.0142
83,141,38,-1431.582,-2197.3601,3679.322
85,141,38,-1256.09,-2361.9199,3999.054
87,141,38,-1012.084,-2534.2239,4323.5942
89,141,38,-689.948,-2710.3999,4634.9121
91,141,38,-281.268,-2888.512,4913.7759
93,141,38,227.178,-3066.624,5139.752
95,141,38,832.986,-3244.7361,5276.7803
97,141,38,1515.722,-3415.104,5288.8003
99,141,38,2254.9521,-3579.6641,5145.7622
101,141,38,3001.394,-3730.6719,4824.8281
103,141,38,3711.7761,-3873.936,4323.5942
105,141,38,4338.0181,-4003.6479,3651.676
107,141,38,4827.2319,-4114.0,2837.9221
109,141,38,5146.9639,-4197.248,1932.816
111,141,38,5273.1743,-4251.4561,984.438
113,141,38,5193.8423,-4268.8799,43.272
115,141,38,4914.978,-4241.7759,-831.784
117,141,38,4464.228,-4162.3999,-1561.3981
119,141,38,3884.864,-4028.8159,-2114.3181
121,141,38,3249.0061,-3842.96,-2462.8979
123,141,38,2605.936,-3599.0239,-2614.3501
125,141,38,2012.1481,-3308.624,-2592.7141
127,141,38,1497.692,-2977.5679,-2443.666
129,141,38,1079.396,-2613.6001,-2209.2761
131,141,38,753.654,-2224.4639,-1920.796
133,141,38,506.042,-1814.032,-1599.8621
135,141,38,329.348,-1390.048,-1266.9081
137,141,38,212.754,-956.384,-931.55
139,141,38,147.846,-516.912,-598.596
141,141,38,127.412,-75.504,-271.652
143,141,38,150.25,367.84,55.292
145,141,38,217.562,813.12,376.226
147,141,38,330.55,1254.528,693.554
149,141,38,496.426,1684.3199,995.256
151,141,38,721.2,2102.4961,1278.928
153,141,38,1015.69,2507.1199,1531.348
155,141,38,1383.5021,2888.512,1733.2841
157,141,38,1827.04,3242.8,1853.484
159,141,38,2335.4861,3558.3679,1859.494
161,141,38,2877.5881,3829.408,1723.6681
163,141,38,3419.6899,4050.1121,1418.36
165,141,38,3907.7021,4216.6079,936.358
167,141,38,4286.332,4325.0239,300.5
169,141,38,4517.1162,4379.2319,-457.962
171,141,38,4576.0142,4379.2319,-1275.322
173,141,38,4453.4102,4332.7681,-2115.52
175,141,38,4158.9199,4249.52,-2920.8601
177,141,38,3712.978,4133.3599,-3643.262
179,141,38,3144.4321,3990.0959,-4238.252
181,141,38,2496.554,3827.4719,-4686.5981
183,141,38,1807.808,3651.2959,-4969.0679
185,141,38,1122.668,3465.4399,-5089.2681
187,141,38,489.214,3271.8401,-5064.0259
189,141,38,-64.908,3078.24,-4924.5942
191,141,38,-526.476,2884.6399,-4707.0322
193,141,38,-902.702,2694.9119,-4434.1782
195,141,38,-1193.5861,2510.9919,-4134.8799
197,141,38,-1409.946,2330.9441,-3824.7642
199,141,38,-1562.6,2162.512,-3518.2542
201,141,38,-1662.3661,2003.76,-3226.168
203,141,38,-1722.4661,1852.752,-2947.304
205,141,38,-1751.3141,1713.36,-2690.0759
205,139,38,-1881.13,1624.304,-2792.2461
203,139,38,-1864.302,1759.824,-3056.686
201,139,38,-1815.02,1908.896,-3345.166
199,139,38,-1724.87,2065.7119,-3652.8782
197,139,38,-1583.0341,2236.0801,-3976.2161
195,139,38,-1377.4921,2418.064,-4305.564
193,139,38,-1096.224,2607.792,-4632.5083
191,139,38,-729.614,2807.2,-4930.604
189,139,38,-274.056,3010.48,-5179.418
187,139,38,276.46,3221.5039,-5348.8999
185,139,38,908.712,3434.4639,-5406.5962
183,139,38,1596.256,3647.4241,-5320.0522
181,139,38,2294.6179,3850.7039,-5076.0459
179,139,38,2954.5161,4038.4961,-4669.77
177,139,38,3549.5061,4212.7358,-4112.042
175,139,38,4026.7002,4359.8721,-3428.104
173,139,38,4362.0581,4472.1602,-2656.4202
171,139,38,4530.3379,4539.9199,-1841.464
169,139,38,4527.9341,4557.3437,-1039.73
167,139,38,4356.0479,4518.624,-290.884
165,139,38,4039.9221,4417.9521,352.186
163,139,38,3612.01,4253.3921,852.218
161,139,38,3127.604,4026.8799,1189.98
159,139,38,2637.188,3748.0959,1367.876
157,139,38,2172.0142,3417.04,1407.542
155,139,38,1762.1321,3043.3921,1340.23
153,139,38,1418.36,2638.7681,1198.394
151,139,38,1146.708,2214.7839,1004.872
149,139,38,936.358,1775.312,783.704
147,139,38,781.3,1320.3521,540.9
145,139,38,673.12,859.584,287.278
143,139,38,608.212,391.072,25.242
141,139,38,586.576,-73.568,-239.198
139,139,38,604.606,-538.208,-510.85
137,139,38,665.908,-1000.912,-784.906
135,139,38,775.29,-1457.808,-1062.568
133,139,38,939.964,-1906.96,-1339.0281
131,139,38,1170.748,-2340.624,-1601.0641
129,139,38,1471.248,-2752.9919,-1834.2521
127,139,38,1859.494,-3142.1279,-2020.562
125,139,38,2330.678,-3492.5439,-2121.53
123,139,38,2875.1841,-3802.304,-2103.5
121,139,38,3461.76,-4057.856,-1928.0081
119,139,38,4039.9221,-4253.3921,-1571.014
117,139,38,4559.186,-4386.9761,-1020.498
115,139,38,4957.0479,-4460.5439,-294.49
113,139,38,5185.4282,-4476.0317,551.718
111,139,38,5219.084,-4439.248,1473.652
109,139,38,5059.2183,-4357.936,2388.374
107,139,38,4709.436,-4243.7119,3267.0361
105,139,38,4199.7881,-4102.3838,4050.74
103,139,38,3563.9302,-3941.696,4696.2139
101,139,38,2841.5281,-3765.52,5179.418
99,139,38,2089.0759,-3583.5359,5477.5142
97,139,38,1343.8361,-3391.8721,5602.522
95,139,38,650.282,-3196.3359,5571.27
93,139,38,45.676,-3004.6719,5416.2119
91,139,38,-462.77,-2813.0081,5171.0039
89,139,38,-869.046,-2625.2161,4871.7061
87,139,38,-1187.576,-2443.2319,4537.5503
85,139,38,-1424.37,-2267.0559,4192.5762
83,139,38,-1592.65,-2100.5601,3851.208
81,139,38,-1705.6381,-1941.808,3523.062
79,139,38,-1771.748,-1796.608,3216.552
79,137,38,-1912.3821,-1682.384,3323.53
81,137,38,-1859.494,-1825.6479,3636.05
83,137,38,-1762.1321,-1980.528,3977.418
85,137,38,-1605.8721,-2147.0239,4335.6143
87,137,38,-1382.3,-2327.072,4704.6279
89,137,38,-1075.79,-2516.8,5062.8242
91,137,38,-680.332,-2714.272,5392.1719
93,137,38,-181.502,-2921.4241,5666.228
95,137,38,418.296,-3136.3201,5857.3462
97,137,38,1104.6381,-3353.1521,5924.6582
99,137,38,1849.8781,-3573.856,5840.5181
101,137,38,2608.3401,-3790.688,5586.896
103,137,38,3346.3682,-4003.6479,5150.5703
105,137,38,4005.064,-4201.1201,4553.1763
107,137,38,4547.166,-4379.2319,3816.3501
109,137,38,4934.21,-4524.4321,2988.1721
111,137,38,5146.9639,-4628.9761,2105.9041
113,137,38,5174.6099,-4683.1841,1221.2321
115,137,38,5014.7441,-4681.248,388.246
117,137,38,4692.6079,-4611.5518,-334.156
119,137,38,4246.666,-4474.0962,-906.308
121,137,38,3735.8162,-4270.8159,-1299.3621
123,137,38,3205.7341,-3999.7759,-1524.136
125,137,38,2709.3081,-3672.592,-1598.66
127,137,38,2272.9819,-3297.0081,-1560.196
129,137,38,1909.978,-2884.6399,-1441.198
131,137,38,1626.306,-2450.9761,-1276.524
133,137,38,1408.744,-1996.016,-1084.204
135,137,38,1250.0801,-1525.568,-877.46
137,137,38,1145.506,-1049.312,-668.312
139,137,38,1084.204,-565.312,-457.962
141,137,38,1064.972,-83.248,-250.016
143,137,38,1084.204,402.688,-46.878
145,137,38,1144.3041,886.688,151.452
147,137,38,1244.0701,1366.816,341.368
149,137,38,1389.5121,1837.264,519.264
151,137,38,1581.832,2296.0959,679.13
153,137,38,1831.848,2741.376,808.946
155,137,38,2144.3679,3165.3599,894.288
157,137,38,2512.1799,3556.4319,906.308
159,137,38,2928.072,3904.9119,822.168
161,137,38,3363.196,4201.1201,611.818
163,137,38,3787.502,4435.376,256.026
165,137,38,4149.3042,4605.7441,-248.814
167,137,38,4406.5322,4702.5439,-884.672
169,137,38,4523.126,4731.584,-1614.286
171,137,38,4477.4502,4698.6719,-2391.98
173,137,38,4265.8979,4609.6162,-3176.886
175,137,38,3899.2881,4470.2241,-3910.106
177,137,38,3395.6501,4294.0479,-4560.3882
179,137,38,2788.6401,4090.7681,-5085.6621
181,137,38,2110.7122,3870.064,-5459.4839
183,137,38,1403.936,3635.8079,-5674.6421
185,137,38,713.988,3401.552,-5731.1362
187,137,38,82.938,3167.2959,-5650.6021
189,137,38,-466.376,2938.8479,-5457.0801
191,137,38,-918.328,2722.0159,-5189.0342
193,137,38,-1278.928,2512.928,-4869.3022
195,137,38,-1552.984,2317.3921,-4526.7319
197,137,38,-1751.3141,2131.5359,-4174.5459
199,137,38,-1884.7361,1959.2319,-3830.7742
201,137,38,-1966.472,1802.416,-3502.6282
203,137,38,-2004.936,1655.28,-3191.3101
205,137,38,-2012.1481,1519.76,-2905.2341
205,135,38,-2137.156,1405.536,-2998.99
203,135,38,-2140.762,1533.312,-3288.6721
201,135,38,-2115.52,1676.576,-3609.606
199,135,38,-2048.208,1833.392,-3950.9741
197,135,38,-1929.2101,2003.76,-4313.978
195,135,38,-1747.708,2189.616,-4685.396
193,135,38,-1489.2781,2392.896,-5058.0161
191,135,38,-1143.1021,2611.6641,-5409.0
189,135,38,-704.372,2842.0481,-5713.106
187,135,38,-168.28,3089.856,-5947.4961
185,135,38,454.356,3345.408,-6076.1104
183,135,38,1134.688,3608.7041,-6068.8979
181,135,38,1845.0701,3870.064,-5906.6279
179,135,38,2535.0181,4125.6162,-5590.502
177,135,38,3168.4722,4359.8721,-5124.126
175,135,38,3706.968,4565.0879,-4532.7422
173,135,38,4121.6582,4727.7119,-3843.9961
171,135,38,4392.1079,4840.0,-3101.1602
169,135,38,4505.0962,4888.3999,-2349.9102
167,135,38,4460.6221,4865.168,-1628.7101
165,135,38,4279.1201,4768.3682,-985.64
163,135,38,3990.6401,4596.064,-459.164
161,135,38,3634.8481,4352.1279,-61.302
159,135,38,3258.6221,4044.304,200.734
157,135,38,2893.2141,3680.3359,349.782
155,135,38,2565.0681,3271.8401,405.074
153,135,38,2281.396,2832.3679,393.054
151,135,38,2050.6121,2367.728,336.56
149,135,38,1871.514,1895.344,250.016
147,135,38,1735.688,1411.344,145.442
145,135,38,1640.73,917.664,27.646
143,135,38,1583.0341,420.112,-98.564
141,135,38,1565.004,-77.44,-230.784
139,135,38,1581.832,-573.056,-366.61
137,135,38,1639.5281,-1068.672,-506.042
135,135,38,1740.496,-1560.416,-645.474
133,135,38,1887.14,-2046.3519,-780.098
131,135,38,2090.2781,-2524.5439,-901.5
129,135,38,2351.1121,-2975.6321,-995.256
127,135,38,2679.2581,-3409.2959,-1043.3361
125,135,38,3071.1101,-3806.176,-1016.892
123,135,38,3512.2441,-4152.7202,-887.076
121,135,38,3976.2161,-4441.1841,-623.838
119,135,38,4418.5522,-4659.9521,-203.138
117,135,38,4792.374,-4805.1519,375.024
115,135,38,5043.5923,-4876.7842,1092.618
113,135,38,5134.9443,-4872.9121,1900.3621
111,135,38,5052.0059,-4805.1519,2758.5901
109,135,38,4791.1719,-4679.312,3595.1821
107,135,38,4364.4619,-4508.9438,4382.4922
105,135,38,3797.1182,-4297.9199,5065.228
103,135,38,3122.7961,-4065.6001,5615.7441
101,135,38,2377.5562,-3815.856,6007.5962
99,135,38,1610.6801,-3560.304,6221.5522
97,135,38,869.046,-3308.624,6266.0259
95,135,38,189.916,-3062.752,6162.6543
93,135,38,-399.064,-2828.4961,5942.688
91,135,38,-889.48,-2605.856,5638.582
89,135,38,-1274.12,-2396.7681,5285.1943
87,135,38,-1568.61,-2201.2319,4901.7559
85,135,38,-1781.364,-2017.312,4511.106
83,135,38,-1923.2001,-1850.816,4132.4761
81,135,38,-2009.744,-1695.936,3768.27
79,135,38,-2050.6121,-1556.5439,3430.5081
79,133,38,-2181.6301,-1417.152,3519.4561
81,133,38,-2155.186,-1550.736,3862.0261
83,133,38,-2085.47,-1699.808,4234.646
85,133,38,-1961.6641,-1864.368,4637.3159
87,133,38,-1768.1421,-2048.2881,5048.3999
89,133,38,-1494.0861,-2249.6321,5459.4839
91,133,38,-1131.082,-2468.3999,5848.9321
93,133,38,-659.898,-2706.5281,6193.9062
95,133,38,-87.746,-2960.144,6460.75
97,133,38,576.96,-3233.1199,6619.4141
99,133,38,1312.584,-3517.7119,6636.2422
101,133,38,2073.45,-3804.24,6489.5981
103,133,38,2833.114,-4088.832,6171.0679
105,133,38,3532.678,-4357.936,5693.874
107,133,38,4142.0923,-4599.936,5073.6421
109,133,38,4616.8823,-4799.3437,4352.4419
111,133,38,4940.2202,-4942.6079,3560.324
113,133,38,5098.8843,-5021.9839,2744.166
115,133,38,5089.2681,-5029.728,1953.25
117,133,38,4923.3921,-4958.0962,1234.454
119,133,38,4636.1143,-4805.1519,629.848
121,133,38,4271.9082,-4572.832,163.472
123,133,38,3870.4402,-4266.9438,-169.482
125,133,38,3480.9919,-3902.9761,-373.822
127,133,38,3126.4021,-3488.6719,-483.204
129,133,38,2827.104,-3041.4561,-518.062
131,133,38,2580.6941,-2572.9441,-507.244
133,133,38,2388.374,-2085.072,-467.578
135,133,38,2242.9321,-1587.52,-411.084
137,133,38,2144.3679,-1088.032,-348.58
139,133,38,2085.47,-584.672,-282.47
141,133,38,2065.0361,-85.184,-216.36
143,133,38,2080.6621,418.176,-155.058
145,133,38,2133.55,921.536,-100.968
147,133,38,2221.2961,1421.024,-55.292
149,133,38,2348.708,1914.704,-24.04
151,133,38,2515.7861,2396.7681,-13.222
153,133,38,2726.136,2869.1521,-32.454
155,133,38,2979.7581,3322.176,-94.958
157,133,38,3270.6421,3744.2239,-223.572
159,133,38,3585.5662,4123.6802,-435.124
161,133,38,3900.49,4445.0562,-750.048
163,133,38,4187.7681,4704.48,-1183.97
165,133,38,4404.1279,4886.4639,-1733.2841
167,133,38,4512.3081,4985.2002,-2378.7581
169,133,38,4484.6621,5006.4961,-3089.1401
171,133,38,4310.3721,4948.416,-3806.7341
173,133,38,3987.0342,4822.5762,-4508.7021
175,133,38,3529.072,4636.7202,-5150.5703
177,133,38,2958.1221,4404.3999,-5690.2681
179,133,38,2303.032,4139.168,-6102.5542
181,133,38,1601.0641,3856.512,-6370.6001
183,133,38,891.884,3568.0481,-6478.7803
185,133,38,210.35,3277.6479,-6442.7202
187,133,38,-403.872,2998.864,-6274.4399
189,133,38,-929.146,2733.6321,-6005.1919
191,133,38,-1354.6541,2489.696,-5672.2383
193,133,38,-1686.406,2261.248,-5293.6079
195,133,38,-1931.614,2054.0959,-4895.7461
197,133,38,-2099.894,1864.368,-4499.0859
199,133,38,-2205.6699,1694.0,-4114.4463
201,133,38,-2259.76,1541.056,-3751.4421
203,133,38,-2275.386,1401.6639,-3411.2761
205,133,38,-2258.5581,1275.824,-3095.1501
205,131,38,-2369.1421,1136.432,-3173.28
203,131,38,-2399.1921,1250.656,-3490.6082
201,131,38,-2400.394,1382.304,-3842.7942
199,131,38,-2363.1321,1529.4399,-4217.8179
197,131,38,-2276.5881,1695.936,-4624.0942
195,131,38,-2128.7419,1883.728,-5044.7939
193,131,38,-1905.17,2092.8159,-5475.1099
191,131,38,-1597.458,2325.136,-5891.002
189,131,38,-1194.788,2580.688,-6273.2383
187,131,38,-692.352,2861.408,-6595.374
185,131,38,-94.958,3159.552,-6822.5522
183,131,38,572.152,3475.1199,-6930.7319
181,131,38,1282.5341,3792.624,-6893.4702
179,131,38,1992.916,4100.4478,-6708.3623
177,131,38,2674.45,4392.7842,-6376.6104
175,131,38,3292.2781,4648.3359,-5909.0322
173,131,38,3809.1382,4853.5518,-5330.8701
171,131,38,4199.7881,4994.8799,-4676.9819
169,131,38,4452.208,5060.7041,-3988.2361
167,131,38,4562.792,5045.2158,-3291.0762
165,131,38,4539.9541,4940.6719,-2631.178
163,131,38,4406.5322,4752.8799,-2047.006
161,131,38,4193.7783,4487.6479,-1560.196
159,131,38,3941.3582,4154.6558,-1176.7581
157,131,38,3675.7161,3767.4561,-882.268
155,131,38,3423.2961,3335.728,-668.312
153,131,38,3197.3201,2878.832,-518.062
151,131,38,3002.5959,2402.5759,-413.488
149,131,38,2845.134,1916.64,-340.166
147,131,38,2723.7319,1422.96,-292.086
145,131,38,2635.9861,927.344,-259.632
143,131,38,2585.502,427.856,-237.996
141,131,38,2568.6741,-71.632,-223.572
139,131,38,2589.1082,-569.184,-212.754
137,131,38,2645.6021,-1068.672,-201.936
135,131,38,2742.9641,-1570.0959,-185.108
133,131,38,2881.1941,-2069.584,-157.462
131,131,38,3063.8979,-2561.3279,-110.584
129,131,38,3291.0762,-3037.584,-33.656
127,131,38,3563.9302,-3492.5439,92.554
125,131,38,3875.248,-3918.4639,288.48
123,131,38,4213.0103,-4297.9199,575.758
121,131,38,4544.7622,-4617.3599,973.62
119,131,38,4833.2422,-4863.2319,1490.48
117,131,38,5038.7842,-5025.856,2121.53
115,131,38,5120.52,-5105.2319,2848.74
113,131,38,5050.8042,-5099.4238,3626.4341
111,131,38,4818.8179,-5012.3042,4413.7441
109,131,38,4432.9761,-4853.5518,5150.5703
107,131,38,3904.0962,-4634.7842,5814.0742
105,131,38,3262.228,-4369.5518,6364.5903
103,131,38,2537.4221,-4069.4719,6769.6641
101,131,38,1768.1421,-3751.968,7013.6699
99,131,38,1012.084,-3436.3999,7090.5981
97,131,38,286.076,-3124.7041,7012.4683
95,131,38,-365.408,-2828.4961,6798.5122
93,131,38,-917.126,-2557.4561,6483.5879
91,131,38,-1365.472,-2305.7759,6098.9482
89,131,38,-1709.244,-2079.2639,5673.4399
87,131,38,-1962.8661,-1875.984,5233.5083
85,131,38,-2135.9541,-1694.0,4793.5762
83,131,38,-2241.73,-1531.376,4371.6743
81,131,38,-2295.8201,-1388.1119,3972.6101
79,131,38,-2307.8401,-1260.3359,3607.2021
79,129,38,-2420.8281,-1091.9041,3674.5142
81,129,38,-2424.4341,-1206.1281,4044.73
83,129,38,-2391.98,-1339.712,4454.6123
85,129,38,-2307.8401,-1492.656,4893.3423
87,129,38,-2161.196,-1670.7679,5359.7183
89,129,38,-1935.2201,-1870.176,5834.5083
91,129,38,-1622.7001,-2096.688,6297.2783
93,129,38,-1204.4041,-2352.24,6737.21
95,129,38,-680.332,-2636.832,7118.2441
97,129,38,-56.494,-2946.592,7404.3203
99,129,38,650.282,-3277.6479,7571.3979
101,129,38,1405.1381,-3614.512,7585.8223
103,129,38,2185.2361,-3957.1841,7440.3804
105,129,38,2936.4861,-4276.624,7130.2642
107,129,38,3627.636,-4563.1519,6669.8979
109,129,38,4217.8179,-4799.3437,6082.1201
111,129,38,4678.1841,-4969.7119,5398.1821
113,129,38,4995.5122,-5066.5122,4650.5381
115,129,38,5157.7822,-5076.1919,3884.864
117,129,38,5169.8022,-4998.752,3146.8359
119,129,38,5058.0161,-4828.3838,2472.5142
121,129,38,4852.4741,-4580.5762,1895.5541
123,129,38,4588.0342,-4255.3281,1417.1581
125,129,38,4304.3623,-3873.936,1037.326
127,129,38,4026.7002,-3446.0801,742.836
129,129,38,3777.886,-2991.1199,518.062
131,129,38,3562.728,-2516.8,346.176
133,129,38,3386.0342,-2030.864,205.542
135,129,38,3246.6021,-1541.056,90.15
137,129,38,3149.24,-1051.248,-6.01
139,129,38,3091.5439,-563.376,-97.362
141,129,38,3067.5042,-77.44,-185.108
143,129,38,3080.7261,408.496,-275.258
145,129,38,3130.0081,898.304,-375.024
147,129,38,3214.1479,1386.176,-486.81
149,129,38,3330.7419,1868.24,-617.828
151,129,38,3479.79,2342.5601,-774.088
153,129,38,3657.686,2813.0081,-968.812
155,129,38,3862.0261,3269.9041,-1215.222
157,129,38,4081.9922,3697.76,-1516.9241
159,129,38,4299.5542,4088.832,-1895.5541
161,129,38,4491.874,4425.6958,-2354.718
163,129,38,4633.71,4698.6719,-2902.8301
165,129,38,4687.8003,4892.272,-3527.8701
167,129,38,4627.7002,5002.624,-4199.7881
169,129,38,4435.3799,5018.1118,-4893.3423
171,129,38,4109.6382,4948.416,-5559.25
173,129,38,3651.676,4801.2798,-6168.6641
175,129,38,3078.322,4582.5122,-6690.332
177,129,38,2422.03,4309.5361,-7090.5981
179,129,38,1714.052,4001.7119,-7350.23
181,129,38,988.044,3668.72,-7459.6123
183,129,38,275.258,3329.9199,-7418.7441
185,129,38,-385.842,2998.864,-7243.252
187,129,38,-964.004,2687.168,-6955.9741
189,129,38,-1448.41,2394.832,-6582.1523
191,129,38,-1825.838,2133.4719,-6157.8462
193,129,38,-2114.3181,1899.2159,-5702.2881
195,129,38,-2316.2542,1692.064,-5241.9219
197,129,38,-2443.666,1508.144,-4788.7681
199,129,38,-2512.1799,1347.4559,-4359.6543
201,129,38,-2533.8162,1208.064,-3961.792
203,129,38,-2518.1899,1086.0959,-3589.1721
205,129,38,-2474.918,975.744,-3247.804
205,127,38,-2565.0681,807.312,-3303.0959
203,127,38,-2622.7642,900.24,-3644.4641
201,127,38,-2655.218,1010.592,-4026.7002
199,127,38,-2652.814,1138.368,-4441.3901
197,127,38,-2607.1379,1285.504,-4888.5342
195,127,38,-2504.968,1457.808,-5366.9302
193,127,38,-2330.678,1655.28,-5864.5581
191,127,38,-2074.6521,1885.6639,-6362.186
189,127,38,-1723.6681,2143.1521,-6841.7842
187,127,38,-1271.7161,2433.552,-7286.5239
185,127,38,-717.594,2751.0559,-7651.9321
183,127,38,-75.726,3089.856,-7917.5742
181,127,38,633.454,3440.272,-8052.1982
179,127,38,1371.4821,3781.0081,-8041.3804
177,127,38,2109.51,4102.3838,-7879.1104
175,127,38,2812.6799,4386.9761,-7571.3979
173,127,38,3448.5381,4613.4878,-7121.8501
171,127,38,3983.428,4768.3682,-6564.1221
169,127,38,4395.7139,4841.936,-5924.6582
167,127,38,4676.9819,4828.3838,-5233.5083
165,127,38,4828.4341,4721.9038,-4532.7422
163,127,38,4858.4839,4534.1118,-3863.228
161,127,38,4791.1719,4268.8799,-3242.9961
159,127,38,4658.9521,3939.76,-2696.0859
157,127,38,4483.46,3560.304,-2222.498
155,127,38,4297.1499,3142.1279,-1822.2321
153,127,38,4113.2441,2702.656,-1483.2681
151,127,38,3944.9641,2249.6321,-1193.5861
149,127,38,3801.926,1794.672,-949.58
147,127,38,3686.5342,1331.968,-735.624
145,127,38,3602.394,867.328,-543.304
143,127,38,3553.1121,404.624,-367.812
141,127,38,3538.688,-60.016,-200.734
139,127,38,3562.728,-524.656,-37.262
137,127,38,3622.8281,-989.296,132.22
135,127,38,3721.3921,-1457.808,314.924
133,127,38,3856.0161,-1924.384,515.658
131,127,38,4027.9021,-2390.96,747.644
129,127,38,4229.8379,-2845.9199,1018.094
127,127,38,4458.2183,-3287.3279,1347.442
125,127,38,4701.022,-3703.5679,1744.1021
123,127,38,4935.4121,-4077.2161,2223.7
121,127,38,5134.9443,-4396.6558,2787.438
119,127,38,5264.7603,-4644.4639,3438.9221
117,127,38,5294.8101,-4810.96,4160.1221
115,127,38,5190.2363,-4890.3359,4919.7861
113,127,38,4940.2202,-4880.6558,5679.4502
111,127,38,4539.9541,-4779.9839,6397.0439
109,127,38,4009.8721,-4605.7441,7031.7002
107,127,38,3360.792,-4359.8721,7548.5601
105,127,38,2626.3701,-4063.6641,7925.9883
103,127,38,1846.272,-3730.6719,8139.9443
101,127,38,1061.366,-3382.1919,8186.8223
99,127,38,307.712,-3031.7759,8077.4399
97,127,38,-378.63,-2694.9119,7828.626
95,127,38,-978.428,-2379.344,7465.6221
93,127,38,-1473.652,-2094.752,7019.6802
91,127,38,-1859.494,-1841.136,6529.2642
89,127,38,-2144.3679,-1622.368,6020.8179
87,127,38,-2342.698,-1430.704,5513.5742
85,127,38,-2466.5042,-1266.144,5021.9561
83,127,38,-2529.0081,-1126.752,4557.9839
81,127,38,-2544.634,-1004.784,4126.4663
79,127,38,-2525.4021,-902.176,3733.4121
79,125,38,-2611.946,-698.896,3769.4722
81,125,38,-2646.804,-784.08,4161.3242
83,125,38,-2651.6121,-884.752,4601.2559
85,125,38,-2613.1479,-1006.72,5082.0562
87,125,38,-2518.1899,-1151.92,5598.916
89,125,38,-2353.5161,-1322.288,6141.0181
91,125,38,-2105.9041,-1523.632,6691.5342
93,125,38,-1758.526,-1759.824,7243.252
95,125,38,-1302.968,-2026.9919,7758.9102
97,125,38,-736.826,-2329.0081,8210.8623
99,125,38,-72.12,-2656.1919,8565.4521
101,125,38,668.312,-2996.928,8785.418
103,125,38,1461.6321,-3339.6001,8851.5283
105,125,38,2266.9719,-3670.656,8746.9541
107,125,38,3047.0701,-3966.864,8471.6963
109,125,38,3758.6541,-4212.7358,8038.9761
111,125,38,4371.6743,-4396.6558,7466.8242
113,125,38,4860.8882,-4503.1357,6784.0879
115,125,38,5208.2661,-4524.4321,6026.8281
117,125,38,5407.7983,-4460.5439,5241.9219
119,125,38,5470.3022,-4311.4722,4467.834
121,125,38,5422.2222,-4084.96,3744.23
123,125,38,5286.396,-3788.752,3085.5339
125,125,38,5100.0859,-3442.208,2504.968
127,125,38,4890.938,-3055.0081,1998.926
129,125,38,4682.9922,-2646.512,1569.812
131,125,38,4490.6719,-2224.4639,1199.5961
133,125,38,4322.3921,-1790.8,876.258
135,125,38,4186.5659,-1357.136,586.576
137,125,38,4086.8,-923.472,324.54
139,125,38,4023.094,-491.744,78.13
141,125,38,3996.6501,-63.888,-157.462
143,125,38,4008.6702,367.84,-399.064
145,125,38,4057.9521,797.632,-651.484
147,125,38,4139.688,1227.424,-919.53
149,125,38,4252.6763,1657.2159,-1215.222
151,125,38,4390.9062,2081.2,-1546.974
153,125,38,4548.3682,2499.376,-1923.2001
155,125,38,4714.2441,2907.8721,-2359.5261
157,125,38,4874.1099,3297.0081,-2859.5581
159,125,38,5007.5322,3653.2319,-3429.3062
161,125,38,5086.8643,3959.1199,-4060.356
163,125,38,5089.2681,4210.7998,-4755.1123
165,125,38,4982.29,4386.9761,-5485.9282
167,125,38,4751.5059,4479.9038,-6215.542
169,125,38,4383.6938,4491.52,-6915.106
171,125,38,3892.0762,4412.144,-7543.752
173,125,38,3285.0662,4255.3281,-8064.2183
175,125,38,2590.3101,4030.752,-8451.2617
177,125,38,1839.0601,3750.032,-8684.4502
179,125,38,1068.578,3430.592,-8758.9746
181,125,38,317.328,3091.792,-8674.834
183,125,38,-389.448,2749.1199,-8445.252
185,125,38,-1020.498,2416.1279,-8096.6724
187,125,38,-1551.782,2106.3679,-7650.73
189,125,38,-1977.29,1827.584,-7142.2842
191,125,38,-2297.022,1583.6479,-6608.5962
193,125,38,-2525.4021,1370.688,-6066.4941
195,125,38,-2673.248,1188.704,-5535.21
197,125,38,-2752.5801,1033.824,-5024.3599
199,125,38,-2777.822,902.176,-4550.772
201,125,38,-2762.196,791.824,-4115.6479
203,125,38,-2714.116,698.896,-3712.978
205,125,38,-2645.6021,621.456,-3352.3782
205,123,38,-2705.7021,427.856,-3380.0242
203,123,38,-2786.2361,485.936,-3739.4221
201,123,38,-2849.9421,557.568,-4145.6982
199,123,38,-2883.5981,644.688,-4589.2358
197,123,38,-2878.79,751.168,-5078.4502
195,123,38,-2823.498,878.944,-5607.3301
193,123,38,-2705.7021,1035.76,-6172.27
191,123,38,-2509.7761,1219.6801,-6756.4419
189,123,38,-2223.7,1436.512,-7346.624
187,123,38,-1830.646,1686.256,-7923.584
185,123,38,-1328.2101,1968.912,-8450.0605
183,123,38,-717.594,2274.8,-8902.0117
181,123,38,-19.232,2598.1121,-9231.3604
179,123,38,742.836,2913.6799,-9418.8721
177,123,38,1539.7621,3219.5679,-9440.5078
175,123,38,2334.2839,3488.6719,-9297.4697
173,123,38,3087.938,3711.312,-8983.748
171,123,38,3763.4622,3864.2559,-8512.5645
169,123,38,4334.4121,3951.376,-7913.9683
167,123,38,4783.96,3957.1841,-7207.1919
165,123,38,5098.8843,3885.552,-6445.124
163,123,38,5279.1841,3738.416,-5661.4199
161,123,38,5345.2939,3527.3921,-4894.5439
159,123,38,5317.6479,3260.2239,-4172.1421
157,123,38,5223.8921,2950.4639,-3513.446
155,123,38,5090.4702,2609.728,-2918.4561
153,123,38,4939.0181,2247.696,-2390.7781
151,123,38,4789.9702,1872.1119,-1928.0081
149,123,38,4655.3462,1494.592,-1516.9241
147,123,38,4544.7622,1111.264,-1146.708
145,123,38,4460.6221,726.0,-806.542
143,123,38,4411.3398,340.736,-485.608
141,123,38,4400.522,-46.464,-176.694
139,123,38,4424.562,-431.728,128.614
137,123,38,4488.2681,-818.928,445.942
135,123,38,4589.2358,-1204.192,780.098
133,123,38,4722.6582,-1589.4559,1146.708
131,123,38,4886.1299,-1972.7839,1555.3881
129,123,38,5068.834,-2346.4319,2014.552
127,123,38,5258.75,-2706.5281,2542.23
125,123,38,5437.8481,-3043.3921,3142.0281
123,123,38,5582.0879,-3349.28,3822.3601
121,123,38,5660.2183,-3602.896,4568.8022
119,123,38,5639.7842,-3794.5601,5362.1221
117,123,38,5497.9482,-3914.592,6187.896
115,123,38,5214.2759,-3959.1199,7000.4482
113,123,38,4786.3643,-3922.3359,7756.5063
111,123,38,4221.4243,-3806.176,8412.7979
109,123,38,3544.698,-3624.1919,8935.668
107,123,38,2777.822,-3388.0,9301.0762
105,123,38,1962.8661,-3105.344,9486.1846
103,123,38,1134.688,-2793.6479,9495.7998
101,123,38,337.762,-2478.0801,9329.9238
99,123,38,-394.256,-2162.512,9016.2021
97,123,38,-1037.326,-1866.304,8573.8662
95,123,38,-1571.014,-1597.2,8044.9863
93,123,38,-1991.714,-1359.072,7466.8242
91,123,38,-2306.6379,-1155.792,6867.0264
89,123,38,-2524.2,-983.488,6275.6421
87,123,38,-2661.228,-840.224,5702.2881
85,123,38,-2733.3481,-722.128,5162.5903
83,123,38,-2752.5801,-625.328,4664.9619
81,123,38,-2730.9441,-547.888,4207.0
79,123,38,-2680.46,-484.0,3795.916
79,123,40,-2324.668,-468.512,3627.636
81,123,40,-2339.092,-524.656,3979.822
83,123,40,-2325.8701,-594.352,4372.876
85,123,40,-2274.1841,-679.536,4798.3843
87,123,40,-2175.6201,-778.272,5250.3359
89,123,40,-2018.1581,-898.304,5722.7222
91,123,40,-1795.7881,-1037.696,6201.1182
93,123,40,-1495.2881,-1202.256,6675.9082
95,123,40,-1110.6481,-1390.048,7124.2539
97,123,40,-643.07,-1597.2,7525.7222
99,123,40,-96.16,-1823.712,7846.6562
101,123,40,513.254,-2063.7759,8072.6323
103,123,40,1167.142,-2301.9041,8174.8022
105,123,40,1839.0601,-2532.2881,8143.5503
107,123,40,2502.564,-2745.248,7974.0684
109,123,40,3125.2,-2925.2959,7667.5581
111,123,40,3676.918,-3062.752,7239.646
113,123,40,4145.6982,-3153.7439,6705.958
115,123,40,4511.106,-3188.592,6097.7461
117,123,40,4767.1323,-3165.3599,5441.4541
119,123,40,4912.5742,-3080.176,4770.7383
121,123,40,4966.6641,-2942.72,4115.6479
123,123,40,4942.624,-2754.928,3490.6082
125,123,40,4862.0903,-2522.6079,2907.6379
127,123,40,4747.8999,-2261.248,2383.5662
129,123,40,4615.6802,-1972.7839,1912.3821
131,123,40,4484.6621,-1668.832,1492.884
133,123,40,4363.2603,-1353.264,1114.254
135,123,40,4259.8882,-1031.8879,770.482
137,123,40,4182.96,-706.64,451.952
139,123,40,4131.2739,-377.52,150.25
141,123,40,4109.6382,-48.4,-144.24
143,123,40,4114.4463,280.72,-439.932
145,123,40,4149.3042,609.84,-746.442
147,123,40,4208.2021,935.088,-1066.1741
149,123,40,4288.7358,1256.464,-1413.552
151,123,40,4383.6938,1568.16,-1788.576
153,123,40,4484.6621,1874.048,-2206.8721
155,123,40,4582.0239,2164.448,-2673.248
157,123,40,4663.7603,2435.488,-3191.3101
159,123,40,4707.0322,2675.552,-3756.25
161,123,40,4697.416,2876.896,-4356.0479
163,123,40,4612.0742,3031.7759,-4991.9062
165,123,40,4438.9858,3140.1919,-5632.5723
167,123,40,4164.9302,3186.656,-6252.8042
169,123,40,3787.502,3176.9761,-6832.168
171,123,40,3318.7222,3107.28,-7328.5942
173,123,40,2765.802,2987.248,-7726.4561
175,123,40,2150.3779,2820.752,-8005.3203
177,123,40,1502.5,2617.4719,-8153.166
179,123,40,851.016,2390.96,-8162.7822
181,123,40,221.168,2152.832,-8047.3901
183,123,40,-369.014,1910.832,-7815.4043
185,123,40,-893.086,1678.512,-7489.6621
187,123,40,-1339.0281,1459.744,-7090.5981
189,123,40,-1702.032,1264.208,-6645.8579
191,123,40,-1980.896,1089.968,-6177.0781
193,123,40,-2186.438,938.96,-5701.0859
195,123,40,-2329.4761,809.248,-5228.7002
197,123,40,-2413.616,698.896,-4780.354
199,123,40,-2453.282,605.968,-4352.4419
201,123,40,-2455.686,530.464,-3959.3882
203,123,40,-2429.2419,464.64,-3591.5762
205,123,40,-2381.1621,410.432,-3259.824
205,125,40,-2327.072,592.416,-3229.7742
203,125,40,-2364.334,660.176,-3544.698
201,125,40,-2379.96,741.488,-3893.2781
199,125,40,-2365.5361,838.288,-4270.7061
197,125,40,-2311.446,950.576,-4675.7803
195,125,40,-2209.2761,1080.288,-5104.894
193,125,40,-2050.6121,1233.2319,-5546.0283
191,125,40,-1823.4341,1407.472,-5991.9702
189,125,40,-1522.9341,1604.944,-6421.084
187,125,40,-1141.9,1825.6479,-6821.3501
185,125,40,-681.534,2065.7119,-7165.1221
183,125,40,-150.25,2319.3279,-7431.9663
181,125,40,437.528,2580.688,-7600.2461
179,125,40,1057.76,2834.304,-7651.9321
177,125,40,1690.0121,3076.304,-7579.812
175,125,40,2304.2341,3289.2639,-7380.2803
173,125,40,2875.1841,3459.6321,-7070.1641
171,125,40,3377.6201,3579.6641,-6644.6562
169,125,40,3795.916,3639.6799,-6135.0083
167,125,40,4114.4463,3635.8079,-5566.4619
165,125,40,4333.21,3568.0481,-4967.8662
163,125,40,4454.6123,3438.3359,-4364.4619
161,125,40,4491.874,3250.5439,-3779.0881
159,125,40,4463.0259,3016.2881,-3233.3801
157,125,40,4387.3003,2741.376,-2733.3481
155,125,40,4282.7261,2435.488,-2282.5981
153,125,40,4167.334,2106.3679,-1884.7361
151,125,40,4051.9421,1761.76,-1531.348
149,125,40,3949.772,1411.344,-1216.4241
147,125,40,3864.4302,1051.248,-931.55
145,125,40,3800.7241,687.28,-671.918
143,125,40,3764.6641,319.44,-424.306
141,125,40,3757.4521,-48.4,-186.31
139,125,40,3779.0881,-412.368,49.282
137,125,40,3829.572,-778.272,293.288
135,125,40,3910.106,-1144.176,549.314
133,125,40,4018.2861,-1506.208,828.178
131,125,40,4146.8999,-1862.432,1139.496
129,125,40,4292.3423,-2205.104,1488.076
127,125,40,4444.9961,-2534.2239,1888.342
125,125,40,4590.438,-2834.304,2341.4961
123,125,40,4710.6382,-3103.408,2854.75
121,125,40,4785.1621,-3327.9839,3424.498
119,125,40,4789.9702,-3498.3521,4032.71
117,125,40,4707.0322,-3608.7041,4674.5781
115,125,40,4519.52,-3653.2319,5316.4463
113,125,40,4220.2222,-3637.7439,5934.2739
111,125,40,3815.1479,-3556.4319,6496.8101
109,125,40,3313.9141,-3420.9119,6971.6001
107,125,40,2735.752,-3235.0559,7334.604
105,125,40,2103.5,-3016.2881,7577.4082
103,125,40,1447.208,-2770.416,7685.5884
101,125,40,794.522,-2510.9919,7661.5483
99,125,40,179.098,-2253.5039,7516.106
97,125,40,-387.044,-2003.76,7263.686
95,125,40,-878.662,-1769.504,6927.126
93,125,40,-1289.746,-1556.5439,6531.668
91,125,40,-1619.094,-1366.816,6098.9482
89,125,40,-1867.9081,-1202.256,5651.8042
87,125,40,-2048.208,-1057.056,5203.458
85,125,40,-2168.408,-935.088,4767.1323
83,125,40,-2236.9221,-830.544,4351.2402
81,125,40,-2265.77,-739.552,3960.5901
79,125,40,-2262.1641,-664.048,3604.7981
79,127,40,-2184.0339,-847.968,3563.9302
81,127,40,-2174.418,-938.96,3899.2881
83,127,40,-2132.3481,-1043.504,4269.5039
85,127,40,-2045.8041,-1165.472,4666.1641
87,127,40,-1907.574,-1304.864,5079.6519
89,127,40,-1705.6381,-1467.488,5500.3521
91,127,40,-1433.9861,-1647.536,5912.6382
93,127,40,-1081.8,-1854.688,6300.8843
95,127,40,-647.878,-2081.2,6648.2622
97,127,40,-137.028,-2327.072,6928.3281
99,127,40,438.73,-2590.3679,7113.436
101,127,40,1057.76,-2855.6001,7185.5562
103,127,40,1702.032,-3118.896,7137.4761
105,127,40,2339.092,-3370.5759,6957.1763
107,127,40,2940.092,-3593.2161,6650.666
109,127,40,3477.386,-3777.136,6229.9663
111,127,40,3924.53,-3910.72,5721.52
113,127,40,4271.9082,-3986.2239,5139.752
115,127,40,4503.894,-3995.9041,4520.7222
117,127,40,4624.0942,-3939.76,3890.874
119,127,40,4643.3262,-3813.9199,3286.2681
121,127,40,4580.8223,-3624.1919,2726.136
123,127,40,4454.6123,-3380.2561,2222.498
125,127,40,4293.5439,-3085.9839,1782.566
127,127,40,4118.0522,-2758.8,1406.34
129,127,40,3943.762,-2402.5759,1085.406
131,127,40,3785.0981,-2030.864,813.754
133,127,40,3646.8682,-1643.6639,578.162
135,127,40,3533.8801,-1250.656,367.812
137,127,40,3450.9421,-855.712,179.098
139,127,40,3396.8521,-458.832,2.404
141,127,40,3376.418,-61.952,-168.28
143,127,40,3383.6301,332.992,-338.964
145,127,40,3419.6899,729.872,-522.87
147,127,40,3485.8,1124.816,-719.998
149,127,40,3575.95,1515.8879,-936.358
151,127,40,3686.5342,1895.344,-1177.96
153,127,40,3813.946,2267.0559,-1458.026
155,127,40,3948.5701,2623.28,-1782.566
157,127,40,4080.79,2956.272,-2157.5901
159,127,40,4192.5762,3256.3521,-2584.3
161,127,40,4270.7061,3515.7759,-3063.8979
163,127,40,4289.938,3722.928,-3595.1821
165,127,40,4232.2422,3872.0,-4161.3242
167,127,40,4083.1941,3953.312,-4745.4961
169,127,40,3830.7742,3964.928,-5316.4463
171,127,40,3480.9919,3912.656,-5844.124
173,127,40,3032.646,3798.4319,-6308.0962
175,127,40,2507.3721,3630.0,-6680.7163
177,127,40,1929.2101,3417.04,-6945.1562
179,127,40,1319.796,3175.04,-7093.002
181,127,40,711.584,2913.6799,-7117.042
183,127,40,122.604,2648.448,-7026.8921
185,127,40,-421.902,2385.1521,-6833.3701
187,127,40,-900.298,2135.408,-6554.5063
189,127,40,-1302.968,1901.152,-6213.1382
191,127,40,-1626.306,1690.1281,-5829.7002
193,127,40,-1877.524,1502.3359,-5424.626
195,127,40,-2061.4299,1331.968,-5008.7339
197,127,40,-2182.832,1184.832,-4602.458
199,127,40,-2253.75,1057.056,-4213.0103
201,127,40,-2285.002,944.768,-3846.4001
203,127,40,-2283.8,847.968,-3502.6282
205,127,40,-2256.1541,760.848,-3185.3
205,129,40,-2173.2161,921.536,-3126.4021
203,129,40,-2188.842,1016.4,-3422.094
201,129,40,-2178.0239,1124.816,-3744.23
199,129,40,-2134.752,1246.7839,-4091.6082
197,129,40,-2047.006,1386.176,-4457.0161
195,129,40,-1908.776,1542.9919,-4839.252
193,129,40,-1709.244,1721.104,-5223.8921
191,129,40,-1438.7941,1916.64,-5596.5122
189,129,40,-1098.6281,2133.4719,-5937.8799
187,129,40,-679.13,2367.728,-6232.3701
185,129,40,-189.916,2619.408,-6459.5483
183,129,40,359.398,2880.7681,-6592.9702
181,129,40,943.57,3144.064,-6619.4141
179,129,40,1539.7621,3399.616,-6531.668
177,129,40,2122.7319,3635.8079,-6324.9243
175,129,40,2668.4399,3842.96,-6008.7983
173,129,40,3146.8359,4007.52,-5590.502
171,129,40,3538.688,4117.8721,-5096.48
169,129,40,3829.572,4166.272,-4557.9839
167,129,40,4019.488,4148.8481,-3989.438
165,129,40,4106.0322,4061.728,-3426.9021
163,129,40,4102.4263,3908.7839,-2895.6182
161,129,40,4027.9021,3693.8879,-2412.4141
159,129,40,3905.2981,3424.7839,-1991.714
157,129,40,3753.8459,3113.0879,-1635.922
155,129,40,3592.7781,2764.6079,-1334.22
153,129,40,3436.5181,2389.0239,-1083.0021
151,129,40,3294.6821,1999.8879,-876.258
149,129,40,3175.6841,1603.0079,-706.776
147,129,40,3078.322,1194.512,-558.93
145,129,40,3008.606,778.272,-431.518
143,129,40,2968.9399,362.032,-317.328
141,129,40,2958.1221,-56.144,-207.946
139,129,40,2978.5562,-472.384,-104.574
137,129,40,3032.646,-890.56,4.808
135,129,40,3115.584,-1306.8,125.008
133,129,40,3232.178,-1721.104,259.632
131,129,40,3378.822,-2125.728,420.7
129,129,40,3553.1121,-2512.928,611.818
127,129,40,3749.0381,-2884.6399,852.218
125,129,40,3958.186,-3229.248,1149.1121
123,129,40,4163.728,-3533.2,1514.52
121,129,40,4344.0283,-3790.688,1954.452
119,129,40,4471.4399,-3988.1599,2461.696
117,129,40,4524.3281,-4121.7441,3038.656
115,129,40,4477.4502,-4189.5039,3649.272
113,129,40,4318.7861,-4187.5679,4280.3223
111,129,40,4042.3262,-4121.7441,4889.7363
109,129,40,3655.282,-3995.9041,5443.8579
107,129,40,3168.4722,-3821.6641,5925.8604
105,129,40,2605.936,-3604.832,6303.2881
103,129,40,1990.5121,-3362.832,6560.5161
101,129,40,1355.8561,-3101.4719,6690.332
99,129,40,736.826,-2840.1121,6695.1401
97,129,40,146.644,-2580.688,6583.354
95,129,40,-384.64,-2332.8799,6373.0039
93,129,40,-841.4,-2102.4961,6083.3223
91,129,40,-1218.828,-1891.472,5739.5503
89,129,40,-1514.52,-1703.6799,5366.9302
87,129,40,-1740.496,-1531.376,4973.876
85,129,40,-1901.5641,-1378.432,4583.2261
83,129,40,-2007.3401,-1246.7839,4205.7979
81,129,40,-2066.238,-1128.688,3843.9961
79,129,40,-2089.0759,-1024.144,3507.436
79,131,40,-1989.3101,-1179.024,3437.72
81,131,40,-1952.0481,-1291.312,3750.24
83,131,40,-1878.7261,-1417.152,4090.406
85,131,40,-1758.526,-1560.416,4448.6021
87,131,40,-1579.428,-1717.2319,4816.4141
89,131,40,-1335.422,-1893.408,5179.418
91,131,40,-1019.296,-2083.136,5519.584
93,131,40,-623.838,-2292.2239,5822.4883
95,131,40,-151.452,-2518.7361,6066.4941
97,131,40,391.852,-2756.864,6225.1582
99,131,40,988.044,-3004.6719,6278.0459
101,131,40,1608.276,-3256.3521,6210.7339
103,131,40,2232.114,-3502.2239,6017.2119
105,131,40,2825.9021,-3732.6079,5695.0762
107,131,40,3357.186,-3933.9519,5261.1543
109,131,40,3800.7241,-4100.4478,4729.8701
111,131,40,4134.8799,-4216.6079,4140.8901
113,131,40,4352.4419,-4278.5601,3507.436
115,131,40,4446.1982,-4276.624,2872.78
117,131,40,4424.562,-4208.8638,2269.376
119,131,40,4307.9683,-4075.28,1724.87
121,131,40,4119.2539,-3877.8079,1262.1
123,131,40,3886.0662,-3618.384,881.066
125,131,40,3637.252,-3310.5601,580.566
127,131,40,3394.448,-2965.9519,359.398
129,131,40,3173.28,-2590.3679,197.128
131,131,40,2983.364,-2193.488,80.534
133,131,40,2824.7,-1779.184,-4.808
135,131,40,2700.894,-1357.136,-67.312
137,131,40,2613.1479,-929.28,-114.19
139,131,40,2560.26,-501.424,-155.058
141,131,40,2538.624,-71.632,-192.32
143,131,40,2549.4421,358.16,-231.986
145,131,40,2590.3101,789.888,-280.066
147,131,40,2663.6321,1215.808,-341.368
149,131,40,2767.0042,1635.92,-415.892
151,131,40,2895.6182,2044.416,-516.86
153,131,40,3051.8782,2443.2319,-649.08
155,131,40,3230.9761,2822.688,-824.572
157,131,40,3423.2961,3176.9761,-1054.1541
159,131,40,3614.4141,3494.48,-1346.24
161,131,40,3789.906,3765.52,-1706.8401
163,131,40,3923.3281,3984.2881,-2141.9641
165,131,40,3991.842,4141.104,-2641.9961
167,131,40,3975.0142,4232.0962,-3191.3101
169,131,40,3853.6121,4255.3281,-3761.0581
171,131,40,3628.8381,4214.6719,-4321.1899
173,131,40,3293.48,4114.0,-4853.6763
175,131,40,2864.366,3961.0559,-5321.2539
177,131,40,2355.9199,3767.4561,-5702.2881
179,131,40,1794.5861,3544.8159,-5975.1421
181,131,40,1214.02,3304.752,-6133.8062
183,131,40,629.848,3051.136,-6175.876
185,131,40,72.12,2799.4561,-6104.958
187,131,40,-432.72,2555.52,-5937.8799
189,131,40,-867.844,2325.136,-5692.6719
191,131,40,-1229.646,2110.24,-5394.5762
193,131,40,-1519.328,1912.7679,-5060.4199
195,131,40,-1738.092,1732.72,-4704.6279
197,131,40,-1895.5541,1568.16,-4346.4321
199,131,40,-2000.1281,1422.96,-3999.054
201,131,40,-2059.0261,1291.312,-3668.5042
203,131,40,-2083.0659,1173.2159,-3349.9741
205,131,40,-2079.46,1066.736,-3055.4841
205,133,40,-1976.088,1200.3199,-2973.748
203,133,40,-1970.078,1312.608,-3245.4001
201,133,40,-1935.2201,1434.576,-3539.8901
199,133,40,-1864.302,1572.032,-3853.6121
197,133,40,-1747.708,1721.104,-4180.5562
195,133,40,-1577.024,1887.6,-4513.5103
193,133,40,-1345.038,2065.7119,-4842.8579
191,133,40,-1042.134,2261.248,-5148.166
189,133,40,-669.514,2470.3359,-5415.0103
187,133,40,-221.168,2691.04,-5622.9561
185,133,40,288.48,2923.3599,-5746.7622
183,133,40,846.208,3161.488,-5772.0039
181,133,40,1423.168,3393.8079,-5683.0562
179,133,40,1994.118,3616.448,-5472.7061
177,133,40,2533.8162,3825.5359,-5149.3682
175,133,40,3007.4041,4003.6479,-4723.8599
173,133,40,3394.448,4141.104,-4216.6162
171,133,40,3680.5242,4232.0962,-3654.0801
169,133,40,3852.4102,4266.9438,-3074.7161
167,133,40,3912.51,4241.7759,-2496.554
165,133,40,3868.0361,4148.8481,-1956.8561
163,133,40,3738.22,3995.9041,-1482.066
161,133,40,3548.304,3781.0081,-1087.8101
159,133,40,3327.136,3513.8401,-778.896
157,133,40,3093.948,3200.208,-549.314
155,133,40,2867.9722,2847.856,-385.842
153,133,40,2663.6321,2468.3999,-277.662
151,133,40,2489.342,2069.584,-216.36
149,133,40,2346.304,1659.152,-185.108
147,133,40,2234.5181,1235.168,-176.694
145,133,40,2157.5901,805.376,-183.906
143,133,40,2110.7122,371.712,-203.138
141,133,40,2098.6921,-63.888,-228.38
139,133,40,2119.126,-497.552,-254.824
137,133,40,2172.0142,-929.28,-281.268
135,133,40,2263.366,-1359.072,-302.904
133,133,40,2389.5759,-1783.056,-312.52
131,133,40,2559.0581,-2197.3601,-300.5
129,133,40,2764.6001,-2592.304,-258.43
127,133,40,3011.01,-2965.9519,-171.886
125,133,40,3287.47,-3308.624,-21.636
123,133,40,3581.96,-3610.6399,206.744
121,133,40,3870.4402,-3864.2559,534.89
119,133,40,4124.062,-4059.792,956.792
117,133,40,4312.7759,-4195.312,1477.2581
115,133,40,4405.3301,-4265.0078,2075.854
113,133,40,4381.29,-4272.752,2722.53
111,133,40,4227.4341,-4220.48,3381.2261
109,133,40,3949.772,-4117.8721,4017.084
107,133,40,3553.1121,-3970.7361,4598.8521
105,133,40,3057.8879,-3784.8799,5094.0762
103,133,40,2490.5439,-3577.728,5479.918
101,133,40,1877.524,-3353.1521,5745.5601
99,133,40,1258.494,-3122.7681,5875.376
97,133,40,656.292,-2892.384,5883.79
95,133,40,100.968,-2667.8081,5779.2163
93,133,40,-388.246,-2452.9119,5583.29
91,133,40,-802.936,-2249.6321,5321.2539
89,133,40,-1139.496,-2061.8401,5015.9463
87,133,40,-1401.532,-1887.6,4681.79
85,133,40,-1597.458,-1726.912,4339.2202
83,133,40,-1736.89,-1579.776,3996.6501
81,133,40,-1825.838,-1448.1281,3669.7061
79,133,40,-1875.12,-1326.16,3359.5901
79,135,40,-1758.526,-1453.936,3268.238
81,135,40,-1698.426,-1579.776,3555.5161
83,135,40,-1596.256,-1717.2319,3863.228
85,135,40,-1446.006,-1864.368,4181.7583
87,135,40,-1236.858,-2026.9919,4505.0962
89,135,40,-960.398,-2199.2959,4815.2119
91,135,40,-614.222,-2379.344,5091.6719
93,135,40,-187.512,-2571.0081,5323.6582
95,135,40,312.52,-2772.3521,5487.1299
97,135,40,875.056,-2979.5039,5554.4419
99,135,40,1478.4601,-3190.5281,5505.1602
101,135,40,2095.0859,-3397.6799,5327.2642
103,135,40,2696.0859,-3597.0879,5018.3501
105,135,40,3247.804,-3782.9441,4580.8223
107,135,40,3715.3821,-3945.5679,4039.9221
109,135,40,4075.9822,-4077.2161,3416.084
111,135,40,4310.3721,-4168.208,2751.3779
113,135,40,4410.1382,-4210.7998,2065.0361
115,135,40,4376.4819,-4199.1841,1408.744
117,135,40,4221.4243,-4129.4878,811.35
119,135,40,3972.6101,-3999.7759,308.914
121,135,40,3658.8882,-3811.9839,-82.938
123,135,40,3318.7222,-3568.0481,-363.004
125,135,40,2978.5562,-3275.7119,-538.496
127,135,40,2664.834,-2940.7839,-629.848
129,135,40,2389.5759,-2574.8799,-653.888
131,135,40,2163.6001,-2189.616,-628.646
133,135,40,1978.4921,-1781.12,-570.95
135,135,40,1840.2621,-1362.944,-495.224
137,135,40,1744.1021,-935.088,-407.478
139,135,40,1685.204,-505.296,-316.126
141,135,40,1664.77,-73.568,-223.572
143,135,40,1679.194,362.032,-134.624
145,135,40,1728.4761,795.696,-51.686
147,135,40,1812.6161,1223.552,21.636
149,135,40,1932.816,1643.6639,78.13
151,135,40,2087.874,2050.2239,112.988
153,135,40,2281.396,2445.168,117.796
155,135,40,2510.978,2820.752,76.928
157,135,40,2770.6101,3167.2959,-21.636
159,135,40,3048.272,3475.1199,-194.724
161,135,40,3322.3281,3738.416,-455.558
163,135,40,3571.1421,3949.4399,-814.956
165,135,40,3762.26,4102.3838,-1265.7061
167,135,40,3871.6421,4195.312,-1800.5961
169,135,40,3875.248,4228.2241,-2384.7681
171,135,40,3762.26,4204.9922,-2988.1721
173,135,40,3527.8701,4131.4238,-3585.5662
175,135,40,3181.6941,4009.4561,-4136.082
177,135,40,2741.762,3850.7039,-4616.8823
179,135,40,2224.9021,3664.8479,-4997.916
181,135,40,1665.972,3461.5679,-5259.9521
183,135,40,1087.8101,3246.6719,-5407.7983
185,135,40,526.476,3029.8401,-5433.04
187,135,40,3.606,2813.0081,-5350.1021
189,135,40,-455.558,2601.9839,-5185.4282
191,135,40,-843.804,2402.5759,-4953.4419
193,135,40,-1161.1321,2212.8479,-4678.1841
195,135,40,-1409.946,2034.736,-4377.6841
197,135,40,-1595.0541,1868.24,-4065.1641
199,135,40,-1726.072,1715.296,-3752.644
201,135,40,-1811.4141,1573.968,-3454.5481
203,135,40,-1859.494,1444.256,-3166.0681
205,135,40,-1876.322,1326.16,-2898.022
205,137,40,-1762.1321,1434.576,-2799.458
203,137,40,-1736.89,1554.608,-3047.0701
201,137,40,-1680.396,1688.192,-3315.116
199,137,40,-1586.64,1829.52,-3596.384
197,137,40,-1447.208,1982.464,-3886.0662
195,137,40,-1252.484,2147.0239,-4178.1519
193,137,40,-996.458,2319.3279,-4458.2183
191,137,40,-669.514,2505.1841,-4711.8398
189,137,40,-275.258,2694.9119,-4919.7861
187,137,40,188.714,2894.3201,-5061.6221
185,137,40,710.382,3093.728,-5113.3081
183,137,40,1271.7161,3293.136,-5053.208
181,137,40,1841.464,3486.7361,-4875.312
179,137,40,2388.374,3668.72,-4576.0142
177,137,40,2884.8,3831.344,-4164.9302
175,137,40,3301.894,3968.8,-3650.4741
173,137,40,3614.4141,4073.344,-3068.7061
171,137,40,3809.1382,4133.3599,-2444.8682
169,137,40,3876.45,4148.8481,-1819.828
167,137,40,3822.3601,4110.1279,-1226.04
165,137,40,3658.8882,4015.2639,-695.958
163,137,40,3412.478,3864.2559,-254.824
161,137,40,3111.978,3659.04,80.534
159,137,40,2787.438,3405.4241,307.712
157,137,40,2468.908,3107.28,436.326
155,137,40,2174.418,2768.48,485.608
153,137,40,1914.786,2404.512,469.982
151,137,40,1699.6281,2019.248,407.478
149,137,40,1530.146,1620.432,311.318
147,137,40,1399.1281,1210.0,193.522
145,137,40,1307.776,787.952,61.302
143,137,40,1253.686,362.032,-81.736
141,137,40,1238.0601,-65.824,-233.188
139,137,40,1257.292,-489.808,-384.64
137,137,40,1316.1901,-913.792,-539.698
135,137,40,1417.1581,-1330.032,-689.948
133,137,40,1562.6,-1740.464,-830.582
131,137,40,1756.1221,-2135.408,-953.186
129,137,40,2002.532,-2512.928,-1043.3361
127,137,40,2303.032,-2865.28,-1083.0021
125,137,40,2650.4102,-3188.592,-1054.1541
123,137,40,3033.8481,-3471.248,-933.954
121,137,40,3429.3062,-3707.4399,-700.766
119,137,40,3799.522,-3889.4241,-343.772
117,137,40,4116.8501,-4019.136,141.836
115,137,40,4338.0181,-4092.7039,735.624
113,137,40,4434.1782,-4112.064,1408.744
111,137,40,4390.9062,-4083.0239,2120.3281
109,137,40,4204.5962,-4011.3921,2829.5081
107,137,40,3884.864,-3901.04,3495.416
105,137,40,3446.134,-3765.52,4088.002
103,137,40,2917.2542,-3606.7681,4572.4082
101,137,40,2324.668,-3430.592,4935.4121
99,137,40,1711.6481,-3248.6079,5160.186
97,137,40,1105.84,-3060.8159,5255.144
95,137,40,534.89,-2873.0239,5229.9019
93,137,40,25.242,-2687.168,5104.894
91,137,40,-413.488,-2507.1199,4905.3623
89,137,40,-775.29,-2332.8799,4655.3462
87,137,40,-1064.972,-2164.448,4370.4722
85,137,40,-1288.5441,-2005.696,4069.9722
83,137,40,-1453.218,-1854.688,3767.0681
81,137,40,-1567.4081,-1715.296,3468.9722
79,137,40,-1640.73,-1585.584,3185.3
79,139,40,-1513.318,-1688.192,3075.918
81,139,40,-1431.582,-1817.9039,3334.3481
83,139,40,-1307.776,-1959.2319,3609.606
85,139,40,-1134.688,-2110.24,3894.48
87,139,40,-903.904,-2267.0559,4175.748
89,139,40,-607.01,-2429.6799,4440.188
91,139,40,-240.4,-2594.24,4670.9722
93,139,40,201.936,-2766.5439,4847.666
95,139,40,712.786,-2934.9761,4948.6343
97,139,40,1284.938,-3105.344,4949.8359
99,139,40,1888.342,-3271.8401,4829.6362
101,139,40,2494.1501,-3428.656,4576.0142
103,139,40,3074.7161,-3575.792,4184.1621
105,139,40,3589.1721,-3711.312,3666.1001
107,139,40,4006.2661,-3823.6001,3042.262
109,139,40,4300.7559,-3912.656,2341.4961
111,139,40,4447.3999,-3966.864,1610.6801
113,139,40,4447.3999,-3980.416,875.056
115,139,40,4300.7559,-3953.312,189.916
117,139,40,4026.7002,-3875.8721,-409.882
119,139,40,3657.686,-3748.0959,-887.076
121,139,40,3233.3801,-3571.9199,-1227.2421
123,139,40,2787.438,-3345.408,-1433.9861
125,139,40,2358.324,-3072.4319,-1518.126
127,139,40,1972.4821,-2766.5439,-1498.894
129,139,40,1641.932,-2425.8081,-1405.1381
131,139,40,1373.886,-2067.6479,-1260.8981
133,139,40,1161.1321,-1686.256,-1083.0021
135,139,40,1004.872,-1291.312,-885.874
137,139,40,896.692,-888.624,-676.726
139,139,40,832.986,-480.128,-463.972
141,139,40,811.35,-67.76,-251.218
143,139,40,828.178,344.608,-42.07
145,139,40,885.874,760.848,163.472
147,139,40,983.236,1169.344,358.196
149,139,40,1125.072,1570.0959,536.092
151,139,40,1311.3821,1955.36,691.15
153,139,40,1545.772,2329.0081,812.552
155,139,40,1830.646,2681.3601,883.47
157,139,40,2159.9941,3006.6079,888.278
159,139,40,2520.594,3295.072,805.34
161,139,40,2890.8101,3544.8159,617.828
163,139,40,3245.4001,3746.1599,312.52
165,139,40,3549.5061,3897.168,-109.382
167,139,40,3769.4722,3995.9041,-634.656
169,139,40,3878.854,4046.24,-1234.454
171,139,40,3862.0261,4044.304,-1873.9181
173,139,40,3714.1802,4001.7119,-2527.8062
175,139,40,3437.72,3920.3999,-3145.634
177,139,40,3051.8782,3806.176,-3697.3521
179,139,40,2575.886,3664.8479,-4155.314
181,139,40,2044.6021,3508.032,-4496.6821
183,139,40,1479.662,3335.728,-4717.8501
185,139,40,917.126,3153.7439,-4814.0103
187,139,40,389.448,2969.824,-4797.1821
189,139,40,-80.534,2787.8401,-4687.8003
191,139,40,-483.204,2607.792,-4511.106
193,139,40,-818.562,2429.6799,-4285.1299
195,139,40,-1087.8101,2259.312,-4027.9021
197,139,40,-1292.15,2098.624,-3756.25
199,139,40,-1443.6021,1943.744,-3479.79
201,139,40,-1548.176,1800.48,-3212.946
203,139,40,-1615.488,1664.96,-2953.314
205,139,40,-1651.548,1539.12,-2710.51
205,141,40,-1532.55,1624.304,-2603.532
203,141,40,-1488.076,1748.208,-2823.498
201,141,40,-1414.754,1885.6639,-3063.8979
199,141,40,-1304.17,2028.928,-3313.9141
197,141,40,-1147.91,2181.8721,-3569.9402
195,141,40,-937.56,2340.624,-3823.562
193,141,40,-665.908,2507.1199,-4065.1641
191,141,40,-326.944,2677.488,-4274.312
189,141,40,73.322,2847.856,-4431.7739
187,141,40,543.304,3022.0959,-4521.9243
185,141,40,1066.1741,3190.5281,-4517.1162
183,141,40,1619.094,3351.2161,-4399.3203
181,141,40,2173.2161,3502.2239,-4162.5259
179,141,40,2693.6821,3639.6799,-3799.522
177,141,40,3151.644,3755.8401,-3321.126
175,141,40,3518.2542,3848.7681,-2746.5701
173,141,40,3768.27,3912.656,-2108.3081
171,141,40,3884.864,3939.76,-1437.592
169,141,40,3864.4302,3924.272,-782.502
167,141,40,3712.978,3868.1279,-168.28
165,141,40,3447.3362,3763.584,359.398
163,141,40,3097.554,3610.6399,778.896
161,141,40,2696.0859,3411.2319,1069.78
159,141,40,2282.5981,3173.104,1236.858
157,141,40,1883.5341,2892.384,1286.14
155,141,40,1521.7321,2580.688,1242.868
153,141,40,1208.01,2241.8879,1126.274
151,141,40,950.782,1883.728,956.792
149,141,40,748.846,1513.952,753.654
147,141,40,596.192,1130.624,526.476
145,141,40,488.012,735.68,278.864
143,141,40,426.71,340.736,22.838
141,141,40,406.276,-58.08,-239.198
139,141,40,427.912,-453.024,-506.042
137,141,40,494.022,-846.032,-771.684
135,141,40,605.808,-1231.296,-1034.922
133,141,40,771.684,-1608.816,-1290.948
131,141,40,996.458,-1972.7839,-1525.338
129,141,40,1281.332,-2315.4561,-1722.4661
127,141,40,1633.5181,-2638.7681,-1869.11
125,141,40,2051.814,-2933.04,-1935.2201
123,141,40,2516.988,-3190.5281,-1895.5541
121,141,40,3008.606,-3413.168,-1727.274
119,141,40,3483.396,-3585.4719,-1414.754
117,141,40,3908.9041,-3715.1841,-953.186
115,141,40,4238.252,-3800.3679,-360.6
113,141,40,4437.7842,-3841.0239,336.56
111,141,40,4487.0659,-3842.96,1087.8101
109,141,40,4378.8862,-3810.0481,1846.272
107,141,40,4122.8599,-3746.1599,2577.0881
105,141,40,3731.0081,-3659.04,3240.592
103,141,40,3236.9861,-3552.5601,3791.1082
101,141,40,2670.844,-3428.656,4216.6162
99,141,40,2074.6521,-3297.0081,4502.6919
97,141,40,1473.652,-3151.8079,4655.3462
95,141,40,905.106,-3000.8,4685.396
93,141,40,389.448,-2843.9839,4614.478
91,141,40,-58.898,-2683.2959,4460.6221
89,141,40,-430.316,-2528.416,4256.2822
87,141,40,-735.624,-2367.728,4014.6802
85,141,40,-976.024,-2214.7839,3752.644
83,141,40,-1158.728,-2065.7119,3485.8
81,141,40,-1292.15,-1924.384,3220.158
79,141,40,-1383.5021,-1786.928,2966.5361
79,143,40,-1251.282,-1866.304,2841.5281
81,143,40,-1152.718,-1999.8879,3071.1101
83,143,40,-1013.286,-2141.2161,3315.116
85,143,40,-825.774,-2288.3521,3561.5261
87,143,40,-582.97,-2439.3601,3804.3301
89,143,40,-276.46,-2592.304,4027.9021
91,143,40,94.958,-2743.312,4213.0103
93,143,40,539.698,-2890.448,4346.4321
95,143,40,1048.144,-3033.7119,4400.522
97,143,40,1609.478,-3171.168,4354.8462
99,143,40,2197.2561,-3295.072,4187.7681
101,143,40,2785.0339,-3409.2959,3886.0662
103,143,40,3336.752,-3508.032,3444.9321
105,143,40,3815.1479,-3591.28,2876.386
107,143,40,4185.3643,-3653.2319,2199.6602
109,143,40,4419.7539,-3693.8879,1450.8141
111,143,40,4496.6821,-3705.5039,675.524
113,143,40,4413.7441,-3686.144,-91.352
115,143,40,4176.9502,-3631.936,-794.522
117,143,40,3804.3301,-3539.0081,-1394.3201
119,143,40,3336.752,-3405.4241,-1849.8781
121,143,40,2816.2861,-3235.0559,-2152.782
123,143,40,2287.406,-3024.032,-2300.6279
125,143,40,1778.9601,-2776.2239,-2312.6479
127,143,40,1331.816,-2497.4399,-2210.478
129,143,40,950.782,-2191.552,-2027.774
131,143,40,644.272,-1868.24,-1788.576
133,143,40,403.872,-1525.568,-1507.308
135,143,40,227.178,-1169.344,-1208.01
137,143,40,105.776,-803.44,-896.692
139,143,40,36.06,-433.664,-581.768
141,143,40,10.818,-58.08,-268.046
143,143,40,31.252,315.568,45.676
145,143,40,96.16,695.024,352.186
147,143,40,207.946,1068.672,650.282
149,143,40,370.216,1432.64,931.55
151,143,40,586.576,1784.9919,1185.172
153,143,40,860.632,2125.728,1403.936
155,143,40,1195.99,2447.104,1566.2061
157,143,40,1586.64,2745.248,1652.75
159,143,40,2019.36,3014.3521,1640.73
161,143,40,2471.312,3250.5439,1512.116
163,143,40,2917.2542,3448.0159,1247.676
165,143,40,3313.9141,3600.96,851.016
167,143,40,3626.4341,3715.1841,331.752
169,143,40,3824.7642,3786.8159,-284.874
171,143,40,3889.6721,3817.792,-944.772
173,143,40,3812.7441,3810.0481,-1629.912
175,143,40,3598.7881,3769.3921,-2289.8101
177,143,40,3262.228,3699.696,-2887.2041
179,143,40,2827.104,3606.7681,-3396.8521
181,143,40,2324.668,3490.6079,-3788.7041
183,143,40,1782.566,3358.96,-4060.356
185,143,40,1240.464,3215.696,-4205.7979
187,143,40,722.402,3060.8159,-4239.4541
189,143,40,251.218,2902.064,-4176.9502
191,143,40,-153.856,2741.376,-4043.5281
193,143,40,-494.022,2576.8159,-3859.6221
195,143,40,-771.684,2416.1279,-3642.0601
197,143,40,-989.246,2261.248,-3408.8721
199,143,40,-1153.92,2108.304,-3169.6741
201,143,40,-1272.918,1966.976,-2935.2839
203,143,40,-1355.8561,1829.52,-2705.7021
205,143,40,-1408.744,1699.808,-2490.5439
205,145,40,-1283.7361,1763.696,-2373.95
203,145,40,-1226.04,1891.472,-2567.4722
201,145,40,-1137.092,2028.928,-2775.418
199,145,40,-1013.286,2170.2561,-2992.98
197,145,40,-846.208,2317.3921,-3211.7441
195,145,40,-627.444,2472.272,-3428.104
193,145,40,-350.984,2627.1521,-3627.636
191,145,40,-10.818,2783.968,-3794.7141
189,145,40,388.246,2938.8479,-3910.106
187,145,40,851.016,3087.9199,-3954.5801
185,145,40,1355.8561,3227.312,-3907.7021
183,145,40,1887.14,3357.0239,-3750.24
181,145,40,2411.2122,3469.312,-3468.9722
179,145,40,2900.426,3566.1121,-3066.302
177,145,40,3317.52,3639.6799,-2548.24
175,145,40,3633.646,3688.0801,-1937.624
173,145,40,3822.3601,3709.376,-1270.514
171,145,40,3871.6421,3697.76,-572.152
169,145,40,3779.0881,3651.2959,98.564
167,145,40,3547.1021,3568.0481,716.392
165,145,40,3197.3201,3446.0801,1236.858
163,145,40,2762.196,3287.3279,1629.912
161,145,40,2280.1941,3089.856,1883.5341
159,145,40,1793.384,2861.408,1994.118
157,145,40,1328.2101,2601.9839,1980.896
155,145,40,909.914,2317.3921,1863.1
153,145,40,550.516,2011.504,1667.1741
151,145,40,257.228,1688.192,1412.35
149,145,40,26.444,1355.2,1120.264
147,145,40,-145.442,1012.528,798.128
145,145,40,-266.844,660.176,459.164
143,145,40,-336.56,307.824,110.584
141,145,40,-358.196,-48.4,-245.208
139,145,40,-334.156,-396.88,-599.798
137,145,40,-260.834,-747.296,-959.196
135,145,40,-135.826,-1089.968,-1313.786
133,145,40,49.282,-1424.896,-1659.962
131,145,40,299.298,-1746.272,-1982.098
129,145,40,621.434,-2052.1599,-2266.9719
127,145,40,1018.094,-2338.688,-2491.7461
125,145,40,1490.48,-2601.9839,-2632.3801
123,145,40,2022.9661,-2840.1121,-2657.6221
121,145,40,2589.1082,-3045.3279,-2539.8259
119,145,40,3146.8359,-3217.6321,-2266.9719
117,145,40,3658.8882,-3355.0879,-1828.2421
115,145,40,4069.9722,-3457.696,-1244.0701
113,145,40,4350.0381,-3527.3921,-542.102
111,145,40,4472.6421,-3566.1121,225.976
109,145,40,4430.5723,-3573.856,1013.286
107,145,40,4231.04,-3558.3679,1775.354
105,145,40,3889.6721,-3521.584,2470.1101
103,145,40,3435.3162,-3463.5039,3059.0901
101,145,40,2902.8301,-3386.064,3521.8601
99,145,40,2334.2839,-3293.136,3846.4001
97,145,40,1754.92,-3184.72,4038.72
95,145,40,1204.4041,-3062.752,4108.436
93,145,40,700.766,-2931.104,4078.386
91,145,40,260.834,-2791.7119,3969.0042
89,145,40,-111.786,-2650.384,3806.7341
87,145,40,-420.7,-2501.312,3606.0
85,145,40,-667.11,-2356.1121,3384.832
83,145,40,-860.632,-2210.9121,3156.4521
81,145,40,-1007.276,-2067.6479,2924.4661
79,145,40,-1113.052,-1934.064,2704.5
79,147,40,-978.428,-1986.3359,2565.0681
81,147,40,-867.844,-2121.856,2765.802
83,147,40,-718.796,-2261.248,2973.748
85,147,40,-522.87,-2402.5759,3184.0981
87,147,40,-276.46,-2547.7759,3386.0342
89,147,40,31.252,-2691.04,3567.5361
91,147,40,396.66,-2828.4961,3712.978
93,147,40,829.38,-2958.208,3805.532
95,147,40,1319.796,-3080.176,3821.158
97,147,40,1858.292,-3190.5281,3738.22
99,147,40,2422.03,-3283.4561,3538.688
101,147,40,2977.354,-3360.896,3205.7341
103,147,40,3491.8101,-3417.04,2739.3582
105,147,40,3929.3381,-3457.696,2139.5601
107,147,40,4252.6763,-3473.1841,1439.996
109,147,40,4431.7739,-3467.376,669.514
111,147,40,4447.3999,-3436.3999,-118.998
113,147,40,4295.9482,-3380.2561,-894.288
115,147,40,3985.832,-3295.072,-1596.256
117,147,40,3538.688,-3180.8479,-2182.832
119,147,40,2997.7881,-3037.584,-2614.3501
121,147,40,2407.606,-2865.28,-2878.79
123,147,40,1809.01,-2663.936,-2976.1521
125,147,40,1245.272,-2437.4241,-2930.4761
127,147,40,748.846,-2185.7439,-2763.3979
129,147,40,328.146,-1914.704,-2507.3721
131,147,40,-9.616,-1630.1119,-2192.448
133,147,40,-275.258,-1328.0959,-1836.656
135,147,40,-469.982,-1016.4,-1455.6221
137,147,40,-602.202,-696.96,-1062.568
139,147,40,-679.13,-371.712,-667.11
141,147,40,-705.574,-44.528,-270.45
143,147,40,-683.938,284.592,122.604
145,147,40,-611.818,617.584,512.052
147,147,40,-486.81,944.768,891.884
149,147,40,-306.51,1268.08,1252.484
151,147,40,-67.312,1577.84,1586.64
153,147,40,240.4,1881.792,1881.13
155,147,40,616.626,2172.1919,2117.9241
157,147,40,1055.3561,2445.168,2270.5781
159,147,40,1546.974,2694.9119,2316.2542
161,147,40,2062.6321,2919.488,2235.72
163,147,40,2578.29,3116.96,2008.542
165,147,40,3048.272,3281.52,1638.326
167,147,40,3436.5181,3415.104,1132.2841
169,147,40,3705.7661,3511.9041,522.87
171,147,40,3837.9861,3575.792,-150.25
173,147,40,3823.562,3604.832,-847.41
175,147,40,3664.8979,3604.832,-1527.7421
177,147,40,3377.6201,3577.728,-2151.5801
179,147,40,2986.97,3523.52,-2686.47
181,147,40,2521.7961,3446.0801,-3108.3721
183,147,40,2010.946,3349.28,-3412.478
185,147,40,1495.2881,3233.1199,-3596.384
187,147,40,997.66,3105.344,-3664.8979
189,147,40,543.304,2965.9519,-3642.0601
191,147,40,146.644,2820.752,-3550.708
193,147,40,-192.32,2671.6799,-3407.6702
195,147,40,-471.184,2520.6719,-3229.7742
197,147,40,-692.352,2369.6641,-3036.252
199,147,40,-864.238,2222.5281,-2833.114
201,147,40,-995.256,2081.2,-2631.178
203,147,40,-1090.214,1945.6799,-2435.252
205,147,40,-1155.1221,1814.032,-2245.3359
205,149,40,-1031.316,1854.688,-2121.53
203,149,40,-960.398,1984.4,-2289.8101
201,149,40,-861.834,2119.9199,-2466.5042
199,149,40,-728.412,2259.312,-2650.4102
197,149,40,-554.122,2402.5759,-2831.9121
195,149,40,-332.954,2549.7119,-3009.8081
193,149,40,-56.494,2698.7839,-3169.6741
191,149,40,276.46,2842.0481,-3295.884
189,149,40,662.302,2981.4399,-3372.812
187,149,40,1105.84,3111.1521,-3378.822
185,149,40,1585.438,3229.248,-3295.884
183,149,40,2087.874,3331.856,-3104.7661
181,149,40,2575.886,3415.104,-2797.054
179,149,40,3023.03,3475.1199,-2369.1421
177,149,40,3394.448,3511.9041,-1833.05
175,149,40,3661.292,3521.584,-1208.01
173,149,40,3798.3201,3506.0959,-521.668
171,149,40,3788.7041,3457.696,179.098
169,149,40,3632.4441,3380.2561,848.612
167,149,40,3335.55,3267.968,1458.026
165,149,40,2919.658,3126.6399,1956.8561
163,149,40,2422.03,2956.272,2323.4661
161,149,40,1878.7261,2758.8,2537.4221
159,149,40,1336.624,2538.0959,2599.926
157,149,40,823.37,2294.1599,2531.4121
155,149,40,361.802,2034.736,2354.718
153,149,40,-32.454,1759.824,2092.6821
151,149,40,-355.792,1475.2319,1771.748
149,149,40,-607.01,1182.896,1411.1481
147,149,40,-794.522,884.752,1019.296
145,149,40,-925.54,580.8,608.212
143,149,40,-1002.468,274.912,187.512
141,149,40,-1026.5081,-32.912,-240.4
139,149,40,-1001.266,-334.928,-668.312
137,149,40,-921.934,-636.944,-1098.6281
135,149,40,-786.108,-933.152,-1524.136
133,149,40,-585.374,-1223.552,-1941.23
131,149,40,-313.722,-1502.3359,-2331.8801
129,149,40,36.06,-1771.4399,-2682.864
127,149,40,468.78,-2023.12,-2972.5461
125,149,40,984.438,-2263.1841,-3175.6841
123,149,40,1565.004,-2483.8879,-3253.814
121,149,40,2187.6401,-2681.3601,-3182.896
119,149,40,2799.458,-2853.6641,-2947.304
117,149,40,3374.0142,-3004.6719,-2537.4221
115,149,40,3853.6121,-3128.5759,-1973.6841
113,149,40,4198.5859,-3229.248,-1282.5341
111,149,40,4383.6938,-3304.752,-515.658
109,149,40,4400.522,-3355.0879,270.45
107,149,40,4253.8779,-3384.1279,1040.932
105,149,40,3961.792,-3386.064,1748.91
103,149,40,3551.9102,-3368.6399,2355.9199
101,149,40,3061.4941,-3327.9839,2841.5281
99,149,40,2527.8062,-3267.968,3192.512
97,149,40,1980.896,-3188.592,3414.8821
95,149,40,1454.42,-3089.856,3521.8601
93,149,40,972.418,-2977.5679,3526.668
91,149,40,546.91,-2855.6001,3459.356
89,149,40,183.906,-2722.0159,3335.55
87,149,40,-121.402,-2584.5601,3176.886
85,149,40,-371.418,-2445.168,2995.384
83,149,40,-570.95,-2301.9041,2803.064
81,149,40,-724.806,-2164.448,2609.542
79,149,40,-842.602,-2030.864,2419.626
79,151,40,-710.382,-2061.8401,2274.1841
81,151,40,-590.182,-2191.552,2442.4641
83,151,40,-433.922,-2327.072,2614.3501
85,151,40,-233.188,-2464.5281,2786.2361
87,151,40,13.222,-2600.0481,2948.5061
89,151,40,314.924,-2733.6321,3089.1401
91,151,40,668.312,-2861.408,3193.7141
93,151,40,1083.0021,-2977.5679,3244.198
95,151,40,1549.3781,-3084.0481,3224.9661
97,151,40,2059.0261,-3171.168,3109.574
99,151,40,2584.3,-3240.864,2879.9919
101,151,40,3099.958,-3289.2639,2525.4021
103,151,40,3569.9402,-3314.4319,2038.592
105,151,40,3959.3882,-3314.4319,1426.774
107,151,40,4228.6362,-3293.136,724.806
109,151,40,4352.4419,-3246.6719,-44.474
111,151,40,4313.978,-3176.9761,-825.774
113,151,40,4104.8301,-3084.0481,-1587.842
115,151,40,3738.22,-2967.8879,-2266.9719
117,151,40,3235.7842,-2832.3679,-2825.9021
119,151,40,2641.9961,-2675.552,-3222.562
121,151,40,2002.532,-2501.312,-3446.134
123,151,40,1363.068,-2307.7119,-3500.2241
125,151,40,759.664,-2094.752,-3401.6602
127,151,40,228.38,-1868.24,-3181.6941
129,151,40,-219.966,-1630.1119,-2869.1741
131,151,40,-579.364,-1382.304,-2496.554
133,151,40,-864.238,-1122.88,-2077.0562
135,151,40,-1070.9821,-855.712,-1637.124
137,151,40,-1212.818,-584.672,-1181.566
139,151,40,-1294.5541,-307.824,-724.806
141,151,40,-1323.402,-29.04,-265.642
143,151,40,-1298.16,253.616,189.916
145,151,40,-1221.2321,536.272,644.272
147,151,40,-1087.8101,815.056,1084.204
149,151,40,-895.49,1091.9041,1506.1061
151,151,40,-638.262,1361.0079,1897.958
153,151,40,-308.914,1626.24,2252.5481
155,151,40,93.756,1885.6639,2548.24
157,151,40,568.546,2133.4719,2756.186
159,151,40,1098.6281,2367.728,2853.5481
161,151,40,1659.962,2586.4961,2818.6899
163,151,40,2227.3062,2785.9041,2633.582
165,151,40,2753.782,2962.0801,2295.8201
167,151,40,3200.926,3113.0879,1816.222
169,151,40,3529.072,3236.9919,1224.838
171,151,40,3717.7861,3329.9199,560.132
173,151,40,3757.4521,3397.6799,-135.826
175,151,40,3652.8782,3434.4639,-819.764
177,151,40,3414.8821,3442.208,-1450.8141
179,151,40,3069.908,3420.9119,-1998.926
181,151,40,2651.6121,3376.384,-2437.656
183,151,40,2179.2261,3306.688,-2764.6001
185,151,40,1697.224,3215.696,-2976.1521
187,151,40,1229.646,3107.28,-3080.7261
189,151,40,799.33,2985.312,-3096.3521
191,151,40,418.296,2853.6641,-3042.262
193,151,40,92.554,2716.208,-2938.8901
195,151,40,-182.704,2572.9441,-2803.064
197,151,40,-406.276,2429.6799,-2649.208
199,151,40,-582.97,2288.3521,-2483.332
201,151,40,-721.2,2150.896,-2316.2542
203,151,40,-825.774,2015.376,-2151.5801
205,151,40,-903.904,1885.6639,-1992.916
205,153,40,-780.098,1908.896,-1864.302
203,153,40,-698.362,2034.736,-2003.734
201,153,40,-591.384,2164.448,-2149.176
199,153,40,-450.75,2301.9041,-2298.2241
197,153,40,-272.854,2439.3601,-2443.666
195,153,40,-51.686,2578.752,-2579.4919
193,153,40,216.36,2716.208,-2697.2881
191,153,40,536.092,2849.792,-2781.428
189,153,40,902.702,2973.696,-2818.6899
187,153,40,1320.998,3089.856,-2786.2361
185,153,40,1769.344,3186.656,-2672.0461
183,153,40,2232.114,3269.9041,-2453.282
181,153,40,2678.0562,3327.9839,-2125.136
179,153,40,3078.322,3358.96,-1682.8
177,153,40,3400.458,3364.7681,-1138.2941
175,153,40,3615.616,3343.4719,-509.648
173,153,40,3699.7561,3289.2639,168.28
171,153,40,3637.252,3209.8879,858.228
169,153,40,3429.3062,3101.4719,1510.9141
167,153,40,3077.1201,2964.0159,2095.0859
165,153,40,2613.1479,2805.2639,2565.0681
163,153,40,2065.0361,2623.28,2890.8101
161,153,40,1482.066,2423.8721,3060.292
159,153,40,901.5,2210.9121,3078.322
157,153,40,355.792,1982.464,2959.324
155,153,40,-131.018,1746.272,2732.146
153,153,40,-546.91,1502.3359,2418.4241
151,153,40,-885.874,1254.528,2047.006
149,153,40,-1149.1121,1004.784,1632.316
147,153,40,-1349.8461,751.168,1189.98
145,153,40,-1488.076,495.616,727.21
143,153,40,-1568.61,238.128,253.622
141,153,40,-1596.256,-17.424,-228.38
139,153,40,-1568.61,-271.04,-710.382
137,153,40,-1485.672,-524.656,-1194.788
135,153,40,-1342.634,-772.464,-1671.9821
133,153,40,-1131.082,-1016.4,-2140.762
131,153,40,-845.006,-1256.464,-2585.502
129,153,40,-477.194,-1484.912,-2989.374
127,153,40,-22.838,-1709.488,-3329.54
125,153,40,519.264,-1924.384,-3580.7581
123,153,40,1127.4761,-2125.728,-3706.968
121,153,40,1783.7681,-2317.3921,-3679.322
119,153,40,2437.656,-2493.5679,-3487.002
117,153,40,3054.282,-2656.1919,-3119.1899
115,153,40,3577.1521,-2801.3921,-2590.3101
113,153,40,3972.6101,-2929.168,-1930.412
111,153,40,4209.4043,-3037.584,-1189.98
109,153,40,4279.1201,-3122.7681,-417.094
107,153,40,4186.5659,-3186.656,340.166
105,153,40,3948.5701,-3227.312,1042.134
103,153,40,3592.7781,-3242.8,1652.75
101,153,40,3150.4421,-3233.1199,2150.3779
99,153,40,2663.6321,-3198.272,2519.3921
97,153,40,2155.186,-3140.1919,2769.408
95,153,40,1664.77,-3062.752,2907.6379
93,153,40,1211.616,-2965.9519,2952.1121
91,153,40,806.542,-2855.6001,2924.4661
89,153,40,456.76,-2735.5679,2842.73
87,153,40,158.664,-2605.856,2724.9341
85,153,40,-88.948,-2474.208,2583.0981
83,153,40,-289.682,-2338.688,2430.4441
81,153,40,-450.75,-2205.104,2272.9819
79,153,40,-575.758,-2075.3921,2119.126
79,155,40,-448.346,-2083.136,1970.078
81,155,40,-319.732,-2208.9761,2104.7021
83,155,40,-159.866,-2338.688,2240.5281
85,155,40,40.868,-2468.3999,2372.748
87,155,40,283.672,-2596.176,2494.1501
89,155,40,575.758,-2720.0801,2592.7141
91,155,40,913.52,-2834.304,2656.4202
93,155,40,1306.574,-2936.9119,2667.238
95,155,40,1742.9,-3025.968,2609.542
97,155,40,2212.8821,-3095.6641,2461.696
99,155,40,2697.2881,-3146.0,2206.8721
101,155,40,3162.4622,-3169.2319,1833.05
103,155,40,3578.354,-3165.3599,1336.624
105,155,40,3910.106,-3134.384,732.018
107,155,40,4124.062,-3080.176,38.464
109,155,40,4194.98,-2998.864,-709.18
111,155,40,4106.0322,-2898.1919,-1464.036
113,155,40,3848.804,-2776.2239,-2191.2461
115,155,40,3438.9221,-2634.896,-2833.114
117,155,40,2899.2241,-2481.9519,-3347.5701
119,155,40,2270.5781,-2315.4561,-3703.3621
121,155,40,1602.266,-2139.28,-3882.46
123,155,40,936.358,-1953.424,-3890.874
125,155,40,313.722,-1757.8879,-3747.8362
127,155,40,-234.39,-1556.5439,-3483.396
129,155,40,-699.564,-1347.4559,-3123.998
131,155,40,-1070.9821,-1138.368,-2709.3081
133,155,40,-1364.27,-917.664,-2244.134
135,155,40,-1578.2261,-696.96,-1757.324
137,155,40,-1726.072,-472.384,-1257.292
139,155,40,-1811.4141,-243.936,-753.654
141,155,40,-1840.2621,-13.552,-251.218
143,155,40,-1815.02,216.832,246.41
145,155,40,-1734.4861,449.152,744.038
147,155,40,-1596.256,683.408,1228.444
149,155,40,-1395.522,913.792,1694.8201
151,155,40,-1131.082,1140.304,2131.146
153,155,40,-790.916,1368.752,2529.0081
155,155,40,-372.62,1595.264,2869.1741
157,155,40,118.998,1819.84,3127.604
159,155,40,673.12,2036.672,3273.0461
161,155,40,1263.302,2247.696,3282.6621
163,155,40,1863.1,2447.104,3143.23
165,155,40,2429.2419,2632.96,2849.9421
167,155,40,2919.658,2799.4561,2407.606
169,155,40,3297.0862,2948.5281,1847.474
171,155,40,3536.2842,3070.4961,1212.818
173,155,40,3627.636,3167.2959,533.688
175,155,40,3573.5461,3235.0559,-137.028
177,155,40,3389.6401,3273.7759,-760.866
179,155,40,3095.1501,3279.584,-1311.3821
181,155,40,2723.7319,3262.1599,-1760.9301
183,155,40,2301.8301,3215.696,-2104.7021
185,155,40,1860.696,3146.0,-2342.698
187,155,40,1429.178,3055.0081,-2480.928
189,155,40,1027.71,2948.5281,-2532.614
191,155,40,669.514,2830.4319,-2519.3921
193,155,40,356.994,2704.592,-2459.292
195,155,40,90.15,2572.9441,-2363.1321
197,155,40,-129.816,2439.3601,-2248.9421
199,155,40,-308.914,2303.8401,-2120.3281
201,155,40,-451.952,2172.1919,-1988.108
203,155,40,-566.142,2042.48,-1857.0901
205,155,40,-652.686,1918.576,-1728.4761
205,157,40,-534.89,1918.576,-1598.66
203,157,40,-444.74,2040.5439,-1710.446
201,157,40,-328.146,2164.448,-1823.4341
199,157,40,-185.108,2292.2239,-1936.422
197,157,40,-6.01,2421.936,-2044.6021
195,157,40,210.35,2553.584,-2141.9641
193,157,40,469.982,2679.4241,-2217.6899
191,157,40,774.088,2799.4561,-2260.9622
189,157,40,1117.86,2909.8081,-2256.1541
187,157,40,1503.702,3008.5439,-2187.6401
185,157,40,1913.584,3091.792,-2040.9961
183,157,40,2331.8801,3151.8079,-1796.99
181,157,40,2729.7419,3186.656,-1452.016
179,157,40,3079.5242,3194.3999,-1001.266
177,157,40,3347.5701,3173.104,-459.164
175,157,40,3508.6382,3122.7681,159.866
173,157,40,3541.092,3041.4561,816.158
171,157,40,3428.104,2933.04,1478.4601
169,157,40,3172.0781,2799.4561,2099.894
167,157,40,2780.2261,2642.6399,2643.198
165,157,40,2277.79,2470.3359,3069.908
163,157,40,1698.426,2280.6079,3349.9741
161,157,40,1089.012,2081.2,3471.376
159,157,40,489.214,1877.92,3441.3262
157,157,40,-68.514,1668.832,3280.2581
155,157,40,-566.142,1457.808,3009.8081
153,157,40,-990.448,1246.7839,2656.4202
151,157,40,-1335.422,1035.76,2244.134
149,157,40,-1604.67,826.672,1790.98
147,157,40,-1809.01,619.52,1312.584
145,157,40,-1952.0481,410.432,814.956
143,157,40,-2034.9861,203.28,305.308
141,157,40,-2063.834,-5.808,-210.35
139,157,40,-2036.188,-209.088,-726.008
137,157,40,-1950.8461,-412.368,-1247.676
135,157,40,-1805.4041,-615.648,-1764.536
133,157,40,-1589.0441,-816.992,-2270.5781
131,157,40,-1296.958,-1014.464,-2753.782
129,157,40,-921.934,-1208.064,-3193.7141
127,157,40,-457.962,-1399.728,-3574.748
125,157,40,93.756,-1587.52,-3865.6321
123,157,40,717.594,-1775.312,-4036.3162
121,157,40,1390.714,-1957.296,-4055.5481
119,157,40,2062.6321,-2131.5359,-3906.5
117,157,40,2704.5,-2301.9041,-3584.364
115,157,40,3258.6221,-2462.592,-3103.564
113,157,40,3691.342,-2611.6641,-2489.342
111,157,40,3970.2061,-2743.312,-1793.384
109,157,40,4088.002,-2859.4719,-1055.3561
107,157,40,4048.3362,-2952.3999,-323.338
105,157,40,3865.6321,-3022.0959,360.6
103,157,40,3567.5361,-3066.624,960.398
101,157,40,3181.6941,-3082.1121,1461.6321
99,157,40,2747.772,-3072.4319,1845.0701
97,157,40,2289.8101,-3033.7119,2119.126
95,157,40,1839.0601,-2973.696,2288.6082
93,157,40,1417.1581,-2894.3201,2370.344
91,157,40,1037.326,-2797.52,2381.1621
89,157,40,705.574,-2689.104,2341.4961
87,157,40,417.094,-2571.0081,2265.77
85,157,40,175.492,-2449.04,2166.0042
83,157,40,-24.04,-2323.2,2053.0161
81,157,40,-187.512,-2199.2959,1931.614
79,157,40,-319.732,-2075.3921,1810.212
79,159,40,-198.33,-2059.9041,1664.77
81,159,40,-66.11,-2176.064,1765.738
83,159,40,97.362,-2298.032,1866.7061
85,159,40,295.692,-2416.1279,1961.6641
87,159,40,531.284,-2534.2239,2040.9961
89,159,40,812.552,-2644.5759,2098.6921
91,159,40,1131.082,-2745.248,2119.126
93,159,40,1498.894,-2834.304,2090.2781
95,159,40,1900.3621,-2905.936,1996.5221
97,159,40,2329.4761,-2958.208,1816.222
99,159,40,2760.9941,-2985.312,1536.156
101,159,40,3168.4722,-2985.312,1151.516
103,159,40,3527.8701,-2958.208,657.494
105,159,40,3801.926,-2904.0,62.504
107,159,40,3958.186,-2822.688,-605.808
109,159,40,3976.2161,-2716.208,-1320.998
111,159,40,3842.7942,-2590.3679,-2031.38
113,159,40,3548.304,-2447.104,-2710.51
115,159,40,3107.1702,-2288.3521,-3300.6921
117,159,40,2539.8259,-2123.792,-3768.27
119,159,40,1893.15,-1951.488,-4071.1741
121,159,40,1214.02,-1777.248,-4202.1919
123,159,40,540.9,-1601.072,-4166.1318
125,159,40,-90.15,-1424.896,-3983.428
127,159,40,-641.868,-1248.72,-3681.7261
129,159,40,-1108.244,-1072.5439,-3289.874
131,159,40,-1484.47,-898.304,-2839.124
133,159,40,-1778.9601,-720.192,-2342.698
135,159,40,-1995.3201,-542.08,-1824.636
137,159,40,-2143.166,-362.032,-1295.756
139,159,40,-2228.5081,-183.92,-764.472
141,159,40,-2257.356,-3.872,-235.592
143,159,40,-2232.114,178.112,290.884
145,159,40,-2149.176,363.968,817.36
147,159,40,-2010.946,547.888,1328.2101
149,159,40,-1809.01,735.68,1825.838
151,159,40,-1542.166,923.472,2291.012
153,159,40,-1198.394,1115.136,2724.9341
155,159,40,-777.694,1308.736,3101.1602
157,159,40,-283.672,1506.208,3394.448
159,159,40,277.662,1705.616,3584.364
161,159,40,876.258,1903.088,3642.0601
163,159,40,1494.0861,2100.5601,3550.708
165,159,40,2086.6721,2290.2881,3304.2981
167,159,40,2607.1379,2468.3999,2911.2441
169,159,40,3019.4241,2632.96,2399.1921
171,159,40,3300.6921,2776.2239,1801.798
173,159,40,3441.3262,2896.2561,1158.728
175,159,40,3440.124,2989.1841,513.254
177,159,40,3309.106,3053.072,-97.362
179,159,40,3071.1101,3087.9199,-640.666
181,159,40,2752.5801,3089.856,-1095.022
183,159,40,2381.1621,3066.624,-1455.6221
185,159,40,1986.906,3016.2881,-1716.4561
187,159,40,1596.256,2944.656,-1883.5341
189,159,40,1228.444,2855.6001,-1972.4821
191,159,40,894.288,2751.0559,-1997.724
193,159,40,598.596,2638.7681,-1977.29
195,159,40,341.368,2518.7361,-1923.2001
197,159,40,126.21,2396.7681,-1848.676
199,159,40,-52.888,2270.928,-1757.324
201,159,40,-198.33,2148.96,-1661.1641
203,159,40,-318.53,2025.056,-1560.196
205,159,40,-414.69,1908.896,-1460.4301
205,161,40,-300.5,1889.536,-1333.0181
203,161,40,-204.34,2003.76,-1415.9561
201,161,40,-84.14,2119.9199,-1500.0961
199,161,40,61.302,2238.0159,-1579.428
197,161,40,239.198,2356.1121,-1651.548
195,161,40,450.75,2474.208,-1709.244
193,161,40,698.362,2586.4961,-1744.1021
191,161,40,984.438,2692.9761,-1747.708
189,161,40,1302.968,2787.8401,-1705.6381
187,161,40,1653.952,2869.1521,-1603.468
185,161,40,2022.9661,2931.104,-1425.572
183,161,40,2393.1821,2971.76,-1159.9301
181,161,40,2739.3582,2985.312,-801.734
179,161,40,3033.8481,2971.76,-350.984
177,161,40,3246.6021,2925.2959,183.906
175,161,40,3354.782,2851.728,783.704
173,161,40,3335.55,2747.1841,1411.1481
171,161,40,3178.0881,2617.4719,2036.188
169,161,40,2882.396,2468.3999,2610.7441
167,161,40,2459.292,2299.968,3104.7661
165,161,40,1929.2101,2116.0481,3477.386
163,161,40,1334.22,1928.256,3709.3721
161,161,40,715.19,1734.656,3780.29
159,161,40,111.786,1542.9919,3705.7661
157,161,40,-447.144,1355.2,3503.8301
155,161,40,-942.368,1171.28,3198.522
153,161,40,-1364.27,991.232,2815.084
151,161,40,-1706.8401,818.928,2372.748
149,161,40,-1976.088,652.432,1897.958
147,161,40,-2179.2261,485.936,1394.3201
145,161,40,-2319.8601,323.312,873.854
143,161,40,-2401.5959,162.624,344.974
141,161,40,-2430.4441,3.872,-192.32
139,161,40,-2405.2021,-152.944,-729.614
137,161,40,-2321.062,-309.76,-1270.514
135,161,40,-2175.6201,-466.576,-1806.6061
133,161,40,-1960.462,-623.392,-2337.8901
131,161,40,-1670.78,-780.208,-2845.134
129,161,40,-1299.3621,-937.024,-3312.7122
127,161,40,-836.592,-1095.776,-3722.594
125,161,40,-286.076,-1260.3359,-4048.3362
123,161,40,335.358,-1424.896,-4253.8779
121,161,40,1007.276,-1593.328,-4317.584
119,161,40,1686.406,-1763.696,-4216.6162
117,161,40,2337.8901,-1936.0,-3946.166
115,161,40,2910.042,-2104.4319,-3521.8601
113,161,40,3369.2061,-2265.1199,-2962.9302
111,161,40,3682.928,-2418.064,-2317.4561
109,161,40,3845.198,-2553.584,-1631.114
107,161,40,3857.218,-2669.7439,-941.166
105,161,40,3729.8062,-2762.6719,-280.066
103,161,40,3491.8101,-2830.4319,302.904
101,161,40,3164.866,-2869.1521,799.33
99,161,40,2788.6401,-2878.832,1191.182
97,161,40,2382.364,-2865.28,1484.47
95,161,40,1977.29,-2822.688,1681.598
93,161,40,1591.448,-2760.7361,1798.192
91,161,40,1239.262,-2679.4241,1849.8781
89,161,40,926.742,-2588.4319,1851.0801
87,161,40,653.888,-2483.8879,1816.222
85,161,40,419.498,-2373.5359,1756.1221
83,161,40,221.168,-2259.312,1680.396
81,161,40,57.696,-2145.0879,1596.256
79,161,40,-79.332,-2030.864,1507.308
79,163,40,32.454,-1994.08,1366.6741
81,163,40,167.078,-2102.4961,1437.592
83,163,40,330.55,-2208.9761,1504.9041
85,163,40,525.274,-2317.3921,1562.6
87,163,40,754.856,-2420.0,1604.67
89,163,40,1019.296,-2516.8,1621.498
91,163,40,1317.392,-2601.9839,1603.468
93,163,40,1655.1541,-2671.6799,1537.358
95,163,40,2019.36,-2725.8879,1408.744
97,163,40,2401.5959,-2756.864,1202.0
99,163,40,2781.428,-2762.6719,906.308
101,163,40,3132.4121,-2743.312,513.254
103,163,40,3429.3062,-2692.9761,26.444
105,163,40,3644.4641,-2615.5359,-548.112
107,163,40,3745.4321,-2512.928,-1182.7681
109,163,40,3712.978,-2389.0239,-1853.484
111,163,40,3538.688,-2245.76,-2512.1799
113,163,40,3214.1479,-2087.0081,-3137.22
115,163,40,2751.3779,-1920.512,-3669.7061
117,163,40,2173.2161,-1748.208,-4075.9822
119,163,40,1524.136,-1579.776,-4327.2002
121,163,40,845.006,-1415.2159,-4412.542
123,163,40,176.694,-1254.528,-4334.4121
125,163,40,-442.336,-1097.712,-4116.8501
127,163,40,-988.044,-950.576,-3787.502
129,163,40,-1447.208,-807.312,-3366.802
131,163,40,-1817.4241,-669.856,-2895.6182
133,163,40,-2107.106,-532.4,-2382.364
135,163,40,-2319.8601,-396.88,-1848.676
137,163,40,-2465.302,-263.296,-1306.574
139,163,40,-2548.24,-129.712,-759.664
141,163,40,-2578.29,3.872,-216.36
143,163,40,-2551.8459,139.392,323.338
145,163,40,-2471.312,276.848,861.834
147,163,40,-2335.4861,418.176,1390.714
149,163,40,-2137.156,561.44,1905.17
151,163,40,-1875.12,708.576,2388.374
153,163,40,-1537.358,863.456,2842.73
155,163,40,-1122.668,1026.08,3246.6021
157,163,40,-635.858,1194.512,3572.344
159,163,40,-80.534,1370.688,3797.1182
161,163,40,518.062,1554.608,3898.0862
163,163,40,1138.2941,1740.464,3856.0161
165,163,40,1736.89,1928.256,3661.292
167,163,40,2275.386,2112.176,3323.53
169,163,40,2716.52,2284.48,2861.9622
171,163,40,3033.8481,2443.2319,2315.052
173,163,40,3217.7542,2580.688,1715.254
175,163,40,3264.6321,2692.9761,1101.032
177,163,40,3186.502,2778.1599,518.062
179,163,40,3003.7981,2834.304,-13.222
181,163,40,2741.762,2861.408,-466.376
183,163,40,2423.2319,2857.5359,-834.188
185,163,40,2078.2581,2828.4961,-1114.254
187,163,40,1728.4761,2774.2881,-1311.3821
189,163,40,1394.3201,2704.592,-1435.188
191,163,40,1086.608,2619.408,-1497.692
193,163,40,811.35,2522.6079,-1515.722
195,163,40,567.344,2416.1279,-1500.0961
197,163,40,359.398,2307.7119,-1460.4301
199,163,40,181.502,2195.4241,-1406.34
201,163,40,34.858,2083.136,-1342.634
203,163,40,-87.746,1970.848,-1271.7161
205,163,40,-189.916,1860.496,-1200.798
205,165,40,-84.14,1825.6479,-1076.9921
203,165,40,16.828,1926.3199,-1133.486
201,165,40,140.634,2032.8,-1187.576
199,165,40,287.278,2139.28,-1236.858
197,165,40,460.366,2243.824,-1272.918
195,165,40,664.706,2346.4319,-1295.756
193,165,40,897.894,2443.2319,-1294.5541
191,165,40,1163.536,2532.2881,-1260.8981
189,165,40,1454.42,2607.792,-1183.97
187,165,40,1771.748,2669.7439,-1049.3461
185,165,40,2098.6921,2712.3359,-846.208
183,165,40,2419.626,2731.696,-562.536
181,165,40,2711.7122,2723.9519,-194.724
179,165,40,2949.708,2687.168,254.824
177,165,40,3107.1702,2621.344,772.886
175,165,40,3163.6641,2528.416,1345.038
173,165,40,3095.1501,2406.448,1935.2201
171,165,40,2896.8201,2263.1841,2513.3821
169,165,40,2568.6741,2100.5601,3036.252
167,165,40,2121.53,1924.384,3476.1841
165,165,40,1581.832,1742.4,3793.512
163,165,40,984.438,1560.416,3965.3982
161,165,40,369.014,1380.368,3990.6401
159,165,40,-225.976,1206.1281,3875.248
157,165,40,-775.29,1041.568,3639.656
155,165,40,-1260.8981,886.688,3307.9041
153,165,40,-1669.578,741.488,2899.2241
151,165,40,-2004.936,605.968,2441.262
149,165,40,-2265.77,478.192,1952.0481
147,165,40,-2462.8979,354.288,1439.996
145,165,40,-2599.926,236.192,908.712
143,165,40,-2681.6621,120.032,370.216
141,165,40,-2706.9041,7.744,-175.492
139,165,40,-2681.6621,-104.544,-718.796
137,165,40,-2599.926,-214.896,-1268.11
135,165,40,-2459.292,-327.184,-1812.6161
133,165,40,-2250.144,-441.408,-2349.9102
131,165,40,-1968.876,-557.568,-2867.9722
129,165,40,-1604.67,-677.6,-3353.5801
127,165,40,-1155.1221,-803.44,-3782.6941
125,165,40,-619.03,-937.024,-4131.2739
123,165,40,-10.818,-1080.288,-4370.4722
121,165,40,651.484,-1231.296,-4472.6421
119,165,40,1319.796,-1390.048,-4418.5522
117,165,40,1970.078,-1554.608,-4202.1919
115,165,40,2550.644,-1724.976,-3834.3801
113,165,40,3025.4341,-1893.408,-3337.9541
111,165,40,3365.6001,-2054.0959,-2751.3779
109,165,40,3563.9302,-2205.104,-2117.9241
107,165,40,3621.626,-2338.688,-1474.854
105,165,40,3550.708,-2450.9761,-858.228
103,165,40,3369.2061,-2538.0959,-296.894
101,165,40,3102.3621,-2596.176,189.916
99,165,40,2782.6301,-2627.1521,584.172
97,165,40,2428.04,-2631.0239,891.884
95,165,40,2072.248,-2611.6641,1111.85
93,165,40,1727.274,-2569.072,1258.494
91,165,40,1407.542,-2507.1199,1343.8361
89,165,40,1117.86,-2431.616,1384.704
87,165,40,860.632,-2344.4961,1387.108
85,165,40,635.858,-2251.5679,1364.27
83,165,40,443.538,-2150.896,1323.402
81,165,40,278.864,-2048.2881,1272.918
79,165,40,141.836,-1945.6799,1215.222
79,167,40,240.4,-1891.472,1081.8
81,167,40,376.226,-1986.3359,1125.072
83,167,40,538.496,-2081.2,1159.9301
85,167,40,727.21,-2172.1919,1183.97
87,167,40,943.57,-2259.312,1191.182
89,167,40,1192.384,-2336.752,1171.9501
91,167,40,1466.4401,-2402.5759,1119.062
93,167,40,1770.546,-2454.8479,1020.498
95,167,40,2095.0859,-2485.824,863.036
97,167,40,2430.4441,-2497.4399,635.858
99,167,40,2753.782,-2481.9519,329.348
101,167,40,3047.0701,-2441.2959,-62.504
103,167,40,3286.2681,-2373.5359,-533.688
105,167,40,3442.5281,-2278.6719,-1080.598
107,167,40,3493.012,-2158.6399,-1674.386
109,167,40,3417.2861,-2019.248,-2294.6179
111,167,40,3208.1379,-1866.304,-2898.022
113,167,40,2859.5581,-1701.744,-3456.9521
115,167,40,2385.97,-1531.376,-3926.9341
117,167,40,1809.01,-1364.88,-4275.5142
119,167,40,1168.344,-1204.192,-4473.8442
121,167,40,503.638,-1053.184,-4511.106
123,167,40,-145.442,-911.856,-4400.522
125,167,40,-747.644,-782.144,-4154.1123
127,167,40,-1274.12,-664.048,-3803.1282
129,167,40,-1717.6581,-553.696,-3369.2061
131,167,40,-2073.45,-453.024,-2890.8101
133,167,40,-2352.314,-356.224,-2371.5461
135,167,40,-2557.856,-263.296,-1834.2521
137,167,40,-2698.49,-174.24,-1290.948
139,167,40,-2780.2261,-85.184,-744.038
141,167,40,-2807.8721,5.808,-200.734
143,167,40,-2785.0339,96.8,341.368
145,167,40,-2708.106,191.664,883.47
147,167,40,-2575.886,290.4,1415.9561
149,167,40,-2385.97,393.008,1934.0181
151,167,40,-2132.3481,499.488,2425.636
153,167,40,-1809.01,615.648,2892.012
155,167,40,-1407.542,743.424,3310.3081
157,167,40,-933.954,882.816,3662.4941
159,167,40,-395.458,1033.824,3917.3181
161,167,40,188.714,1194.512,4054.3462
163,167,40,796.926,1366.816,4057.9521
165,167,40,1390.714,1542.9919,3918.52
167,167,40,1936.422,1724.976,3638.4541
169,167,40,2394.384,1901.152,3235.7842
171,167,40,2739.3582,2063.7759,2744.166
173,167,40,2959.324,2214.7839,2192.448
175,167,40,3051.8782,2342.5601,1621.498
177,167,40,3026.636,2445.168,1068.578
179,167,40,2899.2241,2522.6079,556.526
181,167,40,2692.48,2569.072,111.786
183,167,40,2428.04,2588.4319,-262.036
185,167,40,2132.3481,2580.688,-556.526
187,167,40,1824.636,2549.7119,-775.29
189,167,40,1526.54,2499.376,-927.944
191,167,40,1246.474,2433.552,-1024.104
193,167,40,992.852,2356.1121,-1075.79
195,167,40,764.472,2267.0559,-1095.022
197,167,40,566.142,2174.1279,-1090.214
199,167,40,393.054,2075.3921,-1068.578
201,167,40,246.41,1976.656,-1034.922
203,167,40,121.402,1877.92,-994.054
205,167,40,16.828,1779.184,-948.378
205,169,40,108.18,1726.912,-834.188
203,169,40,213.956,1817.9039,-865.44
201,169,40,337.762,1910.832,-893.086
199,169,40,483.204,2001.824,-912.318
197,169,40,650.282,2092.8159,-919.53
195,169,40,842.602,2178.0,-911.116
193,169,40,1061.366,2255.4399,-877.46
191,169,40,1304.17,2325.136,-811.35
189,169,40,1568.61,2381.28,-705.574
187,169,40,1848.676,2421.936,-544.506
185,169,40,2134.752,2443.2319,-320.934
183,169,40,2407.606,2439.3601,-22.838
181,169,40,2645.6021,2408.384,344.974
179,169,40,2828.3062,2354.176,782.502
177,169,40,2932.8801,2268.9919,1278.928
175,169,40,2937.688,2156.7041,1816.222
173,169,40,2828.3062,2023.12,2363.1321
171,169,40,2596.3201,1868.24,2889.6082
169,169,40,2245.3359,1703.6799,3354.782
167,169,40,1786.172,1527.504,3735.8162
165,169,40,1247.676,1351.328,3991.842
163,169,40,658.696,1182.896,4114.4463
161,169,40,58.898,1020.272,4096.416
159,169,40,-515.658,869.264,3949.772
157,169,40,-1044.538,733.744,3687.7361
155,169,40,-1509.712,609.84,3336.752
153,169,40,-1903.968,497.552,2916.052
151,169,40,-2223.7,400.752,2450.8779
149,169,40,-2473.7161,311.696,1960.462
147,169,40,-2662.4299,228.448,1446.006
145,169,40,-2792.2461,151.008,918.328
143,169,40,-2869.1741,77.44,383.438
141,169,40,-2895.6182,5.808,-157.462
139,169,40,-2869.1741,-61.952,-697.16
137,169,40,-2791.0439,-131.648,-1240.464
135,169,40,-2654.0161,-201.344,-1782.566
133,169,40,-2454.4841,-274.912,-2318.658
131,169,40,-2184.0339,-350.416,-2835.5181
129,169,40,-1839.0601,-433.664,-3318.7222
127,169,40,-1409.946,-526.592,-3757.4521
125,169,40,-895.49,-629.2,-4120.4561
123,169,40,-310.116,-745.36,-4382.4922
121,169,40,326.944,-875.072,-4518.3179
119,169,40,977.226,-1016.4,-4506.2979
117,169,40,1615.488,-1169.344,-4341.624
115,169,40,2187.6401,-1331.968,-4033.9121
113,169,40,2668.4399,-1500.4,-3598.7881
111,169,40,3027.8381,-1664.96,-3075.918
109,169,40,3255.0161,-1823.712,-2504.968
107,169,40,3353.5801,-1966.976,-1914.786
105,169,40,3330.7419,-2094.752,-1339.0281
103,169,40,3204.532,-2197.3601,-810.148
101,169,40,2995.384,-2276.7361,-343.772
99,169,40,2732.146,-2325.136,43.272
97,169,40,2434.05,-2350.304,358.196
95,169,40,2123.9341,-2350.304,596.192
93,169,40,1819.828,-2329.0081,768.078
91,169,40,1531.348,-2288.3521,882.268
89,169,40,1270.514,-2232.208,953.186
87,169,40,1031.316,-2164.448,989.246
85,169,40,819.764,-2087.0081,1001.266
83,169,40,634.656,-2003.76,991.65
81,169,40,473.588,-1916.64,971.216
79,169,40,336.56,-1829.52,941.166
79,171,40,420.7,-1761.76,820.966
81,171,40,555.324,-1841.136,837.794
83,171,40,712.786,-1918.576,846.208
85,171,40,893.086,-1992.144,840.198
87,171,40,1096.224,-2061.8401,816.158
89,171,40,1324.604,-2119.9199,768.078
91,171,40,1572.2161,-2164.448,686.342
93,171,40,1843.868,-2195.4241,561.334
95,171,40,2126.3381,-2208.9761,384.64
97,171,40,2413.616,-2197.3601,143.038
99,171,40,2685.2681,-2162.512,-165.876
101,171,40,2922.062,-2104.4319,-545.708
103,171,40,3104.7661,-2019.248,-997.66
105,171,40,3210.542,-1908.896,-1509.712
107,171,40,3214.1479,-1777.248,-2059.0261
109,171,40,3102.3621,-1628.176,-2623.9661
111,171,40,2866.77,-1471.36,-3166.0681
113,171,40,2504.968,-1306.8,-3663.696
115,171,40,2031.38,-1142.24,-4069.9722
117,171,40,1462.834,-983.488,-4359.6543
119,171,40,841.4,-836.352,-4507.5
121,171,40,203.138,-704.704,-4503.894
123,171,40,-419.498,-586.608,-4364.4619
125,171,40,-992.852,-484.0,-4101.2241
127,171,40,-1492.884,-396.88,-3738.22
129,171,40,-1913.584,-321.376,-3304.2981
131,171,40,-2250.144,-257.488,-2828.3062
133,171,40,-2515.7861,-197.472,-2317.4561
135,171,40,-2711.7122,-145.2,-1789.7781
137,171,40,-2846.3359,-94.864,-1253.686
139,171,40,-2924.4661,-44.528,-718.796
141,171,40,-2952.1121,3.872,-183.906
143,171,40,-2929.2742,54.208,348.58
145,171,40,-2858.356,108.416,881.066
147,171,40,-2733.3481,166.496,1406.34
149,171,40,-2551.8459,230.384,1919.594
151,171,40,-2311.446,300.08,2408.8081
153,171,40,-2002.532,381.392,2876.386
155,171,40,-1622.7001,474.32,3301.894
157,171,40,-1170.748,580.8,3664.8979
159,171,40,-658.696,700.832,3938.9541
161,171,40,-96.16,836.352,4108.436
163,171,40,492.82,989.296,4150.5059
165,171,40,1073.386,1151.92,4057.9521
167,171,40,1611.8821,1322.288,3831.9761
169,171,40,2073.45,1494.592,3489.406
171,171,40,2434.05,1659.152,3059.0901
173,171,40,2682.864,1815.968,2565.0681
175,171,40,2815.084,1955.36,2042.198
177,171,40,2835.5181,2075.3921,1527.7421
179,171,40,2758.5901,2170.2561,1042.134
181,171,40,2605.936,2236.0801,613.02
183,171,40,2391.98,2276.7361,237.996
185,171,40,2144.3679,2290.2881,-63.706
187,171,40,1881.13,2282.5439,-300.5
189,171,40,1617.8921,2253.5039,-474.79
191,171,40,1367.876,2208.9761,-597.394
193,171,40,1135.89,2150.896,-680.332
195,171,40,924.338,2081.2,-729.614
197,171,40,736.826,2003.76,-753.654
199,171,40,572.152,1922.448,-759.664
201,171,40,429.114,1839.2,-753.654
203,171,40,304.106,1754.016,-739.23
205,171,40,197.128,1668.832,-716.392
205,173,40,276.46,1604.944,-611.818
203,173,40,383.438,1682.384,-621.434
201,173,40,504.84,1759.824,-626.242
199,173,40,644.272,1833.392,-620.232
197,173,40,804.138,1906.96,-601.0
195,173,40,984.438,1974.72,-563.738
193,173,40,1185.172,2032.8,-503.638
191,173,40,1406.34,2083.136,-412.286
189,173,40,1640.73,2117.9839,-281.268
187,173,40,1884.7361,2135.408,-100.968
185,173,40,2127.54,2133.4719,135.826
183,173,40,2352.314,2110.24,437.528
181,173,40,2541.0281,2059.9041,801.734
179,173,40,2672.0461,1982.464,1222.4341
177,173,40,2728.54,1881.792,1688.8101
175,173,40,2688.874,1755.952,2185.2361
173,173,40,2544.634,1610.752,2678.0562
171,173,40,2288.6082,1453.936,3146.8359
169,173,40,1928.0081,1289.376,3553.1121
167,173,40,1470.046,1120.944,3874.0461
165,173,40,939.964,956.384,4078.386
163,173,40,371.418,803.44,4155.314
161,173,40,-201.936,664.048,4102.4263
159,173,40,-751.25,542.08,3928.136
157,173,40,-1252.484,433.664,3651.676
155,173,40,-1691.214,342.672,3293.48
153,173,40,-2063.834,267.168,2872.78
151,173,40,-2366.738,205.216,2411.2122
149,173,40,-2603.532,152.944,1925.604
147,173,40,-2781.428,108.416,1421.9661
145,173,40,-2902.8301,67.76,905.106
143,173,40,-2974.95,32.912,383.438
141,173,40,-2998.99,1.936,-143.038
139,173,40,-2973.748,-29.04,-668.312
137,173,40,-2898.022,-58.08,-1197.192
135,173,40,-2769.408,-90.992,-1722.4661
133,173,40,-2579.4919,-127.776,-2242.9321
131,173,40,-2324.668,-166.496,-2748.9741
129,173,40,-1997.724,-214.896,-3223.7642
127,173,40,-1595.0541,-272.976,-3656.4841
125,173,40,-1110.6481,-344.608,-4023.094
123,173,40,-557.728,-429.792,-4300.7559
121,173,40,48.08,-536.272,-4459.4199
119,173,40,667.11,-656.304,-4482.2583
117,173,40,1281.332,-793.76,-4364.4619
115,173,40,1839.0601,-944.768,-4114.4463
113,173,40,2316.2542,-1107.392,-3743.0281
111,173,40,2684.0662,-1268.08,-3286.2681
109,173,40,2934.082,-1428.7679,-2773.0142
107,173,40,3065.1001,-1579.776,-2240.5281
105,173,40,3084.332,-1717.2319,-1712.85
103,173,40,3007.4041,-1833.392,-1220.03
101,173,40,2851.144,-1926.3199,-780.098
99,173,40,2641.9961,-1994.08,-406.276
97,173,40,2395.5859,-2036.672,-94.958
95,173,40,2133.55,-2057.968,152.654
93,173,40,1870.312,-2056.032,340.166
91,173,40,1616.6901,-2034.736,477.194
89,173,40,1381.098,-1999.8879,572.152
87,173,40,1163.536,-1951.488,637.06
85,173,40,967.61,-1893.408,675.524
83,173,40,792.118,-1827.584,694.756
81,173,40,637.06,-1757.8879,699.564
79,173,40,503.638,-1686.256,693.554
79,175,40,572.152,-1606.88,586.576
81,175,40,704.372,-1670.7679,580.566
83,175,40,853.42,-1732.72,564.94
85,175,40,1021.7,-1788.864,534.89
87,175,40,1209.212,-1837.264,486.81
89,175,40,1414.754,-1875.984,414.69
91,175,40,1635.922,-1901.152,311.318
93,175,40,1872.7161,-1912.7679,167.078
95,175,40,2113.116,-1905.024,-20.434
97,175,40,2354.718,-1875.984,-265.642
99,175,40,2575.886,-1825.6479,-569.748
101,175,40,2763.3979,-1750.144,-933.954
103,175,40,2895.6182,-1649.472,-1358.26
105,175,40,2953.314,-1529.4399,-1828.2421
107,175,40,2918.4561,-1390.048,-2327.072
109,175,40,2777.822,-1237.104,-2835.5181
111,175,40,2525.4021,-1078.3521,-3316.3181
113,175,40,2159.9941,-917.664,-3750.24
115,175,40,1692.416,-764.72,-4095.2141
117,175,40,1144.3041,-619.52,-4329.604
119,175,40,550.516,-489.808,-4432.9761
121,175,40,-55.292,-379.456,-4400.522
123,175,40,-638.262,-288.464,-4241.8579
125,175,40,-1176.7581,-214.896,-3969.0042
127,175,40,-1644.3361,-156.816,-3608.4041
129,175,40,-2039.7941,-116.16,-3184.0981
131,175,40,-2355.9199,-83.248,-2721.3281
133,175,40,-2604.7341,-60.016,-2224.9021
135,175,40,-2791.0439,-42.592,-1717.6581
137,175,40,-2917.2542,-27.104,-1203.202
139,175,40,-2992.98,-13.552,-686.342
141,175,40,-3018.2222,-1.936,-171.886
143,175,40,-2998.99,13.552,342.57
145,175,40,-2931.678,29.04,858.228
147,175,40,-2815.084,50.336,1366.6741
149,175,40,-2644.4001,79.376,1864.302
151,175,40,-2419.626,112.288,2343.9001
153,175,40,-2129.9441,158.752,2801.8621
155,175,40,-1772.9501,216.832,3221.3601
157,175,40,-1349.8461,290.4,3586.7681
159,175,40,-864.238,381.392,3872.844
161,175,40,-334.156,489.808,4061.5581
163,175,40,224.774,617.584,4134.8799
165,175,40,781.3,760.848,4083.1941
167,175,40,1304.17,915.728,3907.7021
169,175,40,1759.728,1078.3521,3622.8281
171,175,40,2125.136,1240.976,3253.814
173,175,40,2391.98,1397.792,2821.094
175,175,40,2554.25,1544.928,2353.5161
177,175,40,2615.552,1674.64,1882.332
179,175,40,2583.0981,1784.9919,1432.7841
181,175,40,2478.5239,1872.1119,1021.7
183,175,40,2315.052,1932.1279,659.898
185,175,40,2114.3181,1968.912,356.994
187,175,40,1893.15,1982.464,110.584
189,175,40,1667.1741,1974.72,-80.534
191,175,40,1447.208,1951.488,-223.572
193,175,40,1238.0601,1912.7679,-329.348
195,175,40,1044.538,1864.368,-403.872
197,175,40,872.652,1806.288,-453.154
199,175,40,716.392,1744.3359,-484.406
201,175,40,578.162,1676.576,-501.234
203,175,40,457.962,1606.88,-507.244
205,175,40,350.984,1535.248,-506.042
205,177,40,417.094,1461.6799,-413.488
203,177,40,521.668,1523.632,-406.276
201,177,40,639.464,1585.584,-389.448
199,177,40,772.886,1643.6639,-363.004
197,177,40,921.934,1697.8719,-322.136
195,177,40,1087.8101,1746.272,-263.238
193,177,40,1269.312,1784.9919,-181.502
191,177,40,1465.238,1814.032,-69.716
189,177,40,1669.578,1827.584,78.13
187,177,40,1878.7261,1823.712,272.854
185,177,40,2079.46,1800.48,516.86
183,177,40,2258.5581,1754.016,814.956
181,177,40,2399.1921,1684.3199,1164.738
179,177,40,2484.5339,1591.392,1560.196
177,177,40,2496.554,1475.2319,1990.5121
175,177,40,2422.03,1341.6479,2437.656
173,177,40,2252.5481,1192.576,2876.386
171,177,40,1983.3,1033.824,3285.0662
169,177,40,1621.498,877.008,3632.4441
167,177,40,1175.556,720.192,3893.2781
165,177,40,667.11,573.056,4051.9421
163,177,40,127.412,441.408,4091.6082
161,177,40,-415.892,327.184,4009.8721
159,177,40,-929.146,232.32,3821.158
157,177,40,-1399.1281,156.816,3538.688
155,177,40,-1811.4141,98.736,3181.6941
153,177,40,-2158.792,56.144,2769.408
151,177,40,-2441.262,27.104,2322.2642
149,177,40,-2661.228,7.744,1854.686
147,177,40,-2828.3062,-1.936,1370.28
145,177,40,-2943.698,-7.744,873.854
143,177,40,-3009.8081,-9.68,372.62
141,177,40,-3030.2419,-5.808,-131.018
139,177,40,-3006.2021,-3.872,-632.252
137,177,40,-2935.2839,1.936,-1138.2941
135,177,40,-2813.8821,1.936,-1639.5281
133,177,40,-2634.7839,0.0,-2139.5601
131,177,40,-2395.5859,-7.744,-2622.7642
129,177,40,-2090.2781,-25.168,-3079.5242
127,177,40,-1714.052,-52.272,-3497.8201
125,177,40,-1263.302,-92.928,-3859.6221
123,177,40,-747.644,-151.008,-4136.082
121,177,40,-182.704,-228.448,-4311.5742
119,177,40,399.064,-325.248,-4362.0581
117,177,40,977.226,-445.28,-4283.9282
115,177,40,1513.318,-580.8,-4081.9922
113,177,40,1979.6941,-731.808,-3773.0781
111,177,40,2347.5061,-888.624,-3375.2161
109,177,40,2609.542,-1045.4399,-2926.8701
107,177,40,2764.6001,-1198.384,-2452.0801
105,177,40,2818.6899,-1339.712,-1977.29
103,177,40,2783.832,-1465.552,-1528.944
101,177,40,2675.6521,-1572.032,-1116.6581
99,177,40,2514.584,-1653.344,-763.27
97,177,40,2316.2542,-1713.36,-461.568
95,177,40,2101.0959,-1748.208,-216.36
93,177,40,1878.7261,-1767.568,-21.636
91,177,40,1658.76,-1765.632,129.816
89,177,40,1452.016,-1748.208,245.208
87,177,40,1257.292,-1719.168,329.348
85,177,40,1078.194,-1678.512,389.448
83,177,40,915.924,-1632.048,430.316
81,177,40,769.28,-1579.776,457.962
79,177,40,639.464,-1523.632,473.588
79,179,40,693.554,-1436.512,377.428
81,179,40,819.764,-1484.912,354.59
83,179,40,959.196,-1527.504,320.934
85,179,40,1115.4561,-1566.224,270.45
87,179,40,1284.938,-1597.2,204.34
89,179,40,1467.642,-1618.496,112.988
91,179,40,1659.962,-1626.24,-4.808
93,179,40,1861.8981,-1620.432,-157.462
95,179,40,2065.0361,-1595.264,-352.186
97,179,40,2260.9622,-1550.736,-594.99
99,179,40,2436.4541,-1484.912,-887.076
101,179,40,2575.886,-1397.792,-1228.444
103,179,40,2662.4299,-1289.376,-1616.6901
105,179,40,2680.46,-1159.6639,-2044.6021
107,179,40,2614.3501,-1018.336,-2489.342
109,179,40,2452.0801,-865.392,-2936.4861
111,179,40,2192.448,-712.448,-3357.186
113,179,40,1829.4441,-557.568,-3727.4021
115,179,40,1378.694,-416.24,-4017.084
117,179,40,858.228,-288.464,-4202.1919
119,179,40,302.904,-180.048,-4267.1001
121,179,40,-258.43,-92.928,-4213.0103
123,179,40,-799.33,-27.104,-4043.5281
125,179,40,-1299.3621,17.424,-3773.0781
127,179,40,-1733.2841,46.464,-3424.498
129,179,40,-2098.6921,58.08,-3019.4241
131,179,40,-2393.1821,61.952,-2578.29
133,179,40,-2626.3701,54.208,-2109.51
135,179,40,-2800.6602,42.592,-1626.306
137,179,40,-2920.8601,25.168,-1139.496
139,179,40,-2992.98,7.744,-647.878
141,179,40,-3018.2222,-11.616,-159.866
143,179,40,-2998.99,-27.104,328.146
145,179,40,-2937.688,-42.592,820.966
147,179,40,-2828.3062,-54.208,1304.17
149,179,40,-2669.6421,-58.08,1777.7581
151,179,40,-2460.4941,-54.208,2234.5181
153,179,40,-2191.2461,-42.592,2673.248
155,179,40,-1859.494,-15.488,3080.7261
157,179,40,-1464.036,27.104,3437.72
159,179,40,-1013.286,85.184,3723.7961
161,179,40,-519.264,164.56,3920.9241
163,179,40,3.606,265.232,4018.2861
165,179,40,526.476,385.264,4000.2561
167,179,40,1020.498,520.784,3869.238
169,179,40,1459.228,669.856,3638.4541
171,179,40,1819.828,822.8,3325.9341
173,179,40,2096.2881,979.616,2953.314
175,179,40,2278.9919,1128.688,2542.23
177,179,40,2369.1421,1266.144,2123.9341
179,179,40,2378.7581,1388.1119,1716.4561
181,179,40,2317.4561,1488.7839,1335.422
183,179,40,2199.6602,1566.224,994.054
185,179,40,2043.4,1624.304,697.16
187,179,40,1863.1,1657.2159,450.75
189,179,40,1673.1841,1672.704,251.218
191,179,40,1485.672,1670.7679,93.756
193,179,40,1302.968,1655.28,-28.848
195,179,40,1128.678,1626.24,-121.402
197,179,40,971.216,1587.52,-192.32
199,179,40,825.774,1542.9919,-242.804
201,179,40,697.16,1492.656,-278.864
203,179,40,580.566,1440.384,-304.106
205,179,40,475.992,1384.24,-319.732
205,181,40,527.678,1304.864,-241.602
203,181,40,628.646,1353.264,-218.764
201,181,40,740.432,1397.792,-186.31
199,181,40,865.44,1440.384,-143.038
197,181,40,1002.468,1475.2319,-85.342
195,181,40,1152.718,1502.3359,-9.616
193,181,40,1313.786,1523.632,87.746
191,181,40,1484.47,1531.376,213.956
189,181,40,1657.558,1523.632,372.62
187,181,40,1829.4441,1498.464,570.95
185,181,40,1990.5121,1455.8719,812.552
183,181,40,2127.54,1390.048,1099.8301
181,181,40,2224.9021,1304.864,1425.572
179,181,40,2268.1741,1198.384,1786.172
177,181,40,2245.3359,1074.48,2170.812
175,181,40,2145.5701,933.152,2567.4722
173,181,40,1959.26,786.016,2948.5061
171,181,40,1686.406,633.072,3299.49
169,181,40,1334.22,484.0,3587.97
167,181,40,908.712,344.608,3799.522
165,181,40,432.72,216.832,3916.116
163,181,40,-68.514,110.352,3924.53
161,181,40,-573.354,21.296,3827.168
159,181,40,-1050.548,-44.528,3633.646
157,181,40,-1486.874,-90.992,3355.9841
155,181,40,-1867.9081,-120.032,3012.2122
153,181,40,-2190.0439,-131.648,2616.7542
151,181,40,-2452.0801,-129.712,2193.6501
149,181,40,-2657.6221,-118.096,1753.718
147,181,40,-2810.2761,-100.672,1295.756
145,181,40,-2917.2542,-75.504,825.774
143,181,40,-2979.7581,-48.4,353.388
141,181,40,-2998.99,-17.424,-122.604
139,181,40,-2974.95,15.488,-596.192
137,181,40,-2906.436,44.528,-1070.9821
135,181,40,-2793.448,75.504,-1543.368
133,181,40,-2626.3701,100.672,-2013.3501
131,181,40,-2402.7981,118.096,-2467.7061
129,181,40,-2120.3281,129.712,-2896.8201
127,181,40,-1771.748,129.712,-3294.6821
125,181,40,-1354.6541,116.16,-3640.8582
123,181,40,-881.066,85.184,-3912.51
121,181,40,-359.398,30.976,-4090.406
119,181,40,179.098,-42.592,-4160.1221
117,181,40,717.594,-141.328,-4114.4463
115,181,40,1220.03,-257.488,-3956.9841
113,181,40,1662.3661,-394.944,-3697.3521
111,181,40,2022.9661,-542.08,-3363.196
109,181,40,2287.406,-693.088,-2977.354
107,181,40,2459.292,-844.096,-2562.6641
105,181,40,2541.0281,-987.36,-2140.762
103,181,40,2543.4321,-1117.072,-1739.2941
101,181,40,2476.1201,-1229.36,-1365.472
99,181,40,2360.728,-1320.3521,-1037.326
97,181,40,2206.8721,-1391.984,-751.25
95,181,40,2032.582,-1444.256,-510.85
93,181,40,1848.676,-1475.2319,-312.52
91,181,40,1664.77,-1490.72,-155.058
89,181,40,1485.672,-1490.72,-28.848
87,181,40,1313.786,-1477.168,69.716
85,181,40,1151.516,-1453.936,147.846
83,181,40,1002.468,-1422.96,205.542
81,181,40,865.44,-1388.1119,250.016
79,181,40,741.634,-1345.52,281.268
79,183,40,781.3,-1256.464,200.734
81,183,40,900.298,-1289.376,164.674
83,183,40,1030.114,-1318.416,116.594
85,183,40,1171.9501,-1339.712,51.686
87,183,40,1323.402,-1355.2,-30.05
89,183,40,1484.47,-1361.0079,-132.22
91,183,40,1649.144,-1353.264,-258.43
93,183,40,1818.626,-1330.032,-418.296
95,183,40,1985.704,-1293.248,-611.818
97,183,40,2139.5601,-1237.104,-845.006
99,183,40,2272.9819,-1159.6639,-1119.062
101,183,40,2370.344,-1066.736,-1435.188
103,183,40,2418.4241,-952.512,-1783.7681
105,183,40,2402.7981,-822.8,-2166.0042
107,183,40,2312.6479,-681.472,-2556.6541
109,183,40,2137.156,-532.4,-2946.1021
111,183,40,1876.322,-387.2,-3304.2981
113,183,40,1525.338,-245.872,-3615.616
115,183,40,1101.032,-118.096,-3853.6121
117,183,40,617.828,-7.744,-3997.8521
119,183,40,104.574,79.376,-4035.114
121,183,40,-412.286,145.2,-3965.3982
123,183,40,-908.712,185.856,-3794.7141
125,183,40,-1364.27,205.216,-3535.082
127,183,40,-1764.536,209.088,-3206.936
129,183,40,-2101.0959,197.472,-2825.9021
131,183,40,-2373.95,174.24,-2413.616
133,183,40,-2591.512,143.264,-1974.886
135,183,40,-2752.5801,106.48,-1525.338
137,183,40,-2866.77,63.888,-1068.578
139,183,40,-2932.8801,21.296,-609.414
141,183,40,-2958.1221,-23.232,-151.452
143,183,40,-2942.4961,-65.824,307.712
145,183,40,-2883.5981,-106.48,765.674
147,183,40,-2782.6301,-143.264,1218.828
149,183,40,-2634.7839,-174.24,1664.77
151,183,40,-2441.262,-197.472,2093.884
153,183,40,-2191.2461,-212.96,2506.1702
155,183,40,-1883.5341,-214.896,2889.6082
157,183,40,-1519.328,-201.344,3228.572
159,183,40,-1103.436,-170.368,3503.8301
161,183,40,-649.08,-118.096,3702.1602
163,183,40,-169.482,-44.528,3809.1382
165,183,40,312.52,50.336,3813.946
167,183,40,770.482,166.496,3721.3921
169,183,40,1185.172,298.144,3537.4861
171,183,40,1532.55,437.536,3279.0562
173,183,40,1806.6061,588.544,2964.1321
175,183,40,1998.926,733.744,2611.946
177,183,40,2111.9141,873.136,2246.5381
179,183,40,2151.5801,1002.848,1884.7361
181,183,40,2126.3381,1113.2,1544.5701
183,183,40,2050.6121,1206.1281,1228.444
185,183,40,1935.2201,1279.696,949.58
187,183,40,1794.5861,1331.968,710.382
189,183,40,1641.932,1366.816,509.648
191,183,40,1483.2681,1384.24,347.378
193,183,40,1327.0081,1386.176,213.956
195,183,40,1174.354,1376.496,109.382
197,183,40,1032.5181,1359.072,25.242
199,183,40,901.5,1331.968,-42.07
201,183,40,781.3,1300.9919,-92.554
203,183,40,671.918,1262.272,-132.22
205,183,40,573.354,1223.552,-162.27
