x,y,z,Bx,By,Bz
80,89,0,-2478.5239,3353.1521,-784.906
82,89,0,-2501.3621,3684.208,-854.622
84,89,0,-2497.7561,4044.304,-930.348
86,89,0,-2459.292,4429.5679,-1010.882
88,89,0,-2383.5662,4834.1919,-1095.022
90,89,0,-2257.356,5254.3042,-1181.566
92,89,0,-2077.0562,5678.2881,-1269.312
94,89,0,-1836.656,6098.3999,-1352.25
96,89,0,-1533.7521,6497.2158,-1433.9861
98,89,0,-1162.334,6872.7998,-1508.51
100,89,0,-732.018,7198.0479,-1569.812
102,89,0,-239.198,7459.4082,-1620.296
104,89,0,300.5,7651.0718,-1655.1541
106,89,0,875.056,7751.7441,-1673.1841
108,89,0,1474.854,7759.4878,-1674.386
110,89,0,2080.6621,7664.624,-1656.3561
112,89,0,2672.0461,7476.832,-1619.094
114,89,0,3246.6021,7190.3042,-1560.196
116,89,0,3771.876,6826.3359,-1486.874
118,89,0,4253.8779,6386.8638,-1402.734
120,89,0,4673.376,5891.248,-1304.17
122,89,0,5031.5723,5349.168,-1193.5861
124,89,0,5328.4663,4779.9839,-1075.79
126,89,0,5564.0581,4199.1841,-951.984
128,89,0,5749.166,3616.448,-826.976
130,89,0,5887.396,3035.6479,-698.362
132,89,0,5987.1621,2464.5281,-569.748
134,89,0,6056.8779,1903.088,-443.538
136,89,0,6107.3623,1359.072,-317.328
138,89,0,6138.6143,824.736,-194.724
140,89,0,6189.0981,296.208,-57.696
142,89,0,6201.1182,-234.256,67.312
144,89,0,6201.1182,-766.656,192.32
146,89,0,6187.896,-1302.928,316.126
148,89,0,6160.25,-1854.688,442.336
150,89,0,6108.564,-2416.1279,568.546
152,89,0,6026.8281,-2994.9919,697.16
154,89,0,5907.8301,-3587.408,825.774
156,89,0,5745.5601,-4187.5679,951.984
158,89,0,5526.7959,-4783.856,1074.588
160,89,0,5245.5283,-5380.144,1194.788
162,89,0,4899.3521,-5949.3281,1307.776
164,89,0,4481.0562,-6487.5361,1411.1481
166,89,0,4001.458,-6961.856,1501.298
168,89,0,3459.356,-7370.3521,1575.822
170,89,0,2873.9819,-7689.792,1632.316
172,89,0,2257.356,-7912.4321,1668.376
174,89,0,1620.296,-8034.3999,1685.204
176,89,0,992.852,-8046.0161,1685.204
178,89,0,385.842,-7953.0879,1664.77
180,89,0,-183.906,-7771.104,1625.104
182,89,0,-701.968,-7503.936,1569.812
184,89,0,-1162.334,-7169.0078,1502.5
186,89,0,-1548.176,-6787.6157,1425.572
188,89,0,-1871.514,-6371.376,1340.23
190,89,0,-2122.7319,-5931.9038,1250.0801
192,89,0,-2311.446,-5490.4961,1161.1321
194,89,0,-2443.666,-5049.0879,1069.78
196,89,0,-2526.604,-4628.9761,979.63
198,89,0,-2565.0681,-4224.3521,896.692
200,89,0,-2566.27,-3844.896,817.36
202,89,0,-2541.0281,-3492.5439,741.634
204,89,0,-2492.948,-3165.3599,671.918
206,89,0,-2426.8381,-2869.1521,608.212
206,91,0,-2721.3281,-2958.208,671.918
204,91,0,-2815.084,-3279.584,744.038
202,91,0,-2894.416,-3639.6799,828.178
200,91,0,-2954.5161,-4036.5601,917.126
198,91,0,-2982.1621,-4466.3521,1012.084
196,91,0,-2973.748,-4932.9277,1114.254
194,91,0,-2917.2542,-5422.7358,1220.03
192,91,0,-2801.8621,-5941.584,1330.614
190,91,0,-2619.158,-6475.9199,1443.6021
188,91,0,-2358.324,-7006.3838,1554.186
186,91,0,-2012.1481,-7523.2959,1664.77
184,91,0,-1580.63,-8001.4878,1764.536
182,91,0,-1061.366,-8425.4717,1855.8881
180,91,0,-461.568,-8768.1436,1931.614
178,91,0,200.734,-9014.0156,1986.906
176,91,0,915.924,-9145.6641,2020.562
174,91,0,1657.558,-9145.6641,2027.774
172,91,0,2407.606,-9014.0156,2008.542
170,91,0,3136.0181,-8750.7197,1964.068
168,91,0,3823.562,-8367.3916,1895.5541
166,91,0,4452.208,-7885.3281,1804.202
164,91,0,5001.522,-7316.144,1694.8201
162,91,0,5470.3022,-6681.1357,1568.61
160,91,0,5853.7402,-6005.4722,1429.178
158,91,0,6153.0381,-5310.4478,1281.332
156,91,0,6373.0039,-4611.5518,1132.2841
154,91,0,6530.4663,-3928.144,978.428
152,91,0,6635.04,-3262.1599,823.37
150,91,0,6698.7461,-2621.344,673.12
148,91,0,6733.604,-1999.8879,524.072
146,91,0,6746.8262,-1401.6639,377.428
144,91,0,6746.8262,-820.864,231.986
142,91,0,6742.0181,-249.744,88.948
140,91,0,6731.2002,313.632,-54.09
138,91,0,6714.3721,880.88,-197.128
136,91,0,6692.7363,1459.744,-342.57
134,91,0,6655.4741,2048.2881,-488.012
132,91,0,6600.1821,2662.0,-637.06
130,91,0,6516.042,3295.072,-787.31
128,91,0,6389.832,3945.5679,-937.56
126,91,0,6210.7339,4611.5518,-1091.416
124,91,0,5972.7383,5283.3437,-1241.666
122,91,0,5656.6123,5947.3921,-1388.3101
120,91,0,5264.7603,6578.5278,-1524.136
118,91,0,4793.5762,7169.0078,-1651.548
116,91,0,4245.4639,7693.6641,-1760.9301
114,91,0,3633.646,8131.2002,-1851.0801
112,91,0,2962.9302,8468.0635,-1921.998
110,91,0,2262.1641,8690.7041,-1966.472
108,91,0,1544.5701,8791.376,-1985.704
106,91,0,835.39,8772.0156,-1984.5021
104,91,0,157.462,8634.5596,-1960.462
102,91,0,-472.386,8390.624,-1914.786
100,91,0,-1039.73,8057.6318,-1843.868
98,91,0,-1530.146,7649.1357,-1765.738
96,91,0,-1940.0281,7190.3042,-1674.386
94,91,0,-2265.77,6698.5601,-1575.822
92,91,0,-2514.584,6191.3281,-1471.248
90,91,0,-2690.0759,5682.1602,-1365.472
88,91,0,-2800.6602,5192.3521,-1262.1
86,91,0,-2859.5581,4719.9678,-1159.9301
84,91,0,-2870.376,4278.5601,-1063.77
82,91,0,-2846.3359,3868.1279,-972.418
80,91,0,-2793.448,3492.5439,-888.278
80,93,0,-3169.6741,3622.2559,-982.034
82,93,0,-3262.228,4044.304,-1083.0021
84,93,0,-3327.136,4505.0718,-1191.182
86,93,0,-3354.782,5014.2397,-1308.978
88,93,0,-3331.9441,5562.1279,-1432.7841
90,93,0,-3245.4001,6146.7998,-1563.802
92,93,0,-3086.7361,6752.7681,-1697.224
94,93,0,-2837.9221,7368.416,-1833.05
96,93,0,-2494.1501,7976.3198,-1962.8661
98,93,0,-2040.9961,8557.1201,-2084.2681
100,93,0,-1485.672,9077.9043,-2193.6501
102,93,0,-828.178,9517.376,-2285.002
104,93,0,-93.756,9840.6875,-2347.5061
106,93,0,705.574,10030.416,-2384.7681
108,93,0,1546.974,10076.8799,-2391.98
110,93,0,2405.2021,9962.6563,-2372.748
112,93,0,3239.3901,9703.2324,-2319.8601
114,93,0,4033.9121,9296.6719,-2233.3162
116,93,0,4751.5059,8770.0801,-2119.126
118,93,0,5387.3643,8133.1357,-1982.098
120,93,0,5919.8501,7422.624,-1829.4441
122,93,0,6350.166,6661.7759,-1659.962
124,93,0,6683.1201,5879.6318,-1478.4601
126,93,0,6923.52,5099.4238,-1296.958
128,93,0,7089.396,4328.896,-1109.446
130,93,0,7192.7681,3591.28,-926.742
132,93,0,7256.4741,2890.448,-747.644
134,93,0,7286.5239,2216.72,-573.354
136,93,0,7299.7461,1579.776,-403.872
138,93,0,7310.564,958.32,-235.592
140,93,0,7318.978,354.288,-69.716
142,93,0,7333.4023,-243.936,93.756
144,93,0,7351.4321,-849.904,260.834
146,93,0,7368.2603,-1475.2319,431.518
148,93,0,7380.2803,-2121.856,603.404
150,93,0,7376.6743,-2799.4561,776.492
152,93,0,7346.624,-3517.7119,957.994
154,93,0,7273.3022,-4272.752,1143.1021
156,93,0,7138.6782,-5056.832,1327.0081
158,93,0,6927.126,-5868.0161,1513.318
160,93,0,6623.02,-6692.752,1697.224
162,93,0,6210.7339,-7502.0,1872.7161
164,93,0,5687.8643,-8266.7197,2033.7841
166,93,0,5064.0259,-8959.8076,2176.822
168,93,0,4330.8062,-9556.0957,2293.416
170,93,0,3519.4561,-10024.6084,2382.364
172,93,0,2649.208,-10340.1758,2444.8682
174,93,0,1751.3141,-10491.1836,2468.908
176,93,0,863.036,-10467.9521,2480.928
178,93,0,10.818,-10291.7764,2438.8582
180,93,0,-777.694,-9970.4004,2371.5461
182,93,0,-1477.2581,-9527.0557,2271.78
184,93,0,-2072.248,-8984.9756,2155.186
186,93,0,-2553.0481,-8382.8799,2022.9661
188,93,0,-2925.668,-7738.1919,1881.13
190,93,0,-3194.916,-7085.7598,1736.89
192,93,0,-3369.2061,-6444.9438,1593.8521
194,93,0,-3461.76,-5829.2959,1454.42
196,93,0,-3487.002,-5252.3682,1322.2001
198,93,0,-3459.356,-4712.2241,1195.99
200,93,0,-3389.6401,-4222.416,1079.396
202,93,0,-3292.2781,-3777.136,972.418
204,93,0,-3173.28,-3376.384,873.854
206,93,0,-3043.4641,-3024.032,786.108
206,95,0,-3388.438,-3070.4961,863.036
204,95,0,-3562.728,-3451.8879,962.802
202,95,0,-3729.8062,-3885.552,1074.588
200,95,0,-3880.0562,-4379.2319,1203.202
198,95,0,-4003.8621,-4934.8638,1343.8361
196,95,0,-4084.396,-5546.6401,1496.49
194,95,0,-4110.8398,-6218.4321,1661.1641
192,95,0,-4059.1541,-6952.1758,1837.858
190,95,0,-3913.7122,-7724.6401,2022.9661
188,95,0,-3654.0801,-8524.208,2208.074
186,95,0,-3261.0261,-9325.7119,2391.98
184,95,0,-2730.9441,-10088.4961,2566.27
182,95,0,-2053.0161,-10777.7119,2722.53
180,95,0,-1233.2521,-11360.4482,2855.9521
178,95,0,-304.106,-11796.0479,2956.9202
176,95,0,717.594,-12043.8555,3019.4241
174,95,0,1783.7681,-12086.4482,3036.252
172,95,0,2865.5681,-11921.8877,3009.8081
170,95,0,3914.9141,-11544.3682,2934.082
168,95,0,4888.5342,-10977.1201,2817.488
166,95,0,5756.3779,-10253.0557,2669.6421
164,95,0,6483.5879,-9403.1523,2486.938
162,95,0,7068.9619,-8473.8721,2278.9919
160,95,0,7516.106,-7492.3198,2055.4199
158,95,0,7821.4141,-6508.832,1823.4341
156,95,0,8010.1279,-5552.4478,1591.448
154,95,0,8111.0962,-4648.3359,1365.472
152,95,0,8137.54,-3786.8159,1140.698
150,95,0,8118.3081,-2989.1841,924.338
148,95,0,8078.6421,-2247.696,717.594
146,95,0,8030.562,-1554.608,515.658
144,95,0,7989.6943,-898.304,318.53
142,95,0,7959.644,-261.36,127.412
140,95,0,7945.2202,369.776,-62.504
138,95,0,7947.624,1004.784,-253.622
136,95,0,7964.4521,1659.152,-449.548
134,95,0,7980.0781,2340.624,-647.878
132,95,0,7992.0981,3074.3679,-854.622
130,95,0,7978.876,3858.448,-1072.184
128,95,0,7916.3721,4692.8638,-1292.15
126,95,0,7786.5562,5579.5518,-1518.126
124,95,0,7566.5903,6493.3437,-1746.506
122,95,0,7234.8379,7426.4961,-1973.6841
120,95,0,6773.27,8344.1602,-2188.842
118,95,0,6175.876,9217.2959,-2389.5759
116,95,0,5445.0601,9997.5039,-2569.876
114,95,0,4595.2461,10649.9355,-2715.3181
112,95,0,3646.8682,11143.6162,-2824.7
110,95,0,2640.7939,11459.1836,-2894.416
108,95,0,1607.074,11579.2158,-2919.658
106,95,0,587.778,11509.5195,-2905.2341
104,95,0,-369.014,11250.0957,-2848.74
102,95,0,-1248.8781,10826.1123,-2753.782
100,95,0,-2016.9561,10268.5439,-2629.9761
98,95,0,-2651.6121,9602.5596,-2488.1401
96,95,0,-3151.644,8876.5596,-2329.4761
94,95,0,-3517.052,8127.3281,-2158.792
92,95,0,-3759.856,7370.3521,-1985.704
90,95,0,-3900.49,6640.48,-1812.6161
88,95,0,-3948.5701,5951.2642,-1646.74
86,95,0,-3926.9341,5310.4478,-1488.076
84,95,0,-3853.6121,4735.4561,-1345.038
82,95,0,-3740.624,4208.8638,-1211.616
80,95,0,-3601.1921,3740.3521,-1091.416
80,97,0,-4062.76,3825.5359,-1204.4041
82,97,0,-4262.292,4336.6401,-1345.038
84,97,0,-4442.5923,4921.312,-1504.9041
86,97,0,-4585.6299,5579.5518,-1681.598
88,97,0,-4674.5781,6317.168,-1873.9181
90,97,0,-4686.5981,7128.3521,-2080.6621
92,97,0,-4594.0439,8001.4878,-2299.426
94,97,0,-4376.4819,8928.832,-2525.4021
96,97,0,-4009.8721,9863.9199,-2748.9741
98,97,0,-3467.77,10791.2637,-2965.334
100,97,0,-2750.176,11650.8477,-3162.4622
102,97,0,-1854.686,12386.5283,-3328.3381
104,97,0,-808.946,12957.6475,-3453.3459
106,97,0,344.974,13319.6797,-3530.2742
108,97,0,1583.0341,13435.8398,-3567.5361
110,97,0,2843.9321,13298.3838,-3541.092
112,97,0,4063.9622,12913.1201,-3456.9521
114,97,0,5204.6602,12291.6641,-3318.7222
116,97,0,6215.542,11480.4795,-3132.4121
118,97,0,7068.9619,10502.7998,-2902.8301
120,97,0,7746.8901,9434.1279,-2649.208
122,97,0,8240.9121,8311.248,-2372.748
124,97,0,8570.2598,7190.3042,-2089.0759
126,97,0,8761.3779,6108.0801,-1809.01
128,97,0,8838.3066,5087.8081,-1531.348
130,97,0,8838.3066,4141.104,-1265.7061
132,97,0,8790.2266,3271.8401,-1008.478
134,97,0,8722.9141,2478.0801,-765.674
136,97,0,8664.0166,1750.144,-536.092
138,97,0,8619.542,1064.8,-306.51
140,97,0,8602.7139,406.56,-87.746
142,97,0,8617.1377,-240.064,128.614
144,97,0,8664.0166,-904.112,349.782
146,97,0,8740.9443,-1587.52,573.354
148,97,0,8840.71,-2323.2,807.744
150,97,0,8939.2744,-3122.7681,1055.3561
152,97,0,9027.0205,-4003.6479,1312.584
154,97,0,9067.8877,-4967.7759,1581.832
156,97,0,9037.8379,-6017.0879,1861.8981
158,97,0,8899.6084,-7147.7119,2153.9841
160,97,0,8614.7344,-8326.7363,2443.666
162,97,0,8156.772,-9521.248,2724.9341
164,97,0,7511.2983,-10678.9756,2990.5762
166,97,0,6672.3022,-11737.9678,3229.7742
168,97,0,5653.0059,-12657.5684,3435.3162
170,97,0,4490.6719,-13364.208,3591.5762
172,97,0,3214.1479,-13842.4004,3691.342
174,97,0,1893.15,-14041.8076,3727.4021
176,97,0,585.374,-13970.1758,3704.564
178,97,0,-659.898,-13631.376,3618.02
180,97,0,-1784.9701,-13069.9355,3485.8
182,97,0,-2753.782,-12311.0244,3306.7021
184,97,0,-3544.698,-11408.8477,3095.1501
186,97,0,-4142.0923,-10431.168,2857.1541
188,97,0,-4548.3682,-9428.3203,2615.552
190,97,0,-4786.3643,-8439.0244,2376.354
192,97,0,-4884.9282,-7498.1279,2140.762
194,97,0,-4875.312,-6630.7998,1918.3921
196,97,0,-4780.354,-5844.7842,1716.4561
198,97,0,-4627.7002,-5142.0161,1525.338
200,97,0,-4436.582,-4522.4961,1360.6641
202,97,0,-4219.02,-3976.5439,1205.6061
204,97,0,-3991.842,-3502.2239,1072.184
206,97,0,-3764.6641,-3089.856,954.388
206,99,0,-4154.1123,-3076.304,1039.73
204,99,0,-4441.3901,-3506.0959,1174.354
202,99,0,-4739.4863,-4017.2,1329.412
200,99,0,-5037.582,-4605.7441,1508.51
198,99,0,-5321.2539,-5293.0239,1711.6481
196,99,0,-5572.4722,-6084.8481,1938.826
194,99,0,-5767.1963,-6988.96,2190.0439
192,99,0,-5872.9722,-8013.104,2466.5042
190,99,0,-5854.9419,-9147.5996,2767.0042
188,99,0,-5667.4302,-10365.3438,3075.918
186,99,0,-5269.5679,-11629.5518,3394.448
184,99,0,-4630.104,-12880.208,3700.958
182,99,0,-3732.21,-14053.4238,3985.832
180,99,0,-2587.906,-15060.1436,4233.4438
178,99,0,-1226.04,-15826.7998,4420.9561
176,99,0,296.894,-16299.1836,4539.9541
174,99,0,1905.17,-16425.0234,4586.832
172,99,0,3542.2939,-16192.7041,4547.166
170,99,0,5106.0962,-15606.0957,4424.562
168,99,0,6534.0723,-14709.7275,4228.6362
166,99,0,7762.5161,-13546.1924,3965.3982
164,99,0,8743.3486,-12216.1602,3660.0901
162,99,0,9465.75,-10768.0322,3315.116
160,99,0,9932.126,-9286.9922,2950.9102
158,99,0,10177.334,-7860.1602,2584.3
156,99,0,10235.0303,-6514.6401,2217.6899
154,99,0,10167.7178,-5296.896,1876.322
152,99,0,10019.8721,-4203.0562,1546.974
150,99,0,9831.1582,-3238.928,1239.262
148,99,0,9642.4443,-2381.28,951.984
146,99,0,9474.1641,-1612.688,679.13
144,99,0,9350.3584,-907.984,420.7
142,99,0,9278.2383,-240.064,169.482
140,99,0,9262.6123,412.368,-80.534
138,99,0,9299.874,1078.3521,-331.752
136,99,0,9387.6201,1781.12,-587.778
134,99,0,9513.8301,2540.032,-857.026
132,99,0,9662.8779,3391.8721,-1143.1021
130,99,0,9803.5117,4340.5122,-1449.6121
128,99,0,9903.2783,5405.312,-1772.9501
126,99,0,9918.9043,6588.208,-2116.7219
124,99,0,9808.3203,7871.7759,-2470.1101
122,99,0,9522.2441,9242.4639,-2834.3162
120,99,0,9022.2119,10630.5762,-3188.906
118,99,0,8280.5781,11983.8398,-3525.4661
116,99,0,7296.1401,13217.0723,-3825.9661
114,99,0,6086.9282,14254.7676,-4072.376
112,99,0,4698.6182,15044.6563,-4257.4839
110,99,0,3180.4919,15526.7197,-4368.0679
108,99,0,1621.498,15679.6641,-4407.7339
106,99,0,88.948,15493.8076,-4363.2603
104,99,0,-1328.2101,15009.8076,-4246.666
102,99,0,-2596.3201,14250.8955,-4063.9622
100,99,0,-3651.676,13280.96,-3836.7842
98,99,0,-4472.6421,12177.4395,-3572.344
96,99,0,-5060.4199,10994.5439,-3279.0562
94,99,0,-5423.4243,9817.4561,-2980.96
92,99,0,-5595.3101,8681.0244,-2685.2681
90,99,0,-5616.9463,7629.7759,-2405.2021
88,99,0,-5523.1899,6675.3281,-2144.3679
86,99,0,-5346.4961,5823.4878,-1903.968
84,99,0,-5120.52,5082.0,-1688.8101
82,99,0,-4857.2822,4427.6318,-1492.884
80,99,0,-4583.2261,3868.1279,-1322.2001
80,101,0,-5118.1162,3864.2559,-1452.016
82,101,0,-5483.5239,4462.48,-1650.3461
84,101,0,-5848.9321,5169.1201,-1878.7261
86,101,0,-6192.7041,5997.728,-2139.5601
88,101,0,-6493.2041,6961.856,-2431.646
90,101,0,-6719.1802,8073.1201,-2759.792
92,101,0,-6815.3403,9327.6484,-3114.3821
94,101,0,-6734.8062,10725.4404,-3497.8201
96,101,0,-6417.478,12198.7363,-3884.864
98,101,0,-5812.8721,13708.8164,-4273.1099
100,101,0,-4898.1499,15162.752,-4636.1143
102,101,0,-3651.676,16463.7441,-4955.8462
104,101,0,-2117.9241,17507.248,-5210.6699
106,101,0,-366.61,18190.6562,-5380.1519
108,101,0,1537.358,18457.8242,-5452.272
110,101,0,3474.9822,18291.3281,-5421.02
112,101,0,5342.8901,17693.1035,-5281.5879
114,101,0,7071.3662,16678.6406,-5032.7739
116,101,0,8539.0078,15346.6719,-4707.0322
118,101,0,9710.958,13763.0234,-4310.3721
120,101,0,10539.1357,12047.7275,-3870.4402
122,101,0,11036.7646,10301.4561,-3411.2761
124,101,0,11255.5283,8628.752,-2948.5061
126,101,0,11253.124,7089.6318,-2500.1602
128,101,0,11101.6719,5718.9438,-2080.6621
130,101,0,10864.8779,4520.5601,-1686.406
132,101,0,10595.6299,3482.864,-1323.402
134,101,0,10338.4023,2584.5601,-989.246
136,101,0,10129.2539,1800.48,-679.13
138,101,0,9982.6104,1097.712,-385.842
140,101,0,9911.6924,443.344,-104.574
142,101,0,9928.5205,-195.536,176.694
144,101,0,10030.6904,-849.904,460.366
146,101,0,10215.7979,-1552.672,753.654
148,101,0,10468.2178,-2336.752,1069.78
150,101,0,10771.1221,-3233.1199,1405.1381
152,101,0,11101.6719,-4272.752,1772.9501
154,101,0,11406.9805,-5494.3682,2170.812
156,101,0,11632.9561,-6897.9678,2597.522
158,101,0,11717.0967,-8487.4238,3051.8782
160,101,0,11588.4824,-10241.4404,3538.688
162,101,0,11159.3682,-12086.4482,4007.468
164,101,0,10385.2803,-13939.2002,4455.814
166,101,0,9254.1982,-15658.3682,4854.8779
168,101,0,7775.7383,-17162.6406,5196.2461
170,101,0,6023.2222,-18324.2402,5448.666
172,101,0,4077.1841,-19077.3437,5606.1279
174,101,0,2009.744,-19367.7441,5673.4399
176,101,0,1.202,-19189.6328,5628.9663
178,101,0,-1890.7461,-18554.623,5469.1001
180,101,0,-3572.344,-17536.2871,5216.6802
182,101,0,-4955.8462,-16190.7676,4884.9282
184,101,0,-6001.5859,-14653.584,4506.2979
186,101,0,-6687.9282,-13035.0879,4097.6182
188,101,0,-7060.5483,-11422.4004,3681.7261
190,101,0,-7162.7183,-9912.3203,3280.2581
192,101,0,-7062.9521,-8539.6963,2899.2241
194,101,0,-6821.3501,-7333.5679,2554.25
196,101,0,-6490.8003,-6293.936,2242.9321
198,101,0,-6115.7759,-5409.1841,1965.27
200,101,0,-5719.1162,-4658.0161,1723.6681
202,101,0,-5322.4561,-4021.072,1512.116
204,101,0,-4928.2002,-3477.0559,1292.15
206,101,0,-4567.6001,-3025.968,1133.486
206,103,0,-4987.0981,-2925.2959,1224.838
204,103,0,-5419.8179,-3380.2561,1401.532
202,103,0,-5897.0122,-3933.9519,1609.478
200,103,0,-6406.6602,-4598.0,1852.282
198,103,0,-6940.3481,-5403.376,2137.156
196,103,0,-7482.4502,-6377.1841,2468.908
194,103,0,-7998.1079,-7540.7197,2847.5381
192,103,0,-8440.4443,-8938.5117,3283.864
190,103,0,-8745.752,-10582.1758,3768.27
188,103,0,-8816.6699,-12452.3516,4294.7461
186,103,0,-8545.0186,-14514.1924,4847.666
184,103,0,-7857.4741,-16632.1758,5402.9902
182,103,0,-6675.9082,-18688.207,5924.6582
180,103,0,-5009.936,-20488.6875,6386.2261
178,103,0,-2931.678,-21462.4961,6755.2402
176,103,0,-543.304,-21913.584,6988.4282
174,103,0,1991.714,-22035.5527,7076.1743
172,103,0,4580.8223,-21872.9277,7008.8623
170,103,0,7041.3159,-21390.8633,6797.3101
168,103,0,9249.3906,-20260.2402,6448.73
166,103,0,11074.0264,-18312.623,5990.7681
164,103,0,12398.6299,-16061.0557,5449.8682
162,103,0,13060.9326,-13668.1602,4854.8779
160,103,0,13332.584,-11308.1758,4256.2822
158,103,0,13308.5439,-9139.8555,3651.676
156,103,0,13104.2041,-7232.896,3077.1201
154,103,0,12755.624,-5620.208,2550.644
152,103,0,12315.6924,-4266.9438,2063.834
150,103,0,11802.4385,-3157.616,1628.7101
148,103,0,11346.8799,-2236.0801,1232.05
146,103,0,10980.2705,-1459.744,873.854
144,103,0,10720.6387,-787.952,539.698
142,103,0,10578.8018,-172.304,221.168
140,103,0,10561.9746,427.856,-93.756
138,103,0,10664.1445,1047.376,-409.882
136,103,0,10881.7061,1728.848,-740.432
134,103,0,11194.2266,2503.248,-1093.8201
132,103,0,11590.8857,3428.656,-1484.47
130,103,0,12033.2227,4534.1118,-1915.988
128,103,0,12459.9326,5866.0801,-2393.1821
126,103,0,12755.624,7449.728,-2916.052
124,103,0,12904.6719,9288.9277,-3483.396
122,103,0,12860.1982,11362.3838,-4081.9922
120,103,0,12522.4365,13582.9756,-4690.2041
118,103,0,11667.8145,15811.3115,-5280.3862
116,103,0,10309.5537,17888.6406,-5814.0742
114,103,0,8524.584,19646.5273,-6261.2183
112,103,0,6370.6001,20897.1836,-6590.5659
110,103,0,3987.0342,21359.8887,-6781.6841
108,103,0,1522.9341,21485.7285,-6827.3604
106,103,0,-893.086,21276.6406,-6727.5942
104,103,0,-3089.1401,20604.8477,-6488.396
102,103,0,-4991.9062,19220.6074,-6132.604
100,103,0,-6482.3862,17474.3359,-5684.2583
98,103,0,-7525.7222,15536.4004,-5179.418
96,103,0,-8137.54,13577.168,-4655.3462
94,103,0,-8368.3242,11712.7998,-4136.082
92,103,0,-8309.4258,10007.1836,-3640.8582
90,103,0,-8040.1782,8499.04,-3185.3
88,103,0,-7643.5181,7215.4722,-2775.418
86,103,0,-7174.7383,6119.6958,-2410.01
84,103,0,-6680.7163,5211.7119,-2095.0859
82,103,0,-6187.896,4446.9922,-1822.2321
80,103,0,-5711.9043,3811.9839,-1586.64
80,105,0,-6298.48,3670.656,-1727.274
82,105,0,-6897.0762,4321.1519,-1995.3201
84,105,0,-7538.9443,5112.9761,-2313.8501
86,105,0,-8215.6699,6086.7842,-2686.47
88,105,0,-8903.2139,7281.2959,-3126.4021
90,105,0,-9559.5059,8746.8477,-3636.05
92,105,0,-10096.7998,10512.4795,-4213.0103
94,105,0,-10410.5225,12593.6797,-4851.272
96,105,0,-10376.8662,14957.5361,-5535.21
98,105,0,-9841.9766,17536.2871,-6244.3901
100,105,0,-8713.2979,20128.5918,-6935.54
102,105,0,-6928.3281,21772.2559,-7561.7822
104,105,0,-4565.1963,22227.2168,-8067.8242
106,105,0,-1769.344,22267.8711,-8414.0
108,105,0,1311.3821,22281.4238,-8575.0684
110,105,0,4471.4399,22275.6152,-8540.21
112,105,0,7516.106,22252.3848,-8286.5879
114,105,0,10262.6758,22157.5195,-7834.6362
116,105,0,12487.5781,21009.4727,-7238.4443
118,105,0,13564.5703,18333.9199,-6513.6382
120,105,0,13807.374,15393.1357,-5726.3281
122,105,0,13836.2227,12527.8555,-4920.9883
124,105,0,13824.2021,9929.7441,-4145.6982
126,105,0,13724.4365,7716.896,-3423.2961
128,105,0,13528.5098,5889.312,-2771.812
130,105,0,13104.2041,4423.7598,-2192.448
132,105,0,12581.334,3262.1599,-1685.204
134,105,0,12042.8379,2340.624,-1234.454
136,105,0,11594.4922,1601.072,-834.188
138,105,0,11281.9727,975.744,-466.376
140,105,0,11135.3281,422.048,-114.19
142,105,0,11146.1465,-106.48,227.178
144,105,0,11322.8398,-650.496,578.162
146,105,0,11659.4004,-1260.3359,948.378
148,105,0,12155.8262,-1984.4,1353.452
150,105,0,12724.3721,-2884.6399,1806.6061
152,105,0,13286.9082,-4024.9441,2317.4561
154,105,0,13631.8818,-5473.0718,2904.032
156,105,0,13824.2021,-7296.7842,3557.9202
158,105,0,13847.04,-9559.9678,4283.9282
160,105,0,13851.8486,-12254.8799,5067.6323
162,105,0,13853.0498,-15269.2314,5874.1743
164,105,0,13823.0,-18430.7207,6666.292
166,105,0,13322.9678,-21201.1367,7394.7041
168,105,0,11370.9199,-22233.0234,8010.1279
170,105,0,8564.25,-22265.9355,8468.0898
172,105,0,5416.2119,-22298.8477,8751.7617
174,105,0,2071.0461,-22289.168,8843.1143
176,105,0,-1161.1321,-22283.3594,8734.9346
178,105,0,-4216.6162,-22269.8086,8421.2119
180,105,0,-6859.814,-22227.2168,7929.5942
182,105,0,-8916.4365,-21400.543,7303.3521
184,105,0,-10277.1006,-19007.6484,6590.5659
186,105,0,-10941.8066,-16184.96,5847.73
188,105,0,-11031.9561,-13544.2559,5118.1162
190,105,0,-10697.7998,-11215.248,4438.9858
192,105,0,-10106.416,-9259.8877,3825.9661
194,105,0,-9386.418,-7654.9438,3288.6721
196,105,0,-8631.5625,-6363.6318,2827.104
198,105,0,-7883.918,-5318.1919,2429.2419
200,105,0,-7180.748,-4474.0962,2089.0759
202,105,0,-6536.4761,-3790.688,1806.6061
204,105,0,-5947.4961,-3231.1841,1566.2061
206,105,0,-5423.4243,-2776.2239,1364.27
206,107,0,-5824.8921,-2565.2,1452.016
204,107,0,-6427.0942,-2998.864,1670.78
202,107,0,-7125.4561,-3540.9441,1937.624
200,107,0,-7915.1699,-4212.7358,2259.76
198,107,0,-8808.2559,-5054.896,2644.4001
196,107,0,-9792.6943,-6129.376,3102.3621
194,107,0,-10857.666,-7503.936,3651.676
192,107,0,-11969.5166,-9285.0557,4315.1802
190,107,0,-12877.0264,-11557.9199,5085.6621
188,107,0,-13441.9658,-14411.584,5976.3442
186,107,0,-13558.5605,-17846.0488,6951.166
184,107,0,-13350.6143,-21288.2559,7963.25
182,107,0,-12161.8359,-22254.3203,8956.1025
180,107,0,-9616.0,-22306.5918,9840.7744
178,107,0,-6214.3403,-22325.9512,10519.9043
176,107,0,-2246.5381,-22335.6328,10968.25
174,107,0,1970.078,-22339.5039,11134.126
172,107,0,6257.6123,-22331.7598,11024.7441
170,107,0,10356.4326,-22325.9512,10635.2959
168,107,0,13506.874,-22300.7832,10013.8623
166,107,0,13868.6758,-22264.0,9177.2705
164,107,0,13887.9082,-21214.6875,8196.4385
162,107,0,13895.1201,-17149.0879,7141.082
160,107,0,13892.7158,-13170.6084,6065.292
158,107,0,13883.1006,-9794.2236,5049.6021
156,107,0,13869.8779,-7128.3521,4133.6782
154,107,0,13855.4541,-5091.6802,3329.54
152,107,0,13773.7178,-3569.9839,2629.9761
150,107,0,13456.3906,-2450.9761,2034.9861
148,107,0,12849.3799,-1620.432,1519.328
146,107,0,12302.4707,-987.36,1061.366
144,107,0,11868.5479,-485.936,655.09
142,107,0,11641.3701,-48.4,270.45
140,107,0,11628.1484,367.84,-102.17
138,107,0,11821.6699,813.12,-480.8
136,107,0,12220.7344,1337.776,-888.278
134,107,0,12735.1904,1990.208,-1334.22
132,107,0,13333.7861,2855.6001,-1847.474
130,107,0,13690.7803,4011.3921,-2438.8582
128,107,0,13843.4346,5556.3198,-3125.2
126,107,0,13868.6758,7604.6079,-3929.3381
124,107,0,13879.4941,10231.7598,-4841.6562
122,107,0,13884.3027,13488.1123,-5854.9419
120,107,0,13886.7061,17243.9512,-6933.1362
118,107,0,13874.6865,21079.168,-8005.3203
116,107,0,13845.8379,22256.2559,-8989.7578
114,107,0,12705.1406,22300.7832,-9821.542
112,107,0,9234.9658,22320.1445,-10435.7646
110,107,0,5285.1943,22337.5684,-10783.1426
108,107,0,1181.566,22333.6953,-10848.0498
106,107,0,-2823.498,22314.3359,-10628.084
104,107,0,-6443.9219,22314.3359,-10146.082
102,107,0,-9513.8301,22277.5527,-9436.9023
100,107,0,-11700.2686,22149.7754,-8559.4424
98,107,0,-12826.542,19900.1445,-7603.8521
96,107,0,-13092.1846,16457.9355,-6635.04
94,107,0,-12858.9961,13428.0957,-5722.7222
92,107,0,-12271.2178,10884.1924,-4890.938
90,107,0,-11357.6982,8835.9043,-4161.3242
88,107,0,-10369.6543,7211.6001,-3530.2742
86,107,0,-9394.832,5918.3521,-2992.98
84,107,0,-8494.5342,4909.6958,-2549.4421
82,107,0,-7669.9619,4100.4478,-2175.6201
80,107,0,-6927.126,3449.9519,-1861.8981
80,109,0,-7495.6724,3136.3201,-1998.926
82,109,0,-8370.7285,3744.2239,-2343.9001
84,109,0,-9382.8125,4518.624,-2768.2061
86,109,0,-10536.7324,5511.792,-3282.6621
88,109,0,-11838.498,6818.5918,-3910.106
90,109,0,-13068.1445,8533.8877,-4664.9619
92,109,0,-13728.042,10816.4316,-5567.6641
94,109,0,-13850.6465,13834.6563,-6626.626
96,109,0,-13862.666,17681.4883,-7828.626
98,109,0,-13866.2725,21681.2637,-9140.0078
100,109,0,-13847.04,22281.4238,-10469.4199
102,109,0,-13078.9619,22335.6328,-11638.9658
104,109,0,-9285.4502,22364.6719,-12407.0439
106,109,0,-4477.4502,22362.7363,-12814.5225
108,109,0,759.664,22368.543,-12988.8125
110,109,0,6098.9482,22362.7363,-12947.9443
112,109,0,11267.5479,22368.543,-12709.9482
114,109,0,13847.04,22354.9922,-12154.624
116,109,0,13892.7158,22331.7598,-11245.9121
118,109,0,13903.5342,22242.7031,-9893.6621
120,109,0,13905.9385,19423.8887,-8439.2422
122,109,0,13903.5342,14363.1836,-7000.4482
124,109,0,13902.332,10220.1436,-5674.6421
126,109,0,13895.1201,7107.0562,-4518.3179
128,109,0,13872.2822,4865.168,-3533.8801
130,109,0,13849.4443,3306.688,-2712.9141
132,109,0,13693.1846,2228.3359,-2032.582
134,109,0,13273.6865,1486.848,-1459.228
136,109,0,12685.9082,969.936,-973.62
138,109,0,12227.9463,598.224,-530.082
140,109,0,11977.9307,302.016,-123.806
142,109,0,11981.5361,40.656,270.45
144,109,0,12244.7744,-238.128,679.13
146,109,0,12705.1406,-582.736,1117.86
148,109,0,13312.1504,-1053.184,1610.6801
150,109,0,13723.2344,-1724.976,2184.0339
152,109,0,13854.252,-2714.272,2864.366
154,109,0,13871.0801,-4181.7598,3685.332
156,109,0,13886.7061,-6311.3599,4661.356
158,109,0,13901.1299,-9348.9443,5808.064
160,109,0,13904.7363,-13509.4082,7114.6382
162,109,0,13913.1504,-18812.1113,8534.2002
164,109,0,13908.3418,-22233.0234,9959.7725
166,109,0,13901.1299,-22318.207,11278.3662
168,109,0,13874.6865,-22341.4395,12178.6641
170,109,0,12872.2178,-22349.1836,12735.1904
172,109,0,7647.124,-22341.4395,12997.2266
174,109,0,2069.844,-22356.9277,13080.1641
176,109,0,-3442.5281,-22356.9277,12964.7725
178,109,0,-8671.2285,-22349.1836,12660.666
180,109,0,-13060.9326,-22339.5039,12023.6064
182,109,0,-13854.252,-22318.207,11006.7139
184,109,0,-13875.8887,-22236.8965,9647.252
186,109,0,-13878.292,-19528.4316,8274.5684
188,109,0,-13866.2725,-15067.8877,6987.2261
190,109,0,-13842.2324,-11602.4482,5851.3359
192,109,0,-13559.7627,-9029.5039,4887.332
194,109,0,-12499.5986,-7124.48,4079.5881
196,109,0,-11070.4199,-5717.0078,3419.6899
198,109,0,-9791.4922,-4652.208,2876.386
200,109,0,-8685.6523,-3837.1521,2418.4241
202,109,0,-7728.8604,-3202.144,2047.006
204,109,0,-6911.5,-2696.8479,1745.3041
206,109,0,-6211.936,-2294.1599,1497.692
206,111,0,-6544.8901,-1976.656,1574.62
204,111,0,-7317.7764,-2325.136,1839.0601
202,111,0,-8236.1045,-2762.6719,2164.802
200,111,0,-9325.1162,-3318.304,2562.6641
198,111,0,-10622.0742,-4038.4961,3055.4841
196,111,0,-12178.6641,-4998.752,3668.5042
194,111,0,-13535.7227,-6307.4878,4425.7642
192,111,0,-13855.4541,-8162.1758,5376.5459
190,111,0,-13884.3027,-10868.7041,6546.0923
188,111,0,-13895.1201,-14856.8643,7972.8662
186,111,0,-13904.7363,-20560.3203,9641.2422
184,111,0,-13908.3418,-22283.3594,11463.4746
182,111,0,-13903.5342,-22345.3125,12782.0684
180,111,0,-13879.4941,-22360.8008,13547.7422
178,111,0,-12403.4385,-22372.416,13842.2324
176,111,0,-5300.8203,-22354.9922,13856.6563
174,111,0,1860.696,-22356.9277,13856.6563
172,111,0,8993.3643,-22366.6074,13863.8682
170,111,0,13844.6367,-22351.1191,13839.8281
168,111,0,13904.7363,-22366.6074,13622.2666
166,111,0,13923.9678,-22349.1836,13010.4482
164,111,0,13928.7764,-22306.5918,11872.1543
162,111,0,13923.9678,-20374.4648,10108.8203
160,111,0,13927.5742,-13197.7119,8251.7305
158,111,0,13915.5547,-8129.2642,6590.5659
156,111,0,13904.7363,-4828.3838,5174.6099
154,111,0,13893.918,-2774.2881,4019.488
152,111,0,13866.2725,-1525.568,3081.928
150,111,0,13835.0205,-778.272,2327.072
148,111,0,13553.752,-340.736,1706.8401
146,111,0,12964.7725,-90.992,1182.7681
144,111,0,12467.1445,44.528,722.402
142,111,0,12169.0479,123.904,298.096
140,111,0,12158.2305,189.728,-111.786
138,111,0,12443.1045,286.528,-533.688
136,111,0,12922.7021,460.768,-994.054
134,111,0,13516.4902,762.784,-1516.9241
132,111,0,13827.8086,1287.4399,-2140.762
130,111,0,13867.4746,2148.96,-2900.426
128,111,0,13891.5146,3548.688,-3842.7942
126,111,0,13904.7363,5788.6401,-5017.1479
124,111,0,13911.9482,9256.0156,-6441.5181
122,111,0,13920.3623,14405.7764,-8148.3579
120,111,0,13915.5547,21117.8887,-10052.3262
118,111,0,13916.7559,22302.7207,-11879.3662
116,111,0,13914.3525,22362.7363,-13059.7305
114,111,0,13901.1299,22366.6074,-13663.1338
112,111,0,13569.3779,22384.0312,-13855.4541
110,111,0,7405.522,22376.2871,-13863.8682
108,111,0,500.032,22374.3516,-13868.6758
106,111,0,-6428.2959,22368.543,-13854.252
104,111,0,-12860.1982,22370.4805,-13797.7578
102,111,0,-13880.6963,22362.7363,-13389.0781
100,111,0,-13896.3223,22335.6328,-12508.0127
98,111,0,-13901.1299,22236.8965,-11029.5518
96,111,0,-13895.1201,18618.5117,-9257.8037
94,111,0,-13893.918,13753.3438,-7685.5884
92,111,0,-13873.4844,10278.2236,-6340.5503
90,111,0,-13836.2227,7850.48,-5231.104
88,111,0,-13212.3838,6137.1201,-4328.4019
86,111,0,-11768.7822,4898.0801,-3595.1821
84,111,0,-10342.0078,3982.3521,-3005.0
82,111,0,-9115.9678,3277.6479,-2515.7861
80,111,0,-8081.0464,2737.5039,-2120.3281
80,113,0,-8528.1904,2243.824,-2229.71
82,113,0,-9661.6758,2683.2959,-2650.4102
84,113,0,-11033.1582,3250.5439,-3170.876
86,113,0,-12636.626,3999.7759,-3817.552
88,113,0,-13737.6582,5039.4082,-4644.5283
90,113,0,-13874.6865,6528.1919,-5683.0562
92,113,0,-13893.918,8779.7598,-6987.2261
94,113,0,-13905.9385,12363.2959,-8624.3506
96,113,0,-13911.9482,18138.3848,-10613.6602
98,113,0,-13913.1504,22291.1035,-12558.4961
100,113,0,-13915.5547,22362.7363,-13654.7207
102,113,0,-13910.7461,22382.0957,-13881.8984
104,113,0,-13880.6963,22389.8398,-13896.3223
106,113,0,-9212.1279,22397.584,-13901.1299
108,113,0,-152.654,22387.9043,-13910.7461
110,113,0,8650.7939,22380.1602,-13901.1299
112,113,0,13875.8887,22376.2871,-13898.7266
114,113,0,13916.7559,22382.0957,-13887.9082
116,113,0,13920.3623,22378.2246,-13865.0703
118,113,0,13925.1699,22349.1836,-13384.2705
120,113,0,13927.5742,22058.7832,-11779.6006
122,113,0,13925.1699,13211.2637,-9374.3984
124,113,0,13921.5645,6959.9199,-7218.0103
126,113,0,13915.5547,3449.9519,-5485.9282
128,113,0,13902.332,1531.376,-4125.2642
130,113,0,13877.0898,530.464,-3067.5042
132,113,0,13850.6465,40.656,-2235.72
134,113,0,13619.8623,-151.008,-1573.418
136,113,0,13036.8926,-172.304,-1028.912
138,113,0,12485.1738,-85.184,-560.132
140,113,0,12155.8262,56.144,-131.018
142,113,0,12149.8164,222.64,283.672
144,113,0,12467.1445,389.136,710.382
146,113,0,13008.0439,522.72,1177.96
148,113,0,13606.6406,580.8,1723.6681
150,113,0,13848.2422,499.488,2379.96
152,113,0,13874.6865,187.792,3191.3101
154,113,0,13898.7266,-561.44,4227.4341
156,113,0,13913.1504,-2083.136,5542.4219
158,113,0,13922.7666,-5060.7041,7222.8184
160,113,0,13926.3721,-10673.168,9290.2578
162,113,0,13927.5742,-20384.1445,11613.7246
164,113,0,13931.1807,-22329.8242,13176.3242
166,113,0,13931.1807,-22364.6719,13850.6465
168,113,0,13926.3721,-22366.6074,13875.8887
170,113,0,13895.1201,-22370.4805,13889.1104
172,113,0,10941.8066,-22370.4805,13891.5146
174,113,0,2115.52,-22378.2246,13892.7158
176,113,0,-6903.0859,-22372.416,13893.918
178,113,0,-13862.666,-22372.416,13889.1104
180,113,0,-13908.3418,-22364.6719,13871.0801
182,113,0,-13914.3525,-22354.9922,13788.1426
184,113,0,-13916.7559,-22325.9512,12831.3506
186,113,0,-13915.5547,-20521.5996,11063.208
188,113,0,-13905.9385,-13400.9922,8962.1123
190,113,0,-13901.1299,-9221.168,7244.4541
192,113,0,-13885.5039,-6708.2397,5884.9922
194,113,0,-13838.626,-5101.3599,4803.1919
196,113,0,-13086.1738,-4026.8799,3958.186
198,113,0,-11451.4541,-3254.416,3287.47
200,113,0,-9954.9639,-2675.552,2748.9741
202,113,0,-8722.9141,-2230.272,2311.446
204,113,0,-7701.2144,-1881.792,1946.0381
206,113,0,-6841.7842,-1608.816,1656.3561
206,115,0,-7055.7402,-1206.1281,1711.6481
204,115,0,-7936.8062,-1403.6,2006.1381
202,115,0,-9011.3945,-1647.536,2371.5461
200,115,0,-10323.9785,-1945.6799,2828.3062
198,115,0,-11931.0518,-2319.3279,3395.6501
196,115,0,-13502.0664,-2803.3279,4108.436
194,115,0,-13856.6563,-3471.248,5012.3403
192,115,0,-13889.1104,-4470.2241,6179.4819
190,115,0,-13907.1406,-6133.248,7690.396
188,115,0,-13910.7461,-9312.1602,9629.2227
186,115,0,-13919.1602,-16392.1113,11885.376
184,115,0,-13926.3721,-22324.0156,13488.8447
182,115,0,-13925.1699,-22368.543,13874.6865
180,115,0,-13920.3623,-22380.1602,13893.918
178,115,0,-13895.1201,-22378.2246,13897.5244
176,115,0,-8552.2305,-22385.9687,13905.9385
174,115,0,2318.658,-22378.2246,13899.9287
172,115,0,12411.8525,-22385.9687,13904.7363
170,115,0,13909.5439,-22382.0957,13899.9287
168,115,0,13921.5645,-22374.3516,13889.1104
166,115,0,13929.9785,-22374.3516,13878.292
164,115,0,13944.4023,-22356.9277,12687.1104
162,115,0,13937.1904,-16641.8555,12571.7178
160,115,0,13927.5742,-4580.5762,10111.2246
158,115,0,13923.9678,90.992,7650.73
156,115,0,13919.1602,1784.9919,5749.166
154,115,0,13905.9385,2286.416,4313.978
152,115,0,13879.4941,2259.312,3222.562
150,115,0,13850.6465,1986.3359,2381.1621
148,115,0,13565.7725,1620.432,1724.87
146,115,0,12840.9658,1210.0,1189.98
144,115,0,12202.7041,782.144,734.422
142,115,0,11842.1045,346.544,319.732
140,115,0,11845.71,-85.184,-80.534
138,115,0,12208.7139,-503.36,-498.83
136,115,0,12839.7646,-890.56,-960.398
134,115,0,13568.1758,-1229.36,-1501.298
132,115,0,13851.8486,-1481.04,-2174.418
130,115,0,13885.5039,-1564.288,-3033.8481
128,115,0,13909.5439,-1304.864,-4155.314
126,115,0,13920.3623,-331.056,-5643.3901
124,115,0,13926.3721,2218.656,-7607.458
122,115,0,13929.9785,8429.3438,-10172.5264
120,115,0,13935.9883,21594.1445,-12725.5742
118,115,0,13935.9883,22362.7363,-13837.4238
116,115,0,13938.3926,22395.6484,-13899.9287
114,115,0,13921.5645,22391.7754,-13910.7461
112,115,0,13903.5342,22393.7109,-13913.1504
110,115,0,10418.9365,22395.6484,-13917.958
108,115,0,-222.37,22393.7109,-13916.7559
106,115,0,-11592.0879,22401.4551,-13917.958
104,115,0,-13905.9385,22401.4551,-13914.3525
102,115,0,-13913.1504,22378.2246,-13896.3223
100,115,0,-13921.5645,22382.0957,-13878.292
98,115,0,-13916.7559,22293.0391,-13485.2383
96,115,0,-13914.3525,15180.1758,-11797.6299
94,115,0,-13913.1504,9254.0801,-9510.2246
92,115,0,-13898.7266,6292.0,-7599.0439
90,115,0,-13890.3125,4638.6558,-6119.3823
88,115,0,-13848.2422,3616.448,-4966.6641
86,115,0,-13316.958,2915.616,-4068.77
84,115,0,-11723.1064,2404.512,-3366.802
82,115,0,-10204.9805,2005.696,-2805.468
80,115,0,-8953.6982,1688.192,-2355.9199
80,117,0,-9184.4824,1091.9041,-2422.03
82,117,0,-10454.9961,1256.464,-2878.79
84,117,0,-12020.0,1446.192,-3453.3459
86,117,0,-13506.874,1657.2159,-4180.5562
88,117,0,-13859.0605,1905.024,-5112.106
90,117,0,-13890.3125,2203.168,-6305.6919
92,117,0,-13909.5439,2658.1279,-7863.4844
94,117,0,-13913.1504,3573.856,-9903.2783
96,117,0,-13923.9678,6342.3359,-12248.3799
98,117,0,-13933.584,17526.6074,-12132.9883
100,117,0,-13937.1904,22389.8398,-11213.458
102,117,0,-13927.5742,22416.9434,-13909.5439
104,117,0,-13917.958,22418.8789,-13922.7666
106,117,0,-12975.5898,22415.0078,-13920.3623
108,117,0,-183.906,22418.8789,-13928.7764
110,117,0,11602.9063,22426.623,-13928.7764
112,117,0,13905.9385,22411.1367,-13914.3525
114,117,0,13928.7764,22409.1992,-13913.1504
116,117,0,13938.3926,22413.0723,-13873.4844
118,117,0,13949.21,22393.7109,-9052.2617
120,117,0,13945.6045,10940.3359,-8512.5645
122,117,0,13938.3926,-3430.592,-10366.0479
124,117,0,13929.9785,-5705.3921,-7579.812
126,117,0,13919.1602,-5536.96,-5511.1699
128,117,0,13904.7363,-4824.5122,-4002.6602
130,117,0,13878.292,-3990.0959,-2886.002
132,117,0,13841.0303,-3169.2319,-2045.8041
134,117,0,13379.4619,-2387.0879,-1401.532
136,117,0,12449.1143,-1649.472,-885.874
138,117,0,11690.6523,-929.28,-451.952
140,117,0,11314.4258,-226.512,-62.504
142,117,0,11300.002,476.256,311.318
144,117,0,11643.7744,1198.384,699.564
146,117,0,12370.9844,1951.488,1131.082
148,117,0,13288.1104,2754.928,1640.73
150,117,0,13831.4141,3626.1279,2266.9719
152,117,0,13879.4941,4582.5122,3069.908
154,117,0,13903.5342,5649.248,4134.8799
156,117,0,13913.1504,6806.9761,5554.4419
158,117,0,13920.3623,7943.4077,7505.2881
160,117,0,13929.9785,8303.5039,10162.9102
162,117,0,13943.2002,2824.624,9070.292
164,117,0,13945.6045,-22366.6074,7602.6499
166,117,0,13941.998,-22393.7109,11907.0127
168,117,0,13929.9785,-22391.7754,13896.3223
170,117,0,13914.3525,-22389.8398,13896.3223
172,117,0,13431.1484,-22395.6484,13899.9287
174,117,0,4279.1201,-22407.2637,13904.7363
176,117,0,-7708.4263,-22401.4551,13903.5342
178,117,0,-13904.7363,-22407.2637,13907.1406
180,117,0,-13922.7666,-22407.2637,13897.5244
182,117,0,-13939.5947,-22385.9687,9384.0146
184,117,0,-13932.3818,-19135.4238,8880.376
186,117,0,-13925.1699,-4481.8398,12161.8359
188,117,0,-13921.5645,-2396.7681,9921.3086
190,117,0,-13913.1504,-1955.36,7906.7563
192,117,0,-13898.7266,-1775.312,6348.9644
194,117,0,-13865.0703,-1614.624,5150.5703
196,117,0,-13652.3164,-1461.6799,4219.02
198,117,0,-12301.2686,-1302.928,3490.6082
200,117,0,-10635.2959,-1155.792,2914.8501
202,117,0,-9275.834,-1016.4,2449.676
204,117,0,-8153.166,-896.368,2072.248
206,117,0,-7221.6162,-780.208,1765.738
206,117,2,-7462.0161,-805.376,1339.0281
204,117,2,-8429.626,-923.472,1568.61
202,117,2,-9605.1826,-1055.12,1851.0801
200,117,2,-11039.168,-1196.448,2202.064
198,117,2,-12729.1807,-1347.4559,2633.582
196,117,2,-13806.1719,-1500.4,3167.27
194,117,2,-13873.4844,-1645.6,3830.7742
192,117,2,-13903.5342,-1773.376,4670.9722
190,117,2,-13913.1504,-1881.792,5705.894
188,117,2,-13919.1602,-2170.2561,6941.5503
186,117,2,-13926.3721,-3815.856,8239.71
184,117,2,-13934.7861,-16370.8154,5357.314
182,117,2,-13938.3926,-22378.2246,4845.2622
180,117,2,-13926.3721,-22397.584,12007.9805
178,117,2,-13904.7363,-22397.584,13080.1641
176,117,2,-8093.0659,-22405.3281,13220.7979
174,117,2,4032.71,-22401.4551,13557.3584
172,117,2,13468.4102,-22401.4551,13498.46
170,117,2,13917.958,-22409.1992,13163.1025
168,117,2,13933.584,-22405.3281,12249.582
166,117,2,13949.21,-22403.3926,7330.998
164,117,2,13945.6045,-22364.6719,5041.188
162,117,2,13948.0078,2667.8081,6192.7041
160,117,2,13939.5947,8835.9043,7570.1963
158,117,2,13927.5742,8485.4883,5741.9541
156,117,2,13920.3623,7256.1279,4324.7959
154,117,2,13905.9385,6003.5361,3242.9961
152,117,2,13887.9082,4855.4878,2413.616
150,117,2,13850.6465,3827.4719,1789.7781
148,117,2,13553.752,2898.1919,1298.16
146,117,2,12742.4023,2044.416,900.298
144,117,2,12023.6064,1250.656,561.334
142,117,2,11642.5723,485.936,258.43
140,117,2,11641.3701,-261.36,-33.656
138,117,2,12032.0205,-1008.656,-337.762
136,117,2,12752.0186,-1773.376,-677.928
134,117,2,13564.5703,-2555.52,-1076.9921
132,117,2,13854.252,-3391.8721,-1574.62
130,117,2,13884.3027,-4272.752,-2210.478
128,117,2,13909.5439,-5165.248,-3033.8481
126,117,2,13921.5645,-5959.0078,-4112.042
124,117,2,13923.9678,-6226.1758,-5489.5342
122,117,2,13931.1807,-4073.344,-7231.2319
120,117,2,13941.998,9530.9277,-5606.1279
118,117,2,13941.998,22384.0312,-5785.2261
116,117,2,13939.5947,22399.5195,-10373.2598
114,117,2,13927.5742,22393.7109,-13562.166
112,117,2,13913.1504,22401.4551,-13854.252
110,117,2,12729.1807,22413.0723,-13874.6865
108,117,2,246.41,22411.1367,-13878.292
106,117,2,-13179.9307,22409.1992,-13869.8779
104,117,2,-13911.9482,22416.9434,-13853.0498
102,117,2,-13931.1807,22405.3281,-12861.4004
100,117,2,-13934.7861,22384.0312,-7071.3662
98,117,2,-13928.7764,17362.0488,-7852.666
96,117,2,-13923.9678,6224.2397,-8969.3242
94,117,2,-13914.3525,3544.8159,-7326.1899
92,117,2,-13903.5342,2660.064,-5922.2539
90,117,2,-13892.7158,2243.824,-4795.98
88,117,2,-13873.4844,1955.36,-3906.5
86,117,2,-13755.6885,1709.488,-3200.926
84,117,2,-12663.0703,1492.656,-2644.4001
82,117,2,-11015.1279,1299.056,-2194.8521
80,117,2,-9619.6064,1126.752,-1833.05
80,115,2,-9369.5898,1742.4,-1780.162
82,115,2,-10688.1846,2069.584,-2122.7319
84,115,2,-12300.0664,2478.0801,-2551.8459
86,115,2,-13606.6406,3012.416,-3085.5339
88,115,2,-13863.8682,3748.0959,-3764.6641
90,115,2,-13889.1104,4814.832,-4619.2861
92,115,2,-13904.7363,6530.1279,-5690.2681
94,115,2,-13910.7461,9608.3682,-7022.084
96,115,2,-13916.7559,15693.2158,-8597.9063
98,115,2,-13921.5645,22306.5918,-10361.2402
100,115,2,-13921.5645,22374.3516,-12018.7979
102,115,2,-13920.3623,22397.584,-13131.8506
104,115,2,-13907.1406,22387.9043,-13694.3867
106,115,2,-12705.1406,22391.7754,-13855.4541
108,115,2,-507.244,22401.4551,-13865.0703
110,115,2,10932.1904,22391.7754,-13857.8584
112,115,2,13907.1406,22389.8398,-13824.2021
114,115,2,13923.9678,22397.584,-13498.46
116,115,2,13931.1807,22387.9043,-12691.918
118,115,2,13932.3818,22380.1602,-10507.8838
120,115,2,13938.3926,22014.2559,-9239.7744
122,115,2,13929.9785,8655.8555,-7364.6543
124,115,2,13925.1699,2187.6799,-5672.2383
126,115,2,13920.3623,-462.704,-4288.7358
128,115,2,13908.3418,-1459.744,-3198.522
130,115,2,13886.7061,-1709.488,-2352.314
132,115,2,13863.8682,-1604.944,-1694.8201
134,115,2,13753.2842,-1328.0959,-1171.9501
136,115,2,13264.0703,-960.256,-750.048
138,115,2,12643.8379,-545.952,-388.246
140,115,2,12295.2578,-100.672,-57.696
142,115,2,12288.0459,356.224,256.026
144,115,2,12617.3945,820.864,580.566
146,115,2,13217.1924,1283.568,943.57
148,115,2,13730.4463,1728.848,1366.6741
150,115,2,13856.6563,2123.792,1882.332
152,115,2,13892.7158,2414.1919,2531.4121
154,115,2,13909.5439,2480.0159,3369.2061
156,115,2,13917.958,2001.824,4446.1982
158,115,2,13927.5742,296.208,5818.8823
160,115,2,13932.3818,-4495.3921,7520.9141
162,115,2,13939.5947,-16969.0391,8908.0225
164,115,2,13941.998,-22353.0566,8457.2725
166,115,2,13937.1904,-22374.3516,11962.3047
168,115,2,13926.3721,-22385.9687,12765.2402
170,115,2,13911.9482,-22389.8398,13283.3018
172,115,2,13050.1143,-22391.7754,13534.5205
174,115,2,2595.1182,-22382.0957,13583.8027
176,115,2,-8813.0645,-22384.0312,13540.5303
178,115,2,-13903.5342,-22387.9043,13292.918
180,115,2,-13922.7666,-22382.0957,12606.5762
182,115,2,-13929.9785,-22372.416,11259.1338
184,115,2,-13929.9785,-22327.8887,9689.3223
186,115,2,-13922.7666,-16912.8965,8282.9824
188,115,2,-13915.5547,-9666.4482,6899.48
190,115,2,-13905.9385,-6382.9922,5657.814
192,115,2,-13898.7266,-4659.9521,4636.1143
194,115,2,-13869.8779,-3616.448,3818.7542
196,115,2,-13748.4766,-2915.616,3163.6641
198,115,2,-12600.5664,-2400.6399,2627.572
200,115,2,-10910.5537,-2007.632,2196.054
202,115,2,-9486.1846,-1701.744,1837.858
204,115,2,-8329.8604,-1446.192,1554.186
206,115,2,-7373.0684,-1239.04,1320.998
206,113,2,-7138.6782,-1657.2159,1272.918
204,113,2,-8028.1582,-1949.552,1484.47
202,113,2,-9105.1504,-2319.3279,1750.1121
200,113,2,-10409.3203,-2785.9041,2081.864
198,113,2,-12006.7783,-3389.936,2490.5439
196,113,2,-13511.6826,-4199.1841,2997.7881
194,113,2,-13851.8486,-5322.064,3620.4241
192,113,2,-13887.9082,-6996.7041,4404.1279
190,113,2,-13902.332,-9619.9844,5363.3242
188,113,2,-13913.1504,-13977.9199,6507.6279
186,113,2,-13915.5547,-21146.9277,7827.4243
184,113,2,-13917.958,-22327.8887,9257.8037
182,113,2,-13916.7559,-22362.7363,10773.5264
180,113,2,-13905.9385,-22360.8008,12013.9902
178,113,2,-13877.0898,-22368.543,12748.4121
176,113,2,-7835.8384,-22372.416,13069.3467
174,113,2,1876.322,-22380.1602,13178.7285
172,113,2,11269.9521,-22372.416,13089.7803
170,113,2,13896.3223,-22368.543,12814.5225
168,113,2,13920.3623,-22358.8633,12285.6426
166,113,2,13932.3818,-22364.6719,11398.5664
164,113,2,13931.1807,-22345.3125,10102.8105
162,113,2,13929.9785,-21479.9199,8600.3105
160,113,2,13925.1699,-11623.7441,7030.498
158,113,2,13917.958,-5566.0,5571.27
156,113,2,13917.958,-2321.2639,4335.6143
154,113,2,13899.9287,-640.816,3335.55
152,113,2,13890.3125,176.176,2537.4221
150,113,2,13862.666,516.912,1906.3721
148,113,2,13785.7383,605.968,1396.724
146,113,2,13410.7139,547.888,967.61
144,113,2,12857.7939,410.432,601.0
142,113,2,12559.6982,234.256,264.44
140,113,2,12559.6982,52.272,-60.1
138,113,2,12836.1582,-104.544,-393.054
136,113,2,13384.2705,-197.472,-760.866
134,113,2,13765.3047,-181.984,-1185.172
132,113,2,13856.6563,15.488,-1698.426
130,113,2,13890.3125,534.336,-2336.688
128,113,2,13904.7363,1587.52,-3134.8162
126,113,2,13914.3525,3620.3201,-4139.688
124,113,2,13919.1602,7333.5679,-5384.96
122,113,2,13925.1699,13894.6719,-6870.6323
120,113,2,13923.9678,22225.2793,-8547.4219
118,113,2,13923.9678,22351.1191,-10277.1006
116,113,2,13926.3721,22378.2246,-11800.0342
114,113,2,13911.9482,22372.416,-12748.4121
112,113,2,13887.9082,22382.0957,-13278.4941
110,113,2,9427.2861,22385.9687,-13515.2881
108,113,2,-88.948,22391.7754,-13547.7422
106,113,2,-9862.4102,22384.0312,-13420.3301
104,113,2,-13883.1006,22372.416,-13008.0439
102,113,2,-13908.3418,22376.2871,-12286.8438
100,113,2,-13910.7461,22354.9922,-11049.9863
98,113,2,-13910.7461,22302.7207,-9462.1445
96,113,2,-13911.9482,19458.7363,-7911.564
94,113,2,-13902.332,13242.2402,-6526.8604
92,113,2,-13897.5244,9364.4316,-5344.0923
90,113,2,-13874.6865,6936.688,-4374.0781
88,113,2,-13842.2324,5325.936,-3590.374
86,113,2,-13296.5244,4210.7998,-2959.324
84,113,2,-11735.126,3415.104,-2453.282
82,113,2,-10218.2021,2807.2,-2040.9961
80,113,2,-8966.9199,2336.752,-1705.6381
80,111,2,-8472.8984,2847.856,-1615.488
82,111,2,-9554.6982,3415.104,-1913.584
84,111,2,-10858.8682,4154.6558,-2281.396
86,111,2,-12390.2158,5130.3999,-2734.55
88,111,2,-13593.418,6448.8159,-3292.2781
90,111,2,-13854.252,8288.0156,-3983.428
92,111,2,-13880.6963,10882.2559,-4815.2119
94,111,2,-13899.9287,14609.0557,-5798.4482
96,111,2,-13904.7363,19813.0234,-6924.7222
98,111,2,-13905.9385,22281.4238,-8167.5903
100,111,2,-13904.7363,22351.1191,-9426.084
102,111,2,-13886.7061,22376.2871,-10602.8418
104,111,2,-13617.458,22366.6074,-11541.6045
106,111,2,-7290.1304,22372.416,-12059.666
108,111,2,203.138,22380.1602,-12294.0566
110,111,2,7655.5381,22391.7754,-12251.9863
112,111,2,13789.3447,22378.2246,-11903.4063
114,111,2,13904.7363,22362.7363,-11265.1445
116,111,2,13920.3623,22353.0566,-10194.1621
118,111,2,13921.5645,22329.8242,-8902.0117
120,111,2,13917.958,22037.4883,-7523.3184
122,111,2,13922.7666,15575.1201,-6178.2803
124,111,2,13914.3525,9982.0156,-4945.0283
126,111,2,13908.3418,6216.4961,-3883.6621
128,111,2,13892.7158,3788.752,-2995.384
130,111,2,13874.6865,2278.6719,-2268.1741
132,111,2,13855.4541,1347.4559,-1673.1841
134,111,2,13710.0127,787.952,-1181.566
136,111,2,13334.9883,466.576,-771.684
138,111,2,12845.7744,282.656,-412.286
140,111,2,12590.9502,181.984,-80.534
142,111,2,12586.1426,114.224,240.4
144,111,2,12836.1582,34.848,573.354
146,111,2,13336.1904,-102.608,935.156
148,111,2,13711.2139,-360.096,1346.24
150,111,2,13850.6465,-818.928,1829.4441
152,111,2,13877.0898,-1610.752,2419.626
154,111,2,13898.7266,-2938.8479,3143.23
156,111,2,13911.9482,-5124.5918,4017.084
158,111,2,13911.9482,-8651.9844,5067.6323
160,111,2,13919.1602,-14068.9121,6261.2183
162,111,2,13922.7666,-21348.2715,7538.9443
164,111,2,13923.9678,-22320.1445,8797.4385
166,111,2,13920.3623,-22353.0566,9938.1357
168,111,2,13909.5439,-22356.9277,10903.3418
170,111,2,13865.0703,-22358.8633,11578.8662
172,111,2,9606.3838,-22368.543,11932.2539
174,111,2,2018.1581,-22372.416,12024.8086
176,111,2,-5639.7842,-22372.416,11870.9521
178,111,2,-13059.7305,-22360.8008,11462.2725
180,111,2,-13885.5039,-22354.9922,10613.6602
182,111,2,-13902.332,-22345.3125,9499.4063
184,111,2,-13902.332,-22308.5273,8267.3564
186,111,2,-13909.5439,-21456.6875,7054.5381
188,111,2,-13901.1299,-15822.9277,5924.6582
190,111,2,-13884.3027,-11555.9844,4936.6143
192,111,2,-13871.0801,-8638.4316,4091.6082
194,111,2,-13783.334,-6644.3521,3395.6501
196,111,2,-12828.9463,-5244.624,2828.3062
198,111,2,-11245.9121,-4224.3521,2369.1421
200,111,2,-9834.7646,-3461.5679,1990.5121
202,111,2,-8650.7939,-2873.0239,1673.1841
204,111,2,-7651.9321,-2414.1919,1417.1581
206,111,2,-6810.5322,-2048.2881,1199.5961
206,109,2,-6453.5381,-2373.5359,1135.89
204,109,2,-7186.7583,-2791.7119,1320.998
202,109,2,-8054.6021,-3320.24,1550.5801
200,109,2,-9069.0898,-3990.0959,1829.4441
198,109,2,-10248.252,-4843.8721,2164.802
196,109,2,-11622.1387,-5966.752,2577.0881
194,109,2,-13023.6699,-7453.6001,3074.7161
192,109,2,-13778.5264,-9474.7842,3676.918
190,109,2,-13860.2627,-12218.0957,4382.4922
188,109,2,-13883.1006,-15900.3682,5202.2559
186,109,2,-13889.1104,-20666.8008,6122.9883
184,109,2,-13885.5039,-22269.8086,7086.9922
182,109,2,-13873.4844,-22325.9512,8043.7842
180,109,2,-13677.5586,-22341.4395,8892.3965
178,109,2,-9728.9883,-22345.3125,9561.9102
176,109,2,-4037.5181,-22354.9922,9999.4385
174,109,2,1859.494,-22353.0566,10185.748
172,109,2,7808.1924,-22360.8008,10096.7998
170,109,2,13291.7158,-22353.0566,9763.8457
168,109,2,13880.6963,-22347.248,9184.4824
166,109,2,13911.9482,-22327.8887,8412.7979
164,109,2,13909.5439,-22277.5527,7498.0762
162,109,2,13916.7559,-20339.6152,6493.2041
160,109,2,13913.1504,-14653.584,5478.7163
158,109,2,13904.7363,-10154.3203,4515.9141
156,109,2,13897.5244,-6853.4399,3650.4741
154,109,2,13881.8984,-4534.1118,2902.8301
152,109,2,13865.0703,-2938.8479,2269.376
150,109,2,13833.8184,-1866.304,1738.092
148,109,2,13578.9941,-1140.304,1295.756
146,109,2,13095.79,-636.944,899.096
144,109,2,12649.8486,-272.976,554.122
142,109,2,12407.0439,23.232,236.794
140,109,2,12396.2266,296.208,-70.918
138,109,2,12613.7881,605.968,-388.246
136,109,2,13036.8926,1000.912,-728.412
134,109,2,13528.5098,1548.8,-1108.244
132,109,2,13816.9902,2336.752,-1552.984
130,109,2,13861.4639,3482.864,-2077.0562
128,109,2,13881.8984,5145.8882,-2700.894
126,109,2,13895.1201,7544.5918,-3446.134
124,109,2,13905.9385,10880.3203,-4316.3818
122,109,2,13905.9385,15321.5039,-5300.8203
120,109,2,13909.5439,20713.2637,-6348.9644
118,109,2,13910.7461,22279.4883,-7410.3301
116,109,2,13903.5342,22331.7598,-8393.5664
114,109,2,13869.8779,22353.0566,-9218.1377
112,109,2,12094.5244,22362.7363,-9826.3506
110,109,2,6531.668,22368.543,-10165.3145
108,109,2,795.724,22366.6074,-10212.1924
106,109,2,-4836.8481,22364.6719,-9985.0146
104,109,2,-10033.0938,22358.8633,-9483.7803
102,109,2,-13617.458,22345.3125,-8766.1865
100,109,2,-13863.8682,22320.1445,-7883.918
98,109,2,-13878.292,22200.1113,-6924.7222
96,109,2,-13879.4941,19023.1367,-5969.1323
94,109,2,-13867.4746,14837.5039,-5073.6421
92,109,2,-13843.4346,11552.1123,-4274.312
90,109,2,-13576.5898,9074.0322,-3585.5662
88,109,2,-12583.7383,7213.5361,-3002.5959
86,109,2,-11197.832,5808.0,-2515.7861
84,109,2,-9938.1357,4745.1357,-2113.116
82,109,2,-8833.498,3918.4639,-1782.566
80,109,2,-7879.1104,3271.8401,-1510.9141
80,107,2,-7261.2822,3589.344,-1401.532
82,107,2,-8041.3804,4265.0078,-1638.326
84,107,2,-8928.4561,5114.9121,-1924.402
86,107,2,-9906.8838,6187.4561,-2268.1741
88,107,2,-10970.6543,7556.208,-2678.0562
90,107,2,-12056.0605,9294.7363,-3158.856
92,107,2,-12932.3184,11492.0957,-3716.584
94,107,2,-13484.0361,14225.7275,-4345.23
96,107,2,-13600.6299,17505.3125,-5033.9761
98,107,2,-13499.6621,21059.8086,-5753.9741
100,107,2,-12649.8486,22256.2559,-6467.9619
102,107,2,-10409.3203,22306.5918,-7123.0522
104,107,2,-7155.5063,22329.8242,-7653.1343
106,107,2,-3280.2581,22341.4395,-8028.1582
108,107,2,1018.094,22356.9277,-8202.4482
110,107,2,5405.394,22341.4395,-8166.3882
112,107,2,9658.0703,22335.6328,-7909.1602
114,107,2,13211.1826,22322.0801,-7452.3999
116,107,2,13861.4639,22283.3594,-6842.9863
118,107,2,13883.1006,21950.3672,-6113.3721
120,107,2,13891.5146,18606.8965,-5316.4463
122,107,2,13890.3125,14535.4883,-4514.7119
124,107,2,13885.5039,11000.3516,-3751.4421
126,107,2,13875.8887,8144.752,-3054.282
128,107,2,13860.2627,5928.0317,-2437.656
130,107,2,13825.4043,4263.0718,-1905.17
132,107,2,13582.6006,3024.032,-1447.208
134,107,2,13130.6484,2100.5601,-1050.548
136,107,2,12627.0098,1405.536,-699.564
138,107,2,12237.5625,853.776,-383.438
140,107,2,12018.7979,387.2,-85.342
142,107,2,12027.2119,-50.336,203.138
144,107,2,12261.6025,-507.232,500.032
146,107,2,12665.4746,-1035.76,814.956
148,107,2,13199.1621,-1703.6799,1169.546
150,107,2,13625.8721,-2580.688,1571.014
152,107,2,13836.2227,-3767.4561,2034.9861
154,107,2,13866.2725,-5395.6318,2575.886
156,107,2,13885.5039,-7562.0161,3190.1082
158,107,2,13886.7061,-10421.4883,3888.47
160,107,2,13896.3223,-14034.0635,4646.9321
162,107,2,13897.5244,-18297.1367,5433.04
164,107,2,13895.1201,-21927.1367,6201.1182
166,107,2,13877.0898,-22287.2324,6903.0859
168,107,2,13762.9004,-22322.0801,7493.2681
170,107,2,11006.7139,-22343.375,7929.5942
172,107,2,6645.8579,-22337.5684,8185.6201
174,107,2,2045.8041,-22345.3125,8263.75
176,107,2,-2452.0801,-22341.4395,8149.5601
178,107,2,-6680.7163,-22327.8887,7817.8081
180,107,2,-10321.5742,-22318.207,7315.3721
182,107,2,-12910.6826,-22283.3594,6671.1001
184,107,2,-13696.79,-22049.1035,5955.9102
186,107,2,-13812.1826,-19042.4961,5228.7002
188,107,2,-13732.8506,-15340.8643,4519.52
190,107,2,-13464.8047,-12266.4961,3872.844
192,107,2,-12663.0703,-9819.3916,3298.2881
194,107,2,-11511.5547,-7906.624,2801.8621
196,107,2,-10344.4121,-6435.2642,2384.7681
198,107,2,-9269.8242,-5287.2158,2028.9761
200,107,2,-8305.8203,-4388.9121,1734.4861
202,107,2,-7451.1982,-3676.4639,1486.874
204,107,2,-6702.3521,-3107.28,1281.332
206,107,2,-6050.8682,-2650.384,1109.446
206,105,2,-5624.1582,-2859.4719,1037.326
204,105,2,-6167.4619,-3331.856,1185.172
202,105,2,-6787.6943,-3912.656,1365.472
200,105,2,-7476.4399,-4630.9121,1579.428
198,105,2,-8232.498,-5515.6641,1831.848
196,105,2,-9043.8486,-6619.1841,2131.146
194,105,2,-9874.4307,-7987.936,2478.5239
192,105,2,-10670.1543,-9685.8076,2879.9919
190,105,2,-11345.6777,-11776.6875,3339.156
188,105,2,-11753.1563,-14274.1279,3848.804
186,105,2,-11721.9043,-17123.9199,4394.5122
184,105,2,-11068.0166,-20140.207,4948.6343
182,105,2,-9677.3018,-22070.4004,5488.332
180,105,2,-7534.1362,-22254.3203,5969.1323
178,105,2,-4732.2739,-22279.4883,6344.1562
176,105,2,-1492.884,-22300.7832,6589.3643
174,105,2,1966.472,-22304.6562,6683.1201
172,105,2,5488.332,-22302.7207,6625.4243
170,105,2,8856.3359,-22294.9766,6412.6699
168,105,2,11840.9023,-22258.1914,6067.6963
166,105,2,13592.2158,-22014.2559,5620.5522
164,105,2,13843.4346,-19791.7285,5115.7119
162,105,2,13862.666,-16403.7285,4529.1362
160,105,2,13860.2627,-13145.4395,3922.126
158,105,2,13857.8584,-10253.0557,3333.146
156,105,2,13841.0303,-7815.6318,2777.822
154,105,2,13796.5566,-5858.3359,2274.1841
152,105,2,13559.7627,-4301.792,1823.4341
150,105,2,13110.2139,-3080.176,1424.37
148,105,2,12578.9307,-2121.856,1069.78
146,105,2,12075.292,-1351.328,753.654
144,105,2,11709.8838,-710.512,467.578
142,105,2,11511.5547,-133.584,194.724
140,105,2,11497.1299,416.24,-70.918
138,105,2,11653.3906,998.976,-341.368
136,105,2,11979.1318,1653.344,-626.242
134,105,2,12446.71,2435.488,-936.358
132,105,2,12939.5303,3409.2959,-1286.14
130,105,2,13450.3799,4640.5918,-1679.194
128,105,2,13691.9824,6197.1357,-2121.53
126,105,2,13832.6162,8144.752,-2620.3601
124,105,2,13850.6465,10508.6084,-3167.27
122,105,2,13850.6465,13306.1279,-3763.4622
120,105,2,13849.4443,16384.3672,-4370.4722
118,105,2,13779.7285,19555.5352,-4969.0679
116,105,2,13060.9326,21774.1914,-5515.978
114,105,2,10899.7363,22258.1914,-5970.334
112,105,2,7983.6841,22291.1035,-6306.894
110,105,2,4729.8701,22302.7207,-6501.6182
108,105,2,1342.634,22300.7832,-6534.0723
106,105,2,-1936.422,22293.0391,-6423.4883
104,105,2,-4913.7759,22269.8086,-6166.2603
102,105,2,-7437.9761,22215.5996,-5778.0142
100,105,2,-9346.752,21255.3437,-5310.436
98,105,2,-10547.5498,18738.543,-4785.1621
96,105,2,-11099.2686,15942.96,-4244.2622
94,105,2,-11110.0859,13385.5039,-3720.1902
92,105,2,-10743.4766,11133.9355,-3229.7742
90,105,2,-10146.082,9232.7842,-2787.438
88,105,2,-9423.6797,7660.752,-2394.384
86,105,2,-8665.2178,6375.248,-2053.0161
84,105,2,-7928.3921,5339.4878,-1762.1321
82,105,2,-7226.4243,4495.3921,-1513.318
80,105,2,-6578.5459,3808.1121,-1305.3721
80,103,2,-5948.6982,3943.6321,-1193.5861
82,103,2,-6449.9321,4601.8721,-1370.28
84,103,2,-6982.418,5401.4399,-1579.428
86,103,2,-7517.3081,6359.7598,-1819.828
88,103,2,-8036.5723,7521.3599,-2096.2881
90,103,2,-8486.1201,8888.1758,-2411.2122
92,103,2,-8801.0439,10495.0557,-2759.792
94,103,2,-8906.8203,12322.6396,-3142.0281
96,103,2,-8697.6719,14334.1436,-3537.4861
98,103,2,-8091.8643,16448.2559,-3938.9541
100,103,2,-7014.8721,18531.3926,-4323.5942
102,103,2,-5454.6763,20407.375,-4667.3662
104,103,2,-3456.9521,21472.1758,-4942.624
106,103,2,-1131.082,21979.4082,-5125.3281
108,103,2,1418.36,22145.9043,-5210.6699
110,103,2,4031.5081,22093.6328,-5186.6299
112,103,2,6547.2939,21706.4316,-5049.6021
114,103,2,8844.3164,20924.2871,-4791.1719
116,103,2,10751.8906,19118.0,-4457.0161
118,103,2,12194.29,16891.5996,-4056.75
120,103,2,12971.9844,14500.6396,-3609.606
122,103,2,13298.9287,12121.2959,-3149.24
124,103,2,13331.3818,9889.0879,-2688.874
126,103,2,13167.9102,7920.1758,-2254.9521
128,103,2,12862.6025,6218.4321,-1849.8781
130,103,2,12480.3662,4795.4722,-1483.2681
132,103,2,12011.5859,3618.384,-1150.314
134,103,2,11576.4619,2636.832,-849.814
136,103,2,11225.4785,1815.968,-574.556
138,103,2,10987.4824,1099.6479,-318.53
140,103,2,10869.6865,449.152,-74.524
142,103,2,10880.5039,-174.24,164.674
144,103,2,11028.3506,-820.864,409.882
146,103,2,11302.4063,-1525.568,664.706
148,103,2,11695.46,-2338.688,943.57
150,103,2,12184.6738,-3308.624,1246.474
152,103,2,12678.6963,-4479.9038,1584.2361
154,103,2,13112.6182,-5910.6079,1955.6541
156,103,2,13446.7744,-7622.0317,2359.5261
158,103,2,13566.9746,-9652.8955,2803.064
160,103,2,13583.8027,-11966.416,3259.824
162,103,2,13462.4004,-14479.3438,3722.594
164,103,2,12897.46,-17030.9922,4164.9302
166,103,2,11650.9863,-19445.1836,4566.3979
168,103,2,9734.998,-21241.791,4898.1499
170,103,2,7413.936,-22091.6953,5142.1562
172,103,2,4804.394,-22223.3437,5290.002
174,103,2,2040.9961,-22236.8965,5347.6982
176,103,2,-635.858,-22233.0234,5291.2041
178,103,2,-3161.26,-22128.4805,5114.5103
180,103,2,-5370.5361,-21396.6719,4846.4639
182,103,2,-7133.8701,-19861.4238,4503.894
184,103,2,-8375.5361,-17648.5762,4112.042
186,103,2,-9090.7266,-15367.9678,3700.958
188,103,2,-9357.5703,-13158.9922,3288.6721
190,103,2,-9262.6123,-11145.5518,2894.416
192,103,2,-8924.8506,-9393.4717,2532.614
194,103,2,-8430.8281,-7898.8799,2206.8721
196,103,2,-7867.0903,-6661.7759,1919.594
198,103,2,-7279.312,-5627.9521,1667.1741
200,103,2,-6699.9482,-4779.9839,1449.6121
202,103,2,-6148.23,-4077.2161,1257.292
204,103,2,-5638.582,-3496.416,1098.6281
206,103,2,-5172.2061,-3016.2881,961.6
206,101,2,-4732.2739,-3111.1521,888.278
204,101,2,-5107.2979,-3577.728,1002.468
202,101,2,-5512.3721,-4135.2959,1138.2941
200,101,2,-5934.2739,-4799.3437,1296.958
198,101,2,-6359.7822,-5585.3599,1478.4601
196,101,2,-6773.27,-6516.5762,1686.406
194,101,2,-7139.8804,-7610.416,1923.2001
192,101,2,-7417.542,-8888.1758,2182.832
190,101,2,-7549.7622,-10336.3037,2467.7061
188,101,2,-7475.2383,-11945.1201,2771.812
186,101,2,-7113.436,-13670.0957,3086.7361
184,101,2,-6422.2861,-15393.1357,3396.8521
182,101,2,-5352.5059,-17058.0957,3692.5439
180,101,2,-3916.116,-18490.7363,3942.5601
178,101,2,-2156.3879,-19607.8086,4137.2842
176,101,2,-158.664,-20295.0879,4258.686
174,101,2,1958.058,-20502.2402,4304.3623
172,101,2,4101.2241,-20213.7754,4264.6963
170,101,2,6159.0483,-19435.5039,4145.6982
168,101,2,8002.916,-18225.5039,3954.5801
166,101,2,9566.7178,-16636.0488,3699.7561
164,101,2,10765.1123,-14806.5283,3396.8521
162,101,2,11584.876,-12841.4883,3059.0901
160,101,2,12030.8184,-10870.6396,2706.9041
158,101,2,12179.8662,-8988.8477,2365.5361
156,101,2,12086.1104,-7296.7842,2021.764
154,101,2,11833.6904,-5808.0,1694.8201
152,101,2,11494.7266,-4510.8799,1389.5121
150,101,2,11135.3281,-3411.2319,1107.042
148,101,2,10803.5762,-2466.4639,847.41
146,101,2,10525.9141,-1639.792,605.808
144,101,2,10325.1807,-907.984,379.832
142,101,2,10213.3945,-224.576,161.068
140,101,2,10192.96,441.408,-51.686
138,101,2,10265.0801,1124.816,-268.046
136,101,2,10423.7441,1860.496,-492.82
134,101,2,10653.3262,2681.3601,-734.422
132,101,2,10932.1904,3624.1919,-991.65
130,101,2,11229.084,4712.2241,-1270.514
128,101,2,11500.7363,5976.4321,-1573.418
126,101,2,11685.8438,7432.3042,-1903.968
124,101,2,11713.4902,9064.3516,-2246.5381
122,101,2,11515.1602,10847.4082,-2599.926
120,101,2,11016.3301,12709.8398,-2954.5161
118,101,2,10170.1221,14545.168,-3291.0762
116,101,2,8963.3145,16248.8477,-3597.5862
114,101,2,7430.7642,17671.8086,-3847.6021
112,101,2,5616.9463,18750.1602,-4032.71
110,101,2,3633.646,19392.9121,-4144.4961
108,101,2,1575.822,19563.2793,-4173.3442
106,101,2,-437.528,19270.9434,-4119.2539
104,101,2,-2277.79,18550.752,-3994.2461
102,101,2,-3893.2781,17439.4883,-3804.3301
100,101,2,-5199.8521,16045.5684,-3560.324
98,101,2,-6161.4521,14479.3438,-3269.4399
96,101,2,-6790.0981,12858.9121,-2971.344
94,101,2,-7108.6279,11283.0078,-2668.4399
92,101,2,-7181.9502,9798.0957,-2376.354
90,101,2,-7060.5483,8456.4482,-2102.2981
88,101,2,-6811.7339,7273.5518,-1849.8781
86,101,2,-6479.9819,6247.4722,-1623.902
84,101,2,-6102.5542,5372.3999,-1423.168
82,101,2,-5708.2983,4625.104,-1245.272
80,101,2,-5314.042,3992.032,-1092.618
80,99,2,-4741.8901,3986.2239,-989.246
82,99,2,-5033.9761,4565.0879,-1116.6581
84,99,2,-5317.6479,5244.624,-1263.302
86,99,2,-5571.27,6024.832,-1425.572
88,99,2,-5770.8022,6917.3281,-1608.276
90,99,2,-5887.396,7924.0479,-1807.808
92,99,2,-5887.396,9041.1201,-2022.9661
94,99,2,-5727.5303,10243.376,-2246.5381
96,99,2,-5368.1323,11497.9043,-2474.918
98,99,2,-4776.748,12756.3037,-2699.6921
100,99,2,-3929.3381,13945.0078,-2908.8401
102,99,2,-2835.5181,14986.5762,-3086.7361
104,99,2,-1516.9241,15820.9922,-3226.168
106,99,2,-37.262,16353.3916,-3318.7222
108,99,2,1562.6,16560.543,-3361.9941
110,99,2,3182.896,16405.6641,-3342.762
112,99,2,4765.9302,15904.2402,-3263.4302
114,99,2,6216.7441,15079.5039,-3126.4021
116,99,2,7502.8843,13970.1758,-2925.668
118,99,2,8536.6045,12655.6318,-2697.2881
120,99,2,9317.9043,11224.9277,-2440.0601
122,99,2,9839.5723,9751.6318,-2168.408
124,99,2,10128.0518,8295.7598,-1889.5441
126,99,2,10233.8281,6934.752,-1619.094
128,99,2,10203.7783,5686.0317,-1357.058
130,99,2,10089.5879,4561.2158,-1108.244
132,99,2,9929.7227,3558.3679,-876.258
134,99,2,9766.25,2665.8721,-657.494
136,99,2,9625.6162,1868.24,-451.952
138,99,2,9523.4463,1136.432,-256.026
140,99,2,9480.1738,443.344,-62.504
142,99,2,9495.7998,-236.192,127.412
144,99,2,9572.7285,-927.344,318.53
146,99,2,9707.3525,-1664.96,516.86
148,99,2,9891.2578,-2466.4639,726.008
150,99,2,10098.002,-3358.96,943.57
152,99,2,10303.5439,-4369.5518,1180.364
154,99,2,10475.4307,-5517.6001,1429.178
156,99,2,10567.9844,-6797.2959,1693.618
158,99,2,10525.9141,-8210.5762,1970.078
160,99,2,10291.5244,-9724.5283,2247.74
162,99,2,9820.3398,-11283.0078,2519.3921
164,99,2,9083.5146,-12826.0,2782.6301
166,99,2,8073.834,-14241.2158,3009.8081
168,99,2,6802.1182,-15476.3838,3199.7241
170,99,2,5314.042,-16434.7031,3342.762
172,99,2,3675.7161,-17063.9043,3428.104
174,99,2,1961.6641,-17319.4551,3450.9421
176,99,2,268.046,-17174.2559,3429.3062
178,99,2,-1329.412,-16682.5117,3346.3682
180,99,2,-2753.782,-15859.7119,3198.522
182,99,2,-3955.782,-14783.2959,3013.4141
184,99,2,-4893.3423,-13532.6396,2789.842
186,99,2,-5549.6343,-12192.9277,2556.6541
188,99,2,-5954.708,-10847.4082,2317.4561
190,99,2,-6137.4121,-9548.3516,2080.6621
192,99,2,-6142.2202,-8346.0957,1855.8881
194,99,2,-6014.8081,-7261.936,1647.942
196,99,2,-5800.8521,-6307.4878,1456.824
198,99,2,-5524.3921,-5473.0718,1283.7361
200,99,2,-5220.2861,-4752.8799,1132.2841
202,99,2,-4902.958,-4135.2959,998.862
204,99,2,-4580.8223,-3604.832,877.46
206,99,2,-4276.7163,-3153.7439,775.29
206,97,2,-3874.0461,-3159.552,706.776
204,97,2,-4109.6382,-3581.6001,792.118
202,97,2,-4352.4419,-4071.408,893.086
200,97,2,-4585.6299,-4636.7202,1007.276
198,97,2,-4791.1719,-5283.3437,1131.082
196,97,2,-4960.6543,-6015.1519,1270.514
194,97,2,-5072.4399,-6836.0161,1426.774
192,97,2,-5097.6821,-7745.936,1591.448
190,97,2,-5009.936,-8733.2959,1768.1421
188,97,2,-4775.5459,-9770.9922,1948.442
186,97,2,-4365.6641,-10835.792,2131.146
184,97,2,-3767.0681,-11869.6162,2309.042
182,97,2,-2961.728,-12822.1279,2467.7061
180,97,2,-1960.462,-13635.248,2604.7341
178,97,2,-796.926,-14250.8955,2709.3081
176,97,2,489.214,-14612.9277,2774.2161
174,97,2,1847.474,-14700.0479,2795.8521
172,97,2,3220.158,-14508.3838,2774.2161
170,97,2,4548.3682,-14016.6396,2703.2981
168,97,2,5772.0039,-13279.0244,2595.1182
166,97,2,6835.7739,-12316.832,2449.676
164,97,2,7704.8203,-11207.5039,2275.386
162,97,2,8382.748,-9987.8242,2073.45
160,97,2,8856.3359,-8737.168,1864.302
158,97,2,9147.2197,-7494.2559,1646.74
156,97,2,9287.8545,-6303.6157,1426.774
154,97,2,9311.8945,-5203.9678,1216.4241
152,97,2,9255.4004,-4185.6318,1012.084
150,97,2,9156.8359,-3266.032,812.552
148,97,2,9042.6465,-2431.616,628.646
146,97,2,8933.2646,-1666.896,450.75
144,97,2,8849.124,-956.384,280.066
142,97,2,8796.2363,-269.104,112.988
140,97,2,8780.6104,404.624,-52.888
138,97,2,8801.0439,1086.0959,-219.966
136,97,2,8852.7305,1796.608,-390.65
134,97,2,8923.6484,2549.7119,-566.142
132,97,2,9002.9805,3376.384,-752.452
130,97,2,9066.6865,4282.4321,-947.176
128,97,2,9081.1104,5271.728,-1151.516
126,97,2,9015.0,6344.272,-1363.068
124,97,2,8839.5078,7480.7041,-1578.2261
122,97,2,8513.7666,8663.5996,-1795.7881
120,97,2,8016.1382,9852.3037,-2007.3401
118,97,2,7326.1899,10986.7998,-2204.468
116,97,2,6447.5283,12020.624,-2378.7581
114,97,2,5404.1919,12876.3359,-2520.594
112,97,2,4208.2021,13528.7676,-2628.7742
110,97,2,2930.4761,13933.3916,-2694.884
108,97,2,1615.488,14072.7842,-2711.7122
106,97,2,323.338,13945.0078,-2691.2781
104,97,2,-882.268,13563.6162,-2627.572
102,97,2,-1972.4821,12957.6475,-2529.0081
100,97,2,-2899.2241,12177.4395,-2407.606
98,97,2,-3640.8582,11265.584,-2259.76
96,97,2,-4200.9902,10285.9678,-2095.0859
94,97,2,-4572.4082,9292.7998,-1923.2001
92,97,2,-4791.1719,8315.1201,-1750.1121
90,97,2,-4876.5142,7389.7119,-1581.832
88,97,2,-4853.6763,6534.0,-1421.9661
86,97,2,-4755.1123,5757.6641,-1276.524
84,97,2,-4598.8521,5068.4478,-1141.9
82,97,2,-4405.3301,4456.6719,-1019.296
80,97,2,-4190.1719,3920.3999,-911.116
80,95,2,-3702.1602,3821.6641,-819.764
82,95,2,-3851.208,4303.728,-908.712
84,95,2,-3976.2161,4847.7441,-1008.478
86,95,2,-4063.9622,5449.8398,-1116.6581
88,95,2,-4094.012,6115.8237,-1234.454
90,95,2,-4056.75,6836.0161,-1360.6641
92,95,2,-3924.53,7602.6719,-1489.2781
94,95,2,-3687.7361,8394.4961,-1621.498
96,95,2,-3321.126,9194.0635,-1752.516
98,95,2,-2812.6799,9962.6563,-1876.322
100,95,2,-2162.3979,10673.168,-1988.108
102,95,2,-1375.088,11271.3916,-2081.864
104,95,2,-471.184,11728.2881,-2150.3779
106,95,2,514.456,12010.9443,-2190.0439
108,95,2,1566.2061,12092.2559,-2199.6602
110,95,2,2637.188,11968.3516,-2182.832
112,95,2,3678.1201,11635.3604,-2134.752
114,95,2,4657.75,11114.5762,-2056.6221
116,95,2,5536.4121,10435.04,-1946.0381
118,95,2,6294.874,9618.0479,-1817.4241
120,95,2,6911.5,8704.2559,-1664.77
122,95,2,7392.3003,7744.0,-1501.298
124,95,2,7736.0723,6766.3198,-1333.0181
126,95,2,7960.8462,5811.8721,-1159.9301
128,95,2,8089.46,4886.4639,-985.64
130,95,2,8147.1562,4013.3279,-819.764
132,95,2,8154.3682,3198.272,-658.696
134,95,2,8139.9443,2437.4241,-502.436
136,95,2,8117.106,1726.912,-352.186
138,95,2,8096.6724,1049.312,-201.936
140,95,2,8094.2681,389.136,-57.696
142,95,2,8111.0962,-261.36,86.544
144,95,2,8141.146,-917.664,229.582
146,95,2,8192.832,-1599.136,377.428
148,95,2,8245.7197,-2319.3279,528.88
150,95,2,8292.5986,-3087.9199,683.938
152,95,2,8315.4365,-3910.72,845.006
154,95,2,8292.5986,-4803.2158,1013.286
156,95,2,8203.6504,-5747.9839,1183.97
158,95,2,8017.3403,-6745.0239,1358.26
160,95,2,7710.8301,-7773.04,1531.348
162,95,2,7261.2822,-8795.248,1698.426
164,95,2,6663.8882,-9772.9277,1851.0801
166,95,2,5921.0522,-10665.4238,1986.906
168,95,2,5036.3799,-11434.0156,2102.2981
170,95,2,4024.2961,-12030.3037,2186.438
172,95,2,2944.9001,-12427.1836,2241.73
174,95,2,1812.6161,-12601.4238,2268.1741
176,95,2,711.584,-12551.0879,2253.75
178,95,2,-346.176,-12287.792,2206.8721
180,95,2,-1316.1901,-11836.7041,2134.752
182,95,2,-2159.9941,-11221.0557,2033.7841
184,95,2,-2863.1641,-10489.248,1919.594
186,95,2,-3408.8721,-9681.9355,1787.374
188,95,2,-3809.1382,-8835.9043,1647.942
190,95,2,-4069.9722,-7991.8081,1507.308
192,95,2,-4210.606,-7178.688,1370.28
194,95,2,-4256.2822,-6413.9678,1239.262
196,95,2,-4221.4243,-5711.2002,1116.6581
198,95,2,-4130.0723,-5068.4478,1002.468
200,95,2,-3995.448,-4491.52,896.692
202,95,2,-3833.178,-3978.48,800.532
204,95,2,-3656.4841,-3527.3921,715.19
206,95,2,-3470.1741,-3130.512,638.262
206,93,2,-3117.988,-3076.304,576.96
204,93,2,-3255.0161,-3436.3999,639.464
202,93,2,-3382.428,-3848.7681,710.382
200,93,2,-3489.406,-4305.6641,789.714
198,93,2,-3565.1321,-4812.896,875.056
196,93,2,-3602.394,-5368.5278,971.216
194,93,2,-3584.364,-5966.752,1069.78
192,93,2,-3497.8201,-6609.5039,1175.556
190,93,2,-3330.7419,-7281.2959,1284.938
188,93,2,-3062.696,-7958.896,1393.118
186,93,2,-2687.6721,-8632.624,1500.0961
184,93,2,-2194.8521,-9267.6318,1601.0641
182,93,2,-1587.842,-9836.8164,1691.214
180,93,2,-876.258,-10311.1357,1764.536
178,93,2,-66.11,-10649.9355,1818.626
176,93,2,807.744,-10845.4717,1851.0801
174,93,2,1720.062,-10866.7676,1858.292
172,93,2,2643.198,-10715.7598,1839.0601
170,93,2,3542.2939,-10396.3203,1795.7881
168,93,2,4380.0879,-9916.1924,1728.4761
166,93,2,5137.3481,-9306.3516,1633.5181
164,93,2,5784.0239,-8591.9678,1531.348
162,93,2,6324.9243,-7792.3999,1413.552
160,93,2,6746.8262,-6950.2397,1283.7361
158,93,2,7058.144,-6092.5918,1146.708
156,93,2,7273.3022,-5248.4961,1006.074
154,93,2,7407.9263,-4431.5039,866.642
152,93,2,7478.8442,-3647.4241,729.614
150,93,2,7506.4902,-2905.936,593.788
148,93,2,7505.2881,-2205.104,461.568
146,93,2,7489.6621,-1535.248,331.752
144,93,2,7469.228,-896.368,206.744
142,93,2,7451.1982,-271.04,80.534
140,93,2,7439.1782,346.544,-43.272
138,93,2,7433.168,969.936,-168.28
136,93,2,7428.3604,1606.88,-295.692
134,93,2,7418.7441,2265.1199,-423.104
132,93,2,7393.502,2960.144,-556.526
130,93,2,7337.0083,3690.0159,-689.948
128,93,2,7240.8481,4454.7358,-828.178
126,93,2,7079.7803,5252.3682,-968.812
124,93,2,6841.7842,6063.5518,-1107.042
122,93,2,6508.8301,6880.5439,-1245.272
120,93,2,6072.5039,7674.3042,-1376.29
118,93,2,5526.7959,8411.9199,-1494.0861
116,93,2,4877.7163,9077.9043,-1599.8621
114,93,2,4140.8901,9627.7275,-1685.204
112,93,2,3324.7322,10049.7764,-1750.1121
110,93,2,2459.292,10320.8164,-1787.374
108,93,2,1575.822,10433.1035,-1804.202
106,93,2,704.372,10386.6396,-1799.394
104,93,2,-121.402,10185.2959,-1772.9501
102,93,2,-883.47,9846.4961,-1718.86
100,93,2,-1556.5901,9389.5996,-1653.952
98,93,2,-2125.136,8843.6484,-1573.418
96,93,2,-2589.1082,8233.8076,-1483.2681
94,93,2,-2940.092,7602.6719,-1385.906
92,93,2,-3191.3101,6954.1118,-1284.938
90,93,2,-3352.3782,6321.04,-1182.7681
88,93,2,-3432.9121,5711.2002,-1083.0021
86,93,2,-3452.144,5140.0801,-988.044
84,93,2,-3420.8921,4613.4878,-900.298
82,93,2,-3349.9741,4131.4238,-817.36
80,93,2,-3250.208,3693.8879,-741.634
80,91,2,-2854.75,3550.624,-667.11
82,91,2,-2912.446,3933.9519,-728.412
84,91,2,-2943.698,4357.936,-795.724
86,91,2,-2938.8901,4812.896,-866.642
88,91,2,-2887.2041,5300.7681,-942.368
90,91,2,-2782.6301,5811.8721,-1020.498
92,91,2,-2608.3401,6340.3999,-1098.6281
94,91,2,-2363.1321,6868.9277,-1177.96
96,91,2,-2034.9861,7381.9678,-1252.484
98,91,2,-1620.296,7864.0317,-1322.2001
100,91,2,-1121.4661,8293.8242,-1382.3
102,91,2,-545.708,8650.0479,-1430.38
104,91,2,98.564,8907.5361,-1464.036
106,91,2,787.31,9054.6719,-1483.2681
108,91,2,1509.712,9077.9043,-1484.47
110,91,2,2242.9321,8977.2324,-1471.248
112,91,2,2964.1321,8748.7842,-1435.188
114,91,2,3655.282,8406.1123,-1384.704
116,91,2,4285.1299,7953.0879,-1318.594
118,91,2,4846.4639,7411.0078,-1236.858
120,91,2,5328.4663,6799.2319,-1143.1021
122,91,2,5731.1362,6142.9277,-1043.3361
124,91,2,6054.4741,5455.6479,-933.954
126,91,2,6299.6821,4762.5601,-822.168
128,91,2,6481.1841,4069.4719,-710.382
130,91,2,6608.5962,3399.616,-597.394
132,91,2,6693.938,2743.312,-484.406
134,91,2,6746.8262,2112.176,-373.822
136,91,2,6779.2803,1506.208,-265.642
138,91,2,6803.3203,911.856,-157.462
140,91,2,6818.9463,329.12,-50.484
142,91,2,6830.9663,-247.808,55.292
144,91,2,6840.582,-834.416,163.472
146,91,2,6841.7842,-1432.64,270.45
148,91,2,6830.9663,-2046.3519,379.832
150,91,2,6799.7144,-2681.3601,490.416
152,91,2,6742.0181,-3343.4719,602.202
154,91,2,6639.8481,-4036.5601,719.998
156,91,2,6484.79,-4739.3281,831.784
158,91,2,6264.8242,-5459.52,944.772
160,91,2,5964.3242,-6175.8398,1052.952
162,91,2,5579.6841,-6874.7358,1157.526
164,91,2,5103.6919,-7532.9761,1252.484
166,91,2,4543.5601,-8125.3921,1334.22
168,91,2,3900.49,-8624.8799,1402.734
170,91,2,3197.3201,-9025.6318,1454.42
172,91,2,2450.8779,-9294.7363,1485.672
174,91,2,1681.598,-9436.0635,1498.894
176,91,2,925.54,-9432.1924,1491.682
178,91,2,188.714,-9294.7363,1467.642
180,91,2,-492.82,-9037.248,1426.774
182,91,2,-1104.6381,-8681.0244,1371.4821
184,91,2,-1634.72,-8235.7441,1304.17
186,91,2,-2074.6521,-7732.3838,1226.04
188,91,2,-2424.4341,-7194.1758,1145.506
190,91,2,-2693.6821,-6644.3521,1058.962
192,91,2,-2877.5881,-6090.6558,976.024
194,91,2,-3000.1921,-5556.3198,891.884
196,91,2,-3051.8782,-5045.2158,811.35
198,91,2,-3056.686,-4563.1519,736.826
200,91,2,-3021.8281,-4117.8721,665.908
202,91,2,-2958.1221,-3707.4399,601.0
204,91,2,-2871.5781,-3337.6641,538.496
206,91,2,-2771.812,-3004.6719,483.204
206,89,2,-2477.322,-2911.7439,432.72
204,89,2,-2545.8359,-3211.824,478.396
202,89,2,-2598.7241,-3544.8159,528.88
200,89,2,-2629.9761,-3906.8479,584.172
198,89,2,-2633.582,-4295.9839,641.868
196,89,2,-2601.1279,-4710.2881,703.17
194,89,2,-2526.604,-5145.8882,766.876
192,89,2,-2399.1921,-5600.8481,832.986
190,89,2,-2214.084,-6059.6802,900.298
188,89,2,-1962.8661,-6512.7041,965.206
186,89,2,-1639.5281,-6948.3042,1028.912
184,89,2,-1251.282,-7349.0562,1086.608
182,89,2,-786.108,-7697.5361,1134.688
180,89,2,-259.632,-7978.2559,1177.96
178,89,2,325.742,-8171.856,1211.616
176,89,2,945.974,-8268.6563,1232.05
174,89,2,1589.0441,-8260.9121,1236.858
172,89,2,2235.72,-8140.8799,1227.2421
170,89,2,2867.9722,-7914.3682,1204.4041
168,89,2,3467.77,-7585.248,1164.738
166,89,2,4023.094,-7163.2002,1110.6481
164,89,2,4513.5103,-6673.3921,1046.942
162,89,2,4940.2202,-6123.5679,971.216
160,89,2,5293.6079,-5533.0879,888.278
158,89,2,5584.4922,-4923.248,801.734
156,89,2,5805.6602,-4303.728,710.382
154,89,2,5971.5361,-3686.144,615.424
152,89,2,6090.5342,-3080.176,521.668
150,89,2,6172.27,-2487.76,426.71
148,89,2,6223.9561,-1910.832,332.954
146,89,2,6252.8042,-1343.584,239.198
144,89,2,6264.8242,-793.76,146.644
142,89,2,6267.228,-249.744,55.292
140,89,2,6256.4102,290.4,-37.262
138,89,2,6237.1782,832.48,-129.816
136,89,2,6205.9263,1380.368,-222.37
134,89,2,6156.644,1937.936,-314.924
132,89,2,6088.1299,2510.9919,-409.882
130,89,2,5989.5659,3097.6001,-504.84
128,89,2,5853.7402,3690.0159,-599.798
126,89,2,5669.834,4292.1118,-693.554
124,89,2,5431.8379,4888.3999,-787.31
122,89,2,5134.9443,5475.0078,-876.258
120,89,2,4770.7383,6032.5762,-959.196
118,89,2,4342.8262,6545.6157,-1034.922
116,89,2,3854.814,6998.6401,-1102.234
114,89,2,3315.116,7370.3521,-1156.324
112,89,2,2729.7419,7664.624,-1197.192
110,89,2,2119.126,7860.1602,-1226.04
108,89,2,1498.894,7953.0879,-1240.464
106,89,2,885.874,7947.2798,-1242.868
104,89,2,293.288,7844.6719,-1229.646
102,89,2,-260.834,7647.2002,-1205.6061
100,89,2,-762.068,7376.1602,-1169.546
98,89,2,-1202.0,7035.4238,-1125.072
96,89,2,-1577.024,6650.1602,-1072.184
94,89,2,-1882.332,6237.792,-1015.69
92,89,2,-2122.7319,5800.2559,-954.388
90,89,2,-2300.6279,5360.7842,-891.884
88,89,2,-2424.4341,4929.0562,-830.582
86,89,2,-2497.7561,4508.9438,-769.28
84,89,2,-2532.614,4114.0,-710.382
82,89,2,-2531.4121,3744.2239,-655.09
80,89,2,-2504.968,3397.6799,-603.404
80,89,4,-2553.0481,3451.8879,-400.266
82,89,4,-2583.0981,3802.304,-432.72
84,89,4,-2587.906,4181.7598,-469.982
86,89,4,-2557.856,4592.1919,-507.244
88,89,4,-2486.938,5020.0479,-545.708
90,89,4,-2366.738,5467.2642,-585.374
92,89,4,-2190.0439,5922.2241,-625.04
94,89,4,-1948.442,6373.312,-663.504
96,89,4,-1639.5281,6803.104,-700.766
98,89,4,-1259.696,7205.792,-733.22
100,89,4,-816.158,7556.208,-762.068
102,89,4,-305.308,7844.6719,-783.704
104,89,4,256.026,8047.9521,-798.128
106,89,4,854.622,8158.3042,-805.34
108,89,4,1479.662,8171.856,-805.34
110,89,4,2113.116,8078.9277,-794.522
112,89,4,2739.3582,7879.52,-776.492
114,89,4,3342.762,7585.248,-748.846
116,89,4,3893.2781,7198.0479,-715.19
118,89,4,4393.3101,6733.4082,-673.12
120,89,4,4833.2422,6204.8799,-625.04
122,89,4,5203.458,5631.8237,-570.95
124,89,4,5509.9683,5027.792,-514.456
126,89,4,5755.1763,4414.0801,-455.558
128,89,4,5942.688,3796.4961,-396.66
130,89,4,6080.918,3182.7839,-334.156
132,89,4,6184.29,2584.5601,-272.854
134,89,4,6254.0063,1994.08,-211.552
136,89,4,6302.0859,1421.024,-151.452
138,89,4,6333.3379,861.52,-91.352
140,89,4,6354.9741,307.824,-32.454
142,89,4,6366.9941,-247.808,27.646
144,89,4,6368.1963,-807.312,86.544
146,89,4,6356.1763,-1370.688,146.644
148,89,4,6330.9341,-1951.488,206.744
150,89,4,6280.4502,-2541.968,265.642
152,89,4,6201.1182,-3151.8079,325.742
154,89,4,6084.5239,-3777.136,385.842
156,89,4,5916.2441,-4410.208,445.942
158,89,4,5696.2783,-5047.1519,504.84
160,89,4,5406.5962,-5676.3521,560.132
162,89,4,5047.1982,-6282.3198,611.818
164,89,4,4613.2759,-6851.5039,659.898
166,89,4,4115.6479,-7354.8638,699.564
168,89,4,3545.9001,-7786.5918,735.624
170,89,4,2934.082,-8127.3281,758.462
172,89,4,2287.406,-8361.584,772.886
174,89,4,1623.902,-8487.4238,776.492
176,89,4,965.206,-8497.1035,771.684
178,89,4,331.752,-8396.4316,759.664
180,89,4,-264.44,-8195.0879,736.826
182,89,4,-804.138,-7902.752,706.776
184,89,4,-1281.332,-7544.5918,669.514
186,89,4,-1680.396,-7130.2881,632.252
188,89,4,-2009.744,-6679.2002,588.98
190,89,4,-2266.9719,-6210.688,545.708
192,89,4,-2459.292,-5738.3042,502.436
194,89,4,-2587.906,-5267.856,460.366
196,89,4,-2661.228,-4818.7041,419.498
198,89,4,-2692.48,-4388.9121,379.832
200,89,4,-2685.2681,-3988.1599,342.57
202,89,4,-2650.4102,-3614.512,307.712
204,89,4,-2591.512,-3271.8401,275.258
206,89,4,-2519.3921,-2962.0801,246.41
206,91,4,-2822.2961,-3055.0081,277.662
204,91,4,-2929.2742,-3395.7439,311.318
202,91,4,-3020.626,-3775.2,350.984
200,91,4,-3090.342,-4197.248,394.256
198,91,4,-3131.21,-4654.144,439.932
196,91,4,-3131.21,-5147.8237,488.012
194,91,4,-3083.1301,-5674.416,539.698
192,91,4,-2974.95,-6233.9199,592.586
190,91,4,-2793.448,-6805.04,645.474
188,91,4,-2530.21,-7380.0317,700.766
186,91,4,-2176.822,-7941.4722,752.452
184,91,4,-1733.2841,-8464.1924,801.734
182,91,4,-1195.99,-8924.96,847.41
180,91,4,-573.354,-9304.416,884.672
178,91,4,122.604,-9573.5195,915.924
176,91,4,878.662,-9718.7197,937.56
174,91,4,1658.76,-9726.4639,947.176
172,91,4,2448.4741,-9594.8164,945.974
170,91,4,3215.3501,-9317.9678,930.348
168,91,4,3942.5601,-8909.4717,901.5
166,91,4,4602.458,-8396.4316,860.632
164,91,4,5179.418,-7786.5918,807.744
162,91,4,5673.4399,-7107.0562,750.048
160,91,4,6072.5039,-6384.9277,683.938
158,91,4,6380.2163,-5643.4399,615.424
156,91,4,6607.394,-4896.144,540.9
154,91,4,6766.0581,-4170.144,468.78
152,91,4,6868.228,-3459.6321,393.054
150,91,4,6927.126,-2778.1599,319.732
148,91,4,6957.1763,-2119.9199,247.612
146,91,4,6966.792,-1486.848,176.694
144,91,4,6961.9839,-875.072,106.978
142,91,4,6955.9741,-272.976,37.262
140,91,4,6943.9541,321.376,-31.252
138,91,4,6929.5303,921.536,-102.17
136,91,4,6912.7021,1533.312,-171.886
134,91,4,6882.6523,2158.6399,-242.804
132,91,4,6830.9663,2809.136,-314.924
130,91,4,6751.6343,3482.864,-389.448
128,91,4,6627.8281,4175.9521,-462.77
126,91,4,6449.9321,4892.272,-538.496
124,91,4,6204.7241,5606.6558,-613.02
122,91,4,5882.5879,6319.104,-683.938
120,91,4,5473.9082,7002.5117,-751.25
118,91,4,4982.29,7639.4561,-812.552
116,91,4,4407.7339,8200.8955,-866.642
114,91,4,3762.26,8669.4082,-911.116
112,91,4,3056.686,9031.4404,-943.57
110,91,4,2309.042,9263.7598,-964.004
108,91,4,1555.3881,9372.1758,-974.822
106,91,4,807.744,9345.0723,-973.62
104,91,4,94.958,9196.0,-961.6
102,91,4,-572.152,8921.0879,-941.166
100,91,4,-1162.334,8553.248,-909.914
98,91,4,-1674.386,8109.9038,-872.652
96,91,4,-2099.894,7604.6079,-828.178
94,91,4,-2434.05,7072.208,-780.098
92,91,4,-2686.47,6522.3838,-729.614
90,91,4,-2860.76,5974.4961,-677.928
88,91,4,-2967.738,5444.0317,-627.444
86,91,4,-3017.02,4938.7358,-576.96
84,91,4,-3019.4241,4468.2881,-530.082
82,91,4,-2984.5662,4028.8159,-485.608
80,91,4,-2922.062,3630.0,-444.74
80,93,4,-3323.53,3775.2,-491.618
82,93,4,-3431.71,4224.3521,-540.9
84,93,4,-3511.042,4721.9038,-594.99
86,93,4,-3550.708,5265.9199,-651.484
88,93,4,-3541.092,5858.3359,-713.988
90,93,4,-3461.76,6489.4722,-777.694
92,93,4,-3309.106,7151.584,-843.804
94,93,4,-3056.686,7829.1841,-909.914
96,93,4,-2703.2981,8491.2959,-973.62
98,93,4,-2233.3162,9130.1758,-1033.72
100,93,4,-1650.3461,9699.3604,-1086.608
102,93,4,-959.196,10181.4238,-1129.88
104,93,4,-181.502,10541.5195,-1159.9301
106,93,4,663.504,10756.416,-1177.96
108,93,4,1556.5901,10818.3682,-1181.566
110,93,4,2466.5042,10700.2715,-1169.546
112,93,4,3363.196,10429.2324,-1141.9
114,93,4,4208.2021,9985.8877,-1101.032
116,93,4,4965.4619,9416.7041,-1045.74
118,93,4,5637.3799,8725.5518,-982.034
120,93,4,6198.7144,7956.96,-903.904
122,93,4,6650.666,7134.1602,-822.168
124,93,4,6992.0342,6288.1279,-734.422
126,93,4,7237.2422,5444.0317,-644.272
128,93,4,7403.1182,4617.3599,-551.718
130,93,4,7499.2783,3821.6641,-461.568
132,93,4,7553.3682,3068.5601,-373.822
134,93,4,7575.0039,2348.3679,-287.278
136,93,4,7584.6201,1668.832,-204.34
138,93,4,7587.0239,1010.592,-122.604
140,93,4,7594.2363,365.904,-40.868
142,93,4,7606.2563,-269.104,42.07
144,93,4,7627.8921,-913.792,122.604
146,93,4,7650.73,-1573.968,205.542
148,93,4,7672.3662,-2267.0559,292.086
150,93,4,7674.77,-2989.1841,377.428
152,93,4,7651.9321,-3757.7759,465.174
154,93,4,7582.2163,-4568.96,554.122
156,93,4,7454.8042,-5413.0562,644.272
158,93,4,7238.4443,-6290.064,734.422
160,93,4,6923.52,-7180.624,823.37
162,93,4,6498.0122,-8057.6318,906.308
164,93,4,5949.8999,-8884.3037,983.236
166,93,4,5286.396,-9633.5361,1048.144
168,93,4,4505.0962,-10272.416,1104.6381
170,93,4,3638.4541,-10773.8398,1144.3041
172,93,4,2716.52,-11112.6396,1164.738
174,93,4,1763.334,-11271.3916,1171.9501
176,93,4,820.966,-11248.1602,1159.9301
178,93,4,-80.534,-11044.8799,1134.688
180,93,4,-914.722,-10684.7842,1095.022
182,93,4,-1655.1541,-10194.9756,1042.134
184,93,4,-2280.1941,-9594.8164,983.236
186,93,4,-2792.2461,-8938.5117,914.722
188,93,4,-3175.6841,-8233.8076,846.208
190,93,4,-3443.73,-7523.2959,777.694
192,93,4,-3612.01,-6824.3999,711.584
194,93,4,-3693.7461,-6156.48,643.07
196,93,4,-3705.7661,-5533.0879,579.364
198,93,4,-3662.4941,-4954.2241,519.264
200,93,4,-3578.354,-4427.6318,465.174
202,93,4,-3464.1641,-3951.376,413.488
204,93,4,-3328.3381,-3525.4561,367.812
206,93,4,-3182.896,-3151.8079,326.944
206,95,4,-3549.5061,-3204.0801,364.206
204,95,4,-3744.23,-3610.6399,412.286
202,95,4,-3932.9441,-4077.2161,467.578
200,95,4,-4107.2339,-4605.7441,528.88
198,95,4,-4253.8779,-5203.9678,598.596
196,95,4,-4357.25,-5866.0801,671.918
194,95,4,-4402.9263,-6594.0161,752.452
192,95,4,-4370.4722,-7391.6479,836.592
190,95,4,-4235.8481,-8235.7441,925.54
188,95,4,-3978.6201,-9114.6875,1015.69
186,95,4,-3577.1521,-10001.376,1104.6381
184,95,4,-3025.4341,-10845.4717,1189.98
182,95,4,-2312.6479,-11616.0,1265.7061
180,95,4,-1443.6021,-12266.4961,1330.614
178,95,4,-447.144,-12754.3682,1384.704
176,95,4,641.868,-13042.832,1420.764
174,95,4,1778.9601,-13106.7197,1438.7941
172,95,4,2946.1021,-12932.4795,1439.996
170,95,4,4075.9822,-12520.1123,1415.9561
168,95,4,5118.1162,-11906.4004,1366.6741
166,95,4,6048.4639,-11116.5117,1299.3621
164,95,4,6824.9561,-10185.2959,1214.02
162,95,4,7446.3901,-9174.7041,1119.062
160,95,4,7915.1699,-8107.9678,1010.882
158,95,4,8227.6904,-7031.5518,897.894
156,95,4,8416.4043,-5989.9839,783.704
154,95,4,8506.5537,-5004.5601,671.918
152,95,4,8523.3818,-4075.28,561.334
150,95,4,8494.5342,-3217.6321,455.558
148,95,4,8439.2422,-2420.0,353.388
146,95,4,8381.5459,-1672.704,252.42
144,95,4,8331.0625,-971.872,155.058
142,95,4,8296.2041,-290.4,60.1
140,95,4,8282.9824,383.328,-33.656
138,95,4,8288.9922,1062.864,-129.816
136,95,4,8313.0322,1763.696,-227.178
134,95,4,8344.2842,2495.5039,-325.742
132,95,4,8365.9199,3287.3279,-429.114
130,95,4,8367.1221,4133.3599,-536.092
128,95,4,8314.2344,5037.4722,-646.676
126,95,4,8192.832,6003.5361,-760.866
124,95,4,7975.27,7000.5762,-877.46
122,95,4,7636.3062,8024.7197,-990.448
120,95,4,7150.6982,9033.376,-1099.8301
118,95,4,6519.6479,9987.8242,-1199.5961
116,95,4,5741.9541,10847.4082,-1286.14
114,95,4,4833.2422,11559.8555,-1359.462
112,95,4,3818.7542,12107.7441,-1411.1481
110,95,4,2729.7419,12446.5439,-1442.4
108,95,4,1621.498,12574.3203,-1453.218
106,95,4,527.678,12483.3281,-1446.006
104,95,4,-500.032,12190.9922,-1419.562
102,95,4,-1433.9861,11714.7363,-1376.29
100,95,4,-2248.9421,11085.5361,-1318.594
98,95,4,-2920.8601,10347.9199,-1247.676
96,95,4,-3444.9321,9542.5439,-1167.142
94,95,4,-3819.9561,8710.0635,-1080.598
92,95,4,-4065.1641,7879.52,-992.852
90,95,4,-4197.3843,7078.0161,-906.308
88,95,4,-4233.4438,6324.9121,-822.168
86,95,4,-4193.7783,5627.9521,-745.24
84,95,4,-4101.2241,5000.688,-673.12
82,95,4,-3966.6001,4431.5039,-607.01
80,95,4,-3807.936,3928.144,-546.91
80,97,4,-4303.1602,4026.8799,-603.404
82,97,4,-4532.7422,4580.5762,-674.322
84,97,4,-4741.8901,5213.6479,-752.452
86,97,4,-4916.1802,5935.7759,-840.198
88,97,4,-5030.3701,6741.1519,-936.358
90,97,4,-5064.0259,7633.6479,-1040.932
92,97,4,-4989.502,8601.6484,-1151.516
94,97,4,-4777.9502,9625.792,-1264.504
96,97,4,-4402.9263,10667.3604,-1377.4921
98,97,4,-3833.178,11705.0557,-1488.076
100,97,4,-3071.1101,12667.248,-1587.842
102,97,4,-2116.7219,13499.7275,-1673.1841
104,97,4,-990.448,14144.416,-1735.688
106,97,4,257.228,14554.8477,-1774.152
108,97,4,1589.0441,14701.9844,-1784.9701
110,97,4,2954.5161,14558.7197,-1772.9501
112,97,4,4279.1201,14138.6084,-1738.092
114,97,4,5521.9883,13457.1357,-1667.1741
116,97,4,6606.1919,12556.8955,-1577.024
118,97,4,7526.9243,11480.4795,-1464.036
120,97,4,8245.7197,10293.7119,-1336.624
122,97,4,8766.1865,9046.9277,-1199.5961
124,97,4,9101.5439,7813.6958,-1051.75
126,97,4,9283.0459,6624.9922,-909.914
128,97,4,9341.9443,5502.1118,-766.876
130,97,4,9319.1064,4468.2881,-632.252
132,97,4,9250.5918,3521.584,-501.234
134,97,4,9158.0381,2658.1279,-376.226
136,97,4,9079.9082,1874.048,-258.43
138,97,4,9021.0098,1136.432,-145.442
140,97,4,8996.9697,431.728,-33.656
142,97,4,9011.3945,-263.296,74.524
144,97,4,9072.6963,-973.808,191.118
146,97,4,9160.4424,-1711.424,304.106
148,97,4,9279.4404,-2505.1841,420.7
150,97,4,9400.8418,-3370.5759,543.304
152,97,4,9511.4258,-4328.896,674.322
154,97,4,9576.334,-5382.0801,808.946
156,97,4,9561.9102,-6530.1279,947.176
158,97,4,9428.4883,-7767.2319,1089.012
160,97,4,9141.21,-9066.2881,1232.05
162,97,4,8660.4102,-10380.832,1366.6741
164,97,4,7971.6641,-11652.7842,1496.49
166,97,4,7073.77,-12824.0635,1608.276
168,97,4,5971.5361,-13830.7842,1698.426
170,97,4,4711.8398,-14610.9922,1762.1321
172,97,4,3325.9341,-15127.9043,1795.7881
174,97,4,1902.766,-15335.0557,1799.394
176,97,4,496.426,-15244.0635,1772.9501
178,97,4,-846.208,-14858.7998,1718.86
180,97,4,-2054.218,-14217.9844,1649.144
182,97,4,-3090.342,-13362.2715,1560.196
184,97,4,-3926.9341,-12353.6162,1467.642
186,97,4,-4551.9741,-11267.5195,1358.26
188,97,4,-4976.2803,-10150.4482,1239.262
190,97,4,-5207.064,-9056.6084,1123.87
192,97,4,-5287.5981,-8020.8481,1010.882
194,97,4,-5250.3359,-7066.3999,903.904
196,97,4,-5126.5303,-6210.688,806.542
198,97,4,-4941.4219,-5445.9678,713.988
200,97,4,-4716.6479,-4772.2397,632.252
202,97,4,-4471.4399,-4185.6318,558.93
204,97,4,-4215.4141,-3674.5281,491.618
206,97,4,-3962.9941,-3236.9919,432.72
206,99,4,-4380.0879,-3225.376,478.396
204,99,4,-4697.416,-3686.144,544.506
202,99,4,-5032.7739,-4234.0317,619.03
200,99,4,-5368.1323,-4872.9121,707.978
198,99,4,-5695.0762,-5618.272,808.946
196,99,4,-5990.7681,-6483.6641,921.934
194,99,4,-6227.562,-7474.896,1045.74
192,99,4,-6374.2061,-8605.5195,1181.566
190,99,4,-6389.832,-9860.0479,1327.0081
188,99,4,-6219.1479,-11211.376,1478.4601
186,99,4,-5821.2861,-12624.6563,1632.316
184,99,4,-5157.7822,-14026.3203,1781.364
182,99,4,-4205.7979,-15346.6719,1917.1901
180,99,4,-2977.354,-16483.1035,2034.9861
178,99,4,-1510.9141,-17358.1758,2125.136
176,99,4,144.24,-17892.5117,2191.2461
174,99,4,1887.14,-18043.5195,2218.8921
172,99,4,3663.696,-17809.2637,2212.8821
170,99,4,5358.5161,-17178.127,2166.0042
168,99,4,6941.5503,-16190.7676,2097.49
166,99,4,8280.5781,-14899.4561,1979.6941
164,99,4,9340.7422,-13426.1602,1839.0601
162,99,4,10114.8301,-11809.5996,1682.8
160,99,4,10600.4385,-10169.8076,1506.1061
158,99,4,10840.8379,-8588.0957,1325.806
156,99,4,10882.9082,-7105.1201,1143.1021
154,99,4,10785.5459,-5763.4722,968.812
152,99,4,10598.0342,-4561.2158,804.138
150,99,4,10378.0684,-3508.032,647.878
148,99,4,10152.0918,-2574.8799,500.032
146,99,4,9958.5703,-1742.4,363.004
144,99,4,9814.3301,-981.552,231.986
142,99,4,9731.3926,-263.296,103.372
140,99,4,9710.958,439.472,-22.838
138,99,4,9760.2402,1155.792,-149.048
136,99,4,9863.6123,1912.7679,-280.066
134,99,4,10016.2666,2737.5039,-417.094
132,99,4,10197.7686,3662.9119,-564.94
130,99,4,10370.8564,4702.5439,-719.998
128,99,4,10506.6826,5871.8882,-888.278
126,99,4,10555.9639,7174.8159,-1062.568
124,99,4,10462.208,8595.8398,-1244.0701
122,99,4,10179.7383,10121.4082,-1427.9761
120,99,4,9656.8682,11666.3359,-1610.6801
118,99,4,8867.1543,13172.5439,-1781.364
116,99,4,7802.1821,14554.8477,-1931.614
114,99,4,6492.002,15712.5762,-2056.6221
112,99,4,4978.6841,16581.8398,-2149.176
110,99,4,3323.53,17116.1758,-2204.468
108,99,4,1617.8921,17271.0566,-2222.498
106,99,4,-50.484,17050.3516,-2198.458
104,99,4,-1585.438,16496.6562,-2138.3582
102,99,4,-2956.9202,15631.2637,-2051.814
100,99,4,-4090.406,14537.4238,-1938.826
98,99,4,-4964.2603,13288.7041,-1803.0
96,99,4,-5579.6841,11954.7998,-1649.144
94,99,4,-5948.6982,10640.2559,-1495.2881
92,99,4,-6107.3623,9376.0479,-1342.634
90,99,4,-6103.7563,8208.6396,-1199.5961
88,99,4,-5971.5361,7153.52,-1067.376
86,99,4,-5755.1763,6218.4321,-944.772
84,99,4,-5484.7261,5401.4399,-836.592
82,99,4,-5183.0239,4692.8638,-738.028
80,99,4,-4871.7061,4083.0239,-655.09
80,101,4,-5451.0703,4088.832,-721.2
82,101,4,-5864.5581,4741.2642,-820.966
84,101,4,-6282.854,5515.6641,-931.55
86,101,4,-6684.3223,6423.6479,-1062.568
88,101,4,-7043.7202,7490.3838,-1210.4141
90,101,4,-7327.3921,8725.5518,-1377.4921
92,101,4,-7468.0264,10127.2158,-1557.792
94,101,4,-7419.9463,11689.5684,-1752.516
96,101,4,-7111.0322,13348.7197,-1949.644
98,101,4,-6482.3862,15060.1436,-2147.9741
100,101,4,-5503.958,16701.8711,-2333.082
102,101,4,-4155.314,18180.9766,-2498.958
104,101,4,-2479.7261,19356.127,-2629.9761
106,101,4,-569.748,20140.207,-2712.9141
108,101,4,1514.52,20448.0312,-2756.186
110,101,4,3642.0601,20279.5996,-2751.3779
112,101,4,5690.2681,19621.3594,-2681.6621
114,101,4,7582.2163,18510.0957,-2563.866
116,101,4,9206.1182,17005.8242,-2385.97
118,101,4,10470.6221,15228.5762,-2187.6401
120,101,4,11354.0918,13302.2559,-1965.27
122,101,4,11869.75,11348.832,-1732.082
124,101,4,12075.292,9476.7197,-1497.692
126,101,4,12032.0205,7763.3599,-1269.312
128,101,4,11834.8926,6235.856,-1052.952
130,101,4,11545.21,4913.5679,-851.016
132,101,4,11220.6699,3769.3921,-664.706
134,101,4,10915.3623,2783.968,-491.618
136,101,4,10668.9521,1932.1279,-331.752
138,101,4,10500.6719,1171.28,-182.704
140,101,4,10416.5322,462.704,-37.262
142,101,4,10432.1582,-226.512,104.574
144,101,4,10546.3486,-933.152,251.218
146,101,4,10754.2939,-1694.0,401.468
148,101,4,11047.582,-2549.7119,562.536
150,101,4,11399.7686,-3527.3921,735.624
152,101,4,11783.2061,-4671.5679,926.742
154,101,4,12141.4023,-6024.832,1128.678
156,101,4,12409.4482,-7577.5039,1345.038
158,101,4,12512.8203,-9341.2002,1572.2161
160,101,4,12405.8418,-11292.6875,1806.6061
162,101,4,11969.5166,-13352.5918,2034.9861
164,101,4,11141.3379,-15412.4961,2248.9421
166,101,4,9914.0957,-17327.1992,2440.0601
168,101,4,8301.0117,-18992.1602,2593.916
170,101,4,6381.418,-20264.1113,2706.9041
172,101,4,4246.666,-21015.2793,2771.812
174,101,4,2006.1381,-21214.6875,2782.6301
176,101,4,-199.532,-21059.8086,2754.9841
178,101,4,-2262.1641,-20446.0957,2669.6421
180,101,4,-4088.002,-19288.3672,2530.21
182,101,4,-5580.8862,-17770.543,2364.334
184,101,4,-6692.7363,-16032.0156,2176.822
186,101,4,-7403.1182,-14216.0479,1977.29
188,101,4,-7763.7183,-12405.8877,1774.152
190,101,4,-7831.0303,-10719.6318,1579.428
192,101,4,-7679.5781,-9197.9355,1394.3201
194,101,4,-7376.6743,-7864.0317,1223.636
196,101,4,-6983.6201,-6721.792,1070.9821
198,101,4,-6546.0923,-5751.856,935.156
200,101,4,-6095.3423,-4932.9277,817.36
202,101,4,-5649.3999,-4241.7759,711.584
204,101,4,-5223.8921,-3662.9119,622.636
206,101,4,-4823.626,-3175.04,544.506
206,103,4,-5271.9722,-3074.3679,591.384
204,103,4,-5751.5703,-3564.176,677.928
202,103,4,-6280.4502,-4160.4639,778.896
200,103,4,-6855.0063,-4886.4639,899.096
198,103,4,-7460.814,-5763.4722,1042.134
196,103,4,-8084.6523,-6832.144,1203.202
194,103,4,-8685.6523,-8113.7759,1389.5121
192,103,4,-9220.542,-9668.3838,1603.468
190,103,4,-9601.5762,-11494.0322,1837.858
188,103,4,-9736.2002,-13596.5283,2091.48
186,103,4,-9495.7998,-15900.3682,2357.1221
184,103,4,-8790.2266,-18295.1992,2625.168
182,103,4,-7535.3384,-20593.2324,2876.386
180,103,4,-5728.7319,-21843.8887,3099.958
178,103,4,-3453.3459,-22229.1523,3280.2581
176,103,4,-832.986,-22262.0645,3405.2661
174,103,4,1948.442,-22269.8086,3460.5581
172,103,4,4808.0,-22265.9355,3446.134
170,103,4,7519.7119,-22233.0234,3354.782
168,103,4,9950.1563,-21795.4883,3205.7341
166,103,4,11959.9004,-20357.0391,3014.616
164,103,4,13175.1221,-17861.5352,2768.2061
162,103,4,13607.8418,-15182.1123,2484.5339
160,103,4,13714.8203,-12551.0879,2187.6401
158,103,4,13699.1943,-10125.2803,1891.948
156,103,4,13593.418,-7993.7441,1603.468
154,103,4,13393.8867,-6197.1357,1336.624
152,103,4,12959.9639,-4696.7358,1087.8101
150,103,4,12502.002,-3469.312,861.834
148,103,4,11997.1621,-2454.8479,657.494
146,103,4,11577.6641,-1606.88,466.376
144,103,4,11281.9727,-877.008,295.692
142,103,4,11124.5098,-207.152,132.22
140,103,4,11104.0762,439.472,-30.05
138,103,4,11221.8721,1111.264,-193.522
136,103,4,11469.4844,1852.752,-367.812
134,103,4,11836.0938,2700.72,-550.516
132,103,4,12294.0566,3715.1841,-752.452
130,103,4,12737.5938,4940.6719,-976.024
128,103,4,13128.2441,6417.8398,-1224.838
126,103,4,13429.9463,8193.1523,-1492.884
124,103,4,13540.5303,10254.9922,-1781.364
122,103,4,13523.7021,12587.8721,-2085.47
120,103,4,13314.5547,15083.376,-2390.7781
118,103,4,12605.374,17609.8555,-2686.47
116,103,4,11181.0039,19936.9277,-2948.5061
114,103,4,9219.3398,21460.5605,-3168.4722
112,103,4,6845.3901,22153.6484,-3328.3381
110,103,4,4211.8081,22221.4082,-3419.6899
108,103,4,1478.4601,22234.959,-3443.73
106,103,4,-1186.374,22219.4727,-3387.2361
104,103,4,-3602.394,21987.1523,-3273.0461
102,103,4,-5690.2681,21141.1191,-3091.5439
100,103,4,-7311.7661,19360.0,-2859.5581
98,103,4,-8438.04,17176.1914,-2604.7341
96,103,4,-9069.0898,14945.9199,-2339.092
94,103,4,-9281.8438,12839.5518,-2074.6521
92,103,4,-9162.8457,10911.2959,-1823.4341
90,103,4,-8813.0645,9221.168,-1590.246
88,103,4,-8334.668,7786.5918,-1382.3
86,103,4,-7784.1523,6570.7842,-1197.192
84,103,4,-7210.7983,5567.936,-1034.922
82,103,4,-6648.2622,4731.584,-896.692
80,103,4,-6106.1602,4036.5601,-778.896
80,105,4,-6748.0283,3895.2319,-851.016
82,105,4,-7422.3501,4601.8721,-986.842
84,105,4,-8156.772,5476.9438,-1147.91
86,105,4,-8940.4766,6549.4878,-1339.0281
88,105,4,-9741.0078,7887.2642,-1562.6
90,105,4,-10518.7021,9527.0557,-1821.03
92,105,4,-11173.792,11509.5195,-2111.9141
94,105,4,-11588.4824,13867.5684,-2432.8481
96,105,4,-11612.5225,16550.8633,-2774.2161
98,105,4,-11081.2383,19489.7109,-3126.4021
100,105,4,-9866.0166,21729.6641,-3465.366
102,105,4,-7907.958,22246.5762,-3776.6841
104,105,4,-5293.6079,22308.5273,-4026.7002
106,105,4,-2192.448,22322.0801,-4193.7783
108,105,4,1226.04,22322.0801,-4280.3223
110,105,4,4739.4863,22316.2715,-4267.1001
112,105,4,8148.3579,22308.5273,-4139.688
114,105,4,11207.4482,22287.2324,-3929.3381
116,105,4,13363.8359,22202.0488,-3645.666
118,105,4,13843.4346,20506.1113,-3292.2781
120,105,4,13867.4746,17197.4883,-2907.6379
122,105,4,13872.2822,13962.4316,-2512.1799
124,105,4,13866.2725,11027.4561,-2122.7319
126,105,4,13851.8486,8526.1436,-1757.324
128,105,4,13815.7881,6477.856,-1424.37
130,105,4,13594.6201,4838.064,-1126.274
132,105,4,13218.3945,3548.688,-861.834
134,105,4,12713.5547,2530.3521,-628.646
136,105,4,12264.0059,1715.296,-420.7
138,105,4,11915.4258,1033.824,-227.178
140,105,4,11739.9346,431.728,-43.272
142,105,4,11753.1563,-137.456,137.028
144,105,4,11950.2842,-729.872,320.934
146,105,4,12331.3184,-1393.92,513.254
148,105,4,12790.4824,-2191.552,727.21
150,105,4,13331.3818,-3184.72,964.004
152,105,4,13671.5479,-4454.7358,1232.05
154,105,4,13839.8281,-6073.2319,1531.348
156,105,4,13865.0703,-8111.8398,1864.302
158,105,4,13871.0801,-10661.5518,2229.71
160,105,4,13881.8984,-13679.7764,2615.552
162,105,4,13880.6963,-17067.7754,2998.99
164,105,4,13863.8682,-20583.5527,3366.802
166,105,4,13738.8604,-22215.5996,3693.7461
168,105,4,12295.2578,-22283.3594,3959.3882
170,105,4,9207.3203,-22312.4004,4152.9102
172,105,4,5715.5103,-22310.4648,4255.0801
174,105,4,2027.774,-22331.7598,4281.5239
176,105,4,-1560.196,-22324.0156,4223.8281
178,105,4,-4948.6343,-22302.7207,4061.5581
180,105,4,-7857.4741,-22287.2324,3817.552
182,105,4,-10102.8105,-22213.6641,3515.8501
184,105,4,-11551.2197,-20924.2871,3181.6941
186,105,4,-12206.3105,-17807.3281,2833.114
188,105,4,-12235.1582,-14835.5684,2494.1501
190,105,4,-11801.2363,-12229.7119,2176.822
192,105,4,-11084.8438,-10042.0322,1884.7361
194,105,4,-10237.4346,-8260.9121,1626.306
196,105,4,-9361.1758,-6836.0161,1403.936
198,105,4,-8506.5537,-5682.1602,1209.212
200,105,4,-7710.8301,-4762.5601,1045.74
202,105,4,-6981.2163,-4019.136,902.702
204,105,4,-6328.5303,-3411.2319,781.3
206,105,4,-5746.7622,-2921.4241,681.534
206,107,4,-6177.0781,-2702.656,727.21
204,107,4,-6844.188,-3167.2959,835.39
202,107,4,-7618.2764,-3753.9041,967.61
200,107,4,-8510.1602,-4485.7119,1125.072
198,107,4,-9513.8301,-5411.1201,1310.1801
196,107,4,-10637.7002,-6590.144,1533.7521
194,107,4,-11861.3359,-8111.8398,1800.5961
192,107,4,-12986.4082,-10082.6875,2113.116
190,107,4,-13635.4883,-12616.9121,2474.918
188,107,4,-13831.4141,-15805.5039,2878.79
186,107,4,-13844.6367,-19648.4648,3313.9141
184,107,4,-13830.2119,-22209.791,3764.6641
182,107,4,-13416.7246,-22304.6562,4208.2021
180,107,4,-10980.2705,-22335.6328,4615.6802
178,107,4,-7207.1919,-22347.248,4940.2202
176,107,4,-2810.2761,-22351.1191,5173.4082
174,107,4,1887.14,-22353.0566,5261.1543
172,107,4,6649.4644,-22354.9922,5228.7002
170,107,4,11196.6299,-22341.4395,5080.854
168,107,4,13825.4043,-22339.5039,4853.6763
166,107,4,13884.3027,-22300.7832,4507.5
164,107,4,13895.1201,-22217.5352,4089.2041
162,107,4,13905.9385,-19218.6719,3618.02
160,107,4,13903.5342,-14763.9355,3122.7961
158,107,4,13895.1201,-10969.376,2634.7839
156,107,4,13893.918,-7962.7681,2178.0239
154,107,4,13879.4941,-5678.2881,1765.738
152,107,4,13851.8486,-3970.7361,1402.734
150,107,4,13744.8701,-2722.0159,1089.012
148,107,4,13420.3301,-1802.416,817.36
146,107,4,12904.6719,-1103.52,576.96
144,107,4,12509.2139,-555.632,363.004
142,107,4,12278.4307,-79.376,161.068
140,107,4,12265.208,373.648,-33.656
138,107,4,12471.9521,857.648,-234.39
136,107,4,12834.9561,1428.7679,-447.144
134,107,4,13336.1904,2150.896,-681.534
132,107,4,13683.5684,3109.2161,-948.378
130,107,4,13843.4346,4398.5918,-1256.09
128,107,4,13869.8779,6131.312,-1609.478
126,107,4,13889.1104,8439.0244,-2016.9561
124,107,4,13893.918,11404.9756,-2472.5142
122,107,4,13904.7363,15091.1201,-2970.1421
120,107,4,13903.5342,19336.7676,-3485.8
118,107,4,13890.3125,22203.9844,-3990.6401
116,107,4,13875.8887,22308.5273,-4452.208
114,107,4,13526.1064,22347.248,-4839.252
112,107,4,10096.7998,22356.9277,-5126.5303
110,107,4,5673.4399,22358.8633,-5288.8003
108,107,4,1069.78,22353.0566,-5310.436
106,107,4,-3398.054,22356.9277,-5208.2661
104,107,4,-7440.3804,22341.4395,-4969.0679
102,107,4,-10848.0498,22324.0156,-4632.5083
100,107,4,-13072.9521,22279.4883,-4214.2119
98,107,4,-13691.9824,21598.0156,-3761.0581
96,107,4,-13774.9199,18271.9687,-3299.49
94,107,4,-13663.1338,14831.6963,-2855.9521
92,107,4,-13334.9883,11956.7363,-2447.272
90,107,4,-12509.2139,9641.2803,-2079.46
88,107,4,-11373.3242,7819.5039,-1763.334
86,107,4,-10243.4443,6382.9922,-1490.48
84,107,4,-9206.1182,5262.0479,-1264.504
82,107,4,-8263.75,4371.4878,-1076.9921
80,107,4,-7427.1582,3664.8479,-915.924
80,109,4,-8049.7939,3329.9199,-985.64
82,109,4,-9043.8486,3993.968,-1162.334
84,109,4,-10194.1621,4845.8081,-1378.694
86,109,4,-11517.5645,5949.3281,-1640.73
88,109,4,-12891.4502,7401.3281,-1956.8561
90,109,4,-13714.8203,9327.6484,-2336.688
92,109,4,-13859.0605,11902.5283,-2780.2261
94,109,4,-13880.6963,15313.7598,-3286.2681
96,109,4,-13885.5039,19658.1445,-3843.9961
98,109,4,-13890.3125,22258.1914,-4438.9858
100,109,4,-13877.0898,22325.9512,-5032.7739
102,109,4,-13816.9902,22356.9277,-5580.8862
104,109,4,-10697.7998,22376.2871,-6024.4243
106,109,4,-5291.2041,22368.543,-6342.9541
108,109,4,578.162,22372.416,-6495.6079
110,109,4,6580.9502,22380.1602,-6482.3862
112,109,4,12398.6299,22370.4805,-6273.2383
114,109,4,13878.292,22374.3516,-5910.2339
116,109,4,13905.9385,22343.375,-5413.8081
118,109,4,13914.3525,22304.6562,-4816.4141
120,109,4,13914.3525,21381.1836,-4166.1318
122,109,4,13916.7559,16059.1201,-3505.032
124,109,4,13914.3525,11387.5518,-2872.78
126,109,4,13907.1406,7883.3921,-2309.042
128,109,4,13895.1201,5366.5918,-1812.6161
130,109,4,13874.6865,3620.3201,-1391.916
132,109,4,13844.6367,2427.7439,-1039.73
134,109,4,13646.3066,1603.0079,-741.634
136,109,4,13272.4844,1033.824,-485.608
138,109,4,12827.7441,621.456,-251.218
140,109,4,12606.5762,303.952,-36.06
142,109,4,12608.9805,19.36,171.886
144,109,4,12839.7646,-282.656,387.044
146,109,4,13290.5146,-660.176,620.232
148,109,4,13660.7305,-1177.088,884.672
150,109,4,13849.4443,-1928.256,1188.7781
152,109,4,13873.4844,-3037.584,1546.974
154,109,4,13895.1201,-4685.1201,1974.886
156,109,4,13911.9482,-7089.6318,2473.7161
158,109,4,13911.9482,-10512.4795,3037.4541
160,109,4,13917.958,-15191.792,3649.272
162,109,4,13919.1602,-21003.6641,4275.5142
164,109,4,13920.3623,-22296.9121,4865.6963
166,109,4,13910.7461,-22337.5684,5389.7681
168,109,4,13893.918,-22354.9922,5821.2861
170,109,4,13536.9238,-22358.8633,6136.21
172,109,4,8143.5503,-22358.8633,6290.0659
174,109,4,1942.432,-22372.416,6327.3281
176,109,4,-4157.7183,-22374.3516,6201.1182
178,109,4,-10018.6699,-22349.1836,5906.6279
180,109,4,-13810.9805,-22364.6719,5485.9282
182,109,4,-13883.1006,-22341.4395,4970.27
184,109,4,-13895.1201,-22289.168,4405.3301
186,109,4,-13893.918,-21203.0723,3843.9961
188,109,4,-13887.9082,-16498.5918,3304.2981
190,109,4,-13873.4844,-12655.6318,2810.2761
192,109,4,-13841.0303,-9801.9678,2376.354
194,109,4,-13371.0479,-7695.6001,2002.532
196,109,4,-12028.4141,-6140.9922,1687.608
198,109,4,-10586.0146,-4975.52,1423.168
200,109,4,-9338.3379,-4084.96,1203.202
202,109,4,-8268.5586,-3395.7439,1015.69
204,109,4,-7359.8462,-2853.6641,866.642
206,109,4,-6585.7583,-2416.1279,740.432
206,111,4,-6943.9541,-2085.072,784.906
204,111,4,-7793.7681,-2458.72,917.126
202,111,4,-8813.0645,-2933.04,1080.598
200,111,4,-10028.2861,-3533.2,1276.524
198,111,4,-11487.5146,-4319.2158,1518.126
196,111,4,-13056.124,-5366.5918,1813.818
194,111,4,-13837.4238,-6799.2319,2166.0042
192,111,4,-13878.292,-8835.9043,2592.7141
190,111,4,-13896.3223,-11794.1123,3103.564
188,111,4,-13911.9482,-16148.1758,3681.7261
186,111,4,-13915.5547,-21696.752,4310.3721
184,111,4,-13913.1504,-22324.0156,4975.0781
182,111,4,-13911.9482,-22356.9277,5672.2383
180,111,4,-13898.7266,-22370.4805,6332.1362
178,111,4,-13553.752,-22378.2246,6862.2183
176,111,4,-6185.4922,-22376.2871,7209.5962
174,111,4,1730.88,-22380.1602,7388.6943
172,111,4,9607.5859,-22368.543,7364.6543
170,111,4,13871.0801,-22370.4805,7154.3042
168,111,4,13910.7461,-22356.9277,6784.0879
166,111,4,13920.3623,-22356.9277,6266.0259
164,111,4,13928.7764,-22327.8887,5659.0161
162,111,4,13929.9785,-21855.5039,4948.6343
160,111,4,13921.5645,-14783.2959,4179.354
158,111,4,13920.3623,-9145.6641,3423.2961
156,111,4,13911.9482,-5445.9678,2739.3582
154,111,4,13904.7363,-3138.2561,2156.3879
152,111,4,13885.5039,-1730.7839,1668.376
150,111,4,13860.2627,-890.56,1269.312
148,111,4,13808.5762,-400.752,938.762
146,111,4,13488.8447,-125.84,656.292
144,111,4,13035.6904,23.232,411.084
142,111,4,12767.6445,106.48,185.108
140,111,4,12756.8262,176.176,-33.656
138,111,4,13011.6504,278.784,-256.026
136,111,4,13466.0059,468.512,-500.032
134,111,4,13783.334,801.504,-777.694
132,111,4,13863.8682,1382.304,-1104.6381
130,111,4,13879.4941,2338.688,-1497.692
128,111,4,13901.1299,3904.9119,-1977.29
126,111,4,13909.5439,6400.416,-2554.25
124,111,4,13916.7559,10262.7363,-3227.3701
122,111,4,13926.3721,16001.04,-3996.6501
120,111,4,13925.1699,22190.4316,-4816.4141
118,111,4,13923.9678,22335.6328,-5637.3799
116,111,4,13915.5547,22370.4805,-6395.8423
114,111,4,13904.7363,22378.2246,-7029.2959
112,111,4,13837.4238,22376.2871,-7484.854
110,111,4,8061.814,22370.4805,-7738.4761
108,111,4,284.874,22385.9687,-7776.9399
106,111,4,-7446.3901,22378.2246,-7579.812
104,111,4,-13747.2744,22380.1602,-7197.5762
102,111,4,-13897.5244,22370.4805,-6637.4443
100,111,4,-13905.9385,22349.1836,-5960.7183
98,111,4,-13911.9482,22306.5918,-5217.8823
96,111,4,-13909.5439,20591.2949,-4470.2383
94,111,4,-13902.332,15184.0479,-3776.6841
92,111,4,-13884.3027,11292.6875,-3152.8459
90,111,4,-13865.0703,8576.4795,-2623.9661
88,111,4,-13744.8701,6661.7759,-2176.822
86,111,4,-12756.8262,5281.4082,-1804.202
84,111,4,-11211.0547,4265.0078,-1496.49
82,111,4,-9826.3506,3492.5439,-1246.474
80,111,4,-8653.1982,2892.384,-1042.134
80,113,4,-9140.0078,2367.728,-1098.6281
82,113,4,-10422.542,2843.9839,-1313.786
84,113,4,-11979.1318,3461.5679,-1578.2261
86,113,4,-13473.2178,4284.3682,-1903.968
88,113,4,-13854.252,5432.416,-2310.2441
90,113,4,-13881.8984,7074.144,-2816.2861
92,113,4,-13899.9287,9579.3281,-3444.9321
94,113,4,-13913.1504,13526.832,-4168.5361
96,113,4,-13916.7559,19830.4473,-4989.502
98,113,4,-13919.1602,22312.4004,-5868.1641
100,113,4,-13920.3623,22374.3516,-6744.4224
102,113,4,-13908.3418,22382.0957,-7562.9844
104,113,4,-13891.5146,22387.9043,-8244.5186
106,113,4,-10548.752,22389.8398,-8724.1162
108,113,4,-389.448,22384.0312,-8941.6777
110,113,4,9486.1846,22387.9043,-8893.5986
112,113,4,13889.1104,22385.9687,-8593.0986
114,113,4,13920.3623,22378.2246,-8050.9961
116,113,4,13927.5742,22376.2871,-7305.7563
118,113,4,13932.3818,22364.6719,-6409.064
120,113,4,13927.5742,22240.7676,-5428.2319
122,113,4,13927.5742,14349.6318,-4447.3999
124,113,4,13920.3623,7558.144,-3542.2939
126,113,4,13920.3623,3726.8,-2757.3879
128,113,4,13914.3525,1632.048,-2103.5
130,113,4,13895.1201,532.4,-1569.812
132,113,4,13867.4746,0.0,-1138.2941
134,113,4,13827.8086,-201.344,-786.108
136,113,4,13515.2881,-214.896,-500.032
138,113,4,13023.6699,-114.224,-250.016
140,113,4,12725.5742,44.528,-24.04
142,113,4,12723.1699,232.32,197.128
144,113,4,13015.2559,418.176,425.508
146,113,4,13506.874,563.376,676.726
148,113,4,13830.2119,629.2,967.61
150,113,4,13872.2822,540.144,1318.594
152,113,4,13893.918,189.728,1751.3141
154,113,4,13908.3418,-650.496,2293.416
156,113,4,13917.958,-2346.4319,2958.1221
158,113,4,13926.3721,-5643.4399,3762.26
160,113,4,13932.3818,-11819.2803,4673.376
162,113,4,13937.1904,-21679.3281,5584.4922
164,113,4,13931.1807,-22351.1191,6352.5703
166,113,4,13931.1807,-22366.6074,6937.9443
168,113,4,13922.7666,-22370.4805,7428.3604
170,113,4,13904.7363,-22378.2246,7841.8481
172,113,4,11724.3086,-22374.3516,8129.126
174,113,4,2071.0461,-22384.0312,8166.3882
176,113,4,-7873.1001,-22385.9687,8007.7241
178,113,4,-13883.1006,-22368.543,7585.8223
180,113,4,-13915.5547,-22380.1602,6915.106
182,113,4,-13921.5645,-22360.8008,6094.1401
184,113,4,-13913.1504,-22327.8887,5329.668
186,113,4,-13915.5547,-21400.543,4628.9019
188,113,4,-13911.9482,-14328.3359,3959.3882
190,113,4,-13901.1299,-9885.2158,3336.752
192,113,4,-13889.1104,-7196.1118,2791.0439
194,113,4,-13859.0605,-5469.2002,2328.2739
196,113,4,-13661.9326,-4307.6001,1946.0381
198,113,4,-12379.3984,-3473.1841,1639.5281
200,113,4,-10684.5781,-2847.856,1372.6841
202,113,4,-9319.1064,-2369.6641,1153.92
204,113,4,-8184.418,-1997.952,974.822
206,113,4,-7246.8579,-1692.064,823.37
206,115,4,-7476.4399,-1268.08,854.622
204,115,4,-8448.8584,-1479.104,1003.67
202,115,4,-9635.2324,-1736.592,1186.374
200,115,4,-11089.6523,-2052.1599,1412.35
198,115,4,-12784.4727,-2452.9119,1688.8101
196,115,4,-13821.7979,-2965.9519,2028.9761
194,115,4,-13874.6865,-3660.9761,2442.4641
192,115,4,-13902.332,-4692.8638,2943.698
190,115,4,-13911.9482,-6392.6719,3523.062
188,115,4,-13916.7559,-9585.1357,4151.708
186,115,4,-13922.7666,-16533.4395,4740.688
184,115,4,-13927.5742,-22320.1445,5244.3262
182,115,4,-13928.7764,-22368.543,5875.376
180,115,4,-13919.1602,-22382.0957,6936.7422
178,115,4,-13897.5244,-22378.2246,7821.4141
176,115,4,-9444.1143,-22378.2246,8251.7305
174,115,4,2301.8301,-22393.7109,8362.3145
172,115,4,13053.7207,-22384.0312,8282.9824
170,115,4,13911.9482,-22382.0957,7935.604
168,115,4,13928.7764,-22380.1602,7407.9263
166,115,4,13937.1904,-22378.2246,7062.9521
164,115,4,13943.2002,-22347.248,5133.7422
162,115,4,13939.5947,-17609.8555,5588.0981
160,115,4,13927.5742,-4807.0879,5070.0361
158,115,4,13925.1699,214.896,3988.2361
156,115,4,13919.1602,2021.184,3068.7061
154,115,4,13913.1504,2532.2881,2340.2939
152,115,4,13891.5146,2487.76,1765.738
150,115,4,13868.6758,2179.936,1314.988
148,115,4,13808.5762,1769.504,960.398
146,115,4,13401.0986,1306.8,669.514
144,115,4,12791.6846,826.672,424.306
142,115,4,12462.3359,346.544,201.936
140,115,4,12463.5381,-131.648,-13.222
138,115,4,12788.0781,-594.352,-236.794
136,115,4,13397.4922,-1024.144,-480.8
134,115,4,13808.5762,-1407.472,-766.876
132,115,4,13868.6758,-1695.936,-1119.062
130,115,4,13892.7158,-1814.032,-1557.792
128,115,4,13909.5439,-1564.288,-2108.3081
126,115,4,13921.5645,-567.248,-2804.2661
124,115,4,13926.3721,2085.072,-3650.4741
122,115,4,13929.9785,8520.3359,-4650.5381
120,115,4,13934.7861,21907.7754,-5661.4199
118,115,4,13939.5947,22376.2871,-6141.0181
116,115,4,13933.584,22385.9687,-7832.2319
114,115,4,13929.9785,22387.9043,-8697.6719
112,115,4,13910.7461,22393.7109,-9314.2979
110,115,4,11485.1104,22403.3926,-9642.4443
108,115,4,-350.984,22401.4551,-9698.9385
106,115,4,-12848.1787,22401.4551,-9426.084
104,115,4,-13914.3525,22403.3926,-8905.6182
102,115,4,-13925.1699,22389.8398,-8195.2363
100,115,4,-13932.3818,22387.9043,-7326.1899
98,115,4,-13926.3721,22316.2715,-6391.0342
96,115,4,-13922.7666,16064.9277,-5431.8379
94,115,4,-13923.9678,9850.3682,-4515.9141
92,115,4,-13910.7461,6700.4961,-3706.968
90,115,4,-13903.5342,4940.6719,-3032.646
88,115,4,-13872.2822,3844.896,-2483.332
86,115,4,-13756.8906,3091.792,-2038.592
84,115,4,-12640.2324,2543.9041,-1673.1841
82,115,4,-10974.2598,2117.9839,-1388.3101
80,115,4,-9559.5059,1781.12,-1153.92
80,117,4,-9804.7139,1142.24,-1186.374
82,117,4,-11226.6807,1310.672,-1418.36
84,117,4,-12865.0059,1504.272,-1710.446
86,117,4,-13819.3945,1715.296,-2077.0562
88,117,4,-13874.6865,1951.488,-2538.624
90,117,4,-13902.332,2226.3999,-3111.978
92,117,4,-13913.1504,2607.792,-3813.946
94,117,4,-13921.5645,3409.2959,-4662.5581
96,117,4,-13931.1807,5912.5439,-5624.1582
98,117,4,-13937.1904,16407.5996,-4746.6982
100,117,4,-13939.5947,22389.8398,-4128.8701
102,117,4,-13933.584,22407.2637,-7326.1899
104,117,4,-13916.7559,22407.2637,-8737.3379
106,117,4,-13582.6006,22420.8164,-9371.9941
108,117,4,-114.19,22422.752,-9838.3701
110,117,4,12724.3721,22409.1992,-9867.2178
112,117,4,13922.7666,22418.8789,-9458.5381
114,117,4,13932.3818,22411.1367,-8915.2344
116,117,4,13944.4023,22411.1367,-5916.2441
118,117,4,13944.4023,22382.0957,-3355.9841
120,117,4,13945.6045,8564.8643,-3319.9241
122,117,4,13937.1904,-5078.1279,-4572.4082
124,117,4,13934.7861,-6861.1841,-3549.5061
126,117,4,13926.3721,-6404.2881,-2693.6821
128,117,4,13910.7461,-5496.3042,-2003.734
130,117,4,13896.3223,-4512.8159,-1460.4301
132,117,4,13863.8682,-3571.9199,-1036.124
134,117,4,13670.3467,-2689.104,-700.766
136,117,4,12985.2061,-1862.432,-430.316
138,117,4,12278.4307,-1068.672,-199.532
140,117,4,11864.9424,-294.272,8.414
142,117,4,11852.9219,480.128,207.946
144,117,4,12237.5625,1273.8879,417.094
146,117,4,12922.7021,2104.4319,649.08
148,117,4,13637.8926,2994.9919,924.338
150,117,4,13860.2627,3968.8,1263.302
152,117,4,13890.3125,5062.6401,1694.8201
154,117,4,13910.7461,6292.0,2256.1541
156,117,4,13923.9678,7664.624,2985.7681
158,117,4,13933.584,9060.4795,3943.762
160,117,4,13926.3721,9699.3604,5172.2061
162,117,4,13948.0078,3908.7839,4091.6082
164,117,4,13954.0186,-22372.416,3023.03
166,117,4,13946.8066,-22395.6484,3829.572
168,117,4,13931.1807,-22393.7109,5523.1899
170,117,4,13914.3525,-22407.2637,6567.728
172,117,4,13635.4883,-22399.5195,7263.686
174,117,4,3993.0442,-22407.2637,7398.3101
176,117,4,-8030.562,-22403.3926,7584.6201
178,117,4,-13909.5439,-22415.0078,7499.2783
180,117,4,-13927.5742,-22403.3926,6298.48
182,117,4,-13937.1904,-22385.9687,2084.2681
184,117,4,-13937.1904,-15149.2002,2663.6321
186,117,4,-13927.5742,-3413.168,4678.1841
188,117,4,-13920.3623,-1951.488,4182.96
190,117,4,-13913.1504,-1779.184,3567.5361
192,117,4,-13904.7363,-1709.488,2994.1821
194,117,4,-13884.3027,-1620.432,2495.3521
196,117,4,-13843.4346,-1494.592,2083.0659
198,117,4,-13075.3564,-1349.392,1739.2941
200,117,4,-11420.2021,-1202.256,1460.4301
202,117,4,-9911.6924,-1062.864,1230.848
204,117,4,-8667.6221,-929.28,1043.3361
206,117,4,-7642.3159,-809.248,890.682
206,117,6,-7739.6782,-813.12,423.104
204,117,6,-8756.5703,-933.152,488.012
202,117,6,-10001.8418,-1064.8,569.748
200,117,6,-11522.3721,-1206.1281,671.918
198,117,6,-13176.3242,-1353.264,792.118
196,117,6,-13843.4346,-1492.656,938.762
194,117,6,-13884.3027,-1608.816,1103.436
192,117,6,-13902.332,-1684.3199,1284.938
190,117,6,-13913.1504,-1705.616,1467.642
188,117,6,-13922.7666,-1796.608,1599.8621
186,117,6,-13928.7764,-2933.04,1539.7621
184,117,6,-13935.9883,-12980.8799,494.022
182,117,6,-13940.7959,-22385.9687,-90.15
180,117,6,-13927.5742,-22411.1367,1236.858
178,117,6,-13908.3418,-22407.2637,2028.9761
176,117,6,-8041.3804,-22395.6484,2321.062
174,117,6,4138.4858,-22391.7754,1811.4141
172,117,6,13487.6426,-22399.5195,1663.568
170,117,6,13915.5547,-22391.7754,2033.7841
168,117,6,13931.1807,-22405.3281,1601.0641
166,117,6,13943.2002,-22393.7109,1423.168
164,117,6,13946.8066,-22364.6719,1974.886
162,117,6,13946.8066,3111.1521,2605.936
160,117,6,13939.5947,9782.6084,3131.21
158,117,6,13921.5645,9263.7598,2303.032
156,117,6,13916.7559,7856.2881,1709.244
154,117,6,13916.7559,6454.624,1278.928
152,117,6,13897.5244,5192.3521,956.792
150,117,6,13863.8682,4073.344,715.19
148,117,6,13708.8105,3070.4961,528.88
146,117,6,13069.3467,2156.7041,381.034
144,117,6,12384.2061,1308.736,258.43
142,117,6,11973.1221,493.68,150.25
140,117,6,11969.5166,-298.144,46.878
138,117,6,12376.9941,-1097.712,-60.1
136,117,6,13058.5283,-1914.704,-179.098
134,117,6,13706.4063,-2762.6719,-318.53
132,117,6,13861.4639,-3674.5281,-490.416
130,117,6,13893.918,-4646.3999,-705.574
128,117,6,13914.3525,-5662.7998,-973.62
126,117,6,13921.5645,-6611.4399,-1317.392
124,117,6,13928.7764,-7118.6719,-1740.496
122,117,6,13937.1904,-5401.4399,-2230.9121
120,117,6,13943.2002,7637.52,-1546.974
118,117,6,13946.8066,22385.9687,-1381.098
116,117,6,13943.2002,22403.3926,-2203.2661
114,117,6,13935.9883,22411.1367,-2953.314
112,117,6,13919.1602,22415.0078,-2813.8821
110,117,6,13149.8799,22415.0078,-2700.894
108,117,6,-3.606,22418.8789,-2654.0161
106,117,6,-13574.1865,22422.752,-2426.8381
104,117,6,-13919.1602,22420.8164,-2489.342
102,117,6,-13939.5947,22415.0078,-2785.0339
100,117,6,-13943.2002,22387.9043,-1680.396
98,117,6,-13937.1904,16550.8633,-2072.248
96,117,6,-13925.1699,5794.4478,-2579.4919
94,117,6,-13917.958,3324.1121,-2164.802
92,117,6,-13919.1602,2563.2639,-1774.152
90,117,6,-13899.9287,2207.04,-1444.8041
88,117,6,-13880.6963,1945.6799,-1173.152
86,117,6,-13843.4346,1717.2319,-959.196
84,117,6,-13094.5879,1506.208,-783.704
82,117,6,-11458.666,1312.608,-645.474
80,117,6,-9965.7822,1140.304,-533.688
80,115,6,-9707.3525,1781.12,-516.86
82,115,6,-11114.8945,2117.9839,-622.636
84,115,6,-12767.6445,2541.968,-754.856
86,115,6,-13803.7686,3093.728,-918.328
88,115,6,-13873.4844,3850.7039,-1126.274
90,115,6,-13898.7266,4954.2241,-1383.5021
92,115,6,-13910.7461,6706.3042,-1692.416
94,115,6,-13916.7559,9831.0078,-2048.208
96,115,6,-13919.1602,15973.9355,-2424.4341
98,115,6,-13927.5742,22316.2715,-2773.0142
100,115,6,-13931.1807,22382.0957,-3026.636
102,115,6,-13926.3721,22397.584,-3192.512
104,115,6,-13916.7559,22393.7109,-3281.46
106,115,6,-13236.4238,22415.0078,-3383.6301
108,115,6,-659.898,22403.3926,-3488.2041
110,115,6,11368.5166,22403.3926,-3524.2642
112,115,6,13910.7461,22403.3926,-3531.4761
114,115,6,13927.5742,22405.3281,-3482.1941
116,115,6,13933.584,22380.1602,-3335.55
118,115,6,13937.1904,22376.2871,-2613.1479
120,115,6,13939.5947,21983.2793,-2566.27
122,115,6,13934.7861,8398.3682,-2256.1541
124,115,6,13928.7764,1932.1279,-1794.5861
126,115,6,13922.7666,-695.024,-1378.694
128,115,6,13911.9482,-1664.96,-1033.72
130,115,6,13897.5244,-1889.536,-758.462
132,115,6,13874.6865,-1759.824,-537.294
134,115,6,13835.0205,-1450.064,-359.398
136,115,6,13482.834,-1051.248,-215.158
138,115,6,12905.874,-607.904,-91.352
140,115,6,12577.7285,-133.584,24.04
142,115,6,12572.9199,354.288,134.624
144,115,6,12892.6523,847.968,250.016
146,115,6,13473.2178,1339.712,379.832
148,115,6,13829.0098,1815.968,536.092
150,115,6,13871.0801,2249.6321,728.412
152,115,6,13896.3223,2565.2,973.62
154,115,6,13915.5547,2648.448,1288.5441
156,115,6,13921.5645,2176.064,1696.022
158,115,6,13927.5742,414.304,2215.2861
160,115,6,13933.584,-4603.8081,2842.73
162,115,6,13941.998,-17520.8008,3036.252
164,115,6,13944.4023,-22360.8008,2675.6521
166,115,6,13943.2002,-22382.0957,3217.7542
168,115,6,13929.9785,-22384.0312,2990.5762
170,115,6,13917.958,-22401.4551,2994.1821
172,115,6,13277.292,-22393.7109,2995.384
174,115,6,2507.3721,-22382.0957,2965.334
176,115,6,-9351.5605,-22389.8398,2834.3162
178,115,6,-13907.1406,-22393.7109,2512.1799
180,115,6,-13923.9678,-22397.584,1972.4821
182,115,6,-13934.7861,-22380.1602,1491.682
184,115,6,-13932.3818,-22329.8242,1479.662
186,115,6,-13922.7666,-16438.5762,1601.0641
188,115,6,-13919.1602,-9563.8398,1568.61
190,115,6,-13914.3525,-6408.1602,1424.37
192,115,6,-13901.1299,-4718.0317,1246.474
194,115,6,-13880.6963,-3682.272,1069.78
196,115,6,-13837.4238,-2979.5039,909.914
198,115,6,-13009.2461,-2462.592,770.482
200,115,6,-11330.0518,-2065.7119,651.484
202,115,6,-9811.9258,-1750.144,548.112
204,115,6,-8588.29,-1492.656,469.982
206,115,6,-7578.6104,-1279.696,405.074
206,113,6,-7337.0083,-1709.488,387.044
204,113,6,-8274.5684,-2011.504,448.346
202,113,6,-9415.2666,-2392.896,522.87
200,113,6,-10799.9697,-2873.0239,610.616
198,113,6,-12477.9619,-3494.48,718.796
196,113,6,-13690.7803,-4330.832,849.814
194,113,6,-13869.8779,-5492.4321,1006.074
192,113,6,-13896.3223,-7203.856,1175.556
190,113,6,-13910.7461,-9860.0479,1358.26
188,113,6,-13915.5547,-14229.5996,1536.156
186,113,6,-13920.3623,-21284.3848,1688.8101
184,113,6,-13921.5645,-22337.5684,1821.03
182,113,6,-13923.9678,-22364.6719,2030.178
180,113,6,-13914.3525,-22376.2871,2371.5461
178,113,6,-13884.3027,-22374.3516,2744.166
176,113,6,-8518.5742,-22384.0312,3027.8381
174,113,6,1675.588,-22378.2246,3196.1182
172,113,6,11446.6465,-22387.9043,3250.208
170,113,6,13905.9385,-22376.2871,3247.804
168,113,6,13921.5645,-22376.2871,3214.1479
166,113,6,13926.3721,-22362.7363,3196.1182
164,113,6,13932.3818,-22351.1191,3144.4321
162,113,6,13939.5947,-22016.1914,2902.8301
160,113,6,13929.9785,-12303.2803,2484.5339
158,113,6,13922.7666,-5947.3921,2009.744
156,113,6,13920.3623,-2516.8,1577.024
154,113,6,13911.9482,-731.808,1220.03
152,113,6,13893.918,145.2,929.146
150,113,6,13874.6865,513.04,700.766
148,113,6,13838.626,607.904,518.062
146,113,6,13564.5703,545.952,366.61
144,113,6,13121.0322,398.816,237.996
142,113,6,12812.1182,209.088,121.402
140,113,6,12810.916,15.488,9.616
138,113,6,13103.002,-152.944,-104.574
136,113,6,13553.752,-255.552,-230.784
134,113,6,13833.8184,-243.936,-378.63
132,113,6,13869.8779,-40.656,-554.122
130,113,6,13892.7158,493.68,-770.482
128,113,6,13915.5547,1595.264,-1031.316
126,113,6,13922.7666,3707.4399,-1351.048
124,113,6,13929.9785,7554.272,-1718.86
122,113,6,13928.7764,14339.9521,-2132.3481
120,113,6,13935.9883,22248.5117,-2544.634
118,113,6,13937.1904,22366.6074,-2923.2642
116,113,6,13932.3818,22389.8398,-3238.188
114,113,6,13928.7764,22387.9043,-3467.77
112,113,6,13890.3125,22384.0312,-3610.8081
110,113,6,9831.1582,22397.584,-3664.8979
108,113,6,-216.36,22384.0312,-3650.4741
106,113,6,-10485.0459,22393.7109,-3554.314
104,113,6,-13890.3125,22389.8398,-3398.054
102,113,6,-13911.9482,22389.8398,-3179.29
100,113,6,-13920.3623,22376.2871,-2910.042
98,113,6,-13921.5645,22329.8242,-2596.3201
96,113,6,-13915.5547,20196.3516,-2252.5481
94,113,6,-13919.1602,13778.5117,-1908.776
92,113,6,-13905.9385,9741.9521,-1584.2361
90,113,6,-13889.1104,7198.0479,-1301.766
88,113,6,-13866.2725,5519.5361,-1067.376
86,113,6,-13587.4082,4350.1919,-873.854
84,113,6,-12266.4102,3511.9041,-718.796
82,113,6,-10655.7305,2880.7681,-591.384
80,113,6,-9323.9141,2390.96,-488.012
80,111,6,-8814.2666,2919.488,-460.366
82,111,6,-9970.5898,3513.8401,-552.92
84,111,6,-11370.9199,4288.2397,-668.312
86,111,6,-12893.8545,5316.2559,-811.35
88,111,6,-13797.7578,6710.1758,-983.236
90,111,6,-13873.4844,8646.1758,-1188.7781
92,111,6,-13886.7061,11385.6162,-1430.38
94,111,6,-13903.5342,15317.6318,-1706.8401
96,111,6,-13911.9482,20753.9199,-2006.1381
98,111,6,-13914.3525,22302.7207,-2313.8501
100,111,6,-13910.7461,22356.9277,-2610.7441
102,111,6,-13901.1299,22380.1602,-2878.79
104,111,6,-13835.0205,22382.0957,-3101.1602
106,111,6,-7898.3423,22397.584,-3264.6321
108,111,6,76.928,22384.0312,-3347.5701
110,111,6,7929.5942,22384.0312,-3359.5901
112,111,6,13844.6367,22389.8398,-3295.884
114,111,6,13910.7461,22374.3516,-3142.0281
116,111,6,13917.958,22368.543,-2919.658
118,111,6,13922.7666,22345.3125,-2627.572
120,111,6,13922.7666,22231.0879,-2291.012
122,111,6,13919.1602,16372.752,-1934.0181
124,111,6,13921.5645,10495.0557,-1579.428
126,111,6,13911.9482,6537.8721,-1257.292
128,111,6,13904.7363,3976.5439,-977.226
130,111,6,13889.1104,2373.5359,-742.836
132,111,6,13867.4746,1393.92,-544.506
134,111,6,13820.5967,799.568,-381.034
136,111,6,13541.7324,460.768,-244.006
138,111,6,13125.8398,269.104,-121.402
140,111,6,12858.9961,164.56,-8.414
142,111,6,12860.1982,92.928,100.968
144,111,6,13127.042,9.68,213.956
146,111,6,13540.5303,-139.392,337.762
148,111,6,13824.2021,-416.24,480.8
150,111,6,13874.6865,-909.92,651.484
152,111,6,13892.7158,-1759.824,855.824
154,111,6,13908.3418,-3186.656,1107.042
156,111,6,13919.1602,-5519.5361,1403.936
158,111,6,13920.3623,-9279.248,1748.91
160,111,6,13927.5742,-14994.3203,2110.7122
162,111,6,13925.1699,-21991.0234,2442.4641
164,111,6,13933.584,-22329.8242,2698.49
166,111,6,13926.3721,-22362.7363,2865.5681
168,111,6,13916.7559,-22370.4805,2976.1521
170,111,6,13875.8887,-22374.3516,3043.4641
172,111,6,9833.5625,-22382.0957,3067.5042
174,111,6,1799.394,-22372.416,3015.8181
176,111,6,-6193.9062,-22384.0312,2882.396
178,111,6,-13600.6299,-22376.2871,2663.6321
180,111,6,-13899.9287,-22366.6074,2384.7681
182,111,6,-13910.7461,-22356.9277,2109.51
184,111,6,-13915.5547,-22325.9512,1866.7061
186,111,6,-13913.1504,-21841.9512,1658.76
188,111,6,-13910.7461,-16376.624,1462.834
190,111,6,-13902.332,-11989.6475,1278.928
192,111,6,-13879.4941,-8983.04,1102.234
194,111,6,-13848.2422,-6907.6479,941.166
196,111,6,-13270.0801,-5451.7759,804.138
198,111,6,-11721.9043,-4379.2319,679.13
200,111,6,-10219.4043,-3581.6001,580.566
202,111,6,-8969.3242,-2969.824,497.628
204,111,6,-7916.3721,-2487.76,426.71
206,111,6,-7032.9023,-2110.24,369.014
206,109,6,-6662.686,-2443.2319,347.378
204,109,6,-7434.3701,-2878.832,397.862
202,109,6,-8359.9102,-3426.72,461.568
200,109,6,-9444.1143,-4125.6162,537.294
198,109,6,-10706.2139,-5018.1118,625.04
196,109,6,-12172.6543,-6197.1357,730.816
194,109,6,-13467.208,-7751.7441,854.622
192,109,6,-13847.04,-9873.5996,997.66
190,109,6,-13875.8887,-12754.3682,1163.536
188,109,6,-13886.7061,-16605.0723,1345.038
186,109,6,-13895.1201,-21292.127,1539.7621
184,109,6,-13902.332,-22306.5918,1746.506
182,109,6,-13890.3125,-22345.3125,1968.876
180,109,6,-13844.6367,-22356.9277,2197.2561
178,109,6,-10555.9639,-22364.6719,2401.5959
176,109,6,-4536.3481,-22370.4805,2571.0781
174,109,6,1700.8301,-22366.6074,2682.864
172,109,6,7971.6641,-22366.6074,2714.116
170,109,6,13539.3281,-22364.6719,2686.47
168,109,6,13896.3223,-22362.7363,2605.936
166,109,6,13915.5547,-22347.248,2471.312
164,109,6,13916.7559,-22291.1035,2294.6179
162,109,6,13920.3623,-21356.0156,2065.0361
160,109,6,13923.9678,-15695.1523,1798.192
158,109,6,13916.7559,-10901.6162,1516.9241
156,109,6,13908.3418,-7366.48,1245.272
154,109,6,13895.1201,-4882.5918,1001.266
152,109,6,13884.3027,-3175.04,788.512
150,109,6,13855.4541,-2030.864,608.212
148,109,6,13722.0322,-1254.528,456.76
146,109,6,13409.5127,-716.32,325.742
144,109,6,12964.7725,-332.992,211.552
142,109,6,12721.9678,-21.296,103.372
140,109,6,12721.9678,265.232,0.0
138,109,6,12935.9238,586.608,-105.776
136,109,6,13375.8564,1000.912,-219.966
134,109,6,13689.5781,1579.776,-350.984
132,109,6,13851.8486,2418.064,-503.638
130,109,6,13875.8887,3635.8079,-680.332
128,109,6,13896.3223,5413.0562,-887.076
126,109,6,13907.1406,7972.4478,-1125.072
124,109,6,13914.3525,11525.0078,-1391.916
122,109,6,13920.3623,16250.7842,-1681.598
120,109,6,13916.7559,21536.0645,-1978.4921
118,109,6,13917.958,22306.5918,-2259.76
116,109,6,13911.9482,22353.0566,-2508.574
114,109,6,13881.8984,22370.4805,-2706.9041
112,109,6,12709.9482,22382.0957,-2843.9321
110,109,6,6822.5522,22374.3516,-2911.2441
108,109,6,700.766,22384.0312,-2906.436
106,109,6,-5287.5981,22382.0957,-2842.73
104,109,6,-10852.8584,22378.2246,-2709.3081
102,109,6,-13841.0303,22358.8633,-2518.1899
100,109,6,-13886.7061,22341.4395,-2287.406
98,109,6,-13890.3125,22269.8086,-2030.178
96,109,6,-13886.7061,20147.9512,-1768.1421
94,109,6,-13886.7061,15700.96,-1515.722
92,109,6,-13866.2725,12183.248,-1282.5341
90,109,6,-13816.9902,9540.6084,-1079.396
88,109,6,-13139.0625,7552.3359,-901.5
86,109,6,-11782.0039,6050.0,-750.048
84,109,6,-10410.5225,4919.376,-625.04
82,109,6,-9214.5322,4044.304,-519.264
80,109,6,-8180.812,3360.896,-431.518
80,107,6,-7525.7222,3693.8879,-395.458
82,107,6,-8370.7285,4406.3359,-468.78
84,107,6,-9338.3379,5306.5762,-558.93
86,107,6,-10406.916,6444.9438,-664.706
88,107,6,-11571.6543,7906.624,-790.916
90,107,6,-12695.5244,9767.1201,-938.762
92,107,6,-13487.6426,12125.168,-1108.244
94,107,6,-13754.4863,15060.1436,-1296.958
96,107,6,-13830.2119,18570.1113,-1496.49
98,107,6,-13798.96,21809.0391,-1703.234
100,107,6,-13366.2402,22293.0391,-1906.3721
102,107,6,-11230.2861,22339.5039,-2087.874
104,107,6,-7770.9302,22341.4395,-2236.9221
106,107,6,-3627.636,22341.4395,-2347.5061
108,107,6,951.984,22358.8633,-2406.4041
110,107,6,5621.7539,22354.9922,-2411.2122
112,107,6,10137.668,22358.8633,-2359.5261
114,107,6,13583.8027,22343.375,-2253.75
116,107,6,13879.4941,22320.1445,-2097.49
118,107,6,13896.3223,22244.6406,-1901.5641
120,107,6,13901.1299,19871.1035,-1680.396
122,107,6,13901.1299,15511.2314,-1447.208
124,107,6,13890.3125,11714.7363,-1214.02
126,107,6,13883.1006,8659.7275,-997.66
128,107,6,13874.6865,6280.3838,-800.532
130,107,6,13857.8584,4493.4561,-627.444
132,107,6,13759.2939,3171.168,-474.79
134,107,6,13463.6025,2187.6799,-342.57
136,107,6,12987.6104,1448.1281,-225.976
138,107,6,12618.5967,863.456,-118.998
140,107,6,12420.2666,371.712,-21.636
142,107,6,12428.6807,-89.056,74.524
144,107,6,12639.0303,-571.12,174.29
146,107,6,13029.6807,-1130.624,280.066
148,107,6,13502.0664,-1843.072,399.064
150,107,6,13794.1523,-2783.968,530.082
152,107,6,13851.8486,-4059.792,681.534
154,107,6,13873.4844,-5811.8721,858.228
156,107,6,13889.1104,-8152.4961,1052.952
158,107,6,13904.7363,-11226.8643,1266.9081
160,107,6,13902.332,-15102.7363,1489.2781
162,107,6,13905.9385,-19646.5273,1702.032
164,107,6,13903.5342,-22238.832,1889.5441
166,107,6,13892.7158,-22310.4648,2048.208
168,107,6,13844.6367,-22337.5684,2170.812
170,107,6,11500.7363,-22335.6328,2251.3459
172,107,6,6806.9263,-22347.248,2285.002
174,107,6,1917.1901,-22356.9277,2268.1741
176,107,6,-2840.3262,-22356.9277,2192.448
178,107,6,-7334.604,-22339.5039,2074.6521
180,107,6,-11200.2363,-22327.8887,1918.3921
182,107,6,-13540.5303,-22296.9121,1741.698
184,107,6,-13837.4238,-22229.1523,1557.792
186,107,6,-13849.4443,-20078.2559,1378.694
188,107,6,-13839.8281,-16153.9844,1209.212
190,107,6,-13718.4258,-12905.376,1051.75
192,107,6,-13214.7881,-10309.2002,908.712
194,107,6,-12131.7861,-8282.208,781.3
196,107,6,-10869.6865,-6729.5361,673.12
198,107,6,-9708.5537,-5517.6001,580.566
200,107,6,-8666.4199,-4572.832,500.032
202,107,6,-7744.4863,-3825.5359,430.316
204,107,6,-6934.3379,-3225.376,373.822
206,107,6,-6241.9863,-2743.312,325.742
206,105,6,-5797.2461,-2958.208,300.5
204,105,6,-6375.4082,-3453.824,340.166
202,105,6,-7038.9121,-4061.728,389.448
200,105,6,-7778.1421,-4818.7041,447.144
198,105,6,-8594.2998,-5753.792,515.658
196,105,6,-9471.7598,-6921.2002,597.394
194,105,6,-10375.6641,-8371.2637,688.746
192,105,6,-11266.3467,-10177.5518,798.128
190,105,6,-12027.2119,-12407.8242,917.126
188,105,6,-12489.9824,-15067.8877,1052.952
186,105,6,-12502.002,-18117.0879,1193.5861
184,105,6,-11885.376,-21154.6719,1339.0281
182,105,6,-10451.3906,-22231.0879,1485.672
180,105,6,-8189.2261,-22293.0391,1622.7001
178,105,6,-5227.498,-22306.5918,1739.2941
176,105,6,-1776.556,-22318.207,1833.05
174,105,6,1877.524,-22322.0801,1882.332
172,105,6,5613.3403,-22308.5273,1891.948
170,105,6,9191.6943,-22316.2715,1860.696
168,105,6,12358.9639,-22293.0391,1782.566
166,105,6,13773.7178,-22236.8965,1685.204
164,105,6,13861.4639,-21083.0391,1568.61
162,105,6,13874.6865,-17629.2168,1418.36
160,105,6,13878.292,-14132.7998,1251.282
158,105,6,13872.2822,-11025.5195,1079.396
156,105,6,13860.2627,-8400.3037,911.116
154,105,6,13844.6367,-6290.064,754.856
152,105,6,13736.4561,-4617.3599,611.818
150,105,6,13469.6123,-3304.752,484.406
148,105,6,12952.752,-2278.6719,369.014
146,105,6,12489.9824,-1461.6799,266.844
144,105,6,12105.3418,-782.144,171.886
142,105,6,11898.5986,-176.176,82.938
140,105,6,11878.1641,406.56,-3.606
138,105,6,12053.6563,1018.336,-92.554
136,105,6,12403.4385,1711.424,-187.512
134,105,6,12837.3604,2540.032,-288.48
132,105,6,13343.4023,3577.728,-403.872
130,105,6,13654.7207,4894.208,-531.284
128,105,6,13829.0098,6564.9761,-676.726
126,105,6,13855.4541,8655.8555,-837.794
124,105,6,13863.8682,11215.248,-1012.084
122,105,6,13868.6758,14219.9199,-1193.5861
120,105,6,13865.0703,17553.7109,-1376.29
118,105,6,13843.4346,20904.9277,-1549.3781
116,105,6,13532.1162,22219.4727,-1702.032
114,105,6,11523.5742,22285.2949,-1827.04
112,105,6,8410.3945,22304.6562,-1913.584
110,105,6,4922.1899,22312.4004,-1958.058
108,105,6,1308.978,22327.8887,-1962.8661
106,105,6,-2182.832,22318.207,-1925.604
104,105,6,-5375.3442,22298.8477,-1848.676
102,105,6,-8078.6421,22273.6797,-1729.678
100,105,6,-10111.2246,22043.2949,-1592.65
98,105,6,-11380.5361,20039.5352,-1435.188
96,105,6,-11940.668,17021.3125,-1275.322
94,105,6,-11911.8203,14254.7676,-1115.4561
92,105,6,-11483.9082,11817.3438,-965.206
90,105,6,-10807.1826,9761.3115,-828.178
88,105,6,-9997.0342,8063.4399,-706.776
86,105,6,-9162.8457,6690.8159,-599.798
84,105,6,-8346.6885,5581.4878,-509.648
82,105,6,-7583.418,4683.1841,-432.72
80,105,6,-6880.248,3951.376,-366.61
80,103,6,-6208.3301,4088.832,-329.348
82,103,6,-6756.4419,4789.6641,-384.64
84,103,6,-7339.4121,5641.5039,-449.548
86,103,6,-7929.5942,6663.7119,-524.072
88,103,6,-8505.3525,7904.688,-609.414
90,103,6,-9016.2021,9376.0479,-706.776
92,103,6,-9385.2158,11104.8955,-813.754
94,103,6,-9529.4561,13079.6162,-929.146
96,103,6,-9340.7422,15265.3604,-1049.3461
98,103,6,-8715.7021,17557.584,-1170.748
100,103,6,-7589.4282,19820.7676,-1286.14
102,103,6,-5937.8799,21448.9434,-1390.714
104,103,6,-3795.916,22178.8164,-1476.056
106,103,6,-1306.574,22238.832,-1537.358
108,103,6,1406.34,22258.1914,-1569.812
110,103,6,4197.3843,22254.3203,-1568.61
112,103,6,6886.2583,22213.6641,-1536.156
114,103,6,9321.5098,21791.6152,-1473.652
116,103,6,11350.4863,20513.8555,-1384.704
118,103,6,12777.2598,18119.0234,-1270.514
120,103,6,13453.9863,15536.4004,-1140.698
122,103,6,13609.0439,12959.584,-1002.468
124,103,6,13618.6602,10553.1357,-861.834
126,103,6,13527.3086,8421.5996,-727.21
128,103,6,13292.918,6590.144,-599.798
130,103,6,12891.4502,5066.5122,-482.002
132,103,6,12461.1338,3804.24,-375.024
134,103,6,11994.7578,2760.7361,-277.662
136,103,6,11607.7139,1889.536,-189.916
138,103,6,11344.4766,1132.5599,-106.978
140,103,6,11215.8623,445.28,-27.646
142,103,6,11230.2861,-212.96,49.282
144,103,6,11387.748,-894.432,128.614
146,103,6,11687.0459,-1641.728,210.35
148,103,6,12118.5645,-2507.1199,299.298
150,103,6,12614.9902,-3542.8799,395.458
152,103,6,13081.3662,-4799.3437,501.234
154,103,6,13486.4404,-6334.5918,616.626
156,103,6,13657.124,-8179.6001,740.432
158,103,6,13759.2939,-10365.3438,870.248
160,103,6,13784.5361,-12856.9756,1004.872
162,103,6,13678.7598,-15559.6318,1132.2841
164,103,6,13351.8164,-18302.9434,1251.282
166,103,6,12179.8662,-20839.1035,1353.452
168,103,6,10149.6885,-22052.9766,1433.9861
170,103,6,7672.3662,-22240.7676,1496.49
172,103,6,4900.5542,-22248.5117,1526.54
174,103,6,1992.916,-22264.0,1524.136
176,103,6,-858.228,-22267.8711,1488.076
178,103,6,-3533.8801,-22244.6406,1421.9661
180,103,6,-5859.75,-22105.248,1334.22
182,103,6,-7713.2344,-21026.8965,1239.262
184,103,6,-9002.9805,-18752.0957,1126.274
186,103,6,-9724.1807,-16295.3115,1013.286
188,103,6,-9963.3779,-13917.9043,900.298
190,103,6,-9820.3398,-11759.2637,795.724
192,103,6,-9421.2764,-9879.4082,699.564
194,103,6,-8870.7598,-8289.9521,613.02
196,103,6,-8246.9219,-6969.6001,534.89
198,103,6,-7605.0542,-5875.7598,467.578
200,103,6,-6978.812,-4975.52,408.68
202,103,6,-6386.2261,-4234.0317,356.994
204,103,6,-5839.3159,-3624.1919,312.52
206,103,6,-5340.4863,-3118.896,275.258
206,101,6,-4882.5239,-3217.6321,250.016
204,101,6,-5283.9922,-3703.5679,281.268
202,101,6,-5717.9141,-4290.1758,317.328
200,101,6,-6174.6743,-4989.0718,360.6
198,101,6,-6638.646,-5823.4878,408.68
196,101,6,-7088.1943,-6806.9761,465.174
194,101,6,-7499.2783,-7968.5762,526.476
192,101,6,-7817.8081,-9333.4561,598.596
190,101,6,-7988.4922,-10886.1279,676.726
188,101,6,-7936.8062,-12609.168,759.664
186,101,6,-7589.4282,-14461.9199,846.208
184,101,6,-6883.854,-16330.1602,933.954
182,101,6,-5775.6099,-18122.8965,1019.296
180,101,6,-4269.5039,-19687.1836,1099.8301
178,101,6,-2419.626,-20860.4004,1164.738
176,101,6,-318.53,-21340.5273,1209.212
174,101,6,1911.1801,-21479.9199,1232.05
172,101,6,4188.9702,-21330.8477,1232.05
170,101,6,6364.5903,-20765.5352,1210.4141
168,101,6,8319.042,-19501.3281,1164.738
166,101,6,9980.2061,-17809.2637,1099.8301
164,101,6,11247.1143,-15850.0322,1019.296
162,101,6,12099.332,-13743.6641,925.54
160,101,6,12540.4658,-11629.5518,825.774
158,101,6,12635.4238,-9618.0479,723.604
156,101,6,12544.0723,-7802.0801,622.636
154,101,6,12283.2383,-6202.9438,525.274
152,101,6,11911.8203,-4818.7041,432.72
150,101,6,11516.3623,-3641.616,346.176
148,101,6,11154.5605,-2638.7681,266.844
146,101,6,10850.4541,-1761.76,191.118
144,101,6,10634.0938,-987.36,121.402
142,101,6,10513.8945,-267.168,52.888
140,101,6,10493.46,433.664,-14.424
138,101,6,10580.0039,1155.792,-82.938
136,101,6,10755.4961,1932.1279,-153.856
134,101,6,11011.5225,2799.4561,-229.582
132,101,6,11324.042,3802.304,-311.318
130,101,6,11663.0059,4965.8398,-399.064
128,101,6,11969.5166,6313.2959,-495.224
126,101,6,12185.876,7877.584,-597.394
124,101,6,12243.5723,9633.5361,-703.17
122,101,6,12060.8682,11561.792,-811.35
120,101,6,11550.0186,13569.4238,-917.126
118,101,6,10666.5479,15555.7598,-1016.892
116,101,6,9394.832,17381.4082,-1103.436
114,101,6,7774.5361,18926.3359,-1169.546
112,101,6,5850.1343,20086.0,-1220.03
110,101,6,3749.0381,20757.791,-1246.474
108,101,6,1568.61,20899.1191,-1250.0801
106,101,6,-563.738,20620.3359,-1230.848
104,101,6,-2521.7961,19832.3848,-1191.182
102,101,6,-4233.4438,18626.2559,-1131.082
100,101,6,-5618.1479,17114.2402,-1052.952
98,101,6,-6629.0303,15426.0479,-964.004
96,101,6,-7276.9082,13662.3516,-871.45
94,101,6,-7590.6304,11954.7998,-778.896
92,101,6,-7638.71,10345.9844,-688.746
90,101,6,-7483.6523,8905.5996,-603.404
88,101,6,-7195.1724,7635.584,-526.476
86,101,6,-6821.3501,6537.8721,-456.76
84,101,6,-6405.458,5604.7197,-395.458
82,101,6,-5972.7383,4812.896,-341.368
80,101,6,-5541.2202,4141.104,-293.288
80,99,6,-4937.8159,4127.5518,-259.632
82,99,6,-5255.144,4741.2642,-298.096
84,99,6,-5570.0679,5463.3921,-342.57
86,99,6,-5850.1343,6290.064,-391.852
88,99,6,-6080.918,7246.4478,-447.144
90,99,6,-6223.9561,8322.8643,-508.446
92,99,6,-6244.3901,9523.1836,-573.354
94,99,6,-6095.3423,10818.3682,-640.666
96,99,6,-5733.54,12171.6318,-710.382
98,99,6,-5122.9243,13538.4482,-780.098
100,99,6,-4238.252,14823.9521,-843.804
102,99,6,-3085.5339,15962.3203,-901.5
104,99,6,-1691.214,16856.752,-945.974
106,99,6,-121.402,17439.4883,-976.024
108,99,6,1571.014,17673.7441,-992.852
110,99,6,3292.2781,17518.8633,-990.448
112,99,6,4970.27,16974.8477,-970.014
114,99,6,6513.6382,16082.3516,-933.954
116,99,6,7843.0503,14897.5195,-883.47
118,99,6,8929.6582,13490.0479,-820.966
120,99,6,9737.4023,11941.248,-747.644
122,99,6,10271.0898,10357.5996,-668.312
124,99,6,10558.3682,8795.248,-585.374
126,99,6,10648.5186,7337.4399,-504.84
128,99,6,10598.0342,5999.6641,-423.104
130,99,6,10458.6025,4801.2798,-347.378
132,99,6,10275.8984,3734.5439,-275.258
134,99,6,10084.7803,2785.9041,-206.744
136,99,6,9924.9141,1943.744,-143.038
138,99,6,9813.1279,1175.152,-81.736
140,99,6,9761.4424,447.216,-22.838
142,99,6,9775.8662,-269.104,36.06
144,99,6,9862.4102,-997.04,94.958
146,99,6,10004.2461,-1773.376,155.058
148,99,6,10201.374,-2619.408,217.562
150,99,6,10430.9561,-3566.1121,286.076
152,99,6,10660.5381,-4638.6558,354.59
154,99,6,10857.666,-5864.144,430.316
156,99,6,10968.25,-7229.0239,507.244
158,99,6,10935.7959,-8744.9121,587.778
160,99,6,10702.6084,-10361.4717,665.908
162,99,6,10217.0,-12036.1123,741.634
164,99,6,9440.5078,-13677.8398,811.35
166,99,6,8376.7383,-15201.4717,871.45
168,99,6,7031.7002,-16508.2715,920.732
170,99,6,5464.292,-17530.4805,955.59
172,99,6,3739.4221,-18180.9766,974.822
174,99,6,1926.806,-18440.4004,977.226
176,99,6,155.058,-18275.8398,962.802
178,99,6,-1524.136,-17733.7598,930.348
180,99,6,-3018.2222,-16839.3281,887.076
182,99,6,-4271.9082,-15671.9199,829.38
184,99,6,-5246.73,-14316.7197,771.684
186,99,6,-5916.2441,-12874.4004,705.574
188,99,6,-6320.1162,-11424.3359,638.262
190,99,6,-6488.396,-10040.0957,574.556
192,99,6,-6469.1641,-8754.5918,514.456
194,99,6,-6315.3081,-7596.8638,459.164
196,99,6,-6068.8979,-6584.3359,408.68
198,99,6,-5767.1963,-5701.52,361.802
200,99,6,-5433.04,-4942.6079,320.934
202,99,6,-5088.0659,-4290.1758,283.672
204,99,6,-4745.4961,-3732.6079,252.42
206,99,6,-4419.7539,-3260.2239,223.572
206,97,6,-3999.054,-3266.032,200.734
204,97,6,-4251.4741,-3705.5039,223.572
202,97,6,-4512.3081,-4220.48,250.016
200,97,6,-4765.9302,-4814.832,280.066
198,97,6,-4996.7139,-5496.3042,313.722
196,97,6,-5186.6299,-6274.5762,352.186
194,97,6,-5316.4463,-7141.9038,391.852
192,97,6,-5360.9199,-8107.9678,437.528
190,97,6,-5286.396,-9161.1523,484.406
188,97,6,-5058.0161,-10272.416,533.688
186,97,6,-4646.9321,-11414.6563,585.374
184,97,6,-4033.9121,-12522.0479,635.858
182,97,6,-3198.522,-13555.8721,683.938
180,97,6,-2156.3879,-14438.6875,724.806
178,97,6,-936.358,-15108.5439,759.664
176,97,6,414.69,-15509.2959,781.3
174,97,6,1839.0601,-15617.7119,790.916
172,97,6,3283.864,-15408.624,790.916
170,97,6,4680.5879,-14899.4561,774.088
168,97,6,5961.9199,-14113.4395,747.644
166,97,6,7079.7803,-13089.2959,711.584
164,97,6,7990.896,-11908.3359,664.706
162,97,6,8698.874,-10609.2803,610.616
160,97,6,9189.29,-9271.5039,551.718
158,97,6,9483.7803,-7947.2798,489.214
156,97,6,9614.7979,-6679.2002,426.71
154,97,6,9626.8184,-5504.0479,365.408
152,97,6,9558.3037,-4429.5679,306.51
150,97,6,9440.5078,-3453.824,250.016
148,97,6,9313.0957,-2572.9441,194.724
146,97,6,9190.4922,-1765.632,141.836
144,97,6,9094.332,-1020.272,91.352
142,97,6,9039.04,-298.144,40.868
140,97,6,9024.6162,406.56,-8.414
138,97,6,9048.6563,1122.88,-58.898
136,97,6,9113.5645,1870.176,-111.786
134,97,6,9196.502,2663.936,-165.876
132,97,6,9290.2578,3539.0081,-222.37
130,97,6,9369.5898,4497.3281,-281.268
128,97,6,9399.6406,5548.5762,-346.176
126,97,6,9347.9541,6690.8159,-408.68
124,97,6,9178.4717,7906.624,-473.588
122,97,6,8851.5283,9174.7041,-537.294
120,97,6,8337.0723,10442.7842,-598.596
118,97,6,7623.084,11658.5918,-653.888
116,97,6,6705.958,12762.1123,-703.17
114,97,6,5613.3403,13683.6475,-742.836
112,97,6,4359.6543,14394.1602,-769.28
110,97,6,3013.4141,14823.9521,-784.906
108,97,6,1628.7101,14963.3438,-787.31
106,97,6,270.45,14808.4639,-778.896
104,97,6,-998.862,14390.2881,-759.664
102,97,6,-2143.166,13737.8555,-728.412
100,97,6,-3117.988,12889.8877,-688.746
98,97,6,-3894.48,11906.4004,-643.07
96,97,6,-4473.8442,10847.4082,-591.384
94,97,6,-4853.6763,9782.6084,-538.496
92,97,6,-5072.4399,8733.2959,-485.608
90,97,6,-5142.1562,7744.0,-433.922
88,97,6,-5104.894,6834.0801,-387.044
86,97,6,-4984.6938,6005.4722,-342.57
84,97,6,-4808.0,5273.6641,-301.702
82,97,6,-4594.0439,4625.104,-264.44
80,97,6,-4357.25,4055.9199,-231.986
80,95,6,-3842.7942,3949.4399,-204.34
82,95,6,-4008.6702,4456.6719,-229.582
84,95,6,-4149.3042,5029.728,-259.632
86,95,6,-4251.4741,5666.6719,-290.884
88,95,6,-4295.9482,6379.1201,-325.742
90,95,6,-4265.8979,7143.8398,-361.802
92,95,6,-4144.4961,7964.7041,-401.468
94,95,6,-3905.2981,8812.6719,-439.932
96,95,6,-3529.072,9668.3838,-479.598
98,95,6,-3005.0,10495.0557,-518.062
100,95,6,-2329.4761,11255.9043,-552.92
102,95,6,-1503.702,11908.3359,-581.768
104,95,6,-554.122,12400.0801,-605.808
106,95,6,480.8,12705.9678,-620.232
108,95,6,1589.0441,12802.7676,-627.444
110,95,6,2711.7122,12676.9277,-626.242
112,95,6,3809.1382,12334.2559,-615.424
114,95,6,4836.8481,11778.624,-594.99
116,95,6,5753.9741,11044.8799,-566.142
118,95,6,6542.4863,10173.6797,-530.082
120,95,6,7180.748,9197.9355,-488.012
122,95,6,7667.5581,8173.792,-441.134
124,95,6,8016.1382,7130.2881,-393.054
126,95,6,8236.1045,6113.8882,-342.57
128,95,6,8358.708,5130.3999,-292.086
130,95,6,8406.7881,4203.0562,-242.804
132,95,6,8405.5859,3345.408,-194.724
134,95,6,8377.9404,2540.032,-149.048
136,95,6,8345.4863,1796.608,-104.574
138,95,6,8320.2441,1082.224,-60.1
140,95,6,8313.0322,394.944,-16.828
142,95,6,8328.6582,-288.464,24.04
144,95,6,8361.1123,-977.68,68.514
146,95,6,8416.4043,-1688.192,110.584
148,95,6,8475.3018,-2445.168,155.058
150,95,6,8531.7959,-3252.48,199.532
152,95,6,8565.4521,-4125.6162,246.41
154,95,6,8553.4326,-5066.5122,294.49
156,95,6,8465.6865,-6065.4878,342.57
158,95,6,8279.376,-7124.48,391.852
160,95,6,7966.856,-8214.4482,438.73
162,95,6,7505.2881,-9308.2881,485.608
164,95,6,6885.0562,-10342.1123,525.274
166,95,6,6109.7661,-11286.8799,560.132
168,95,6,5181.8223,-12101.9355,590.182
170,95,6,4127.668,-12733.0723,610.616
172,95,6,2992.98,-13151.248,623.838
174,95,6,1815.02,-13327.4238,628.646
176,95,6,658.696,-13269.3438,621.434
178,95,6,-450.75,-12986.6875,604.606
180,95,6,-1459.228,-12487.2002,580.566
182,95,6,-2341.4961,-11823.1523,552.92
184,95,6,-3066.302,-11033.2637,518.062
186,95,6,-3626.4341,-10169.8076,482.002
188,95,6,-4030.3062,-9265.6963,443.538
190,95,6,-4288.7358,-8367.3916,405.074
192,95,6,-4420.9561,-7503.936,367.812
194,95,6,-4453.4102,-6688.8799,332.954
196,95,6,-4406.5322,-5945.4561,300.5
198,95,6,-4298.3521,-5269.792,270.45
200,95,6,-4148.1021,-4661.8882,242.804
202,95,6,-3970.2061,-4123.6802,217.562
204,95,6,-3777.886,-3649.3599,194.724
206,95,6,-3578.354,-3235.0559,175.492
206,93,6,-3211.7441,-3176.9761,156.26
204,93,6,-3358.3879,-3552.5601,174.29
202,93,6,-3496.6182,-3982.3521,192.32
200,93,6,-3614.4141,-4460.5439,212.754
198,93,6,-3702.1602,-4994.8799,234.39
196,93,6,-3750.24,-5579.5518,259.632
194,93,6,-3741.8262,-6212.624,284.874
192,93,6,-3663.696,-6890.2241,312.52
190,93,6,-3499.022,-7600.7358,341.368
188,93,6,-3232.178,-8326.7363,371.418
186,93,6,-2849.9421,-9044.9922,401.468
184,93,6,-2348.708,-9722.5918,429.114
182,93,6,-1721.264,-10332.4316,455.558
180,93,6,-980.832,-10837.7275,478.396
178,93,6,-140.634,-11211.376,497.628
176,93,6,770.482,-11420.4639,509.648
174,93,6,1723.6681,-11451.4395,513.254
172,93,6,2688.874,-11300.4316,510.85
170,93,6,3627.636,-10957.7598,501.234
168,93,6,4501.4902,-10460.208,485.608
166,93,6,5291.2041,-9807.7764,461.568
164,93,6,5961.9199,-9056.6084,435.124
162,93,6,6520.8501,-8212.5117,403.872
160,93,6,6955.9741,-7320.0161,367.812
158,93,6,7276.9082,-6417.8398,330.55
156,93,6,7494.4702,-5523.4082,292.086
154,93,6,7623.084,-4659.9521,253.622
152,93,6,7692.8003,-3835.2161,213.956
150,93,6,7712.0322,-3055.0081,175.492
148,93,6,7706.022,-2319.3279,139.432
146,93,6,7684.3862,-1618.496,102.17
144,93,6,7660.3462,-950.576,66.11
142,93,6,7641.1143,-296.208,30.05
140,93,6,7627.8921,348.48,-4.808
138,93,6,7621.8823,998.976,-42.07
136,93,6,7624.2861,1666.896,-79.332
134,93,6,7617.0742,2356.1121,-116.594
132,93,6,7599.0439,3085.9839,-155.058
130,93,6,7552.166,3854.5759,-194.724
128,93,6,7457.208,4661.8882,-234.39
126,93,6,7297.3423,5500.1758,-275.258
124,93,6,7059.3462,6359.7598,-316.126
122,93,6,6720.3823,7227.0879,-353.388
120,93,6,6273.2383,8069.248,-391.852
118,93,6,5713.106,8855.2637,-424.306
116,93,6,5041.188,9563.8398,-453.154
114,93,6,4271.9082,10144.6396,-475.992
112,93,6,3419.6899,10593.792,-492.82
110,93,6,2516.988,10880.3203,-502.436
108,93,6,1593.8521,10998.416,-504.84
106,93,6,683.938,10940.3359,-500.032
104,93,6,-176.694,10721.5684,-490.416
102,93,6,-970.014,10351.792,-474.79
100,93,6,-1671.9821,9861.9844,-453.154
98,93,6,-2264.5681,9271.5039,-426.71
96,93,6,-2744.166,8621.0078,-399.064
94,93,6,-3104.7661,7943.4077,-370.216
92,93,6,-3359.5901,7254.1919,-338.964
90,93,6,-3518.2542,6582.3999,-307.712
88,93,6,-3593.98,5933.8398,-278.864
86,93,6,-3604.7981,5331.7441,-251.218
84,93,6,-3563.9302,4774.1758,-224.774
82,93,6,-3480.9919,4266.9438,-201.936
80,93,6,-3370.408,3808.1121,-179.098
80,91,6,-2956.9202,3657.104,-156.26
82,91,6,-3021.8281,4055.9199,-173.088
84,91,6,-3061.4941,4501.2002,-192.32
86,91,6,-3063.8979,4981.3281,-212.754
88,91,6,-3018.2222,5498.2397,-234.39
90,91,6,-2916.052,6036.4478,-257.228
92,91,6,-2741.762,6597.8882,-280.066
94,91,6,-2491.7461,7161.2642,-302.904
96,91,6,-2155.186,7709.1519,-325.742
98,91,6,-1724.87,8224.1279,-346.176
100,91,6,-1209.212,8682.96,-364.206
102,91,6,-610.616,9060.4795,-379.832
104,91,6,61.302,9345.0723,-391.852
106,91,6,780.098,9501.8877,-400.266
108,91,6,1536.156,9536.7363,-403.872
110,91,6,2303.032,9434.1279,-401.468
112,91,6,3053.0801,9194.0635,-394.256
114,91,6,3767.0681,8832.0322,-383.438
116,91,6,4420.9561,8349.9678,-364.206
118,91,6,5003.9263,7780.7842,-343.772
120,91,6,5503.958,7136.0962,-319.732
122,91,6,5915.042,6437.2002,-292.086
124,91,6,6244.3901,5707.3281,-262.036
126,91,6,6492.002,4977.4561,-230.784
128,91,6,6669.8979,4249.52,-199.532
130,91,6,6794.9062,3542.8799,-167.078
132,91,6,6875.4399,2855.6001,-135.826
134,91,6,6925.9243,2193.488,-104.574
136,91,6,6957.1763,1558.48,-73.322
138,91,6,6975.2061,938.96,-43.272
140,91,6,6987.2261,331.056,-13.222
142,91,6,7001.6499,-271.04,16.828
144,91,6,7010.064,-882.816,46.878
146,91,6,7012.4683,-1506.208,76.928
148,91,6,7006.458,-2148.96,106.978
150,91,6,6978.812,-2814.9441,137.028
152,91,6,6919.9141,-3508.032,168.28
154,91,6,6821.3501,-4232.0962,199.532
156,91,6,6665.0903,-4973.584,230.784
158,91,6,6440.3159,-5730.5601,260.834
160,91,6,6133.8062,-6485.6001,289.682
162,91,6,5735.9443,-7221.2798,317.328
164,91,6,5246.73,-7914.3682,341.368
166,91,6,4663.7603,-8535.8242,364.206
168,91,6,3999.054,-9066.2881,381.034
170,91,6,3264.6321,-9476.7197,394.256
172,91,6,2486.938,-9759.376,403.872
174,91,6,1685.204,-9904.5762,406.276
176,91,6,896.692,-9894.8955,403.872
178,91,6,132.22,-9745.8242,396.66
180,91,6,-578.162,-9467.04,383.438
182,91,6,-1211.616,-9083.7119,366.61
184,91,6,-1759.728,-8607.4561,349.782
186,91,6,-2210.478,-8073.1201,329.348
188,91,6,-2566.27,-7503.936,306.51
190,91,6,-2831.9121,-6915.3921,284.874
192,91,6,-3014.616,-6330.7197,262.036
194,91,6,-3125.2,-5763.4722,240.4
196,91,6,-3173.28,-5225.2642,218.764
198,91,6,-3169.6741,-4718.0317,199.532
200,91,6,-3127.604,-4251.4561,181.502
202,91,6,-3055.4841,-3823.6001,164.674
204,91,6,-2961.728,-3436.3999,147.846
206,91,6,-2853.5481,-3089.856,134.624
206,89,6,-2547.0381,-2991.1199,118.998
204,89,6,-2621.562,-3302.8159,131.018
202,89,6,-2680.46,-3651.2959,143.038
200,89,6,-2718.9241,-4028.8159,157.462
198,89,6,-2727.3381,-4437.312,171.886
196,89,6,-2699.6921,-4869.04,188.714
194,89,6,-2627.572,-5325.936,205.542
192,89,6,-2502.564,-5804.1279,222.37
190,89,6,-2316.2542,-6290.064,240.4
188,89,6,-2061.4299,-6770.1919,258.43
186,89,6,-1732.082,-7229.0239,275.258
184,89,6,-1330.614,-7654.9438,292.086
182,89,6,-854.622,-8026.6558,306.51
180,89,6,-312.52,-8326.7363,319.732
178,89,6,288.48,-8535.8242,329.348
176,89,6,931.55,-8642.3037,334.156
174,89,6,1597.458,-8638.4316,336.56
172,89,6,2271.78,-8514.5283,335.358
170,89,6,2930.4761,-8278.3359,329.348
168,89,6,3547.1021,-7935.6641,317.328
166,89,6,4121.6582,-7498.1279,304.106
164,89,6,4628.9019,-6983.1519,287.278
162,89,6,5071.2383,-6408.1602,266.844
160,89,6,5435.4443,-5790.5762,245.208
158,89,6,5728.7319,-5149.7598,222.37
156,89,6,5954.708,-4501.2002,197.128
154,89,6,6121.7861,-3858.448,173.088
152,89,6,6243.188,-3221.5039,146.644
150,89,6,6321.3184,-2603.9199,121.402
148,89,6,6371.8022,-2001.824,97.362
146,89,6,6398.2461,-1411.344,70.918
144,89,6,6410.2661,-840.224,45.676
142,89,6,6410.2661,-274.912,20.434
140,89,6,6398.2461,286.528,-4.808
138,89,6,6380.2163,851.84,-30.05
136,89,6,6348.9644,1421.024,-56.494
134,89,6,6303.2881,2003.76,-81.736
132,89,6,6237.1782,2601.9839,-108.18
130,89,6,6137.4121,3209.8879,-134.624
128,89,6,6002.7881,3833.28,-161.068
126,89,6,5816.478,4464.416,-186.31
124,89,6,5576.0781,5089.7441,-212.754
122,89,6,5271.9722,5705.3921,-236.794
120,89,6,4900.5542,6290.064,-259.632
118,89,6,4459.4199,6832.144,-281.268
116,89,6,3955.782,7304.5278,-298.096
114,89,6,3401.6602,7703.3437,-311.318
112,89,6,2793.448,8009.2319,-319.732
110,89,6,2164.802,8212.5117,-325.742
108,89,6,1519.328,8311.248,-329.348
106,89,6,882.268,8297.6963,-326.944
104,89,6,269.248,8187.3437,-322.136
102,89,6,-301.702,7974.3838,-312.52
100,89,6,-819.764,7682.0479,-302.904
98,89,6,-1274.12,7321.9521,-287.278
96,89,6,-1661.1641,6909.584,-271.652
94,89,6,-1974.886,6470.1118,-254.824
92,89,6,-2220.094,6007.4082,-235.592
90,89,6,-2400.394,5544.7041,-217.562
88,89,6,-2522.998,5089.7441,-199.532
86,89,6,-2593.916,4650.272,-182.704
84,89,6,-2622.7642,4232.0962,-165.876
82,89,6,-2616.7542,3844.896,-149.048
80,89,6,-2583.0981,3484.8,-134.624
80,89,8,-2595.1182,3494.48,81.736
82,89,8,-2628.7742,3854.5759,87.746
84,89,8,-2635.9861,4241.7759,94.958
86,89,8,-2608.3401,4659.9521,100.968
88,89,8,-2538.624,5103.2959,108.18
90,89,8,-2418.4241,5562.1279,115.392
92,89,8,-2240.5281,6028.7041,122.604
94,89,8,-1996.5221,6493.3437,129.816
96,89,8,-1684.0021,6938.624,135.826
98,89,8,-1298.16,7352.9277,141.836
100,89,8,-845.006,7714.96,146.644
102,89,8,-324.54,8015.04,150.25
104,89,8,248.814,8226.0635,152.654
106,89,8,859.43,8348.0322,152.654
108,89,8,1500.0961,8357.7119,150.25
110,89,8,2147.9741,8262.8477,147.846
112,89,8,2780.2261,8059.5679,141.836
114,89,8,3388.438,7749.8081,135.826
116,89,8,3948.5701,7354.8638,127.412
118,89,8,4455.814,6876.6719,118.998
120,89,8,4900.5542,6336.5278,108.18
122,89,8,5276.7803,5746.0479,97.362
124,89,8,5585.6943,5126.5278,87.746
126,89,8,5826.0942,4495.3921,75.726
128,89,8,6013.606,3862.3201,66.11
130,89,8,6150.6343,3235.0559,56.494
132,89,8,6249.1982,2621.344,45.676
134,89,8,6316.5103,2019.248,34.858
136,89,8,6362.186,1436.512,25.242
138,89,8,6393.438,863.456,15.626
140,89,8,6411.4683,298.144,4.808
142,89,8,6422.2861,-267.168,-4.808
144,89,8,6423.4883,-836.352,-14.424
146,89,8,6412.6699,-1411.344,-25.242
148,89,8,6385.0239,-2001.824,-36.06
150,89,8,6338.146,-2605.856,-48.08
152,89,8,6257.6123,-3225.376,-58.898
154,89,8,6138.6143,-3864.2559,-70.918
156,89,8,5972.7383,-4510.8799,-84.14
158,89,8,5747.9639,-5161.376,-96.16
160,89,8,5454.6763,-5806.064,-108.18
162,89,8,5092.874,-6425.584,-120.2
164,89,8,4654.144,-7006.3838,-131.018
166,89,8,4146.8999,-7521.3599,-143.038
168,89,8,3573.5461,-7960.832,-151.452
170,89,8,2948.5061,-8305.4404,-157.462
172,89,8,2292.2141,-8545.5039,-163.472
174,89,8,1615.488,-8669.4082,-167.078
176,89,8,945.974,-8673.2803,-169.482
178,89,8,300.5,-8564.8643,-170.684
180,89,8,-302.904,-8357.7119,-168.28
182,89,8,-848.612,-8055.6958,-164.674
184,89,8,-1328.2101,-7680.1118,-158.664
186,89,8,-1733.2841,-7254.1919,-151.452
188,89,8,-2062.6321,-6791.4878,-143.038
190,89,8,-2317.4561,-6307.4878,-135.826
192,89,8,-2504.968,-5821.5518,-126.21
194,89,8,-2631.178,-5341.4238,-117.796
196,89,8,-2702.0959,-4882.5918,-109.382
198,89,8,-2729.7419,-4446.9922,-100.968
200,89,8,-2720.126,-4036.5601,-92.554
202,89,8,-2681.6621,-3657.104,-86.544
204,89,8,-2621.562,-3308.624,-79.332
206,89,8,-2544.634,-2993.0559,-72.12
206,91,8,-2853.5481,-3087.9199,-75.726
204,91,8,-2962.9302,-3432.5281,-82.938
202,91,8,-3057.8879,-3817.792,-90.15
200,91,8,-3132.4121,-4245.6479,-98.564
198,91,8,-3176.886,-4712.2241,-108.18
196,91,8,-3181.6941,-5219.4561,-117.796
194,91,8,-3137.22,-5755.728,-127.412
192,91,8,-3030.2419,-6326.8481,-138.23
190,91,8,-2849.9421,-6911.52,-146.644
188,91,8,-2587.906,-7503.936,-156.26
186,91,8,-2233.3162,-8076.9922,-165.876
184,91,8,-1784.9701,-8615.2002,-171.886
182,91,8,-1241.666,-9091.4561,-179.098
180,91,8,-610.616,-9484.4639,-182.704
178,91,8,96.16,-9761.3115,-185.108
176,91,8,859.43,-9920.0635,-186.31
174,91,8,1650.3461,-9927.8076,-183.906
172,91,8,2455.686,-9794.2236,-180.3
170,91,8,3233.3801,-9517.376,-173.088
168,91,8,3969.0042,-9099.2002,-165.876
166,91,8,4637.3159,-8574.5439,-155.058
164,91,8,5223.8921,-7953.0879,-143.038
162,91,8,5720.3179,-7260.0,-132.22
160,91,8,6122.9883,-6520.4478,-117.796
158,91,8,6431.9023,-5763.4722,-104.574
156,91,8,6660.2822,-5000.688,-90.15
154,91,8,6816.542,-4257.2642,-75.726
152,91,8,6917.5103,-3533.2,-63.706
150,91,8,6975.2061,-2838.176,-51.686
148,91,8,7002.8521,-2170.2561,-39.666
146,91,8,7008.8623,-1523.632,-28.848
144,91,8,7007.6602,-902.176,-16.828
142,91,8,6998.0439,-290.4,-6.01
140,91,8,6986.0239,315.568,3.606
138,91,8,6974.0039,923.472,14.424
136,91,8,6954.772,1544.928,24.04
134,91,8,6927.126,2181.8721,34.858
132,91,8,6877.8442,2843.9839,45.676
130,91,8,6799.7144,3533.2,55.292
128,91,8,6679.5142,4239.8398,67.312
126,91,8,6502.8203,4969.7119,78.13
124,91,8,6258.814,5701.52,88.948
122,91,8,5933.0723,6431.3921,99.766
120,91,8,5524.3921,7128.3521,111.786
118,91,8,5027.9663,7782.7197,122.604
116,91,8,4446.1982,8353.8398,132.22
114,91,8,3793.512,8835.9043,141.836
112,91,8,3077.1201,9205.6797,151.452
110,91,8,2327.072,9445.7441,157.462
108,91,8,1560.196,9552.2236,162.27
106,91,8,800.532,9521.248,163.472
104,91,8,78.13,9362.4961,163.472
102,91,8,-596.192,9079.8398,159.866
100,91,8,-1195.99,8700.3838,157.462
98,91,8,-1715.254,8239.6162,153.856
96,91,8,-2146.772,7724.6401,147.846
94,91,8,-2484.5339,7176.752,141.836
92,91,8,-2738.156,6613.376,134.624
90,91,8,-2912.446,6050.0,126.21
88,91,8,-3015.8181,5507.9199,118.998
86,91,8,-3061.4941,4989.0718,110.584
84,91,8,-3061.4941,4507.0078,103.372
82,91,8,-3021.8281,4059.792,97.362
80,91,8,-2954.5161,3653.2319,90.15
80,93,8,-3363.196,3802.304,94.958
82,93,8,-3474.9822,4257.2642,102.17
84,93,8,-3560.324,4764.4961,110.584
86,93,8,-3604.7981,5320.1279,118.998
88,93,8,-3597.5862,5928.0317,127.412
90,93,8,-3524.2642,6574.6558,137.028
92,93,8,-3371.6101,7248.3838,146.644
94,93,8,-3121.594,7943.4077,156.26
96,93,8,-2764.6001,8624.8799,165.876
98,93,8,-2288.6082,9283.1201,173.088
100,93,8,-1698.426,9871.6641,180.3
102,93,8,-996.458,10369.2158,186.31
104,93,8,-206.744,10740.9277,189.916
106,93,8,653.888,10967.4395,191.118
108,93,8,1563.802,11025.5195,187.512
110,93,8,2486.938,10909.3604,183.906
112,93,8,3389.6401,10624.7676,176.694
114,93,8,4243.0601,10179.4883,165.876
116,93,8,5013.542,9590.9443,156.26
118,93,8,5690.2681,8888.1758,143.038
120,93,8,6256.4102,8100.2241,129.816
122,93,8,6707.1602,7258.064,116.594
124,93,8,7047.3262,6390.7358,103.372
126,93,8,7291.332,5527.2798,90.15
128,93,8,7449.9961,4681.248,76.928
130,93,8,7543.752,3872.0,64.908
132,93,8,7591.832,3103.408,51.686
134,93,8,7611.064,2371.6001,40.868
136,93,8,7614.6699,1680.448,30.05
138,93,8,7617.0742,1012.528,19.232
140,93,8,7621.8823,358.16,7.212
142,93,8,7633.9023,-286.528,-3.606
144,93,8,7656.7402,-940.896,-14.424
146,93,8,7677.1743,-1610.752,-26.444
148,93,8,7700.0122,-2313.52,-39.666
150,93,8,7708.4263,-3047.2639,-51.686
152,93,8,7687.9922,-3829.408,-66.11
154,93,8,7620.6802,-4656.0801,-80.534
156,93,8,7489.6621,-5519.5361,-96.16
158,93,8,7275.7061,-6412.0317,-112.988
160,93,8,6959.5801,-7320.0161,-128.614
162,93,8,6528.062,-8212.5117,-145.442
164,93,8,5976.3442,-9058.5439,-162.27
166,93,8,5306.8301,-9817.4561,-177.896
168,93,8,4519.52,-10467.9521,-191.118
170,93,8,3645.666,-10979.0557,-203.138
172,93,8,2706.9041,-11321.7275,-210.35
174,93,8,1740.496,-11476.6084,-216.36
176,93,8,787.31,-11451.4395,-217.562
178,93,8,-128.614,-11236.5439,-218.764
180,93,8,-971.216,-10862.8955,-216.36
182,93,8,-1716.4561,-10355.6641,-209.148
184,93,8,-2346.304,-9740.0156,-199.532
186,93,8,-2848.74,-9064.3516,-191.118
188,93,8,-3229.7742,-8342.2236,-177.896
190,93,8,-3496.6182,-7614.2881,-165.876
192,93,8,-3663.696,-6903.7759,-152.654
194,93,8,-3740.624,-6224.2397,-140.634
196,93,8,-3747.8362,-5587.2959,-128.614
198,93,8,-3700.958,-5000.688,-116.594
200,93,8,-3609.606,-4466.3521,-105.776
202,93,8,-3490.6082,-3982.3521,-96.16
204,93,8,-3351.176,-3552.5601,-86.544
206,93,8,-3200.926,-3175.04,-79.332
206,95,8,-3573.5461,-3231.1841,-81.736
204,95,8,-3770.6741,-3639.6799,-90.15
202,95,8,-3966.6001,-4110.1279,-99.766
200,95,8,-4144.4961,-4648.3359,-110.584
198,95,8,-4298.3521,-5254.3042,-123.806
196,95,8,-4408.936,-5928.0317,-135.826
194,95,8,-4460.6221,-6671.4561,-151.452
192,95,8,-4434.1782,-7484.5762,-165.876
190,95,8,-4304.3623,-8349.9678,-181.502
188,95,8,-4049.5381,-9250.208,-197.128
186,95,8,-3649.272,-10156.2559,-211.552
184,95,8,-3096.3521,-11021.6475,-223.572
182,95,8,-2375.1521,-11815.4082,-234.39
180,95,8,-1500.0961,-12491.0723,-240.4
178,95,8,-496.426,-12996.3682,-244.006
176,95,8,609.414,-13292.5762,-245.208
174,95,8,1764.536,-13358.4004,-242.804
172,95,8,2946.1021,-13191.9043,-237.996
170,95,8,4086.8,-12777.5996,-225.976
168,95,8,5144.5601,-12150.3359,-215.158
166,95,8,6079.7163,-11343.0244,-198.33
164,95,8,6867.0264,-10400.1924,-180.3
162,95,8,7493.2681,-9364.4316,-161.068
160,95,8,7963.25,-8270.5918,-141.836
158,95,8,8280.5781,-7176.752,-122.604
156,95,8,8466.8877,-6110.0161,-104.574
154,95,8,8553.4326,-5105.2319,-87.746
152,95,8,8569.0586,-4158.5278,-70.918
150,95,8,8531.7959,-3281.52,-56.494
148,95,8,8472.8984,-2468.3999,-42.07
146,95,8,8412.7979,-1711.424,-28.848
144,95,8,8357.5059,-998.976,-16.828
142,95,8,8322.6484,-307.824,-6.01
140,95,8,8309.4258,377.52,6.01
138,95,8,8319.042,1066.736,16.828
136,95,8,8345.4863,1779.184,27.646
134,95,8,8381.5459,2526.48,39.666
132,95,8,8407.9902,3329.9199,51.686
130,95,8,8411.5957,4193.376,63.706
128,95,8,8367.1221,5116.8481,76.928
126,95,8,8249.3262,6104.208,90.15
124,95,8,8034.168,7126.416,104.574
122,95,8,7695.2041,8173.792,118.998
120,95,8,7210.7983,9205.6797,134.624
118,95,8,6574.9399,10189.168,150.25
116,95,8,5791.2363,11066.1758,163.472
114,95,8,4874.1099,11799.9199,177.896
112,95,8,3846.4001,12359.4238,188.714
110,95,8,2746.5701,12707.9043,197.128
108,95,8,1620.296,12835.6797,203.138
106,95,8,508.446,12740.8164,206.744
104,95,8,-531.284,12438.7998,205.542
102,95,8,-1484.47,11939.3115,203.138
100,95,8,-2313.8501,11294.624,195.926
98,95,8,-2994.1821,10531.8398,189.916
96,95,8,-3524.2642,9701.2959,181.502
94,95,8,-3901.6921,8847.5195,170.684
92,95,8,-4145.6982,7993.7441,159.866
90,95,8,-4271.9082,7170.9438,149.048
88,95,8,-4300.7559,6400.416,138.23
86,95,8,-4256.2822,5684.0962,128.614
84,95,8,-4156.5161,5047.1519,118.998
82,95,8,-4014.6802,4466.3521,110.584
80,95,8,-3847.6021,3955.248,102.17
80,97,8,-4353.644,4055.9199,105.776
82,97,8,-4590.438,4621.2319,115.392
84,97,8,-4809.2021,5267.856,125.008
86,97,8,-4991.9062,6003.5361,137.028
88,97,8,-5115.7119,6832.144,147.846
90,97,8,-5157.7822,7749.8081,161.068
92,97,8,-5091.6719,8739.1035,173.088
94,97,8,-4883.7261,9798.0957,187.512
96,97,8,-4507.5,10870.6396,199.532
98,97,8,-3932.9441,11941.248,213.956
100,97,8,-3160.0581,12926.6719,224.774
102,97,8,-2185.2361,13786.2559,234.39
104,97,8,-1039.73,14459.9844,240.4
106,97,8,229.582,14885.9043,242.804
108,97,8,1590.246,15044.6563,239.198
110,97,8,2980.96,14903.3281,231.986
112,97,8,4329.604,14479.3438,221.168
114,97,8,5588.0981,13774.6396,206.744
116,97,8,6692.7363,12851.168,191.118
118,97,8,7618.2764,11739.9043,173.088
120,97,8,8341.8799,10518.2881,153.856
122,97,8,8859.9424,9242.4639,135.826
124,97,8,9192.8965,7968.5762,117.796
126,97,8,9370.792,6748.896,102.17
128,97,8,9424.8818,5596.9761,86.544
130,97,8,9397.2363,4536.0479,72.12
132,97,8,9317.9043,3569.9839,58.898
134,97,8,9222.9463,2689.104,45.676
136,97,8,9137.6045,1889.536,34.858
138,97,8,9072.6963,1136.432,21.636
140,97,8,9047.4541,418.176,10.818
142,97,8,9064.2822,-290.4,-1.202
144,97,8,9120.7764,-1014.464,-12.02
146,97,8,9215.7344,-1767.568,-26.444
148,97,8,9335.9346,-2574.8799,-38.464
150,97,8,9464.5479,-3461.5679,-54.09
152,97,8,9583.5459,-4443.1201,-70.918
154,97,8,9653.2617,-5521.4722,-90.15
156,97,8,9644.8486,-6698.5601,-109.382
158,97,8,9512.6279,-7968.5762,-131.018
160,97,8,9220.542,-9304.416,-153.856
162,97,8,8736.1357,-10655.7441,-177.896
164,97,8,8035.3701,-11960.6084,-203.138
166,97,8,7120.6479,-13157.0557,-225.976
168,97,8,6002.7881,-14190.8799,-247.612
170,97,8,4722.6582,-14980.7676,-265.642
172,97,8,3318.7222,-15501.5518,-280.066
174,97,8,1860.696,-15710.6396,-287.278
176,97,8,430.316,-15602.2236,-292.086
178,97,8,-932.752,-15195.6641,-292.086
180,97,8,-2158.792,-14529.6797,-287.278
182,97,8,-3209.3401,-13644.9277,-277.662
184,97,8,-4045.9321,-12605.2959,-263.238
186,97,8,-4664.9619,-11490.1602,-245.208
188,97,8,-5078.4502,-10340.1758,-227.178
190,97,8,-5306.8301,-9217.2959,-206.744
192,97,8,-5378.9502,-8154.4321,-186.31
194,97,8,-5334.4761,-7180.624,-167.078
196,97,8,-5202.2559,-6305.5518,-149.048
198,97,8,-5007.5322,-5523.4082,-132.22
200,97,8,-4773.1421,-4840.0,-117.796
202,97,8,-4517.1162,-4239.8398,-103.372
204,97,8,-4255.0801,-3720.9919,-92.554
206,97,8,-3996.6501,-3275.7119,-82.938
206,99,8,-4420.9561,-3266.032,-85.342
204,99,8,-4746.6982,-3736.48,-96.16
202,99,8,-5091.6719,-4294.0479,-109.382
200,99,8,-5441.4541,-4944.5439,-123.806
198,99,8,-5780.418,-5703.4561,-139.432
196,99,8,-6091.7363,-6588.208,-155.058
194,99,8,-6341.752,-7602.6719,-176.694
192,99,8,-6504.022,-8758.4639,-199.532
190,99,8,-6529.2642,-10045.9043,-224.774
188,99,8,-6369.3979,-11437.8877,-248.814
186,99,8,-5972.7383,-12897.6318,-274.056
184,99,8,-5310.436,-14345.7598,-295.692
182,99,8,-4350.0381,-15714.5117,-313.722
180,99,8,-3101.1602,-16899.3437,-326.944
178,99,8,-1608.276,-17807.3281,-334.156
176,99,8,79.332,-18382.3203,-334.156
174,99,8,1860.696,-18562.3672,-330.55
172,99,8,3679.322,-18324.2402,-320.934
170,99,8,5422.2222,-17681.4883,-302.904
168,99,8,7008.8623,-16678.6406,-278.864
166,99,8,8371.9297,-15362.1602,-251.218
164,99,8,9457.3359,-13840.4639,-222.37
162,99,8,10245.8486,-12181.3115,-195.926
160,99,8,10745.8799,-10491.1836,-167.078
158,99,8,10989.8857,-8861.0723,-141.836
156,99,8,11023.542,-7327.7598,-116.594
154,99,8,10921.3721,-5943.52,-96.16
152,99,8,10721.8398,-4706.416,-75.726
150,99,8,10487.4502,-3624.1919,-60.1
148,99,8,10253.0605,-2663.936,-43.272
146,99,8,10051.124,-1810.16,-28.848
144,99,8,9902.0762,-1031.8879,-16.828
142,99,8,9817.9365,-296.208,-4.808
140,99,8,9802.3105,422.048,6.01
138,99,8,9851.5918,1153.856,16.828
136,99,8,9965.7822,1932.1279,28.848
134,99,8,10126.8506,2776.2239,40.868
132,99,8,10319.1699,3728.7361,52.888
130,99,8,10511.4902,4797.4082,66.11
128,99,8,10656.9326,6001.6001,81.736
126,99,8,10715.8301,7349.0562,97.362
124,99,8,10631.6904,8820.416,115.392
122,99,8,10354.0283,10398.2559,135.826
120,99,8,9827.5518,11997.3916,157.462
118,99,8,9025.8184,13555.8721,179.098
116,99,8,7939.21,14982.7041,200.734
114,99,8,6598.98,16181.0879,222.37
112,99,8,5050.8042,17089.0723,239.198
110,99,8,3364.3979,17642.7676,253.622
108,99,8,1625.104,17801.5195,263.238
106,99,8,-81.736,17584.6875,265.642
104,99,8,-1663.568,16994.207,264.44
102,99,8,-3069.908,16095.9043,257.228
100,99,8,-4233.4438,14955.5996,248.814
98,99,8,-5132.54,13662.3516,235.592
96,99,8,-5757.5801,12287.792,223.572
94,99,8,-6130.2002,10922.9121,210.35
92,99,8,-6282.854,9614.1758,194.724
90,99,8,-6269.6323,8404.1758,179.098
88,99,8,-6122.9883,7312.272,165.876
86,99,8,-5892.2041,6346.208,152.654
84,99,8,-5608.5322,5507.9199,140.634
82,99,8,-5292.4062,4776.1118,129.816
80,99,8,-4965.4619,4150.7842,118.998
80,101,8,-5560.4521,4158.5278,121.402
82,101,8,-5994.374,4830.3198,133.422
84,101,8,-6428.2959,5624.0801,145.442
86,101,8,-6852.6021,6564.9761,159.866
88,101,8,-7233.6362,7666.5601,175.492
90,101,8,-7536.54,8946.2559,192.32
92,101,8,-7694.002,10398.2559,210.35
94,101,8,-7656.7402,12022.5596,228.38
96,101,8,-7350.23,13745.5996,248.814
98,101,8,-6709.564,15524.7842,266.844
100,101,8,-5708.2983,17236.207,283.672
102,101,8,-4321.1899,18769.5195,298.096
104,101,8,-2591.512,19996.9434,304.106
106,101,8,-620.232,20779.0879,308.914
108,101,8,1525.338,21050.127,304.106
110,101,8,3721.3921,20914.6074,294.49
112,101,8,5838.1143,20283.4727,278.864
114,101,8,7779.3442,19123.8086,256.026
116,101,8,9421.2764,17575.0078,228.38
118,101,8,10719.4365,15726.1279,199.532
120,101,8,11617.3301,13726.2402,171.886
122,101,8,12135.3926,11697.3115,146.644
124,101,8,12332.5205,9753.5684,123.806
126,101,8,12277.2285,7974.3838,103.372
128,101,8,12056.0605,6394.6079,85.342
130,101,8,11745.9443,5023.9199,69.716
132,101,8,11402.1719,3844.896,55.292
134,101,8,11080.0361,2830.4319,43.272
136,101,8,10822.8086,1955.36,32.454
138,101,8,10638.9023,1171.28,20.434
140,101,8,10552.3584,447.216,9.616
142,101,8,10567.9844,-259.424,0.0
144,101,8,10688.1846,-985.424,-12.02
146,101,8,10906.9482,-1767.568,-24.04
148,101,8,11212.2559,-2648.448,-37.262
150,101,8,11580.0684,-3659.04,-52.888
152,101,8,11976.7285,-4841.936,-70.918
154,101,8,12352.9541,-6239.728,-90.15
156,101,8,12605.374,-7852.416,-115.392
158,101,8,12712.3525,-9681.9355,-144.24
160,101,8,12610.1826,-11710.8643,-176.694
162,101,8,12195.4922,-13840.4639,-211.552
164,101,8,11339.668,-15973.9355,-250.016
166,101,8,10077.5684,-17948.6562,-288.48
168,101,8,8410.3945,-19663.9512,-322.136
170,101,8,6434.3062,-20912.6719,-349.782
172,101,8,4244.2622,-21410.2246,-373.822
174,101,8,1942.432,-21596.0801,-390.65
176,101,8,-316.126,-21460.5605,-401.468
178,101,8,-2431.646,-21011.4082,-402.67
180,101,8,-4289.938,-19869.168,-396.66
182,101,8,-5816.478,-18281.6484,-377.428
184,101,8,-6937.9443,-16475.3594,-350.984
186,101,8,-7649.5283,-14589.6963,-320.934
188,101,8,-8000.5122,-12717.584,-287.278
190,101,8,-8050.9961,-10979.0557,-253.622
192,101,8,-7875.5039,-9407.0244,-222.37
194,101,8,-7553.3682,-8034.3999,-192.32
196,101,8,-7138.6782,-6859.248,-165.876
198,101,8,-6683.1201,-5862.208,-144.24
200,101,8,-6211.936,-5023.9199,-123.806
202,101,8,-5750.3682,-4317.2798,-106.978
204,101,8,-5309.2339,-3724.864,-92.554
206,101,8,-4896.9482,-3229.248,-79.332
206,103,8,-5353.708,-3128.5759,-81.736
204,103,8,-5846.5283,-3626.1279,-94.958
202,103,8,-6393.438,-4235.9678,-111.786
200,103,8,-6989.6304,-4975.52,-129.816
198,103,8,-7619.478,-5877.6958,-152.654
196,103,8,-8267.3564,-6969.6001,-180.3
194,103,8,-8903.2139,-8291.8877,-210.35
192,103,8,-9474.1641,-9887.1523,-248.814
190,103,8,-9887.6523,-11768.9443,-288.48
188,103,8,-10045.1143,-13935.3281,-332.954
186,103,8,-9828.7539,-16320.4795,-377.428
184,103,8,-9126.7861,-18802.4316,-417.094
182,103,8,-7858.6763,-21094.6562,-451.952
180,103,8,-6016.0103,-22159.4551,-473.588
178,103,8,-3681.7261,-22258.1914,-478.396
176,103,8,-994.054,-22271.7441,-477.194
174,103,8,1870.312,-22279.4883,-465.174
172,103,8,4810.4043,-22275.6152,-441.134
170,103,8,7608.6602,-22260.127,-408.68
168,103,8,10118.4365,-22165.2637,-365.408
166,103,8,12179.8662,-21052.0645,-323.338
164,103,8,13380.6641,-18558.4961,-272.854
162,103,8,13704.002,-15790.0156,-224.774
160,103,8,13803.7686,-13060.2559,-181.502
158,103,8,13790.5459,-10533.7764,-143.038
156,103,8,13689.5781,-8315.1201,-112.988
154,103,8,13523.7021,-6444.9438,-87.746
152,103,8,13157.0918,-4882.5918,-67.312
150,103,8,12688.3125,-3606.7681,-49.282
148,103,8,12197.8965,-2557.4561,-36.06
146,103,8,11755.5605,-1680.448,-21.636
144,103,8,11450.252,-927.344,-10.818
142,103,8,11286.7803,-240.064,0.0
140,103,8,11266.3467,423.984,9.616
138,103,8,11393.7578,1115.136,19.232
136,103,8,11653.3906,1874.048,30.05
134,103,8,12040.4346,2747.1841,39.666
132,103,8,12509.2139,3794.5601,51.686
130,103,8,12941.9346,5060.7041,64.908
128,103,8,13345.8066,6592.0801,81.736
126,103,8,13564.5703,8431.2803,99.766
124,103,8,13652.3164,10576.3682,123.806
122,103,8,13648.71,13004.1123,149.048
120,103,8,13518.8945,15606.0957,177.896
118,103,8,12890.248,18227.4395,210.35
116,103,8,11491.1201,20641.6328,244.006
114,103,8,9459.7402,21903.9043,277.662
112,103,8,7002.8521,22233.0234,310.116
110,103,8,4289.938,22262.0645,330.55
108,103,8,1480.864,22265.9355,343.772
106,103,8,-1270.514,22252.3848,344.974
104,103,8,-3774.28,22202.0488,341.368
102,103,8,-5933.0723,21590.2715,330.55
100,103,8,-7613.4683,20049.2168,317.328
98,103,8,-8767.3877,17766.6719,296.894
96,103,8,-9406.8525,15433.792,275.258
94,103,8,-9612.3945,13232.5596,250.016
92,103,8,-9468.1543,11228.7998,227.178
90,103,8,-9093.1299,9474.7842,205.542
88,103,8,-8583.4824,7982.1279,186.31
86,103,8,-7998.1079,6723.728,169.482
84,103,8,-7395.9062,5686.0317,153.856
82,103,8,-6802.1182,4820.6401,140.634
80,103,8,-6233.5723,4108.1919,127.412
80,105,8,-6893.4702,3964.928,129.816
82,105,8,-7597.8423,4692.8638,143.038
84,105,8,-8368.3242,5593.104,157.462
86,105,8,-9194.0986,6704.3682,175.492
88,105,8,-10040.3066,8086.6719,194.724
90,105,8,-10862.4746,9788.416,217.562
92,105,8,-11559.6338,11846.3838,242.804
94,105,8,-12023.6064,14301.2314,270.45
96,105,8,-12063.2725,17098.752,300.5
98,105,8,-11528.3818,20151.8242,332.954
100,105,8,-10279.5039,22114.9277,363.004
102,105,8,-8250.5283,22271.7441,387.044
104,105,8,-5538.8159,22306.5918,402.67
106,105,8,-2310.2441,22331.7598,414.69
108,105,8,1226.04,22335.6328,409.882
110,105,8,4864.4941,22329.8242,391.852
112,105,8,8376.7383,22324.0156,361.802
114,105,8,11531.9883,22298.8477,319.732
116,105,8,13554.9541,22244.6406,272.854
118,105,8,13850.6465,21114.0156,230.784
120,105,8,13868.6758,17799.584,191.118
122,105,8,13875.8887,14432.8799,155.058
124,105,8,13867.4746,11377.8721,125.008
126,105,8,13856.6563,8777.8242,100.968
128,105,8,13842.2324,6652.0962,80.534
130,105,8,13693.1846,4956.1602,64.908
132,105,8,13415.5225,3620.3201,52.888
134,105,8,12911.8838,2572.9441,43.272
136,105,8,12476.7598,1734.656,32.454
138,105,8,12116.1602,1035.76,24.04
140,105,8,11933.4561,418.176,15.626
142,105,8,11945.4766,-168.432,7.212
144,105,8,12155.8262,-776.336,-2.404
146,105,8,12533.2539,-1459.744,-12.02
148,105,8,13003.2363,-2288.3521,-21.636
150,105,8,13500.8643,-3318.304,-33.656
152,105,8,13771.3145,-4646.3999,-45.676
154,105,8,13849.4443,-6338.4639,-67.312
156,105,8,13863.8682,-8462.2559,-90.15
158,105,8,13878.292,-11112.6396,-121.402
160,105,8,13880.6963,-14262.5117,-164.674
162,105,8,13878.292,-17780.2246,-218.764
164,105,8,13869.8779,-21210.8164,-282.47
166,105,8,13821.7979,-22252.3848,-352.186
168,105,8,12559.6982,-22296.9121,-420.7
170,105,8,9373.1963,-22322.0801,-483.204
172,105,8,5703.4902,-22327.8887,-530.082
174,105,8,1919.594,-22329.8242,-563.738
176,105,8,-1770.546,-22337.5684,-592.586
178,105,8,-5239.5181,-22308.5273,-599.798
180,105,8,-8238.5078,-22293.0391,-588.98
182,105,8,-10523.5098,-22250.4473,-561.334
184,105,8,-11988.748,-21280.5117,-514.456
186,105,8,-12595.7578,-18266.1602,-456.76
188,105,8,-12589.748,-15199.5361,-395.458
190,105,8,-12142.6045,-12518.1758,-336.56
192,105,8,-11384.1426,-10270.4795,-282.47
194,105,8,-10488.6523,-8439.0244,-234.39
196,105,8,-9571.5264,-6975.4082,-194.724
198,105,8,-8678.4404,-5796.3838,-162.27
200,105,8,-7845.4541,-4849.6802,-134.624
202,105,8,-7093.002,-4088.832,-114.19
204,105,8,-6417.478,-3469.312,-98.564
206,105,8,-5820.084,-2965.9519,-84.14
206,107,8,-6260.0161,-2745.248,-84.14
204,107,8,-6947.5601,-3221.5039,-100.968
202,107,8,-7746.8901,-3819.728,-120.2
200,107,8,-8664.0166,-4567.0239,-141.836
198,107,8,-9709.7559,-5513.728,-171.886
196,107,8,-10881.7061,-6723.728,-209.148
194,107,8,-12157.0283,-8274.4639,-254.824
192,107,8,-13255.6563,-10293.7119,-308.914
190,107,8,-13755.6885,-12882.1436,-382.236
188,107,8,-13848.2422,-16150.1123,-463.972
186,107,8,-13857.8584,-20080.1914,-550.516
184,107,8,-13849.4443,-22234.959,-632.252
182,107,8,-13627.0742,-22310.4648,-699.564
180,107,8,-11535.5938,-22337.5684,-735.624
178,107,8,-7647.124,-22331.7598,-742.836
176,107,8,-3091.5439,-22358.8633,-719.998
174,107,8,1732.082,-22353.0566,-682.736
172,107,8,6642.252,-22353.0566,-627.444
170,107,8,11345.6777,-22339.5039,-560.132
168,107,8,13842.2324,-22329.8242,-474.79
166,107,8,13890.3125,-22312.4004,-373.822
164,107,8,13902.332,-22248.5117,-272.854
162,107,8,13908.3418,-20029.8555,-188.714
160,107,8,13904.7363,-15414.4316,-126.21
158,107,8,13904.7363,-11464.9922,-82.938
156,107,8,13892.7158,-8328.6719,-55.292
154,107,8,13880.6963,-5939.6479,-33.656
152,107,8,13862.666,-4154.6558,-19.232
150,107,8,13821.7979,-2851.728,-8.414
148,107,8,13566.9746,-1895.344,0.0
146,107,8,13135.4561,-1171.28,9.616
144,107,8,12738.7959,-605.968,16.828
142,107,8,12523.6387,-118.096,24.04
140,107,8,12508.0127,344.608,30.05
138,107,8,12688.3125,838.288,36.06
136,107,8,13053.7207,1424.896,42.07
134,107,8,13502.0664,2164.448,50.484
132,107,8,13771.3145,3153.7439,57.696
130,107,8,13855.4541,4481.8398,66.11
128,107,8,13871.0801,6276.5122,78.13
126,107,8,13886.7061,8671.3438,93.756
124,107,8,13898.7266,11751.5195,117.796
122,107,8,13902.332,15582.8643,149.048
120,107,8,13902.332,19983.3926,191.118
118,107,8,13898.7266,22248.5117,240.4
116,107,8,13879.4941,22312.4004,300.5
114,107,8,13677.5586,22349.1836,364.206
112,107,8,10447.7842,22351.1191,419.498
110,107,8,5798.4482,22353.0566,451.952
108,107,8,1062.568,22362.7363,477.194
106,107,8,-3566.334,22353.0566,478.396
104,107,8,-7763.7183,22343.375,468.78
102,107,8,-11315.6279,22339.5039,447.144
100,107,8,-13447.9766,22296.9121,418.296
98,107,8,-13825.4043,21991.0234,375.024
96,107,8,-13837.4238,18885.6797,335.358
94,107,8,-13803.7686,15307.9521,295.692
92,107,8,-13556.1563,12316.832,260.834
90,107,8,-12844.5723,9914.2559,230.784
88,107,8,-11742.3379,8018.9121,204.34
86,107,8,-10549.9541,6524.3198,185.108
84,107,8,-9465.75,5370.4639,168.28
82,107,8,-8475.3018,4450.8638,151.452
80,107,8,-7595.438,3719.0559,137.028
80,109,8,-8238.5078,3380.2561,137.028
82,109,8,-9271.0264,4061.728,150.25
84,109,8,-10483.8438,4940.6719,169.482
86,109,8,-11867.3467,6079.04,187.512
88,109,8,-13209.9805,7585.248,211.552
90,109,8,-13823.0,9579.3281,237.996
92,109,8,-13865.0703,12247.1357,274.056
94,109,8,-13878.292,15776.4639,317.328
96,109,8,-13886.7061,20271.8555,369.014
98,109,8,-13891.5146,22271.7441,426.71
100,109,8,-13883.1006,22331.7598,485.608
102,109,8,-13844.6367,22351.1191,538.496
104,109,8,-11138.9346,22362.7363,581.768
106,109,8,-5517.1802,22378.2246,605.808
108,109,8,561.334,22378.2246,608.212
110,109,8,6757.644,22376.2871,576.96
112,109,8,12703.9385,22368.543,512.052
114,109,8,13885.5039,22374.3516,441.134
116,109,8,13910.7461,22347.248,353.388
118,109,8,13920.3623,22308.5273,272.854
120,109,8,13923.9678,21754.832,201.936
122,109,8,13919.1602,16562.4805,147.846
124,109,8,13911.9482,11728.2881,110.584
126,109,8,13903.5342,8104.0962,87.746
128,109,8,13889.1104,5494.3682,73.322
130,109,8,13879.4941,3682.272,62.504
132,109,8,13857.8584,2447.104,55.292
134,109,8,13743.668,1599.136,49.282
136,109,8,13461.1982,1016.4,45.676
138,109,8,13042.9023,598.224,43.272
140,109,8,12814.5225,274.912,39.666
142,109,8,12816.9258,-13.552,34.858
144,109,8,13059.7305,-323.312,32.454
146,109,8,13476.8242,-712.448,31.252
148,109,8,13761.6982,-1250.656,27.646
150,109,8,13857.8584,-2032.8,22.838
152,109,8,13881.8984,-3190.5281,18.03
154,109,8,13896.3223,-4917.4399,14.424
156,109,8,13907.1406,-7438.1118,8.414
158,109,8,13916.7559,-11027.4561,-7.212
160,109,8,13919.1602,-15884.8799,-45.676
162,109,8,13917.958,-21528.3203,-117.796
164,109,8,13919.1602,-22306.5918,-230.784
166,109,8,13915.5547,-22349.1836,-372.62
168,109,8,13892.7158,-22364.6719,-525.274
170,109,8,13613.8525,-22372.416,-656.292
172,109,8,8117.106,-22370.4805,-762.068
174,109,8,1732.082,-22351.1191,-848.612
176,109,8,-4539.9541,-22366.6074,-918.328
178,109,8,-10598.0342,-22360.8008,-960.398
180,109,8,-13847.04,-22351.1191,-962.802
182,109,8,-13891.5146,-22343.375,-913.52
184,109,8,-13902.332,-22289.168,-819.764
186,109,8,-13899.9287,-21408.2871,-694.756
188,109,8,-13890.3125,-16759.9512,-566.142
190,109,8,-13883.1006,-12864.7197,-450.75
192,109,8,-13849.4443,-9968.4639,-355.792
194,109,8,-13528.5098,-7829.1841,-280.066
196,109,8,-12316.8945,-6251.3437,-218.764
198,109,8,-10824.0098,-5064.5762,-174.29
200,109,8,-9536.668,-4164.3359,-137.028
202,109,8,-8432.0303,-3457.696,-109.382
204,109,8,-7492.0659,-2904.0,-91.352
206,109,8,-6692.7363,-2464.5281,-74.524
206,111,8,-7056.9419,-2123.792,-72.12
204,111,8,-7930.7964,-2503.248,-90.15
202,111,8,-8981.3438,-2983.376,-111.786
200,111,8,-10239.8379,-3595.1521,-139.432
198,111,8,-11743.54,-4388.9121,-174.29
196,111,8,-13296.5244,-5449.8398,-225.976
194,111,8,-13849.4443,-6894.0962,-292.086
192,111,8,-13883.1006,-8946.2559,-382.236
190,111,8,-13897.5244,-11921.8877,-508.446
188,111,8,-13915.5547,-16268.208,-665.908
186,111,8,-13914.3525,-21780.0,-864.238
184,111,8,-13916.7559,-22316.2715,-1067.376
182,111,8,-13914.3525,-22354.9922,-1223.636
180,111,8,-13904.7363,-22376.2871,-1286.14
178,111,8,-13780.9307,-22370.4805,-1252.484
176,111,8,-6757.644,-22368.543,-1164.738
174,111,8,1461.6321,-22368.543,-1051.75
172,111,8,9533.0625,-22374.3516,-926.742
170,111,8,13877.0898,-22372.416,-772.886
168,111,8,13916.7559,-22362.7363,-581.768
166,111,8,13923.9678,-22354.9922,-348.58
164,111,8,13925.1699,-22333.6953,-127.412
162,111,8,13927.5742,-22198.1758,22.838
160,111,8,13928.7764,-15489.9355,90.15
158,111,8,13920.3623,-9602.5596,99.766
156,111,8,13920.3623,-5717.0078,87.746
154,111,8,13904.7363,-3293.136,69.716
152,111,8,13891.5146,-1815.968,56.494
150,111,8,13872.2822,-938.96,48.08
148,111,8,13836.2227,-433.664,44.474
146,111,8,13591.0146,-151.008,43.272
144,111,8,13240.0303,-3.872,43.272
142,111,8,12953.9541,79.376,43.272
140,111,8,12946.7422,145.2,44.474
138,111,8,13207.5762,245.872,45.676
136,111,8,13568.1758,431.728,48.08
134,111,8,13835.0205,768.592,48.08
132,111,8,13869.8779,1357.136,45.676
130,111,8,13893.918,2336.752,46.878
128,111,8,13905.9385,3943.6321,49.282
126,111,8,13914.3525,6512.7041,62.504
124,111,8,13919.1602,10493.1201,81.736
122,111,8,13928.7764,16390.1758,117.796
120,111,8,13925.1699,22225.2793,182.704
118,111,8,13929.9785,22351.1191,280.066
116,111,8,13923.9678,22372.416,406.276
114,111,8,13907.1406,22380.1602,539.698
112,111,8,13862.666,22382.0957,662.302
110,111,8,8310.6279,22391.7754,747.644
108,111,8,268.046,22384.0312,784.906
106,111,8,-7720.4463,22387.9043,784.906
104,111,8,-13835.0205,22395.6484,746.442
102,111,8,-13898.7266,22370.4805,679.13
100,111,8,-13911.9482,22356.9277,594.99
98,111,8,-13911.9482,22304.6562,498.83
96,111,8,-13909.5439,21061.7441,413.488
94,111,8,-13908.3418,15611.9043,342.57
92,111,8,-13895.1201,11606.3203,289.682
90,111,8,-13872.2822,8799.1201,248.814
88,111,8,-13829.0098,6824.3999,216.36
86,111,8,-13064.5381,5389.8237,189.916
84,111,8,-11551.2197,4344.3838,168.28
82,111,8,-10104.0117,3548.688,151.452
80,111,8,-8887.5879,2940.7839,134.624
80,113,8,-9390.0244,2396.7681,135.826
82,113,8,-10727.8506,2884.6399,149.048
84,113,8,-12351.752,3517.7119,163.472
86,113,8,-13622.2666,4356.0,185.108
88,113,8,-13861.4639,5531.1519,213.956
90,113,8,-13890.3125,7215.4722,245.208
92,113,8,-13904.7363,9769.0557,287.278
94,113,8,-13915.5547,13805.6162,354.59
96,113,8,-13920.3623,20250.5605,448.346
98,113,8,-13923.9678,22325.9512,585.374
100,113,8,-13922.7666,22380.1602,758.462
102,113,8,-13916.7559,22387.9043,931.55
104,113,8,-13898.7266,22391.7754,1069.78
106,113,8,-10843.2422,22385.9687,1152.718
108,113,8,-389.448,22397.584,1182.7681
110,113,8,9714.5645,22395.6484,1116.6581
112,113,8,13897.5244,22391.7754,977.226
114,113,8,13916.7559,22380.1602,763.27
116,113,8,13931.1807,22387.9043,536.092
118,113,8,13929.9785,22366.6074,324.54
120,113,8,13934.7861,22267.8711,171.886
122,113,8,13932.3818,14504.5117,93.756
124,113,8,13925.1699,7589.1201,55.292
126,113,8,13921.5645,3691.9519,48.08
128,113,8,13905.9385,1562.3521,44.474
130,113,8,13893.918,449.152,46.878
132,113,8,13874.6865,-79.376,45.676
134,113,8,13844.6367,-276.848,46.878
136,113,8,13604.2363,-282.656,49.282
138,113,8,13205.1719,-172.304,48.08
140,113,8,12908.2783,1.936,50.484
142,113,8,12904.6719,201.344,51.686
144,113,8,13207.5762,396.88,54.09
146,113,8,13604.2363,553.696,57.696
148,113,8,13843.4346,623.392,64.908
150,113,8,13873.4844,534.336,75.726
152,113,8,13892.7158,174.24,98.564
154,113,8,13910.7461,-700.832,135.826
156,113,8,13919.1602,-2478.0801,189.916
158,113,8,13929.9785,-5945.4561,265.642
160,113,8,13928.7764,-12423.3115,335.358
162,113,8,13934.7861,-22142.0312,334.156
164,113,8,13934.7861,-22349.1836,137.028
166,113,8,13932.3818,-22370.4805,-237.996
168,113,8,13923.9678,-22370.4805,-633.454
170,113,8,13901.1299,-22370.4805,-931.55
172,113,8,11673.8242,-22380.1602,-1151.516
174,113,8,1720.062,-22376.2871,-1334.22
176,113,8,-8514.9678,-22385.9687,-1518.126
178,113,8,-13889.1104,-22380.1602,-1703.234
180,113,8,-13914.3525,-22372.416,-1810.212
182,113,8,-13917.958,-22358.8633,-1741.698
184,113,8,-13917.958,-22331.7598,-1465.238
186,113,8,-13917.958,-21272.7676,-1102.234
188,113,8,-13910.7461,-14260.5762,-792.118
190,113,8,-13907.1406,-9898.7676,-564.94
192,113,8,-13886.7061,-7240.6401,-409.882
194,113,8,-13868.6758,-5525.3437,-302.904
196,113,8,-13740.0625,-4359.8721,-229.582
198,113,8,-12613.7881,-3513.8401,-182.704
200,113,8,-10946.6143,-2888.512,-141.836
202,113,8,-9537.8701,-2404.512,-111.786
204,113,8,-8374.334,-2023.12,-87.746
206,113,8,-7403.1182,-1719.168,-70.918
206,115,8,-7635.104,-1287.4399,-66.11
204,115,8,-8639.9766,-1500.4,-81.736
202,115,8,-9860.0059,-1761.76,-105.776
200,115,8,-11361.3047,-2077.3279,-133.422
198,115,8,-13023.6699,-2472.272,-174.29
196,115,8,-13831.4141,-2983.376,-229.582
194,115,8,-13883.1006,-3676.4639,-302.904
192,115,8,-13899.9287,-4681.248,-415.892
190,115,8,-13913.1504,-6309.4238,-592.586
188,115,8,-13916.7559,-9333.4561,-877.46
186,115,8,-13921.5645,-15863.584,-1337.826
184,115,8,-13932.3818,-22316.2715,-2014.552
182,115,8,-13928.7764,-22368.543,-2557.856
180,115,8,-13923.9678,-22380.1602,-2621.562
178,115,8,-13909.5439,-22391.7754,-2271.78
176,115,8,-10065.5479,-22387.9043,-1906.3721
174,115,8,2065.0361,-22387.9043,-1628.7101
172,115,8,12974.3887,-22385.9687,-1408.744
170,115,8,13910.7461,-22378.2246,-1079.396
168,115,8,13926.3721,-22382.0957,-655.09
166,115,8,13935.9883,-22376.2871,-25.242
164,115,8,13945.6045,-22364.6719,554.122
162,115,8,13941.998,-18678.5273,816.158
160,115,8,13935.9883,-5101.3599,716.392
158,115,8,13926.3721,228.448,477.194
156,115,8,13923.9678,2123.792,307.712
154,115,8,13913.1504,2652.3201,210.35
152,115,8,13896.3223,2592.304,150.25
150,115,8,13874.6865,2270.928,112.988
148,115,8,13835.0205,1839.2,92.554
146,115,8,13521.2979,1355.2,80.534
144,115,8,12969.5801,855.712,72.12
142,115,8,12639.0303,352.352,68.514
140,115,8,12637.8281,-149.072,64.908
138,115,8,12953.9541,-635.008,61.302
136,115,8,13512.8838,-1091.9041,60.1
134,115,8,13839.8281,-1502.3359,55.292
132,115,8,13879.4941,-1821.776,49.282
130,115,8,13895.1201,-1974.72,40.868
128,115,8,13915.5547,-1769.504,34.858
126,115,8,13921.5645,-811.184,22.838
124,115,8,13926.3721,1784.9919,13.222
122,115,8,13937.1904,8200.8955,24.04
120,115,8,13940.7959,21826.4648,109.382
118,115,8,13944.4023,22372.416,325.742
116,115,8,13937.1904,22395.6484,712.786
114,115,8,13927.5742,22395.6484,1135.89
112,115,8,13913.1504,22399.5195,1519.328
110,115,8,11742.3379,22399.5195,1789.7781
108,115,8,-344.974,22405.3281,1901.5641
106,115,8,-12967.1758,22395.6484,1854.686
104,115,8,-13909.5439,22399.5195,1659.962
102,115,8,-13920.3623,22391.7754,1372.6841
100,115,8,-13926.3721,22378.2246,1009.68
98,115,8,-13926.3721,22314.3359,680.332
96,115,8,-13921.5645,16192.7041,472.386
94,115,8,-13913.1504,9916.1924,352.186
92,115,8,-13907.1406,6754.7041,290.884
90,115,8,-13902.332,4973.584,250.016
88,115,8,-13875.8887,3879.7439,221.168
86,115,8,-13826.6064,3115.0239,194.724
84,115,8,-12923.9043,2561.3279,175.492
82,115,8,-11279.5684,2129.6001,157.462
80,115,8,-9820.3398,1788.864,143.038
80,117,8,-10071.5586,1130.624,143.038
82,117,8,-11546.4121,1299.056,156.26
84,117,8,-13152.2842,1482.976,173.088
86,117,8,-13839.8281,1684.3199,189.916
88,117,8,-13878.292,1903.088,209.148
90,117,8,-13898.7266,2145.0879,235.592
92,117,8,-13911.9482,2481.9519,268.046
94,117,8,-13914.3525,3200.208,318.53
96,117,8,-13919.1602,5589.2319,417.094
98,117,8,-13938.3926,16033.9521,436.326
100,117,8,-13938.3926,22370.4805,729.614
102,117,8,-13929.9785,22403.3926,2051.814
104,117,8,-13915.5547,22413.0723,2940.092
106,117,8,-13612.6504,22420.8164,3441.3262
108,117,8,-163.472,22407.2637,3644.4641
110,117,8,12771.25,22413.0723,3331.9441
112,117,8,13921.5645,22409.1992,2775.418
114,117,8,13927.5742,22407.2637,1861.8981
116,117,8,13937.1904,22401.4551,889.48
118,117,8,13946.8066,22382.0957,292.086
120,117,8,13944.4023,6967.6641,21.636
122,117,8,13940.7959,-6135.1841,-73.322
124,117,8,13931.1807,-7583.312,-15.626
126,117,8,13926.3721,-6903.7759,19.232
128,117,8,13914.3525,-5869.9521,40.868
130,117,8,13896.3223,-4793.5361,51.686
132,117,8,13868.6758,-3786.8159,61.302
134,117,8,13743.668,-2849.792,66.11
136,117,8,13154.6885,-1978.592,69.716
138,117,8,12465.9424,-1144.176,75.726
140,117,8,12050.0498,-334.928,80.534
142,117,8,12044.04,472.384,85.342
144,117,8,12441.9023,1302.928,91.352
146,117,8,13111.416,2168.3201,102.17
148,117,8,13722.0322,3105.344,117.796
150,117,8,13868.6758,4135.2959,141.836
152,117,8,13896.3223,5287.2158,183.906
154,117,8,13914.3525,6605.6318,262.036
156,117,8,13927.5742,8088.6079,393.054
158,117,8,13925.1699,9610.3037,643.07
160,117,8,13937.1904,10313.0723,1137.092
162,117,8,13946.8066,3540.9441,1277.7261
164,117,8,13950.4121,-22378.2246,1026.5081
166,117,8,13951.6143,-22403.3926,161.068
168,117,8,13937.1904,-22409.1992,-242.804
170,117,8,13921.5645,-22399.5195,-1194.788
172,117,8,13576.5898,-22401.4551,-1706.8401
174,117,8,4460.6221,-22399.5195,-1760.9301
176,117,8,-7863.4844,-22401.4551,-2172.0142
178,117,8,-13909.5439,-22403.3926,-3045.8682
180,117,8,-13928.7764,-22409.1992,-3773.0781
182,117,8,-13939.5947,-22385.9687,-2167.2061
184,117,8,-13938.3926,-12376.8477,-1633.5181
186,117,8,-13928.7764,-2704.592,-1432.7841
188,117,8,-13923.9678,-1668.832,-876.258
190,117,8,-13911.9482,-1624.304,-578.162
192,117,8,-13904.7363,-1630.1119,-397.862
194,117,8,-13881.8984,-1579.776,-275.258
196,117,8,-13847.04,-1473.296,-199.532
198,117,8,-13255.6563,-1333.9041,-151.452
200,117,8,-11608.916,-1188.704,-111.786
202,117,8,-10063.1445,-1057.056,-93.756
204,117,8,-8795.0342,-929.28,-75.726
206,117,8,-7754.1021,-815.056,-63.706
206,117,10,-7695.2041,-803.44,-539.698
204,117,10,-8707.2881,-917.664,-635.858
202,117,10,-9945.3486,-1043.504,-756.058
200,117,10,-11451.4541,-1175.152,-908.712
198,117,10,-13101.7998,-1310.672,-1096.224
196,117,10,-13836.2227,-1438.448,-1331.816
194,117,10,-13879.4941,-1537.184,-1637.124
192,117,10,-13898.7266,-1593.328,-2021.764
190,117,10,-13910.7461,-1570.0959,-2545.8359
188,117,10,-13916.7559,-1589.4559,-3261.0261
186,117,10,-13927.5742,-2429.6799,-4285.1299
184,117,10,-13934.7861,-10599.5996,-3831.9761
182,117,10,-13934.7861,-22380.1602,-4340.4219
180,117,10,-13927.5742,-22403.3926,-9025.8184
178,117,10,-13909.5439,-22403.3926,-7877.9082
176,117,10,-9027.0205,-22397.584,-6952.3682
174,117,10,3776.6841,-22397.584,-5983.5562
172,117,10,13184.7383,-22403.3926,-5491.938
170,117,10,13915.5547,-22399.5195,-4691.4062
168,117,10,13929.9785,-22403.3926,-4335.6143
166,117,10,13940.7959,-22403.3926,-1972.4821
164,117,10,13952.8164,-22384.0312,-109.382
162,117,10,13948.0078,1899.2159,-164.674
160,117,10,13940.7959,9970.4004,-998.862
158,117,10,13931.1807,9519.3115,-1080.598
156,117,10,13916.7559,8044.0801,-957.994
154,117,10,13910.7461,6588.208,-778.896
152,117,10,13898.7266,5285.2798,-602.202
150,117,10,13866.2725,4131.4238,-442.336
148,117,10,13714.8203,3103.408,-307.712
146,117,10,13087.376,2170.2561,-188.714
144,117,10,12397.4287,1306.8,-84.14
142,117,10,11979.1318,478.192,12.02
140,117,10,11968.3145,-329.12,105.776
138,117,10,12368.5801,-1142.24,204.34
136,117,10,13056.124,-1976.656,316.126
134,117,10,13699.1943,-2847.856,445.942
132,117,10,13867.4746,-3792.624,603.404
130,117,10,13896.3223,-4801.2798,798.128
128,117,10,13913.1504,-5868.0161,1040.932
126,117,10,13922.7666,-6896.0317,1340.23
124,117,10,13923.9678,-7542.6558,1693.618
122,117,10,13938.3926,-6075.168,2081.864
120,117,10,13949.21,6692.752,1549.3781
118,117,10,13950.4121,22391.7754,1871.514
116,117,10,13946.8066,22405.3281,3804.3301
114,117,10,13928.7764,22411.1367,6286.46
112,117,10,13917.958,22405.3281,7380.2803
110,117,10,12826.542,22409.1992,8023.3501
108,117,10,193.522,22415.0078,8049.7939
106,117,10,-13172.7178,22409.1992,7657.9424
104,117,10,-13913.1504,22420.8164,7270.8979
102,117,10,-13932.3818,22409.1992,6552.1021
100,117,10,-13939.5947,22387.9043,3011.01
98,117,10,-13934.7861,16016.5283,2898.022
96,117,10,-13929.9785,5461.4561,3412.478
94,117,10,-13914.3525,3099.5359,2813.8821
92,117,10,-13908.3418,2402.5759,2335.4861
90,117,10,-13903.5342,2098.624,1946.0381
88,117,10,-13875.8887,1864.368,1627.5081
86,117,10,-13841.0303,1655.28,1361.866
84,117,10,-13115.0225,1461.6799,1146.708
82,117,10,-11475.4941,1277.76,967.61
80,117,10,-9977.8018,1113.2,823.37
80,115,10,-9726.584,1759.824,802.936
82,115,10,-11136.5303,2092.8159,943.57
84,115,10,-12782.0684,2509.0559,1116.6581
86,115,10,-13804.9707,3053.072,1325.806
88,115,10,-13871.0801,3794.5601,1586.64
90,115,10,-13892.7158,4882.5918,1906.3721
92,115,10,-13903.5342,6601.7598,2298.2241
94,115,10,-13915.5547,9699.3604,2777.822
96,115,10,-13923.9678,15832.6084,3363.196
98,115,10,-13925.1699,22300.7832,4084.396
100,115,10,-13929.9785,22380.1602,4902.958
102,115,10,-13922.7666,22391.7754,5651.8042
104,115,10,-13910.7461,22395.6484,6178.2803
106,115,10,-13032.084,22393.7109,6528.062
108,115,10,-506.042,22389.8398,6717.978
110,115,10,11275.9619,22399.5195,6642.252
112,115,10,13909.5439,22407.2637,6238.3799
114,115,10,13926.3721,22389.8398,5525.5942
116,115,10,13937.1904,22397.584,4636.1143
118,115,10,13944.4023,22376.2871,3170.876
120,115,10,13944.4023,21886.4805,2721.3281
122,115,10,13934.7861,8075.0562,2295.8201
124,115,10,13931.1807,1645.6,1827.04
126,115,10,13922.7666,-906.048,1438.7941
128,115,10,13917.958,-1829.52,1119.062
130,115,10,13901.1299,-2013.4399,858.228
132,115,10,13877.0898,-1856.624,647.878
134,115,10,13835.0205,-1525.568,475.992
136,115,10,13502.0664,-1109.328,336.56
138,115,10,12908.2783,-652.432,216.36
140,115,10,12580.1318,-168.432,105.776
142,115,10,12583.7383,331.056,2.404
144,115,10,12903.4707,836.352,-103.372
146,115,10,13478.0264,1339.712,-217.562
148,115,10,13830.2119,1829.52,-347.378
150,115,10,13875.8887,2272.864,-497.628
152,115,10,13897.5244,2601.9839,-676.726
154,115,10,13913.1504,2689.104,-881.066
156,115,10,13921.5645,2193.488,-1109.446
158,115,10,13929.9785,331.056,-1343.8361
160,115,10,13937.1904,-5049.0879,-1540.964
162,115,10,13941.998,-18951.5039,-1462.834
164,115,10,13944.4023,-22368.543,-1738.092
166,115,10,13941.998,-22382.0957,-3556.718
168,115,10,13928.7764,-22384.0312,-4662.5581
170,115,10,13917.958,-22385.9687,-5371.7383
172,115,10,12869.8145,-22387.9043,-5848.9321
174,115,10,1977.29,-22385.9687,-6258.814
176,115,10,-10108.8203,-22393.7109,-6654.272
178,115,10,-13907.1406,-22393.7109,-6975.2061
180,115,10,-13921.5645,-22374.3516,-7093.002
182,115,10,-13931.1807,-22370.4805,-6487.1943
184,115,10,-13928.7764,-22314.3359,-5454.6763
186,115,10,-13922.7666,-15548.0156,-4223.8281
188,115,10,-13916.7559,-9130.1758,-3275.45
190,115,10,-13913.1504,-6173.9038,-2572.28
192,115,10,-13896.3223,-4582.5122,-2050.6121
194,115,10,-13874.6865,-3595.1521,-1650.3461
196,115,10,-13835.0205,-2917.552,-1340.23
198,115,10,-12963.5703,-2418.064,-1098.6281
200,115,10,-11306.0117,-2030.864,-907.51
202,115,10,-9823.9463,-1721.104,-756.058
204,115,10,-8599.1084,-1471.36,-637.06
206,115,10,-7595.438,-1264.208,-540.9
206,113,10,-7355.0381,-1694.0,-531.284
204,113,10,-8282.9824,-1994.08,-625.04
202,113,10,-9410.458,-2367.728,-740.432
200,113,10,-10781.9404,-2842.0481,-885.874
198,113,10,-12452.7207,-3449.9519,-1067.376
196,113,10,-13678.7598,-4266.9438,-1299.3621
194,113,10,-13868.6758,-5391.7598,-1592.65
192,113,10,-13895.1201,-7047.04,-1965.27
190,113,10,-13905.9385,-9612.2402,-2444.8682
188,113,10,-13911.9482,-13805.6162,-3056.686
186,113,10,-13922.7666,-20821.6797,-3804.3301
184,113,10,-13925.1699,-22337.5684,-4634.9121
182,113,10,-13922.7666,-22376.2871,-5387.3643
180,113,10,-13916.7559,-22374.3516,-5850.1343
178,113,10,-13890.3125,-22376.2871,-6017.2119
176,113,10,-9049.8584,-22378.2246,-5991.9702
174,113,10,1239.262,-22385.9687,-5826.0942
172,113,10,11064.4102,-22385.9687,-5556.8462
170,113,10,13902.332,-22384.0312,-5172.2061
168,113,10,13923.9678,-22378.2246,-4595.2461
166,113,10,13929.9785,-22364.6719,-3834.3801
164,113,10,13939.5947,-22358.8633,-3026.636
162,113,10,13937.1904,-22217.5352,-2375.1521
160,113,10,13927.5742,-12781.4717,-1905.17
158,113,10,13926.3721,-6156.48,-1550.5801
156,113,10,13920.3623,-2592.304,-1246.474
154,113,10,13915.5547,-753.104,-980.832
152,113,10,13898.7266,143.264,-754.856
150,113,10,13879.4941,520.784,-560.132
148,113,10,13843.4346,613.712,-397.862
146,113,10,13580.1963,544.016,-258.43
144,113,10,13146.2744,389.136,-137.028
142,113,10,12831.3506,191.664,-21.636
140,113,10,12827.7441,-11.616,88.948
138,113,10,13112.6182,-187.792,204.34
136,113,10,13562.166,-303.952,330.55
134,113,10,13837.4238,-303.952,473.588
132,113,10,13871.0801,-118.096,645.474
130,113,10,13898.7266,398.816,854.622
128,113,10,13910.7461,1479.104,1113.052
126,113,10,13923.9678,3571.9199,1435.188
124,113,10,13932.3818,7407.1357,1822.2321
122,113,10,13933.584,14217.9844,2297.022
120,113,10,13938.3926,22258.1914,2861.9622
118,113,10,13933.584,22362.7363,3512.2441
116,113,10,13931.1807,22384.0312,4204.5962
114,113,10,13922.7666,22389.8398,4832.04
112,113,10,13897.5244,22393.7109,5328.4663
110,113,10,9857.6025,22393.7109,5639.7842
108,113,10,-149.048,22401.4551,5734.7422
106,113,10,-10362.4424,22399.5195,5615.7441
104,113,10,-13896.3223,22382.0957,5342.8901
102,113,10,-13915.5547,22391.7754,4911.3721
100,113,10,-13920.3623,22364.6719,4365.6641
98,113,10,-13913.1504,22302.7207,3755.0481
96,113,10,-13914.3525,20163.4395,3163.6641
94,113,10,-13910.7461,13735.9199,2640.7939
92,113,10,-13901.1299,9699.3604,2192.448
90,113,10,-13887.9082,7159.3281,1823.4341
88,113,10,-13863.8682,5486.624,1522.9341
86,113,10,-13597.0244,4323.0879,1277.7261
84,113,10,-12282.0361,3488.6719,1080.598
82,113,10,-10659.3359,2857.5359,917.126
80,113,10,-9321.5098,2371.6001,784.906
80,111,10,-8816.6699,2904.0,754.856
82,111,10,-9979.0039,3496.416,875.056
84,111,10,-11387.748,4268.8799,1022.902
86,111,10,-12925.1064,5296.896,1204.4041
88,111,10,-13809.7783,6688.8799,1426.774
90,111,10,-13869.8779,8624.8799,1697.224
92,111,10,-13895.1201,11372.0635,2019.36
94,111,10,-13905.9385,15315.6963,2405.2021
96,111,10,-13909.5439,20767.4727,2840.3262
98,111,10,-13905.9385,22298.8477,3313.9141
100,111,10,-13910.7461,22368.543,3789.906
102,111,10,-13899.9287,22374.3516,4221.4243
104,111,10,-13835.0205,22395.6484,4562.792
106,111,10,-7873.1001,22389.8398,4787.5659
108,111,10,121.402,22389.8398,4880.1201
110,111,10,7994.502,22389.8398,4809.2021
112,111,10,13844.6367,22387.9043,4586.832
114,111,10,13909.5439,22378.2246,4211.8081
116,111,10,13919.1602,22362.7363,3735.8162
118,111,10,13925.1699,22349.1836,3203.3301
120,111,10,13922.7666,22219.4727,2675.6521
122,111,10,13922.7666,16335.9678,2192.448
124,111,10,13921.5645,10417.6162,1765.738
126,111,10,13919.1602,6454.624,1403.936
128,111,10,13901.1299,3902.9761,1101.032
130,111,10,13887.9082,2309.6479,852.218
132,111,10,13867.4746,1339.712,649.08
134,111,10,13820.5967,758.912,480.8
136,111,10,13541.7324,425.92,337.762
138,111,10,13128.2441,242.0,210.35
140,111,10,12863.8047,145.2,92.554
142,111,10,12865.0059,81.312,-19.232
144,111,10,13139.0625,1.936,-137.028
146,111,10,13548.9443,-141.328,-262.036
148,111,10,13825.4043,-414.304,-405.074
150,111,10,13868.6758,-909.92,-572.152
152,111,10,13892.7158,-1771.4399,-768.078
154,111,10,13905.9385,-3227.312,-1000.064
156,111,10,13913.1504,-5616.3359,-1275.322
158,111,10,13925.1699,-9482.5283,-1608.276
160,111,10,13923.9678,-15346.6719,-2002.532
162,111,10,13926.3721,-22176.8789,-2476.1201
164,111,10,13927.5742,-22333.6953,-3037.4541
166,111,10,13921.5645,-22362.7363,-3637.252
168,111,10,13916.7559,-22370.4805,-4192.5762
170,111,10,13872.2822,-22362.7363,-4638.5181
172,111,10,9531.8604,-22372.416,-4945.0283
174,111,10,1489.2781,-22372.416,-5128.9341
176,111,10,-6566.5259,-22378.2246,-5190.2363
178,111,10,-13717.2246,-22378.2246,-5124.126
180,111,10,-13898.7266,-22366.6074,-4904.1602
182,111,10,-13911.9482,-22362.7363,-4499.0859
184,111,10,-13919.1602,-22331.7598,-3954.5801
186,111,10,-13914.3525,-21590.2715,-3349.9741
188,111,10,-13910.7461,-16028.1436,-2776.6201
190,111,10,-13897.5244,-11755.3916,-2276.5881
192,111,10,-13883.1006,-8824.2881,-1859.494
194,111,10,-13848.2422,-6806.9761,-1525.338
196,111,10,-13226.8086,-5382.0801,-1258.494
198,111,10,-11673.8242,-4334.7041,-1044.538
200,111,10,-10186.9502,-3550.624,-871.45
202,111,10,-8944.082,-2946.592,-733.22
204,111,10,-7897.1401,-2470.3359,-620.232
206,111,10,-7016.0742,-2094.752,-527.678
206,109,10,-6643.4541,-2429.6799,-510.85
204,109,10,-7412.7344,-2859.4719,-593.788
202,109,10,-8333.4658,-3403.488,-694.756
200,109,10,-9405.6504,-4094.6399,-820.966
198,109,10,-10658.1338,-4975.52,-976.024
196,109,10,-12114.958,-6131.312,-1167.142
194,109,10,-13439.5625,-7664.624,-1401.532
192,109,10,-13844.6367,-9747.7598,-1687.608
190,109,10,-13871.0801,-12564.6396,-2031.38
188,109,10,-13889.1104,-16351.4561,-2426.8381
186,109,10,-13896.3223,-21119.8242,-2869.1741
184,109,10,-13895.1201,-22287.2324,-3319.9241
182,109,10,-13890.3125,-22339.5039,-3734.614
180,109,10,-13849.4443,-22354.9922,-4066.366
178,109,10,-10777.1318,-22358.8633,-4282.7261
176,109,10,-4799.5859,-22370.4805,-4378.8862
174,109,10,1485.672,-22368.543,-4368.0679
172,109,10,7761.314,-22362.7363,-4252.6763
170,109,10,13441.9658,-22364.6719,-4019.488
168,109,10,13893.918,-22353.0566,-3687.7361
166,109,10,13916.7559,-22345.3125,-3270.6421
164,109,10,13920.3623,-22308.5273,-2813.8821
162,109,10,13920.3623,-21516.7031,-2359.5261
160,109,10,13920.3623,-15896.4961,-1942.432
158,109,10,13916.7559,-11044.8799,-1579.428
156,109,10,13913.1504,-7449.728,-1263.302
154,109,10,13898.7266,-4930.9922,-998.862
152,109,10,13878.292,-3198.272,-776.492
150,109,10,13857.8584,-2042.48,-588.98
148,109,10,13737.6582,-1262.272,-427.912
146,109,10,13427.542,-727.936,-289.682
144,109,10,12970.7822,-340.736,-164.674
142,109,10,12723.1699,-36.784,-48.08
140,109,10,12712.3525,247.808,63.706
138,109,10,12931.1162,565.312,180.3
136,109,10,13366.2402,975.744,302.904
134,109,10,13695.5879,1548.8,442.336
132,109,10,13853.0498,2375.4719,604.606
130,109,10,13872.2822,3583.5359,793.32
128,109,10,13893.918,5354.9761,1019.296
126,109,10,13904.7363,7912.4321,1288.5441
124,109,10,13916.7559,11468.8643,1602.266
122,109,10,13916.7559,16214.0,1961.6641
120,109,10,13923.9678,21508.959,2359.5261
118,109,10,13917.958,22308.5273,2774.2161
116,109,10,13908.3418,22354.9922,3178.0881
114,109,10,13880.6963,22378.2246,3536.2842
112,109,10,12718.3623,22368.543,3818.7542
110,109,10,6857.4102,22376.2871,3997.8521
108,109,10,713.988,22380.1602,4054.3462
106,109,10,-5277.9819,22380.1602,3995.448
104,109,10,-10839.6357,22368.543,3831.9761
102,109,10,-13835.0205,22353.0566,3577.1521
100,109,10,-13885.5039,22337.5684,3251.4102
98,109,10,-13895.1201,22275.6152,2882.396
96,109,10,-13892.7158,20095.6797,2510.978
94,109,10,-13886.7061,15635.1357,2159.9941
92,109,10,-13867.4746,12129.04,1840.2621
90,109,10,-13810.9805,9484.4639,1565.004
88,109,10,-13117.4258,7502.0,1330.614
86,109,10,-11759.166,6011.2798,1133.486
84,109,10,-10386.4824,4880.6558,970.014
82,109,10,-9191.6943,4009.4561,832.986
80,109,10,-8165.186,3329.9199,716.392
80,107,10,-7511.2983,3664.8479,676.726
82,107,10,-8352.6982,4373.4238,775.29
84,107,10,-9315.5,5269.792,895.49
86,107,10,-10382.876,6404.2881,1037.326
88,107,10,-11553.624,7864.0317,1212.818
90,107,10,-12682.3018,9720.6563,1408.744
92,107,10,-13484.0361,12076.7676,1637.124
94,107,10,-13749.6787,15011.7441,1895.5541
96,107,10,-13839.8281,18527.5195,2172.0142
98,107,10,-13798.96,21785.8086,2461.696
100,107,10,-13368.6445,22294.9766,2741.762
102,107,10,-11238.7002,22327.8887,2990.5762
104,107,10,-7767.3242,22354.9922,3196.1182
106,107,10,-3624.03,22360.8008,3322.3281
108,107,10,954.388,22362.7363,3371.6101
110,107,10,5628.9663,22360.8008,3325.9341
112,107,10,10140.0723,22351.1191,3187.7041
114,107,10,13583.8027,22345.3125,2980.96
116,107,10,13879.4941,22314.3359,2717.7222
118,107,10,13897.5244,22248.5117,2411.2122
120,107,10,13903.5342,19816.8965,2084.2681
122,107,10,13904.7363,15449.2803,1764.536
124,107,10,13901.1299,11654.7197,1467.642
126,107,10,13891.5146,8591.9678,1202.0
128,107,10,13878.292,6218.4321,970.014
130,107,10,13853.0498,4441.1841,768.078
132,107,10,13736.4561,3124.7041,596.192
134,107,10,13438.3604,2147.0239,447.144
136,107,10,12925.1064,1417.152,317.328
138,107,10,12546.4766,836.352,195.926
140,107,10,12332.5205,346.544,81.736
142,107,10,12345.7422,-108.416,-27.646
144,107,10,12575.3242,-584.672,-140.634
146,107,10,12977.9941,-1140.304,-260.834
148,107,10,13481.6318,-1850.816,-394.256
150,107,10,13782.1318,-2793.6479,-546.91
152,107,10,13857.8584,-4071.408,-722.402
154,107,10,13881.8984,-5831.2319,-929.146
156,107,10,13899.9287,-8181.5361,-1168.344
158,107,10,13904.7363,-11281.0723,-1447.208
160,107,10,13910.7461,-15176.3037,-1764.536
162,107,10,13913.1504,-19729.7754,-2108.3081
164,107,10,13898.7266,-22246.5762,-2466.5042
166,107,10,13889.1104,-22314.3359,-2816.2861
168,107,10,13842.2324,-22345.3125,-3128.8062
170,107,10,11281.9727,-22358.8633,-3372.812
172,107,10,6635.04,-22364.6719,-3542.2939
174,107,10,1775.354,-22354.9922,-3626.4341
176,107,10,-2972.5461,-22353.0566,-3627.636
178,107,10,-7436.7739,-22343.375,-3537.4861
180,107,10,-11284.376,-22337.5684,-3364.3979
182,107,10,-13551.3486,-22310.4648,-3107.1702
184,107,10,-13844.6367,-22231.0879,-2797.054
186,107,10,-13854.252,-19762.6875,-2455.686
188,107,10,-13845.8379,-15902.3037,-2116.7219
190,107,10,-13699.1943,-12696.2881,-1800.5961
192,107,10,-13133.0518,-10150.4482,-1519.328
194,107,10,-12026.0098,-8164.1118,-1276.524
196,107,10,-10769.9199,-6632.7358,-1074.588
198,107,10,-9617.2021,-5444.0317,-907.51
200,107,10,-8587.0879,-4514.752,-766.876
202,107,10,-7680.7803,-3777.136,-652.686
204,107,10,-6885.0562,-3186.656,-557.728
206,107,10,-6192.7041,-2714.272,-482.002
206,105,10,-5751.5703,-2927.2319,-457.962
204,105,10,-6328.5303,-3415.104,-528.88
202,105,10,-6987.2261,-4019.136,-613.02
200,105,10,-7722.8501,-4766.4321,-713.988
198,105,10,-8531.7959,-5687.9678,-834.188
196,105,10,-9408.0537,-6841.8237,-976.024
194,105,10,-10309.5537,-8268.6563,-1140.698
192,105,10,-11189.418,-10047.8398,-1335.422
190,105,10,-11949.082,-12245.2002,-1561.3981
188,105,10,-12426.2764,-14880.0957,-1809.01
186,105,10,-12455.124,-17888.6406,-2065.0361
184,105,10,-11857.7305,-21019.1523,-2319.8601
182,105,10,-10454.9961,-22240.7676,-2554.25
180,105,10,-8228.8926,-22293.0391,-2753.782
178,105,10,-5296.0122,-22320.1445,-2894.416
176,105,10,-1867.9081,-22316.2715,-2972.5461
174,105,10,1774.152,-22331.7598,-2986.97
172,105,10,5497.9482,-22322.0801,-2931.678
170,105,10,9066.6865,-22314.3359,-2807.8721
168,105,10,12235.1582,-22294.9766,-2627.572
166,105,10,13764.1025,-22244.6406,-2395.5859
164,105,10,13865.0703,-21117.8887,-2135.9541
162,105,10,13875.8887,-17648.5762,-1857.0901
160,105,10,13883.1006,-14157.9678,-1581.832
158,105,10,13879.4941,-11048.752,-1325.806
156,105,10,13865.0703,-8421.5996,-1090.214
154,105,10,13847.04,-6301.6802,-884.672
152,105,10,13740.0625,-4625.104,-701.968
150,105,10,13467.208,-3314.4319,-543.304
148,105,10,12938.3281,-2290.2881,-403.872
146,105,10,12470.75,-1475.2319,-278.864
144,105,10,12080.1006,-797.632,-165.876
142,105,10,11866.1445,-197.472,-58.898
140,105,10,11849.3164,381.392,45.676
138,105,10,12023.6064,989.296,150.25
136,105,10,12378.1963,1674.64,262.036
134,105,10,12818.1279,2497.4399,383.438
132,105,10,13331.3818,3527.3921,518.062
130,105,10,13651.1143,4838.064,670.716
128,105,10,13838.626,6510.7681,846.208
126,105,10,13856.6563,8599.7119,1044.538
124,105,10,13866.2725,11147.4883,1264.504
122,105,10,13874.6865,14154.0957,1503.702
120,105,10,13872.2822,17487.8887,1754.92
118,105,10,13851.8486,20848.7832,2007.3401
116,105,10,13544.1367,22219.4727,2246.5381
114,105,10,11547.6143,22283.3594,2452.0801
112,105,10,8433.2324,22310.4648,2610.7441
110,105,10,4931.8062,22314.3359,2710.51
108,105,10,1305.3721,22324.0156,2750.176
106,105,10,-2192.448,22318.207,2718.9241
104,105,10,-5368.1323,22298.8477,2628.7742
102,105,10,-8070.228,22265.9355,2489.342
100,105,10,-10096.7998,22012.3203,2301.8301
98,105,10,-11357.6982,19960.1602,2092.6821
96,105,10,-11905.8105,16936.127,1871.514
94,105,10,-11878.1641,14171.5195,1655.1541
92,105,10,-11444.2422,11739.9043,1450.8141
90,105,10,-10761.5059,9691.6162,1264.504
88,105,10,-9954.9639,8005.3599,1098.6281
86,105,10,-9119.5742,6636.6079,954.388
84,105,10,-8305.8203,5536.96,829.38
82,105,10,-7541.3481,4642.5278,723.604
80,105,10,-6839.3799,3920.3999,632.252
80,103,10,-6175.876,4057.856,587.778
82,103,10,-6717.978,4756.752,664.706
84,103,10,-7299.7461,5602.7842,754.856
86,103,10,-7887.5239,6619.1841,859.43
88,103,10,-8462.0801,7854.3521,980.832
90,103,10,-8972.9297,9325.7119,1117.86
92,103,10,-9347.9541,11050.6875,1269.312
94,103,10,-9492.1943,13025.4082,1431.582
96,103,10,-9305.8838,15203.4082,1599.8621
98,103,10,-8689.2578,17493.6953,1769.344
100,103,10,-7562.9844,19754.9434,1930.412
102,103,10,-5913.8403,21414.0957,2071.0461
104,103,10,-3777.886,22171.0723,2182.832
106,103,10,-1302.968,22244.6406,2252.5481
108,103,10,1408.744,22264.0,2271.78
110,103,10,4191.374,22258.1914,2244.134
112,103,10,6876.6421,22215.5996,2164.802
114,103,10,9303.4805,21762.5762,2044.6021
116,103,10,11325.2441,20444.1602,1882.332
118,103,10,12764.0381,18057.0723,1699.6281
120,103,10,13455.1885,15476.3838,1503.702
122,103,10,13609.0439,12905.376,1305.3721
124,103,10,13613.8525,10500.8643,1113.052
126,103,10,13520.0967,8377.0723,932.752
128,103,10,13276.0898,6551.4238,768.078
130,103,10,12874.6221,5029.728,617.828
132,103,10,12431.084,3773.2639,484.406
134,103,10,11951.4863,2733.6321,363.004
136,103,10,11566.8467,1868.24,252.42
138,103,10,11302.4063,1115.136,150.25
140,103,10,11174.9941,433.664,51.686
142,103,10,11191.8223,-224.576,-44.474
144,103,10,11351.6885,-904.112,-144.24
146,103,10,11652.1885,-1647.536,-250.016
148,103,10,12082.5039,-2509.0559,-365.408
150,103,10,12584.9404,-3544.8159,-490.416
152,103,10,13059.7305,-4801.2798,-632.252
154,103,10,13473.2178,-6336.5278,-789.714
156,103,10,13661.9326,-8187.3437,-966.408
158,103,10,13753.2842,-10375.0244,-1159.9301
160,103,10,13774.9199,-12870.5283,-1369.078
162,103,10,13676.3564,-15565.4395,-1587.842
164,103,10,13334.9883,-18299.0723,-1804.202
166,103,10,12120.9678,-20815.8711,-2007.3401
168,103,10,10078.7705,-22051.0391,-2185.2361
170,103,10,7589.4282,-22248.5117,-2319.8601
172,103,10,4820.02,-22265.9355,-2412.4141
174,103,10,1914.786,-22275.6152,-2456.8879
176,103,10,-923.136,-22267.8711,-2448.4741
178,103,10,-3592.7781,-22246.5762,-2391.98
180,103,10,-5900.6182,-22064.5918,-2281.396
182,103,10,-7733.668,-20932.0312,-2132.3481
184,103,10,-8998.1719,-18597.2168,-1953.25
186,103,10,-9708.5537,-16157.8555,-1760.9301
188,103,10,-9935.7324,-13797.8721,-1561.3981
190,103,10,-9785.4824,-11654.7197,-1369.078
192,103,10,-9380.4082,-9792.2881,-1192.384
194,103,10,-8828.6904,-8220.2559,-1030.114
196,103,10,-8209.6602,-6911.52,-890.682
198,103,10,-7565.3882,-5829.2959,-768.078
200,103,10,-6942.752,-4936.7998,-662.302
202,103,10,-6350.166,-4203.0562,-572.152
204,103,10,-5804.458,-3597.0879,-495.224
206,103,10,-5311.6382,-3099.5359,-432.72
206,101,10,-4858.4839,-3196.3359,-403.872
204,101,10,-5258.75,-3682.272,-459.164
202,101,10,-5691.4702,-4261.1357,-525.274
200,101,10,-6148.23,-4958.0962,-602.202
198,101,10,-6611.0,-5780.896,-691.15
196,101,10,-7065.356,-6762.4478,-793.32
194,101,10,-7474.0361,-7916.3042,-907.51
192,101,10,-7796.1724,-9265.6963,-1037.326
190,101,10,-7972.8662,-10810.624,-1176.7581
188,101,10,-7933.2002,-12527.8555,-1325.806
186,101,10,-7594.2363,-14372.8643,-1476.056
184,101,10,-6905.4902,-16239.168,-1621.498
182,101,10,-5810.4683,-18033.8398,-1756.1221
180,101,10,-4311.5742,-19603.9355,-1867.9081
178,101,10,-2473.7161,-20806.1914,-1953.25
176,101,10,-376.226,-21317.2949,-2001.3301
174,101,10,1858.292,-21460.5605,-2012.1481
172,101,10,4128.8701,-21313.4238,-1984.5021
170,101,10,6311.7021,-20771.3437,-1914.786
168,101,10,8272.1641,-19522.623,-1810.212
166,101,10,9939.3379,-17842.1758,-1676.79
164,101,10,11211.0547,-15882.9443,-1524.136
162,101,10,12077.6963,-13774.6396,-1359.462
160,101,10,12526.042,-11662.4639,-1188.7781
158,101,10,12635.4238,-9650.96,-1021.7
156,101,10,12540.4658,-7833.0562,-863.036
154,101,10,12284.4404,-6228.1118,-716.392
152,101,10,11914.2246,-4838.064,-581.768
150,101,10,11518.7666,-3660.9761,-459.164
148,101,10,11150.9541,-2652.3201,-347.378
146,101,10,10845.6465,-1773.376,-242.804
144,101,10,10628.084,-998.976,-147.846
142,101,10,10506.6826,-278.784,-56.494
140,101,10,10489.8545,422.048,33.656
138,101,10,10571.5898,1140.304,123.806
136,101,10,10751.8906,1916.64,218.764
134,101,10,11011.5225,2783.968,318.53
132,101,10,11328.8506,3782.9441,424.306
130,101,10,11670.2178,4950.3521,540.9
128,101,10,11982.7383,6299.7441,668.312
126,101,10,12205.1084,7862.0962,805.34
124,101,10,12267.6123,9625.792,953.186
122,101,10,12084.9082,11555.9844,1108.244
120,101,10,11583.6738,13577.168,1264.504
118,101,10,10699.002,15565.4395,1415.9561
116,101,10,9427.2861,17416.2559,1557.792
114,101,10,7799.7783,18959.248,1679.194
112,101,10,5874.1743,20122.7832,1770.546
110,101,10,3771.876,20788.7676,1831.848
108,101,10,1584.2361,20955.2637,1859.494
106,101,10,-555.324,20664.8633,1846.272
104,101,10,-2524.2,19878.8477,1798.192
102,101,10,-4244.2622,18674.6562,1718.86
100,101,10,-5633.7739,17152.959,1619.094
98,101,10,-6645.8579,15451.2158,1502.5
96,101,10,-7298.5439,13687.5195,1373.886
94,101,10,-7611.064,11974.1602,1244.0701
92,101,10,-7660.3462,10359.5361,1116.6581
90,101,10,-7504.0859,8915.2803,997.66
88,101,10,-7212.0,7639.4561,885.874
86,101,10,-6836.9761,6541.7441,784.906
84,101,10,-6418.6802,5604.7197,694.756
82,101,10,-5984.7583,4812.896,615.424
80,101,10,-5552.0381,4139.168,544.506
80,99,10,-4946.23,4129.4878,501.234
82,99,10,-5263.5581,4743.2002,558.93
84,99,10,-5577.2803,5465.3281,625.04
86,99,10,-5862.1543,6295.8721,699.564
88,99,10,-6091.7363,7254.1919,783.704
90,99,10,-6238.3799,8338.3516,873.854
92,99,10,-6261.2183,9544.4795,971.216
94,99,10,-6112.1699,10841.5996,1070.9821
96,99,10,-5752.772,12208.416,1174.354
98,99,10,-5139.752,13573.2959,1272.918
100,99,10,-4253.8779,14878.1602,1365.472
102,99,10,-3091.5439,16016.5283,1443.6021
104,99,10,-1690.0121,16920.6406,1501.298
106,99,10,-111.786,17505.3125,1534.954
108,99,10,1587.842,17733.7598,1542.166
110,99,10,3319.9241,17576.9434,1524.136
112,99,10,5005.1279,17036.8008,1477.2581
114,99,10,6553.3042,16144.3037,1406.34
116,99,10,7888.7261,14945.9199,1314.988
118,99,10,8980.1426,13526.832,1203.202
120,99,10,9791.4922,11972.2236,1081.8
122,99,10,10323.9785,10375.0244,956.792
124,99,10,10613.6602,8808.7998,832.986
126,99,10,10703.8105,7339.376,710.382
128,99,10,10648.5186,5999.6641,597.394
130,99,10,10505.4805,4795.4722,490.416
132,99,10,10313.1602,3724.864,389.448
134,99,10,10123.2441,2774.2881,295.692
136,99,10,9959.7725,1932.1279,207.946
138,99,10,9846.7842,1159.6639,123.806
140,99,10,9792.6943,429.792,42.07
142,99,10,9809.5225,-286.528,-38.464
144,99,10,9893.6621,-1018.336,-122.604
146,99,10,10042.71,-1792.736,-210.35
148,99,10,10237.4346,-2642.6399,-300.5
150,99,10,10471.8242,-3593.2161,-400.266
152,99,10,10702.6084,-4671.5679,-506.042
154,99,10,10902.1406,-5902.8638,-621.434
156,99,10,11010.3203,-7277.4238,-744.038
158,99,10,10975.4619,-8799.1201,-873.854
160,99,10,10739.8701,-10429.2324,-1008.478
162,99,10,10242.2422,-12105.8076,-1143.1021
164,99,10,9458.5381,-13755.2803,-1274.12
166,99,10,8387.5566,-15282.7842,-1394.3201
168,99,10,7032.9023,-16593.4551,-1496.49
170,99,10,5453.4741,-17613.7285,-1577.024
172,99,10,3711.7761,-18256.4805,-1632.316
174,99,10,1895.5541,-18508.1602,-1657.558
176,99,10,109.382,-18330.0488,-1652.75
178,99,10,-1575.822,-17768.6074,-1620.296
180,99,10,-3071.1101,-16862.5605,-1561.3981
182,99,10,-4324.7959,-15685.4717,-1479.662
184,99,10,-5292.4062,-14320.5918,-1377.4921
186,99,10,-5961.9199,-12874.4004,-1264.504
188,99,10,-6359.7822,-11426.2715,-1146.708
190,99,10,-6520.8501,-10032.3516,-1030.114
192,99,10,-6498.0122,-8748.7842,-918.328
194,99,10,-6340.5503,-7594.9277,-814.956
196,99,10,-6090.5342,-6584.3359,-719.998
198,99,10,-5782.8223,-5699.584,-634.656
200,99,10,-5448.666,-4940.6719,-558.93
202,99,10,-5102.4902,-4290.1758,-492.82
204,99,10,-4757.5161,-3732.6079,-433.922
206,99,10,-4429.3701,-3260.2239,-382.236
206,97,10,-4009.8721,-3267.968,-356.994
204,97,10,-4263.4941,-3707.4399,-399.064
202,97,10,-4524.3281,-4222.416,-449.548
200,97,10,-4780.354,-4816.7681,-506.042
198,97,10,-5011.1382,-5496.3042,-568.546
196,97,10,-5205.8623,-6272.6401,-638.262
194,97,10,-5339.2842,-7143.8398,-716.392
192,97,10,-5384.96,-8109.9038,-798.128
190,97,10,-5315.2441,-9165.0244,-885.874
188,97,10,-5092.874,-10280.1602,-974.822
186,97,10,-4684.1938,-11426.2715,-1063.77
184,97,10,-4069.9722,-12535.5996,-1149.1121
182,97,10,-3239.3901,-13575.2314,-1226.04
180,97,10,-2199.6602,-14461.9199,-1289.746
178,97,10,-972.418,-15143.3916,-1335.422
176,97,10,378.63,-15553.8242,-1360.6641
174,97,10,1812.6161,-15668.0479,-1366.6741
172,97,10,3264.6321,-15472.5117,-1349.8461
170,97,10,4667.3662,-14965.2803,-1310.1801
168,97,10,5960.7183,-14175.3916,-1248.8781
166,97,10,7088.1943,-13157.0557,-1170.748
164,97,10,8005.3203,-11970.2881,-1078.194
162,97,10,8715.7021,-10663.4883,-976.024
160,97,10,9212.1279,-9323.7764,-870.248
158,97,10,9510.2246,-7991.8081,-762.068
156,97,10,9646.0498,-6719.856,-656.292
154,97,10,9659.2725,-5538.896,-555.324
152,97,10,9588.3545,-4456.6719,-459.164
150,97,10,9474.1641,-3477.0559,-367.812
148,97,10,9343.1465,-2592.304,-283.672
146,97,10,9219.3398,-1781.12,-203.138
144,97,10,9125.584,-1031.8879,-126.21
142,97,10,9067.8877,-309.76,-50.484
140,97,10,9052.2617,396.88,22.838
138,97,10,9077.5039,1115.136,97.362
136,97,10,9141.21,1864.368,173.088
134,97,10,9228.9561,2662.0,250.016
132,97,10,9327.5205,3539.0081,332.954
130,97,10,9405.6504,4503.1357,419.498
128,97,10,9440.5078,5558.2559,510.85
126,97,10,9388.8223,6706.3042,607.01
124,97,10,9221.7441,7925.9839,704.372
122,97,10,8894.7998,9203.7441,805.34
120,97,10,8382.748,10483.4404,903.904
118,97,10,7665.1543,11708.9277,998.862
116,97,10,6740.8159,12818.2559,1081.8
114,97,10,5643.3901,13747.5361,1153.92
112,97,10,4384.896,14456.1123,1209.212
110,97,10,3033.8481,14889.7764,1248.8781
108,97,10,1640.73,15033.04,1266.9081
106,97,10,276.46,14883.9678,1263.302
104,97,10,-1001.266,14456.1123,1238.0601
102,97,10,-2153.9841,13794.0,1198.394
100,97,10,-3131.21,12938.2881,1141.9
98,97,10,-3912.51,11948.9922,1074.588
96,97,10,-4493.0762,10884.1924,998.862
94,97,10,-4875.312,9815.5195,920.732
92,97,10,-5091.6719,8758.4639,843.804
90,97,10,-5164.9941,7763.3599,765.674
88,97,10,-5125.3281,6845.6958,693.554
86,97,10,-5005.1279,6017.0879,625.04
84,97,10,-4826.0303,5279.4722,562.536
82,97,10,-4609.6699,4628.9761,506.042
80,97,10,-4371.6743,4059.792,455.558
80,95,10,-3858.4202,3953.312,417.094
82,95,10,-4023.094,4460.5439,460.366
84,95,10,-4164.9302,5037.4722,507.244
86,95,10,-4267.1001,5678.2881,558.93
88,95,10,-4312.7759,6394.6079,614.222
90,95,10,-4285.1299,7163.2002,671.918
92,95,10,-4161.3242,7986.0,734.422
94,95,10,-3922.126,8839.7764,796.926
96,95,10,-3544.698,9697.4238,858.228
98,95,10,-3018.2222,10531.8398,918.328
100,95,10,-2336.688,11300.4316,971.216
102,95,10,-1508.51,11952.8643,1015.69
104,95,10,-555.324,12454.2881,1045.74
106,95,10,485.608,12762.1123,1063.77
108,95,10,1601.0641,12858.9121,1064.972
110,95,10,2730.9441,12733.0723,1051.75
112,95,10,3831.9761,12380.7197,1020.498
114,95,10,4863.292,11825.0879,977.226
116,95,10,5785.2261,11089.4082,919.53
118,95,10,6572.5361,10210.4639,854.622
120,95,10,7216.8081,9230.8477,778.896
122,95,10,7704.8203,8195.0879,700.766
124,95,10,8055.8042,7147.7119,616.626
126,95,10,8276.9717,6125.5039,537.294
128,95,10,8395.9697,5134.272,457.962
130,95,10,8440.4443,4204.9922,379.832
132,95,10,8438.04,3341.5359,306.51
134,95,10,8411.5957,2536.1599,235.592
136,95,10,8375.5361,1786.928,167.078
138,95,10,8350.2939,1074.48,98.564
140,95,10,8340.6777,383.328,31.252
142,95,10,8352.6982,-302.016,-33.656
144,95,10,8391.1621,-993.168,-100.968
146,95,10,8441.6465,-1705.616,-169.482
148,95,10,8505.3525,-2466.4639,-241.602
150,95,10,8561.8457,-3275.7119,-314.924
152,95,10,8595.502,-4148.8481,-393.054
154,95,10,8583.4824,-5099.4238,-474.79
156,95,10,8496.9385,-6102.272,-557.728
158,95,10,8309.4258,-7165.1357,-644.272
160,95,10,7992.0981,-8258.9756,-732.018
162,95,10,7525.7222,-9350.8799,-818.562
164,95,10,6901.8843,-10390.5117,-897.894
166,95,10,6119.3823,-11337.2158,-972.418
168,95,10,5181.8223,-12148.4004,-1033.72
170,95,10,4122.8599,-12785.3438,-1084.204
172,95,10,2983.364,-13193.8398,-1116.6581
174,95,10,1801.798,-13377.7598,-1132.2841
176,95,10,635.858,-13308.0635,-1131.082
178,95,10,-474.79,-13011.8555,-1114.254
180,95,10,-1488.076,-12514.3037,-1081.8
182,95,10,-2370.344,-11840.5762,-1034.922
184,95,10,-3095.1501,-11046.8164,-979.63
186,95,10,-3651.676,-10175.6162,-914.722
188,95,10,-4053.144,-9269.5684,-845.006
190,95,10,-4310.3721,-8369.3281,-775.29
192,95,10,-4440.188,-7503.936,-705.574
194,95,10,-4471.4399,-6688.8799,-638.262
196,95,10,-4420.9561,-5945.4561,-575.758
198,95,10,-4310.3721,-5265.9199,-516.86
200,95,10,-4157.7183,-4658.0161,-462.77
202,95,10,-3979.822,-4121.7441,-415.892
204,95,10,-3785.0981,-3647.4241,-371.418
206,95,10,-3585.5662,-3235.0559,-332.954
206,93,10,-3218.9561,-3176.9761,-308.914
204,93,10,-3365.6001,-3550.624,-341.368
202,93,10,-3506.2341,-3982.3521,-377.428
200,93,10,-3625.2322,-4462.48,-418.296
198,93,10,-3715.3821,-4996.8159,-461.568
196,93,10,-3764.6641,-5583.4238,-508.446
194,93,10,-3758.6541,-6216.4961,-558.93
192,93,10,-3681.7261,-6892.1602,-611.818
190,93,10,-3519.4561,-7608.48,-667.11
188,93,10,-3253.814,-8334.4795,-719.998
186,93,10,-2872.78,-9056.6084,-774.088
184,93,10,-2373.95,-9736.1436,-822.168
182,93,10,-1746.506,-10351.792,-865.44
180,93,10,-1006.074,-10860.96,-901.5
178,93,10,-161.068,-11238.4795,-926.742
176,93,10,752.452,-11453.376,-941.166
174,93,10,1708.042,-11492.0957,-941.166
172,93,10,2678.0562,-11339.1523,-929.146
170,93,10,3619.2222,-11002.2881,-902.702
168,93,10,4499.0859,-10500.8643,-866.642
166,93,10,5293.6079,-9852.3037,-819.764
164,93,10,5970.334,-9097.2637,-762.068
162,93,10,6532.8701,-8249.2959,-700.766
160,93,10,6972.8022,-7356.7998,-633.454
158,93,10,7294.938,-6448.8159,-563.738
156,93,10,7514.9043,-5550.5122,-494.022
154,93,10,7647.124,-4685.1201,-424.306
152,93,10,7715.6382,-3856.512,-356.994
150,93,10,7736.0723,-3072.4319,-289.682
148,93,10,7731.2642,-2334.8159,-225.976
146,93,10,7710.8301,-1632.048,-163.472
144,93,10,7686.79,-962.192,-104.574
142,93,10,7666.356,-305.888,-45.676
140,93,10,7654.3359,340.736,14.424
138,93,10,7649.5283,993.168,72.12
136,93,10,7649.5283,1663.024,131.018
134,93,10,7647.124,2354.176,192.32
132,93,10,7630.2959,3087.9199,254.824
130,93,10,7582.2163,3858.448,318.53
128,93,10,7490.8643,4667.6958,382.236
126,93,10,7332.2002,5515.6641,448.346
124,93,10,7094.2041,6377.1841,515.658
122,93,10,6755.2402,7252.2559,584.172
120,93,10,6306.894,8098.2881,646.676
118,93,10,5744.3579,8890.1123,705.574
116,93,10,5068.834,9602.5596,759.664
114,93,10,4297.1499,10189.168,805.34
112,93,10,3440.124,10644.1279,842.602
110,93,10,2533.8162,10932.5918,867.844
108,93,10,1605.8721,11048.752,879.864
106,93,10,689.948,10988.7363,881.066
104,93,10,-174.29,10769.9678,870.248
102,93,10,-972.418,10398.2559,847.41
100,93,10,-1680.396,9900.7041,818.562
98,93,10,-2276.5881,9308.2881,780.098
96,93,10,-2757.3879,8651.9844,735.624
94,93,10,-3119.1899,7970.5117,688.746
92,93,10,-3374.0142,7277.4238,638.262
90,93,10,-3532.678,6597.8882,588.98
88,93,10,-3610.8081,5949.3281,542.102
86,93,10,-3619.2222,5341.4238,496.426
84,93,10,-3577.1521,4783.856,454.356
82,93,10,-3494.2141,4274.688,413.488
80,93,10,-3382.428,3813.9199,377.428
80,91,10,-2967.738,3660.9761,343.772
82,91,10,-3033.8481,4061.728,375.024
84,91,10,-3073.5142,4510.8799,408.68
86,91,10,-3074.7161,4989.0718,443.538
88,91,10,-3030.2419,5511.792,482.002
90,91,10,-2925.668,6051.936,519.264
92,91,10,-2753.782,6617.248,560.132
94,91,10,-2501.3621,7182.5601,598.596
96,91,10,-2162.3979,7732.3838,635.858
98,91,10,-1733.2841,8253.168,670.716
100,91,10,-1212.818,8713.9355,701.968
102,91,10,-611.818,9095.3281,726.008
104,91,10,63.706,9381.8555,744.038
106,91,10,784.906,9540.6084,751.25
108,91,10,1546.974,9575.4561,748.846
110,91,10,2316.2542,9467.04,739.23
112,91,10,3071.1101,9228.9121,719.998
114,91,10,3787.502,8861.0723,689.948
116,91,10,4443.7939,8382.8799,653.888
118,91,10,5030.3701,7804.0161,611.818
120,91,10,5531.604,7155.4561,563.738
122,91,10,5943.8901,6456.5601,512.052
124,91,10,6272.0361,5722.8159,456.76
126,91,10,6518.4463,4989.0718,400.266
128,91,10,6699.9482,4257.2642,344.974
130,91,10,6822.5522,3546.752,289.682
132,91,10,6900.6821,2857.5359,233.188
134,91,10,6951.166,2191.552,180.3
136,91,10,6977.6104,1554.608,127.412
138,91,10,6996.8423,933.152,75.726
140,91,10,7010.064,323.312,22.838
142,91,10,7022.084,-282.656,-28.848
144,91,10,7029.2959,-896.368,-80.534
146,91,10,7035.3062,-1519.76,-137.028
148,91,10,7028.0942,-2164.448,-189.916
150,91,10,7000.4482,-2834.304,-245.208
152,91,10,6942.752,-3529.3279,-301.702
154,91,10,6842.9863,-4255.3281,-359.398
156,91,10,6685.5239,-4998.752,-417.094
158,91,10,6459.5483,-5759.6001,-475.992
160,91,10,6151.8359,-6518.5122,-534.89
162,91,10,5751.5703,-7258.064,-590.182
164,91,10,5257.5483,-7955.0239,-641.868
166,91,10,4672.1743,-8574.5439,-687.544
168,91,10,4003.8621,-9103.0723,-728.412
170,91,10,3265.834,-9517.376,-757.26
172,91,10,2482.1301,-9800.0322,-778.896
174,91,10,1675.588,-9937.4883,-789.714
176,91,10,883.47,-9925.8721,-792.118
178,91,10,115.392,-9774.8643,-783.704
180,91,10,-593.788,-9492.208,-765.674
182,91,10,-1228.444,-9103.0723,-740.432
184,91,10,-1777.7581,-8626.8164,-707.978
186,91,10,-2228.5081,-8088.6079,-668.312
188,91,10,-2585.502,-7517.4878,-628.646
190,91,10,-2849.9421,-6923.1357,-585.374
192,91,10,-3031.4441,-6338.4639,-542.102
194,91,10,-3139.624,-5769.2798,-498.83
196,91,10,-3186.502,-5231.0718,-456.76
198,91,10,-3181.6941,-4721.9038,-415.892
200,91,10,-3139.624,-4255.3281,-379.832
202,91,10,-3066.302,-3825.5359,-344.974
204,91,10,-2970.1421,-3438.3359,-312.52
206,91,10,-2861.9622,-3091.792,-283.672
206,89,10,-2554.25,-2994.9919,-262.036
204,89,10,-2629.9761,-3306.688,-286.076
202,89,10,-2690.0759,-3653.2319,-312.52
200,89,10,-2729.7419,-4030.752,-341.368
198,89,10,-2739.3582,-4441.1841,-372.62
196,89,10,-2712.9141,-4878.7202,-405.074
194,89,10,-2641.9961,-5335.6162,-438.73
192,89,10,-2516.988,-5813.8081,-472.386
190,89,10,-2331.8801,-6299.7441,-507.244
188,89,10,-2078.2581,-6781.8081,-540.9
186,89,10,-1747.708,-7246.4478,-573.354
184,89,10,-1347.442,-7672.3682,-602.202
182,89,10,-869.046,-8046.0161,-627.444
180,89,10,-325.742,-8349.9678,-647.878
178,89,10,275.258,-8564.8643,-661.1
176,89,10,921.934,-8669.4082,-668.312
174,89,10,1590.246,-8669.4082,-667.11
172,89,10,2268.1741,-8545.5039,-658.696
170,89,10,2929.2742,-8309.3115,-641.868
168,89,10,3549.5061,-7968.5762,-616.626
166,89,10,4127.668,-7529.104,-585.374
164,89,10,4637.3159,-7014.1279,-549.314
162,89,10,5079.6519,-6437.2002,-508.446
160,89,10,5448.666,-5817.6802,-463.972
158,89,10,5743.1562,-5174.9277,-417.094
156,89,10,5973.9399,-4524.4321,-369.014
154,89,10,6139.8159,-3877.8079,-319.732
152,89,10,6261.2183,-3238.928,-271.652
150,89,10,6340.5503,-2617.4719,-223.572
148,89,10,6392.2363,-2013.4399,-176.694
146,89,10,6419.8823,-1422.96,-129.816
144,89,10,6429.498,-847.968,-84.14
142,89,10,6431.9023,-280.72,-37.262
140,89,10,6423.4883,282.656,8.414
138,89,10,6403.0542,847.968,54.09
136,89,10,6374.2061,1421.024,99.766
134,89,10,6329.7319,2005.696,145.442
132,89,10,6262.4199,2605.856,192.32
130,89,10,6166.2603,3219.5679,240.4
128,89,10,6029.2319,3842.96,288.48
126,89,10,5844.124,4477.9678,335.358
124,89,10,5602.522,5109.104,381.034
122,89,10,5299.6182,5724.752,425.508
120,89,10,4924.5942,6315.2319,469.982
118,89,10,4483.46,6859.248,508.446
116,89,10,3977.418,7335.5039,543.304
114,89,10,3416.084,7736.2559,575.758
112,89,10,2810.2761,8044.0801,598.596
110,89,10,2175.6201,8249.2959,615.424
108,89,10,1530.146,8348.0322,626.242
106,89,10,889.48,8338.3516,629.848
104,89,10,275.258,8222.1924,625.04
102,89,10,-301.702,8009.2319,613.02
100,89,10,-824.572,7714.96,594.99
98,89,10,-1280.13,7352.9277,573.354
96,89,10,-1669.578,6938.624,548.112
94,89,10,-1984.5021,6493.3437,520.466
92,89,10,-2230.9121,6030.6401,489.214
90,89,10,-2411.2122,5564.064,456.76
88,89,10,-2532.614,5103.2959,425.508
86,89,10,-2604.7341,4661.8882,394.256
84,89,10,-2633.582,4243.7119,364.206
82,89,10,-2626.3701,3852.6399,336.56
80,89,10,-2593.916,3490.6079,310.116
80,89,12,-2563.866,3457.696,521.668
82,89,12,-2595.1182,3810.0481,568.546
84,89,12,-2601.1279,4193.376,617.828
86,89,12,-2571.0781,4605.7441,671.918
88,89,12,-2501.3621,5039.4082,727.21
90,89,12,-2378.7581,5488.5601,783.704
92,89,12,-2200.8621,5947.3921,838.996
94,89,12,-1956.8561,6404.2881,895.49
96,89,12,-1646.74,6839.8882,947.176
98,89,12,-1263.302,7246.4478,995.256
100,89,12,-814.956,7602.6719,1036.124
102,89,12,-299.298,7893.0718,1068.578
104,89,12,268.046,8104.0962,1091.416
106,89,12,872.652,8216.3838,1102.234
108,89,12,1506.1061,8229.9355,1101.032
110,89,12,2146.772,8133.1357,1086.608
112,89,12,2771.812,7931.792,1060.1641
114,89,12,3372.812,7629.7759,1021.7
116,89,12,3925.7322,7236.7681,971.216
118,89,12,4426.9663,6766.3198,909.914
120,89,12,4865.6963,6235.856,842.602
122,89,12,5239.5181,5655.0562,768.078
124,89,12,5544.8262,5045.2158,688.746
126,89,12,5786.4282,4423.7598,608.212
128,89,12,5970.334,3800.3679,524.072
130,89,12,6106.1602,3180.8479,441.134
132,89,12,6204.7241,2578.752,356.994
134,89,12,6272.0361,1984.4,275.258
136,89,12,6316.5103,1407.472,194.724
138,89,12,6346.5601,844.096,112.988
140,89,12,6366.9941,288.464,32.454
142,89,12,6375.4082,-269.104,-48.08
144,89,12,6376.6104,-830.544,-129.816
146,89,12,6365.792,-1397.792,-213.956
148,89,12,6336.9443,-1978.592,-294.49
150,89,12,6287.6621,-2574.8799,-377.428
152,89,12,6205.9263,-3184.72,-462.77
154,89,12,6086.9282,-3813.9199,-549.314
156,89,12,5919.8501,-4448.9277,-634.656
158,89,12,5695.0762,-5087.8081,-718.796
160,89,12,5404.1919,-5720.8799,-800.532
162,89,12,5042.3901,-6326.8481,-878.662
164,89,12,4607.2661,-6896.0317,-951.984
166,89,12,4106.0322,-7403.2642,-1015.69
168,89,12,3538.688,-7834.9922,-1069.78
170,89,12,2920.8601,-8171.856,-1110.6481
172,89,12,2270.5781,-8406.1123,-1140.698
174,89,12,1602.266,-8524.208,-1156.324
176,89,12,941.166,-8530.0156,-1157.526
178,89,12,306.51,-8427.4082,-1147.91
180,89,12,-290.884,-8218.3203,-1123.87
182,89,12,-830.582,-7927.9199,-1090.214
184,89,12,-1304.17,-7558.144,-1045.74
186,89,12,-1702.032,-7141.9038,-992.852
188,89,12,-2028.9761,-6686.9438,-937.56
190,89,12,-2282.5981,-6216.4961,-878.662
192,89,12,-2468.908,-5740.2397,-817.36
194,89,12,-2593.916,-5269.792,-758.462
196,89,12,-2666.0361,-4816.7681,-699.564
198,89,12,-2694.884,-4390.8481,-643.07
200,89,12,-2688.874,-3988.1599,-590.182
202,89,12,-2652.814,-3614.512,-539.698
204,89,12,-2593.916,-3271.8401,-492.82
206,89,12,-2520.594,-2960.144,-449.548
206,91,12,-2824.7,-3053.072,-486.81
204,91,12,-2930.4761,-3391.8721,-536.092
202,91,12,-3023.03,-3773.2639,-588.98
200,91,12,-3093.948,-4189.5039,-647.878
198,91,12,-3134.8162,-4648.3359,-712.786
196,91,12,-3138.4221,-5143.9521,-780.098
194,91,12,-3092.7461,-5670.5439,-849.814
192,91,12,-2985.7681,-6226.1758,-924.338
190,91,12,-2806.6702,-6801.168,-998.862
188,91,12,-2545.8359,-7380.0317,-1073.386
186,91,12,-2194.8521,-7939.5361,-1145.506
184,91,12,-1752.516,-8464.1924,-1210.4141
182,91,12,-1216.4241,-8932.7041,-1269.312
180,91,12,-591.384,-9312.1602,-1314.988
178,91,12,99.766,-9585.1357,-1349.8461
176,91,12,854.622,-9740.0156,-1369.078
174,91,12,1637.124,-9749.6963,-1369.078
172,91,12,2429.2419,-9623.8555,-1353.452
170,91,12,3198.522,-9347.0078,-1318.594
168,91,12,3924.53,-8944.3203,-1269.312
166,91,12,4584.4282,-8429.3438,-1204.4041
164,91,12,5164.9941,-7821.4399,-1127.4761
162,91,12,5655.4102,-7141.9038,-1040.932
160,91,12,6059.2822,-6415.9038,-947.176
158,91,12,6364.5903,-5672.48,-848.612
156,91,12,6594.1724,-4925.1841,-747.644
154,91,12,6750.4321,-4195.312,-647.878
152,91,12,6852.6021,-3480.928,-545.708
150,91,12,6912.7021,-2799.4561,-448.346
148,91,12,6941.5503,-2141.2161,-350.984
146,91,12,6951.166,-1508.144,-256.026
144,91,12,6951.166,-894.432,-163.472
142,91,12,6943.9541,-292.336,-69.716
140,91,12,6931.9341,303.952,21.636
138,91,12,6919.9141,904.112,112.988
136,91,12,6903.0859,1513.952,206.744
134,91,12,6875.4399,2141.2161,300.5
132,91,12,6824.9561,2793.6479,395.458
130,91,12,6745.624,3469.312,491.618
128,91,12,6625.4243,4166.272,590.182
126,91,12,6448.73,4882.5918,688.746
124,91,12,6205.9263,5602.7842,786.108
122,91,12,5884.9922,6319.104,883.47
120,91,12,5481.1201,7004.4478,972.418
118,91,12,4988.3003,7643.3281,1056.558
116,91,12,4414.9463,8208.6396,1129.88
114,91,12,3768.27,8682.96,1193.5861
112,91,12,3063.8979,9044.9922,1242.868
110,91,12,2323.4661,9283.1201,1276.524
108,91,12,1567.4081,9389.5996,1295.756
106,91,12,818.562,9360.5596,1295.756
104,91,12,105.776,9205.6797,1282.5341
102,91,12,-561.334,8930.7676,1252.484
100,91,12,-1156.324,8560.9922,1211.616
98,91,12,-1669.578,8109.9038,1158.728
96,91,12,-2098.6921,7602.6719,1099.8301
94,91,12,-2434.05,7066.3999,1033.72
92,91,12,-2686.47,6512.7041,966.408
90,91,12,-2861.9622,5962.8799,896.692
88,91,12,-2967.738,5430.48,828.178
86,91,12,-3017.02,4921.312,762.068
84,91,12,-3018.2222,4448.9277,699.564
82,91,12,-2982.1621,4009.4561,639.464
80,91,12,-2919.658,3610.6399,585.374
80,93,12,-3319.9241,3753.9041,639.464
82,93,12,-3428.104,4203.0562,704.372
84,93,12,-3507.436,4698.6719,775.29
86,93,12,-3550.708,5246.5601,852.218
88,93,12,-3538.688,5838.9761,932.752
90,93,12,-3462.9622,6473.9839,1019.296
92,93,12,-3307.9041,7138.0317,1107.042
94,93,12,-3056.686,7811.7598,1194.788
96,93,12,-2702.0959,8481.6162,1280.13
98,93,12,-2230.9121,9122.4316,1359.462
100,93,12,-1646.74,9699.3604,1430.38
102,93,12,-954.388,10183.3604,1490.48
104,93,12,-171.886,10551.2002,1532.55
106,93,12,675.524,10766.0957,1555.3881
108,93,12,1573.418,10824.1758,1557.792
110,93,12,2485.7361,10709.9521,1539.7621
112,93,12,3374.0142,10431.168,1500.0961
114,93,12,4214.2119,9987.8242,1439.996
116,93,12,4973.876,9414.7676,1364.27
118,93,12,5642.188,8721.6797,1270.514
120,93,12,6198.7144,7949.2158,1169.546
122,93,12,6647.0601,7120.6079,1056.558
124,93,12,6984.8223,6268.7681,941.166
126,93,12,7226.4243,5420.7998,819.764
128,93,12,7386.29,4592.1919,701.968
130,93,12,7480.0459,3794.5601,586.576
132,93,12,7529.3281,3039.52,472.386
134,93,12,7549.7622,2321.2639,363.004
136,93,12,7553.3682,1641.728,254.824
138,93,12,7556.9741,983.488,149.048
140,93,12,7559.3779,340.736,44.474
142,93,12,7570.1963,-292.336,-60.1
144,93,12,7590.6304,-935.088,-165.876
146,93,12,7612.2661,-1593.328,-271.652
148,93,12,7630.2959,-2284.48,-383.438
150,93,12,7636.3062,-3006.6079,-496.426
152,93,12,7611.064,-3773.2639,-613.02
154,93,12,7541.3481,-4582.5122,-734.422
156,93,12,7409.1279,-5430.48,-855.824
158,93,12,7191.5659,-6303.6157,-979.63
160,93,12,6877.8442,-7194.1758,-1103.436
162,93,12,6447.5283,-8061.5039,-1221.2321
164,93,12,5898.2139,-8888.1758,-1331.816
166,93,12,5233.5083,-9629.6641,-1429.178
168,93,12,4459.4199,-10264.6719,-1513.318
170,93,12,3595.1821,-10762.2236,-1578.2261
172,93,12,2672.0461,-11093.2803,-1621.498
174,93,12,1720.062,-11240.416,-1643.134
176,93,12,781.3,-11211.376,-1639.5281
178,93,12,-117.796,-11002.2881,-1616.6901
180,93,12,-949.58,-10638.3203,-1573.418
182,93,12,-1679.194,-10140.7676,-1510.9141
184,93,12,-2298.2241,-9544.4795,-1433.9861
186,93,12,-2792.2461,-8880.4316,-1348.644
188,93,12,-3168.4722,-8177.6641,-1257.292
190,93,12,-3434.114,-7469.0879,-1161.1321
192,93,12,-3597.5862,-6774.064,-1064.972
194,93,12,-3676.918,-6110.0161,-972.418
196,93,12,-3686.5342,-5490.4961,-883.47
198,93,12,-3642.0601,-4915.5039,-800.532
200,93,12,-3555.5161,-4392.7842,-723.604
202,93,12,-3441.3262,-3922.3359,-652.686
204,93,12,-3306.7021,-3500.2881,-590.182
206,93,12,-3160.0581,-3126.6399,-531.284
206,95,12,-3524.2642,-3182.7839,-574.556
204,95,12,-3716.584,-3581.6001,-639.464
202,95,12,-3905.2981,-4042.3679,-712.786
200,95,12,-4078.386,-4565.0879,-795.724
198,95,12,-4226.2319,-5157.5039,-887.076
196,95,12,-4332.0083,-5815.7441,-985.64
194,95,12,-4378.8862,-6535.936,-1093.8201
192,95,12,-4350.0381,-7325.8237,-1208.01
190,95,12,-4221.4243,-8167.9839,-1327.0081
188,95,12,-3967.802,-9041.1201,-1447.208
186,95,12,-3574.748,-9922.0,-1567.4081
184,95,12,-3029.04,-10764.1602,-1681.598
182,95,12,-2324.668,-11534.6875,-1781.364
180,95,12,-1467.642,-12190.9922,-1867.9081
178,95,12,-478.396,-12682.7363,-1929.2101
176,95,12,605.808,-12977.0078,-1966.472
174,95,12,1739.2941,-13044.7676,-1974.886
172,95,12,2896.8201,-12880.208,-1953.25
170,95,12,4014.6802,-12481.3916,-1901.5641
168,95,12,5055.6123,-11873.4883,-1824.636
166,95,12,5977.5459,-11091.3438,-1722.4661
164,95,12,6749.23,-10167.8721,-1599.8621
162,95,12,7370.6641,-9161.1523,-1464.036
160,95,12,7837.04,-8094.416,-1316.1901
158,95,12,8151.9644,-7025.7441,-1164.738
156,95,12,8341.8799,-5988.0479,-1013.286
154,95,12,8433.2324,-5004.5601,-865.44
152,95,12,8448.8584,-4077.2161,-722.402
150,95,12,8417.6064,-3221.5039,-584.172
148,95,12,8367.1221,-2427.7439,-453.154
146,95,12,8307.0225,-1686.256,-325.742
144,95,12,8255.3359,-987.36,-205.542
142,95,12,8220.4785,-309.76,-85.342
140,95,12,8207.2559,360.096,34.858
138,95,12,8216.8721,1035.76,152.654
136,95,12,8240.9121,1732.72,274.056
134,95,12,8274.5684,2462.592,395.458
132,95,12,8299.8105,3248.6079,525.274
130,95,12,8302.2139,4090.7681,657.494
128,95,12,8256.5381,4994.8799,798.128
126,95,12,8139.9443,5957.0718,939.964
124,95,12,7923.584,6954.1118,1084.204
122,95,12,7588.2261,7974.3838,1227.2421
120,95,12,7113.436,8984.9756,1366.6741
118,95,12,6485.9922,9943.2959,1497.692
116,95,12,5716.7119,10797.0723,1613.084
114,95,12,4816.4141,11515.3281,1711.6481
112,95,12,3805.532,12061.2803,1788.576
110,95,12,2729.7419,12405.8877,1839.0601
108,95,12,1625.104,12529.792,1863.1
106,95,12,534.89,12436.8643,1858.292
104,95,12,-485.608,12142.5918,1827.04
102,95,12,-1421.9661,11664.4004,1769.344
100,95,12,-2234.5181,11035.2002,1696.022
98,95,12,-2907.6379,10293.7119,1604.67
96,95,12,-3428.104,9482.5283,1501.298
94,95,12,-3804.3301,8651.9844,1393.118
92,95,12,-4047.134,7821.4399,1282.5341
90,95,12,-4176.9502,7019.936,1171.9501
88,95,12,-4209.4043,6270.7041,1068.578
86,95,12,-4169.7383,5573.7441,968.812
84,95,12,-4077.1841,4948.416,876.258
82,95,12,-3941.3582,4385.04,790.916
80,95,12,-3780.29,3881.6799,713.988
80,97,12,-4273.1099,3978.48,778.896
82,97,12,-4500.2881,4530.2397,869.046
84,97,12,-4708.2339,5157.5039,968.812
86,97,12,-4881.3223,5877.6958,1080.598
88,97,12,-4997.916,6679.2002,1203.202
90,97,12,-5033.9761,7571.6958,1334.22
92,97,12,-4961.856,8531.9521,1472.4501
94,97,12,-4752.708,9558.0322,1615.488
96,97,12,-4378.8862,10601.5361,1757.324
98,97,12,-3813.946,11639.2324,1894.3521
100,97,12,-3051.8782,12597.5518,2019.36
102,97,12,-2099.894,13430.0322,2125.136
104,97,12,-977.226,14074.7197,2202.064
106,97,12,265.642,14490.96,2251.3459
108,97,12,1595.0541,14641.9678,2263.366
110,97,12,2955.718,14498.7041,2238.124
112,97,12,4273.1099,14078.5918,2176.822
114,97,12,5503.958,13399.0557,2083.0659
116,97,12,6580.9502,12496.8799,1959.26
118,97,12,7484.854,11414.6563,1811.4141
120,97,12,8189.2261,10225.9521,1647.942
122,97,12,8702.4805,8983.04,1468.844
124,97,12,9030.626,7744.0,1293.3521
126,97,12,9207.3203,6557.2319,1117.86
128,97,12,9267.4199,5438.2241,944.772
130,97,12,9239.7744,4406.3359,778.896
132,97,12,9167.6543,3465.4399,622.636
134,97,12,9077.5039,2609.728,474.79
136,97,12,8993.3643,1829.52,334.156
138,97,12,8933.2646,1097.712,197.128
140,97,12,8906.8203,394.944,62.504
142,97,12,8921.2441,-294.272,-70.918
144,97,12,8976.5361,-998.976,-206.744
146,97,12,9063.0801,-1732.72,-346.176
148,97,12,9180.876,-2520.6719,-490.416
150,97,12,9298.6719,-3380.2561,-643.07
152,97,12,9408.0537,-4332.7681,-806.542
154,97,12,9472.9619,-5384.0161,-979.63
156,97,12,9456.1338,-6526.2559,-1158.728
158,97,12,9321.5098,-7759.4878,-1345.038
160,97,12,9028.2217,-9048.8643,-1533.7521
162,97,12,8546.2197,-10355.6641,-1720.062
164,97,12,7857.4741,-11616.0,-1895.5541
166,97,12,6963.186,-12771.792,-2055.4199
168,97,12,5868.1641,-13764.96,-2191.2461
170,97,12,4615.6802,-14537.4238,-2295.8201
172,97,12,3242.9961,-15034.9756,-2363.1321
174,97,12,1824.636,-15234.3838,-2391.98
176,97,12,429.114,-15124.0322,-2381.1621
178,97,12,-896.692,-14727.1523,-2335.4861
180,97,12,-2092.6821,-14080.5283,-2252.5481
182,97,12,-3108.3721,-13224.8164,-2144.3679
184,97,12,-3928.136,-12216.1602,-2010.946
186,97,12,-4530.3379,-11132.0,-1861.8981
188,97,12,-4936.6143,-10030.416,-1705.6381
190,97,12,-5160.186,-8946.2559,-1548.176
192,97,12,-5237.1143,-7924.0479,-1395.522
194,97,12,-5197.4482,-6981.2158,-1251.282
196,97,12,-5070.0361,-6135.1841,-1117.86
198,97,12,-4887.332,-5382.0801,-996.458
200,97,12,-4663.7603,-4718.0317,-884.672
202,97,12,-4419.7539,-4141.104,-786.108
204,97,12,-4166.1318,-3635.8079,-699.564
206,97,12,-3917.3181,-3204.0801,-623.838
206,99,12,-4328.4019,-3192.4639,-670.716
204,99,12,-4643.3262,-3645.488,-756.058
202,99,12,-4973.876,-4183.6958,-854.622
200,99,12,-5308.0322,-4814.832,-970.014
198,99,12,-5631.3701,-5546.6401,-1099.8301
196,99,12,-5925.8604,-6398.48,-1244.0701
194,99,12,-6163.856,-7374.2241,-1406.34
192,99,12,-6317.7119,-8485.4883,-1586.64
190,99,12,-6336.9443,-9726.4639,-1777.7581
188,99,12,-6177.0781,-11060.3682,-1976.088
186,99,12,-5790.0342,-12462.0322,-2179.2261
184,99,12,-5146.9639,-13861.7598,-2375.1521
182,99,12,-4211.8081,-15174.3682,-2555.4521
180,99,12,-3006.2021,-16322.416,-2710.51
178,99,12,-1554.186,-17205.2324,-2824.7
176,99,12,81.736,-17760.8633,-2895.6182
174,99,12,1811.4141,-17937.0391,-2916.052
172,99,12,3578.354,-17720.207,-2884.8
170,99,12,5273.1743,-17104.5605,-2800.6602
168,99,12,6816.542,-16134.624,-2668.4399
166,99,12,8144.752,-14870.416,-2495.3521
164,99,12,9203.7139,-13399.0557,-2292.2141
162,99,12,9981.4082,-11801.8555,-2067.4399
160,99,12,10475.4307,-10175.6162,-1831.848
158,99,12,10721.8398,-8595.8398,-1596.256
156,99,12,10762.708,-7114.7998,-1365.472
154,99,12,10668.9521,-5777.0239,-1147.91
152,99,12,10482.6426,-4576.7041,-941.166
150,99,12,10260.2725,-3525.4561,-751.25
148,99,12,10039.1045,-2598.1121,-573.354
146,99,12,9845.582,-1767.568,-407.478
144,99,12,9702.5439,-1010.592,-251.218
142,99,12,9620.8086,-296.208,-98.564
140,99,12,9606.3838,398.816,50.484
138,99,12,9653.2617,1111.264,200.734
136,99,12,9762.6445,1866.304,355.792
134,99,12,9917.7021,2683.2959,516.86
132,99,12,10100.4063,3604.832,688.746
130,99,12,10283.1104,4638.6558,872.652
128,99,12,10421.3398,5804.1279,1067.376
126,99,12,10474.2285,7108.9922,1277.7261
124,99,12,10388.8857,8528.0801,1495.2881
122,99,12,10113.6279,10051.7119,1718.86
120,99,12,9594.3643,11598.5762,1941.23
118,99,12,8811.8623,13108.6563,2151.5801
116,99,12,7752.8999,14487.0879,2343.9001
114,99,12,6453.5381,15646.752,2504.968
112,99,12,4949.8359,16531.5039,2627.572
110,99,12,3311.51,17061.9687,2708.106
108,99,12,1625.104,17220.7207,2741.762
106,99,12,-34.858,17003.8887,2724.9341
104,99,12,-1572.2161,16440.5117,2657.6221
102,99,12,-2940.092,15571.248,2550.644
100,99,12,-4073.5781,14467.7275,2412.4141
98,99,12,-4946.23,13219.0078,2250.144
96,99,12,-5561.6543,11896.7197,2075.854
94,99,12,-5929.4663,10582.1758,1894.3521
92,99,12,-6084.5239,9317.9678,1714.052
90,99,12,-6073.7061,8146.688,1538.5601
88,99,12,-5942.688,7097.376,1376.29
86,99,12,-5722.7222,6164.2241,1227.2421
84,99,12,-5453.4741,5356.9121,1092.618
82,99,12,-5148.166,4646.3999,970.014
80,99,12,-4835.646,4042.3679,861.834
80,101,12,-5411.4043,4046.24,935.156
82,101,12,-5826.0942,4692.8638,1057.76
84,101,12,-6245.5923,5461.4561,1199.5961
86,101,12,-6647.0601,6365.5679,1361.866
88,101,12,-7011.2661,7428.4321,1545.772
90,101,12,-7293.7363,8659.7275,1748.91
92,101,12,-7441.582,10059.4561,1967.6741
94,101,12,-7399.5122,11625.6797,2200.8621
96,101,12,-7091.8003,13280.96,2437.656
98,101,12,-6467.9619,14996.2559,2674.45
100,101,12,-5490.7363,16641.8555,2894.416
102,101,12,-4140.8901,18124.832,3084.332
104,101,12,-2464.1001,19309.6641,3233.3801
106,101,12,-554.122,20086.0,3323.53
108,101,12,1530.146,20405.4395,3357.186
110,101,12,3655.282,20233.1367,3324.7322
112,101,12,5707.0962,19576.832,3226.168
114,101,12,7585.8223,18448.1445,3067.5042
116,101,12,9177.2705,16949.6797,2857.1541
118,101,12,10432.1582,15168.5596,2605.936
120,101,12,11310.8203,13236.4316,2331.8801
122,101,12,11825.2764,11281.0723,2049.4102
124,101,12,12018.7979,9405.0879,1769.344
126,101,12,11970.7178,7691.728,1500.0961
128,101,12,11762.7725,6166.1602,1250.0801
130,101,12,11464.6758,4845.8081,1016.892
132,101,12,11137.7324,3707.4399,802.936
134,101,12,10828.8184,2727.824,603.404
136,101,12,10578.8018,1881.792,420.7
138,101,12,10402.1084,1124.816,247.612
140,101,12,10320.3721,422.048,81.736
142,101,12,10337.2002,-261.36,-84.14
144,101,12,10451.3906,-962.192,-253.622
146,101,12,10656.9326,-1717.2319,-430.316
148,101,12,10952.624,-2572.9441,-620.232
150,101,12,11302.4063,-3546.752,-822.168
152,101,12,11682.2383,-4690.9277,-1045.74
154,101,12,12041.6357,-6038.3838,-1294.5541
156,101,12,12314.4902,-7594.9277,-1562.6
158,101,12,12422.6699,-9364.4316,-1847.474
160,101,12,12296.46,-11310.1123,-2146.772
162,101,12,11843.3066,-13364.208,-2449.676
164,101,12,11000.7041,-15404.752,-2740.5601
166,101,12,9763.8457,-17303.9687,-3006.2021
168,101,12,8142.3481,-18945.6953,-3233.3801
170,101,12,6227.562,-20192.4805,-3405.2661
172,101,12,4104.8301,-20928.1602,-3518.2542
174,101,12,1881.13,-21114.0156,-3566.334
176,101,12,-302.904,-20951.3926,-3539.8901
178,101,12,-2342.698,-20264.1113,-3448.5381
180,101,12,-4133.6782,-19090.8965,-3300.6921
182,101,12,-5606.1279,-17555.6484,-3095.1501
184,101,12,-6681.918,-15822.9277,-2857.1541
186,101,12,-7365.856,-14016.6396,-2598.7241
188,101,12,-7708.4263,-12223.9043,-2331.8801
190,101,12,-7760.1123,-10558.9443,-2072.248
192,101,12,-7600.2461,-9062.416,-1828.2421
194,101,12,-7294.938,-7745.936,-1603.468
196,101,12,-6904.2881,-6624.9922,-1402.734
198,101,12,-6467.9619,-5670.5439,-1226.04
200,101,12,-6022.02,-4867.104,-1070.9821
202,101,12,-5580.8862,-4189.5039,-936.358
204,101,12,-5158.9839,-3618.384,-819.764
206,101,12,-4764.728,-3142.1279,-718.796
206,103,12,-5203.458,-3039.52,-769.28
204,103,12,-5675.8442,-3519.6479,-877.46
202,103,12,-6199.916,-4106.2559,-1009.68
200,103,12,-6766.0581,-4814.832,-1163.536
198,103,12,-7364.6543,-5674.416,-1343.8361
196,103,12,-7981.2803,-6719.856,-1554.186
194,103,12,-8577.4717,-7976.3198,-1794.5861
192,103,12,-9117.1699,-9496.0801,-2072.248
190,103,12,-9507.8203,-11288.8164,-2378.7581
188,103,12,-9656.8682,-13356.4639,-2711.7122
186,103,12,-9448.9219,-15639.0078,-3056.686
184,103,12,-8779.4082,-18008.6719,-3398.054
182,103,12,-7570.1963,-20316.3848,-3715.3821
180,103,12,-5792.438,-21719.9844,-3990.6401
178,103,12,-3551.9102,-22211.7285,-4199.7881
176,103,12,-968.812,-22252.3848,-4332.0083
174,103,12,1801.798,-22265.9355,-4371.6743
172,103,12,4630.104,-22260.127,-4322.3921
170,103,12,7322.584,-22227.2168,-4174.5459
168,103,12,9753.0283,-21789.6797,-3946.166
166,103,12,11759.166,-20358.9766,-3649.272
164,103,12,13057.3262,-17890.5762,-3301.894
162,103,12,13575.3887,-15238.2559,-2924.4661
160,103,12,13683.5684,-12611.1035,-2538.624
158,103,12,13676.3564,-10187.2324,-2163.6001
156,103,12,13576.5898,-8049.8882,-1811.4141
154,103,12,13349.4121,-6245.5361,-1490.48
152,103,12,12907.0762,-4737.3921,-1198.394
150,103,12,12426.2764,-3509.968,-937.56
148,103,12,11911.8203,-2495.5039,-704.372
146,103,12,11487.5146,-1649.472,-492.82
144,103,12,11193.0244,-919.6,-296.894
142,103,12,11035.5625,-257.488,-111.786
140,103,12,11021.1387,385.264,69.716
138,103,12,11138.9346,1049.312,253.622
136,103,12,11393.7578,1781.12,445.942
134,103,12,11766.3779,2621.344,652.686
132,103,12,12231.5518,3630.0,878.662
130,103,12,12701.5342,4847.7441,1129.88
128,103,12,13107.8105,6321.04,1408.744
126,103,12,13420.3301,8092.48,1714.052
124,103,12,13539.3281,10156.2559,2047.006
122,103,12,13533.3184,12491.0723,2400.394
120,103,12,13326.5742,14998.1924,2764.6001
118,103,12,12611.3838,17514.9922,3116.7861
116,103,12,11189.418,19857.5527,3443.73
114,103,12,9218.1377,21435.3926,3718.988
112,103,12,6830.9663,22138.1602,3931.7422
110,103,12,4202.1919,22233.0234,4066.366
108,103,12,1490.48,22246.5762,4112.042
106,103,12,-1167.142,22223.3437,4066.366
104,103,12,-3586.7681,21963.9199,3940.156
102,103,12,-5671.0361,21129.5039,3738.22
100,103,12,-7298.5439,19301.9199,3487.002
98,103,12,-8420.0098,17098.752,3192.512
96,103,12,-9052.2617,14862.6719,2882.396
94,103,12,-9251.7939,12756.3037,2575.886
92,103,12,-9125.584,10828.0479,2278.9919
90,103,12,-8777.0039,9143.7275,2003.734
88,103,12,-8292.5986,7713.0239,1756.1221
86,103,12,-7738.4761,6503.0239,1533.7521
84,103,12,-7169.9302,5507.9199,1341.432
82,103,12,-6602.5859,4675.4399,1171.9501
80,103,12,-6064.0903,3986.2239,1025.306
80,105,12,-6698.7461,3841.0239,1101.032
82,105,12,-7368.2603,4543.792,1264.504
84,105,12,-8105.0859,5409.1841,1456.824
86,105,12,-8885.1846,6477.856,1684.0021
88,105,12,-9690.5244,7804.0161,1948.442
90,105,12,-10475.4307,9438.0,2256.1541
92,105,12,-11137.7324,11416.5918,2598.7241
94,105,12,-11565.6445,13776.5762,2979.7581
96,105,12,-11601.7041,16463.7441,3380.0242
98,105,12,-11069.2178,19418.0801,3791.1082
100,105,12,-9860.0059,21706.4316,4186.5659
102,105,12,-7895.938,22260.127,4536.3481
104,105,12,-5275.5781,22296.9121,4820.02
106,105,12,-2164.802,22320.1445,5002.7241
108,105,12,1246.474,22318.207,5074.8442
110,105,12,4763.5259,22318.207,5023.1582
112,105,12,8148.3579,22316.2715,4848.8682
114,105,12,11197.832,22285.2949,4565.1963
116,105,12,13368.6445,22194.3047,4202.1919
118,105,12,13843.4346,20457.7109,3774.28
120,105,12,13856.6563,17143.2793,3317.52
122,105,12,13875.8887,13894.6719,2851.144
124,105,12,13863.8682,10948.0801,2404.0
126,105,12,13854.252,8444.832,1990.5121
128,105,12,13809.7783,6400.416,1620.296
130,105,12,13588.6104,4760.624,1290.948
132,105,12,13165.5059,3475.1199,1000.064
134,105,12,12649.8486,2464.5281,742.836
136,105,12,12179.8662,1657.2159,514.456
138,105,12,11825.2764,981.552,304.106
140,105,12,11653.3906,385.264,103.372
142,105,12,11663.0059,-181.984,-94.958
144,105,12,11867.3467,-768.592,-295.692
146,105,12,12254.3906,-1430.704,-510.85
148,105,12,12744.8066,-2226.3999,-747.644
150,105,12,13302.5342,-3223.4399,-1012.084
152,105,12,13649.9121,-4501.2002,-1312.584
154,105,12,13838.626,-6139.0562,-1653.952
156,105,12,13861.4639,-8202.832,-2042.198
158,105,12,13872.2822,-10775.7764,-2476.1201
160,105,12,13879.4941,-13823.04,-2949.708
162,105,12,13872.2822,-17218.7832,-3444.9321
164,105,12,13859.0605,-20709.3926,-3940.156
166,105,12,13685.9727,-22205.9199,-4399.3203
168,105,12,12084.9082,-22281.4238,-4800.7881
170,105,12,8974.1318,-22306.5918,-5104.894
172,105,12,5472.7061,-22308.5273,-5300.8203
174,105,12,1819.828,-22308.5273,-5376.5459
176,105,12,-1756.1221,-22306.5918,-5330.8701
178,105,12,-5097.6821,-22298.8477,-5168.6001
180,105,12,-7960.8462,-22265.9355,-4890.938
182,105,12,-10152.0918,-22198.1758,-4525.5303
184,105,12,-11554.8262,-20639.6953,-4102.4263
186,105,12,-12171.4521,-17501.4395,-3648.0701
188,105,12,-12154.624,-14572.2715,-3194.916
190,105,12,-11696.6621,-12009.0078,-2765.802
192,105,12,-10970.6543,-9869.7275,-2376.354
194,105,12,-10118.4365,-8125.3921,-2036.188
196,105,12,-9245.7842,-6729.5361,-1741.698
198,105,12,-8398.374,-5600.8481,-1489.2781
200,105,12,-7611.064,-4698.6719,-1277.7261
202,105,12,-6892.2681,-3968.8,-1099.8301
204,105,12,-6245.5923,-3374.448,-949.58
206,105,12,-5674.6421,-2892.384,-824.572
206,107,12,-6100.1499,-2673.616,-870.248
204,107,12,-6758.8462,-3130.512,-1006.074
202,107,12,-7524.52,-3705.5039,-1173.152
200,107,12,-8399.5762,-4417.9521,-1372.6841
198,107,12,-9393.6299,-5325.936,-1611.8821
196,107,12,-10509.0859,-6477.856,-1903.968
194,107,12,-11723.1064,-7955.0239,-2247.74
192,107,12,-12884.2383,-9875.5361,-2662.4299
190,107,12,-13600.6299,-12336.1924,-3143.23
188,107,12,-13832.6162,-15447.3438,-3687.7361
186,107,12,-13844.6367,-19212.8633,-4277.918
184,107,12,-13837.4238,-22165.2637,-4876.5142
182,107,12,-13484.0361,-22294.9766,-5442.6562
180,107,12,-11209.8525,-22335.6328,-5928.2642
178,107,12,-7476.4399,-22341.4395,-6290.0659
176,107,12,-3081.928,-22351.1191,-6517.2441
174,107,12,1597.458,-22349.1836,-6582.1523
172,107,12,6346.5601,-22349.1836,-6494.4062
170,107,12,10902.1406,-22349.1836,-6228.7642
168,107,12,13798.96,-22316.2715,-5827.2959
166,107,12,13885.5039,-22316.2715,-5308.0322
164,107,12,13899.9287,-22234.959,-4702.2241
162,107,12,13904.7363,-19526.4961,-4061.5581
160,107,12,13905.9385,-15031.1035,-3430.5081
158,107,12,13899.9287,-11182.3359,-2840.3262
156,107,12,13892.7158,-8119.584,-2312.6479
154,107,12,13877.0898,-5786.7041,-1855.8881
152,107,12,13854.252,-4044.304,-1458.026
150,107,12,13760.4961,-2782.032,-1117.86
148,107,12,13450.3799,-1848.88,-824.572
146,107,12,12928.7119,-1148.048,-566.142
144,107,12,12536.8604,-600.16,-336.56
142,107,12,12291.6523,-129.712,-118.998
140,107,12,12277.2285,315.568,90.15
138,107,12,12485.1738,793.76,305.308
136,107,12,12845.7744,1357.136,532.486
134,107,12,13351.8164,2069.584,782.502
132,107,12,13693.1846,3020.1599,1069.78
130,107,12,13847.04,4299.856,1400.3301
128,107,12,13874.6865,6036.4478,1786.172
126,107,12,13884.3027,8349.9678,2232.114
124,107,12,13893.918,11329.4717,2736.9541
122,107,12,13898.7266,15040.7842,3299.49
120,107,12,13897.5244,19329.0234,3896.884
118,107,12,13893.918,22209.791,4499.0859
116,107,12,13869.8779,22298.8477,5066.4302
114,107,12,13570.5801,22331.7598,5555.644
112,107,12,10190.5566,22353.0566,5933.0723
110,107,12,5743.1562,22364.6719,6166.2603
108,107,12,1115.4561,22356.9277,6228.7642
106,107,12,-3384.832,22356.9277,6132.604
104,107,12,-7458.4102,22341.4395,5898.2139
102,107,12,-10902.1406,22322.0801,5524.3921
100,107,12,-13142.668,22277.5527,5064.0259
98,107,12,-13719.6279,21617.375,4543.5601
96,107,12,-13798.96,18277.7754,4001.458
94,107,12,-13691.9824,14818.1436,3483.396
92,107,12,-13366.2402,11919.9521,3001.394
90,107,12,-12542.8701,9598.6875,2573.4819
88,107,12,-11402.1719,7771.104,2202.064
86,107,12,-10259.0703,6332.6558,1883.5341
84,107,12,-9208.5225,5215.584,1617.8921
82,107,12,-8262.5479,4328.896,1390.714
80,107,12,-7412.7344,3622.2559,1199.5961
80,109,12,-8031.7642,3285.3921,1270.514
82,109,12,-9025.8184,3943.6321,1479.662
84,109,12,-10180.9404,4791.6001,1732.082
86,109,12,-11519.9678,5891.248,2036.188
88,109,12,-12913.0859,7347.1201,2407.606
90,109,12,-13730.4463,9273.4404,2845.134
92,109,12,-13854.252,11854.1279,3359.5901
94,109,12,-13880.6963,15284.7197,3956.9841
96,109,12,-13887.9082,19660.0801,4615.6802
98,109,12,-13885.5039,22256.2559,5315.2441
100,109,12,-13881.8984,22322.0801,6003.9902
102,109,12,-13820.5967,22353.0566,6624.2222
104,109,12,-10733.8604,22376.2871,7124.2539
106,109,12,-5261.1543,22385.9687,7459.6123
108,109,12,638.262,22376.2871,7597.8423
110,109,12,6650.666,22376.2871,7518.5103
112,109,12,12459.9326,22374.3516,7216.8081
114,109,12,13881.8984,22364.6719,6748.0283
116,109,12,13911.9482,22351.1191,6110.9683
118,109,12,13922.7666,22306.5918,5370.5361
120,109,12,13920.3623,21412.1602,4592.8423
122,109,12,13919.1602,16035.8877,3831.9761
124,109,12,13914.3525,11315.9199,3133.614
126,109,12,13905.9385,7794.3359,2521.7961
128,109,12,13895.1201,5265.9199,1994.118
130,109,12,13874.6865,3523.52,1550.5801
132,109,12,13848.2422,2330.9441,1181.566
134,109,12,13664.3359,1515.8879,865.44
136,109,12,13298.9287,956.384,597.394
138,109,12,12860.1982,555.632,355.792
140,109,12,12636.626,243.936,129.816
142,109,12,12648.6465,-32.912,-87.746
144,109,12,12880.6318,-331.056,-313.722
146,109,12,13342.2002,-708.576,-558.93
148,109,12,13688.376,-1229.36,-834.188
150,109,12,13855.4541,-1992.144,-1153.92
152,109,12,13878.292,-3126.6399,-1530.146
154,109,12,13896.3223,-4820.6401,-1980.896
156,109,12,13901.1299,-7304.5278,-2512.1799
158,109,12,13911.9482,-10847.4082,-3132.4121
160,109,12,13919.1602,-15668.0479,-3846.4001
162,109,12,13920.3623,-21346.3359,-4637.3159
164,109,12,13917.958,-22302.7207,-5461.8882
166,109,12,13913.1504,-22331.7598,-6255.208
168,109,12,13892.7158,-22351.1191,-6955.9741
170,109,12,13408.3105,-22354.9922,-7492.0659
172,109,12,7767.3242,-22366.6074,-7826.2222
174,109,12,1507.308,-22368.543,-7968.0581
176,109,12,-4590.438,-22364.6719,-7910.3623
178,109,12,-10465.8145,-22360.8008,-7647.124
180,109,12,-13842.2324,-22353.0566,-7199.98
182,109,12,-13886.7061,-22345.3125,-6572.5361
184,109,12,-13893.918,-22277.5527,-5824.8921
186,109,12,-13892.7158,-20821.6797,-5037.582
188,109,12,-13887.9082,-16045.5684,-4275.5142
190,109,12,-13871.0801,-12332.3203,-3589.1721
192,109,12,-13841.0303,-9579.3281,-2997.7881
194,109,12,-13303.7363,-7540.7197,-2500.1602
196,109,12,-11944.2744,-6042.2559,-2090.2781
198,109,12,-10517.5,-4909.6958,-1752.516
200,109,12,-9286.6523,-4044.304,-1477.2581
202,109,12,-8230.0938,-3368.6399,-1251.282
204,109,12,-7326.1899,-2832.3679,-1066.1741
206,109,12,-6554.5063,-2404.512,-915.924
206,111,12,-6905.4902,-2069.584,-951.984
204,111,12,-7750.4961,-2437.4241,-1110.6481
202,111,12,-8761.3779,-2900.1279,-1306.574
200,111,12,-9963.3779,-3484.8,-1549.3781
198,111,12,-11402.1719,-4245.6479,-1848.676
196,111,12,-12980.3984,-5256.2397,-2223.7
194,111,12,-13827.8086,-6630.7998,-2685.2681
192,111,12,-13873.4844,-8578.416,-3258.6221
190,111,12,-13895.1201,-11401.1035,-3962.9941
188,111,12,-13904.7363,-15534.4639,-4804.394
186,111,12,-13909.5439,-21255.3437,-5770.8022
184,111,12,-13911.9482,-22308.5273,-6794.9062
182,111,12,-13913.1504,-22358.8633,-7767.3242
180,111,12,-13899.9287,-22358.8633,-8560.6445
178,111,12,-13782.1318,-22370.4805,-9099.1406
176,111,12,-6930.7319,-22370.4805,-9375.6006
174,111,12,1109.446,-22368.543,-9424.8818
172,111,12,9081.1104,-22372.416,-9219.3398
170,111,12,13868.6758,-22380.1602,-8787.8223
168,111,12,13915.5547,-22374.3516,-8112.2983
166,111,12,13922.7666,-22364.6719,-7209.5962
164,111,12,13923.9678,-22331.7598,-6189.0981
162,111,12,13929.9785,-22198.1758,-5158.9839
160,111,12,13923.9678,-15520.9121,-4211.8081
158,111,12,13926.3721,-9587.0723,-3386.0342
156,111,12,13915.5547,-5680.2241,-2682.864
154,111,12,13902.332,-3256.3521,-2097.49
152,111,12,13886.7061,-1790.8,-1609.478
150,111,12,13866.2725,-927.344,-1208.01
148,111,12,13819.3945,-433.664,-871.45
146,111,12,13528.5098,-160.688,-586.576
144,111,12,13100.5986,-19.36,-335.358
142,111,12,12814.5225,56.144,-104.574
140,111,12,12802.502,116.16,117.796
138,111,12,13052.5186,205.216,346.176
136,111,12,13502.0664,379.456,594.99
134,111,12,13800.1621,693.088,876.258
132,111,12,13866.2725,1254.528,1211.616
130,111,12,13883.1006,2197.3601,1611.8821
128,111,12,13902.332,3742.2881,2101.0959
126,111,12,13914.3525,6247.4722,2698.49
124,111,12,13921.5645,10140.7676,3411.2761
122,111,12,13925.1699,15946.832,4245.4639
120,111,12,13927.5742,22196.2402,5180.6201
118,111,12,13921.5645,22335.6328,6163.856
116,111,12,13925.1699,22382.0957,7123.0522
114,111,12,13908.3418,22372.416,7954.8359
112,111,12,13845.8379,22380.1602,8591.8965
110,111,12,8203.6504,22387.9043,8974.1318
108,111,12,385.842,22389.8398,9078.7061
106,111,12,-7431.9663,22378.2246,8909.2246
104,111,12,-13776.1221,22382.0957,8506.5537
102,111,12,-13897.5244,22366.6074,7882.7163
100,111,12,-13905.9385,22349.1836,7095.4062
98,111,12,-13909.5439,22298.8477,6214.3403
96,111,12,-13910.7461,20682.2871,5322.4561
94,111,12,-13898.7266,15207.2803,4497.8843
92,111,12,-13889.1104,11283.0078,3769.4722
90,111,12,-13871.0801,8551.3115,3150.4421
88,111,12,-13773.7178,6636.6079,2635.9861
86,111,12,-12844.5723,5252.3682,2212.8821
84,111,12,-11308.416,4239.8398,1869.11
82,111,12,-9911.6924,3469.312,1585.438
80,111,12,-8739.7422,2880.7681,1349.8461
80,113,12,-9226.5518,2342.5601,1407.542
82,113,12,-10517.5,2813.0081,1652.75
84,113,12,-12092.1201,3424.7839,1955.6541
86,113,12,-13526.1064,4235.9678,2327.072
88,113,12,-13854.252,5372.3999,2792.2461
90,113,12,-13887.9082,7010.2559,3365.6001
92,113,12,-13907.1406,9490.2715,4065.1641
94,113,12,-13910.7461,13451.3281,4912.5742
96,113,12,-13914.3525,19832.3848,5900.6182
98,113,12,-13915.5547,22322.0801,6994.438
100,113,12,-13921.5645,22380.1602,8088.2583
102,113,12,-13916.7559,22387.9043,9060.6758
104,113,12,-13898.7266,22385.9687,9810.7246
106,113,12,-10409.3203,22380.1602,10305.9482
108,113,12,-246.41,22385.9687,10539.1357
110,113,12,9616.0,22382.0957,10418.9365
112,113,12,13896.3223,22393.7109,9968.1865
114,113,12,13920.3623,22384.0312,9180.876
116,113,12,13921.5645,22376.2871,8133.9341
118,113,12,13931.1807,22360.8008,6931.9341
120,113,12,13937.1904,22258.1914,5720.3179
122,113,12,13920.3623,14148.2881,4614.478
124,113,12,13922.7666,7292.9121,3651.676
126,113,12,13917.958,3469.312,2855.9521
128,113,12,13905.9385,1401.6639,2199.6602
130,113,12,13891.5146,342.672,1673.1841
132,113,12,13873.4844,-158.752,1248.8781
134,113,12,13835.0205,-332.992,901.5
136,113,12,13535.7227,-321.376,614.222
138,113,12,13063.3359,-199.408,363.004
140,113,12,12766.4424,-21.296,134.624
142,113,12,12770.0479,183.92,-84.14
144,113,12,13069.3467,383.328,-312.52
146,113,12,13544.1367,545.952,-560.132
148,113,12,13836.2227,621.456,-847.41
150,113,12,13874.6865,538.208,-1188.7781
152,113,12,13896.3223,181.984,-1601.0641
154,113,12,13908.3418,-693.088,-2097.49
156,113,12,13917.958,-2497.4399,-2708.106
158,113,12,13923.9678,-6050.0,-3437.72
160,113,12,13925.1699,-12764.0479,-4306.7661
162,113,12,13932.3818,-22215.5996,-5334.4761
164,113,12,13923.9678,-22358.8633,-6559.314
166,113,12,13931.1807,-22372.416,-7880.312
168,113,12,13922.7666,-22374.3516,-9055.8682
170,113,12,13902.332,-22376.2871,-9910.4902
172,113,12,11037.9658,-22382.0957,-10429.7539
174,113,12,1210.4141,-22382.0957,-10712.2246
176,113,12,-8992.1621,-22380.1602,-10780.7383
178,113,12,-13898.7266,-22376.2871,-10569.1865
180,113,12,-13913.1504,-22378.2246,-10047.5186
182,113,12,-13921.5645,-22368.543,-9132.7959
184,113,12,-13921.5645,-22329.8242,-7876.7061
186,113,12,-13916.7559,-20444.1602,-6534.0723
188,113,12,-13910.7461,-13519.0879,-5318.8501
190,113,12,-13901.1299,-9412.832,-4312.7759
192,113,12,-13896.3223,-6903.7759,-3501.426
194,113,12,-13863.8682,-5281.4082,-2857.1541
196,113,12,-13633.084,-4179.8242,-2349.9102
198,113,12,-12346.9443,-3384.1279,-1946.0381
200,113,12,-10708.6182,-2789.7759,-1619.094
202,113,12,-9358.7725,-2325.136,-1358.26
204,113,12,-8242.1143,-1961.168,-1147.91
206,113,12,-7309.3623,-1668.832,-978.428
206,115,12,-7532.9341,-1246.7839,-998.862
204,115,12,-8494.5342,-1450.064,-1173.152
202,115,12,-9656.8682,-1699.808,-1388.3101
200,115,12,-11087.248,-2001.824,-1658.76
198,115,12,-12742.4023,-2379.344,-1996.5221
196,115,12,-13800.1621,-2853.6641,-2419.626
194,115,12,-13873.4844,-3500.2881,-2949.708
192,115,12,-13899.9287,-4441.1841,-3630.04
190,115,12,-13914.3525,-5964.8159,-4500.2881
188,115,12,-13919.1602,-8764.2715,-5618.1479
186,115,12,-13921.5645,-14814.2715,-7052.1343
184,115,12,-13927.5742,-22306.5918,-8838.3066
182,115,12,-13928.7764,-22368.543,-10159.3037
180,115,12,-13920.3623,-22384.0312,-11525.9785
178,115,12,-13910.7461,-22387.9043,-11743.54
176,115,12,-10922.5742,-22387.9043,-11718.2979
174,115,12,1263.302,-22399.5195,-11458.666
172,115,12,12282.0361,-22382.0957,-11023.542
170,115,12,13910.7461,-22380.1602,-10503.0762
168,115,12,13919.1602,-22378.2246,-9575.1318
166,115,12,13937.1904,-22366.6074,-8000.5122
164,115,12,13934.7861,-22354.9922,-4690.2041
162,115,12,13944.4023,-20376.4004,-4144.4961
160,115,12,13933.584,-5660.8638,-4056.75
158,115,12,13929.9785,67.76,-3294.6821
156,115,12,13919.1602,2067.6479,-2611.946
154,115,12,13910.7461,2627.1521,-2024.1681
152,115,12,13898.7266,2571.0081,-1537.358
150,115,12,13869.8779,2241.8879,-1138.2941
148,115,12,13825.4043,1804.3521,-807.744
146,115,12,13431.1484,1320.3521,-533.688
144,115,12,12818.1279,816.992,-296.894
142,115,12,12483.9727,313.632,-78.13
140,115,12,12476.7598,-185.856,131.018
138,115,12,12792.8867,-671.792,348.58
136,115,12,13403.502,-1132.5599,588.98
134,115,12,13814.5859,-1548.8,869.046
132,115,12,13865.0703,-1887.6,1209.212
130,115,12,13893.918,-2059.9041,1629.912
128,115,12,13905.9385,-1887.6,2161.196
126,115,12,13917.958,-985.424,2829.5081
124,115,12,13926.3721,1546.864,3648.0701
122,115,12,13925.1699,7914.3682,4646.9321
120,115,12,13938.3926,21762.5762,5630.168
118,115,12,13939.5947,22385.9687,6334.54
116,115,12,13928.7764,22380.1602,8701.2783
114,115,12,13923.9678,22387.9043,9995.832
112,115,12,13904.7363,22385.9687,10939.4023
110,115,12,11486.3125,22405.3281,11447.8486
108,115,12,-79.332,22393.7109,11510.3525
106,115,12,-12510.416,22393.7109,11235.0938
104,115,12,-13908.3418,22397.584,10700.2041
102,115,12,-13923.9678,22391.7754,9972.9941
100,115,12,-13926.3721,22380.1602,8922.4463
98,115,12,-13925.1699,22302.7207,7627.8921
96,115,12,-13921.5645,15786.1436,6350.166
94,115,12,-13911.9482,9602.5596,5235.9121
92,115,12,-13908.3418,6508.832,4300.7559
90,115,12,-13895.1201,4799.3437,3544.698
88,115,12,-13869.8779,3728.7361,2949.708
86,115,12,-13765.3047,3002.7361,2452.0801
84,115,12,-12659.4639,2474.208,2055.4199
82,115,12,-10980.2705,2056.032,1723.6681
80,115,12,-9565.5166,1726.912,1458.026
80,117,12,-9801.1084,1080.288,1492.884
82,117,12,-11236.2959,1237.104,1760.9301
84,117,12,-12889.0459,1409.408,2093.884
86,117,12,-13829.0098,1599.136,2502.564
88,117,12,-13881.8984,1800.48,3007.4041
90,117,12,-13903.5342,2023.12,3634.8481
92,117,12,-13911.9482,2323.2,4406.5322
94,117,12,-13916.7559,2987.248,5335.6782
96,117,12,-13925.1699,5252.3682,6435.5083
98,117,12,-13935.9883,15362.1602,5475.1099
100,117,12,-13938.3926,22380.1602,5116.9141
102,117,12,-13929.9785,22401.4551,9599.1719
104,117,12,-13917.958,22422.752,10692.9922
106,117,12,-13024.8721,22415.0078,11185.8125
108,117,12,477.194,22420.8164,11717.0967
110,117,12,12512.8203,22411.1367,11866.1445
112,117,12,13916.7559,22409.1992,11491.1201
114,117,12,13932.3818,22422.752,10414.1279
116,117,12,13934.7861,22393.7109,6912.7021
118,117,12,13952.8164,22397.584,3599.99
120,117,12,13951.6143,6743.0879,3192.512
122,117,12,13943.2002,-6415.9038,4358.4521
124,117,12,13928.7764,-7726.5762,3470.1741
126,117,12,13921.5645,-6996.7041,2692.48
128,117,12,13910.7461,-5916.416,2053.0161
130,117,12,13892.7158,-4818.7041,1543.368
132,117,12,13861.4639,-3800.3679,1143.1021
134,117,12,13661.9326,-2859.4719,824.572
136,117,12,12962.3682,-1990.208,562.536
138,117,12,12259.1982,-1157.728,340.166
140,117,12,11848.1143,-352.352,139.432
142,117,12,11852.9219,451.088,-51.686
144,117,12,12256.7939,1270.016,-248.814
146,117,12,12951.5498,2129.6001,-465.174
148,117,12,13649.9121,3058.8799,-717.594
150,117,12,13857.8584,4079.1521,-1019.296
152,117,12,13886.7061,5227.2002,-1385.906
154,117,12,13910.7461,6541.7441,-1828.2421
156,117,12,13923.9678,8022.7842,-2348.708
158,117,12,13926.3721,9556.0957,-2922.062
160,117,12,13939.5947,10131.0879,-3402.8621
162,117,12,13948.0078,1908.896,-1936.422
164,117,12,13949.21,-22370.4805,-1900.3621
166,117,12,13948.0078,-22409.1992,-5237.1143
168,117,12,13933.584,-22411.1367,-9867.2178
170,117,12,13922.7666,-22415.0078,-10636.498
172,117,12,12707.5439,-22401.4551,-10378.0684
174,117,12,3079.5242,-22405.3281,-11470.6865
176,117,12,-9569.1221,-22407.2637,-12300.0664
178,117,12,-13911.9482,-22405.3281,-12623.4043
180,117,12,-13931.1807,-22407.2637,-12533.2539
182,117,12,-13939.5947,-22384.0312,-6127.7959
184,117,12,-13938.3926,-10084.624,-6100.1499
186,117,12,-13926.3721,-2342.5601,-7175.9399
188,117,12,-13920.3623,-1529.4399,-5659.0161
190,117,12,-13911.9482,-1525.568,-4533.9438
192,117,12,-13901.1299,-1537.184,-3652.8782
194,117,12,-13879.4941,-1486.848,-2972.5461
196,117,12,-13833.8184,-1386.176,-2435.252
198,117,12,-12980.3984,-1258.4,-2009.744
200,117,12,-11336.0625,-1130.624,-1670.78
202,117,12,-9866.0166,-1000.912,-1400.3301
204,117,12,-8648.3906,-880.88,-1180.364
206,117,12,-7627.8921,-770.528,-998.862
206,117,14,-7412.7344,-751.168,-1439.996
204,117,14,-8355.1025,-855.712,-1691.214
202,117,14,-9499.4063,-971.872,-2001.3301
200,117,14,-10888.918,-1095.776,-2385.97
198,117,14,-12562.1025,-1219.6801,-2863.1641
196,117,14,-13732.8506,-1337.776,-3459.356
194,117,14,-13872.2822,-1424.896,-4211.8081
192,117,14,-13892.7158,-1479.104,-5169.8022
190,117,14,-13913.1504,-1473.296,-6389.832
188,117,14,-13916.7559,-1498.464,-7974.0684
186,117,14,-13932.3818,-2226.3999,-10053.5283
184,117,14,-13938.3926,-8948.1924,-8737.3379
182,117,14,-13937.1904,-22368.543,-8048.5923
180,117,14,-13933.584,-22405.3281,-13842.2324
178,117,14,-13914.3525,-22407.2637,-13874.6865
176,117,14,-10226.6162,-22411.1367,-13885.5039
174,117,14,1246.474,-22407.2637,-13868.6758
172,117,14,12914.2881,-22407.2637,-13862.666
170,117,14,13920.3623,-22403.3926,-13865.0703
168,117,14,13931.1807,-22401.4551,-13786.9404
166,117,14,13948.0078,-22399.5195,-10521.1064
164,117,14,13951.6143,-22380.1602,-4452.208
162,117,14,13950.4121,-77.44,-4128.8701
160,117,14,13944.4023,9453.4883,-6189.0981
158,117,14,13928.7764,9141.792,-4942.624
156,117,14,13922.7666,7722.7041,-3812.7441
154,117,14,13914.3525,6328.7842,-2887.2041
152,117,14,13890.3125,5070.3838,-2150.3779
150,117,14,13862.666,3962.9919,-1571.014
148,117,14,13575.3887,2977.5679,-1110.6481
146,117,14,12747.21,2077.3279,-733.22
144,117,14,12012.7881,1248.72,-411.084
142,117,14,11605.3105,449.152,-117.796
140,117,14,11590.8857,-331.056,165.876
138,117,14,11967.1123,-1119.0079,459.164
136,117,14,12693.1201,-1930.192,786.108
134,117,14,13550.1465,-2772.3521,1168.344
132,117,14,13855.4541,-3690.0159,1643.134
130,117,14,13895.1201,-4679.312,2241.73
128,117,14,13914.3525,-5722.8159,3015.8181
126,117,14,13922.7666,-6764.3838,4019.488
124,117,14,13934.7861,-7438.1118,5277.9819
122,117,14,13940.7959,-6040.3198,6823.7539
120,117,14,13950.4121,6878.6079,5178.2163
118,117,14,13950.4121,22389.8398,5656.6123
116,117,14,13945.6045,22401.4551,10789.1523
114,117,14,13932.3818,22409.1992,13616.2559
112,117,14,13917.958,22422.752,13851.8486
110,117,14,12562.1025,22418.8789,13866.2725
108,117,14,1363.068,22415.0078,13862.666
106,117,14,-12038.0303,22413.0723,13844.6367
104,117,14,-13917.958,22424.6875,13696.79
102,117,14,-13935.9883,22416.9434,13146.2744
100,117,14,-13944.4023,22391.7754,7709.6279
98,117,14,-13938.3926,15418.3037,8397.1719
96,117,14,-13927.5742,5120.7202,9641.2422
94,117,14,-13915.5547,2892.384,7859.8779
92,117,14,-13914.3525,2230.272,6391.0342
90,117,14,-13898.7266,1924.384,5217.8823
88,117,14,-13880.6963,1715.296,4291.1401
86,117,14,-13741.2646,1517.824,3550.708
84,117,14,-12596.96,1333.9041,2961.728
82,117,14,-10930.9883,1165.472,2483.332
80,117,14,-9525.8506,1008.656,2089.0759
80,115,14,-9291.46,1632.048,2036.188
82,115,14,-10606.4482,1939.8719,2406.4041
84,115,14,-12230.3506,2327.072,2867.9722
86,115,14,-13600.6299,2834.304,3437.72
88,115,14,-13868.6758,3531.2639,4155.314
90,115,14,-13897.5244,4551.5361,5062.8242
92,115,14,-13909.5439,6195.2002,6204.7241
94,115,14,-13914.3525,9165.0244,7629.0942
96,115,14,-13921.5645,15112.416,9365.9844
98,115,14,-13922.7666,22291.1035,11363.708
100,115,14,-13929.9785,22387.9043,12815.7246
102,115,14,-13923.9678,22399.5195,13560.9639
104,115,14,-13909.5439,22399.5195,13841.0303
106,115,14,-12280.834,22403.3926,13865.0703
108,115,14,-91.352,22415.0078,13871.0801
110,115,14,10945.4121,22407.2637,13871.0801
112,115,14,13910.7461,22411.1367,13861.4639
114,115,14,13931.1807,22401.4551,13642.7002
116,115,14,13938.3926,22401.4551,12890.248
118,115,14,13946.8066,22374.3516,10132.8604
120,115,14,13940.7959,21783.8711,8852.7305
122,115,14,13934.7861,7790.4639,7198.7783
124,115,14,13926.3721,1432.64,5567.6641
126,115,14,13923.9678,-1041.568,4249.0703
128,115,14,13911.9482,-1891.472,3203.3301
130,115,14,13896.3223,-2046.3519,2384.7681
132,115,14,13867.4746,-1868.24,1742.9
134,115,14,13730.4463,-1533.312,1235.656
136,115,14,13194.3545,-1124.816,825.774
138,115,14,12563.3047,-671.792,473.588
140,115,14,12209.916,-197.472,151.452
142,115,14,12213.5225,288.464,-157.462
144,115,14,12572.9199,778.272,-474.79
146,115,14,13197.96,1268.08,-826.976
148,115,14,13738.8604,1744.3359,-1239.262
150,115,14,13865.0703,2174.1279,-1735.688
152,115,14,13895.1201,2491.6321,-2355.9199
154,115,14,13914.3525,2574.8799,-3146.8359
156,115,14,13922.7666,2063.7759,-4127.668
158,115,14,13928.7764,121.968,-5357.314
160,115,14,13939.5947,-5567.936,-6847.7939
162,115,14,13941.998,-20467.3926,-7478.8442
164,115,14,13943.2002,-22366.6074,-8441.6465
166,115,14,13941.998,-22382.0957,-12843.3701
168,115,14,13932.3818,-22395.6484,-13681.1641
170,115,14,13914.3525,-22397.584,-13863.8682
172,115,14,12169.0479,-22384.0312,-13872.2822
174,115,14,1174.354,-22395.6484,-13878.292
176,115,14,-10671.3564,-22395.6484,-13878.292
178,115,14,-13913.1504,-22401.4551,-13873.4844
180,115,14,-13925.1699,-22389.8398,-13848.2422
182,115,14,-13928.7764,-22370.4805,-13260.4639
184,115,14,-13931.1807,-22300.7832,-12165.4424
186,115,14,-13922.7666,-14276.0635,-9960.9746
188,115,14,-13917.958,-8423.5361,-7945.2202
190,115,14,-13911.9482,-5699.584,-6363.3882
192,115,14,-13902.332,-4243.7119,-5136.146
194,115,14,-13872.2822,-3339.6001,-4179.354
196,115,14,-13675.1543,-2720.0801,-3431.71
198,115,14,-12409.4482,-2261.248,-2839.124
200,115,14,-10738.668,-1901.152,-2365.5361
202,115,14,-9351.5605,-1622.368,-1990.5121
204,115,14,-8213.2666,-1388.1119,-1680.396
206,115,14,-7273.3022,-1196.448,-1431.582
206,113,14,-7050.9321,-1610.752,-1395.522
204,113,14,-7918.7764,-1889.536,-1632.316
202,113,14,-8972.9297,-2238.0159,-1924.402
200,113,14,-10245.8486,-2677.488,-2288.6082
198,113,14,-11801.2363,-3240.864,-2739.3582
196,113,14,-13396.29,-3992.032,-3304.2981
194,113,14,-13859.0605,-5020.0479,-4003.8621
192,113,14,-13889.1104,-6545.6157,-4900.5542
190,113,14,-13905.9385,-8897.8555,-6031.6362
188,113,14,-13914.3525,-12773.7275,-7442.7842
186,113,14,-13925.1699,-19330.959,-9155.6338
184,113,14,-13921.5645,-22320.1445,-11062.0059
182,113,14,-13926.3721,-22362.7363,-12559.6982
180,113,14,-13917.958,-22376.2871,-13340.998
178,113,14,-13893.918,-22387.9043,-13681.1641
176,113,14,-9103.9482,-22385.9687,-13825.4043
174,113,14,826.976,-22389.8398,-13848.2422
172,113,14,10342.0078,-22382.0957,-13816.9902
170,113,14,13901.1299,-22380.1602,-13652.3164
168,113,14,13925.1699,-22372.416,-13238.8281
166,113,14,13928.7764,-22378.2246,-12327.7119
164,113,14,13928.7764,-22347.248,-10668.9521
162,113,14,13935.9883,-22223.3437,-8689.2578
160,113,14,13933.584,-12796.96,-6919.9141
158,113,14,13927.5742,-6077.104,-5419.8179
156,113,14,13925.1699,-2499.376,-4188.9702
154,113,14,13911.9482,-695.024,-3205.7341
152,113,14,13893.918,170.368,-2419.626
150,113,14,13867.4746,518.848,-1795.7881
148,113,14,13801.3643,600.16,-1288.5441
146,113,14,13403.502,524.656,-865.44
144,113,14,12840.9658,369.776,-501.234
142,113,14,12530.8506,174.24,-167.078
140,113,14,12520.0322,-29.04,155.058
138,113,14,12800.0986,-209.088,488.012
136,113,14,13367.4424,-331.056,854.622
134,113,14,13762.9004,-348.48,1277.7261
132,113,14,13865.0703,-189.728,1783.7681
130,113,14,13887.9082,278.784,2413.616
128,113,14,13909.5439,1287.4399,3199.7241
126,113,14,13919.1602,3262.1599,4194.98
124,113,14,13926.3721,6938.624,5424.626
122,113,14,13933.584,13582.9756,6925.9243
120,113,14,13928.7764,22240.7676,8664.0166
118,113,14,13934.7861,22366.6074,10542.7422
116,113,14,13933.584,22389.8398,12137.7959
114,113,14,13925.1699,22389.8398,13053.7207
112,113,14,13889.1104,22389.8398,13548.9443
110,113,14,9525.8506,22391.7754,13718.4258
108,113,14,80.534,22397.584,13765.3047
106,113,14,-9720.5742,22403.3926,13687.1738
104,113,14,-13891.5146,22395.6484,13468.4102
102,113,14,-13915.5547,22393.7109,12908.2783
100,113,14,-13920.3623,22387.9043,11931.0518
98,113,14,-13922.7666,22318.207,10381.6738
96,113,14,-13920.3623,19210.9277,8678.4404
94,113,14,-13913.1504,12982.8164,7168.728
92,113,14,-13901.1299,9139.8555,5889.8003
90,113,14,-13887.9082,6733.4082,4848.8682
88,113,14,-13851.8486,5161.376,4007.468
86,113,14,-13272.4844,4071.408,3329.54
84,113,14,-11696.6621,3295.072,2787.438
82,113,14,-10174.9307,2712.3359,2348.708
80,113,14,-8923.6484,2259.312,1990.5121
80,111,14,-8439.2422,2772.3521,1894.3521
82,111,14,-9528.2539,3331.856,2221.2961
84,111,14,-10840.8379,4055.9199,2623.9661
86,111,14,-12386.6104,5012.3042,3117.988
88,111,14,-13601.832,6317.168,3723.7961
90,111,14,-13861.4639,8135.0718,4469.0361
92,111,14,-13890.3125,10723.5039,5366.9302
94,111,14,-13902.332,14454.1758,6443.9219
96,111,14,-13908.3418,19708.4805,7683.1841
98,111,14,-13914.3525,22294.9766,9034.2324
100,111,14,-13916.7559,22364.6719,10393.6943
102,111,14,-13898.7266,22380.1602,11565.6445
104,111,14,-13661.9326,22382.0957,12318.0967
106,111,14,-7290.1304,22385.9687,12719.5645
108,111,14,260.834,22385.9687,12860.1982
110,111,14,7776.9399,22376.2871,12801.2998
112,111,14,13815.7881,22382.0957,12502.002
114,111,14,13910.7461,22385.9687,11833.6904
116,111,14,13922.7666,22380.1602,10754.2939
118,111,14,13929.9785,22339.5039,9314.2979
120,111,14,13932.3818,22078.1445,7811.7983
122,111,14,13928.7764,15464.7676,6374.2061
124,111,14,13922.7666,9776.7998,5086.8643
126,111,14,13916.7559,5997.728,4003.8621
128,111,14,13905.9385,3585.4719,3102.3621
130,111,14,13885.5039,2092.8159,2369.1421
132,111,14,13856.6563,1190.64,1772.9501
134,111,14,13717.2246,656.304,1282.5341
136,111,14,13321.7666,358.16,870.248
138,111,14,12816.9258,197.472,506.042
140,111,14,12566.9102,114.224,171.886
142,111,14,12569.3145,61.952,-152.654
144,111,14,12844.5723,-1.936,-488.012
146,111,14,13349.4121,-129.712,-854.622
148,111,14,13740.0625,-385.264,-1270.514
150,111,14,13863.8682,-849.904,-1764.536
152,111,14,13887.9082,-1666.896,-2364.334
154,111,14,13905.9385,-3058.8799,-3104.7661
156,111,14,13922.7666,-5362.7202,-4011.074
158,111,14,13923.9678,-9126.3037,-5125.3281
160,111,14,13926.3721,-14897.5195,-6439.1143
162,111,14,13927.5742,-21963.9199,-7930.7964
164,111,14,13928.7764,-22327.8887,-9521.042
166,111,14,13925.1699,-22360.8008,-11036.7646
168,111,14,13913.1504,-22378.2246,-12125.7764
170,111,14,13861.4639,-22376.2871,-12743.6045
172,111,14,8938.0723,-22374.3516,-13027.2764
174,111,14,1250.0801,-22372.416,-13119.8301
176,111,14,-6484.79,-22370.4805,-13014.0547
178,111,14,-13589.8125,-22370.4805,-12731.584
180,111,14,-13904.7363,-22366.6074,-12123.3721
182,111,14,-13910.7461,-22349.1836,-11102.874
184,111,14,-13909.5439,-22293.0391,-9653.2617
186,111,14,-13919.1602,-20587.4238,-8163.9844
188,111,14,-13908.3418,-14872.3516,-6782.8862
190,111,14,-13895.1201,-10919.04,-5591.7041
192,111,14,-13871.0801,-8220.2559,-4602.458
194,111,14,-13732.8506,-6365.5679,-3800.7241
196,111,14,-12682.3018,-5056.832,-3156.4521
198,111,14,-11089.6523,-4090.7681,-2626.3701
200,111,14,-9716.9678,-3364.7681,-2205.6699
202,111,14,-8559.4424,-2797.52,-1860.696
204,111,14,-7584.6201,-2354.176,-1584.2361
206,111,14,-6766.0581,-2003.76,-1355.8561
206,109,14,-6417.478,-2330.9441,-1301.766
204,109,14,-7132.668,-2735.5679,-1507.308
202,109,14,-7981.2803,-3246.6719,-1762.1321
200,109,14,-8972.9297,-3889.4241,-2073.45
198,109,14,-10129.2539,-4710.2881,-2452.0801
196,109,14,-11477.8984,-5780.896,-2914.8501
194,109,14,-12890.248,-7196.1118,-3480.9919
192,109,14,-13735.2539,-9116.624,-4169.7383
190,109,14,-13863.8682,-11714.7363,-4995.5122
188,109,14,-13880.6963,-15216.96,-5959.5161
186,109,14,-13891.5146,-19826.5762,-7052.1343
184,109,14,-13890.3125,-22254.3203,-8192.832
182,109,14,-13879.4941,-22327.8887,-9305.8838
180,109,14,-13816.9902,-22354.9922,-10277.1006
178,109,14,-10337.2002,-22362.7363,-11025.9463
176,109,14,-4642.124,-22362.7363,-11468.2822
174,109,14,1323.402,-22368.543,-11608.916
172,109,14,7293.7363,-22353.0566,-11503.1406
170,109,14,12933.5205,-22356.9277,-11088.4502
168,109,14,13884.3027,-22349.1836,-10361.2402
166,109,14,13914.3525,-22345.3125,-9361.1758
164,109,14,13922.7666,-22300.7832,-8208.458
162,109,14,13920.3623,-20961.0723,-6976.4082
160,109,14,13917.958,-15213.0879,-5782.8223
158,109,14,13913.1504,-10535.7119,-4697.416
156,109,14,13899.9287,-7081.8882,-3749.0381
154,109,14,13893.918,-4677.376,-2950.9102
152,109,14,13871.0801,-3033.7119,-2281.396
150,109,14,13838.626,-1941.808,-1724.87
148,109,14,13594.6201,-1204.192,-1259.696
146,109,14,13111.416,-698.896,-859.43
144,109,14,12659.4639,-336.864,-506.042
142,109,14,12402.2363,-52.272,-176.694
140,109,14,12390.2158,211.024,141.836
138,109,14,12614.9902,505.296,466.376
136,109,14,13042.9023,884.752,817.36
134,109,14,13546.54,1417.152,1209.212
132,109,14,13833.8184,2189.616,1668.376
130,109,14,13869.8779,3322.176,2208.074
128,109,14,13887.9082,4983.2642,2853.5481
126,109,14,13902.332,7393.584,3628.8381
124,109,14,13908.3418,10760.2881,4537.5503
122,109,14,13917.958,15275.04,5576.0781
120,109,14,13916.7559,20782.959,6707.1602
118,109,14,13922.7666,22302.7207,7863.4844
116,109,14,13911.9482,22343.375,8959.708
114,109,14,13878.292,22366.6074,9897.2686
112,109,14,12261.6025,22380.1602,10599.2363
110,109,14,6641.0503,22372.416,11025.9463
108,109,14,840.198,22384.0312,11131.7227
106,109,14,-4865.6963,22376.2871,10934.5938
104,109,14,-10167.7178,22364.6719,10448.9863
102,109,14,-13688.376,22356.9277,9703.7461
100,109,14,-13873.4844,22325.9512,8766.1865
98,109,14,-13887.9082,22229.1523,7736.0723
96,109,14,-13890.3125,18988.2871,6690.332
94,109,14,-13872.2822,14763.9355,5713.106
92,109,14,-13851.8486,11453.376,4833.2422
90,109,14,-13606.6406,8975.2959,4074.78
88,109,14,-12635.4238,7120.6079,3437.72
86,109,14,-11236.2959,5718.9438,2902.8301
84,109,14,-9965.7822,4661.8882,2460.4941
82,109,14,-8845.5186,3841.0239,2091.48
80,109,14,-7874.3022,3198.272,1788.576
80,107,14,-7246.8579,3521.584,1673.1841
82,107,14,-8036.5723,4189.5039,1938.826
84,107,14,-8932.0625,5031.6641,2258.5581
86,107,14,-9920.1064,6096.4639,2640.7939
88,107,14,-11000.7041,7465.2158,3097.554
90,107,14,-12111.3525,9201.8076,3630.04
92,107,14,-13005.6406,11406.9121,4247.8682
94,107,14,-13533.3184,14161.8398,4946.23
96,107,14,-13651.1143,17480.1445,5705.894
98,107,14,-13566.9746,21092.7207,6500.416
100,107,14,-12786.876,22262.0645,7275.7061
102,107,14,-10567.9844,22322.0801,7975.27
104,107,14,-7261.2822,22335.6328,8532.998
106,107,14,-3301.894,22349.1836,8904.416
108,107,14,1036.124,22358.8633,9063.0801
110,107,14,5455.8779,22351.1191,8986.1523
112,107,14,9734.998,22354.9922,8672.4297
114,107,14,13339.7959,22339.5039,8149.5601
116,107,14,13866.2725,22287.2324,7449.9961
118,107,14,13893.918,22027.8086,6629.0303
120,107,14,13895.1201,18672.7207,5741.9541
122,107,14,13899.9287,14527.7441,4860.8882
124,107,14,13889.1104,10942.2715,4032.71
126,107,14,13881.8984,8053.7598,3287.47
128,107,14,13868.6758,5821.5518,2632.3801
130,107,14,13836.2227,4156.5918,2071.0461
132,107,14,13594.6201,2921.4241,1587.842
134,107,14,13113.8203,2005.696,1169.546
136,107,14,12595.7578,1320.3521,806.542
138,107,14,12181.0684,776.336,475.992
140,107,14,11963.5059,317.504,164.674
142,107,14,11975.5264,-110.352,-140.634
144,107,14,12215.9258,-559.504,-453.154
146,107,14,12642.6367,-1086.0959,-787.31
148,107,14,13194.3545,-1757.8879,-1161.1321
150,107,14,13637.8926,-2646.512,-1586.64
152,107,14,13845.8379,-3856.512,-2081.864
154,107,14,13871.0801,-5523.4082,-2666.0361
156,107,14,13885.5039,-7755.6157,-3343.9641
158,107,14,13898.7266,-10696.4004,-4121.6582
160,107,14,13907.1406,-14405.7764,-4995.5122
162,107,14,13904.7363,-18732.7363,-5925.8604
164,107,14,13898.7266,-22143.9687,-6869.4302
166,107,14,13879.4941,-22304.6562,-7740.8804
168,107,14,13683.5684,-22320.1445,-8493.332
170,107,14,10652.124,-22345.3125,-9060.6758
172,107,14,6249.1982,-22351.1191,-9408.0537
174,107,14,1651.548,-22341.4395,-9522.2441
176,107,14,-2848.74,-22353.0566,-9392.4277
178,107,14,-7072.5684,-22343.375,-9031.8281
180,107,14,-10662.9424,-22324.0156,-8460.8779
182,107,14,-13082.5684,-22289.168,-7728.8604
184,107,14,-13731.6484,-21789.6797,-6895.874
186,107,14,-13813.3838,-18471.375,-6037.646
188,107,14,-13707.6084,-14852.9922,-5198.6499
190,107,14,-13393.8867,-11883.168,-4434.1782
192,107,14,-12542.8701,-9519.3115,-3758.6541
194,107,14,-11379.334,-7680.1118,-3174.4822
196,107,14,-10233.8281,-6262.96,-2688.874
198,107,14,-9177.2705,-5157.5039,-2281.396
200,107,14,-8228.8926,-4288.2397,-1944.8361
202,107,14,-7383.8862,-3597.0879,-1662.3661
204,107,14,-6645.8579,-3043.3921,-1429.178
206,107,14,-6002.7881,-2594.24,-1233.2521
206,105,14,-5582.0879,-2805.2639,-1165.9401
204,105,14,-6120.584,-3266.032,-1336.624
202,105,14,-6731.2002,-3833.28,-1540.964
200,105,14,-7410.3301,-4532.1758,-1784.9701
198,105,14,-8156.772,-5395.6318,-2075.854
196,105,14,-8956.1025,-6470.1118,-2420.8281
194,105,14,-9779.4727,-7796.272,-2825.9021
192,105,14,-10581.2061,-9451.5518,-3300.6921
190,105,14,-11275.9619,-11490.1602,-3843.9961
188,105,14,-11718.2979,-13933.3916,-4448.6021
186,105,14,-11738.7324,-16740.5918,-5091.6719
184,105,14,-11162.9746,-19753.0078,-5739.5503
182,105,14,-9845.582,-21919.3926,-6359.7822
180,105,14,-7751.6982,-22264.0,-6907.894
178,105,14,-5003.9263,-22291.1035,-7339.4121
176,105,14,-1770.546,-22318.207,-7621.8823
174,105,14,1686.406,-22320.1445,-7724.0522
172,105,14,5207.064,-22314.3359,-7637.5083
170,105,14,8597.9063,-22312.4004,-7369.4619
168,105,14,11624.542,-22279.4883,-6941.5503
166,105,14,13548.9443,-22130.416,-6387.4282
164,105,14,13855.4541,-20053.0879,-5739.5503
162,105,14,13868.6758,-16668.959,-5030.3701
160,105,14,13874.6865,-13379.6963,-4310.3721
158,105,14,13865.0703,-10440.8477,-3621.626
156,105,14,13847.04,-7960.832,-2991.7781
154,105,14,13801.3643,-5957.0718,-2429.2419
152,105,14,13563.3682,-4377.2959,-1932.816
150,105,14,13105.4063,-3136.3201,-1496.49
148,105,14,12551.2842,-2168.3201,-1114.254
146,105,14,12039.2324,-1395.856,-772.886
144,105,14,11661.8047,-756.976,-463.972
142,105,14,11461.0703,-185.856,-171.886
140,105,14,11444.2422,360.096,111.786
138,105,14,11604.1084,933.152,400.266
136,105,14,11940.668,1579.776,704.372
134,105,14,12423.8721,2354.176,1037.326
132,105,14,12938.3281,3320.24,1405.1381
130,105,14,13458.7939,4549.6001,1824.636
128,105,14,13710.0127,6113.8882,2303.032
126,105,14,13839.8281,8073.1201,2841.5281
124,105,14,13857.8584,10464.0801,3438.9221
122,105,14,13860.2627,13292.5762,4091.6082
120,105,14,13857.8584,16425.0234,4768.334
118,105,14,13809.7783,19634.9121,5439.0503
116,105,14,13159.4961,21857.4395,6055.6763
114,105,14,10999.502,22265.9355,6577.3442
112,105,14,8063.0161,22293.0391,6976.4082
110,105,14,4774.3442,22310.4648,7216.8081
108,105,14,1346.24,22310.4648,7292.5342
106,105,14,-1947.24,22302.7207,7193.9702
104,105,14,-4960.6543,22285.2949,6940.3481
102,105,14,-7507.6919,22234.959,6537.6782
100,105,14,-9429.6904,21326.9766,6026.8281
98,105,14,-10629.2861,18781.1367,5452.272
96,105,14,-11174.9941,15944.8955,4856.0801
94,105,14,-11168.9844,13356.4639,4277.918
92,105,14,-10783.1426,11083.5996,3731.0081
90,105,14,-10162.9102,9174.7041,3235.7842
88,105,14,-9428.4883,7594.9277,2795.8521
86,105,14,-8661.6123,6315.2319,2414.8181
84,105,14,-7917.5742,5283.3437,2087.874
82,105,14,-7204.7881,4441.1841,1806.6061
80,105,14,-6556.9102,3759.7119,1567.4081
80,103,14,-5929.4663,3902.9761,1448.41
82,103,14,-6434.3062,4561.2158,1647.942
84,103,14,-6970.3979,5354.9761,1884.7361
86,103,14,-7513.7021,6315.2319,2157.5901
88,103,14,-8037.7739,7471.0239,2472.5142
90,103,14,-8496.9385,8841.7119,2827.104
92,103,14,-8832.2959,10460.208,3224.9661
94,103,14,-8946.4863,12299.4082,3649.272
96,103,14,-8749.3584,14336.0801,4096.416
98,103,14,-8145.9541,16477.2969,4542.3579
100,103,14,-7072.5684,18599.1523,4970.27
102,103,14,-5505.1602,20509.9844,5345.2939
104,103,14,-3482.1941,21549.6152,5637.3799
106,103,14,-1139.496,22072.3359,5830.9023
108,103,14,1429.178,22182.6875,5905.4263
110,103,14,4056.75,22157.5195,5847.73
112,103,14,6597.7783,21793.5527,5671.0361
114,103,14,8900.8105,21021.0879,5376.5459
116,103,14,10816.7979,19205.1191,4985.896
118,103,14,12267.6123,16955.4883,4524.3281
120,103,14,13044.1045,14533.5518,4018.2861
122,103,14,13373.4521,12115.4883,3497.8201
124,103,14,13385.4727,9861.9844,2986.97
126,103,14,13217.1924,7873.7119,2507.3721
128,103,14,12886.6426,6156.48,2061.4299
130,103,14,12482.7705,4729.6479,1658.76
132,103,14,11998.3643,3550.624,1298.16
134,103,14,11545.21,2571.0081,970.014
136,103,14,11187.0146,1757.8879,674.322
138,103,14,10938.2002,1045.4399,396.66
140,103,14,10816.7979,400.752,128.614
142,103,14,10831.2227,-220.704,-131.018
144,103,14,10980.2705,-863.456,-399.064
146,103,14,11257.9326,-1568.16,-681.534
148,103,14,11656.9961,-2383.2161,-986.842
150,103,14,12157.0283,-3360.896,-1323.402
152,103,14,12663.0703,-4545.728,-1697.224
154,103,14,13100.5986,-5989.9839,-2116.7219
156,103,14,13440.7646,-7728.5117,-2580.6941
158,103,14,13562.166,-9780.6719,-3086.7361
160,103,14,13571.7822,-12115.4883,-3626.4341
162,103,14,13437.1582,-14638.0957,-4179.354
164,103,14,12802.502,-17180.0645,-4719.0522
166,103,14,11483.9082,-19572.959,-5211.8721
168,103,14,9546.2842,-21323.1035,-5636.1782
170,103,14,7192.7681,-22103.3125,-5958.314
172,103,14,4572.4082,-22227.2168,-6160.25
174,103,14,1835.454,-22240.7676,-6229.9663
176,103,14,-849.814,-22229.1523,-6163.856
178,103,14,-3357.186,-22074.2715,-5970.334
180,103,14,-5524.3921,-21284.3848,-5662.6221
182,103,14,-7248.0601,-19598.127,-5265.9619
184,103,14,-8433.2324,-17367.8555,-4805.5962
186,103,14,-9102.7461,-15091.1201,-4318.7861
188,103,14,-9326.3184,-12905.376,-3829.572
190,103,14,-9201.3105,-10919.04,-3358.3879
192,103,14,-8843.1143,-9196.0,-2928.072
194,103,14,-8346.6885,-7738.1919,-2541.0281
196,103,14,-7785.354,-6526.2559,-2202.064
198,103,14,-7198.7783,-5517.6001,-1907.574
200,103,14,-6626.626,-4685.1201,-1651.548
202,103,14,-6084.5239,-3999.7759,-1435.188
204,103,14,-5582.0879,-3430.592,-1250.0801
206,103,14,-5121.7222,-2962.0801,-1092.618
206,101,14,-4692.6079,-3058.8799,-1019.296
204,101,14,-5066.4302,-3517.7119,-1155.1221
202,101,14,-5464.292,-4065.6001,-1314.988
200,101,14,-5883.79,-4719.9678,-1500.0961
198,101,14,-6309.2983,-5490.4961,-1712.85
196,101,14,-6716.7759,-6406.2241,-1958.058
194,101,14,-7084.5879,-7480.7041,-2235.72
192,101,14,-7370.6641,-8737.168,-2545.8359
190,101,14,-7517.3081,-10164.0,-2886.002
188,101,14,-7460.814,-11759.2637,-3247.804
186,101,14,-7132.668,-13474.5596,-3620.4241
184,101,14,-6467.9619,-15199.5361,-3984.6301
182,101,14,-5436.646,-16874.1758,-4328.4019
180,101,14,-4029.104,-18343.5996,-4622.8921
178,101,14,-2295.8201,-19485.8398,-4851.272
176,101,14,-318.53,-20211.8398,-4996.7139
174,101,14,1793.384,-20451.9043,-5041.188
172,101,14,3931.7422,-20204.0957,-4989.502
170,101,14,5990.7681,-19468.416,-4842.8579
168,101,14,7847.8579,-18275.8398,-4601.2559
166,101,14,9436.9023,-16709.6152,-4285.1299
164,101,14,10653.3262,-14885.9043,-3911.3081
162,101,14,11497.1299,-12926.6719,-3501.426
160,101,14,11967.1123,-10953.8877,-3078.322
158,101,14,12114.958,-9072.0957,-2656.4202
156,101,14,12028.4141,-7372.2881,-2254.9521
154,101,14,11778.3984,-5866.0801,-1877.524
152,101,14,11438.2324,-4559.2798,-1526.54
150,101,14,11078.834,-3449.9519,-1206.808
148,101,14,10743.4766,-2503.248,-915.924
146,101,14,10461.0059,-1672.704,-643.07
144,101,14,10262.6758,-942.832,-393.054
142,101,14,10150.8906,-261.36,-149.048
140,101,14,10134.0625,400.752,86.544
138,101,14,10210.9902,1082.224,325.742
136,101,14,10376.8662,1815.968,574.556
134,101,14,10617.2666,2632.96,836.592
132,101,14,10909.3525,3575.792,1121.4661
130,101,14,11221.8721,4663.8242,1427.9761
128,101,14,11504.3418,5933.8398,1763.334
126,101,14,11705.0762,7399.3921,2126.3381
124,101,14,11749.5498,9046.9277,2510.978
122,101,14,11560.8359,10849.3438,2911.2441
120,101,14,11068.0166,12729.2002,3312.7122
118,101,14,10219.4043,14587.7598,3699.7561
116,101,14,9007.7881,16304.9922,4054.3462
114,101,14,7465.6221,17749.248,4348.8359
112,101,14,5643.3901,18837.2793,4574.812
110,101,14,3655.282,19487.7754,4715.4463
108,101,14,1575.822,19671.6953,4765.9302
106,101,14,-441.134,19373.5527,4721.4561
104,101,14,-2295.8201,18634.0,4591.6401
102,101,14,-3923.3281,17497.5684,4383.6938
100,101,14,-5241.9219,16093.9678,4118.0522
98,101,14,-6203.522,14512.2559,3810.3401
96,101,14,-6832.168,12872.4639,3476.1841
94,101,14,-7144.688,11279.1357,3138.4221
92,101,14,-7205.9902,9776.7998,2805.468
90,101,14,-7080.9819,8429.3438,2492.948
88,101,14,-6821.3501,7240.6401,2205.6699
86,101,14,-6483.5879,6214.5601,1943.634
84,101,14,-6104.958,5341.4238,1712.85
82,101,14,-5707.0962,4594.1279,1507.308
80,101,14,-5308.0322,3962.9919,1328.2101
80,99,14,-4740.688,3961.0559,1215.222
82,99,14,-5032.7739,4539.9199,1361.866
84,99,14,-5321.2539,5219.4561,1530.146
86,99,14,-5574.876,5999.6641,1720.062
88,99,14,-5781.6201,6896.0317,1931.614
90,99,14,-5905.4263,7906.624,2163.6001
92,99,14,-5909.0322,9029.5039,2410.01
94,99,14,-5752.772,10245.3115,2669.6421
96,99,14,-5398.1821,11515.3281,2930.4761
98,99,14,-4808.0,12779.5361,3182.896
100,99,14,-3962.9941,13993.4082,3419.6899
102,99,14,-2858.356,15046.5918,3616.8181
104,99,14,-1530.146,15888.752,3773.0781
106,99,14,-37.262,16425.0234,3865.6321
108,99,14,1568.61,16636.0488,3898.0862
110,99,14,3202.1282,16479.2324,3860.824
112,99,14,4791.1719,15970.0635,3756.25
114,99,14,6258.814,15125.9678,3585.5662
116,99,14,7529.3281,14018.5762,3361.9941
118,99,14,8565.4521,12690.4795,3093.948
120,99,14,9339.54,11238.4795,2794.6501
122,99,14,9855.1982,9749.6963,2480.928
124,99,14,10137.668,8282.208,2162.3979
126,99,14,10237.4346,6913.4561,1855.8881
128,99,14,10192.96,5656.9922,1557.792
130,99,14,10069.1543,4522.4961,1276.524
132,99,14,9903.2783,3521.584,1014.488
134,99,14,9726.584,2625.2161,766.876
136,99,14,9582.3438,1829.52,537.294
138,99,14,9477.7705,1101.584,314.924
140,99,14,9427.2861,410.432,100.968
142,99,14,9441.71,-267.168,-111.786
144,99,14,9522.2441,-958.32,-329.348
146,99,14,9653.2617,-1692.064,-554.122
148,99,14,9832.3604,-2493.5679,-790.916
150,99,14,10040.3066,-3388.0,-1043.3361
152,99,14,10247.0498,-4402.4639,-1314.988
154,99,14,10418.9365,-5560.1919,-1607.074
156,99,14,10504.2783,-6843.7598,-1917.1901
158,99,14,10453.7939,-8264.7842,-2242.9321
160,99,14,10213.3945,-9782.6084,-2579.4919
162,99,14,9728.9883,-11344.96,-2912.446
164,99,14,8977.7383,-12880.208,-3229.7742
166,99,14,7956.0381,-14289.6162,-3518.2542
168,99,14,6672.3022,-15505.4238,-3759.856
170,99,14,5178.2163,-16446.3203,-3947.3682
172,99,14,3538.688,-17050.3516,-4067.5681
174,99,14,1823.4341,-17271.0566,-4110.8398
176,99,14,143.038,-17114.2402,-4081.9922
178,99,14,-1442.4,-16587.6484,-3979.822
180,99,14,-2857.1541,-15749.3604,-3817.552
182,99,14,-4037.5181,-14657.4561,-3603.5959
184,99,14,-4954.644,-13399.0557,-3351.176
186,99,14,-5590.502,-12061.2803,-3074.7161
188,99,14,-5973.9399,-10715.7598,-2788.6401
190,99,14,-6142.2202,-9428.3203,-2508.574
192,99,14,-6135.0083,-8235.7441,-2238.124
194,99,14,-6001.5859,-7161.2642,-1986.906
196,99,14,-5781.6201,-6224.2397,-1758.526
198,99,14,-5507.564,-5399.5039,-1552.984
200,99,14,-5202.2559,-4690.9277,-1371.4821
202,99,14,-4886.1299,-4081.0879,-1209.212
204,99,14,-4568.8022,-3556.4319,-1067.376
206,99,14,-4264.6963,-3111.1521,-944.772
206,97,14,-3866.834,-3120.832,-875.056
204,97,14,-4103.6279,-3539.0081,-979.63
202,97,14,-4342.8262,-4023.0081,-1098.6281
200,97,14,-4576.0142,-4582.5122,-1233.2521
198,97,14,-4785.1621,-5223.3281,-1384.704
196,97,14,-4955.8462,-5947.3921,-1552.984
194,97,14,-5068.834,-6756.6401,-1735.688
192,97,14,-5101.2881,-7662.688,-1935.2201
190,97,14,-5023.1582,-8644.2402,-2147.9741
188,97,14,-4801.9902,-9678.0635,-2366.738
186,97,14,-4406.5322,-10740.9277,-2584.3
184,97,14,-3823.562,-11772.8164,-2793.448
182,97,14,-3031.4441,-12738.8799,-2983.364
180,97,14,-2044.6021,-13561.6797,-3145.634
178,97,14,-882.268,-14188.9443,-3269.4399
176,97,14,396.66,-14572.2715,-3342.762
174,97,14,1750.1121,-14674.8799,-3363.196
172,97,14,3120.3921,-14494.832,-3327.136
170,97,14,4447.3999,-14020.5117,-3234.582
168,97,14,5673.4399,-13294.5117,-3097.554
166,97,14,6746.8262,-12343.9355,-2912.446
164,97,14,7625.4883,-11244.2881,-2693.6821
162,97,14,8308.2246,-10028.4795,-2449.676
160,97,14,8792.6299,-8772.0156,-2190.0439
158,97,14,9093.1299,-7529.104,-1924.402
156,97,14,9236.168,-6336.5278,-1663.568
154,97,14,9261.4102,-5231.0718,-1411.1481
152,97,14,9207.3203,-4210.7998,-1169.546
150,97,14,9112.3623,-3289.2639,-941.166
148,97,14,8999.374,-2452.9119,-724.806
146,97,14,8889.9922,-1686.256,-518.062
144,97,14,8807.0537,-975.744,-322.136
142,97,14,8757.7725,-290.4,-129.816
140,97,14,8743.3486,381.392,60.1
138,97,14,8769.792,1062.864,251.218
136,97,14,8828.6904,1775.312,445.942
134,97,14,8908.0225,2528.416,646.676
132,97,14,8995.7686,3358.96,860.632
130,97,14,9063.0801,4268.8799,1083.0021
128,97,14,9087.1201,5260.1118,1316.1901
126,97,14,9029.4238,6344.272,1562.6
124,97,14,8859.9424,7488.4478,1811.4141
122,97,14,8539.0078,8686.832,2066.238
120,97,14,8044.9863,9887.1523,2313.8501
118,97,14,7356.2402,11033.2637,2545.8359
116,97,14,6472.77,12074.832,2753.782
114,97,14,5423.4243,12940.2236,2926.8701
112,97,14,4220.2222,13600.4004,3061.4941
110,97,14,2935.2839,14016.6396,3145.634
108,97,14,1616.6901,14156.0322,3180.4919
106,97,14,320.934,14020.5117,3164.866
104,97,14,-887.076,13639.1201,3101.1602
102,97,14,-1985.704,13021.5361,2994.1821
100,97,14,-2918.4561,12233.584,2853.5481
98,97,14,-3668.5042,11310.1123,2680.46
96,97,14,-4231.04,10320.8164,2491.7461
94,97,14,-4606.064,9319.9043,2293.416
92,97,14,-4823.626,8330.6084,2091.48
90,97,14,-4906.564,7399.3921,1896.756
88,97,14,-4881.3223,6541.7441,1710.446
86,97,14,-4779.1519,5761.5361,1537.358
84,97,14,-4620.4883,5066.5122,1378.694
82,97,14,-4424.562,4454.7358,1233.2521
80,97,14,-4208.2021,3914.592,1104.6381
80,95,14,-3721.3921,3821.6641,1001.266
82,95,14,-3870.4402,4303.728,1107.042
84,95,14,-3997.8521,4849.6802,1226.04
86,95,14,-4088.002,5455.6479,1355.8561
88,95,14,-4121.6582,6127.4399,1496.49
90,95,14,-4085.5981,6855.376,1645.5381
92,95,14,-3956.9841,7627.8398,1800.5961
94,95,14,-3718.988,8431.2803,1958.058
96,95,14,-3351.176,9236.6563,2115.52
98,95,14,-2842.73,10020.7363,2262.1641
100,95,14,-2188.842,10737.0557,2394.384
102,95,14,-1393.118,11344.96,2501.3621
104,95,14,-479.598,11809.5996,2581.896
106,95,14,514.456,12092.2559,2628.7742
108,95,14,1577.024,12177.4395,2638.3901
110,95,14,2652.814,12055.4717,2611.946
112,95,14,3703.3621,11718.6084,2544.634
114,95,14,4690.2041,11195.8877,2442.4641
116,95,14,5571.27,10502.7998,2306.6379
118,95,14,6329.7319,9678.0635,2145.5701
120,95,14,6948.7622,8752.6563,1964.068
122,95,14,7422.3501,7782.7197,1768.1421
124,95,14,7761.314,6793.4238,1565.004
126,95,14,7980.0781,5825.4238,1361.866
128,95,14,8103.8843,4890.3359,1158.728
130,95,14,8155.5703,4009.4561,962.802
132,95,14,8157.9741,3190.5281,772.886
134,95,14,8138.7422,2423.8721,590.182
136,95,14,8108.6924,1709.488,413.488
138,95,14,8088.2583,1031.8879,241.602
140,95,14,8082.248,371.712,72.12
142,95,14,8094.2681,-282.656,-97.362
144,95,14,8125.52,-940.896,-266.844
146,95,14,8173.6001,-1622.368,-441.134
148,95,14,8226.4883,-2346.4319,-621.434
150,95,14,8272.1641,-3116.96,-808.946
152,95,14,8298.6084,-3949.4399,-1002.468
154,95,14,8274.5684,-4845.8081,-1205.6061
156,95,14,8180.812,-5794.4478,-1414.754
158,95,14,7990.896,-6801.168,-1628.7101
160,95,14,7677.1743,-7831.1201,-1841.464
162,95,14,7224.02,-8861.0723,-2050.6121
164,95,14,6620.6162,-9840.6875,-2245.3359
166,95,14,5866.9619,-10725.4404,-2417.2219
168,95,14,4970.27,-11494.0322,-2565.0681
170,95,14,3956.9841,-12082.5762,-2678.0562
172,95,14,2869.1741,-12467.8398,-2752.5801
174,95,14,1740.496,-12636.2715,-2785.0339
176,95,14,634.656,-12580.1279,-2774.2161
178,95,14,-425.508,-12309.0879,-2720.126
180,95,14,-1393.118,-11842.5117,-2634.7839
182,95,14,-2236.9221,-11211.376,-2515.7861
184,95,14,-2934.082,-10471.8242,-2373.95
186,95,14,-3470.1741,-9660.6396,-2216.488
188,95,14,-3864.4302,-8810.7363,-2047.006
190,95,14,-4115.6479,-7964.7041,-1876.322
192,95,14,-4250.272,-7151.584,-1708.042
194,95,14,-4289.938,-6386.8638,-1546.974
196,95,14,-4251.4741,-5686.0317,-1396.724
198,95,14,-4156.5161,-5045.2158,-1254.8881
200,95,14,-4019.488,-4470.2241,-1126.274
202,95,14,-3856.0161,-3961.0559,-1009.68
204,95,14,-3678.1201,-3511.9041,-902.702
206,95,14,-3491.8101,-3116.96,-810.148
206,93,14,-3139.624,-3064.688,-745.24
204,93,14,-3279.0562,-3424.7839,-823.37
202,93,14,-3407.6702,-3833.28,-911.116
200,93,14,-3515.8501,-4294.0479,-1008.478
198,93,14,-3595.1821,-4799.3437,-1113.052
196,93,14,-3634.8481,-5354.9761,-1228.444
194,93,14,-3621.626,-5955.1357,-1351.048
192,93,14,-3539.8901,-6595.9521,-1479.662
190,93,14,-3377.6201,-7269.6802,-1613.084
188,93,14,-3115.584,-7953.0879,-1746.506
186,93,14,-2744.166,-8634.5596,-1876.322
184,93,14,-2262.1641,-9273.4404,-1998.926
182,93,14,-1656.3561,-9850.3682,-2108.3081
180,93,14,-944.772,-10330.4961,-2196.054
178,93,14,-133.422,-10682.8477,-2262.1641
176,93,14,745.24,-10888.0635,-2300.6279
174,93,14,1659.962,-10920.9756,-2307.8401
172,93,14,2590.3101,-10781.584,-2281.396
170,93,14,3494.2141,-10464.0801,-2223.7
168,93,14,4341.624,-9991.6963,-2137.156
166,93,14,5107.2979,-9377.9844,-2025.37
164,93,14,5759.9839,-8667.4717,-1890.7461
162,93,14,6306.894,-7865.9678,-1738.092
160,93,14,6736.0083,-7021.8721,-1574.62
158,93,14,7056.9419,-6158.416,-1402.734
156,93,14,7274.5039,-5306.5762,-1230.848
154,93,14,7411.5322,-4483.7759,-1058.962
152,93,14,7487.2583,-3693.8879,-891.884
150,93,14,7516.106,-2946.592,-726.008
148,93,14,7517.3081,-2238.0159,-566.142
146,93,14,7504.0859,-1564.288,-411.084
144,93,14,7483.6523,-921.536,-258.43
142,93,14,7466.8242,-292.336,-109.382
140,93,14,7454.8042,329.12,39.666
138,93,14,7451.1982,958.32,188.714
136,93,14,7449.9961,1601.072,338.964
134,93,14,7443.9863,2263.1841,491.618
132,93,14,7423.5522,2964.0159,650.282
130,93,14,7373.0684,3701.6321,812.552
128,93,14,7279.312,4476.0317,977.226
126,93,14,7121.8501,5283.3437,1144.3041
124,93,14,6887.46,6104.208,1311.3821
122,93,14,6555.708,6936.688,1477.2581
120,93,14,6118.1802,7740.1279,1634.72
118,93,14,5571.27,8493.2324,1780.162
116,93,14,4917.3823,9166.96,1911.1801
114,93,14,4173.3442,9730.3359,2019.36
112,93,14,3349.9741,10164.0,2103.5
110,93,14,2477.322,10438.9121,2159.9941
108,93,14,1585.438,10557.0078,2187.6401
106,93,14,706.776,10508.6084,2185.2361
104,93,14,-126.21,10305.3281,2153.9841
102,93,14,-897.894,9956.8477,2097.49
100,93,14,-1581.832,9492.208,2018.1581
98,93,14,-2158.792,8936.5762,1921.998
96,93,14,-2628.7742,8320.9277,1812.6161
94,93,14,-2983.364,7672.3682,1694.8201
92,93,14,-3238.188,7016.064,1573.418
90,93,14,-3398.054,6371.376,1449.6121
88,93,14,-3480.9919,5753.792,1328.2101
86,93,14,-3497.8201,5176.8638,1212.818
84,93,14,-3465.366,4644.4639,1105.84
82,93,14,-3392.0439,4156.5918,1003.67
80,93,14,-3291.0762,3715.1841,909.914
80,91,14,-2893.2141,3573.856,824.572
82,91,14,-2950.9102,3959.1199,900.298
84,91,14,-2983.364,4386.9761,982.034
86,91,14,-2979.7581,4849.6802,1069.78
88,91,14,-2929.2742,5343.3599,1164.738
90,91,14,-2822.2961,5862.208,1260.8981
92,91,14,-2649.208,6398.48,1360.6641
94,91,14,-2400.394,6934.752,1456.824
96,91,14,-2069.844,7459.4082,1550.5801
98,91,14,-1650.3461,7953.0879,1637.124
100,91,14,-1144.3041,8390.624,1711.6481
102,91,14,-560.132,8752.6563,1771.748
104,91,14,96.16,9017.8877,1815.02
106,91,14,793.32,9170.832,1837.858
108,91,14,1528.944,9196.0,1840.2621
110,91,14,2270.5781,9091.4561,1816.222
112,91,14,3000.1921,8859.1357,1772.9501
114,91,14,3692.5439,8504.8477,1706.8401
116,91,14,4328.4019,8044.0801,1620.296
118,91,14,4896.9482,7496.1919,1518.126
120,91,14,5383.7583,6874.7358,1400.3301
122,91,14,5788.832,6208.752,1272.918
124,91,14,6112.1699,5509.856,1139.496
126,91,14,6354.9741,4803.2158,1000.064
128,91,14,6536.4761,4102.3838,860.632
130,91,14,6657.8779,3422.8479,722.402
132,91,14,6739.6143,2758.8,582.97
134,91,14,6790.0981,2119.9199,447.144
136,91,14,6821.3501,1506.208,313.722
138,91,14,6840.582,904.112,180.3
140,91,14,6852.6021,317.504,51.686
142,91,14,6864.6221,-267.168,-78.13
144,91,14,6870.6323,-857.648,-210.35
146,91,14,6871.834,-1461.6799,-343.772
148,91,14,6858.6123,-2081.2,-479.598
150,91,14,6827.3604,-2725.8879,-619.03
152,91,14,6768.4619,-3395.7439,-758.462
154,91,14,6662.686,-4090.7681,-901.5
156,91,14,6505.2241,-4803.2158,-1044.538
158,91,14,6280.4502,-5533.0879,-1187.576
160,91,14,5976.3442,-6257.1519,-1328.2101
162,91,14,5584.4922,-6965.728,-1462.834
164,91,14,5102.4902,-7629.7759,-1587.842
166,91,14,4532.7422,-8222.1924,-1697.224
168,91,14,3883.6621,-8725.5518,-1789.7781
170,91,14,3170.876,-9116.624,-1860.696
172,91,14,2413.616,-9387.6641,-1909.978
174,91,14,1633.5181,-9523.1836,-1934.0181
176,91,14,870.248,-9513.5039,-1932.816
178,91,14,126.21,-9372.1758,-1905.17
180,91,14,-558.93,-9106.9443,-1858.292
182,91,14,-1174.354,-8739.1035,-1793.384
184,91,14,-1709.244,-8284.1436,-1712.85
186,91,14,-2149.176,-7776.9121,-1620.296
188,91,14,-2497.7561,-7232.896,-1518.126
190,91,14,-2758.5901,-6671.4561,-1413.552
192,91,14,-2941.2939,-6113.8882,-1308.978
194,91,14,-3051.8782,-5571.8081,-1204.4041
196,91,14,-3102.3621,-5054.896,-1102.234
198,91,14,-3103.564,-4568.96,-1006.074
200,91,14,-3068.7061,-4123.6802,-917.126
202,91,14,-3002.5959,-3711.312,-834.188
204,91,14,-2916.052,-3337.6641,-756.058
206,91,14,-2812.6799,-3004.6719,-687.544
206,89,14,-2518.1899,-2913.6799,-631.05
204,89,14,-2586.7041,-3215.696,-688.746
202,89,14,-2641.9961,-3550.624,-752.452
200,89,14,-2675.6521,-3914.592,-820.966
198,89,14,-2680.46,-4307.6001,-896.692
196,89,14,-2650.4102,-4723.8398,-973.62
194,89,14,-2577.0881,-5163.312,-1055.3561
192,89,14,-2450.8779,-5622.144,-1139.496
190,89,14,-2266.9719,-6088.7197,-1224.838
188,89,14,-2016.9561,-6547.5518,-1306.574
186,89,14,-1692.416,-6990.896,-1387.108
184,89,14,-1301.766,-7397.4561,-1459.228
182,89,14,-835.39,-7753.6802,-1522.9341
180,89,14,-306.51,-8044.0801,-1573.418
178,89,14,280.066,-8245.4238,-1609.478
176,89,14,906.308,-8346.0957,-1626.306
174,89,14,1556.5901,-8344.1602,-1627.5081
172,89,14,2214.084,-8228.0,-1607.074
170,89,14,2854.75,-8001.4878,-1567.4081
168,89,14,3459.356,-7678.1758,-1510.9141
166,89,14,4021.8921,-7256.1279,-1436.39
164,89,14,4523.126,-6762.4478,-1349.8461
162,89,14,4955.8462,-6208.752,-1250.0801
160,89,14,5318.8501,-5616.3359,-1143.1021
158,89,14,5609.7339,-4996.8159,-1028.912
156,89,14,5838.1143,-4373.4238,-911.116
154,89,14,6007.5962,-3748.0959,-793.32
152,89,14,6130.2002,-3132.448,-673.12
150,89,14,6211.936,-2534.2239,-554.122
148,89,14,6267.228,-1949.552,-435.124
146,89,14,6296.0762,-1376.496,-318.53
144,89,14,6308.0962,-820.864,-203.138
142,89,14,6311.7021,-271.04,-88.948
140,89,14,6302.0859,276.848,26.444
138,89,14,6284.0562,824.736,140.634
136,89,14,6252.8042,1380.368,254.824
134,89,14,6208.3301,1943.744,371.418
132,89,14,6139.8159,2526.48,488.012
130,89,14,6044.8579,3118.896,605.808
128,89,14,5909.0322,3722.928,724.806
126,89,14,5722.7222,4332.7681,842.602
124,89,14,5485.9282,4940.6719,957.994
122,89,14,5185.4282,5536.96,1069.78
120,89,14,4820.02,6104.208,1173.152
118,89,14,4387.3003,6624.9922,1269.312
116,89,14,3894.48,7087.6958,1355.8561
114,89,14,3348.772,7471.0239,1425.572
112,89,14,2758.5901,7769.168,1482.066
110,89,14,2140.762,7970.5117,1520.53
108,89,14,1513.318,8065.376,1542.166
106,89,14,890.682,8061.5039,1545.772
104,89,14,292.086,7953.0879,1530.146
102,89,14,-268.046,7759.4878,1501.298
100,89,14,-776.492,7476.832,1458.026
98,89,14,-1223.636,7132.2241,1402.734
96,89,14,-1605.8721,6737.2798,1337.826
94,89,14,-1915.988,6313.2959,1266.9081
92,89,14,-2161.196,5868.0161,1188.7781
90,89,14,-2340.2939,5420.7998,1110.6481
88,89,14,-2464.1001,4981.3281,1032.5181
86,89,14,-2539.8259,4555.4082,955.59
84,89,14,-2572.28,4152.7202,882.268
82,89,14,-2572.28,3777.136,810.148
80,89,14,-2543.4321,3426.72,745.24
80,89,16,-2477.322,3349.28,937.56
82,89,16,-2501.3621,3684.208,1020.498
84,89,16,-2500.1602,4044.304,1108.244
86,89,16,-2462.8979,4431.5039,1202.0
88,89,16,-2387.1721,4838.064,1299.3621
90,89,16,-2264.5681,5262.0479,1399.1281
92,89,16,-2086.6721,5691.8398,1500.0961
94,89,16,-1846.272,6115.8237,1597.458
96,89,16,-1543.368,6524.3198,1688.8101
98,89,16,-1171.9501,6899.9038,1772.9501
100,89,16,-739.23,7229.0239,1846.272
102,89,16,-242.804,7498.1279,1903.968
104,89,16,301.702,7687.856,1943.634
106,89,16,881.066,7790.4639,1962.8661
108,89,16,1485.672,7792.3999,1960.462
110,89,16,2095.0859,7701.4077,1936.422
112,89,16,2693.6821,7505.8721,1889.5441
114,89,16,3265.834,7217.4082,1821.03
116,89,16,3795.916,6849.5679,1733.2841
118,89,16,4276.7163,6408.1602,1628.7101
120,89,16,4699.8203,5906.7358,1508.51
122,89,16,5060.4199,5360.7842,1376.29
124,89,16,5356.1123,4785.792,1234.454
126,89,16,5592.9062,4201.1201,1089.012
128,89,16,5775.6099,3614.512,941.166
130,89,16,5910.2339,3029.8401,790.916
132,89,16,6010.0,2454.8479,640.666
134,89,16,6077.312,1893.408,490.416
136,89,16,6124.1899,1345.52,344.974
138,89,16,6154.2402,809.248,198.33
140,89,16,6173.4722,280.72,52.888
142,89,16,6183.0879,-249.744,-92.554
144,89,16,6179.4819,-784.08,-240.4
146,89,16,6166.2603,-1322.288,-387.044
148,89,16,6135.0083,-1875.984,-536.092
150,89,16,6080.918,-2439.3601,-686.342
152,89,16,5999.1821,-3018.2239,-838.996
154,89,16,5877.7803,-3610.6399,-990.448
156,89,16,5710.7021,-4210.7998,-1141.9
158,89,16,5488.332,-4810.96,-1290.948
160,89,16,5204.6602,-5405.312,-1435.188
162,89,16,4853.6763,-5974.4961,-1573.418
164,89,16,4432.9761,-6506.896,-1700.8301
166,89,16,3952.176,-6981.2158,-1812.6161
168,89,16,3408.8721,-7383.9038,-1906.3721
170,89,16,2817.488,-7699.4722,-1979.6941
172,89,16,2196.054,-7922.1118,-2028.9761
174,89,16,1561.3981,-8036.3359,-2055.4199
176,89,16,930.348,-8042.144,-2055.4199
178,89,16,323.338,-7947.2798,-2032.582
180,89,16,-246.41,-7759.4878,-1989.3101
182,89,16,-764.472,-7486.5117,-1928.0081
184,89,16,-1218.828,-7149.6479,-1851.0801
186,89,16,-1603.468,-6764.3838,-1760.9301
188,89,16,-1923.2001,-6342.3359,-1662.3661
190,89,16,-2170.812,-5904.7998,-1558.994
192,89,16,-2357.1221,-5461.4561,-1452.016
194,89,16,-2484.5339,-5021.9839,-1346.24
196,89,16,-2561.4622,-4598.0,-1242.868
198,89,16,-2595.1182,-4199.1841,-1144.3041
200,89,16,-2596.3201,-3819.728,-1049.3461
202,89,16,-2567.4722,-3467.376,-960.398
204,89,16,-2516.988,-3142.1279,-877.46
206,89,16,-2452.0801,-2849.792,-800.532
206,91,16,-2741.762,-2933.04,-871.45
204,91,16,-2836.72,-3252.48,-955.59
202,91,16,-2918.4561,-3610.6399,-1050.548
200,91,16,-2977.354,-4005.584,-1153.92
198,91,16,-3008.606,-4433.4399,-1265.7061
196,91,16,-3002.5959,-4898.0801,-1384.704
194,91,16,-2949.708,-5389.8237,-1509.712
192,91,16,-2839.124,-5906.7358,-1640.73
190,91,16,-2661.228,-6443.0078,-1774.152
188,91,16,-2405.2021,-6975.4082,-1906.3721
186,91,16,-2065.0361,-7496.1919,-2032.582
184,91,16,-1638.326,-7978.2559,-2151.5801
182,91,16,-1123.87,-8408.0479,-2253.75
180,91,16,-528.88,-8758.4639,-2339.092
178,91,16,133.422,-9010.1436,-2399.1921
176,91,16,851.016,-9143.7275,-2432.8481
174,91,16,1595.0541,-9155.3438,-2438.8582
172,91,16,2346.304,-9027.5684,-2410.01
170,91,16,3075.918,-8773.9521,-2349.9102
168,91,16,3768.27,-8398.3682,-2259.76
166,91,16,4398.1182,-7920.1758,-2147.9741
164,91,16,4955.8462,-7350.9922,-2014.552
162,91,16,5429.4341,-6719.856,-1860.696
160,91,16,5817.6802,-6044.1919,-1694.8201
158,91,16,6118.1802,-5347.2319,-1519.328
156,91,16,6344.1562,-4650.272,-1339.0281
154,91,16,6505.2241,-3962.9919,-1159.9301
152,91,16,6612.2021,-3295.072,-980.832
150,91,16,6679.5142,-2652.3201,-805.34
148,91,16,6713.1699,-2028.928,-629.848
146,91,16,6728.7959,-1428.7679,-459.164
144,91,16,6731.2002,-847.968,-290.884
142,91,16,6725.1899,-274.912,-123.806
140,91,16,6716.7759,290.4,40.868
138,91,16,6703.5542,857.648,206.744
136,91,16,6685.5239,1440.384,375.024
134,91,16,6654.272,2030.864,543.304
132,91,16,6603.7881,2648.448,715.19
130,91,16,6522.0522,3285.3921,890.682
128,91,16,6399.4482,3941.696,1067.376
126,91,16,6223.9561,4615.4238,1245.272
124,91,16,5984.7583,5291.0879,1420.764
122,91,16,5673.4399,5964.8159,1591.448
120,91,16,5282.79,6605.6318,1751.3141
118,91,16,4809.2021,7201.9199,1900.3621
116,91,16,4259.8882,7732.3838,2031.38
114,91,16,3644.4641,8173.792,2140.762
112,91,16,2972.5461,8516.4639,2226.104
110,91,16,2266.9719,8742.9756,2285.002
108,91,16,1545.772,8845.584,2315.052
106,91,16,834.188,8826.2236,2315.052
104,91,16,155.058,8686.832,2288.6082
102,91,16,-479.598,8442.8955,2236.9221
100,91,16,-1050.548,8100.2241,2162.3979
98,91,16,-1544.5701,7683.9839,2069.844
96,91,16,-1960.462,7219.3437,1964.068
94,91,16,-2288.6082,6721.792,1849.8781
92,91,16,-2538.624,6206.8159,1727.274
90,91,16,-2714.116,5695.7119,1603.468
88,91,16,-2824.7,5196.2241,1480.864
86,91,16,-2879.9919,4721.9038,1363.068
84,91,16,-2890.8101,4278.5601,1250.0801
82,91,16,-2864.366,3862.3201,1141.9
80,91,16,-2811.478,3486.7361,1043.3361
80,93,16,-3188.906,3616.448,1146.708
82,93,16,-3283.864,4038.4961,1263.302
84,93,16,-3349.9741,4505.0718,1389.5121
86,93,16,-3377.6201,5016.1758,1526.54
88,93,16,-3355.9841,5567.936,1673.1841
90,93,16,-3273.0461,6158.416,1824.636
92,93,16,-3114.3821,6770.1919,1980.896
94,93,16,-2866.77,7403.2642,2138.3582
96,93,16,-2519.3921,8016.9761,2289.8101
98,93,16,-2065.0361,8605.5195,2431.646
100,93,16,-1502.5,9135.9844,2557.856
102,93,16,-841.4,9577.3916,2660.0261
104,93,16,-97.362,9908.4482,2733.3481
106,93,16,709.18,10100.1123,2774.2161
108,93,16,1558.994,10146.5762,2780.2261
110,93,16,2422.03,10036.2236,2748.9741
112,93,16,3262.228,9772.9277,2682.864
114,93,16,4061.5581,9356.6875,2579.4919
116,93,16,4782.7583,8824.2881,2446.0701
118,93,16,5418.6162,8177.6641,2283.8
120,93,16,5953.5063,7459.4082,2099.894
122,93,16,6383.8223,6690.8159,1902.766
124,93,16,6711.9683,5900.9277,1694.8201
126,93,16,6947.5601,5107.168,1482.066
128,93,16,7108.6279,4330.832,1266.9081
130,93,16,7207.1919,3585.4719,1057.76
132,93,16,7262.4844,2876.896,854.622
134,93,16,7286.5239,2199.2959,651.484
136,93,16,7296.1401,1558.48,456.76
138,93,16,7299.7461,938.96,264.44
140,93,16,7305.7563,329.12,73.322
142,93,16,7316.5742,-271.04,-116.594
144,93,16,7332.2002,-878.944,-307.712
146,93,16,7347.8262,-1500.4,-500.032
148,93,16,7358.644,-2150.896,-699.564
150,93,16,7353.8359,-2832.3679,-902.702
152,93,16,7321.3823,-3550.624,-1114.254
154,93,16,7242.0503,-4309.5361,-1329.412
156,93,16,7105.022,-5097.4878,-1546.974
158,93,16,6889.8643,-5912.5439,-1766.9401
160,93,16,6579.748,-6739.2158,-1984.5021
162,93,16,6162.6543,-7548.4639,-2192.448
164,93,16,5636.1782,-8313.1836,-2385.97
166,93,16,5001.522,-8998.5283,-2556.6541
168,93,16,4263.4941,-9587.0723,-2702.0959
170,93,16,3446.134,-10043.9678,-2815.084
172,93,16,2572.28,-10353.7275,-2888.406
174,93,16,1671.9821,-10491.1836,-2922.062
176,93,16,786.108,-10467.9521,-2914.8501
178,93,16,-63.706,-10282.0957,-2867.9722
180,93,16,-849.814,-9951.04,-2785.0339
182,93,16,-1549.3781,-9496.0801,-2674.45
184,93,16,-2139.5601,-8948.1924,-2541.0281
186,93,16,-2615.552,-8344.1602,-2389.5759
188,93,16,-2980.96,-7695.6001,-2224.9021
190,93,16,-3244.198,-7043.168,-2059.0261
192,93,16,-3408.8721,-6400.416,-1891.948
194,93,16,-3495.416,-5784.7681,-1729.678
196,93,16,-3515.8501,-5209.7759,-1573.418
198,93,16,-3484.5981,-4675.4399,-1426.774
200,93,16,-3412.478,-4185.6318,-1289.746
202,93,16,-3312.7122,-3744.2239,-1164.738
204,93,16,-3192.512,-3347.344,-1052.952
206,93,16,-3061.4941,-2996.928,-950.782
206,95,16,-3404.064,-3041.4561,-1031.316
204,95,16,-3579.5562,-3418.9761,-1146.708
202,95,16,-3747.8362,-3850.7039,-1274.12
200,95,16,-3900.49,-4338.5762,-1420.764
198,95,16,-4026.7002,-4888.3999,-1579.428
196,95,16,-4112.042,-5500.1758,-1756.1221
194,95,16,-4144.4961,-6168.0962,-1946.0381
192,95,16,-4100.022,-6896.0317,-2147.9741
190,95,16,-3964.196,-7668.4961,-2357.1221
188,95,16,-3712.978,-8475.8076,-2573.4819
186,95,16,-3331.9441,-9275.376,-2785.0339
184,95,16,-2810.2761,-10045.9043,-2984.5662
182,95,16,-2139.5601,-10748.6719,-3166.0681
180,95,16,-1327.0081,-11348.832,-3321.126
178,95,16,-395.458,-11790.2402,-3434.114
176,95,16,623.838,-12059.3438,-3503.8301
174,95,16,1691.214,-12113.5518,-3519.4561
172,95,16,2779.0242,-11958.6719,-3483.396
170,95,16,3834.3801,-11594.7041,-3394.448
168,95,16,4812.8081,-11031.3281,-3256.218
166,95,16,5690.2681,-10316.9443,-3079.5242
164,95,16,6428.2959,-9470.9121,-2863.1641
162,95,16,7022.084,-8541.6318,-2622.7642
160,95,16,7474.0361,-7560.0801,-2363.1321
158,95,16,7788.96,-6568.8481,-2093.884
156,95,16,7983.6841,-5602.7842,-1822.2321
154,95,16,8089.46,-4692.8638,-1560.196
152,95,16,8119.5103,-3829.408,-1301.766
150,95,16,8105.0859,-3029.8401,-1054.1541
148,95,16,8066.6221,-2284.48,-818.562
146,95,16,8018.542,-1585.584,-588.98
144,95,16,7977.6743,-929.28,-369.014
142,95,16,7947.624,-290.4,-152.654
140,95,16,7938.0083,342.672,63.706
138,95,16,7944.0181,977.68,278.864
136,95,16,7964.4521,1635.92,498.83
134,95,16,7988.4922,2321.2639,722.402
132,95,16,8005.3203,3060.8159,955.59
130,95,16,7999.3101,3848.7681,1199.5961
128,95,16,7944.0181,4690.9277,1449.6121
126,95,16,7821.4141,5587.2959,1706.8401
124,95,16,7606.2563,6512.7041,1965.27
122,95,16,7278.1104,7461.3437,2224.9021
120,95,16,6818.9463,8390.624,2471.312
118,95,16,6217.9463,9277.3115,2705.7021
116,95,16,5485.9282,10067.2002,2910.042
114,95,16,4626.498,10729.3115,3084.332
112,95,16,3672.1101,11238.4795,3215.3501
110,95,16,2652.814,11563.7275,3301.894
108,95,16,1613.084,11683.7598,3339.156
106,95,16,585.374,11608.2559,3327.136
104,95,16,-376.226,11346.8955,3270.6421
102,95,16,-1263.302,10913.2324,3172.0781
100,95,16,-2038.592,10338.2402,3038.656
98,95,16,-2681.6621,9662.5762,2875.1841
96,95,16,-3185.3,8921.0879,2692.48
94,95,16,-3551.9102,8158.3042,2498.958
92,95,16,-3794.7141,7391.6479,2300.6279
90,95,16,-3931.7422,6654.0317,2104.7021
88,95,16,-3978.6201,5957.0718,1914.786
86,95,16,-3956.9841,5310.4478,1734.4861
84,95,16,-3880.0562,4727.7119,1567.4081
82,95,16,-3765.866,4201.1201,1413.552
80,95,16,-3622.8281,3730.6719,1274.12
80,97,16,-4083.1941,3813.9199,1395.522
82,97,16,-4286.332,4328.896,1557.792
84,97,16,-4470.2383,4915.5039,1739.2941
86,97,16,-4618.084,5577.6162,1938.826
88,97,16,-4709.436,6322.9761,2158.792
90,97,16,-4726.2642,7143.8398,2395.5859
92,97,16,-4639.7202,8028.5918,2644.4001
94,97,16,-4425.7642,8971.4238,2901.6282
96,97,16,-4059.1541,9920.0635,3154.0481
98,97,16,-3513.446,10866.7676,3400.458
100,97,16,-2787.438,11739.9043,3622.8281
102,97,16,-1882.332,12493.0078,3807.936
104,97,16,-823.37,13077.6797,3949.772
106,97,16,347.378,13441.6475,4033.9121
108,97,16,1596.256,13571.3604,4059.1541
110,97,16,2869.1741,13435.8398,4020.6902
112,97,16,4108.436,13048.6396,3918.52
114,97,16,5261.1543,12411.6963,3752.644
116,97,16,6274.4399,11581.1523,3532.678
118,97,16,7130.2642,10587.9844,3269.4399
120,97,16,7803.3843,9498.0156,2974.95
122,97,16,8295.002,8353.8398,2662.4299
124,97,16,8617.1377,7211.6001,2340.2939
126,97,16,8796.2363,6117.7598,2022.9661
128,97,16,8864.75,5083.936,1711.6481
130,97,16,8852.7305,4125.6162,1413.552
132,97,16,8796.2363,3250.5439,1127.4761
134,97,16,8722.9141,2450.9761,855.824
136,97,16,8651.9961,1721.104,598.596
138,97,16,8597.9063,1033.824,348.58
140,97,16,8576.2705,375.584,103.372
142,97,16,8588.29,-271.04,-139.432
144,97,16,8635.168,-933.152,-388.246
146,97,16,8712.0957,-1620.432,-639.464
148,97,16,8811.8623,-2361.9199,-906.308
150,97,16,8916.4365,-3165.3599,-1183.97
152,97,16,9000.5762,-4053.9839,-1476.056
154,97,16,9042.6465,-5027.792,-1786.172
156,97,16,9006.5859,-6080.9761,-2108.3081
158,97,16,8861.1445,-7221.2798,-2441.262
160,97,16,8569.0586,-8408.0479,-2779.0242
162,97,16,8099.0762,-9604.4961,-3110.7761
164,97,16,7441.582,-10760.2881,-3420.8921
166,97,16,6592.9702,-11819.2803,-3698.554
168,97,16,5558.0483,-12725.3281,-3934.146
170,97,16,4382.4922,-13424.2236,-4114.4463
172,97,16,3097.554,-13881.1201,-4231.04
174,97,16,1770.546,-14065.04,-4274.312
176,97,16,469.982,-13975.9844,-4251.4741
178,97,16,-774.088,-13615.8877,-4155.314
180,97,16,-1896.756,-13029.2803,-4005.064
182,97,16,-2857.1541,-12252.9443,-3803.1282
184,97,16,-3632.4441,-11337.2158,-3562.728
186,97,16,-4208.2021,-10357.5996,-3299.49
188,97,16,-4606.064,-9350.8799,-3024.2319
190,97,16,-4832.04,-8363.5195,-2748.9741
192,97,16,-4919.7861,-7426.4961,-2480.928
194,97,16,-4900.5542,-6561.104,-2227.3062
196,97,16,-4800.7881,-5784.7681,-1994.118
198,97,16,-4643.3262,-5087.8081,-1777.7581
200,97,16,-4448.6021,-4474.0962,-1584.2361
202,97,16,-4231.04,-3933.9519,-1409.946
204,97,16,-4001.458,-3461.5679,-1256.09
206,97,16,-3773.0781,-3056.9441,-1121.4661
206,99,16,-4160.1221,-3039.52,-1208.01
204,99,16,-4446.1982,-3463.5039,-1358.26
202,99,16,-4743.0923,-3964.928,-1533.7521
200,99,16,-5041.188,-4549.6001,-1734.4861
198,99,16,-5324.8599,-5223.3281,-1961.6641
196,99,16,-5580.8862,-6009.3437,-2218.8921
194,99,16,-5781.6201,-6901.8398,-2503.7661
192,99,16,-5900.6182,-7918.2397,-2819.8921
190,99,16,-5894.6079,-9041.1201,-3156.4521
188,99,16,-5726.3281,-10258.8643,-3509.8401
186,99,16,-5346.4961,-11525.0078,-3871.6421
184,99,16,-4732.2739,-12783.4082,-4219.02
182,99,16,-3856.0161,-13979.8555,-4544.7622
180,99,16,-2724.9341,-15011.7441,-4821.2222
178,99,16,-1370.28,-15809.376,-5037.582
176,99,16,153.856,-16314.6719,-5173.4082
174,99,16,1762.1321,-16469.5527,-5216.6802
172,99,16,3405.2661,-16260.4639,-5166.1963
170,99,16,4983.4922,-15706.7676,-5025.562
168,99,16,6425.8921,-14822.0156,-4794.7783
166,99,16,7672.3662,-13673.9678,-4491.874
164,99,16,8673.6318,-12342.0,-4133.6782
162,99,16,9420.0742,-10886.1279,-3734.614
160,99,16,9903.2783,-9397.3438,-3312.7122
158,99,16,10156.9004,-7956.96,-2893.2141
156,99,16,10225.4141,-6597.8882,-2478.5239
154,99,16,10159.3037,-5364.6558,-2086.6721
152,99,16,10012.6602,-4263.0718,-1715.254
150,99,16,9823.9463,-3285.3921,-1370.28
148,99,16,9632.8281,-2421.936,-1048.144
146,99,16,9466.9521,-1649.472,-746.442
144,99,16,9340.7422,-942.832,-459.164
142,99,16,9268.6221,-274.912,-181.502
140,99,16,9256.6025,377.52,90.15
138,99,16,9299.874,1043.504,366.61
136,99,16,9396.0342,1746.272,647.878
134,99,16,9533.0625,2509.0559,942.368
132,99,16,9691.7266,3362.832,1257.292
130,99,16,9846.7842,4321.1519,1592.65
128,99,16,9960.9746,5399.5039,1952.0481
126,99,16,9992.2266,6597.8882,2330.678
124,99,16,9896.0664,7900.8159,2723.7319
122,99,16,9616.0,9298.6084,3131.21
120,99,16,9120.7764,10709.9521,3530.2742
118,99,16,8375.5361,12086.4482,3908.9041
116,99,16,7377.876,13348.7197,4251.4741
114,99,16,6155.4419,14405.7764,4537.5503
112,99,16,4738.2842,15205.3438,4756.314
110,99,16,3204.532,15700.96,4895.7461
108,99,16,1632.316,15855.8398,4945.0283
106,99,16,85.342,15666.1123,4907.7661
104,99,16,-1346.24,15170.4961,4791.1719
102,99,16,-2629.9761,14388.3516,4600.0542
100,99,16,-3697.3521,13389.376,4348.8359
98,99,16,-4527.9341,12260.6875,4057.9521
96,99,16,-5119.3179,11056.4961,3738.22
94,99,16,-5482.3223,9861.9844,3408.8721
92,99,16,-5653.0059,8710.0635,3080.7261
90,99,16,-5665.0259,7641.3921,2765.802
88,99,16,-5566.4619,6681.1357,2471.312
86,99,16,-5384.96,5821.5518,2200.8621
84,99,16,-5149.3682,5074.2559,1955.6541
82,99,16,-4882.5239,4419.8882,1735.688
80,99,16,-4603.6602,3856.512,1542.166
80,101,16,-5139.752,3848.7681,1677.9921
82,101,16,-5509.9683,4450.8638,1899.16
84,101,16,-5883.79,5159.4399,2156.3879
86,101,16,-6238.3799,5989.9839,2448.4741
88,101,16,-6549.6982,6961.856,2776.6201
90,101,16,-6782.8862,8088.6079,3140.8262
92,101,16,-6891.0659,9358.624,3538.688
94,101,16,-6816.542,10777.7119,3961.792
96,101,16,-6505.2241,12278.1123,4393.3101
98,101,16,-5900.6182,13824.9756,4823.626
100,101,16,-4977.4819,15319.5684,5225.0942
102,101,16,-3712.978,16655.4082,5578.4819
104,101,16,-2152.782,17720.207,5852.5381
106,101,16,-376.226,18421.0391,6028.0303
108,101,16,1556.5901,18705.6328,6092.938
110,101,16,3525.4661,18529.4551,6036.4443
112,101,16,5425.8281,17917.6797,5865.7603
114,101,16,7173.5361,16883.8555,5582.0879
116,101,16,8655.6025,15515.1035,5209.4683
118,101,16,9834.7646,13896.6084,4758.7183
120,101,16,10664.1445,12140.6563,4267.1001
122,101,16,11156.9639,10361.4717,3755.0481
124,101,16,11361.3047,8648.1123,3240.592
126,101,16,11336.0625,7085.7598,2750.176
128,101,16,11165.3779,5693.7759,2286.2041
130,101,16,10908.1504,4481.8398,1859.494
132,101,16,10623.2764,3438.3359,1464.036
134,101,16,10350.4219,2534.2239,1101.032
136,101,16,10129.2539,1750.144,763.27
138,101,16,9972.9941,1047.376,445.942
140,101,16,9899.6719,394.944,138.23
142,101,16,9912.8945,-243.936,-165.876
144,101,16,10015.0645,-898.304,-474.79
146,101,16,10200.1719,-1601.072,-798.128
148,101,16,10458.6025,-2392.896,-1145.506
150,101,16,10766.3145,-3295.072,-1518.126
152,101,16,11095.6621,-4350.1919,-1924.402
154,101,16,11406.9805,-5589.2319,-2373.95
156,101,16,11636.5625,-7012.1919,-2857.1541
158,101,16,11712.2881,-8624.8799,-3375.2161
160,101,16,11559.6338,-10398.2559,-3914.9141
162,101,16,11102.874,-12262.624,-4457.0161
164,101,16,10293.9277,-14117.3115,-4981.0879
166,101,16,9127.9883,-15826.7998,-5453.4741
168,101,16,7623.084,-17317.5195,-5856.144
170,101,16,5847.73,-18448.1445,-6156.644
172,101,16,3883.6621,-19162.5273,-6346.5601
174,101,16,1824.636,-19423.8887,-6411.4683
176,101,16,-193.522,-19197.375,-6346.5601
178,101,16,-2087.874,-18521.7109,-6163.856
180,101,16,-3747.8362,-17445.2969,-5875.376
182,101,16,-5109.7021,-16066.8643,-5499.1499
184,101,16,-6119.3823,-14508.3838,-5068.834
186,101,16,-6770.8662,-12876.3359,-4606.064
188,101,16,-7107.4263,-11257.8398,-4131.2739
190,101,16,-7183.1523,-9753.5684,-3675.7161
192,101,16,-7061.75,-8398.3682,-3246.6021
194,101,16,-6808.1279,-7209.6641,-2853.5481
196,101,16,-6472.77,-6189.3921,-2502.564
198,101,16,-6092.938,-5314.3198,-2191.2461
200,101,16,-5697.48,-4576.7041,-1919.594
202,101,16,-5300.8203,-3953.312,-1685.204
204,101,16,-4920.9883,-3424.7839,-1479.662
206,101,16,-4562.792,-2979.5039,-1302.968
206,103,16,-4972.6743,-2876.896,-1394.3201
204,103,16,-5401.7881,-3324.1121,-1587.842
202,103,16,-5872.9722,-3864.2559,-1817.4241
200,103,16,-6377.812,-4514.752,-2087.874
198,103,16,-6907.894,-5302.7041,-2402.7981
196,103,16,-7449.9961,-6251.3437,-2771.812
194,103,16,-7970.4619,-7387.7759,-3192.512
192,103,16,-8423.6162,-8756.5283,-3678.1201
190,103,16,-8746.9541,-10369.2158,-4219.02
188,103,16,-8851.5283,-12227.7764,-4810.4043
186,103,16,-8630.3604,-14274.1279,-5429.4341
184,103,16,-7995.7041,-16397.9199,-6049.666
182,103,16,-6873.0361,-18496.543,-6637.4443
180,103,16,-5244.3262,-20358.9766,-7155.5063
178,103,16,-3187.7041,-21447.0078,-7567.792
176,103,16,-806.542,-21911.6484,-7834.6362
174,103,16,1745.3041,-22074.2715,-7931.998
172,103,16,4348.8359,-21944.5605,-7858.6763
170,103,16,6838.1782,-21508.959,-7617.0742
168,103,16,9087.1201,-20480.9434,-7222.8184
166,103,16,10951.4219,-18560.4316,-6691.5342
164,103,16,12337.3281,-16310.7998,-6066.4941
162,103,16,13042.9023,-13910.1602,-5380.1519
160,103,16,13337.3926,-11528.8799,-4675.7803
158,103,16,13328.9785,-9319.9043,-3984.6301
156,103,16,13124.6387,-7378.0962,-3340.3582
154,103,16,12772.4521,-5734.4321,-2746.5701
152,103,16,12336.126,-4356.0,-2211.6799
150,103,16,11815.6602,-3227.312,-1733.2841
148,103,16,11349.2842,-2294.1599,-1300.564
146,103,16,10975.4619,-1512.016,-911.116
144,103,16,10713.4258,-840.224,-551.718
142,103,16,10573.9941,-224.576,-209.148
140,103,16,10553.5605,371.712,125.008
138,103,16,10661.7402,987.36,463.972
136,103,16,10887.7158,1663.024,818.562
134,103,16,11221.8721,2437.4241,1197.192
132,103,16,11640.168,3360.896,1614.286
130,103,16,12108.9482,4476.0317,2074.6521
128,103,16,12545.2744,5817.6802,2587.906
126,103,16,12858.9961,7428.4321,3154.0481
124,103,16,13028.4785,9300.5439,3767.0681
122,103,16,13004.4385,11420.4639,4423.3599
120,103,16,12676.292,13689.4561,5090.4702
118,103,16,11857.7305,15973.9355,5740.752
116,103,16,10485.0459,18099.6641,6336.9443
114,103,16,8666.4199,19900.1445,6839.3799
112,103,16,6478.7803,21098.5273,7221.6162
110,103,16,4056.75,21524.4473,7453.6021
108,103,16,1533.7521,21613.5039,7526.9243
106,103,16,-908.712,21423.7754,7436.7739
104,103,16,-3143.23,20839.1035,7196.374
102,103,16,-5077.248,19454.8633,6828.562
100,103,16,-6589.3643,17654.3848,6348.9644
98,103,16,-7639.9121,15664.1758,5804.458
96,103,16,-8254.1338,13658.4795,5234.71
94,103,16,-8471.6963,11749.584,4663.7603
92,103,16,-8395.9697,10011.0557,4120.4561
90,103,16,-8109.894,8485.4883,3615.616
88,103,16,-7696.4062,7188.3682,3162.4622
86,103,16,-7215.606,6086.7842,2758.5901
84,103,16,-6713.1699,5176.8638,2408.8081
82,103,16,-6210.7339,4412.144,2101.0959
80,103,16,-5729.9341,3779.072,1837.858
80,105,16,-6315.3081,3630.0,1980.896
82,105,16,-6916.3081,4274.688,2276.5881
84,105,16,-7570.1963,5066.5122,2627.572
86,105,16,-8261.3457,6038.3838,3041.0601
88,105,16,-8968.1221,7240.6401,3521.8601
90,105,16,-9646.0498,8713.9355,4080.79
92,105,16,-10212.1924,10498.9277,4711.8398
94,105,16,-10559.5703,12618.8477,5411.4043
96,105,16,-10552.3584,15036.9121,6161.4521
98,105,16,-10022.2764,17691.168,6931.9341
100,105,16,-8885.1846,20353.168,7680.7803
102,105,16,-7072.5684,21948.4316,8355.1025
104,105,16,-4658.9521,22254.3203,8887.5879
106,105,16,-1800.5961,22283.3594,9243.3799
108,105,16,1331.816,22302.7207,9386.418
110,105,16,4547.166,22298.8477,9309.4902
112,105,16,7655.5381,22273.6797,9011.3945
114,105,16,10456.1982,22213.6641,8502.9482
116,105,16,12688.3125,21179.8398,7838.2422
118,105,16,13645.1045,18554.623,7038.9121
120,105,16,13837.4238,15532.5283,6177.0781
122,105,16,13847.04,12589.8076,5299.6182
124,105,16,13844.6367,9925.8721,4457.0161
126,105,16,13771.3145,7662.688,3681.7261
128,105,16,13583.8027,5809.936,2986.97
130,105,16,13183.5361,4330.832,2372.748
132,105,16,12635.4238,3167.2959,1834.2521
134,105,16,12076.4941,2247.696,1359.462
136,105,16,11606.5127,1510.08,937.56
138,105,16,11283.1738,894.432,545.708
140,105,16,11125.7119,346.544,174.29
142,105,16,11141.3379,-174.24,-188.714
144,105,16,11320.4365,-714.384,-564.94
146,105,16,11671.4199,-1324.224,-961.6
148,105,16,12181.0684,-2056.032,-1396.724
150,105,16,12753.2207,-2967.8879,-1884.7361
152,105,16,13334.9883,-4135.2959,-2444.8682
154,105,16,13654.7207,-5624.0801,-3083.1301
156,105,16,13831.4141,-7494.2559,-3807.936
158,105,16,13861.4639,-9827.1357,-4625.2959
160,105,16,13861.4639,-12582.0635,-5514.7759
162,105,16,13855.4541,-15648.6875,-6443.9219
164,105,16,13816.9902,-18825.6641,-7358.644
166,105,16,13226.8086,-21421.8398,-8200.0439
168,105,16,11162.9746,-22246.5762,-8915.2344
170,105,16,8302.2139,-22283.3594,-9456.1338
172,105,16,5104.894,-22296.9121,-9779.4727
174,105,16,1752.516,-22293.0391,-9875.6318
176,105,16,-1520.53,-22294.9766,-9736.2002
178,105,16,-4576.0142,-22277.5527,-9371.9941
180,105,16,-7189.1621,-22233.0234,-8807.0537
182,105,16,-9192.8965,-21239.8555,-8100.2783
184,105,16,-10471.8242,-18653.3594,-7298.5439
186,105,16,-11052.3906,-15824.8643,-6466.7603
188,105,16,-11066.8145,-13209.3281,-5653.0059
190,105,16,-10682.1738,-10922.9121,-4887.332
192,105,16,-10061.9424,-9015.9521,-4203.394
194,105,16,-9327.5205,-7455.5361,-3604.7981
196,105,16,-8566.6543,-6202.9438,-3091.5439
198,105,16,-7823.8184,-5188.48,-2654.0161
200,105,16,-7124.2539,-4367.6162,-2282.5981
202,105,16,-6484.79,-3703.5679,-1970.078
204,105,16,-5905.4263,-3161.488,-1708.042
206,105,16,-5387.3643,-2716.208,-1486.874
206,107,16,-5778.0142,-2503.248,-1572.2161
204,107,16,-6374.2061,-2923.3599,-1811.4141
202,107,16,-7056.9419,-3446.0801,-2103.5
200,107,16,-7834.6362,-4096.5762,-2453.282
198,107,16,-8709.6924,-4909.6958,-2872.78
196,107,16,-9682.1104,-5939.6479,-3376.418
194,107,16,-10743.4766,-7260.0,-3981.0242
192,107,16,-11856.5283,-8969.4883,-4705.8301
190,107,16,-12815.7246,-11151.3604,-5558.0483
188,107,16,-13434.7539,-13919.8398,-6540.082
186,107,16,-13585.0039,-17278.8008,-7620.6802
184,107,16,-13472.0166,-20986.2402,-8745.752
182,107,16,-12505.6084,-22264.0,-9845.582
180,107,16,-10090.79,-22304.6562,-10827.6162
178,107,16,-6716.7759,-22325.9512,-11562.0381
176,107,16,-2728.54,-22343.375,-11963.5059
174,107,16,1534.954,-22353.0566,-12125.7764
172,107,16,5864.5581,-22343.375,-12044.04
170,107,16,10023.4785,-22333.6953,-11727.9141
168,107,16,13404.7041,-22329.8242,-11098.0664
166,107,16,13869.8779,-22275.6152,-10143.6777
164,107,16,13892.7158,-21520.5762,-9010.1924
162,107,16,13904.7363,-17714.4004,-7779.3442
160,107,16,13898.7266,-13639.1201,-6547.2939
158,107,16,13892.7158,-10148.5117,-5396.98
156,107,16,13878.292,-7376.1602,-4376.4819
154,107,16,13866.2725,-5263.9839,-3494.2141
152,107,16,13808.5762,-3691.9519,-2736.9541
150,107,16,13491.248,-2541.968,-2093.884
148,107,16,12889.0459,-1695.936,-1544.5701
146,107,16,12334.9238,-1058.9919,-1064.972
144,107,16,11882.9727,-559.504,-635.858
142,107,16,11648.582,-129.712,-234.39
140,107,16,11630.5518,276.848,156.26
138,107,16,11831.2861,710.512,552.92
136,107,16,12241.168,1221.616,976.024
134,107,16,12768.8467,1864.368,1439.996
132,107,16,13379.4619,2720.0801,1971.28
130,107,16,13731.6484,3870.064,2587.906
128,107,16,13861.4639,5424.6719,3309.106
126,107,16,13874.6865,7503.936,4151.708
124,107,16,13890.3125,10189.168,5118.1162
122,107,16,13893.918,13540.3838,6198.7144
120,107,16,13895.1201,17418.1914,7353.8359
118,107,16,13890.3125,21237.9199,8520.9785
116,107,16,13859.0605,22269.8086,9596.7686
114,107,16,12940.7324,22327.8887,10513.8945
112,107,16,9464.5479,22329.8242,11200.2363
110,107,16,5411.4043,22349.1836,11568.0479
108,107,16,1215.222,22351.1191,11644.9766
106,107,16,-2875.1841,22339.5039,11492.3223
104,107,16,-6578.5459,22325.9512,11031.9561
102,107,16,-9730.1904,22293.0391,10305.9482
100,107,16,-11965.9102,22202.0488,9380.4082
98,107,16,-13030.8818,20091.8086,8359.9102
96,107,16,-13280.8984,16554.7363,7316.5742
94,107,16,-13023.6699,13453.2637,6332.1362
92,107,16,-12421.4678,10870.6396,5430.6362
90,107,16,-11475.4941,8791.376,4639.7202
88,107,16,-10450.1885,7157.3921,3955.782
86,107,16,-9447.7197,5864.144,3374.0142
84,107,16,-8531.7959,4853.5518,2892.012
82,107,16,-7686.79,4044.304,2480.928
80,107,16,-6936.7422,3401.552,2139.5601
80,109,16,-7499.2783,3074.3679,2274.1841
82,109,16,-8381.5459,3670.656,2649.208
84,109,16,-9405.6504,4435.376,3104.7661
86,109,16,-10582.4082,5418.8638,3660.0901
88,109,16,-11921.4365,6721.792,4334.4121
90,109,16,-13176.3242,8439.0244,5152.9741
92,109,16,-13789.3447,10742.8643,6135.0083
94,109,16,-13862.666,13811.4238,7280.5142
96,109,16,-13878.292,17756.9922,8579.876
98,109,16,-13877.0898,21797.4238,9983.8125
100,109,16,-13863.8682,22312.4004,11376.9307
102,109,16,-13357.8262,22345.3125,12372.1865
104,109,16,-9543.8799,22362.7363,12961.166
106,109,16,-4568.8022,22374.3516,13306.1406
108,109,16,800.532,22376.2871,13445.5723
110,109,16,6263.6221,22368.543,13397.4922
112,109,16,11592.0879,22368.543,13137.8604
114,109,16,13868.6758,22370.4805,12666.6758
116,109,16,13899.9287,22325.9512,11777.1963
118,109,16,13915.5547,22277.5527,10420.1387
120,109,16,13919.1602,19652.3359,8856.3359
122,109,16,13913.1504,14401.9043,7322.584
124,109,16,13913.1504,10133.0244,5929.4663
126,109,16,13903.5342,6954.1118,4721.4561
128,109,16,13885.5039,4688.9922,3704.564
130,109,16,13867.4746,3126.6399,2860.76
132,109,16,13723.2344,2065.7119,2161.196
134,109,16,13324.1699,1337.776,1573.418
136,109,16,12725.5742,838.288,1066.1741
138,109,16,12280.834,484.0,617.828
140,109,16,12027.2119,207.152,199.532
142,109,16,12035.626,-40.656,-210.35
144,109,16,12312.0859,-305.888,-629.848
146,109,16,12772.4521,-642.752,-1086.608
148,109,16,13385.4727,-1113.2,-1599.8621
150,109,16,13767.708,-1798.5439,-2200.8621
152,109,16,13865.0703,-2822.688,-2923.2642
154,109,16,13887.9082,-4354.064,-3801.926
156,109,16,13904.7363,-6601.7598,-4859.686
158,109,16,13911.9482,-9823.2637,-6126.5942
160,109,16,13919.1602,-14206.3682,-7599.0439
162,109,16,13921.5645,-19698.8008,-9226.5518
164,109,16,13922.7666,-22283.3594,-10885.3125
166,109,16,13908.3418,-22337.5684,-12197.8965
168,109,16,13881.8984,-22358.8633,-12988.8125
170,109,16,12529.6484,-22374.3516,-13450.3799
172,109,16,7141.082,-22368.543,-13613.8525
174,109,16,1485.672,-22360.8008,-13636.6904
176,109,16,-4140.8901,-22360.8008,-13564.5703
178,109,16,-9487.3857,-22360.8008,-13309.7461
180,109,16,-13534.5205,-22351.1191,-12779.6641
182,109,16,-13871.0801,-22318.207,-11875.7598
184,109,16,-13886.7061,-22209.791,-10504.2783
186,109,16,-13881.8984,-18634.0,-8995.7686
188,109,16,-13873.4844,-14345.7598,-7587.0239
190,109,16,-13847.04,-11060.3682,-6341.752
192,109,16,-13522.5,-8632.624,-5292.4062
194,109,16,-12397.4287,-6832.144,-4420.9561
196,109,16,-10971.8564,-5507.9199,-3703.3621
198,109,16,-9702.5439,-4501.2002,-3113.1802
200,109,16,-8621.9463,-3726.8,-2639.592
202,109,16,-7678.376,-3115.0239,-2244.134
204,109,16,-6868.228,-2632.96,-1920.796
206,109,16,-6172.27,-2241.8879,-1655.1541
206,111,16,-6493.2041,-1924.384,-1723.6681
204,111,16,-7244.4541,-2255.4399,-2003.734
202,111,16,-8138.7422,-2669.7439,-2351.1121
200,111,16,-9201.3105,-3196.3359,-2776.6201
198,111,16,-10470.6221,-3872.0,-3299.49
196,111,16,-11992.3545,-4766.4321,-3950.9741
194,111,16,-13434.7539,-5976.4321,-4755.1123
192,111,16,-13855.4541,-7687.856,-5765.9941
190,111,16,-13884.3027,-10162.0635,-7022.084
188,111,16,-13905.9385,-13813.3604,-8560.6445
186,111,16,-13911.9482,-19123.8086,-10373.2598
184,111,16,-13913.1504,-22285.2949,-12159.4326
182,111,16,-13907.1406,-22335.6328,-13326.5742
180,111,16,-13893.918,-22366.6074,-13844.6367
178,111,16,-13322.9678,-22378.2246,-13879.4941
176,111,16,-6299.6821,-22376.2871,-13889.1104
174,111,16,1057.76,-22368.543,-13885.5039
172,111,16,8309.4258,-22380.1602,-13892.7158
170,111,16,13838.626,-22378.2246,-13885.5039
168,111,16,13913.1504,-22368.543,-13867.4746
166,111,16,13925.1699,-22347.248,-13603.0342
164,111,16,13927.5742,-22331.7598,-12663.0703
162,111,16,13928.7764,-21419.9043,-10874.4941
160,111,16,13931.1807,-14214.1123,-8739.7422
158,111,16,13928.7764,-8710.0635,-6886.2583
156,111,16,13916.7559,-5128.4639,-5341.688
154,111,16,13904.7363,-2917.552,-4107.2339
152,111,16,13883.1006,-1593.328,-3120.3921
150,111,16,13848.2422,-818.928,-2325.8701
148,111,16,13589.8125,-377.52,-1684.0021
146,111,16,13012.8525,-137.456,-1143.1021
144,111,16,12504.4063,-17.424,-673.12
142,111,16,12187.0781,42.592,-236.794
140,111,16,12172.6543,87.12,177.896
138,111,16,12452.7207,160.688,605.808
136,111,16,12943.1367,305.888,1070.9821
134,111,16,13541.7324,580.8,1599.8621
132,111,16,13843.4346,1074.48,2232.114
130,111,16,13874.6865,1906.96,2998.99
128,111,16,13901.1299,3287.3279,3952.176
126,111,16,13911.9482,5527.2798,5140.9541
124,111,16,13923.9678,9056.6084,6601.3843
122,111,16,13926.3721,14357.376,8353.9004
120,111,16,13929.9785,21274.7031,10344.4121
118,111,16,13932.3818,22327.8887,12195.4922
116,111,16,13926.3721,22360.8008,13327.7764
114,111,16,13905.9385,22382.0957,13824.2021
112,111,16,13675.1543,22387.9043,13875.8887
110,111,16,7621.8823,22395.6484,13884.3027
108,111,16,597.394,22395.6484,13883.1006
106,111,16,-6499.2144,22393.7109,13880.6963
104,111,16,-13092.1846,22385.9687,13865.0703
102,111,16,-13893.918,22382.0957,13694.3867
100,111,16,-13903.5342,22351.1191,13020.0645
98,111,16,-13909.5439,22265.9355,11789.2158
96,111,16,-13898.7266,18639.8086,10022.2764
94,111,16,-13899.9287,13666.2236,8340.6777
92,111,16,-13884.3027,10154.3203,6904.2881
90,111,16,-13842.2324,7720.7681,5720.3179
88,111,16,-13272.4844,6015.1519,4757.5161
86,111,16,-11814.458,4783.856,3975.0142
84,111,16,-10364.8457,3877.8079,3341.5601
82,111,16,-9131.5938,3188.592,2825.9021
80,111,16,-8082.248,2660.064,2402.7981
80,113,16,-8519.7764,2154.7681,2510.978
82,113,16,-9664.0801,2576.8159,2958.1221
84,113,16,-11049.9863,3120.832,3514.6479
86,113,16,-12670.2822,3844.896,4200.9902
88,113,16,-13764.1025,4851.6162,5068.834
90,113,16,-13880.6963,6311.3599,6157.8462
92,113,16,-13899.9287,8530.0156,7534.1362
94,113,16,-13914.3525,12103.8721,9266.2178
96,113,16,-13919.1602,17946.7207,11361.3047
98,113,16,-13920.3623,22298.8477,13035.6904
100,113,16,-13920.3623,22378.2246,13854.252
102,113,16,-13913.1504,22387.9043,13885.5039
104,113,16,-13890.3125,22385.9687,13897.5244
106,113,16,-9190.4922,22401.4551,13911.9482
108,113,16,54.09,22405.3281,13910.7461
110,113,16,8905.6182,22397.584,13905.9385
112,113,16,13878.292,22399.5195,13898.7266
114,113,16,13927.5742,22401.4551,13897.5244
116,113,16,13933.584,22389.8398,13872.2822
118,113,16,13938.3926,22353.0566,13474.4199
120,113,16,13940.7959,22093.6328,11842.1045
122,113,16,13933.584,12915.0557,9408.0537
124,113,16,13928.7764,6522.3838,7236.04
126,113,16,13919.1602,3022.0959,5520.7861
128,113,16,13908.3418,1161.6,4173.3442
130,113,16,13883.1006,220.704,3127.604
132,113,16,13857.8584,-209.088,2306.6379
134,113,16,13613.8525,-348.48,1646.74
136,113,16,13015.2559,-325.248,1107.042
138,113,16,12457.5283,-201.344,637.06
140,113,16,12130.584,-29.04,211.552
142,113,16,12136.5938,168.432,-201.936
144,113,16,12471.9521,360.096,-628.646
146,113,16,13041.7002,514.976,-1101.032
148,113,16,13634.2861,588.544,-1650.3461
150,113,16,13857.8584,520.784,-2312.6479
152,113,16,13885.5039,195.536,-3142.0281
154,113,16,13907.1406,-611.776,-4214.2119
156,113,16,13922.7666,-2286.416,-5586.896
158,113,16,13923.9678,-5639.5679,-7370.6641
160,113,16,13929.9785,-12067.0879,-9628.0205
162,113,16,13938.3926,-22004.5762,-12141.4023
164,113,16,13938.3926,-22354.9922,-13643.9023
166,113,16,13927.5742,-22372.416,-13886.7061
168,113,16,13926.3721,-22376.2871,-13903.5342
170,113,16,13891.5146,-22389.8398,-13911.9482
172,113,16,10084.7803,-22382.0957,-13913.1504
174,113,16,1060.1641,-22384.0312,-13915.5547
176,113,16,-8351.4961,-22387.9043,-13915.5547
178,113,16,-13887.9082,-22376.2871,-13904.7363
180,113,16,-13915.5547,-22384.0312,-13896.3223
182,113,16,-13927.5742,-22368.543,-13874.6865
184,113,16,-13923.9678,-22314.3359,-13355.4219
186,113,16,-13919.1602,-18250.6719,-11732.7227
188,113,16,-13914.3525,-12039.9844,-9539.0723
190,113,16,-13901.1299,-8409.9844,-7689.1943
192,113,16,-13880.6963,-6193.2642,-6234.7739
194,113,16,-13825.4043,-4766.4321,-5092.874
196,113,16,-12905.874,-3796.4961,-4203.394
198,113,16,-11272.3564,-3085.9839,-3491.8101
200,113,16,-9828.7539,-2557.4561,-2924.4661
202,113,16,-8618.3398,-2148.96,-2460.4941
204,113,16,-7614.6699,-1814.032,-2081.864
206,113,16,-6769.6641,-1550.736,-1786.172
206,115,16,-6972.8022,-1149.984,-1829.4441
204,115,16,-7832.2319,-1331.968,-2137.156
202,115,16,-8875.5684,-1554.608,-2520.594
200,115,16,-10147.2842,-1821.776,-2997.7881
198,115,16,-11700.2686,-2158.6399,-3593.98
196,115,16,-13339.7959,-2584.5601,-4335.6143
194,115,16,-13862.666,-3155.6799,-5276.7803
192,115,16,-13893.918,-3990.0959,-6488.396
190,115,16,-13913.1504,-5347.2319,-8073.834
188,115,16,-13915.5547,-7846.6079,-10140.0723
186,115,16,-13926.3721,-13271.2803,-12502.002
184,115,16,-13929.9785,-22275.6152,-13836.2227
182,115,16,-13937.1904,-22380.1602,-13893.918
180,115,16,-13925.1699,-22382.0957,-13910.7461
178,115,16,-13910.7461,-22397.584,-13919.1602
176,115,16,-10522.3086,-22401.4551,-13923.9678
174,115,16,883.47,-22401.4551,-13926.3721
172,115,16,11422.6064,-22393.7109,-13926.3721
170,115,16,13911.9482,-22397.584,-13923.9678
168,115,16,13931.1807,-22391.7754,-13915.5547
166,115,16,13937.1904,-22384.0312,-13902.332
164,115,16,13946.8066,-22372.416,-13152.2842
162,115,16,13943.2002,-21075.2949,-11919.0322
160,115,16,13940.7959,-6017.0879,-10061.9424
158,115,16,13935.9883,-181.984,-7559.3779
156,115,16,13923.9678,1827.584,-5643.3901
154,115,16,13909.5439,2394.832,-4208.2021
152,115,16,13891.5146,2356.1121,-3123.998
150,115,16,13859.0605,2065.7119,-2287.406
148,115,16,13601.832,1664.96,-1626.306
146,115,16,12872.2178,1219.6801,-1089.012
144,115,16,12218.3301,753.104,-634.656
142,115,16,11833.6904,282.656,-223.572
140,115,16,11818.0645,-185.856,175.492
138,115,16,12171.4521,-640.816,584.172
136,115,16,12819.3301,-1076.416,1039.73
134,115,16,13566.9746,-1473.296,1572.2161
132,115,16,13855.4541,-1800.48,2224.9021
130,115,16,13896.3223,-1978.592,3051.8782
128,115,16,13911.9482,-1841.136,4132.4761
126,115,16,13922.7666,-1026.08,5561.6543
124,115,16,13932.3818,1343.584,7448.7939
122,115,16,13932.3818,7476.832,9933.3281
120,115,16,13941.998,21416.0312,12584.9404
118,115,16,13948.0078,22389.8398,13654.7207
116,115,16,13934.7861,22403.3926,13893.918
114,115,16,13934.7861,22401.4551,13907.1406
112,115,16,13910.7461,22413.0723,13919.1602
110,115,16,10690.5879,22418.8789,13921.5645
108,115,16,320.934,22415.0078,13917.958
106,115,16,-11164.1758,22411.1367,13916.7559
104,115,16,-13911.9482,22413.0723,13914.3525
102,115,16,-13922.7666,22405.3281,13905.9385
100,115,16,-13931.1807,22385.9687,13887.9082
98,115,16,-13931.1807,22298.8477,13736.4561
96,115,16,-13921.5645,14539.3604,12337.3281
94,115,16,-13923.9678,8750.7197,10095.5986
92,115,16,-13913.1504,5902.8638,8094.2681
90,115,16,-13895.1201,4334.7041,6556.9102
88,115,16,-13857.8584,3378.3201,5365.728
86,115,16,-13290.5146,2729.76,4442.5923
84,115,16,-11679.834,2253.5039,3700.958
82,115,16,-10142.4766,1887.6,3103.564
80,115,16,-8886.3857,1587.52,2609.542
80,117,16,-9099.1406,979.616,2674.45
82,117,16,-10374.4619,1119.0079,3162.4622
84,117,16,-11957.4961,1273.8879,3774.28
86,117,16,-13492.4502,1444.256,4536.3481
88,117,16,-13866.2725,1632.048,5501.5542
90,117,16,-13893.918,1839.2,6734.8062
92,117,16,-13915.5547,2148.96,8328.6582
94,117,16,-13919.1602,2811.072,10397.2998
96,117,16,-13927.5742,5054.896,12625.8086
98,117,16,-13935.9883,14967.2158,12316.8945
100,117,16,-13941.998,22385.9687,11391.3545
102,117,16,-13933.584,22420.8164,13902.332
104,117,16,-13916.7559,22424.6875,13915.5547
106,117,16,-11379.334,22424.6875,13913.1504
108,117,16,1438.7941,22416.9434,13909.5439
110,117,16,11717.0967,22407.2637,13909.5439
112,117,16,13915.5547,22418.8789,13916.7559
114,117,16,13931.1807,22413.0723,13909.5439
116,117,16,13940.7959,22411.1367,13872.2822
118,117,16,13949.21,22393.7109,8822.6797
120,117,16,13946.8066,7449.728,7785.354
122,117,16,13940.7959,-5852.5278,9726.584
124,117,16,13931.1807,-7190.3042,7224.02
126,117,16,13917.958,-6512.7041,5336.8799
128,117,16,13910.7461,-5509.856,3934.146
130,117,16,13880.6963,-4499.2642,2886.002
132,117,16,13839.8281,-3554.4961,2091.48
134,117,16,13322.9678,-2677.488,1474.854
136,117,16,12373.3887,-1870.176,978.428
138,117,16,11622.1387,-1091.9041,555.324
140,117,16,11255.5283,-338.8,175.492
142,117,16,11265.1445,408.496,-188.714
144,117,16,11634.1582,1173.2159,-564.94
146,117,16,12386.6104,1972.7839,-982.034
148,117,16,13333.7861,2832.3679,-1477.2581
150,117,16,13838.626,3771.3279,-2085.47
152,117,16,13880.6963,4822.5762,-2866.77
154,117,16,13911.9482,6022.896,-3893.2781
156,117,16,13922.7666,7366.48,-5249.1343
158,117,16,13932.3818,8713.9355,-7068.9619
160,117,16,13941.998,8957.8721,-9384.0146
162,117,16,13949.21,-784.08,-6805.7241
164,117,16,13946.8066,-22376.2871,-7368.2603
166,117,16,13940.7959,-22395.6484,-13861.4639
168,117,16,13932.3818,-22403.3926,-13915.5547
170,117,16,13919.1602,-22405.3281,-13916.7559
172,117,16,13173.9199,-22413.0723,-13925.1699
174,117,16,1302.968,-22411.1367,-13926.3721
176,117,16,-10093.1943,-22415.0078,-13926.3721
178,117,16,-13917.958,-22411.1367,-13920.3623
180,117,16,-13933.584,-22420.8164,-13907.1406
182,117,16,-13945.6045,-22384.0312,-10457.4004
184,117,16,-13940.7959,-8808.7998,-11909.416
186,117,16,-13928.7764,-2298.032,-12699.1299
188,117,16,-13915.5547,-1510.08,-10372.0586
190,117,16,-13908.3418,-1434.576,-8252.9326
192,117,16,-13895.1201,-1415.2159,-6644.6562
194,117,16,-13866.2725,-1355.2,-5405.394
196,117,16,-13535.7227,-1264.208,-4447.3999
198,117,16,-12041.6357,-1157.728,-3666.1001
200,117,16,-10434.5625,-1045.4399,-3065.1001
202,117,16,-9124.3818,-929.28,-2580.6941
204,117,16,-8028.1582,-826.672,-2178.0239
206,117,16,-7127.8604,-727.936,-1859.494
206,117,18,-6811.7339,-687.28,-2224.9021
204,117,18,-7631.498,-780.208,-2596.3201
202,117,18,-8617.1377,-880.88,-3059.0901
200,117,18,-9803.5117,-987.36,-3630.04
198,117,18,-11249.5186,-1091.9041,-4345.23
196,117,18,-12903.4707,-1192.576,-5239.5181
194,117,18,-13837.4238,-1277.76,-6377.812
192,117,18,-13884.3027,-1337.776,-7870.6963
190,117,18,-13908.3418,-1382.304,-9851.5918
188,117,18,-13920.3623,-1484.912,-12308.4805
186,117,18,-13923.9678,-2222.5281,-13860.2627
184,117,18,-13938.3926,-8098.2881,-13878.292
182,117,18,-13939.5947,-22380.1602,-13241.2324
180,117,18,-13929.9785,-22416.9434,-13928.7764
178,117,18,-13910.7461,-22416.9434,-13934.7861
176,117,18,-8719.3086,-22411.1367,-13933.584
174,117,18,1739.2941,-22415.0078,-13935.9883
172,117,18,12278.4307,-22415.0078,-13938.3926
170,117,18,13915.5547,-22418.8789,-13943.2002
168,117,18,13934.7861,-22418.8789,-13940.7959
166,117,18,13939.5947,-22405.3281,-13927.5742
164,117,18,13948.0078,-22382.0957,-12664.2725
162,117,18,13949.21,-3889.4241,-11110.0859
160,117,18,13940.7959,7685.9199,-12791.6846
158,117,18,13929.9785,7902.752,-9400.8418
156,117,18,13922.7666,6781.8081,-6717.978
154,117,18,13903.5342,5602.7842,-4882.5239
152,117,18,13878.292,4518.624,-3555.5161
150,117,18,13741.2646,3548.688,-2577.0881
148,117,18,12934.7227,2669.7439,-1827.04
146,117,18,11932.2539,1864.368,-1223.636
144,117,18,11212.2559,1111.264,-718.796
142,117,18,10852.8584,381.392,-264.44
140,117,18,10833.626,-332.992,173.088
138,117,18,11159.3682,-1049.312,625.04
136,117,18,11848.1143,-1786.928,1132.2841
134,117,18,12837.3604,-2551.6479,1722.4661
132,117,18,13691.9824,-3378.3201,2462.8979
130,117,18,13878.292,-4265.0078,3425.7
128,117,18,13905.9385,-5190.416,4722.6582
126,117,18,13921.5645,-6108.0801,6537.6782
124,117,18,13933.584,-6671.4561,9136.4023
122,117,18,13937.1904,-5233.0078,12586.1426
120,117,18,13949.21,7670.4321,11792.8223
118,117,18,13955.2207,22395.6484,13029.6807
116,117,18,13945.6045,22418.8789,13921.5645
114,117,18,13931.1807,22422.752,13926.3721
112,117,18,13910.7461,22416.9434,13927.5742
110,117,18,11142.54,22415.0078,13928.7764
108,117,18,1507.308,22418.8789,13923.9678
106,117,18,-10209.7881,22426.623,13933.584
104,117,18,-13917.958,22428.5605,13929.9785
102,117,18,-13927.5742,22405.3281,13916.7559
100,117,18,-13940.7959,22399.5195,13868.6758
98,117,18,-13931.1807,14796.8477,13886.7061
96,117,18,-13926.3721,4840.0,13868.6758
94,117,18,-13916.7559,2644.5759,12588.5459
92,117,18,-13913.1504,1997.952,10190.5566
90,117,18,-13889.1104,1705.616,8151.9644
88,117,18,-13842.2324,1513.952,6626.626
86,117,18,-12981.6006,1345.52,5452.272
84,117,18,-11338.4658,1190.64,4536.3481
82,117,18,-9875.6318,1051.248,3800.7241
80,117,18,-8679.6426,917.664,3199.7241
80,115,18,-8475.3018,1494.592,3120.3921
82,115,18,-9606.3838,1765.632,3678.1201
84,115,18,-10994.6943,2100.5601,4380.0879
86,115,18,-12652.252,2536.1599,5262.356
88,115,18,-13779.7285,3136.3201,6397.0439
90,115,18,-13875.8887,4009.4561,7870.6963
92,115,18,-13901.1299,5426.6079,9819.1377
94,115,18,-13915.5547,8005.3599,12183.4727
96,115,18,-13927.5742,13300.3203,13785.7383
98,115,18,-13928.7764,22252.3848,13901.1299
100,115,18,-13926.3721,22382.0957,13913.1504
102,115,18,-13919.1602,22399.5195,13917.958
104,115,18,-13907.1406,22395.6484,13923.9678
106,115,18,-10378.0684,22409.1992,13928.7764
108,115,18,324.54,22401.4551,13925.1699
110,115,18,9951.3584,22399.5195,13925.1699
112,115,18,13901.1299,22403.3926,13922.7666
114,115,18,13926.3721,22407.2637,13923.9678
116,115,18,13931.1807,22384.0312,13919.1602
118,115,18,13938.3926,22387.9043,13904.7363
120,115,18,13938.3926,20761.6641,13875.8887
122,115,18,13929.9785,6828.272,12629.4141
124,115,18,13923.9678,1029.952,9464.5479
126,115,18,13919.1602,-1132.5599,6899.48
128,115,18,13897.5244,-1845.0079,5048.3999
130,115,18,13877.0898,-1943.744,3696.1501
132,115,18,13827.8086,-1773.376,2673.248
134,115,18,13310.9482,-1450.064,1882.332
136,115,18,12456.3262,-1062.864,1248.8781
138,115,18,11766.3779,-640.816,704.372
140,115,18,11433.4238,-197.472,209.148
142,115,18,11439.4346,251.68,-266.844
144,115,18,11786.8125,704.704,-762.068
146,115,18,12477.9619,1155.792,-1311.3821
148,115,18,13339.7959,1591.392,-1964.068
150,115,18,13829.0098,1984.4,-2765.802
152,115,18,13875.8887,2274.8,-3804.3301
154,115,18,13902.332,2338.688,-5191.438
156,115,18,13916.7559,1862.432,-7086.9922
158,115,18,13923.9678,34.848,-9775.8662
160,115,18,13927.5742,-5457.584,-12927.5098
162,115,18,13934.7861,-20258.3047,-13879.4941
164,115,18,13935.9883,-22353.0566,-13905.9385
166,115,18,13931.1807,-22372.416,-13923.9678
168,115,18,13920.3623,-22380.1602,-13927.5742
170,115,18,13904.7363,-22393.7109,-13933.584
172,115,18,11250.7197,-22385.9687,-13932.3818
174,115,18,1449.6121,-22387.9043,-13934.7861
176,115,18,-9221.7441,-22380.1602,-13922.7666
178,115,18,-13901.1299,-22382.0957,-13925.1699
180,115,18,-13914.3525,-22374.3516,-13923.9678
182,115,18,-13922.7666,-22368.543,-13921.5645
184,115,18,-13925.1699,-22225.2793,-13902.332
186,115,18,-13919.1602,-12303.2803,-13821.7979
188,115,18,-13914.3525,-7258.064,-12189.4824
190,115,18,-13902.332,-4958.0962,-9775.8662
192,115,18,-13879.4941,-3724.864,-7817.8081
194,115,18,-13821.7979,-2960.144,-6339.3481
196,115,18,-12810.916,-2439.3601,-5209.4683
198,115,18,-11166.5801,-2046.3519,-4321.1899
200,115,18,-9734.998,-1740.464,-3614.4141
202,115,18,-8563.0479,-1494.592,-3048.272
204,115,18,-7584.6201,-1287.4399,-2586.7041
206,115,18,-6767.2603,-1117.072,-2215.2861
206,113,18,-6568.9302,-1508.144,-2156.3879
204,113,18,-7326.1899,-1757.8879,-2506.1702
202,113,18,-8236.1045,-2061.8401,-2938.8901
200,113,18,-9322.7119,-2449.04,-3476.1841
198,113,18,-10640.1045,-2936.9119,-4146.8999
196,113,18,-12250.7842,-3581.6001,-4988.3003
194,113,18,-13583.8027,-4462.48,-6048.4639
192,113,18,-13865.0703,-5747.9839,-7415.1382
190,113,18,-13895.1201,-7726.5762,-9188.0879
188,113,18,-13910.7461,-10986.7998,-11470.6865
186,113,18,-13919.1602,-16595.3926,-13343.4023
184,113,18,-13917.958,-22262.0645,-13883.1006
182,113,18,-13915.5547,-22353.0566,-13905.9385
180,113,18,-13917.958,-22372.416,-13921.5645
178,113,18,-13879.4941,-22374.3516,-13926.3721
176,113,18,-7822.6162,-22374.3516,-13927.5742
174,113,18,1028.912,-22387.9043,-13928.7764
172,113,18,9426.084,-22372.416,-13925.1699
170,113,18,13873.4844,-22378.2246,-13926.3721
168,113,18,13919.1602,-22366.6074,-13928.7764
166,113,18,13927.5742,-22366.6074,-13915.5547
164,113,18,13931.1807,-22349.1836,-13903.5342
162,113,18,13931.1807,-21336.6562,-13861.4639
160,113,18,13928.7764,-11370.1279,-12330.1162
158,113,18,13927.5742,-5308.5122,-9429.6904
156,113,18,13916.7559,-2135.408,-7035.3062
154,113,18,13901.1299,-547.888,-5257.5483
152,113,18,13881.8984,205.216,-3904.0962
150,113,18,13841.0303,507.232,-2876.386
148,113,18,13482.834,563.376,-2060.228
146,113,18,12733.9883,485.936,-1393.118
144,113,18,12129.3818,332.992,-822.168
142,113,18,11786.8125,139.392,-305.308
140,113,18,11765.1758,-56.144,193.522
138,113,18,12071.6865,-232.32,709.18
136,113,18,12652.252,-362.032,1271.7161
134,113,18,13399.8965,-400.752,1921.998
132,113,18,13831.4141,-292.336,2714.116
130,113,18,13877.0898,83.248,3709.3721
128,113,18,13899.9287,917.664,4995.5122
126,113,18,13913.1504,2601.9839,6695.1401
124,113,18,13921.5645,5784.7681,8932.0625
122,113,18,13926.3721,11637.2959,11751.9541
120,113,18,13931.1807,21055.9355,13660.7305
118,113,18,13932.3818,22347.248,13891.5146
116,113,18,13921.5645,22378.2246,13907.1406
114,113,18,13921.5645,22378.2246,13914.3525
112,113,18,13866.2725,22382.0957,13914.3525
110,113,18,8718.1064,22395.6484,13919.1602
108,113,18,506.042,22397.584,13917.958
106,113,18,-8063.0161,22389.8398,13919.1602
104,113,18,-13867.4746,22393.7109,13917.958
102,113,18,-13911.9482,22389.8398,13914.3525
100,113,18,-13916.7559,22370.4805,13902.332
98,113,18,-13917.958,22271.7441,13877.0898
96,113,18,-13916.7559,16699.9355,13240.0303
94,113,18,-13902.332,11281.0723,11404.5762
92,113,18,-13895.1201,7972.4478,9188.0879
90,113,18,-13860.2627,5924.1602,7459.6123
88,113,18,-13530.9141,4570.896,6112.1699
86,113,18,-12105.3418,3633.8721,5061.6221
84,113,18,-10551.1563,2962.0801,4234.646
82,113,18,-9257.8037,2447.104,3566.334
80,113,18,-8177.2061,2046.3519,3026.636
80,111,18,-7756.5063,2530.3521,2889.6082
82,111,18,-8691.6621,3020.1599,3376.418
84,111,18,-9809.5225,3655.168,3982.2261
86,111,18,-11132.9238,4489.584,4729.8701
88,111,18,-12640.2324,5618.272,5663.8242
90,111,18,-13673.9521,7176.752,6822.5522
92,111,18,-13863.8682,9379.9199,8269.7598
94,111,18,-13881.8984,12576.2559,10060.7402
96,111,18,-13891.5146,17096.8164,12007.9805
98,111,18,-13898.7266,22062.6562,13432.3506
100,111,18,-13896.3223,22322.0801,13866.2725
102,111,18,-13879.4941,22360.8008,13892.7158
104,111,18,-12254.3906,22378.2246,13901.1299
106,111,18,-5961.9199,22380.1602,13904.7363
108,111,18,645.474,22387.9043,13909.5439
110,111,18,7192.7681,22376.2871,13908.3418
112,111,18,13304.9385,22374.3516,13907.1406
114,111,18,13898.7266,22370.4805,13899.9287
116,111,18,13911.9482,22349.1836,13877.0898
118,111,18,13920.3623,22304.6562,13768.9102
120,111,18,13923.9678,19902.0801,12630.6162
122,111,18,13921.5645,13220.9443,10442.9766
124,111,18,13911.9482,8293.8242,8153.166
126,111,18,13904.7363,5043.2798,6293.6719
128,111,18,13887.9082,2983.376,4812.8081
130,111,18,13866.2725,1719.168,3643.262
132,111,18,13756.8906,958.32,2706.9041
134,111,18,13306.1406,514.976,1946.0381
136,111,18,12623.4043,272.976,1307.776
138,111,18,12095.7266,149.072,747.644
140,111,18,11810.8525,89.056,231.986
142,111,18,11818.0645,52.272,-270.45
144,111,18,12114.958,3.872,-790.916
146,111,18,12657.0605,-96.8,-1360.6641
148,111,18,13348.21,-309.76,-2014.552
150,111,18,13792.9502,-702.768,-2795.8521
152,111,18,13866.2725,-1405.536,-3765.866
154,111,18,13891.5146,-2609.728,-4987.0981
156,111,18,13908.3418,-4611.5518,-6534.0723
158,111,18,13913.1504,-7887.2642,-8512.5645
160,111,18,13923.9678,-12930.5439,-10957.4326
162,111,18,13931.1807,-19956.2871,-13024.8721
164,111,18,13922.7666,-22296.9121,-13859.0605
166,111,18,13917.958,-22341.4395,-13892.7158
168,111,18,13898.7266,-22364.6719,-13910.7461
170,111,18,13687.1738,-22362.7363,-13910.7461
172,111,18,8085.854,-22372.416,-13919.1602
174,111,18,1334.22,-22370.4805,-13921.5645
176,111,18,-5497.9482,-22362.7363,-13910.7461
178,111,18,-12327.7119,-22358.8633,-13910.7461
180,111,18,-13878.292,-22351.1191,-13902.332
182,111,18,-13902.332,-22331.7598,-13879.4941
184,111,18,-13902.332,-22233.0234,-13613.8525
186,111,18,-13898.7266,-17702.7832,-12342.1357
188,111,18,-13891.5146,-12816.3203,-10344.4121
190,111,18,-13869.8779,-9482.5283,-8453.666
192,111,18,-13808.5762,-7203.856,-6924.7222
194,111,18,-12935.9238,-5629.8882,-5713.106
196,111,18,-11440.6357,-4508.9438,-4747.8999
198,111,18,-10049.9219,-3682.272,-3975.0142
200,111,18,-8880.376,-3051.136,-3349.9741
202,111,18,-7891.1304,-2561.3279,-2842.73
204,111,18,-7049.73,-2170.2561,-2428.04
206,111,18,-6330.9341,-1856.624,-2087.874
206,109,18,-6017.2119,-2166.384,-2001.3301
204,109,18,-6645.8579,-2530.3521,-2309.042
202,109,18,-7381.4819,-2981.4399,-2686.47
200,109,18,-8233.7002,-3550.624,-3145.634
198,109,18,-9214.5322,-4266.9438,-3706.968
196,109,18,-10344.4121,-5194.2881,-4392.1079
194,109,18,-11636.5625,-6408.1602,-5232.3062
192,109,18,-12925.1064,-8044.0801,-6262.4199
190,109,18,-13699.1943,-10247.248,-7516.106
188,109,18,-13856.6563,-13217.0723,-9013.7979
186,109,18,-13871.0801,-17131.6641,-10750.6885
184,109,18,-13872.2822,-21458.623,-12345.7422
182,109,18,-13854.252,-22289.168,-13392.6846
180,109,18,-12944.3379,-22333.6953,-13848.2422
178,109,18,-8851.5283,-22343.375,-13875.8887
176,109,18,-3863.228,-22354.9922,-13885.5039
174,109,18,1390.714,-22354.9922,-13893.918
172,109,18,6654.272,-22358.8633,-13891.5146
170,109,18,11697.8643,-22349.1836,-13879.4941
168,109,18,13857.8584,-22333.6953,-13868.6758
166,109,18,13898.7266,-22302.7207,-13682.3662
164,109,18,13909.5439,-22205.9199,-12896.2578
162,109,18,13911.9482,-18215.8242,-11438.2324
160,109,18,13909.5439,-13168.6719,-9396.0342
158,109,18,13901.1299,-9134.0479,-7541.3481
156,109,18,13892.7158,-6156.48,-5955.9102
154,109,18,13873.4844,-4071.408,-4649.3359
152,109,18,13845.8379,-2650.384,-3579.5562
150,109,18,13612.6504,-1699.808,-2702.0959
148,109,18,13065.7402,-1053.184,-1973.6841
146,109,18,12444.3066,-615.648,-1354.6541
144,109,18,11931.0518,-305.888,-806.542
142,109,18,11661.8047,-60.016,-299.298
140,109,18,11644.9766,168.432,188.714
138,109,18,11872.1543,422.048,689.948
136,109,18,12337.3281,749.232,1227.2421
134,109,18,12929.9141,1204.192,1828.2421
132,109,18,13544.1367,1866.304,2531.4121
130,109,18,13838.626,2836.24,3369.2061
128,109,18,13871.0801,4253.3921,4383.6938
126,109,18,13887.9082,6317.168,5622.9561
124,109,18,13898.7266,9205.6797,7106.2241
122,109,18,13908.3418,13087.3604,8838.3066
120,109,18,13913.1504,17863.4727,10753.0918
118,109,18,13904.7363,22064.5918,12414.2559
116,109,18,13896.3223,22302.7207,13399.8965
114,109,18,13841.0303,22341.4395,13835.0205
112,109,18,11066.8145,22362.7363,13868.6758
110,109,18,6183.0879,22370.4805,13881.8984
108,109,18,1113.052,22358.8633,13874.6865
106,109,18,-3890.874,22368.543,13874.6865
104,109,18,-8541.4121,22349.1836,13867.4746
102,109,18,-12420.2666,22331.7598,13714.8203
100,109,18,-13809.7783,22277.5527,13095.79
98,109,18,-13862.666,20856.5273,12005.5762
96,109,18,-13855.4541,16506.3359,10408.1182
94,109,18,-13838.626,12886.0156,8790.2266
92,109,18,-13535.7227,10063.3281,7381.4819
90,109,18,-12614.9902,7941.4722,6195.1079
88,109,18,-11333.6582,6346.208,5211.8721
86,109,18,-10116.0322,5138.144,4398.1182
84,109,18,-9035.4346,4218.5439,3731.0081
82,109,18,-8085.854,3502.2239,3180.4919
80,109,18,-7252.8682,2933.04,2722.53
80,107,18,-6697.5439,3244.7361,2549.4421
82,107,18,-7377.876,3839.0879,2946.1021
84,107,18,-8142.3481,4584.4478,3425.7
86,107,18,-8978.9404,5519.5361,4000.2561
88,107,18,-9880.4404,6710.1758,4689.002
90,107,18,-10803.5762,8216.3838,5500.3521
92,107,18,-11663.0059,10113.6641,6448.73
94,107,18,-12328.9141,12479.4561,7537.7422
96,107,18,-12571.7178,15315.6963,8739.7422
98,107,18,-12272.4199,18537.1992,10016.2666
100,107,18,-11111.2881,21460.5605,11277.1641
102,107,18,-9022.2119,22258.1914,12191.8857
104,107,18,-6083.3223,22304.6562,12788.0781
106,107,18,-2604.7341,22320.1445,13110.2139
108,107,18,1251.282,22331.7598,13246.04
110,107,18,5158.9839,22325.9512,13182.334
112,107,18,8923.6484,22314.3359,12939.5303
114,107,18,12310.8838,22277.5527,12481.5684
116,107,18,13803.7686,22159.4551,11640.168
118,107,18,13868.6758,19863.3594,10386.4824
120,107,18,13880.6963,16101.7119,8953.6982
122,107,18,13884.3027,12541.4082,7535.3384
124,107,18,13874.6865,9459.2959,6205.9263
126,107,18,13867.4746,6975.4082,5027.9663
128,107,18,13836.2227,5051.0239,4002.6602
130,107,18,13576.5898,3610.6399,3132.4121
132,107,18,13059.7305,2543.9041,2389.5759
134,107,18,12456.3262,1748.208,1751.3141
136,107,18,11887.7803,1151.92,1192.384
138,107,18,11492.3223,675.664,686.342
140,107,18,11303.6084,271.04,211.552
142,107,18,11313.2246,-108.416,-256.026
144,107,18,11523.5742,-507.232,-734.422
146,107,18,11935.8604,-971.872,-1248.8781
148,107,18,12528.4463,-1564.288,-1824.636
150,107,18,13153.4863,-2340.624,-2482.1301
152,107,18,13633.084,-3393.8079,-3252.6121
154,107,18,13842.2324,-4841.936,-4168.5361
156,107,18,13871.0801,-6772.1279,-5238.3159
158,107,18,13883.1006,-9308.2881,-6482.3862
160,107,18,13886.7061,-12491.0723,-7887.5239
162,107,18,13893.918,-16215.9355,-9400.8418
164,107,18,13878.292,-20146.0156,-10906.9482
166,107,18,13847.04,-22209.791,-12099.332
168,107,18,12908.2783,-22291.1035,-12854.1885
170,107,18,9607.5859,-22306.5918,-13290.5146
172,107,18,5739.5503,-22327.8887,-13502.0664
174,107,18,1685.204,-22327.8887,-13530.9141
176,107,18,-2315.052,-22318.207,-13450.3799
178,107,18,-6062.8882,-22314.3359,-13136.6582
180,107,18,-9256.6025,-22273.6797,-12635.4238
182,107,18,-11589.6846,-22082.0156,-11745.9443
184,107,18,-12800.0986,-19545.8555,-10493.46
186,107,18,-13081.3662,-16072.6719,-9129.1904
188,107,18,-12831.3506,-12992.4961,-7821.4141
190,107,18,-12197.8965,-10466.0156,-6655.4741
192,107,18,-11256.7305,-8454.5117,-5640.9863
194,107,18,-10257.8682,-6876.6719,-4775.5459
196,107,18,-9292.6621,-5655.0562,-4056.75
198,107,18,-8399.5762,-4690.9277,-3455.75
200,107,18,-7587.0239,-3928.144,-2954.5161
202,107,18,-6858.6123,-3322.176,-2537.4221
204,107,18,-6215.542,-2828.4961,-2186.438
206,107,18,-5644.5923,-2427.7439,-1895.5541
206,105,18,-5263.5581,-2634.896,-1789.7781
204,105,18,-5738.3481,-3053.072,-2045.8041
202,105,18,-6269.6323,-3562.24,-2351.1121
200,105,18,-6853.8042,-4183.6958,-2715.3181
198,105,18,-7490.8643,-4946.48,-3149.24
196,105,18,-8166.3882,-5887.376,-3662.4941
194,105,18,-8852.7305,-7039.2959,-4258.686
192,105,18,-9510.2246,-8462.2559,-4959.4521
190,105,18,-10070.3564,-10212.4004,-5769.6001
188,105,18,-10399.7041,-12307.1523,-6674.7061
186,105,18,-10368.4521,-14707.792,-7654.3359
184,105,18,-9804.7139,-17282.6719,-8647.1885
182,105,18,-8608.7246,-19884.6562,-9620.8086
180,105,18,-6739.6143,-21632.8633,-10487.4502
178,105,18,-4273.1099,-22231.0879,-11174.9941
176,105,18,-1391.916,-22265.9355,-11589.6846
174,105,18,1681.598,-22258.1914,-11736.3281
172,105,18,4817.6162,-22260.127,-11673.8242
170,105,18,7829.8281,-22240.7676,-11368.5166
168,105,18,10506.6826,-21812.9121,-10744.6777
166,105,18,12634.2227,-20188.6074,-9890.0566
164,105,18,13600.6299,-17456.9121,-8873.1641
162,105,18,13820.5967,-14541.2959,-7775.7383
160,105,18,13839.8281,-11712.7998,-6657.8779
158,105,18,13823.0,-9174.7041,-5588.0981
156,105,18,13704.002,-7027.6802,-4606.064
154,105,18,13485.2383,-5287.2158,-3738.22
152,105,18,12990.0146,-3904.9119,-2972.5461
150,105,18,12429.8818,-2814.9441,-2300.6279
148,105,18,11831.2861,-1963.104,-1716.4561
146,105,18,11350.4863,-1279.696,-1193.5861
144,105,18,11023.542,-708.576,-722.402
142,105,18,10849.252,-199.408,-275.258
140,105,18,10833.626,290.4,159.866
138,105,18,10970.6543,801.504,603.404
136,105,18,11254.3262,1376.496,1067.376
134,105,18,11681.0361,2061.8401,1571.014
132,105,18,12225.542,2917.552,2135.9541
130,105,18,12779.6641,3992.032,2779.0242
128,105,18,13291.7158,5353.04,3507.436
126,105,18,13587.4082,7054.7842,4334.4121
124,105,18,13719.6279,9122.4316,5259.9521
122,105,18,13762.9004,11565.6641,6275.6421
120,105,18,13694.3867,14266.3838,7333.4023
118,105,18,13390.2803,17046.4805,8379.1426
116,105,18,12175.0586,19658.1445,9346.752
114,105,18,10055.9326,21427.6484,10161.708
112,105,18,7449.9961,22182.6875,10778.334
110,105,18,4541.1562,22234.959,11138.9346
108,105,18,1516.9241,22242.7031,11238.7002
106,105,18,-1436.39,22233.0234,11063.208
104,105,18,-4115.6479,21998.7676,10649.7197
102,105,18,-6393.438,21044.3203,10007.8525
100,105,18,-8137.54,18957.3125,9204.916
98,105,18,-9248.1885,16510.207,8302.2139
96,105,18,-9785.4824,14068.9121,7368.2603
94,105,18,-9850.3906,11850.2559,6475.1743
92,105,18,-9579.9404,9892.96,5640.9863
90,105,18,-9094.332,8235.7441,4887.332
88,105,18,-8495.7363,6863.1201,4221.4243
86,105,18,-7862.2822,5742.1758,3648.0701
84,105,18,-7233.6362,4834.1919,3155.25
82,105,18,-6627.8281,4086.896,2733.3481
80,105,18,-6067.6963,3477.0559,2373.95
80,103,18,-5500.3521,3624.1919,2192.448
82,103,18,-5933.0723,4214.6719,2492.948
84,103,18,-6389.832,4927.1201,2848.74
86,103,18,-6844.188,5775.0879,3258.6221
88,103,18,-7274.5039,6795.3599,3734.614
90,103,18,-7641.1143,7999.5518,4270.7061
92,103,18,-7882.7163,9401.2158,4866.8979
94,103,18,-7934.4023,11002.2881,5514.7759
96,103,18,-7698.8101,12754.3682,6190.3003
98,103,18,-7113.436,14595.5039,6875.4399
100,103,18,-6110.9683,16423.0879,7534.1362
102,103,18,-4675.7803,18060.9434,8105.0859
104,103,18,-2853.5481,19398.7207,8571.4619
106,103,18,-758.462,20271.8555,8868.3564
108,103,18,1539.7621,20630.0156,8986.1523
110,103,18,3892.0762,20451.9043,8910.4258
112,103,18,6159.0483,19725.9043,8636.3701
114,103,18,8207.2559,18481.0566,8186.8223
116,103,18,9928.5205,16819.9687,7587.0239
118,103,18,11237.498,14858.7998,6875.4399
120,103,18,12100.5342,12752.4316,6101.3521
122,103,18,12511.6182,10657.6797,5305.6279
124,103,18,12570.5166,8698.4482,4525.5303
126,103,18,12413.0547,6963.792,3793.512
128,103,18,12070.4844,5463.3921,3111.978
130,103,18,11654.5918,4204.9922,2501.3621
132,103,18,11230.2861,3163.4241,1952.0481
134,103,18,10845.6465,2292.2239,1453.218
136,103,18,10543.9443,1564.288,1000.064
138,103,18,10333.5938,925.408,576.96
140,103,18,10231.4238,344.608,171.886
142,103,18,10243.4443,-216.832,-227.178
144,103,18,10370.8564,-797.632,-637.06
146,103,18,10607.6504,-1432.64,-1066.1741
148,103,18,10944.21,-2162.512,-1532.55
150,103,18,11370.9199,-3031.7759,-2045.8041
152,103,18,11842.1045,-4077.2161,-2616.7542
154,103,18,12316.8945,-5351.104,-3253.814
156,103,18,12660.666,-6868.9277,-3958.186
158,103,18,12852.9863,-8659.7275,-4731.0723
160,103,18,12844.5723,-10682.8477,-5550.8359
162,103,18,12544.0723,-12866.6563,-6391.0342
164,103,18,11745.9443,-15075.6318,-7208.394
166,103,18,10445.3799,-17143.2793,-7950.0283
168,103,18,8694.0664,-18932.1445,-8576.2705
170,103,18,6594.1724,-20295.0879,-9055.8682
172,103,18,4253.8779,-21038.5117,-9347.9541
174,103,18,1816.222,-21224.3672,-9438.1045
176,103,18,-572.152,-21038.5117,-9321.5098
178,103,18,-2811.478,-20287.3437,-9002.9805
180,103,18,-4757.5161,-18955.375,-8520.9785
182,103,18,-6309.2983,-17251.6953,-7904.3521
184,103,18,-7399.5122,-15335.0557,-7203.5859
186,103,18,-8034.168,-13373.8877,-6466.7603
188,103,18,-8278.1738,-11499.8398,-5731.1362
190,103,18,-8215.6699,-9792.2881,-5033.9761
192,103,18,-7942.8159,-8301.5684,-4394.5122
194,103,18,-7542.5503,-7035.4238,-3824.7642
196,103,18,-7077.376,-5972.5601,-3325.9341
198,103,18,-6585.7583,-5083.936,-2888.406
200,103,18,-6096.5439,-4346.3198,-2515.7861
202,103,18,-5626.562,-3732.6079,-2193.6501
204,103,18,-5189.0342,-3221.5039,-1917.1901
206,103,18,-4783.96,-2797.52,-1682.8
206,101,18,-4393.3101,-2898.1919,-1571.014
204,101,18,-4721.4561,-3314.4319,-1774.152
202,101,18,-5071.2383,-3810.0481,-2012.1481
200,101,18,-5434.2422,-4396.6558,-2287.406
198,101,18,-5797.2461,-5085.8721,-2604.7341
196,101,18,-6139.8159,-5895.1201,-2965.334
194,101,18,-6439.1143,-6843.7598,-3372.812
192,101,18,-6660.2822,-7945.3437,-3830.7742
190,101,18,-6752.8359,-9194.0635,-4333.21
188,101,18,-6662.686,-10572.4961,-4865.6963
186,101,18,-6329.7319,-12057.4082,-5422.2222
184,101,18,-5704.6919,-13550.0635,-5967.9302
182,101,18,-4747.8999,-14994.3203,-6483.5879
180,101,18,-3466.5681,-16256.5918,-6929.5303
178,101,18,-1896.756,-17247.8242,-7279.312
176,101,18,-116.594,-17877.0234,-7508.894
174,101,18,1776.556,-18091.9199,-7591.832
172,101,18,3702.1602,-17861.5352,-7528.126
170,101,18,5554.4419,-17197.4883,-7314.1699
168,101,18,7222.8184,-16153.9844,-6965.5903
166,101,18,8650.7939,-14781.3604,-6494.4062
164,101,18,9765.0479,-13195.7764,-5939.082
162,101,18,10547.5498,-11486.2881,-5324.8599
160,101,18,11007.916,-9761.3115,-4681.79
158,101,18,11181.0039,-8115.7119,-4045.9321
156,101,18,11142.54,-6621.1201,-3437.72
154,101,18,10955.0283,-5291.0879,-2864.366
152,101,18,10686.9824,-4133.3599,-2335.4861
150,101,18,10393.6943,-3144.064,-1851.0801
148,101,18,10113.6279,-2292.2239,-1407.542
146,101,18,9876.834,-1544.928,-995.256
144,101,18,9706.1504,-882.816,-611.818
142,101,18,9612.3945,-259.424,-240.4
140,101,18,9599.1719,342.672,121.402
138,101,18,9664.0801,962.192,488.012
136,101,18,9802.3105,1624.304,865.44
134,101,18,10000.6406,2359.9839,1264.504
132,101,18,10244.6465,3202.144,1696.022
130,101,18,10498.2686,4175.9521,2163.6001
128,101,18,10726.6484,5298.832,2668.4399
126,101,18,10873.292,6597.8882,3218.9561
124,101,18,10884.1104,8046.0161,3804.3301
122,101,18,10679.7705,9625.792,4411.3398
120,101,18,10207.3838,11271.3916,5019.5522
118,101,18,9428.4883,12889.8877,5602.522
116,101,18,8322.6484,14396.0957,6135.0083
114,101,18,6934.3379,15666.1123,6579.748
112,101,18,5296.0122,16624.4316,6917.5103
110,101,18,3505.032,17209.1035,7126.6582
108,101,18,1649.144,17387.2168,7199.98
106,101,18,-171.886,17129.7285,7126.6582
104,101,18,-1848.676,16510.207,6928.3281
102,101,18,-3327.136,15532.5283,6609.7983
100,101,18,-4533.9438,14328.3359,6201.1182
98,101,18,-5434.2422,12961.5195,5726.3281
96,101,18,-6037.646,11542.4316,5222.6899
94,101,18,-6359.7822,10154.3203,4713.042
92,101,18,-6465.5581,8845.584,4214.2119
90,101,18,-6389.832,7666.5601,3747.8362
88,101,18,-6196.3101,6621.1201,3317.52
86,101,18,-5924.6582,5707.3281,2929.2742
84,101,18,-5607.3301,4929.0562,2583.0981
82,101,18,-5269.5679,4261.1357,2276.5881
80,101,18,-4926.998,3690.0159,2007.3401
80,99,18,-4407.7339,3701.6321,1833.05
82,99,18,-4656.5479,4226.2881,2054.218
84,99,18,-4896.9482,4840.0,2309.042
86,99,18,-5106.0962,5538.896,2593.916
88,99,18,-5263.5581,6338.4639,2910.042
90,99,18,-5344.0923,7232.896,3255.0161
92,99,18,-5315.2441,8228.0,3627.636
94,99,18,-5139.752,9288.9277,4012.2761
96,99,18,-4783.96,10398.2559,4405.3301
98,99,18,-4217.8179,11503.7119,4787.5659
100,99,18,-3425.7,12549.1523,5138.5503
102,99,18,-2411.2122,13461.0078,5437.8481
104,99,18,-1195.99,14185.0723,5669.834
106,99,18,163.472,14643.9043,5814.0742
108,99,18,1622.7001,14820.0801,5863.356
110,99,18,3105.968,14676.8164,5805.6602
112,99,18,4549.5703,14217.9844,5646.9961
114,99,18,5880.1841,13472.624,5390.9702
116,99,18,7030.498,12489.1357,5055.6123
118,99,18,7980.0781,11321.7275,4652.9419
120,99,18,8696.4697,10040.0957,4207.0
122,99,18,9186.8857,8725.5518,3733.4121
124,99,18,9471.7598,7428.4321,3256.218
126,99,18,9585.9502,6212.624,2789.842
128,99,18,9576.334,5091.6802,2342.698
130,99,18,9486.1846,4083.0239,1919.594
132,99,18,9353.9639,3180.8479,1521.7321
134,99,18,9215.7344,2371.6001,1146.708
136,99,18,9094.332,1651.408,796.926
138,99,18,9008.9902,987.36,459.164
140,99,18,8969.3242,356.224,132.22
142,99,18,8980.1426,-263.296,-193.522
144,99,18,9043.8486,-894.432,-524.072
146,99,18,9154.4326,-1564.288,-866.642
148,99,18,9303.4805,-2292.2239,-1224.838
150,99,18,9471.7598,-3101.4719,-1607.074
152,99,18,9634.0303,-4013.3279,-2015.754
154,99,18,9756.6338,-5043.2798,-2455.686
156,99,18,9807.1182,-6187.4561,-2920.8601
158,99,18,9728.9883,-7443.9199,-3408.8721
160,99,18,9477.7705,-8785.5684,-3907.7021
162,99,18,9013.7979,-10160.1279,-4401.7241
164,99,18,8310.6279,-11513.3916,-4874.1099
166,99,18,7370.6641,-12754.3682,-5296.0122
168,99,18,6192.7041,-13823.04,-5654.208
170,99,18,4838.0503,-14655.5195,-5927.062
172,99,18,3354.782,-15187.9199,-6102.5542
174,99,18,1800.5961,-15393.1357,-6161.4521
176,99,18,281.268,-15257.6162,-6110.9683
178,99,18,-1162.334,-14808.4639,-5955.9102
180,99,18,-2443.666,-14084.4004,-5709.5
182,99,18,-3523.062,-13137.6963,-5388.5659
184,99,18,-4371.6743,-12043.8555,-5012.3403
186,99,18,-4971.4722,-10880.3203,-4603.6602
188,99,18,-5346.4961,-9705.168,-4181.7583
190,99,18,-5529.2002,-8580.3516,-3763.4622
192,99,18,-5555.644,-7534.9121,-3368.0042
194,99,18,-5464.292,-6588.208,-2996.5859
196,99,18,-5292.4062,-5755.728,-2661.228
198,99,18,-5065.228,-5020.0479,-2358.324
200,99,18,-4806.7979,-4385.04,-2089.0759
202,99,18,-4533.9438,-3833.28,-1849.8781
204,99,18,-4257.4839,-3357.0239,-1638.326
206,99,18,-3989.438,-2950.4639,-1455.6221
206,97,18,-3624.03,-2969.824,-1347.442
204,97,18,-3833.178,-3351.2161,-1503.702
202,97,18,-4042.3262,-3794.5601,-1681.598
200,97,18,-4241.8579,-4299.856,-1882.332
198,97,18,-4416.1479,-4876.7842,-2105.9041
196,97,18,-4554.3779,-5529.2158,-2357.1221
194,97,18,-4636.1143,-6251.3437,-2627.572
192,97,18,-4642.124,-7054.7842,-2920.8601
190,97,18,-4545.9639,-7924.0479,-3233.3801
188,97,18,-4318.7861,-8837.8398,-3553.1121
186,97,18,-3936.55,-9770.9922,-3875.248
184,97,18,-3384.832,-10673.168,-4181.7583
182,97,18,-2646.804,-11517.2637,-4465.4302
180,97,18,-1736.89,-12235.5195,-4705.8301
178,97,18,-675.524,-12785.3438,-4888.5342
176,97,18,496.426,-13110.5918,-4999.1182
174,97,18,1730.88,-13195.7764,-5035.1782
172,97,18,2985.7681,-13025.4082,-4988.3003
170,97,18,4199.7881,-12605.2959,-4860.8882
168,97,18,5315.2441,-11954.7998,-4657.75
166,97,18,6297.2783,-11110.7041,-4384.896
164,97,18,7109.8301,-10136.8955,-4066.366
162,97,18,7751.6982,-9058.5439,-3703.3621
160,97,18,8208.458,-7943.4077,-3318.7222
158,97,18,8502.9482,-6834.0801,-2923.2642
156,97,18,8656.8037,-5771.2158,-2531.4121
154,97,18,8706.0859,-4778.0479,-2151.5801
152,97,18,8679.6426,-3860.384,-1783.7681
150,97,18,8611.1279,-3025.968,-1438.7941
148,97,18,8523.3818,-2265.1199,-1111.85
146,97,18,8438.04,-1566.224,-796.926
144,97,18,8368.3242,-915.728,-498.83
142,97,18,8326.2539,-286.528,-205.542
140,97,18,8315.4365,331.056,84.14
138,97,18,8332.2637,956.384,376.226
136,97,18,8379.1426,1606.88,671.918
134,97,18,8440.4443,2296.0959,977.226
132,97,18,8502.9482,3047.2639,1298.16
130,97,18,8551.0283,3870.064,1637.124
128,97,18,8549.8262,4762.5601,1989.3101
126,97,18,8475.3018,5732.4961,2355.9199
124,97,18,8298.6084,6756.6401,2734.55
122,97,18,7987.29,7823.376,3113.1802
120,97,18,7522.1162,8886.2402,3482.1941
118,97,18,6882.6523,9904.5762,3828.3701
116,97,18,6071.3022,10828.0479,4137.2842
114,97,18,5113.3081,11602.4482,4396.916
112,97,18,4023.094,12198.7363,4597.6499
110,97,18,2852.3459,12566.5762,4725.062
108,97,18,1649.144,12698.2236,4776.748
106,97,18,463.972,12591.7441,4751.5059
104,97,18,-645.474,12262.624,4656.5479
102,97,18,-1653.952,11730.2236,4494.2783
100,97,18,-2518.1899,11033.2637,4276.7163
98,97,18,-3221.3601,10231.7598,4017.084
96,97,18,-3756.25,9362.4961,3734.614
94,97,18,-4119.2539,8481.6162,3438.9221
92,97,18,-4345.23,7614.2881,3142.0281
90,97,18,-4444.9961,6785.6802,2849.9421
88,97,18,-4448.6021,6019.0239,2573.4819
86,97,18,-4378.8862,5322.064,2315.052
84,97,18,-4252.6763,4698.6719,2075.854
82,97,18,-4091.6082,4143.04,1860.696
80,97,18,-3906.5,3655.168,1665.972
80,95,18,-3461.76,3577.728,1513.318
82,95,18,-3587.97,4019.136,1673.1841
84,95,18,-3688.938,4514.752,1849.8781
86,95,18,-3753.8459,5062.6401,2043.4
88,95,18,-3764.6641,5668.6079,2254.9521
90,95,18,-3710.574,6317.168,2477.322
92,95,18,-3572.344,7008.3198,2708.106
94,95,18,-3333.146,7718.832,2942.4961
96,95,18,-2976.1521,8433.2158,3173.28
98,95,18,-2491.7461,9120.4961,3389.6401
100,95,18,-1877.524,9749.6963,3584.364
102,95,18,-1139.496,10282.0957,3747.8362
104,95,18,-295.692,10684.7842,3868.0361
106,95,18,621.434,10928.7197,3937.752
108,95,18,1597.458,10996.4795,3952.176
110,95,18,2585.502,10876.4482,3908.9041
112,95,18,3549.5061,10574.4316,3809.1382
114,95,18,4455.814,10103.9844,3655.282
116,95,18,5267.1641,9484.4639,3453.3459
118,95,18,5966.728,8741.04,3212.946
120,95,18,6542.4863,7916.3042,2941.2939
122,95,18,6987.2261,7045.104,2651.6121
124,95,18,7314.1699,6156.48,2347.5061
126,95,18,7529.3281,5285.2798,2044.6021
128,95,18,7656.7402,4443.1201,1739.2941
130,95,18,7720.4463,3645.488,1444.8041
132,95,18,7737.2739,2902.064,1157.526
134,95,18,7730.062,2203.168,879.864
136,95,18,7710.8301,1550.736,614.222
138,95,18,7695.2041,927.344,354.59
140,95,18,7695.2041,321.376,97.362
142,95,18,7703.6182,-280.72,-158.664
144,95,18,7727.6582,-884.752,-415.892
146,95,18,7762.5161,-1510.08,-677.928
148,95,18,7800.98,-2170.2561,-948.378
150,95,18,7827.4243,-2873.0239,-1230.848
152,95,18,7833.4341,-3626.1279,-1521.7321
154,95,18,7797.374,-4435.376,-1825.838
156,95,18,7690.396,-5291.0879,-2135.9541
158,95,18,7498.0762,-6191.3281,-2454.4841
160,95,18,7195.1724,-7112.8638,-2769.408
162,95,18,6761.25,-8030.5278,-3077.1201
164,95,18,6196.3101,-8895.9199,-3360.792
166,95,18,5499.1499,-9689.6797,-3614.4141
168,95,18,4673.376,-10369.2158,-3830.7742
170,95,18,3746.634,-10899.6797,-3996.6501
172,95,18,2750.176,-11248.1602,-4103.6279
174,95,18,1715.254,-11404.9756,-4150.5059
176,95,18,701.968,-11354.6396,-4132.4761
178,95,18,-269.248,-11120.3838,-4054.3462
180,95,18,-1156.324,-10711.8877,-3923.3281
182,95,18,-1935.2201,-10165.9355,-3751.4421
184,95,18,-2581.896,-9517.376,-3541.092
186,95,18,-3087.938,-8804.9277,-3311.51
188,95,18,-3462.9622,-8053.7598,-3063.8979
190,95,18,-3712.978,-7306.4639,-2812.6799
192,95,18,-3854.814,-6586.272,-2566.27
194,95,18,-3908.9041,-5906.7358,-2328.2739
196,95,18,-3892.0762,-5279.4722,-2104.7021
198,95,18,-3821.158,-4704.48,-1897.958
200,95,18,-3710.574,-4185.6318,-1706.8401
202,95,18,-3572.344,-3720.9919,-1533.7521
204,95,18,-3418.488,-3310.5601,-1377.4921
206,95,18,-3255.0161,-2950.4639,-1238.0601
206,93,18,-2930.4761,-2909.8081,-1139.496
204,93,18,-3051.8782,-3238.928,-1256.09
202,93,18,-3161.26,-3614.512,-1387.108
200,93,18,-3250.208,-4032.688,-1530.146
198,93,18,-3312.7122,-4493.4561,-1687.608
196,93,18,-3334.3481,-4992.9438,-1855.8881
194,93,18,-3307.9041,-5531.1519,-2036.188
192,93,18,-3217.7542,-6106.144,-2226.104
190,93,18,-3051.8782,-6708.2397,-2420.8281
188,93,18,-2798.2561,-7318.0801,-2616.7542
186,93,18,-2443.666,-7916.3042,-2809.074
184,93,18,-1988.108,-8481.6162,-2985.7681
182,93,18,-1425.572,-8990.7842,-3144.4321
180,93,18,-763.27,-9410.8955,-3276.6521
178,93,18,-14.424,-9722.5918,-3371.6101
176,93,18,792.118,-9892.96,-3429.3062
174,93,18,1634.72,-9918.1279,-3441.3262
172,93,18,2491.7461,-9784.5439,-3405.2661
170,93,18,3323.53,-9498.0156,-3322.3281
168,93,18,4100.022,-9072.0957,-3194.916
166,93,18,4806.7979,-8516.4639,-3029.04
164,93,18,5415.0103,-7877.584,-2833.114
162,93,18,5928.2642,-7163.2002,-2610.7441
160,93,18,6333.3379,-6402.3521,-2367.9399
158,93,18,6638.646,-5627.9521,-2114.3181
156,93,18,6852.6021,-4857.4238,-1855.8881
154,93,18,6993.2363,-4112.064,-1601.0641
152,93,18,7074.9722,-3397.6799,-1348.644
150,93,18,7113.436,-2714.272,-1099.8301
148,93,18,7125.4561,-2069.584,-859.43
146,93,18,7119.4463,-1452.0,-623.838
144,93,18,7107.4263,-861.52,-395.458
142,93,18,7096.6079,-284.592,-168.28
140,93,18,7086.9922,290.4,56.494
138,93,18,7079.7803,867.328,280.066
136,93,18,7074.9722,1457.808,509.648
134,93,18,7062.9521,2063.7759,740.432
132,93,18,7035.3062,2704.592,978.428
130,93,18,6980.0142,3376.384,1220.03
128,93,18,6880.248,4079.1521,1470.046
126,93,18,6722.7861,4809.0239,1721.264
124,93,18,6496.8101,5550.5122,1970.078
122,93,18,6179.4819,6295.8721,2215.2861
120,93,18,5768.3979,7019.936,2449.676
118,93,18,5261.1543,7693.6641,2666.0361
116,93,18,4655.3462,8299.6318,2858.356
114,93,18,3969.0042,8802.9922,3017.02
112,93,18,3210.542,9194.0635,3143.23
110,93,18,2407.606,9443.8076,3224.9661
108,93,18,1587.842,9552.2236,3264.6321
106,93,18,777.694,9515.4404,3261.0261
104,93,18,9.616,9339.2637,3215.3501
102,93,18,-701.968,9039.1836,3133.614
100,93,18,-1336.624,8628.752,3014.616
98,93,18,-1877.524,8142.8159,2871.5781
96,93,18,-2323.4661,7594.9277,2705.7021
94,93,18,-2662.4299,7019.936,2530.21
92,93,18,-2911.2441,6439.1357,2349.9102
90,93,18,-3075.918,5864.144,2168.408
88,93,18,-3167.27,5312.3838,1989.3101
86,93,18,-3199.7241,4791.6001,1817.4241
84,93,18,-3181.6941,4311.4722,1656.3561
82,93,18,-3128.8062,3870.064,1506.1061
80,93,18,-3045.8682,3467.376,1365.472
80,91,18,-2681.6621,3343.4719,1235.656
82,91,18,-2724.9341,3697.76,1348.644
84,91,18,-2744.166,4088.832,1472.4501
86,91,18,-2728.54,4507.0078,1604.67
88,91,18,-2669.6421,4954.2241,1744.1021
90,91,18,-2557.856,5420.7998,1885.938
92,91,18,-2385.97,5904.7998,2032.582
94,91,18,-2143.166,6384.9277,2178.0239
96,91,18,-1825.838,6851.5039,2315.052
98,91,18,-1426.774,7285.168,2441.262
100,91,18,-953.186,7672.3682,2551.8459
102,91,18,-408.68,7989.8721,2641.9961
104,91,18,198.33,8220.2559,2704.5
106,91,18,846.208,8351.9043,2738.156
108,91,18,1526.54,8369.3281,2736.9541
110,91,18,2211.6799,8272.5283,2705.7021
112,91,18,2886.002,8057.6318,2638.3901
114,91,18,3525.4661,7738.1919,2541.0281
116,91,18,4115.6479,7321.9521,2412.4141
118,91,18,4639.7202,6822.4639,2259.76
120,91,18,5096.48,6262.96,2085.47
122,91,18,5476.312,5656.9922,1897.958
124,91,18,5781.6201,5023.9199,1698.426
126,91,18,6014.8081,4385.04,1491.682
128,91,18,6187.896,3744.2239,1283.7361
130,91,18,6311.7021,3124.7041,1076.9921
132,91,18,6393.438,2518.7361,870.248
134,91,18,6447.5283,1932.1279,663.504
136,91,18,6482.3862,1370.688,465.174
138,91,18,6502.8203,816.992,265.642
140,91,18,6518.4463,274.912,69.716
142,91,18,6526.8604,-265.232,-126.21
144,91,18,6529.2642,-809.248,-324.54
146,91,18,6522.0522,-1362.944,-525.274
148,91,18,6506.4263,-1934.064,-727.21
150,91,18,6469.1641,-2520.6719,-932.752
152,91,18,6401.8521,-3130.512,-1141.9
154,91,18,6294.874,-3765.52,-1355.8561
156,91,18,6137.4121,-4412.144,-1567.4081
158,91,18,5921.0522,-5070.3838,-1780.162
160,91,18,5628.9663,-5722.8159,-1985.704
162,91,18,5261.1543,-6361.6958,-2184.0339
164,91,18,4808.0,-6956.0479,-2364.334
166,91,18,4279.1201,-7492.3198,-2524.2
168,91,18,3679.322,-7945.3437,-2658.824
170,91,18,3020.626,-8301.5684,-2764.6001
172,91,18,2319.8601,-8543.5684,-2835.5181
174,91,18,1604.67,-8665.5361,-2869.1741
176,91,18,897.894,-8667.4717,-2869.1741
178,91,18,213.956,-8541.6318,-2831.9121
180,91,18,-419.498,-8311.248,-2763.3979
182,91,18,-991.65,-7989.8721,-2670.844
184,91,18,-1488.076,-7589.1201,-2550.644
186,91,18,-1899.16,-7139.9678,-2413.616
188,91,18,-2232.114,-6655.9678,-2268.1741
190,91,18,-2482.1301,-6156.48,-2114.3181
192,91,18,-2661.228,-5658.9277,-1960.462
194,91,18,-2775.418,-5174.9277,-1809.01
196,91,18,-2835.5181,-4710.2881,-1661.1641
198,91,18,-2847.5381,-4272.752,-1519.328
200,91,18,-2825.9021,-3866.1919,-1387.108
202,91,18,-2774.2161,-3492.5439,-1262.1
204,91,18,-2702.0959,-3149.8721,-1149.1121
206,91,18,-2614.3501,-2843.9839,-1044.538
206,89,18,-2342.698,-2766.5439,-960.398
204,89,18,-2400.394,-3045.3279,-1046.942
202,89,18,-2444.8682,-3351.2161,-1141.9
200,89,18,-2467.7061,-3684.208,-1244.0701
198,89,18,-2464.1001,-4042.3679,-1352.25
196,89,18,-2425.636,-4417.9521,-1466.4401
194,89,18,-2347.5061,-4818.7041,-1587.842
192,89,18,-2220.094,-5231.0718,-1710.446
190,89,18,-2039.7941,-5647.312,-1834.2521
188,89,18,-1799.394,-6057.7441,-1954.452
186,89,18,-1492.884,-6452.688,-2069.844
184,89,18,-1126.274,-6812.7842,-2175.6201
182,89,18,-689.948,-7128.3521,-2266.9719
180,89,18,-197.128,-7380.0317,-2342.698
178,89,18,347.378,-7556.208,-2391.98
176,89,18,926.742,-7643.3281,-2419.626
174,89,18,1527.7421,-7633.6479,-2418.4241
172,89,18,2134.752,-7527.168,-2390.7781
170,89,18,2728.54,-7320.0161,-2335.4861
168,89,18,3288.6721,-7021.8721,-2251.3459
166,89,18,3810.3401,-6640.48,-2144.3679
164,89,18,4273.1099,-6191.3281,-2015.754
162,89,18,4679.3862,-5691.8398,-1870.312
160,89,18,5019.5522,-5153.6318,-1710.446
158,89,18,5298.416,-4590.2559,-1542.166
156,89,18,5515.978,-4023.0081,-1369.078
154,89,18,5681.854,-3455.76,-1191.182
152,89,18,5802.0542,-2894.3201,-1013.286
150,89,18,5888.5981,-2344.4961,-836.592
148,89,18,5943.8901,-1808.224,-659.898
146,89,18,5975.1421,-1281.632,-483.204
144,89,18,5994.374,-770.528,-310.116
142,89,18,5999.1821,-261.36,-137.028
140,89,18,5990.7681,243.936,34.858
138,89,18,5971.5361,747.296,206.744
136,89,18,5943.8901,1260.3359,379.832
134,89,18,5895.8101,1781.12,554.122
132,89,18,5827.2959,2315.4561,730.816
130,89,18,5729.9341,2859.4719,907.51
128,89,18,5598.916,3409.2959,1083.0021
126,89,18,5422.2222,3968.8,1258.494
124,89,18,5195.0439,4520.5601,1430.38
122,89,18,4911.3721,5062.6401,1596.256
120,89,18,4566.3979,5577.6162,1750.1121
118,89,18,4163.728,6050.0,1893.15
116,89,18,3704.564,6466.2397,2018.1581
114,89,18,3199.7241,6818.5918,2121.53
112,89,18,2652.814,7089.6318,2204.468
110,89,18,2083.0659,7273.5518,2262.1641
108,89,18,1500.0961,7364.5439,2294.6179
106,89,18,924.338,7364.5439,2299.426
104,89,18,369.014,7269.6802,2280.1941
102,89,18,-151.452,7097.376,2234.5181
100,89,18,-627.444,6851.5039,2170.812
98,89,18,-1046.942,6543.6802,2087.874
96,89,18,-1407.542,6193.2642,1990.5121
94,89,18,-1703.234,5815.7441,1885.938
92,89,18,-1938.826,5416.9277,1772.9501
90,89,18,-2115.52,5014.2397,1657.558
88,89,18,-2240.5281,4617.3599,1540.964
86,89,18,-2319.8601,4234.0317,1426.774
84,89,18,-2360.728,3866.1919,1318.594
82,89,18,-2369.1421,3523.52,1212.818
80,89,18,-2352.314,3206.0159,1114.254
80,89,20,-2254.9521,3093.728,1276.524
82,89,20,-2266.9719,3391.8721,1385.906
84,89,20,-2254.9521,3715.1841,1501.298
86,89,20,-2209.2761,4059.792,1625.104
88,89,20,-2128.7419,4421.8242,1753.718
90,89,20,-2003.734,4795.4722,1887.14
92,89,20,-1828.2421,5171.0562,2018.1581
94,89,20,-1598.66,5544.7041,2145.5701
96,89,20,-1312.584,5895.1201,2265.77
98,89,20,-966.408,6222.3042,2375.1521
100,89,20,-563.738,6503.0239,2470.1101
102,89,20,-106.978,6733.4082,2543.4321
104,89,20,393.054,6894.0962,2595.1182
106,89,20,921.934,6977.3437,2619.158
108,89,20,1472.4501,6975.4082,2613.1479
110,89,20,2027.774,6886.3521,2580.6941
112,89,20,2573.4819,6715.9839,2518.1899
114,89,20,3097.554,6456.5601,2426.8381
116,89,20,3580.7581,6131.312,2311.446
118,89,20,4021.8921,5736.3682,2170.812
120,89,20,4410.1382,5293.0239,2010.946
122,89,20,4744.2939,4807.0879,1836.656
124,89,20,5024.3599,4295.9839,1647.942
126,89,20,5245.5283,3773.2639,1455.6221
128,89,20,5422.2222,3246.6719,1257.292
130,89,20,5554.4419,2723.9519,1056.558
132,89,20,5650.6021,2207.04,857.026
134,89,20,5721.52,1699.808,656.292
136,89,20,5769.6001,1204.192,457.962
138,89,20,5800.8521,718.256,260.834
140,89,20,5820.084,236.192,66.11
142,89,20,5826.0942,-245.872,-129.816
144,89,20,5822.4883,-729.872,-328.146
146,89,20,5803.2563,-1217.744,-526.476
148,89,20,5769.6001,-1717.2319,-726.008
150,89,20,5714.3081,-2226.3999,-927.944
152,89,20,5627.7642,-2747.1841,-1129.88
154,89,20,5507.564,-3279.584,-1333.0181
156,89,20,5346.4961,-3815.856,-1534.954
158,89,20,5134.9443,-4350.1919,-1733.2841
160,89,20,4866.8979,-4878.7202,-1924.402
162,89,20,4539.9541,-5384.0161,-2105.9041
164,89,20,4151.708,-5858.3359,-2272.9819
166,89,20,3706.968,-6278.4478,-2418.4241
168,89,20,3209.3401,-6636.6079,-2543.4321
170,89,20,2672.0461,-6917.3281,-2639.592
172,89,20,2104.7021,-7114.7998,-2706.9041
174,89,20,1525.338,-7217.4082,-2740.5601
176,89,20,951.984,-7232.896,-2745.3682
178,89,20,397.862,-7153.52,-2715.3181
180,89,20,-125.008,-6998.6401,-2662.4299
182,89,20,-598.596,-6766.3198,-2584.3
184,89,20,-1020.498,-6473.9839,-2482.1301
186,89,20,-1377.4921,-6140.9922,-2366.738
188,89,20,-1675.588,-5777.0239,-2238.124
190,89,20,-1913.584,-5393.6958,-2103.5
192,89,20,-2092.6821,-5004.5601,-1964.068
194,89,20,-2221.2961,-4617.3599,-1824.636
196,89,20,-2303.032,-4243.7119,-1690.0121
198,89,20,-2346.304,-3885.552,-1557.792
200,89,20,-2358.324,-3548.688,-1432.7841
202,89,20,-2341.4961,-3235.0559,-1314.988
204,89,20,-2305.436,-2942.72,-1203.202
206,89,20,-2252.5481,-2675.552,-1102.234
206,91,20,-2515.7861,-2747.1841,-1198.394
204,91,20,-2593.916,-3035.6479,-1311.3821
202,91,20,-2657.6221,-3357.0239,-1437.592
200,91,20,-2700.894,-3709.376,-1574.62
198,91,20,-2716.52,-4088.832,-1722.4661
196,91,20,-2696.0859,-4497.3281,-1879.928
194,91,20,-2633.582,-4929.0562,-2043.4
192,91,20,-2518.1899,-5384.0161,-2215.2861
190,91,20,-2342.698,-5846.7197,-2388.374
188,91,20,-2097.49,-6309.4238,-2559.0581
186,91,20,-1776.556,-6756.6401,-2724.9341
184,91,20,-1381.098,-7170.9438,-2875.1841
182,91,20,-907.51,-7536.8481,-3009.8081
180,91,20,-363.004,-7834.9922,-3116.7861
178,91,20,237.996,-8044.0801,-3196.1182
176,91,20,888.278,-8156.3682,-3239.3901
174,91,20,1558.994,-8158.3042,-3244.198
172,91,20,2239.3259,-8044.0801,-3209.3401
170,91,20,2904.032,-7817.5679,-3132.4121
168,91,20,3527.8701,-7484.5762,-3018.2222
166,91,20,4102.4263,-7064.4639,-2870.376
164,91,20,4612.0742,-6564.9761,-2693.6821
162,91,20,5048.3999,-6009.3437,-2491.7461
160,91,20,5409.0,-5414.9922,-2272.9819
158,91,20,5695.0762,-4803.2158,-2042.198
156,91,20,5913.8403,-4185.6318,-1803.0
154,91,20,6071.3022,-3575.792,-1565.004
152,91,20,6183.0879,-2979.5039,-1324.604
150,91,20,6252.8042,-2402.5759,-1087.8101
148,91,20,6293.6719,-1845.0079,-853.42
146,91,20,6317.7119,-1304.864,-622.636
144,91,20,6324.9243,-780.208,-396.66
142,91,20,6326.126,-261.36,-171.886
140,91,20,6318.9141,249.744,49.282
138,91,20,6304.4902,764.72,275.258
136,91,20,6282.854,1289.376,502.436
134,91,20,6247.9961,1825.6479,729.614
132,91,20,6195.1079,2379.344,961.6
130,91,20,6110.9683,2950.4639,1197.192
128,91,20,5989.5659,3535.136,1431.582
126,91,20,5821.2861,4133.3599,1669.578
124,91,20,5594.1079,4733.52,1902.766
122,91,20,5299.6182,5327.8721,2128.7419
120,91,20,4939.0181,5893.1841,2343.9001
118,91,20,4503.894,6421.7119,2539.8259
116,91,20,4000.2561,6890.2241,2712.9141
114,91,20,3442.5281,7279.3599,2857.1541
112,91,20,2833.114,7581.376,2968.9399
110,91,20,2192.448,7780.7842,3048.272
108,91,20,1539.7621,7881.4561,3089.1401
106,91,20,890.682,7867.9038,3090.342
104,91,20,272.854,7757.5518,3059.0901
102,91,20,-307.712,7546.5278,2990.5762
100,91,20,-830.582,7260.0,2895.6182
98,91,20,-1288.5441,6905.7119,2774.2161
96,91,20,-1674.386,6504.96,2634.7839
94,91,20,-1988.108,6073.2319,2483.332
92,91,20,-2229.71,5626.0161,2322.2642
90,91,20,-2405.2021,5180.7358,2159.9941
88,91,20,-2520.594,4745.1357,2000.1281
86,91,20,-2587.906,4325.0239,1842.666
84,91,20,-2611.946,3932.0159,1692.416
82,91,20,-2602.3301,3562.24,1549.3781
80,91,20,-2566.27,3225.376,1417.1581
80,93,20,-2905.2341,3333.792,1557.792
82,93,20,-2976.1521,3709.376,1712.85
84,93,20,-3019.4241,4121.7441,1879.928
86,93,20,-3027.8381,4572.832,2061.4299
88,93,20,-2989.374,5056.832,2253.75
90,93,20,-2893.2141,5571.8081,2456.8879
92,93,20,-2732.146,6106.144,2662.4299
94,93,20,-2486.938,6644.3521,2867.9722
96,93,20,-2156.3879,7172.8799,3063.8979
98,93,20,-1732.082,7678.1758,3250.208
100,93,20,-1214.02,8127.3281,3412.478
102,93,20,-609.414,8499.04,3544.698
104,93,20,64.908,8777.8242,3643.262
106,93,20,794.522,8934.6396,3693.7461
108,93,20,1561.3981,8965.6162,3699.7561
110,93,20,2339.092,8866.8799,3658.8882
112,93,20,3097.554,8626.8164,3566.334
114,93,20,3817.552,8266.7197,3430.5081
116,93,20,4471.4399,7800.144,3253.814
118,93,20,5050.8042,7236.7681,3037.4541
120,93,20,5540.0181,6607.5679,2797.054
122,93,20,5940.2842,5937.7119,2537.4221
124,93,20,6251.6021,5242.688,2259.76
126,93,20,6479.9819,4547.6641,1979.6941
128,93,20,6638.646,3862.3201,1694.8201
130,93,20,6742.0181,3198.272,1414.754
132,93,20,6805.7241,2567.136,1139.496
134,93,20,6839.3799,1961.168,870.248
136,93,20,6857.4102,1386.176,608.212
138,93,20,6868.228,826.672,348.58
140,93,20,6875.4399,278.784,90.15
142,93,20,6885.0562,-265.232,-164.674
144,93,20,6894.6724,-813.12,-421.902
146,93,20,6901.8843,-1374.5599,-683.938
148,93,20,6900.6821,-1957.296,-950.782
150,93,20,6885.0562,-2567.136,-1222.4341
152,93,20,6839.3799,-3207.9519,-1504.9041
154,93,20,6754.0381,-3879.7439,-1790.98
156,93,20,6612.2021,-4576.7041,-2080.6621
158,93,20,6399.4482,-5293.0239,-2371.5461
160,93,20,6103.7563,-6019.0239,-2658.824
162,93,20,5715.5103,-6727.6001,-2932.8801
164,93,20,5229.9019,-7393.584,-3186.502
166,93,20,4651.7402,-7993.7441,-3411.2761
168,93,20,3979.822,-8508.7197,-3601.1921
170,93,20,3241.7939,-8907.5361,-3747.8362
172,93,20,2452.0801,-9186.3203,-3847.6021
174,93,20,1639.5281,-9314.0957,-3893.2781
176,93,20,842.602,-9300.5439,-3884.864
178,93,20,72.12,-9147.5996,-3824.7642
180,93,20,-643.07,-8866.8799,-3720.1902
182,93,20,-1276.524,-8485.4883,-3575.95
184,93,20,-1819.828,-8016.9761,-3401.6602
186,93,20,-2260.9622,-7500.064,-3205.7341
188,93,20,-2607.1379,-6946.3682,-2994.1821
190,93,20,-2860.76,-6382.9922,-2775.418
192,93,20,-3030.2419,-5825.4238,-2556.6541
194,93,20,-3126.4021,-5291.0879,-2342.698
196,93,20,-3163.6641,-4785.792,-2139.5601
198,93,20,-3152.8459,-4315.3437,-1946.0381
200,93,20,-3104.7661,-3881.6799,-1766.9401
202,93,20,-3027.8381,-3488.6719,-1601.0641
204,93,20,-2930.4761,-3132.448,-1449.6121
206,93,20,-2819.8921,-2816.8799,-1312.584
206,95,20,-3131.21,-2849.792,-1423.168
204,95,20,-3279.0562,-3186.656,-1575.822
202,95,20,-3418.488,-3569.9839,-1747.708
200,95,20,-3542.2939,-4009.4561,-1941.23
198,95,20,-3637.252,-4489.584,-2153.9841
196,95,20,-3696.1501,-5025.856,-2384.7681
194,95,20,-3700.958,-5606.6558,-2631.178
192,95,20,-3638.4541,-6237.792,-2896.8201
190,95,20,-3493.012,-6901.8398,-3169.6741
188,95,20,-3245.4001,-7587.1841,-3449.74
186,95,20,-2879.9919,-8272.5283,-3723.7961
184,95,20,-2397.99,-8924.96,-3984.6301
182,95,20,-1782.566,-9519.3115,-4220.2222
180,95,20,-1045.74,-10016.8643,-4416.1479
178,95,20,-206.744,-10392.4482,-4565.1963
176,95,20,709.18,-10609.2803,-4655.3462
174,95,20,1661.1641,-10649.9355,-4680.5879
172,95,20,2637.188,-10512.4795,-4634.9121
170,95,20,3583.1621,-10191.1035,-4520.7222
168,95,20,4461.8242,-9703.2324,-4342.8262
166,95,20,5250.3359,-9079.8398,-4108.436
164,95,20,5921.0522,-8353.8398,-3829.572
162,95,20,6467.9619,-7546.5278,-3513.446
160,95,20,6891.0659,-6696.624,-3172.0781
158,95,20,7192.7681,-5838.9761,-2816.2861
156,95,20,7391.0981,-5004.5601,-2459.292
154,95,20,7505.2881,-4203.0562,-2108.3081
152,95,20,7555.772,-3442.208,-1764.536
150,95,20,7562.9844,-2733.6321,-1432.7841
148,95,20,7546.1562,-2069.584,-1113.052
146,95,20,7518.5103,-1446.192,-805.34
144,95,20,7488.46,-855.712,-508.446
142,95,20,7468.0264,-278.784,-212.754
140,95,20,7460.814,292.336,79.332
138,95,20,7463.2183,865.392,372.62
136,95,20,7472.834,1455.8719,668.312
134,95,20,7484.854,2071.52,971.216
132,95,20,7484.854,2727.824,1287.342
130,95,20,7460.814,3426.72,1613.084
128,95,20,7393.502,4170.144,1946.0381
126,95,20,7263.686,4954.2241,2289.8101
124,95,20,7053.3359,5765.4082,2635.9861
122,95,20,6740.8159,6590.144,2979.7581
120,95,20,6315.3081,7397.4561,3306.7021
118,95,20,5765.9941,8167.9839,3614.4141
116,95,20,5102.4902,8855.2637,3884.864
114,95,20,4335.6143,9434.1279,4114.4463
112,95,20,3479.79,9873.5996,4291.1401
110,95,20,2565.0681,10160.1279,4407.7339
108,95,20,1631.114,10276.2881,4458.2183
106,95,20,706.776,10222.0801,4444.9961
104,95,20,-162.27,10009.1201,4372.876
102,95,20,-966.408,9645.1523,4243.0601
100,95,20,-1670.78,9165.0244,4066.366
98,95,20,-2264.5681,8590.0322,3850.0061
96,95,20,-2740.5601,7964.7041,3610.8081
94,95,20,-3091.5439,7312.272,3358.3879
92,95,20,-3336.752,6657.9038,3097.554
90,95,20,-3487.002,6017.0879,2840.3262
88,95,20,-3554.314,5414.9922,2590.3101
86,95,20,-3557.9202,4847.7441,2351.1121
84,95,20,-3511.042,4336.6401,2129.9441
82,95,20,-3426.9021,3868.1279,1925.604
80,95,20,-3313.9141,3448.0159,1738.092
80,97,20,-3723.7961,3509.968,1902.766
82,97,20,-3888.47,3966.864,2119.126
84,97,20,-4027.9021,4483.7759,2359.5261
86,97,20,-4134.8799,5064.5762,2627.572
88,97,20,-4188.9702,5711.2002,2918.4561
90,97,20,-4170.9399,6417.8398,3229.7742
92,97,20,-4061.5581,7174.8159,3555.5161
94,97,20,-3835.582,7978.2559,3895.6821
96,97,20,-3477.386,8781.6963,4226.2319
98,97,20,-2965.334,9575.4561,4547.166
100,97,20,-2298.2241,10311.1357,4839.252
102,97,20,-1479.662,10936.4639,5084.46
104,97,20,-526.476,11420.4639,5267.1641
106,97,20,521.668,11716.6719,5378.9502
108,97,20,1632.316,11815.4082,5409.0
110,97,20,2767.0042,11689.5684,5352.5059
112,97,20,3869.238,11348.832,5213.0742
114,97,20,4898.1499,10802.8799,4994.3101
116,97,20,5804.458,10092.3682,4705.8301
118,97,20,6576.1421,9238.5918,4357.25
120,97,20,7190.3643,8299.6318,3970.2061
122,97,20,7647.124,7320.0161,3555.5161
124,97,20,7959.644,6336.5278,3128.8062
126,97,20,8145.9541,5387.8882,2706.9041
128,97,20,8232.498,4483.7759,2291.012
130,97,20,8246.9219,3651.2959,1891.948
132,97,20,8218.0742,2878.832,1507.308
134,97,20,8169.9941,2172.1919,1141.9
136,97,20,8121.9141,1521.696,794.522
138,97,20,8085.854,907.984,456.76
140,97,20,8067.8242,315.568,126.21
142,97,20,8079.8442,-267.168,-204.34
144,97,20,8115.9043,-861.52,-540.9
146,97,20,8174.8022,-1477.168,-881.066
148,97,20,8246.9219,-2135.408,-1236.858
150,97,20,8320.2441,-2847.856,-1609.478
152,97,20,8373.1318,-3628.064,-2001.3301
154,97,20,8382.748,-4477.9678,-2413.616
156,97,20,8321.4463,-5397.5679,-2841.5281
158,97,20,8160.3779,-6381.0562,-3283.864
160,97,20,7871.8979,-7405.2002,-3729.8062
162,97,20,7428.3604,-8431.2803,-4160.1221
164,97,20,6820.1479,-9422.5117,-4567.6001
166,97,20,6049.666,-10326.624,-4930.604
168,97,20,5122.9243,-11106.832,-5240.7202
170,97,20,4072.376,-11712.7998,-5477.5142
172,97,20,2926.8701,-12107.7441,-5626.562
174,97,20,1745.3041,-12276.1758,-5685.46
176,97,20,585.374,-12210.3516,-5653.0059
178,97,20,-525.274,-11916.0801,-5530.4023
180,97,20,-1531.348,-11428.208,-5333.2739
182,97,20,-2395.5859,-10785.4561,-5072.4399
184,97,20,-3105.968,-10018.7998,-4759.9199
186,97,20,-3643.262,-9192.1279,-4417.3501
188,97,20,-4023.094,-8340.2881,-4057.9521
190,97,20,-4253.8779,-7502.0,-3696.1501
192,97,20,-4364.4619,-6696.624,-3347.5701
194,97,20,-4377.6841,-5953.2002,-3015.8181
196,97,20,-4315.1802,-5279.4722,-2708.106
198,97,20,-4199.7881,-4669.6318,-2426.8381
200,97,20,-4047.134,-4131.4238,-2172.0142
202,97,20,-3869.238,-3651.2959,-1937.624
204,97,20,-3678.1201,-3233.1199,-1734.4861
206,97,20,-3484.5981,-2871.0879,-1550.5801
206,99,20,-3833.178,-2843.9839,-1670.78
204,99,20,-4078.386,-3223.4399,-1872.7161
202,99,20,-4329.604,-3668.72,-2108.3081
200,99,20,-4577.2163,-4181.7598,-2373.95
198,99,20,-4805.5962,-4772.2397,-2672.0461
196,99,20,-5005.1279,-5449.8398,-3011.01
194,99,20,-5150.5703,-6218.4321,-3384.832
192,99,20,-5219.084,-7087.6958,-3797.1182
190,99,20,-5175.812,-8042.144,-4238.252
188,99,20,-4985.896,-9062.416,-4698.6182
186,99,20,-4616.8823,-10131.0879,-5169.8022
184,99,20,-4042.3262,-11180.4004,-5627.7642
182,99,20,-3240.592,-12171.6318,-6050.8682
180,99,20,-2228.5081,-13027.3438,-6417.478
178,99,20,-1024.104,-13687.5195,-6701.1499
176,99,20,325.742,-14094.0801,-6880.248
174,99,20,1744.1021,-14212.1758,-6942.752
172,99,20,3193.7141,-14026.3203,-6885.0562
170,99,20,4584.4282,-13548.1279,-6705.958
168,99,20,5860.9521,-12800.832,-6409.064
166,99,20,6969.1963,-11827.0244,-6016.0103
164,99,20,7870.6963,-10696.4004,-5546.0283
162,99,20,8551.0283,-9467.04,-5019.5522
160,99,20,9012.5957,-8204.7676,-4464.228
158,99,20,9274.6318,-6973.4722,-3901.6921
156,99,20,9374.3984,-5809.936,-3351.176
154,99,20,9356.3682,-4749.0078,-2825.9021
152,99,20,9259.0059,-3790.688,-2329.4761
150,99,20,9123.1797,-2936.9119,-1863.1
148,99,20,8977.7383,-2179.936,-1430.38
146,99,20,8849.124,-1492.656,-1020.498
144,99,20,8748.1563,-865.392,-632.252
142,99,20,8692.8643,-267.168,-256.026
140,99,20,8679.6426,317.504,114.19
138,99,20,8713.2979,911.856,488.012
136,99,20,8785.418,1539.12,871.45
134,99,20,8891.1943,2212.8479,1268.11
132,99,20,9011.3945,2962.0801,1692.416
130,99,20,9121.9785,3800.3679,2145.5701
128,99,20,9191.6943,4731.584,2623.9661
126,99,20,9184.4824,5763.4722,3128.8062
124,99,20,9063.0801,6882.48,3654.0801
122,99,20,8786.6201,8071.1841,4194.98
120,99,20,8320.2441,9277.3115,4726.2642
118,99,20,7642.3159,10446.6563,5229.9019
116,99,20,6749.23,11511.4561,5680.6523
114,99,20,5667.4302,12415.5684,6061.686
112,99,20,4426.9663,13102.8477,6351.3682
110,99,20,3074.7161,13532.6396,6532.8701
108,99,20,1687.608,13675.9043,6602.5859
106,99,20,318.53,13532.6396,6555.708
104,99,20,-956.792,13126.0801,6398.2461
102,99,20,-2103.5,12489.1357,6147.0283
100,99,20,-3068.7061,11666.3359,5817.6802
98,99,20,-3833.178,10727.376,5429.4341
96,99,20,-4388.502,9724.5283,5005.1279
94,99,20,-4750.3042,8713.9355,4572.4082
92,99,20,-4943.8262,7745.936,4142.0923
90,99,20,-4996.7139,6836.0161,3726.2
88,99,20,-4948.6343,6013.2158,3340.3582
86,99,20,-4821.2222,5269.792,2980.96
84,99,20,-4643.3262,4619.2959,2657.6221
82,99,20,-4431.7739,4046.24,2364.334
80,99,20,-4202.1919,3546.752,2105.9041
80,101,20,-4674.5781,3523.52,2289.8101
82,101,20,-4979.8862,4050.1121,2586.7041
84,101,20,-5277.9819,4667.6958,2925.668
86,101,20,-5553.2402,5385.9521,3311.51
88,101,20,-5784.0239,6220.3682,3747.8362
90,101,20,-5943.8901,7174.8159,4231.04
92,101,20,-5988.3643,8247.3604,4757.5161
94,101,20,-5868.1641,9428.3203,5316.4463
96,101,20,-5544.8262,10675.1035,5886.1943
98,101,20,-4964.2603,11952.8643,6454.7402
100,101,20,-4119.2539,13172.5439,6984.8223
102,101,20,-2988.1721,14260.5762,7447.5923
104,101,20,-1609.478,15124.0322,7808.1924
106,101,20,-48.08,15687.4082,8037.7739
108,101,20,1644.3361,15906.1758,8123.1162
110,101,20,3363.196,15743.5518,8042.582
112,101,20,5021.9561,15222.7676,7819.0103
114,101,20,6546.0923,14349.6318,7439.1782
116,101,20,7846.6562,13203.5195,6942.752
118,101,20,8886.3857,11844.4482,6346.5601
120,101,20,9638.8379,10376.96,5690.2681
122,101,20,10108.8203,8882.3682,5011.1382
124,101,20,10328.7861,7445.856,4328.4019
126,101,20,10350.4219,6123.5679,3672.1101
128,101,20,10243.4443,4936.7998,3053.0801
130,101,20,10058.3359,3899.104,2482.1301
132,101,20,9840.7744,2996.928,1952.0481
134,101,20,9628.0205,2210.9121,1460.4301
136,101,20,9452.5283,1525.568,1008.478
138,101,20,9327.5205,906.048,578.162
140,101,20,9268.6221,327.184,162.27
142,101,20,9280.6426,-238.128,-248.814
144,101,20,9361.1758,-820.864,-669.514
146,101,20,9509.0225,-1440.384,-1103.436
148,101,20,9714.5645,-2133.4719,-1572.2161
150,101,20,9954.9639,-2919.488,-2069.844
152,101,20,10208.5859,-3829.408,-2616.7542
154,101,20,10438.168,-4890.3359,-3215.3501
156,101,20,10584.8125,-6100.3359,-3859.6221
158,101,20,10598.0342,-7459.4082,-4543.5601
160,101,20,10412.9258,-8948.1924,-5257.5483
162,101,20,9969.3877,-10502.7998,-5975.1421
164,101,20,9231.3604,-12045.792,-6661.4839
166,101,20,8185.6201,-13478.4316,-7282.918
168,101,20,6862.2183,-14717.4717,-7805.7881
170,101,20,5314.042,-15673.8555,-8202.4482
172,101,20,3604.7981,-16291.4395,-8448.8584
174,101,20,1811.4141,-16519.8887,-8530.5938
176,101,20,50.484,-16349.5195,-8439.2422
178,101,20,-1604.67,-15803.5684,-8191.6304
180,101,20,-3063.8979,-14926.5596,-7804.5859
182,101,20,-4274.312,-13799.8076,-7310.564
184,101,20,-5186.6299,-12514.3037,-6743.2202
186,101,20,-5793.6401,-11168.7842,-6132.604
188,101,20,-6138.6143,-9834.8799,-5513.5742
190,101,20,-6254.0063,-8586.1602,-4916.1802
192,101,20,-6202.3203,-7449.728,-4356.0479
194,101,20,-6025.626,-6444.9438,-3842.7942
196,101,20,-5770.8022,-5575.6802,-3384.832
198,101,20,-5471.5039,-4826.4478,-2978.5562
200,101,20,-5150.5703,-4187.5679,-2620.3601
202,101,20,-4823.626,-3641.616,-2309.042
204,101,20,-4505.0962,-3176.9761,-2036.188
206,101,20,-4199.7881,-2782.032,-1801.798
206,103,20,-4566.3979,-2675.552,-1926.806
204,103,20,-4933.0083,-3068.5601,-2184.0339
202,103,20,-5329.668,-3542.8799,-2488.1401
200,103,20,-5747.9639,-4106.2559,-2845.134
198,103,20,-6181.8862,-4783.856,-3259.824
196,103,20,-6612.2021,-5589.2319,-3740.624
194,103,20,-7014.8721,-6549.4878,-4291.1401
192,103,20,-7352.6343,-7691.728,-4920.9883
190,103,20,-7570.1963,-9027.5684,-5627.7642
188,103,20,-7593.0342,-10551.2002,-6400.6499
186,103,20,-7335.8062,-12225.8398,-7218.0103
184,103,20,-6734.8062,-13958.5596,-8038.9761
182,103,20,-5723.9243,-15654.4961,-8827.4883
180,103,20,-4288.7358,-17176.1914,-9522.2441
178,103,20,-2495.3521,-18366.832,-10075.1641
176,103,20,-442.336,-19125.7441,-10438.168
174,103,20,1757.324,-19383.2324,-10581.2061
172,103,20,3996.6501,-19131.5527,-10504.2783
170,103,20,6133.8062,-18364.8965,-10195.3643
168,103,20,8061.814,-17145.2168,-9672.4941
166,103,20,9679.7061,-15548.0156,-8970.5264
164,103,20,10899.7363,-13708.8164,-8142.3481
162,103,20,11699.0664,-11739.9043,-7228.8281
160,103,20,12096.9277,-9780.6719,-6287.6621
158,103,20,12163.0381,-7962.7681,-5366.9302
156,103,20,11986.3438,-6348.144,-4502.6919
154,103,20,11655.7939,-4967.7759,-3712.978
152,103,20,11251.9219,-3804.24,-2994.1821
150,103,20,10840.8379,-2842.0481,-2352.314
148,103,20,10469.4199,-2038.608,-1774.152
146,103,20,10166.5166,-1357.136,-1246.474
144,103,20,9953.7617,-766.656,-762.068
142,103,20,9840.7744,-224.576,-298.096
140,103,20,9825.1484,300.08,153.856
138,103,20,9910.4902,840.224,613.02
136,103,20,10094.3965,1432.64,1091.416
134,103,20,10362.4424,2102.4961,1601.0641
132,103,20,10695.3965,2896.2561,2162.3979
130,103,20,11065.6123,3842.96,2779.0242
128,103,20,11426.2119,4977.4561,3464.1641
126,103,20,11724.3086,6326.8481,4225.0303
124,103,20,11866.1445,7881.4561,5044.7939
122,103,20,11780.8018,9641.2803,5921.0522
120,103,20,11367.3145,11511.4561,6818.9463
118,103,20,10565.5801,13395.1836,7689.1943
116,103,20,9358.7725,15147.2637,8483.7158
114,103,20,7781.748,16641.8555,9155.6338
112,103,20,5903.022,17782.1602,9666.4844
110,103,20,3821.158,18455.8887,9969.3877
108,103,20,1655.1541,18649.4883,10064.3457
106,103,20,-457.962,18343.5996,9942.9443
104,103,20,-2397.99,17580.8164,9616.0
102,103,20,-4090.406,16413.4082,9117.1699
100,103,20,-5431.8379,14971.0879,8481.3125
98,103,20,-6393.438,13364.208,7751.6982
96,103,20,-6986.0239,11732.1602,6987.2261
94,103,20,-7244.4541,10167.8721,6238.3799
92,103,20,-7249.2622,8733.2959,5518.3823
90,103,20,-7070.1641,7463.2798,4852.4741
88,103,20,-6769.6641,6373.312,4255.0801
86,103,20,-6401.8521,5440.1602,3721.3921
84,103,20,-6005.1919,4659.9521,3258.6221
82,103,20,-5596.5122,3999.7759,2851.144
80,103,20,-5199.8521,3446.0801,2501.3621
80,105,20,-5710.7021,3297.0081,2694.884
82,105,20,-6205.9263,3852.6399,3089.1401
84,105,20,-6738.4121,4532.1758,3555.5161
86,105,20,-7286.5239,5358.8481,4101.2241
88,105,20,-7831.0303,6367.5039,4740.688
90,105,20,-8340.6777,7596.8638,5482.3223
92,105,20,-8737.3379,9062.416,6317.7119
94,105,20,-8940.4766,10795.1357,7256.4741
96,105,20,-8838.3066,12754.3682,8260.1445
98,105,20,-8303.416,14883.9678,9304.6826
100,105,20,-7264.8882,17025.1836,10320.3721
102,105,20,-5669.834,18988.2871,11224.2764
104,105,20,-3592.7781,20579.6797,11842.1045
106,105,20,-1156.324,21326.9766,12207.5127
108,105,20,1519.328,21551.5527,12356.5605
110,105,20,4256.2822,21458.623,12277.2285
112,105,20,6897.0762,20968.8164,11973.1221
114,105,20,9283.0459,19580.7031,11434.626
116,105,20,11232.6904,17638.8965,10552.3584
118,105,20,12624.6064,15321.5039,9465.75
120,105,20,13267.6758,12870.5283,8296.2041
122,105,20,13455.1885,10485.376,7107.4263
124,105,20,13404.7041,8311.248,5967.9302
126,105,20,13131.8506,6454.624,4922.1899
128,105,20,12713.5547,4925.1841,3989.438
130,105,20,12195.4922,3691.9519,3166.0681
132,105,20,11632.9561,2714.272,2443.666
134,105,20,11143.7422,1932.1279,1805.4041
136,105,20,10761.5059,1302.928,1235.656
138,105,20,10500.6719,768.592,707.978
140,105,20,10376.8662,294.272,206.744
142,105,20,10386.4824,-158.752,-284.874
144,105,20,10536.7324,-631.136,-790.916
146,105,20,10822.8086,-1159.6639,-1328.2101
148,105,20,11239.9023,-1786.928,-1914.786
150,105,20,11767.5801,-2563.2639,-2573.4819
152,105,20,12375.792,-3544.8159,-3325.9341
154,105,20,12901.0664,-4787.728,-4193.7783
156,105,20,13347.0078,-6332.6558,-5164.9941
158,105,20,13559.7627,-8243.4883,-6267.228
160,105,20,13609.0439,-10485.376,-7472.834
162,105,20,13520.0967,-12969.2637,-8726.5205
164,105,20,13023.6699,-15542.208,-9965.7822
166,105,20,11780.8018,-17964.1445,-11093.2578
168,105,20,9787.8857,-20055.0234,-11904.6084
170,105,20,7358.644,-21332.7832,-12432.2861
172,105,20,4636.1143,-21836.1445,-12694.3223
174,105,20,1788.576,-21994.8965,-12743.6045
176,105,20,-1009.68,-21824.5273,-12634.2227
178,105,20,-3624.03,-21309.5527,-12295.2578
180,105,20,-5875.376,-19969.8398,-11707.4805
182,105,20,-7632.7002,-17915.7441,-10819.2021
184,105,20,-8789.0244,-15642.8799,-9730.1904
186,105,20,-9357.5703,-13366.1436,-8608.7246
188,105,20,-9452.5283,-11257.8398,-7520.9141
190,105,20,-9209.7246,-9407.0244,-6514.8403
192,105,20,-8757.7725,-7844.6719,-5616.9463
194,105,20,-8198.8418,-6557.2319,-4835.646
196,105,20,-7606.2563,-5515.6641,-4169.7383
198,105,20,-7007.6602,-4658.0161,-3596.384
200,105,20,-6436.71,-3959.1199,-3110.7761
202,105,20,-5899.416,-3386.064,-2700.894
204,105,20,-5405.394,-2909.8081,-2351.1121
206,105,20,-4953.4419,-2514.864,-2056.6221
206,107,20,-5299.6182,-2309.6479,-2172.0142
204,107,20,-5808.064,-2679.4241,-2491.7461
202,107,20,-6387.4282,-3136.3201,-2876.386
200,107,20,-7037.71,-3695.824,-3336.752
198,107,20,-7756.5063,-4390.8481,-3886.0662
196,107,20,-8543.8164,-5252.3682,-4549.5703
194,107,20,-9381.6104,-6344.272,-5338.082
192,107,20,-10250.6563,-7736.2559,-6287.6621
190,107,20,-11055.9961,-9498.0156,-7410.3301
188,107,20,-11678.6318,-11705.0557,-8709.6924
186,107,20,-11915.4258,-14376.7363,-10176.1318
184,107,20,-11540.4023,-17385.2793,-11643.7744
182,107,20,-10325.1807,-20509.9844,-12739.998
180,107,20,-8224.084,-22153.6484,-13437.1582
178,107,20,-5351.3042,-22273.6797,-13759.2939
176,107,20,-1972.4821,-22294.9766,-13859.0605
174,107,20,1627.5081,-22298.8477,-13867.4746
172,107,20,5268.3662,-22281.4238,-13861.4639
170,107,20,8752.9639,-22269.8086,-13844.6367
168,107,20,11868.5479,-22213.6641,-13612.6504
166,107,20,13634.2861,-21001.7285,-13098.1943
164,107,20,13854.252,-17842.1758,-12155.8262
162,107,20,13868.6758,-14421.2637,-10673.7598
160,107,20,13866.2725,-11176.5283,-8962.1123
158,107,20,13862.666,-8380.9443,-7368.2603
156,107,20,13841.0303,-6142.9277,-5958.314
154,107,20,13676.3564,-4429.5679,-4756.314
152,107,20,13274.8887,-3130.512,-3722.594
150,107,20,12622.2021,-2179.936,-2858.356
148,107,20,11941.8701,-1471.36,-2115.52
146,107,20,11387.748,-933.152,-1468.844
144,107,20,11017.5322,-505.296,-887.076
142,107,20,10820.4043,-137.456,-342.57
140,107,20,10803.5762,211.024,185.108
138,107,20,10964.6445,582.736,722.402
136,107,20,11302.4063,1018.336,1293.3521
134,107,20,11808.4482,1560.416,1918.3921
132,107,20,12464.7402,2278.6719,2634.7839
130,107,20,13099.3965,3235.0559,3465.366
128,107,20,13582.6006,4518.624,4442.5923
126,107,20,13824.2021,6210.688,5588.0981
124,107,20,13856.6563,8379.0078,6910.2983
122,107,20,13862.666,11073.9199,8412.7979
120,107,20,13866.2725,14173.4561,10022.2764
118,107,20,13845.8379,17458.8477,11590.8857
116,107,20,13461.1982,20546.7676,12677.4941
114,107,20,11425.0098,22056.8477,13325.3721
112,107,20,8389.96,22260.127,13649.9121
110,107,20,5009.936,22285.2949,13785.7383
108,107,20,1484.47,22285.2949,13813.3838
106,107,20,-1973.6841,22265.9355,13748.4766
104,107,20,-5119.3179,22234.959,13565.7725
102,107,20,-7794.9702,21634.8008,13133.0518
100,107,20,-9749.4219,19555.5352,12426.2764
98,107,20,-10900.9385,16626.3672,11307.2139
96,107,20,-11306.0117,13811.4238,9861.208
94,107,20,-11144.9443,11339.1523,8510.1602
92,107,20,-10617.2666,9257.9521,7286.5239
90,107,20,-9910.4902,7571.6958,6223.9561
88,107,20,-9126.7861,6230.0479,5315.2441
86,107,20,-8338.2744,5153.6318,4541.1562
84,107,20,-7585.8223,4305.6641,3899.2881
82,107,20,-6894.6724,3616.448,3357.186
80,107,20,-6263.6221,3062.752,2900.426
80,109,20,-6751.6343,2752.9919,3083.1301
82,109,20,-7477.6421,3266.032,3581.96
84,109,20,-8320.2441,3912.656,4196.1821
86,109,20,-9273.4297,4743.2002,4939.0181
88,109,20,-10332.3926,5817.6802,5844.124
90,109,20,-11470.6865,7215.4722,6939.146
92,109,20,-12574.1221,9064.3516,8262.5479
94,109,20,-13361.4326,11503.7119,9851.5918
96,109,20,-13624.6699,14605.1836,11611.3203
98,109,20,-13616.2559,18359.0879,12963.5703
100,109,20,-13042.9023,21708.3672,13742.4658
102,109,20,-10861.2725,22279.4883,13872.2822
104,109,20,-7409.1279,22324.0156,13889.1104
106,109,20,-3286.2681,22335.6328,13898.7266
108,109,20,1173.152,22349.1836,13902.332
110,109,20,5727.5303,22351.1191,13899.9287
112,109,20,10112.4258,22329.8242,13896.3223
114,109,20,13544.1367,22308.5273,13880.6963
116,109,20,13874.6865,22236.8965,13863.8682
118,109,20,13896.3223,20227.3281,13422.7344
120,109,20,13898.7266,15704.832,12113.7559
122,109,20,13901.1299,11538.5596,10104.0117
124,109,20,13893.918,8158.3042,8099.0762
126,109,20,13874.6865,5629.8882,6398.2461
128,109,20,13848.2422,3815.856,4985.896
130,109,20,13642.7002,2557.4561,3834.3801
132,109,20,13110.2139,1692.064,2888.406
134,109,20,12409.4482,1097.712,2091.48
136,109,20,11765.1758,687.28,1412.35
138,109,20,11336.0625,391.072,807.744
140,109,20,11122.1064,160.688,241.602
142,109,20,11128.1162,-44.528,-311.318
144,109,20,11361.3047,-269.104,-883.47
146,109,20,11812.0547,-545.952,-1502.5
148,109,20,12480.3662,-935.088,-2200.8621
150,109,20,13199.1621,-1500.4,-3018.2222
152,109,20,13693.1846,-2334.8159,-4006.2661
154,109,20,13860.2627,-3575.792,-5215.478
156,109,20,13878.292,-5382.0801,-6698.7461
158,109,20,13892.7158,-7947.2798,-8505.3525
160,109,20,13903.5342,-11406.9121,-10638.9023
162,109,20,13904.7363,-15722.2559,-12614.9902
164,109,20,13898.7266,-20446.0957,-13681.1641
166,109,20,13886.7061,-22254.3203,-13877.0898
168,109,20,13747.2744,-22310.4648,-13898.7266
170,109,20,10789.1523,-22329.8242,-13909.5439
172,109,20,6320.1162,-22345.3125,-13910.7461
174,109,20,1607.074,-22337.5684,-13908.3418
176,109,20,-3049.4741,-22337.5684,-13910.7461
178,109,20,-7502.8843,-22329.8242,-13903.5342
180,109,20,-11336.0625,-22312.4004,-13895.1201
182,109,20,-13508.0762,-22207.8555,-13855.4541
184,109,20,-13825.4043,-19315.4727,-13265.2725
186,109,20,-13825.4043,-15234.3838,-11951.4863
188,109,20,-13639.0947,-11865.7441,-10147.2842
190,109,20,-13036.8926,-9275.376,-8457.2725
192,109,20,-11945.4766,-7341.312,-7056.9419
194,109,20,-10709.8203,-5897.0562,-5905.4263
196,109,20,-9588.3545,-4810.96,-4969.0679
198,109,20,-8587.0879,-3976.5439,-4203.394
200,109,20,-7708.4263,-3329.9199,-3580.7581
202,109,20,-6928.3281,-2814.9441,-3062.696
204,109,20,-6250.3999,-2398.7041,-2631.178
206,109,20,-5663.8242,-2063.7759,-2278.9919
206,111,20,-5943.8901,-1767.568,-2371.5461
204,111,20,-6580.9502,-2056.032,-2741.762
202,111,20,-7324.9883,-2414.1919,-3197.3201
200,111,20,-8197.6406,-2859.4719,-3755.0481
198,111,20,-9220.542,-3424.7839,-4441.3901
196,111,20,-10433.3604,-4158.5278,-5292.4062
194,111,20,-11855.3262,-5138.144,-6350.166
192,111,20,-13262.8682,-6504.96,-7696.4062
190,111,20,-13837.4238,-8450.6396,-9393.6299
188,111,20,-13869.8779,-11288.8164,-11507.9482
186,111,20,-13883.1006,-15410.5596,-13214.7881
184,111,20,-13904.7363,-20932.0312,-13875.8887
182,111,20,-13891.5146,-22291.1035,-13905.9385
180,111,20,-13859.0605,-22343.375,-13920.3623
178,111,20,-10774.7285,-22364.6719,-13925.1699
176,111,20,-4697.416,-22368.543,-13929.9785
174,111,20,1383.5021,-22364.6719,-13928.7764
172,111,20,7352.6343,-22364.6719,-13929.9785
170,111,20,12937.126,-22362.7363,-13926.3721
168,111,20,13885.5039,-22351.1191,-13921.5645
166,111,20,13910.7461,-22318.207,-13916.7559
164,111,20,13916.7559,-22231.0879,-13897.5244
162,111,20,13920.3623,-17112.3047,-13827.8086
160,111,20,13913.1504,-11192.0156,-12366.1758
158,111,20,13913.1504,-6909.584,-9784.2803
156,111,20,13898.7266,-4088.832,-7478.8442
154,111,20,13877.0898,-2334.8159,-5689.0659
152,111,20,13845.8379,-1271.952,-4297.1499
150,111,20,13541.7324,-646.624,-3204.532
148,111,20,12818.1279,-292.336,-2318.658
146,111,20,12077.6963,-104.544,-1584.2361
144,111,20,11531.9883,-17.424,-943.57
142,111,20,11253.124,21.296,-356.994
140,111,20,11235.0938,48.4,206.744
138,111,20,11475.4941,96.8,787.31
136,111,20,11977.9307,205.216,1415.9561
134,111,20,12689.5146,418.176,2128.7419
132,111,20,13458.7939,803.44,2982.1621
130,111,20,13832.6162,1461.6799,4026.7002
128,111,20,13872.2822,2549.7119,5344.0923
126,111,20,13890.3125,4315.3437,7024.4883
124,111,20,13908.3418,7085.7598,9165.25
122,111,20,13915.5547,11242.3516,11732.7227
120,111,20,13919.1602,16881.9199,13536.9238
118,111,20,13916.7559,22155.584,13878.292
116,111,20,13908.3418,22320.1445,13901.1299
114,111,20,13878.292,22356.9277,13908.3418
112,111,20,12444.3066,22372.416,13916.7559
110,111,20,6839.3799,22382.0957,13921.5645
108,111,20,1070.9821,22366.6074,13911.9482
106,111,20,-4741.8901,22370.4805,13914.3525
104,111,20,-10287.918,22358.8633,13914.3525
102,111,20,-13809.7783,22349.1836,13909.5439
100,111,20,-13881.8984,22283.3594,13895.1201
98,111,20,-13887.9082,20235.0723,13867.4746
96,111,20,-13883.1006,15079.5039,13065.7402
94,111,20,-13868.6758,11215.248,11387.748
92,111,20,-13777.3242,8460.3203,9347.9541
90,111,20,-12997.2266,6532.064,7700.0122
88,111,20,-11608.916,5163.312,6393.438
86,111,20,-10255.4639,4158.5278,5348.8999
84,111,20,-9099.1406,3405.4241,4508.7021
82,111,20,-8103.8843,2828.4961,3827.168
80,111,20,-7249.2622,2371.6001,3267.0361
80,113,20,-7620.6802,1908.896,3412.478
82,113,20,-8559.4424,2265.1199,4005.064
84,113,20,-9674.8984,2723.9519,4739.4863
86,113,20,-11030.7539,3322.176,5657.814
88,113,20,-12628.2119,4146.9121,6828.562
90,113,20,-13718.4258,5310.4478,8329.8604
92,113,20,-13871.0801,7054.7842,10290.3223
94,113,20,-13891.5146,9832.9443,12512.8203
96,113,20,-13909.5439,14357.376,13848.2422
98,113,20,-13914.3525,21230.1758,13898.7266
100,113,20,-13908.3418,22337.5684,13915.5547
102,113,20,-13897.5244,22370.4805,13916.7559
104,113,20,-13677.5586,22376.2871,13916.7559
106,113,20,-6848.9961,22382.0957,13923.9678
108,113,20,659.898,22384.0312,13919.1602
110,113,20,7913.9683,22387.9043,13928.7764
112,113,20,13813.3838,22385.9687,13923.9678
114,113,20,13909.5439,22384.0312,13926.3721
116,113,20,13920.3623,22362.7363,13915.5547
118,113,20,13928.7764,22310.4648,13910.7461
120,113,20,13928.7764,18059.0078,13879.4941
122,113,20,13925.1699,9875.5361,13093.3867
124,113,20,13914.3525,4886.4639,10333.5938
126,113,20,13904.7363,2168.3201,7656.7402
128,113,20,13884.3027,731.808,5681.854
130,113,20,13857.8584,15.488,4208.2021
132,113,20,13599.4287,-302.016,3080.7261
134,113,20,12840.9658,-383.328,2185.2361
136,113,20,12040.4346,-336.864,1454.42
138,113,20,11446.6465,-211.024,818.562
140,113,20,11162.9746,-40.656,239.198
142,113,20,11165.3779,145.2,-323.338
144,113,20,11461.0703,325.248,-905.106
146,113,20,12059.666,474.32,-1549.3781
148,113,20,12874.6221,555.632,-2301.8301
150,113,20,13627.0742,520.784,-3217.7542
152,113,20,13862.666,274.912,-4383.6938
154,113,20,13892.7158,-350.416,-5921.0522
156,113,20,13909.5439,-1670.7679,-7988.4922
158,113,20,13925.1699,-4301.792,-10856.4639
160,113,20,13931.1807,-9314.0957,-13492.4502
162,113,20,13934.7861,-17805.3926,-13903.5342
164,113,20,13926.3721,-22308.5273,-13920.3623
166,113,20,13927.5742,-22353.0566,-13927.5742
168,113,20,13915.5547,-22376.2871,-13934.7861
170,113,20,13862.666,-22380.1602,-13938.3926
172,113,20,8998.1719,-22380.1602,-13935.9883
174,113,20,1619.094,-22374.3516,-13931.1807
176,113,20,-6183.0879,-22370.4805,-13929.9785
178,113,20,-13723.2344,-22374.3516,-13931.1807
180,113,20,-13904.7363,-22364.6719,-13927.5742
182,113,20,-13914.3525,-22339.5039,-13926.3721
184,113,20,-13910.7461,-21673.5195,-13905.9385
186,113,20,-13909.5439,-14459.9844,-13857.8584
188,113,20,-13901.1299,-9693.5518,-12612.5859
190,113,20,-13877.0898,-6903.7759,-10358.8359
192,113,20,-13819.3945,-5184.6079,-8347.8906
194,113,20,-12866.208,-4057.856,-6812.936
196,113,20,-11283.1738,-3277.6479,-5630.168
198,113,20,-9878.0361,-2700.72,-4695.0122
200,113,20,-8713.2979,-2263.1841,-3950.9741
202,113,20,-7738.4761,-1916.64,-3347.5701
204,113,20,-6915.106,-1635.92,-2858.356
206,113,20,-6214.3403,-1409.408,-2458.0901
206,115,20,-6391.0342,-1039.632,-2520.594
204,115,20,-7108.6279,-1196.448,-2925.668
202,115,20,-7966.856,-1384.24,-3429.3062
200,115,20,-8998.1719,-1610.752,-4055.5481
198,115,20,-10243.4443,-1887.6,-4833.2422
196,115,20,-11768.7822,-2234.144,-5812.8721
194,115,20,-13361.4326,-2696.8479,-7066.5581
192,115,20,-13854.252,-3358.96,-8720.5098
190,115,20,-13889.1104,-4414.0801,-10956.2305
188,115,20,-13909.5439,-6336.5278,-13151.082
186,115,20,-13921.5645,-10477.6318,-13895.1201
184,115,20,-13929.9785,-20374.4648,-13928.7764
182,115,20,-13927.5742,-22360.8008,-13933.584
180,115,20,-13922.7666,-22374.3516,-13931.1807
178,115,20,-13890.3125,-22384.0312,-13938.3926
176,115,20,-7507.6919,-22385.9687,-13943.2002
174,115,20,1915.988,-22385.9687,-13937.1904
172,115,20,10605.2461,-22382.0957,-13940.7959
170,115,20,13895.1201,-22380.1602,-13941.998
168,115,20,13922.7666,-22374.3516,-13937.1904
166,115,20,13927.5742,-22374.3516,-13934.7861
164,115,20,13939.5947,-22360.8008,-13934.7861
162,115,20,13940.7959,-17118.1113,-13923.9678
160,115,20,13934.7861,-4603.8081,-13869.8779
158,115,20,13929.9785,110.352,-11581.2705
156,115,20,13920.3623,1713.36,-8248.124
154,115,20,13892.7158,2154.7681,-5977.5459
152,115,20,13866.2725,2102.4961,-4371.6743
150,115,20,13625.8721,1837.264,-3180.4919
148,115,20,12754.4219,1477.168,-2271.78
146,115,20,11819.2666,1072.5439,-1534.954
144,115,20,11164.1758,660.176,-903.904
142,115,20,10842.04,236.192,-348.58
140,115,20,10825.2119,-185.856,188.714
138,115,20,11112.4902,-596.288,744.038
136,115,20,11725.5098,-991.232,1354.6541
134,115,20,12645.04,-1353.264,2068.6421
132,115,20,13553.752,-1655.28,2954.5161
130,115,20,13854.252,-1843.072,4101.2241
128,115,20,13895.1201,-1783.056,5643.3901
126,115,20,13911.9482,-1186.7679,7809.394
124,115,20,13926.3721,636.944,10944.21
122,115,20,13929.9785,5465.3281,13716.0225
120,115,20,13935.9883,17205.2324,13904.7363
118,115,20,13939.5947,22366.6074,13922.7666
116,115,20,13933.584,22395.6484,13926.3721
114,115,20,13922.7666,22395.6484,13931.1807
112,115,20,13880.6963,22391.7754,13929.9785
110,115,20,9314.2979,22403.3926,13935.9883
108,115,20,766.876,22397.584,13932.3818
106,115,20,-8500.5439,22391.7754,13929.9785
104,115,20,-13884.3027,22393.7109,13926.3721
102,115,20,-13914.3525,22385.9687,13925.1699
100,115,20,-13921.5645,22370.4805,13920.3623
98,115,20,-13922.7666,21123.6953,13917.958
96,115,20,-13913.1504,11569.5361,13879.4941
94,115,20,-13907.1406,7074.144,13266.4746
92,115,20,-13891.5146,4863.2319,11147.3486
90,115,20,-13851.8486,3628.064,8903.2139
88,115,20,-13288.1104,2865.28,7236.04
86,115,20,-11667.8145,2334.8159,5952.3042
84,115,20,-10167.7178,1945.6799,4965.4619
82,115,20,-8932.0625,1643.6639,4170.9399
80,115,20,-7907.958,1395.856,3532.678
80,117,20,-8085.854,846.032,3618.02
82,117,20,-9123.1797,960.256,4259.8882
84,117,20,-10392.4922,1088.032,5068.834
86,117,20,-11958.6982,1225.488,6090.5342
88,117,20,-13503.2686,1376.496,7413.936
90,117,20,-13862.666,1552.672,9154.4326
92,117,20,-13897.5244,1825.6479,11509.1504
94,117,20,-13911.9482,2414.1919,13538.126
96,117,20,-13920.3623,4292.1118,13895.1201
98,117,20,-13931.1807,12806.6396,13915.5547
100,117,20,-13929.9785,22385.9687,13913.1504
102,117,20,-13916.7559,22413.0723,13931.1807
104,117,20,-13873.4844,22422.752,13940.7959
106,117,20,-7000.4482,22413.0723,13938.3926
108,117,20,674.322,22413.0723,13943.2002
110,117,20,7543.752,22407.2637,13937.1904
112,117,20,13826.6064,22415.0078,13935.9883
114,117,20,13920.3623,22415.0078,13939.5947
116,117,20,13934.7861,22409.1992,13929.9785
118,117,20,13941.998,22393.7109,13911.9482
120,117,20,13945.6045,7223.2158,13889.1104
122,117,20,13935.9883,-5047.1519,13856.6563
124,117,20,13921.5645,-6201.0078,10887.7158
126,117,20,13915.5547,-5645.376,7567.792
128,117,20,13892.7158,-4803.2158,5395.7783
130,117,20,13853.0498,-3947.5039,3884.864
132,117,20,13391.4824,-3140.1919,2789.842
134,117,20,12245.9766,-2379.344,1950.8461
136,117,20,11249.5186,-1668.832,1282.5341
138,117,20,10632.8926,-983.488,713.988
140,117,20,10334.7959,-317.504,201.936
142,117,20,10343.21,344.608,-293.288
144,117,20,10649.7197,1022.208,-804.138
146,117,20,11278.3662,1723.04,-1375.088
148,117,20,12279.6318,2466.4639,-2051.814
150,117,20,13407.1084,3267.968,-2900.426
152,117,20,13855.4541,4148.8481,-4015.8821
154,117,20,13890.3125,5126.5278,-5559.25
156,117,20,13915.5547,6173.9038,-7778.1421
158,117,20,13931.1807,7143.8398,-11273.5586
160,117,20,13938.3926,6942.4961,-13877.0898
162,117,20,13949.21,-3599.0239,-13903.5342
164,117,20,13943.2002,-22403.3926,-13927.5742
166,117,20,13932.3818,-22411.1367,-13940.7959
168,117,20,13908.3418,-22415.0078,-13950.4121
170,117,20,13732.8506,-22407.2637,-13951.6143
172,117,20,8915.2344,-22409.1992,-13951.6143
174,117,20,2008.542,-22411.1367,-13948.0078
176,117,20,-4375.2803,-22413.0723,-13950.4121
178,117,20,-13874.6865,-22416.9434,-13949.21
180,117,20,-13922.7666,-22411.1367,-13935.9883
182,117,20,-13928.7764,-22374.3516,-13905.9385
184,117,20,-13931.1807,-7441.9839,-13919.1602
186,117,20,-13920.3623,-2139.28,-13898.7266
188,117,20,-13913.1504,-1411.344,-13393.8867
190,117,20,-13892.7158,-1289.376,-11251.9219
192,117,20,-13866.2725,-1240.976,-8947.6885
194,117,20,-13532.1162,-1177.088,-7243.252
196,117,20,-12059.666,-1095.776,-5955.9102
198,117,20,-10476.6318,-1006.72,-4946.23
200,117,20,-9200.1084,-911.856,-4151.708
202,117,20,-8133.9341,-818.928,-3512.2441
204,117,20,-7225.2222,-735.68,-2985.7681
206,117,20,-6461.9521,-654.368,-2557.856
206,117,22,-6061.686,-604.032,-2821.094
204,117,22,-6717.978,-681.472,-3270.6421
202,117,22,-7493.2681,-760.848,-3827.168
200,117,22,-8405.5859,-844.096,-4509.9043
198,117,22,-9499.4063,-929.28,-5358.5161
196,117,22,-10827.6162,-1008.656,-6425.8921
194,117,22,-12452.7207,-1076.416,-7787.7583
192,117,22,-13697.9922,-1130.624,-9595.5664
190,117,22,-13878.292,-1163.536,-11922.6387
188,117,22,-13901.1299,-1254.528,-13724.4365
186,117,22,-13917.958,-1724.976,-13913.1504
184,117,22,-13928.7764,-4874.8481,-13931.1807
182,117,22,-13929.9785,-22329.8242,-13939.5947
180,117,22,-13885.5039,-22376.2871,-13943.2002
178,117,22,-6762.4521,-22376.2871,-13950.4121
176,117,22,-1417.1581,-22380.1602,-13955.2207
174,117,22,1801.798,-22385.9687,-13961.2305
172,117,22,5690.2681,-22362.7363,-13951.6143
170,117,22,9072.6963,-22362.7363,-13951.6143
168,117,22,13070.5479,-22364.6719,-13951.6143
166,117,22,13902.332,-22347.248,-13951.6143
164,117,22,13932.3818,-20082.127,-13944.4023
162,117,22,13939.5947,1028.016,-13934.7861
160,117,22,13934.7861,6044.1919,-13903.5342
158,117,22,13922.7666,6150.6719,-12248.3799
156,117,22,13904.7363,5414.9922,-8576.2705
154,117,22,13872.2822,4563.1519,-6124.1899
152,117,22,13689.5781,3734.5439,-4432.9761
150,117,22,12702.7363,2962.0801,-3221.3601
148,117,22,11492.3223,2245.76,-2297.022
146,117,22,10608.8525,1572.032,-1560.196
144,117,22,10039.1045,935.088,-936.358
142,117,22,9753.0283,315.568,-370.216
140,117,22,9731.3926,-294.272,163.472
138,117,22,9980.2061,-909.92,715.19
136,117,22,10511.4902,-1537.184,1325.806
134,117,22,11361.3047,-2183.8081,2039.7941
132,117,22,12574.1221,-2869.1521,2936.4861
130,117,22,13627.0742,-3591.28,4104.8301
128,117,22,13871.0801,-4334.7041,5719.1162
126,117,22,13904.7363,-5045.2158,8077.4399
124,117,22,13920.3623,-5515.6641,11687.0459
122,117,22,13933.584,-4799.3437,13884.3027
120,117,22,13937.1904,2278.6719,13919.1602
118,117,22,13934.7861,22339.5039,13931.1807
116,117,22,13907.1406,22387.9043,13937.1904
114,117,22,13605.4385,22391.7754,13941.998
112,117,22,9036.6357,22389.8398,13941.998
110,117,22,4830.8379,22389.8398,13949.21
108,117,22,794.522,22395.6484,13944.4023
106,117,22,-3566.334,22393.7109,13945.6045
104,117,22,-9075.1006,22385.9687,13945.6045
102,117,22,-13886.7061,22385.9687,13935.9883
100,117,22,-13917.958,22316.2715,13922.7666
98,117,22,-13922.7666,8590.0322,13923.9678
96,117,22,-13914.3525,3368.6399,13908.3418
94,117,22,-13899.9287,2052.1599,13841.0303
92,117,22,-13874.6865,1604.944,12256.7939
90,117,22,-13690.7803,1376.496,9930.9238
88,117,22,-12456.3262,1229.36,8057.0063
86,117,22,-10815.5967,1097.712,6636.2422
84,117,22,-9497.002,977.68,5542.4219
82,117,22,-8397.1719,869.264,4664.9619
80,117,22,-7487.2583,768.592,3962.9941
80,115,22,-7322.584,1279.696,3863.228
82,115,22,-8185.6201,1494.592,4524.3281
84,115,22,-9228.9561,1759.824,5356.1123
86,115,22,-10485.0459,2094.752,6404.2563
88,115,22,-12040.4346,2543.9041,7757.708
90,115,22,-13524.9043,3173.104,9536.668
92,115,22,-13859.0605,4154.6558,11806.0439
94,115,22,-13892.7158,5848.6558,13623.4678
96,115,22,-13908.3418,9074.0322,13893.918
98,115,22,-13917.958,15606.0957,13921.5645
100,115,22,-13917.958,22294.9766,13923.9678
102,115,22,-13908.3418,22376.2871,13933.584
104,115,22,-13788.1426,22380.1602,13933.584
106,115,22,-6446.3262,22385.9687,13939.5947
108,115,22,1119.062,22391.7754,13941.998
110,115,22,8059.4102,22385.9687,13937.1904
112,115,22,13813.3838,22374.3516,13934.7861
114,115,22,13916.7559,22384.0312,13940.7959
116,115,22,13933.584,22364.6719,13937.1904
118,115,22,13932.3818,22252.3848,13927.5742
120,115,22,13935.9883,11577.2803,13917.958
122,115,22,13927.5742,3500.2881,13872.2822
124,115,22,13916.7559,17.424,11812.0547
126,115,22,13908.3418,-1318.416,8482.5137
128,115,22,13875.8887,-1744.3359,6124.1899
130,115,22,13764.1025,-1754.016,4461.8242
132,115,22,12999.6299,-1568.16,3218.9561
134,115,22,11914.2246,-1275.824,2258.5581
136,115,22,11053.5918,-938.96,1477.2581
138,115,22,10510.2881,-571.12,811.35
140,115,22,10241.04,-183.92,195.926
142,115,22,10248.252,205.216,-385.842
144,115,22,10511.4902,598.224,-982.034
146,115,22,11070.4199,985.424,-1651.548
148,115,22,11946.6777,1355.2,-2443.666
150,115,22,13021.2666,1688.192,-3419.6899
152,115,22,13777.3242,1939.8719,-4689.002
154,115,22,13878.292,2028.928,-6419.8823
156,115,22,13903.5342,1748.208,-8868.3564
158,115,22,13923.9678,644.688,-12283.2383
160,115,22,13933.584,-2468.3999,-13893.918
162,115,22,13939.5947,-10018.7998,-13929.9785
164,115,22,13928.7764,-21747.0879,-13933.584
166,115,22,13926.3721,-22339.5039,-13938.3926
168,115,22,13908.3418,-22349.1836,-13944.4023
170,115,22,13667.9424,-22360.8008,-13949.21
172,115,22,8279.376,-22370.4805,-13946.8066
174,115,22,2226.104,-22364.6719,-13948.0078
176,115,22,-4387.3003,-22378.2246,-13949.21
178,115,22,-13366.2402,-22374.3516,-13951.6143
180,115,22,-13915.5547,-22368.543,-13943.2002
182,115,22,-13926.3721,-22329.8242,-13943.2002
184,115,22,-13922.7666,-15340.8643,-13932.3818
186,115,22,-13917.958,-8409.9844,-13908.3418
188,115,22,-13895.1201,-5335.6162,-13604.2363
190,115,22,-13869.8779,-3821.6641,-11718.2979
192,115,22,-13604.2363,-2964.0159,-9428.4883
194,115,22,-12244.7744,-2406.448,-7662.75
196,115,22,-10640.1045,-2017.312,-6323.7222
198,115,22,-9350.3584,-1711.424,-5276.7803
200,115,22,-8279.376,-1465.552,-4434.1782
202,115,22,-7380.2803,-1266.144,-3759.856
204,115,22,-6614.606,-1097.712,-3210.542
206,115,22,-5963.1221,-956.384,-2760.9941
206,113,22,-5794.8423,-1306.8,-2688.874
204,113,22,-6403.0542,-1515.8879,-3108.3721
202,113,22,-7115.8403,-1767.568,-3626.4341
200,113,22,-7954.8359,-2077.3279,-4262.292
198,113,22,-8944.082,-2462.592,-5052.0059
196,113,22,-10126.8506,-2960.144,-6042.4541
194,113,22,-11537.998,-3620.3201,-7290.1304
192,113,22,-13063.3359,-4557.3437,-8902.0117
190,113,22,-13837.4238,-5941.584,-11022.3398
188,113,22,-13881.8984,-8123.4561,-13057.3262
186,113,22,-13898.7266,-11716.6719,-13881.8984
184,113,22,-13907.1406,-17454.9766,-13919.1602
182,113,22,-13905.9385,-22265.9355,-13928.7764
180,113,22,-13886.7061,-22339.5039,-13932.3818
178,113,22,-11812.0547,-22351.1191,-13933.584
176,113,22,-4727.4663,-22360.8008,-13935.9883
174,113,22,1823.4341,-22362.7363,-13939.5947
172,113,22,8046.188,-22364.6719,-13938.3926
170,113,22,13521.2979,-22353.0566,-13940.7959
168,113,22,13899.9287,-22349.1836,-13941.998
166,113,22,13923.9678,-22304.6562,-13938.3926
164,113,22,13921.5645,-20676.4805,-13925.1699
162,113,22,13923.9678,-13037.0244,-13909.5439
160,113,22,13923.9678,-7043.168,-13819.3945
158,113,22,13914.3525,-3339.6001,-11673.8242
156,113,22,13896.3223,-1289.376,-8661.6123
154,113,22,13867.4746,-218.768,-6434.3062
152,113,22,13758.0918,290.4,-4780.354
150,113,22,13096.9922,484.0,-3531.4761
148,113,22,12137.7959,503.36,-2544.634
146,113,22,11312.0225,418.176,-1733.2841
144,113,22,10777.1318,280.72,-1033.72
142,113,22,10509.0859,112.288,-403.872
140,113,22,10492.2578,-61.952,200.734
138,113,22,10730.2539,-222.64,823.37
136,113,22,11227.8818,-346.544,1503.702
134,113,22,12005.5762,-398.816,2286.2041
132,113,22,12956.3584,-344.608,3236.9861
130,113,22,13695.5879,-98.736,4437.7842
128,113,22,13865.0703,468.512,6001.5859
126,113,22,13892.7158,1610.752,8111.0962
124,113,22,13909.5439,3724.864,10981.4727
122,113,22,13920.3623,7471.0239,13527.3086
120,113,22,13923.9678,13418.416,13895.1201
118,113,22,13922.7666,20920.416,13913.1504
116,113,22,13922.7666,22304.6562,13923.9678
114,113,22,13895.1201,22345.3125,13927.5742
112,113,22,13130.6484,22368.543,13922.7666
110,113,22,7349.0283,22368.543,13923.9678
108,113,22,1251.282,22364.6719,13926.3721
106,113,22,-4999.1182,22364.6719,13928.7764
104,113,22,-11275.9619,22356.9277,13926.3721
102,113,22,-13874.6865,22339.5039,13926.3721
100,113,22,-13897.5244,22209.791,13910.7461
98,113,22,-13899.9287,17110.3672,13905.9385
96,113,22,-13895.1201,11825.0879,13877.0898
94,113,22,-13869.8779,8363.5195,13046.5078
92,113,22,-13778.5264,6148.7358,11093.2578
90,113,22,-12858.9961,4714.1602,8999.374
88,113,22,-11350.4863,3728.7361,7400.7144
86,113,22,-9980.2061,3024.032,6148.23
84,113,22,-8840.71,2499.376,5161.3882
82,113,22,-7813.0,2085.072,4346.4321
80,113,22,-6996.8423,1765.632,3706.968
80,111,22,-6656.6763,2197.3601,3544.698
82,111,22,-7375.4722,2596.176,4126.4663
84,111,22,-8216.8721,3101.4719,4847.666
86,111,22,-9183.2803,3751.968,5732.3379
88,111,22,-10293.9277,4607.6802,6829.7642
90,111,22,-11545.21,5759.6001,8201.2461
92,111,22,-12808.5127,7341.312,9926.1162
94,111,22,-13607.8418,9552.2236,11925.042
96,111,22,-13841.0303,12587.8721,13461.1982
98,111,22,-13849.4443,16552.8008,13879.4941
100,111,22,-13766.5059,20997.8555,13901.1299
102,111,22,-12282.0361,22269.8086,13911.9482
104,111,22,-8321.4463,22325.9512,13920.3623
106,111,22,-3684.1301,22335.6328,13920.3623
108,111,22,1253.686,22343.375,13919.1602
110,111,22,6177.0781,22339.5039,13919.1602
112,111,22,10971.8564,22337.5684,13919.1602
114,111,22,13837.4238,22302.7207,13919.1602
116,111,22,13891.5146,22190.4316,13911.9482
118,111,22,13908.3418,18697.8887,13891.5146
120,111,22,13910.7461,13600.4004,13833.8184
122,111,22,13905.9385,9168.8955,12434.6904
124,111,22,13897.5244,5852.5278,9875.6318
126,111,22,13878.292,3610.6399,7579.812
128,111,22,13850.6465,2156.7041,5778.0142
130,111,22,13566.9746,1244.848,4366.8662
132,111,22,12821.7344,689.216,3246.6021
134,111,22,11977.9307,360.096,2329.4761
136,111,22,11293.9922,181.984,1560.196
138,111,22,10851.6563,90.992,882.268
140,111,22,10629.2861,54.208,251.218
142,111,22,10604.0439,34.848,-390.65
144,111,22,10832.4238,3.872,-1028.912
146,111,22,11292.79,-71.632,-1717.6581
148,111,22,11999.5664,-230.384,-2512.1799
150,111,22,12852.9863,-522.72,-3438.9221
152,111,22,13594.6201,-1039.632,-4604.8623
154,111,22,13848.2422,-1908.896,-6078.5142
156,111,22,13880.6963,-3310.5601,-7969.2603
158,111,22,13902.332,-5538.896,-10422.542
160,111,22,13909.5439,-8839.7764,-12855.3906
162,111,22,13910.7461,-13315.8076,-13869.8779
164,111,22,13910.7461,-18529.4551,-13909.5439
166,111,22,13892.7158,-22169.1367,-13917.958
168,111,22,13857.8584,-22294.9766,-13926.3721
170,111,22,11660.6025,-22322.0801,-13929.9785
172,111,22,6827.3604,-22337.5684,-13929.9785
174,111,22,1751.3141,-22337.5684,-13931.1807
176,111,22,-3416.084,-22335.6328,-13926.3721
178,111,22,-8531.7959,-22322.0801,-13922.7666
180,111,22,-12881.834,-22289.168,-13917.958
182,111,22,-13851.8486,-21710.3047,-13916.7559
184,111,22,-13867.4746,-17334.9434,-13884.3027
186,111,22,-13863.8682,-12969.2637,-13605.4385
188,111,22,-13813.3838,-9699.3604,-12148.6143
190,111,22,-13265.2725,-7399.3921,-10105.2139
192,111,22,-12009.1826,-5777.0239,-8298.6084
194,111,22,-10654.5283,-4617.3599,-6877.8442
196,111,22,-9476.5684,-3765.52,-5745.5601
198,111,22,-8452.4639,-3118.896,-4836.8481
200,111,22,-7572.6001,-2617.4719,-4102.4263
202,111,22,-6809.3301,-2220.592,-3501.426
204,111,22,-6145.8262,-1899.2159,-3009.8081
206,111,22,-5571.27,-1637.856,-2603.532
206,109,22,-5309.2339,-1918.576,-2495.3521
204,109,22,-5815.2759,-2224.4639,-2864.366
202,109,22,-6397.0439,-2598.1121,-3312.7122
200,109,22,-7059.3462,-3058.8799,-3858.4202
198,109,22,-7805.7881,-3631.936,-4517.1162
196,109,22,-8645.9863,-4357.936,-5320.0522
194,109,22,-9575.1318,-5287.2158,-6300.8843
192,109,22,-10576.3984,-6510.7681,-7505.2881
190,109,22,-11596.8965,-8125.3921,-8980.1426
188,109,22,-12481.5684,-10239.5039,-10743.4766
186,109,22,-12925.1064,-12967.3281,-12482.7705
184,109,22,-12844.5723,-16231.4238,-13583.8027
182,109,22,-11846.9121,-19772.3672,-13875.8887
180,109,22,-9545.082,-22029.7441,-13901.1299
178,109,22,-6264.8242,-22271.7441,-13910.7461
176,109,22,-2424.4341,-22279.4883,-13915.5547
174,109,22,1631.114,-22296.9121,-13915.5547
172,109,22,5689.0659,-22291.1035,-13910.7461
170,109,22,9527.0518,-22267.8711,-13914.3525
168,109,22,12843.3701,-22147.8398,-13902.332
166,109,22,13847.04,-20341.5527,-13885.5039
164,109,22,13877.0898,-16752.207,-13853.0498
162,109,22,13887.9082,-12990.5596,-13070.5479
160,109,22,13885.5039,-9548.3516,-11378.1318
158,109,22,13874.6865,-6746.96,-9130.3926
156,109,22,13854.252,-4636.7202,-7216.8081
154,109,22,13699.1943,-3120.832,-5645.7939
152,109,22,13230.4141,-2063.7759,-4357.25
150,109,22,12451.5186,-1343.584,-3305.5
148,109,22,11672.6221,-849.904,-2431.646
146,109,22,11062.0059,-503.36,-1670.78
144,109,22,10659.3359,-253.616,-1008.478
142,109,22,10452.5918,-56.144,-391.852
140,109,22,10436.9658,127.776,203.138
138,109,22,10612.458,332.992,811.35
136,109,22,10979.0684,590.48,1461.6321
134,109,22,11531.9883,948.64,2184.0339
132,109,22,12282.0361,1457.808,3027.8381
130,109,22,13038.0938,2195.4241,4035.114
128,109,22,13611.4482,3254.416,5251.5381
126,109,22,13843.4346,4766.4321,6744.4224
124,109,22,13866.2725,6841.8237,8536.6045
122,109,22,13880.6963,9585.1357,10652.124
120,109,22,13881.8984,12924.7363,12599.3643
118,109,22,13873.4844,16570.2246,13665.5381
116,109,22,13827.8086,20058.8965,13875.8887
114,109,22,12503.2041,21991.0234,13884.3027
112,109,22,9131.5938,22252.3848,13904.7363
110,109,22,5381.354,22279.4883,13905.9385
108,109,22,1484.47,22283.3594,13904.7363
106,109,22,-2354.718,22267.8711,13901.1299
104,109,22,-5904.2241,22236.8965,13897.5244
102,109,22,-8899.6084,21462.4961,13890.3125
100,109,22,-11034.3604,18868.2559,13865.0703
98,109,22,-12119.7666,15611.9043,13435.9561
96,109,22,-12297.6621,12587.8721,12241.168
94,109,22,-11864.9424,10051.7119,10560.7725
92,109,22,-11089.6523,8024.7197,8886.3857
90,109,22,-10183.3438,6460.4321,7487.2583
88,109,22,-9271.0264,5260.1118,6328.5303
86,109,22,-8395.9697,4330.832,5350.1021
84,109,22,-7606.2563,3606.7681,4566.3979
82,109,22,-6893.4702,3029.8401,3912.51
80,109,22,-6257.6123,2567.136,3366.802
80,107,22,-5806.8623,2861.408,3158.856
82,107,22,-6333.3379,3353.1521,3636.05
84,107,22,-6912.7021,3957.1841,4209.4043
86,107,22,-7526.9243,4700.6079,4890.938
88,107,22,-8169.9941,5627.9521,5702.2881
90,107,22,-8799.8418,6783.7441,6657.8779
92,107,22,-9349.1563,8216.3838,7774.5361
94,107,22,-9721.7764,9958.7842,9051.0605
96,107,22,-9779.4727,12014.8164,10477.834
98,107,22,-9351.5605,14328.3359,11862.5381
100,107,22,-8302.2139,16715.4238,12857.7939
102,107,22,-6579.748,18936.0156,13509.2783
104,107,22,-4244.2622,20705.5195,13798.96
106,107,22,-1504.9041,21474.1113,13862.666
108,107,22,1516.9241,21731.5996,13855.4541
110,107,22,4591.6401,21623.1836,13861.4639
112,107,22,7543.752,21088.8477,13851.8486
114,107,22,10209.7881,19636.8477,13642.7002
116,107,22,12361.3682,17453.0391,13135.4561
118,107,22,13479.2285,14868.4795,12208.7139
120,107,22,13718.4258,12134.8477,10720.6387
122,107,22,13767.708,9548.3516,9022.2119
124,107,22,13666.7402,7287.104,7427.1582
126,107,22,13468.4102,5444.0317,6018.4141
128,107,22,12971.9844,3990.0959,4794.7783
130,107,22,12352.9541,2880.7681,3746.634
132,107,22,11642.5723,2054.0959,2852.3459
134,107,22,11059.6025,1419.088,2090.2781
136,107,22,10620.8721,937.024,1418.36
138,107,22,10325.1807,545.952,802.936
140,107,22,10180.9404,209.088,225.976
142,107,22,10190.5566,-106.48,-341.368
144,107,22,10358.8359,-435.6,-925.54
146,107,22,10679.7705,-818.928,-1550.5801
148,107,22,11160.5703,-1299.056,-2248.9421
150,107,22,11775.9941,-1918.576,-3042.262
152,107,22,12493.5879,-2745.248,-3970.2061
154,107,22,13134.2539,-3858.448,-5072.4399
156,107,22,13564.5703,-5316.2559,-6347.7622
158,107,22,13761.6982,-7190.3042,-7834.6362
160,107,22,13831.4141,-9501.8877,-9510.2246
162,107,22,13821.7979,-12167.7598,-11307.2139
164,107,22,13641.498,-14984.6396,-12661.8682
166,107,22,12806.1084,-17681.4883,-13480.4307
168,107,22,10730.2539,-20008.5605,-13836.2227
170,107,22,8019.7441,-21379.248,-13867.4746
172,107,22,4989.502,-21969.7285,-13879.4941
174,107,22,1790.98,-22112.9922,-13885.5039
176,107,22,-1387.108,-21942.623,-13874.6865
178,107,22,-4362.0581,-21381.1836,-13866.2725
180,107,22,-6906.6919,-19958.2246,-13714.8203
182,107,22,-8804.6504,-17609.8555,-13196.7578
184,107,22,-9953.7617,-15048.5283,-12264.0059
186,107,22,-10403.3105,-12564.6396,-10900.9385
188,107,22,-10293.9277,-10345.9844,-9359.9746
190,107,22,-9853.9961,-8489.3604,-7992.0981
192,107,22,-9231.3604,-6977.3437,-6800.916
194,107,22,-8535.4023,-5767.3437,-5791.2363
196,107,22,-7840.646,-4809.0239,-4948.6343
198,107,22,-7178.3442,-4044.304,-4239.4541
200,107,22,-6561.7183,-3426.72,-3648.0701
202,107,22,-5994.374,-2925.2959,-3151.644
204,107,22,-5484.7261,-2514.864,-2733.3481
206,107,22,-5030.3701,-2176.064,-2382.364
206,105,22,-4701.022,-2371.6001,-2248.9421
204,105,22,-5086.8643,-2725.8879,-2556.6541
202,105,22,-5512.3721,-3153.7439,-2926.8701
200,105,22,-5975.1421,-3670.656,-3365.6001
198,105,22,-6463.1543,-4295.9839,-3880.0562
196,105,22,-6967.9941,-5051.0239,-4487.0659
194,105,22,-7465.6221,-5966.752,-5191.438
192,105,22,-7915.1699,-7083.8237,-6012.4043
190,105,22,-8266.1543,-8423.5361,-6957.1763
188,105,22,-8424.8184,-10005.248,-8014.936
186,105,22,-8278.1738,-11792.1758,-9160.4424
184,105,22,-7728.8604,-13691.3916,-10332.3926
182,105,22,-6683.1201,-15604.1602,-11464.6758
180,105,22,-5126.5303,-17327.1992,-12257.9961
178,105,22,-3096.3521,-18686.2715,-12782.0684
176,105,22,-760.866,-19541.9844,-13068.1445
174,105,22,1739.2941,-19824.6406,-13188.3447
172,105,22,4258.686,-19540.0488,-13134.2539
170,105,22,6666.292,-18684.3359,-12916.6924
168,105,22,8822.6797,-17323.3281,-12509.2139
166,105,22,10601.6406,-15546.0801,-11760.3682
164,105,22,11901.002,-13497.792,-10671.3564
162,105,22,12642.6367,-11327.5361,-9367.1865
160,105,22,12878.2285,-9213.4238,-8037.7739
158,105,22,12819.3301,-7304.5278,-6772.0684
156,105,22,12546.4766,-5660.8638,-5603.7241
154,105,22,12096.9277,-4311.4722,-4568.8022
152,105,22,11559.6338,-3219.5679,-3652.8782
150,105,22,11041.5723,-2344.4961,-2846.3359
148,105,22,10590.8223,-1649.472,-2134.752
146,105,22,10231.4238,-1082.224,-1497.692
144,105,22,9985.0146,-602.096,-919.53
142,105,22,9851.5918,-170.368,-370.216
140,105,22,9839.5723,243.936,163.472
138,105,22,9947.752,675.664,709.18
136,105,22,10167.7178,1157.728,1276.524
134,105,22,10491.0566,1724.976,1890.7461
132,105,22,10904.5439,2418.064,2577.0881
130,105,22,11386.5459,3279.584,3351.176
128,105,22,11879.3662,4356.0,4227.4341
126,105,22,12324.1064,5682.1602,5221.4883
124,105,22,12590.9502,7273.5518,6328.5303
122,105,22,12636.626,9135.9844,7541.3481
120,105,22,12368.5801,11170.7197,8809.458
118,105,22,11590.8857,13263.5361,10055.9326
116,105,22,10308.3525,15238.2559,11205.0439
114,105,22,8576.2705,16905.1523,11995.96
112,105,22,6466.7603,18182.9121,12535.6582
110,105,22,4116.8501,18937.9512,12782.0684
108,105,22,1664.77,19148.9766,12845.7744
106,105,22,-721.2,18806.3047,12741.2002
104,105,22,-2908.8401,17952.5273,12450.3164
102,105,22,-4799.5859,16620.5605,11866.1445
100,105,22,-6281.6523,14974.96,11052.3906
98,105,22,-7276.9082,13176.416,9992.2266
96,105,22,-7829.8281,11368.1924,8892.3965
94,105,22,-8011.3301,9699.3604,7838.2422
92,105,22,-7903.1499,8204.7676,6845.3901
90,105,22,-7614.6699,6925.0718,5954.708
88,105,22,-7215.606,5842.8481,5167.3979
86,105,22,-6764.856,4946.48,4481.0562
84,105,22,-6300.8843,4206.9277,3896.884
82,105,22,-5839.3159,3591.28,3390.842
80,105,22,-5395.7783,3080.176,2959.324
80,103,22,-4920.9883,3229.248,2739.3582
82,103,22,-5259.9521,3726.8,3108.3721
84,103,22,-5607.3301,4319.2158,3538.688
86,103,22,-5937.8799,5020.0479,4030.3062
88,103,22,-6238.3799,5848.6558,4596.4482
90,103,22,-6471.5684,6810.8481,5231.104
92,103,22,-6595.374,7922.1118,5939.082
94,103,22,-6547.2939,9168.8955,6699.9482
96,103,22,-6268.4302,10522.1602,7496.874
98,103,22,-5701.0859,11929.6318,8304.6182
100,103,22,-4800.7881,13311.9355,9075.1006
102,103,22,-3569.9402,14550.9756,9754.2305
104,103,22,-2030.178,15542.208,10293.9277
106,103,22,-264.44,16194.6396,10642.5078
108,103,22,1650.3461,16446.3203,10775.9307
110,103,22,3599.99,16266.2715,10685.7803
112,103,22,5477.5142,15669.9844,10362.4424
114,103,22,7177.1421,14696.1758,9829.9561
116,103,22,8613.5322,13404.8643,9120.7764
118,103,22,9728.9883,11883.168,8274.5684
120,103,22,10487.4502,10251.1201,7346.624
122,103,22,10902.1406,8622.9443,6395.8423
124,103,22,11030.7539,7089.6318,5459.4839
126,103,22,10945.4121,5720.8799,4580.8223
128,103,22,10714.6279,4522.4961,3769.4722
130,103,22,10427.3506,3508.032,3035.05
132,103,22,10117.2344,2656.1919,2367.9399
134,103,22,9834.7646,1936.0,1765.738
136,103,22,9602.7783,1324.224,1215.222
138,103,22,9446.5186,784.08,699.564
140,103,22,9373.1963,288.464,198.33
142,103,22,9386.418,-193.6,-293.288
144,103,22,9488.5879,-691.152,-796.926
146,103,22,9677.3018,-1231.296,-1324.604
148,103,22,9938.1357,-1845.0079,-1893.15
150,103,22,10255.4639,-2569.072,-2518.1899
152,103,22,10601.6406,-3428.656,-3206.936
154,103,22,10943.0078,-4458.6079,-3977.418
156,103,22,11206.2461,-5672.48,-4821.2222
158,103,22,11340.8701,-7083.8237,-5750.3682
160,103,22,11251.9219,-8663.5996,-6727.5942
162,103,22,10872.0898,-10359.5361,-7726.4561
164,103,22,10132.8604,-12059.3438,-8689.2578
166,103,22,9022.2119,-13656.5439,-9569.1221
168,103,22,7564.186,-15046.5918,-10311.958
170,103,22,5787.6299,-16119.1357,-10878.1006
172,103,22,3843.9961,-16808.3516,-11218.2666
174,103,22,1818.626,-17067.7754,-11324.042
176,103,22,-169.482,-16872.2402,-11185.8125
178,103,22,-2045.8041,-16244.9756,-10811.9902
180,103,22,-3690.1401,-15247.9355,-10239.8379
182,103,22,-5014.7441,-13960.4961,-9513.8301
184,103,22,-5977.5459,-12506.5596,-8682.0459
186,103,22,-6577.3442,-11017.7764,-7820.2119
188,103,22,-6859.814,-9567.7119,-6952.3682
190,103,22,-6895.874,-8237.6797,-6133.8062
192,103,22,-6751.6343,-7066.3999,-5387.3643
194,103,22,-6484.79,-6048.064,-4710.6382
196,103,22,-6154.2402,-5192.3521,-4121.6582
198,103,22,-5785.2261,-4464.416,-3604.7981
200,103,22,-5411.4043,-3852.6399,-3157.6541
202,103,22,-5041.188,-3335.728,-2769.408
204,103,22,-4686.5981,-2898.1919,-2435.252
206,103,22,-4353.644,-2534.2239,-2150.3779
206,101,22,-4012.2761,-2636.832,-2010.946
204,101,22,-4281.5239,-2998.864,-2259.76
202,101,22,-4565.1963,-3426.72,-2549.4421
200,101,22,-4848.8682,-3924.272,-2881.1941
198,101,22,-5126.5303,-4503.1357,-3261.0261
196,101,22,-5378.9502,-5178.7998,-3692.5439
194,101,22,-5586.896,-5955.1357,-4175.748
192,101,22,-5716.7119,-6851.5039,-4719.0522
190,101,22,-5733.54,-7854.3521,-5309.2339
188,101,22,-5596.5122,-8952.0635,-5941.4863
186,101,22,-5250.3359,-10119.4717,-6594.1724
184,101,22,-4668.5679,-11288.8164,-7240.8481
182,101,22,-3817.552,-12403.9521,-7846.6562
180,101,22,-2705.7021,-13377.7598,-8373.1318
178,101,22,-1365.472,-14134.7363,-8791.4277
176,101,22,151.452,-14607.1201,-9059.4746
174,101,22,1758.526,-14748.4482,-9161.6445
172,101,22,3387.2361,-14547.1035,-9087.1201
170,101,22,4953.4419,-14010.832,-8833.498
168,101,22,6373.0039,-13176.416,-8424.8184
166,101,22,7599.0439,-12092.2559,-7869.4941
164,101,22,8571.4619,-10831.9199,-7209.5962
162,101,22,9275.834,-9476.7197,-6479.9819
160,101,22,9716.9678,-8106.0317,-5717.9141
158,101,22,9929.7227,-6787.6157,-4954.644
156,101,22,9956.166,-5575.6802,-4222.626
154,101,22,9860.0059,-4493.4561,-3533.8801
152,101,22,9685.7158,-3537.072,-2892.012
150,101,22,9477.7705,-2710.3999,-2299.426
148,101,22,9277.0361,-1992.144,-1757.324
146,101,22,9105.1504,-1353.264,-1248.8781
144,101,22,8975.334,-782.144,-776.492
142,101,22,8905.6182,-243.936,-317.328
140,101,22,8893.5986,280.72,131.018
138,101,22,8942.8799,816.992,584.172
136,101,22,9045.0498,1388.1119,1054.1541
134,101,22,9194.0986,2019.248,1566.2061
132,101,22,9363.5801,2733.6321,2097.49
130,101,22,9528.2539,3550.624,2667.238
128,101,22,9674.8984,4481.8398,3279.0562
126,101,22,9742.21,5536.96,3946.166
124,101,22,9695.332,6710.1758,4645.73
122,101,22,9472.9619,7982.1279,5372.9399
120,101,22,9029.4238,9304.416,6103.7563
118,101,22,8328.6582,10595.7275,6798.5122
116,101,22,7371.8662,11801.8555,7437.9761
114,101,22,6183.0879,12816.3203,7966.856
112,101,22,4793.5762,13590.7197,8364.7178
110,101,22,3279.0562,14072.7842,8615.9365
108,101,22,1706.8401,14231.5361,8703.6826
106,101,22,162.27,14059.2314,8621.9463
104,101,22,-1270.514,13588.7842,8387.5566
102,101,22,-2547.0381,12855.04,8012.5322
100,101,22,-3602.394,11916.0801,7529.3281
98,101,22,-4413.7441,10857.0879,6975.2061
96,101,22,-4981.0879,9738.0801,6379.0142
94,101,22,-5316.4463,8644.2402,5778.0142
92,101,22,-5463.0903,7594.9277,5189.0342
90,101,22,-5459.4839,6640.48,4631.3062
88,101,22,-5348.8999,5784.7681,4119.2539
86,101,22,-5166.1963,5031.6641,3652.8782
84,101,22,-4935.4121,4379.2319,3235.7842
82,101,22,-4679.3862,3813.9199,2865.5681
80,101,22,-4408.936,3326.0481,2538.624
80,99,22,-3962.9941,3355.0879,2328.2739
82,99,22,-4160.1221,3806.176,2599.926
84,99,22,-4341.624,4330.832,2911.2441
86,99,22,-4489.4702,4921.312,3255.0161
88,99,22,-4586.832,5593.104,3637.252
90,99,22,-4613.2759,6334.5918,4050.74
92,99,22,-4538.752,7147.7119,4493.0762
94,99,22,-4340.4219,8009.2319,4949.8359
96,99,22,-3990.6401,8905.5996,5411.4043
98,99,22,-3465.366,9792.2881,5860.9521
100,99,22,-2750.176,10617.0244,6270.834
102,99,22,-1853.484,11341.0879,6620.6162
104,99,22,-789.714,11898.6563,6891.0659
106,99,22,390.65,12252.9443,7060.5483
108,99,22,1652.75,12369.1035,7113.436
110,99,22,2929.2742,12237.4561,7043.7202
112,99,22,4169.7383,11848.3203,6846.5923
114,99,22,5316.4463,11238.4795,6544.8901
116,99,22,6316.5103,10435.04,6142.2202
118,99,22,7151.8999,9484.4639,5661.4199
120,99,22,7794.9702,8440.96,5126.5303
122,99,22,8249.3262,7368.416,4563.9941
124,99,22,8528.1904,6301.6802,3982.2261
126,99,22,8664.0166,5294.96,3420.8921
128,99,22,8695.2686,4359.8721,2876.386
130,99,22,8653.1982,3511.9041,2364.334
132,99,22,8570.2598,2745.248,1875.12
134,99,22,8477.7061,2054.0959,1417.1581
136,99,22,8394.7686,1430.704,985.64
138,99,22,8333.4658,851.84,567.344
140,99,22,8308.2246,300.08,162.27
142,99,22,8322.6484,-240.064,-241.602
144,99,22,8374.334,-791.824,-650.282
146,99,22,8457.2725,-1376.496,-1070.9821
148,99,22,8567.8564,-2003.76,-1514.52
150,99,22,8684.4502,-2694.9119,-1979.6941
152,99,22,8795.0342,-3467.376,-2480.928
154,99,22,8865.9521,-4330.832,-3015.8181
156,99,22,8867.1543,-5283.3437,-3577.1521
158,99,22,8756.5703,-6319.104,-4164.9302
160,99,22,8499.3418,-7414.8799,-4761.1221
162,99,22,8064.2183,-8535.8242,-5348.8999
164,99,22,7418.7441,-9629.6641,-5924.6582
166,99,22,6584.5562,-10636.3838,-6430.7002
168,99,22,5555.644,-11505.6475,-6861.0161
170,99,22,4375.2803,-12185.1836,-7186.7583
172,99,22,3099.958,-12630.4639,-7388.6943
174,99,22,1765.738,-12806.6396,-7458.4102
176,99,22,455.558,-12719.5195,-7398.3101
178,99,22,-790.916,-12384.5918,-7218.0103
180,99,22,-1909.978,-11819.2803,-6922.3184
182,99,22,-2863.1641,-11077.792,-6538.8799
184,99,22,-3621.626,-10212.4004,-6092.938
186,99,22,-4175.748,-9285.0557,-5606.1279
188,99,22,-4544.7622,-8342.2236,-5106.0962
190,99,22,-4747.8999,-7434.2397,-4618.084
192,99,22,-4816.4141,-6580.4639,-4144.4961
194,99,22,-4781.5562,-5796.3838,-3703.3621
196,99,22,-4670.9722,-5103.2959,-3304.2981
198,99,22,-4509.9043,-4485.7119,-2937.688
200,99,22,-4316.3818,-3943.6321,-2613.1479
202,99,22,-4103.6279,-3473.1841,-2322.2642
204,99,22,-3880.0562,-3058.8799,-2065.0361
206,99,22,-3658.8882,-2702.656,-1835.454
206,97,22,-3337.9541,-2731.696,-1703.234
204,97,22,-3507.436,-3068.5601,-1896.756
202,97,22,-3674.5142,-3453.824,-2116.7219
200,97,22,-3829.572,-3893.2959,-2365.5361
198,97,22,-3958.186,-4386.9761,-2640.7939
196,97,22,-4049.5381,-4942.6079,-2942.4961
194,97,22,-4089.2041,-5554.3838,-3269.4399
192,97,22,-4057.9521,-6226.1758,-3620.4241
190,97,22,-3937.752,-6942.4961,-3996.6501
188,97,22,-3702.1602,-7695.6001,-4377.6841
186,97,22,-3337.9541,-8456.4482,-4758.7183
184,97,22,-2827.104,-9190.1924,-5127.7319
182,97,22,-2159.9941,-9865.8555,-5457.0801
180,97,22,-1346.24,-10438.9121,-5740.752
178,97,22,-412.286,-10870.6396,-5960.7183
176,97,22,613.02,-11122.3203,-6088.1299
174,97,22,1693.618,-11180.4004,-6130.2002
172,97,22,2787.438,-11029.3916,-6071.3022
170,97,22,3847.6021,-10675.1035,-5911.436
168,97,22,4826.0303,-10133.0244,-5662.6221
166,97,22,5696.2783,-9432.1924,-5335.6782
164,97,22,6421.084,-8619.0723,-4945.0283
162,97,22,7000.4482,-7726.5762,-4511.106
160,97,22,7429.562,-6803.104,-4049.5381
158,97,22,7716.8403,-5875.7598,-3571.1421
156,97,22,7888.7261,-4985.2002,-3095.1501
154,97,22,7963.25,-4144.9761,-2633.582
152,97,22,7972.8662,-3364.7681,-2186.438
150,97,22,7941.6143,-2646.512,-1758.526
148,97,22,7888.7261,-1988.272,-1354.6541
146,97,22,7831.0303,-1380.368,-967.61
144,97,22,7782.9502,-809.248,-594.99
142,97,22,7752.8999,-255.552,-229.582
140,97,22,7742.082,286.528,133.422
138,97,22,7756.5063,832.48,492.82
136,97,22,7784.1523,1403.6,858.228
134,97,22,7819.0103,2003.76,1232.05
132,97,22,7853.8682,2658.1279,1627.5081
130,97,22,7868.292,3364.7681,2039.7941
128,97,22,7839.4443,4125.6162,2472.5142
126,97,22,7745.688,4948.416,2919.658
124,97,22,7562.9844,5809.936,3376.418
122,97,22,7261.2822,6700.4961,3834.3801
120,97,22,6827.3604,7592.9922,4281.5239
118,97,22,6247.9961,8439.0244,4693.8101
116,97,22,5526.7959,9205.6797,5065.228
114,97,22,4685.396,9848.4316,5374.1421
112,97,22,3731.0081,10349.8555,5616.9463
110,97,22,2708.106,10663.4883,5769.6001
108,97,22,1656.3561,10789.3281,5835.71
106,97,22,621.434,10715.7598,5809.2661
104,97,22,-354.59,10462.1436,5696.2783
102,97,22,-1248.8781,10040.0957,5505.1602
100,97,22,-2022.9661,9490.2715,5252.7402
98,97,22,-2658.824,8841.7119,4948.6343
96,97,22,-3157.6541,8135.0718,4613.2759
94,97,22,-3508.6382,7414.8799,4262.292
92,97,22,-3740.624,6696.624,3906.5
90,97,22,-3865.6321,6009.3437,3559.1221
88,97,22,-3902.894,5366.5918,3227.3701
86,97,22,-3872.844,4772.2397,2914.8501
84,97,22,-3791.1082,4241.7759,2625.168
82,97,22,-3674.5142,3763.584,2364.334
80,97,22,-3532.678,3339.6001,2123.9341
80,95,22,-3142.0281,3287.3279,1934.0181
82,95,22,-3236.9861,3670.656,2131.146
84,95,22,-3307.9041,4102.3838,2348.708
86,95,22,-3341.5601,4572.832,2586.7041
88,95,22,-3325.9341,5093.6162,2842.73
90,95,22,-3251.4102,5645.376,3110.7761
92,95,22,-3099.958,6226.1758,3389.6401
94,95,22,-2860.76,6822.4639,3668.5042
96,95,22,-2521.7961,7412.9438,3942.5601
98,95,22,-2069.844,7980.1919,4198.5859
100,95,22,-1508.51,8495.168,4429.3701
102,95,22,-842.602,8928.832,4619.2861
104,95,22,-87.746,9244.4004,4755.1123
106,95,22,726.008,9436.0635,4836.8481
108,95,22,1591.448,9476.7197,4848.8682
110,95,22,2466.5042,9370.2402,4794.7783
112,95,22,3317.52,9105.0078,4669.77
114,95,22,4122.8599,8708.1279,4485.8643
116,95,22,4841.6562,8179.6001,4243.0601
118,95,22,5467.8979,7558.144,3953.3782
120,95,22,5990.7681,6861.1841,3625.2322
122,95,22,6401.8521,6121.6318,3273.0461
124,95,22,6710.7661,5368.5278,2904.032
126,95,22,6924.7222,4621.2319,2531.4121
128,95,22,7061.75,3899.104,2159.9941
130,95,22,7137.4761,3207.9519,1796.99
132,95,22,7173.5361,2559.3921,1443.6021
134,95,22,7185.5562,1949.552,1103.436
136,95,22,7183.1523,1372.624,772.886
138,95,22,7181.9502,820.864,449.548
140,95,22,7187.96,282.656,125.008
142,95,22,7199.98,-249.744,-193.522
144,95,22,7219.2119,-789.888,-513.254
146,95,22,7243.252,-1343.584,-840.198
148,95,22,7264.8882,-1926.3199,-1176.7581
150,95,22,7273.3022,-2541.968,-1521.7321
152,95,22,7257.6763,-3194.3999,-1881.13
154,95,22,7201.1821,-3897.168,-2252.5481
156,95,22,7084.5879,-4627.04,-2631.178
158,95,22,6887.46,-5395.6318,-3017.02
160,95,22,6594.1724,-6175.8398,-3398.054
162,95,22,6192.7041,-6946.3682,-3764.6641
164,95,22,5666.228,-7682.0479,-4121.6582
166,95,22,5032.7739,-8349.9678,-4430.5723
168,95,22,4288.7358,-8921.0879,-4691.4062
170,95,22,3464.1641,-9374.1123,-4894.5439
172,95,22,2584.3,-9670.3203,-5023.1582
174,95,22,1671.9821,-9813.584,-5079.6519
176,95,22,772.886,-9790.3516,-5060.4199
178,95,22,-87.746,-9606.4316,-4971.4722
180,95,22,-879.864,-9277.3115,-4814.0103
182,95,22,-1581.832,-8833.9678,-4607.2661
184,95,22,-2168.408,-8301.5684,-4354.8462
186,95,22,-2639.592,-7716.896,-4078.386
188,95,22,-2992.98,-7095.4399,-3782.6941
190,95,22,-3241.7939,-6475.9199,-3482.1941
192,95,22,-3396.8521,-5868.0161,-3185.3
194,95,22,-3471.376,-5293.0239,-2901.6282
196,95,22,-3483.396,-4758.688,-2632.3801
198,95,22,-3443.73,-4263.0718,-2381.1621
200,95,22,-3365.6001,-3811.9839,-2145.5701
202,95,22,-3262.228,-3409.2959,-1935.2201
204,95,22,-3139.624,-3047.2639,-1740.496
206,95,22,-3006.2021,-2727.824,-1568.61
206,93,22,-2717.7222,-2700.72,-1444.8041
204,93,22,-2813.8821,-2993.0559,-1589.0441
202,93,22,-2900.426,-3326.0481,-1753.718
200,93,22,-2962.9302,-3695.824,-1934.0181
198,93,22,-3000.1921,-4096.5762,-2127.54
196,93,22,-3000.1921,-4530.2397,-2336.688
194,93,22,-2955.718,-4996.8159,-2556.6541
192,93,22,-2854.75,-5486.624,-2786.2361
190,93,22,-2685.2681,-5995.792,-3018.2222
188,93,22,-2434.05,-6510.7681,-3256.218
186,93,22,-2099.894,-7014.1279,-3484.5981
184,93,22,-1677.9921,-7484.5762,-3694.948
182,93,22,-1158.728,-7904.688,-3889.6721
180,93,22,-560.132,-8253.168,-4047.134
178,93,22,116.594,-8502.9121,-4161.3242
176,93,22,840.198,-8640.3682,-4225.0303
174,93,22,1596.256,-8650.0479,-4237.0503
172,93,22,2361.9299,-8528.0801,-4190.1719
170,93,22,3104.7661,-8276.4004,-4085.5981
168,93,22,3805.532,-7908.5601,-3928.136
166,93,22,4441.3901,-7436.1758,-3723.7961
164,93,22,4993.1079,-6884.416,-3482.1941
162,93,22,5464.292,-6270.7041,-3208.1379
160,93,22,5842.9219,-5620.208,-2913.6479
158,93,22,6131.4023,-4952.2881,-2598.7241
156,93,22,6342.9541,-4288.2397,-2283.8
154,93,22,6489.5981,-3641.616,-1967.6741
152,93,22,6580.9502,-3014.3521,-1655.1541
150,93,22,6632.6362,-2414.1919,-1345.038
148,93,22,6659.0801,-1845.0079,-1045.74
146,93,22,6665.0903,-1297.12,-752.452
144,93,22,6665.0903,-770.528,-466.376
142,93,22,6656.6763,-253.616,-182.704
140,93,22,6650.666,257.488,98.564
138,93,22,6642.252,774.4,383.438
136,93,22,6631.4341,1297.12,665.908
134,93,22,6606.1919,1835.328,949.58
132,93,22,6567.728,2404.512,1242.868
130,93,22,6499.2144,2994.9919,1542.166
128,93,22,6395.8423,3610.6399,1847.474
126,93,22,6235.9761,4245.6479,2155.186
124,93,22,6013.606,4890.3359,2460.4941
122,93,22,5714.3081,5535.0239,2760.9941
120,93,22,5332.0723,6158.416,3047.0701
118,93,22,4866.8979,6737.2798,3310.3081
116,93,22,4316.3818,7258.064,3543.4961
114,93,22,3700.958,7689.792,3735.8162
112,93,22,3023.03,8026.6558,3886.0662
110,93,22,2307.8401,8245.4238,3987.0342
108,93,22,1574.62,8346.0957,4035.114
106,93,22,849.814,8328.6719,4036.3162
104,93,22,158.664,8189.2798,3984.6301
102,93,22,-485.608,7949.2158,3887.2681
100,93,22,-1063.77,7612.3521,3747.8362
98,93,22,-1560.196,7207.728,3574.748
96,93,22,-1974.886,6752.7681,3382.428
94,93,22,-2298.2241,6268.7681,3172.0781
92,93,22,-2542.23,5773.1519,2954.5161
90,93,22,-2711.7122,5285.2798,2735.752
88,93,22,-2813.8821,4810.96,2519.3921
86,93,22,-2864.366,4361.8081,2309.042
84,93,22,-2869.1741,3943.6321,2113.116
82,93,22,-2839.124,3556.4319,1926.806
80,93,22,-2779.0242,3202.144,1754.92
80,91,22,-2456.8879,3101.4719,1593.8521
82,91,22,-2484.5339,3415.104,1734.4861
84,91,22,-2486.938,3761.6479,1888.342
86,91,22,-2456.8879,4125.6162,2049.4102
88,91,22,-2385.97,4518.624,2220.094
90,91,22,-2268.1741,4921.312,2394.384
92,91,22,-2093.884,5335.6162,2571.0781
94,91,22,-1859.494,5747.9839,2747.772
96,91,22,-1557.792,6144.8638,2911.2441
98,91,22,-1186.374,6510.7681,3062.696
100,91,22,-747.644,6836.0161,3193.7141
102,91,22,-248.814,7099.312,3298.2881
104,91,22,305.308,7289.04,3371.6101
106,91,22,891.884,7387.7759,3408.8721
108,91,22,1506.1061,7393.584,3405.2661
110,91,22,2125.136,7304.5278,3361.9941
112,91,22,2734.55,7110.9277,3276.6521
114,91,22,3312.7122,6832.144,3157.6541
116,91,22,3843.9961,6472.0479,3003.7981
118,91,22,4324.7959,6042.2559,2818.6899
120,91,22,4740.688,5556.3198,2607.1379
122,91,22,5090.4702,5029.728,2377.5562
124,91,22,5378.9502,4477.9678,2133.55
126,91,22,5607.3301,3916.5281,1877.524
128,91,22,5775.6099,3353.1521,1616.6901
130,91,22,5898.2139,2803.3279,1361.866
132,91,22,5983.5562,2261.248,1103.436
134,91,22,6048.4639,1736.592,847.41
136,91,22,6085.7261,1231.296,599.798
138,91,22,6109.7661,735.68,352.186
140,91,22,6125.3921,247.808,104.574
142,91,22,6133.8062,-238.128,-139.432
144,91,22,6141.0181,-731.808,-393.054
146,91,22,6131.4023,-1231.296,-644.272
148,91,22,6110.9683,-1740.464,-897.894
150,91,22,6068.8979,-2265.1199,-1152.718
152,91,22,5996.7783,-2805.2639,-1412.35
154,91,22,5887.396,-3364.7681,-1674.386
156,91,22,5733.54,-3932.0159,-1935.2201
158,91,22,5521.9883,-4508.9438,-2193.6501
160,91,22,5247.9321,-5078.1279,-2444.8682
162,91,22,4902.958,-5629.8882,-2684.0662
164,91,22,4488.2681,-6146.7998,-2901.6282
166,91,22,3979.822,-6609.5039,-3123.998
168,91,22,3435.3162,-7002.5117,-3288.6721
170,91,22,2840.3262,-7316.144,-3417.2861
172,91,22,2209.2761,-7531.04,-3503.8301
174,91,22,1562.6,-7647.2002,-3548.304
176,91,22,924.338,-7654.9438,-3553.1121
178,91,22,304.106,-7560.0801,-3507.436
180,91,22,-272.854,-7370.3521,-3426.9021
182,91,22,-794.522,-7101.248,-3310.3081
184,91,22,-1252.484,-6766.3198,-3166.0681
186,91,22,-1635.922,-6386.8638,-3001.394
188,91,22,-1948.442,-5976.4321,-2824.7
190,91,22,-2194.8521,-5550.5122,-2640.7939
192,91,22,-2373.95,-5124.5918,-2454.4841
194,91,22,-2494.1501,-4704.48,-2264.5681
196,91,22,-2563.866,-4299.856,-2085.47
198,91,22,-2592.7141,-3916.5281,-1909.978
200,91,22,-2585.502,-3560.304,-1746.506
202,91,22,-2554.25,-3227.312,-1593.8521
204,91,22,-2498.958,-2923.3599,-1450.8141
206,91,22,-2430.4441,-2650.384,-1322.2001
206,89,22,-2184.0339,-2586.4961,-1214.02
204,89,22,-2228.5081,-2836.24,-1322.2001
202,89,22,-2258.5581,-3109.2161,-1442.4
200,89,22,-2268.1741,-3407.3599,-1569.812
198,89,22,-2252.5481,-3724.864,-1708.042
196,89,22,-2203.2661,-4057.856,-1849.8781
194,89,22,-2119.126,-4406.3359,-1997.724
192,89,22,-1990.5121,-4766.4321,-2151.5801
190,89,22,-1812.6161,-5128.4639,-2301.8301
188,89,22,-1581.832,-5482.752,-2449.676
186,89,22,-1292.15,-5821.5518,-2589.1082
184,89,22,-945.974,-6129.376,-2717.7222
182,89,22,-540.9,-6394.6079,-2825.9021
180,89,22,-87.746,-6607.5679,-2914.8501
178,89,22,411.084,-6750.832,-2974.95
176,89,22,942.368,-6820.5278,-3007.4041
174,89,22,1490.48,-6806.9761,-3005.0
172,89,22,2043.4,-6704.3682,-2966.5361
170,89,22,2585.502,-6518.5122,-2896.8201
168,89,22,3096.3521,-6257.1519,-2793.448
166,89,22,3574.748,-5918.3521,-2658.824
164,89,22,4002.6602,-5525.3437,-2500.1602
162,89,22,4378.8862,-5083.936,-2317.4561
160,89,22,4697.416,-4609.6162,-2120.3281
158,89,22,4960.6543,-4115.936,-1909.978
156,89,22,5169.8022,-3610.6399,-1693.618
154,89,22,5333.2739,-3107.28,-1471.248
152,89,22,5455.8779,-2605.856,-1247.676
150,89,22,5541.2202,-2112.176,-1022.902
148,89,22,5603.7241,-1632.048,-804.138
146,89,22,5638.582,-1157.728,-580.566
144,89,22,5659.0161,-695.024,-363.004
142,89,22,5665.0259,-234.256,-144.24
140,89,22,5661.4199,222.64,74.524
138,89,22,5642.188,679.536,292.086
136,89,22,5610.936,1140.304,516.86
134,89,22,5564.0581,1608.816,729.614
132,89,22,5491.938,2092.8159,949.58
130,89,22,5393.374,2578.752,1167.142
128,89,22,5262.356,3072.4319,1384.704
126,89,22,5089.2681,3568.0481,1601.0641
124,89,22,4870.5039,4057.856,1813.818
122,89,22,4603.6602,4536.0479,2015.754
120,89,22,4281.5239,4991.0078,2208.074
118,89,22,3907.7021,5407.248,2382.364
116,89,22,3487.002,5775.0879,2537.4221
114,89,22,3025.4341,6082.9121,2666.0361
112,89,22,2524.2,6324.9121,2765.802
110,89,22,2003.734,6489.4722,2835.5181
108,89,22,1476.056,6574.6558,2873.9819
106,89,22,949.58,6580.4639,2879.9919
104,89,22,444.74,6508.832,2855.9521
102,89,22,-32.454,6363.6318,2804.2661
100,89,22,-471.184,6156.48,2726.136
98,89,22,-860.632,5898.9922,2628.7742
96,89,22,-1198.394,5596.9761,2512.1799
94,89,22,-1479.662,5273.6641,2383.5662
92,89,22,-1709.244,4929.0562,2247.74
90,89,22,-1882.332,4580.5762,2107.106
88,89,22,-2010.946,4234.0317,1965.27
86,89,22,-2097.49,3895.2319,1824.636
84,89,22,-2147.9741,3573.856,1690.0121
82,89,22,-2168.408,3269.9041,1561.3981
80,89,22,-2162.3979,2983.376,1438.7941
80,89,24,-2045.8041,2845.9199,1560.196
82,89,24,-2043.4,3109.2161,1687.608
84,89,24,-2018.1581,3389.936,1824.636
86,89,24,-1964.068,3688.0801,1966.472
88,89,24,-1875.12,3995.9041,2114.3181
90,89,24,-1746.506,4315.3437,2263.366
92,89,24,-1575.822,4636.7202,2414.8181
94,89,24,-1354.6541,4950.3521,2560.26
96,89,24,-1085.406,5244.624,2693.6821
98,89,24,-763.27,5513.728,2819.8921
100,89,24,-395.458,5747.9839,2924.4661
102,89,24,21.636,5933.8398,3006.2021
104,89,24,473.588,6061.6162,3061.4941
106,89,24,949.58,6121.6318,3085.5339
108,89,24,1443.6021,6111.9521,3078.322
110,89,24,1942.432,6030.6401,3035.05
112,89,24,2430.4441,5879.6318,2961.728
114,89,24,2900.426,5655.0562,2854.75
116,89,24,3336.752,5374.3359,2721.3281
118,89,24,3734.614,5035.5361,2559.0581
120,89,24,4088.002,4652.208,2376.354
122,89,24,4393.3101,4235.9678,2174.418
124,89,24,4650.5381,3794.5601,1959.26
126,89,24,4860.8882,3341.5359,1733.2841
128,89,24,5027.9663,2882.7041,1503.702
130,89,24,5158.9839,2421.936,1268.11
132,89,24,5256.3462,1966.976,1036.124
134,89,24,5326.062,1517.824,800.532
136,89,24,5376.5459,1078.3521,567.344
138,89,24,5411.4043,644.688,332.954
140,89,24,5430.6362,212.96,99.766
142,89,24,5439.0503,-214.896,-131.018
144,89,24,5431.8379,-648.56,-365.408
146,89,24,5412.606,-1082.224,-597.394
148,89,24,5380.1519,-1527.504,-836.592
150,89,24,5322.4561,-1974.72,-1072.184
152,89,24,5235.9121,-2433.552,-1308.978
154,89,24,5118.1162,-2900.1279,-1545.772
156,89,24,4960.6543,-3362.832,-1777.7581
158,89,24,4761.1221,-3827.4719,-2006.1381
160,89,24,4512.3081,-4282.4321,-2227.3062
162,89,24,4210.606,-4719.9678,-2434.05
164,89,24,3856.0161,-5124.5918,-2626.3701
166,89,24,3453.3459,-5482.752,-2792.2461
168,89,24,3005.0,-5794.4478,-2934.082
170,89,24,2521.7961,-6036.4478,-3043.4641
172,89,24,2010.946,-6206.8159,-3120.3921
174,89,24,1490.48,-6305.5518,-3160.0581
176,89,24,973.62,-6321.04,-3164.866
178,89,24,473.588,-6264.896,-3136.0181
180,89,24,3.606,-6140.9922,-3075.918
182,89,24,-431.518,-5953.2002,-2985.7681
184,89,24,-818.562,-5713.1357,-2871.5781
186,89,24,-1147.91,-5442.0962,-2744.166
188,89,24,-1431.582,-5138.144,-2598.7241
190,89,24,-1656.3561,-4814.832,-2444.8682
192,89,24,-1834.2521,-4487.6479,-2286.2041
194,89,24,-1964.068,-4158.5278,-2126.3381
196,89,24,-2054.218,-3839.0879,-1970.078
198,89,24,-2109.51,-3529.3279,-1818.626
200,89,24,-2134.752,-3235.0559,-1673.1841
202,89,24,-2133.55,-2960.144,-1533.7521
204,89,24,-2115.52,-2702.656,-1400.3301
206,89,24,-2077.0562,-2466.4639,-1281.332
206,91,24,-2310.2441,-2520.6719,-1394.3201
204,91,24,-2369.1421,-2774.2881,-1528.944
202,91,24,-2412.4141,-3055.0081,-1676.79
200,91,24,-2436.4541,-3358.96,-1836.656
198,91,24,-2436.4541,-3684.208,-2008.542
196,91,24,-2400.394,-4034.624,-2191.2461
194,91,24,-2325.8701,-4396.6558,-2377.5562
192,91,24,-2205.6699,-4778.0479,-2572.28
190,91,24,-2030.178,-5163.312,-2765.802
188,91,24,-1794.5861,-5548.5762,-2961.728
186,91,24,-1491.682,-5916.416,-3146.8359
184,91,24,-1127.4761,-6255.2158,-3316.3181
182,91,24,-695.958,-6553.3599,-3465.366
180,91,24,-205.542,-6787.6157,-3583.1621
178,91,24,332.954,-6956.0479,-3667.302
176,91,24,913.52,-7039.2959,-3712.978
174,91,24,1514.52,-7031.5518,-3712.978
172,91,24,2120.3281,-6927.0078,-3670.908
170,91,24,2708.106,-6729.5361,-3579.5562
168,91,24,3265.834,-6446.8799,-3449.74
166,91,24,3777.886,-6086.7842,-3281.46
164,91,24,4237.0503,-5670.5439,-3081.928
162,91,24,4631.3062,-5200.0962,-2849.9421
160,91,24,4964.2603,-4694.7998,-2601.1279
158,91,24,5229.9019,-4175.9521,-2335.4861
156,91,24,5436.646,-3645.488,-2060.228
154,91,24,5591.7041,-3124.7041,-1787.374
152,91,24,5702.2881,-2609.728,-1507.308
150,91,24,5779.2163,-2110.24,-1234.454
148,91,24,5827.2959,-1624.304,-962.802
146,91,24,5854.9419,-1149.984,-694.756
144,91,24,5866.9619,-687.28,-429.114
142,91,24,5869.3662,-230.384,-165.876
140,91,24,5863.356,222.64,96.16
138,91,24,5848.9321,675.664,356.994
136,91,24,5824.8921,1140.304,620.232
134,91,24,5782.8223,1606.88,884.672
132,91,24,5722.7222,2090.8799,1153.92
130,91,24,5638.582,2588.4319,1425.572
128,91,24,5517.1802,3093.728,1697.224
126,91,24,5352.5059,3608.7041,1968.876
124,91,24,5137.3481,4121.7441,2236.9221
122,91,24,4863.292,4628.9761,2497.7561
120,91,24,4532.7422,5111.04,2741.762
118,91,24,4139.688,5554.3838,2965.334
116,91,24,3690.1401,5951.2642,3163.6641
114,91,24,3191.3101,6282.3198,3327.136
112,91,24,2652.814,6537.8721,3455.75
110,91,24,2086.6721,6714.0479,3543.4961
108,91,24,1508.51,6803.104,3590.374
106,91,24,935.156,6803.104,3596.384
104,91,24,383.438,6719.856,3563.9302
102,91,24,-137.028,6559.168,3494.2141
100,91,24,-608.212,6326.8481,3389.6401
98,91,24,-1025.306,6040.3198,3257.4202
96,91,24,-1382.3,5711.2002,3102.3621
94,91,24,-1675.588,5356.9121,2934.082
92,91,24,-1906.3721,4989.0718,2754.9841
90,91,24,-2080.6621,4611.5518,2571.0781
88,91,24,-2202.064,4245.6479,2388.374
86,91,24,-2280.1941,3889.4241,2210.478
84,91,24,-2318.658,3552.5601,2038.592
82,91,24,-2327.072,3235.0559,1873.9181
80,91,24,-2310.2441,2942.72,1722.4661
80,93,24,-2602.3301,3025.968,1883.5341
82,93,24,-2648.0061,3349.28,2062.6321
84,93,24,-2667.238,3699.696,2256.1541
86,93,24,-2652.814,4083.0239,2462.8979
88,93,24,-2593.916,4487.6479,2679.2581
90,93,24,-2485.7361,4915.5039,2906.436
92,93,24,-2319.8601,5354.9761,3134.8162
94,93,24,-2083.0659,5796.3838,3364.3979
96,93,24,-1774.152,6226.1758,3583.1621
98,93,24,-1383.5021,6632.7358,3786.3
100,93,24,-915.924,6987.0239,3959.3882
102,93,24,-376.226,7283.2319,4104.8301
104,93,24,221.168,7496.1919,4208.2021
106,93,24,861.834,7614.2881,4262.292
108,93,24,1532.55,7623.9678,4262.292
110,93,24,2211.6799,7529.104,4210.606
112,93,24,2876.386,7327.7598,4104.8301
114,93,24,3506.2341,7021.8721,3947.3682
116,93,24,4077.1841,6632.7358,3747.8362
118,93,24,4590.438,6166.1602,3502.6282
120,93,24,5026.7642,5647.312,3232.178
122,93,24,5388.5659,5087.8081,2936.4861
124,93,24,5674.6421,4507.0078,2625.168
126,93,24,5894.6079,3920.3999,2303.032
128,93,24,6053.272,3339.6001,1977.29
130,93,24,6162.6543,2776.2239,1652.75
132,93,24,6232.3701,2234.144,1337.826
134,93,24,6280.4502,1709.488,1025.306
136,93,24,6306.894,1210.0,722.402
138,93,24,6323.7222,722.128,418.296
140,93,24,6334.54,243.936,118.998
142,93,24,6345.3579,-228.448,-179.098
144,93,24,6356.1763,-710.512,-483.204
146,93,24,6358.5801,-1198.384,-787.31
148,93,24,6346.5601,-1705.616,-1096.224
150,93,24,6316.5103,-2228.3359,-1412.35
152,93,24,6261.2183,-2776.2239,-1734.4861
154,93,24,6167.4619,-3345.408,-2060.228
156,93,24,6023.2222,-3932.0159,-2389.5759
158,93,24,5817.6802,-4530.2397,-2720.126
160,93,24,5540.0181,-5134.272,-3047.0701
162,93,24,5185.4282,-5718.9438,-3352.3782
164,93,24,4734.6782,-6276.5122,-3656.4841
166,93,24,4214.2119,-6766.3198,-3908.9041
168,93,24,3622.8281,-7196.1118,-4124.062
170,93,24,2977.354,-7531.04,-4291.1401
172,93,24,2289.8101,-7767.2319,-4405.3301
174,93,24,1584.2361,-7881.4561,-4458.2183
176,93,24,888.278,-7881.4561,-4451.0059
178,93,24,211.552,-7771.104,-4387.3003
180,93,24,-414.69,-7556.208,-4273.1099
182,93,24,-979.63,-7256.1279,-4115.6479
184,93,24,-1467.642,-6886.3521,-3920.9241
186,93,24,-1870.312,-6472.0479,-3704.564
188,93,24,-2192.448,-6024.832,-3468.9722
190,93,24,-2436.4541,-5566.0,-3228.572
192,93,24,-2609.542,-5109.104,-2983.364
194,93,24,-2720.126,-4667.6958,-2744.166
196,93,24,-2774.2161,-4245.6479,-2514.584
198,93,24,-2786.2361,-3848.7681,-2295.8201
200,93,24,-2762.196,-3482.864,-2089.0759
202,93,24,-2712.9141,-3146.0,-1897.958
204,93,24,-2641.9961,-2838.176,-1724.87
206,93,24,-2559.0581,-2563.2639,-1563.802
206,95,24,-2830.71,-2582.624,-1693.618
204,95,24,-2944.9001,-2873.0239,-1871.514
202,95,24,-3048.272,-3204.0801,-2073.45
200,95,24,-3133.614,-3569.9839,-2295.8201
198,95,24,-3193.7141,-3980.416,-2538.624
196,95,24,-3216.552,-4421.8242,-2798.2561
194,95,24,-3191.3101,-4900.0161,-3073.5142
192,95,24,-3107.1702,-5414.9922,-3371.6101
190,95,24,-2950.9102,-5951.2642,-3676.918
188,95,24,-2706.9041,-6499.1519,-3983.428
186,95,24,-2365.5361,-7041.2319,-4286.332
184,95,24,-1925.604,-7554.272,-4568.8022
182,95,24,-1377.4921,-8013.104,-4821.2222
180,95,24,-729.614,-8398.3682,-5032.7739
178,95,24,-2.404,-8679.0879,-5196.2461
176,95,24,788.512,-8835.9043,-5288.8003
174,95,24,1608.276,-8857.2002,-5312.8403
172,95,24,2446.0701,-8731.3604,-5259.9521
170,95,24,3257.4202,-8462.2559,-5122.9243
168,95,24,4017.084,-8069.248,-4922.1899
166,95,24,4699.8203,-7560.0801,-4655.3462
164,95,24,5287.5981,-6965.728,-4340.4219
162,95,24,5773.2061,-6315.2319,-3984.6301
160,95,24,6159.0483,-5622.144,-3602.394
158,95,24,6442.7202,-4921.312,-3203.3301
156,95,24,6643.4541,-4232.0962,-2803.064
154,95,24,6768.4619,-3569.9839,-2405.2021
152,95,24,6835.7739,-2934.9761,-2009.744
150,95,24,6868.228,-2338.688,-1631.114
148,95,24,6870.6323,-1775.312,-1263.302
146,95,24,6862.2183,-1244.848,-907.51
144,95,24,6848.9961,-735.68,-562.536
142,95,24,6839.3799,-240.064,-222.37
140,95,24,6832.168,249.744,120.2
138,95,24,6830.9663,743.424,457.962
136,95,24,6827.3604,1250.656,798.128
134,95,24,6823.7539,1775.312,1143.1021
132,95,24,6804.522,2334.8159,1502.5
130,95,24,6758.8462,2923.3599,1871.514
128,95,24,6677.1104,3544.8159,2251.3459
126,95,24,6538.8799,4197.248,2640.7939
124,95,24,6330.9341,4863.2319,3027.8381
122,95,24,6037.646,5538.896,3412.478
120,95,24,5650.6021,6201.0078,3779.0881
118,95,24,5164.9941,6822.4639,4121.6582
116,95,24,4585.6299,7381.9678,4422.1582
114,95,24,3918.52,7848.5439,4675.7803
112,95,24,3181.6941,8210.5762,4869.3022
110,95,24,2400.394,8452.5762,5003.9263
108,95,24,1599.8621,8555.1836,5061.6221
106,95,24,806.542,8524.208,5053.208
104,95,24,56.494,8369.3281,4976.2803
102,95,24,-643.07,8096.3521,4840.4541
100,95,24,-1264.504,7724.6401,4650.5381
98,95,24,-1794.5861,7279.3599,4418.5522
96,95,24,-2226.104,6785.6802,4158.9199
94,95,24,-2554.25,6270.7041,3883.6621
92,95,24,-2794.6501,5744.1118,3597.5862
90,95,24,-2953.314,5223.3281,3310.3081
88,95,24,-3041.0601,4733.52,3033.8481
86,95,24,-3073.5142,4265.0078,2768.2061
84,95,24,-3057.8879,3839.0879,2520.594
82,95,24,-3008.606,3446.0801,2289.8101
80,95,24,-2932.8801,3091.792,2075.854
80,97,24,-3279.0562,3128.5759,2265.77
82,97,24,-3400.458,3511.9041,2513.3821
84,97,24,-3493.012,3937.824,2783.832
86,97,24,-3551.9102,4419.8882,3083.1301
88,97,24,-3561.5261,4942.6079,3405.2661
90,97,24,-3507.436,5513.728,3749.0381
92,97,24,-3375.2161,6115.8237,4106.0322
94,97,24,-3144.4321,6743.0879,4469.0361
96,97,24,-2806.6702,7374.2241,4830.8379
98,97,24,-2340.2939,7984.064,5171.0039
100,97,24,-1750.1121,8545.5039,5481.1201
102,97,24,-1037.326,9019.8242,5740.752
104,97,24,-219.966,9374.1123,5931.8701
106,97,24,671.918,9589.0078,6047.2622
108,97,24,1611.8821,9643.2158,6077.312
110,97,24,2569.876,9528.9922,6011.2021
112,97,24,3499.022,9250.208,5852.5381
114,97,24,4369.27,8812.6719,5607.3301
116,97,24,5142.1562,8249.2959,5290.002
118,97,24,5805.6602,7573.6318,4908.9683
120,97,24,6344.1562,6832.144,4483.46
122,97,24,6757.644,6048.064,4023.094
124,97,24,7050.9321,5262.0479,3556.718
126,97,24,7240.8481,4495.3921,3081.928
128,97,24,7350.23,3759.7119,2615.552
130,97,24,7392.3003,3074.3679,2166.0042
132,97,24,7394.7041,2435.488,1732.082
134,97,24,7374.27,1843.072,1317.392
136,97,24,7350.23,1295.184,919.53
138,97,24,7333.4023,774.4,532.486
140,97,24,7330.998,267.168,146.644
142,97,24,7345.4224,-228.448,-230.784
144,97,24,7371.8662,-735.68,-615.424
146,97,24,7411.5322,-1260.3359,-1008.478
148,97,24,7453.6021,-1814.032,-1411.1481
150,97,24,7490.8643,-2408.384,-1833.05
152,97,24,7505.2881,-3055.0081,-2276.5881
154,97,24,7480.0459,-3750.032,-2738.156
156,97,24,7392.3003,-4495.3921,-3216.552
158,97,24,7221.6162,-5281.4082,-3704.564
160,97,24,6945.1562,-6096.4639,-4194.98
162,97,24,6531.668,-6907.6479,-4681.79
164,97,24,5994.374,-7691.728,-5131.3379
166,97,24,5317.6479,-8408.0479,-5531.604
168,97,24,4526.7319,-9019.8242,-5869.3662
170,97,24,3638.4541,-9501.8877,-6128.998
172,97,24,2679.2581,-9823.2637,-6299.6821
174,97,24,1684.0021,-9970.4004,-6368.1963
176,97,24,704.372,-9937.4883,-6334.54
178,97,24,-234.39,-9732.2715,-6205.9263
180,97,24,-1091.416,-9368.3037,-5991.9702
182,97,24,-1840.2621,-8886.2402,-5709.5
184,97,24,-2461.696,-8305.4404,-5371.7383
186,97,24,-2944.9001,-7670.4321,-5002.7241
188,97,24,-3304.2981,-7012.1919,-4616.8823
190,97,24,-3539.8901,-6355.8882,-4226.2319
192,97,24,-3674.5142,-5720.8799,-3841.592
194,97,24,-3723.7961,-5126.5278,-3474.9822
196,97,24,-3706.968,-4580.5762,-3137.22
198,97,24,-3640.8582,-4083.0239,-2824.7
200,97,24,-3538.688,-3637.7439,-2537.4221
202,97,24,-3411.2761,-3238.928,-2277.79
204,97,24,-3267.0361,-2884.6399,-2040.9961
206,97,24,-3117.988,-2574.8799,-1834.2521
206,99,24,-3416.084,-2540.032,-1974.886
204,99,24,-3607.2021,-2859.4719,-2205.6699
202,99,24,-3798.3201,-3231.1841,-2474.918
200,99,24,-3977.418,-3655.168,-2774.2161
198,99,24,-4136.082,-4137.2319,-3108.3721
196,99,24,-4264.6963,-4687.0562,-3483.396
194,99,24,-4340.4219,-5298.832,-3894.48
192,99,24,-4346.4321,-5978.3682,-4344.0283
190,99,24,-4257.4839,-6717.9199,-4821.2222
188,99,24,-4047.134,-7503.936,-5316.4463
186,99,24,-3691.342,-8307.376,-5820.084
184,99,24,-3170.876,-9093.3916,-6308.0962
182,99,24,-2472.5142,-9827.1357,-6757.644
180,99,24,-1609.478,-10452.4639,-7148.2939
178,99,24,-597.394,-10922.9121,-7443.9863
176,99,24,522.87,-11209.4395,-7631.498
174,99,24,1697.224,-11277.2002,-7692.8003
172,99,24,2895.6182,-11112.6396,-7614.6699
170,99,24,4042.3262,-10737.0557,-7422.3501
168,99,24,5101.2881,-10148.5117,-7097.8101
166,99,24,6034.04,-9397.3438,-6671.1001
164,99,24,6793.7041,-8530.0156,-6157.8462
162,99,24,7389.896,-7583.312,-5585.6943
160,99,24,7809.394,-6609.5039,-4982.29
158,99,24,8073.834,-5655.0562,-4371.6743
156,99,24,8204.8525,-4745.1357,-3764.6641
154,99,24,8237.3057,-3904.9119,-3182.896
152,99,24,8200.0439,-3140.1919,-2623.9661
150,99,24,8126.7222,-2449.04,-2102.2981
148,99,24,8037.7739,-1825.6479,-1611.8821
146,99,24,7953.6343,-1256.464,-1147.91
144,99,24,7891.1304,-731.808,-704.372
142,99,24,7851.4644,-226.512,-272.854
140,99,24,7840.646,265.232,151.452
138,99,24,7863.4844,760.848,580.566
136,99,24,7909.1602,1285.504,1013.286
134,99,24,7974.0684,1846.944,1462.834
132,99,24,8042.582,2468.3999,1938.826
130,99,24,8097.874,3147.936,2443.666
128,99,24,8114.7021,3897.168,2977.354
126,99,24,8065.4199,4718.0317,3537.4861
124,99,24,7922.3823,5598.9121,4115.6479
122,99,24,7648.3262,6526.2559,4707.0322
120,99,24,7224.02,7457.4722,5281.5879
118,99,24,6633.8379,8361.584,5829.7002
116,99,24,5875.376,9184.3838,6317.7119
114,99,24,4972.6743,9885.2158,6728.7959
112,99,24,3941.3582,10423.4238,7043.7202
110,99,24,2828.3062,10768.0322,7246.8579
108,99,24,1680.396,10893.8721,7322.584
106,99,24,544.506,10808.6875,7280.5142
104,99,24,-516.86,10527.9678,7120.6479
102,99,24,-1483.2681,10061.3916,6855.0063
100,99,24,-2309.042,9461.2324,6505.2241
98,99,24,-2979.7581,8764.2715,6097.7461
96,99,24,-3488.2041,8009.2319,5649.3999
94,99,24,-3837.9861,7244.5117,5186.6299
92,99,24,-4049.5381,6497.2158,4725.062
90,99,24,-4146.8999,5786.7041,4274.312
88,99,24,-4151.708,5136.208,3853.6121
86,99,24,-4090.406,4541.856,3459.356
84,99,24,-3979.822,4017.2,3104.7661
82,99,24,-3833.178,3544.8159,2779.0242
80,99,24,-3668.5042,3132.448,2488.1401
80,101,24,-4062.76,3093.728,2696.0859
82,101,24,-4285.1299,3525.4561,3029.04
84,101,24,-4496.6821,4026.8799,3407.6702
86,101,24,-4678.1841,4599.936,3831.9761
88,101,24,-4814.0103,5256.2397,4306.7661
90,101,24,-4882.5239,5993.856,4830.8379
92,101,24,-4847.666,6810.8481,5388.5659
94,101,24,-4682.9922,7699.4722,5983.5562
96,101,24,-4351.2402,8624.8799,6586.96
98,101,24,-3822.3601,9561.9043,7184.354
100,101,24,-3083.1301,10444.7197,7738.4761
102,101,24,-2127.54,11222.9922,8219.2764
104,101,24,-985.64,11832.832,8597.9063
106,101,24,293.288,12216.1602,8833.498
108,101,24,1670.78,12349.7441,8916.4365
110,101,24,3066.302,12206.4795,8832.2959
112,101,24,4408.936,11799.9199,8581.0781
114,101,24,5650.6021,11137.8076,8177.2061
116,101,24,6714.3721,10274.3516,7638.71
118,101,24,7582.2163,9261.8242,7006.458
120,101,24,8231.2959,8154.4321,6300.8843
122,101,24,8660.4102,7031.5518,5567.6641
124,101,24,8893.5986,5941.584,4828.4341
126,101,24,8974.1318,4925.1841,4108.436
128,101,24,8942.8799,4003.6479,3430.5081
130,101,24,8839.5078,3184.72,2794.6501
132,101,24,8704.8838,2468.3999,2210.478
134,101,24,8569.0586,1829.52,1657.558
136,101,24,8452.4639,1266.144,1146.708
138,101,24,8370.7285,751.168,658.696
140,101,24,8333.4658,269.104,186.31
142,101,24,8346.6885,-205.216,-284.874
144,101,24,8409.1924,-693.088,-760.866
146,101,24,8514.9678,-1208.064,-1252.484
148,101,24,8655.6025,-1777.248,-1781.364
150,101,24,8819.0742,-2410.3201,-2341.4961
152,101,24,8982.5459,-3134.384,-2950.9102
154,101,24,9113.5645,-3968.8,-3612.01
156,101,24,9171.2598,-4903.8882,-4312.7759
158,101,24,9118.3721,-5941.584,-5055.6123
160,101,24,8908.0225,-7064.4639,-5823.6899
162,101,24,8486.1201,-8228.0,-6611.0
164,101,24,7846.6562,-9379.9199,-7356.2402
166,101,24,6971.6001,-10446.6563,-8028.1582
168,101,24,5877.7803,-11372.0635,-8585.8857
170,101,24,4612.0742,-12100.0,-9016.2021
172,101,24,3221.3601,-12574.3203,-9280.6426
174,101,24,1775.354,-12767.9199,-9373.1963
176,101,24,348.58,-12678.8643,-9286.6523
178,101,24,-1000.064,-12307.1523,-9031.8281
180,101,24,-2208.074,-11697.3115,-8635.168
182,101,24,-3223.7642,-10890.0,-8109.894
184,101,24,-4018.2861,-9966.5283,-7507.6919
186,101,24,-4574.812,-8988.8477,-6865.8242
188,101,24,-4926.998,-8007.2959,-6209.5322
190,101,24,-5096.48,-7072.208,-5572.4722
192,101,24,-5122.9243,-6206.8159,-4971.4722
194,101,24,-5043.5923,-5430.48,-4418.5522
196,101,24,-4889.7363,-4750.9438,-3918.52
198,101,24,-4690.2041,-4154.6558,-3472.5781
200,101,24,-4464.228,-3637.7439,-3078.322
202,101,24,-4221.4243,-3190.5281,-2729.7419
204,101,24,-3977.418,-2805.2639,-2424.4341
206,101,24,-3739.4221,-2474.208,-2158.792
206,103,24,-4048.3362,-2369.6641,-2300.6279
204,103,24,-4334.4121,-2696.8479,-2591.512
202,103,24,-4634.9121,-3087.9199,-2932.8801
200,103,24,-4947.4321,-3546.752,-3329.54
198,103,24,-5258.75,-4086.896,-3786.3
196,103,24,-5552.0381,-4721.9038,-4309.1699
194,103,24,-5809.2661,-5461.4561,-4905.3623
192,103,24,-6003.9902,-6328.7842,-5586.896
190,103,24,-6083.3223,-7325.8237,-6340.5503
188,103,24,-6001.5859,-8433.2158,-7156.708
186,103,24,-5702.2881,-9633.5361,-8020.9463
184,103,24,-5137.3481,-10857.0879,-8883.9824
182,103,24,-4263.4941,-12041.9199,-9706.1504
180,103,24,-3079.5242,-13087.3604,-10434.5625
178,103,24,-1631.114,-13894.6719,-11004.3105
176,103,24,16.828,-14399.9678,-11368.5166
174,103,24,1762.1321,-14549.04,-11494.7266
172,103,24,3538.688,-14320.5918,-11417.7979
170,103,24,5227.498,-13753.3438,-11106.4805
168,103,24,6762.4521,-12853.1035,-10553.5605
166,103,24,8061.814,-11701.1836,-9811.9258
164,103,24,9066.6865,-10375.0244,-8933.2646
162,103,24,9765.0479,-8957.8721,-7963.25
160,103,24,10166.5166,-7542.6558,-6965.5903
158,103,24,10308.3525,-6208.752,-5978.748
156,103,24,10253.0605,-5008.4321,-5042.3901
154,103,24,10073.9619,-3968.8,-4184.1621
152,103,24,9823.9463,-3074.3679,-3395.6501
150,103,24,9553.4961,-2321.2639,-2681.6621
148,103,24,9301.0762,-1682.384,-2033.7841
146,103,24,9090.7266,-1132.5599,-1439.996
144,103,24,8942.8799,-648.56,-889.48
142,103,24,8859.9424,-199.408,-359.398
140,103,24,8850.3262,236.192,158.664
138,103,24,8916.4365,683.408,680.332
136,103,24,9042.6465,1171.28,1228.444
134,103,24,9206.1182,1719.168,1831.848
132,103,24,9432.0938,2356.1121,2454.4841
130,103,24,9676.1006,3101.4719,3138.4221
128,103,24,9903.2783,3976.5439,3889.6721
126,103,24,10065.5479,5002.624,4721.4561
124,103,24,10101.6084,6168.0962,5610.936
122,103,24,9948.9541,7463.2798,6553.3042
120,103,24,9546.2842,8835.9043,7514.9043
118,103,24,8853.9326,10208.5283,8448.8584
116,103,24,7862.2822,11482.416,9295.0664
114,103,24,6596.5762,12568.5117,10009.0537
112,103,24,5097.6821,13408.7363,10553.5605
110,103,24,3446.134,13929.5195,10880.5039
108,103,24,1736.89,14099.8877,10987.4824
106,103,24,46.878,13915.9678,10867.2822
104,103,24,-1515.722,13406.7998,10534.3281
102,103,24,-2889.6082,12611.1035,10010.2559
100,103,24,-4008.6702,11600.5117,9339.54
98,103,24,-4850.0703,10475.6963,8587.0879
96,103,24,-5406.5962,9306.3516,7785.354
94,103,24,-5711.9043,8179.6001,6994.438
92,103,24,-5811.6699,7122.5439,6226.3604
90,103,24,-5753.9741,6168.0962,5512.3721
88,103,24,-5591.7041,5337.5518,4870.5039
86,103,24,-5358.5161,4611.5518,4288.7358
84,103,24,-5092.874,3993.968,3782.6941
82,103,24,-4800.7881,3463.5039,3333.146
80,103,24,-4506.2979,3012.416,2943.698
80,105,24,-4926.998,2861.408,3166.0681
82,105,24,-5296.0122,3312.4961,3607.2021
84,105,24,-5677.0459,3854.5759,4122.8599
86,105,24,-6050.8682,4497.3281,4716.6479
88,105,24,-6410.2661,5273.6641,5410.2021
90,105,24,-6710.7661,6191.3281,6204.7241
92,105,24,-6907.894,7263.8721,7096.6079
94,105,24,-6939.146,8500.9756,8084.6523
96,105,24,-6725.1899,9869.7275,9137.6045
98,105,24,-6187.896,11335.2803,10237.4346
100,105,24,-5279.1841,12777.5996,11283.1738
102,105,24,-3970.2061,14094.0801,12051.252
104,105,24,-2318.658,15153.0723,12594.5566
106,105,24,-403.872,15842.2881,12862.6025
108,105,24,1685.204,16109.4561,12963.5703
110,105,24,3811.542,15921.6641,12901.0664
112,105,24,5858.5483,15286.6563,12675.0898
114,105,24,7700.0122,14239.2803,12191.8857
116,105,24,9230.1582,12868.5918,11446.6465
118,105,24,10387.6846,11252.0322,10319.1699
120,105,24,11123.3086,9536.7363,9072.6963
122,105,24,11462.2725,7858.2241,7809.394
124,105,24,11485.1104,6311.3599,6586.96
126,105,24,11280.7705,4969.7119,5461.8882
128,105,24,10939.4023,3841.0239,4447.3999
130,105,24,10549.9541,2911.7439,3545.9001
132,105,24,10161.708,2162.512,2748.9741
134,105,24,9820.3398,1548.8,2038.592
136,105,24,9549.8906,1045.4399,1395.522
138,105,24,9363.5801,611.776,800.532
140,105,24,9279.4404,222.64,213.956
142,105,24,9286.6523,-151.008,-343.772
144,105,24,9400.8418,-538.208,-917.126
146,105,24,9611.1924,-966.064,-1522.9341
148,105,24,9910.4902,-1467.488,-2185.2361
150,105,24,10285.5146,-2073.4561,-2920.8601
152,105,24,10715.8301,-2826.5601,-3753.8459
154,105,24,11143.7422,-3759.7119,-4692.6079
156,105,24,11522.3721,-4892.272,-5749.166
158,105,24,11773.5898,-6261.0239,-6937.9443
160,105,24,11794.0244,-7842.7358,-8218.0742
162,105,24,11482.7061,-9569.6475,-9542.6777
164,105,24,10761.5059,-11348.832,-10852.8584
166,105,24,9607.5859,-13027.3438,-11894.9922
168,105,24,8025.7539,-14502.5762,-12630.6162
170,105,24,6138.6143,-15642.8799,-13024.8721
172,105,24,4038.72,-16382.4316,-13255.6563
174,105,24,1827.04,-16661.2168,-13315.7559
176,105,24,-346.176,-16471.4883,-13215.9902
178,105,24,-2394.384,-15822.9277,-12947.9443
180,105,24,-4176.9502,-14758.1279,-12509.2139
182,105,24,-5591.7041,-13393.248,-11749.5498
184,105,24,-6570.1323,-11859.9355,-10702.6084
186,105,24,-7136.2739,-10311.1357,-9530.6582
188,105,24,-7351.4321,-8843.6484,-8387.5566
190,105,24,-7296.1401,-7523.2959,-7323.7861
192,105,24,-7060.5483,-6384.9277,-6363.3882
194,105,24,-6715.5742,-5426.6079,-5524.3921
196,105,24,-6323.7222,-4628.9761,-4801.9902
198,105,24,-5907.8301,-3959.1199,-4178.1519
200,105,24,-5495.5439,-3407.3599,-3642.0601
202,105,24,-5102.4902,-2944.656,-3184.0981
204,105,24,-4729.8701,-2555.52,-2792.2461
206,105,24,-4383.6938,-2232.208,-2460.4941
206,107,24,-4674.5781,-2040.5439,-2592.7141
204,107,24,-5068.834,-2344.4961,-2950.9102
202,107,24,-5507.564,-2716.208,-3380.0242
200,107,24,-5985.96,-3159.552,-3889.6721
198,107,24,-6504.022,-3699.696,-4494.2783
196,107,24,-7048.5283,-4359.8721,-5213.0742
194,107,24,-7603.8521,-5176.8638,-6062.8882
192,107,24,-8163.9844,-6197.1357,-7094.2041
190,107,24,-8656.8037,-7443.9199,-8284.1846
188,107,24,-8947.6885,-8959.8076,-9656.8682
186,107,24,-8924.8506,-10735.1201,-11176.1963
184,107,24,-8447.6563,-12686.6084,-12459.9326
182,107,24,-7399.5122,-14684.5596,-13320.5645
180,107,24,-5728.7319,-16506.3359,-13778.5264
178,107,24,-3543.4961,-17908.0,-13865.0703
176,107,24,-983.236,-18777.2637,-13883.1006
174,107,24,1747.708,-19040.5605,-13883.1006
172,107,24,4507.5,-18709.5039,-13879.4941
170,107,24,7131.4663,-17787.9687,-13872.2822
168,107,24,9466.9521,-16355.3281,-13856.6563
166,107,24,11363.708,-14492.8955,-13550.1465
164,107,24,12646.2422,-12355.5518,-12800.0986
162,107,24,13214.7881,-10129.1523,-11556.0283
160,107,24,13342.2002,-7999.5518,-9813.1279
158,107,24,13182.334,-6127.4399,-8124.3184
156,107,24,12801.2998,-4582.5122,-6621.8184
154,107,24,12276.0264,-3372.512,-5323.6582
152,107,24,11618.5322,-2429.6799,-4199.7881
150,107,24,11013.9258,-1721.104,-3249.0061
148,107,24,10494.6621,-1173.2159,-2410.01
146,107,24,10093.1943,-749.232,-1680.396
144,107,24,9822.7441,-408.496,-1026.5081
142,107,24,9673.6963,-112.288,-406.276
140,107,24,9660.4746,172.304,198.33
138,107,24,9774.6641,472.384,808.946
136,107,24,10021.0742,818.928,1454.42
134,107,24,10381.6738,1242.912,2156.3879
132,107,24,10860.0703,1792.736,2954.5161
130,107,24,11425.0098,2505.1841,3870.4402
128,107,24,12038.0303,3438.3359,4939.0181
126,107,24,12590.9502,4644.4639,6180.6841
124,107,24,12950.3486,6156.48,7601.4482
122,107,24,13116.2246,7991.8081,9204.916
120,107,24,12970.7822,10069.1357,10910.5537
118,107,24,12398.6299,12247.1357,12337.3281
116,107,24,11087.248,14328.3359,13225.6064
114,107,24,9232.5625,16099.7764,13689.5781
112,107,24,6949.9644,17441.4238,13857.8584
110,107,24,4400.522,18254.543,13869.8779
108,107,24,1745.3041,18479.1191,13866.2725
106,107,24,-867.844,18132.5762,13871.0801
104,107,24,-3250.208,17242.0156,13845.8379
102,107,24,-5308.0322,15859.7119,13601.832
100,107,24,-6865.8242,14134.7363,13052.5186
98,107,24,-7874.3022,12254.8799,12155.8262
96,107,24,-8363.5166,10409.8721,10875.6963
94,107,24,-8435.6357,8746.8477,9463.3457
92,107,24,-8218.0742,7308.3999,8172.3979
90,107,24,-7832.2319,6106.144,7044.9224
88,107,24,-7351.4321,5118.7842,6067.6963
86,107,24,-6840.582,4307.6001,5233.5083
84,107,24,-6334.54,3651.2959,4530.3379
82,107,24,-5847.73,3111.1521,3932.9441
80,107,24,-5388.5659,2665.8721,3424.498
80,109,24,-5785.2261,2381.28,3634.8481
82,109,24,-6327.3281,2787.8401,4193.7783
84,109,24,-6924.7222,3295.072,4869.3022
86,109,24,-7573.8022,3922.3359,5674.6421
88,109,24,-8261.3457,4716.0962,6651.8682
90,109,24,-8969.3242,5718.9438,7823.8184
92,109,24,-9628.0205,6992.832,9224.1484
94,109,24,-10153.2939,8609.3916,10892.5244
96,109,24,-10368.4521,10580.2402,12459.9326
98,109,24,-10057.1338,12880.208,13522.5
100,109,24,-9027.0205,15319.5684,13860.2627
102,109,24,-7180.748,17611.791,13889.1104
104,109,24,-4636.1143,19445.1836,13893.918
106,109,24,-1627.5081,20610.6562,13899.9287
108,109,24,1641.932,20999.791,13897.5244
110,109,24,4966.6641,20804.2559,13901.1299
112,109,24,8162.7822,19865.2949,13890.3125
114,109,24,11049.9863,18200.3359,13892.7158
116,109,24,13146.2744,15931.3438,13868.6758
118,109,24,13773.7178,13232.5596,13750.8799
120,109,24,13842.2324,10425.3604,12777.2598
122,109,24,13837.4238,7833.0562,10992.29
124,109,24,13790.5459,5668.6079,8862.3457
126,109,24,13559.7627,3995.9041,7049.73
128,109,24,13028.4785,2758.8,5523.1899
130,109,24,12308.4805,1875.984,4265.8979
132,109,24,11535.5938,1254.528,3220.158
134,109,24,10881.7061,818.928,2324.668
136,109,24,10406.916,513.04,1565.004
138,109,24,10093.1943,290.4,875.056
140,109,24,9938.1357,114.224,225.976
142,109,24,9932.126,-38.72,-401.468
144,109,24,10106.416,-212.96,-1049.3461
146,109,24,10447.7842,-429.792,-1752.516
148,109,24,10953.8262,-726.0,-2538.624
150,109,24,11630.5518,-1149.984,-3454.5481
152,109,24,12433.4883,-1755.952,-4536.3481
154,109,24,13167.9102,-2629.0879,-5857.3462
156,109,24,13634.2861,-3854.5759,-7448.7939
158,109,24,13829.0098,-5523.4082,-9362.3779
160,109,24,13850.6465,-7691.728,-11560.8359
162,109,24,13853.0498,-10315.0078,-13160.6982
164,109,24,13835.0205,-13164.7998,-13856.6563
166,109,24,13421.5322,-15917.792,-13889.1104
168,109,24,11455.0605,-18306.8164,-13901.1299
170,109,24,8552.2305,-20118.9121,-13907.1406
172,109,24,5296.0122,-21139.1836,-13913.1504
174,109,24,1846.272,-21344.4004,-13916.7559
176,109,24,-1596.256,-21210.8164,-13909.5439
178,109,24,-4871.7061,-20370.5918,-13898.7266
180,109,24,-7669.9619,-18552.6875,-13891.5146
182,109,24,-9722.9785,-16117.2002,-13875.8887
184,109,24,-10837.2324,-13462.9443,-13697.9922
186,109,24,-11123.3086,-10965.5039,-12748.4121
188,109,24,-10831.2227,-8839.7764,-11215.8623
190,109,24,-10195.3643,-7138.0317,-9434.498
192,109,24,-9434.498,-5811.8721,-7945.2202
194,109,24,-8649.5918,-4776.1118,-6707.1602
196,109,24,-7898.3423,-3974.6079,-5696.2783
198,109,24,-7196.374,-3341.5359,-4860.8882
200,109,24,-6561.7183,-2836.24,-4170.9399
202,109,24,-5988.3643,-2425.8081,-3596.384
204,109,24,-5472.7061,-2088.9441,-3115.584
206,109,24,-5015.9463,-1810.16,-2716.52
206,111,24,-5249.1343,-1539.12,-2824.7
204,111,24,-5746.7622,-1775.312,-3242.9961
202,111,24,-6317.7119,-2063.7759,-3753.8459
200,111,24,-6969.1963,-2414.1919,-4375.2803
198,111,24,-7708.4263,-2851.728,-5128.9341
196,111,24,-8553.4326,-3403.488,-6059.2822
194,111,24,-9500.6084,-4114.0,-7202.3843
192,111,24,-10560.7725,-5060.7041,-8639.9766
190,111,24,-11693.0566,-6344.272,-10435.7646
188,111,24,-12721.9678,-8113.7759,-12385.4082
186,111,24,-13361.4326,-10520.2236,-13671.5479
184,111,24,-13459.9961,-13612.0156,-13887.9082
182,111,24,-12741.2002,-17145.2168,-13915.5547
180,111,24,-10343.21,-20424.8008,-13917.958
178,111,24,-6702.3521,-21919.3926,-13931.1807
176,111,24,-2484.5339,-22227.2168,-13928.7764
174,111,24,1812.6161,-22234.959,-13928.7764
172,111,24,6059.2822,-22205.9199,-13929.9785
170,111,24,10052.3262,-21650.2871,-13931.1807
168,111,24,13347.0078,-20060.832,-13922.7666
166,111,24,13868.6758,-17096.8164,-13916.7559
164,111,24,13884.3027,-13594.5918,-13899.9287
162,111,24,13896.3223,-9976.208,-13872.2822
160,111,24,13889.1104,-6801.168,-12963.5703
158,111,24,13880.6963,-4379.2319,-10708.6182
156,111,24,13854.252,-2675.552,-8274.5684
154,111,24,13639.0947,-1558.48,-6363.3882
152,111,24,12977.9941,-857.648,-4852.4741
150,111,24,12088.5146,-433.664,-3651.676
148,111,24,11266.3467,-189.728,-2669.6421
146,111,24,10652.124,-60.016,-1831.848
144,111,24,10247.0498,0.0,-1105.84
142,111,24,10039.1045,19.36,-436.326
140,111,24,10024.6807,30.976,210.35
138,111,24,10198.9697,56.144,870.248
136,111,24,10570.3887,125.84,1580.63
134,111,24,11141.3379,269.104,2379.96
132,111,24,11927.4463,536.272,3325.9341
130,111,24,12815.7246,985.424,4476.248
128,111,24,13564.5703,1711.424,5905.4263
126,111,24,13836.2227,2851.728,7719.2441
124,111,24,13866.2725,4559.2798,10003.0439
122,111,24,13884.3027,7008.3198,12488.7803
120,111,24,13889.1104,10191.1035,13830.2119
118,111,24,13885.5039,13813.3604,13891.5146
116,111,24,13860.2627,17313.6484,13907.1406
114,111,24,13165.5059,20169.248,13911.9482
112,111,24,9773.4619,21611.5684,13913.1504
110,111,24,5818.8823,22143.9687,13913.1504
108,111,24,1718.86,22196.2402,13910.7461
106,111,24,-2384.7681,22097.5039,13917.958
104,111,24,-6231.168,21394.7363,13914.3525
102,111,24,-9530.6582,19441.3125,13909.5439
100,111,24,-11796.4277,16440.5117,13896.3223
98,111,24,-12759.2305,13244.1758,13879.4941
96,111,24,-12750.8164,10373.0879,13592.2158
94,111,24,-12183.4727,8102.1602,12294.0566
92,111,24,-11237.498,6379.1201,10406.916
90,111,24,-10227.8184,5095.5518,8664.0166
88,111,24,-9254.1982,4139.168,7263.686
86,111,24,-8361.1123,3409.2959,6130.2002
84,111,24,-7516.106,2847.856,5195.0439
82,111,24,-6808.1279,2398.7041,4440.188
80,111,24,-6180.6841,2040.5439,3821.158
80,113,24,-6476.376,1628.176,3988.2361
82,113,24,-7169.9302,1910.832,4655.3462
84,113,24,-7969.2603,2257.376,5466.6963
86,113,24,-8891.1943,2698.7839,6471.5684
88,113,24,-9968.1865,3287.3279,7734.8701
90,113,24,-11219.4678,4073.344,9345.5498
92,113,24,-12589.748,5188.48,11402.1719
94,113,24,-13568.1758,6812.7842,13173.9199
96,113,24,-13842.2324,9209.5518,13874.6865
98,113,24,-13855.4541,12591.7441,13902.332
100,113,24,-13841.0303,16734.7832,13917.958
102,113,24,-12631.8184,20695.8398,13914.3525
104,113,24,-8349.0918,22190.4316,13920.3623
106,113,24,-3405.2661,22258.1914,13921.5645
108,113,24,1650.3461,22271.7441,13921.5645
110,113,24,6649.4644,22265.9355,13922.7666
112,113,24,11495.9277,22217.5352,13920.3623
114,113,24,13856.6563,21369.5684,13925.1699
116,113,24,13898.7266,18343.5996,13919.1602
118,113,24,13908.3418,13807.5518,13908.3418
120,113,24,13908.3418,9033.376,13890.3125
122,113,24,13903.5342,5178.7998,13569.3779
124,113,24,13893.918,2607.792,11254.3262
126,113,24,13868.6758,1093.84,8407.9902
128,113,24,13813.3838,242.0,6282.854
130,113,24,13235.2227,-191.664,4682.9922
132,113,24,12249.582,-377.52,3442.5281
134,113,24,11300.002,-410.432,2448.4741
136,113,24,10596.832,-346.544,1595.0541
138,113,24,10168.9199,-224.576,881.066
140,113,24,9960.9746,-69.696,222.37
142,113,24,9964.5801,94.864,-418.296
144,113,24,10183.3438,261.36,-1085.406
146,113,24,10628.084,400.752,-1806.6061
148,113,24,11319.2344,493.68,-2650.4102
150,113,24,12267.6123,497.552,-3667.302
152,113,24,13266.4746,362.032,-4943.8262
154,113,24,13820.5967,-9.68,-6612.2021
156,113,24,13872.2822,-778.272,-8819.0742
158,113,24,13889.1104,-2191.552,-11729.1162
160,113,24,13904.7363,-4627.04,-13774.9199
162,113,24,13911.9482,-8282.208,-13908.3418
164,113,24,13909.5439,-12802.7676,-13925.1699
166,113,24,13899.9287,-17191.6797,-13927.5742
168,113,24,13867.4746,-20682.2871,-13938.3926
170,113,24,12024.8086,-22101.375,-13937.1904
172,113,24,7237.2422,-22258.1914,-13939.5947
174,113,24,2182.832,-22273.6797,-13938.3926
176,113,24,-3086.7361,-22269.8086,-13935.9883
178,113,24,-8599.1084,-22248.5117,-13931.1807
180,113,24,-13357.8262,-21518.6406,-13931.1807
182,113,24,-13868.6758,-17627.2793,-13926.3721
184,113,24,-13879.4941,-12866.6563,-13910.7461
186,113,24,-13865.0703,-9170.832,-13884.3027
188,113,24,-13773.7178,-6683.0718,-13262.8682
190,113,24,-13011.6504,-5058.7681,-11447.8486
192,113,24,-11643.7744,-3972.6719,-9343.1465
194,113,24,-10304.7461,-3213.76,-7709.6279
196,113,24,-9173.6641,-2662.0,-6437.9121
198,113,24,-8201.2461,-2236.0801,-5422.2222
200,113,24,-7365.856,-1903.088,-4602.458
202,113,24,-6643.4541,-1632.048,-3935.3481
204,113,24,-6013.606,-1411.344,-3388.438
206,113,24,-5461.8882,-1229.36,-2934.082
206,115,24,-5606.1279,-896.368,-3006.2021
204,115,24,-6166.2603,-1024.144,-3464.1641
202,115,24,-6816.542,-1173.2159,-4029.104
200,115,24,-7577.4082,-1347.4559,-4723.8599
198,115,24,-8465.6865,-1556.5439,-5574.876
196,115,24,-9516.2344,-1808.224,-6642.252
194,115,24,-10778.334,-2129.6001,-7993.3003
192,115,24,-12318.0967,-2565.2,-9765.0479
190,115,24,-13594.6201,-3206.0159,-11962.3047
188,115,24,-13861.4639,-4241.7759,-13661.9326
186,115,24,-13889.1104,-6121.6318,-13902.332
184,115,24,-13902.332,-9695.4883,-13920.3623
182,115,24,-13902.332,-15706.7676,-13928.7764
180,115,24,-13880.6963,-21305.6797,-13935.9883
178,115,24,-10576.3984,-22215.5996,-13941.998
176,115,24,-3449.74,-22223.3437,-13943.2002
174,115,24,2674.45,-22163.3281,-13946.8066
172,115,24,8421.2119,-21522.5117,-13940.7959
170,115,24,13472.0166,-20134.4004,-13948.0078
168,115,24,13892.7158,-17662.127,-13938.3926
166,115,24,13919.1602,-14177.3281,-13935.9883
164,115,24,13921.5645,-9405.0879,-13928.7764
162,115,24,13919.1602,-4326.96,-13915.5547
160,115,24,13921.5645,-786.016,-13886.7061
158,115,24,13901.1299,991.232,-12366.1758
156,115,24,13883.1006,1709.488,-9131.5938
154,115,24,13842.2324,1889.536,-6693.938
152,115,24,13348.21,1790.8,-4937.8159
150,115,24,12225.542,1548.8,-3628.8381
148,115,24,11178.6006,1244.848,-2609.542
146,115,24,10429.7539,906.048,-1782.566
144,115,24,9945.3486,553.696,-1069.78
142,115,24,9698.9385,193.6,-430.316
140,115,24,9683.3125,-166.496,186.31
138,115,24,9894.8643,-522.72,817.36
136,115,24,10348.0186,-861.52,1508.51
134,115,24,11059.6025,-1177.088,2309.042
132,115,24,12082.5039,-1450.064,3291.0762
130,115,24,13222.0,-1641.728,4548.3682
128,115,24,13832.6162,-1680.448,6222.7539
126,115,24,13883.1006,-1413.28,8548.624
124,115,24,13902.332,-549.824,11789.2158
122,115,24,13917.958,1484.912,13866.2725
120,115,24,13923.9678,5558.2559,13913.1504
118,115,24,13920.3623,11523.0723,13916.7559
116,115,24,13914.3525,16992.2715,13922.7666
114,115,24,13893.918,20509.9844,13928.7764
112,115,24,13219.5967,21836.1445,13931.1807
110,115,24,7766.1221,22207.8555,13928.7764
108,115,24,2002.532,22236.8965,13932.3818
106,115,24,-3993.0442,22233.0234,13934.7861
104,115,24,-10241.04,22051.0391,13929.9785
102,115,24,-13855.4541,20246.6875,13928.7764
100,115,24,-13892.7158,15375.7119,13922.7666
98,115,24,-13895.1201,10249.1836,13914.3525
96,115,24,-13880.6963,6729.5361,13892.7158
94,115,24,-13857.8584,4700.6079,13722.0322
92,115,24,-13498.46,3509.968,12148.6143
90,115,24,-12128.1807,2766.5439,9982.6104
88,115,24,-10646.1143,2257.376,8188.0239
86,115,24,-9408.0537,1879.856,6804.522
84,115,24,-8383.9502,1593.328,5726.3281
82,115,24,-7504.0859,1359.072,4858.4839
80,115,24,-6711.9683,1161.6,4137.2842
80,117,24,-6851.3999,679.536,4237.0503
82,117,24,-7608.6602,768.592,4954.644
84,117,24,-8506.5537,865.392,5845.3262
86,117,24,-9575.1318,968.0,6963.186
88,117,24,-10875.6963,1072.5439,8392.3643
90,117,24,-12476.7598,1194.512,10278.3018
92,117,24,-13677.5586,1347.4559,12486.376
94,117,24,-13868.6758,1628.176,13851.8486
96,117,24,-13898.7266,2270.928,13907.1406
98,117,24,-13908.3418,3992.032,13920.3623
100,117,24,-13909.5439,7759.4878,13927.5742
102,117,24,-13871.0801,11044.8799,13937.1904
104,117,24,-8266.1543,11631.4883,13933.584
106,117,24,-2711.7122,11060.3682,13943.2002
108,117,24,1752.516,10380.832,13934.7861
110,117,24,5946.2939,9507.6963,13938.3926
112,117,24,10384.0781,8470.0,13940.7959
114,117,24,13856.6563,7269.6802,13941.998
116,117,24,13917.958,5358.8481,13938.3926
118,117,24,13931.1807,1558.48,13926.3721
120,117,24,13928.7764,-3147.936,13923.9678
122,117,24,13923.9678,-4977.4561,13879.4941
124,117,24,13915.5547,-5031.6641,11794.0244
126,117,24,13885.5039,-4543.792,8309.4258
128,117,24,13829.0098,-3918.4639,5961.9199
130,117,24,12996.0244,-3244.7361,4322.3921
132,117,24,11711.0859,-2605.856,3116.7861
134,117,24,10659.3359,-1996.016,2180.428
136,117,24,9932.126,-1409.408,1433.9861
138,117,24,9471.7598,-834.416,788.512
140,117,24,9252.9961,-272.976,205.542
142,117,24,9257.8037,290.4,-358.196
144,117,24,9484.9824,861.52,-953.186
146,117,24,9951.3584,1448.1281,-1605.8721
148,117,24,10684.5781,2059.9041,-2372.748
150,117,24,11730.3184,2696.8479,-3322.3281
152,117,24,12994.8223,3374.448,-4556.7822
154,117,24,13818.1924,4086.896,-6247.9961
156,117,24,13883.1006,4807.0879,-8651.9961
158,117,24,13909.5439,5422.7358,-12148.6143
160,117,24,13916.7559,5676.3521,-13886.7061
162,117,24,13928.7764,4805.1519,-13933.584
164,117,24,13929.9785,2334.8159,-13944.4023
166,117,24,13922.7666,141.328,-13949.21
168,117,24,13871.0801,-1190.64,-13954.0186
170,117,24,10885.3125,-2296.0959,-13952.8164
172,117,24,6542.4863,-3581.6001,-13949.21
174,117,24,2454.4841,-5060.7041,-13956.4219
176,117,24,-1598.66,-6673.3921,-13957.624
178,117,24,-6899.48,-8537.7598,-13951.6143
180,117,24,-13851.8486,-9374.1123,-13946.8066
182,117,24,-13921.5645,-5825.4238,-13949.21
184,117,24,-13913.1504,-2119.9199,-13927.5742
186,117,24,-13901.1299,-1179.024,-13910.7461
188,117,24,-13878.292,-993.168,-13833.8184
190,117,24,-13730.4463,-977.68,-12272.4199
192,117,24,-12617.3945,-958.32,-10052.3262
194,117,24,-11035.5625,-923.472,-8216.8721
196,117,24,-9730.1904,-871.2,-6822.5522
198,117,24,-8639.9766,-815.056,-5716.7119
200,117,24,-7720.4463,-749.232,-4840.4541
202,117,24,-6937.9443,-681.472,-4125.2642
204,117,24,-6258.814,-615.648,-3539.8901
206,117,24,-5672.2383,-551.76,-3057.8879
206,117,26,-5229.9019,-495.616,-3211.7441
204,117,26,-5717.9141,-555.632,-3688.938
202,117,26,-6275.6421,-611.776,-4271.9082
200,117,26,-6911.5,-673.728,-4982.29
198,117,26,-7635.104,-727.936,-5845.3262
196,117,26,-8470.4941,-778.272,-6911.5
194,117,26,-9434.498,-813.12,-8244.5186
192,117,26,-10570.3887,-832.48,-9969.3877
190,117,26,-11907.0127,-815.056,-12045.2422
188,117,26,-13211.1826,-778.272,-13636.6904
186,117,26,-13823.0,-737.616,-13899.9287
184,117,26,-13862.666,-745.36,-13920.3623
182,117,26,-13859.0605,-799.568,-13927.5742
180,117,26,-12446.71,-592.416,-13938.3926
178,117,26,-7020.8823,83.248,-13941.998
176,117,26,-1673.1841,886.688,-13943.2002
174,117,26,3098.7561,1641.728,-13944.4023
172,117,26,7579.812,2282.5439,-13949.21
170,117,26,11797.6299,2813.0081,-13943.2002
168,117,26,13851.8486,3279.584,-13935.9883
166,117,26,13893.918,3771.3279,-13932.3818
164,117,26,13908.3418,4307.6001,-13927.5742
162,117,26,13904.7363,4764.4961,-13913.1504
160,117,26,13896.3223,4836.1279,-13835.0205
158,117,26,13868.6758,4549.6001,-11539.2002
156,117,26,13810.9805,4067.5359,-8432.0303
154,117,26,13086.1738,3509.968,-6232.3701
152,117,26,11838.498,2936.9119,-4621.6899
150,117,26,10709.8203,2367.728,-3414.8821
148,117,26,9861.208,1812.0959,-2468.908
146,117,26,9250.5918,1275.824,-1694.8201
144,117,26,8861.1445,758.912,-1033.72
142,117,26,8645.9863,249.744,-424.306
140,117,26,8637.5723,-257.488,151.452
138,117,26,8814.2666,-764.72,746.442
136,117,26,9186.8857,-1279.696,1399.1281
134,117,26,9775.8662,-1796.608,2145.5701
132,117,26,10614.8623,-2330.9441,3062.696
130,117,26,11739.9346,-2874.96,4225.0303
128,117,26,13029.6807,-3411.2319,5764.792
126,117,26,13813.3838,-3922.3359,7895.938
124,117,26,13880.6963,-4332.7681,10940.6045
122,117,26,13902.332,-4489.584,13678.7598
120,117,26,13905.9385,-4144.9761,13899.9287
118,117,26,13915.5547,-3244.7361,13923.9678
116,117,26,13899.9287,-2214.7839,13925.1699
114,117,26,13867.4746,-1297.12,13931.1807
112,117,26,12354.1563,-534.336,13931.1807
110,117,26,7880.312,242.0,13925.1699
108,117,26,3262.228,993.168,13929.9785
106,117,26,-1512.116,1707.552,13927.5742
104,117,26,-6417.478,2325.136,13926.3721
102,117,26,-11177.3984,2615.5359,13923.9678
100,117,26,-13675.1543,2373.5359,13923.9678
98,117,26,-13838.626,1856.624,13915.5547
96,117,26,-13690.7803,1440.384,13895.1201
94,117,26,-12999.6299,1215.808,13758.0918
92,117,26,-11737.5303,1088.032,12346.9443
90,117,26,-10458.6025,998.976,10301.1406
88,117,26,-9352.7617,917.664,8524.584
86,117,26,-8403.1826,836.352,7132.668
84,117,26,-7576.2061,758.912,6038.8481
82,117,26,-6835.7739,675.664,5140.9541
80,117,26,-6173.4722,598.224,4417.3501
80,115,26,-6050.8682,1037.696,4312.7759
82,115,26,-6647.0601,1202.256,5000.3203
84,115,26,-7332.2002,1393.92,5851.3359
86,115,26,-8113.5,1628.176,6898.2783
88,115,26,-9021.0098,1924.384,8218.0742
90,115,26,-10061.9424,2307.7119,9893.6621
92,115,26,-11224.2764,2830.4319,11910.6182
94,115,26,-12440.7002,3585.4719,13528.5098
96,115,26,-13294.1201,4706.416,13893.918
98,115,26,-13550.1465,6319.104,13909.5439
100,115,26,-13020.0645,8289.9521,13922.7666
102,115,26,-10470.6221,10080.752,13928.7764
104,115,26,-6461.9521,11162.9756,13928.7764
106,115,26,-2038.592,11538.5596,13937.1904
108,115,26,2440.0601,11395.2959,13932.3818
110,115,26,6824.9561,10839.6641,13928.7764
112,115,26,11064.4102,9914.2559,13928.7764
114,115,26,13806.1719,8553.248,13925.1699
116,115,26,13889.1104,6671.4561,13922.7666
118,115,26,13907.1406,4272.752,13917.958
120,115,26,13904.7363,1843.072,13907.1406
122,115,26,13899.9287,36.784,13640.2959
124,115,26,13874.6865,-995.104,11233.8926
126,115,26,13826.6064,-1467.488,8308.2246
128,115,26,13243.6367,-1593.328,6165.0581
130,115,26,12112.5547,-1521.696,4576.0142
132,115,26,11021.1387,-1330.032,3352.3782
134,115,26,10196.5664,-1076.416,2375.1521
136,115,26,9611.1924,-789.888,1572.2161
138,115,26,9234.9658,-480.128,867.844
140,115,26,9051.0605,-158.752,217.562
142,115,26,9054.666,168.432,-411.084
144,115,26,9244.582,495.616,-1058.962
146,115,26,9624.4141,818.928,-1772.9501
148,115,26,10218.2021,1128.688,-2602.3301
150,115,26,11039.168,1407.472,-3602.394
152,115,26,12112.5547,1630.1119,-4856.0801
154,115,26,13232.8184,1755.952,-6501.6182
156,115,26,13819.3945,1701.744,-8700.0762
158,115,26,13874.6865,1345.52,-11640.168
160,115,26,13891.5146,480.128,-13776.1221
162,115,26,13907.1406,-1053.184,-13913.1504
164,115,26,13902.332,-3093.728,-13929.9785
166,115,26,13885.5039,-5143.9521,-13931.1807
168,115,26,13754.4863,-6911.52,-13934.7861
170,115,26,11086.0459,-8301.5684,-13938.3926
172,115,26,7000.4482,-9403.1523,-13932.3818
174,115,26,2655.218,-10233.6963,-13940.7959
176,115,26,-1935.2201,-10746.7363,-13933.584
178,115,26,-6804.522,-10721.5684,-13937.1904
180,115,26,-11419.0,-9811.6475,-13929.9785
182,115,26,-13671.5479,-7924.0479,-13933.584
184,115,26,-13827.8086,-5848.6558,-13917.958
186,115,26,-13643.9023,-4278.5601,-13892.7158
188,115,26,-12897.46,-3262.1599,-13514.0859
190,115,26,-11644.9766,-2605.856,-11844.5078
192,115,26,-10396.0986,-2154.7681,-9786.6846
194,115,26,-9303.4805,-1829.52,-8112.2983
196,115,26,-8362.3145,-1575.9039,-6798.5122
198,115,26,-7544.9541,-1370.688,-5756.3779
200,115,26,-6817.7441,-1202.256,-4907.7661
202,115,26,-6184.29,-1058.9919,-4213.0103
204,115,26,-5627.7642,-935.088,-3634.8481
206,115,26,-5138.5503,-826.672,-3158.856
206,113,26,-5006.3301,-1138.368,-3079.5242
204,113,26,-5458.2822,-1302.928,-3524.2642
202,113,26,-5977.5459,-1498.464,-4068.77
200,113,26,-6562.9199,-1730.7839,-4729.8701
198,113,26,-7225.2222,-2011.504,-5530.4023
196,113,26,-7978.876,-2358.0481,-6514.8403
194,113,26,-8826.2861,-2791.7119,-7728.8604
192,113,26,-9775.8662,-3372.512,-9271.0264
190,113,26,-10809.5859,-4152.7202,-11221.8721
188,113,26,-11843.3066,-5248.4961,-12985.2061
186,113,26,-12637.8281,-6777.936,-13868.6758
184,113,26,-12825.3398,-8824.2881,-13909.5439
182,113,26,-12010.3838,-11246.2236,-13925.1699
180,113,26,-9558.3037,-13464.8799,-13928.7764
178,113,26,-5949.8999,-14932.3682,-13928.7764
176,113,26,-1891.948,-15507.3604,-13932.3818
174,113,26,2143.166,-15375.7119,-13931.1807
172,113,26,6061.686,-14690.3682,-13938.3926
170,113,26,9748.2197,-13542.3203,-13928.7764
168,113,26,12925.1064,-11912.208,-13932.3818
166,113,26,13845.8379,-9813.584,-13923.9678
164,113,26,13881.8984,-7378.0962,-13919.1602
162,113,26,13885.5039,-4929.0562,-13893.918
160,113,26,13877.0898,-2861.408,-13425.1387
158,113,26,13861.4639,-1378.432,-11232.6904
156,113,26,13713.6182,-431.728,-8581.0781
154,113,26,13115.0225,110.352,-6546.0923
152,113,26,12143.8066,381.392,-4958.25
150,113,26,11183.4082,478.192,-3714.1802
148,113,26,10414.1279,454.96,-2709.3081
146,113,26,9852.7939,360.096,-1864.302
144,113,26,9478.9727,236.192,-1123.87
142,113,26,9293.8643,83.248,-448.346
140,113,26,9284.248,-73.568,204.34
138,113,26,9451.3262,-218.768,871.45
136,113,26,9796.2998,-338.8,1596.256
134,113,26,10325.1807,-410.432,2412.4141
132,113,26,11060.8047,-408.496,3386.0342
130,113,26,12006.7783,-290.4,4579.6201
128,113,26,13009.2461,13.552,6095.3423
126,113,26,13681.1641,600.16,8048.5923
124,113,26,13859.0605,1599.136,10572.792
122,113,26,13874.6865,3186.656,13035.6904
120,113,26,13887.9082,5395.6318,13878.292
118,113,26,13885.5039,8034.3999,13911.9482
116,113,26,13849.4443,10620.8955,13913.1504
114,113,26,12969.5801,12746.624,13916.7559
112,113,26,9741.0078,14285.7441,13921.5645
110,113,26,6031.6362,15247.9355,13925.1699
108,113,26,2159.9941,15654.4961,13923.9678
106,113,26,-1736.89,15491.8721,13923.9678
104,113,26,-5445.0601,14676.8164,13919.1602
102,113,26,-8683.248,13170.6084,13917.958
100,113,26,-10945.4121,11095.2158,13914.3525
98,113,26,-11959.9004,8872.6875,13896.3223
96,113,26,-11932.2539,6903.7759,13862.666
94,113,26,-11303.6084,5397.5679,12979.1963
92,113,26,-10423.7441,4276.624,11286.7803
90,113,26,-9503.0117,3455.76,9375.6006
88,113,26,-8624.3506,2843.9839,7846.6562
86,113,26,-7822.6162,2371.6001,6619.4141
84,113,26,-7106.2241,2007.632,5637.3799
82,113,26,-6461.9521,1713.36,4829.6362
80,113,26,-5881.3862,1475.2319,4162.5259
80,111,26,-5616.9463,1854.688,3988.2361
82,111,26,-6112.1699,2160.5759,4588.0342
84,111,26,-6673.5039,2534.2239,5324.8599
86,111,26,-7282.918,2998.864,6215.542
88,111,26,-7941.6143,3587.408,7299.7461
90,111,26,-8629.1582,4334.7041,8629.1582
92,111,26,-9295.0664,5300.7681,10241.04
94,111,26,-9838.3701,6541.7441,12013.9902
96,111,26,-10099.2041,8100.2241,13371.0479
98,111,26,-9846.7842,9966.5283,13871.0801
100,111,26,-8844.3164,11979.9678,13893.918
102,111,26,-6989.6304,13850.1436,13903.5342
104,111,26,-4386.0981,15311.8242,13911.9482
106,111,26,-1349.8461,16177.2158,13915.5547
108,111,26,1912.3821,16454.0645,13915.5547
110,111,26,5191.438,16150.1123,13917.958
112,111,26,8341.8799,15267.2959,13915.5547
114,111,26,11188.2158,13821.1035,13908.3418
116,111,26,13218.3945,11881.2324,13908.3418
118,111,26,13782.1318,9563.8398,13879.4941
120,111,26,13847.04,7196.1118,13597.0244
122,111,26,13837.4238,5082.0,12076.4941
124,111,26,13693.1846,3395.7439,9715.7666
126,111,26,13343.4023,2170.2561,7606.2563
128,111,26,12590.9502,1322.288,5894.6079
130,111,26,11714.6924,764.72,4515.9141
132,111,26,10922.5742,418.176,3388.438
134,111,26,10287.918,212.96,2446.0701
136,111,26,9819.1377,100.672,1640.73
138,111,26,9510.2246,50.336,920.732
140,111,26,9358.7725,34.848,251.218
142,111,26,9361.1758,32.912,-407.478
144,111,26,9519.8398,23.232,-1087.8101
146,111,26,9834.7646,-19.36,-1822.2321
148,111,26,10311.958,-114.224,-2650.4102
150,111,26,10950.2197,-302.016,-3614.4141
152,111,26,11751.9541,-627.264,-4785.1621
154,111,26,12629.4141,-1151.92,-6222.7539
156,111,26,13375.8564,-1961.168,-7993.3003
158,111,26,13711.2139,-3153.7439,-10196.5664
160,111,26,13839.8281,-4789.6641,-12489.9824
162,111,26,13847.04,-6841.8237,-13762.9004
164,111,26,13797.7578,-9163.0879,-13892.7158
166,111,26,13280.8984,-11439.8242,-13908.3418
168,111,26,11318.0322,-13435.8398,-13921.5645
170,111,26,8522.1797,-14992.3838,-13917.958
172,111,26,5371.7383,-16051.376,-13927.5742
174,111,26,2019.36,-16583.7754,-13923.9678
176,111,26,-1364.27,-16521.8242,-13921.5645
178,111,26,-4638.5181,-15791.9521,-13923.9678
180,111,26,-7487.2583,-14361.248,-13921.5645
182,111,26,-9535.4658,-12386.5283,-13908.3418
184,111,26,-10602.8418,-10208.5283,-13874.6865
186,111,26,-10786.748,-8214.4482,-13527.3086
188,111,26,-10415.3301,-6568.8481,-12194.29
190,111,26,-9766.25,-5293.0239,-10369.6543
192,111,26,-9011.3945,-4319.2158,-8680.8438
194,111,26,-8257.7402,-3573.856,-7315.3721
196,111,26,-7549.7622,-2998.864,-6211.936
198,111,26,-6892.2681,-2543.9041,-5300.8203
200,111,26,-6297.2783,-2176.064,-4551.9741
202,111,26,-5761.186,-1874.048,-3931.7422
204,111,26,-5275.5781,-1624.304,-3406.468
206,111,26,-4840.4541,-1421.024,-2971.344
206,109,26,-4618.084,-1680.448,-2858.356
204,109,26,-4994.3101,-1924.384,-3251.4102
202,109,26,-5418.6162,-2220.592,-3728.604
200,109,26,-5884.9922,-2576.8159,-4294.7461
198,109,26,-6388.6299,-3004.6719,-4969.0679
196,109,26,-6930.7319,-3533.2,-5780.418
194,109,26,-7493.2681,-4179.8242,-6750.4321
192,109,26,-8054.6021,-5000.688,-7923.584
190,109,26,-8560.6445,-6019.0239,-9320.3086
188,109,26,-8918.8398,-7290.9761,-10964.6445
186,109,26,-8987.3545,-8826.2236,-12509.2139
184,109,26,-8594.2998,-10570.5596,-13518.8945
182,109,26,-7570.1963,-12378.7842,-13869.8779
180,109,26,-5877.7803,-14016.6396,-13892.7158
178,109,26,-3607.2021,-15259.5518,-13902.332
176,109,26,-962.802,-15968.1279,-13908.3418
174,109,26,1827.04,-16113.3281,-13910.7461
172,109,26,4633.71,-15718.3838,-13908.3418
170,109,26,7276.9082,-14827.8242,-13905.9385
168,109,26,9625.6162,-13486.1758,-13899.9287
166,109,26,11536.7959,-11772.8164,-13877.0898
164,109,26,12762.8359,-9831.0078,-13724.4365
162,109,26,13267.6758,-7825.312,-12810.916
160,109,26,13328.9785,-5957.0718,-11173.792
158,109,26,13078.9619,-4373.4238,-9135.2002
156,109,26,12616.1924,-3115.0239,-7350.23
154,109,26,11964.708,-2164.448,-5839.3159
152,109,26,11257.9326,-1469.424,-4566.3979
150,109,26,10616.0645,-983.488,-3505.032
148,109,26,10091.9922,-636.944,-2602.3301
146,109,26,9679.7061,-385.264,-1803.0
144,109,26,9405.6504,-203.28,-1093.8201
142,109,26,9262.6123,-56.144,-431.518
140,109,26,9254.1982,79.376,211.552
138,109,26,9378.0039,228.448,869.046
136,109,26,9623.2119,418.176,1560.196
134,109,26,9999.4385,673.728,2325.8701
132,109,26,10497.0664,1031.8879,3199.7241
130,109,26,11099.2686,1531.376,4217.8179
128,109,26,11778.3984,2232.208,5433.04
126,109,26,12450.3164,3186.656,6879.0459
124,109,26,12923.9043,4441.1841,8576.2705
122,109,26,13182.334,6028.7041,10536.7324
120,109,26,13135.4561,7889.2002,12372.1865
118,109,26,12646.2422,9889.0879,13511.6826
116,109,26,11410.5859,11821.2158,13868.6758
114,109,26,9541.4766,13480.3682,13887.9082
112,109,26,7220.4141,14740.7041,13891.5146
110,109,26,4624.0942,15522.8477,13898.7266
108,109,26,1911.1801,15788.0801,13909.5439
106,109,26,-772.886,15522.8477,13901.1299
104,109,26,-3263.4302,14748.4482,13896.3223
102,109,26,-5398.1821,13517.1523,13878.292
100,109,26,-7000.4482,11960.6084,13843.4346
98,109,26,-7994.502,10270.4795,13357.8262
96,109,26,-8434.4346,8630.6875,12289.248
94,109,26,-8442.8486,7182.5601,10808.3838
92,109,26,-8153.166,5955.1357,9242.1777
90,109,26,-7725.2539,4956.1602,7912.7661
88,109,26,-7224.02,4143.04,6779.2803
86,109,26,-6691.5342,3475.1199,5818.8823
84,109,26,-6192.7041,2948.5281,5024.3599
82,109,26,-5714.3081,2516.8,4350.0381
80,109,26,-5267.1641,2162.512,3785.0981
80,107,26,-4916.1802,2429.6799,3562.728
82,107,26,-5277.9819,2813.0081,4056.75
84,107,26,-5663.8242,3271.8401,4648.1343
86,107,26,-6053.272,3823.6001,5339.2842
88,107,26,-6435.5083,4495.3921,6155.4419
90,107,26,-6766.0581,5296.896,7096.6079
92,107,26,-7006.458,6255.2158,8179.6104
94,107,26,-7084.5879,7380.0317,9396.0342
96,107,26,-6918.7119,8651.9844,10727.8506
98,107,26,-6413.8721,10030.416,11958.6982
100,107,26,-5495.5439,11420.4639,12856.5918
102,107,26,-4151.708,12690.4795,13461.1982
104,107,26,-2410.01,13701.0723,13740.0625
106,107,26,-403.872,14347.6963,13851.8486
108,107,26,1788.576,14570.3359,13862.666
110,107,26,4009.8721,14357.376,13856.6563
112,107,26,6147.0283,13720.4316,13797.7578
114,107,26,8075.0361,12678.8643,13552.5498
116,107,26,9647.252,11321.7275,13005.6406
118,107,26,10801.1719,9747.7598,12092.1201
120,107,26,11491.1201,8090.5439,10696.5986
122,107,26,11745.9443,6501.0879,9094.332
124,107,26,11658.1982,5078.1279,7576.2061
126,107,26,11348.082,3881.6799,6209.5322
128,107,26,10915.3623,2907.8721,4999.1182
130,107,26,10452.5918,2145.0879,3953.3782
132,107,26,10012.6602,1548.8,3037.4541
134,107,26,9632.8281,1088.032,2235.72
136,107,26,9337.1357,724.064,1524.136
138,107,26,9135.2002,423.984,865.44
140,107,26,9035.4346,164.56,239.198
142,107,26,9041.4443,-85.184,-377.428
144,107,26,9149.624,-340.736,-1013.286
146,107,26,9365.9844,-635.008,-1682.8
148,107,26,9679.7061,-997.04,-2422.03
150,107,26,10079.9727,-1452.0,-3247.804
152,107,26,10545.1465,-2036.672,-4192.5762
154,107,26,11037.9658,-2799.4561,-5288.8003
156,107,26,11494.7266,-3765.52,-6541.2842
158,107,26,11836.0938,-4971.6479,-7966.856
160,107,26,11939.4658,-6404.2881,-9547.4863
162,107,26,11691.8545,-8024.7197,-11207.4482
164,107,26,11012.7246,-9710.9756,-12516.4258
166,107,26,9869.6221,-11327.5361,-13320.5645
168,107,26,8280.5781,-12754.3682,-13736.4561
170,107,26,6345.3579,-13873.376,-13860.2627
172,107,26,4169.7383,-14607.1201,-13869.8779
174,107,26,1864.302,-14926.5596,-13869.8779
176,107,26,-411.084,-14779.4238,-13861.4639
178,107,26,-2551.8459,-14192.8164,-13849.4443
180,107,26,-4408.936,-13199.6475,-13661.9326
182,107,26,-5865.7603,-11896.7197,-13154.6885
184,107,26,-6845.3901,-10431.168,-12309.6826
186,107,26,-7367.0581,-8973.3604,-11088.4502
188,107,26,-7517.3081,-7614.2881,-9655.666
190,107,26,-7394.7041,-6437.2002,-8357.5059
192,107,26,-7107.4263,-5434.3521,-7214.4043
194,107,26,-6723.9883,-4601.8721,-6222.7539
196,107,26,-6305.6919,-3918.4639,-5384.96
198,107,26,-5877.7803,-3355.0879,-4668.5679
200,107,26,-5459.4839,-2890.448,-4059.1541
202,107,26,-5056.814,-2501.312,-3538.688
204,107,26,-4682.9922,-2176.064,-3095.1501
206,107,26,-4342.8262,-1903.088,-2723.7319
206,105,26,-4077.1841,-2083.136,-2581.896
204,105,26,-4366.8662,-2371.6001,-2911.2441
202,105,26,-4678.1841,-2714.272,-3301.894
200,105,26,-5002.7241,-3118.896,-3758.6541
198,105,26,-5334.4761,-3597.0879,-4291.1401
196,105,26,-5657.814,-4164.3359,-4907.7661
194,105,26,-5952.3042,-4832.2559,-5615.7441
192,105,26,-6187.896,-5624.0801,-6430.7002
190,105,26,-6323.7222,-6551.4238,-7355.0381
188,105,26,-6297.2783,-7606.5439,-8377.9404
186,105,26,-6041.252,-8764.2715,-9469.3564
184,105,26,-5499.1499,-9968.4639,-10580.0039
182,105,26,-4614.478,-11147.4883,-11606.5127
180,105,26,-3376.418,-12189.0557,-12332.5205
178,105,26,-1845.0701,-12990.5596,-12794.0879
176,105,26,-93.756,-13470.6875,-13047.71
174,105,26,1766.9401,-13592.6563,-13146.2744
172,105,26,3645.666,-13340.9756,-13084.9727
170,105,26,5447.4639,-12744.6875,-12865.0059
168,105,26,7062.9521,-11828.96,-12457.5283
166,105,26,8415.2021,-10663.4883,-11732.7227
164,105,26,9434.498,-9341.2002,-10694.1943
162,105,26,10114.8301,-7941.4722,-9453.7305
160,105,26,10468.2178,-6564.9761,-8183.2163
158,105,26,10539.1357,-5300.7681,-6954.772
156,105,26,10408.1182,-4187.5679,-5808.064
154,105,26,10153.2939,-3248.6079,-4768.334
152,105,26,9841.9766,-2468.3999,-3841.592
150,105,26,9518.6377,-1827.584,-3009.8081
148,105,26,9230.1582,-1302.928,-2266.9719
146,105,26,8993.3643,-865.392,-1596.256
144,105,26,8826.2861,-489.808,-977.226
142,105,26,8736.1357,-145.2,-383.438
140,105,26,8726.5205,185.856,195.926
138,105,26,8801.0439,530.464,781.3
136,105,26,8950.0918,907.984,1390.714
134,105,26,9164.0479,1343.584,2040.9961
132,105,26,9435.7002,1866.304,2759.792
130,105,26,9738.6045,2503.248,3565.1321
128,105,26,10034.2959,3277.6479,4455.814
126,105,26,10275.8984,4206.9277,5449.8682
124,105,26,10399.7041,5298.832,6550.8999
122,105,26,10323.9785,6535.936,7722.8501
120,105,26,9975.3984,7875.6479,8938.0723
118,105,26,9308.2881,9236.6563,10135.2646
116,105,26,8301.0117,10520.2236,11229.084
114,105,26,6984.8223,11621.8076,11982.7383
112,105,26,5398.1821,12473.6475,12503.2041
110,105,26,3637.252,13002.1758,12743.6045
108,105,26,1807.808,13191.9043,12819.3301
106,105,26,18.03,13027.3438,12727.9785
104,105,26,-1638.326,12527.8555,12464.7402
102,105,26,-3086.7361,11741.8398,11941.8701
100,105,26,-4258.686,10742.8643,11221.8721
98,105,26,-5106.0962,9621.9199,10241.04
96,105,26,-5655.4102,8471.9355,9210.9258
94,105,26,-5925.8604,7380.0317,8206.0537
92,105,26,-5989.5659,6379.1201,7252.8682
90,105,26,-5892.2041,5494.3682,6379.0142
88,105,26,-5695.0762,4723.8398,5597.7139
86,105,26,-5434.2422,4069.4719,4907.7661
84,105,26,-5142.1562,3511.9041,4307.9683
82,105,26,-4835.646,3039.52,3781.4922
80,105,26,-4527.9341,2640.7041,3327.136
80,103,26,-4148.1021,2787.8401,3090.342
82,103,26,-4382.4922,3182.7839,3476.1841
84,103,26,-4610.8721,3643.552,3924.53
86,103,26,-4815.2119,4175.9521,4430.5723
88,103,26,-4982.29,4795.4722,5007.5322
90,103,26,-5077.248,5500.1758,5644.5923
92,103,26,-5077.248,6292.0,6345.3579
94,103,26,-4937.8159,7163.2002,7096.6079
96,103,26,-4618.084,8086.6719,7868.292
98,103,26,-4086.8,9029.5039,8644.7842
100,103,26,-3319.9241,9935.5518,9374.3984
102,103,26,-2321.062,10733.1836,10012.6602
104,103,26,-1110.6481,11358.5117,10510.2881
106,103,26,256.026,11755.3916,10830.0205
108,103,26,1727.274,11885.1035,10940.6045
110,103,26,3224.9661,11730.2236,10833.626
112,103,26,4666.1641,11292.6875,10512.6924
114,103,26,5979.9502,10605.4082,9989.8223
116,103,26,7108.6279,9710.9756,9297.4697
118,103,26,8004.1182,8667.4717,8474.1006
120,103,26,8643.582,7540.7197,7567.792
122,103,26,9042.6465,6412.0317,6630.2319
124,103,26,9222.9463,5333.6802,5699.8843
126,103,26,9244.582,4361.8081,4818.8179
128,103,26,9149.624,3490.6079,3989.438
130,103,26,8993.3643,2739.4399,3232.178
132,103,26,8811.8623,2098.624,2537.4221
134,103,26,8632.7637,1542.9919,1894.3521
136,103,26,8488.5244,1062.864,1304.17
138,103,26,8382.748,629.2,740.432
140,103,26,8331.0625,228.448,199.532
142,103,26,8338.2744,-158.752,-335.358
144,103,26,8404.3838,-559.504,-879.864
146,103,26,8524.584,-989.296,-1447.208
148,103,26,8690.46,-1473.296,-2054.218
150,103,26,8883.9824,-2028.928,-2711.7122
152,103,26,9089.5244,-2677.488,-3430.5081
154,103,26,9271.0264,-3436.3999,-4216.6162
156,103,26,9385.2158,-4311.4722,-5068.834
158,103,26,9386.418,-5310.4478,-5988.3643
160,103,26,9220.542,-6410.0962,-6957.1763
162,103,26,8835.9023,-7575.5679,-7938.0083
164,103,26,8198.8418,-8737.168,-8874.3662
166,103,26,7305.7563,-9825.2002,-9733.7959
168,103,26,6161.4521,-10775.7764,-10450.1885
170,103,26,4827.2319,-11519.2002,-10989.8857
172,103,26,3347.5701,-12014.8164,-11324.042
174,103,26,1801.798,-12223.9043,-11420.2021
176,103,26,274.056,-12142.5918,-11310.8203
178,103,26,-1180.364,-11778.624,-10975.4619
180,103,26,-2460.4941,-11153.2959,-10436.9658
182,103,26,-3524.2642,-10330.4961,-9751.8262
184,103,26,-4329.604,-9387.6641,-8964.5166
186,103,26,-4883.7261,-8400.3037,-8132.7319
188,103,26,-5203.458,-7426.4961,-7300.9482
190,103,26,-5326.062,-6506.896,-6499.2144
192,103,26,-5306.8301,-5676.3521,-5763.5903
194,103,26,-5189.0342,-4940.6719,-5090.4702
196,103,26,-5000.3203,-4305.6641,-4496.6821
198,103,26,-4771.9399,-3750.032,-3964.196
200,103,26,-4521.9243,-3277.6479,-3501.426
202,103,26,-4262.292,-2871.0879,-3095.1501
204,103,26,-4006.2661,-2520.6719,-2741.762
206,103,26,-3759.856,-2224.4639,-2435.252
206,101,26,-3478.5881,-2327.072,-2283.8
204,101,26,-3679.322,-2623.28,-2551.8459
202,101,26,-3883.6621,-2967.8879,-2859.5581
200,101,26,-4081.9922,-3364.7681,-3210.542
198,101,26,-4263.4941,-3817.792,-3607.2021
196,101,26,-4416.1479,-4338.5762,-4053.144
194,101,26,-4521.9243,-4927.1201,-4549.5703
192,101,26,-4560.3882,-5593.104,-5100.0859
190,101,26,-4500.2881,-6321.04,-5692.6719
188,101,26,-4316.3818,-7108.9922,-6317.7119
186,101,26,-3972.6101,-7925.9839,-6960.7822
184,101,26,-3449.74,-8731.3604,-7587.0239
182,101,26,-2732.146,-9488.3359,-8172.3979
180,101,26,-1818.626,-10136.8955,-8676.0361
178,101,26,-745.24,-10630.5762,-9069.0898
176,101,26,449.548,-10926.7842,-9317.9043
174,101,26,1714.052,-10988.7363,-9400.8418
172,101,26,2985.7681,-10820.3037,-9317.9043
170,101,26,4211.8081,-10415.6797,-9059.4746
168,101,26,5328.4663,-9805.8398,-8648.3906
166,101,26,6303.2881,-9031.4404,-8101.48
164,101,26,7094.2041,-8135.0718,-7447.5923
162,101,26,7690.396,-7169.0078,-6726.3921
160,101,26,8094.2681,-6187.4561,-5966.728
158,101,26,8328.6582,-5231.0718,-5201.0542
156,101,26,8423.6162,-4344.3838,-4459.4199
154,101,26,8410.3945,-3537.072,-3752.644
152,101,26,8333.4658,-2811.072,-3086.7361
150,101,26,8222.8818,-2174.1279,-2468.908
148,101,26,8103.8843,-1610.752,-1891.948
146,101,26,7996.9062,-1099.6479,-1351.048
144,101,26,7916.3721,-638.88,-838.996
142,101,26,7869.4941,-201.344,-343.772
140,101,26,7863.4844,226.512,143.038
138,101,26,7892.332,662.112,632.252
136,101,26,7959.644,1124.816,1138.2941
134,101,26,8049.7939,1624.304,1664.77
132,101,26,8155.5703,2185.7439,2229.71
130,101,26,8251.7305,2813.0081,2828.3062
128,101,26,8314.2344,3519.6479,3468.9722
126,101,26,8313.0322,4311.4722,4152.9102
124,101,26,8212.0645,5180.7358,4871.7061
122,101,26,7975.27,6106.144,5609.7339
120,101,26,7572.6001,7054.7842,6341.752
118,101,26,6983.6201,7986.0,7042.5181
116,101,26,6204.7241,8845.584,7677.1743
114,101,26,5251.5381,9573.5195,8209.6602
112,101,26,4156.5161,10142.7041,8618.3398
110,101,26,2966.5361,10502.7998,8871.9619
108,101,26,1732.082,10642.1924,8970.5264
106,101,26,510.85,10553.1357,8906.8203
104,101,26,-628.646,10253.0557,8690.46
102,101,26,-1656.3561,9767.1201,8334.668
100,101,26,-2527.8062,9137.9199,7875.5039
98,101,26,-3218.9561,8411.9199,7334.604
96,101,26,-3734.614,7643.3281,6757.644
94,101,26,-4071.1741,6870.8638,6166.2603
92,101,26,-4268.3022,6119.6958,5579.6841
90,101,26,-4344.0283,5424.6719,5020.7539
88,101,26,-4324.7959,4785.792,4496.6821
86,101,26,-4238.252,4212.7358,4019.488
84,101,26,-4106.0322,3707.4399,3585.5662
82,101,26,-3940.156,3264.0959,3196.1182
80,101,26,-3756.25,2873.0239,2848.74
80,99,26,-3396.8521,2919.488,2621.562
82,99,26,-3526.668,3285.3921,2911.2441
84,99,26,-3638.4541,3703.5679,3239.3901
86,99,26,-3715.3821,4164.3359,3598.7881
88,99,26,-3744.23,4683.1841,3996.6501
90,99,26,-3710.574,5250.4321,4423.3599
92,99,26,-3593.98,5860.272,4874.1099
94,99,26,-3374.0142,6499.1519,5336.8799
96,99,26,-3033.8481,7151.584,5800.8521
98,99,26,-2560.26,7784.6558,6245.5923
100,99,26,-1944.8361,8371.2637,6653.0703
102,99,26,-1189.98,8872.6875,6993.2363
104,99,26,-317.328,9257.9521,7256.4741
106,99,26,639.464,9488.3359,7413.936
108,99,26,1657.558,9552.2236,7454.8042
110,99,26,2688.874,9434.1279,7380.2803
112,99,26,3688.938,9135.9844,7180.748
114,99,26,4619.2861,8673.2803,6869.4302
116,99,26,5437.8481,8073.1201,6458.3462
118,99,26,6131.4023,7368.416,5967.9302
120,99,26,6678.312,6592.0801,5422.2222
122,99,26,7080.9819,5790.5762,4842.8579
124,99,26,7352.6343,4987.1357,4249.0703
126,99,26,7511.2983,4218.5439,3662.4941
128,99,26,7583.418,3502.2239,3096.3521
130,99,26,7593.0342,2838.176,2548.24
132,99,26,7565.3882,2232.208,2028.9761
134,99,26,7519.7119,1676.576,1532.55
136,99,26,7472.834,1171.28,1063.77
138,99,26,7436.7739,696.96,609.414
140,99,26,7422.3501,242.0,164.674
142,99,26,7428.3604,-207.152,-276.46
144,99,26,7458.4102,-662.112,-728.412
146,99,26,7505.2881,-1140.304,-1187.576
148,99,26,7566.5903,-1653.344,-1667.1741
150,99,26,7631.498,-2207.04,-2168.408
152,99,26,7674.77,-2818.8159,-2700.894
154,99,26,7681.9819,-3498.3521,-3270.6421
156,99,26,7626.6899,-4228.2241,-3856.0161
158,99,26,7480.0459,-5016.1758,-4461.8242
160,99,26,7219.2119,-5838.9761,-5076.0459
162,99,26,6823.7539,-6675.3281,-5678.248
164,99,26,6276.8442,-7486.5117,-6245.5923
166,99,26,5585.6943,-8231.8721,-6757.644
168,99,26,4752.708,-8874.624,-7185.5562
170,99,26,3806.7341,-9383.792,-7516.106
172,99,26,2779.0242,-9726.4639,-7730.062
174,99,26,1705.6381,-9879.4082,-7810.5962
176,99,26,647.878,-9840.6875,-7760.1123
178,99,26,-359.398,-9621.9199,-7589.4282
180,99,26,-1272.918,-9238.5918,-7308.1602
182,99,26,-2066.238,-8723.6162,-6941.5503
184,99,26,-2714.116,-8115.7119,-6505.2241
186,99,26,-3210.542,-7451.6641,-6025.626
188,99,26,-3560.324,-6770.1919,-5529.2002
190,99,26,-3782.6941,-6098.3999,-5033.9761
192,99,26,-3894.48,-5459.52,-4557.9839
194,99,26,-3919.7222,-4865.168,-4101.2241
196,99,26,-3878.854,-4326.96,-3687.7361
198,99,26,-3787.502,-3842.96,-3307.9041
200,99,26,-3664.8979,-3413.168,-2960.5261
202,99,26,-3518.2542,-3031.7759,-2651.6121
204,99,26,-3357.186,-2692.9761,-2376.354
206,99,26,-3193.7141,-2398.7041,-2131.146
206,97,26,-2923.2642,-2435.488,-1984.5021
204,97,26,-3050.676,-2718.144,-2192.448
202,97,26,-3170.876,-3039.52,-2430.4441
200,97,26,-3274.248,-3397.6799,-2693.6821
198,97,26,-3351.176,-3798.4319,-2984.5662
196,97,26,-3393.2461,-4239.8398,-3301.894
194,97,26,-3388.438,-4721.9038,-3644.4641
192,97,26,-3321.126,-5244.624,-4009.8721
190,97,26,-3179.29,-5794.4478,-4393.3101
188,97,26,-2942.4961,-6363.6318,-4783.96
186,97,26,-2601.1279,-6930.8799,-5171.0039
184,97,26,-2145.5701,-7471.0239,-5537.6143
182,97,26,-1572.2161,-7966.6401,-5871.77
180,97,26,-888.278,-8379.0078,-6150.6343
178,97,26,-105.776,-8677.1523,-6359.7822
176,97,26,741.634,-8849.4561,-6488.396
174,97,26,1629.912,-8868.8164,-6519.6479
172,97,26,2529.0081,-8742.9756,-6457.144
170,97,26,3402.8621,-8456.4482,-6297.2783
168,97,26,4211.8081,-8036.3359,-6043.6562
166,97,26,4936.6143,-7503.936,-5710.7021
164,97,26,5549.6343,-6886.3521,-5314.042
162,97,26,6052.0703,-6202.9438,-4863.292
160,97,26,6440.3159,-5492.4321,-4384.896
158,97,26,6715.5742,-4776.1118,-3887.2681
156,97,26,6897.0762,-4075.28,-3388.438
154,97,26,7001.6499,-3415.104,-2899.2241
152,97,26,7048.5283,-2789.7759,-2423.2319
150,97,26,7054.5381,-2208.9761,-1964.068
148,97,26,7040.1143,-1670.7679,-1526.54
146,97,26,7014.8721,-1167.408,-1102.234
144,97,26,6993.2363,-691.152,-695.958
142,97,26,6974.0039,-228.448,-292.086
140,97,26,6969.1963,228.448,104.574
138,97,26,6972.8022,691.152,506.042
136,97,26,6984.8223,1165.472,912.318
134,97,26,6998.0439,1663.024,1325.806
132,97,26,7002.8521,2197.3601,1758.526
130,97,26,6984.8223,2766.5439,2206.8721
128,97,26,6929.5303,3380.2561,2670.844
126,97,26,6816.542,4030.752,3150.4421
124,97,26,6629.0303,4706.416,3633.646
122,97,26,6348.9644,5401.4399,4115.6479
120,97,26,5964.3242,6090.6558,4586.832
118,97,26,5466.6963,6741.1519,5021.9561
116,97,26,4856.0801,7335.5039,5413.8081
114,97,26,4152.9102,7834.9922,5739.5503
112,97,26,3360.792,8220.2559,5989.5659
110,97,26,2515.7861,8479.6797,6159.0483
108,97,26,1646.74,8588.0957,6231.168
106,97,26,788.512,8551.3115,6213.1382
104,97,26,-24.04,8379.0078,6107.3623
102,97,26,-774.088,8082.7998,5922.2539
100,97,26,-1435.188,7685.9199,5673.4399
98,97,26,-1994.118,7211.6001,5366.9302
96,97,26,-2441.262,6686.9438,5027.9663
94,97,26,-2774.2161,6148.7358,4672.1743
92,97,26,-3013.4141,5600.8481,4304.3623
90,97,26,-3163.6641,5072.3198,3944.9641
88,97,26,-3235.7842,4572.832,3595.1821
86,97,26,-3252.6121,4102.3838,3264.6321
84,97,26,-3220.158,3674.5281,2958.1221
82,97,26,-3152.8459,3287.3279,2674.45
80,97,26,-3061.4941,2936.9119,2416.02
80,95,26,-2738.156,2909.8081,2208.074
82,95,26,-2794.6501,3231.1841,2422.03
84,95,26,-2827.104,3585.4719,2657.6221
86,95,26,-2825.9021,3970.7361,2913.6479
88,95,26,-2780.2261,4388.9121,3185.3
90,95,26,-2684.0662,4826.4478,3470.1741
92,95,26,-2520.594,5283.3437,3761.0581
94,95,26,-2283.8,5746.0479,4053.144
96,95,26,-1965.27,6201.0078,4338.0181
98,95,26,-1557.792,6632.7358,4602.458
100,95,26,-1063.77,7019.936,4838.0503
102,95,26,-486.81,7337.4399,5026.7642
104,95,26,158.664,7575.5679,5167.3979
106,95,26,851.016,7705.2798,5245.5283
108,95,26,1580.63,7722.7041,5251.5381
110,95,26,2317.4561,7625.9038,5191.438
112,95,26,3035.05,7409.0718,5056.814
114,95,26,3715.3821,7087.6958,4860.8882
116,95,26,4332.0083,6665.6479,4601.2559
118,95,26,4871.7061,6171.9678,4289.938
120,95,26,5329.668,5618.272,3942.5601
122,95,26,5696.2783,5031.6641,3566.334
124,95,26,5981.1523,4429.5679,3172.0781
126,95,26,6189.0981,3829.408,2773.0142
128,95,26,6332.1362,3242.8,2371.5461
130,95,26,6423.4883,2679.4241,1972.4821
132,95,26,6476.376,2145.0879,1586.64
134,95,26,6505.2241,1635.92,1210.4141
136,95,26,6518.4463,1151.92,842.602
138,95,26,6524.4561,685.344,480.8
140,95,26,6529.2642,228.448,122.604
142,95,26,6536.4761,-226.512,-235.592
144,95,26,6544.8901,-683.408,-593.788
146,95,26,6548.4961,-1151.92,-957.994
148,95,26,6548.4961,-1641.728,-1330.614
150,95,26,6531.668,-2152.832,-1714.052
152,95,26,6490.8003,-2694.9119,-2107.106
154,95,26,6411.4683,-3267.968,-2510.978
156,95,26,6280.4502,-3862.3201,-2920.8601
158,95,26,6083.3223,-4477.9678,-3335.55
160,95,26,5808.064,-5105.2319,-3745.4321
162,95,26,5443.8579,-5718.9438,-4137.2842
164,95,26,4989.502,-6299.7441,-4500.2881
166,95,26,4447.3999,-6826.3359,-4821.2222
168,95,26,3817.552,-7279.3599,-5095.2783
170,95,26,3120.3921,-7639.4561,-5308.0322
172,95,26,2378.7581,-7883.3921,-5445.0601
174,95,26,1610.6801,-8003.4238,-5507.564
176,95,26,855.824,-7999.5518,-5494.3423
178,95,26,126.21,-7869.8398,-5406.5962
180,95,26,-550.516,-7637.52,-5256.3462
182,95,26,-1152.718,-7306.4639,-5045.9961
184,95,26,-1667.1741,-6909.584,-4794.7783
186,95,26,-2087.874,-6464.3042,-4513.5103
188,95,26,-2417.2219,-5989.9839,-4209.4043
190,95,26,-2658.824,-5505.9839,-3898.0862
192,95,26,-2823.498,-5029.728,-3589.1721
194,95,26,-2920.8601,-4570.896,-3287.47
196,95,26,-2960.5261,-4141.104,-3001.394
198,95,26,-2955.718,-3740.3521,-2732.146
200,95,26,-2917.2542,-3372.512,-2479.7261
202,95,26,-2851.144,-3035.6479,-2250.144
204,95,26,-2764.6001,-2733.6321,-2040.9961
206,95,26,-2667.238,-2460.656,-1849.8781
206,93,26,-2419.626,-2449.04,-1711.6481
204,93,26,-2490.5439,-2700.72,-1872.7161
202,93,26,-2547.0381,-2981.4399,-2050.6121
200,93,26,-2584.3,-3291.2,-2244.134
198,93,26,-2595.1182,-3624.1919,-2453.282
196,93,26,-2571.0781,-3984.2881,-2678.0562
194,93,26,-2507.3721,-4365.6802,-2912.446
192,93,26,-2393.1821,-4760.624,-3157.6541
190,93,26,-2221.2961,-5169.1201,-3407.6702
188,93,26,-1983.3,-5575.6802,-3654.0801
186,93,26,-1675.588,-5972.5601,-3895.6821
184,93,26,-1295.756,-6340.3999,-4113.2441
182,93,26,-836.592,-6661.7759,-4310.3721
180,93,26,-313.722,-6925.0718,-4469.0361
178,93,26,269.248,-7110.9277,-4585.6299
176,93,26,893.086,-7205.792,-4649.3359
174,93,26,1539.7621,-7199.9839,-4657.75
172,93,26,2193.6501,-7093.5039,-4604.8623
170,93,26,2829.5081,-6886.3521,-4493.0762
168,93,26,3431.71,-6584.3359,-4328.4019
166,93,26,3984.6301,-6201.0078,-4113.2441
164,93,26,4466.6323,-5757.6641,-3857.218
162,93,26,4884.9282,-5258.1758,-3565.1321
160,93,26,5225.0942,-4727.7119,-3247.804
158,93,26,5496.7461,-4183.6958,-2912.446
156,93,26,5702.2881,-3637.7439,-2569.876
154,93,26,5850.1343,-3101.4719,-2226.104
152,93,26,5954.708,-2580.688,-1882.332
150,93,26,6020.8179,-2079.2639,-1543.368
148,93,26,6060.4839,-1597.2,-1212.818
146,93,26,6082.1201,-1128.688,-885.874
144,93,26,6089.332,-677.6,-563.738
142,93,26,6090.5342,-232.32,-246.41
140,93,26,6085.7261,209.088,69.716
138,93,26,6078.5142,652.432,389.448
136,93,26,6060.4839,1103.52,707.978
134,93,26,6030.4341,1564.288,1032.5181
132,93,26,5981.1523,2044.416,1360.6641
130,93,26,5907.8301,2541.968,1696.022
128,93,26,5798.4482,3055.0081,2033.7841
126,93,26,5643.3901,3581.6001,2376.354
124,93,26,5433.04,4114.0,2712.9141
122,93,26,5157.7822,4644.4639,3041.0601
120,93,26,4816.4141,5151.6958,3351.176
118,93,26,4406.5322,5624.0801,3638.4541
116,93,26,3926.9341,6048.064,3893.2781
114,93,26,3392.0439,6404.2881,4104.8301
112,93,26,2807.8721,6683.0718,4270.7061
110,93,26,2190.0439,6870.8638,4384.896
108,93,26,1558.994,6965.728,4442.5923
106,93,26,935.156,6961.856,4446.1982
104,93,26,336.56,6866.9922,4398.1182
102,93,26,-224.774,6685.0078,4299.5542
100,93,26,-733.22,6429.4561,4157.7183
98,93,26,-1177.96,6117.7598,3982.2261
96,93,26,-1555.3881,5763.4722,3777.886
94,93,26,-1858.292,5384.0161,3553.1121
92,93,26,-2095.0859,4991.0078,3324.7322
90,93,26,-2268.1741,4596.064,3090.342
88,93,26,-2384.7681,4208.8638,2855.9521
86,93,26,-2454.4841,3841.0239,2629.9761
84,93,26,-2483.332,3494.48,2416.02
82,93,26,-2479.7261,3169.2319,2211.6799
80,93,26,-2448.4741,2871.0879,2019.36
80,91,26,-2173.2161,2797.52,1840.2621
82,91,26,-2180.428,3066.624,1995.3201
84,91,26,-2163.6001,3358.96,2164.802
86,91,26,-2116.7219,3664.8479,2342.698
88,91,26,-2033.7841,3992.032,2529.0081
90,91,26,-1908.776,4323.0879,2718.9241
92,91,26,-1736.89,4665.7598,2912.446
94,91,26,-1510.9141,4996.8159,3097.554
96,91,26,-1229.646,5312.3838,3275.45
98,91,26,-889.48,5606.6558,3435.3162
100,91,26,-494.022,5864.144,3573.5461
102,91,26,-50.484,6067.4238,3682.928
104,91,26,438.73,6210.688,3757.4521
106,91,26,954.388,6282.3198,3793.512
108,91,26,1491.682,6274.5762,3786.3
110,91,26,2033.7841,6191.3281,3738.22
112,91,26,2565.0681,6028.7041,3643.262
114,91,26,3072.312,5788.6401,3511.042
116,91,26,3541.092,5484.688,3337.9541
118,91,26,3965.3982,5124.5918,3132.4121
120,91,26,4338.0181,4718.0317,2900.426
122,91,26,4658.9521,4278.5601,2643.198
124,91,26,4923.3921,3813.9199,2370.344
126,91,26,5132.54,3343.4719,2090.2781
128,91,26,5297.2139,2869.1521,1801.798
130,91,26,5419.8179,2402.5759,1513.318
132,91,26,5511.1699,1941.808,1222.4341
134,91,26,5573.6743,1492.656,935.156
136,91,26,5615.7441,1055.12,652.686
138,91,26,5645.7939,625.328,367.812
140,91,26,5659.0161,201.344,88.948
142,91,26,5665.0259,-220.704,-191.118
144,91,26,5660.2183,-648.56,-474.79
146,91,26,5643.3901,-1080.288,-757.26
148,91,26,5609.7339,-1521.696,-1044.538
150,91,26,5555.644,-1972.7839,-1331.816
152,91,26,5477.5142,-2435.488,-1626.306
154,91,26,5362.1221,-2907.8721,-1917.1901
156,91,26,5207.064,-3389.936,-2209.2761
158,91,26,5005.1279,-3873.936,-2497.7561
160,91,26,4749.1021,-4348.2559,-2774.2161
162,91,26,4434.1782,-4809.0239,-3038.656
164,91,26,4060.356,-5240.752,-3283.864
166,91,26,3630.04,-5626.0161,-3497.8201
168,91,26,3149.24,-5955.1357,-3678.1201
170,91,26,2626.3701,-6214.5601,-3818.7542
172,91,26,2075.854,-6396.5439,-3916.116
174,91,26,1510.9141,-6499.1519,-3966.6001
176,91,26,955.59,-6512.7041,-3969.0042
178,91,26,413.488,-6444.9438,-3925.7322
180,91,26,-94.958,-6303.6157,-3843.9961
182,91,26,-557.728,-6094.5278,-3724.998
184,91,26,-967.61,-5833.168,-3577.1521
186,91,26,-1316.1901,-5531.1519,-3407.6702
188,91,26,-1605.8721,-5202.0317,-3220.158
190,91,26,-1837.858,-4857.4238,-3023.03
192,91,26,-2013.3501,-4507.0078,-2821.094
194,91,26,-2139.5601,-4162.3999,-2620.3601
196,91,26,-2220.094,-3827.4719,-2424.4341
198,91,26,-2265.77,-3506.0959,-2234.5181
200,91,26,-2277.79,-3206.0159,-2054.218
202,91,26,-2265.77,-2923.3599,-1883.5341
204,91,26,-2233.3162,-2662.0,-1726.072
206,91,26,-2185.2361,-2423.8721,-1580.63
206,89,26,-1970.078,-2375.4719,-1458.026
204,89,26,-1998.926,-2594.24,-1580.63
202,89,26,-2012.1481,-2832.3679,-1712.85
200,89,26,-2007.3401,-3087.9199,-1854.686
198,89,26,-1977.29,-3358.96,-2004.936
196,89,26,-1919.594,-3641.616,-2161.196
194,89,26,-1828.2421,-3933.9519,-2322.2642
192,89,26,-1698.426,-4232.0962,-2486.938
190,89,26,-1526.54,-4530.2397,-2650.4102
188,89,26,-1306.574,-4822.5762,-2809.074
186,89,26,-1038.5281,-5097.4878,-2958.1221
184,89,26,-724.806,-5343.3599,-3092.7461
182,89,26,-359.398,-5556.3198,-3209.3401
180,89,26,44.474,-5722.8159,-3300.6921
178,89,26,489.214,-5833.168,-3363.196
176,89,26,957.994,-5881.5679,-3394.448
174,89,26,1438.7941,-5860.272,-3388.438
172,89,26,1926.806,-5769.2798,-3346.3682
170,89,26,2405.2021,-5608.5918,-3268.238
168,89,26,2858.356,-5384.0161,-3155.25
166,89,26,3283.864,-5099.4238,-3008.606
164,89,26,3666.1001,-4766.4321,-2834.3162
162,89,26,4006.2661,-4396.6558,-2635.9861
160,89,26,4295.9482,-3993.968,-2417.2219
158,89,26,4539.9541,-3573.856,-2185.2361
156,89,26,4735.8799,-3147.936,-1946.0381
154,89,26,4894.5439,-2714.272,-1698.426
152,89,26,5013.542,-2286.416,-1449.6121
150,89,26,5102.4902,-1860.496,-1198.394
148,89,26,5166.1963,-1442.3199,-948.378
146,89,26,5208.2661,-1028.016,-698.362
144,89,26,5231.104,-625.328,-449.548
142,89,26,5241.9219,-220.704,-201.936
140,89,26,5238.3159,180.048,45.676
138,89,26,5220.2861,580.8,293.288
136,89,26,5189.0342,985.424,540.9
134,89,26,5139.752,1395.856,790.916
132,89,26,5070.0361,1814.032,1040.932
130,89,26,4975.0781,2236.0801,1290.948
128,89,26,4850.0703,2658.1279,1539.7621
126,89,26,4685.396,3084.0481,1783.7681
124,89,26,4484.6621,3502.2239,2026.572
122,89,26,4239.4541,3910.72,2256.1541
120,89,26,3948.5701,4294.0479,2468.908
118,89,26,3613.2122,4648.3359,2666.0361
116,89,26,3238.188,4961.9678,2836.72
114,89,26,2827.104,5221.3921,2980.96
112,89,26,2384.7681,5430.48,3096.3521
110,89,26,1925.604,5575.6802,3176.886
108,89,26,1458.026,5655.0562,3223.7642
106,89,26,992.852,5668.6079,3235.7842
104,89,26,543.304,5620.208,3216.552
102,89,26,116.594,5509.856,3164.866
100,89,26,-278.864,5347.2319,3084.332
98,89,26,-632.252,5142.0161,2979.7581
96,89,26,-941.166,4900.0161,2854.75
94,89,26,-1205.6061,4634.7842,2715.3181
92,89,26,-1423.168,4352.1279,2568.6741
90,89,26,-1593.8521,4063.6641,2414.8181
88,89,26,-1724.87,3775.2,2259.76
86,89,26,-1818.626,3488.6719,2105.9041
84,89,26,-1878.7261,3213.76,1954.452
82,89,26,-1912.3821,2954.3359,1810.212
80,89,26,-1921.998,2708.4639,1671.9821
80,89,28,-1792.182,2555.52,1754.92
82,89,28,-1775.354,2780.0959,1890.7461
84,89,28,-1735.688,3014.3521,2034.9861
86,89,28,-1670.78,3264.0959,2186.438
88,89,28,-1577.024,3519.6479,2342.698
90,89,28,-1446.006,3779.072,2498.958
92,89,28,-1280.13,4038.4961,2654.0161
94,89,28,-1072.184,4290.1758,2804.2661
96,89,28,-822.168,4524.4321,2942.4961
98,89,28,-530.082,4735.4561,3067.5042
100,89,28,-198.33,4917.4399,3170.876
102,89,28,171.886,5058.7681,3251.4102
104,89,28,569.748,5151.6958,3304.2981
106,89,28,988.044,5190.416,3324.7322
108,89,28,1419.562,5174.9277,3311.51
110,89,28,1855.8881,5099.4238,3264.6321
112,89,28,2282.5981,4965.8398,3182.896
114,89,28,2694.884,4776.1118,3068.7061
116,89,28,3077.1201,4539.9199,2924.4661
118,89,28,3430.5081,4257.2642,2751.3779
120,89,28,3746.634,3935.8879,2554.25
122,89,28,4020.6902,3587.408,2337.8901
124,89,28,4256.2822,3215.696,2103.5
126,89,28,4451.0059,2836.24,1861.8981
128,89,28,4610.8721,2449.04,1610.6801
130,89,28,4733.4761,2059.9041,1355.8561
132,89,28,4828.4341,1674.64,1101.032
134,89,28,4899.3521,1291.312,843.804
136,89,28,4949.8359,913.792,586.576
138,89,28,4981.0879,540.144,331.752
140,89,28,5000.3203,170.368,76.928
142,89,28,5002.7241,-201.344,-180.3
144,89,28,4993.1079,-574.992,-437.528
146,89,28,4967.8662,-948.64,-692.352
148,89,28,4924.5942,-1330.032,-950.782
150,89,28,4860.8882,-1711.424,-1206.808
152,89,28,4773.1421,-2102.4961,-1465.238
154,89,28,4655.3462,-2495.5039,-1722.4661
156,89,28,4505.0962,-2888.512,-1973.6841
158,89,28,4317.584,-3277.6479,-2220.094
160,89,28,4085.5981,-3655.168,-2456.8879
162,89,28,3812.7441,-4019.136,-2680.46
164,89,28,3495.416,-4357.936,-2883.5981
166,89,28,3138.4221,-4658.0161,-3065.1001
168,89,28,2744.166,-4915.5039,-3216.552
170,89,28,2321.062,-5120.7202,-3334.3481
172,89,28,1877.524,-5269.792,-3419.6899
174,89,28,1425.572,-5354.9761,-3466.5681
176,89,28,976.024,-5380.144,-3477.386
178,89,28,540.9,-5345.2959,-3450.9421
180,89,28,127.412,-5252.3682,-3394.448
182,89,28,-253.622,-5107.168,-3305.5
184,89,28,-598.596,-4923.248,-3193.7141
186,89,28,-896.692,-4706.416,-3063.8979
188,89,28,-1152.718,-4464.416,-2916.052
190,89,28,-1364.27,-4206.9277,-2758.5901
192,89,28,-1534.954,-3941.696,-2595.1182
194,89,28,-1665.972,-3672.592,-2430.4441
196,89,28,-1760.9301,-3409.2959,-2266.9719
198,89,28,-1824.636,-3151.8079,-2107.106
200,89,28,-1860.696,-2907.8721,-1952.0481
202,89,28,-1875.12,-2673.616,-1804.202
204,89,28,-1869.11,-2456.7839,-1664.77
206,89,28,-1848.676,-2253.5039,-1533.7521
206,91,28,-2048.208,-2292.2239,-1657.558
204,91,28,-2086.6721,-2509.0559,-1801.798
202,91,28,-2109.51,-2745.248,-1958.058
200,91,28,-2111.9141,-3000.8,-2128.7419
198,91,28,-2090.2781,-3271.8401,-2306.6379
196,91,28,-2039.7941,-3558.3679,-2496.554
194,91,28,-1954.452,-3856.512,-2691.2781
192,91,28,-1828.2421,-4162.3999,-2892.012
190,91,28,-1656.3561,-4472.1602,-3092.7461
188,91,28,-1435.188,-4774.1758,-3288.6721
186,91,28,-1158.728,-5060.7041,-3472.5781
184,91,28,-832.986,-5325.936,-3643.262
182,91,28,-451.952,-5548.5762,-3788.7041
180,91,28,-21.636,-5726.688,-3906.5
178,91,28,444.74,-5846.7197,-3990.6401
176,91,28,944.772,-5900.9277,-4031.5081
174,91,28,1458.026,-5881.5679,-4026.7002
172,91,28,1976.088,-5788.6401,-3977.418
170,91,28,2482.1301,-5624.0801,-3882.46
168,91,28,2962.9302,-5389.8237,-3744.23
166,91,28,3410.074,-5097.4878,-3569.9402
164,91,28,3809.1382,-4750.9438,-3355.9841
162,91,28,4161.3242,-4367.6162,-3114.3821
160,91,28,4459.4199,-3957.1841,-2851.144
158,91,28,4704.6279,-3531.2639,-2572.28
156,91,28,4901.7559,-3095.6641,-2281.396
154,91,28,5054.4102,-2662.0,-1986.906
152,91,28,5169.8022,-2232.208,-1690.0121
150,91,28,5252.7402,-1814.032,-1396.724
148,91,28,5309.2339,-1399.728,-1101.032
146,91,28,5346.4961,-995.104,-808.946
144,91,28,5366.9302,-602.096,-518.062
142,91,28,5375.3442,-211.024,-229.582
140,91,28,5370.5361,176.176,56.494
138,91,28,5354.9102,565.312,344.974
136,91,28,5327.2642,960.256,635.858
134,91,28,5286.396,1359.072,925.54
132,91,28,5223.8921,1767.568,1221.2321
130,91,28,5133.7422,2187.6799,1514.52
128,91,28,5013.542,2607.792,1809.01
126,91,28,4857.2822,3035.6479,2104.7021
124,91,28,4656.5479,3459.6321,2389.5759
122,91,28,4407.7339,3875.8721,2666.0361
120,91,28,4110.8398,4268.8799,2924.4661
118,91,28,3763.4622,4632.8481,3161.26
116,91,28,3371.6101,4956.1602,3370.408
114,91,28,2937.688,5231.0718,3544.698
112,91,28,2470.1101,5442.0962,3681.7261
110,91,28,1982.098,5595.04,3781.4922
108,91,28,1484.47,5676.3521,3836.7842
106,91,28,988.044,5689.9038,3850.0061
104,91,28,512.052,5631.8237,3819.9561
102,91,28,58.898,5513.728,3752.644
100,91,28,-355.792,5339.4878,3649.272
98,91,28,-727.21,5122.6558,3518.2542
96,91,28,-1051.75,4869.04,3364.3979
94,91,28,-1322.2001,4592.1919,3191.3101
92,91,28,-1543.368,4299.856,3006.2021
90,91,28,-1715.254,4001.7119,2819.8921
88,91,28,-1841.464,3703.5679,2629.9761
86,91,28,-1932.816,3413.168,2443.666
84,91,28,-1985.704,3136.3201,2262.1641
82,91,28,-2012.1481,2873.0239,2087.874
80,91,28,-2014.552,2627.1521,1924.402
80,93,28,-2259.76,2685.2319,2098.6921
82,93,28,-2277.79,2952.3999,2286.2041
84,93,28,-2271.78,3242.8,2490.5439
86,93,28,-2234.5181,3552.5601,2705.7021
88,93,28,-2158.792,3879.7439,2930.4761
90,93,28,-2039.7941,4220.48,3164.866
92,93,28,-1869.11,4565.0879,3398.054
94,93,28,-1641.932,4907.7598,3628.8381
96,93,28,-1354.6541,5236.8799,3846.4001
98,93,28,-1002.468,5542.7681,4048.3362
100,93,28,-588.98,5811.8721,4222.626
102,93,28,-117.796,6028.7041,4362.0581
104,93,28,397.862,6179.7119,4457.0161
106,93,28,944.772,6257.1519,4505.0962
108,93,28,1516.9241,6255.2158,4501.4902
110,93,28,2095.0859,6168.0962,4441.3901
112,93,28,2656.4202,5997.728,4330.8062
114,93,28,3196.1182,5751.856,4168.5361
116,93,28,3687.7361,5438.2241,3959.3882
118,93,28,4132.4761,5060.7041,3704.564
120,93,28,4517.1162,4642.5278,3420.8921
122,93,28,4841.6562,4193.376,3111.978
124,93,28,5103.6919,3724.864,2787.438
126,93,28,5308.0322,3252.48,2449.676
128,93,28,5463.0903,2778.1599,2104.7021
130,93,28,5576.0781,2315.4561,1762.1321
132,93,28,5654.208,1866.304,1423.168
134,93,28,5708.2983,1430.704,1086.608
136,93,28,5741.9541,1010.592,757.26
138,93,28,5761.186,600.16,429.114
140,93,28,5774.4082,193.6,102.17
142,93,28,5780.418,-209.088,-221.168
144,93,28,5776.812,-615.648,-548.112
146,93,28,5763.5903,-1028.016,-876.258
148,93,28,5737.146,-1453.936,-1210.4141
150,93,28,5691.4702,-1889.536,-1546.974
152,93,28,5622.9561,-2344.4961,-1890.7461
154,93,28,5519.584,-2813.0081,-2239.3259
156,93,28,5370.5361,-3291.2,-2584.3
158,93,28,5173.4082,-3777.136,-2930.4761
160,93,28,4916.1802,-4263.0718,-3269.4399
162,93,28,4596.4482,-4733.52,-3590.374
164,93,28,4211.8081,-5172.9922,-3884.864
166,93,28,3765.866,-5567.936,-4143.2939
168,93,28,3259.824,-5906.7358,-4364.4619
170,93,28,2706.9041,-6177.7759,-4533.9438
172,93,28,2123.9341,-6367.5039,-4654.144
174,93,28,1525.338,-6470.1118,-4711.8398
176,93,28,933.954,-6481.728,-4711.8398
178,93,28,361.802,-6408.1602,-4654.144
180,93,28,-177.896,-6257.1519,-4547.166
182,93,28,-665.908,-6032.5762,-4395.7139
184,93,28,-1093.8201,-5759.6001,-4208.2021
186,93,28,-1454.42,-5444.0317,-3995.448
188,93,28,-1750.1121,-5099.4238,-3762.26
190,93,28,-1983.3,-4747.0718,-3519.4561
192,93,28,-2155.186,-4388.9121,-3271.844
194,93,28,-2275.386,-4038.4961,-3029.04
196,93,28,-2348.708,-3699.696,-2792.2461
198,93,28,-2383.5662,-3380.2561,-2565.0681
200,93,28,-2385.97,-3078.24,-2351.1121
202,93,28,-2363.1321,-2799.4561,-2150.3779
204,93,28,-2321.062,-2543.9041,-1965.27
206,93,28,-2264.5681,-2311.584,-1796.99
206,95,28,-2492.948,-2315.4561,-1934.0181
204,95,28,-2573.4819,-2559.3921,-2121.53
202,95,28,-2641.9961,-2832.3679,-2330.678
200,95,28,-2691.2781,-3132.448,-2560.26
198,95,28,-2714.116,-3461.5679,-2810.2761
196,95,28,-2703.2981,-3817.792,-3075.918
194,95,28,-2650.4102,-4195.312,-3358.3879
192,95,28,-2545.8359,-4594.1279,-3655.282
190,95,28,-2381.1621,-5008.4321,-3960.5901
188,95,28,-2144.3679,-5424.6719,-4263.4941
186,95,28,-1829.4441,-5829.2959,-4559.186
184,95,28,-1436.39,-6208.752,-4833.2422
182,95,28,-961.6,-6545.6157,-5079.6519
180,95,28,-408.68,-6820.5278,-5282.79
178,95,28,205.542,-7014.1279,-5431.8379
176,95,28,867.844,-7116.7358,-5517.1802
174,95,28,1554.186,-7112.8638,-5530.4023
172,95,28,2248.9421,-7004.4478,-5471.5039
170,95,28,2925.668,-6791.4878,-5339.2842
168,95,28,3560.324,-6477.856,-5136.146
166,95,28,4137.2842,-6082.9121,-4871.7061
164,95,28,4640.9219,-5622.144,-4555.5801
162,95,28,5064.0259,-5116.8481,-4198.5859
160,95,28,5411.4043,-4578.6401,-3811.542
158,95,28,5677.0459,-4030.752,-3406.468
156,95,28,5872.9722,-3486.7361,-2992.98
154,95,28,6008.7983,-2958.208,-2583.0981
152,95,28,6097.7461,-2447.104,-2174.418
150,95,28,6149.4321,-1961.168,-1776.556
148,95,28,6175.876,-1500.4,-1389.5121
146,95,28,6185.4922,-1057.056,-1010.882
144,95,28,6187.896,-633.072,-641.868
142,95,28,6185.4922,-216.832,-276.46
140,95,28,6180.6841,197.472,87.746
138,95,28,6175.876,613.712,454.356
136,95,28,6165.0581,1037.696,822.168
134,95,28,6147.0283,1473.296,1195.99
132,95,28,6113.3721,1932.1279,1578.2261
130,95,28,6054.4741,2412.2561,1973.6841
128,95,28,5958.314,2913.6799,2373.95
126,95,28,5817.6802,3434.4639,2777.822
124,95,28,5616.9463,3961.0559,3176.886
122,95,28,5348.8999,4491.52,3574.748
120,95,28,5005.1279,5008.4321,3948.5701
118,95,28,4582.0239,5494.3682,4298.3521
116,95,28,4086.8,5928.0317,4608.4683
114,95,28,3526.668,6297.8081,4868.1001
112,95,28,2908.8401,6584.3359,5067.6323
110,95,28,2254.9521,6779.8721,5207.064
108,95,28,1585.438,6874.7358,5275.5781
106,95,28,920.732,6866.9922,5274.376
104,95,28,289.682,6764.3838,5208.2661
102,95,28,-304.106,6572.7197,5080.854
100,95,28,-837.794,6309.4238,4904.1602
98,95,28,-1302.968,5982.2397,4679.3862
96,95,28,-1691.214,5616.3359,4424.562
94,95,28,-1998.926,5227.2002,4150.5059
92,95,28,-2233.3162,4826.4478,3866.834
90,95,28,-2402.7981,4431.5039,3583.1621
88,95,28,-2510.978,4044.304,3300.6921
86,95,28,-2571.0781,3674.5281,3027.8381
84,95,28,-2590.3101,3333.792,2770.6101
82,95,28,-2574.6841,3014.3521,2529.0081
80,95,28,-2533.8162,2723.9519,2305.436
80,97,28,-2818.6899,2735.5679,2504.968
82,97,28,-2889.6082,3047.2639,2759.792
84,97,28,-2935.2839,3391.8721,3039.8582
86,97,28,-2946.1021,3765.52,3343.9641
88,97,28,-2913.6479,4175.9521,3669.7061
90,97,28,-2825.9021,4613.4878,4015.8821
92,97,28,-2670.844,5068.4478,4370.4722
94,97,28,-2437.656,5536.96,4731.0723
96,97,28,-2117.9241,5993.856,5078.4502
98,97,28,-1698.426,6435.2642,5410.2021
100,97,28,-1185.172,6834.0801,5705.894
102,97,28,-580.566,7165.1357,5945.0923
104,97,28,103.372,7409.0718,6126.5942
106,97,28,837.794,7544.5918,6225.1582
108,97,28,1613.084,7569.7598,6241.9863
110,97,28,2399.1921,7467.1519,6171.0679
112,97,28,3160.0581,7242.5762,6008.7983
114,97,28,3877.6521,6907.6479,5763.5903
116,97,28,4518.3179,6473.9839,5446.2622
118,97,28,5079.6519,5962.8799,5062.8242
120,97,28,5542.4219,5399.5039,4634.9121
122,97,28,5906.6279,4805.1519,4175.748
124,97,28,6180.6841,4203.0562,3699.7561
126,97,28,6371.8022,3610.6399,3218.9561
128,97,28,6496.8101,3039.52,2742.9641
130,97,28,6565.3242,2497.4399,2276.5881
132,97,28,6597.7783,1986.3359,1824.636
134,97,28,6609.7983,1508.144,1384.704
136,97,28,6607.394,1060.928,962.802
138,97,28,6602.5859,629.2,549.314
140,97,28,6602.5859,211.024,139.432
142,97,28,6609.7983,-203.28,-266.844
144,97,28,6619.4141,-625.328,-677.928
146,97,28,6632.6362,-1055.12,-1096.224
148,97,28,6644.6562,-1510.08,-1525.338
150,97,28,6644.6562,-1990.208,-1967.6741
152,97,28,6621.8184,-2507.1199,-2428.04
154,97,28,6560.5161,-3056.9441,-2906.436
156,97,28,6447.5283,-3635.8079,-3393.2461
158,97,28,6264.8242,-4243.7119,-3888.47
160,97,28,5999.1821,-4867.104,-4381.29
162,97,28,5636.1782,-5480.8159,-4854.8779
164,97,28,5172.2061,-6071.2959,-5297.2139
166,97,28,4610.8721,-6607.5679,-5692.6719
168,97,28,3955.782,-7072.208,-6028.0303
170,97,28,3224.9661,-7438.1118,-6281.6523
172,97,28,2438.8582,-7685.9199,-6449.9321
174,97,28,1626.306,-7811.7598,-6522.0522
176,97,28,826.976,-7807.8882,-6501.6182
178,97,28,54.09,-7674.3042,-6387.4282
180,97,28,-658.696,-7434.2397,-6195.1079
182,97,28,-1287.342,-7097.376,-5933.0723
184,97,28,-1823.4341,-6686.9438,-5616.9463
186,97,28,-2253.75,-6230.0479,-5263.5581
188,97,28,-2584.3,-5751.856,-4890.938
190,97,28,-2822.2961,-5263.9839,-4509.9043
192,97,28,-2974.95,-4787.728,-4132.4761
194,97,28,-3060.292,-4334.7041,-3770.6741
196,97,28,-3085.5339,-3912.656,-3426.9021
198,97,28,-3067.5042,-3521.584,-3109.574
200,97,28,-3013.4141,-3165.3599,-2815.084
202,97,28,-2934.082,-2842.0481,-2545.8359
204,97,28,-2837.9221,-2553.584,-2300.6279
206,97,28,-2729.7419,-2296.0959,-2083.0659
206,99,28,-2978.5562,-2251.5679,-2229.71
204,99,28,-3116.7861,-2514.864,-2470.1101
202,99,28,-3249.0061,-2814.9441,-2745.3682
200,99,28,-3366.802,-3155.6799,-3051.8782
198,99,28,-3459.356,-3533.2,-3389.6401
196,99,28,-3519.4561,-3957.1841,-3764.6641
194,99,28,-3532.678,-4421.8242,-4172.1421
192,99,28,-3482.1941,-4930.9922,-4612.0742
190,99,28,-3354.782,-5473.0718,-5077.248
188,99,28,-3128.8062,-6036.4478,-5554.4419
186,99,28,-2787.438,-6607.5679,-6028.0303
184,99,28,-2324.668,-7153.52,-6487.1943
182,99,28,-1728.4761,-7651.0718,-6904.2881
180,99,28,-1014.488,-8069.248,-7258.8779
178,99,28,-192.32,-8380.9443,-7526.9243
176,99,28,710.382,-8549.376,-7689.1943
174,99,28,1649.144,-8570.6719,-7737.2739
172,99,28,2604.7341,-8433.2158,-7661.5483
170,99,28,3520.658,-8142.8159,-7460.814
168,99,28,4370.4722,-7716.896,-7151.8999
166,99,28,5124.126,-7170.9438,-6736.0083
164,99,28,5757.5801,-6541.7441,-6247.9961
162,99,28,6264.8242,-5854.4639,-5697.48
160,99,28,6645.8579,-5143.9521,-5109.7021
158,99,28,6907.894,-4441.1841,-4512.3081
156,99,28,7064.1543,-3761.6479,-3913.7122
154,99,28,7144.688,-3124.7041,-3333.146
152,99,28,7165.1221,-2534.2239,-2773.0142
150,99,28,7148.2939,-1994.08,-2240.5281
148,99,28,7115.8403,-1498.464,-1733.2841
146,99,28,7074.9722,-1041.568,-1248.8781
144,99,28,7038.9121,-611.776,-782.502
142,99,28,7018.478,-199.408,-325.742
140,99,28,7012.4683,205.216,123.806
138,99,28,7022.084,615.648,575.758
136,99,28,7044.9224,1043.504,1038.5281
134,99,28,7074.9722,1494.592,1513.318
132,99,28,7101.416,1984.4,2010.946
130,99,28,7111.0322,2514.864,2531.4121
128,99,28,7079.7803,3093.728,3077.1201
126,99,28,6994.438,3717.1199,3642.0601
124,99,28,6829.7642,4375.3599,4219.02
122,99,28,6568.9302,5062.6401,4803.1919
120,99,28,6190.3003,5747.9839,5374.1421
118,99,28,5690.2681,6408.1602,5909.0322
116,99,28,5062.8242,7010.2559,6386.2261
114,99,28,4328.4019,7519.4238,6787.6943
112,99,28,3500.2241,7920.1758,7099.0122
110,99,28,2608.3401,8185.4077,7302.1499
108,99,28,1688.8101,8299.6318,7388.6943
106,99,28,778.896,8264.7842,7359.8462
104,99,28,-81.736,8084.7358,7222.8184
102,99,28,-875.056,7780.7842,6987.2261
100,99,28,-1565.004,7376.1602,6667.4941
98,99,28,-2141.9641,6897.9678,6286.46
96,99,28,-2595.1182,6373.312,5862.1543
94,99,28,-2931.678,5829.2959,5423.4243
92,99,28,-3163.6641,5289.1519,4978.6841
90,99,28,-3299.49,4768.3682,4538.752
88,99,28,-3361.9941,4280.4961,4122.8599
86,99,28,-3361.9941,3827.4719,3728.604
84,99,28,-3316.3181,3420.9119,3368.0042
82,99,28,-3235.7842,3047.2639,3036.252
80,99,28,-3132.4121,2718.144,2735.752
80,101,28,-3444.9321,2662.0,2950.9102
82,101,28,-3590.374,3006.6079,3289.874
84,101,28,-3714.1802,3393.8079,3670.908
86,101,28,-3805.532,3829.408,4096.416
88,101,28,-3852.4102,4321.1519,4563.9941
90,101,28,-3834.3801,4863.2319,5071.2383
92,101,28,-3734.614,5447.9038,5613.3403
94,101,28,-3524.2642,6071.2959,6179.4819
96,101,28,-3188.906,6704.3682,6740.8159
98,101,28,-2706.9041,7331.6318,7292.5342
100,101,28,-2074.6521,7910.4961,7793.7681
102,101,28,-1289.746,8417.7275,8230.0938
104,101,28,-373.822,8799.1201,8559.4424
106,101,28,635.858,9027.5684,8760.1758
108,101,28,1714.052,9087.584,8817.8721
110,101,28,2800.6602,8961.7441,8726.5205
112,101,28,3847.6021,8661.6641,8483.7158
114,101,28,4822.4243,8183.4722,8094.2681
116,101,28,5668.6323,7573.6318,7582.2163
118,101,28,6373.0039,6859.248,6977.6104
120,101,28,6917.5103,6088.7197,6308.0962
122,101,28,7304.5542,5294.96,5604.9263
124,101,28,7547.3579,4516.688,4890.938
126,101,28,7672.3662,3784.8799,4193.7783
128,101,28,7708.4263,3107.28,3523.062
130,101,28,7684.3862,2495.5039,2887.2041
132,101,28,7625.4883,1947.616,2289.8101
134,101,28,7554.5703,1453.936,1724.87
136,101,28,7488.46,1006.72,1192.384
138,101,28,7440.3804,596.288,680.332
140,101,28,7416.3403,207.152,182.704
142,101,28,7422.3501,-176.176,-313.722
144,101,28,7457.208,-569.184,-817.36
146,101,28,7517.3081,-981.552,-1334.22
148,101,28,7594.2363,-1432.64,-1882.332
150,101,28,7675.9722,-1926.3199,-2455.686
152,101,28,7750.4961,-2478.0801,-3069.908
154,101,28,7788.96,-3103.408,-3729.8062
156,101,28,7762.5161,-3788.752,-4420.9561
158,101,28,7647.124,-4536.0479,-5140.9541
160,101,28,7411.5322,-5333.6802,-5878.9819
162,101,28,7026.8921,-6150.6719,-6609.7983
164,101,28,6481.1841,-6954.1118,-7305.7563
166,101,28,5776.812,-7691.728,-7927.1899
168,101,28,4913.7759,-8340.2881,-8456.0703
170,101,28,3926.9341,-8851.3916,-8861.1445
172,101,28,2852.3459,-9196.0,-9113.5645
174,101,28,1723.6681,-9362.4961,-9215.7344
176,101,28,614.222,-9327.6484,-9146.0186
178,101,28,-445.942,-9112.752,-8928.4561
180,101,28,-1401.532,-8733.2959,-8572.6641
182,101,28,-2227.3062,-8218.3203,-8107.4902
184,101,28,-2889.6082,-7616.2241,-7565.3882
186,101,28,-3388.438,-6963.792,-6977.6104
188,101,28,-3734.614,-6295.8721,-6368.1963
190,101,28,-3941.3582,-5643.4399,-5769.6001
192,101,28,-4035.114,-5029.728,-5197.4482
194,101,28,-4039.9221,-4464.416,-4663.7603
196,101,28,-3977.418,-3959.1199,-4174.5459
198,101,28,-3870.4402,-3506.0959,-3732.21
200,101,28,-3732.21,-3107.28,-3334.3481
202,101,28,-3573.5461,-2754.928,-2978.5562
204,101,28,-3404.064,-2449.04,-2663.6321
206,101,28,-3232.178,-2178.0,-2387.1721
206,103,28,-3485.8,-2073.4561,-2537.4221
204,103,28,-3692.5439,-2336.752,-2837.9221
202,103,28,-3904.0962,-2644.5759,-3186.502
200,103,28,-4112.042,-3000.8,-3585.5662
198,103,28,-4307.9683,-3411.2319,-4041.124
196,103,28,-4477.4502,-3883.616,-4555.5801
194,103,28,-4603.6602,-4419.8882,-5130.1362
192,103,28,-4663.7603,-5033.6001,-5775.6099
190,103,28,-4628.9019,-5717.0078,-6479.9819
188,103,28,-4465.4302,-6458.4961,-7236.04
186,103,28,-4137.2842,-7236.7681,-8013.7344
184,103,28,-3616.8181,-8013.104,-8784.2158
182,103,28,-2884.8,-8741.04,-9504.2139
180,103,28,-1943.634,-9372.1758,-10136.4658
178,103,28,-825.774,-9844.5596,-10620.8721
176,103,28,421.902,-10119.4717,-10932.1904
174,103,28,1738.092,-10169.8076,-11041.5723
172,103,28,3068.7061,-9985.8877,-10936.998
170,103,28,4338.0181,-9579.3281,-10626.8818
168,103,28,5499.1499,-8975.2959,-10120.8398
166,103,28,6495.6079,-8206.7041,-9447.7197
164,103,28,7291.332,-7337.4399,-8654.4004
162,103,28,7880.312,-6400.416,-7768.5264
160,103,28,8261.3457,-5461.4561,-6850.1982
158,103,28,8459.6758,-4565.0879,-5936.6782
156,103,28,8513.7666,-3740.3521,-5055.6123
154,103,28,8463.2822,-3006.6079,-4231.04
152,103,28,8349.0918,-2363.856,-3465.366
150,103,28,8206.0537,-1808.224,-2758.5901
148,103,28,8061.814,-1324.224,-2107.106
146,103,28,7936.8062,-900.24,-1498.894
144,103,28,7844.252,-518.848,-930.348
142,103,28,7794.9702,-164.56,-381.034
140,103,28,7788.96,183.92,158.664
138,103,28,7827.4243,538.208,701.968
136,103,28,7905.5542,917.664,1263.302
134,103,28,8017.3403,1335.84,1853.484
132,103,28,8147.1562,1815.968,2488.1401
130,103,28,8278.1738,2365.792,3173.28
128,103,28,8380.3438,2996.928,3911.3081
126,103,28,8424.8184,3720.9919,4711.8398
124,103,28,8370.7285,4526.3682,5559.25
122,103,28,8173.6001,5405.312,6446.3262
120,103,28,7799.7783,6319.104,7335.8062
118,103,28,7222.8184,7234.832,8197.6406
116,103,28,6440.3159,8076.9922,8974.1318
114,103,28,5466.6963,8802.9922,9630.4238
112,103,28,4330.8062,9370.2402,10132.8604
110,103,28,3086.7361,9738.0801,10447.7842
108,103,28,1795.7881,9887.1523,10566.7822
106,103,28,518.062,9805.8398,10480.2383
104,103,28,-675.524,9517.376,10201.374
102,103,28,-1746.506,9048.8643,9759.0381
100,103,28,-2645.6021,8442.8955,9176.0684
98,103,28,-3352.3782,7744.0,8510.1602
96,103,28,-3868.0361,6998.6401,7796.1724
94,103,28,-4200.9902,6264.896,7079.7803
92,103,28,-4382.4922,5556.3198,6375.4082
90,103,28,-4441.3901,4900.0161,5709.5
88,103,28,-4402.9263,4313.4082,5095.2783
86,103,28,-4300.7559,3784.8799,4533.9438
84,103,28,-4152.9102,3324.1121,4035.114
82,103,28,-3977.418,2921.4241,3586.7681
80,103,28,-3786.3,2571.0081,3192.512
80,105,28,-4110.8398,2423.8721,3413.6802
82,105,28,-4350.0381,2768.48,3854.814
84,105,28,-4584.4282,3171.168,4360.856
86,105,28,-4798.3843,3641.616,4941.4219
88,105,28,-4973.876,4187.5679,5600.1182
90,105,28,-5088.0659,4812.896,6341.752
92,105,28,-5103.6919,5525.3437,7160.314
94,105,28,-4985.896,6311.3599,8046.188
96,105,28,-4686.5981,7155.4561,8971.7285
98,105,28,-4160.1221,8034.3999,9914.0957
100,105,28,-3389.6401,8876.5596,10808.3838
102,105,28,-2366.738,9618.0479,11550.0186
104,105,28,-1122.668,10200.7842,12024.8086
106,105,28,292.086,10564.752,12330.1162
108,105,28,1811.4141,10663.4883,12431.084
110,105,28,3357.186,10495.0557,12343.3379
112,105,28,4838.0503,10063.3281,12042.8379
114,105,28,6191.502,9389.5996,11551.2197
116,105,28,7321.3823,8530.0156,10745.8799
118,105,28,8209.6602,7527.168,9737.4023
120,105,28,8819.0742,6466.2397,8638.7744
122,105,28,9172.4619,5414.9922,7513.7021
124,105,28,9299.874,4433.4399,6409.064
126,105,28,9260.208,3558.3679,5375.3442
128,105,28,9115.9678,2799.4561,4419.7539
130,105,28,8912.8301,2160.5759,3553.1121
132,105,28,8696.4697,1628.176,2774.2161
134,105,28,8493.332,1182.896,2065.0361
136,105,28,8327.4561,807.312,1417.1581
138,105,28,8210.8623,476.256,804.138
140,105,28,8150.7622,174.24,210.35
142,105,28,8156.772,-116.16,-369.014
144,105,28,8227.6904,-416.24,-962.802
146,105,28,8356.3037,-745.36,-1581.832
148,105,28,8539.0078,-1120.944,-2250.144
150,105,28,8755.3682,-1564.288,-2980.96
152,105,28,8989.7578,-2100.5601,-3789.906
154,105,28,9212.1279,-2741.376,-4681.79
156,105,28,9371.9941,-3500.2881,-5665.0259
158,105,28,9421.2764,-4388.9121,-6742.0181
160,105,28,9299.874,-5385.9521,-7882.7163
162,105,28,8954.9004,-6456.5601,-9049.8584
164,105,28,8340.6777,-7542.6558,-10188.1523
166,105,28,7454.8042,-8572.6084,-11220.6699
168,105,28,6300.8843,-9478.6563,-11939.4658
170,105,28,4942.624,-10204.6563,-12443.1045
172,105,28,3426.9021,-10690.5918,-12689.5146
174,105,28,1836.656,-10911.2959,-12756.8262
176,105,28,260.834,-10859.0244,-12677.4941
178,105,28,-1234.454,-10527.9678,-12413.0547
180,105,28,-2557.856,-9956.8477,-11925.042
182,105,28,-3642.0601,-9199.8721,-11230.2861
184,105,28,-4458.2183,-8322.8643,-10273.4941
186,105,28,-4993.1079,-7409.0718,-9263.8145
188,105,28,-5287.5981,-6516.5762,-8269.7598
190,105,28,-5390.9702,-5687.9678,-7329.7959
192,105,28,-5348.8999,-4940.6719,-6461.9521
194,105,28,-5207.064,-4292.1118,-5685.46
196,105,28,-5002.7241,-3734.5439,-5001.522
198,105,28,-4763.5259,-3254.416,-4402.9263
200,105,28,-4505.0962,-2842.0481,-3876.45
202,105,28,-4243.0601,-2491.6321,-3423.2961
204,105,28,-3984.6301,-2187.6799,-3026.636
206,105,28,-3735.8162,-1932.1279,-2688.874
206,107,28,-3967.802,-1757.8879,-2824.7
204,107,28,-4251.4741,-1996.016,-3188.906
202,107,28,-4556.7822,-2278.6719,-3620.4241
200,107,28,-4875.312,-2609.728,-4121.6582
198,107,28,-5199.8521,-3006.6079,-4708.2339
196,107,28,-5519.584,-3473.1841,-5390.9702
194,107,28,-5817.6802,-4028.8159,-6184.29
192,107,28,-6068.8979,-4690.9277,-7109.8301
190,107,28,-6226.3604,-5469.2002,-8166.3882
188,107,28,-6228.7642,-6369.4399,-9347.9541
186,107,28,-6002.7881,-7374.2241,-10632.8926
184,107,28,-5479.918,-8429.3438,-11831.2861
182,107,28,-4602.458,-9463.168,-12726.7764
180,107,28,-3365.6001,-10373.0879,-13318.1602
178,107,28,-1817.4241,-11062.3037,-13630.6807
176,107,28,-43.272,-11455.3115,-13780.9307
174,107,28,1828.2421,-11521.1357,-13825.4043
172,107,28,3716.584,-11255.9043,-13794.1523
170,107,28,5507.564,-10682.8477,-13663.1338
168,107,28,7109.8301,-9840.6875,-13407.1084
166,107,28,8442.8486,-8779.7598,-12826.542
164,107,28,9432.0938,-7587.1841,-11931.0518
162,107,28,10065.5479,-6348.144,-10612.458
160,107,28,10357.6338,-5145.8882,-9119.5742
158,107,28,10373.2598,-4059.792,-7689.1943
156,107,28,10192.96,-3134.384,-6381.418
154,107,28,9894.8643,-2369.6641,-5209.4683
152,107,28,9545.082,-1750.144,-4167.334
150,107,28,9208.5225,-1268.08,-3262.228
148,107,28,8900.8105,-886.688,-2454.4841
146,107,28,8658.0059,-576.928,-1727.274
144,107,28,8486.1201,-323.312,-1064.972
142,107,28,8395.9697,-98.736,-432.72
140,107,28,8388.7578,116.16,185.108
138,107,28,8464.4844,338.8,810.148
136,107,28,8620.7441,596.288,1465.238
134,107,28,8851.5283,900.24,2166.0042
132,107,28,9138.8066,1285.504,2946.1021
130,107,28,9463.3457,1773.376,3827.168
128,107,28,9796.2998,2385.1521,4822.4243
126,107,28,10091.9922,3151.8079,5955.9102
124,107,28,10273.4941,4069.4719,7208.394
122,107,28,10273.4941,5145.8882,8594.2998
120,107,28,10000.6406,6338.4639,10045.1143
118,107,28,9384.0146,7571.6958,11453.8584
116,107,28,8411.5957,8748.7842,12464.7402
114,107,28,7111.0322,9772.9277,13076.5586
112,107,28,5526.7959,10580.2402,13479.2285
110,107,28,3768.27,11095.2158,13622.2666
108,107,28,1918.3921,11294.624,13661.9326
106,107,28,99.766,11170.7197,13612.6504
104,107,28,-1569.812,10748.6719,13453.9863
102,107,28,-3049.4741,10063.3281,13046.5078
100,107,28,-4234.646,9180.5117,12465.9424
98,107,28,-5085.6621,8191.2158,11566.8467
96,107,28,-5620.5522,7178.688,10380.4727
94,107,28,-5874.1743,6228.1118,9190.4922
92,107,28,-5916.2441,5366.5918,8082.248
90,107,28,-5805.6602,4611.5518,7077.376
88,107,28,-5601.3203,3964.928,6192.7041
86,107,28,-5338.082,3411.2319,5411.4043
84,107,28,-5048.3999,2948.5281,4741.8901
82,107,28,-4747.8999,2553.584,4160.1221
80,107,28,-4448.6021,2220.592,3660.0901
80,109,28,-4744.2939,1966.976,3866.834
82,109,28,-5092.874,2268.9919,4410.1382
84,109,28,-5458.2822,2627.1521,5056.814
86,109,28,-5827.2959,3060.8159,5812.8721
88,109,28,-6186.6943,3587.408,6707.1602
90,109,28,-6506.4263,4218.5439,7750.4961
92,109,28,-6742.0181,4975.52,8962.1123
94,109,28,-6824.9561,5873.8237,10345.6143
96,109,28,-6672.3022,6899.9038,11763.9746
98,109,28,-6184.29,8024.7197,12862.6025
100,109,28,-5287.5981,9155.3438,13569.3779
102,109,28,-3936.55,10181.4238,13857.8584
104,109,28,-2204.468,10977.1201,13873.4844
106,109,28,-204.34,11455.3115,13884.3027
108,109,28,1958.058,11583.0879,13883.1006
110,109,28,4154.1123,11346.8955,13891.5146
112,109,28,6256.4102,10760.2881,13878.292
114,109,28,8136.3384,9842.624,13862.666
116,109,28,9659.2725,8663.5996,13654.7207
118,109,28,10745.8799,7316.144,12944.3379
120,109,28,11361.3047,5928.0317,11696.6621
122,109,28,11533.1904,4615.4238,9916.5
124,109,28,11374.5264,3471.248,8179.6104
126,109,28,11003.1084,2541.968,6643.4541
128,109,28,10533.126,1815.968,5308.0322
130,109,28,10041.5078,1270.016,4163.728
132,109,28,9588.3545,873.136,3185.3
134,109,28,9201.3105,580.8,2330.678
136,109,28,8905.6182,369.776,1579.428
138,109,28,8703.6826,209.088,885.874
140,109,28,8600.3105,83.248,230.784
142,109,28,8603.916,-32.912,-412.286
144,109,28,8712.0957,-156.816,-1074.588
146,109,28,8922.4463,-307.824,-1777.7581
148,109,28,9232.5625,-511.104,-2551.8459
150,109,28,9629.2227,-787.952,-3428.104
152,109,28,10095.5986,-1169.344,-4437.7842
154,109,28,10600.4385,-1703.6799,-5625.3599
156,109,28,11084.8438,-2416.1279,-7006.458
158,109,28,11461.0703,-3331.856,-8599.1084
160,109,28,11620.9365,-4456.6719,-10384.0781
162,109,28,11439.4346,-5767.3437,-12093.3223
164,109,28,10821.6064,-7163.2002,-13236.4238
166,109,28,9731.3926,-8524.208,-13808.5762
168,109,28,8200.0439,-9741.9521,-13880.6963
170,109,28,6320.1162,-10711.8877,-13891.5146
172,109,28,4197.3843,-11385.6162,-13895.1201
174,109,28,1947.24,-11712.7998,-13901.1299
176,109,28,-294.49,-11666.3359,-13897.5244
178,109,28,-2417.2219,-11252.0322,-13887.9082
180,109,28,-4262.292,-10485.376,-13877.0898
182,109,28,-5723.9243,-9434.1279,-13736.4561
184,109,28,-6685.5239,-8245.4238,-13101.7998
186,109,28,-7173.5361,-7068.3359,-12036.8281
188,109,28,-7296.1401,-5988.0479,-10582.4082
190,109,28,-7163.9199,-5056.832,-9114.7666
192,109,28,-6870.6323,-4280.4961,-7843.0503
194,109,28,-6498.0122,-3637.7439,-6751.6343
196,109,28,-6092.938,-3111.1521,-5832.104
198,109,28,-5680.6523,-2675.552,-5053.208
200,109,28,-5280.3862,-2315.4561,-4396.916
202,109,28,-4895.7461,-2013.4399,-3837.9861
204,109,28,-4533.9438,-1755.952,-3361.9941
206,109,28,-4199.7881,-1537.184,-2959.324
206,111,28,-4383.6938,-1300.9919,-3069.908
204,111,28,-4737.082,-1482.976,-3490.6082
202,111,28,-5128.9341,-1699.808,-3994.2461
200,111,28,-5555.644,-1957.296,-4592.8423
198,111,28,-6028.0303,-2270.928,-5308.0322
196,111,28,-6520.8501,-2638.7681,-6167.4619
194,111,28,-7029.2959,-3091.792,-7192.7681
192,111,28,-7534.1362,-3655.168,-8434.4346
190,111,28,-7990.896,-4363.7441,-9932.126
188,111,28,-8314.2344,-5240.752,-11643.7744
186,111,28,-8371.9297,-6313.2959,-13010.4482
184,111,28,-7998.1079,-7538.7842,-13819.3945
182,111,28,-7016.0742,-8812.6719,-13890.3125
180,111,28,-5375.3442,-9947.168,-13902.332
178,111,28,-3190.1082,-10756.416,-13911.9482
176,111,28,-662.302,-11161.04,-13916.7559
174,111,28,1988.108,-11141.6797,-13916.7559
172,111,28,4609.6699,-10738.9922,-13919.1602
170,111,28,7089.396,-9991.6963,-13913.1504
168,111,28,9267.4199,-8934.6396,-13904.7363
166,111,28,11028.3506,-7637.52,-13892.7158
164,111,28,12237.5625,-6191.3281,-13862.666
162,111,28,12736.3926,-4731.584,-13215.9902
160,111,28,12766.4424,-3403.488,-11664.208
158,111,28,12474.3564,-2315.4561,-9528.2539
156,111,28,11893.79,-1477.168,-7613.4683
154,111,28,11208.6504,-888.624,-6020.8179
152,111,28,10534.3281,-493.68,-4696.2139
150,111,28,9936.9346,-251.68,-3598.7881
148,111,28,9444.1143,-106.48,-2667.238
146,111,28,9061.8779,-32.912,-1857.0901
144,111,28,8804.6504,-7.744,-1132.2841
142,111,28,8667.6221,-7.744,-456.76
140,111,28,8653.1982,-5.808,204.34
138,111,28,8770.9941,0.0,871.45
136,111,28,9010.1924,32.912,1579.428
134,111,28,9368.3877,116.16,2359.5261
132,111,28,9845.582,274.912,3259.824
130,111,28,10426.1484,540.144,4321.1899
128,111,28,11089.6523,954.448,5591.7041
126,111,28,11778.3984,1566.224,7130.2642
124,111,28,12386.6104,2420.0,8965.7178
122,111,28,12725.5742,3544.8159,11114.8945
120,111,28,12727.9785,4915.5039,12865.0059
118,111,28,12264.0059,6419.7759,13802.5664
116,111,28,11096.8643,7908.5601,13881.8984
114,111,28,9358.7725,9201.8076,13901.1299
112,111,28,7184.354,10220.1436,13904.7363
110,111,28,4739.4863,10888.0635,13910.7461
108,111,28,2174.418,11180.4004,13905.9385
106,111,28,-388.246,11089.4082,13901.1299
104,111,28,-2768.2061,10615.0879,13902.332
102,111,28,-4842.8579,9770.9922,13898.7266
100,111,28,-6401.8521,8679.0879,13881.8984
98,111,28,-7382.6841,7471.0239,13729.2441
96,111,28,-7823.8184,6293.936,12898.6621
94,111,28,-7856.272,5254.3042,11577.6641
92,111,28,-7624.2861,4383.104,9914.0957
90,111,28,-7234.8379,3668.72,8459.6758
88,111,28,-6787.6943,3091.792,7251.666
86,111,28,-6302.0859,2613.6001,6228.7642
84,111,28,-5854.9419,2232.208,5383.7583
82,111,28,-5419.8179,1918.576,4667.3662
80,111,28,-5017.1479,1657.2159,4065.1641
80,113,28,-5233.5083,1306.8,4227.4341
82,113,28,-5672.2383,1508.144,4862.0903
84,113,28,-6154.2402,1750.144,5628.9663
86,113,28,-6672.3022,2042.48,6549.6982
88,113,28,-7225.2222,2408.384,7675.9722
90,113,28,-7786.5562,2863.344,9045.0498
92,113,28,-8315.4365,3440.272,10715.8301
94,113,28,-8740.9443,4179.8242,12429.8818
96,113,28,-8894.7998,5095.5518,13591.0146
98,113,28,-8576.2705,6179.7119,13880.6963
100,113,28,-7579.812,7327.7598,13897.5244
102,113,28,-5816.478,8351.9043,13905.9385
104,113,28,-3414.8821,9077.9043,13911.9482
106,113,28,-637.06,9424.4482,13917.958
108,113,28,2311.446,9410.8955,13914.3525
110,113,28,5275.5781,9050.7998,13920.3623
112,113,28,8082.248,8353.8398,13911.9482
114,113,28,10595.6299,7335.5039,13910.7461
116,113,28,12563.3047,6053.8721,13905.9385
118,113,28,13487.6426,4584.4478,13881.8984
120,113,28,13627.0742,3116.96,13660.7305
122,113,28,13554.9541,1854.688,12154.624
124,113,28,13171.5166,898.304,9737.4023
126,113,28,12469.5479,267.168,7582.2163
128,113,28,11559.6338,-112.288,5848.9321
130,113,28,10718.2344,-313.632,4458.2183
132,113,28,10004.2461,-387.2,3331.9441
134,113,28,9434.498,-371.712,2396.7881
136,113,28,9016.2021,-300.08,1598.66
138,113,28,8739.7422,-187.792,887.076
140,113,28,8602.7139,-54.208,221.168
142,113,28,8605.1182,87.12,-430.316
144,113,28,8748.1563,222.64,-1102.234
146,113,28,9029.4238,346.544,-1827.04
148,113,28,9454.9326,437.536,-2645.6021
150,113,28,10024.6807,472.384,-3607.2021
152,113,28,10731.4561,427.856,-4762.3242
154,113,28,11563.2402,257.488,-6191.502
156,113,28,12444.3066,-87.12,-7966.856
158,113,28,13116.2246,-675.664,-10173.7285
160,113,28,13509.2783,-1560.416,-12506.8105
162,113,28,13577.792,-2729.76,-13792.9502
164,113,28,13383.0684,-4088.832,-13891.5146
166,113,28,12426.2764,-5482.752,-13910.7461
168,113,28,10483.8438,-6752.7681,-13922.7666
170,113,28,8025.7539,-7796.272,-13925.1699
172,113,28,5239.5181,-8572.6084,-13926.3721
174,113,28,2248.9421,-9075.9678,-13925.1699
176,113,28,-782.502,-9236.6563,-13925.1699
178,113,28,-3756.25,-9006.2715,-13920.3623
180,113,28,-6366.9941,-8330.6084,-13914.3525
182,113,28,-8279.376,-7285.168,-13910.7461
184,113,28,-9302.2783,-6096.4639,-13886.7061
186,113,28,-9552.2939,-4992.9438,-13657.124
188,113,28,-9296.2686,-4077.2161,-12526.042
190,113,28,-8785.418,-3360.896,-10766.3145
192,113,28,-8180.812,-2809.136,-9043.8486
194,113,28,-7556.9741,-2373.5359,-7647.124
196,113,28,-6960.7822,-2032.8,-6513.6382
198,113,28,-6401.8521,-1754.016,-5579.6841
200,113,28,-5887.396,-1523.632,-4808.0
202,113,28,-5413.8081,-1330.032,-4162.5259
204,113,28,-4982.29,-1165.472,-3621.626
206,113,28,-4591.6401,-1029.952,-3167.27
206,115,28,-4703.4263,-739.552,-3241.7939
204,115,28,-5097.6821,-834.416,-3699.7561
202,115,28,-5540.0181,-944.768,-4253.8779
200,115,28,-6031.6362,-1066.736,-4920.9883
198,115,28,-6577.3442,-1208.064,-5725.126
196,115,28,-7178.3442,-1370.688,-6702.3521
194,115,28,-7833.4341,-1564.288,-7900.7461
192,115,28,-8542.6143,-1794.672,-9399.6406
190,115,28,-9274.6318,-2088.9441,-11272.3564
188,115,28,-9957.3682,-2468.3999,-12941.9346
186,115,28,-10428.5518,-2977.5679,-13855.4541
184,115,28,-10374.4619,-3618.384,-13897.5244
182,115,28,-9396.0342,-4323.0879,-13915.5547
180,115,28,-7258.8779,-4890.3359,-13920.3623
178,115,28,-4252.6763,-5130.3999,-13925.1699
176,115,28,-899.096,-5031.6641,-13932.3818
174,115,28,2453.282,-4675.4399,-13929.9785
172,115,28,5691.4702,-4148.8481,-13922.7666
170,115,28,8719.3086,-3477.0559,-13926.3721
168,115,28,11404.5762,-2658.1279,-13920.3623
166,115,28,13282.1006,-1726.912,-13911.9482
164,115,28,13766.5059,-739.552,-13904.7363
162,115,28,13831.4141,191.664,-13869.8779
160,115,28,13758.0918,913.792,-12941.9346
158,115,28,13482.834,1349.392,-10555.9639
156,115,28,12715.958,1537.184,-8108.6924
154,115,28,11726.7119,1546.864,-6213.1382
152,115,28,10763.9102,1428.7679,-4728.668
150,115,28,9957.3682,1233.2319,-3554.314
148,115,28,9322.7119,985.424,-2603.532
146,115,28,8849.124,718.256,-1795.7881
144,115,28,8542.6143,435.6,-1096.224
142,115,28,8387.5566,143.264,-454.356
140,115,28,8381.5459,-151.008,170.684
138,115,28,8518.5742,-439.472,810.148
136,115,28,8815.4678,-716.32,1497.692
134,115,28,9263.8145,-971.872,2271.78
132,115,28,9886.4502,-1196.448,3198.522
130,115,28,10690.5879,-1372.624,4333.21
128,115,28,11664.208,-1461.6799,5761.186
126,115,28,12713.5547,-1422.96,7597.8423
124,115,28,13506.874,-1177.088,9986.2158
122,115,28,13801.3643,-648.56,12623.4043
120,115,28,13842.2324,203.28,13859.0605
118,115,28,13837.4238,1302.928,13896.3223
116,115,28,13512.8838,2464.5281,13903.5342
114,115,28,11851.7207,3508.032,13914.3525
112,115,28,9091.9277,4385.04,13923.9678
110,115,28,6024.4243,5054.896,13915.5547
108,115,28,2781.428,5531.1519,13920.3623
106,115,28,-506.042,5769.2798,13920.3623
104,115,28,-3664.8979,5747.9839,13919.1602
102,115,28,-6463.1543,5399.5039,13917.958
100,115,28,-8505.3525,4778.0479,13909.5439
98,115,28,-9588.3545,4019.136,13891.5146
96,115,28,-9819.1377,3300.8799,13855.4541
94,115,28,-9501.8105,2718.144,13022.4678
92,115,28,-8909.2246,2255.4399,11445.4443
90,115,28,-8256.5381,1903.088,9593.1621
88,115,28,-7597.8423,1624.304,8089.46
86,115,28,-6980.0142,1399.728,6871.834
84,115,28,-6411.4683,1213.8719,5880.1841
82,115,28,-5889.8003,1057.056,5060.4199
80,115,28,-5409.0,917.664,4375.2803
80,117,28,-5507.564,513.04,4473.8442
82,117,28,-5985.96,573.056,5163.792
84,117,28,-6518.4463,633.072,6001.5859
86,117,28,-7103.8203,691.152,7023.2861
88,117,28,-7744.4863,747.296,8282.9824
90,117,28,-8433.2324,797.632,9855.1982
92,117,28,-9137.6045,842.16,11741.1357
94,117,28,-9791.4922,884.752,13292.918
96,117,28,-10197.7686,929.28,13868.6758
98,117,28,-10028.2861,948.64,13904.7363
100,117,28,-8870.7598,878.944,13913.1504
102,117,28,-6592.9702,633.072,13915.5547
104,117,28,-3512.2441,205.216,13921.5645
106,117,28,-122.604,-367.84,13929.9785
108,117,28,3331.9441,-969.936,13923.9678
110,117,28,6701.1499,-1597.2,13919.1602
112,117,28,9886.4502,-2191.552,13925.1699
114,117,28,12677.4941,-2749.1199,13923.9678
116,117,28,13803.7686,-3246.6719,13916.7559
118,117,28,13856.6563,-3651.2959,13904.7363
120,117,28,13861.4639,-3904.9119,13871.0801
122,117,28,13842.2324,-3908.7839,12645.04
124,117,28,13577.792,-3699.696,9793.8965
126,117,28,12713.5547,-3353.1521,7334.604
128,117,28,11545.21,-2940.7839,5497.9482
130,117,28,10474.2285,-2481.9519,4104.8301
132,117,28,9618.4043,-2021.184,3013.4141
134,117,28,8968.1221,-1562.3521,2138.3582
136,117,28,8496.9385,-1113.2,1406.34
138,117,28,8192.832,-664.048,765.674
140,117,28,8043.7842,-216.832,170.684
142,117,28,8049.7939,226.512,-406.276
144,117,28,8202.4482,675.664,-1006.074
146,117,28,8512.5645,1128.688,-1661.1641
148,117,28,8978.9404,1591.392,-2413.616
150,117,28,9620.8086,2059.9041,-3313.9141
152,117,28,10441.7744,2534.2239,-4431.7739
154,117,28,11459.8682,3006.6079,-5868.1641
156,117,28,12581.334,3444.144,-7736.0723
158,117,28,13478.0264,3831.344,-10224.2119
160,117,28,13812.1826,4102.3838,-12851.7842
162,117,28,13847.04,4195.312,-13873.4844
164,117,28,13843.4346,4083.0239,-13911.9482
166,117,28,13593.418,3852.6399,-13922.7666
168,117,28,12070.4844,3546.752,-13928.7764
170,117,28,9321.5098,3171.168,-13925.1699
172,117,28,6245.5923,2716.208,-13932.3818
174,117,28,2926.8701,2199.2959,-13932.3818
176,117,28,-527.678,1614.624,-13929.9785
178,117,28,-4085.5981,991.232,-13931.1807
180,117,28,-7358.644,439.472,-13933.584
182,117,28,-9719.3721,1.936,-13920.3623
184,117,28,-10775.9307,-280.72,-13903.5342
186,117,28,-10785.5459,-458.832,-13873.4844
188,117,28,-10254.2617,-571.12,-13205.1719
190,117,28,-9523.4463,-636.944,-11608.916
192,117,28,-8758.9746,-664.048,-9697.7363
194,117,28,-8028.1582,-660.176,-8143.5503
196,117,28,-7357.4419,-638.88,-6904.2881
198,117,28,-6742.0181,-602.096,-5892.2041
200,117,28,-6183.0879,-561.44,-5064.0259
202,117,28,-5673.4399,-518.848,-4371.6743
204,117,28,-5213.0742,-474.32,-3794.7141
206,117,28,-4794.7783,-429.792,-3310.3081
206,117,30,-4354.8462,-377.52,-3365.6001
204,117,30,-4680.5879,-418.176,-3822.3601
202,117,30,-5038.7842,-456.896,-4370.4722
200,117,30,-5423.4243,-493.68,-5019.5522
198,117,30,-5833.3062,-524.656,-5790.0342
196,117,30,-6262.4199,-547.888,-6710.7661
194,117,30,-6696.3423,-555.632,-7816.606
192,117,30,-7123.0522,-542.08,-9158.0381
190,117,30,-7498.0762,-495.616,-10784.3438
188,117,30,-7745.688,-408.496,-12428.6807
186,117,30,-7744.4863,-267.168,-13560.9639
184,117,30,-7315.3721,-52.272,-13877.0898
182,117,30,-6268.4302,249.744,-13899.9287
180,117,30,-4551.9741,642.752,-13913.1504
178,117,30,-2306.6379,1095.776,-13919.1602
176,117,30,199.532,1573.968,-13920.3623
174,117,30,2728.54,2040.5439,-13920.3623
172,117,30,5192.6401,2452.9119,-13919.1602
170,117,30,7469.228,2820.752,-13911.9482
168,117,30,9453.7305,3113.0879,-13917.958
166,117,30,10998.2998,3337.6641,-13895.1201
164,117,30,11973.1221,3459.6321,-13866.2725
162,117,30,12314.4902,3475.1199,-13238.8281
160,117,30,12105.3418,3376.384,-11434.626
158,117,30,11523.5742,3169.2319,-9053.4639
156,117,30,10779.5361,2878.832,-7086.9922
154,117,30,10017.4678,2534.2239,-5521.9883
152,117,30,9299.874,2152.832,-4257.4839
150,117,30,8690.46,1759.824,-3235.7842
148,117,30,8185.6201,1364.88,-2385.97
146,117,30,7822.6162,964.128,-1667.1741
144,117,30,7582.2163,569.184,-1037.326
142,117,30,7462.0161,172.304,-449.548
140,117,30,7456.0063,-222.64,116.594
138,117,30,7571.3979,-615.648,697.16
136,117,30,7808.1924,-1010.592,1320.998
134,117,30,8166.3882,-1399.728,2014.552
132,117,30,8658.0059,-1790.8,2836.72
130,117,30,9274.6318,-2174.1279,3824.7642
128,117,30,10009.0537,-2540.032,5047.1982
126,117,30,10840.8379,-2857.5359,6591.7681
124,117,30,11679.834,-3124.7041,8529.3926
122,117,30,12380.6006,-3298.9441,10946.6143
120,117,30,12682.3018,-3345.408,13003.2363
118,117,30,12516.4258,-3244.7361,13863.8682
116,117,30,11663.0059,-3018.2239,13891.5146
114,117,30,10154.4961,-2689.104,13901.1299
112,117,30,8163.9844,-2294.1599,13907.1406
110,117,30,5865.7603,-1831.4559,13909.5439
108,117,30,3386.0342,-1347.4559,13909.5439
106,117,30,840.198,-857.648,13905.9385
104,117,30,-1619.094,-408.496,13908.3418
102,117,30,-3845.198,-29.04,13899.9287
100,117,30,-5604.9263,261.36,13890.3125
98,117,30,-6743.2202,449.152,13877.0898
96,117,30,-7292.5342,563.376,13636.6904
94,117,30,-7397.1079,619.52,12625.8086
92,117,30,-7226.4243,640.816,11071.6221
90,117,30,-6911.5,635.008,9420.0742
88,117,30,-6522.0522,615.648,8055.8042
86,117,30,-6082.1201,578.864,6899.48
84,117,30,-5673.4399,526.592,5970.334
82,117,30,-5279.1841,482.064,5179.418
80,117,30,-4910.1699,435.6,4514.7119
80,115,30,-4828.4341,805.376,4413.7441
82,115,30,-5181.8223,915.728,5042.3901
84,115,30,-5562.856,1037.696,5803.2563
86,115,30,-5955.9102,1180.96,6704.7563
88,115,30,-6353.772,1343.584,7794.9702
90,115,30,-6732.4023,1535.248,9105.1504
92,115,30,-7040.1143,1757.8879,10668.9521
94,115,30,-7214.4043,2025.056,12261.6025
96,115,30,-7135.0723,2330.9441,13443.168
98,115,30,-6654.272,2652.3201,13867.4746
100,115,30,-5634.9761,2942.72,13890.3125
102,115,30,-4041.124,3122.7681,13901.1299
104,115,30,-1979.6941,3155.6799,13901.1299
106,115,30,342.57,3020.1599,13915.5547
108,115,30,2812.6799,2741.376,13910.7461
110,115,30,5244.3262,2346.4319,13911.9482
112,115,30,7520.9141,1839.2,13908.3418
114,115,30,9524.6484,1254.528,13901.1299
116,115,30,11089.6523,629.2,13891.5146
118,115,30,12086.1104,-5.808,13854.252
120,115,30,12439.498,-563.376,13088.5781
122,115,30,12260.4004,-985.424,11253.124
124,115,30,11707.4805,-1237.104,8923.6484
126,115,30,10993.4922,-1341.6479,6992.0342
128,115,30,10255.4639,-1324.224,5417.4141
130,115,30,9573.9297,-1221.616,4143.2939
132,115,30,8990.96,-1060.928,3104.7661
134,115,30,8517.3721,-857.648,2229.71
136,115,30,8165.186,-629.2,1482.066
138,115,30,7933.2002,-383.328,811.35
140,115,30,7819.0103,-125.84,181.502
142,115,30,7820.2119,135.52,-432.72
144,115,30,7936.8062,393.008,-1066.1741
146,115,30,8168.792,648.56,-1747.708
148,115,30,8522.1797,892.496,-2515.7861
150,115,30,8984.9502,1111.264,-3408.8721
152,115,30,9553.4961,1291.312,-4478.6519
154,115,30,10209.7881,1422.96,-5782.8223
156,115,30,10906.9482,1467.488,-7379.0781
158,115,30,11560.8359,1395.856,-9340.7422
160,115,30,12027.2119,1177.088,-11620.9365
162,115,30,12131.7861,795.696,-13289.3125
164,115,30,11717.0967,303.952,-13863.8682
166,115,30,10714.6279,-249.744,-13891.5146
168,115,30,9156.8359,-824.736,-13909.5439
170,115,30,7186.7583,-1362.944,-13909.5439
172,115,30,4924.5942,-1845.0079,-13917.958
174,115,30,2492.948,-2247.696,-13916.7559
176,115,30,-7.212,-2571.0081,-13911.9482
178,115,30,-2437.656,-2741.376,-13915.5547
180,115,30,-4602.458,-2743.312,-13904.7363
182,115,30,-6247.9961,-2607.792,-13897.5244
184,115,30,-7261.2822,-2371.6001,-13874.6865
186,115,30,-7691.5981,-2108.304,-13488.8447
188,115,30,-7701.2144,-1862.432,-12294.0566
190,115,30,-7462.0161,-1647.536,-10653.3262
192,115,30,-7090.5981,-1459.744,-9058.2725
194,115,30,-6666.292,-1299.056,-7740.8804
196,115,30,-6227.562,-1161.6,-6649.4644
198,115,30,-5787.6299,-1039.632,-5739.5503
200,115,30,-5363.3242,-933.152,-4975.0781
202,115,30,-4972.6743,-836.352,-4334.4121
204,115,30,-4602.458,-747.296,-3791.1082
206,115,30,-4269.5039,-664.048,-3334.3481
206,113,30,-4164.9302,-935.088,-3256.218
204,113,30,-4477.4502,-1058.9919,-3685.332
202,113,30,-4818.8179,-1200.3199,-4202.1919
200,113,30,-5185.4282,-1366.816,-4814.0103
198,113,30,-5580.8862,-1558.48,-5538.8159
196,113,30,-5981.1523,-1775.312,-6404.2563
194,113,30,-6386.2261,-2030.864,-7425.9561
192,113,30,-6767.2603,-2342.5601,-8656.8037
190,113,30,-7084.5879,-2722.0159,-10125.6484
188,113,30,-7267.292,-3171.168,-11760.3682
186,113,30,-7207.1919,-3701.6321,-13044.1045
184,113,30,-6767.2603,-4282.4321,-13815.7881
182,113,30,-5817.6802,-4863.2319,-13874.6865
180,113,30,-4311.5742,-5345.2959,-13899.9287
178,113,30,-2358.324,-5631.8237,-13907.1406
176,113,30,-126.21,-5689.9038,-13914.3525
174,113,30,2185.2361,-5515.6641,-13914.3525
172,113,30,4469.0361,-5151.6958,-13913.1504
170,113,30,6606.1919,-4615.4238,-13909.5439
168,113,30,8482.5137,-3951.376,-13902.332
166,113,30,9986.2158,-3165.3599,-13885.5039
164,113,30,11015.1279,-2332.8799,-13831.4141
162,113,30,11527.1807,-1529.4399,-12975.5898
160,113,30,11564.4424,-836.352,-11367.3145
158,113,30,11256.7305,-298.144,-9249.3906
156,113,30,10748.2842,73.568,-7415.1382
154,113,30,10170.1221,302.016,-5884.9922
152,113,30,9594.3643,410.432,-4601.2559
150,113,30,9082.3125,425.92,-3535.082
148,113,30,8659.208,383.328,-2629.9761
146,113,30,8332.2637,296.208,-1841.464
144,113,30,8114.7021,185.856,-1140.698
142,113,30,8000.5122,58.08,-480.8
140,113,30,7995.7041,-73.568,162.27
138,113,30,8101.48,-197.472,813.754
136,113,30,8314.2344,-305.888,1508.51
134,113,30,8632.7637,-381.392,2275.386
132,113,30,9055.8682,-414.304,3154.0481
130,113,30,9567.9199,-379.456,4190.1719
128,113,30,10153.2939,-253.616,5430.6362
126,113,30,10757.9004,-1.936,6930.7319
124,113,30,11306.0117,393.008,8714.5
122,113,30,11688.248,979.616,10821.6064
120,113,30,11714.6924,1734.656,12679.8984
118,113,30,11265.1445,2601.9839,13704.002
116,113,30,10274.6963,3484.8,13871.0801
114,113,30,8789.0244,4301.792,13890.3125
112,113,30,6913.9043,4985.2002,13895.1201
110,113,30,4775.5459,5509.856,13901.1299
108,113,30,2512.1799,5831.2319,13898.7266
106,113,30,244.006,5943.52,13903.5342
104,113,30,-1882.332,5835.104,13893.918
102,113,30,-3768.27,5515.6641,13884.3027
100,113,30,-5231.104,5016.1758,13871.0801
98,113,30,-6201.1182,4429.5679,13768.9102
96,113,30,-6708.3623,3825.5359,13000.832
94,113,30,-6840.582,3275.7119,11782.0039
92,113,30,-6728.7959,2789.7759,10212.1924
90,113,30,-6477.5781,2392.896,8772.1963
88,113,30,-6154.2402,2056.032,7553.3682
86,113,30,-5791.2363,1777.248,6520.8501
84,113,30,-5427.0303,1542.9919,5655.4102
82,113,30,-5066.4302,1341.6479,4920.9883
80,113,30,-4717.8501,1171.28,4299.5542
80,111,30,-4531.54,1494.592,4133.6782
82,111,30,-4835.646,1713.36,4698.6182
84,111,30,-5155.3779,1970.848,5372.9399
86,111,30,-5471.5039,2276.7361,6162.6543
88,111,30,-5772.0039,2640.7041,7093.002
90,111,30,-6028.0303,3074.3679,8178.4082
92,111,30,-6199.916,3585.4719,9439.3066
94,111,30,-6225.1582,4187.5679,10876.8984
96,111,30,-6026.8281,4870.9761,12207.5127
98,111,30,-5517.1802,5608.5918,13185.9404
100,111,30,-4625.2959,6334.5918,13754.4863
102,111,30,-3329.54,6967.6641,13862.666
104,111,30,-1673.1841,7430.3682,13880.6963
106,111,30,198.33,7662.688,13884.3027
108,111,30,2220.094,7639.4561,13883.1006
110,111,30,4241.8579,7380.0317,13881.8984
112,111,30,6178.2803,6884.416,13872.2822
114,111,30,7888.7261,6177.7759,13866.2725
116,111,30,9265.0166,5308.5122,13772.5166
118,111,30,10236.2324,4342.4478,13125.8398
120,111,30,10762.708,3370.5759,11903.4063
122,111,30,10898.5342,2476.144,10114.8301
124,111,30,10714.6279,1723.04,8305.8203
126,111,30,10351.624,1136.432,6720.3823
128,111,30,9896.0664,702.768,5353.708
130,111,30,9430.8926,398.816,4187.7681
132,111,30,9004.1826,203.28,3193.7141
134,111,30,8644.7842,85.184,2330.678
136,111,30,8367.1221,25.168,1571.014
138,111,30,8177.2061,5.808,877.46
140,111,30,8084.6523,5.808,219.966
142,111,30,8085.854,17.424,-427.912
144,111,30,8184.418,21.296,-1093.8201
146,111,30,8376.7383,7.744,-1800.5961
148,111,30,8656.8037,-42.592,-2579.4919
150,111,30,9017.4043,-143.264,-3458.1541
152,111,30,9445.3164,-321.376,-4483.46
154,111,30,9905.6826,-602.096,-5680.6523
156,111,30,10352.8262,-1008.656,-7080.9819
158,111,30,10706.2139,-1575.9039,-8709.6924
160,111,30,10851.6563,-2305.7759,-10541.54
162,111,30,10700.2041,-3167.2959,-12243.5723
164,111,30,10147.2842,-4121.7441,-13365.0381
166,111,30,9174.8662,-5068.4478,-13839.8281
168,111,30,7794.9702,-5945.4561,-13869.8779
170,111,30,6089.332,-6677.2642,-13879.4941
172,111,30,4152.9102,-7221.2798,-13891.5146
174,111,30,2090.2781,-7536.8481,-13893.918
176,111,30,24.04,-7618.1602,-13893.918
178,111,30,-1954.452,-7434.2397,-13890.3125
180,111,30,-3693.7461,-6998.6401,-13875.8887
182,111,30,-5070.0361,-6379.1201,-13842.2324
184,111,30,-5997.98,-5637.6318,-13378.2598
186,111,30,-6498.0122,-4892.272,-12419.0645
188,111,30,-6656.6763,-4199.1841,-11040.3701
190,111,30,-6579.748,-3599.0239,-9535.4658
192,111,30,-6351.3682,-3087.9199,-8222.8818
194,111,30,-6047.2622,-2660.064,-7103.8203
196,111,30,-5705.894,-2305.7759,-6156.644
198,111,30,-5347.6982,-2007.632,-5348.8999
200,111,30,-4990.7041,-1752.08,-4664.9619
202,111,30,-4655.3462,-1535.248,-4081.9922
204,111,30,-4328.4019,-1349.392,-3583.1621
206,111,30,-4027.9021,-1190.64,-3162.4622
206,109,30,-3863.228,-1415.2159,-3047.0701
204,109,30,-4127.668,-1604.944,-3432.9121
202,109,30,-4411.3398,-1823.712,-3892.0762
200,109,30,-4708.2339,-2083.136,-4428.168
198,109,30,-5007.5322,-2383.2161,-5050.8042
196,109,30,-5302.022,-2737.5039,-5775.6099
194,109,30,-5586.896,-3161.488,-6629.0303
192,109,30,-5814.0742,-3655.168,-7613.4683
190,109,30,-5951.1021,-4234.0317,-8744.5498
188,109,30,-5940.2842,-4896.144,-10011.458
186,109,30,-5710.7021,-5643.4399,-11393.7578
184,109,30,-5195.0439,-6421.7119,-12499.5986
182,109,30,-4338.0181,-7184.4961,-13248.4443
180,109,30,-3122.7961,-7840.7998,-13682.3662
178,109,30,-1610.6801,-8313.1836,-13855.4541
176,109,30,108.18,-8549.376,-13860.2627
174,109,30,1915.988,-8526.1436,-13877.0898
172,109,30,3733.4121,-8257.04,-13869.8779
170,109,30,5439.0503,-7757.5518,-13855.4541
168,109,30,6961.9839,-7058.6558,-13695.5879
166,109,30,8225.2861,-6199.0718,-13265.2725
164,109,30,9146.0186,-5258.1758,-12474.3564
162,109,30,9722.9785,-4295.9839,-11207.4482
160,109,30,9971.792,-3384.1279,-9594.3643
158,109,30,9952.5605,-2584.5601,-8061.814
156,109,30,9748.2197,-1914.704,-6656.6763
154,109,30,9450.124,-1378.432,-5417.4141
152,109,30,9102.7461,-968.0,-4324.7959
150,109,30,8768.5898,-662.112,-3377.6201
148,109,30,8474.1006,-433.664,-2543.4321
146,109,30,8236.1045,-267.168,-1793.384
144,109,30,8073.834,-143.264,-1104.6381
142,109,30,7988.4922,-42.592,-454.356
140,109,30,7984.8862,52.272,181.502
138,109,30,8061.814,156.816,824.572
136,109,30,8212.0645,284.592,1497.692
134,109,30,8434.4346,454.96,2223.7
132,109,30,8720.5098,685.344,3037.4541
130,109,30,9048.6563,997.04,3956.9841
128,109,30,9385.2158,1415.2159,5006.3301
126,109,30,9695.332,1959.2319,6213.1382
124,109,30,9905.6826,2638.7681,7570.1963
122,109,30,9944.1465,3453.824,9070.292
120,109,30,9721.7764,4377.2959,10654.5283
118,109,30,9172.4619,5351.104,12046.4443
116,109,30,8273.3662,6295.8721,12965.9746
114,109,30,7046.124,7138.0317,13536.9238
112,109,30,5543.624,7811.7598,13782.1318
110,109,30,3860.824,8270.5918,13845.8379
108,109,30,2096.2881,8489.3604,13849.4443
106,109,30,341.368,8458.3838,13844.6367
104,109,30,-1293.3521,8187.3437,13777.3242
102,109,30,-2735.752,7703.3437,13542.9346
100,109,30,-3898.0862,7052.8481,13028.4785
98,109,30,-4743.0923,6313.2959,12256.7939
96,109,30,-5275.5781,5552.4478,11174.9941
94,109,30,-5536.4121,4834.1919,9880.4404
92,109,30,-5595.3101,4181.7598,8674.834
90,109,30,-5511.1699,3608.7041,7594.2363
88,109,30,-5334.4761,3116.96,6642.252
86,109,30,-5100.0859,2694.9119,5810.4683
84,109,30,-4839.252,2340.624,5094.0762
82,109,30,-4563.9941,2034.736,4471.4399
80,109,30,-4288.7358,1775.312,3932.9441
80,107,30,-4030.3062,2017.312,3721.3921
82,107,30,-4252.6763,2298.032,4191.374
84,107,30,-4475.0459,2627.1521,4744.2939
86,107,30,-4676.9819,3010.48,5375.3442
88,107,30,-4842.8579,3455.76,6095.3423
90,107,30,-4947.4321,3966.864,6911.5
92,107,30,-4959.4521,4547.6641,7814.2021
94,107,30,-4838.0503,5198.1602,8802.2461
96,107,30,-4536.3481,5897.0562,9845.582
98,107,30,-4013.478,6615.312,10897.332
100,107,30,-3241.7939,7316.144,11800.0342
102,107,30,-2223.7,7920.1758,12470.75
104,107,30,-976.024,8386.752,12862.6025
106,107,30,423.104,8653.9199,13093.3867
108,107,30,1934.0181,8704.2559,13172.7178
110,107,30,3458.1541,8524.208,13093.3867
112,107,30,4918.584,8119.584,12856.5918
114,107,30,6240.7842,7517.4878,12434.6904
116,107,30,7340.6143,6760.5122,11697.8643
118,107,30,8182.0142,5891.248,10637.7002
120,107,30,8745.752,4985.2002,9390.0244
122,107,30,9052.2617,4096.5762,8115.9043
124,107,30,9135.2002,3285.3921,6885.0562
126,107,30,9058.2725,2576.8159,5740.752
128,107,30,8882.7803,1980.528,4697.416
130,107,30,8656.8037,1490.72,3762.26
132,107,30,8420.0098,1093.84,2920.8601
134,107,30,8207.2559,776.336,2164.802
136,107,30,8034.168,518.848,1479.662
138,107,30,7912.7661,302.016,836.592
140,107,30,7852.666,108.416,218.764
142,107,30,7852.666,-75.504,-395.458
144,107,30,7921.1802,-265.232,-1016.892
146,107,30,8049.7939,-480.128,-1670.78
148,107,30,8233.7002,-733.744,-2378.7581
150,107,30,8456.0703,-1045.4399,-3154.0481
152,107,30,8698.874,-1432.64,-4013.478
154,107,30,8935.668,-1920.512,-4982.29
156,107,30,9113.5645,-2509.0559,-6052.0703
158,107,30,9186.8857,-3217.6321,-7234.8379
160,107,30,9100.3418,-4030.752,-8502.9482
162,107,30,8791.4277,-4917.4399,-9809.5225
164,107,30,8215.6699,-5831.2319,-11082.4404
166,107,30,7374.27,-6710.1758,-12062.0703
168,107,30,6262.4199,-7498.1279,-12727.9785
170,107,30,4940.2202,-8137.0078,-13122.2344
172,107,30,3461.76,-8586.1602,-13359.0283
174,107,30,1897.958,-8814.6084,-13434.7539
176,107,30,346.176,-8812.6719,-13360.2305
178,107,30,-1132.2841,-8574.5439,-13128.2441
180,107,30,-2443.666,-8133.1357,-12746.0078
182,107,30,-3523.062,-7521.3599,-12118.5645
184,107,30,-4322.3921,-6808.9121,-11248.3164
186,107,30,-4850.0703,-6063.5518,-10128.0518
188,107,30,-5139.752,-5329.8081,-9007.7881
190,107,30,-5239.5181,-4656.0801,-7964.4521
192,107,30,-5198.6499,-4057.856,-7010.064
194,107,30,-5062.8242,-3529.3279,-6155.4419
196,107,30,-4866.8979,-3078.24,-5410.2021
198,107,30,-4638.5181,-2691.04,-4757.5161
200,107,30,-4393.3101,-2359.9839,-4192.5762
202,107,30,-4143.2939,-2073.4561,-3703.3621
204,107,30,-3896.884,-1827.584,-3275.45
206,107,30,-3658.8882,-1616.5599,-2908.8401
206,105,30,-3452.144,-1783.056,-2768.2061
204,105,30,-3652.8782,-2009.568,-3095.1501
202,105,30,-3859.6221,-2270.928,-3477.386
200,105,30,-4062.76,-2572.9441,-3914.9141
198,105,30,-4256.2822,-2921.4241,-4416.1479
196,105,30,-4425.7642,-3324.1121,-4983.4922
194,105,30,-4554.3779,-3781.0081,-5622.9561
192,105,30,-4621.6899,-4303.728,-6340.5503
190,105,30,-4596.4482,-4892.272,-7138.6782
188,105,30,-4440.188,-5535.0239,-7989.6943
186,105,30,-4120.4561,-6212.624,-8883.9824
184,105,30,-3608.4041,-6888.2881,-9766.25
182,105,30,-2877.5881,-7527.168,-10604.0439
180,105,30,-1930.412,-8071.1841,-11325.2441
178,105,30,-805.34,-8473.8721,-11788.0146
176,105,30,453.154,-8692.6396,-12050.0498
174,105,30,1777.7581,-8713.9355,-12145.0078
172,105,30,3109.574,-8524.208,-12054.8584
170,105,30,4383.6938,-8133.1357,-11769.9844
168,105,30,5536.4121,-7569.7598,-11280.7705
166,105,30,6519.6479,-6872.7998,-10505.4805
164,105,30,7294.938,-6086.7842,-9589.5566
162,105,30,7862.2822,-5254.3042,-8573.8662
160,105,30,8212.0645,-4427.6318,-7524.52
158,105,30,8380.3438,-3651.2959,-6487.1943
156,105,30,8400.7783,-2946.592,-5499.1499
154,105,30,8323.8506,-2336.752,-4585.6299
152,105,30,8188.0239,-1812.0959,-3741.8262
150,105,30,8028.1582,-1364.88,-2968.9399
148,105,30,7873.1001,-987.36,-2260.9622
146,105,30,7738.4761,-665.984,-1607.074
144,105,30,7644.7202,-383.328,-998.862
142,105,30,7591.832,-121.968,-411.084
140,105,30,7588.2261,133.584,165.876
138,105,30,7631.498,396.88,747.644
136,105,30,7719.2441,679.536,1349.8461
134,105,30,7840.646,1000.912,1982.098
132,105,30,7987.29,1374.5599,2668.4399
130,105,30,8137.54,1815.968,3416.084
128,105,30,8269.7598,2338.688,4235.8481
126,105,30,8344.2842,2944.656,5121.7222
124,105,30,8327.4561,3637.7439,6076.1104
122,105,30,8169.9941,4408.272,7086.9922
120,105,30,7832.2319,5225.2642,8109.894
118,105,30,7286.5239,6046.1279,9105.1504
116,105,30,6523.2539,6816.6558,10011.458
114,105,30,5560.4521,7488.4478,10773.5264
112,105,30,4430.5723,8018.9121,11354.0918
110,105,30,3181.6941,8377.0723,11661.8047
108,105,30,1877.524,8530.0156,11773.5898
106,105,30,591.384,8483.5518,11696.6621
104,105,30,-613.02,8243.4883,11439.4346
102,105,30,-1696.022,7834.9922,10939.4023
100,105,30,-2605.936,7308.3999,10257.8682
98,105,30,-3312.7122,6694.688,9488.5879
96,105,30,-3827.168,6040.3198,8665.2178
94,105,30,-4155.314,5397.5679,7841.8481
92,105,30,-4330.8062,4783.856,7041.3159
90,105,30,-4386.0981,4214.6719,6291.2681
88,105,30,-4345.23,3707.4399,5600.1182
86,105,30,-4241.8579,3256.3521,4978.6841
84,105,30,-4095.2141,2861.408,4420.9561
82,105,30,-3922.126,2514.864,3928.136
80,105,30,-3734.614,2214.7839,3493.012
80,103,30,-3447.3362,2359.9839,3263.4302
82,103,30,-3587.97,2660.064,3636.05
84,103,30,-3714.1802,3004.6719,4062.76
86,103,30,-3809.1382,3391.8721,4538.752
88,103,30,-3862.0261,3829.408,5067.6323
90,103,30,-3850.0061,4313.4082,5644.5923
92,103,30,-3753.8459,4843.8721,6264.8242
94,103,30,-3550.708,5405.312,6912.7021
96,103,30,-3215.3501,5986.1118,7570.1963
98,103,30,-2734.55,6561.104,8215.6699
100,103,30,-2091.48,7095.4399,8808.2559
102,103,30,-1296.958,7556.208,9326.3184
104,103,30,-360.6,7904.688,9716.9678
106,103,30,671.918,8109.9038,9957.3682
108,103,30,1772.9501,8150.5601,10027.084
110,103,30,2884.8,8015.04,9911.6924
112,103,30,3954.5801,7707.2158,9618.4043
114,103,30,4937.8159,7250.3198,9159.2402
116,103,30,5791.2363,6669.52,8558.2402
118,103,30,6494.4062,5999.6641,7847.8579
120,103,30,7026.8921,5277.5361,7064.1543
122,103,30,7389.896,4545.728,6243.188
124,103,30,7602.6499,3837.1521,5417.4141
126,103,30,7694.002,3180.8479,4622.8921
128,103,30,7701.2144,2582.624,3862.0261
130,103,30,7650.73,2054.0959,3152.8459
132,103,30,7571.3979,1589.4559,2490.5439
134,103,30,7482.4502,1179.024,1870.312
136,103,30,7400.7144,815.056,1290.948
138,103,30,7345.4224,484.0,733.22
140,103,30,7315.3721,170.368,188.714
142,103,30,7321.3823,-135.52,-347.378
144,103,30,7359.8462,-447.216,-891.884
146,103,30,7429.562,-778.272,-1458.026
148,103,30,7520.9141,-1142.24,-2050.6121
150,103,30,7620.6802,-1554.608,-2687.6721
152,103,30,7708.4263,-2023.12,-3366.802
154,103,30,7772.1323,-2553.584,-4100.022
156,103,30,7775.7383,-3155.6799,-4880.1201
158,103,30,7685.5884,-3823.6001,-5701.0859
160,103,30,7474.0361,-4545.728,-6550.8999
162,103,30,7107.4263,-5294.96,-7397.1079
164,103,30,6573.7383,-6038.3838,-8208.458
166,103,30,5869.3662,-6727.6001,-8933.2646
168,103,30,5005.1279,-7339.376,-9553.4961
170,103,30,4008.6702,-7827.248,-10024.6807
172,103,30,2911.2441,-8166.0479,-10322.7764
174,103,30,1763.334,-8334.4795,-10442.9766
176,103,30,632.252,-8322.8643,-10362.4424
178,103,30,-460.366,-8144.752,-10105.2139
180,103,30,-1437.592,-7802.0801,-9686.918
182,103,30,-2270.5781,-7337.4399,-9140.0078
184,103,30,-2938.8901,-6783.7441,-8500.5439
186,103,30,-3435.3162,-6191.3281,-7814.2021
188,103,30,-3773.0781,-5583.4238,-7107.4263
190,103,30,-3971.408,-4992.9438,-6413.8721
192,103,30,-4053.144,-4441.1841,-5758.7822
194,103,30,-4048.3362,-3937.824,-5154.1763
196,103,30,-3978.6201,-3488.6719,-4603.6602
198,103,30,-3864.4302,-3089.856,-4104.8301
200,103,30,-3721.3921,-2737.5039,-3663.696
202,103,30,-3560.324,-2427.7439,-3269.4399
204,103,30,-3388.438,-2156.7041,-2919.658
206,103,30,-3217.7542,-1922.448,-2616.7542
206,101,30,-2992.98,-2023.12,-2464.1001
204,101,30,-3132.4121,-2261.248,-2730.9441
202,101,30,-3267.0361,-2532.2881,-3037.4541
200,101,30,-3389.6401,-2838.176,-3380.0242
198,101,30,-3489.406,-3180.8479,-3762.26
196,101,30,-3556.718,-3568.0481,-4186.5659
194,101,30,-3581.96,-3993.968,-4651.7402
192,101,30,-3542.2939,-4464.416,-5156.5801
190,101,30,-3423.2961,-4965.8398,-5691.4702
188,101,30,-3204.532,-5494.3682,-6247.9961
186,101,30,-2866.77,-6030.6401,-6809.3301
184,101,30,-2402.7981,-6545.6157,-7349.0283
182,101,30,-1800.5961,-7016.064,-7845.4541
180,101,30,-1068.578,-7411.0078,-8264.9521
178,101,30,-222.37,-7697.5361,-8584.6846
176,101,30,703.17,-7854.3521,-8779.4082
174,101,30,1670.78,-7865.9678,-8835.9023
172,101,30,2645.6021,-7722.7041,-8742.1465
170,101,30,3584.364,-7434.2397,-8507.7559
168,101,30,4447.3999,-7018.0,-8138.7422
166,101,30,5214.2759,-6489.4722,-7650.73
164,101,30,5845.3262,-5885.4399,-7071.3662
162,101,30,6345.3579,-5233.0078,-6425.8921
160,101,30,6714.3721,-4563.1519,-5743.1562
158,101,30,6957.1763,-3906.8479,-5049.6021
156,101,30,7093.002,-3283.4561,-4364.4619
154,101,30,7150.6982,-2706.5281,-3705.7661
152,101,30,7149.4961,-2178.0,-3069.908
150,101,30,7114.6382,-1701.744,-2473.7161
148,101,30,7066.5581,-1271.952,-1908.776
146,101,30,7013.6699,-878.944,-1371.4821
144,101,30,6972.8022,-516.912,-859.43
142,101,30,6946.3579,-168.432,-358.196
140,101,30,6942.752,172.304,133.422
138,101,30,6960.7822,518.848,631.05
136,101,30,6992.0342,880.88,1137.092
134,101,30,7035.3062,1268.08,1664.77
132,101,30,7080.9819,1694.0,2216.488
130,101,30,7109.8301,2162.512,2799.458
128,101,30,7105.022,2681.3601,3411.2761
126,101,30,7043.7202,3250.5439,4056.75
124,101,30,6905.4902,3858.448,4721.4561
122,101,30,6666.292,4503.1357,5399.3843
120,101,30,6306.894,5155.5679,6066.4941
118,101,30,5814.0742,5786.7041,6697.5439
116,101,30,5189.0342,6371.376,7267.292
114,101,30,4446.1982,6870.8638,7740.8804
112,101,30,3598.7881,7261.936,8109.894
110,101,30,2686.47,7523.2959,8351.4961
108,101,30,1736.89,7645.2642,8454.8682
106,101,30,795.724,7620.0962,8418.8086
104,101,30,-91.352,7453.6001,8251.7305
102,101,30,-905.106,7163.2002,7964.4521
100,101,30,-1611.8821,6777.936,7579.812
98,101,30,-2197.2561,6324.9121,7125.4561
96,101,30,-2655.218,5827.3599,6624.2222
94,101,30,-2989.374,5316.2559,6110.9683
92,101,30,-3215.3501,4810.96,5588.0981
90,101,30,-3343.9641,4328.896,5082.0562
88,101,30,-3396.8521,3875.8721,4601.2559
86,101,30,-3389.6401,3459.6321,4151.708
84,101,30,-3336.752,3085.9839,3741.8262
82,101,30,-3251.4102,2747.1841,3365.6001
80,101,30,-3143.23,2447.104,3026.636
80,99,30,-2860.76,2507.1199,2800.6602
82,99,30,-2932.8801,2795.584,3086.7361
84,99,30,-2984.5662,3115.0239,3406.468
86,99,30,-3003.7981,3467.376,3751.4421
88,99,30,-2978.5562,3852.6399,4130.0723
90,99,30,-2898.022,4265.0078,4526.7319
92,99,30,-2748.9741,4700.6079,4943.8262
94,99,30,-2519.3921,5145.8882,5364.5259
96,99,30,-2196.054,5593.104,5778.0142
98,99,30,-1774.152,6019.0239,6172.27
100,99,30,-1248.8781,6402.3521,6524.4561
102,99,30,-627.444,6727.6001,6820.1479
104,99,30,79.332,6963.792,7035.3062
106,99,30,845.006,7097.376,7157.9102
108,99,30,1651.548,7114.7998,7180.748
110,99,30,2461.696,7012.1919,7097.8101
112,99,30,3251.4102,6787.6157,6906.6919
114,99,30,3989.438,6450.752,6612.2021
116,99,30,4645.73,6024.832,6233.5723
118,99,30,5210.6699,5521.4722,5781.6201
120,99,30,5672.2383,4969.7119,5273.1743
122,99,30,6026.8281,4396.6558,4734.6782
124,99,30,6282.854,3817.792,4175.748
126,99,30,6454.7402,3258.2881,3622.8281
128,99,30,6556.9102,2723.9519,3075.918
130,99,30,6607.394,2226.3999,2544.634
132,99,30,6621.8184,1761.76,2033.7841
134,99,30,6614.606,1330.032,1539.7621
136,99,30,6600.1821,931.216,1069.78
138,99,30,6588.1621,553.696,610.616
140,99,30,6582.1523,187.792,158.664
142,99,30,6586.96,-174.24,-292.086
144,99,30,6600.1821,-542.08,-747.644
146,99,30,6619.4141,-923.472,-1214.02
148,99,30,6641.0503,-1326.16,-1693.618
150,99,30,6655.4741,-1757.8879,-2190.0439
152,99,30,6648.2622,-2226.3999,-2710.51
154,99,30,6604.9902,-2733.6321,-3257.4202
156,99,30,6510.0322,-3275.7119,-3817.552
158,99,30,6345.3579,-3848.7681,-4389.7041
160,99,30,6092.938,-4439.248,-4961.856
162,99,30,5737.146,-5031.6641,-5517.1802
164,99,30,5275.5781,-5604.7197,-6040.0503
166,99,30,4707.0322,-6127.4399,-6507.6279
168,99,30,4041.124,-6586.272,-6900.6821
170,99,30,3293.48,-6948.3042,-7209.5962
172,99,30,2483.332,-7198.0479,-7405.522
174,99,30,1643.134,-7325.8237,-7493.2681
176,99,30,812.552,-7325.8237,-7460.814
178,99,30,13.222,-7199.9839,-7326.1899
180,99,30,-721.2,-6967.6641,-7090.5981
182,99,30,-1369.078,-6640.48,-6774.4722
184,99,30,-1915.988,-6243.6001,-6395.8423
186,99,30,-2349.9102,-5802.1919,-5976.3442
188,99,30,-2680.46,-5337.5518,-5527.998
190,99,30,-2911.2441,-4872.9121,-5080.854
192,99,30,-3057.8879,-4419.8882,-4642.124
194,99,30,-3131.21,-3990.0959,-4221.4243
196,99,30,-3146.8359,-3591.28,-3827.168
198,99,30,-3117.988,-3227.312,-3462.9622
200,99,30,-3056.686,-2896.2561,-3127.604
202,99,30,-2970.1421,-2598.1121,-2824.7
204,99,30,-2866.77,-2330.9441,-2548.24
206,99,30,-2753.782,-2094.752,-2301.8301
206,97,30,-2532.614,-2141.2161,-2151.5801
204,97,30,-2617.9561,-2369.6641,-2361.9299
202,97,30,-2693.6821,-2625.2161,-2599.926
200,97,30,-2750.176,-2909.8081,-2861.9622
198,97,30,-2782.6301,-3221.5039,-3146.8359
196,97,30,-2779.0242,-3560.304,-3453.3459
194,97,30,-2735.752,-3922.3359,-3781.4922
192,97,30,-2637.188,-4309.5361,-4127.668
190,97,30,-2477.322,-4710.2881,-4484.6621
188,97,30,-2245.3359,-5116.8481,-4845.2622
186,97,30,-1929.2101,-5517.6001,-5197.4482
184,97,30,-1530.146,-5887.376,-5526.7959
182,97,30,-1042.134,-6224.2397,-5824.8921
180,97,30,-472.386,-6493.3437,-6068.8979
178,97,30,167.078,-6686.9438,-6251.6021
176,97,30,853.42,-6783.7441,-6352.5703
174,97,30,1567.4081,-6777.936,-6371.8022
172,97,30,2288.6082,-6667.584,-6300.8843
170,97,30,2989.374,-6450.752,-6145.8262
168,97,30,3642.0601,-6139.0562,-5904.2241
166,97,30,4235.8481,-5746.0479,-5591.7041
164,97,30,4744.2939,-5293.0239,-5219.084
162,97,30,5172.2061,-4791.6001,-4793.5762
160,97,30,5514.7759,-4270.8159,-4341.624
158,97,30,5773.2061,-3738.416,-3868.0361
156,97,30,5958.314,-3215.696,-3388.438
154,97,30,6080.918,-2714.272,-2914.8501
152,97,30,6154.2402,-2234.144,-2447.272
150,97,30,6192.7041,-1781.12,-1992.916
148,97,30,6207.1279,-1357.136,-1555.3881
146,97,30,6208.3301,-952.512,-1128.678
144,97,30,6203.522,-569.184,-715.19
142,97,30,6198.7144,-191.664,-302.904
140,97,30,6195.1079,180.048,102.17
138,97,30,6191.502,555.632,510.85
136,97,30,6190.3003,938.96,924.338
134,97,30,6181.8862,1335.84,1341.432
132,97,30,6161.4521,1757.8879,1775.354
130,97,30,6118.1802,2203.168,2220.094
128,97,30,6040.0503,2677.488,2679.2581
126,97,30,5913.8403,3171.168,3146.8359
124,97,30,5727.5303,3680.3359,3612.01
122,97,30,5470.3022,4195.312,4073.5781
120,97,30,5131.3379,4700.6079,4518.3179
118,97,30,4709.436,5180.7358,4931.8062
116,97,30,4204.5962,5616.3359,5299.6182
114,97,30,3630.04,5982.2397,5607.3301
112,97,30,2989.374,6272.6401,5848.9321
110,97,30,2310.2441,6468.1758,6010.0
108,97,30,1614.286,6566.9121,6090.5342
106,97,30,923.136,6559.168,6084.5239
104,97,30,263.238,6458.4961,6000.3843
102,97,30,-353.388,6266.832,5845.3262
100,97,30,-906.308,6003.5361,5627.7642
98,97,30,-1381.098,5682.1602,5357.314
96,97,30,-1776.556,5318.1919,5048.3999
94,97,30,-2084.2681,4936.7998,4722.6582
92,97,30,-2319.8601,4545.728,4388.502
90,97,30,-2483.332,4158.5278,4050.74
88,97,30,-2586.7041,3784.8799,3721.3921
86,97,30,-2639.592,3432.5281,3404.064
84,97,30,-2649.208,3105.344,3107.1702
82,97,30,-2627.572,2803.3279,2829.5081
80,97,30,-2580.6941,2526.48,2573.4819
80,95,30,-2322.2642,2522.6079,2364.334
82,95,30,-2345.1021,2778.1599,2578.29
84,95,30,-2343.9001,3058.8799,2812.6799
86,95,30,-2313.8501,3358.96,3062.696
88,95,30,-2244.134,3678.3999,3325.9341
90,95,30,-2128.7419,4011.3921,3596.384
92,95,30,-1961.6641,4352.1279,3875.248
94,95,30,-1734.4861,4690.9277,4146.8999
96,95,30,-1442.4,5020.0479,4410.1382
98,95,30,-1083.0021,5327.8721,4650.5381
100,95,30,-657.494,5596.9761,4864.4941
102,95,30,-168.28,5815.7441,5032.7739
104,95,30,369.014,5972.5601,5152.9741
106,95,30,938.762,6050.0,5213.0742
108,95,30,1538.5601,6048.064,5211.8721
110,95,30,2140.762,5960.9438,5144.5601
112,95,30,2730.9441,5790.5762,5012.3403
114,95,30,3287.47,5540.832,4817.6162
116,95,30,3798.3201,5223.3281,4567.6001
118,95,30,4251.4741,4845.8081,4269.5039
120,95,30,4640.9219,4425.6958,3929.3381
122,95,30,4963.0581,3982.3521,3567.5361
124,95,30,5217.8823,3521.584,3182.896
126,95,30,5415.0103,3060.8159,2789.842
128,95,30,5559.25,2603.9199,2393.1821
130,95,30,5657.814,2160.5759,1996.5221
132,95,30,5723.9243,1736.592,1609.478
134,95,30,5767.1963,1328.0959,1227.2421
136,95,30,5793.6401,935.088,853.42
138,95,30,5808.064,555.632,484.406
140,95,30,5816.478,181.984,116.594
142,95,30,5820.084,-191.664,-250.016
144,95,30,5818.8823,-565.312,-616.626
146,95,30,5811.6699,-946.704,-985.64
148,95,30,5793.6401,-1343.584,-1364.27
150,95,30,5756.3779,-1754.016,-1747.708
152,95,30,5696.2783,-2181.8721,-2140.762
154,95,30,5603.7241,-2631.0239,-2541.0281
156,95,30,5465.4941,-3091.792,-2941.2939
158,95,30,5274.376,-3564.176,-3346.3682
160,95,30,5023.1582,-4038.4961,-3740.624
162,95,30,4703.4263,-4505.0718,-4119.2539
164,95,30,4313.978,-4938.7358,-4464.228
166,95,30,3859.6221,-5337.5518,-4775.5459
168,95,30,3339.156,-5678.2881,-5037.582
170,95,30,2765.802,-5949.3281,-5239.5181
172,95,30,2162.3979,-6139.0562,-5374.1421
174,95,30,1536.156,-6243.6001,-5445.0601
176,95,30,919.53,-6255.2158,-5439.0503
178,95,30,322.136,-6181.6479,-5368.1323
180,95,30,-236.794,-6026.7681,-5238.3159
182,95,30,-745.24,-5804.1279,-5052.0059
184,95,30,-1183.97,-5529.2158,-4826.0303
186,95,30,-1550.5801,-5213.6479,-4568.8022
188,95,30,-1849.8781,-4874.8481,-4287.5342
190,95,30,-2080.6621,-4520.5601,-3996.6501
192,95,30,-2248.9421,-4168.208,-3705.7661
194,95,30,-2361.9299,-3823.6001,-3417.2861
196,95,30,-2428.04,-3494.48,-3144.4321
198,95,30,-2455.686,-3182.7839,-2878.79
200,95,30,-2449.676,-2894.3201,-2633.582
202,95,30,-2419.626,-2627.1521,-2401.5959
204,95,30,-2370.344,-2383.2161,-2192.448
206,95,30,-2306.6379,-2160.5759,-1998.926
206,93,30,-2103.5,-2162.512,-1857.0901
204,93,30,-2146.772,-2369.6641,-2019.36
202,93,30,-2175.6201,-2598.1121,-2200.8621
200,93,30,-2185.2361,-2847.856,-2395.5859
198,93,30,-2170.812,-3113.0879,-2602.3301
196,93,30,-2126.3381,-3395.7439,-2823.498
194,93,30,-2045.8041,-3690.0159,-3053.0801
192,93,30,-1924.402,-3993.968,-3288.6721
190,93,30,-1754.92,-4301.792,-3526.668
188,93,30,-1532.55,-4603.8081,-3759.856
186,93,30,-1252.484,-4896.144,-3984.6301
184,93,30,-918.328,-5159.4399,-4188.9702
182,93,30,-524.072,-5387.8882,-4366.8662
180,93,30,-79.332,-5571.8081,-4511.106
178,93,30,409.882,-5697.6479,-4610.8721
176,93,30,929.146,-5751.856,-4664.9619
174,93,30,1466.4401,-5734.4321,-4664.9619
172,93,30,2007.3401,-5641.5039,-4607.2661
170,93,30,2536.22,-5475.0078,-4496.6821
168,93,30,3036.252,-5236.8799,-4333.21
166,93,30,3497.8201,-4940.6719,-4122.8599
164,93,30,3906.5,-4598.0,-3872.844
162,93,30,4264.6963,-4212.7358,-3586.7681
160,93,30,4565.1963,-3802.304,-3275.45
158,93,30,4810.4043,-3380.2561,-2946.1021
156,93,30,5002.7241,-2950.4639,-2608.3401
154,93,30,5148.166,-2528.416,-2265.77
152,93,30,5255.144,-2112.176,-1920.796
150,93,30,5329.668,-1709.488,-1580.63
148,93,30,5378.9502,-1316.48,-1244.0701
146,93,30,5411.4043,-935.088,-911.116
144,93,30,5428.2319,-563.376,-582.97
142,93,30,5434.2422,-195.536,-254.824
140,93,30,5430.6362,168.432,69.716
138,93,30,5417.4141,534.336,396.66
136,93,30,5395.7783,906.048,724.806
134,93,30,5359.7183,1283.568,1055.3561
132,93,30,5305.6279,1672.704,1390.714
130,93,30,5226.2959,2073.4561,1729.678
128,93,30,5113.3081,2483.8879,2067.4399
126,93,30,4964.2603,2902.064,2408.8081
124,93,30,4769.5361,3316.3679,2741.762
122,93,30,4524.3281,3728.7361,3066.302
120,93,30,4223.8281,4121.7441,3371.6101
118,93,30,3872.844,4487.6479,3650.4741
116,93,30,3467.77,4816.7681,3900.49
114,93,30,3020.626,5089.7441,4104.8301
112,93,30,2533.8162,5308.5122,4268.3022
110,93,30,2024.1681,5459.52,4384.896
108,93,30,1501.298,5542.7681,4447.3999
106,93,30,983.236,5554.3838,4458.2183
104,93,30,486.81,5494.3682,4419.7539
102,93,30,14.424,5374.3359,4335.6143
100,93,30,-418.296,5196.2241,4208.2021
98,93,30,-802.936,4971.6479,4048.3362
96,93,30,-1134.688,4714.1602,3860.824
94,93,30,-1408.744,4435.376,3652.8782
92,93,30,-1631.114,4141.104,3430.5081
90,93,30,-1801.798,3844.896,3210.542
88,93,30,-1925.604,3546.752,2985.7681
86,93,30,-2009.744,3262.1599,2765.802
84,93,30,-2059.0261,2989.1841,2555.4521
82,93,30,-2079.46,2731.696,2352.314
80,93,30,-2073.45,2491.6321,2162.3979
80,91,30,-1851.0801,2445.168,1979.6941
82,91,30,-1839.0601,2662.0,2135.9541
84,91,30,-1805.4041,2896.2561,2305.436
86,91,30,-1745.3041,3142.1279,2480.928
88,91,30,-1652.75,3397.6799,2664.834
90,91,30,-1527.7421,3659.04,2849.9421
92,91,30,-1360.6641,3916.5281,3033.8481
94,91,30,-1150.314,4172.0801,3212.946
96,91,30,-896.692,4410.208,3380.0242
98,91,30,-596.192,4627.04,3529.072
100,91,30,-251.218,4812.896,3657.686
102,91,30,129.816,4960.0317,3755.0481
104,91,30,546.91,5056.832,3819.9561
106,91,30,982.034,5099.4238,3846.4001
108,91,30,1433.9861,5083.936,3834.3801
110,91,30,1888.342,5008.4321,3781.4922
112,91,30,2336.688,4874.8481,3686.5342
114,91,30,2763.3979,4683.1841,3550.708
116,91,30,3160.0581,4441.1841,3378.822
118,91,30,3523.062,4154.6558,3174.4822
120,91,30,3845.198,3831.344,2941.2939
122,91,30,4124.062,3484.8,2688.874
124,91,30,4359.6543,3115.0239,2413.616
126,91,30,4550.772,2739.4399,2132.3481
128,91,30,4704.6279,2356.1121,1840.2621
130,91,30,4822.4243,1978.592,1548.176
132,91,30,4912.5742,1603.0079,1253.686
134,91,30,4977.4819,1233.2319,959.196
136,91,30,5019.5522,873.136,669.514
138,91,30,5048.3999,514.976,375.024
140,91,30,5064.0259,162.624,85.342
142,91,30,5068.834,-187.792,-203.138
144,91,30,5059.2183,-544.016,-494.022
146,91,30,5036.3799,-902.176,-788.512
148,91,30,4997.916,-1266.144,-1079.396
150,91,30,4939.0181,-1635.92,-1375.088
152,91,30,4856.0801,-2013.4399,-1669.578
154,91,30,4743.0923,-2396.7681,-1966.472
156,91,30,4597.6499,-2783.968,-2258.5581
158,91,30,4411.3398,-3167.2959,-2545.8359
160,91,30,4180.5562,-3546.752,-2822.2961
162,91,30,3904.0962,-3908.7839,-3084.332
164,91,30,3580.7581,-4247.584,-3324.7322
166,91,30,3214.1479,-4551.5361,-3537.4861
168,91,30,2805.468,-4812.896,-3715.3821
170,91,30,2366.738,-5020.0479,-3854.814
172,91,30,1903.968,-5171.0562,-3955.782
174,91,30,1433.9861,-5256.2397,-4008.6702
176,91,30,967.61,-5279.4722,-4018.2861
178,91,30,510.85,-5240.752,-3984.6301
180,91,30,80.534,-5143.9521,-3911.3081
182,91,30,-316.126,-4996.8159,-3804.3301
184,91,30,-670.716,-4807.0879,-3667.302
186,91,30,-978.428,-4584.4478,-3507.436
188,91,30,-1238.0601,-4338.5762,-3330.7419
190,91,30,-1452.016,-4077.2161,-3142.0281
192,91,30,-1621.498,-3810.0481,-2949.708
194,91,30,-1748.91,-3540.9441,-2753.782
196,91,30,-1839.0601,-3279.584,-2561.4622
198,91,30,-1896.756,-3025.968,-2372.748
200,91,30,-1928.0081,-2783.968,-2194.8521
202,91,30,-1936.422,-2555.52,-2024.1681
204,91,30,-1925.604,-2342.5601,-1863.1
206,91,30,-1899.16,-2145.0879,-1715.254
206,89,30,-1718.86,-2114.1121,-1587.842
204,89,30,-1730.88,-2296.0959,-1712.85
202,89,30,-1729.678,-2493.5679,-1848.676
200,89,30,-1710.446,-2702.656,-1992.916
198,89,30,-1668.376,-2921.4241,-2144.3679
196,89,30,-1601.0641,-3147.936,-2300.6279
194,89,30,-1506.1061,-3382.1919,-2460.4941
192,89,30,-1377.4921,-3616.448,-2622.7642
190,89,30,-1214.02,-3848.7681,-2780.2261
188,89,30,-1013.286,-4073.344,-2935.2839
186,89,30,-771.684,-4282.4321,-3078.322
184,89,30,-492.82,-4468.2881,-3205.7341
182,89,30,-174.29,-4627.04,-3316.3181
180,89,30,176.694,-4747.0718,-3400.458
178,89,30,555.324,-4820.6401,-3455.75
176,89,30,956.792,-4847.7441,-3479.79
174,89,30,1367.876,-4822.5762,-3468.9722
172,89,30,1781.364,-4743.2002,-3422.094
170,89,30,2187.6401,-4605.7441,-3339.156
168,89,30,2573.4819,-4423.7598,-3224.9661
166,89,30,2937.688,-4193.376,-3075.918
164,89,30,3267.0361,-3926.208,-2901.6282
162,89,30,3563.9302,-3628.064,-2702.0959
160,89,30,3819.9561,-3302.8159,-2482.1301
158,89,30,4037.5181,-2964.0159,-2248.9421
156,89,30,4217.8179,-2617.4719,-2006.1381
154,89,30,4363.2603,-2265.1199,-1754.92
152,89,30,4478.6519,-1910.832,-1500.0961
150,89,30,4566.3979,-1560.416,-1242.868
148,89,30,4631.3062,-1211.936,-985.64
146,89,30,4676.9819,-867.328,-727.21
144,89,30,4702.2241,-526.592,-469.982
142,89,30,4714.2441,-189.728,-211.552
140,89,30,4711.8398,149.072,44.474
138,89,30,4695.0122,485.936,304.106
136,89,30,4662.5581,826.672,560.132
134,89,30,4615.6802,1167.408,818.562
132,89,30,4547.166,1515.8879,1078.194
130,89,30,4455.814,1864.368,1335.422
128,89,30,4335.6143,2212.8479,1590.246
126,89,30,4187.7681,2561.3279,1841.464
124,89,30,4003.8621,2902.064,2084.2681
122,89,30,3786.3,3231.1841,2316.2542
120,89,30,3530.2742,3540.9441,2532.614
118,89,30,3239.3901,3827.4719,2732.146
116,89,30,2914.8501,4081.0879,2904.032
114,89,30,2563.866,4294.0479,3050.676
112,89,30,2186.438,4464.416,3168.4722
110,89,30,1795.7881,4586.3838,3251.4102
108,89,30,1397.926,4656.0801,3301.894
106,89,30,1001.266,4677.376,3319.9241
104,89,30,615.424,4648.3359,3305.5
102,89,30,248.814,4570.896,3258.6221
100,89,30,-92.554,4452.7998,3186.502
98,89,30,-402.67,4299.856,3089.1401
96,89,30,-677.928,4117.8721,2972.5461
94,89,30,-914.722,3916.5281,2840.3262
92,89,30,-1116.6581,3697.76,2694.884
90,89,30,-1280.13,3473.1841,2545.8359
88,89,30,-1408.744,3242.8,2391.98
86,89,30,-1507.308,3016.2881,2240.5281
84,89,30,-1577.024,2793.6479,2091.48
82,89,30,-1621.498,2582.624,1946.0381
80,89,30,-1645.5381,2381.28,1806.6061
