x,y,z,Bx,By,Bz
125,120,0,13921.5645,-15429.9199,-5447.4639
127,120,0,13907.1406,-11209.4395,-3946.166
129,120,0,13879.4941,-8396.4316,-2836.72
131,120,0,13812.1826,-6340.3999,-2024.1681
133,120,0,12928.7119,-4694.7998,-1399.1281
135,120,0,11683.4404,-3320.24,-913.52
137,120,0,10763.9102,-2116.0481,-519.264
139,120,0,10226.6162,-1012.528,-180.3
141,120,0,10029.4883,44.528,129.816
143,120,0,10142.4766,1111.264,443.538
145,120,0,10586.0146,2234.144,781.3
147,120,0,11385.3438,3451.8879,1164.738
149,120,0,12558.4961,4840.0,1627.5081
151,120,0,13621.0645,6473.9839,2205.6699
153,120,0,13866.2725,8562.9277,2961.728
155,120,0,13901.1299,11372.0635,3971.408
157,120,0,13916.7559,15445.4082,5320.0522
157,122,0,13896.3223,19057.9844,4119.2539
155,122,0,13868.6758,14065.04,3158.856
153,122,0,13583.8027,10539.584,2400.394
151,122,0,12333.7227,7924.0479,1817.4241
149,122,0,10976.6641,5875.7598,1364.27
147,122,0,9983.8125,4172.0801,998.862
145,122,0,9319.1064,2681.3601,692.352
143,122,0,8942.8799,1322.288,424.306
141,122,0,8841.9121,30.976,176.694
139,122,0,8996.9697,-1258.4,-68.514
137,122,0,9432.0938,-2621.344,-336.56
135,122,0,10173.7285,-4119.8081,-643.07
133,122,0,11292.79,-5869.9521,-1020.498
131,122,0,12768.8467,-7999.5518,-1498.894
129,122,0,13800.1621,-10740.9277,-2117.9241
127,122,0,13881.8984,-14570.3359,-2948.5061
125,122,0,13903.5342,-20337.6797,-4039.9221
125,124,0,13741.2646,-21646.416,-2390.7781
127,124,0,13052.5186,-16521.8242,-1783.7681
129,124,0,11648.582,-12330.3838,-1289.746
131,124,0,10311.958,-9228.9121,-907.51
133,124,0,9238.5723,-6777.936,-604.606
135,124,0,8445.252,-4778.0479,-360.6
137,124,0,7895.938,-3053.072,-157.462
139,124,0,7567.792,-1498.464,22.838
141,124,0,7446.3901,-30.976,192.32
143,124,0,7505.2881,1432.64,363.004
145,124,0,7773.334,2973.696,548.112
147,124,0,8234.9023,4652.208,758.462
149,124,0,8916.4365,6574.6558,1009.68
151,124,0,9814.3301,8855.2637,1312.584
153,124,0,10949.0186,11732.1602,1687.608
155,124,0,12283.2383,15468.6396,2157.5901
157,124,0,13334.9883,20459.6484,2724.9341
157,126,0,8138.7422,20436.416,1393.118
155,126,0,8106.2881,15933.2803,1176.7581
153,126,0,7710.8301,12324.5762,971.216
151,126,0,7228.8281,9418.6396,796.926
149,126,0,6758.8462,7035.4238,647.878
147,126,0,6365.792,5006.4961,524.072
145,126,0,6089.332,3204.0801,415.892
143,126,0,5919.8501,1554.608,320.934
141,126,0,5871.77,-32.912,233.188
139,126,0,5945.0923,-1622.368,149.048
137,126,0,6136.21,-3302.8159,64.908
135,126,0,6449.9321,-5153.6318,-25.242
133,126,0,6876.6421,-7290.9761,-129.816
131,126,0,7394.7041,-9852.3037,-250.016
129,126,0,7928.3921,-13015.7275,-388.246
127,126,0,8335.8701,-17058.0957,-550.516
125,126,0,8233.7002,-21615.4395,-730.816
125,128,0,2866.77,-21104.3359,770.482
127,128,0,3965.3982,-16821.9043,623.838
129,128,0,4429.3701,-13116.4004,500.032
131,128,0,4554.3779,-10107.8555,409.882
133,128,0,4515.9141,-7558.144,349.782
135,128,0,4423.3599,-5385.9521,311.318
137,128,0,4324.7959,-3478.9919,286.076
139,128,0,4255.0801,-1744.3359,271.652
141,128,0,4228.6362,-90.992,265.642
143,128,0,4244.2622,1552.672,263.238
145,128,0,4306.7661,3266.032,265.642
147,128,0,4393.3101,5111.04,269.248
149,128,0,4485.8643,7161.2642,271.652
151,128,0,4536.3481,9496.0801,268.046
153,128,0,4460.6221,12285.8555,248.814
155,128,0,4119.2539,15621.584,207.946
157,128,0,3285.0662,19578.7676,138.23
157,130,0,-776.492,18368.7676,-986.842
155,130,0,637.06,14943.9844,-694.756
153,130,0,1507.308,11941.248,-451.952
151,130,0,2022.9661,9354.752,-260.834
149,130,0,2306.6379,7114.7998,-116.594
147,130,0,2459.292,5112.9761,1.202
145,130,0,2535.0181,3281.52,100.968
143,130,0,2563.866,1570.0959,191.118
141,130,0,2569.876,-89.056,280.066
139,130,0,2551.8459,-1746.272,377.428
137,130,0,2504.968,-3488.6719,489.214
135,130,0,2405.2021,-5384.0161,628.646
133,130,0,2211.6799,-7492.3198,806.542
131,130,0,1854.686,-9904.5762,1036.124
129,130,0,1224.838,-12690.4795,1328.2101
127,130,0,147.846,-15958.4482,1700.8301
125,130,0,-1651.548,-19801.4082,2139.5601
125,132,0,-5427.0303,-18165.4883,3335.55
127,132,0,-3170.876,-14895.584,2694.884
129,132,0,-1646.74,-12016.752,2123.9341
131,132,0,-649.08,-9515.4404,1657.558
133,132,0,14.424,-7271.6157,1276.524
135,132,0,439.932,-5279.4722,973.62
137,132,0,701.968,-3459.6321,724.806
139,132,0,851.016,-1759.824,516.86
141,132,0,908.712,-133.584,331.752
143,132,0,883.47,1490.72,152.654
145,132,0,778.896,3167.2959,-28.848
147,132,0,566.142,4929.0562,-228.38
149,132,0,218.764,6828.272,-455.558
151,132,0,-328.146,8913.3438,-732.018
153,132,0,-1169.546,11263.6475,-1076.9921
155,132,0,-2425.636,13914.0322,-1497.692
157,132,0,-4281.5239,16903.2168,-1985.704
157,134,0,-7282.918,15348.6084,-2851.144
155,134,0,-5125.3281,12818.2559,-2222.498
153,134,0,-3574.748,10493.1201,-1661.1641
151,134,0,-2478.5239,8384.8164,-1189.98
149,134,0,-1723.6681,6473.9839,-799.33
147,134,0,-1211.616,4702.5439,-471.184
145,134,0,-888.278,3035.6479,-182.704
143,134,0,-718.796,1446.192,80.534
141,134,0,-677.928,-114.224,338.964
139,134,0,-765.674,-1672.704,605.808
137,134,0,-991.65,-3293.136,902.702
135,134,0,-1384.704,-4998.752,1248.8781
133,134,0,-1991.714,-6837.9521,1664.77
131,134,0,-2881.1941,-8863.0078,2173.2161
129,134,0,-4164.9302,-11073.9199,2793.448
127,134,0,-6018.4141,-13561.6797,3543.4961
125,134,0,-8662.8145,-16334.0322,4388.502
125,136,0,-11296.3965,-14504.5117,5270.77
127,136,0,-8445.252,-12218.0957,4294.7461
129,136,0,-6373.0039,-10100.1123,3414.8821
131,136,0,-4899.3521,-8173.792,2676.854
133,136,0,-3837.9861,-6367.5039,2057.824
135,136,0,-3101.1602,-4700.6079,1546.974
137,136,0,-2613.1479,-3120.832,1113.052
139,136,0,-2323.4661,-1610.752,735.624
141,136,0,-2209.2761,-143.264,391.852
143,136,0,-2258.5581,1322.288,58.898
145,136,0,-2471.312,2818.8159,-282.47
147,136,0,-2878.79,4363.7441,-652.686
149,136,0,-3500.2241,5988.0479,-1070.9821
151,136,0,-4394.5122,7701.4077,-1555.3881
153,136,0,-5665.0259,9565.7764,-2137.156
155,136,0,-7416.3403,11577.2803,-2819.8921
157,136,0,-9815.5322,13728.1758,-3589.1721
157,138,0,-11945.4766,12150.3359,-4209.4043
155,138,0,-9444.1143,10361.4717,-3366.802
153,138,0,-7553.3682,8644.2402,-2589.1082
151,138,0,-6151.8359,7021.8721,-1917.1901
149,138,0,-5137.3481,5498.2397,-1349.8461
147,138,0,-4414.9463,4034.624,-857.026
145,138,0,-3940.156,2621.344,-415.892
143,138,0,-3681.7261,1237.104,-7.212
141,138,0,-3622.8281,-120.032,391.852
139,138,0,-3751.4421,-1475.2319,800.532
137,138,0,-4078.386,-2861.408,1246.474
135,138,0,-4631.3062,-4292.1118,1754.92
133,138,0,-5461.8882,-5790.5762,2349.9102
131,138,0,-6629.0303,-7370.3521,3062.696
129,138,0,-8224.084,-9023.6963,3906.5
127,138,0,-10416.5322,-10791.2637,4904.1602
125,138,0,-13176.3242,-12644.0156,6008.7983
125,140,0,-13808.5762,-10920.9756,6611.0
127,140,0,-12099.332,-9459.2959,5439.0503
129,140,0,-9860.0059,-8009.2319,4368.0679
131,140,0,-8195.2363,-6609.5039,3448.5381
133,140,0,-6951.166,-5231.0718,2658.824
135,140,0,-6064.0903,-3906.8479,1992.916
137,140,0,-5460.686,-2619.408,1417.1581
139,140,0,-5100.0859,-1368.752,909.914
141,140,0,-4954.644,-133.584,441.134
143,140,0,-5023.1582,1099.6479,-15.626
145,140,0,-5303.2241,2356.1121,-488.012
147,140,0,-5818.8823,3633.8721,-992.852
149,140,0,-6592.9702,4936.7998,-1552.984
151,140,0,-7671.1641,6280.3838,-2191.2461
153,140,0,-9148.4219,7687.856,-2940.092
155,140,0,-11112.4902,9143.7275,-3793.512
157,140,0,-13374.6543,10628.6396,-4717.8501
157,142,0,-13809.7783,9228.9121,-5126.5303
155,142,0,-12517.6279,8018.9121,-4169.7383
153,142,0,-10554.7617,6799.2319,-3261.0261
151,142,0,-9025.8184,5593.104,-2454.4841
149,142,0,-7895.938,4421.8242,-1759.728
147,142,0,-7071.3662,3266.032,-1143.1021
145,142,0,-6520.8501,2127.6641,-588.98
143,142,0,-6213.1382,1004.784,-70.918
141,142,0,-6135.0083,-104.544,436.326
139,142,0,-6278.0459,-1211.936,954.388
137,142,0,-6651.8682,-2332.8799,1514.52
135,142,0,-7275.7061,-3473.1841,2141.9641
133,142,0,-8189.2261,-4632.8481,2865.5681
131,142,0,-9450.124,-5813.8081,3712.978
129,142,0,-11135.3281,-6992.832,4702.2241
127,142,0,-13142.668,-8181.5361,5841.7202
125,142,0,-13859.0605,-9337.3281,7086.9922
125,144,0,-13873.4844,-7956.96,7466.8242
127,144,0,-13652.3164,-7052.8481,6199.916
129,144,0,-12273.6221,-6082.9121,5018.3501
131,144,0,-10618.4678,-5093.6162,3991.842
133,144,0,-9343.1465,-4084.96,3095.1501
135,144,0,-8410.3945,-3082.1121,2325.8701
137,144,0,-7768.5264,-2085.072,1652.75
139,144,0,-7380.2803,-1093.84,1046.942
141,144,0,-7226.4243,-112.288,485.608
143,144,0,-7304.5542,869.264,-63.706
145,144,0,-7618.2764,1870.176,-628.646
147,144,0,-8182.0142,2873.0239,-1233.2521
149,144,0,-9018.6064,3883.616,-1896.756
151,144,0,-10167.7178,4898.0801,-2640.7939
153,144,0,-11705.0762,5920.2881,-3493.012
155,144,0,-13363.8359,6934.752,-4442.5923
157,144,0,-13861.4639,7924.0479,-5447.4639
157,146,0,-13868.6758,6770.1919,-5704.6919
155,146,0,-13717.2246,5970.624,-4691.4062
153,146,0,-12648.6465,5128.4639,-3712.978
151,146,0,-11181.0039,4265.0078,-2829.5081
149,146,0,-10023.4785,3399.616,-2049.4102
147,146,0,-9167.6543,2526.48,-1351.048
145,146,0,-8583.4824,1651.408,-711.584
143,146,0,-8256.5381,782.144,-114.19
141,146,0,-8168.792,-85.184,469.982
139,146,0,-8310.6279,-946.704,1064.972
137,146,0,-8691.6621,-1812.0959,1703.234
135,146,0,-9326.3184,-2679.4241,2412.4141
133,146,0,-10247.0498,-3540.9441,3218.9561
131,146,0,-11498.332,-4398.5918,4150.5059
129,146,0,-12969.5801,-5225.2642,5216.6802
127,146,0,-13829.0098,-6024.832,6433.104
125,146,0,-13881.8984,-6752.7681,7740.8804
125,148,0,-13885.5039,-5717.0078,7956.0381
127,148,0,-13856.6563,-5128.4639,6649.4644
129,148,0,-13474.4199,-4476.0317,5418.6162
131,148,0,-12310.8838,-3788.752,4334.4121
133,148,0,-11083.6426,-3066.624,3377.6201
135,148,0,-10166.5166,-2330.9441,2542.23
137,148,0,-9531.8604,-1583.6479,1805.4041
139,148,0,-9149.624,-836.352,1135.89
141,148,0,-9002.9805,-85.184,508.446
143,148,0,-9090.7266,665.984,-105.776
145,148,0,-9417.6699,1422.96,-735.624
147,148,0,-9998.2363,2174.1279,-1405.1381
149,148,0,-10845.6465,2917.552,-2131.146
151,148,0,-11986.3438,3647.4241,-2937.688
153,148,0,-13240.0303,4363.7441,-3848.804
155,148,0,-13841.0303,5058.7681,-4854.8779
157,148,0,-13883.1006,5707.3281,-5900.6182
157,150,0,-13887.9082,4764.4961,-6052.0703
155,150,0,-13859.0605,4249.52,-5011.1382
153,150,0,-13582.6006,3684.208,-3993.0442
151,150,0,-12640.2324,3091.792,-3066.302
149,150,0,-11572.8564,2485.824,-2240.5281
147,150,0,-10732.6582,1862.432,-1497.692
145,150,0,-10146.082,1223.552,-807.744
143,150,0,-9815.5322,580.8,-155.058
141,150,0,-9721.7764,-61.952,482.002
139,150,0,-9851.5918,-702.768,1129.88
137,150,0,-10220.6064,-1341.6479,1819.828
135,150,0,-10837.2324,-1972.7839,2578.29
133,150,0,-11725.5098,-2596.176,3432.9121
131,150,0,-12814.5225,-3200.208,4412.542
129,150,0,-13658.3262,-3771.3279,5515.978
127,150,0,-13863.8682,-4311.4722,6766.0581
125,150,0,-13892.7158,-4789.6641,8088.2583
125,152,0,-13886.7061,-3976.5439,8189.2261
127,152,0,-13874.6865,-3587.408,6875.4399
129,152,0,-13792.9502,-3151.8079,5631.3701
131,152,0,-13238.8281,-2685.2319,4520.7222
133,152,0,-12307.2783,-2187.6799,3535.082
135,152,0,-11437.0303,-1668.832,2667.238
137,152,0,-10824.0098,-1138.368,1891.948
139,152,0,-10456.1982,-602.096,1182.7681
141,152,0,-10322.7764,-63.888,515.658
143,152,0,-10415.3301,478.192,-138.23
145,152,0,-10741.0723,1020.272,-808.946
147,152,0,-11313.2246,1548.8,-1514.52
149,152,0,-12140.2002,2065.7119,-2276.5881
151,152,0,-13059.7305,2561.3279,-3115.584
153,152,0,-13725.6387,3039.52,-4057.9521
155,152,0,-13863.8682,3482.864,-5089.2681
157,152,0,-13889.1104,3889.4241,-6148.23
157,154,0,-13891.5146,3084.0481,-6210.7339
155,154,0,-13871.0801,2787.8401,-5166.1963
153,154,0,-13819.3945,2447.104,-4138.4858
151,154,0,-13403.502,2075.3921,-3196.1182
149,154,0,-12599.3643,1682.384,-2349.9102
147,154,0,-11820.4678,1264.208,-1574.62
145,154,0,-11253.124,834.416,-860.632
143,154,0,-10926.1807,394.944,-182.704
141,154,0,-10827.6162,-46.464,482.002
139,154,0,-10947.8164,-491.744,1159.9301
137,154,0,-11301.2041,-931.216,1878.7261
135,154,0,-11890.1846,-1364.88,2664.834
133,154,0,-12671.4844,-1784.9919,3543.4961
131,154,0,-13476.8242,-2189.616,4539.9541
129,154,0,-13835.0205,-2563.2639,5657.814
127,154,0,-13873.4844,-2909.8081,6918.7119
125,154,0,-13893.918,-3219.5679,8233.7002
125,156,0,-13892.7158,-2524.5439,8255.3359
127,156,0,-13871.0801,-2294.1599,6951.166
129,156,0,-13843.4346,-2032.8,5708.2983
131,156,0,-13591.0146,-1746.272,4597.6499
133,156,0,-12964.7725,-1432.64,3601.1921
135,156,0,-12285.6426,-1097.712,2717.7222
137,156,0,-11709.8838,-755.04,1926.806
139,156,0,-11361.3047,-400.752,1199.5961
141,156,0,-11239.9023,-46.464,514.456
143,156,0,-11334.8604,305.888,-156.26
145,156,0,-11655.7939,656.304,-846.208
147,156,0,-12202.7041,993.168,-1569.812
149,156,0,-12881.834,1316.48,-2348.708
151,156,0,-13546.54,1614.624,-3197.3201
153,156,0,-13837.4238,1889.536,-4145.6982
155,156,0,-13873.4844,2129.6001,-5174.6099
157,156,0,-13887.9082,2329.0081,-6239.582
157,158,0,-13891.5146,1618.496,-6237.1782
155,158,0,-13880.6963,1515.8879,-5202.2559
153,158,0,-13849.4443,1364.88,-4179.354
151,158,0,-13637.8926,1180.96,-3234.582
149,158,0,-13118.6279,971.872,-2388.374
147,158,0,-12512.8203,741.488,-1611.8821
145,158,0,-11986.3438,491.744,-888.278
143,158,0,-11666.6123,228.448,-200.734
141,158,0,-11563.2402,-38.72,475.992
139,158,0,-11675.0264,-305.888,1161.1321
137,158,0,-12006.7783,-571.12,1889.5441
135,158,0,-12540.4658,-832.48,2686.47
133,158,0,-13161.9004,-1078.3521,3566.334
131,158,0,-13667.9424,-1310.672,4566.3979
129,158,0,-13851.8486,-1512.016,5677.0459
127,158,0,-13873.4844,-1694.0,6918.7119
125,158,0,-13893.918,-1841.136,8226.4883
125,160,0,-13897.5244,-1184.832,8166.3882
127,160,0,-13875.8887,-1124.816,6888.6621
129,160,0,-13854.252,-1029.952,5667.4302
131,160,0,-13714.8203,-907.984,4570.0039
133,160,0,-13312.1504,-760.848,3586.7681
135,160,0,-12711.1504,-592.416,2708.106
137,160,0,-12242.3701,-416.24,1920.796
139,160,0,-11917.8301,-228.448,1197.192
141,160,0,-11804.8418,-38.72,510.85
143,160,0,-11901.002,149.072,-165.876
145,160,0,-12207.5127,332.992,-858.228
147,160,0,-12676.292,501.424,-1581.832
149,160,0,-13258.0605,650.496,-2355.9199
151,160,0,-13684.7705,776.336,-3200.926
153,160,0,-13849.4443,873.136,-4140.8901
155,160,0,-13874.6865,927.344,-5161.3882
157,160,0,-13889.1104,940.896,-6203.522
157,162,0,-13893.918,282.656,-6144.624
155,162,0,-13873.4844,367.84,-5131.3379
153,162,0,-13854.252,396.88,-4130.0723
151,162,0,-13711.2139,385.264,-3205.7341
149,162,0,-13351.8164,342.672,-2370.344
147,162,0,-12790.4824,272.976,-1602.266
145,162,0,-12362.5703,181.984,-884.672
143,162,0,-12062.0703,77.44,-201.936
141,162,0,-11959.9004,-36.784,473.588
139,162,0,-12063.2725,-149.072,1152.718
137,162,0,-12370.9844,-257.488,1870.312
135,162,0,-12806.1084,-360.096,2651.6121
133,162,0,-13373.4521,-447.216,3517.052
131,162,0,-13726.8398,-514.976,4490.6719
129,162,0,-13855.4541,-555.632,5576.0781
127,162,0,-13874.6865,-567.248,6785.29
125,162,0,-13893.918,-532.4,8053.4004
125,164,0,-13887.9082,90.992,7912.7661
127,164,0,-13875.8887,-32.912,6683.1201
129,164,0,-13859.0605,-108.416,5511.1699
131,164,0,-13741.2646,-145.2,4449.8042
133,164,0,-13397.4922,-152.944,3499.022
135,164,0,-12865.0059,-139.392,2652.814
137,164,0,-12451.5186,-110.352,1884.7361
139,164,0,-12158.2305,-71.632,1174.354
141,164,0,-12056.0605,-29.04,502.436
143,164,0,-12148.6143,11.616,-162.27
145,164,0,-12428.6807,44.528,-841.4
147,164,0,-12837.3604,60.016,-1552.984
149,164,0,-13368.6445,56.144,-2309.042
151,164,0,-13714.8203,23.232,-3133.614
153,164,0,-13855.4541,-48.4,-4045.9321
155,164,0,-13877.0898,-168.432,-5033.9761
157,164,0,-13895.1201,-350.416,-6048.4639
157,166,0,-13886.7061,-950.576,-5936.6782
155,166,0,-13869.8779,-677.6,-4958.25
153,166,0,-13851.8486,-474.32,-3996.6501
151,166,0,-13700.3965,-325.248,-3104.7661
149,166,0,-13345.8066,-216.832,-2297.022
147,166,0,-12825.3398,-141.328,-1552.984
145,166,0,-12429.8818,-89.056,-855.824
143,166,0,-12155.8262,-52.272,-189.916
141,166,0,-12059.666,-25.168,461.568
139,166,0,-12157.0283,0.0,1123.87
137,166,0,-12438.2959,29.04,1819.828
135,166,0,-12830.1484,69.696,2571.0781
133,166,0,-13357.8262,125.84,3402.8621
131,166,0,-13705.2041,211.024,4335.6143
129,166,0,-13853.0498,325.248,5369.334
127,166,0,-13873.4844,482.064,6519.6479
125,166,0,-13891.5146,695.024,7716.8403
125,168,0,-13893.918,1270.016,7508.894
127,168,0,-13874.6865,969.936,6356.1763
129,168,0,-13850.6465,733.744,5257.5483
131,168,0,-13676.3564,544.016,4262.292
133,168,0,-13304.9385,391.072,3363.196
135,168,0,-12782.0684,267.168,2553.0481
137,168,0,-12384.2061,160.688,1819.828
139,168,0,-12105.3418,69.696,1140.698
141,168,0,-12006.7783,-17.424,492.82
143,168,0,-12090.918,-106.48,-146.644
145,168,0,-12357.7627,-205.216,-798.128
147,168,0,-12748.4121,-323.312,-1480.864
149,168,0,-13254.4541,-466.576,-2209.2761
151,168,0,-13648.71,-642.752,-2996.5859
153,168,0,-13843.4346,-867.328,-3868.0361
155,168,0,-13874.6865,-1153.856,-4812.8081
157,168,0,-13889.1104,-1519.76,-5784.0239
157,170,0,-13884.3027,-2046.3519,-5619.3501
155,170,0,-13867.4746,-1603.0079,-4696.2139
153,170,0,-13835.0205,-1242.912,-3782.6941
151,170,0,-13589.8125,-946.704,-2936.4861
149,170,0,-13136.6582,-704.704,-2172.0142
147,170,0,-12639.0303,-497.552,-1464.036
145,170,0,-12237.5625,-319.44,-800.532
143,170,0,-11973.1221,-160.688,-167.078
141,170,0,-11886.5781,-13.552,454.356
139,170,0,-11977.9307,133.584,1085.406
137,170,0,-12245.9766,286.528,1746.506
135,170,0,-12651.0498,454.96,2461.696
133,170,0,-13157.0918,642.752,3246.6021
131,170,0,-13605.4385,861.52,4120.4561
129,170,0,-13837.4238,1122.88,5080.854
127,170,0,-13867.4746,1434.576,6145.8262
125,170,0,-13887.9082,1819.84,7249.2622
125,172,0,-13879.4941,2334.8159,6986.0239
127,172,0,-13865.0703,1874.048,5943.8901
129,172,0,-13820.5967,1488.7839,4937.8159
131,172,0,-13526.1064,1161.6,4018.2861
133,172,0,-12990.0146,877.008,3181.6941
135,172,0,-12492.3857,629.2,2428.04
137,172,0,-12072.8887,406.56,1739.2941
139,172,0,-11814.458,199.408,1097.426
141,172,0,-11724.3086,1.936,486.81
143,172,0,-11798.832,-199.408,-117.796
145,172,0,-12048.8486,-412.368,-735.624
147,172,0,-12456.3262,-648.56,-1379.896
149,172,0,-12943.1367,-909.92,-2065.0361
151,172,0,-13494.8545,-1215.808,-2811.478
153,172,0,-13803.7686,-1577.84,-3628.8381
155,172,0,-13862.666,-2013.4399,-4511.106
157,172,0,-13883.1006,-2536.1599,-5421.02
157,174,0,-13875.8887,-2983.376,-5204.6602
155,174,0,-13849.4443,-2390.96,-4351.2402
153,174,0,-13707.6084,-1893.408,-3508.6382
151,174,0,-13316.958,-1467.488,-2722.53
149,174,0,-12731.584,-1107.392,-2009.744
147,174,0,-12217.1279,-789.888,-1346.24
145,174,0,-11809.6504,-505.296,-727.21
143,174,0,-11572.8564,-243.936,-134.624
141,174,0,-11497.1299,7.744,450.75
139,174,0,-11580.0684,255.552,1040.932
137,174,0,-11822.8721,511.104,1659.962
135,174,0,-12232.7539,786.016,2323.4661
133,174,0,-12748.4121,1086.0959,3048.272
131,174,0,-13351.8164,1430.704,3851.208
129,174,0,-13724.4365,1821.776,4733.4761
127,174,0,-13859.0605,2280.6079,5702.2881
125,174,0,-13879.4941,2822.688,6698.7461
125,176,0,-13869.8779,3273.7759,6406.6602
127,176,0,-13838.626,2658.1279,5478.7163
129,176,0,-13605.4385,2131.5359,4571.2061
131,176,0,-13083.7705,1682.384,3737.0181
133,176,0,-12486.376,1287.4399,2973.748
135,176,0,-11938.2646,935.088,2280.1941
137,176,0,-11548.8164,615.648,1647.942
139,176,0,-11315.6279,317.504,1051.75
141,176,0,-11236.2959,29.04,485.608
143,176,0,-11303.6084,-263.296,-78.13
145,176,0,-11522.3721,-569.184,-652.686
147,176,0,-11899.7998,-898.304,-1252.484
149,176,0,-12431.084,-1262.272,-1888.342
151,176,0,-13015.2559,-1672.704,-2574.6841
153,176,0,-13568.1758,-2152.832,-3324.7322
155,176,0,-13831.4141,-2716.208,-4128.8701
157,176,0,-13868.6758,-3384.1279,-4954.644
157,178,0,-13855.4541,-3742.2881,-4693.8101
155,178,0,-13749.6787,-3008.5439,-3928.136
153,178,0,-13338.5947,-2385.1521,-3167.27
151,178,0,-12669.0801,-1856.624,-2456.8879
149,178,0,-12057.2627,-1401.6639,-1807.808
147,178,0,-11546.4121,-998.976,-1200.798
145,178,0,-11193.0244,-631.136,-629.848
143,178,0,-10982.6738,-290.4,-76.928
141,178,0,-10918.9678,36.784,461.568
139,178,0,-10992.29,362.032,1003.67
137,178,0,-11202.6406,696.96,1569.812
135,178,0,-11565.6445,1058.9919,2175.6201
133,178,0,-12083.7061,1450.064,2834.3162
131,178,0,-12720.7666,1895.344,3561.5261
129,178,0,-13389.0781,2398.7041,4351.2402
127,178,0,-13778.5264,2991.1199,5210.6699
125,178,0,-13854.252,3684.208,6085.7261
125,180,0,-13842.2324,4053.9839,5768.3979
127,180,0,-13599.4287,3285.3921,4961.856
129,180,0,-12985.2061,2636.832,4167.334
131,180,0,-12302.4707,2085.072,3431.71
133,180,0,-11653.3906,1601.072,2748.9741
135,180,0,-11172.5898,1171.28,2125.136
137,180,0,-10842.04,780.208,1549.3781
139,180,0,-10642.5078,414.304,1007.276
141,180,0,-10575.1963,60.016,489.214
143,180,0,-10630.4883,-298.144,-27.646
145,180,0,-10815.5967,-669.856,-552.92
147,180,0,-11136.5303,-1066.736,-1099.8301
149,180,0,-11599.2998,-1500.4,-1673.1841
151,180,0,-12215.9258,-1988.272,-2286.2041
153,180,0,-12893.8545,-2557.4561,-2958.1221
155,180,0,-13545.3379,-3231.1841,-3675.7161
157,180,0,-13842.2324,-4038.4961,-4399.3203
157,180,2,-13855.4541,-4315.3437,-3197.3201
155,180,2,-13717.2246,-3469.312,-2709.3081
153,180,2,-13327.7764,-2752.9919,-2196.054
151,180,2,-12696.7266,-2147.0239,-1698.426
149,180,2,-12119.7666,-1624.304,-1229.646
147,180,2,-11624.542,-1161.6,-782.502
145,180,2,-11281.9727,-735.68,-355.792
143,180,2,-11084.8438,-342.672,58.898
141,180,2,-11023.542,40.656,469.982
139,180,2,-11104.0762,416.24,882.268
137,180,2,-11320.4365,807.312,1313.786
135,180,2,-11682.2383,1225.488,1772.9501
133,180,2,-12202.7041,1686.256,2265.77
131,180,2,-12791.6846,2203.168,2797.054
129,180,2,-13425.1387,2797.52,3359.5901
127,180,2,-13770.1123,3494.48,3942.5601
125,180,2,-13857.8584,4323.0879,4509.9043
125,178,2,-13868.6758,3953.312,4747.8999
127,178,2,-13843.4346,3211.824,4150.5059
129,178,2,-13647.5078,2574.8799,3526.668
131,178,2,-13222.0,2028.928,2932.8801
133,178,2,-12636.626,1548.8,2371.5461
135,178,2,-12123.3721,1124.816,1854.686
137,178,2,-11725.5098,739.552,1372.6841
139,178,2,-11483.9082,377.52,920.732
141,178,2,-11398.5664,30.976,486.81
143,178,2,-11458.666,-317.504,57.696
145,178,2,-11671.4199,-685.344,-381.034
147,178,2,-12044.04,-1076.416,-830.582
149,178,2,-12544.0723,-1508.144,-1300.564
151,178,2,-13090.9824,-1992.144,-1795.7881
153,178,2,-13583.8027,-2557.4561,-2325.8701
155,178,2,-13832.6162,-3221.5039,-2872.78
157,178,2,-13862.666,-4007.52,-3401.6602
157,176,2,-13874.6865,-3633.8721,-3601.1921
155,176,2,-13854.252,-2931.104,-3051.8782
153,176,2,-13746.0723,-2329.0081,-2477.322
151,176,2,-13439.5625,-1815.968,-1923.2001
149,176,2,-12889.0459,-1372.624,-1400.3301
147,176,2,-12428.6807,-981.552,-908.712
145,176,2,-12039.2324,-627.264,-437.528
143,176,2,-11804.8418,-302.016,15.626
141,176,2,-11733.9238,13.552,462.77
139,176,2,-11824.0742,323.312,915.924
137,176,2,-12080.1006,646.624,1388.3101
135,176,2,-12482.7705,989.296,1893.15
133,176,2,-12964.7725,1370.688,2441.262
131,176,2,-13500.8643,1800.48,3035.05
129,176,2,-13794.1523,2290.2881,3667.302
127,176,2,-13860.2627,2861.408,4332.0083
125,176,2,-13879.4941,3529.3279,4981.0879
125,174,2,-13885.5039,3072.4319,5204.6602
127,174,2,-13869.8779,2485.824,4524.3281
129,174,2,-13843.4346,1982.464,3824.7642
131,174,2,-13640.2959,1554.608,3163.6641
133,174,2,-13261.666,1179.024,2542.23
135,174,2,-12761.6338,847.968,1972.4821
137,174,2,-12389.0146,549.824,1444.8041
139,174,2,-12122.1699,272.976,953.186
141,174,2,-12018.7979,3.872,482.002
143,174,2,-12089.7158,-265.232,18.03
145,174,2,-12332.5205,-549.824,-453.154
147,174,2,-12694.3223,-857.648,-941.166
149,174,2,-13169.1123,-1198.384,-1456.824
151,174,2,-13580.1963,-1587.52,-2000.1281
153,174,2,-13832.6162,-2046.3519,-2584.3
155,174,2,-13857.8584,-2578.752,-3187.7041
157,174,2,-13880.6963,-3207.9519,-3770.6741
157,172,2,-13890.3125,-2747.1841,-3932.9441
155,172,2,-13875.8887,-2199.2959,-3336.752
153,172,2,-13851.8486,-1732.72,-2710.51
151,172,2,-13704.002,-1341.6479,-2105.9041
149,172,2,-13398.6943,-1006.72,-1540.964
147,172,2,-12926.3086,-720.192,-1010.882
145,172,2,-12570.5166,-464.64,-506.042
143,172,2,-12337.3281,-230.384,-19.232
141,172,2,-12259.1982,-9.68,460.366
139,172,2,-12358.9639,209.088,947.176
137,172,2,-12601.7686,435.6,1458.026
135,172,2,-12977.9941,679.536,2006.1381
133,172,2,-13449.1787,954.448,2602.3301
131,172,2,-13740.0625,1268.08,3251.4102
129,172,2,-13853.0498,1630.1119,3952.176
127,172,2,-13883.1006,2059.9041,4689.002
125,172,2,-13887.9082,2569.072,5413.8081
125,170,2,-13893.918,2034.736,5614.542
127,170,2,-13877.0898,1612.688,4863.292
129,170,2,-13859.0605,1258.4,4097.6182
131,170,2,-13815.7881,966.064,3372.812
133,170,2,-13562.166,716.32,2697.2881
135,170,2,-13164.3047,505.296,2080.6621
137,170,2,-12778.4619,317.504,1515.722
139,170,2,-12533.2539,145.2,988.044
141,170,2,-12443.1045,-15.488,486.81
143,170,2,-12508.0127,-181.984,-8.414
145,170,2,-12731.584,-358.16,-512.052
147,170,2,-13094.5879,-553.696,-1032.5181
149,170,2,-13512.8838,-780.208,-1581.832
151,170,2,-13778.5264,-1045.4399,-2163.6001
153,170,2,-13860.2627,-1370.688,-2793.448
155,170,2,-13883.1006,-1759.824,-3441.3262
157,170,2,-13890.3125,-2228.3359,-4075.9822
157,168,2,-13897.5244,-1684.3199,-4194.98
155,168,2,-13884.3027,-1297.12,-3563.9302
153,168,2,-13865.0703,-985.424,-2898.022
151,168,2,-13829.0098,-737.616,-2256.1541
149,168,2,-13595.8223,-538.208,-1658.76
147,168,2,-13249.6465,-377.52,-1097.426
145,168,2,-12874.6221,-242.0,-562.536
143,168,2,-12647.4443,-127.776,-48.08
141,168,2,-12578.9307,-21.296,460.366
139,168,2,-12664.2725,81.312,974.822
137,168,2,-12905.874,187.792,1516.9241
135,168,2,-13302.5342,311.696,2101.0959
133,168,2,-13623.4678,456.896,2739.3582
131,168,2,-13838.626,635.008,3440.124
129,168,2,-13868.6758,853.776,4194.98
127,168,2,-13884.3027,1122.88,5003.9263
125,168,2,-13897.5244,1465.552,5800.8521
125,166,2,-13901.1299,869.264,5961.9199
127,166,2,-13885.5039,619.52,5154.1763
129,166,2,-13869.8779,429.792,4323.5942
131,166,2,-13845.8379,288.464,3547.1021
133,166,2,-13670.3467,181.984,2824.7
135,166,2,-13379.4619,104.544,2169.6101
137,166,2,-12991.2158,50.336,1571.014
139,166,2,-12731.584,7.744,1014.488
141,166,2,-12635.4238,-27.104,482.002
143,166,2,-12699.1299,-67.76,-33.656
145,166,2,-12931.1162,-116.16,-560.132
147,166,2,-13312.1504,-183.92,-1105.84
149,166,2,-13627.0742,-276.848,-1681.598
151,166,2,-13832.6162,-400.752,-2292.2141
153,166,2,-13865.0703,-576.928,-2952.1121
155,166,2,-13885.5039,-805.376,-3628.8381
157,166,2,-13898.7266,-1103.52,-4285.1299
157,164,2,-13897.5244,-480.128,-4363.2603
155,164,2,-13883.1006,-282.656,-3711.7761
153,164,2,-13869.8779,-141.328,-3021.8281
151,164,2,-13841.0303,-52.272,-2355.9199
149,164,2,-13653.5186,-1.936,-1734.4861
147,164,2,-13363.8359,15.488,-1147.91
145,164,2,-12952.752,13.552,-598.596
143,164,2,-12715.958,-5.808,-64.908
141,164,2,-12639.0303,-36.784,462.77
139,164,2,-12732.7861,-67.76,997.66
137,164,2,-12990.0146,-96.8,1563.802
135,164,2,-13391.4824,-112.288,2174.418
133,164,2,-13679.9619,-110.352,2842.73
131,164,2,-13850.6465,-83.248,3585.5662
129,164,2,-13868.6758,-25.168,4393.3101
127,164,2,-13884.3027,75.504,5247.9321
125,164,2,-13897.5244,234.256,6091.7363
125,162,2,-13901.1299,-422.048,6193.9062
127,162,2,-13887.9082,-480.128,5350.1021
129,162,2,-13868.6758,-491.744,4482.2583
131,162,2,-13844.6367,-468.512,3667.302
133,162,2,-13685.9727,-416.24,2913.6479
135,162,2,-13383.0684,-338.8,2230.9121
137,162,2,-12970.7822,-247.808,1611.8821
139,162,2,-12695.5244,-145.2,1038.5281
141,162,2,-12588.5459,-40.656,495.224
143,162,2,-12665.4746,61.952,-37.262
145,162,2,-12909.4805,160.688,-578.162
147,162,2,-13313.3525,240.064,-1138.2941
149,162,2,-13639.0947,300.08,-1733.2841
151,162,2,-13837.4238,329.12,-2365.5361
153,162,2,-13865.0703,323.312,-3043.4641
155,162,2,-13885.5039,274.912,-3747.8362
157,162,2,-13893.918,178.112,-4417.3501
157,160,2,-13895.1201,861.52,-4457.0161
155,160,2,-13878.292,863.456,-3792.3101
153,160,2,-13865.0703,820.864,-3086.7361
151,160,2,-13836.2227,735.68,-2402.7981
149,160,2,-13617.458,623.392,-1768.1421
147,160,2,-13254.4541,480.128,-1171.9501
145,160,2,-12822.9365,315.568,-607.01
143,160,2,-12564.5059,141.328,-66.11
141,160,2,-12483.9727,-42.592,471.184
139,160,2,-12588.5459,-226.512,1016.892
137,160,2,-12872.2178,-408.496,1593.8521
135,160,2,-13319.3623,-582.736,2221.2961
133,160,2,-13661.9326,-741.488,2913.6479
131,160,2,-13844.6367,-877.008,3678.1201
129,160,2,-13869.8779,-985.424,4507.5
127,160,2,-13880.6963,-1066.736,5393.374
125,160,2,-13898.7266,-1109.328,6268.4302
125,158,2,-13896.3223,-1804.3521,6309.2983
127,158,2,-13883.1006,-1672.704,5446.2622
129,158,2,-13872.2822,-1504.272,4557.9839
131,158,2,-13839.8281,-1310.672,3724.998
133,158,2,-13619.8623,-1086.0959,2953.314
135,158,2,-13193.1523,-842.16,2258.5581
137,158,2,-12713.5547,-584.672,1628.7101
139,158,2,-12405.8418,-319.44,1049.3461
141,158,2,-12265.208,-52.272,500.032
143,158,2,-12356.5605,216.832,-37.262
145,158,2,-12636.626,478.192,-582.97
147,158,2,-13074.1543,726.0,-1149.1121
149,158,2,-13550.1465,954.448,-1747.708
151,158,2,-13823.0,1157.728,-2389.5759
153,158,2,-13863.8682,1333.9041,-3079.5242
155,158,2,-13880.6963,1473.296,-3792.3101
157,158,2,-13897.5244,1573.968,-4471.4399
157,156,2,-13897.5244,2311.584,-4471.4399
155,156,2,-13884.3027,2117.9839,-3801.926
153,156,2,-13865.0703,1883.728,-3089.1401
151,156,2,-13796.5566,1614.624,-2401.5959
149,156,2,-13445.5723,1320.3521,-1762.1321
147,156,2,-12871.0166,998.976,-1165.9401
145,156,2,-12390.2158,658.24,-601.0
143,156,2,-12057.2627,307.824,-61.302
141,156,2,-11953.8906,-48.4,473.588
139,156,2,-12092.1201,-404.624,1018.094
137,156,2,-12456.3262,-760.848,1598.66
135,156,2,-12958.7627,-1109.328,2226.104
133,156,2,-13530.9141,-1442.3199,2922.062
131,156,2,-13830.2119,-1754.016,3693.7461
129,156,2,-13866.2725,-2038.608,4537.5503
127,156,2,-13883.1006,-2298.032,5435.4443
125,156,2,-13899.9287,-2522.6079,6317.7119
125,154,2,-13896.3223,-3258.2881,6298.48
127,154,2,-13881.8984,-2958.208,5434.2422
129,154,2,-13865.0703,-2611.6641,4538.752
131,154,2,-13785.7383,-2238.0159,3703.3621
133,154,2,-13391.4824,-1833.392,2931.678
135,154,2,-12693.1201,-1405.536,2240.5281
137,154,2,-12098.1299,-964.128,1616.6901
139,154,2,-11695.46,-514.976,1042.134
141,154,2,-11539.2002,-61.952,501.234
143,154,2,-11635.3604,389.136,-28.848
145,154,2,-11973.1221,836.352,-564.94
147,154,2,-12541.668,1273.8879,-1125.072
149,154,2,-13201.5664,1692.064,-1718.86
151,154,2,-13690.7803,2087.0081,-2354.718
153,154,2,-13855.4541,2456.7839,-3043.4641
155,154,2,-13880.6963,2797.52,-3757.4521
157,154,2,-13895.1201,3097.6001,-4437.7842
157,152,2,-13892.7158,3932.0159,-4392.1079
155,152,2,-13874.6865,3529.3279,-3724.998
153,152,2,-13841.0303,3082.1121,-3018.2222
151,152,2,-13570.5801,2603.9199,-2336.688
149,152,2,-12855.3906,2104.4319,-1709.244
147,152,2,-12093.3223,1579.776,-1123.87
145,152,2,-11481.5039,1043.504,-575.758
143,152,2,-11130.5205,493.68,-48.08
141,152,2,-11031.9561,-60.016,472.386
139,152,2,-11182.2061,-609.84,1001.266
137,152,2,-11586.0781,-1161.6,1566.2061
135,152,2,-12251.9863,-1703.6799,2180.428
133,152,2,-13026.0742,-2230.272,2864.366
131,152,2,-13661.9326,-2739.4399,3626.4341
129,152,2,-13856.6563,-3211.824,4463.0259
127,152,2,-13879.4941,-3653.2319,5359.7183
125,152,2,-13899.9287,-4046.24,6239.582
125,150,2,-13899.9287,-4903.8882,6156.644
127,150,2,-13880.6963,-4429.5679,5298.416
129,150,2,-13847.04,-3885.552,4412.542
131,150,2,-13506.874,-3304.752,3590.374
133,150,2,-12621.0,-2687.168,2836.72
135,150,2,-11689.4502,-2048.2881,2163.6001
137,150,2,-10994.6943,-1399.728,1562.6
139,150,2,-10570.3887,-743.424,1013.286
141,150,2,-10400.9063,-87.12,494.022
143,150,2,-10486.248,574.992,-13.222
145,150,2,-10833.626,1235.168,-527.678
147,150,2,-11445.4443,1885.6639,-1064.972
149,150,2,-12331.3184,2520.6719,-1635.922
151,150,2,-13258.0605,3138.2561,-2257.356
153,150,2,-13806.1719,3740.3521,-2932.8801
155,150,2,-13867.4746,4309.5361,-3634.8481
157,150,2,-13892.7158,4840.0,-4304.3623
157,148,2,-13885.5039,5831.2319,-4199.7881
155,148,2,-13865.0703,5184.6079,-3549.5061
153,148,2,-13647.5078,4479.9038,-2859.5581
151,148,2,-12766.4424,3746.1599,-2200.8621
149,148,2,-11653.3906,3000.8,-1597.458
147,148,2,-10743.4766,2239.9519,-1040.932
145,148,2,-10113.6279,1467.488,-521.668
143,148,2,-9765.0479,693.088,-25.242
141,148,2,-9673.6963,-81.312,461.568
139,148,2,-9835.9658,-849.904,957.994
137,148,2,-10257.8682,-1624.304,1489.2781
135,148,2,-10953.8262,-2390.96,2073.45
133,148,2,-11947.8799,-3149.8721,2728.54
131,148,2,-13072.9521,-3893.2959,3465.366
129,148,2,-13783.334,-4596.064,4277.918
127,148,2,-13873.4844,-5267.856,5156.5801
125,148,2,-13889.1104,-5868.0161,6020.8179
125,146,2,-13889.1104,-6969.6001,5857.3462
127,146,2,-13856.6563,-6235.856,5015.9463
129,146,2,-13599.4287,-5416.9277,4158.9199
131,146,2,-12500.7998,-4567.0239,3369.2061
133,146,2,-11164.1758,-3688.0801,2655.218
135,146,2,-10140.0723,-2795.584,2022.9661
137,146,2,-9416.4678,-1899.2159,1460.4301
139,146,2,-8976.5361,-1006.72,949.58
141,146,2,-8802.2461,-118.096,475.992
143,146,2,-8880.376,776.336,12.02
145,146,2,-9219.3398,1676.576,-461.568
147,146,2,-9833.5625,2576.8159,-960.398
149,146,2,-10738.668,3473.1841,-1497.692
151,146,2,-11958.6982,4357.936,-2080.6621
153,146,2,-13286.9082,5244.624,-2724.9341
155,146,2,-13838.626,6106.144,-3399.2561
157,146,2,-13875.8887,6930.8799,-4051.9421
157,144,2,-13872.2822,8144.752,-3870.4402
155,144,2,-13697.9922,7145.7759,-3240.592
153,144,2,-12572.9199,6110.0161,-2590.3101
151,144,2,-11004.3105,5060.7041,-1974.886
149,144,2,-9769.8564,4015.2639,-1417.1581
147,144,2,-8861.1445,2971.76,-909.914
145,144,2,-8244.5186,1934.064,-439.932
143,144,2,-7904.3521,907.984,2.404
141,144,2,-7821.4141,-112.288,437.528
139,144,2,-7986.0884,-1124.816,883.47
137,144,2,-8411.5957,-2152.832,1364.27
135,144,2,-9114.7666,-3184.72,1895.5541
133,144,2,-10132.8604,-4224.3521,2501.3621
131,144,2,-11513.958,-5267.856,3186.502
129,144,2,-13080.1641,-6286.1919,3950.9741
127,144,2,-13841.0303,-7294.8481,4786.3643
125,144,2,-13884.3027,-8229.9355,5616.9463
125,142,2,-13872.2822,-9680.0,5329.668
127,142,2,-13673.9521,-8506.7842,4538.752
129,142,2,-12227.9463,-7279.3599,3745.4321
131,142,2,-10440.5723,-6057.7441,3018.2222
133,142,2,-9055.8682,-4832.2559,2371.5461
135,142,2,-8020.9463,-3628.064,1801.798
137,142,2,-7286.5239,-2452.9119,1293.3521
139,142,2,-6855.0063,-1293.248,851.016
141,142,2,-6683.1201,-149.072,439.932
143,142,2,-6751.6343,1000.912,37.262
145,142,2,-7070.1641,2162.512,-371.418
147,142,2,-7654.3359,3339.6001,-807.744
149,142,2,-8532.998,4537.9839,-1282.5341
151,142,2,-9736.2002,5744.1118,-1804.202
153,142,2,-11339.668,6985.0879,-2388.374
155,142,2,-13170.3145,8237.6797,-3009.8081
157,142,2,-13855.4541,9486.4004,-3626.4341
157,140,2,-13677.5586,10977.1201,-3335.55
155,140,2,-11999.5664,9468.9756,-2753.782
153,140,2,-9971.792,7970.5117,-2170.812
151,140,2,-8397.1719,6512.7041,-1633.5181
149,140,2,-7207.1919,5120.7202,-1152.718
147,140,2,-6357.3779,3769.3921,-722.402
145,140,2,-5790.0342,2441.2959,-329.348
143,140,2,-5483.5239,1144.176,40.868
141,140,2,-5411.4043,-141.328,403.872
139,140,2,-5572.4722,-1417.152,772.886
137,140,2,-5973.9399,-2718.144,1177.96
135,140,2,-6641.0503,-4053.9839,1632.316
133,140,2,-7618.2764,-5430.48,2150.3779
131,140,2,-8969.3242,-6861.1841,2752.5801
129,140,2,-10747.082,-8320.9277,3430.5081
127,140,2,-12940.7324,-9838.752,4188.9702
125,140,2,-13853.0498,-11366.2559,4945.0283
125,138,2,-13648.71,-13182.2236,4494.2783
127,138,2,-11485.1104,-11275.2637,3801.926
129,138,2,-9195.2998,-9443.8076,3116.7861
131,138,2,-7436.7739,-7714.96,2485.7361
133,138,2,-6150.6343,-6069.3599,1950.8461
135,138,2,-5222.6899,-4505.0718,1485.672
137,138,2,-4592.8423,-3022.0959,1085.406
139,138,2,-4213.0103,-1579.776,728.412
141,138,2,-4057.9521,-176.176,401.468
143,138,2,-4115.6479,1233.2319,82.938
145,138,2,-4383.6938,2671.6799,-241.602
147,138,2,-4890.938,4141.104,-587.778
149,138,2,-5661.4199,5658.9277,-967.61
151,138,2,-6739.6143,7242.5762,-1394.3201
153,138,2,-8219.2764,8930.7676,-1884.7361
155,138,2,-10177.334,10711.8877,-2419.626
157,138,2,-12661.8682,12562.7041,-2959.324
157,136,2,-10572.792,14254.7676,-2512.1799
155,136,2,-8167.5903,12041.9199,-2038.592
153,136,2,-6318.9141,9958.7842,-1566.2061
151,136,2,-4955.8462,8020.8481,-1144.3041
149,136,2,-3970.2061,6233.9199,-777.694
147,136,2,-3264.6321,4549.6001,-455.558
145,136,2,-2815.084,2938.8479,-167.078
143,136,2,-2572.28,1390.048,99.766
141,136,2,-2519.3921,-141.328,361.802
139,136,2,-2649.208,-1670.7679,632.252
137,136,2,-2972.5461,-3240.864,930.348
135,136,2,-3518.2542,-4890.3359,1271.7161
133,136,2,-4332.0083,-6636.6079,1669.578
131,136,2,-5489.5342,-8526.1436,2140.762
129,136,2,-7066.5581,-10547.3281,2682.864
127,136,2,-9221.7441,-12762.1123,3291.0762
125,136,2,-12123.3721,-15151.1357,3910.106
125,134,2,-9421.2764,-17118.1113,3253.814
127,134,2,-6784.0879,-14254.7676,2744.166
129,134,2,-4834.4438,-11648.9121,2234.5181
131,134,2,-3446.134,-9323.7764,1788.576
133,134,2,-2461.696,-7201.9199,1403.936
135,134,2,-1778.9601,-5262.0479,1078.194
137,134,2,-1335.422,-3480.928,802.936
139,134,2,-1073.386,-1794.672,566.142
141,134,2,-965.206,-166.496,349.782
143,134,2,-1002.468,1457.808,143.038
145,134,2,-1183.97,3118.896,-68.514
147,134,2,-1534.954,4855.4878,-295.692
149,134,2,-2089.0759,6708.2397,-549.314
151,134,2,-2896.8201,8696.5117,-840.198
153,134,2,-4056.75,10893.8721,-1180.364
155,134,2,-5669.834,13311.9355,-1565.004
157,134,2,-7862.2822,15964.2559,-1966.472
157,132,2,-4780.354,17660.1914,-1337.826
155,132,2,-2900.426,14574.208,-1039.73
153,132,2,-1573.418,11803.792,-759.664
151,132,2,-661.1,9339.2637,-516.86
149,132,2,-52.888,7149.6479,-311.318
147,132,2,337.762,5155.5679,-138.23
145,132,2,576.96,3310.5601,16.828
143,132,2,695.958,1566.224,159.866
141,132,2,722.402,-131.648,300.5
139,132,2,653.888,-1835.328,449.548
137,132,2,480.8,-3610.6399,616.626
135,132,2,177.896,-5517.6001,813.754
133,132,2,-304.106,-7620.0962,1050.548
131,132,2,-1040.932,-9974.2715,1339.0281
129,132,2,-2122.7319,-12609.168,1674.386
127,132,2,-3727.4021,-15642.8799,2061.4299
125,132,2,-6006.394,-19067.6641,2454.4841
125,130,2,-2089.0759,-20808.127,1571.014
127,130,2,-295.692,-16870.3047,1336.624
129,130,2,846.208,-13424.2236,1101.032
131,130,2,1550.5801,-10479.5684,891.884
133,130,2,1964.068,-7927.9199,717.594
135,130,2,2204.468,-5697.6479,576.96
137,130,2,2337.8901,-3713.248,462.77
139,130,2,2406.4041,-1883.728,369.014
141,130,2,2434.05,-147.136,287.278
143,130,2,2431.646,1591.392,211.552
145,130,2,2395.5859,3389.936,139.432
147,130,2,2303.032,5306.5762,58.898
149,130,2,2126.3381,7407.1357,-31.252
151,130,2,1805.4041,9761.3115,-140.634
153,130,2,1244.0701,12481.3916,-271.652
155,130,2,322.136,15627.3916,-430.316
157,130,2,-1132.2841,19228.3516,-603.404
157,128,2,3083.1301,20593.2324,218.764
155,128,2,3962.9941,16481.168,236.794
153,128,2,4348.8359,12965.3916,247.612
151,128,2,4457.0161,10016.8643,250.016
149,128,2,4432.9761,7540.7197,248.814
147,128,2,4350.0381,5374.3359,245.208
145,128,2,4269.5039,3436.3999,242.804
143,128,2,4208.2021,1637.856,244.006
141,128,2,4187.7681,-90.992,248.814
139,128,2,4205.7979,-1823.712,257.228
137,128,2,4263.4941,-3655.168,272.854
135,128,2,4345.23,-5662.7998,295.692
133,128,2,4419.7539,-7956.96,329.348
131,128,2,4431.7739,-10661.5518,373.822
129,128,2,4271.9082,-13844.3359,427.912
127,128,2,3777.886,-17764.7363,486.81
125,128,2,2663.6321,-21718.0488,531.284
125,126,2,8295.002,-22186.5605,-586.576
127,126,2,8395.9697,-18163.5527,-402.67
129,126,2,7994.502,-13867.5684,-259.632
131,126,2,7458.4102,-10500.8643,-146.644
133,126,2,6936.7422,-7765.2959,-55.292
135,126,2,6504.022,-5492.4321,22.838
137,126,2,6183.0879,-3533.2,88.948
139,126,2,5988.3643,-1759.824,151.452
141,126,2,5916.2441,-92.928,213.956
143,126,2,5964.3242,1575.9039,278.864
145,126,2,6135.0083,3318.304,350.984
147,126,2,6417.478,5215.584,436.326
149,126,2,6808.1279,7360.6719,537.294
151,126,2,7273.3022,9879.4082,658.696
153,126,2,7766.1221,12959.584,802.936
155,126,2,8160.3779,16796.7363,972.418
157,126,2,8192.832,21286.3203,1159.9301
157,124,2,13506.874,21392.8008,2152.782
155,124,2,12600.5664,16481.168,1726.072
153,124,2,11260.3359,12487.2002,1361.866
151,124,2,10063.1445,9408.96,1064.972
149,124,2,9115.9678,6973.4722,826.976
147,124,2,8393.5664,4925.1841,633.454
145,124,2,7893.5342,3144.064,471.184
143,124,2,7608.6602,1523.632,328.146
141,124,2,7528.126,-29.04,195.926
139,124,2,7648.3262,-1575.9039,67.312
137,124,2,7983.6841,-3217.6321,-69.716
135,124,2,8548.624,-5043.2798,-225.976
133,124,2,9362.3779,-7169.0078,-412.286
131,124,2,10470.6221,-9784.5439,-646.676
129,124,2,11868.5479,-13093.168,-944.772
127,124,2,13295.3223,-17567.2637,-1327.0081
125,124,2,13827.8086,-22202.0488,-1801.798
125,122,2,13911.9482,-21377.3125,-2990.5762
127,122,2,13885.5039,-15669.9844,-2215.2861
129,122,2,13844.6367,-11532.752,-1603.468
131,122,2,13176.3242,-8576.4795,-1134.688
133,122,2,11725.5098,-6282.3198,-768.078
135,122,2,10524.7119,-4410.208,-478.396
137,122,2,9725.3818,-2818.8159,-240.4
139,122,2,9252.9961,-1374.5599,-31.252
141,122,2,9077.5039,-15.488,159.866
143,122,2,9182.0781,1349.392,352.186
145,122,2,9572.7285,2780.0959,560.132
147,122,2,10271.0898,4359.8721,800.532
149,122,2,11309.6182,6164.2241,1086.608
151,122,2,12676.292,8344.1602,1441.198
153,122,2,13717.2246,11151.3604,1891.948
155,122,2,13877.0898,14936.2402,2471.312
157,122,2,13898.7266,20337.6797,3200.926
157,120,2,13916.7559,16614.752,4109.6382
155,120,2,13905.9385,12196.7998,3117.988
153,120,2,13877.0898,9165.0244,2354.718
151,120,2,13797.7578,6913.4561,1769.344
149,120,2,12977.9941,5153.6318,1317.392
147,120,2,11833.6904,3674.5281,955.59
145,120,2,10964.6445,2371.6001,652.686
143,120,2,10475.4307,1182.896,389.448
141,120,2,10338.4023,48.4,145.442
139,120,2,10539.1357,-1076.416,-96.16
137,120,2,11092.0566,-2249.6321,-358.196
135,120,2,12063.2725,-3537.072,-665.908
133,120,2,13270.0801,-5006.4961,-1042.134
131,120,2,13847.04,-6774.064,-1521.7321
129,120,2,13889.1104,-8996.5918,-2135.9541
127,120,2,13911.9482,-12043.8555,-2948.5061
125,120,2,13922.7666,-16608.9434,-4012.2761
125,120,4,13917.958,-17437.5527,-2602.3301
127,120,4,13913.1504,-12682.7363,-1936.422
129,120,4,13889.1104,-9459.2959,-1411.1481
131,120,4,13856.6563,-7124.48,-1006.074
133,120,4,13485.2383,-5260.1118,-685.14
135,120,4,12355.3584,-3719.0559,-431.518
137,120,4,11338.4658,-2379.344,-222.37
139,120,4,10748.2842,-1155.792,-42.07
141,120,4,10537.9346,11.616,123.806
143,120,4,10668.9521,1184.832,292.086
145,120,4,11172.5898,2421.936,473.588
147,120,4,12068.0801,3773.2639,683.938
149,120,4,13188.3447,5318.1919,937.56
151,120,4,13838.626,7161.2642,1250.0801
153,120,4,13880.6963,9528.9922,1659.962
155,120,4,13910.7461,12727.2637,2194.8521
157,120,4,13914.3525,17396.8965,2895.6182
157,122,4,13897.5244,21125.6328,2276.5881
155,122,4,13874.6865,15673.8555,1775.354
153,122,4,13821.7979,11693.4395,1369.078
151,122,4,12975.5898,8742.9756,1051.75
149,122,4,11620.9365,6450.752,802.936
147,122,4,10519.9043,4557.3437,602.202
145,122,4,9774.6641,2907.8721,433.922
143,122,4,9355.166,1411.344,288.48
141,122,4,9234.9658,-9.68,155.058
139,122,4,9406.8525,-1426.832,26.444
137,122,4,9882.8438,-2931.104,-112.988
135,122,4,10701.4063,-4594.1279,-272.854
133,122,4,11933.4561,-6553.3599,-469.982
131,122,4,13366.2402,-8955.9355,-719.998
129,122,4,13855.4541,-12051.5996,-1033.72
127,122,4,13892.7158,-16378.5596,-1437.592
125,122,4,13911.9482,-21913.584,-1940.0281
125,124,4,13850.6465,-22258.1914,-1153.92
127,124,4,13505.6719,-18455.8887,-840.198
129,124,4,12256.7939,-13768.832,-587.778
131,124,4,10802.374,-10289.8398,-389.448
133,124,4,9632.8281,-7544.5918,-233.188
135,124,4,8774.6006,-5316.2559,-109.382
137,124,4,8183.2163,-3407.3599,-6.01
139,124,4,7829.8281,-1694.0,86.544
141,124,4,7700.0122,-85.184,174.29
143,124,4,7778.1421,1523.632,263.238
145,124,4,8073.834,3215.696,363.004
147,124,4,8582.2803,5070.3838,478.396
149,124,4,9331.126,7201.9199,617.828
151,124,4,10316.7666,9747.7598,786.108
153,124,4,11547.6143,12961.5195,994.054
155,124,4,12851.7842,17137.4727,1250.0801
157,124,4,13637.8926,21849.6953,1548.176
157,126,4,8355.1025,21741.2793,863.036
155,126,4,8343.082,17559.5195,736.826
153,126,4,7946.4224,13552.0,617.828
151,126,4,7439.1782,10324.6875,512.052
149,126,4,6946.3579,7685.9199,425.508
147,126,4,6514.8403,5442.0962,356.994
145,126,4,6216.7441,3461.5679,298.096
143,126,4,6034.04,1655.28,246.41
141,126,4,5976.3442,-85.184,203.138
139,126,4,6042.4541,-1825.6479,162.27
137,126,4,6237.1782,-3670.656,123.806
135,126,4,6559.314,-5715.0718,80.534
133,126,4,7000.4482,-8090.5439,31.252
131,126,4,7534.1362,-10944.208,-27.646
129,126,4,8089.46,-14461.9199,-102.17
127,126,4,8520.9785,-18947.6328,-201.936
125,126,4,8464.4844,-22242.7031,-335.358
125,128,4,2650.4102,-22155.584,424.306
127,128,4,3728.604,-18593.3437,412.286
129,128,4,4225.0303,-14506.4482,377.428
131,128,4,4389.7041,-11174.5918,340.166
133,128,4,4389.7041,-8348.0322,306.51
135,128,4,4327.2002,-5945.4561,277.662
137,128,4,4253.8779,-3850.7039,257.228
139,128,4,4200.9902,-1949.552,241.602
141,128,4,4184.1621,-145.2,231.986
143,128,4,4207.0,1649.472,227.178
145,128,4,4271.9082,3519.6479,225.976
147,128,4,4354.8462,5540.832,228.38
149,128,4,4431.7739,7794.3359,230.784
151,128,4,4455.814,10365.3438,235.592
153,128,4,4342.8262,13441.6475,236.794
155,128,4,3950.9741,17104.5605,234.39
157,128,4,3063.8979,21185.6484,224.774
157,130,4,-1322.2001,19965.9687,-335.358
155,130,4,139.432,16272.0801,-225.976
153,130,4,1091.416,12996.3682,-126.21
151,130,4,1685.204,10165.9355,-39.666
149,130,4,2031.38,7709.1519,31.252
147,130,4,2229.71,5523.4082,91.352
145,130,4,2330.678,3525.4561,146.644
143,130,4,2370.344,1663.024,197.128
141,130,4,2369.1421,-143.264,252.42
139,130,4,2333.082,-1947.616,311.318
137,130,4,2251.3459,-3846.832,381.034
135,130,4,2101.0959,-5920.2881,466.376
133,130,4,1837.858,-8241.5518,568.546
131,130,4,1393.118,-10903.5518,692.352
129,130,4,668.312,-13966.3037,835.39
127,130,4,-486.81,-17557.584,988.044
125,130,4,-2269.376,-21369.5684,1133.486
125,132,4,-6352.5703,-19851.7441,1753.718
127,132,4,-4113.2441,-16328.2236,1521.7321
129,132,4,-2485.7361,-13174.4795,1276.524
131,132,4,-1359.462,-10429.2324,1046.942
133,132,4,-574.556,-7970.5117,845.006
135,132,4,-49.282,-5784.7681,671.918
137,132,4,286.076,-3798.4319,526.476
139,132,4,480.8,-1951.488,402.67
141,132,4,564.94,-185.856,294.49
143,132,4,542.102,1572.032,189.916
145,132,4,419.498,3389.936,87.746
147,132,4,164.674,5302.7041,-21.636
149,132,4,-248.814,7366.48,-144.24
151,132,4,-882.268,9637.4082,-284.874
153,132,4,-1827.04,12190.9922,-447.144
155,132,4,-3179.29,15060.1436,-631.05
157,132,4,-5077.248,18273.9043,-825.774
157,134,4,-8266.1543,16517.9512,-1242.868
155,134,4,-6086.9282,13807.5518,-992.852
153,134,4,-4430.5723,11313.9844,-741.634
151,134,4,-3215.3501,9031.4404,-515.658
149,134,4,-2352.314,6959.9199,-319.732
147,134,4,-1758.526,5039.4082,-145.442
145,134,4,-1381.098,3238.928,12.02
143,134,4,-1186.374,1521.696,159.866
141,134,4,-1149.1121,-168.432,305.308
139,134,4,-1268.11,-1856.624,459.164
137,134,4,-1554.186,-3606.7681,631.05
135,134,4,-2036.188,-5461.4561,829.38
133,134,4,-2763.3979,-7472.96,1063.77
131,134,4,-3804.3301,-9681.9355,1335.422
129,134,4,-5240.7202,-12096.1279,1645.5381
127,134,4,-7213.2021,-14802.6563,1980.896
125,134,4,-9835.9658,-17791.8398,2303.032
125,136,4,-12600.5664,-15753.2314,2765.802
127,136,4,-9847.9863,-13292.5762,2385.97
129,136,4,-7650.73,-11002.2881,1990.5121
131,136,4,-6010.0,-8901.7275,1622.7001
133,136,4,-4780.354,-6934.752,1292.15
135,136,4,-3901.6921,-5116.8481,1007.276
137,136,4,-3304.2981,-3407.3599,760.866
139,136,4,-2947.304,-1775.312,542.102
141,136,4,-2797.054,-193.6,343.772
143,136,4,-2845.134,1386.176,155.058
145,136,4,-3087.938,2994.9919,-36.06
147,136,4,-3556.718,4661.8882,-237.996
149,136,4,-4271.9082,6410.0962,-461.568
151,136,4,-5282.79,8260.9121,-710.382
153,136,4,-6687.9282,10260.7998,-991.65
155,136,4,-8545.0186,12415.5684,-1296.958
157,136,4,-10957.4326,14709.7275,-1598.66
157,138,4,-13021.2666,12944.0957,-1891.948
155,138,4,-10720.6387,11062.3037,-1558.994
153,138,4,-8727.7217,9228.9121,-1214.02
151,138,4,-7183.1523,7498.1279,-891.884
149,138,4,-6042.4541,5860.272,-601.0
147,138,4,-5226.2959,4288.2397,-338.964
145,138,4,-4681.79,2772.3521,-99.766
143,138,4,-4389.7041,1295.184,127.412
141,138,4,-4329.604,-162.624,353.388
139,138,4,-4495.48,-1618.496,586.576
137,138,4,-4899.3521,-3109.2161,842.602
135,138,4,-5566.4619,-4652.208,1132.2841
133,138,4,-6547.2939,-6280.3838,1464.036
131,138,4,-7897.1401,-7991.8081,1846.272
129,138,4,-9670.0898,-9780.6719,2269.376
127,138,4,-11995.96,-11689.5684,2728.54
125,138,4,-13780.9307,-13673.9678,3170.876
125,140,4,-13863.8682,-11768.9443,3500.2241
127,140,4,-13426.3398,-10214.3359,3029.04
129,140,4,-11447.8486,-8650.0479,2535.0181
131,140,4,-9611.1924,-7143.8398,2073.45
133,140,4,-8179.6104,-5660.8638,1651.548
135,140,4,-7126.6582,-4230.1602,1278.928
137,140,4,-6395.8423,-2847.856,951.984
139,140,4,-5948.6982,-1506.208,659.898
141,140,4,-5761.186,-183.92,391.852
143,140,4,-5826.0942,1138.368,132.22
145,140,4,-6138.6143,2480.0159,-129.816
147,140,4,-6722.7861,3846.832,-405.074
149,140,4,-7599.0439,5242.688,-701.968
151,140,4,-8803.4482,6671.4561,-1028.912
153,140,4,-10410.5225,8167.9839,-1388.3101
155,140,4,-12451.5186,9707.1035,-1765.738
157,140,4,-13796.5566,11265.584,-2127.54
157,142,4,-13850.6465,9718.7197,-2315.052
155,142,4,-13516.4902,8464.1924,-1944.8361
153,142,4,-11921.4365,7184.4961,-1544.5701
151,142,4,-10269.8887,5912.5439,-1156.324
149,142,4,-9012.5957,4667.6958,-804.138
147,142,4,-8087.0562,3438.3359,-477.194
145,142,4,-7465.6221,2226.3999,-174.29
143,142,4,-7114.6382,1033.824,115.392
141,142,4,-7035.3062,-151.008,400.266
139,142,4,-7222.8184,-1328.0959,693.554
137,142,4,-7678.376,-2522.6079,1012.084
135,142,4,-8428.4238,-3738.416,1369.078
133,142,4,-9506.6182,-4981.3281,1774.152
131,142,4,-10962.2402,-6245.5361,2232.114
129,142,4,-12729.1807,-7507.8081,2730.9441
127,142,4,-13815.7881,-8773.9521,3258.6221
125,142,4,-13877.0898,-9997.5039,3767.0681
125,144,4,-13881.8984,-8481.6162,3987.0342
127,144,4,-13859.0605,-7532.9761,3462.9622
129,144,4,-13526.1064,-6504.96,2910.042
131,144,4,-12184.6738,-5455.6479,2385.97
133,144,4,-10732.6582,-4381.168,1906.3721
135,144,4,-9638.8379,-3312.4961,1478.4601
137,144,4,-8864.75,-2251.5679,1096.224
139,144,4,-8389.96,-1196.448,748.846
141,144,4,-8195.2363,-154.88,430.316
143,144,4,-8269.7598,890.56,120.2
145,144,4,-8613.5322,1949.552,-193.522
147,144,4,-9250.5918,3012.416,-521.668
149,144,4,-10188.1523,4079.1521,-870.248
151,144,4,-11463.4746,5149.7598,-1250.0801
153,144,4,-12951.5498,6222.3042,-1656.3561
155,144,4,-13816.9902,7281.2959,-2073.45
157,144,4,-13873.4844,8307.376,-2461.696
157,146,4,-13883.1006,7058.6558,-2579.4919
155,146,4,-13856.6563,6237.792,-2191.2461
153,146,4,-13571.7822,5364.6558,-1764.536
151,146,4,-12500.7998,4466.3521,-1341.432
149,146,4,-11250.7197,3556.4319,-945.974
147,146,4,-10295.1299,2638.7681,-576.96
145,146,4,-9643.6465,1717.2319,-231.986
143,146,4,-9285.4502,799.568,99.766
141,146,4,-9201.3105,-118.096,430.316
139,146,4,-9388.8223,-1028.016,768.078
137,146,4,-9855.1982,-1945.6799,1132.2841
135,146,4,-10617.2666,-2863.344,1536.156
133,146,4,-11696.6621,-3779.072,1985.704
131,146,4,-12962.3682,-4685.1201,2489.342
129,146,4,-13774.9199,-5558.2559,3037.4541
127,146,4,-13872.2822,-6394.6079,3610.8081
125,146,4,-13889.1104,-7151.584,4158.9199
125,148,4,-13897.5244,-6011.2798,4292.3423
127,148,4,-13873.4844,-5407.248,3739.4221
129,148,4,-13845.8379,-4731.584,3155.25
131,148,4,-13499.6621,-4013.3279,2597.522
133,148,4,-12532.0518,-3254.416,2078.2581
135,148,4,-11493.5244,-2478.0801,1611.8821
137,148,4,-10733.8604,-1695.936,1194.788
139,148,4,-10262.6758,-907.984,812.552
141,148,4,-10070.3564,-120.032,455.558
143,148,4,-10153.2939,673.728,109.382
145,148,4,-10512.6924,1465.552,-240.4
147,148,4,-11160.5703,2253.5039,-603.404
149,148,4,-12105.3418,3029.8401,-986.842
151,148,4,-13131.8506,3788.752,-1391.916
153,148,4,-13786.9404,4536.0479,-1828.2421
155,148,4,-13866.2725,5252.3682,-2266.9719
157,148,4,-13890.3125,5918.3521,-2664.834
157,150,4,-13892.7158,4907.7598,-2738.156
155,150,4,-13873.4844,4381.168,-2340.2939
153,150,4,-13843.4346,3804.24,-1897.958
151,150,4,-13551.3486,3194.3999,-1455.6221
149,150,4,-12772.4521,2567.136,-1037.326
147,150,4,-11933.4561,1920.512,-645.474
145,150,4,-11280.7705,1254.528,-270.45
143,150,4,-10917.7666,582.736,91.352
141,150,4,-10826.4141,-90.992,449.548
139,150,4,-11004.3105,-758.912,818.562
137,150,4,-11456.2627,-1424.896,1211.616
135,150,4,-12191.8857,-2087.0081,1641.932
133,150,4,-13046.5078,-2737.5039,2121.53
131,150,4,-13701.5986,-3368.6399,2654.0161
129,150,4,-13862.666,-3959.1199,3224.9661
127,150,4,-13881.8984,-4512.8159,3821.158
125,150,4,-13898.7266,-4998.752,4384.896
125,152,4,-13901.1299,-4112.064,4464.228
127,152,4,-13890.3125,-3722.928,3900.49
129,152,4,-13862.666,-3281.52,3299.49
131,152,4,-13823.0,-2801.3921,2716.52
133,152,4,-13455.1885,-2286.416,2179.2261
135,152,4,-12739.998,-1752.08,1692.416
137,152,4,-12104.1406,-1202.256,1251.282
139,152,4,-11656.9961,-642.752,847.41
141,152,4,-11473.0898,-85.184,467.578
143,152,4,-11563.2402,476.256,98.564
145,152,4,-11921.4365,1037.696,-272.854
147,152,4,-12527.2441,1583.6479,-657.494
149,152,4,-13231.6162,2116.0481,-1061.366
151,152,4,-13708.8105,2621.344,-1484.47
153,152,4,-13854.252,3109.2161,-1934.0181
155,152,4,-13879.4941,3558.3679,-2382.364
157,152,4,-13896.3223,3962.9919,-2787.438
157,154,4,-13895.1201,3116.96,-2825.9021
155,154,4,-13881.8984,2816.8799,-2420.8281
153,154,4,-13859.0605,2476.144,-1968.876
151,154,4,-13826.6064,2104.4319,-1519.328
149,154,4,-13510.4805,1705.616,-1092.618
147,154,4,-12934.7227,1285.504,-688.746
145,154,4,-12443.1045,846.032,-299.298
143,154,4,-12095.7266,394.944,75.726
141,154,4,-12001.9707,-63.888,453.154
139,154,4,-12164.2402,-520.784,837.794
137,154,4,-12557.2939,-973.808,1250.0801
135,154,4,-13095.79,-1419.088,1696.022
133,154,4,-13606.6406,-1850.816,2188.842
131,154,4,-13847.04,-2261.248,2735.752
129,154,4,-13867.4746,-2638.7681,3321.126
127,154,4,-13885.5039,-2989.1841,3932.9441
125,154,4,-13897.5244,-3293.136,4507.5
125,156,4,-13897.5244,-2536.1599,4538.752
127,156,4,-13886.7061,-2313.52,3967.802
129,156,4,-13872.2822,-2057.968,3359.5901
131,156,4,-13851.8486,-1777.248,2777.822
133,156,4,-13710.0127,-1463.616,2232.114
135,156,4,-13378.2598,-1130.624,1732.082
137,156,4,-12881.834,-784.08,1278.928
139,156,4,-12544.0723,-423.984,863.036
141,156,4,-12405.8418,-65.824,473.588
143,156,4,-12486.376,292.336,93.756
145,156,4,-12764.0381,648.56,-288.48
147,156,4,-13223.2021,989.296,-681.534
149,156,4,-13623.4678,1310.672,-1095.022
151,156,4,-13836.2227,1608.816,-1525.338
153,156,4,-13868.6758,1875.984,-1978.4921
155,156,4,-13880.6963,2114.1121,-2434.05
157,156,4,-13896.3223,2311.584,-2847.5381
157,158,4,-13895.1201,1550.736,-2858.356
155,158,4,-13889.1104,1457.808,-2450.8779
153,158,4,-13873.4844,1320.3521,-1997.724
151,158,4,-13844.6367,1148.048,-1544.5701
149,158,4,-13716.0225,948.64,-1113.052
147,158,4,-13433.5518,720.192,-700.766
145,158,4,-13022.4678,472.384,-307.712
143,158,4,-12756.8262,212.96,75.726
141,158,4,-12676.292,-54.208,455.558
139,158,4,-12798.8965,-321.376,846.208
137,158,4,-13104.2041,-586.608,1263.302
135,158,4,-13509.2783,-844.096,1716.4561
133,158,4,-13774.9199,-1084.16,2214.084
131,158,4,-13849.4443,-1302.928,2760.9941
129,158,4,-13873.4844,-1488.7839,3345.166
127,158,4,-13890.3125,-1651.408,3953.3782
125,158,4,-13896.3223,-1781.12,4532.7422
125,160,4,-13898.7266,-1062.864,4517.1162
127,160,4,-13887.9082,-1031.8879,3948.5701
129,160,4,-13878.292,-962.192,3347.5701
131,160,4,-13856.6563,-861.52,2770.6101
133,160,4,-13819.3945,-731.808,2228.5081
135,160,4,-13577.792,-578.864,1730.88
137,160,4,-13267.6758,-412.368,1282.5341
139,160,4,-12973.1865,-232.32,865.44
141,160,4,-12858.9961,-50.336,474.79
143,160,4,-12916.6924,131.648,93.756
145,160,4,-13169.1123,303.952,-289.682
147,160,4,-13510.4805,462.704,-682.736
149,160,4,-13754.4863,602.096,-1093.8201
151,160,4,-13851.8486,710.512,-1526.54
153,160,4,-13872.2822,787.952,-1979.6941
155,160,4,-13884.3027,826.672,-2434.05
157,160,4,-13896.3223,822.8,-2847.5381
157,162,4,-13893.918,121.968,-2835.5181
155,162,4,-13881.8984,226.512,-2430.4441
153,162,4,-13871.0801,282.656,-1978.4921
151,162,4,-13847.04,296.208,-1530.146
149,162,4,-13788.1426,272.976,-1103.436
147,162,4,-13557.3584,220.704,-694.756
145,162,4,-13280.8984,145.2,-304.106
143,162,4,-13041.7002,54.208,75.726
141,162,4,-12962.3682,-44.528,455.558
139,162,4,-13075.3564,-145.2,842.602
137,162,4,-13339.7959,-242.0,1253.686
135,162,4,-13603.0342,-327.184,1698.426
133,162,4,-13823.0,-394.944,2187.6401
131,162,4,-13857.8584,-435.6,2726.136
129,162,4,-13874.6865,-447.216,3297.0862
127,162,4,-13887.9082,-420.112,3896.884
125,162,4,-13896.3223,-348.48,4466.6323
125,164,4,-13901.1299,327.184,4405.3301
127,164,4,-13887.9082,154.88,3850.0061
129,164,4,-13875.8887,38.72,3269.4399
131,164,4,-13859.0605,-36.784,2706.9041
133,164,4,-13826.6064,-77.44,2181.6301
135,164,4,-13618.6602,-89.056,1702.032
137,164,4,-13385.4727,-83.248,1263.302
139,164,4,-13125.8398,-63.888,855.824
141,164,4,-13015.2559,-38.72,473.588
143,164,4,-13082.5684,-15.488,97.362
145,164,4,-13314.5547,-1.936,-278.864
147,164,4,-13564.5703,-3.872,-668.312
149,164,4,-13783.334,-30.976,-1072.184
151,164,4,-13849.4443,-90.992,-1494.0861
153,164,4,-13867.4746,-191.664,-1938.826
155,164,4,-13879.4941,-338.8,-2387.1721
157,164,4,-13890.3125,-542.08,-2798.2561
157,166,4,-13896.3223,-1184.832,-2760.9941
155,166,4,-13881.8984,-880.88,-2359.5261
153,166,4,-13868.6758,-642.752,-1918.3921
151,166,4,-13848.2422,-456.896,-1480.864
149,166,4,-13776.1221,-319.44,-1064.972
147,166,4,-13559.7627,-216.832,-668.312
145,166,4,-13302.5342,-137.456,-286.076
143,166,4,-13075.3564,-81.312,84.14
141,166,4,-13002.0342,-30.976,454.356
139,166,4,-13113.8203,13.552,830.582
137,166,4,-13366.2402,67.76,1228.444
135,166,4,-13594.6201,133.584,1658.76
133,166,4,-13810.9805,222.64,2129.9441
131,166,4,-13851.8486,344.608,2644.4001
129,166,4,-13869.8779,505.296,3191.3101
127,166,4,-13881.8984,716.32,3764.6641
125,166,4,-13896.3223,989.296,4311.5742
125,168,4,-13893.918,1604.944,4210.606
127,168,4,-13884.3027,1240.976,3684.1301
129,168,4,-13869.8779,942.832,3136.0181
131,168,4,-13849.4443,704.704,2607.1379
133,168,4,-13788.1426,509.168,2109.51
135,168,4,-13571.7822,346.544,1650.3461
137,168,4,-13304.9385,209.088,1230.848
139,168,4,-13046.5078,89.056,840.198
141,168,4,-12945.54,-23.232,471.184
143,168,4,-13000.832,-141.328,108.18
145,168,4,-13225.6064,-265.232,-256.026
147,168,4,-13520.0967,-412.368,-631.05
149,168,4,-13731.6484,-586.608,-1020.498
151,168,4,-13847.04,-799.568,-1427.9761
153,168,4,-13865.0703,-1064.8,-1855.8881
155,168,4,-13881.8984,-1390.048,-2293.416
157,168,4,-13891.5146,-1786.928,-2699.6921
157,170,4,-13889.1104,-2352.24,-2632.3801
155,170,4,-13881.8984,-1868.24,-2241.73
153,170,4,-13865.0703,-1459.744,-1817.4241
151,170,4,-13843.4346,-1119.0079,-1397.926
149,170,4,-13678.7598,-836.352,-1001.266
147,170,4,-13441.9658,-594.352,-621.434
145,170,4,-13117.4258,-381.392,-256.026
143,170,4,-12897.46,-193.6,98.564
141,170,4,-12832.5518,-17.424,450.75
139,170,4,-12917.8945,156.816,811.35
137,170,4,-13171.5166,340.736,1188.7781
135,170,4,-13494.8545,540.144,1598.66
133,170,4,-13722.0322,770.528,2040.9961
131,170,4,-13847.04,1041.568,2525.4021
129,170,4,-13872.2822,1357.136,3035.05
127,170,4,-13883.1006,1736.592,3568.738
125,170,4,-13890.3125,2189.616,4079.5881
125,172,4,-13895.1201,2739.4399,3949.772
127,172,4,-13878.292,2203.168,3466.5681
129,172,4,-13865.0703,1746.272,2961.728
131,172,4,-13836.2227,1359.072,2472.5142
133,172,4,-13652.3164,1022.208,2007.3401
135,172,4,-13380.6641,727.936,1579.428
137,172,4,-13009.2461,466.576,1186.374
139,172,4,-12764.0381,222.64,816.158
141,172,4,-12667.8779,-7.744,467.578
143,172,4,-12718.3623,-242.0,125.008
145,172,4,-12931.1162,-487.872,-219.966
147,172,4,-13277.292,-760.848,-575.758
149,172,4,-13583.8027,-1062.864,-944.772
151,172,4,-13815.7881,-1413.28,-1333.0181
153,172,4,-13859.0605,-1823.712,-1740.496
155,172,4,-13875.8887,-2309.6479,-2153.9841
157,172,4,-13887.9082,-2876.896,-2542.23
157,174,4,-13881.8984,-3360.896,-2447.272
155,174,4,-13867.4746,-2716.208,-2075.854
153,174,4,-13848.2422,-2156.7041,-1679.194
151,174,4,-13741.2646,-1676.576,-1286.14
149,174,4,-13485.2383,-1268.08,-913.52
147,174,4,-13068.1445,-906.048,-556.526
145,174,4,-12727.9785,-582.736,-213.956
143,174,4,-12528.4463,-286.528,117.796
141,174,4,-12464.7402,-1.936,449.548
139,174,4,-12552.4863,280.72,787.31
137,174,4,-12785.6738,573.056,1141.9
135,174,4,-13148.6787,888.624,1521.7321
133,174,4,-13533.3184,1237.104,1932.816
131,174,4,-13786.9404,1637.856,2378.7581
129,174,4,-13853.0498,2090.8799,2846.3359
127,174,4,-13872.2822,2625.2161,3331.9441
125,174,4,-13884.3027,3246.6719,3799.522
125,176,4,-13878.292,3719.0559,3656.4841
127,176,4,-13867.4746,3018.2239,3221.3601
129,176,4,-13842.2324,2416.1279,2763.3979
131,176,4,-13676.3564,1899.2159,2318.658
133,176,4,-13367.4424,1446.192,1895.5541
135,176,4,-12889.0459,1043.504,1501.298
137,176,4,-12526.042,679.536,1138.2941
139,176,4,-12273.6221,340.736,796.926
141,176,4,-12167.8467,15.488,469.982
143,176,4,-12226.7441,-313.632,150.25
145,176,4,-12450.3164,-656.304,-171.886
147,176,4,-12773.6543,-1028.016,-502.436
149,176,4,-13225.6064,-1438.448,-846.208
151,176,4,-13595.8223,-1901.152,-1205.6061
153,176,4,-13831.4141,-2437.4241,-1583.0341
155,176,4,-13860.2627,-3064.688,-1962.8661
157,176,4,-13881.8984,-3794.5601,-2328.2739
157,178,4,-13873.4844,-4189.5039,-2200.8621
155,178,4,-13851.8486,-3382.1919,-1860.696
153,178,4,-13726.8398,-2689.104,-1500.0961
151,178,4,-13419.1279,-2098.624,-1143.1021
149,178,4,-12904.6719,-1591.392,-802.936
147,178,4,-12471.9521,-1138.368,-474.79
145,178,4,-12106.5439,-727.936,-158.664
143,178,4,-11882.9727,-344.608,151.452
141,178,4,-11820.4678,21.296,457.962
139,178,4,-11916.6279,383.328,768.078
137,178,4,-12167.8467,758.912,1093.8201
135,178,4,-12556.0918,1163.536,1442.4
133,178,4,-13017.6602,1606.88,1817.4241
131,178,4,-13509.2783,2114.1121,2220.094
129,178,4,-13788.1426,2685.2319,2640.7939
127,178,4,-13851.8486,3357.0239,3075.918
125,178,4,-13875.8887,4137.2319,3488.2041
125,180,4,-13861.4639,4518.624,3331.9441
127,180,4,-13838.626,3660.9761,2952.1121
129,180,4,-13612.6504,2931.104,2551.8459
131,180,4,-13194.3545,2307.7119,2156.3879
133,180,4,-12640.2324,1761.76,1775.354
135,180,4,-12151.0186,1279.696,1420.764
137,180,4,-11760.3682,842.16,1090.214
139,180,4,-11523.5742,433.664,778.896
141,180,4,-11429.8184,38.72,480.8
143,180,4,-11479.1006,-358.16,186.31
145,180,4,-11678.6318,-770.528,-108.18
147,180,4,-12024.8086,-1213.8719,-409.882
149,180,4,-12495.9922,-1697.8719,-722.402
151,180,4,-13014.0547,-2241.8879,-1045.74
153,180,4,-13529.7119,-2878.832,-1383.5021
155,180,4,-13808.5762,-3624.1919,-1726.072
157,180,4,-13850.6465,-4507.0078,-2049.4102
157,180,6,-13857.8584,-4642.5278,-1012.084
155,180,6,-13832.6162,-3746.1599,-819.764
153,180,6,-13607.8418,-2979.5039,-625.04
151,180,6,-13212.3838,-2327.072,-433.922
149,180,6,-12705.1406,-1765.632,-251.218
147,180,6,-12266.4102,-1268.08,-72.12
145,180,6,-11910.6182,-811.184,102.17
143,180,6,-11706.2783,-389.136,276.46
141,180,6,-11654.5918,19.36,450.75
139,180,6,-11749.5498,423.984,628.646
137,180,6,-11993.5566,842.16,818.562
135,180,6,-12386.6104,1291.312,1020.498
133,180,6,-12836.1582,1788.864,1239.262
131,180,6,-13369.8467,2352.24,1476.056
129,180,6,-13694.3867,2993.0559,1726.072
127,180,6,-13844.6367,3746.1599,1982.098
125,180,6,-13866.2725,4632.8481,2232.114
125,178,6,-13881.8984,4259.2002,2321.062
127,178,6,-13861.4639,3463.5039,2060.228
129,178,6,-13832.6162,2770.416,1788.576
131,178,6,-13612.6504,2179.936,1528.944
133,178,6,-13247.2422,1657.2159,1278.928
135,178,6,-12773.6543,1196.448,1049.3461
137,178,6,-12419.0645,778.272,837.794
139,178,6,-12155.8262,391.072,639.464
141,178,6,-12046.4443,15.488,454.356
143,178,6,-12098.1299,-360.096,274.056
145,178,6,-12313.2881,-755.04,92.554
147,178,6,-12643.8379,-1177.088,-88.948
149,178,6,-13071.75,-1641.728,-277.662
151,178,6,-13510.4805,-2162.512,-471.184
153,178,6,-13779.7285,-2770.416,-673.12
155,178,6,-13854.252,-3477.0559,-879.864
157,178,6,-13869.8779,-4305.6641,-1085.406
157,176,6,-13874.6865,-3906.8479,-1156.324
155,176,6,-13863.8682,-3169.2319,-947.176
153,176,6,-13838.626,-2524.5439,-732.018
151,176,6,-13678.7598,-1972.7839,-521.668
149,176,6,-13403.502,-1494.592,-319.732
147,176,6,-12974.3887,-1074.48,-125.008
145,176,6,-12648.6465,-691.152,66.11
143,176,6,-12451.5186,-336.864,250.016
141,176,6,-12398.6299,1.936,437.528
139,176,6,-12497.1943,336.864,631.05
137,176,6,-12725.5742,685.344,835.39
135,176,6,-13083.7705,1060.928,1055.3561
133,176,6,-13499.6621,1477.168,1296.958
131,176,6,-13752.082,1945.6799,1556.5901
129,176,6,-13849.4443,2480.0159,1835.454
127,176,6,-13873.4844,3103.408,2123.9341
125,176,6,-13881.8984,3827.4719,2407.606
125,174,6,-13887.9082,3358.96,2491.7461
127,174,6,-13875.8887,2720.0801,2199.6602
129,174,6,-13860.2627,2170.2561,1900.3621
131,174,6,-13833.8184,1697.8719,1610.6801
133,174,6,-13636.6904,1283.568,1339.0281
135,174,6,-13365.0381,919.6,1087.8101
137,174,6,-12994.8223,592.416,858.228
139,174,6,-12749.6143,288.464,645.474
141,174,6,-12649.8486,-3.872,444.74
143,174,6,-12706.3418,-298.144,252.42
145,174,6,-12899.8643,-605.968,60.1
147,174,6,-13230.4141,-938.96,-135.826
149,174,6,-13564.5703,-1310.672,-337.762
151,174,6,-13795.3545,-1730.7839,-548.112
153,174,6,-13851.8486,-2222.5281,-766.876
155,174,6,-13868.6758,-2789.7759,-990.448
157,174,6,-13881.8984,-3449.9519,-1210.4141
157,172,6,-13889.1104,-2962.0801,-1260.8981
155,172,6,-13875.8887,-2392.896,-1042.134
153,172,6,-13857.8584,-1893.408,-810.148
151,172,6,-13835.0205,-1469.424,-585.374
149,172,6,-13665.5381,-1109.328,-371.418
147,172,6,-13440.7646,-793.76,-164.674
145,172,6,-13118.6279,-514.976,36.06
143,172,6,-12913.0859,-257.488,234.39
141,172,6,-12856.5918,-15.488,432.72
139,172,6,-12956.3584,224.576,637.06
137,172,6,-13196.7578,474.32,858.228
135,172,6,-13510.4805,747.296,1095.022
133,172,6,-13725.6387,1053.184,1354.6541
131,172,6,-13842.2324,1403.6,1639.5281
129,172,6,-13861.4639,1808.224,1943.634
127,172,6,-13881.8984,2282.5439,2260.9622
125,172,6,-13889.1104,2840.1121,2571.0781
125,170,6,-13892.7158,2288.3521,2648.0061
127,170,6,-13884.3027,1821.776,2333.082
129,170,6,-13873.4844,1424.896,2004.936
131,170,6,-13855.4541,1093.84,1691.214
133,170,6,-13807.374,811.184,1395.522
135,170,6,-13593.418,569.184,1125.072
137,170,6,-13356.624,356.224,881.066
139,170,6,-13124.6387,164.56,653.888
141,170,6,-13020.0645,-19.36,443.538
143,170,6,-13071.75,-205.216,240.4
145,170,6,-13278.4941,-402.688,37.262
147,170,6,-13530.9141,-621.456,-169.482
149,170,6,-13734.0527,-873.136,-381.034
151,170,6,-13842.2324,-1163.536,-602.202
153,170,6,-13865.0703,-1513.952,-835.39
155,170,6,-13879.4941,-1930.192,-1068.578
157,170,6,-13892.7158,-2418.064,-1294.5541
157,168,6,-13892.7158,-1848.88,-1325.806
155,168,6,-13879.4941,-1450.064,-1103.436
153,168,6,-13867.4746,-1115.136,-866.642
151,168,6,-13853.0498,-844.096,-631.05
149,168,6,-13796.5566,-623.392,-408.68
147,168,6,-13594.6201,-439.472,-192.32
145,168,6,-13385.4727,-284.592,16.828
143,168,6,-13182.334,-151.008,223.572
141,168,6,-13128.2441,-29.04,432.72
139,168,6,-13220.7979,90.992,646.676
137,168,6,-13441.9658,218.768,877.46
135,168,6,-13642.7002,363.968,1129.88
133,168,6,-13825.4043,536.272,1406.34
131,168,6,-13854.252,747.296,1712.85
129,168,6,-13875.8887,1000.912,2037.39
127,168,6,-13887.9082,1310.672,2381.1621
125,168,6,-13895.1201,1692.064,2717.7222
125,166,6,-13898.7266,1064.8,2776.6201
127,166,6,-13885.5039,780.208,2440.0601
129,166,6,-13877.0898,555.632,2086.6721
131,166,6,-13859.0605,385.264,1754.92
133,166,6,-13836.2227,253.616,1439.996
135,166,6,-13684.7705,154.88,1156.324
137,166,6,-13491.248,79.376,900.298
139,166,6,-13300.1299,19.36,662.302
141,166,6,-13187.1426,-34.848,442.336
143,166,6,-13247.2422,-90.992,230.784
145,166,6,-13425.1387,-154.88,20.434
147,166,6,-13622.2666,-238.128,-192.32
149,166,6,-13813.3838,-348.48,-411.084
151,166,6,-13855.4541,-493.68,-639.464
153,166,6,-13867.4746,-685.344,-877.46
155,166,6,-13886.7061,-929.28,-1115.4561
157,166,6,-13896.3223,-1233.2319,-1343.8361
157,164,6,-13897.5244,-588.544,-1354.6541
155,164,6,-13883.1006,-383.328,-1135.89
153,164,6,-13869.8779,-228.448,-894.288
151,164,6,-13859.0605,-120.032,-656.292
149,164,6,-13821.7979,-56.144,-427.912
147,164,6,-13642.7002,-21.296,-206.744
145,164,6,-13447.9766,-13.552,8.414
143,164,6,-13261.666,-21.296,217.562
141,164,6,-13195.5566,-38.72,432.72
139,164,6,-13306.1406,-58.08,653.888
137,164,6,-13512.8838,-73.568,893.086
135,164,6,-13693.1846,-73.568,1153.92
133,164,6,-13842.2324,-54.208,1441.198
131,164,6,-13863.8682,-3.872,1763.334
129,164,6,-13878.292,81.312,2108.3081
127,164,6,-13892.7158,212.96,2470.1101
125,164,6,-13901.1299,394.944,2821.094
125,162,6,-13901.1299,-296.208,2857.1541
127,162,6,-13891.5146,-377.52,2507.3721
129,162,6,-13884.3027,-414.304,2141.9641
131,162,6,-13863.8682,-412.368,1793.384
133,162,6,-13843.4346,-375.584,1470.046
135,162,6,-13691.9824,-315.568,1174.354
137,162,6,-13500.8643,-234.256,909.914
139,162,6,-13268.8779,-143.264,665.908
141,162,6,-13152.2842,-48.4,442.336
143,162,6,-13214.7881,46.464,227.178
145,162,6,-13416.7246,133.584,13.222
147,162,6,-13627.0742,203.28,-203.138
149,162,6,-13819.3945,251.68,-426.71
151,162,6,-13855.4541,271.04,-656.292
153,162,6,-13871.0801,251.68,-896.692
155,162,6,-13885.5039,191.664,-1138.2941
157,162,6,-13893.918,87.12,-1358.26
157,160,6,-13896.3223,795.696,-1357.058
155,160,6,-13886.7061,801.504,-1141.9
153,160,6,-13877.0898,766.656,-902.702
151,160,6,-13854.252,693.088,-664.706
149,160,6,-13821.7979,586.608,-435.124
147,160,6,-13603.0342,454.96,-212.754
145,160,6,-13366.2402,300.08,3.606
143,160,6,-13116.2246,127.776,216.36
141,160,6,-13048.9121,-48.4,432.72
139,160,6,-13169.1123,-228.448,656.292
137,160,6,-13432.3506,-402.688,897.894
135,160,6,-13665.5381,-569.184,1164.738
133,160,6,-13836.2227,-716.32,1461.6321
131,160,6,-13863.8682,-842.16,1789.7781
129,160,6,-13877.0898,-935.088,2140.762
127,160,6,-13890.3125,-998.976,2512.1799
125,160,6,-13897.5244,-1026.08,2876.386
125,158,6,-13901.1299,-1757.8879,2881.1941
127,158,6,-13890.3125,-1637.856,2526.604
129,158,6,-13875.8887,-1481.04,2157.5901
131,158,6,-13857.8584,-1295.184,1805.4041
133,158,6,-13835.0205,-1078.3521,1474.854
135,158,6,-13619.8623,-842.16,1177.96
137,158,6,-13325.3721,-588.544,909.914
139,158,6,-13009.2461,-327.184,665.908
141,158,6,-12878.2285,-61.952,439.932
143,158,6,-12940.7324,201.344,225.976
145,158,6,-13194.3545,460.768,12.02
147,158,6,-13534.5205,706.64,-204.34
149,158,6,-13773.7178,929.28,-425.508
151,158,6,-13850.6465,1128.688,-657.494
153,158,6,-13873.4844,1295.184,-896.692
155,158,6,-13886.7061,1430.704,-1133.486
157,158,6,-13897.5244,1527.504,-1349.8461
157,156,6,-13893.918,2292.2239,-1336.624
155,156,6,-13885.5039,2096.688,-1127.4761
153,156,6,-13867.4746,1864.368,-891.884
151,156,6,-13845.8379,1597.2,-657.494
149,156,6,-13713.6182,1304.864,-429.114
147,156,6,-13405.9063,985.424,-209.148
145,156,6,-12975.5898,646.624,3.606
143,156,6,-12705.1406,296.208,213.956
141,156,6,-12633.0205,-61.952,427.912
139,156,6,-12770.0479,-420.112,651.484
137,156,6,-13103.002,-778.272,891.884
135,156,6,-13526.1064,-1124.816,1157.526
133,156,6,-13796.5566,-1455.8719,1453.218
131,156,6,-13859.0605,-1765.632,1782.566
129,156,6,-13868.6758,-2046.3519,2133.55
127,156,6,-13890.3125,-2299.968,2507.3721
125,156,6,-13895.1201,-2522.6079,2866.77
125,154,6,-13896.3223,-3297.0081,2840.3262
127,154,6,-13886.7061,-2994.9919,2492.948
129,154,6,-13873.4844,-2650.384,2127.54
131,154,6,-13848.2422,-2274.8,1777.7581
133,154,6,-13719.6279,-1864.368,1452.016
135,154,6,-13357.8262,-1436.512,1158.728
137,154,6,-12807.3105,-991.232,894.288
139,154,6,-12443.1045,-536.272,655.09
141,154,6,-12266.4102,-79.376,435.124
143,154,6,-12346.9443,377.52,223.572
145,154,6,-12642.6367,830.544,15.626
147,154,6,-13124.6387,1271.952,-195.926
149,154,6,-13593.418,1692.064,-414.69
151,154,6,-13841.0303,2087.0081,-640.666
153,154,6,-13863.8682,2458.72,-873.854
155,154,6,-13881.8984,2797.52,-1107.042
157,154,6,-13895.1201,3101.4719,-1316.1901
157,152,6,-13893.918,3957.1841,-1294.5541
155,152,6,-13880.6963,3552.5601,-1092.618
153,152,6,-13863.8682,3103.408,-863.036
151,152,6,-13800.1621,2621.344,-632.252
149,152,6,-13423.9365,2116.0481,-412.286
147,152,6,-12761.6338,1585.584,-198.33
145,152,6,-12201.502,1037.696,8.414
143,152,6,-11843.3066,482.064,211.552
141,152,6,-11755.5605,-81.312,418.296
139,152,6,-11938.2646,-640.816,632.252
137,152,6,-12391.418,-1202.256,866.642
135,152,6,-12981.6006,-1754.016,1125.072
133,152,6,-13577.792,-2290.2881,1413.552
131,152,6,-13838.626,-2805.2639,1736.89
129,152,6,-13872.2822,-3287.3279,2084.2681
127,152,6,-13889.1104,-3730.6719,2447.272
125,152,6,-13898.7266,-4125.6162,2795.8521
125,150,6,-13897.5244,-5027.792,2740.5601
127,150,6,-13884.3027,-4547.6641,2406.4041
129,150,6,-13862.666,-3995.9041,2050.6121
131,150,6,-13809.7783,-3401.552,1711.6481
133,150,6,-13350.6143,-2770.416,1394.3201
135,150,6,-12540.4658,-2117.9839,1113.052
137,150,6,-11797.6299,-1453.936,858.228
139,150,6,-11310.8203,-782.144,628.646
141,150,6,-11112.4902,-108.416,418.296
143,150,6,-11188.2158,567.248,217.562
145,150,6,-11547.6143,1242.912,19.232
147,150,6,-12193.0879,1906.96,-181.502
149,150,6,-12975.5898,2551.6479,-389.448
151,150,6,-13633.084,3182.7839,-608.212
153,150,6,-13848.2422,3790.688,-836.592
155,150,6,-13880.6963,4365.6802,-1062.568
157,150,6,-13896.3223,4894.208,-1266.9081
157,148,6,-13887.9082,5914.48,-1235.656
155,148,6,-13872.2822,5262.0479,-1036.124
153,148,6,-13831.4141,4551.5361,-813.754
151,148,6,-13369.8467,3808.1121,-592.586
149,148,6,-12417.8623,3047.2639,-379.832
147,148,6,-11475.4941,2268.9919,-179.098
145,148,6,-10814.3945,1479.104,15.626
143,148,6,-10451.3906,685.344,206.744
141,148,6,-10364.8457,-110.352,400.266
139,148,6,-10564.3779,-900.24,599.798
137,148,6,-11043.9766,-1692.064,820.966
135,148,6,-11820.4678,-2480.0159,1064.972
133,148,6,-12804.9063,-3262.1599,1342.634
131,148,6,-13623.4678,-4024.9441,1650.3461
129,148,6,-13851.8486,-4749.0078,1983.3
127,148,6,-13875.8887,-5432.416,2333.082
125,148,6,-13896.3223,-6036.4478,2669.6421
125,146,6,-13893.918,-7199.9839,2585.502
127,146,6,-13874.6865,-6452.688,2262.1641
129,146,6,-13836.2227,-5614.3999,1923.2001
131,146,6,-13297.7266,-4739.3281,1599.8621
133,146,6,-12108.9482,-3831.344,1302.968
135,146,6,-10989.8857,-2907.8721,1036.124
137,146,6,-10188.1523,-1982.464,801.734
139,146,6,-9683.3125,-1060.928,587.778
141,146,6,-9471.7598,-145.2,395.458
143,146,6,-9541.4766,774.4,211.552
145,146,6,-9893.6621,1701.744,31.252
147,146,6,-10543.9443,2627.1521,-156.26
149,146,6,-11499.5342,3546.752,-350.984
151,146,6,-12691.918,4452.7998,-557.728
153,146,6,-13642.7002,5353.04,-775.29
155,146,6,-13862.666,6228.1118,-995.256
157,146,6,-13887.9082,7048.9761,-1197.192
157,144,6,-13879.4941,8301.5684,-1151.516
155,144,6,-13841.0303,7300.6558,-950.782
153,144,6,-13208.7783,6249.4082,-736.826
151,144,6,-11796.4277,5176.8638,-526.476
149,144,6,-10503.0762,4106.2559,-330.55
147,144,6,-9542.6777,3033.7119,-146.644
145,144,6,-8887.5879,1966.976,28.848
143,144,6,-8534.2002,909.92,198.33
141,144,6,-8460.8779,-143.264,372.62
139,144,6,-8662.8145,-1194.512,554.122
137,144,6,-9147.2197,-2257.376,751.25
135,144,6,-9934.5303,-3324.1121,973.62
133,144,6,-11049.9863,-4402.4639,1227.2421
131,144,6,-12504.4063,-5484.688,1513.318
129,144,6,-13630.6807,-6541.7441,1823.4341
127,144,6,-13863.8682,-7575.5679,2153.9841
125,144,6,-13891.5146,-8535.8242,2470.1101
125,142,6,-13887.9082,-10059.4561,2340.2939
127,142,6,-13844.6367,-8853.3281,2043.4
129,142,6,-13092.1846,-7589.1201,1732.082
131,142,6,-11422.6064,-6319.104,1436.39
133,142,6,-9934.5303,-5045.2158,1167.142
135,142,6,-8805.8525,-3792.624,926.742
137,142,6,-8012.5322,-2572.9441,719.998
139,142,6,-7520.9141,-1370.688,533.688
141,142,6,-7310.564,-187.792,365.408
143,142,6,-7369.4619,1002.848,206.744
145,142,6,-7702.416,2203.168,48.08
147,142,6,-8322.6484,3420.9119,-116.594
149,142,6,-9249.3906,4656.0801,-290.884
151,142,6,-10507.8838,5900.9277,-477.194
153,142,6,-12155.8262,7174.8159,-677.928
155,142,6,-13583.8027,8454.5117,-885.874
157,142,6,-13868.6758,9714.8477,-1089.012
157,140,6,-13833.8184,11283.0078,-1007.276
155,140,6,-12714.7559,9753.5684,-812.552
153,140,6,-10750.6885,8218.3203,-613.02
151,140,6,-9125.584,6717.9199,-425.508
149,140,6,-7882.7163,5279.4722,-253.622
147,140,6,-6975.2061,3873.936,-98.564
145,140,6,-6346.5601,2503.248,49.282
143,140,6,-6023.2222,1155.792,192.32
141,140,6,-5959.5161,-180.048,336.56
139,140,6,-6154.2402,-1506.208,486.81
137,140,6,-6608.5962,-2857.5359,653.888
135,140,6,-7356.2402,-4251.4561,845.006
133,140,6,-8435.6357,-5689.9038,1062.568
131,140,6,-9888.8545,-7182.5601,1312.584
129,140,6,-11751.9541,-8702.3203,1589.0441
127,140,6,-13559.7627,-10276.2881,1889.5441
125,140,6,-13878.292,-11846.3838,2175.6201
125,138,6,-13833.8184,-13766.8955,1988.108
127,138,6,-12420.2666,-11805.7275,1727.274
129,138,6,-10128.0518,-9898.7676,1456.824
131,138,6,-8305.8203,-8096.3521,1205.6061
133,138,6,-6894.6724,-6373.312,971.216
135,138,6,-5870.5679,-4737.3921,776.492
137,138,6,-5166.1963,-3184.72,609.414
139,138,6,-4734.6782,-1678.512,460.366
141,138,6,-4548.3682,-216.832,326.944
143,138,6,-4598.8521,1248.72,200.734
145,138,6,-4882.5239,2745.248,74.524
147,138,6,-5425.8281,4270.8159,-56.494
149,138,6,-6247.9961,5846.7197,-197.128
151,138,6,-7392.3003,7496.1919,-354.59
153,138,6,-8935.668,9244.4004,-530.082
155,138,6,-10932.1904,11073.9199,-715.19
157,138,6,-13190.748,12971.2002,-895.49
157,136,6,-11232.6904,14771.6797,-760.866
155,136,6,-8864.75,12498.8164,-593.788
153,136,6,-6970.3979,10342.1123,-427.912
151,136,6,-5541.2202,8328.6719,-274.056
149,136,6,-4489.4702,6462.3682,-138.23
147,136,6,-3728.604,4706.416,-14.424
145,136,6,-3242.9961,3025.968,96.16
143,136,6,-2991.7781,1409.408,199.532
141,136,6,-2942.4961,-187.792,302.904
139,136,6,-3098.7561,-1783.056,413.488
137,136,6,-3470.1741,-3428.656,538.496
135,136,6,-4083.1941,-5153.6318,682.736
133,136,6,-4982.29,-6987.0239,853.42
131,136,6,-6235.9761,-8969.4883,1050.548
129,136,6,-7900.7461,-11087.4717,1275.322
127,136,6,-10089.5879,-13397.1201,1514.52
125,136,6,-12798.8965,-15875.2002,1754.92
125,134,6,-10126.8506,-17966.0801,1498.894
127,134,6,-7554.5703,-14994.3203,1298.16
129,134,6,-5572.4722,-12272.3037,1093.8201
131,134,6,-4091.6082,-9831.0078,903.904
133,134,6,-3025.4341,-7604.6079,742.836
135,134,6,-2265.77,-5564.064,601.0
137,134,6,-1752.516,-3691.9519,480.8
139,134,6,-1447.208,-1920.512,379.832
141,134,6,-1313.786,-214.896,287.278
143,134,6,-1346.24,1484.912,203.138
145,134,6,-1538.5601,3221.5039,122.604
147,134,6,-1918.3921,5037.4722,34.858
149,134,6,-2520.594,6971.5361,-61.302
151,134,6,-3388.438,9050.7998,-171.886
153,134,6,-4609.6699,11343.0244,-298.096
155,134,6,-6266.0259,13859.8242,-441.134
157,134,6,-8446.4541,16591.5195,-593.788
157,132,6,-5282.79,18424.9121,-389.448
155,132,6,-3395.6501,15226.6396,-264.44
153,132,6,-2020.562,12338.1279,-153.856
151,132,6,-1050.548,9753.5684,-61.302
149,132,6,-390.65,7455.5361,15.626
147,132,6,39.666,5366.5918,81.736
145,132,6,305.308,3432.5281,141.836
143,132,6,431.518,1603.0079,197.128
141,132,6,454.356,-178.112,254.824
139,132,6,365.408,-1961.168,318.53
137,132,6,158.664,-3827.4719,389.448
135,132,6,-193.522,-5833.168,477.194
133,132,6,-740.432,-8047.9521,582.97
131,132,6,-1546.974,-10529.9043,711.584
129,132,6,-2693.6821,-13302.2559,858.228
127,132,6,-4330.8062,-16485.0391,1021.7
125,132,6,-6556.9102,-20029.8555,1187.576
125,130,6,-2464.1001,-21481.8555,847.41
127,130,6,-712.786,-17824.752,738.028
129,130,6,445.942,-14208.3037,632.252
131,130,6,1191.182,-11095.2158,532.486
133,130,6,1657.558,-8398.3682,448.346
135,130,6,1943.634,-6036.4478,378.63
137,130,6,2115.52,-3945.5679,322.136
139,130,6,2210.478,-2017.312,276.46
141,130,6,2253.75,-195.536,239.198
143,130,6,2254.9521,1628.176,205.542
145,130,6,2218.8921,3517.7119,173.088
147,130,6,2110.7122,5533.0879,141.836
149,130,6,1906.3721,7738.1919,106.978
151,130,6,1550.5801,10216.2715,66.11
153,130,6,944.772,13075.7441,10.818
155,130,6,-20.434,16372.752,-57.696
157,130,6,-1497.692,20107.2949,-144.24
157,128,6,2858.356,21296.0,143.038
155,128,6,3780.29,17344.623,179.098
153,128,6,4207.0,13639.1201,192.32
151,128,6,4338.0181,10529.9043,198.33
149,128,6,4332.0083,7912.4321,199.532
147,128,6,4262.292,5622.144,198.33
145,128,6,4186.5659,3575.792,199.532
143,128,6,4121.6582,1686.256,200.734
141,128,6,4094.012,-131.648,206.744
139,128,6,4102.4263,-1953.424,216.36
137,128,6,4146.8999,-3885.552,230.784
135,128,6,4205.7979,-6007.4082,252.42
133,128,6,4255.0801,-8435.1523,280.066
131,128,6,4235.8481,-11296.5596,314.924
129,128,6,4051.9421,-14663.2637,356.994
127,128,6,3548.304,-18794.6875,402.67
125,128,6,2461.696,-22211.7285,451.952
125,126,6,8322.6484,-22256.2559,30.05
127,126,6,8401.9805,-19280.623,61.302
129,126,6,7982.4819,-14734.8955,86.544
131,126,6,7437.9761,-11161.04,106.978
133,126,6,6915.106,-8257.04,122.604
135,126,6,6481.1841,-5840.9121,137.028
137,126,6,6163.856,-3767.4561,150.25
139,126,6,5972.7383,-1891.472,164.674
141,126,6,5905.4263,-135.52,181.502
143,126,6,5957.1123,1622.368,203.138
145,126,6,6139.8159,3453.824,228.38
147,126,6,6431.9023,5461.4561,259.632
149,126,6,6827.3604,7732.3838,296.894
151,126,6,7303.3521,10406.0,342.57
153,126,6,7792.5659,13673.9678,393.054
155,126,6,8168.792,17731.8242,445.942
157,126,6,8148.3579,21907.7754,489.214
157,124,6,13605.4385,22062.6562,871.45
155,124,6,12830.1484,17489.8242,723.604
153,124,6,11515.1602,13220.9443,588.98
151,124,6,10274.6963,9933.6162,478.396
149,124,6,9283.0459,7335.5039,388.246
147,124,6,8519.7764,5161.376,317.328
145,124,6,7998.1079,3281.52,258.43
143,124,6,7685.5884,1570.0959,207.946
141,124,6,7597.8423,-67.76,162.27
139,124,6,7716.8403,-1697.8719,120.2
137,124,6,8058.208,-3434.4639,76.928
135,124,6,8636.3701,-5368.5278,28.848
133,124,6,9477.7705,-7629.7759,-28.848
131,124,6,10628.084,-10415.6797,-98.564
129,124,6,12071.6865,-13943.0723,-188.714
127,124,6,13420.3301,-18672.7207,-300.5
125,124,6,13842.2324,-22262.0645,-432.72
125,122,6,13919.1602,-22062.6562,-871.45
127,122,6,13892.7158,-16725.1035,-635.858
129,122,6,13856.6563,-12320.7041,-443.538
131,122,6,13416.7246,-9149.5361,-292.086
133,122,6,11999.5664,-6698.5601,-169.482
135,122,6,10741.0723,-4702.5439,-76.928
137,122,6,9900.874,-3008.5439,2.404
139,122,6,9408.0537,-1481.04,73.322
141,122,6,9228.9561,-48.4,138.23
143,122,6,9343.1465,1393.92,206.744
145,122,6,9763.8457,2905.936,281.268
147,122,6,10501.874,4580.5762,371.418
149,122,6,11602.9063,6503.0239,478.396
151,122,6,12968.3779,8826.2236,613.02
153,122,6,13826.6064,11838.6396,786.108
155,122,6,13886.7061,15911.9844,1010.882
157,122,6,13909.5439,21361.8242,1299.3621
157,120,6,13929.9785,17832.4961,1668.376
155,120,6,13914.3525,13037.0244,1257.292
153,120,6,13887.9082,9753.5684,953.186
151,120,6,13849.4443,7320.0161,726.008
149,120,6,13283.3018,5432.416,554.122
147,120,6,12147.4121,3854.5759,418.296
145,120,6,11219.4678,2474.208,305.308
143,120,6,10689.3857,1219.6801,206.744
141,120,6,10541.54,23.232,121.402
139,120,6,10750.6885,-1163.536,39.666
137,120,6,11331.2539,-2406.448,-50.484
135,120,6,12342.1357,-3773.2639,-155.058
133,120,6,13480.4307,-5345.2959,-284.874
131,120,6,13860.2627,-7242.5762,-447.144
129,120,6,13895.1201,-9625.792,-651.484
127,120,6,13920.3623,-12905.376,-909.914
125,120,6,13917.958,-17787.9687,-1239.262
125,120,8,13921.5645,-18111.2793,39.666
127,120,8,13915.5547,-13176.416,72.12
129,120,8,13897.5244,-9821.3281,86.544
131,120,8,13862.666,-7387.7759,93.756
133,120,8,13523.7021,-5451.7759,97.362
135,120,8,12415.458,-3854.5759,98.564
137,120,8,11385.3438,-2470.3359,100.968
139,120,8,10785.5459,-1211.936,102.17
141,120,8,10571.5898,-15.488,105.776
143,120,8,10714.6279,1188.704,111.786
145,120,8,11236.2959,2460.656,120.2
147,120,8,12159.4326,3852.6399,132.22
149,120,8,13291.7158,5449.8398,151.452
151,120,8,13850.6465,7358.7358,177.896
153,120,8,13889.1104,9829.0723,225.976
155,120,8,13915.5547,13180.2881,312.52
157,120,8,13926.3721,18093.8555,465.174
157,122,8,13909.5439,21514.7676,347.378
155,122,8,13885.5039,16183.0234,272.854
153,122,8,13836.2227,12032.2402,223.572
151,122,8,13046.5078,8971.4238,186.31
149,122,8,11683.4404,6599.8237,163.472
147,122,8,10557.166,4648.3359,147.846
145,122,8,9787.8857,2950.4639,134.624
143,122,8,9357.5703,1421.024,127.412
141,122,8,9225.3506,-38.72,122.604
139,122,8,9388.8223,-1486.848,120.2
137,122,8,9866.0166,-3031.7759,121.402
135,122,8,10685.7803,-4739.3281,123.806
133,122,8,11929.8506,-6754.7041,125.008
131,122,8,13375.8564,-9234.7197,125.008
129,122,8,13860.2627,-12423.3115,129.816
127,122,8,13903.5342,-16866.4316,132.22
125,122,8,13914.3525,-22151.7109,137.028
125,124,8,13845.8379,-22269.8086,269.248
127,124,8,13473.2178,-18949.5684,227.178
129,124,8,12182.2705,-14161.8398,199.532
131,124,8,10732.6582,-10582.1758,179.098
133,124,8,9567.9199,-7761.4238,163.472
135,124,8,8709.6924,-5471.1357,151.452
137,124,8,8121.9141,-3511.9041,144.24
139,124,8,7776.9399,-1759.824,139.432
141,124,8,7650.73,-112.288,139.432
143,124,8,7736.0723,1531.376,140.634
145,124,8,8042.582,3264.0959,146.644
147,124,8,8561.8457,5161.376,155.058
149,124,8,9321.5098,7349.0562,164.674
151,124,8,10313.1602,9964.5918,176.694
153,124,8,11553.624,13279.0244,189.916
155,124,8,12855.3906,17594.3672,203.138
157,124,8,13621.0645,22147.8398,204.34
157,126,8,8102.6821,22016.1914,103.372
155,126,8,8176.0039,17950.5918,149.048
153,126,8,7827.4243,13848.208,163.472
151,126,8,7338.21,10535.7119,164.674
149,126,8,6852.6021,7827.248,163.472
147,126,8,6439.1143,5531.1519,162.27
145,126,8,6141.0181,3502.2239,159.866
143,126,8,5953.5063,1659.152,157.462
141,126,8,5891.002,-116.16,158.664
139,126,8,5952.3042,-1891.472,163.472
137,126,8,6135.0083,-3777.136,170.684
135,126,8,6443.9219,-5868.0161,185.108
133,126,8,6869.4302,-8301.5684,204.34
131,126,8,7383.8862,-11224.9277,228.38
129,126,8,7923.584,-14827.8242,265.642
127,126,8,8335.8701,-19400.6562,317.328
125,126,8,8252.9326,-22264.0,393.054
125,128,8,2364.334,-22223.3437,510.85
127,128,8,3450.9421,-19011.5195,414.69
129,128,8,3971.408,-14856.8643,343.772
131,128,8,4167.334,-11447.5684,293.288
133,128,8,4197.3843,-8557.1201,253.622
135,128,8,4162.5259,-6102.272,227.178
137,128,8,4108.436,-3961.0559,206.744
139,128,8,4072.376,-2019.248,193.522
141,128,8,4065.1641,-180.048,185.108
143,128,8,4094.012,1649.472,180.3
145,128,8,4161.3242,3558.3679,177.896
147,128,8,4237.0503,5620.208,175.492
149,128,8,4303.1602,7922.1118,174.29
151,128,8,4306.7661,10551.2002,168.28
153,128,8,4166.1318,13683.6475,152.654
155,128,8,3722.594,17414.3203,117.796
157,128,8,2776.6201,21390.8633,50.484
157,130,8,-1626.306,20235.0723,13.222
155,130,8,-128.614,16516.0156,90.15
153,130,8,865.44,13197.7119,134.624
151,130,8,1494.0861,10313.0723,158.664
149,130,8,1865.504,7817.5679,170.684
147,130,8,2079.46,5587.2959,179.098
145,130,8,2190.0439,3554.4961,185.108
143,130,8,2227.3062,1657.2159,192.32
141,130,8,2222.498,-180.048,199.532
139,130,8,2172.0142,-2013.4399,212.754
137,130,8,2071.0461,-3953.312,230.784
135,130,8,1894.3521,-6067.4238,256.026
133,130,8,1595.0541,-8433.2158,292.086
131,130,8,1114.254,-11153.2959,340.166
129,130,8,356.994,-14276.0635,403.872
127,130,8,-816.158,-17927.3594,488.012
125,130,8,-2590.3101,-21561.2324,598.596
125,132,8,-6710.7661,-20192.4805,686.342
127,132,8,-4500.2881,-16641.8555,569.748
129,132,8,-2859.5581,-13443.584,478.396
131,132,8,-1698.426,-10653.8076,405.074
133,132,8,-870.248,-8148.624,347.378
135,132,8,-305.308,-5922.2241,302.904
137,132,8,63.706,-3899.104,269.248
139,132,8,284.874,-2017.312,244.006
141,132,8,382.236,-224.576,225.976
143,132,8,366.61,1564.288,211.552
145,132,8,244.006,3411.2319,200.734
147,132,8,-21.636,5354.9761,189.916
149,132,8,-455.558,7453.6001,176.694
151,132,8,-1117.86,9755.5039,156.26
153,132,8,-2095.0859,12351.6797,126.21
155,132,8,-3482.1941,15249.8721,75.726
157,132,8,-5398.1821,18475.248,-2.404
157,134,8,-8593.0986,16655.4082,-1.202
155,134,8,-6412.6699,13941.1357,73.322
153,134,8,-4732.2739,11422.4004,126.21
151,134,8,-3485.8,9120.4961,161.068
149,134,8,-2596.3201,7023.8081,183.906
147,134,8,-1979.6941,5080.064,198.33
145,134,8,-1587.842,3254.416,212.754
143,134,8,-1391.916,1508.144,227.178
141,134,8,-1360.6641,-205.216,244.006
139,134,8,-1496.49,-1916.64,265.642
137,134,8,-1810.212,-3699.696,294.49
135,134,8,-2329.4761,-5581.4878,330.55
133,134,8,-3104.7661,-7629.7759,381.034
131,134,8,-4190.1719,-9877.4717,447.144
129,134,8,-5661.4199,-12328.4482,530.082
127,134,8,-7647.124,-15071.7598,635.858
125,134,8,-10230.2227,-18080.3047,762.068
125,136,8,-12911.8838,-15991.3604,834.188
127,136,8,-10314.3623,-13522.96,704.372
129,136,8,-8113.5,-11203.6318,591.384
131,136,8,-6435.5083,-9074.0322,498.83
133,136,8,-5157.7822,-7078.0161,426.71
135,136,8,-4235.8481,-5233.0078,370.216
137,136,8,-3598.7881,-3494.48,325.742
139,136,8,-3210.542,-1837.264,290.884
141,136,8,-3041.0601,-234.256,263.238
143,136,8,-3080.7261,1366.816,241.602
145,136,8,-3324.7322,3000.8,223.572
147,136,8,-3806.7341,4687.0562,205.542
149,136,8,-4542.3579,6454.624,183.906
151,136,8,-5580.8862,8322.8643,158.664
153,136,8,-7004.0542,10342.1123,121.402
155,136,8,-8877.9717,12502.6875,74.524
157,136,8,-11265.1445,14802.6563,4.808
157,138,8,-13241.2324,12998.3037,20.434
155,138,8,-11045.1777,11116.5117,85.342
153,138,8,-9054.666,9283.1201,133.422
151,138,8,-7496.874,7536.8481,165.876
149,138,8,-6330.9341,5887.376,189.916
147,138,8,-5488.332,4303.728,211.552
145,138,8,-4933.0083,2772.3521,233.188
143,138,8,-4643.3262,1273.8879,253.622
141,138,8,-4594.0439,-203.28,278.864
139,138,8,-4780.354,-1674.64,307.712
137,138,8,-5216.6802,-3186.656,344.974
135,138,8,-5924.6582,-4750.9438,394.256
133,138,8,-6955.9741,-6398.48,455.558
131,138,8,-8349.0918,-8131.2002,537.294
129,138,8,-10160.5059,-9949.1035,637.06
127,138,8,-12465.9424,-11875.4238,762.068
125,138,8,-13836.2227,-13859.8242,896.692
125,140,8,-13874.6865,-11929.6318,956.792
127,140,8,-13611.4482,-10369.2158,813.754
129,140,8,-11950.2842,-8791.376,688.746
131,140,8,-10079.9727,-7261.936,587.778
133,140,8,-8599.1084,-5761.5361,500.032
135,140,8,-7492.0659,-4313.4082,435.124
137,140,8,-6716.7759,-2915.616,377.428
139,140,8,-6234.7739,-1554.608,329.348
141,140,8,-6029.2319,-220.704,295.692
143,140,8,-6082.1201,1117.072,269.248
145,140,8,-6394.6401,2472.272,244.006
147,140,8,-6989.6304,3854.5759,222.37
149,140,8,-7883.918,5260.1118,198.33
151,140,8,-9107.5537,6700.4961,173.088
153,140,8,-10732.6582,8204.7676,140.634
155,140,8,-12703.9385,9743.8877,97.362
157,140,8,-13836.2227,11288.8164,36.06
157,142,8,-13868.6758,9716.7842,56.494
155,142,8,-13607.8418,8479.6797,110.584
153,142,8,-12245.9766,7203.856,151.452
151,142,8,-10590.8223,5929.9678,183.906
149,142,8,-9315.5,4681.248,211.552
147,142,8,-8369.5264,3442.208,236.794
145,142,8,-7731.2642,2220.592,260.834
143,142,8,-7393.502,1016.4,284.874
141,142,8,-7329.7959,-181.984,316.126
139,142,8,-7538.9443,-1372.624,353.388
137,142,8,-8031.7642,-2582.624,400.266
135,142,8,-8828.6904,-3813.9199,459.164
133,142,8,-9959.7725,-5072.3198,533.688
131,142,8,-11458.666,-6350.0801,623.838
129,142,8,-13124.6387,-7631.7119,733.22
127,142,8,-13843.4346,-8909.4717,861.834
125,142,8,-13886.7061,-10136.8955,1012.084
125,144,8,-13895.1201,-8593.9043,1064.972
127,144,8,-13868.6758,-7637.52,909.914
129,144,8,-13684.7705,-6603.6958,772.886
131,144,8,-12636.626,-5538.896,659.898
133,144,8,-11191.8223,-4452.7998,564.94
135,144,8,-10046.3164,-3368.6399,486.81
137,144,8,-9226.5518,-2298.032,424.306
139,144,8,-8715.7021,-1233.2319,373.822
141,144,8,-8495.7363,-181.984,332.954
143,144,8,-8555.8359,871.2,300.5
145,144,8,-8899.6084,1936.0,270.45
147,144,8,-9543.8799,3010.48,246.41
149,144,8,-10503.0762,4081.0879,221.168
151,144,8,-11790.418,5153.6318,195.926
153,144,8,-13208.7783,6226.1758,164.674
155,144,8,-13839.8281,7275.4878,126.21
157,144,8,-13881.8984,8286.0801,79.332
157,146,8,-13886.7061,7037.3599,97.362
155,146,8,-13865.0703,6228.1118,137.028
153,146,8,-13666.7402,5358.8481,170.684
151,146,8,-12754.4219,4462.48,199.532
149,146,8,-11564.4424,3550.624,225.976
147,146,8,-10592.0244,2629.0879,251.218
145,146,8,-9934.5303,1705.616,278.864
143,146,8,-9577.5361,778.272,308.914
141,146,8,-9507.8203,-145.2,344.974
139,146,8,-9719.3721,-1062.864,388.246
137,146,8,-10225.4141,-1988.272,442.336
135,146,8,-11033.1582,-2915.616,508.446
133,146,8,-12165.4424,-3839.0879,590.182
131,146,8,-13342.2002,-4754.8159,689.948
129,146,8,-13838.626,-5635.6958,811.35
127,146,8,-13884.3027,-6477.856,951.984
125,146,8,-13903.5342,-7236.7681,1111.85
125,148,8,-13899.9287,-6073.2319,1152.718
127,148,8,-13887.9082,-5471.1357,990.448
129,148,8,-13860.2627,-4787.728,845.006
131,148,8,-13671.5479,-4065.6001,719.998
133,148,8,-12903.4707,-3300.8799,615.424
135,148,8,-11922.6387,-2516.8,530.082
137,148,8,-11116.0967,-1726.912,460.366
139,148,8,-10608.8525,-933.152,405.074
141,148,8,-10392.4922,-141.328,358.196
143,148,8,-10462.208,654.368,319.732
145,148,8,-10814.3945,1453.936,287.278
147,148,8,-11467.0801,2243.824,259.632
149,148,8,-12411.8525,3022.0959,233.188
151,148,8,-13367.4424,3782.9441,207.946
153,148,8,-13835.0205,4526.3682,179.098
155,148,8,-13873.4844,5236.8799,147.846
157,148,8,-13897.5244,5895.1201,111.786
157,150,8,-13896.3223,4888.3999,117.796
155,150,8,-13880.6963,4365.6802,151.452
153,150,8,-13859.0605,3790.688,181.502
151,150,8,-13646.3066,3182.7839,207.946
149,150,8,-13008.0439,2555.52,234.39
147,150,8,-12235.1582,1906.96,262.036
145,150,8,-11581.2705,1242.912,292.086
143,150,8,-11219.4678,567.248,325.742
141,150,8,-11143.7422,-110.352,366.61
139,150,8,-11346.8799,-782.144,414.69
137,150,8,-11838.498,-1453.936,474.79
135,150,8,-12577.7285,-2119.9199,546.91
133,150,8,-13383.0684,-2774.2881,634.656
131,150,8,-13823.0,-3409.2959,744.038
129,150,8,-13867.4746,-4001.7119,871.45
127,150,8,-13886.7061,-4557.3437,1022.902
125,150,8,-13903.5342,-5049.0879,1187.576
125,152,8,-13902.332,-4148.8481,1223.636
127,152,8,-13892.7158,-3753.9041,1055.3561
129,152,8,-13872.2822,-3308.624,901.5
131,152,8,-13847.04,-2826.5601,769.28
133,152,8,-13623.4678,-2311.584,653.888
135,152,8,-13070.5479,-1773.376,562.536
137,152,8,-12475.5586,-1221.616,485.608
139,152,8,-12007.9805,-660.176,423.104
141,152,8,-11802.4385,-100.672,372.62
143,152,8,-11880.5684,462.704,330.55
145,152,8,-12231.5518,1024.144,295.692
147,152,8,-12782.0684,1570.0959,264.44
149,152,8,-13440.7646,2100.5601,236.794
151,152,8,-13812.1826,2605.856,207.946
153,152,8,-13867.4746,3089.856,180.3
155,152,8,-13889.1104,3537.072,152.654
157,152,8,-13899.9287,3945.5679,121.402
157,154,8,-13903.5342,3099.5359,114.19
155,154,8,-13895.1201,2799.4561,149.048
153,154,8,-13872.2822,2458.72,182.704
151,154,8,-13847.04,2085.072,211.552
149,154,8,-13611.4482,1690.1281,237.996
147,154,8,-13172.7178,1268.08,266.844
145,154,8,-12689.5146,830.544,295.692
143,154,8,-12397.4287,379.456,332.954
141,154,8,-12319.2979,-77.44,376.226
139,154,8,-12494.79,-532.4,429.114
137,154,8,-12858.9961,-987.36,494.022
135,154,8,-13402.2998,-1430.704,572.152
133,154,8,-13746.0723,-1862.432,665.908
131,154,8,-13859.0605,-2272.864,781.3
129,154,8,-13878.292,-2652.3201,919.53
127,154,8,-13898.7266,-3000.8,1081.8
125,154,8,-13902.332,-3310.5601,1258.494
125,156,8,-13908.3418,-2532.2881,1286.14
127,156,8,-13899.9287,-2307.7119,1105.84
129,156,8,-13887.9082,-2056.032,942.368
131,156,8,-13862.666,-1775.312,805.34
133,156,8,-13832.6162,-1467.488,688.746
135,156,8,-13568.1758,-1136.432,588.98
137,156,8,-13184.7383,-791.824,509.648
139,156,8,-12832.5518,-435.6,443.538
141,156,8,-12683.5039,-79.376,389.448
143,156,8,-12739.998,278.784,343.772
145,156,8,-13002.0342,633.072,305.308
147,156,8,-13434.7539,971.872,270.45
149,156,8,-13723.2344,1291.312,239.198
151,156,8,-13850.6465,1585.584,207.946
153,156,8,-13871.0801,1854.688,177.896
155,156,8,-13896.3223,2090.8799,143.038
157,156,8,-13902.332,2292.2239,99.766
157,158,8,-13905.9385,1525.568,84.14
155,158,8,-13895.1201,1426.832,129.816
153,158,8,-13875.8887,1289.376,168.28
151,158,8,-13857.8584,1120.944,203.138
149,158,8,-13802.5664,923.472,235.592
147,158,8,-13566.9746,698.896,269.248
145,158,8,-13248.4443,456.896,304.106
143,158,8,-12997.2266,199.408,344.974
141,158,8,-12926.3086,-63.888,393.054
139,158,8,-13062.1338,-327.184,447.144
137,158,8,-13374.6543,-588.544,514.456
135,158,8,-13649.9121,-842.16,596.192
133,158,8,-13838.626,-1078.3521,693.554
131,158,8,-13863.8682,-1289.376,813.754
129,158,8,-13879.4941,-1473.296,953.186
127,158,8,-13897.5244,-1628.176,1116.6581
125,158,8,-13904.7363,-1752.08,1302.968
125,160,8,-13902.332,-1010.592,1312.584
127,160,8,-13898.7266,-989.296,1127.4761
129,160,8,-13885.5039,-931.216,962.802
131,160,8,-13871.0801,-840.224,823.37
133,160,8,-13847.04,-720.192,704.372
135,160,8,-13708.8105,-574.992,604.606
137,160,8,-13493.6523,-412.368,522.87
139,160,8,-13236.4238,-238.128,454.356
141,160,8,-13106.6084,-61.952,395.458
143,160,8,-13158.2939,114.224,347.378
145,160,8,-13387.876,284.592,306.51
147,160,8,-13619.8623,437.536,269.248
149,160,8,-13826.6064,571.12,233.188
151,160,8,-13863.8682,677.6,198.33
153,160,8,-13877.0898,753.104,162.27
155,160,8,-13891.5146,791.824,120.2
157,160,8,-13903.5342,789.888,67.312
157,162,8,-13901.1299,83.248,46.878
155,162,8,-13889.1104,185.856,103.372
153,162,8,-13874.6865,242.0,151.452
151,162,8,-13865.0703,259.424,192.32
149,162,8,-13832.6162,242.0,228.38
147,162,8,-13655.9219,195.536,265.642
145,162,8,-13459.9961,125.84,304.106
143,162,8,-13259.2627,38.72,348.58
141,162,8,-13205.1719,-52.272,397.862
139,162,8,-13315.7559,-147.136,454.356
137,162,8,-13534.5205,-238.128,522.87
135,162,8,-13723.2344,-315.568,605.808
133,162,8,-13844.6367,-373.648,704.372
131,162,8,-13869.8779,-404.624,824.572
129,162,8,-13885.5039,-402.688,965.206
127,162,8,-13897.5244,-362.032,1127.4761
125,162,8,-13905.9385,-276.848,1312.584
125,164,8,-13903.5342,416.24,1308.978
127,164,8,-13899.9287,230.384,1127.4761
129,164,8,-13877.0898,94.864,966.408
131,164,8,-13868.6758,5.808,826.976
133,164,8,-13848.2422,-48.4,710.382
135,164,8,-13741.2646,-73.568,611.818
137,164,8,-13556.1563,-77.44,527.678
139,164,8,-13366.2402,-65.824,459.164
141,164,8,-13254.4541,-48.4,401.468
143,164,8,-13309.7461,-30.976,350.984
145,164,8,-13480.4307,-23.232,307.712
147,164,8,-13661.9326,-34.848,266.844
149,164,8,-13835.0205,-67.76,227.178
151,164,8,-13863.8682,-133.584,187.512
153,164,8,-13878.292,-238.128,145.442
155,164,8,-13887.9082,-389.136,96.16
157,164,8,-13903.5342,-592.416,33.656
157,166,8,-13899.9287,-1242.912,15.626
155,166,8,-13891.5146,-940.896,81.736
153,166,8,-13878.292,-698.896,135.826
151,166,8,-13863.8682,-507.232,182.704
149,166,8,-13831.4141,-360.096,221.168
147,166,8,-13652.3164,-249.744,262.036
145,166,8,-13470.8145,-166.496,305.308
143,166,8,-13289.3125,-98.736,350.984
141,166,8,-13238.8281,-40.656,401.468
139,166,8,-13339.7959,13.552,459.164
137,166,8,-13530.9141,75.504,527.678
135,166,8,-13718.4258,154.88,610.616
133,166,8,-13848.2422,257.488,706.776
131,166,8,-13868.6758,393.008,823.37
129,166,8,-13881.8984,571.12,960.398
127,166,8,-13897.5244,803.44,1119.062
125,166,8,-13905.9385,1093.84,1298.16
125,168,8,-13899.9287,1726.912,1283.7361
127,168,8,-13893.918,1341.6479,1110.6481
129,168,8,-13880.6963,1022.208,957.994
131,168,8,-13868.6758,762.784,824.572
133,168,8,-13841.0303,549.824,710.382
135,168,8,-13688.376,371.712,614.222
137,168,8,-13508.0762,220.704,532.486
139,168,8,-13288.1104,90.992,462.77
141,168,8,-13177.5264,-32.912,403.872
143,168,8,-13225.6064,-156.816,353.388
145,168,8,-13413.1182,-292.336,307.712
147,168,8,-13616.2559,-449.152,263.238
149,168,8,-13814.5859,-633.072,222.37
151,168,8,-13854.252,-855.712,177.896
153,168,8,-13877.0898,-1126.752,131.018
155,168,8,-13886.7061,-1459.744,75.726
157,168,8,-13898.7266,-1856.624,4.808
157,170,8,-13897.5244,-2433.552,-3.606
155,170,8,-13885.5039,-1947.616,67.312
153,170,8,-13868.6758,-1533.312,125.008
151,170,8,-13850.6465,-1179.024,175.492
149,170,8,-13766.5059,-886.688,218.764
147,170,8,-13557.3584,-635.008,262.036
145,170,8,-13327.7764,-414.304,305.308
143,170,8,-13113.8203,-214.896,352.186
141,170,8,-13056.124,-27.104,403.872
139,170,8,-13164.3047,156.816,462.77
137,170,8,-13399.8965,352.352,531.284
135,170,8,-13619.8623,567.248,611.818
133,170,8,-13823.0,811.184,704.372
131,170,8,-13854.252,1103.52,814.956
129,170,8,-13875.8887,1438.448,943.57
127,170,8,-13889.1104,1843.072,1092.618
125,170,8,-13903.5342,2323.2,1258.494
125,172,8,-13892.7158,2878.832,1238.0601
127,172,8,-13887.9082,2317.3921,1080.598
129,172,8,-13874.6865,1835.328,938.762
131,172,8,-13851.8486,1424.896,813.754
133,172,8,-13765.3047,1066.736,705.574
135,172,8,-13548.9443,756.976,614.222
137,172,8,-13259.2627,480.128,533.688
139,172,8,-13003.2363,224.576,466.376
141,172,8,-12893.8545,-19.36,407.478
143,172,8,-12941.9346,-263.296,356.994
145,172,8,-13146.2744,-520.784,308.914
147,172,8,-13450.3799,-803.44,264.44
149,172,8,-13677.5586,-1119.0079,221.168
151,172,8,-13844.6367,-1481.04,175.492
153,172,8,-13869.8779,-1905.024,125.008
155,172,8,-13884.3027,-2400.6399,66.11
157,172,8,-13895.1201,-2975.6321,-8.414
157,174,8,-13892.7158,-3471.248,-7.212
155,174,8,-13879.4941,-2818.8159,66.11
153,174,8,-13860.2627,-2247.696,125.008
151,174,8,-13810.9805,-1754.016,175.492
149,174,8,-13585.0039,-1331.968,221.168
147,174,8,-13278.4941,-956.384,264.44
145,174,8,-12935.9238,-621.456,308.914
143,174,8,-12735.1904,-313.632,356.994
141,174,8,-12688.3125,-17.424,408.68
139,174,8,-12790.4824,276.848,465.174
137,174,8,-13030.8818,582.736,532.486
135,174,8,-13397.4922,913.792,609.414
133,174,8,-13661.9326,1281.632,699.564
131,174,8,-13836.2227,1701.744,802.936
129,174,8,-13867.4746,2178.0,923.136
127,174,8,-13879.4941,2741.376,1061.366
125,174,8,-13895.1201,3389.936,1214.02
125,176,8,-13892.7158,3862.3201,1193.5861
127,176,8,-13879.4941,3136.3201,1049.3461
129,176,8,-13856.6563,2507.1199,917.126
131,176,8,-13792.9502,1965.04,802.936
133,176,8,-13546.54,1488.7839,701.968
135,176,8,-13151.082,1068.672,614.222
137,176,8,-12780.8662,689.216,538.496
139,176,8,-12535.6582,332.992,473.588
141,176,8,-12427.4785,-5.808,415.892
143,176,8,-12473.1543,-346.544,364.206
145,176,8,-12661.8682,-700.832,317.328
147,176,8,-12990.0146,-1086.0959,271.652
149,176,8,-13416.7246,-1508.144,227.178
151,176,8,-13695.5879,-1988.272,181.502
153,176,8,-13847.04,-2541.968,131.018
155,176,8,-13866.2725,-3184.72,73.322
157,176,8,-13887.9082,-3930.0801,0.0
157,178,8,-13881.8984,-4338.5762,12.02
155,178,8,-13856.6563,-3513.8401,80.534
153,178,8,-13803.7686,-2803.3279,137.028
151,178,8,-13547.7422,-2195.4241,186.31
149,178,8,-13115.0225,-1668.832,231.986
147,178,8,-12678.6963,-1202.256,276.46
145,178,8,-12348.1465,-778.272,320.934
143,178,8,-12130.584,-381.392,367.812
141,178,8,-12077.6963,-3.872,419.498
139,178,8,-12187.0781,371.712,475.992
137,178,8,-12453.9219,762.784,539.698
135,178,8,-12810.916,1182.896,613.02
133,178,8,-13282.1006,1645.6,698.362
131,178,8,-13640.2959,2174.1279,795.724
129,178,8,-13836.2227,2770.416,905.106
127,178,8,-13867.4746,3473.1841,1032.5181
125,178,8,-13880.6963,4280.4961,1173.152
125,180,8,-13872.2822,4658.0161,1155.1221
127,180,8,-13856.6563,3771.3279,1024.104
129,180,8,-13732.8506,3012.416,903.904
131,180,8,-13429.9463,2365.792,798.128
133,180,8,-12908.2783,1796.608,705.574
135,180,8,-12449.1143,1291.312,623.838
137,180,8,-12044.04,840.224,551.718
139,180,8,-11782.0039,414.304,488.012
141,180,8,-11678.6318,7.744,431.518
143,180,8,-11717.0967,-402.688,381.034
145,180,8,-11915.4258,-828.608,334.156
147,180,8,-12260.4004,-1285.504,289.682
149,180,8,-12706.3418,-1784.9919,245.208
151,180,8,-13215.9902,-2346.4319,200.734
153,180,8,-13609.0439,-3000.8,152.654
155,180,8,-13838.626,-3771.3279,98.564
157,180,8,-13867.4746,-4679.312,33.656
157,180,10,-13862.666,-4677.376,1078.194
155,180,10,-13836.2227,-3775.2,1006.074
153,180,10,-13612.6504,-3006.6079,918.328
151,180,10,-13203.9707,-2354.176,822.168
149,180,10,-12693.1201,-1792.736,728.412
147,180,10,-12247.1787,-1295.184,638.262
145,180,10,-11897.3965,-840.224,551.718
143,180,10,-11699.0664,-418.176,472.386
141,180,10,-11655.7939,-7.744,399.064
139,180,10,-11765.1758,394.944,331.752
137,180,10,-12024.8086,815.056,266.844
135,180,10,-12427.4785,1268.08,206.744
133,180,10,-12892.6523,1765.632,149.048
131,180,10,-13423.9365,2334.8159,100.968
129,180,10,-13728.042,2981.4399,64.908
127,180,10,-13849.4443,3740.3521,50.484
125,180,10,-13872.2822,4636.7202,69.716
125,178,10,-13881.8984,4276.624,18.03
127,178,10,-13866.2725,3473.1841,0.0
129,178,10,-13845.8379,2772.3521,19.232
131,178,10,-13658.3262,2172.1919,58.898
133,178,10,-13300.1299,1645.6,112.988
135,178,10,-12818.1279,1182.896,174.29
137,178,10,-12451.5186,760.848,241.602
139,178,10,-12176.2598,371.712,311.318
141,178,10,-12052.4541,-3.872,384.64
143,178,10,-12095.7266,-379.456,463.972
145,178,10,-12304.874,-774.4,550.516
147,178,10,-12642.6367,-1198.384,641.868
149,178,10,-13064.5381,-1661.088,741.634
151,178,10,-13524.9043,-2181.8721,843.804
153,178,10,-13785.7383,-2789.7759,950.782
155,178,10,-13855.4541,-3498.3521,1048.144
157,178,10,-13875.8887,-4330.832,1127.4761
157,176,10,-13884.3027,-3924.272,1176.7581
155,176,10,-13873.4844,-3184.72,1092.618
153,176,10,-13848.2422,-2540.032,988.044
151,176,10,-13677.5586,-1988.272,876.258
149,176,10,-13401.0986,-1510.08,765.674
147,176,10,-12965.9746,-1089.968,658.696
145,176,10,-12647.4443,-706.64,558.93
143,176,10,-12451.5186,-354.288,466.376
141,176,10,-12405.8418,-15.488,381.034
139,176,10,-12512.8203,321.376,301.702
137,176,10,-12760.4326,671.792,225.976
135,176,10,-13124.6387,1049.312,153.856
133,176,10,-13535.7227,1469.424,85.342
131,176,10,-13780.9307,1945.6799,26.444
129,176,10,-13863.8682,2487.76,-20.434
127,176,10,-13878.292,3120.832,-44.474
125,176,10,-13886.7061,3854.5759,-30.05
125,174,10,-13899.9287,3395.7439,-69.716
127,174,10,-13884.3027,2749.1199,-82.938
129,174,10,-13868.6758,2187.6799,-57.696
131,174,10,-13845.8379,1709.488,-9.616
133,174,10,-13671.5479,1287.4399,55.292
135,174,10,-13408.3105,917.664,127.412
137,174,10,-13028.4785,584.672,204.34
139,174,10,-12771.25,278.784,286.076
141,174,10,-12667.8779,-13.552,370.216
143,174,10,-12709.9482,-309.76,460.366
145,174,10,-12902.2686,-617.584,560.132
147,174,10,-13229.2119,-950.576,665.908
149,174,10,-13568.1758,-1324.224,780.098
151,174,10,-13798.96,-1742.4,899.096
153,174,10,-13861.4639,-2234.144,1020.498
155,174,10,-13880.6963,-2801.3921,1132.2841
157,174,10,-13892.7158,-3463.5039,1221.2321
157,172,10,-13892.7158,-2969.824,1266.9081
155,172,10,-13884.3027,-2396.7681,1177.96
153,172,10,-13869.8779,-1901.152,1058.962
151,172,10,-13839.8281,-1479.104,931.55
149,172,10,-13667.9424,-1117.072,804.138
147,172,10,-13444.3701,-803.44,683.938
145,172,10,-13127.042,-524.656,570.95
143,172,10,-12923.9043,-269.104,467.578
141,172,10,-12877.0264,-25.168,370.216
139,172,10,-12977.9941,216.832,280.066
137,172,10,-13242.4346,470.448,194.724
135,172,10,-13540.5303,745.36,111.786
133,172,10,-13759.2939,1057.056,34.858
131,172,10,-13855.4541,1415.2159,-36.06
129,172,10,-13877.0898,1827.584,-90.15
127,172,10,-13890.3125,2313.52,-117.796
125,172,10,-13898.7266,2880.7681,-105.776
125,170,10,-13899.9287,2330.9441,-135.826
127,170,10,-13892.7158,1852.752,-151.452
129,170,10,-13879.4941,1446.192,-122.604
131,170,10,-13862.666,1107.392,-66.11
133,170,10,-13824.2021,818.928,6.01
135,170,10,-13631.8818,573.056,88.948
137,170,10,-13410.7139,356.224,175.492
139,170,10,-13154.6885,160.688,266.844
141,170,10,-13041.7002,-23.232,363.004
143,170,10,-13084.9727,-211.024,463.972
145,170,10,-13285.7061,-408.496,573.354
147,170,10,-13535.7227,-629.2,693.554
149,170,10,-13742.4658,-878.944,820.966
151,170,10,-13851.8486,-1169.344,954.388
153,170,10,-13868.6758,-1517.824,1092.618
155,170,10,-13883.1006,-1930.192,1217.626
157,170,10,-13899.9287,-2420.0,1312.584
157,168,10,-13897.5244,-1848.88,1353.452
155,168,10,-13887.9082,-1452.0,1258.494
153,168,10,-13871.0801,-1120.944,1128.678
151,168,10,-13856.6563,-847.968,986.842
149,168,10,-13807.374,-629.2,846.208
147,168,10,-13606.6406,-447.216,711.584
145,168,10,-13403.502,-292.336,586.576
143,168,10,-13203.9707,-158.752,471.184
141,168,10,-13148.6787,-32.912,363.004
139,168,10,-13264.0703,89.056,264.44
137,168,10,-13488.8447,220.704,169.482
135,168,10,-13677.5586,369.776,78.13
133,168,10,-13839.8281,545.952,-9.616
131,168,10,-13867.4746,760.848,-87.746
129,168,10,-13881.8984,1022.208,-147.846
127,168,10,-13896.3223,1343.584,-179.098
125,168,10,-13904.7363,1736.592,-162.27
125,166,10,-13904.7363,1103.52,-188.714
127,166,10,-13898.7266,811.184,-207.946
129,166,10,-13883.1006,576.928,-175.492
131,166,10,-13872.2822,400.752,-111.786
133,166,10,-13849.4443,263.296,-31.252
135,166,10,-13720.8301,156.816,57.696
137,166,10,-13534.5205,79.376,153.856
139,166,10,-13337.3926,17.424,252.42
141,166,10,-13218.3945,-38.72,356.994
143,166,10,-13262.8682,-94.864,467.578
145,166,10,-13451.582,-160.688,587.778
147,166,10,-13636.6904,-245.872,718.796
149,166,10,-13827.8086,-356.224,858.228
151,166,10,-13861.4639,-497.552,1004.872
153,166,10,-13875.8887,-687.28,1155.1221
155,166,10,-13897.5244,-927.344,1294.5541
157,166,10,-13899.9287,-1229.36,1396.724
157,164,10,-13902.332,-584.672,1437.592
155,164,10,-13893.918,-383.328,1333.0181
153,164,10,-13884.3027,-232.32,1188.7781
151,164,10,-13860.2627,-127.776,1033.72
149,164,10,-13833.8184,-61.952,881.066
147,164,10,-13645.1045,-29.04,734.422
145,164,10,-13468.4102,-21.296,599.798
143,164,10,-13277.292,-27.104,474.79
141,164,10,-13230.4141,-44.528,359.398
139,164,10,-13340.998,-61.952,252.42
137,164,10,-13544.1367,-71.632,149.048
135,164,10,-13732.8506,-67.76,50.484
133,164,10,-13847.04,-44.528,-45.676
131,164,10,-13863.8682,11.616,-131.018
129,164,10,-13890.3125,102.608,-195.926
127,164,10,-13895.1201,240.064,-233.188
125,164,10,-13908.3418,431.728,-215.158
125,162,10,-13902.332,-267.168,-237.996
127,162,10,-13899.9287,-356.224,-258.43
129,162,10,-13880.6963,-396.88,-221.168
131,162,10,-13869.8779,-400.752,-150.25
133,162,10,-13843.4346,-369.776,-64.908
135,162,10,-13734.0527,-311.696,32.454
137,162,10,-13539.3281,-236.192,133.422
139,162,10,-13318.1602,-147.136,237.996
141,162,10,-13184.7383,-54.208,349.782
143,162,10,-13232.8184,38.72,468.78
145,162,10,-13435.9561,125.84,596.192
147,162,10,-13639.0947,195.536,736.826
149,162,10,-13835.0205,242.0,885.874
151,162,10,-13861.4639,261.36,1044.538
153,162,10,-13875.8887,245.872,1206.808
155,162,10,-13890.3125,189.728,1359.462
157,162,10,-13903.5342,90.992,1476.056
157,160,10,-13899.9287,793.76,1509.712
155,160,10,-13895.1201,791.824,1389.5121
153,160,10,-13881.8984,753.104,1233.2521
151,160,10,-13860.2627,677.6,1067.376
149,160,10,-13820.5967,574.992,902.702
147,160,10,-13604.2363,441.408,748.846
145,160,10,-13367.4424,286.528,605.808
143,160,10,-13134.2539,120.032,474.79
141,160,10,-13088.5781,-56.144,352.186
139,160,10,-13213.5859,-232.32,237.996
137,160,10,-13474.4199,-402.688,129.816
135,160,10,-13699.1943,-565.312,25.242
133,160,10,-13850.6465,-710.512,-76.928
131,160,10,-13868.6758,-830.544,-168.28
129,160,10,-13889.1104,-921.536,-240.4
127,160,10,-13899.9287,-979.616,-278.864
125,160,10,-13913.1504,-1000.912,-260.834
125,158,10,-13904.7363,-1748.208,-281.268
127,158,10,-13898.7266,-1626.24,-300.5
129,158,10,-13886.7061,-1473.296,-258.43
131,158,10,-13869.8779,-1289.376,-185.108
133,158,10,-13839.8281,-1076.416,-93.756
135,158,10,-13658.3262,-842.16,7.212
137,158,10,-13380.6641,-592.416,115.392
139,158,10,-13057.3262,-332.992,224.774
141,158,10,-12915.4902,-69.696,340.166
143,158,10,-12968.3779,191.664,465.174
145,158,10,-13209.9805,449.152,597.394
147,158,10,-13540.5303,691.152,742.836
149,158,10,-13780.9307,913.792,900.298
151,158,10,-13857.8584,1111.264,1067.376
153,158,10,-13874.6865,1281.632,1240.464
155,158,10,-13890.3125,1419.088,1405.1381
157,158,10,-13904.7363,1519.76,1534.954
157,156,10,-13899.9287,2276.7361,1551.782
155,156,10,-13886.7061,2075.3921,1418.36
153,156,10,-13875.8887,1841.136,1253.686
151,156,10,-13853.0498,1573.968,1078.194
149,156,10,-13718.4258,1283.568,909.914
147,156,10,-13410.7139,966.064,748.846
145,156,10,-12981.6006,629.2,601.0
143,156,10,-12727.9785,280.72,466.376
141,156,10,-12671.4844,-73.568,341.368
139,156,10,-12814.5225,-427.856,224.774
137,156,10,-13167.9102,-782.144,112.988
135,156,10,-13560.9639,-1126.752,3.606
133,156,10,-13825.4043,-1455.8719,-102.17
131,156,10,-13866.2725,-1765.632,-198.33
129,156,10,-13880.6963,-2044.416,-274.056
127,156,10,-13896.3223,-2296.0959,-318.53
125,156,10,-13908.3418,-2522.6079,-304.106
125,154,10,-13903.5342,-3306.688,-324.54
127,154,10,-13898.7266,-2998.864,-336.56
129,154,10,-13884.3027,-2650.384,-289.682
131,154,10,-13859.0605,-2274.8,-211.552
133,154,10,-13764.1025,-1866.304,-117.796
135,154,10,-13415.5225,-1438.448,-10.818
137,154,10,-12879.4307,-997.04,97.362
139,154,10,-12500.7998,-547.888,210.35
141,154,10,-12310.8838,-92.928,326.944
143,154,10,-12372.1865,360.096,451.952
145,154,10,-12664.2725,809.248,586.576
147,154,10,-13129.4463,1248.72,734.422
149,154,10,-13598.2266,1664.96,895.49
151,154,10,-13842.2324,2059.9041,1067.376
153,154,10,-13873.4844,2427.7439,1245.272
155,154,10,-13884.3027,2766.5439,1415.9561
157,154,10,-13898.7266,3070.4961,1554.186
157,152,10,-13897.5244,3908.7839,1546.974
155,152,10,-13886.7061,3508.032,1411.1481
153,152,10,-13861.4639,3060.8159,1241.666
151,152,10,-13806.1719,2582.624,1062.568
149,152,10,-13433.5518,2083.136,891.884
147,152,10,-12770.0479,1556.5439,730.816
145,152,10,-12219.5322,1012.528,582.97
143,152,10,-11875.7598,458.832,448.346
141,152,10,-11800.0342,-98.736,323.338
139,152,10,-12004.374,-654.368,207.946
137,152,10,-12471.9521,-1211.936,96.16
135,152,10,-13072.9521,-1759.824,-13.222
133,152,10,-13627.0742,-2296.0959,-118.998
131,152,10,-13854.252,-2809.136,-218.764
129,152,10,-13883.1006,-3291.2,-299.298
127,152,10,-13893.918,-3738.416,-350.984
125,152,10,-13905.9385,-4141.104,-346.176
125,150,10,-13902.332,-5033.6001,-359.398
127,150,10,-13890.3125,-4549.6001,-360.6
129,150,10,-13871.0801,-3997.8401,-307.712
131,150,10,-13832.6162,-3405.4241,-227.178
133,150,10,-13444.3701,-2776.2239,-129.816
135,150,10,-12641.4346,-2125.728,-25.242
137,150,10,-11890.1846,-1465.552,82.938
139,150,10,-11382.9404,-795.696,192.32
141,150,10,-11167.7822,-127.776,306.51
143,150,10,-11229.084,544.016,429.114
145,150,10,-11575.2598,1213.8719,562.536
147,150,10,-12205.1084,1874.048,707.978
149,150,10,-12981.6006,2514.864,865.44
151,150,10,-13642.7002,3136.3201,1036.124
153,150,10,-13854.252,3738.416,1212.818
155,150,10,-13884.3027,4303.728,1382.3
157,150,10,-13898.7266,4826.4478,1521.7321
157,148,10,-13899.9287,5821.5518,1479.662
155,148,10,-13879.4941,5184.6079,1349.8461
153,148,10,-13836.2227,4485.7119,1185.172
151,148,10,-13391.4824,3750.032,1012.084
149,148,10,-12432.2861,3000.8,846.208
147,148,10,-11491.1201,2228.3359,692.352
145,148,10,-10836.0303,1446.192,549.314
143,148,10,-10487.4502,656.304,419.498
141,148,10,-10416.5322,-133.584,300.5
139,148,10,-10634.0938,-917.664,189.916
137,148,10,-11135.3281,-1705.616,81.736
135,148,10,-11934.6582,-2491.6321,-22.838
133,148,10,-12926.3086,-3271.8401,-127.412
131,148,10,-13682.3662,-4034.624,-227.178
129,148,10,-13863.8682,-4756.752,-308.914
127,148,10,-13884.3027,-5440.1602,-363.004
125,148,10,-13902.332,-6040.3198,-365.408
125,146,10,-13896.3223,-7203.856,-360.6
127,146,10,-13880.6963,-6456.5601,-356.994
129,146,10,-13845.8379,-5622.144,-304.106
131,146,10,-13421.5322,-4745.1357,-224.774
133,146,10,-12260.4004,-3839.0879,-128.614
135,146,10,-11112.4902,-2919.488,-30.05
137,146,10,-10287.918,-1999.8879,72.12
139,146,10,-9766.25,-1080.288,174.29
141,146,10,-9539.0723,-168.432,282.47
143,146,10,-9595.5664,747.296,397.862
145,146,10,-9934.5303,1666.896,520.466
147,146,10,-10576.3984,2584.5601,656.292
149,146,10,-11523.5742,3496.416,805.34
151,146,10,-12727.9785,4390.8481,966.408
153,146,10,-13655.9219,5281.4082,1132.2841
155,146,10,-13863.8682,6135.1841,1288.5441
157,146,10,-13890.3125,6936.688,1414.754
157,144,10,-13886.7061,8177.6641,1334.22
155,144,10,-13849.4443,7199.9839,1222.4341
153,144,10,-13238.8281,6166.1602,1078.194
151,144,10,-11825.2764,5111.04,920.732
149,144,10,-10534.3281,4052.0481,769.28
147,144,10,-9575.1318,2989.1841,627.444
145,144,10,-8927.2539,1928.256,500.032
143,144,10,-8583.4824,877.008,382.236
141,144,10,-8524.584,-172.304,274.056
139,144,10,-8743.3486,-1217.744,171.886
137,144,10,-9250.5918,-2276.7361,74.524
135,144,10,-10060.7402,-3341.5359,-22.838
133,144,10,-11208.6504,-4417.9521,-118.998
131,144,10,-12666.6758,-5498.2397,-210.35
129,144,10,-13704.002,-6555.2959,-289.682
127,144,10,-13869.8779,-7587.1841,-343.772
125,144,10,-13893.918,-8545.5039,-348.58
125,142,10,-13890.3125,-10069.1357,-317.328
127,142,10,-13849.4443,-8861.0723,-313.722
129,142,10,-13250.8486,-7598.7998,-266.844
131,142,10,-11607.7139,-6332.6558,-192.32
133,142,10,-10089.5879,-5062.6401,-109.382
135,142,10,-8929.6582,-3813.9199,-20.434
137,142,10,-8114.7021,-2596.176,69.716
139,142,10,-7596.6401,-1395.856,159.866
141,142,10,-7357.4419,-212.96,250.016
143,142,10,-7405.522,971.872,348.58
145,142,10,-7726.4561,2168.3201,457.962
147,142,10,-8344.2842,3378.3201,578.162
149,142,10,-9275.834,4603.8081,707.978
151,142,10,-10539.1357,5837.04,848.612
153,142,10,-12199.0986,7091.5679,992.852
155,142,10,-13616.2559,8346.0957,1132.2841
157,142,10,-13868.6758,9581.2637,1228.444
157,140,10,-13839.8281,11135.8721,1108.244
155,140,10,-12786.876,9631.5996,1028.912
153,140,10,-10826.4141,8121.52,911.116
151,140,10,-9184.4824,6638.5439,783.704
149,140,10,-7936.8062,5215.584,657.494
147,140,10,-7011.2661,3827.4719,534.89
145,140,10,-6410.2661,2460.656,429.114
143,140,10,-6096.5439,1119.0079,332.954
141,140,10,-6043.6562,-209.088,242.804
139,140,10,-6251.6021,-1531.376,158.664
137,140,10,-6727.5942,-2882.7041,75.726
135,140,10,-7502.8843,-4270.8159,-6.01
133,140,10,-8607.5225,-5707.3281,-87.746
131,140,10,-10099.2041,-7199.9839,-165.876
129,140,10,-11981.5361,-8712.0,-233.188
127,140,10,-13631.8818,-10278.2236,-269.248
125,140,10,-13872.2822,-11834.7676,-265.642
125,138,10,-13847.04,-13757.2158,-193.522
127,138,10,-12631.8184,-11807.6641,-206.744
129,138,10,-10358.8359,-9914.2559,-179.098
131,138,10,-8510.1602,-8113.7759,-126.21
133,138,10,-7072.5684,-6392.6719,-62.504
135,138,10,-6014.8081,-4758.688,10.818
137,138,10,-5286.396,-3207.9519,81.736
139,138,10,-4829.6362,-1705.616,152.654
141,138,10,-4628.9019,-247.808,228.38
143,138,10,-4668.5679,1213.8719,306.51
145,138,10,-4943.8262,2702.656,390.65
147,138,10,-5483.5239,4220.48,484.406
149,138,10,-6312.9043,5788.6401,585.374
151,138,10,-7466.8242,7420.688,691.15
153,138,10,-9033.0303,9149.5361,799.33
155,138,10,-11051.1885,10961.6318,895.49
157,138,10,-13302.5342,12822.1279,966.408
157,136,10,-11431.0205,14620.6719,804.138
155,136,10,-9022.2119,12380.7197,765.674
153,136,10,-7088.1943,10249.1836,686.342
151,136,10,-5636.1782,8255.1035,603.404
149,136,10,-4573.6099,6404.2881,515.658
147,136,10,-3818.7542,4650.272,430.316
145,136,10,-3316.3181,2983.376,356.994
143,136,10,-3071.1101,1370.688,284.874
141,136,10,-3032.646,-222.64,219.966
139,136,10,-3203.3301,-1814.032,157.462
137,136,10,-3593.98,-3455.76,98.564
135,136,10,-4231.04,-5176.8638,40.868
133,136,10,-5156.5801,-7008.3198,-16.828
131,136,10,-6445.124,-8983.04,-72.12
129,136,10,-8143.5503,-11099.0879,-112.988
127,136,10,-10376.8662,-13397.1201,-128.614
125,136,10,-13047.71,-15851.9678,-102.17
125,134,10,-10461.0059,-17948.6562,18.03
127,134,10,-7859.8779,-15002.0635,-27.646
129,134,10,-5832.104,-12291.6641,-28.848
131,134,10,-4310.3721,-9852.3037,-10.818
133,134,10,-3208.1379,-7631.7119,27.646
135,134,10,-2401.5959,-5587.2959,70.918
137,134,10,-1867.9081,-3719.0559,112.988
139,134,10,-1544.5701,-1951.488,156.26
141,134,10,-1400.3301,-247.808,201.936
143,134,10,-1423.168,1446.192,251.218
145,134,10,-1611.8821,3180.8479,305.308
147,134,10,-1994.118,4991.0078,364.206
149,134,10,-2604.7341,6917.3281,429.114
151,134,10,-3489.406,8983.04,495.224
153,134,10,-4741.8901,11255.9043,560.132
155,134,10,-6439.1143,13751.4082,608.212
157,134,10,-8672.4297,16444.3848,620.232
157,132,10,-5556.8462,18281.6484,419.498
155,132,10,-3603.5959,15124.0322,441.134
153,132,10,-2179.2261,12256.8164,425.508
151,132,10,-1174.354,9685.8076,389.448
149,132,10,-494.022,7403.2642,344.974
147,132,10,-50.484,5320.1279,300.5
145,132,10,219.966,3389.936,258.43
143,132,10,346.176,1564.288,219.966
141,132,10,359.398,-212.96,186.31
139,132,10,259.632,-1994.08,156.26
137,132,10,34.858,-3858.448,128.614
135,132,10,-342.57,-5864.144,102.17
133,132,10,-918.328,-8078.9277,81.736
131,132,10,-1762.1321,-10553.1357,67.312
129,132,10,-2952.1121,-13319.6797,67.312
127,132,10,-4639.7202,-16490.8477,97.362
125,132,10,-6915.106,-20010.4961,171.886
125,130,10,-2859.5581,-21483.791,348.58
127,130,10,-1040.932,-17844.1113,244.006
129,130,10,179.098,-14235.4082,187.512
131,130,10,972.418,-11126.1924,158.664
133,130,10,1477.2581,-8429.3438,145.442
135,130,10,1793.384,-6071.2959,143.038
137,130,10,1989.3101,-3978.48,146.644
139,130,10,2101.0959,-2050.2239,156.26
141,130,10,2156.3879,-230.384,168.28
143,130,10,2163.6001,1593.328,183.906
145,130,10,2126.3381,3480.928,201.936
147,130,10,2012.1481,5494.3682,222.37
149,130,10,1792.182,7699.4722,242.804
151,130,10,1411.1481,10165.9355,259.632
153,130,10,763.27,13013.792,268.046
155,130,10,-262.036,16293.376,251.218
157,130,10,-1823.4341,19995.0078,194.724
157,128,10,2473.7161,21301.8086,-31.252
155,128,10,3506.2341,17305.9043,62.504
153,128,10,4003.8621,13602.3359,112.988
151,128,10,4188.9702,10496.9922,133.422
149,128,10,4210.606,7879.52,141.836
147,128,10,4155.314,5589.2319,144.24
145,128,10,4085.5981,3544.8159,144.24
143,128,10,4021.8921,1649.472,145.442
141,128,10,3991.842,-166.496,147.846
139,128,10,3988.2361,-1992.144,153.856
137,128,10,4014.6802,-3924.272,163.472
135,128,10,4050.74,-6050.0,180.3
133,128,10,4068.77,-8481.6162,205.542
131,128,10,4006.2661,-11346.8955,242.804
129,128,10,3768.27,-14717.4717,300.5
127,128,10,3191.3101,-18843.0879,391.852
125,128,10,2020.562,-22211.7285,538.496
125,126,10,7871.8979,-22262.0645,748.846
127,126,10,8059.4102,-19358.0645,569.748
129,126,10,7721.6479,-14808.4639,442.336
131,126,10,7228.8281,-11226.8643,349.782
133,126,10,6746.8262,-8311.248,282.47
135,126,10,6341.752,-5887.376,230.784
137,126,10,6046.0601,-3808.1121,192.32
139,126,10,5869.3662,-1928.256,162.27
141,126,10,5811.6699,-170.368,137.028
143,126,10,5868.1641,1589.4559,115.392
145,126,10,6049.666,3428.656,93.756
147,126,10,6338.146,5440.1602,70.918
149,126,10,6720.3823,7718.832,44.474
151,126,10,7169.9302,10394.3838,7.212
153,126,10,7613.4683,13673.9678,-43.272
155,126,10,7915.1699,17756.9922,-125.008
157,126,10,7763.7183,21929.0723,-257.228
157,124,10,13493.6523,22118.8008,-472.386
155,124,10,12670.2822,17584.6875,-322.136
153,124,10,11366.1123,13259.6641,-216.36
151,124,10,10155.6982,9945.2324,-137.028
149,124,10,9179.6738,7333.5679,-72.12
147,124,10,8427.2217,5149.7598,-18.03
145,124,10,7907.958,3258.2881,30.05
143,124,10,7599.0439,1541.056,72.12
141,124,10,7508.894,-100.672,114.19
139,124,10,7619.478,-1736.592,157.462
137,124,10,7948.8262,-3477.0559,206.744
135,124,10,8506.5537,-5420.7998,268.046
133,124,10,9323.9141,-7691.728,342.57
131,124,10,10434.5625,-10498.9277,439.932
129,124,10,11826.4785,-14043.7441,563.738
127,124,10,13218.3945,-18804.3672,726.008
125,124,10,13812.1826,-22265.9355,947.176
125,122,10,13916.7559,-22171.0723,1140.698
127,122,10,13895.1201,-16901.2793,899.096
129,122,10,13855.4541,-12448.4795,700.766
131,122,10,13314.5547,-9246.3359,546.91
133,122,10,11856.5283,-6772.1279,421.902
135,122,10,10620.8721,-4756.752,322.136
137,122,10,9791.4922,-3055.0081,237.996
139,122,10,9309.4902,-1519.76,165.876
141,122,10,9140.0078,-79.376,104.574
143,122,10,9257.8037,1366.816,45.676
145,122,10,9677.3018,2886.5759,-15.626
147,122,10,10418.9365,4568.96,-81.736
149,122,10,11513.958,6506.896,-158.664
151,122,10,12909.4805,8853.3281,-248.814
153,122,10,13820.5967,11912.208,-355.792
155,122,10,13881.8984,16061.0557,-482.002
157,122,10,13908.3418,21541.8711,-626.242
157,120,10,13926.3721,18169.3594,-768.078
155,120,10,13913.1504,13197.7119,-638.262
153,120,10,13887.9082,9829.0723,-496.426
151,120,10,13847.04,7352.9277,-363.004
149,120,10,13249.6465,5445.9678,-251.218
147,120,10,12084.9082,3854.5759,-151.452
145,120,10,11148.5498,2460.656,-64.908
143,120,10,10616.0645,1194.512,13.222
141,120,10,10463.4102,-7.744,90.15
139,120,10,10662.9424,-1200.3199,167.078
137,120,10,11235.0938,-2450.9761,252.42
135,120,10,12239.9658,-3831.344,352.186
133,120,10,13428.7441,-5422.7358,472.386
131,120,10,13856.6563,-7343.248,620.232
129,120,10,13893.918,-9765.1836,806.542
127,120,10,13919.1602,-13108.6563,1043.3361
125,120,10,13928.7764,-18084.1758,1317.392
125,120,12,13929.9785,-17925.4238,2578.29
127,120,12,13914.3525,-13000.2402,2001.3301
129,120,12,13893.918,-9676.1279,1521.7321
131,120,12,13851.8486,-7277.4238,1145.506
133,120,12,13332.584,-5376.272,843.804
135,120,12,12101.7363,-3808.1121,603.404
137,120,12,11108.8838,-2450.9761,402.67
139,120,12,10539.1357,-1217.744,233.188
141,120,12,10339.6045,-42.592,75.726
143,120,12,10479.0361,1136.432,-78.13
145,120,12,10988.6846,2383.2161,-241.602
147,120,12,11888.9824,3746.1599,-425.508
149,120,12,13069.3467,5316.2559,-641.868
151,120,12,13831.4141,7188.3682,-899.096
153,120,12,13885.5039,9629.6641,-1220.03
155,120,12,13911.9482,12977.0078,-1599.8621
157,120,12,13928.7764,17952.5273,-2034.9861
157,122,12,13905.9385,21410.2246,-1590.246
155,122,12,13884.3027,15900.3682,-1226.04
153,122,12,13784.5361,11778.624,-919.53
151,122,12,12797.6943,8756.5283,-676.726
149,122,12,11399.7686,6429.4561,-477.194
147,122,12,10305.9482,4514.752,-312.52
145,122,12,9563.1123,2855.6001,-171.886
143,122,12,9137.6045,1357.136,-45.676
141,122,12,9007.7881,-69.696,76.928
139,122,12,9161.6445,-1488.7839,198.33
137,122,12,9613.5957,-2998.864,332.954
135,122,12,10390.0879,-4673.5039,489.214
133,122,12,11574.0586,-6650.1602,680.332
131,122,12,13063.3359,-9077.9043,919.53
129,122,12,13845.8379,-12216.1602,1222.4341
127,122,12,13893.918,-16599.2637,1608.276
125,122,12,13915.5547,-22062.6562,2095.0859
125,124,12,13734.0527,-22267.8711,1574.62
127,124,12,13084.9727,-18570.1113,1199.5961
129,124,12,11714.6924,-13879.1836,914.722
131,124,12,10361.2402,-10375.0244,695.958
133,124,12,9265.0166,-7614.2881,520.466
135,124,12,8460.8779,-5372.3999,383.438
137,124,12,7905.5542,-3453.824,271.652
139,124,12,7579.812,-1740.464,175.492
141,124,12,7463.2183,-131.648,90.15
143,124,12,7548.5601,1473.296,9.616
145,124,12,7847.8579,3169.2319,-75.726
147,124,12,8349.0918,5023.9199,-169.482
149,124,12,9079.9082,7165.1357,-282.47
151,124,12,10025.8818,9730.3359,-417.094
153,124,12,11194.2266,12984.752,-586.576
155,124,12,12485.1738,17240.0801,-802.936
157,124,12,13354.2207,21996.832,-1093.8201
157,126,12,7522.1162,21762.5762,-576.96
155,126,12,7773.334,17520.8008,-382.236
153,126,12,7532.9341,13497.792,-253.622
151,126,12,7120.6479,10258.8643,-161.068
149,126,12,6683.1201,7616.2241,-90.15
147,126,12,6293.6719,5376.272,-27.646
145,126,12,6011.2021,3395.7439,20.434
143,126,12,5827.2959,1589.4559,63.706
141,126,12,5763.5903,-145.2,104.574
139,126,12,5812.8721,-1877.92,147.846
137,126,12,5975.1421,-3720.9919,195.926
135,126,12,6252.8042,-5763.4722,257.228
133,126,12,6635.04,-8138.9438,332.954
131,126,12,7086.9922,-10990.6719,432.72
129,126,12,7537.7422,-14512.2559,564.94
127,126,12,7823.8184,-18988.2871,750.048
125,126,12,7571.3979,-22250.4473,1012.084
125,128,12,1803.0,-22142.0312,495.224
127,128,12,3038.656,-18575.9199,334.156
129,128,12,3667.302,-14523.8721,240.4
131,128,12,3935.3481,-11201.6963,187.512
133,128,12,4014.6802,-8386.752,157.462
135,128,12,4012.2761,-5989.9839,138.23
137,128,12,3985.832,-3897.168,128.614
139,128,12,3964.196,-2001.824,123.806
141,128,12,3967.802,-205.216,121.402
143,128,12,3999.054,1579.776,121.402
145,128,12,4065.1641,3444.144,123.806
147,128,12,4133.6782,5453.7119,126.21
149,128,12,4181.7583,7697.5361,128.614
151,128,12,4154.1123,10254.9922,125.008
153,128,12,3953.3782,13319.6797,106.978
155,128,12,3422.094,16945.8086,63.706
157,128,12,2327.072,21069.4883,-36.06
157,130,12,-1929.2101,19658.1445,447.144
155,130,12,-313.722,16045.5684,463.972
153,130,12,750.048,12822.1279,433.922
151,130,12,1421.9661,10018.7998,379.832
149,130,12,1812.6161,7592.9922,322.136
147,130,12,2034.9861,5420.7998,268.046
145,130,12,2149.176,3438.3359,218.764
143,130,12,2184.0339,1587.52,173.088
141,130,12,2173.2161,-205.216,131.018
139,130,12,2115.52,-1997.952,92.554
137,130,12,2001.3301,-3889.4241,54.09
135,130,12,1806.6061,-5951.2642,14.424
133,130,12,1485.672,-8264.7842,-24.04
131,130,12,966.408,-10913.2324,-60.1
129,130,12,156.26,-13956.624,-82.938
127,130,12,-1104.6381,-17513.0566,-75.726
125,130,12,-3008.606,-21315.3594,-6.01
125,132,12,-7029.2959,-19722.0312,-438.73
127,132,12,-4701.022,-16252.7197,-436.326
129,132,12,-2982.1621,-13145.4395,-372.62
131,132,12,-1775.354,-10421.4883,-287.278
133,132,12,-920.732,-7984.064,-194.724
135,132,12,-338.964,-5809.936,-104.574
137,132,12,42.07,-3835.2161,-20.434
139,132,12,271.652,-1997.952,58.898
141,132,12,377.428,-245.872,135.826
143,132,12,367.812,1498.464,216.36
145,132,12,251.218,3298.9441,301.702
147,132,12,-9.616,5192.3521,396.66
149,132,12,-444.74,7236.7681,502.436
151,132,12,-1115.4561,9470.9121,615.424
153,132,12,-2122.7319,11987.7119,734.422
155,132,12,-3567.5361,14798.7842,840.198
157,132,12,-5585.6943,17925.4238,903.904
157,134,12,-8668.8242,16153.9844,1312.584
155,134,12,-6400.6499,13528.7676,1189.98
153,134,12,-4675.7803,11085.5361,1026.5081
151,134,12,-3407.6702,8857.2002,852.218
149,134,12,-2518.1899,6818.5918,688.746
147,134,12,-1908.776,4925.1841,536.092
145,134,12,-1528.944,3146.0,399.064
143,134,12,-1343.8361,1444.256,275.258
141,134,12,-1319.796,-228.448,156.26
139,134,12,-1462.834,-1901.152,40.868
137,134,12,-1783.7681,-3641.616,-78.13
135,134,12,-2311.446,-5478.8799,-205.542
133,134,12,-3092.7461,-7478.7681,-342.57
131,134,12,-4194.98,-9668.3838,-485.608
129,134,12,-5702.2881,-12061.2803,-629.848
127,134,12,-7749.2939,-14736.832,-753.654
125,134,12,-10452.5918,-17669.8711,-816.158
125,136,12,-13044.1045,-15631.2637,-1126.274
127,136,12,-10364.8457,-13222.8799,-1020.498
129,136,12,-8106.2881,-10959.6963,-852.218
131,136,12,-6400.6499,-8886.2402,-665.908
133,136,12,-5112.106,-6938.624,-478.396
135,136,12,-4179.354,-5134.272,-304.106
137,136,12,-3537.4861,-3438.3359,-140.634
139,136,12,-3145.634,-1819.84,10.818
141,136,12,-2966.5361,-255.552,158.664
143,136,12,-2995.384,1306.8,307.712
145,136,12,-3223.7642,2900.1279,466.376
147,136,12,-3690.1401,4541.856,640.666
149,136,12,-4417.3501,6261.0239,831.784
151,136,12,-5447.4639,8071.1841,1040.932
153,136,12,-6886.2583,10030.416,1268.11
155,136,12,-8799.8418,12123.2324,1489.2781
157,136,12,-11281.9727,14343.8242,1673.1841
157,138,12,-13208.7783,12593.6797,1990.5121
155,138,12,-10904.5439,10777.7119,1769.344
153,138,12,-8876.7705,9006.2715,1507.308
151,138,12,-7302.1499,7310.3359,1235.656
149,138,12,-6156.644,5711.2002,988.044
147,138,12,-5332.0723,4170.144,762.068
145,138,12,-4793.5762,2677.488,552.92
143,138,12,-4519.52,1215.808,361.802
141,138,12,-4482.2583,-224.576,179.098
139,138,12,-4675.7803,-1663.024,2.404
137,138,12,-5118.1162,-3142.1279,-181.502
135,138,12,-5827.2959,-4669.6318,-375.024
133,138,12,-6861.0161,-6278.4478,-587.778
131,138,12,-8266.1543,-7974.3838,-810.148
129,138,12,-10101.6084,-9749.6963,-1033.72
127,138,12,-12463.5381,-11629.5518,-1242.868
125,138,12,-13841.0303,-13569.4238,-1385.906
125,140,12,-13875.8887,-11691.5039,-1587.842
127,140,12,-13595.8223,-10160.1279,-1423.168
129,140,12,-11852.9219,-8615.2002,-1187.576
131,140,12,-9959.7725,-7122.5439,-935.156
133,140,12,-8471.6963,-5655.0562,-681.534
135,140,12,-7365.856,-4239.8398,-445.942
137,140,12,-6589.3643,-2873.0239,-224.774
139,140,12,-6107.3623,-1544.928,-21.636
141,140,12,-5888.5981,-238.128,180.3
143,140,12,-5928.2642,1066.736,387.044
145,140,12,-6222.7539,2390.96,604.606
147,140,12,-6794.9062,3732.6079,841.4
149,140,12,-7667.5581,5101.3599,1101.032
151,140,12,-8875.5684,6499.1519,1383.5021
153,140,12,-10510.2881,7955.0239,1693.618
155,140,12,-12563.3047,9441.8721,1995.3201
157,140,12,-13824.2021,10932.5918,2251.3459
157,142,12,-13865.0703,9410.8955,2476.1201
155,142,12,-13544.1367,8222.1924,2192.448
153,142,12,-11967.1123,6988.96,1864.302
151,142,12,-10314.3623,5753.792,1533.7521
149,142,12,-9057.0703,4541.856,1226.04
147,142,12,-8132.7319,3337.6641,941.166
145,142,12,-7525.7222,2145.0879,680.332
143,142,12,-7209.5962,969.936,437.528
141,142,12,-7160.314,-201.344,207.946
139,142,12,-7379.0781,-1366.816,-16.828
137,142,12,-7874.3022,-2549.7119,-247.612
135,142,12,-8668.8242,-3755.8401,-490.416
133,142,12,-9799.9063,-4989.0718,-748.846
131,142,12,-11304.8105,-6241.6641,-1022.902
129,142,12,-13035.6904,-7496.1919,-1300.564
127,142,12,-13845.8379,-8750.7197,-1555.3881
125,142,12,-13885.5039,-9954.9121,-1740.496
125,144,12,-13892.7158,-8462.2559,-1853.484
127,144,12,-13869.8779,-7517.4878,-1663.568
129,144,12,-13646.3066,-6497.2158,-1396.724
131,144,12,-12500.7998,-5451.7759,-1105.84
133,144,12,-11009.1182,-4385.04,-814.956
135,144,12,-9860.0059,-3324.1121,-539.698
137,144,12,-9041.4443,-2272.864,-280.066
139,144,12,-8526.9883,-1229.36,-31.252
141,144,12,-8295.002,-199.408,210.35
143,144,12,-8340.6777,830.544,456.76
145,144,12,-8662.8145,1874.048,717.594
147,144,12,-9280.6426,2919.488,998.862
149,144,12,-10209.7881,3966.864,1306.574
151,144,12,-11474.292,5008.4321,1638.326
153,144,12,-12967.1758,6048.064,1996.5221
155,144,12,-13829.0098,7064.4639,2349.9102
157,144,12,-13879.4941,8032.4639,2661.228
157,146,12,-13887.9082,6828.272,2805.468
155,146,12,-13857.8584,6050.0,2482.1301
153,146,12,-13569.3779,5209.7759,2111.9141
151,146,12,-12494.79,4338.5762,1740.496
149,146,12,-11254.3262,3451.8879,1391.916
147,146,12,-10311.958,2551.6479,1069.78
145,146,12,-9682.1104,1647.536,771.684
143,146,12,-9345.5498,741.488,496.426
141,146,12,-9291.46,-162.624,233.188
139,146,12,-9513.8301,-1060.928,-22.838
137,146,12,-10022.2764,-1968.912,-286.076
135,146,12,-10831.2227,-2876.896,-558.93
133,146,12,-11964.708,-3784.8799,-848.612
131,146,12,-13217.1924,-4685.1201,-1150.314
129,146,12,-13836.2227,-5556.3198,-1452.016
127,146,12,-13878.292,-6386.8638,-1727.274
125,146,12,-13902.332,-7141.9038,-1924.402
125,148,12,-13907.1406,-6005.4722,-1970.078
127,148,12,-13887.9082,-5403.376,-1780.162
129,148,12,-13857.8584,-4725.7759,-1507.308
131,148,12,-13628.2764,-4009.4561,-1202.0
133,148,12,-12766.4424,-3254.416,-891.884
135,148,12,-11730.3184,-2481.9519,-593.788
137,148,12,-10918.9678,-1709.488,-310.116
139,148,12,-10410.5225,-929.28,-37.262
141,148,12,-10179.7383,-151.008,229.582
143,148,12,-10233.8281,629.2,503.638
145,148,12,-10564.3779,1411.344,792.118
147,148,12,-11189.418,2185.7439,1103.436
149,148,12,-12113.7559,2944.656,1438.7941
151,148,12,-13143.8701,3686.144,1800.5961
153,148,12,-13795.3545,4408.272,2186.438
155,148,12,-13872.2822,5099.4238,2573.4819
157,148,12,-13890.3125,5728.624,2914.8501
157,150,12,-13897.5244,4768.3682,2994.1821
155,150,12,-13883.1006,4261.1357,2652.814
153,150,12,-13851.8486,3699.696,2262.1641
151,150,12,-13560.9639,3105.344,1867.9081
149,150,12,-12776.0586,2493.5679,1498.894
147,150,12,-11951.4863,1860.496,1151.516
145,150,12,-11321.6387,1206.1281,831.784
143,150,12,-10985.0781,544.016,533.688
141,150,12,-10926.1807,-120.032,250.016
139,150,12,-11141.3379,-780.208,-24.04
137,150,12,-11635.3604,-1442.3199,-304.106
135,150,12,-12414.2559,-2096.688,-594.99
133,150,12,-13266.4746,-2743.312,-900.298
131,150,12,-13792.9502,-3370.5759,-1215.222
129,150,12,-13873.4844,-3962.9919,-1522.9341
127,150,12,-13895.1201,-4522.4961,-1798.192
125,150,12,-13910.7461,-5016.1758,-1984.5021
125,152,12,-13909.5439,-4135.2959,-1991.714
127,152,12,-13899.9287,-3732.6079,-1812.6161
129,152,12,-13879.4941,-3285.3921,-1537.358
131,152,12,-13845.8379,-2807.2,-1229.646
133,152,12,-13565.7725,-2296.0959,-915.924
135,152,12,-12925.1064,-1763.696,-609.414
137,152,12,-12266.4102,-1219.6801,-319.732
139,152,12,-11777.1963,-667.92,-33.656
141,152,12,-11562.0381,-116.16,246.41
143,152,12,-11619.7344,437.536,536.092
145,152,12,-11946.6777,989.296,840.198
147,152,12,-12529.6484,1527.504,1165.9401
149,152,12,-13211.1826,2048.2881,1515.722
151,152,12,-13714.8203,2543.9041,1891.948
153,152,12,-13867.4746,3018.2239,2291.012
155,152,12,-13890.3125,3457.696,2692.48
157,152,12,-13902.332,3862.3201,3041.0601
157,154,12,-13903.5342,3051.136,3065.1001
155,154,12,-13891.5146,2751.0559,2722.53
153,154,12,-13867.4746,2414.1919,2329.4761
151,154,12,-13827.8086,2044.416,1930.412
149,154,12,-13515.2881,1651.408,1554.186
147,154,12,-12934.7227,1235.168,1200.798
145,154,12,-12461.1338,799.568,872.652
143,154,12,-12143.8066,356.224,567.344
141,154,12,-12080.1006,-94.864,275.258
139,154,12,-12278.4307,-544.016,-9.616
137,154,12,-12687.1104,-993.168,-299.298
135,154,12,-13256.8584,-1432.64,-596.192
133,154,12,-13694.3867,-1858.5599,-903.904
131,154,12,-13854.252,-2267.0559,-1222.4341
129,154,12,-13884.3027,-2642.6399,-1530.146
127,154,12,-13896.3223,-2993.0559,-1804.202
125,154,12,-13904.7363,-3310.5601,-1985.704
125,156,12,-13911.9482,-2536.1599,-1970.078
127,156,12,-13892.7158,-2307.7119,-1795.7881
129,156,12,-13883.1006,-2056.032,-1526.54
131,156,12,-13862.666,-1775.312,-1222.4341
133,156,12,-13791.748,-1467.488,-908.712
135,156,12,-13494.8545,-1138.368,-601.0
137,156,12,-13002.0342,-797.632,-304.106
139,156,12,-12642.6367,-445.28,-14.424
141,156,12,-12479.1641,-90.992,270.45
143,156,12,-12529.6484,261.36,562.536
145,156,12,-12782.0684,609.84,870.248
147,156,12,-13222.0,948.64,1199.5961
149,156,12,-13625.8721,1266.144,1552.984
151,156,12,-13845.8379,1558.48,1929.2101
153,156,12,-13875.8887,1829.52,2327.072
155,156,12,-13892.7158,2067.6479,2721.3281
157,156,12,-13903.5342,2274.8,3066.302
157,158,12,-13904.7363,1531.376,3051.8782
155,158,12,-13891.5146,1426.832,2716.52
153,158,12,-13873.4844,1285.504,2330.678
151,158,12,-13849.4443,1113.2,1938.826
149,158,12,-13718.4258,913.792,1567.4081
147,158,12,-13435.9561,687.28,1217.626
145,158,12,-13032.084,445.28,890.682
143,158,12,-12782.0684,187.792,585.374
141,158,12,-12736.3926,-75.504,293.288
139,158,12,-12875.8242,-336.864,9.616
137,158,12,-13215.9902,-596.288,-278.864
135,158,12,-13587.4082,-847.968,-575.758
133,158,12,-13831.4141,-1082.224,-882.268
131,158,12,-13866.2725,-1295.184,-1194.788
129,158,12,-13881.8984,-1479.104,-1496.49
127,158,12,-13902.332,-1633.984,-1763.334
125,158,12,-13910.7461,-1759.824,-1942.432
125,160,12,-13909.5439,-1020.272,-1906.3721
127,160,12,-13898.7266,-998.976,-1735.688
129,160,12,-13890.3125,-940.896,-1474.854
131,160,12,-13866.2725,-846.032,-1180.364
133,160,12,-13839.8281,-724.064,-873.854
135,160,12,-13640.2959,-578.864,-572.152
137,160,12,-13374.6543,-418.176,-280.066
139,160,12,-13052.5186,-245.872,3.606
141,160,12,-12909.4805,-69.696,284.874
143,160,12,-12955.1563,106.48,574.556
145,160,12,-13182.334,276.848,878.662
147,160,12,-13512.8838,433.664,1200.798
149,160,12,-13755.6885,571.12,1545.772
151,160,12,-13855.4541,681.472,1913.584
153,160,12,-13877.0898,762.784,2301.8301
155,160,12,-13892.7158,809.248,2682.864
157,160,12,-13905.9385,816.992,3015.8181
157,162,12,-13907.1406,123.904,2968.9399
155,162,12,-13895.1201,216.832,2650.4102
153,162,12,-13881.8984,267.168,2280.1941
151,162,12,-13857.8584,274.912,1902.766
149,162,12,-13791.748,251.68,1544.5701
147,162,12,-13560.9639,199.408,1206.808
145,162,12,-13296.5244,125.84,889.48
143,162,12,-13065.7402,36.784,591.384
141,162,12,-13011.6504,-58.08,306.51
139,162,12,-13147.4766,-156.816,28.848
137,162,12,-13445.5723,-247.808,-251.218
135,162,12,-13666.7402,-325.248,-537.294
133,162,12,-13837.4238,-385.264,-835.39
131,162,12,-13867.4746,-418.176,-1138.2941
129,162,12,-13885.5039,-420.112,-1427.9761
127,162,12,-13901.1299,-379.456,-1685.204
125,162,12,-13904.7363,-292.336,-1859.494
125,164,12,-13907.1406,396.88,-1805.4041
127,164,12,-13901.1299,209.088,-1639.5281
129,164,12,-13886.7061,75.504,-1391.916
131,164,12,-13869.8779,-11.616,-1109.446
133,164,12,-13847.04,-61.952,-816.158
135,164,12,-13681.1641,-83.248,-527.678
137,164,12,-13455.1885,-85.184,-247.612
139,164,12,-13194.3545,-71.632,26.444
141,164,12,-13065.7402,-50.336,296.894
143,164,12,-13109.0127,-32.912,575.758
145,164,12,-13319.3623,-19.36,867.844
147,164,12,-13571.7822,-25.168,1177.96
149,164,12,-13789.3447,-50.336,1509.712
151,164,12,-13857.8584,-108.416,1859.494
153,164,12,-13873.4844,-205.216,2229.71
155,164,12,-13887.9082,-346.544,2592.7141
157,164,12,-13903.5342,-542.08,2910.042
157,166,12,-13898.7266,-1182.896,2845.134
155,166,12,-13890.3125,-888.624,2538.624
153,166,12,-13872.2822,-656.304,2190.0439
151,166,12,-13855.4541,-474.32,1834.2521
149,166,12,-13776.1221,-338.8,1495.2881
147,166,12,-13565.7725,-236.192,1173.152
145,166,12,-13315.7559,-156.816,871.45
143,166,12,-13095.79,-96.8,587.778
141,166,12,-13052.5186,-44.528,314.924
139,166,12,-13170.3145,5.808,51.686
137,166,12,-13432.3506,63.888,-215.158
135,166,12,-13657.124,137.456,-488.012
133,166,12,-13839.8281,236.192,-771.684
131,166,12,-13866.2725,369.776,-1055.3561
129,166,12,-13887.9082,544.016,-1330.614
127,166,12,-13896.3223,770.528,-1573.418
125,166,12,-13907.1406,1064.8,-1739.2941
125,168,12,-13904.7363,1692.064,-1669.578
127,168,12,-13896.3223,1304.864,-1512.116
129,168,12,-13887.9082,987.36,-1278.928
131,168,12,-13863.8682,735.68,-1016.892
133,168,12,-13832.6162,526.592,-742.836
135,168,12,-13628.2764,352.352,-471.184
137,168,12,-13392.6846,209.088,-207.946
139,168,12,-13118.6279,81.312,49.282
141,168,12,-12997.2266,-34.848,305.308
143,168,12,-13035.6904,-154.88,569.748
145,168,12,-13244.8379,-282.656,845.006
147,168,12,-13520.0967,-431.728,1137.092
149,168,12,-13736.4561,-605.968,1447.208
151,168,12,-13850.6465,-815.056,1777.7581
153,168,12,-13877.0898,-1074.48,2122.7319
155,168,12,-13889.1104,-1399.728,2462.8979
157,168,12,-13901.1299,-1792.736,2767.0042
157,170,12,-13897.5244,-2361.9199,2686.47
155,170,12,-13884.3027,-1881.792,2395.5859
153,170,12,-13865.0703,-1477.168,2069.844
151,170,12,-13844.6367,-1136.432,1740.496
149,170,12,-13687.1738,-855.712,1425.572
147,170,12,-13452.7842,-613.712,1125.072
145,170,12,-13131.8506,-400.752,842.602
143,170,12,-12925.1064,-212.96,578.162
141,170,12,-12889.0459,-32.912,324.54
139,170,12,-12999.6299,145.2,76.928
137,170,12,-13264.0703,334.928,-171.886
135,170,12,-13560.9639,544.016,-426.71
133,170,12,-13780.9307,784.08,-688.746
131,170,12,-13853.0498,1066.736,-954.388
129,170,12,-13878.292,1399.728,-1206.808
127,170,12,-13890.3125,1800.48,-1433.9861
125,170,12,-13898.7266,2280.6079,-1590.246
125,172,12,-13897.5244,2824.624,-1503.702
127,172,12,-13885.5039,2263.1841,-1357.058
129,172,12,-13869.8779,1786.928,-1143.1021
131,172,12,-13848.2422,1382.304,-901.5
133,172,12,-13712.416,1033.824,-650.282
135,172,12,-13469.6123,729.872,-402.67
137,172,12,-13107.8105,460.768,-159.866
139,172,12,-12836.1582,212.96,79.332
141,172,12,-12720.7666,-23.232,317.328
143,172,12,-12760.4326,-259.424,558.93
145,172,12,-12957.5605,-509.168,814.956
147,172,12,-13297.7266,-780.208,1084.204
149,172,12,-13599.4287,-1082.224,1370.28
151,172,12,-13829.0098,-1432.64,1673.1841
153,172,12,-13861.4639,-1843.072,1989.3101
155,172,12,-13883.1006,-2327.072,2301.8301
157,172,12,-13891.5146,-2898.1919,2589.1082
157,174,12,-13895.1201,-3389.936,2490.5439
155,174,12,-13874.6865,-2743.312,2220.094
153,174,12,-13855.4541,-2183.8081,1924.402
151,174,12,-13744.8701,-1703.6799,1626.306
149,174,12,-13496.0566,-1295.184,1339.0281
147,174,12,-13083.7705,-933.152,1066.1741
145,174,12,-12750.8164,-609.84,808.946
143,174,12,-12566.9102,-311.696,567.344
141,174,12,-12523.6387,-23.232,335.358
139,174,12,-12630.6162,261.36,108.18
137,174,12,-12881.834,559.504,-120.2
135,174,12,-13278.4941,880.88,-352.186
133,174,12,-13611.4482,1240.976,-591.384
131,174,12,-13833.8184,1651.408,-831.784
129,174,12,-13862.666,2121.856,-1061.366
127,174,12,-13880.6963,2677.488,-1264.504
125,174,12,-13897.5244,3322.176,-1407.542
125,176,12,-13895.1201,3779.072,-1306.574
127,176,12,-13873.4844,3060.8159,-1173.152
129,176,12,-13854.252,2437.4241,-984.438
131,176,12,-13750.8799,1906.96,-770.482
133,176,12,-13464.8047,1440.384,-546.91
135,176,12,-13009.2461,1029.952,-320.934
137,176,12,-12631.8184,658.24,-102.17
139,176,12,-12363.7725,313.632,114.19
141,176,12,-12237.5625,-15.488,328.146
143,176,12,-12276.0264,-346.544,549.314
145,176,12,-12481.5684,-689.216,780.098
147,176,12,-12802.502,-1060.928,1024.104
149,176,12,-13247.2422,-1473.296,1282.5341
151,176,12,-13612.6504,-1934.064,1554.186
153,176,12,-13841.0303,-2472.272,1836.656
155,176,12,-13866.2725,-3101.4719,2117.9241
157,176,12,-13880.6963,-3841.0239,2377.5562
157,178,12,-13877.0898,-4251.4561,2264.5681
155,178,12,-13853.0498,-3434.4639,2025.37
153,178,12,-13742.4658,-2737.5039,1766.9401
151,178,12,-13440.7646,-2143.1521,1502.5
149,178,12,-12927.5098,-1633.984,1248.8781
147,178,12,-12497.1943,-1180.96,1006.074
145,178,12,-12135.3926,-768.592,776.492
143,178,12,-11929.8506,-385.264,557.728
141,178,12,-11887.7803,-17.424,348.58
139,178,12,-12004.374,346.544,145.442
137,178,12,-12284.4404,726.0,-57.696
135,178,12,-12677.4941,1136.432,-264.44
133,178,12,-13165.5059,1589.4559,-475.992
131,178,12,-13593.418,2104.4319,-686.342
129,178,12,-13836.2227,2692.9761,-888.278
127,178,12,-13865.0703,3384.1279,-1066.1741
125,178,12,-13881.8984,4185.6318,-1187.576
125,180,12,-13872.2822,4545.728,-1068.578
127,180,12,-13845.8379,3668.72,-959.196
129,180,12,-13700.3965,2919.488,-801.734
131,180,12,-13357.8262,2284.48,-617.828
133,180,12,-12795.29,1730.7839,-421.902
135,180,12,-12300.0664,1239.04,-223.572
137,180,12,-11881.7705,795.696,-32.454
139,180,12,-11616.1279,385.264,159.866
141,180,12,-11503.1406,-9.68,348.58
143,180,12,-11533.1904,-408.496,544.506
145,180,12,-11718.2979,-822.8,748.846
147,180,12,-12056.0605,-1268.08,965.206
149,180,12,-12523.6387,-1752.08,1192.384
151,180,12,-13033.2861,-2298.032,1426.774
153,180,12,-13540.5303,-2936.9119,1675.588
155,180,12,-13820.5967,-3690.0159,1920.796
157,180,12,-13865.0703,-4588.3198,2144.3679
157,180,14,-13861.4639,-4435.376,3247.804
155,180,14,-13761.6982,-3569.9839,2865.5681
153,180,14,-13413.1182,-2842.0481,2453.282
151,180,14,-12803.7041,-2226.3999,2048.208
149,180,14,-12257.9961,-1699.808,1667.1741
147,180,14,-11777.1963,-1233.2319,1302.968
145,180,14,-11449.0498,-805.376,957.994
143,180,14,-11269.9521,-410.432,632.252
141,180,14,-11237.498,-27.104,316.126
139,180,14,-11349.2842,352.352,6.01
137,180,14,-11605.3105,749.232,-310.116
135,180,14,-12011.5859,1173.2159,-634.656
133,180,14,-12551.2842,1645.6,-976.024
131,180,14,-13135.4561,2179.936,-1327.0081
129,180,14,-13619.8623,2795.584,-1679.194
127,180,14,-13844.6367,3523.52,-2014.552
125,180,14,-13869.8779,4390.8481,-2286.2041
125,178,14,-13875.8887,4053.9839,-2484.5339
127,178,14,-13862.666,3273.7759,-2194.8521
129,178,14,-13798.96,2603.9199,-1836.656
131,178,14,-13499.6621,2034.736,-1460.4301
133,178,14,-12952.752,1537.184,-1084.204
135,178,14,-12452.7207,1099.6479,-722.402
137,178,14,-12021.2021,702.768,-376.226
139,178,14,-11736.3281,334.928,-42.07
141,178,14,-11611.3203,-17.424,287.278
143,178,14,-11640.168,-369.776,619.03
145,178,14,-11832.4883,-739.552,967.61
147,178,14,-12184.6738,-1134.496,1333.0181
149,178,14,-12648.6465,-1570.0959,1718.86
151,178,14,-13194.3545,-2056.032,2131.146
153,178,14,-13633.084,-2629.0879,2569.876
155,178,14,-13844.6367,-3302.8159,3019.4241
157,178,14,-13866.2725,-4102.3838,3446.134
157,176,14,-13875.8887,-3705.5039,3638.4541
155,176,14,-13855.4541,-2993.0559,3188.906
153,176,14,-13786.9404,-2383.2161,2714.116
151,176,14,-13498.46,-1864.368,2248.9421
149,176,14,-13008.0439,-1419.088,1811.4141
147,176,14,-12557.2939,-1028.016,1400.3301
145,176,14,-12196.6943,-669.856,1014.488
143,176,14,-11985.1426,-342.672,649.08
141,176,14,-11945.4766,-25.168,296.894
139,176,14,-12070.4844,292.336,-50.484
137,176,14,-12366.1758,619.52,-405.074
135,176,14,-12762.8359,973.808,-770.482
133,176,14,-13277.292,1368.752,-1157.526
131,176,14,-13653.5186,1819.84,-1558.994
129,176,14,-13848.2422,2332.8799,-1964.068
127,176,14,-13869.8779,2940.7839,-2351.1121
125,176,14,-13885.5039,3651.2959,-2673.248
125,174,14,-13897.5244,3211.824,-2847.5381
127,174,14,-13878.292,2584.5601,-2513.3821
129,174,14,-13861.4639,2048.2881,-2103.5
131,174,14,-13782.1318,1595.264,-1679.194
133,174,14,-13515.2881,1196.448,-1254.8881
135,174,14,-13048.9121,849.904,-849.814
137,174,14,-12652.252,538.208,-465.174
139,174,14,-12376.9941,253.616,-94.958
141,174,14,-12237.5625,-21.296,270.45
143,174,14,-12273.6221,-296.208,638.262
145,174,14,-12480.3662,-580.8,1022.902
147,174,14,-12809.7139,-890.56,1425.572
149,174,14,-13267.6758,-1235.168,1860.696
151,174,14,-13622.2666,-1624.304,2322.2642
153,174,14,-13838.626,-2083.136,2819.8921
155,174,14,-13862.666,-2621.344,3327.136
157,174,14,-13880.6963,-3258.2881,3815.1479
157,172,14,-13887.9082,-2783.968,3985.832
155,172,14,-13877.0898,-2230.272,3483.396
153,172,14,-13849.4443,-1759.824,2950.9102
151,172,14,-13735.2539,-1366.816,2431.646
149,172,14,-13466.0059,-1031.8879,1947.24
147,172,14,-13039.2959,-745.36,1494.0861
145,172,14,-12702.7363,-489.808,1070.9821
143,172,14,-12510.416,-253.616,669.514
141,172,14,-12468.3467,-29.04,283.672
139,172,14,-12589.748,195.536,-98.564
137,172,14,-12854.1885,429.792,-486.81
135,172,14,-13266.4746,685.344,-890.682
133,172,14,-13613.8525,977.68,-1316.1901
131,172,14,-13837.4238,1312.608,-1760.9301
129,172,14,-13867.4746,1701.744,-2212.8821
127,172,14,-13878.292,2164.448,-2649.208
125,172,14,-13896.3223,2720.0801,-3009.8081
125,170,14,-13899.9287,2193.488,-3156.4521
127,170,14,-13884.3027,1726.912,-2789.842
129,170,14,-13868.6758,1341.6479,-2335.4861
131,170,14,-13849.4443,1022.208,-1867.9081
133,170,14,-13702.7998,753.104,-1403.936
135,170,14,-13431.1484,524.656,-961.6
137,170,14,-13036.8926,325.248,-542.102
139,170,14,-12752.0186,145.2,-139.432
141,170,14,-12634.2227,-25.168,254.824
143,170,14,-12665.4746,-195.536,655.09
145,170,14,-12851.7842,-375.584,1073.386
147,170,14,-13199.1621,-574.992,1513.318
149,170,14,-13559.7627,-803.44,1986.906
151,170,14,-13802.5664,-1068.672,2491.7461
153,170,14,-13853.0498,-1391.984,3037.4541
155,170,14,-13880.6963,-1781.12,3597.5862
157,170,14,-13891.5146,-2255.4399,4137.2842
157,168,14,-13896.3223,-1701.744,4279.1201
155,168,14,-13879.4941,-1318.416,3732.21
153,168,14,-13863.8682,-1006.72,3152.8459
151,168,14,-13833.8184,-758.912,2587.906
149,168,14,-13627.0742,-561.44,2065.0361
147,168,14,-13334.9883,-398.816,1575.822
145,168,14,-12980.3984,-261.36,1116.6581
143,168,14,-12776.0586,-145.2,686.342
141,168,14,-12742.4023,-32.912,270.45
139,168,14,-12860.1982,75.504,-138.23
137,168,14,-13147.4766,191.664,-555.324
135,168,14,-13505.6719,327.184,-991.65
133,168,14,-13756.8906,489.808,-1452.016
131,168,14,-13854.252,687.28,-1936.422
129,168,14,-13874.6865,931.216,-2426.8381
127,168,14,-13886.7061,1235.168,-2902.8301
125,168,14,-13899.9287,1618.496,-3295.884
125,166,14,-13908.3418,1008.656,-3418.488
127,166,14,-13891.5146,724.064,-3021.8281
129,166,14,-13878.292,509.168,-2531.4121
131,166,14,-13862.666,346.544,-2024.1681
133,166,14,-13803.7686,222.64,-1526.54
135,166,14,-13558.5605,129.712,-1051.75
137,166,14,-13223.2021,63.888,-604.606
139,166,14,-12929.9141,9.68,-174.29
141,166,14,-12794.0879,-32.912,245.208
143,166,14,-12837.3604,-79.376,670.716
145,166,14,-13034.4883,-131.648,1115.4561
147,166,14,-13381.8662,-203.28,1584.2361
149,166,14,-13661.9326,-296.208,2091.48
151,166,14,-13837.4238,-420.112,2631.178
153,166,14,-13863.8682,-590.48,3217.7542
155,166,14,-13881.8984,-813.12,3818.7542
157,166,14,-13898.7266,-1105.4561,4396.916
157,164,14,-13896.3223,-480.128,4502.6919
155,164,14,-13883.1006,-290.4,3924.53
153,164,14,-13865.0703,-154.88,3309.106
151,164,14,-13845.8379,-67.76,2710.51
149,164,14,-13682.3662,-17.424,2153.9841
147,164,14,-13411.916,1.936,1633.5181
145,164,14,-13054.9219,-1.936,1150.314
143,164,14,-12838.5625,-17.424,697.16
141,164,14,-12797.6943,-42.592,260.834
139,164,14,-12926.3086,-69.696,-170.684
137,164,14,-13230.4141,-89.056,-611.818
135,164,14,-13566.9746,-94.864,-1072.184
133,164,14,-13808.5762,-81.312,-1560.196
131,164,14,-13859.0605,-36.784,-2077.0562
129,164,14,-13879.4941,42.592,-2603.532
127,164,14,-13892.7158,170.368,-3111.978
125,164,14,-13901.1299,352.352,-3527.8701
125,162,14,-13905.9385,-325.248,-3622.8281
127,162,14,-13895.1201,-404.624,-3203.3301
129,162,14,-13881.8984,-435.6,-2684.0662
131,162,14,-13862.666,-429.792,-2147.9741
133,162,14,-13816.9902,-387.2,-1622.7001
135,162,14,-13564.5703,-321.376,-1125.072
137,162,14,-13207.5762,-240.064,-653.888
139,162,14,-12895.0566,-147.136,-205.542
141,162,14,-12749.6143,-48.4,230.784
143,162,14,-12784.4727,48.4,674.322
145,162,14,-13008.0439,141.328,1139.496
147,162,14,-13375.8564,218.768,1631.114
149,162,14,-13669.1445,276.848,2161.196
151,162,14,-13848.2422,307.824,2730.9441
153,162,14,-13874.6865,305.888,3347.5701
155,162,14,-13886.7061,263.296,3984.6301
157,162,14,-13898.7266,172.304,4588.0342
157,160,14,-13903.5342,849.904,4655.3462
155,160,14,-13889.1104,840.224,4054.3462
153,160,14,-13869.8779,789.888,3411.2761
151,160,14,-13845.8379,704.704,2783.832
149,160,14,-13642.7002,590.48,2205.6699
147,160,14,-13312.1504,451.088,1668.376
145,160,14,-12903.4707,294.272,1167.142
143,160,14,-12678.6963,120.032,698.362
141,160,14,-12635.4238,-56.144,247.612
139,160,14,-12776.0586,-232.32,-198.33
137,160,14,-13098.1943,-408.496,-653.888
135,160,14,-13527.3086,-573.056,-1132.2841
133,160,14,-13789.3447,-722.128,-1641.932
131,160,14,-13861.4639,-847.968,-2180.428
129,160,14,-13883.1006,-946.704,-2727.3381
127,160,14,-13895.1201,-1010.592,-3261.0261
125,160,14,-13907.1406,-1033.824,-3698.554
125,158,14,-13905.9385,-1757.8879,-3752.644
127,158,14,-13896.3223,-1632.048,-3318.7222
129,158,14,-13873.4844,-1473.296,-2783.832
131,158,14,-13859.0605,-1285.504,-2229.71
133,158,14,-13762.9004,-1070.608,-1686.406
135,158,14,-13443.168,-836.352,-1173.152
137,158,14,-12958.7627,-586.608,-689.948
139,158,14,-12616.1924,-329.12,-231.986
141,158,14,-12447.9121,-67.76,216.36
143,158,14,-12489.9824,191.664,667.11
145,158,14,-12729.1807,449.152,1143.1021
147,158,14,-13140.2646,691.152,1646.74
149,158,14,-13582.6006,915.728,2190.0439
151,158,14,-13838.626,1117.072,2780.2261
153,158,14,-13873.4844,1291.312,3417.2861
155,158,14,-13885.5039,1434.576,4075.9822
157,158,14,-13898.7266,1541.056,4696.2139
157,156,14,-13901.1299,2259.312,4717.8501
155,156,14,-13889.1104,2059.9041,4103.6279
153,156,14,-13866.2725,1823.712,3442.5281
151,156,14,-13809.7783,1556.5439,2803.064
149,156,14,-13496.0566,1266.144,2211.6799
147,156,14,-12937.126,950.576,1663.568
145,156,14,-12491.1846,617.584,1157.526
143,156,14,-12200.2998,272.976,685.14
141,156,14,-12146.21,-75.504,229.582
139,156,14,-12336.126,-423.984,-219.966
137,156,14,-12718.3623,-774.4,-681.534
135,156,14,-13256.8584,-1113.2,-1165.9401
133,156,14,-13679.9619,-1440.384,-1684.0021
131,156,14,-13856.6563,-1748.208,-2232.114
129,156,14,-13879.4941,-2028.928,-2794.6501
127,156,14,-13896.3223,-2282.5439,-3341.5601
125,156,14,-13904.7363,-2509.0559,-3789.906
125,154,14,-13909.5439,-3271.8401,-3805.532
127,154,14,-13896.3223,-2962.0801,-3366.802
129,154,14,-13874.6865,-2609.728,-2818.6899
131,154,14,-13845.8379,-2236.0801,-2256.1541
133,154,14,-13587.4082,-1833.392,-1708.042
135,154,14,-12999.6299,-1411.344,-1192.384
137,154,14,-12410.6504,-977.68,-710.382
139,154,14,-11946.6777,-536.272,-251.218
141,154,14,-11739.9346,-92.928,195.926
143,154,14,-11785.6104,350.416,645.474
145,154,14,-12087.3125,789.888,1117.86
147,154,14,-12616.1924,1217.744,1623.902
149,154,14,-13253.252,1628.176,2169.6101
151,154,14,-13712.416,2017.312,2764.6001
153,154,14,-13855.4541,2381.28,3407.6702
155,154,14,-13880.6963,2716.208,4077.1841
157,154,14,-13899.9287,3014.3521,4707.0322
157,152,14,-13893.918,3806.176,4675.7803
155,152,14,-13877.0898,3413.168,4057.9521
153,152,14,-13845.8379,2977.5679,3393.2461
151,152,14,-13598.2266,2510.9919,2751.3779
149,152,14,-12915.4902,2023.12,2161.196
147,152,14,-12185.876,1508.144,1620.296
145,152,14,-11602.9063,981.552,1120.264
143,152,14,-11287.9824,439.472,653.888
141,152,14,-11231.4883,-104.544,206.744
139,152,14,-11439.4346,-644.688,-234.39
137,152,14,-11908.2139,-1188.704,-687.544
135,152,14,-12612.5859,-1723.04,-1167.142
133,152,14,-13393.8867,-2247.696,-1679.194
131,152,14,-13820.5967,-2752.9919,-2228.5081
129,152,14,-13871.0801,-3229.248,-2794.6501
127,152,14,-13891.5146,-3674.5281,-3349.9741
125,152,14,-13903.5342,-4079.1521,-3800.7241
125,150,14,-13904.7363,-4942.6079,-3780.29
127,150,14,-13891.5146,-4452.7998,-3331.9441
129,150,14,-13869.8779,-3902.9761,-2781.428
131,150,14,-13699.1943,-3318.304,-2221.2961
133,150,14,-13017.6602,-2700.72,-1677.9921
135,150,14,-12100.5342,-2069.584,-1173.152
137,150,14,-11325.2441,-1426.832,-704.372
139,150,14,-10836.0303,-778.272,-259.632
141,150,14,-10614.8623,-127.776,171.886
143,150,14,-10661.7402,520.784,607.01
145,150,14,-10970.6543,1169.344,1066.1741
147,150,14,-11556.0283,1810.16,1556.5901
149,150,14,-12416.6602,2429.6799,2087.874
151,150,14,-13326.5742,3033.7119,2670.844
153,150,14,-13827.8086,3616.448,3311.51
155,150,14,-13878.292,4166.272,3978.6201
157,150,14,-13896.3223,4669.6318,4603.6602
157,148,14,-13892.7158,5602.7842,4499.0859
155,148,14,-13869.8779,4991.0078,3893.2781
153,148,14,-13684.7705,4317.2798,3241.7939
151,148,14,-12845.7744,3610.6399,2616.7542
149,148,14,-11753.1563,2888.512,2047.006
147,148,14,-10860.0703,2143.1521,1525.338
145,148,14,-10256.666,1386.176,1048.144
143,148,14,-9940.54,621.456,604.606
141,148,14,-9888.8545,-141.328,180.3
139,148,14,-10105.2139,-900.24,-237.996
137,148,14,-10590.8223,-1664.96,-669.514
135,148,14,-11364.9102,-2425.8081,-1126.274
133,148,14,-12443.1045,-3184.72,-1623.902
131,148,14,-13486.4404,-3926.208,-2158.792
129,148,14,-13849.4443,-4630.9121,-2715.3181
127,148,14,-13884.3027,-5304.6401,-3269.4399
125,148,14,-13903.5342,-5908.6719,-3733.4121
125,146,14,-13892.7158,-7008.3198,-3651.676
127,146,14,-13879.4941,-6264.896,-3193.7141
129,146,14,-13800.1621,-5442.0962,-2649.208
131,146,14,-12997.2266,-4590.2559,-2104.7021
133,146,14,-11687.0459,-3713.248,-1585.438
135,146,14,-10571.5898,-2826.5601,-1107.042
137,146,14,-9777.0684,-1936.0,-667.11
139,146,14,-9273.4297,-1051.248,-252.42
141,146,14,-9048.6563,-174.24,147.846
143,146,14,-9087.1201,706.64,551.718
145,146,14,-9390.0244,1593.328,976.024
147,146,14,-9977.8018,2478.0801,1433.9861
149,146,14,-10869.6865,3355.0879,1936.422
151,146,14,-12078.8984,4216.6079,2489.342
153,146,14,-13367.4424,5066.5122,3101.1602
155,146,14,-13848.2422,5883.5039,3737.0181
157,146,14,-13886.7061,6640.48,4340.4219
157,144,14,-13873.4844,7807.8882,4142.0923
155,144,14,-13764.1025,6880.5439,3567.5361
153,144,14,-12702.7363,5897.0562,2960.5261
151,144,14,-11143.7422,4888.3999,2376.354
149,144,14,-9910.4902,3877.8079,1848.676
147,144,14,-9010.1924,2859.4719,1371.4821
145,144,14,-8410.3945,1839.2,937.56
143,144,14,-8103.8843,824.736,537.294
141,144,14,-8059.4102,-181.984,155.058
139,144,14,-8275.7705,-1188.704,-221.168
137,144,14,-8766.1865,-2207.04,-615.424
135,144,14,-9546.2842,-3235.0559,-1034.922
133,144,14,-10653.3262,-4272.752,-1495.2881
131,144,14,-12134.1904,-5316.2559,-1996.5221
129,144,14,-13532.1162,-6336.5278,-2524.2
127,144,14,-13867.4746,-7337.4399,-3059.0901
125,144,14,-13896.3223,-8276.4004,-3518.2542
125,142,14,-13889.1104,-9709.04,-3331.9441
127,142,14,-13844.6367,-8531.9521,-2892.012
129,142,14,-12854.1885,-7312.272,-2384.7681
131,142,14,-11072.8242,-6094.5278,-1884.7361
133,142,14,-9585.9502,-4876.7842,-1412.35
135,142,14,-8470.4941,-3674.5281,-980.832
137,142,14,-7684.3862,-2507.1199,-588.98
139,142,14,-7191.5659,-1353.264,-223.572
141,142,14,-6970.3979,-218.768,125.008
143,142,14,-7002.8521,917.664,478.396
145,142,14,-7290.1304,2065.7119,851.016
147,142,14,-7857.4741,3225.376,1254.8881
149,142,14,-8726.5205,4398.5918,1700.8301
151,142,14,-9928.5205,5571.8081,2193.6501
153,142,14,-11558.4326,6770.1919,2742.9641
155,142,14,-13340.998,7964.7041,3322.3281
157,142,14,-13861.4639,9120.4961,3872.844
157,140,14,-13791.748,10587.9844,3555.5161
155,140,14,-12324.1064,9163.0879,3054.282
153,140,14,-10238.6357,7732.3838,2519.3921
151,140,14,-8627.9561,6328.7842,2015.754
149,140,14,-7440.3804,4973.584,1562.6
147,140,14,-6573.7383,3641.616,1153.92
145,140,14,-5993.1719,2334.8159,786.108
143,140,14,-5708.2983,1051.248,449.548
141,140,14,-5671.0361,-222.64,128.614
139,140,14,-5878.9819,-1492.656,-186.31
137,140,14,-6338.146,-2785.9041,-516.86
135,140,14,-7083.3862,-4117.8721,-876.258
133,140,14,-8151.9644,-5494.3682,-1271.7161
131,140,14,-9614.7979,-6925.0718,-1714.052
129,140,14,-11504.3418,-8375.1357,-2179.2261
127,140,14,-13504.4707,-9879.4082,-2654.0161
125,140,14,-13874.6865,-11375.9355,-3067.5042
125,138,14,-13841.0303,-13188.0322,-2740.5601
127,138,14,-12346.9443,-11310.1123,-2370.344
129,138,14,-9954.9639,-9499.9521,-1942.432
131,138,14,-8107.4902,-7784.6558,-1522.9341
133,138,14,-6689.1299,-6144.8638,-1133.486
135,138,14,-5660.2183,-4578.6401,-778.896
137,138,14,-4959.4521,-3097.6001,-461.568
139,138,14,-4517.1162,-1659.152,-167.078
141,138,14,-4312.7759,-261.36,110.584
143,138,14,-4338.0181,1136.432,389.448
145,138,14,-4583.2261,2561.3279,687.544
147,138,14,-5084.46,4013.3279,1007.276
149,138,14,-5864.5581,5507.9199,1364.27
151,138,14,-6967.9941,7058.6558,1765.738
153,138,14,-8505.3525,8700.3838,2215.2861
155,138,14,-10560.7725,10411.8076,2696.0859
157,138,14,-13039.2959,12183.248,3155.25
157,136,14,-11179.8018,13871.4395,2694.884
155,136,14,-8645.9863,11745.7119,2311.446
153,136,14,-6686.7261,9732.2715,1899.16
151,136,14,-5256.3462,7840.7998,1516.9241
149,136,14,-4227.4341,6086.7842,1176.7581
147,136,14,-3514.6479,4419.8882,872.652
145,136,14,-3045.8682,2828.4961,601.0
143,136,14,-2823.498,1287.4399,354.59
141,136,14,-2794.6501,-234.256,118.998
139,136,14,-2967.738,-1757.8879,-115.392
137,136,14,-3346.3682,-3326.0481,-360.6
135,136,14,-3962.9941,-4969.7119,-628.646
133,136,14,-4865.6963,-6714.0479,-927.944
131,136,14,-6138.6143,-8599.7119,-1266.9081
129,136,14,-7841.8481,-10611.2158,-1632.316
127,136,14,-10142.4766,-12816.3203,-2006.1381
125,136,14,-13000.832,-15164.6875,-2318.658
125,134,14,-10535.5303,-17145.2168,-1821.03
127,134,14,-7746.8901,-14320.5918,-1587.842
129,134,14,-5638.582,-11737.9678,-1289.746
131,134,14,-4109.6382,-9422.5117,-996.458
133,134,14,-2991.7781,-7300.6558,-724.806
135,134,14,-2217.6899,-5358.8481,-484.406
137,134,14,-1697.224,-3573.856,-272.854
139,134,14,-1378.694,-1887.6,-82.938
141,134,14,-1232.05,-261.36,99.766
143,134,14,-1246.474,1357.136,282.47
145,134,14,-1418.36,3010.48,475.992
147,134,14,-1775.354,4733.52,688.746
149,134,14,-2358.324,6566.9121,931.55
151,134,14,-3218.9561,8522.2715,1204.4041
153,134,14,-4469.0361,10675.1035,1516.9241
155,134,14,-6204.7241,13031.2158,1846.272
157,134,14,-8561.8457,15596.416,2151.5801
157,132,14,-5597.7139,17338.8164,1540.964
155,132,14,-3514.6479,14341.8877,1340.23
153,132,14,-2037.39,11631.4883,1110.6481
151,132,14,-1022.902,9192.1279,887.076
149,132,14,-354.59,7029.6157,691.15
147,132,14,74.524,5049.0879,518.062
145,132,14,328.146,3211.824,366.61
143,132,14,441.134,1469.424,228.38
141,132,14,447.144,-224.576,102.17
139,132,14,344.974,-1928.256,-26.444
137,132,14,121.402,-3707.4399,-159.866
135,132,14,-251.218,-5620.208,-307.712
133,132,14,-822.168,-7724.6401,-473.588
131,132,14,-1673.1841,-10078.8164,-663.504
129,132,14,-2894.416,-12707.9043,-867.844
127,132,14,-4661.356,-15722.2559,-1068.578
125,132,14,-7108.6279,-19094.7676,-1212.818
125,130,14,-3249.0061,-20877.8242,-522.87
127,130,14,-1251.282,-17005.8242,-495.224
129,130,14,73.322,-13567.4883,-409.882
131,130,14,919.53,-10615.0879,-312.52
133,130,14,1452.016,-8051.8237,-217.562
135,130,14,1781.364,-5811.8721,-132.22
137,130,14,1984.5021,-3817.792,-55.292
139,130,14,2101.0959,-1980.528,14.424
141,130,14,2162.3979,-242.0,80.534
143,130,14,2175.6201,1498.464,149.048
145,130,14,2143.166,3295.072,221.168
147,130,14,2034.9861,5211.7119,302.904
149,130,14,1816.222,7306.4639,399.064
151,130,14,1426.774,9647.0879,506.042
153,130,14,752.452,12347.8076,627.444
155,130,14,-343.772,15453.1523,750.048
157,130,14,-2044.6021,18970.8633,838.996
157,128,14,2033.7841,20480.9434,86.544
155,128,14,3230.9761,16419.2168,132.22
153,128,14,3827.168,12913.1201,137.028
151,128,14,4062.76,9958.7842,127.412
149,128,14,4110.8398,7476.832,114.19
147,128,14,4072.376,5300.7681,102.17
145,128,14,4008.6702,3353.1521,92.554
143,128,14,3947.3682,1550.736,85.342
141,128,14,3911.3081,-181.984,79.332
139,128,14,3901.6921,-1922.448,74.524
137,128,14,3913.7122,-3765.52,72.12
135,128,14,3929.3381,-5784.7681,70.918
133,128,14,3916.116,-8100.2241,72.12
131,128,14,3804.3301,-10818.3682,78.13
129,128,14,3494.2141,-14018.5762,97.362
127,128,14,2794.6501,-17937.0391,149.048
125,128,14,1432.7841,-21809.0391,269.248
125,126,14,6999.2461,-22219.4727,1140.698
127,126,14,7406.7241,-18430.7207,853.42
129,126,14,7234.8379,-14107.6318,646.676
131,126,14,6856.208,-10700.2715,491.618
133,126,14,6451.1343,-7937.6001,372.62
135,126,14,6103.7563,-5629.8882,278.864
137,126,14,5845.3262,-3651.2959,201.936
139,126,14,5695.0762,-1862.432,135.826
141,126,14,5646.9961,-183.92,76.928
143,126,14,5707.0962,1494.592,19.232
145,126,14,5878.9819,3246.6719,-42.07
147,126,14,6145.8262,5159.4399,-108.18
149,126,14,6496.8101,7325.8237,-183.906
151,126,14,6893.4702,9865.8555,-276.46
153,126,14,7258.8779,12990.5596,-390.65
155,126,14,7434.3701,16870.3047,-540.9
157,126,14,7077.376,21340.5273,-750.048
157,124,14,12871.0166,21619.3125,-1627.5081
155,124,14,12030.8184,16746.4004,-1245.272
153,124,14,10825.2119,12605.2959,-941.166
151,124,14,9724.1807,9443.8076,-697.16
149,124,14,8827.4883,6959.9199,-498.83
147,124,14,8129.126,4882.5918,-331.752
145,124,14,7645.9224,3084.0481,-192.32
143,124,14,7353.8359,1446.192,-64.908
141,124,14,7263.686,-118.096,54.09
139,124,14,7361.0483,-1680.448,174.29
137,124,14,7656.7402,-3341.5359,307.712
135,124,14,8162.7822,-5190.416,459.164
133,124,14,8902.0117,-7352.9277,646.676
131,124,14,9900.874,-10022.6719,882.268
129,124,14,11143.7422,-13393.248,1180.364
127,124,14,12532.0518,-17935.1035,1566.2061
125,124,14,13467.208,-22234.959,2069.844
125,122,14,13910.7461,-21749.0234,3009.8081
127,122,14,13886.7061,-16163.6641,2300.6279
129,122,14,13813.3838,-11896.7197,1734.4861
131,122,14,12791.6846,-8843.6484,1294.5541
133,122,14,11290.3857,-6487.5361,944.772
135,122,14,10152.0918,-4572.832,667.11
137,122,14,9399.6406,-2946.592,439.932
139,122,14,8960.9102,-1482.976,241.602
141,122,14,8805.8525,-106.48,61.302
143,122,14,8922.4463,1273.8879,-115.392
145,122,14,9317.9043,2723.9519,-304.106
147,122,14,10019.8721,4328.896,-519.264
149,122,14,11053.5918,6175.8398,-769.28
151,122,14,12459.9326,8415.792,-1070.9821
153,122,14,13649.9121,11329.4717,-1449.6121
155,122,14,13877.0898,15329.248,-1924.402
157,122,14,13903.5342,21036.5762,-2513.3821
157,120,14,13926.3721,17518.8633,-3321.126
155,120,14,13908.3418,12626.5918,-2554.25
153,120,14,13881.8984,9368.3037,-1923.2001
151,120,14,13765.3047,6996.7041,-1420.764
149,120,14,12834.9561,5172.9922,-1025.306
147,120,14,11617.3301,3651.2959,-699.564
145,120,14,10736.2646,2323.2,-425.508
143,120,14,10235.0303,1115.136,-182.704
141,120,14,10083.5781,-38.72,44.474
139,120,14,10265.0801,-1179.024,271.652
137,120,14,10791.5566,-2375.4719,518.062
135,120,14,11724.3086,-3697.76,807.744
133,120,14,12996.0244,-5213.6479,1159.9301
131,120,14,13833.8184,-7052.8481,1603.468
129,120,14,13886.7061,-9374.1123,2164.802
127,120,14,13914.3525,-12593.6797,2901.6282
125,120,14,13929.9785,-17443.3594,3837.9861
125,120,16,13926.3721,-16653.4727,5090.4702
127,120,16,13911.9482,-12045.792,3788.7041
129,120,16,13879.4941,-8979.168,2795.8521
131,120,16,13722.0322,-6766.3198,2054.218
133,120,16,12669.0801,-5014.2397,1476.056
135,120,16,11385.3438,-3562.24,1022.902
137,120,16,10499.4697,-2301.9041,650.282
139,120,16,9992.2266,-1155.792,328.146
141,120,16,9816.7344,-61.952,32.454
143,120,16,9946.5498,1035.76,-260.834
145,120,16,10410.5225,2193.488,-576.96
147,120,16,11227.8818,3455.76,-935.156
149,120,16,12451.5186,4901.9521,-1366.6741
151,120,16,13589.8125,6626.9277,-1895.5541
153,120,16,13869.8779,8870.752,-2585.502
155,120,16,13902.332,11956.7363,-3478.5881
157,120,16,13927.5742,16630.2402,-4630.104
157,122,16,13901.1299,20186.6719,-3390.842
155,122,16,13866.2725,14651.6475,-2604.7341
153,122,16,13498.46,10841.5996,-1960.462
151,122,16,12114.958,8067.312,-1454.42
149,122,16,10756.6982,5931.9038,-1056.558
147,122,16,9763.8457,4170.144,-730.816
145,122,16,9090.7266,2632.96,-453.154
143,122,16,8701.2783,1242.912,-207.946
141,122,16,8579.876,-81.312,20.434
139,122,16,8715.7021,-1401.6639,248.814
137,122,16,9113.5645,-2801.3921,497.628
135,122,16,9804.7139,-4352.1279,786.108
133,122,16,10854.0605,-6171.9678,1135.89
131,122,16,12339.7324,-8408.0479,1575.822
129,122,16,13634.2861,-11286.8799,2138.3582
127,122,16,13878.292,-15323.4395,2876.386
125,122,16,13905.9385,-21150.8008,3834.3801
125,124,16,13095.79,-22054.9121,2466.5042
127,124,16,12159.4326,-17139.4082,1890.7461
129,124,16,10844.4443,-12814.3838,1431.582
131,124,16,9678.5039,-9598.6875,1072.184
133,124,16,8722.9141,-7064.4639,782.502
135,124,16,8017.3403,-4998.752,550.516
137,124,16,7528.126,-3229.248,356.994
139,124,16,7239.646,-1639.792,187.512
141,124,16,7143.4863,-145.2,33.656
143,124,16,7227.626,1347.4559,-117.796
145,124,16,7502.8843,2919.488,-281.268
147,124,16,7960.8462,4632.8481,-463.972
149,124,16,8617.1377,6609.5039,-675.524
151,124,16,9470.5586,8963.6797,-930.348
153,124,16,10507.8838,11960.6084,-1236.858
155,124,16,11641.3701,15881.0078,-1610.6801
157,124,16,12521.2344,21055.9355,-2057.824
157,126,16,6830.9663,20722.9434,-807.744
155,126,16,7262.4844,16150.1123,-656.292
153,126,16,7133.8701,12446.5439,-520.466
151,126,16,6797.3101,9463.168,-401.468
149,126,16,6418.6802,7031.5518,-294.49
147,126,16,6079.7163,4963.9038,-199.532
145,126,16,5816.478,3132.448,-114.19
143,126,16,5643.3901,1459.744,-39.666
141,126,16,5579.6841,-152.944,33.656
139,126,16,5619.3501,-1763.696,105.776
137,126,16,5758.7822,-3473.1841,185.108
135,126,16,5999.1821,-5362.7202,274.056
133,126,16,6324.9243,-7552.3359,379.832
131,126,16,6696.3423,-10173.6797,502.436
129,126,16,7031.7002,-13408.7363,653.888
127,126,16,7151.8999,-17528.543,847.41
125,126,16,6663.8882,-21892.2871,1101.032
125,128,16,1322.2001,-21301.8086,-110.584
127,128,16,2750.176,-17180.0645,-110.584
129,128,16,3480.9919,-13433.9043,-75.726
131,128,16,3803.1282,-10380.832,-40.868
133,128,16,3913.7122,-7786.5918,-13.222
135,128,16,3929.3381,-5573.7441,6.01
137,128,16,3916.116,-3637.7439,20.434
139,128,16,3904.0962,-1879.856,32.454
141,128,16,3912.51,-209.088,42.07
143,128,16,3946.166,1452.0,51.686
145,128,16,4011.074,3182.7839,63.706
147,128,16,4078.386,5043.2798,80.534
149,128,16,4125.2642,7116.7358,104.574
151,128,16,4086.8,9472.8477,140.634
153,128,16,3860.824,12285.8555,195.926
155,128,16,3265.834,15635.1357,269.248
157,128,16,2033.7841,19574.8965,348.58
157,130,16,-1903.968,18175.168,1382.3
155,130,16,-171.886,14822.0156,1121.4661
153,130,16,921.934,11848.3203,869.046
151,130,16,1579.428,9269.5684,658.696
149,130,16,1948.442,7029.6157,489.214
147,130,16,2146.772,5021.9839,354.59
145,130,16,2240.5281,3180.8479,241.602
143,130,16,2264.5681,1461.6799,144.24
141,130,16,2250.144,-207.152,51.686
139,130,16,2191.2461,-1875.984,-39.666
137,130,16,2084.2681,-3633.8721,-140.634
135,130,16,1900.3621,-5544.7041,-254.824
133,130,16,1592.65,-7683.9839,-394.256
131,130,16,1085.406,-10129.1523,-564.94
129,130,16,260.834,-12936.3516,-770.482
127,130,16,-1063.77,-16225.6162,-1004.872
125,130,16,-3149.24,-20037.5996,-1228.444
125,132,16,-6922.3184,-18322.3047,-2200.8621
127,132,16,-4418.5522,-15089.1836,-1816.222
129,132,16,-2654.0161,-12206.4795,-1418.36
131,132,16,-1464.036,-9693.5518,-1073.386
133,132,16,-644.272,-7434.2397,-775.29
135,132,16,-99.766,-5420.7998,-528.88
137,132,16,252.42,-3589.344,-318.53
139,132,16,465.174,-1877.92,-134.624
141,132,16,567.344,-245.872,37.262
143,132,16,566.142,1380.368,207.946
145,132,16,468.78,3056.9441,390.65
147,132,16,241.602,4816.7681,596.192
149,132,16,-151.452,6708.2397,837.794
151,132,16,-772.886,8773.9521,1125.072
153,132,16,-1740.496,11091.3438,1476.056
155,132,16,-3190.1082,13679.7764,1890.7461
157,132,16,-5324.8599,16574.0957,2330.678
157,134,16,-8189.2261,14949.792,3158.856
155,134,16,-5810.4683,12520.1123,2591.512
153,134,16,-4097.6182,10270.4795,2051.814
151,134,16,-2892.012,8208.6396,1580.63
149,134,16,-2072.248,6328.7842,1188.7781
147,134,16,-1526.54,4568.96,853.42
145,134,16,-1191.182,2915.616,563.738
143,134,16,-1034.922,1328.0959,304.106
141,134,16,-1021.7,-230.384,57.696
139,134,16,-1157.526,-1792.736,-187.512
137,134,16,-1452.016,-3413.168,-448.346
135,134,16,-1936.422,-5124.5918,-744.038
133,134,16,-2663.6321,-6979.2798,-1090.214
131,134,16,-3709.3721,-9010.1436,-1498.894
129,134,16,-5177.0142,-11222.9922,-1972.4821
127,134,16,-7254.0703,-13704.9443,-2513.3821
125,134,16,-10131.6582,-16452.127,-3055.4841
125,136,16,-12663.0703,-14593.5684,-3757.4521
127,136,16,-9689.3223,-12340.0635,-3117.988
129,136,16,-7407.9263,-10227.8877,-2470.1101
131,136,16,-5750.3682,-8301.5684,-1897.958
133,136,16,-4532.7422,-6489.4722,-1399.1281
135,136,16,-3672.1101,-4810.96,-973.62
137,136,16,-3083.1301,-3231.1841,-603.404
139,136,16,-2721.3281,-1719.168,-271.652
141,136,16,-2554.25,-253.616,40.868
143,136,16,-2568.6741,1208.064,353.388
145,136,16,-2764.6001,2692.9761,682.736
147,136,16,-3174.4822,4224.3521,1048.144
149,136,16,-3827.168,5823.4878,1464.036
151,136,16,-4775.5459,7498.1279,1946.0381
153,136,16,-6135.0083,9308.2881,2522.998
155,136,16,-8026.9561,11240.416,3181.6941
157,136,16,-10611.2559,13294.5117,3882.46
157,138,16,-12583.7383,11703.1201,4506.2979
155,138,16,-9969.3877,10020.7363,3723.7961
153,138,16,-7963.25,8379.0078,2974.95
151,138,16,-6489.5981,6812.7842,2315.052
149,138,16,-5441.4541,5325.936,1753.718
147,138,16,-4705.8301,3887.488,1265.7061
145,138,16,-4237.0503,2491.6321,835.39
143,138,16,-4002.6602,1122.88,441.134
141,138,16,-3979.822,-228.448,69.716
139,138,16,-4162.5259,-1575.9039,-302.904
137,138,16,-4566.3979,-2962.0801,-699.564
135,138,16,-5216.6802,-4388.9121,-1133.486
133,138,16,-6169.8662,-5897.0562,-1633.5181
131,138,16,-7493.2681,-7476.832,-2211.6799
129,138,16,-9268.6221,-9135.9844,-2871.5781
127,138,16,-11664.208,-10895.8076,-3608.4041
125,138,16,-13754.4863,-12717.584,-4340.4219
125,140,16,-13862.666,-11010.0322,-4804.394
127,140,16,-13115.0225,-9558.0322,-4021.8921
129,140,16,-10898.5342,-8109.9038,-3223.7642
131,140,16,-9065.4844,-6708.2397,-2501.3621
133,140,16,-7665.1543,-5331.7441,-1861.8981
135,140,16,-6643.4541,-4001.7119,-1304.17
137,140,16,-5930.668,-2716.208,-817.36
139,140,16,-5489.5342,-1465.552,-371.418
141,140,16,-5285.1943,-240.064,50.484
143,140,16,-5309.2339,989.296,474.79
145,140,16,-5560.4521,2230.272,923.136
147,140,16,-6062.8882,3488.6719,1411.1481
149,140,16,-6841.7842,4770.3042,1961.6641
151,140,16,-7940.4121,6073.2319,2590.3101
153,140,16,-9468.1543,7424.5601,3325.9341
155,140,16,-11537.998,8810.7363,4162.5259
157,140,16,-13598.2266,10189.168,5026.7642
157,142,16,-13847.04,8793.3115,5459.4839
155,142,16,-12807.3105,7687.856,4547.166
153,142,16,-10857.666,6539.8081,3666.1001
151,142,16,-9293.8643,5385.9521,2875.1841
149,142,16,-8147.1562,4255.3281,2191.2461
147,142,16,-7330.998,3124.7041,1586.64
145,142,16,-6798.5122,2005.696,1049.3461
143,142,16,-6525.6582,896.368,556.526
141,142,16,-6495.6079,-205.216,85.342
139,142,16,-6701.1499,-1302.928,-382.236
137,142,16,-7156.708,-2418.064,-875.056
135,142,16,-7883.918,-3552.5601,-1413.552
133,142,16,-8927.2539,-4714.1602,-2021.764
131,142,16,-10340.8066,-5893.1841,-2711.7122
129,142,16,-12190.6846,-7076.0801,-3483.396
127,142,16,-13695.5879,-8262.8477,-4332.0083
125,142,16,-13880.6963,-9418.6396,-5169.8022
125,144,16,-13884.3027,-8057.6318,-5443.8579
127,144,16,-13849.4443,-7139.9678,-4594.0439
129,144,16,-13128.2441,-6164.2241,-3716.584
131,144,16,-11498.332,-5171.0562,-2907.6379
133,144,16,-10075.1641,-4162.3999,-2179.2261
135,144,16,-9006.5859,-3159.552,-1534.954
137,144,16,-8258.9424,-2164.448,-957.994
139,144,16,-7782.9502,-1177.088,-429.114
141,144,16,-7566.5903,-203.28,74.524
143,144,16,-7594.2363,772.464,578.162
145,144,16,-7867.0903,1759.824,1109.446
147,144,16,-8405.5859,2747.1841,1687.608
149,144,16,-9230.1582,3734.5439,2331.8801
151,144,16,-10382.876,4712.2241,3062.696
153,144,16,-11935.8604,5687.9678,3902.894
155,144,16,-13510.4805,6636.6079,4832.04
157,144,16,-13867.4746,7540.7197,5802.0542
157,146,16,-13871.0801,6446.8799,6068.8979
155,146,16,-13780.9307,5715.0718,5083.2583
153,146,16,-12806.1084,4923.248,4124.062
151,146,16,-11372.1221,4096.5762,3256.218
149,146,16,-10221.8086,3260.2239,2496.554
147,146,16,-9385.2158,2406.448,1816.222
145,146,16,-8835.9023,1550.736,1206.808
143,146,16,-8553.4326,693.088,644.272
141,146,16,-8518.5742,-166.496,105.776
139,146,16,-8727.7217,-1020.272,-427.912
137,146,16,-9195.2998,-1881.792,-986.842
135,146,16,-9936.9346,-2745.248,-1593.8521
133,146,16,-10988.6846,-3606.7681,-2266.9719
131,146,16,-12384.2061,-4464.416,-3024.2319
129,146,16,-13588.6104,-5298.832,-3859.6221
127,146,16,-13863.8682,-6104.208,-4758.7183
125,146,16,-13893.918,-6851.5039,-5634.9761
125,148,16,-13901.1299,-5808.0,-5773.2061
127,148,16,-13871.0801,-5198.1602,-4907.7661
129,148,16,-13798.96,-4534.1118,-3999.054
131,148,16,-13052.5186,-3841.0239,-3151.644
133,148,16,-11846.9121,-3118.896,-2376.354
135,148,16,-10795.1621,-2381.28,-1679.194
137,148,16,-10051.124,-1641.728,-1050.548
139,148,16,-9581.1426,-896.368,-469.982
141,148,16,-9365.9844,-154.88,88.948
143,148,16,-9400.8418,588.544,650.282
145,148,16,-9678.5039,1335.84,1239.262
147,148,16,-10224.2119,2071.52,1875.12
149,148,16,-11046.3799,2797.52,2575.886
151,148,16,-12175.0586,3500.2881,3360.792
153,148,16,-13375.8564,4191.4399,4253.8779
155,148,16,-13847.04,4849.6802,5244.3262
157,148,16,-13884.3027,5447.9038,6266.0259
157,150,16,-13886.7061,4570.896,6404.2563
155,150,16,-13862.666,4081.0879,5389.7681
153,150,16,-13634.2861,3544.8159,4386.0981
151,150,16,-12788.0781,2973.696,3482.1941
149,150,16,-11766.3779,2385.1521,2682.864
147,150,16,-10951.4219,1773.376,1967.6741
145,150,16,-10403.3105,1148.048,1314.988
143,150,16,-10118.4365,513.04,706.776
141,150,16,-10081.1738,-125.84,127.412
139,150,16,-10284.3125,-756.976,-448.346
137,150,16,-10742.2744,-1391.984,-1048.144
135,150,16,-11469.4844,-2021.184,-1693.618
133,150,16,-12476.7598,-2642.6399,-2405.2021
131,150,16,-13462.4004,-3250.5439,-3194.916
129,150,16,-13838.626,-3827.4719,-4054.3462
127,150,16,-13881.8984,-4379.2319,-4970.27
125,150,16,-13902.332,-4882.5918,-5834.5083
125,152,16,-13902.332,-4046.24,-5874.1743
127,152,16,-13890.3125,-3637.7439,-5029.168
129,152,16,-13857.8584,-3192.4639,-4122.8599
131,152,16,-13647.5078,-2720.0801,-3262.228
133,152,16,-12946.7422,-2222.5281,-2468.908
135,152,16,-12077.6963,-1705.616,-1750.1121
137,152,16,-11357.6982,-1182.896,-1093.8201
139,152,16,-10900.9385,-650.496,-480.8
141,152,16,-10694.1943,-120.032,110.584
143,152,16,-10733.8604,412.368,703.17
145,152,16,-11010.3203,944.768,1323.402
147,152,16,-11541.6045,1465.552,1990.5121
149,152,16,-12336.126,1968.912,2720.126
151,152,16,-13195.5566,2450.9761,3530.2742
153,152,16,-13774.9199,2915.616,4449.8042
155,152,16,-13869.8779,3345.408,5455.8779
157,152,16,-13891.5146,3736.48,6488.396
157,154,16,-13895.1201,2985.312,6532.8701
155,154,16,-13877.0898,2691.04,5519.584
153,154,16,-13839.8281,2354.176,4523.126
151,154,16,-13496.0566,1990.208,3607.2021
149,154,16,-12756.8262,1604.944,2791.0439
147,154,16,-12047.6465,1196.448,2054.218
145,154,16,-11513.958,776.336,1378.694
143,154,16,-11235.0938,342.672,754.856
141,154,16,-11190.6201,-94.864,151.452
139,154,16,-11386.5459,-532.4,-445.942
137,154,16,-11825.2764,-969.936,-1067.376
135,154,16,-12502.002,-1395.856,-1729.678
133,154,16,-13252.0498,-1814.032,-2454.4841
131,154,16,-13758.0918,-2212.8479,-3256.218
129,154,16,-13866.2725,-2588.4319,-4115.6479
127,154,16,-13891.5146,-2938.8479,-5025.562
125,154,16,-13899.9287,-3256.3521,-5876.5781
125,156,16,-13903.5342,-2524.5439,-5858.5483
127,156,16,-13892.7158,-2292.2239,-5027.9663
129,156,16,-13866.2725,-2032.8,-4132.4761
131,156,16,-13829.0098,-1750.144,-3275.45
133,156,16,-13487.6426,-1442.3199,-2478.5239
135,156,16,-12818.1279,-1117.072,-1752.516
137,156,16,-12232.7539,-780.208,-1089.012
139,156,16,-11801.2363,-433.664,-465.174
141,156,16,-11606.5127,-89.056,135.826
143,156,16,-11641.3701,257.488,739.23
145,156,16,-11914.2246,602.096,1371.4821
147,156,16,-12422.6699,933.152,2048.208
149,156,16,-13034.4883,1248.72,2787.438
151,156,16,-13605.4385,1546.864,3601.1921
153,156,16,-13847.04,1819.84,4517.1162
155,156,16,-13877.0898,2065.7119,5514.7759
157,156,16,-13897.5244,2270.928,6535.2739
157,158,16,-13895.1201,1581.712,6510.0322
155,158,16,-13874.6865,1469.424,5520.7861
153,158,16,-13854.252,1316.48,4537.5503
151,158,16,-13684.7705,1134.496,3631.2422
149,158,16,-13270.0801,927.344,2822.2961
147,158,16,-12691.918,696.96,2087.874
145,158,16,-12242.3701,451.088,1414.754
143,158,16,-11971.9199,195.536,783.704
141,158,16,-11926.2441,-67.76,177.896
139,158,16,-12106.5439,-327.184,-421.902
137,158,16,-12506.8105,-586.608,-1044.538
135,158,16,-13026.0742,-838.288,-1709.244
133,158,16,-13571.7822,-1076.416,-2431.646
131,158,16,-13836.2227,-1295.184,-3224.9661
129,158,16,-13868.6758,-1486.848,-4071.1741
127,158,16,-13895.1201,-1653.344,-4963.0581
125,158,16,-13898.7266,-1786.928,-5798.4482
125,160,16,-13901.1299,-1091.9041,-5721.52
127,160,16,-13886.7061,-1055.12,-4913.7759
129,160,16,-13873.4844,-977.68,-4041.124
131,160,16,-13844.6367,-873.136,-3208.1379
133,160,16,-13628.2764,-737.616,-2426.8381
135,160,16,-13191.9502,-584.672,-1711.6481
137,160,16,-12690.7158,-416.24,-1056.558
139,160,16,-12337.3281,-238.128,-438.73
141,160,16,-12155.8262,-58.08,157.462
143,160,16,-12194.29,123.904,757.26
145,160,16,-12446.71,298.144,1384.704
147,160,16,-12840.9658,460.768,2053.0161
149,160,16,-13390.2803,609.84,2779.0242
151,160,16,-13726.8398,733.744,3578.354
153,160,16,-13855.4541,832.48,4473.8442
155,160,16,-13878.292,894.432,5447.4639
157,160,16,-13896.3223,913.792,6441.5181
157,162,16,-13895.1201,263.296,6352.5703
155,162,16,-13881.8984,340.736,5399.3843
153,162,16,-13856.6563,367.84,4448.6021
151,162,16,-13756.8906,354.288,3573.5461
149,162,16,-13466.0059,311.696,2787.438
147,162,16,-12962.3682,243.936,2068.6421
145,162,16,-12578.9307,154.88,1411.1481
143,162,16,-12351.752,56.144,792.118
141,162,16,-12309.6826,-48.4,197.128
139,162,16,-12468.3467,-152.944,-391.852
137,162,16,-12783.2705,-255.552,-1003.67
135,162,16,-13255.6563,-344.608,-1649.144
133,162,16,-13648.71,-418.176,-2353.5161
131,162,16,-13843.4346,-468.512,-3122.7961
129,162,16,-13872.2822,-487.872,-3943.762
127,162,16,-13887.9082,-468.512,-4803.1919
125,162,16,-13904.7363,-404.624,-5602.522
125,164,16,-13902.332,251.68,-5469.1001
127,164,16,-13884.3027,89.056,-4703.4263
129,164,16,-13868.6758,-17.424,-3871.6421
131,164,16,-13844.6367,-83.248,-3071.1101
133,164,16,-13661.9326,-110.352,-2323.4661
135,164,16,-13307.3418,-116.16,-1637.124
137,164,16,-12839.7646,-100.672,-1003.67
139,164,16,-12534.4561,-73.568,-402.67
141,164,16,-12380.6006,-40.656,174.29
143,164,16,-12419.0645,-7.744,760.866
145,164,16,-12622.2021,19.36,1365.472
147,164,16,-12987.6104,32.912,2012.1481
149,164,16,-13462.4004,27.104,2716.52
151,164,16,-13753.2842,-3.872,3484.5981
153,164,16,-13854.252,-73.568,4342.8262
155,164,16,-13878.292,-187.792,5271.9722
157,164,16,-13895.1201,-362.032,6221.5522
157,166,16,-13895.1201,-969.936,6076.1104
155,166,16,-13874.6865,-698.896,5172.2061
153,166,16,-13856.6563,-497.552,4275.5142
151,166,16,-13747.2744,-350.416,3444.9321
149,166,16,-13459.9961,-243.936,2694.884
147,166,16,-12994.8223,-166.496,2010.946
145,166,16,-12636.626,-112.288,1378.694
143,166,16,-12425.0742,-71.632,784.906
141,166,16,-12383.0039,-36.784,211.552
139,166,16,-12522.4365,-3.872,-354.59
137,166,16,-12815.7246,36.784,-939.964
135,166,16,-13260.4639,90.992,-1560.196
133,166,16,-13628.2764,168.432,-2230.9121
131,166,16,-13839.8281,276.848,-2959.324
129,166,16,-13869.8779,422.048,-3735.8162
127,166,16,-13886.7061,621.456,-4548.3682
125,166,16,-13902.332,886.688,-5297.2139
125,168,16,-13899.9287,1481.04,-5121.7222
127,168,16,-13886.7061,1124.816,-4404.1279
129,168,16,-13868.6758,844.096,-3627.636
131,168,16,-13838.626,623.392,-2882.396
133,168,16,-13607.8418,441.408,-2178.0239
135,168,16,-13202.7686,294.272,-1527.7421
137,168,16,-12771.25,174.24,-927.944
139,168,16,-12480.3662,69.696,-361.802
141,168,16,-12327.7119,-27.104,188.714
143,168,16,-12362.5703,-125.84,746.442
145,168,16,-12571.7178,-228.448,1323.402
147,168,16,-12910.6826,-352.352,1937.624
149,168,16,-13391.4824,-495.616,2602.3301
151,168,16,-13705.2041,-673.728,3328.3381
153,168,16,-13848.2422,-894.432,4131.2739
155,168,16,-13873.4844,-1177.088,5005.1279
157,168,16,-13893.918,-1539.12,5892.2041
157,170,16,-13890.3125,-2079.2639,5697.48
155,170,16,-13871.0801,-1635.92,4864.4941
153,170,16,-13842.2324,-1273.8879,4031.5081
151,170,16,-13647.5078,-975.744,3257.4202
149,170,16,-13284.5039,-735.68,2559.0581
147,170,16,-12801.2998,-528.528,1917.1901
145,170,16,-12462.3359,-346.544,1320.998
143,170,16,-12242.3701,-181.984,764.472
141,170,16,-12201.502,-29.04,223.572
139,170,16,-12346.9443,125.84,-310.116
137,170,16,-12639.0303,288.464,-860.632
135,170,16,-13053.7207,470.448,-1443.6021
133,170,16,-13533.3184,681.472,-2069.844
131,170,16,-13808.5762,931.216,-2750.176
129,170,16,-13860.2627,1229.36,-3468.9722
127,170,16,-13881.8984,1591.392,-4216.6162
125,170,16,-13898.7266,2040.5439,-4907.7661
125,172,16,-13890.3125,2553.584,-4691.4062
127,172,16,-13880.6963,2030.864,-4039.9221
129,172,16,-13854.252,1595.264,-3331.9441
131,172,16,-13744.8701,1231.296,-2645.6021
133,172,16,-13419.1279,917.664,-1996.5221
135,172,16,-12895.0566,646.624,-1396.724
137,172,16,-12486.376,406.56,-840.198
139,172,16,-12170.25,187.792,-308.914
141,172,16,-12028.4141,-21.296,205.542
143,172,16,-12059.666,-230.384,723.604
145,172,16,-12270.0166,-449.152,1262.1
147,172,16,-12627.0098,-687.28,1833.05
149,172,16,-13090.9824,-954.448,2449.676
151,172,16,-13556.1563,-1260.3359,3122.7961
153,172,16,-13831.4141,-1622.368,3863.228
155,172,16,-13862.666,-2057.968,4662.5581
157,172,16,-13886.7061,-2584.5601,5466.6963
157,174,16,-13879.4941,-3053.072,5234.71
155,174,16,-13853.0498,-2454.8479,4487.0659
153,174,16,-13758.0918,-1949.552,3737.0181
151,174,16,-13427.542,-1519.76,3031.4441
149,174,16,-12879.4307,-1155.792,2390.7781
147,174,16,-12417.8623,-836.352,1800.5961
145,174,16,-12041.6357,-547.888,1254.8881
143,174,16,-11834.8926,-280.72,739.23
141,174,16,-11798.832,-25.168,237.996
139,174,16,-11927.4463,230.384,-254.824
137,174,16,-12230.3506,497.552,-764.472
135,174,16,-12669.0801,787.952,-1300.564
133,174,16,-13188.3447,1109.328,-1872.7161
131,174,16,-13630.6807,1479.104,-2494.1501
129,174,16,-13845.8379,1906.96,-3149.24
127,174,16,-13871.0801,2418.064,-3824.7642
125,174,16,-13892.7158,3022.0959,-4447.3999
125,176,16,-13880.6963,3451.8879,-4203.394
127,176,16,-13860.2627,2778.1599,-3624.03
129,176,16,-13809.7783,2205.104,-2989.374
131,176,16,-13505.6719,1721.104,-2375.1521
133,176,16,-12927.5098,1297.12,-1789.7781
135,176,16,-12398.6299,923.472,-1242.868
137,176,16,-11941.8701,588.544,-734.422
139,176,16,-11652.1885,278.784,-250.016
141,176,16,-11524.7764,-19.36,221.168
143,176,16,-11550.0186,-317.504,697.16
145,176,16,-11738.7324,-627.264,1189.98
147,176,16,-12095.7266,-962.192,1712.85
149,176,16,-12592.1523,-1330.032,2274.1841
151,176,16,-13147.4766,-1742.4,2881.1941
153,176,16,-13629.4785,-2228.3359,3548.304
155,176,16,-13844.6367,-2799.4561,4262.292
157,176,16,-13875.8887,-3478.9919,4975.0781
157,178,16,-13862.666,-3870.064,4713.042
155,178,16,-13796.5566,-3116.96,4060.356
153,178,16,-13444.3701,-2481.9519,3398.054
151,178,16,-12815.7246,-1945.6799,2775.418
149,178,16,-12242.3701,-1486.848,2204.468
147,178,16,-11748.3486,-1076.416,1674.386
145,178,16,-11414.1924,-706.64,1180.364
143,178,16,-11233.8926,-360.096,709.18
141,178,16,-11205.0439,-27.104,256.026
139,178,16,-11319.2344,303.952,-191.118
137,178,16,-11582.4727,648.56,-652.686
135,178,16,-12007.9805,1020.272,-1135.89
133,178,16,-12574.1221,1430.704,-1651.548
131,178,16,-13193.1523,1901.152,-2205.6699
129,178,16,-13655.9219,2437.4241,-2785.0339
127,178,16,-13851.8486,3076.304,-3380.0242
125,178,16,-13879.4941,3827.4719,-3925.7322
125,180,16,-13860.2627,4160.4639,-3648.0701
127,180,16,-13814.5859,3337.6641,-3154.0481
129,180,16,-13457.5918,2646.512,-2607.1379
131,180,16,-12806.1084,2065.7119,-2069.844
133,180,16,-12165.4424,1558.48,-1552.984
135,180,16,-11608.916,1111.264,-1068.578
137,180,16,-11214.6602,710.512,-614.222
139,180,16,-10967.0479,332.992,-179.098
141,180,16,-10852.8584,-27.104,242.804
143,180,16,-10872.0898,-389.136,671.918
145,180,16,-11028.3506,-762.784,1114.254
147,180,16,-11326.4463,-1163.536,1581.832
149,180,16,-11772.3887,-1603.0079,2078.2581
151,180,16,-12374.5898,-2094.752,2611.946
153,180,16,-13028.4785,-2675.552,3196.1182
155,180,16,-13604.2363,-3362.832,3813.946
157,180,16,-13847.04,-4191.4399,4424.562
157,180,18,-13772.5166,-3873.936,5696.2783
155,180,18,-13279.6963,-3111.1521,4800.7881
153,180,18,-12500.7998,-2480.0159,3952.176
151,180,18,-11768.7822,-1947.616,3185.3
149,180,18,-11206.2461,-1494.592,2503.7661
147,180,18,-10795.1621,-1091.9041,1878.7261
145,180,18,-10525.9141,-718.256,1294.5541
143,180,18,-10384.0781,-373.648,746.442
141,180,18,-10366.0479,-36.784,213.956
139,180,18,-10464.6123,294.272,-312.52
137,180,18,-10689.3857,640.816,-859.43
135,180,18,-11046.3799,1012.528,-1436.39
133,180,18,-11557.2305,1424.896,-2062.6321
131,180,18,-12238.7646,1891.472,-2748.9741
129,180,18,-12981.6006,2425.8081,-3502.6282
127,180,18,-13627.0742,3066.624,-4322.3921
125,180,18,-13854.252,3844.896,-5166.1963
125,178,18,-13869.8779,3542.8799,-5541.2202
127,178,18,-13812.1826,2847.856,-4650.5381
129,178,18,-13414.3203,2259.312,-3770.6741
131,178,18,-12695.5244,1763.696,-2967.738
133,178,18,-12012.7881,1330.032,-2234.5181
135,178,18,-11451.4541,948.64,-1569.812
137,178,18,-11055.9961,604.032,-957.994
139,178,18,-10805.9805,282.656,-382.236
141,178,18,-10692.9922,-25.168,174.29
143,178,18,-10708.6182,-331.056,730.816
145,178,18,-10862.4746,-656.304,1314.988
147,178,18,-11154.5605,-997.04,1928.0081
149,178,18,-11595.6943,-1370.688,2593.916
151,178,18,-12205.1084,-1788.864,3322.3281
153,178,18,-12908.2783,-2276.7361,4148.1021
155,178,18,-13572.9844,-2855.6001,5068.834
157,178,18,-13848.2422,-3556.4319,6064.0903
157,176,18,-13860.2627,-3186.656,6416.2759
155,176,18,-13742.4658,-2567.136,5374.1421
153,176,18,-13294.1201,-2044.416,4393.3101
151,176,18,-12607.7783,-1603.0079,3518.2542
149,176,18,-11986.3438,-1225.488,2742.9641
147,176,18,-11504.3418,-890.56,2040.9961
145,176,18,-11181.0039,-584.672,1390.714
143,176,18,-11011.5225,-300.08,783.704
141,176,18,-10985.0781,-27.104,193.522
139,176,18,-11101.6719,245.872,-393.054
137,176,18,-11363.708,528.528,-997.66
135,176,18,-11784.4082,836.352,-1639.5281
133,176,18,-12375.792,1177.088,-2345.1021
131,176,18,-13021.2666,1564.288,-3122.7961
129,176,18,-13601.832,2011.504,-3978.6201
127,176,18,-13848.2422,2540.032,-4926.998
125,176,18,-13878.292,3171.168,-5901.8203
125,174,18,-13881.8984,2768.48,-6240.7842
127,174,18,-13855.4541,2216.72,-5223.8921
129,174,18,-13746.0723,1754.016,-4223.8281
131,174,18,-13340.998,1362.944,-3323.53
133,174,18,-12689.5146,1022.208,-2502.564
135,174,18,-12108.9482,724.064,-1765.738
137,174,18,-11653.3906,460.768,-1091.416
139,174,18,-11368.5166,214.896,-457.962
141,174,18,-11237.498,-21.296,155.058
143,174,18,-11260.3359,-255.552,769.28
145,174,18,-11438.2324,-501.424,1405.1381
147,174,18,-11775.9941,-760.848,2081.864
149,174,18,-12283.2383,-1051.248,2823.498
151,174,18,-12869.8145,-1376.496,3637.252
153,174,18,-13509.2783,-1761.76,4568.8022
155,174,18,-13831.4141,-2218.656,5609.7339
157,174,18,-13873.4844,-2768.48,6745.624
157,172,18,-13875.8887,-2325.136,7065.356
155,172,18,-13848.2422,-1852.752,5884.9922
153,172,18,-13635.4883,-1459.744,4788.7681
151,172,18,-13129.4463,-1134.496,3815.1479
149,172,18,-12544.0723,-859.584,2956.9202
147,172,18,-12030.8184,-623.392,2186.438
145,172,18,-11666.6123,-410.432,1480.864
143,172,18,-11476.6963,-212.96,817.36
141,172,18,-11445.4443,-27.104,179.098
139,172,18,-11577.6641,162.624,-459.164
137,172,18,-11874.5586,358.16,-1120.264
135,172,18,-12344.54,574.992,-1825.838
133,172,18,-12904.6719,818.928,-2597.522
131,172,18,-13509.2783,1101.584,-3456.9521
129,172,18,-13830.2119,1434.576,-4407.7339
127,172,18,-13865.0703,1831.4559,-5466.6963
125,172,18,-13889.1104,2315.4561,-6561.7183
125,170,18,-13896.3223,1825.6479,-6870.6323
127,170,18,-13871.0801,1424.896,-5732.3379
129,170,18,-13847.04,1099.6479,-4628.9019
131,170,18,-13605.4385,836.352,-3638.4541
133,170,18,-13104.2041,611.776,-2740.5601
135,170,18,-12550.082,423.984,-1938.826
137,170,18,-12069.2822,261.36,-1206.808
139,170,18,-11754.3584,114.224,-524.072
141,170,18,-11611.3203,-23.232,135.826
143,170,18,-11635.3604,-160.688,798.128
145,170,18,-11831.2861,-305.888,1486.874
147,170,18,-12203.9063,-464.64,2220.094
149,170,18,-12703.9385,-644.688,3021.8281
151,170,18,-13292.918,-855.712,3908.9041
153,170,18,-13710.0127,-1115.136,4931.8062
155,170,18,-13854.252,-1432.64,6084.5239
157,170,18,-13881.8984,-1831.4559,7352.6343
157,168,18,-13885.5039,-1322.288,7627.8921
155,168,18,-13866.2725,-1006.72,6323.7222
153,168,18,-13778.5264,-758.912,5121.7222
151,168,18,-13420.3301,-567.248,4065.1641
149,168,18,-12843.3701,-418.176,3144.4321
147,168,18,-12346.9443,-298.144,2312.6479
145,168,18,-11957.4961,-195.536,1554.186
143,168,18,-11744.7422,-108.416,845.006
141,168,18,-11712.2881,-27.104,162.27
139,168,18,-11856.5283,50.336,-518.062
137,168,18,-12182.2705,139.392,-1226.04
135,168,18,-12645.04,242.0,-1980.896
133,168,18,-13218.3945,367.84,-2816.2861
131,168,18,-13664.3359,524.656,-3747.8362
129,168,18,-13851.8486,718.256,-4781.5562
127,168,18,-13880.6963,969.936,-5940.2842
125,168,18,-13893.918,1293.248,-7154.3042
125,166,18,-13896.3223,724.064,-7410.3301
127,166,18,-13877.0898,495.616,-6167.4619
129,166,18,-13853.0498,329.12,-4967.8662
131,166,18,-13710.0127,209.088,-3896.884
133,166,18,-13321.7666,120.032,-2938.8901
135,166,18,-12733.9883,60.016,-2078.2581
137,166,18,-12262.8047,19.36,-1301.766
139,166,18,-11919.0322,-9.68,-576.96
141,166,18,-11765.1758,-30.976,120.2
143,166,18,-11790.418,-52.272,820.966
145,166,18,-12000.7686,-77.44,1550.5801
147,166,18,-12397.4287,-118.096,2328.2739
149,166,18,-12896.2578,-174.24,3181.6941
151,166,18,-13458.7939,-255.552,4130.0723
153,166,18,-13800.1621,-375.584,5223.8921
155,166,18,-13860.2627,-540.144,6471.5684
157,166,18,-13886.7061,-774.4,7861.0801
157,164,18,-13886.7061,-203.28,8071.4302
155,164,18,-13867.4746,-60.016,6661.4839
153,164,18,-13818.1924,25.168,5377.748
151,164,18,-13496.0566,71.632,4250.272
149,164,18,-12920.2979,85.184,3276.6521
147,164,18,-12410.6504,73.568,2402.7981
145,164,18,-11997.1621,46.464,1607.074
143,164,18,-11778.3984,7.744,863.036
141,164,18,-11743.54,-36.784,145.442
139,164,18,-11897.3965,-81.312,-568.546
137,164,18,-12247.1787,-120.032,-1311.3821
135,164,18,-12726.7764,-147.136,-2108.3081
133,164,18,-13315.7559,-156.816,-2985.7681
131,164,18,-13725.6387,-143.264,-3976.2161
129,164,18,-13859.0605,-100.672,-5086.8643
127,164,18,-13878.292,-17.424,-6330.9341
125,164,18,-13901.1299,116.16,-7638.71
125,162,18,-13905.9385,-507.232,-7828.626
127,162,18,-13879.4941,-545.952,-6505.2241
129,162,18,-13860.2627,-540.144,-5228.7002
131,162,18,-13730.4463,-503.36,-4097.6182
133,162,18,-13327.7764,-441.408,-3086.7361
135,162,18,-12705.1406,-360.096,-2187.6401
137,162,18,-12195.4922,-261.36,-1375.088
139,162,18,-11830.084,-154.88,-621.434
141,162,18,-11664.208,-44.528,103.372
143,162,18,-11689.4502,67.76,829.38
145,162,18,-11914.2246,174.24,1585.438
147,162,18,-12333.7227,271.04,2395.5859
149,162,18,-12857.7939,352.352,3286.2681
151,162,18,-13469.6123,412.368,4282.7261
153,162,18,-13813.3838,445.28,5435.4443
155,162,18,-13863.8682,441.408,6761.25
157,162,18,-13886.7061,387.2,8237.3057
157,160,18,-13889.1104,1004.784,8376.7383
155,160,18,-13867.4746,968.0,6886.2583
153,160,18,-13804.9707,886.688,5537.6143
151,160,18,-13421.5322,774.4,4364.4619
149,160,18,-12778.4619,640.816,3349.9741
147,160,18,-12211.1182,484.0,2448.4741
145,160,18,-11768.7822,313.632,1626.306
143,160,18,-11539.2002,133.584,863.036
141,160,18,-11504.3418,-50.336,127.412
139,160,18,-11670.2178,-234.256,-605.808
137,160,18,-12040.4346,-416.24,-1369.078
135,160,18,-12589.748,-588.544,-2194.8521
133,160,18,-13231.6162,-753.104,-3110.7761
131,160,18,-13696.79,-892.496,-4139.688
129,160,18,-13855.4541,-1012.528,-5294.8101
127,160,18,-13880.6963,-1103.52,-6601.3843
125,160,18,-13899.9287,-1161.6,-7986.0884
125,158,18,-13896.3223,-1821.776,-8103.8843
127,158,18,-13880.6963,-1676.576,-6714.3721
129,158,18,-13855.4541,-1496.528,-5393.374
131,158,18,-13667.9424,-1295.184,-4222.626
133,158,18,-13122.2344,-1072.5439,-3178.0881
135,158,18,-12445.5078,-832.48,-2256.1541
137,158,18,-11843.3066,-580.8,-1424.37
139,158,18,-11453.8584,-323.312,-655.09
141,158,18,-11274.7598,-63.888,80.534
143,158,18,-11302.4063,197.472,819.764
145,158,18,-11529.584,454.96,1589.0441
147,158,18,-11974.3242,702.768,2416.02
149,158,18,-12601.7686,935.088,3325.9341
151,158,18,-13301.332,1151.92,4352.4419
153,158,18,-13758.0918,1345.52,5544.8262
155,158,18,-13868.6758,1510.08,6918.7119
157,158,18,-13892.7158,1635.92,8456.0703
157,156,18,-13893.918,2286.416,8512.5645
155,156,18,-13861.4639,2075.3921,6971.6001
153,156,18,-13699.1943,1825.6479,5585.6943
151,156,18,-13124.6387,1548.8,4386.0981
149,156,18,-12373.3887,1254.528,3354.782
147,156,18,-11690.6523,938.96,2438.8582
145,156,18,-11232.6904,609.84,1610.6801
143,156,18,-10997.0986,272.976,842.602
141,156,18,-10963.4424,-71.632,103.372
139,156,18,-11137.7324,-412.368,-631.05
137,156,18,-11525.9785,-753.104,-1405.1381
135,156,18,-12143.8066,-1088.032,-2236.9221
133,156,18,-12892.6523,-1413.28,-3164.866
131,156,18,-13588.6104,-1721.104,-4210.606
129,156,18,-13849.4443,-2007.632,-5398.1821
127,156,18,-13879.4941,-2272.864,-6745.624
125,156,18,-13898.7266,-2514.864,-8183.2163
125,154,18,-13896.3223,-3217.6321,-8225.2861
127,154,18,-13880.6963,-2896.2561,-6796.1079
129,154,18,-13843.4346,-2538.0959,-5439.0503
131,154,18,-13496.0566,-2168.3201,-4252.6763
133,154,18,-12655.8584,-1773.376,-3200.926
135,154,18,-11806.0439,-1362.944,-2275.386
137,154,18,-11162.9746,-940.896,-1444.8041
139,154,18,-10755.4961,-516.912,-677.928
141,154,18,-10569.1865,-90.992,55.292
143,154,18,-10592.0244,334.928,787.31
145,154,18,-10825.2119,762.784,1552.984
147,154,18,-11283.1738,1179.024,2377.5562
149,154,18,-11974.3242,1581.712,3291.0762
151,154,18,-12825.3398,1963.104,4323.5942
153,154,18,-13593.418,2325.136,5527.998
155,154,18,-13856.6563,2663.936,6927.126
157,154,18,-13886.7061,2964.0159,8506.5537
157,152,18,-13884.3027,3672.592,8469.292
155,152,18,-13842.2324,3289.2639,6907.894
153,152,18,-13463.6025,2863.344,5508.7661
151,152,18,-12499.5986,2406.448,4303.1602
149,152,18,-11537.998,1934.064,3276.6521
147,152,18,-10826.4141,1442.3199,2370.344
145,152,18,-10352.8262,933.152,1556.5901
143,152,18,-10106.416,418.176,801.734
141,152,18,-10073.9619,-102.608,75.726
139,152,18,-10259.0703,-617.584,-643.07
137,152,18,-10664.1445,-1136.432,-1399.1281
135,152,18,-11307.2139,-1647.536,-2217.6899
133,152,18,-12215.9258,-2152.832,-3134.8162
131,152,18,-13202.7686,-2640.7041,-4182.96
129,152,18,-13807.374,-3107.28,-5375.3442
127,152,18,-13878.292,-3548.688,-6745.624
125,152,18,-13897.5244,-3964.928,-8214.4678
125,150,18,-13898.7266,-4762.5601,-8169.9941
127,150,18,-13871.0801,-4259.2002,-6709.564
129,150,18,-13688.376,-3717.1199,-5350.1021
131,150,18,-12848.1787,-3155.6799,-4167.334
133,150,18,-11714.6924,-2567.136,-3130.0081
135,150,18,-10778.334,-1963.104,-2222.498
137,150,18,-10113.6279,-1355.2,-1418.36
139,150,18,-9689.3223,-741.488,-676.726
141,150,18,-9492.1943,-127.776,27.646
143,150,18,-9511.4258,487.872,734.422
145,150,18,-9749.4219,1103.52,1474.854
147,150,18,-10221.8086,1711.424,2275.386
149,150,18,-10935.7959,2301.9041,3163.6641
151,150,18,-11923.8398,2876.896,4179.354
153,150,18,-13076.5586,3434.4639,5376.5459
155,150,18,-13809.7783,3961.0559,6774.4722
157,150,18,-13875.8887,4445.0562,8357.5059
157,148,18,-13869.8779,5269.792,8203.6504
155,148,18,-13678.7598,4688.9922,6651.8682
153,148,18,-12629.4141,4055.9199,5268.3662
151,148,18,-11309.6182,3388.0,4094.012
149,148,18,-10296.332,2708.4639,3097.554
147,148,18,-9560.708,2005.696,2227.3062
145,148,18,-9076.3018,1293.248,1449.6121
143,148,18,-8829.8926,576.928,734.422
141,148,18,-8798.6406,-139.392,49.282
139,148,18,-8990.96,-853.776,-631.05
137,148,18,-9410.458,-1570.0959,-1348.644
135,148,18,-10070.3564,-2286.416,-2131.146
133,148,18,-11011.5225,-3000.8,-3017.02
131,148,18,-12274.8242,-3701.6321,-4038.72
129,148,18,-13497.2578,-4375.3599,-5210.6699
127,148,18,-13853.0498,-5023.9199,-6573.7383
125,148,18,-13889.1104,-5631.8237,-8057.0063
125,146,18,-13883.1006,-6619.1841,-7897.1401
127,146,18,-13842.2324,-5885.4399,-6434.3062
129,146,18,-13070.5479,-5103.2959,-5094.0762
131,146,18,-11577.6641,-4303.728,-3944.9641
133,146,18,-10286.7158,-3478.9919,-2952.1121
135,146,18,-9325.1162,-2648.448,-2092.6821
137,146,18,-8647.1885,-1819.84,-1335.422
139,146,18,-8210.8623,-993.168,-644.272
141,146,18,-8008.9263,-170.368,6.01
143,146,18,-8024.5522,654.368,657.494
145,146,18,-8260.1445,1484.912,1343.8361
147,146,18,-8731.3281,2311.584,2090.2781
149,146,18,-9459.7402,3130.512,2931.678
151,146,18,-10474.2285,3932.0159,3896.884
153,146,18,-11863.7402,4723.8398,5047.1982
155,146,18,-13390.2803,5484.688,6400.6499
157,146,18,-13855.4541,6191.3281,7954.8359
157,144,18,-13842.2324,7211.6001,7645.9224
155,144,18,-12813.3203,6361.6958,6147.0283
153,144,18,-11030.7539,5455.6479,4835.646
151,144,18,-9612.3945,4524.4321,3727.4021
149,144,18,-8570.2598,3589.344,2798.2561
147,144,18,-7833.4341,2642.6399,1998.926
145,144,18,-7343.0181,1694.0,1289.746
143,144,18,-7094.2041,751.168,643.07
141,144,18,-7059.3462,-181.984,24.04
139,144,18,-7251.666,-1119.0079,-590.182
137,144,18,-7673.5684,-2065.7119,-1240.464
135,144,18,-8343.082,-3020.1599,-1960.462
133,144,18,-9299.874,-3982.3521,-2780.2261
131,144,18,-10602.8418,-4950.3521,-3739.4221
129,144,18,-12307.2783,-5898.9922,-4853.6763
127,144,18,-13693.1846,-6837.9521,-6174.6743
125,144,18,-13881.8984,-7730.4478,-7632.7002
125,142,18,-13868.6758,-8984.9756,-7293.7363
127,142,18,-13344.6045,-7887.2642,-5882.5879
129,142,18,-11352.8906,-6760.5122,-4619.2861
131,142,18,-9624.4141,-5637.6318,-3547.1021
133,142,18,-8322.6484,-4520.5601,-2638.3901
135,142,18,-7346.624,-3418.9761,-1863.1
137,142,18,-6667.4941,-2336.752,-1188.7781
139,142,18,-6238.3799,-1268.08,-580.566
141,142,18,-6040.0503,-218.768,-9.616
143,142,18,-6055.6763,834.416,561.334
145,142,18,-6280.4502,1897.28,1161.1321
147,142,18,-6739.6143,2964.0159,1819.828
149,142,18,-7454.8042,4046.24,2571.0781
151,142,18,-8466.8877,5124.5918,3440.124
153,142,18,-9878.0361,6218.4321,4490.6719
155,142,18,-11804.8418,7300.6558,5751.5703
157,142,18,-13658.3262,8357.7119,7218.0103
157,140,18,-13052.5186,9639.3438,6705.958
155,140,18,-10626.8818,8357.7119,5330.8701
153,140,18,-8701.2783,7062.5278,4145.6982
151,140,18,-7268.4941,5786.7041,3155.25
149,140,18,-6270.834,4551.5361,2357.1221
147,140,18,-5576.0781,3333.792,1674.386
145,140,18,-5124.126,2135.408,1074.588
143,140,18,-4904.1602,952.512,532.486
141,140,18,-4884.9282,-220.704,14.424
139,140,18,-5070.0361,-1388.1119,-501.234
137,140,18,-5464.292,-2578.752,-1054.1541
135,140,18,-6100.1499,-3800.3679,-1669.578
133,140,18,-7018.478,-5060.7041,-2384.7681
131,140,18,-8288.9922,-6363.6318,-3233.3801
129,140,18,-9999.4385,-7693.6641,-4240.6562
127,140,18,-12321.7021,-9070.1602,-5448.666
125,140,18,-13845.8379,-10448.5918,-6818.9463
125,138,18,-13523.7021,-12028.3682,-6234.7739
127,138,18,-10880.5039,-10318.8799,-4964.2603
129,138,18,-8590.6943,-8673.2803,-3847.6021
131,138,18,-6906.6919,-7120.6079,-2920.8601
133,138,18,-5673.4399,-5629.8882,-2147.9741
135,138,18,-4792.374,-4206.9277,-1503.702
137,138,18,-4193.7783,-2853.6641,-956.792
139,138,18,-3797.1182,-1529.4399,-465.174
141,138,18,-3620.4241,-247.808,-13.222
143,138,18,-3631.2422,1035.76,439.932
145,138,18,-3827.168,2340.624,918.328
147,138,18,-4231.04,3664.8479,1448.41
149,138,18,-4874.1099,5023.9199,2056.6221
151,138,18,-5802.0542,6427.52,2777.822
153,138,18,-7138.6782,7908.5601,3670.908
155,138,18,-8995.7686,9447.6797,4755.1123
157,138,18,-11644.9766,11037.1357,6047.2622
157,136,18,-9786.6846,12520.1123,5279.1841
155,136,18,-7272.1001,10618.96,4139.688
153,136,18,-5496.7461,8812.6719,3176.886
151,136,18,-4243.0601,7114.7998,2393.1821
149,136,18,-3387.2361,5533.0879,1768.1421
147,136,18,-2800.6602,4023.0081,1241.666
145,136,18,-2436.4541,2572.9441,793.32
143,136,18,-2262.1641,1165.472,391.852
141,136,18,-2248.9421,-226.512,10.818
139,136,18,-2399.1921,-1618.496,-373.822
137,136,18,-2723.7319,-3051.136,-784.906
135,136,18,-3250.208,-4545.728,-1253.686
133,136,18,-4023.094,-6127.4399,-1804.202
131,136,18,-5133.7422,-7829.1841,-2477.322
129,136,18,-6673.5039,-9647.0879,-3297.0862
127,136,18,-8849.124,-11621.8076,-4305.564
125,136,18,-11926.2441,-13763.0234,-5476.312
125,134,18,-9530.6582,-15489.9355,-4586.832
127,134,18,-6678.312,-12944.0957,-3585.5662
129,134,18,-4682.9922,-10624.7676,-2724.9341
131,134,18,-3293.48,-8539.6963,-2032.582
133,134,18,-2329.4761,-6640.48,-1478.4601
135,134,18,-1662.3661,-4886.4639,-1025.306
137,134,18,-1221.2321,-3269.9041,-649.08
139,134,18,-950.782,-1732.72,-319.732
141,134,18,-822.168,-249.744,-15.626
143,134,18,-825.774,1225.488,283.672
145,134,18,-955.59,2729.76,601.0
147,134,18,-1241.666,4295.9839,959.196
149,134,18,-1720.062,5949.3281,1382.3
151,134,18,-2446.0701,7705.2798,1895.5541
153,134,18,-3535.082,9631.5996,2545.8359
155,134,18,-5132.54,11736.0322,3364.3979
157,134,18,-7480.0459,14024.3838,4359.6543
157,132,18,-4829.6362,15549.9521,3334.3481
155,132,18,-2748.9741,12878.2715,2541.0281
153,132,18,-1378.694,10462.1436,1896.756
151,132,18,-486.81,8286.0801,1395.522
149,132,18,78.13,6350.0801,1008.478
147,132,18,425.508,4568.96,698.362
145,132,18,625.04,2904.0,442.336
143,132,18,707.978,1324.224,216.36
141,132,18,704.372,-216.832,6.01
139,132,18,611.818,-1765.632,-207.946
137,132,18,419.498,-3378.3201,-438.73
135,132,18,100.968,-5107.168,-710.382
133,132,18,-391.852,-7000.5762,-1043.3361
131,132,18,-1143.1021,-9110.8164,-1464.036
129,132,18,-2260.9622,-11457.248,-1994.118
127,132,18,-3959.3882,-14150.2236,-2673.248
125,132,18,-6492.002,-17178.127,-3480.9919
125,130,18,-3011.01,-18779.1992,-2248.9421
127,130,18,-915.924,-15249.8721,-1685.204
129,130,18,381.034,-12192.9277,-1228.444
131,130,18,1169.546,-9567.7119,-881.066
133,130,18,1645.5381,-7281.2959,-619.03
135,130,18,1932.816,-5273.6641,-419.498
137,130,18,2105.9041,-3473.1841,-263.238
139,130,18,2206.8721,-1812.0959,-131.018
141,130,18,2262.1641,-234.256,-14.424
143,130,18,2282.5981,1345.52,102.17
145,130,18,2269.376,2973.696,227.178
147,130,18,2193.6501,4700.6079,373.822
149,130,18,2024.1681,6580.4639,554.122
151,130,18,1702.032,8671.3438,788.512
153,130,18,1105.84,11070.0479,1114.254
155,130,18,82.938,13836.5918,1552.984
157,130,18,-1629.912,16982.5918,2126.3381
157,128,18,2028.9761,18289.3926,820.966
155,128,18,3252.6121,14653.584,510.85
153,128,18,3829.572,11542.4316,307.712
151,128,18,4039.9221,8924.96,183.906
149,128,18,4072.376,6717.9199,111.786
147,128,18,4023.094,4770.3042,66.11
145,128,18,3954.5801,3018.2239,38.464
143,128,18,3887.2681,1388.1119,19.232
141,128,18,3850.0061,-181.984,3.606
139,128,18,3836.7842,-1759.824,-14.424
137,128,18,3846.4001,-3424.7839,-37.262
135,128,18,3858.4202,-5242.688,-69.716
133,128,18,3842.7942,-7310.3359,-121.402
131,128,18,3729.8062,-9726.4639,-204.34
129,128,18,3410.074,-12562.7041,-332.954
127,128,18,2670.844,-16035.8877,-530.082
125,128,18,1183.97,-20182.8008,-798.128
125,126,18,6151.8359,-21084.9766,796.926
127,126,18,6743.2202,-16421.1523,711.584
129,126,18,6701.1499,-12605.2959,599.798
131,126,18,6421.084,-9598.6875,483.204
133,126,18,6095.3423,-7149.6479,371.418
135,126,18,5799.6499,-5097.4878,268.046
137,126,18,5579.6841,-3318.304,174.29
139,126,18,5452.272,-1701.744,86.544
141,126,18,5416.2119,-183.92,3.606
143,126,18,5473.9082,1335.84,-79.332
145,126,18,5632.5723,2915.616,-168.28
147,126,18,5877.7803,4634.7842,-263.238
149,126,18,6190.3003,6566.9121,-365.408
151,126,18,6544.8901,8820.416,-475.992
153,126,18,6857.4102,11579.2158,-581.768
155,126,18,6970.3979,15002.0635,-664.706
157,126,18,6534.0723,19301.9199,-688.746
157,124,18,11821.6699,19722.0312,-2335.4861
155,124,18,11035.5625,14849.1201,-1907.574
153,124,18,10005.4482,11211.376,-1496.49
151,124,18,9049.8584,8431.2803,-1145.506
149,124,18,8266.1543,6235.856,-852.218
147,124,18,7653.1343,4386.9761,-599.798
145,124,18,7225.2222,2772.3521,-387.044
143,124,18,6965.5903,1297.12,-192.32
141,124,18,6880.248,-120.032,-12.02
139,124,18,6959.5801,-1533.312,169.482
137,124,18,7212.0,-3031.7759,365.408
135,124,18,7643.5181,-4692.8638,585.374
133,124,18,8270.9619,-6617.248,845.006
131,124,18,9112.3623,-8969.4883,1163.536
129,124,18,10144.8799,-11937.376,1554.186
127,124,18,11298.7998,-15921.6641,2033.7841
125,124,18,12243.5723,-21199.1992,2599.926
125,122,18,13892.7158,-19847.8711,4530.3379
127,122,18,13863.8682,-14322.5283,3400.458
129,122,18,13320.5645,-10589.9199,2524.2
131,122,18,11754.3584,-7914.3682,1853.484
133,122,18,10388.8857,-5833.168,1333.0181
135,122,18,9417.6699,-4129.4878,918.328
137,122,18,8775.8018,-2669.7439,580.566
139,122,18,8403.1826,-1349.392,283.672
141,122,18,8278.1738,-104.544,10.818
143,122,18,8382.748,1146.1119,-262.036
145,122,18,8732.5303,2452.9119,-555.324
147,122,18,9343.1465,3889.4241,-888.278
149,122,18,10247.0498,5533.0879,-1282.5341
151,122,18,11486.3125,7507.8081,-1763.334
153,122,18,13000.832,10067.2002,-2379.96
155,122,18,13839.8281,13565.5518,-3168.4722
157,122,18,13884.3027,18695.9512,-4157.7183
157,120,18,13919.1602,15416.3682,-5887.396
155,120,18,13893.918,11143.6162,-4342.8262
153,120,18,13854.252,8305.4404,-3194.916
151,120,18,13286.9082,6233.9199,-2336.688
149,120,18,11927.4463,4628.9761,-1690.0121
147,120,18,10761.5059,3277.6479,-1173.152
145,120,18,9992.2266,2083.136,-738.028
143,120,18,9553.4961,993.168,-359.398
141,120,18,9411.6602,-44.528,-4.808
139,120,18,9563.1123,-1080.288,344.974
137,120,18,10016.2666,-2162.512,723.604
135,120,18,10821.6064,-3351.2161,1167.142
133,120,18,12045.2422,-4702.5439,1705.6381
131,120,18,13446.7744,-6334.5918,2396.7881
129,120,18,13863.8682,-8377.0723,3297.0862
127,120,18,13901.1299,-11188.1436,4539.9541
125,120,18,13920.3623,-15435.7275,6273.2383
125,120,20,13911.9482,-13824.9756,7269.6963
127,120,20,13891.5146,-10169.8076,5190.2363
129,120,20,13829.0098,-7683.9839,3743.0281
131,120,20,12896.2578,-5854.4639,2714.116
133,120,20,11441.8379,-4375.3599,1931.614
135,120,20,10338.4023,-3128.5759,1320.998
137,120,20,9603.9805,-2030.864,819.764
139,120,20,9190.4922,-1024.144,389.448
141,120,20,9047.4541,-61.952,-9.616
143,120,20,9158.0381,906.048,-408.68
145,120,20,9547.4863,1918.576,-840.198
147,120,20,10225.4141,3012.416,-1330.614
149,120,20,11247.1143,4251.4561,-1921.998
151,120,20,12631.8184,5697.6479,-2663.6321
153,120,20,13734.0527,7544.5918,-3663.696
155,120,20,13884.3027,10018.7998,-5037.582
157,120,20,13911.9482,13668.1602,-7005.2563
157,122,20,13872.2822,16750.2715,-4875.312
155,122,20,13659.5283,12312.96,-3704.564
153,122,20,12431.084,9221.168,-2777.822
151,122,20,10926.1807,6928.9438,-2066.238
149,122,20,9792.6943,5132.3359,-1513.318
147,122,20,8964.5166,3624.1919,-1062.568
145,122,20,8403.1826,2294.1599,-683.938
143,122,20,8067.8242,1080.288,-348.58
141,122,20,7952.4321,-83.248,-34.858
139,122,20,8063.0161,-1242.912,272.854
137,122,20,8393.5664,-2468.3999,607.01
135,122,20,8963.3145,-3811.9839,986.842
133,122,20,9831.1582,-5368.5278,1448.41
131,122,20,11046.3799,-7246.4478,2027.774
129,122,20,12633.0205,-9625.792,2770.6101
127,122,20,13773.7178,-12905.376,3761.0581
125,122,20,13885.5039,-17760.8633,5064.0259
125,124,20,11808.4482,-19352.2559,2703.2981
127,124,20,10876.8984,-14508.3838,2197.2561
129,124,20,9790.29,-10953.8877,1708.042
131,124,20,8817.8721,-8276.4004,1290.948
133,124,20,8031.7642,-6142.9277,939.964
135,124,20,7429.562,-4375.3599,656.292
137,124,20,7024.4883,-2840.1121,408.68
139,124,20,6790.0981,-1450.064,187.512
141,124,20,6709.564,-135.52,-19.232
143,124,20,6785.29,1173.2159,-227.178
145,124,20,7024.4883,2547.7759,-450.75
147,124,20,7419.9463,4036.5601,-698.362
149,124,20,7984.8862,5728.624,-984.438
151,124,20,8714.5,7716.896,-1319.796
153,124,20,9608.7881,10218.208,-1716.4561
155,124,20,10602.8418,13449.3916,-2166.0042
157,124,20,11477.8984,17818.9434,-2602.3301
157,126,20,6703.5542,17648.5762,-573.354
155,126,20,6981.2163,13784.3203,-710.382
153,126,20,6800.916,10686.7197,-677.928
151,126,20,6466.7603,8179.6001,-582.97
149,126,20,6112.1699,6113.8882,-467.578
147,126,20,5797.2461,4332.7681,-350.984
145,126,20,5556.8462,2739.4399,-241.602
143,126,20,5399.3843,1273.8879,-137.028
141,126,20,5338.082,-145.2,-39.666
139,126,20,5369.334,-1562.3521,57.696
137,126,20,5491.938,-3058.8799,155.058
135,126,20,5701.0859,-4698.6719,257.228
133,126,20,5989.5659,-6578.5278,364.206
131,126,20,6317.7119,-8801.0557,468.78
129,126,20,6617.0103,-11513.3916,552.92
127,126,20,6732.4023,-14943.9844,575.758
125,126,20,6285.2583,-19315.4727,438.73
125,128,20,1739.2941,-18517.8398,-1537.358
127,128,20,3030.2419,-14748.4482,-918.328
129,128,20,3625.2322,-11602.4482,-549.314
131,128,20,3858.4202,-9015.9521,-335.358
133,128,20,3917.3181,-6803.104,-209.148
135,128,20,3904.0962,-4894.208,-134.624
137,128,20,3874.0461,-3207.9519,-91.352
139,128,20,3853.6121,-1664.96,-64.908
141,128,20,3862.0261,-193.6,-44.474
143,128,20,3899.2881,1270.016,-30.05
145,128,20,3972.6101,2791.7119,-10.818
147,128,20,4059.1541,4416.0161,20.434
149,128,20,4137.2842,6208.752,73.322
151,128,20,4160.1221,8228.0,167.078
153,128,20,4041.124,10613.1523,343.772
155,128,20,3621.626,13437.7764,669.514
157,128,20,2621.562,16785.1191,1254.8881
157,130,20,-759.664,15668.0479,2871.5781
155,130,20,701.968,12816.3203,1947.24
153,130,20,1545.772,10287.9043,1322.2001
151,130,20,2013.3501,8082.7998,900.298
149,130,20,2257.356,6154.5439,610.616
147,130,20,2375.1521,4410.208,400.266
145,130,20,2418.4241,2797.52,234.39
143,130,20,2416.02,1283.568,96.16
141,130,20,2393.1821,-193.6,-32.454
139,130,20,2346.304,-1666.896,-163.472
137,130,20,2266.9719,-3213.76,-312.52
135,130,20,2135.9541,-4888.3999,-498.83
133,130,20,1914.786,-6741.1519,-744.038
131,130,20,1537.358,-8839.7764,-1081.8
129,130,20,894.288,-11232.6719,-1561.3981
127,130,20,-206.744,-14020.5117,-2265.77
125,130,20,-2096.2881,-17278.8008,-3307.9041
125,132,20,-5321.2539,-15877.1357,-4844.0601
127,132,20,-3050.676,-13112.5283,-3501.426
129,132,20,-1583.0341,-10653.8076,-2520.594
131,132,20,-645.474,-8497.1035,-1821.03
133,132,20,-20.434,-6547.5518,-1293.3521
135,132,20,390.65,-4793.5361,-891.884
137,132,20,657.494,-3184.72,-572.152
139,132,20,818.562,-1672.704,-302.904
141,132,20,901.5,-226.512,-60.1
143,132,20,912.318,1215.808,179.098
145,132,20,857.026,2698.7839,433.922
147,132,20,707.978,4247.584,728.412
149,132,20,436.326,5898.9922,1089.012
151,132,20,-9.616,7691.728,1551.782
153,132,20,-728.412,9683.8721,2185.2361
155,132,20,-1863.1,11896.7197,3065.1001
157,132,20,-3675.7161,14363.1836,4321.1899
157,134,20,-6110.9683,13019.5996,5571.27
155,134,20,-4083.1941,10946.1436,4088.002
153,134,20,-2734.55,9015.9521,2990.5762
151,134,20,-1827.04,7232.896,2178.0239
149,134,20,-1228.444,5595.04,1561.3981
147,134,20,-836.592,4050.1121,1068.578
145,134,20,-604.606,2586.4961,661.1
143,134,20,-501.234,1177.088,302.904
141,134,20,-502.436,-212.96,-37.262
139,134,20,-614.222,-1603.0079,-382.236
137,134,20,-843.804,-3041.4561,-757.26
135,134,20,-1215.222,-4551.5361,-1194.788
133,134,20,-1770.546,-6173.9038,-1734.4861
131,134,20,-2580.6941,-7937.6001,-2420.8281
129,134,20,-3745.4321,-9856.1758,-3317.52
127,134,20,-5465.4941,-11983.8398,-4532.7422
125,134,20,-8054.6021,-14341.8877,-6179.4819
125,136,20,-10319.1699,-12816.3203,-7303.3521
127,136,20,-7567.792,-10859.0244,-5465.4941
129,136,20,-5674.6421,-9035.3115,-4068.77
131,136,20,-4354.8462,-7356.7998,-3017.02
133,136,20,-3408.8721,-5773.1519,-2191.2461
135,136,20,-2742.9641,-4294.0479,-1533.7521
137,136,20,-2291.012,-2892.384,-985.64
139,136,20,-2010.946,-1544.928,-509.648
141,136,20,-1875.12,-236.192,-72.12
143,136,20,-1875.12,1068.672,363.004
145,136,20,-2007.3401,2394.832,820.966
147,136,20,-2298.2241,3755.8401,1334.22
149,136,20,-2769.408,5167.1841,1940.0281
151,136,20,-3468.9722,6638.5439,2684.0662
153,136,20,-4495.48,8214.4482,3651.676
155,136,20,-5981.1523,9885.2158,4931.8062
157,136,20,-8178.4082,11641.168,6656.6763
157,138,20,-9906.8838,10309.2002,7583.418
155,138,20,-7647.124,8863.0078,5717.9141
153,138,20,-6079.7163,7438.1118,4291.1401
151,138,20,-4970.27,6065.4878,3191.3101
149,138,20,-4191.374,4752.8799,2331.8801
147,138,20,-3652.8782,3475.1199,1623.902
145,138,20,-3313.9141,2226.3999,1015.69
143,138,20,-3152.8459,1002.848,472.386
141,138,20,-3149.24,-211.024,-43.272
139,138,20,-3298.2881,-1421.024,-562.536
137,138,20,-3616.8181,-2660.064,-1122.668
135,138,20,-4119.2539,-3933.9519,-1757.324
133,138,20,-4856.0801,-5267.856,-2520.594
131,138,20,-5887.396,-6661.7759,-3458.1541
129,138,20,-7304.5542,-8113.7759,-4642.124
127,138,20,-9289.0566,-9650.96,-6192.7041
125,138,20,-12155.8262,-11253.9678,-8210.8623
125,140,20,-13318.1602,-9829.0723,-8941.6777
127,140,20,-10745.8799,-8543.5684,-6824.9561
129,140,20,-8719.3086,-7263.8721,-5172.2061
131,140,20,-7256.4741,-6020.96,-3894.48
133,140,20,-6169.8662,-4797.4082,-2863.1641
135,140,20,-5376.5459,-3604.832,-2014.552
137,140,20,-4828.4341,-2450.9761,-1299.3621
139,140,20,-4484.6621,-1328.0959,-664.706
141,140,20,-4319.9883,-222.64,-73.322
143,140,20,-4324.7959,886.688,515.658
145,140,20,-4499.0859,2005.696,1135.89
147,140,20,-4859.686,3138.2561,1822.2321
149,140,20,-5427.0303,4282.4321,2615.552
151,140,20,-6241.9863,5440.1602,3565.1321
153,140,20,-7391.0981,6636.6079,4768.334
155,140,20,-9001.7783,7850.48,6318.9141
157,140,20,-11310.8203,9056.6084,8343.082
157,142,20,-12456.3262,7898.8799,8969.3242
155,142,20,-10223.0098,6921.2002,6881.4502
153,142,20,-8602.7139,5898.9922,5239.5181
151,142,20,-7424.7539,4867.104,3947.3682
149,142,20,-6585.7583,3850.7039,2919.658
147,142,20,-5991.9702,2830.4319,2050.6121
145,142,20,-5609.7339,1815.968,1298.16
143,142,20,-5425.8281,811.184,615.424
141,142,20,-5416.2119,-187.792,-37.262
139,142,20,-5583.29,-1184.832,-689.948
137,142,20,-5941.4863,-2193.488,-1388.3101
135,142,20,-6505.2241,-3219.5679,-2169.6101
133,142,20,-7311.7661,-4265.0078,-3084.332
131,142,20,-8414.0,-5324.0,-4193.7783
129,142,20,-9885.248,-6382.9922,-5552.0381
127,142,20,-11897.3965,-7449.728,-7290.1304
125,142,20,-13731.6484,-8495.168,-9504.2139
125,144,20,-13848.2422,-7354.8638,-9947.752
127,144,20,-12804.9063,-6504.96,-7707.2241
129,144,20,-10914.1602,-5618.272,-5913.8403
131,144,20,-9445.3164,-4714.1602,-4495.48
133,144,20,-8331.0625,-3798.4319,-3330.7419
135,144,20,-7510.0962,-2884.6399,-2360.728
137,144,20,-6928.3281,-1978.592,-1524.136
139,144,20,-6556.9102,-1076.416,-770.482
141,144,20,-6376.6104,-185.856,-63.706
143,144,20,-6381.418,704.704,637.06
145,144,20,-6570.1323,1603.0079,1376.29
147,144,20,-6958.3779,2503.248,2190.0439
149,144,20,-7558.1763,3395.7439,3116.7861
151,144,20,-8404.3838,4286.3042,4213.0103
153,144,20,-9570.3242,5169.1201,5566.4619
155,144,20,-11166.5801,6028.7041,7266.0903
157,144,20,-13169.1123,6847.6318,9454.9326
157,146,20,-13582.6006,5926.0962,9832.3604
155,146,20,-12018.7979,5244.624,7629.0942
153,146,20,-10459.8037,4514.752,5882.5879
151,146,20,-9305.8838,3761.6479,4481.0562
149,146,20,-8458.4746,2991.1199,3340.3582
147,146,20,-7847.8579,2210.9121,2359.5261
145,146,20,-7452.3999,1422.96,1506.1061
143,146,20,-7255.272,635.008,726.008
141,146,20,-7244.4541,-154.88,-22.838
139,146,20,-7419.9463,-938.96,-769.28
137,146,20,-7785.354,-1730.7839,-1563.802
135,146,20,-8364.7178,-2524.5439,-2443.666
133,146,20,-9178.4717,-3314.4319,-3458.1541
131,146,20,-10274.6963,-4102.3838,-4664.9619
129,146,20,-11723.1064,-4869.04,-6126.5942
127,146,20,-13371.0479,-5620.208,-7960.8462
125,146,20,-13857.8584,-6336.5278,-10253.0605
125,148,20,-13867.4746,-5444.0317,-10481.4404
127,148,20,-13640.2959,-4843.8721,-8196.4385
129,148,20,-12450.3164,-4214.6719,-6346.5601
131,148,20,-11041.5723,-3564.176,-4862.0903
133,148,20,-9951.3584,-2892.384,-3621.626
135,148,20,-9137.6045,-2208.9761,-2573.4819
137,148,20,-8558.2402,-1521.696,-1661.1641
139,148,20,-8186.8223,-832.48,-832.986
141,148,20,-8010.1279,-143.264,-46.878
143,148,20,-8018.542,545.952,734.422
145,148,20,-8212.0645,1237.104,1554.186
147,148,20,-8601.5117,1920.512,2446.0701
149,148,20,-9200.1084,2592.304,3456.9521
151,148,20,-10028.2861,3246.6719,4630.104
153,148,20,-11165.3779,3889.4241,6067.6963
155,148,20,-12646.2422,4507.0078,7857.4741
157,148,20,-13762.9004,5083.936,10110.0225
157,150,20,-13839.8281,4334.7041,10298.7363
155,150,20,-13110.2139,3852.6399,8061.814
153,150,20,-11808.4482,3331.856,6264.8242
151,150,20,-10691.79,2787.8401,4805.5962
149,150,20,-9868.4199,2230.272,3606.0
147,150,20,-9278.2383,1657.2159,2575.886
145,150,20,-8885.1846,1070.608,1655.1541
143,150,20,-8688.0566,476.256,808.946
141,150,20,-8677.2383,-116.16,-1.202
139,150,20,-8846.7197,-708.576,-808.946
137,150,20,-9206.1182,-1299.056,-1662.3661
135,150,20,-9771.0586,-1889.536,-2601.1279
133,150,20,-10569.1865,-2470.3359,-3673.312
131,150,20,-11636.5625,-3039.52,-4934.21
129,150,20,-12899.8643,-3587.408,-6437.9121
127,150,20,-13774.9199,-4123.6802,-8309.4258
125,150,20,-13872.2822,-4630.9121,-10605.2461
125,152,20,-13879.4941,-3891.3599,-10683.376
127,152,20,-13841.0303,-3471.248,-8418.8086
129,152,20,-13291.7158,-3029.8401,-6560.5161
131,152,20,-12177.4619,-2572.9441,-5047.1982
133,152,20,-11125.7119,-2098.624,-3775.4822
135,152,20,-10333.5938,-1608.816,-2687.6721
137,152,20,-9769.8564,-1111.264,-1730.88
139,152,20,-9409.2559,-607.904,-855.824
141,152,20,-9237.3701,-106.48,-25.242
143,152,20,-9246.9863,398.816,804.138
145,152,20,-9439.3066,904.112,1673.1841
147,152,20,-9819.1377,1397.792,2608.3401
149,152,20,-10402.1084,1879.856,3661.292
151,152,20,-11207.4482,2340.624,4871.7061
153,152,20,-12295.2578,2793.6479,6340.5503
155,152,20,-13421.5322,3221.5039,8145.9541
157,152,20,-13853.0498,3618.384,10402.1084
157,154,20,-13854.252,2967.8879,10454.9961
155,154,20,-13591.0146,2652.3201,8240.9121
153,154,20,-12684.7061,2305.7759,6446.3262
151,154,20,-11679.834,1937.936,4978.6841
149,154,20,-10884.1104,1558.48,3757.4521
147,154,20,-10305.9482,1161.6,2694.884
145,154,20,-9924.9141,751.168,1746.506
143,154,20,-9732.5938,334.928,871.45
141,154,20,-9714.5645,-83.248,30.05
139,154,20,-9879.2383,-499.488,-813.754
137,154,20,-10229.0205,-917.664,-1700.8301
135,154,20,-10774.7285,-1328.0959,-2667.238
133,154,20,-11547.6143,-1730.7839,-3764.6641
131,154,20,-12544.0723,-2121.856,-5043.5923
129,154,20,-13493.6523,-2491.6321,-6555.708
127,154,20,-13843.4346,-2855.6001,-8422.4141
125,154,20,-13883.1006,-3192.4639,-10683.376
125,156,20,-13885.5039,-2541.968,-10660.5381
127,156,20,-13860.2627,-2282.5439,-8440.4443
129,156,20,-13618.6602,-2005.696,-6606.1919
131,156,20,-12852.9863,-1715.296,-5097.6821
133,156,20,-11952.6885,-1407.472,-3819.9561
135,156,20,-11187.0146,-1084.16,-2717.7222
137,156,20,-10640.1045,-753.104,-1741.698
139,156,20,-10289.1201,-414.304,-845.006
141,156,20,-10129.2539,-75.504,2.404
143,156,20,-10138.8701,263.296,848.612
145,156,20,-10327.584,602.096,1732.082
147,156,20,-10697.7998,931.216,2686.47
149,156,20,-11263.9424,1248.72,3749.0381
151,156,20,-12041.6357,1548.8,4964.2603
153,156,20,-12953.9541,1837.264,6433.104
155,156,20,-13689.5781,2102.4961,8215.6699
157,156,20,-13861.4639,2338.688,10441.7744
157,158,20,-13865.0703,1734.656,10386.4824
155,158,20,-13754.4863,1577.84,8225.2861
153,158,20,-13175.1221,1386.176,6459.5483
151,158,20,-12345.7422,1175.152,5008.7339
149,158,20,-11584.876,950.576,3799.522
147,158,20,-11024.7441,710.512,2738.156
145,158,20,-10655.7305,460.768,1787.374
143,158,20,-10465.8145,201.344,905.106
141,158,20,-10447.7842,-61.952,54.09
139,158,20,-10601.6406,-321.376,-790.916
137,158,20,-10936.998,-580.8,-1682.8
135,158,20,-11462.2725,-836.352,-2657.6221
133,158,20,-12203.9063,-1078.3521,-3755.0481
131,158,20,-13034.4883,-1308.736,-5030.3701
129,158,20,-13678.7598,-1519.76,-6520.8501
127,158,20,-13859.0605,-1717.2319,-8340.6777
125,158,20,-13887.9082,-1893.408,-10535.5303
125,160,20,-13885.5039,-1277.76,-10404.5117
127,160,20,-13861.4639,-1184.832,-8275.7705
129,160,20,-13726.8398,-1068.672,-6494.4062
131,160,20,-13190.748,-935.088,-5023.1582
133,160,20,-12423.8721,-778.272,-3768.27
135,160,20,-11696.6621,-609.84,-2675.6521
137,160,20,-11177.3984,-433.664,-1710.446
139,160,20,-10850.4541,-245.872,-819.764
141,160,20,-10690.5879,-56.144,22.838
143,160,20,-10706.2139,133.584,870.248
145,160,20,-10890.1201,319.44,1747.708
147,160,20,-11249.5186,497.552,2694.884
149,160,20,-11790.418,665.984,3744.23
151,160,20,-12517.6279,816.992,4943.8262
153,160,20,-13296.5244,952.512,6377.812
155,160,20,-13790.5459,1064.8,8115.9043
157,160,20,-13867.4746,1144.176,10266.2822
157,162,20,-13873.4844,571.12,10112.4258
155,162,20,-13814.5859,573.056,8048.5923
153,162,20,-13397.4922,540.144,6342.9541
151,162,20,-12639.0303,478.192,4936.6143
149,162,20,-11947.8799,396.88,3756.25
147,162,20,-11411.7881,300.08,2720.126
145,162,20,-11053.5918,189.728,1783.7681
143,162,20,-10868.4844,73.568,915.924
141,162,20,-10848.0498,-48.4,78.13
139,162,20,-10995.8965,-168.432,-759.664
137,162,20,-11310.8203,-284.592,-1635.922
135,162,20,-11813.2559,-393.008,-2586.7041
133,162,20,-12504.4063,-489.808,-3656.4841
131,162,20,-13246.04,-567.248,-4895.7461
129,162,20,-13734.0527,-625.328,-6339.3481
127,162,20,-13863.8682,-664.048,-8093.0659
125,162,20,-13890.3125,-664.048,-10188.1523
125,164,20,-13886.7061,-81.312,-9962.1758
127,164,20,-13865.0703,-162.624,-7942.8159
129,164,20,-13754.4863,-209.088,-6249.1982
131,164,20,-13283.3018,-226.512,-4838.0503
133,164,20,-12574.1221,-216.832,-3628.8381
135,164,20,-11910.6182,-191.664,-2579.4919
137,164,20,-11419.0,-149.072,-1644.3361
139,164,20,-11105.2783,-98.736,-776.492
141,164,20,-10952.624,-42.592,45.676
143,164,20,-10967.0479,13.552,870.248
145,164,20,-11143.7422,67.76,1724.87
147,164,20,-11487.5146,110.352,2648.0061
149,164,20,-12006.7783,141.328,3664.8979
151,164,20,-12669.0801,154.88,4821.2222
153,164,20,-13391.4824,147.136,6196.3101
155,164,20,-13814.5859,108.416,7858.6763
157,164,20,-13873.4844,25.168,9885.248
157,166,20,-13867.4746,-511.104,9652.0605
155,166,20,-13804.9707,-344.608,7714.436
153,166,20,-13404.7041,-230.384,6112.1699
151,166,20,-12691.918,-149.072,4775.5459
149,166,20,-12047.6465,-96.8,3643.262
147,166,20,-11533.1904,-63.888,2649.208
145,166,20,-11194.2266,-46.464,1746.506
143,166,20,-11011.5225,-36.784,905.106
141,166,20,-10994.6943,-32.912,96.16
139,166,20,-11126.9141,-27.104,-710.382
137,166,20,-11423.8086,-17.424,-1554.186
135,166,20,-11893.79,3.872,-2467.7061
133,166,20,-12535.6582,42.592,-3491.8101
131,166,20,-13226.8086,104.544,-4669.77
129,166,20,-13718.4258,193.6,-6038.8481
127,166,20,-13857.8584,319.44,-7692.8003
125,166,20,-13883.1006,495.616,-9650.8584
125,168,20,-13884.3027,1031.8879,-9340.7422
127,168,20,-13856.6563,774.4,-7470.4302
129,168,20,-13681.1641,573.056,-5891.002
131,168,20,-13161.9004,414.304,-4570.0039
133,168,20,-12488.7803,288.464,-3431.71
135,168,20,-11854.124,187.792,-2434.05
137,168,20,-11397.3643,104.544,-1543.368
139,168,20,-11108.8838,36.784,-722.402
141,168,20,-10973.0586,-27.104,66.11
143,168,20,-10988.6846,-89.056,854.622
145,168,20,-11154.5605,-154.88,1674.386
147,168,20,-11479.1006,-232.32,2553.0481
149,168,20,-11970.7178,-325.248,3518.2542
151,168,20,-12604.1719,-441.408,4613.2759
153,168,20,-13309.7461,-586.608,5906.6279
155,168,20,-13767.708,-776.336,7463.2183
157,168,20,-13865.0703,-1022.208,9341.9443
157,170,20,-13862.666,-1508.144,9029.4238
155,170,20,-13718.4258,-1188.704,7257.6763
153,170,20,-13202.7686,-933.152,5769.6001
151,170,20,-12504.4063,-720.192,4519.52
149,170,20,-11863.7402,-545.952,3462.9622
147,170,20,-11382.9404,-396.88,2525.4021
145,170,20,-11062.0059,-263.296,1671.9821
143,170,20,-10897.332,-143.264,877.46
141,170,20,-10878.1006,-29.04,111.786
139,170,20,-10999.502,87.12,-652.686
137,170,20,-11272.3564,211.024,-1448.41
135,170,20,-11706.2783,348.48,-2312.6479
133,170,20,-12320.5,507.232,-3274.248
131,170,20,-12994.8223,696.96,-4372.876
129,170,20,-13606.6406,919.6,-5643.3901
127,170,20,-13851.8486,1194.512,-7163.9199
125,170,20,-13879.4941,1537.184,-8954.9004
125,172,20,-13873.4844,2003.76,-8579.876
127,172,20,-13839.8281,1593.328,-6893.4702
129,172,20,-13529.7119,1250.656,-5451.0703
131,172,20,-12838.5625,964.128,-4235.8481
133,172,20,-12141.4023,718.256,-3178.0881
135,172,20,-11553.624,503.36,-2256.1541
137,172,20,-11134.126,315.568,-1427.9761
139,172,20,-10869.6865,139.392,-655.09
141,172,20,-10745.8799,-23.232,85.342
143,172,20,-10757.9004,-187.792,823.37
145,172,20,-10912.958,-358.16,1592.65
147,172,20,-11207.4482,-540.144,2411.2122
149,172,20,-11661.8047,-743.424,3313.9141
151,172,20,-12289.248,-977.68,4333.21
153,172,20,-12998.4287,-1248.72,5526.7959
155,172,20,-13625.8721,-1575.9039,6949.9644
157,172,20,-13857.8584,-1970.848,8651.9961
157,174,20,-13844.6367,-2400.6399,8282.9824
155,174,20,-13522.5,-1936.0,6695.1401
153,174,20,-12784.4727,-1548.8,5348.8999
151,174,20,-12046.4443,-1215.808,4207.0
149,174,20,-11446.6465,-933.152,3235.7842
147,174,20,-11007.916,-679.536,2367.9399
145,174,20,-10721.8398,-449.152,1580.63
143,174,20,-10570.3887,-236.192,843.804
141,174,20,-10554.7617,-29.04,129.816
139,174,20,-10665.3467,178.112,-580.566
137,174,20,-10910.5537,394.944,-1322.2001
135,174,20,-11300.002,629.2,-2119.126
133,174,20,-11856.5283,890.56,-3002.5959
131,174,20,-12576.5264,1190.64,-4012.2761
129,174,20,-13330.1807,1531.376,-5168.6001
127,174,20,-13791.748,1941.808,-6549.6982
125,174,20,-13871.0801,2425.8081,-8161.5801
125,176,20,-13857.8584,2814.9441,-7748.0923
127,176,20,-13678.7598,2265.1199,-6245.5923
129,176,20,-13053.7207,1798.5439,-4947.4321
131,176,20,-12284.4404,1405.536,-3851.208
133,176,20,-11577.6641,1060.928,-2894.416
135,176,20,-11052.3906,753.104,-2050.6121
137,176,20,-10682.1738,476.256,-1287.342
139,176,20,-10447.7842,218.768,-576.96
141,176,20,-10335.998,-25.168,102.17
143,176,20,-10345.6143,-272.976,787.31
145,176,20,-10483.8438,-524.656,1492.884
147,176,20,-10743.4766,-795.696,2247.74
149,176,20,-11147.3486,-1091.9041,3071.1101
151,176,20,-11711.0859,-1422.96,3996.6501
153,176,20,-12463.5381,-1804.3521,5073.6421
155,176,20,-13277.292,-2255.4399,6347.7622
157,176,20,-13808.5762,-2795.584,7863.4844
157,178,20,-13654.7207,-3153.7439,7449.9961
155,178,20,-12919.0967,-2547.7759,6054.4741
153,178,20,-12080.1006,-2040.5439,4863.292
151,178,20,-11361.3047,-1610.752,3847.6021
149,178,20,-10834.8281,-1239.04,2976.1521
147,178,20,-10458.6025,-907.984,2191.2461
145,178,20,-10208.5859,-602.096,1476.056
143,178,20,-10081.1738,-315.568,798.128
141,178,20,-10065.5479,-36.784,147.846
139,178,20,-10162.9102,240.064,-500.032
137,178,20,-10375.6641,528.528,-1175.556
135,178,20,-10717.0322,840.224,-1900.3621
133,178,20,-11199.0342,1180.96,-2699.6921
131,178,20,-11856.5283,1566.224,-3606.0
129,178,20,-12666.6758,2007.632,-4639.7202
127,178,20,-13497.2578,2532.2881,-5864.5581
125,178,20,-13851.8486,3157.616,-7279.312
125,180,20,-13772.5166,3448.0159,-6818.9463
127,180,20,-13121.0322,2762.6719,-5520.7861
129,180,20,-12236.3604,2193.488,-4392.1079
131,180,20,-11438.2324,1713.36,-3423.2961
133,180,20,-10836.0303,1293.248,-2573.4819
135,180,20,-10390.0879,921.536,-1818.626
137,180,20,-10075.1641,584.672,-1133.486
139,180,20,-9875.6318,267.168,-490.416
141,180,20,-9783.0781,-38.72,126.21
143,180,20,-9789.0879,-344.608,746.442
145,180,20,-9898.4697,-658.24,1384.704
147,180,20,-10117.2344,-993.168,2063.834
149,180,20,-10456.1982,-1355.2,2803.064
151,180,20,-10927.3818,-1755.952,3622.8281
153,180,20,-11580.0684,-2224.4639,4573.6099
155,180,20,-12463.5381,-2780.0959,5687.8643
157,180,20,-13399.8965,-3453.824,6990.832
157,180,22,-12105.3418,-2960.144,8096.6724
155,180,22,-11171.3887,-2418.064,6439.1143
153,180,22,-10495.8643,-1953.424,5106.0962
151,180,22,-10004.2461,-1556.5439,4013.478
149,180,22,-9641.2422,-1208.064,3089.1401
147,180,22,-9381.6104,-894.432,2265.77
145,180,22,-9208.5225,-600.16,1507.308
143,180,22,-9121.9785,-321.376,796.926
141,180,22,-9118.3721,-48.4,105.776
139,180,22,-9192.8965,222.64,-578.162
137,180,22,-9350.3584,501.424,-1294.5541
135,180,22,-9600.374,801.504,-2063.834
133,180,22,-9950.1563,1126.752,-2920.8601
131,180,22,-10421.3398,1492.656,-3904.0962
129,180,22,-11043.9766,1905.024,-5055.6123
127,180,22,-11890.1846,2390.96,-6479.9819
125,180,22,-12968.3779,2973.696,-8323.8506
125,178,22,-13409.5127,2714.272,-8874.3662
127,178,22,-12432.2861,2201.2319,-6930.7319
129,178,22,-11513.958,1759.824,-5407.7983
131,178,22,-10833.626,1380.368,-4180.5562
133,178,22,-10315.5645,1045.4399,-3136.0181
135,178,22,-9928.5205,745.36,-2229.71
137,178,22,-9652.0605,468.512,-1417.1581
139,178,22,-9471.7598,211.024,-662.302
141,178,22,-9384.0146,-34.848,61.302
143,178,22,-9384.0146,-280.72,780.098
145,178,22,-9477.7705,-536.272,1532.55
147,178,22,-9660.4746,-801.504,2328.2739
149,178,22,-9941.7422,-1088.032,3199.7241
151,178,22,-10331.1904,-1403.6,4180.5562
153,178,22,-10868.4844,-1763.696,5350.1021
155,178,22,-11601.7041,-2179.936,6774.4722
157,178,22,-12593.3545,-2671.6799,8597.9063
157,176,22,-12962.3682,-2336.752,9089.5244
155,176,22,-12033.2227,-1914.704,7177.1421
153,176,22,-11249.5186,-1550.736,5661.4199
151,176,22,-10667.75,-1233.2319,4424.562
149,176,22,-10236.2324,-954.448,3381.2261
147,176,22,-9922.5098,-702.768,2462.8979
145,176,22,-9715.7666,-468.512,1626.306
143,176,22,-9612.3945,-249.744,845.006
141,176,22,-9602.7783,-36.784,87.746
139,176,22,-9692.9277,178.112,-667.11
137,176,22,-9879.2383,402.688,-1456.824
135,176,22,-10176.1318,644.688,-2307.8401
133,176,22,-10590.8223,909.92,-3262.228
131,176,22,-11149.752,1206.1281,-4362.0581
129,176,22,-11885.376,1542.9919,-5663.8242
127,176,22,-12782.0684,1936.0,-7286.5239
125,176,22,-13617.458,2390.96,-9398.4385
125,174,22,-13748.4766,2034.736,-9897.2686
127,174,22,-13109.0127,1649.472,-7700.0122
129,174,22,-12253.1885,1314.5439,-5988.3643
131,174,22,-11480.3018,1026.08,-4621.6899
133,174,22,-10884.1104,772.464,-3464.1641
135,174,22,-10436.9658,547.888,-2464.1001
137,174,22,-10123.2441,344.608,-1572.2161
139,174,22,-9916.5,154.88,-750.048
141,174,22,-9817.9365,-25.168,40.868
143,174,22,-9816.7344,-203.28,828.178
145,174,22,-9924.9141,-389.136,1643.134
147,174,22,-10135.2646,-582.736,2513.3821
149,174,22,-10465.8145,-795.696,3478.5881
151,174,22,-10918.9678,-1029.952,4565.1963
153,174,22,-11533.1904,-1297.12,5871.77
155,174,22,-12352.9541,-1603.0079,7472.834
157,174,22,-13255.6563,-1959.2319,9531.8604
157,172,22,-13462.4004,-1560.416,9974.1963
155,172,22,-12618.5967,-1271.952,7833.4341
153,172,22,-11796.4277,-1022.208,6147.0283
151,172,22,-11150.9541,-809.248,4782.7583
149,172,22,-10671.3564,-621.456,3639.656
147,172,22,-10319.1699,-454.96,2639.592
145,172,22,-10090.79,-303.952,1733.2841
143,172,22,-9972.9941,-162.624,885.874
141,172,22,-9962.1758,-25.168,68.514
139,172,22,-10064.3457,112.288,-746.442
137,172,22,-10279.5039,257.488,-1603.468
135,172,22,-10611.2559,418.176,-2530.21
133,172,22,-11080.0361,596.288,-3572.344
131,172,22,-11708.6826,801.504,-4779.1519
129,172,22,-12506.8105,1033.824,-6215.542
127,172,22,-13337.3926,1312.608,-8014.936
125,172,22,-13824.2021,1637.856,-10360.0381
125,170,22,-13842.2324,1206.1281,-10814.3945
127,170,22,-13503.2686,954.448,-8388.7578
129,170,22,-12720.7666,741.488,-6510.0322
131,170,22,-11939.4658,563.376,-5015.9463
133,170,22,-11280.7705,412.368,-3757.4521
135,170,22,-10785.5459,284.592,-2672.0461
137,170,22,-10428.5518,172.304,-1710.446
139,170,22,-10201.374,69.696,-825.774
141,170,22,-10091.9922,-19.36,20.434
143,170,22,-10093.1943,-112.288,861.834
145,170,22,-10209.7881,-209.088,1740.496
147,170,22,-10446.582,-311.696,2678.0562
149,170,22,-10807.1826,-427.856,3715.3821
151,170,22,-11298.7998,-559.504,4893.3423
153,170,22,-11961.1025,-716.32,6317.7119
155,170,22,-12761.6338,-902.176,8077.4399
157,170,22,-13547.7422,-1120.944,10360.0381
157,168,22,-13601.832,-671.792,10724.2441
155,168,22,-12896.2578,-520.784,8382.748
153,168,22,-12107.7461,-398.816,6550.8999
151,168,22,-11422.6064,-302.016,5079.6519
149,168,22,-10908.1504,-226.512,3857.218
147,168,22,-10527.1162,-164.56,2786.2361
145,168,22,-10279.5039,-112.288,1818.626
143,168,22,-10153.2939,-67.76,918.328
141,168,22,-10144.8799,-25.168,48.08
139,168,22,-10256.666,17.424,-817.36
137,168,22,-10491.0566,65.824,-1729.678
135,168,22,-10855.2617,123.904,-2720.126
133,168,22,-11368.5166,197.472,-3839.188
131,168,22,-12048.8486,290.4,-5140.9541
129,168,22,-12825.3398,408.496,-6691.5342
127,168,22,-13569.3779,553.696,-8658.0059
125,168,22,-13851.8486,735.68,-11235.0938
125,166,22,-13859.0605,238.128,-11576.4619
127,166,22,-13621.0645,137.456,-8976.5361
129,166,22,-12928.7119,61.952,-6940.3481
131,166,22,-12153.4219,9.68,-5335.6782
133,166,22,-11451.4541,-23.232,-3994.2461
135,166,22,-10916.5645,-36.784,-2841.5281
137,166,22,-10536.7324,-42.592,-1827.04
139,166,22,-10289.1201,-36.784,-890.682
141,166,22,-10167.7178,-25.168,1.202
143,166,22,-10167.7178,-13.552,888.278
145,166,22,-10295.1299,-3.872,1812.6161
147,166,22,-10545.1465,-1.936,2801.8621
149,166,22,-10924.9785,-9.68,3900.49
151,166,22,-11446.6465,-29.04,5156.5801
153,166,22,-12146.21,-61.952,6672.3022
155,166,22,-12932.3184,-116.16,8558.2402
157,166,22,-13629.4785,-197.472,11031.9561
157,164,22,-13634.2861,294.272,11310.8203
155,164,22,-12962.3682,300.08,8799.8418
153,164,22,-12165.4424,286.528,6858.6123
151,164,22,-11447.8486,259.424,5299.6182
149,164,22,-10910.5537,218.768,4012.2761
147,164,22,-10512.6924,164.56,2888.406
145,164,22,-10249.4541,102.608,1876.322
143,164,22,-10117.2344,36.784,937.56
141,164,22,-10108.8203,-32.912,30.05
139,164,22,-10230.2227,-102.608,-873.854
137,164,22,-10480.2383,-166.496,-1829.4441
135,164,22,-10868.4844,-222.64,-2865.5681
133,164,22,-11415.3945,-269.104,-4038.72
131,164,22,-12134.1904,-300.08,-5418.6162
129,164,22,-12934.7227,-315.568,-7076.1743
127,164,22,-13628.2764,-311.696,-9177.2705
125,164,22,-13859.0605,-286.528,-11836.0938
125,162,22,-13857.8584,-822.8,-12039.2324
127,162,22,-13633.084,-766.656,-9417.6699
129,162,22,-12931.1162,-696.96,-7264.8882
131,162,22,-12118.5645,-615.648,-5572.4722
133,162,22,-11376.9307,-518.848,-4168.5361
135,162,22,-10813.1924,-408.496,-2966.5361
137,162,22,-10408.1182,-288.464,-1908.776
139,162,22,-10146.082,-164.56,-941.166
141,162,22,-10018.6699,-36.784,-18.03
143,162,22,-10018.6699,90.992,897.894
145,162,22,-10147.2842,218.768,1851.0801
147,162,22,-10409.3203,340.736,2876.386
149,162,22,-10808.3838,454.96,4018.2861
151,162,22,-11349.2842,557.568,5329.668
153,162,22,-12068.0801,650.496,6918.7119
155,162,22,-12893.8545,733.744,8916.4365
157,162,22,-13618.6602,799.568,11506.7461
157,160,22,-13591.0146,1320.3521,11656.9961
155,160,22,-12808.5127,1186.7679,9072.6963
153,160,22,-11951.4863,1035.76,7041.3159
151,160,22,-11217.0645,877.008,5418.6162
149,160,22,-10660.5381,708.576,4088.002
147,160,22,-10254.2617,530.464,2932.8801
145,160,22,-9982.6104,342.672,1895.5541
143,160,22,-9841.9766,149.072,935.156
141,160,22,-9837.168,-44.528,8.414
139,160,22,-9963.3779,-236.192,-917.126
137,160,22,-10225.4141,-425.92,-1893.15
135,160,22,-10637.7002,-611.776,-2961.728
133,160,22,-11209.8525,-789.888,-4180.5562
131,160,22,-11959.9004,-954.448,-5604.9263
129,160,22,-12824.1387,-1107.392,-7328.5942
127,160,22,-13603.0342,-1250.656,-9524.6484
125,160,22,-13855.4541,-1384.24,-12203.9063
125,158,22,-13853.0498,-1947.616,-12327.7119
127,158,22,-13553.752,-1742.4,-9674.8984
129,158,22,-12714.7559,-1527.504,-7456.0063
131,158,22,-11807.2461,-1306.8,-5711.9043
133,158,22,-11033.1582,-1070.608,-4265.8979
135,158,22,-10446.582,-824.736,-3037.4541
137,158,22,-10022.2764,-571.12,-1960.462
139,158,22,-9748.2197,-313.632,-977.226
141,158,22,-9613.5957,-54.208,-46.878
143,158,22,-9608.7881,205.216,881.066
145,158,22,-9743.4121,464.64,1847.474
147,158,22,-10012.6602,718.256,2892.012
149,158,22,-10421.3398,962.192,4051.9421
151,158,22,-10975.4619,1200.3199,5395.7783
153,158,22,-11718.2979,1428.7679,7038.9121
155,158,22,-12630.6162,1647.536,9099.1406
157,158,22,-13523.7021,1852.752,11733.9238
157,156,22,-13401.0986,2400.6399,11800.0342
155,156,22,-12425.0742,2129.6001,9168.8564
153,156,22,-11459.8682,1843.072,7080.9819
151,156,22,-10708.6182,1544.928,5429.4341
149,156,22,-10140.0723,1240.976,4078.386
147,156,22,-9716.9678,923.472,2911.2441
145,156,22,-9435.7002,598.224,1870.312
143,156,22,-9298.6719,269.104,908.712
141,156,22,-9293.8643,-61.952,-16.828
139,156,22,-9426.084,-391.072,-944.772
137,156,22,-9700.1406,-724.064,-1926.806
135,156,22,-10128.0518,-1049.312,-3001.394
133,156,22,-10721.8398,-1368.752,-4229.8379
131,156,22,-11499.5342,-1676.576,-5679.4502
129,156,22,-12479.1641,-1968.912,-7435.5723
127,156,22,-13438.3604,-2257.376,-9694.1299
125,156,22,-13847.04,-2536.1599,-12404.6406
125,154,22,-13839.8281,-3134.384,-12449.1143
127,154,22,-13274.8887,-2787.8401,-9751.8262
129,154,22,-12203.9063,-2427.7439,-7478.8442
131,154,22,-11199.0342,-2063.7759,-5717.9141
133,154,22,-10404.5117,-1680.448,-4267.1001
135,154,22,-9795.0986,-1289.376,-3042.262
137,154,22,-9355.166,-890.56,-1970.078
139,154,22,-9067.8877,-485.936,-997.66
141,154,22,-8922.4463,-81.312,-74.524
143,154,22,-8921.2441,323.312,843.804
145,154,22,-9057.0703,727.936,1799.394
147,154,22,-9332.3281,1128.688,2836.72
149,154,22,-9748.2197,1517.824,3995.448
151,154,22,-10319.1699,1895.344,5341.688
153,154,22,-11076.4307,2265.1199,6992.0342
155,154,22,-12063.2725,2625.2161,9094.332
157,154,22,-13176.3242,2969.824,11791.6201
157,152,22,-12887.8438,3564.176,11757.9639
155,152,22,-11685.8438,3151.8079,9066.6865
153,152,22,-10682.1738,2722.0159,6959.5801
151,152,22,-9908.0859,2278.6719,5306.8301
149,152,22,-9325.1162,1825.6479,3969.0042
147,152,22,-8883.9824,1355.2,2819.8921
145,152,22,-8597.9063,877.008,1799.394
143,152,22,-8457.2725,393.008,859.43
141,152,22,-8453.666,-92.928,-45.676
139,152,22,-8591.8965,-574.992,-948.378
137,152,22,-8876.7705,-1057.056,-1908.776
135,152,22,-9316.7021,-1537.184,-2961.728
133,152,22,-9929.7227,-2007.632,-4170.9399
131,152,22,-10730.2539,-2468.3999,-5610.936
129,152,22,-11756.7627,-2913.6799,-7371.8662
127,152,22,-12958.7627,-3345.408,-9649.6563
125,152,22,-13796.5566,-3767.4561,-12419.0645
125,150,22,-13676.3564,-4439.248,-12345.7422
127,150,22,-12619.7979,-3945.5679,-9594.3643
129,150,22,-11312.0225,-3432.5281,-7324.9883
131,150,22,-10272.292,-2909.8081,-5579.6841
133,150,22,-9450.124,-2363.856,-4152.9102
135,150,22,-8822.6797,-1806.288,-2956.9202
137,150,22,-8367.1221,-1248.72,-1921.998
139,150,22,-8066.6221,-683.408,-984.438
141,150,22,-7916.3721,-118.096,-102.17
143,150,22,-7912.7661,451.088,778.896
145,150,22,-8047.3901,1020.272,1700.8301
147,150,22,-8329.8604,1583.6479,2703.2981
149,150,22,-8760.1758,2133.4719,3824.7642
151,150,22,-9350.3584,2673.616,5145.7622
153,150,22,-10136.4658,3202.144,6787.6943
155,150,22,-11154.5605,3713.248,8880.376
157,150,22,-12504.4063,4203.0562,11643.7744
157,148,22,-11993.5566,4882.5918,11488.7158
155,148,22,-10619.6699,4321.1519,8727.7217
153,148,22,-9576.334,3722.928,6645.8579
151,148,22,-8773.3984,3105.344,5029.168
149,148,22,-8163.9844,2476.144,3738.22
147,148,22,-7709.6279,1831.4559,2634.7839
145,148,22,-7395.9062,1179.024,1656.3561
143,148,22,-7254.0703,522.72,774.088
141,148,22,-7252.8682,-133.584,-75.726
139,148,22,-7400.7144,-784.08,-925.54
137,148,22,-7696.4062,-1438.448,-1829.4441
135,148,22,-8151.9644,-2088.9441,-2831.9121
133,148,22,-8783.0146,-2739.4399,-3997.8521
131,148,22,-9616.0,-3378.3201,-5395.7783
129,148,22,-10678.5684,-3992.032,-7117.042
127,148,22,-12072.8887,-4599.936,-9376.8018
125,148,22,-13515.2881,-5176.8638,-12208.7139
125,146,22,-13152.2842,-5982.2397,-12017.5967
127,146,22,-11467.0801,-5308.5122,-9180.876
129,146,22,-10051.124,-4605.7441,-6954.772
131,146,22,-8971.7285,-3885.552,-5263.5581
133,146,22,-8123.1162,-3147.936,-3902.894
135,146,22,-7476.4399,-2402.5759,-2774.2161
137,146,22,-6994.438,-1657.2159,-1807.808
139,146,22,-6674.7061,-906.048,-935.156
141,146,22,-6518.4463,-158.752,-121.402
143,146,22,-6512.436,588.544,689.948
145,146,22,-6649.4644,1337.776,1538.5601
147,146,22,-6936.7422,2087.0081,2467.7061
149,146,22,-7383.8862,2828.4961,3529.072
151,146,22,-7995.7041,3552.5601,4783.96
153,146,22,-8811.8623,4272.752,6357.3779
155,146,22,-9878.0361,4967.7759,8389.96
157,146,22,-11320.4365,5626.0161,11165.3779
157,144,22,-10606.4482,6435.2642,10771.1221
155,144,22,-9144.8164,5670.5439,8065.4199
153,144,22,-8053.4004,4863.2319,6088.1299
151,144,22,-7219.2119,4038.4961,4566.3979
149,144,22,-6592.9702,3206.0159,3359.5901
147,144,22,-6141.0181,2363.856,2348.708
145,144,22,-5846.5283,1517.824,1471.248
143,144,22,-5707.0962,673.728,674.322
141,144,22,-5707.0962,-164.56,-87.746
139,144,22,-5854.9419,-1002.848,-854.622
137,144,22,-6153.0381,-1850.816,-1675.588
135,144,22,-6612.2021,-2698.7839,-2592.7141
133,144,22,-7250.4644,-3556.4319,-3669.7061
131,144,22,-8107.4902,-4412.144,-4982.29
129,144,22,-9212.1279,-5254.3042,-6621.8184
127,144,22,-10673.7598,-6080.9761,-8804.6504
125,144,22,-12604.1719,-6874.7358,-11721.9043
125,142,22,-11825.2764,-7883.3921,-11316.8301
127,142,22,-9816.7344,-6940.5601,-8412.7979
129,142,22,-8346.6885,-5970.624,-6310.5
131,142,22,-7233.6362,-4992.9438,-4733.4761
133,142,22,-6362.186,-4017.2,-3483.396
135,142,22,-5702.2881,-3039.52,-2462.8979
137,142,22,-5241.9219,-2081.2,-1602.266
139,142,22,-4940.2202,-1132.5599,-837.794
141,142,22,-4775.5459,-197.472,-126.21
143,142,22,-4768.334,739.552,578.162
145,142,22,-4902.958,1684.3199,1318.594
147,142,22,-5185.4282,2634.896,2137.156
149,142,22,-5624.1582,3587.408,3081.928
151,142,22,-6237.1782,4534.1118,4210.606
153,142,22,-7080.9819,5492.4321,5657.814
155,142,22,-8194.0342,6437.2002,7562.9844
157,142,22,-9713.3623,7349.0562,10209.7881
157,140,22,-8695.2686,8359.6484,9540.2744
155,140,22,-7156.708,7283.2319,7024.4883
153,140,22,-6028.0303,6179.7119,5217.8823
151,140,22,-5187.832,5078.1279,3865.6321
149,140,22,-4582.0239,4007.52,2818.6899
147,140,22,-4155.314,2944.656,1954.452
145,140,22,-3881.2581,1887.6,1210.4141
143,140,22,-3753.8459,846.032,542.102
141,140,22,-3757.4521,-193.6,-94.958
139,140,22,-3895.6821,-1225.488,-735.624
137,140,22,-4173.3442,-2274.8,-1426.774
135,140,22,-4607.2661,-3347.344,-2214.084
133,140,22,-5222.6899,-4446.9922,-3150.4421
131,140,22,-6056.8779,-5573.7441,-4315.1802
129,140,22,-7163.9199,-6714.0479,-5798.4482
127,140,22,-8661.6123,-7877.584,-7813.0
125,140,22,-10768.7178,-9044.9922,-10662.9424
125,138,22,-9501.8105,-10293.7119,-9850.3906
127,138,22,-7443.9863,-8890.1123,-7174.7383
129,138,22,-5957.1123,-7511.6802,-5290.002
131,138,22,-4868.1001,-6197.1357,-3908.9041
133,138,22,-4051.9421,-4925.1841,-2847.5381
135,138,22,-3456.9521,-3686.144,-2001.3301
137,138,22,-3051.8782,-2503.248,-1302.968
139,138,22,-2792.2461,-1349.392,-688.746
141,138,22,-2663.6321,-224.576,-123.806
143,138,22,-2656.4202,902.176,431.518
145,138,22,-2768.2061,2046.3519,1022.902
147,138,22,-3014.616,3206.0159,1679.194
149,138,22,-3411.2761,4385.04,2446.0701
151,138,22,-3975.0142,5591.168,3384.832
153,138,22,-4771.9399,6851.5039,4619.2861
155,138,22,-5869.3662,8142.8159,6287.6621
157,138,22,-7411.5322,9449.6162,8673.6318
157,136,22,-5919.8501,10617.0244,7660.3462
155,136,22,-4432.9761,9075.9678,5500.3521
153,136,22,-3386.0342,7579.4399,3999.054
151,136,22,-2643.198,6150.6719,2906.436
149,136,22,-2123.9341,4801.2798,2085.47
147,136,22,-1771.748,3500.2881,1424.37
145,136,22,-1552.984,2238.0159,869.046
143,136,22,-1456.824,1010.592,377.428
141,136,22,-1461.6321,-207.152,-90.15
139,136,22,-1574.62,-1422.96,-563.738
137,136,22,-1800.5961,-2669.7439,-1076.9921
135,136,22,-2155.186,-3964.928,-1676.79
133,136,22,-2668.4399,-5320.1279,-2400.394
131,136,22,-3393.2461,-6762.4478,-3331.9441
129,136,22,-4386.0981,-8282.208,-4561.5898
127,136,22,-5782.8223,-9910.3838,-6276.8442
125,136,22,-7790.1621,-11631.4883,-8767.3877
125,134,22,-5856.144,-12971.2002,-7530.5303
127,134,22,-3988.2361,-10934.5283,-5323.6582
129,134,22,-2716.52,-9048.8643,-3823.562
131,134,22,-1840.2621,-7325.8237,-2769.408
133,134,22,-1222.4341,-5728.624,-1988.108
135,134,22,-790.916,-4237.9038,-1383.5021
137,134,22,-497.628,-2847.856,-897.894
139,134,22,-313.722,-1515.8879,-486.81
141,134,22,-218.764,-224.576,-114.19
143,134,22,-206.744,1058.9919,252.42
145,134,22,-272.854,2363.856,640.666
147,134,22,-433.922,3719.0559,1084.204
149,134,22,-713.988,5128.4639,1617.8921
151,134,22,-1139.496,6617.248,2291.012
153,134,22,-1781.364,8226.0635,3208.1379
155,134,22,-2720.126,9951.04,4499.0859
157,134,22,-4110.8398,11794.1123,6424.6899
157,132,22,-2016.9561,12967.3281,5044.7939
155,132,22,-793.32,10826.1123,3440.124
153,132,22,-7.212,8859.1357,2388.374
151,132,22,495.224,7064.4639,1668.376
149,132,22,808.946,5444.0317,1155.1221
147,132,22,994.054,3930.0801,763.27
145,132,22,1093.8201,2505.1841,447.144
143,132,22,1125.072,1140.304,174.29
141,132,22,1109.446,-195.536,-80.534
139,132,22,1042.134,-1535.248,-341.368
137,132,22,915.924,-2925.2959,-632.252
135,132,22,715.19,-4400.5278,-983.236
133,132,22,409.882,-5999.6641,-1431.582
131,132,22,-56.494,-7755.6157,-2030.178
129,132,22,-748.846,-9681.9355,-2863.1641
127,132,22,-1818.626,-11856.0635,-4096.416
125,132,22,-3471.376,-14272.1924,-5981.1523
125,130,22,-699.564,-15478.3203,-4253.8779
127,130,22,632.252,-12673.0557,-2783.832
129,130,22,1409.946,-10227.8877,-1873.9181
131,130,22,1861.8981,-8092.48,-1289.746
133,130,22,2123.9341,-6206.8159,-891.884
135,130,22,2276.5881,-4520.5601,-611.818
137,130,22,2367.9399,-2994.9919,-405.074
139,130,22,2423.2319,-1568.16,-240.4
141,130,22,2461.696,-209.088,-99.766
143,130,22,2489.342,1151.92,38.464
145,130,22,2508.574,2551.6479,187.512
147,130,22,2498.958,4023.0081,364.206
149,130,22,2444.8682,5608.5918,592.586
151,130,22,2307.8401,7343.248,912.318
153,130,22,2018.1581,9308.2881,1394.3201
155,130,22,1480.864,11538.5596,2144.3679
157,130,22,518.062,14053.4238,3383.6301
157,128,22,3413.6802,14971.0879,1583.0341
155,128,22,4000.2561,12090.3203,790.916
153,128,22,4209.4043,9616.1123,378.63
151,128,22,4220.2222,7500.064,164.674
149,128,22,4144.4961,5686.0317,54.09
147,128,22,4039.9221,4059.792,-4.808
145,128,22,3941.3582,2574.8799,-34.858
143,128,22,3863.228,1180.96,-52.888
141,128,22,3823.562,-168.432,-68.514
139,128,22,3817.552,-1523.632,-87.746
137,128,22,3842.7942,-2944.656,-117.796
135,128,22,3889.6721,-4481.8398,-170.684
133,128,22,3936.55,-6202.9438,-262.036
131,128,22,3936.55,-8177.6641,-425.508
129,128,22,3822.3601,-10456.3359,-710.382
127,128,22,3455.75,-13203.5195,-1240.464
125,128,22,2596.3201,-16461.8086,-2217.6899
125,126,22,6476.376,-17069.7109,48.08
127,126,22,6639.8481,-13366.1436,414.69
129,126,22,6434.3062,-10404.0635,486.81
131,126,22,6112.1699,-8020.8481,438.73
133,126,22,5790.0342,-6036.4478,349.782
135,126,22,5513.5742,-4338.5762,245.208
137,126,22,5314.042,-2843.9839,139.432
139,126,22,5196.2461,-1469.424,34.858
141,126,22,5166.1963,-168.432,-68.514
143,126,22,5217.8823,1132.5599,-175.492
145,126,22,5364.5259,2480.0159,-289.682
147,126,22,5591.7041,3930.0801,-411.084
149,126,22,5888.5981,5533.0879,-536.092
151,126,22,6243.188,7368.416,-661.1
153,126,22,6609.7983,9563.8398,-757.26
155,126,22,6900.6821,12243.2637,-765.674
157,126,22,6927.126,15569.3115,-533.688
157,124,22,10914.1602,15580.9277,-2829.5081
155,124,22,10000.6406,11956.7363,-2388.374
153,124,22,9064.2822,9180.5117,-1912.3821
151,124,22,8248.124,6996.7041,-1485.672
149,124,22,7588.2261,5227.2002,-1125.072
147,124,22,7073.77,3701.6321,-813.754
145,124,22,6713.1699,2350.304,-543.304
143,124,22,6493.2041,1093.84,-300.5
141,124,22,6418.6802,-118.096,-74.524
139,124,22,6483.5879,-1326.16,151.452
137,124,22,6692.7363,-2600.0481,389.448
135,124,22,7048.5283,-3990.0959,651.484
133,124,22,7565.3882,-5573.7441,954.388
131,124,22,8257.7402,-7469.0879,1313.786
129,124,22,9113.5645,-9790.3516,1729.678
127,124,22,10102.8105,-12816.3203,2199.6602
125,124,22,11062.0059,-16883.8555,2628.7742
125,122,22,13855.4541,-15375.7119,5377.748
127,122,22,13332.584,-11443.6963,4005.064
129,122,22,11753.1563,-8669.4082,2959.324
131,122,22,10326.3818,-6592.0801,2170.812
133,122,22,9260.208,-4921.312,1556.5901
135,122,22,8490.9277,-3519.6479,1062.568
137,122,22,7977.6743,-2294.1599,651.484
139,122,22,7679.5781,-1173.2159,288.48
141,122,22,7582.2163,-106.48,-48.08
143,122,22,7668.7603,960.256,-387.044
145,122,22,7953.6343,2071.52,-750.048
147,122,22,8445.252,3275.7119,-1163.536
149,122,22,9165.25,4627.04,-1652.75
151,122,22,10142.4766,6208.752,-2253.75
153,122,22,11461.0703,8193.1523,-3026.636
155,122,22,13020.0645,10795.1357,-4047.134
157,122,22,13842.2324,14427.0723,-5389.7681
157,120,22,13897.5244,11718.6084,-7734.8701
155,120,22,13854.252,8820.416,-5541.2202
153,120,22,13278.4941,6752.7681,-4036.3162
151,120,22,11797.6299,5153.6318,-2950.9102
149,120,22,10539.1357,3866.1919,-2145.5701
147,120,22,9630.4238,2756.864,-1498.894
145,120,22,9029.4238,1755.952,-965.206
143,120,22,8680.8438,830.544,-495.224
141,120,22,8575.0684,-63.888,-60.1
139,120,22,8695.2686,-950.576,371.418
137,120,22,9051.0605,-1872.1119,837.794
135,120,22,9678.5039,-2871.0879,1375.088
133,120,22,10624.4785,-3988.1599,2030.178
131,120,22,11974.3242,-5293.0239,2864.366
129,120,22,13453.9863,-6870.8638,3966.6001
127,120,22,13867.4746,-8934.6396,5541.2202
125,120,22,13905.9385,-11896.7197,7873.1001
125,120,24,13878.292,-9881.3438,7988.4922
127,120,24,13708.8105,-7687.856,5696.2783
129,120,24,12558.4961,-6017.0879,4119.2539
131,120,24,11086.0459,-4692.8638,2996.5859
133,120,24,9951.3584,-3568.0481,2135.9541
135,120,24,9147.2197,-2584.5601,1456.824
137,120,24,8597.9063,-1692.064,893.086
139,120,24,8275.7705,-857.648,401.468
141,120,24,8167.5903,-52.272,-56.494
143,120,24,8250.5283,753.104,-516.86
145,120,24,8542.6143,1589.4559,-1012.084
147,120,24,9048.6563,2476.144,-1573.418
149,120,24,9799.9063,3451.8879,-2245.3359
151,120,24,10832.4238,4551.5361,-3080.7261
153,120,24,12243.5723,5875.7598,-4198.5859
155,120,24,13562.166,7521.3599,-5739.5503
157,120,24,13866.2725,9672.2559,-7974.0684
157,122,24,13469.6123,12018.6875,-5734.7422
155,122,24,12077.6963,9281.1836,-4315.1802
153,122,24,10629.2861,7188.3682,-3239.3901
151,122,24,9511.4258,5531.1519,-2426.8381
149,122,24,8665.2178,4162.3999,-1796.99
147,122,24,8034.168,2973.696,-1278.928
145,122,24,7600.2461,1895.344,-840.198
143,122,24,7340.6143,894.432,-451.952
141,122,24,7260.0801,-75.504,-91.352
139,122,24,7340.6143,-1041.568,266.844
137,122,24,7591.832,-2052.1599,650.282
135,122,24,8029.3604,-3138.2561,1078.194
133,122,24,8682.0459,-4367.6162,1593.8521
131,122,24,9584.748,-5798.3198,2229.71
129,122,24,10778.334,-7519.4238,3038.656
127,122,24,12342.1357,-9736.1436,4113.2441
125,122,24,13634.2861,-12725.3281,5566.4619
125,124,24,10784.3438,-14204.4316,2865.5681
127,124,24,9700.1406,-11044.8799,2359.5261
129,124,24,8737.3379,-8576.4795,1852.282
131,124,24,7938.0083,-6624.9922,1409.946
133,124,24,7292.5342,-4992.9438,1025.306
135,124,24,6814.1382,-3597.0879,703.17
137,124,24,6484.79,-2354.176,421.902
139,124,24,6293.6719,-1210.0,163.472
141,124,24,6229.9663,-116.16,-79.332
143,124,24,6290.0659,973.808,-324.54
145,124,24,6485.9922,2106.3679,-590.182
147,124,24,6809.3301,3316.3679,-883.47
149,124,24,7270.8979,4656.0801,-1221.2321
151,124,24,7867.0903,6183.584,-1613.084
153,124,24,8619.542,8024.7197,-2085.47
155,124,24,9516.2344,10289.8398,-2631.178
157,124,24,10536.7324,13172.5439,-3221.3601
157,126,24,7392.3003,13426.1602,-853.42
155,126,24,7014.8721,10735.1201,-991.65
153,126,24,6579.748,8489.3604,-925.54
151,126,24,6160.25,6597.8882,-793.32
149,126,24,5782.8223,4992.9438,-640.666
147,126,24,5477.5142,3566.1121,-494.022
145,126,24,5256.3462,2267.0559,-353.388
143,126,24,5113.3081,1053.184,-223.572
141,126,24,5058.0161,-131.648,-99.766
139,126,24,5088.0659,-1312.608,18.03
137,126,24,5199.8521,-2549.7119,138.23
135,126,24,5395.7783,-3883.616,258.43
133,126,24,5674.6421,-5380.144,376.226
131,126,24,6019.6162,-7097.376,482.002
129,126,24,6411.4683,-9120.4961,548.112
127,126,24,6809.3301,-11575.3438,504.84
125,126,24,7125.4561,-14583.8877,179.098
125,128,24,4003.8621,-14272.1924,-2203.2661
127,128,24,4185.3643,-11598.5762,-1228.444
129,128,24,4215.4141,-9286.9922,-706.776
131,128,24,4154.1123,-7321.9521,-427.912
133,128,24,4056.75,-5595.04,-271.652
135,128,24,3959.3882,-4063.6641,-187.512
137,128,24,3883.6621,-2683.2959,-144.24
139,128,24,3841.592,-1401.6639,-123.806
141,128,24,3837.9861,-172.304,-112.988
143,128,24,3875.248,1053.184,-109.382
145,128,24,3960.5901,2319.3279,-103.372
147,128,24,4079.5881,3655.168,-86.544
149,128,24,4222.626,5103.2959,-46.878
151,128,24,4371.6743,6692.752,39.666
153,128,24,4502.6919,8526.1436,222.37
155,128,24,4568.8022,10630.5762,590.182
157,128,24,4529.1362,13046.7041,1318.594
157,130,24,2114.3181,12378.7842,3249.0061
155,130,24,2414.8181,10274.3516,2061.4299
153,130,24,2599.926,8355.7764,1330.614
151,130,24,2690.0759,6636.6079,863.036
149,130,24,2711.7122,5097.4878,557.728
147,130,24,2697.2881,3674.5281,336.56
145,130,24,2666.0361,2340.624,168.28
143,130,24,2626.3701,1072.5439,27.646
141,130,24,2597.522,-170.368,-103.372
139,130,24,2569.876,-1407.472,-241.602
137,130,24,2543.4321,-2698.7839,-401.468
135,130,24,2506.1702,-4079.1521,-605.808
133,130,24,2443.666,-5577.6162,-884.672
131,130,24,2329.4761,-7238.7041,-1283.7361
129,130,24,2126.3381,-9081.7764,-1873.9181
127,130,24,1783.7681,-11168.7842,-2804.2661
125,130,24,1253.686,-13521.0244,-4358.4521
125,132,24,-1037.326,-12580.1279,-6216.7441
127,132,24,-319.732,-10568.624,-4257.4839
129,132,24,229.582,-8702.3203,-2982.1621
131,132,24,614.222,-7018.0,-2127.54
133,132,24,887.076,-5455.6479,-1510.9141
135,132,24,1075.79,-4024.9441,-1054.1541
137,132,24,1203.202,-2689.104,-697.16
139,132,24,1288.5441,-1421.024,-401.468
141,132,24,1341.432,-197.472,-139.432
143,132,24,1361.866,1022.208,117.796
145,132,24,1361.866,2272.864,389.448
147,132,24,1320.998,3564.176,704.372
149,132,24,1234.454,4927.1201,1091.416
151,132,24,1083.0021,6373.312,1597.458
153,132,24,838.996,7955.0239,2307.8401
155,132,24,483.204,9662.5762,3348.772
157,132,24,22.838,11497.9043,4961.856
157,134,24,-1724.87,10551.2002,6430.7002
155,134,24,-1183.97,8986.9121,4525.5303
153,134,24,-724.806,7474.896,3224.9661
151,134,24,-372.62,6046.1279,2301.8301
149,134,24,-125.008,4704.48,1621.498
147,134,24,40.868,3420.9119,1084.204
145,134,24,134.624,2189.616,640.666
143,134,24,167.078,995.104,250.016
141,134,24,149.048,-185.856,-121.402
139,134,24,76.928,-1366.816,-498.83
137,134,24,-56.494,-2582.624,-917.126
135,134,24,-257.228,-3846.832,-1409.946
133,134,24,-543.304,-5190.416,-2022.9661
131,134,24,-936.358,-6617.248,-2822.2961
129,134,24,-1461.6321,-8131.2002,-3906.5
127,134,24,-2151.5801,-9765.1836,-5465.4941
125,134,24,-2997.7881,-11495.9678,-7833.4341
125,136,24,-4620.4883,-10396.3203,-9180.876
127,136,24,-3724.998,-8940.4482,-6568.9302
129,136,24,-2960.5261,-7527.168,-4785.1621
131,136,24,-2357.1221,-6185.52,-3514.6479
133,136,24,-1884.7361,-4890.3359,-2550.644
135,136,24,-1530.146,-3657.104,-1796.99
137,136,24,-1276.524,-2472.272,-1179.162
139,136,24,-1110.6481,-1326.16,-649.08
141,136,24,-1020.498,-209.088,-163.472
143,136,24,-1003.67,909.92,318.53
145,136,24,-1054.1541,2042.48,820.966
147,136,24,-1186.374,3196.3359,1382.3
149,136,24,-1402.734,4381.168,2050.6121
151,136,24,-1709.244,5598.9121,2876.386
153,136,24,-2127.54,6876.6719,3976.2161
155,136,24,-2646.804,8202.832,5490.7363
157,136,24,-3227.3701,9556.0957,7695.2041
157,138,24,-4500.2881,8584.2236,8786.6201
155,138,24,-3926.9341,7449.728,6395.8423
153,138,24,-3382.428,6297.8081,4701.022
151,138,24,-2925.668,5163.312,3449.74
149,138,24,-2578.29,4065.6001,2492.948
147,138,24,-2324.668,2983.376,1709.244
145,138,24,-2163.6001,1916.64,1039.73
143,138,24,-2095.0859,861.52,437.528
141,138,24,-2110.7122,-181.984,-137.028
139,138,24,-2211.6799,-1225.488,-715.19
137,138,24,-2402.7981,-2286.416,-1345.038
135,138,24,-2690.0759,-3370.5759,-2063.834
133,138,24,-3091.5439,-4493.4561,-2934.082
131,138,24,-3616.8181,-5647.312,-4029.104
129,138,24,-4275.5142,-6828.272,-5454.6763
127,138,24,-5080.854,-8044.0801,-7429.562
125,138,24,-5997.98,-9256.0156,-10289.1201
125,140,24,-7105.022,-8212.5117,-11185.8125
127,140,24,-6219.1479,-7205.792,-8201.2461
129,140,24,-5413.8081,-6171.9678,-6095.3423
131,140,24,-4743.0923,-5149.7598,-4550.772
133,140,24,-4190.1719,-4123.6802,-3342.762
135,140,24,-3762.26,-3113.0879,-2369.1421
137,140,24,-3447.3362,-2123.792,-1554.186
139,140,24,-3239.3901,-1155.792,-837.794
141,140,24,-3127.604,-193.6,-174.29
143,140,24,-3114.3821,766.656,483.204
145,140,24,-3188.906,1736.592,1174.354
147,140,24,-3363.196,2714.272,1937.624
149,140,24,-3633.646,3693.8879,2816.2861
151,140,24,-3999.054,4677.376,3878.854
153,140,24,-4466.6323,5680.2241,5251.5381
155,140,24,-5009.936,6679.2002,7085.79
157,140,24,-5560.4521,7649.1357,9666.4844
157,142,24,-6461.9521,6793.4238,10400.9063
155,142,24,-5969.1323,5976.4321,7733.668
153,142,24,-5447.4639,5116.8481,5792.438
151,142,24,-4978.6841,4235.9678,4315.1802
149,142,24,-4602.458,3362.832,3158.856
147,142,24,-4322.3921,2480.0159,2190.0439
145,142,24,-4137.2842,1599.136,1348.644
143,142,24,-4054.3462,720.192,586.576
141,142,24,-4067.5681,-154.88,-143.038
139,142,24,-4181.7583,-1026.08,-876.258
137,142,24,-4398.1182,-1905.024,-1665.972
135,142,24,-4723.8599,-2795.584,-2556.6541
133,142,24,-5167.3979,-3695.824,-3610.8081
131,142,24,-5731.1362,-4599.936,-4906.564
129,142,24,-6413.8721,-5496.3042,-6548.4961
127,142,24,-7218.0103,-6382.9922,-8760.1758
125,142,24,-8069.0264,-7221.2798,-11794.0244
125,144,24,-8851.5283,-6352.0161,-12230.3506
127,144,24,-8063.0161,-5647.312,-9284.248
129,144,24,-7296.1401,-4892.272,-6993.2363
131,144,24,-6626.626,-4123.6802,-5276.7803
133,144,24,-6055.6763,-3326.0481,-3907.7021
135,144,24,-5601.3203,-2532.2881,-2782.6301
137,144,24,-5264.7603,-1738.528,-1827.04
139,144,24,-5037.582,-944.768,-972.418
141,144,24,-4919.7861,-158.752,-173.088
143,144,24,-4902.958,625.328,616.626
145,144,24,-4985.896,1419.088,1444.8041
147,144,24,-5172.2061,2210.9121,2352.314
149,144,24,-5455.8779,2996.928,3387.2361
151,144,24,-5826.0942,3769.3921,4619.2861
153,144,24,-6285.2583,4537.9839,6171.0679
155,144,24,-6786.4922,5283.3437,8189.2261
157,144,24,-7243.252,6005.4722,10979.0684
157,146,24,-7921.1802,5308.5122,11433.4238
155,146,24,-7505.2881,4685.1201,8624.3506
153,146,24,-7031.7002,4028.8159,6543.688
151,146,24,-6595.374,3355.0879,4934.21
149,146,24,-6229.9663,2673.616,3642.0601
147,146,24,-5948.6982,1976.656,2545.8359
145,146,24,-5762.3882,1275.824,1587.842
143,146,24,-5677.0459,573.056,710.382
141,146,24,-5692.6719,-127.776,-133.422
139,146,24,-5810.4683,-828.608,-979.63
137,146,24,-6032.8379,-1531.376,-1884.7361
135,146,24,-6370.6001,-2238.0159,-2892.012
133,146,24,-6816.542,-2938.8479,-4066.366
131,146,24,-7367.0581,-3630.0,-5490.7363
129,146,24,-8017.3403,-4303.728,-7261.2822
127,146,24,-8751.7617,-4954.2241,-9607.5859
125,146,24,-9515.0322,-5567.936,-12523.6387
125,148,24,-10107.6182,-4870.9761,-12724.3721
127,148,24,-9382.8125,-4336.6401,-9924.9141
129,148,24,-8672.4297,-3773.2639,-7542.5503
131,148,24,-8038.9761,-3192.4639,-5732.3379
133,148,24,-7496.874,-2594.24,-4271.9082
135,148,24,-7048.5283,-1978.592,-3050.676
137,148,24,-6710.7661,-1362.944,-2000.1281
139,148,24,-6478.7803,-747.296,-1054.1541
141,148,24,-6360.9839,-127.776,-162.27
143,148,24,-6345.3579,491.744,723.604
145,148,24,-6428.2959,1113.2,1649.144
147,148,24,-6612.2021,1732.72,2652.814
149,148,24,-6888.6621,2338.688,3785.0981
151,148,24,-7244.4541,2933.04,5113.3081
153,148,24,-7669.9619,3519.6479,6767.2603
155,148,24,-8127.9243,4096.5762,8904.416
157,148,24,-8534.2002,4658.0161,11717.0967
157,150,24,-9069.0898,4067.5359,11919.0322
155,150,24,-8692.8643,3577.728,9173.6641
153,150,24,-8254.1338,3074.3679,7014.8721
151,150,24,-7835.8384,2561.3279,5327.2642
149,150,24,-7490.8643,2046.3519,3966.6001
147,150,24,-7224.02,1519.76,2803.064
145,150,24,-7041.3159,981.552,1762.1321
143,150,24,-6958.3779,439.472,806.542
141,150,24,-6975.2061,-102.608,-114.19
139,150,24,-7091.8003,-640.816,-1034.922
137,150,24,-7312.9683,-1179.024,-2013.3501
135,150,24,-7636.3062,-1715.296,-3092.7461
133,150,24,-8066.6221,-2247.696,-4341.624
131,150,24,-8590.6943,-2762.6719,-5835.71
129,150,24,-9207.3203,-3262.1599,-7673.5684
127,150,24,-9904.4805,-3748.0959,-10084.7803
125,150,24,-10629.2861,-4220.48,-12832.5518
125,152,24,-11092.0566,-3628.064,-12911.8838
127,152,24,-10390.0879,-3221.5039,-10259.0703
129,152,24,-9703.7461,-2803.3279,-7841.8481
131,152,24,-9099.1406,-2375.4719,-5982.354
133,152,24,-8579.876,-1934.064,-4471.4399
135,152,24,-8153.166,-1481.04,-3198.522
137,152,24,-7834.6362,-1022.208,-2093.884
139,152,24,-7612.2661,-557.568,-1086.608
141,152,24,-7489.6621,-94.864,-138.23
143,152,24,-7472.834,369.776,808.946
145,152,24,-7549.7622,836.352,1792.182
147,152,24,-7726.4561,1299.056,2851.144
149,152,24,-7989.6943,1750.144,4039.9221
151,152,24,-8329.8604,2189.616,5418.6162
153,152,24,-8733.7324,2631.0239,7121.8501
155,152,24,-9171.2598,3064.688,9293.8643
157,152,24,-9557.1025,3496.416,12041.6357
157,154,24,-9977.8018,2975.6321,12117.3623
155,154,24,-9603.9805,2600.0481,9438.1045
153,154,24,-9176.0684,2230.272,7263.686
151,154,24,-8774.6006,1856.624,5549.6343
149,154,24,-8441.6465,1482.976,4156.5161
147,154,24,-8179.6104,1099.6479,2952.1121
145,154,24,-8006.522,712.448,1873.9181
143,154,24,-7924.7861,321.376,879.864
141,154,24,-7940.4121,-73.568,-85.342
139,154,24,-8047.3901,-466.576,-1050.548
137,154,24,-8261.3457,-857.648,-2069.844
135,154,24,-8575.0684,-1244.848,-3191.3101
133,154,24,-8986.1523,-1622.368,-4475.0459
131,154,24,-9495.7998,-1994.08,-5999.1821
129,154,24,-10094.3965,-2354.176,-7863.4844
127,154,24,-10784.3438,-2706.5281,-10292.7266
125,154,24,-11499.5342,-3058.8799,-12934.7227
125,156,24,-11842.1045,-2532.2881,-12939.5303
127,156,24,-11130.5205,-2239.9519,-10342.0078
129,156,24,-10450.1885,-1949.552,-7931.998
131,156,24,-9853.9961,-1653.344,-6070.1001
133,156,24,-9349.1563,-1347.4559,-4542.3579
135,156,24,-8940.4766,-1033.824,-3249.0061
137,156,24,-8631.5625,-714.384,-2121.53
139,156,24,-8420.0098,-389.136,-1087.8101
141,156,24,-8308.2246,-63.888,-109.382
143,156,24,-8293.7998,259.424,860.632
145,156,24,-8375.5361,590.48,1870.312
147,156,24,-8548.624,913.792,2956.9202
149,156,24,-8805.8525,1231.296,4170.9399
151,156,24,-9135.2002,1539.12,5565.2603
153,156,24,-9530.6582,1848.88,7275.7061
155,156,24,-9959.7725,2154.7681,9442.9121
157,156,24,-10357.6338,2472.272,12128.1807
157,158,24,-10672.5586,1984.4,12102.9385
155,158,24,-10272.292,1724.976,9482.5781
153,158,24,-9839.5723,1471.36,7330.998
151,158,24,-9435.7002,1219.6801,5625.3599
149,158,24,-9109.958,971.872,4233.4438
147,158,24,-8853.9326,722.128,3018.2222
145,158,24,-8682.0459,462.704,1930.412
143,158,24,-8596.7041,205.216,920.732
141,158,24,-8607.5225,-52.272,-55.292
139,158,24,-8714.5,-307.824,-1030.114
137,158,24,-8916.4365,-563.376,-2063.834
135,158,24,-9216.9365,-816.992,-3199.7241
133,158,24,-9618.4043,-1066.736,-4491.874
131,158,24,-10117.2344,-1306.8,-6017.2119
129,158,24,-10713.4258,-1535.248,-7865.8882
127,158,24,-11394.96,-1765.632,-10257.8682
125,158,24,-12132.9883,-1999.8879,-12889.0459
125,160,24,-12355.3584,-1496.528,-12830.1484
127,160,24,-11619.7344,-1328.0959,-10209.7881
129,160,24,-10936.998,-1159.6639,-7846.6562
131,160,24,-10352.8262,-987.36,-6016.0103
133,160,24,-9860.0059,-811.184,-4503.894
135,160,24,-9462.1445,-625.328,-3217.7542
137,160,24,-9164.0479,-433.664,-2092.6821
139,160,24,-8962.1123,-238.128,-1061.366
141,160,24,-8858.7402,-40.656,-85.342
143,160,24,-8845.5186,158.752,889.48
145,160,24,-8924.8506,358.16,1899.16
147,160,24,-9089.5244,553.696,2984.5662
149,160,24,-9341.9443,743.424,4188.9702
151,160,24,-9666.4844,929.28,5573.6743
153,160,24,-10059.5381,1115.136,7258.8779
155,160,24,-10503.0762,1304.864,9385.2158
157,160,24,-10929.7861,1508.144,12030.8184
157,162,24,-11134.126,1041.568,11923.8398
155,162,24,-10694.1943,898.304,9335.9346
153,162,24,-10250.6563,766.656,7240.8481
151,162,24,-9841.9766,633.072,5577.2803
149,162,24,-9512.6279,505.296,4207.0
147,162,24,-9262.6123,373.648,3013.4141
145,162,24,-9095.5342,238.128,1940.0281
143,162,24,-9013.7979,102.608,939.964
141,162,24,-9023.4141,-36.784,-28.848
139,162,24,-9121.9785,-172.304,-997.66
137,162,24,-9315.5,-307.824,-2016.9561
135,162,24,-9603.9805,-435.6,-3131.21
133,162,24,-9991.0244,-559.504,-4399.3203
131,162,24,-10476.6318,-675.664,-5889.8003
129,162,24,-11064.4102,-782.144,-7694.002
127,162,24,-11750.752,-886.688,-10024.6807
125,162,24,-12498.3965,-991.232,-12706.3418
125,164,24,-12578.9307,-511.104,-12574.1221
127,164,24,-11843.3066,-472.384,-9872.0264
129,164,24,-11162.9746,-429.792,-7602.6499
131,164,24,-10584.8125,-383.328,-5830.9023
133,164,24,-10107.6182,-325.248,-4368.0679
135,164,24,-9726.584,-261.36,-3125.2
137,164,24,-9441.71,-187.792,-2027.774
139,164,24,-9249.3906,-108.416,-1018.094
141,164,24,-9152.0283,-25.168,-58.898
143,164,24,-9141.21,58.08,895.49
145,164,24,-9216.9365,143.264,1883.5341
147,164,24,-9381.6104,220.704,2946.1021
149,164,24,-9626.8184,296.208,4120.4561
151,164,24,-9946.5498,365.904,5465.4941
153,164,24,-10342.0078,433.664,7093.002
155,164,24,-10797.5664,503.36,9135.2002
157,164,24,-11268.75,584.672,11749.5498
157,166,24,-11349.2842,141.328,11574.0586
155,166,24,-10866.0801,123.904,9001.7783
153,166,24,-10409.3203,110.352,7010.064
151,166,24,-10006.6504,94.864,5417.4141
149,166,24,-9677.3018,73.568,4097.6182
147,166,24,-9434.498,56.144,2944.9001
145,166,24,-9271.0264,30.976,1902.766
143,166,24,-9192.8965,1.936,932.752
141,166,24,-9198.9063,-27.104,-7.212
139,166,24,-9289.0566,-56.144,-948.378
137,166,24,-9472.9619,-79.376,-1935.2201
135,166,24,-9747.0186,-96.8,-3012.2122
133,166,24,-10114.8301,-104.544,-4228.6362
131,166,24,-10582.4082,-102.608,-5657.814
129,166,24,-11154.5605,-87.12,-7385.0879
127,166,24,-11833.6904,-63.888,-9601.5762
125,166,24,-12581.334,-34.848,-12321.7021
125,168,24,-12533.2539,414.304,-12052.4541
127,168,24,-11789.2158,317.504,-9356.3682
129,168,24,-11124.5098,234.256,-7218.0103
131,168,24,-10575.1963,164.56,-5552.0381
133,168,24,-10119.6387,106.48,-4164.9302
135,168,24,-9757.8359,61.952,-2973.748
137,168,24,-9490.9922,27.104,-1924.402
139,168,24,-9311.8945,1.936,-959.196
141,168,24,-9221.7441,-17.424,-39.666
143,168,24,-9209.7246,-36.784,879.864
145,168,24,-9285.4502,-58.08,1829.4441
147,168,24,-9442.9121,-81.312,2848.74
149,168,24,-9682.1104,-114.224,3972.6101
151,168,24,-9993.4277,-152.944,5252.7402
153,168,24,-10386.4824,-199.408,6798.5122
155,168,24,-10850.4541,-247.808,8734.9346
157,168,24,-11352.8906,-292.336,11277.1641
157,170,24,-11301.2041,-706.64,10958.6338
155,170,24,-10793.96,-602.096,8529.3926
153,170,24,-10333.5938,-495.616,6659.0801
151,170,24,-9934.5303,-400.752,5155.3779
149,170,24,-9624.4141,-315.568,3914.9141
147,170,24,-9388.8223,-234.256,2821.094
145,170,24,-9233.7646,-160.688,1828.2421
143,170,24,-9156.8359,-92.928,905.106
141,170,24,-9162.8457,-25.168,10.818
139,170,24,-9249.3906,44.528,-883.47
137,170,24,-9416.4678,118.096,-1821.03
135,170,24,-9671.292,201.344,-2843.9321
133,170,24,-10015.0645,298.144,-3993.0442
131,170,24,-10453.7939,406.56,-5338.082
129,170,24,-10994.6943,534.336,-6951.166
127,170,24,-11643.7744,681.472,-9008.9902
125,170,24,-12405.8418,846.032,-11713.4902
125,172,24,-12212.3203,1244.848,-11346.8799
127,172,24,-11471.8887,1016.4,-8706.0859
129,172,24,-10840.8379,813.12,-6733.604
131,172,24,-10327.584,636.944,-5181.8223
133,172,24,-9908.0859,476.256,-3892.0762
135,172,24,-9579.9404,336.864,-2781.428
137,172,24,-9334.7324,209.088,-1798.192
139,172,24,-9170.0586,92.928,-883.47
141,172,24,-9088.3223,-17.424,-16.828
143,172,24,-9083.5146,-127.776,847.41
145,172,24,-9150.8262,-238.128,1745.3041
147,172,24,-9297.4697,-356.224,2703.2981
149,172,24,-9519.8398,-484.0,3757.4521
151,172,24,-9817.9365,-621.456,4960.6543
153,172,24,-10194.1621,-774.4,6400.6499
155,172,24,-10652.124,-940.896,8200.0439
157,172,24,-11170.1865,-1107.392,10551.1563
157,174,24,-10983.876,-1484.912,10144.8799
155,174,24,-10476.6318,-1256.464,7923.584
153,174,24,-10035.498,-1037.696,6213.1382
151,174,24,-9652.0605,-842.16,4823.626
149,174,24,-9365.9844,-660.176,3672.1101
147,174,24,-9153.2305,-489.808,2651.6121
145,174,24,-9011.3945,-331.056,1728.4761
143,174,24,-8942.8799,-180.048,866.642
141,174,24,-8946.4863,-30.976,28.848
139,174,24,-9022.2119,120.032,-807.744
137,174,24,-9172.4619,276.848,-1684.0021
135,174,24,-9400.8418,445.28,-2633.582
133,174,24,-9710.958,629.2,-3697.3521
131,174,24,-10107.6182,836.352,-4937.8159
129,174,24,-10596.832,1060.928,-6417.478
127,174,24,-11207.4482,1320.3521,-8307.0225
125,174,24,-11934.6582,1606.88,-10848.0498
125,176,24,-11611.3203,1936.0,-10351.624
127,176,24,-10915.3623,1593.328,-7957.2402
129,176,24,-10346.8164,1285.504,-6165.0581
131,176,24,-9886.4502,1014.464,-4757.5161
133,176,24,-9516.2344,772.464,-3578.354
135,176,24,-9222.9463,551.76,-2556.6541
137,176,24,-9006.5859,348.48,-1647.942
139,176,24,-8865.9521,156.816,-801.734
141,176,24,-8790.2266,-25.168,1.202
143,176,24,-8784.2158,-209.088,807.744
145,176,24,-8845.5186,-394.944,1637.124
147,176,24,-8975.334,-590.48,2524.2
149,176,24,-9174.8662,-795.696,3497.8201
151,176,24,-9441.71,-1020.272,4598.8521
153,176,24,-9784.2803,-1268.08,5913.8403
155,176,24,-10210.9902,-1541.056,7541.3481
157,176,24,-10718.2344,-1837.264,9671.292
157,178,24,-10392.4922,-2152.832,9201.3105
155,178,24,-9915.2979,-1802.416,7215.606
153,178,24,-9511.4258,-1486.848,5677.0459
151,178,24,-9188.0879,-1200.3199,4431.7739
149,178,24,-8940.4766,-942.832,3387.2361
147,178,24,-8756.5703,-700.832,2460.4941
145,178,24,-8636.3701,-472.384,1613.084
143,178,24,-8576.2705,-255.552,816.158
141,178,24,-8581.0781,-40.656,46.878
139,178,24,-8645.9863,172.304,-721.2
137,178,24,-8777.0039,393.008,-1525.338
135,178,24,-8972.9297,627.264,-2394.384
133,178,24,-9239.7744,880.88,-3363.196
131,178,24,-9583.5459,1161.6,-4487.0659
129,178,24,-10007.8525,1473.296,-5818.8823
127,178,24,-10546.3486,1825.6479,-7519.7119
125,178,24,-11202.6406,2220.592,-9784.2803
125,180,24,-10748.2842,2460.656,-9232.5625
127,180,24,-10150.8906,2013.4399,-7125.4561
129,180,24,-9666.4844,1624.304,-5544.8262
131,180,24,-9280.6426,1281.632,-4288.7358
133,180,24,-8968.1221,973.808,-3227.3701
135,180,24,-8724.1162,693.088,-2305.436
137,180,24,-8540.21,437.536,-1479.662
139,180,24,-8418.8086,189.728,-709.18
141,180,24,-8353.9004,-44.528,22.838
143,180,24,-8345.4863,-282.656,759.664
145,180,24,-8395.9697,-524.656,1515.722
147,180,24,-8502.9482,-778.272,2323.4661
149,180,24,-8662.8145,-1045.4399,3199.7241
151,180,24,-8883.9824,-1333.9041,4184.1621
153,180,24,-9176.0684,-1653.344,5358.5161
155,180,24,-9540.2744,-2015.376,6803.3203
157,180,24,-9983.8125,-2421.936,8671.2285
157,180,26,-7897.1401,-1901.152,8589.4922
155,180,26,-7950.0283,-1632.048,6840.582
153,180,26,-7897.1401,-1370.688,5430.6362
151,180,26,-7816.606,-1120.944,4261.0898
149,180,26,-7731.2642,-888.624,3267.0361
147,180,26,-7663.9521,-669.856,2376.354
145,180,26,-7618.2764,-456.896,1548.176
143,180,26,-7596.6401,-251.68,770.482
141,180,26,-7609.8623,-50.336,9.616
139,180,26,-7651.9321,152.944,-745.24
137,180,26,-7726.4561,360.096,-1534.954
135,180,26,-7835.8384,578.864,-2381.1621
133,180,26,-7960.8462,815.056,-3322.3281
131,180,26,-8103.8843,1066.736,-4398.1182
129,180,26,-8242.1143,1337.776,-5661.4199
127,180,26,-8338.2744,1633.984,-7222.8184
125,180,26,-8286.5879,1953.424,-9236.168
125,178,26,-8577.4717,1742.4,-9769.8564
127,178,26,-8621.9463,1463.616,-7661.5483
129,178,26,-8508.958,1200.3199,-6005.1919
131,178,26,-8352.6982,954.448,-4672.1743
133,178,26,-8189.2261,727.936,-3533.8801
135,178,26,-8042.582,518.848,-2544.634
137,178,26,-7924.7861,325.248,-1651.548
139,178,26,-7839.4443,139.392,-822.168
141,178,26,-7788.96,-38.72,-30.05
143,178,26,-7774.5361,-216.832,760.866
145,178,26,-7798.5762,-398.816,1579.428
147,178,26,-7852.666,-584.672,2443.666
149,178,26,-7931.998,-778.272,3381.2261
151,178,26,-8029.3604,-981.552,4430.5723
153,178,26,-8126.7222,-1200.3199,5667.4302
155,178,26,-8186.8223,-1426.832,7165.1221
157,178,26,-8125.52,-1655.28,9049.8584
157,176,26,-8317.8398,-1364.88,9499.4063
155,176,26,-8397.1719,-1190.64,7538.9443
153,176,26,-8340.6777,-1006.72,5965.5259
151,176,26,-8236.1045,-828.608,4664.9619
149,176,26,-8129.126,-656.304,3556.718
147,176,26,-8041.3804,-493.68,2575.886
145,176,26,-7977.6743,-334.928,1668.376
143,176,26,-7952.4321,-183.92,820.966
141,176,26,-7968.0581,-32.912,-6.01
139,176,26,-8018.542,120.032,-832.986
137,176,26,-8112.2983,276.848,-1697.224
135,176,26,-8237.3057,447.216,-2626.3701
133,176,26,-8394.7686,627.264,-3663.696
131,176,26,-8575.0684,818.928,-4857.2822
129,176,26,-8749.3584,1028.016,-6262.4199
127,176,26,-8874.3662,1248.72,-8017.3403
125,176,26,-8822.6797,1481.04,-10277.1006
125,174,26,-9011.3945,1194.512,-10754.2939
127,174,26,-9070.292,1004.784,-8415.2021
129,174,26,-8938.0723,822.8,-6578.5459
131,174,26,-8751.7617,654.368,-5108.5
133,174,26,-8559.4424,495.616,-3863.228
135,174,26,-8386.3545,350.416,-2779.0242
137,174,26,-8246.9219,216.832,-1807.808
139,174,26,-8145.9541,92.928,-908.712
141,174,26,-8089.46,-29.04,-48.08
143,174,26,-8076.2383,-147.136,810.148
145,174,26,-8101.48,-267.168,1691.214
147,174,26,-8167.5903,-389.136,2627.572
149,174,26,-8264.9521,-516.912,3656.4841
151,174,26,-8375.5361,-648.56,4801.9902
153,174,26,-8487.3223,-789.888,6167.4619
155,174,26,-8547.4219,-925.408,7816.606
157,174,26,-8452.4639,-1047.376,9896.0664
157,172,26,-8528.1904,-702.768,10285.5146
155,172,26,-8658.0059,-638.88,8148.3579
153,172,26,-8612.3301,-551.76,6425.8921
151,172,26,-8504.1504,-456.896,5009.936
149,172,26,-8386.3545,-363.968,3809.1382
147,172,26,-8285.3857,-276.848,2747.772
145,172,26,-8218.0742,-191.664,1775.354
143,172,26,-8188.0239,-106.48,861.834
141,172,26,-8201.2461,-23.232,-24.04
139,172,26,-8260.1445,60.016,-912.318
137,172,26,-8367.1221,149.072,-1843.868
135,172,26,-8513.7666,245.872,-2847.5381
133,172,26,-8692.8643,356.224,-3973.812
131,172,26,-8898.4063,472.384,-5269.5679
129,172,26,-9093.1299,594.352,-6808.1279
127,172,26,-9225.3506,729.872,-8725.3184
125,172,26,-9152.0283,863.456,-11190.6201
125,170,26,-9227.7539,505.296,-11576.4619
127,170,26,-9321.5098,422.048,-9079.9082
129,170,26,-9195.2998,338.8,-7088.1943
131,170,26,-8993.3643,259.424,-5496.7461
133,170,26,-8781.8125,185.856,-4146.8999
135,170,26,-8588.29,123.904,-2984.5662
137,170,26,-8432.0303,67.76,-1944.8361
139,170,26,-8321.4463,21.296,-984.438
141,170,26,-8255.3359,-23.232,-69.716
143,170,26,-8239.71,-65.824,842.602
145,170,26,-8267.3564,-108.416,1787.374
147,170,26,-8337.0723,-151.008,2787.438
149,170,26,-8440.4443,-197.472,3884.864
151,170,26,-8560.6445,-243.936,5112.106
153,170,26,-8667.6221,-288.464,6582.1523
155,170,26,-8709.6924,-323.312,8362.3145
157,170,26,-8555.8359,-332.992,10610.0537
157,168,26,-8519.7764,42.592,10914.1602
155,168,26,-8712.0957,-1.936,8625.5518
153,168,26,-8692.8643,-19.36,6790.0981
151,168,26,-8590.6943,-23.232,5281.5879
149,168,26,-8472.8984,-23.232,4015.8821
147,168,26,-8369.5264,-23.232,2887.2041
145,168,26,-8296.2041,-23.232,1858.292
143,168,26,-8264.9521,-21.296,893.086
141,168,26,-8281.7803,-23.232,-46.878
139,168,26,-8349.0918,-21.296,-983.236
137,168,26,-8465.6865,-15.488,-1966.472
135,168,26,-8625.5518,-5.808,-3032.646
133,168,26,-8822.6797,15.488,-4233.4438
131,168,26,-9039.04,40.656,-5622.9561
129,168,26,-9244.582,67.76,-7266.0903
127,168,26,-9369.5898,98.736,-9329.9238
125,168,26,-9249.3906,120.032,-11876.9619
125,166,26,-9204.916,-280.72,-12122.1699
127,166,26,-9353.9639,-251.68,-9617.2021
129,166,26,-9243.3799,-226.512,-7494.4702
131,166,26,-9040.2422,-203.28,-5805.6602
133,166,26,-8815.4678,-180.048,-4378.8862
135,166,26,-8613.5322,-149.072,-3151.644
137,166,26,-8444.0498,-112.288,-2061.4299
139,166,26,-8323.8506,-71.632,-1050.548
141,166,26,-8251.7305,-25.168,-91.352
143,166,26,-8230.0938,21.296,864.238
145,166,26,-8258.9424,67.76,1851.0801
147,166,26,-8332.2637,114.224,2901.6282
149,166,26,-8436.8379,160.688,4051.9421
151,166,26,-8552.2305,211.024,5345.2939
153,166,26,-8649.5918,265.232,6892.2681
155,166,26,-8655.6025,331.056,8773.3984
157,166,26,-8428.4238,429.792,11150.9541
157,164,26,-8280.5781,826.672,11355.2939
155,164,26,-8552.2305,675.664,8969.3242
153,164,26,-8569.0586,555.632,7050.9321
151,164,26,-8481.3125,449.152,5470.3022
149,164,26,-8367.1221,354.288,4146.8999
147,164,26,-8264.9521,257.488,2973.748
145,164,26,-8191.6304,162.624,1905.17
143,164,26,-8160.3779,67.76,905.106
141,164,26,-8183.2163,-27.104,-66.11
139,164,26,-8252.9326,-120.032,-1038.5281
137,164,26,-8377.9404,-212.96,-2063.834
135,164,26,-8545.0186,-292.336,-3173.28
133,164,26,-8751.7617,-375.584,-4420.9561
131,164,26,-8977.7383,-453.024,-5878.9819
129,164,26,-9179.6738,-530.464,-7617.0742
127,164,26,-9281.8438,-605.968,-9790.29
125,164,26,-9099.1406,-698.896,-12325.3086
125,162,26,-8935.668,-1126.752,-12482.7705
127,162,26,-9158.0381,-985.424,-9989.8223
129,162,26,-9069.0898,-853.776,-7776.9399
131,162,26,-8874.3662,-724.064,-6017.2119
133,162,26,-8647.1885,-594.352,-4537.5503
135,162,26,-8436.8379,-458.832,-3267.0361
137,162,26,-8258.9424,-319.44,-2139.5601
139,162,26,-8129.126,-176.176,-1101.032
141,162,26,-8053.4004,-32.912,-114.19
143,162,26,-8029.3604,110.352,865.44
145,162,26,-8053.4004,259.424,1878.7261
147,162,26,-8126.7222,406.56,2958.1221
149,162,26,-8230.0938,553.696,4145.6982
151,162,26,-8337.0723,700.832,5488.332
153,162,26,-8415.2021,855.712,7085.79
155,162,26,-8386.3545,1026.08,9041.4443
157,162,26,-8078.6421,1229.36,11483.9082
157,160,26,-7828.626,1641.728,11572.8564
155,160,26,-8174.8022,1393.92,9148.4219
153,160,26,-8228.8926,1169.344,7173.5361
151,160,26,-8157.9741,960.256,5552.0381
149,160,26,-8053.4004,762.784,4196.1821
147,160,26,-7954.8359,563.376,3001.394
145,160,26,-7882.7163,362.032,1912.3821
143,160,26,-7855.0703,162.624,896.692
141,160,26,-7876.7061,-36.784,-91.352
139,160,26,-7953.6343,-234.256,-1079.396
137,160,26,-8082.248,-431.728,-2120.3281
135,160,26,-8256.5381,-621.456,-3257.4202
133,160,26,-8472.8984,-813.12,-4543.5601
131,160,26,-8697.6719,-998.976,-6038.8481
129,160,26,-8891.1943,-1184.832,-7823.8184
127,160,26,-8965.7178,-1370.688,-10061.9424
125,160,26,-8715.7021,-1568.16,-12586.1426
125,158,26,-8444.0498,-2019.248,-12635.4238
127,158,26,-8728.9238,-1773.376,-10170.1221
129,158,26,-8671.2285,-1535.248,-7918.7764
131,158,26,-8481.3125,-1297.12,-6120.584
133,158,26,-8254.1338,-1057.056,-4613.2759
135,158,26,-8035.3701,-809.248,-3323.53
137,158,26,-7853.8682,-557.568,-2181.6301
139,158,26,-7718.042,-305.888,-1133.486
141,158,26,-7633.9023,-46.464,-143.038
143,158,26,-7603.8521,207.152,846.208
145,158,26,-7630.2959,462.704,1865.504
147,158,26,-7701.2144,720.192,2953.314
149,158,26,-7800.98,973.808,4150.5059
151,158,26,-7903.1499,1227.424,5512.3721
153,158,26,-7965.6543,1486.848,7138.6782
155,158,26,-7898.3423,1757.8879,9135.2002
157,158,26,-7530.5303,2057.968,11600.502
157,156,26,-7191.5659,2487.76,11610.1182
155,156,26,-7595.438,2148.96,9150.8262
153,156,26,-7672.3662,1825.6479,7149.4961
151,156,26,-7620.6802,1512.016,5519.584
149,156,26,-7517.3081,1206.1281,4157.7183
147,156,26,-7419.9463,892.496,2959.324
145,156,26,-7347.8262,578.864,1875.12
143,156,26,-7321.3823,263.296,864.238
141,156,26,-7346.624,-52.272,-115.392
139,156,26,-7425.9561,-365.904,-1101.032
137,156,26,-7560.5801,-681.472,-2141.9641
135,156,26,-7739.6782,-987.36,-3279.0562
133,156,26,-7959.644,-1293.248,-4561.5898
131,156,26,-8189.2261,-1593.328,-6067.6963
129,156,26,-8379.1426,-1889.536,-7871.8979
127,156,26,-8428.4238,-2181.8721,-10143.6777
125,156,26,-8119.5103,-2478.0801,-12651.0498
125,154,26,-7760.1123,-2944.656,-12633.0205
127,154,26,-8078.6421,-2613.6001,-10149.6885
129,154,26,-8035.3701,-2270.928,-7874.3022
131,154,26,-7849.0601,-1924.384,-6079.7163
133,154,26,-7617.0742,-1566.224,-4580.8223
135,154,26,-7391.0981,-1200.3199,-3304.2981
137,154,26,-7201.1821,-826.672,-2175.6201
139,154,26,-7060.5483,-449.152,-1143.1021
141,154,26,-6976.4082,-73.568,-169.482
143,154,26,-6949.9644,303.952,798.128
145,154,26,-6976.4082,685.344,1799.394
147,154,26,-7049.73,1060.928,2876.386
149,154,26,-7154.3042,1430.704,4060.356
151,154,26,-7255.272,1796.608,5412.606
153,154,26,-7315.3721,2162.512,7034.104
155,154,26,-7231.2319,2534.2239,9033.0303
157,154,26,-6809.3301,2923.3599,11539.2002
157,152,26,-6391.0342,3384.1279,11433.4238
155,152,26,-6823.7539,2958.208,8954.9004
153,152,26,-6913.9043,2530.3521,6963.186
151,152,26,-6858.6123,2106.3679,5351.3042
149,152,26,-6752.8359,1682.384,4015.8821
147,152,26,-6647.0601,1248.72,2842.73
145,152,26,-6571.334,811.184,1789.7781
143,152,26,-6544.8901,367.84,806.542
141,152,26,-6568.9302,-77.44,-144.24
139,152,26,-6651.8682,-516.912,-1097.426
137,152,26,-6792.502,-956.384,-2107.106
135,152,26,-6984.8223,-1391.984,-3211.7441
133,152,26,-7214.4043,-1823.712,-4470.2383
131,152,26,-7449.9961,-2239.9519,-5951.1021
129,152,26,-7642.3159,-2648.448,-7739.6782
127,152,26,-7689.1943,-3047.2639,-10003.0439
125,152,26,-7355.0381,-3434.4639,-12563.3047
125,150,26,-6909.0962,-3953.312,-12443.1045
127,150,26,-7234.8379,-3529.3279,-9885.248
129,150,26,-7183.1523,-3074.3679,-7645.9224
131,150,26,-6981.2163,-2609.728,-5886.1943
133,150,26,-6732.4023,-2121.856,-4426.9663
135,150,26,-6492.002,-1622.368,-3190.1082
137,150,26,-6292.4702,-1117.072,-2109.51
139,150,26,-6145.8262,-609.84,-1123.87
141,150,26,-6059.2822,-100.672,-194.724
143,150,26,-6034.04,410.432,729.614
145,150,26,-6065.292,923.472,1687.608
147,150,26,-6144.624,1430.704,2716.52
149,150,26,-6257.6123,1926.3199,3856.0161
151,150,26,-6371.8022,2418.064,5169.8022
153,150,26,-6441.5181,2904.0,6761.25
155,150,26,-6359.7822,3386.064,8731.3281
157,150,26,-5924.6582,3870.064,11231.4883
157,148,26,-5418.6162,4385.04,10961.0381
155,148,26,-5842.9219,3862.3201,8520.9785
153,148,26,-5916.2441,3322.176,6583.354
151,148,26,-5841.7202,2766.5439,5024.3599
149,148,26,-5720.3179,2210.9121,3744.23
147,148,26,-5602.522,1637.856,2632.3801
145,148,26,-5518.3823,1060.928,1637.124
143,148,26,-5484.7261,480.128,719.998
141,148,26,-5509.9683,-102.608,-168.28
139,148,26,-5595.3101,-677.6,-1058.962
137,148,26,-5740.752,-1254.528,-2006.1381
135,148,26,-5945.0923,-1833.392,-3048.272
133,148,26,-6191.502,-2408.384,-4250.272
131,148,26,-6448.73,-2969.824,-5675.8442
129,148,26,-6663.8882,-3508.032,-7401.916
127,148,26,-6732.4023,-4024.9441,-9614.7979
125,148,26,-6417.478,-4508.9438,-12242.3701
125,146,26,-5876.5781,-5114.9121,-11992.3545
127,146,26,-6155.4419,-4578.6401,-9355.166
129,146,26,-6066.4941,-3992.032,-7191.5659
131,146,26,-5834.5083,-3376.384,-5505.1602
133,146,26,-5561.6543,-2737.5039,-4127.668
135,146,26,-5309.2339,-2088.9441,-2968.9399
137,146,26,-5102.4902,-1438.448,-1966.472
139,146,26,-4951.0381,-784.08,-1058.962
141,146,26,-4864.4941,-133.584,-210.35
143,146,26,-4839.252,520.784,634.656
145,146,26,-4874.1099,1177.088,1508.51
147,146,26,-4959.4521,1831.4559,2458.0901
149,146,26,-5083.2583,2480.0159,3523.062
151,146,26,-5214.2759,3113.0879,4755.1123
153,146,26,-5306.8301,3738.416,6264.8242
155,146,26,-5259.9521,4350.1919,8153.166
157,146,26,-4864.4941,4938.7358,10564.3779
157,144,26,-4268.3022,5535.0239,10108.8203
155,144,26,-4625.2959,4888.3999,7779.3442
153,144,26,-4648.1343,4204.9922,5963.1221
151,144,26,-4538.752,3498.3521,4509.9043
149,144,26,-4395.7139,2783.968,3328.3381
147,144,26,-4267.1001,2057.968,2321.062
145,144,26,-4178.1519,1328.0959,1429.178
143,144,26,-4144.4961,598.224,608.212
141,144,26,-4166.1318,-131.648,-180.3
139,144,26,-4252.6763,-857.648,-974.822
137,144,26,-4401.7241,-1589.4559,-1827.04
135,144,26,-4608.4683,-2319.3279,-2770.6101
133,144,26,-4859.686,-3049.2,-3868.0361
131,144,26,-5142.1562,-3775.2,-5192.6401
129,144,26,-5395.7783,-4479.9038,-6818.9463
127,144,26,-5521.9883,-5161.376,-8928.4561
125,144,26,-5277.9819,-5778.96,-11631.7539
125,142,26,-4600.0542,-6510.7681,-11134.126
127,142,26,-4780.354,-5798.3198,-8476.5039
129,142,26,-4622.8921,-5023.9199,-6457.144
131,142,26,-4354.8462,-4226.2881,-4905.3623
133,142,26,-4073.5781,-3409.2959,-3651.676
135,142,26,-3816.3501,-2590.3679,-2615.552
137,142,26,-3608.4041,-1773.376,-1735.688
139,142,26,-3461.76,-962.192,-945.974
141,142,26,-3378.822,-162.624,-215.158
143,142,26,-3355.9841,644.688,514.456
145,142,26,-3388.438,1453.936,1271.7161
147,142,26,-3474.9822,2267.0559,2096.2881
149,142,26,-3601.1921,3076.304,3033.8481
151,142,26,-3747.8362,3875.8721,4131.2739
153,142,26,-3875.248,4673.5039,5499.1499
155,142,26,-3887.2681,5455.6479,7239.646
157,142,26,-3586.7681,6197.1357,9500.6084
157,140,26,-2823.498,6913.4561,8796.2363
155,140,26,-3063.8979,6073.2319,6662.686
153,140,26,-3023.03,5188.48,5029.168
151,140,26,-2884.8,4290.1758,3758.6541
149,140,26,-2734.55,3401.552,2746.5701
147,140,26,-2607.1379,2507.1199,1893.15
145,140,26,-2520.594,1616.5599,1147.91
143,140,26,-2490.5439,729.872,471.184
141,140,26,-2512.1799,-154.88,-181.502
139,140,26,-2591.512,-1033.824,-837.794
137,140,26,-2728.54,-1922.448,-1545.772
135,140,26,-2924.4661,-2824.624,-2345.1021
133,140,26,-3170.876,-3736.48,-3288.6721
131,140,26,-3453.3459,-4658.0161,-4451.0059
129,140,26,-3727.4021,-5566.0,-5900.6182
127,140,26,-3911.3081,-6468.1758,-7820.2119
125,140,26,-3787.502,-7321.9521,-10403.3105
125,138,26,-2863.1641,-8183.4722,-9527.0518
127,138,26,-2931.678,-7188.3682,-7126.6582
129,138,26,-2735.752,-6154.5439,-5346.4961
131,138,26,-2466.5042,-5116.8481,-4009.8721
133,138,26,-2199.6602,-4092.7039,-2960.5261
135,138,26,-1970.078,-3084.0481,-2110.7122
137,138,26,-1790.98,-2102.4961,-1402.734
139,138,26,-1661.1641,-1132.5599,-777.694
141,138,26,-1586.64,-181.984,-204.34
143,138,26,-1563.802,770.528,361.802
145,138,26,-1585.438,1736.592,957.994
147,138,26,-1657.558,2706.5281,1607.074
149,138,26,-1772.9501,3684.208,2354.718
151,138,26,-1912.3821,4671.5679,3253.814
153,138,26,-2051.814,5682.1602,4401.7241
155,138,26,-2114.3181,6690.8159,5894.6079
157,138,26,-1928.0081,7680.1118,7894.7363
157,136,26,-884.672,8473.8721,6858.6123
155,136,26,-1028.912,7345.1841,5073.6421
153,136,26,-962.802,6201.0078,3745.4321
151,136,26,-838.996,5074.2559,2742.9641
149,136,26,-721.2,3986.2239,1967.6741
147,136,26,-627.444,2923.3599,1331.816
145,136,26,-568.546,1875.984,788.512
143,136,26,-552.92,851.84,299.298
141,136,26,-573.354,-168.432,-168.28
139,136,26,-638.262,-1186.7679,-644.272
137,136,26,-745.24,-2224.4639,-1161.1321
135,136,26,-896.692,-3289.2639,-1758.526
133,136,26,-1092.618,-4386.9761,-2478.5239
131,136,26,-1327.0081,-5533.0879,-3393.2461
129,136,26,-1573.418,-6702.4321,-4572.4082
127,136,26,-1769.344,-7908.5601,-6177.0781
125,136,26,-1732.082,-9099.2002,-8398.374
125,134,26,-443.538,-9980.0801,-7126.6582
127,134,26,-469.982,-8601.6484,-5184.2261
129,134,26,-310.116,-7232.896,-3793.512
131,134,26,-114.19,-5926.0962,-2791.0439
133,134,26,63.706,-4677.376,-2033.7841
135,134,26,212.754,-3484.8,-1441.198
137,134,26,324.54,-2352.24,-964.004
139,134,26,406.276,-1256.464,-554.122
141,134,26,459.164,-185.856,-185.108
143,134,26,482.002,882.816,177.896
145,134,26,483.204,1963.104,556.526
147,134,26,455.558,3072.4319,982.034
149,134,26,401.468,4216.6079,1485.672
151,134,26,325.742,5395.6318,2110.7122
153,134,26,241.602,6638.5439,2936.4861
155,134,26,197.128,7935.6641,4057.9521
157,134,26,323.338,9248.2715,5616.9463
157,132,26,1730.88,9993.6318,4220.2222
155,132,26,1591.448,8500.9756,2970.1421
153,132,26,1584.2361,7058.6558,2089.0759
151,132,26,1603.468,5695.7119,1461.6321
149,132,26,1619.094,4427.6318,1003.67
147,132,26,1620.296,3219.5679,645.474
145,132,26,1609.478,2059.9041,353.388
143,132,26,1587.842,938.96,96.16
141,132,26,1562.6,-164.56,-147.846
139,132,26,1528.944,-1268.08,-397.862
137,132,26,1483.2681,-2406.448,-679.13
135,132,26,1425.572,-3597.0879,-1018.094
133,132,26,1351.048,-4865.168,-1448.41
131,132,26,1253.686,-6216.4961,-2019.36
129,132,26,1145.506,-7653.0078,-2794.6501
127,132,26,1056.558,-9205.6797,-3914.9141
125,132,26,1111.85,-10822.2402,-5538.8159
125,130,26,2912.446,-11534.6875,-3769.4722
127,130,26,2767.0042,-9691.6162,-2560.26
129,130,26,2729.7419,-7978.2559,-1769.344
131,130,26,2710.51,-6417.8398,-1244.0701
133,130,26,2691.2781,-4983.2642,-882.268
135,130,26,2673.248,-3666.7839,-627.444
137,130,26,2662.4299,-2445.168,-437.528
139,130,26,2661.228,-1287.4399,-287.278
141,130,26,2675.6521,-174.24,-161.068
143,130,26,2706.9041,942.832,-39.666
145,130,26,2758.5901,2085.072,85.342
147,130,26,2823.498,3271.8401,234.39
149,130,26,2898.022,4522.4961,425.508
151,130,26,2979.7581,5858.3359,686.342
153,130,26,3065.1001,7323.8882,1073.386
155,130,26,3178.0881,8923.0244,1657.558
157,130,26,3384.832,10634.4482,2554.25
157,128,26,5259.9521,11089.4082,747.644
155,128,26,4923.3921,9188.2559,289.682
153,128,26,4656.5479,7459.4082,42.07
151,128,26,4423.3599,5916.416,-78.13
149,128,26,4221.4243,4543.792,-129.816
147,128,26,4051.9421,3273.7759,-145.442
145,128,26,3923.3281,2088.9441,-144.24
143,128,26,3834.3801,958.32,-137.028
141,128,26,3795.916,-141.328,-128.614
139,128,26,3801.926,-1246.7839,-126.21
137,128,26,3854.814,-2392.896,-135.826
135,128,26,3949.772,-3610.6399,-163.472
133,128,26,4086.8,-4940.6719,-227.178
131,128,26,4256.2822,-6421.7119,-352.186
129,128,26,4451.0059,-8057.6318,-576.96
127,128,26,4687.8003,-9933.6162,-985.64
125,128,26,5013.542,-12026.4316,-1699.6281
125,126,26,7391.0981,-12142.5918,563.738
127,126,26,6785.29,-9867.792,675.524
129,126,26,6275.6421,-7908.5601,637.06
131,126,26,5846.5283,-6237.792,533.688
133,126,26,5495.5439,-4774.1758,406.276
135,126,26,5220.2861,-3477.0559,271.652
137,126,26,5031.5723,-2301.9041,139.432
139,126,26,4919.7861,-1198.384,8.414
141,126,26,4888.5342,-143.264,-122.604
143,126,26,4933.0083,913.792,-258.43
145,126,26,5062.8242,1999.8879,-401.468
147,126,26,5269.5679,3147.936,-557.728
149,126,26,5549.6343,4386.9761,-727.21
151,126,26,5906.6279,5751.856,-907.51
153,126,26,6335.7422,7318.0801,-1089.012
155,126,26,6840.582,9126.3037,-1248.8781
157,126,26,7429.562,11221.0557,-1330.614
157,124,26,9749.4219,10870.6396,-3512.2441
155,124,26,8819.0742,8727.4883,-2821.094
153,124,26,8018.542,6928.9438,-2226.104
151,124,26,7352.6343,5411.1201,-1730.88
149,124,26,6826.1582,4115.936,-1319.796
147,124,26,6419.8823,2948.5281,-966.408
145,124,26,6135.0083,1883.728,-661.1
143,124,26,5959.5161,877.008,-384.64
141,124,26,5903.022,-100.672,-123.806
139,124,26,5954.708,-1078.3521,133.422
137,124,26,6120.584,-2096.688,400.266
135,124,26,6407.8623,-3184.72,692.352
133,124,26,6821.3501,-4388.9121,1025.306
131,124,26,7375.4722,-5765.4082,1417.1581
129,124,26,8076.2383,-7360.6719,1873.9181
127,124,26,8944.082,-9292.7998,2417.2219
125,124,26,9993.4277,-11635.3604,3041.0601
125,122,26,12536.8604,-10313.0723,5509.9683
127,122,26,11039.168,-8185.4077,4122.8599
129,122,26,9796.2998,-6470.1118,3074.7161
131,122,26,8823.8818,-5070.3838,2276.5881
133,122,26,8070.228,-3868.1279,1639.5281
135,122,26,7516.106,-2809.136,1119.062
137,122,26,7141.082,-1852.752,679.13
139,122,26,6919.9141,-956.384,284.874
141,122,26,6844.188,-94.864,-87.746
143,122,26,6909.0962,768.592,-462.77
145,122,26,7120.6479,1657.2159,-863.036
147,122,26,7483.6523,2603.9199,-1316.1901
149,122,26,8001.7144,3630.0,-1841.464
151,122,26,8697.6719,4778.0479,-2480.928
153,122,26,9599.1719,6133.248,-3294.6821
155,122,26,10738.668,7763.3599,-4356.0479
157,122,26,12135.3926,9769.0557,-5775.6099
157,120,26,13547.7422,7893.0718,-7720.4463
155,120,26,12351.752,6344.272,-5708.2983
153,120,26,10939.4023,5062.6401,-4250.272
151,120,26,9826.3506,3976.5439,-3163.6641
149,120,26,8992.1621,3047.2639,-2331.8801
147,120,26,8370.7285,2201.2319,-1656.3561
145,120,26,7946.4224,1417.152,-1084.204
143,120,26,7695.2041,671.792,-579.364
141,120,26,7619.478,-50.336,-105.776
139,120,26,7708.4263,-768.592,364.206
137,120,26,7963.25,-1506.208,864.238
135,120,26,8407.9902,-2292.2239,1433.9861
133,120,26,9063.0801,-3142.1279,2110.7122
131,120,26,9962.1758,-4092.7039,2954.5161
129,120,26,11138.9346,-5167.1841,4041.124
127,120,26,12642.6367,-6448.8159,5535.21
125,120,26,13717.2246,-8018.9121,7643.5181
125,120,28,12375.792,-6462.3682,7055.7402
127,120,28,11076.4307,-5372.3999,5279.1841
129,120,28,9956.166,-4398.5918,3941.3582
131,120,28,9054.666,-3535.136,2922.062
133,120,28,8345.4863,-2745.248,2111.9141
135,120,28,7819.0103,-2023.12,1449.6121
137,120,28,7454.8042,-1345.52,884.672
139,120,28,7239.646,-695.024,383.438
141,120,28,7165.1221,-61.952,-91.352
143,120,28,7222.8184,574.992,-568.546
145,120,28,7422.3501,1227.424,-1076.9921
147,120,28,7764.9199,1908.896,-1646.74
149,120,28,8254.1338,2629.0879,-2309.042
151,120,28,8899.6084,3399.616,-3105.968
153,120,28,9731.3926,4266.9438,-4125.2642
155,120,28,10749.4863,5238.8159,-5451.0703
157,120,28,11937.0625,6336.5278,-7208.394
157,122,28,10594.4277,7867.9038,-5633.7739
155,122,28,9588.3545,6450.752,-4333.21
153,122,28,8707.2881,5209.7759,-3322.3281
151,122,28,7990.896,4125.6162,-2532.614
149,122,28,7429.562,3171.168,-1903.968
147,122,28,6994.438,2294.1599,-1377.4921
145,122,28,6690.332,1473.296,-920.732
143,122,28,6510.0322,693.088,-514.456
141,122,28,6449.9321,-69.696,-132.22
139,122,28,6512.436,-830.544,246.41
137,122,28,6696.3423,-1616.5599,646.676
135,122,28,7010.064,-2443.2319,1087.8101
133,122,28,7465.6221,-3341.5359,1607.074
131,122,28,8076.2383,-4334.7041,2232.114
129,122,28,8849.124,-5445.9678,3003.7981
127,122,28,9817.9365,-6735.3437,4007.468
125,122,28,10965.8467,-8229.9355,5322.4561
125,124,28,9256.6025,-9387.6641,3312.7122
127,124,28,8341.8799,-7718.832,2575.886
129,124,28,7579.812,-6245.5361,1978.4921
131,124,28,6964.3882,-4967.7759,1492.884
133,124,28,6472.77,-3829.408,1083.0021
135,124,28,6104.958,-2807.2,736.826
137,124,28,5850.1343,-1862.432,431.518
139,124,28,5697.48,-969.936,150.25
141,124,28,5646.9961,-108.416,-118.998
143,124,28,5692.6719,751.168,-390.65
145,124,28,5842.9219,1637.856,-682.736
147,124,28,6086.9282,2565.2,-1003.67
149,124,28,6437.9121,3556.4319,-1370.28
151,124,28,6886.2583,4636.7202,-1798.192
153,124,28,7454.8042,5860.272,-2318.658
155,124,28,8136.3384,7246.4478,-2958.1221
157,124,28,8941.6777,8830.0957,-3758.6541
157,126,28,7274.5039,9286.9922,-1888.342
155,126,28,6650.666,7713.0239,-1586.64
153,126,28,6136.21,6284.2559,-1313.786
151,126,28,5710.7021,4998.752,-1067.376
149,126,28,5368.1323,3846.832,-847.41
147,126,28,5100.0859,2783.968,-650.282
145,126,28,4906.564,1783.056,-471.184
143,126,28,4785.1621,830.544,-307.712
141,126,28,4740.688,-108.416,-153.856
139,126,28,4771.9399,-1043.504,-6.01
137,126,28,4876.5142,-2011.504,144.24
135,126,28,5059.2183,-3031.7759,299.298
133,126,28,5324.8599,-4141.104,462.77
131,126,28,5677.0459,-5358.8481,634.656
129,126,28,6120.584,-6710.1758,812.552
127,126,28,6680.7163,-8235.7441,994.054
125,126,28,7389.896,-9935.5518,1169.546
125,128,28,5654.208,-10011.0557,-826.976
127,128,28,5082.0562,-8421.5996,-521.668
129,128,28,4675.7803,-6928.9438,-320.934
131,128,28,4377.6841,-5585.3599,-206.744
133,128,28,4145.6982,-4342.4478,-149.048
135,128,28,3972.6101,-3196.3359,-126.21
137,128,28,3856.0161,-2129.6001,-126.21
139,128,28,3791.1082,-1120.944,-139.432
141,128,28,3775.4822,-141.328,-161.068
143,128,28,3809.1382,834.416,-188.714
145,128,28,3899.2881,1835.328,-218.764
147,128,28,4037.5181,2874.96,-248.814
149,128,28,4225.0303,3970.7361,-272.854
151,128,28,4461.8242,5132.3359,-281.268
153,128,28,4763.5259,6415.9038,-263.238
155,128,28,5142.1562,7809.8237,-193.522
157,128,28,5650.6021,9304.416,-61.302
157,130,28,4208.2021,9056.6084,1584.2361
155,130,28,3758.6541,7699.4722,1099.8301
153,130,28,3464.1641,6388.7998,735.624
151,130,28,3258.6221,5151.6958,473.588
149,130,28,3101.1602,4005.584,286.076
147,130,28,2978.5562,2911.7439,145.442
145,130,28,2884.8,1866.304,33.656
143,130,28,2819.8921,855.712,-64.908
141,130,28,2787.438,-141.328,-161.068
139,130,28,2782.6301,-1130.624,-263.238
137,130,28,2809.074,-2154.7681,-384.64
135,130,28,2861.9622,-3231.1841,-537.294
133,130,28,2947.304,-4369.5518,-739.23
131,130,28,3074.7161,-5585.3599,-1015.69
129,130,28,3256.218,-6882.48,-1400.3301
127,130,28,3542.2939,-8268.6563,-1941.23
125,130,28,4037.5181,-9724.5283,-2681.6621
125,132,28,2640.7939,-9234.7197,-4315.1802
127,132,28,2161.196,-7958.896,-3261.0261
129,132,28,1932.816,-6686.9438,-2436.4541
131,132,28,1823.4341,-5476.9438,-1821.03
133,132,28,1770.546,-4313.4082,-1343.8361
135,132,28,1748.91,-3211.824,-973.62
137,132,28,1744.1021,-2160.5759,-673.12
139,132,28,1752.516,-1146.1119,-421.902
141,132,28,1771.748,-158.752,-194.724
143,132,28,1798.192,824.736,22.838
145,132,28,1841.464,1829.52,250.016
147,132,28,1895.5541,2855.6001,504.84
149,132,28,1965.27,3914.592,802.936
151,132,28,2061.4299,5014.2397,1170.748
153,132,28,2205.6699,6175.8398,1651.548
155,132,28,2448.4741,7378.0962,2278.9919
157,132,28,2895.6182,8603.584,3085.5339
157,134,28,1777.7581,8055.6958,4384.896
155,134,28,1310.1801,6979.2798,3353.5801
153,134,28,1081.8,5885.4399,2510.978
151,134,28,973.62,4812.896,1843.868
149,134,28,918.328,3779.072,1313.786
147,134,28,883.47,2764.6079,873.854
145,134,28,857.026,1777.248,495.224
143,134,28,830.582,809.248,152.654
141,134,28,802.936,-151.008,-180.3
139,134,28,770.482,-1111.264,-519.264
137,134,28,734.422,-2092.8159,-893.086
135,134,28,695.958,-3099.5359,-1324.604
133,134,28,665.908,-4143.04,-1846.272
131,134,28,661.1,-5227.2002,-2495.3521
129,134,28,715.19,-6338.4639,-3317.52
127,134,28,907.51,-7478.7681,-4389.7041
125,134,28,1403.936,-8599.7119,-5746.7622
125,136,28,371.418,-7927.9199,-6957.1763
127,136,28,-170.684,-6957.9839,-5411.4043
129,136,28,-367.812,-5945.4561,-4150.5059
131,136,28,-401.468,-4942.6079,-3161.26
133,136,28,-366.61,-3941.696,-2357.1221
135,136,28,-306.51,-2967.8879,-1705.6381
137,136,28,-244.006,-2015.376,-1151.516
139,136,28,-191.118,-1082.224,-667.11
141,136,28,-150.25,-166.496,-219.966
143,136,28,-122.604,751.168,219.966
145,136,28,-103.372,1676.576,673.12
147,136,28,-96.16,2613.6001,1170.748
149,136,28,-84.14,3562.24,1736.89
151,136,28,-50.484,4518.624,2404.0
153,136,28,42.07,5502.1118,3233.3801
155,136,28,271.652,6485.6001,4262.292
157,136,28,789.714,7441.9839,5518.3823
157,138,28,-64.908,6820.5278,6506.4263
155,138,28,-638.262,5984.1758,5106.0962
153,138,28,-893.086,5107.168,3928.136
151,138,28,-986.842,4220.48,2961.728
149,138,28,-1010.882,3339.6001,2169.6101
147,138,28,-1007.276,2460.656,1489.2781
145,138,28,-1003.67,1585.584,889.48
143,138,28,-1015.69,716.32,336.56
141,138,28,-1044.538,-149.072,-200.734
139,138,28,-1092.618,-1012.528,-740.432
137,138,28,-1161.1321,-1885.6639,-1324.604
135,138,28,-1240.464,-2768.48,-1979.6941
133,138,28,-1324.604,-3668.72,-2748.9741
131,138,28,-1379.896,-4572.832,-3676.918
129,138,28,-1355.8561,-5473.0718,-4812.8081
127,138,28,-1146.708,-6363.6318,-6239.582
125,138,28,-551.718,-7198.0479,-7989.6943
125,140,28,-1314.988,-6510.7681,-8840.71
127,140,28,-1976.088,-5796.3838,-6992.0342
129,140,28,-2218.8921,-5016.1758,-5443.8579
131,140,28,-2254.9521,-4216.6079,-4196.1821
133,140,28,-2197.2561,-3395.7439,-3156.4521
135,140,28,-2108.3081,-2576.8159,-2287.406
137,140,28,-2016.9561,-1761.76,-1537.358
139,140,28,-1942.432,-956.384,-864.238
141,140,28,-1890.7461,-154.88,-236.794
143,140,28,-1863.1,648.56,383.438
145,140,28,-1855.8881,1455.8719,1025.306
147,140,28,-1863.1,2268.9919,1718.86
149,140,28,-1870.312,3074.3679,2494.1501
151,140,28,-1847.474,3875.8721,3387.2361
153,140,28,-1741.698,4679.312,4469.0361
155,140,28,-1456.824,5463.3921,5776.812
157,140,28,-816.158,6204.8799,7324.9883
157,142,28,-1468.844,5620.208,8022.1479
155,142,28,-2168.408,4965.8398,6399.4482
153,142,28,-2492.948,4270.8159,5001.522
151,142,28,-2616.7542,3548.688,3822.3601
149,142,28,-2648.0061,2826.5601,2837.9221
147,142,28,-2645.6021,2088.9441,1976.088
145,142,28,-2638.3901,1347.4559,1204.4041
143,142,28,-2645.6021,607.904,486.81
141,142,28,-2675.6521,-131.648,-206.744
139,142,28,-2729.7419,-865.392,-907.51
137,142,28,-2810.2761,-1604.944,-1655.1541
135,142,28,-2906.436,-2346.4319,-2483.332
133,142,28,-3000.1921,-3087.9199,-3437.72
131,142,28,-3053.0801,-3819.728,-4560.3882
129,142,28,-3003.7981,-4532.1758,-5904.2241
127,142,28,-2729.7419,-5213.6479,-7550.9644
125,142,28,-2002.532,-5840.9121,-9540.2744
125,144,28,-2589.1082,-5233.0078,-10116.0322
127,144,28,-3369.2061,-4687.0562,-8084.6523
129,144,28,-3684.1301,-4086.896,-6364.5903
131,144,28,-3758.6541,-3455.76,-4942.624
133,144,28,-3721.3921,-2803.3279,-3744.23
135,144,28,-3633.646,-2139.28,-2722.53
137,144,28,-3538.688,-1469.424,-1824.636
139,144,28,-3459.356,-799.568,-1008.478
141,144,28,-3400.458,-129.712,-244.006
143,144,28,-3372.812,538.208,514.456
145,144,28,-3361.9941,1215.808,1299.3621
147,144,28,-3370.408,1889.536,2141.9641
149,144,28,-3369.2061,2553.584,3072.312
151,144,28,-3327.136,3207.9519,4134.8799
153,144,28,-3184.0981,3852.6399,5386.1621
155,144,28,-2829.5081,4474.0962,6865.8242
157,144,28,-2067.4399,5068.4478,8596.7041
157,146,28,-2593.916,4570.896,9078.7061
155,146,28,-3392.0439,4034.624,7308.1602
153,146,28,-3782.6941,3475.1199,5768.3979
151,146,28,-3950.9741,2898.1919,4454.6123
149,146,28,-4006.2661,2311.584,3333.146
147,146,28,-4013.478,1715.296,2342.698
145,146,28,-4008.6702,1111.264,1447.208
143,146,28,-4019.488,503.36,608.212
141,146,28,-4049.5381,-102.608,-205.542
139,146,28,-4107.2339,-704.704,-1022.902
137,146,28,-4187.7681,-1306.8,-1890.7461
135,146,28,-4279.1201,-1908.896,-2842.73
133,146,28,-4363.2603,-2503.248,-3919.7222
131,146,28,-4393.3101,-3085.9839,-5173.4082
129,146,28,-4304.3623,-3643.552,-6654.272
127,146,28,-3960.5901,-4179.8242,-8444.0498
125,146,28,-3130.0081,-4671.5679,-10566.7822
125,148,28,-3604.7981,-4162.3999,-10946.6143
127,148,28,-4467.834,-3720.9919,-8801.0439
129,148,28,-4839.252,-3246.6719,-6967.9941
131,148,28,-4951.0381,-2752.9919,-5445.0601
133,148,28,-4935.4121,-2239.9519,-4142.0923
135,148,28,-4862.0903,-1711.424,-3014.616
137,148,28,-4774.3442,-1180.96,-2018.1581
139,148,28,-4695.0122,-642.752,-1103.436
141,148,28,-4639.7202,-102.608,-237.996
143,148,28,-4607.2661,437.536,621.434
145,148,28,-4595.2461,983.488,1508.51
147,148,28,-4596.4482,1523.632,2455.686
149,148,28,-4582.0239,2056.032,3490.6082
151,148,28,-4518.3179,2574.8799,4651.7402
153,148,28,-4339.2202,3091.792,6013.606
155,148,28,-3930.54,3600.96,7615.8721
157,148,28,-3093.948,4094.6399,9465.75
157,150,28,-3549.5061,3659.04,9775.8662
155,150,28,-4395.7139,3206.0159,7911.564
153,150,28,-4823.626,2751.0559,6278.0459
151,150,28,-5018.3501,2290.2881,4880.1201
149,150,28,-5091.6719,1831.4559,3680.5242
147,150,28,-5112.106,1364.88,2613.1479
145,150,28,-5115.7119,886.688,1629.912
143,150,28,-5128.9341,406.56,706.776
141,150,28,-5161.3882,-73.568,-189.916
139,150,28,-5216.6802,-547.888,-1089.012
137,150,28,-5292.4062,-1022.208,-2038.592
135,150,28,-5375.3442,-1492.656,-3068.7061
133,150,28,-5445.0601,-1959.2319,-4232.2422
131,150,28,-5454.6763,-2414.1919,-5574.876
129,150,28,-5335.6782,-2851.728,-7137.4761
127,150,28,-4952.2402,-3277.6479,-9010.1924
125,150,28,-4065.1641,-3678.3999,-11214.6602
125,152,28,-4472.6421,-3235.0559,-11422.6064
127,152,28,-5359.7183,-2873.0239,-9228.9561
129,152,28,-5755.1763,-2497.4399,-7335.8062
131,152,28,-5888.5981,-2112.176,-5743.1562
133,152,28,-5888.5981,-1719.168,-4380.0879
135,152,28,-5828.498,-1314.5439,-3190.1082
137,152,28,-5749.166,-904.112,-2128.7419
139,152,28,-5675.8442,-489.808,-1149.1121
141,152,28,-5621.7539,-73.568,-219.966
143,152,28,-5590.502,346.544,707.978
145,152,28,-5574.876,766.656,1661.1641
147,152,28,-5566.4619,1182.896,2668.4399
149,152,28,-5542.4219,1597.2,3770.6741
151,152,28,-5465.4941,1999.8879,4993.1079
153,152,28,-5268.3662,2408.384,6423.4883
155,152,28,-4841.6562,2818.8159,8087.0562
157,152,28,-3985.832,3235.0559,10009.0537
157,154,28,-4380.0879,2842.0481,10182.1426
155,154,28,-5220.2861,2464.5281,8264.9521
153,154,28,-5651.8042,2100.5601,6590.5659
151,154,28,-5853.7402,1742.4,5142.1562
149,154,28,-5935.4761,1391.984,3899.2881
147,154,28,-5963.1221,1035.76,2780.2261
145,154,28,-5971.5361,677.6,1751.3141
143,154,28,-5988.3643,317.504,783.704
141,154,28,-6019.6162,-44.528,-163.472
139,154,28,-6072.5039,-402.688,-1114.254
137,154,28,-6142.2202,-760.848,-2113.116
135,154,28,-6219.1479,-1113.2,-3194.916
133,154,28,-6279.248,-1465.552,-4404.1279
131,154,28,-6275.6421,-1810.16,-5790.0342
129,154,28,-6148.23,-2145.0879,-7397.1079
127,154,28,-5753.9741,-2478.0801,-9317.9043
125,154,28,-4869.3022,-2809.136,-11537.998
125,156,28,-5210.6699,-2408.384,-11608.916
127,156,28,-6076.1104,-2112.176,-9418.8721
129,156,28,-6463.1543,-1823.712,-7499.2783
131,156,28,-6600.1821,-1539.12,-5886.1943
133,156,28,-6604.9902,-1248.72,-4489.4702
135,156,28,-6549.6982,-952.512,-3267.0361
137,156,28,-6476.376,-654.368,-2170.812
139,156,28,-6409.064,-350.416,-1156.324
141,156,28,-6356.1763,-48.4,-192.32
143,156,28,-6327.3281,257.488,768.078
145,156,28,-6310.5,565.312,1752.516
147,156,28,-6299.6821,873.136,2797.054
149,156,28,-6270.834,1177.088,3931.7422
151,156,28,-6190.3003,1481.04,5186.6299
153,156,28,-5995.5762,1790.8,6641.0503
155,156,28,-5578.4819,2114.1121,8334.668
157,156,28,-4749.1021,2458.72,10293.9277
157,158,28,-5085.6621,2085.072,10355.2305
155,158,28,-5884.9922,1779.184,8423.6162
153,158,28,-6294.874,1500.4,6726.3921
151,158,28,-6485.9922,1237.104,5268.3662
149,158,28,-6564.1221,985.424,4006.2661
147,158,28,-6590.5659,731.808,2870.376
145,158,28,-6601.3843,480.128,1822.2321
143,158,28,-6617.0103,228.448,831.784
141,158,28,-6647.0601,-25.168,-135.826
139,158,28,-6697.5439,-272.976,-1104.6381
137,158,28,-6763.6543,-522.72,-2125.136
135,158,28,-6835.7739,-768.592,-3230.9761
133,158,28,-6889.8643,-1014.464,-4455.814
131,158,28,-6889.8643,-1256.464,-5858.5483
129,158,28,-6763.6543,-1494.592,-7472.834
127,158,28,-6392.2363,-1742.4,-9398.4385
125,158,28,-5550.8359,-1999.8879,-11614.9258
125,160,28,-5828.498,-1612.688,-11608.916
127,160,28,-6633.8379,-1395.856,-9405.6504
129,160,28,-6990.832,-1194.512,-7495.6724
131,160,28,-7114.6382,-1002.848,-5883.79
133,160,28,-7117.042,-813.12,-4487.0659
135,160,28,-7062.9521,-617.584,-3258.6221
137,160,28,-6993.2363,-423.984,-2158.792
139,160,28,-6928.3281,-226.512,-1139.496
141,160,28,-6880.248,-29.04,-168.28
143,160,28,-6855.0063,170.368,801.734
145,160,28,-6838.1782,373.648,1796.99
147,160,28,-6829.7642,576.928,2847.5381
149,160,28,-6804.522,780.208,3984.6301
151,160,28,-6733.604,987.36,5244.3262
153,160,28,-6552.1021,1206.1281,6701.1499
155,160,28,-6166.2603,1444.256,8391.1621
157,160,28,-5395.7783,1715.296,10352.8262
157,162,28,-5657.814,1357.136,10319.1699
155,162,28,-6389.832,1128.688,8395.9697
153,162,28,-6760.0483,933.152,6715.5742
151,162,28,-6927.126,762.784,5271.9722
149,162,28,-6994.438,602.096,4019.488
147,162,28,-7016.0742,445.28,2888.406
145,162,28,-7024.4883,290.4,1841.464
143,162,28,-7036.5083,137.456,854.622
141,162,28,-7066.5581,-13.552,-110.584
139,162,28,-7112.2339,-162.624,-1080.598
137,162,28,-7175.9399,-311.696,-2095.0859
135,162,28,-7248.0601,-456.896,-3186.502
133,162,28,-7304.5542,-602.096,-4402.9263
131,162,28,-7310.564,-745.36,-5787.6299
129,162,28,-7201.1821,-892.496,-7388.6943
127,162,28,-6863.4199,-1049.312,-9297.4697
125,162,28,-6089.332,-1223.552,-11506.7461
125,164,28,-6282.854,-851.84,-11396.1621
127,164,28,-7017.2764,-722.128,-9207.3203
129,164,28,-7337.0083,-613.712,-7335.8062
131,164,28,-7437.9761,-514.976,-5753.9741
133,164,28,-7430.7642,-418.176,-4388.502
135,164,28,-7376.6743,-321.376,-3190.1082
137,164,28,-7309.3623,-222.64,-2108.3081
139,164,28,-7246.8579,-123.904,-1101.032
141,164,28,-7202.3843,-21.296,-141.836
143,164,28,-7173.5361,87.12,816.158
145,164,28,-7162.7183,193.6,1798.192
147,164,28,-7154.3042,302.016,2835.5181
149,164,28,-7139.8804,412.368,3955.782
151,164,28,-7079.7803,530.464,5193.8423
153,164,28,-6924.7222,662.112,6620.6162
155,164,28,-6584.5562,813.12,8281.7803
157,164,28,-5893.4062,1004.784,10213.3945
157,166,28,-6073.7061,656.304,10093.1943
155,166,28,-6720.3823,513.04,8203.6504
153,166,28,-7040.1143,406.56,6574.9399
151,166,28,-7184.354,323.312,5168.6001
149,166,28,-7237.2422,249.744,3946.166
147,166,28,-7255.272,180.048,2843.9321
145,166,28,-7257.6763,116.16,1822.2321
143,166,28,-7268.4941,52.272,854.622
141,166,28,-7292.5342,-9.68,-90.15
139,166,28,-7337.0083,-67.76,-1036.124
137,166,28,-7398.3101,-123.904,-2024.1681
135,166,28,-7471.6323,-181.984,-3089.1401
133,166,28,-7528.126,-234.256,-4268.3022
131,166,28,-7542.5503,-284.592,-5606.1279
129,166,28,-7458.4102,-342.672,-7159.1123
127,166,28,-7163.9199,-406.56,-9007.7881
125,166,28,-6465.5581,-489.808,-11183.4082
125,168,28,-6568.9302,-137.456,-10947.8164
127,168,28,-7219.2119,-100.672,-8828.6904
129,168,28,-7494.4702,-83.248,-7031.7002
131,168,28,-7568.9941,-73.568,-5526.7959
133,168,28,-7554.5703,-65.824,-4217.8179
135,168,28,-7500.48,-56.144,-3060.292
137,168,28,-7431.9663,-46.464,-2018.1581
139,168,28,-7373.0684,-30.976,-1049.3461
141,168,28,-7333.4023,-15.488,-118.998
143,168,28,-7306.958,3.872,808.946
145,168,28,-7298.5439,27.104,1759.728
147,168,28,-7298.5439,48.4,2763.3979
149,168,28,-7288.9282,73.568,3842.7942
151,168,28,-7244.4541,102.608,5037.582
153,168,28,-7115.8403,145.2,6412.6699
155,168,28,-6827.3604,207.152,8022.1479
157,168,28,-6223.9561,309.76,9893.6621
157,170,28,-6315.3081,-25.168,9683.3125
155,170,28,-6874.2383,-77.44,7873.1001
153,170,28,-7145.8901,-94.864,6312.9043
151,170,28,-7261.2822,-90.992,4963.0581
149,170,28,-7302.1499,-79.376,3800.7241
147,170,28,-7309.3623,-65.824,2742.9641
145,170,28,-7308.1602,-46.464,1760.9301
143,170,28,-7316.5742,-27.104,834.188
141,170,28,-7341.8159,-9.68,-69.716
139,170,28,-7382.6841,11.616,-976.024
137,170,28,-7439.1782,36.784,-1921.998
135,170,28,-7505.2881,65.824,-2940.092
133,170,28,-7559.3779,98.736,-4063.9622
131,170,28,-7578.6104,131.648,-5336.8799
129,170,28,-7510.0962,164.56,-6804.522
127,170,28,-7255.272,193.6,-8549.8262
125,170,28,-6637.4443,205.216,-10628.084
125,172,28,-6643.4541,522.72,-10295.1299
127,172,28,-7214.4043,464.64,-8309.4258
129,172,28,-7454.8042,393.008,-6625.4243
131,172,28,-7519.7119,317.504,-5209.4683
133,172,28,-7501.6821,242.0,-3976.2161
135,172,28,-7451.1982,172.304,-2884.8
137,172,28,-7392.3003,106.48,-1901.5641
139,172,28,-7337.0083,42.592,-978.428
141,172,28,-7300.9482,-15.488,-92.554
143,172,28,-7280.5142,-73.568,786.108
145,172,28,-7273.3022,-127.776,1690.0121
147,172,28,-7275.7061,-183.92,2641.9961
149,172,28,-7273.3022,-240.064,3670.908
151,172,28,-7239.646,-290.4,4805.5962
153,172,28,-7137.4761,-334.928,6112.1699
155,172,28,-6892.2681,-362.032,7632.7002
157,172,28,-6375.4082,-352.352,9414.0645
157,174,28,-6377.812,-660.176,9117.1699
155,174,28,-6852.6021,-621.456,7417.542
153,174,28,-7080.9819,-549.824,5954.708
151,174,28,-7174.7383,-464.64,4691.4062
149,174,28,-7207.1919,-373.648,3595.1821
147,174,28,-7213.2021,-284.592,2597.522
145,174,28,-7210.7983,-193.6,1676.79
143,174,28,-7221.6162,-106.48,804.138
141,174,28,-7243.252,-15.488,-49.282
139,174,28,-7278.1104,75.504,-903.904
137,174,28,-7327.3921,172.304,-1795.7881
135,174,28,-7382.6841,272.976,-2748.9741
133,174,28,-7433.168,379.456,-3800.7241
131,174,28,-7447.5923,489.808,-4993.1079
129,174,28,-7389.896,602.096,-6356.1763
127,174,28,-7168.728,714.384,-7984.8862
125,174,28,-6624.2222,813.12,-9915.2979
125,176,28,-6536.4761,1076.416,-9525.8506
127,176,28,-7040.1143,937.024,-7691.5981
129,176,28,-7251.666,786.016,-6139.8159
131,176,28,-7314.1699,636.944,-4833.2422
133,176,28,-7302.1499,493.68,-3694.948
135,176,28,-7261.2822,356.224,-2682.864
137,176,28,-7210.7983,224.576,-1762.1321
139,176,28,-7166.3242,96.8,-902.702
141,176,28,-7132.668,-23.232,-75.726
143,176,28,-7114.6382,-143.264,750.048
145,176,28,-7109.8301,-263.296,1595.0541
147,176,28,-7112.2339,-385.264,2486.938
149,176,28,-7107.4263,-509.168,3443.73
151,176,28,-7079.7803,-631.136,4500.2881
153,176,28,-6993.2363,-755.04,5710.7021
155,176,28,-6784.0879,-865.392,7120.6479
157,176,28,-6340.5503,-950.576,8778.2061
157,178,28,-6243.188,-1215.808,8417.6064
155,178,28,-6656.6763,-1086.0959,6851.3999
153,178,28,-6856.208,-933.152,5508.7661
151,178,28,-6943.9541,-776.336,4356.0479
149,178,28,-6977.6104,-623.392,3348.772
147,178,28,-6983.6201,-470.448,2428.04
145,178,28,-6986.0239,-321.376,1573.418
143,178,28,-6993.2363,-172.304,758.462
141,178,28,-7014.8721,-29.04,-32.454
139,178,28,-7046.124,118.096,-824.572
137,178,28,-7084.5879,271.04,-1650.3461
135,178,28,-7129.062,429.792,-2531.4121
133,178,28,-7166.3242,594.352,-3497.8201
131,178,28,-7171.1323,766.656,-4589.2358
129,178,28,-7109.8301,948.64,-5834.5083
127,178,28,-6904.2881,1132.5599,-7320.1802
125,178,28,-6423.4883,1310.672,-9078.7061
125,180,28,-6245.5923,1504.272,-8633.9658
127,180,28,-6702.3521,1291.312,-6989.6304
129,180,28,-6903.0859,1078.3521,-5598.916
131,180,28,-6970.3979,871.2,-4412.542
133,180,28,-6975.2061,673.728,-3377.6201
135,180,28,-6949.9644,484.0,-2452.0801
137,180,28,-6913.9043,303.952,-1608.276
139,180,28,-6880.248,129.712,-818.562
141,180,28,-6853.8042,-38.72,-56.494
143,180,28,-6839.3799,-209.088,705.574
145,180,28,-6829.7642,-377.52,1484.47
147,180,28,-6823.7539,-551.76,2305.436
149,180,28,-6811.7339,-727.936,3181.6941
151,180,28,-6778.0781,-907.984,4138.4858
153,180,28,-6691.5342,-1093.84,5240.7202
155,180,28,-6500.416,-1279.696,6522.0522
157,180,28,-6108.564,-1450.064,8022.1479
157,180,30,-4714.2441,-1060.928,7187.96
155,180,30,-5256.3462,-966.064,6013.606
153,180,30,-5595.3101,-844.096,4928.2002
151,180,30,-5805.6602,-714.384,3943.762
149,180,30,-5931.8701,-580.8,3057.8879
147,180,30,-6011.2021,-445.28,2230.9121
145,180,30,-6061.686,-305.888,1443.6021
143,180,30,-6095.3423,-170.368,691.15
141,180,30,-6116.978,-32.912,-54.09
139,180,30,-6127.7959,104.544,-790.916
137,180,30,-6126.5942,245.872,-1557.792
135,180,30,-6104.958,391.072,-2364.334
133,180,30,-6048.4639,538.208,-3236.9861
131,180,30,-5930.668,691.152,-4191.374
129,180,30,-5716.7119,842.16,-5240.7202
127,180,30,-5340.4863,989.296,-6415.0742
125,180,30,-4702.2241,1122.88,-7704.8203
125,178,30,-4785.1621,950.576,-8084.6523
127,178,30,-5442.6562,847.968,-6757.644
129,178,30,-5834.5083,726.0,-5524.3921
131,178,30,-6055.6763,596.288,-4424.562
133,178,30,-6174.6743,464.64,-3423.2961
135,178,30,-6231.168,336.864,-2512.1799
137,178,30,-6251.6021,211.024,-1670.78
139,178,30,-6252.8042,90.992,-867.844
141,178,30,-6241.9863,-25.168,-94.958
143,178,30,-6220.3501,-143.264,675.524
145,178,30,-6187.896,-259.424,1468.844
147,178,30,-6141.0181,-375.584,2288.6082
149,178,30,-6061.686,-489.808,3155.25
151,178,30,-5935.4761,-596.288,4084.396
153,178,30,-5721.52,-698.896,5119.3179
155,178,30,-5368.1323,-791.824,6262.4199
157,178,30,-4789.9702,-851.84,7514.9043
157,176,30,-4817.6162,-613.712,7822.6162
155,176,30,-5425.8281,-588.544,6544.8901
153,176,30,-5802.0542,-532.4,5356.1123
151,176,30,-6028.0303,-458.832,4280.3223
149,176,30,-6161.4521,-373.648,3307.9041
147,176,30,-6244.3901,-286.528,2405.2021
145,176,30,-6294.874,-197.472,1550.5801
143,176,30,-6327.3281,-106.48,736.826
141,176,30,-6352.5703,-13.552,-66.11
139,176,30,-6366.9941,79.376,-870.248
137,176,30,-6371.8022,176.176,-1700.8301
135,176,30,-6354.9741,274.912,-2577.0881
133,176,30,-6302.0859,377.52,-3531.4761
131,176,30,-6184.29,480.128,-4579.6201
129,176,30,-5959.5161,580.8,-5733.54
127,176,30,-5553.2402,673.728,-7034.104
125,176,30,-4845.2622,745.36,-8456.0703
125,174,30,-4857.2822,511.104,-8787.8223
127,174,30,-5588.0981,474.32,-7338.21
129,174,30,-6020.8179,414.304,-5990.7681
131,174,30,-6256.4102,344.608,-4793.5762
133,174,30,-6381.418,269.104,-3706.968
135,174,30,-6436.71,193.6,-2721.3281
137,174,30,-6453.5381,120.032,-1806.6061
139,174,30,-6447.5283,50.336,-945.974
141,174,30,-6431.9023,-17.424,-111.786
143,174,30,-6407.8623,-79.376,717.594
145,174,30,-6375.4082,-143.264,1566.2061
147,174,30,-6324.9243,-203.28,2448.4741
149,174,30,-6240.7842,-261.36,3389.6401
151,174,30,-6100.1499,-309.76,4394.5122
153,174,30,-5864.5581,-350.416,5515.978
155,174,30,-5469.1001,-369.776,6751.6343
157,174,30,-4820.02,-354.288,8097.874
157,172,30,-4765.9302,-77.44,8346.6885
155,172,30,-5453.4741,-133.584,6987.2261
153,172,30,-5878.9819,-149.072,5711.9043
151,172,30,-6130.2002,-143.264,4557.9839
149,172,30,-6279.248,-123.904,3518.2542
147,172,30,-6365.792,-98.736,2550.644
145,172,30,-6423.4883,-69.696,1641.932
143,172,30,-6460.75,-38.72,770.482
141,172,30,-6487.1943,-3.872,-85.342
139,172,30,-6504.022,30.976,-942.368
137,172,30,-6513.6382,69.696,-1834.2521
135,172,30,-6499.2144,110.352,-2775.418
133,172,30,-6443.9219,151.008,-3798.3201
131,172,30,-6318.9141,193.6,-4926.998
129,172,30,-6073.7061,228.448,-6173.4722
127,172,30,-5621.7539,253.616,-7572.6001
125,172,30,-4840.4541,253.616,-9099.1406
125,170,30,-4774.3442,-27.104,-9374.3984
127,170,30,-5584.4922,9.68,-7833.4341
129,170,30,-6061.686,21.296,-6395.8423
131,170,30,-6322.52,19.36,-5114.5103
133,170,30,-6457.144,13.552,-3953.3782
135,170,30,-6516.042,5.808,-2901.6282
137,170,30,-6529.2642,-1.936,-1929.2101
139,170,30,-6523.2539,-7.744,-1014.488
141,170,30,-6502.8203,-9.68,-132.22
143,170,30,-6475.1743,-9.68,746.442
145,170,30,-6437.9121,-5.808,1644.3361
147,170,30,-6382.6201,-1.936,2580.6941
149,170,30,-6288.8643,9.68,3571.1421
151,170,30,-6133.8062,27.104,4636.1143
153,170,30,-5866.9619,60.016,5824.8921
155,170,30,-5421.02,116.16,7133.8701
157,170,30,-4687.8003,212.96,8553.4326
157,168,30,-4557.9839,511.104,8725.3184
155,168,30,-5327.2642,379.456,7308.1602
153,168,30,-5804.458,284.592,5973.9399
151,168,30,-6089.332,216.832,4764.728
149,168,30,-6256.4102,162.624,3678.1201
147,168,30,-6356.1763,116.16,2662.4299
145,168,30,-6419.8823,73.568,1708.042
143,168,30,-6459.5483,34.848,792.118
141,168,30,-6489.5981,0.0,-106.978
139,168,30,-6512.436,-32.912,-1003.67
137,168,30,-6520.8501,-65.824,-1941.23
135,168,30,-6507.6279,-96.8,-2932.8801
133,168,30,-6451.1343,-125.84,-4014.6802
131,168,30,-6315.3081,-158.752,-5208.2661
129,168,30,-6044.8579,-197.472,-6525.6582
127,168,30,-5544.8262,-249.744,-8010.1279
125,168,30,-4673.376,-325.248,-9626.8184
125,166,30,-4529.1362,-636.944,-9815.5322
127,166,30,-5424.626,-526.592,-8207.2559
129,166,30,-5952.3042,-435.6,-6697.5439
131,166,30,-6238.3799,-358.16,-5353.708
133,166,30,-6386.2261,-288.464,-4136.082
135,166,30,-6449.9321,-222.64,-3036.252
137,166,30,-6465.5581,-152.944,-2025.37
139,166,30,-6454.7402,-83.248,-1070.9821
141,166,30,-6431.9023,-11.616,-153.856
143,166,30,-6401.8521,63.888,760.866
145,166,30,-6358.5801,141.328,1694.8201
147,166,30,-6294.874,222.64,2666.0361
149,166,30,-6189.0981,307.824,3698.554
151,166,30,-6016.0103,402.688,4806.7979
153,166,30,-5715.5103,511.104,6037.646
155,166,30,-5219.084,644.688,7388.6943
157,166,30,-4399.3203,816.992,8850.3262
157,164,30,-4198.5859,1124.816,8941.6777
155,164,30,-5048.3999,919.6,7495.6724
153,164,30,-5574.876,751.168,6135.0083
151,164,30,-5892.2041,604.032,4888.5342
149,164,30,-6078.5142,474.32,3768.27
147,164,30,-6193.9062,348.48,2723.7319
145,164,30,-6262.4199,228.448,1741.698
143,164,30,-6308.0962,112.288,799.33
141,164,30,-6339.3481,-3.872,-127.412
139,164,30,-6363.3882,-116.16,-1054.1541
137,164,30,-6375.4082,-226.512,-2021.764
135,164,30,-6362.186,-336.864,-3047.0701
133,164,30,-6297.2783,-445.28,-4161.3242
131,164,30,-6147.0283,-559.504,-5400.5859
129,164,30,-5848.9321,-677.6,-6778.0781
127,164,30,-5299.6182,-809.248,-8310.6279
125,164,30,-4351.2402,-958.32,-9969.3877
125,162,30,-4133.6782,-1287.4399,-10061.9424
127,162,30,-5100.0859,-1105.4561,-8432.0303
129,162,30,-5673.4399,-937.024,-6883.854
131,162,30,-5988.3643,-780.208,-5503.958
133,162,30,-6149.4321,-627.264,-4253.8779
135,162,30,-6219.1479,-476.256,-3126.4021
137,162,30,-6235.9761,-325.248,-2089.0759
139,162,30,-6225.1582,-172.304,-1114.254
141,162,30,-6202.3203,-17.424,-177.896
143,162,30,-6168.6641,141.328,753.654
145,162,30,-6121.7861,298.144,1704.436
147,162,30,-6050.8682,460.768,2697.2881
149,162,30,-5934.2739,627.264,3751.4421
151,162,30,-5741.9541,799.568,4883.7261
153,162,30,-5411.4043,987.36,6141.0181
155,162,30,-4862.0903,1196.448,7518.5103
157,162,30,-3971.408,1440.384,8987.3545
157,160,30,-3699.7561,1759.824,8994.5664
155,160,30,-4616.8823,1486.848,7549.7622
153,160,30,-5191.438,1242.912,6174.6743
151,160,30,-5537.6143,1016.4,4914.978
149,160,30,-5739.5503,805.376,3780.29
147,160,30,-5860.9521,598.224,2727.3381
145,160,30,-5936.6782,393.008,1733.2841
143,160,30,-5987.1621,189.728,784.906
141,160,30,-6022.02,-11.616,-150.25
139,160,30,-6049.666,-209.088,-1086.608
137,160,30,-6061.686,-406.56,-2061.4299
135,160,30,-6044.8579,-604.032,-3103.564
133,160,30,-5976.3442,-803.44,-4244.2622
131,160,30,-5814.0742,-998.976,-5502.7559
129,160,30,-5491.938,-1198.384,-6887.46
127,160,30,-4900.5542,-1405.536,-8445.252
125,160,30,-3884.864,-1628.176,-10114.8301
125,158,30,-3601.1921,-1970.848,-10107.6182
127,158,30,-4624.0942,-1721.104,-8480.1104
129,158,30,-5232.3062,-1479.104,-6936.7422
131,158,30,-5566.4619,-1242.912,-5549.6343
133,158,30,-5739.5503,-1002.848,-4292.3423
135,158,30,-5812.8721,-762.784,-3156.4521
137,158,30,-5829.7002,-520.784,-2115.52
139,158,30,-5818.8823,-276.848,-1140.698
141,158,30,-5793.6401,-30.976,-204.34
143,158,30,-5757.5801,216.832,726.008
145,158,30,-5707.0962,466.576,1676.79
147,158,30,-5630.168,718.256,2669.6421
149,158,30,-5506.3623,969.936,3720.1902
151,158,30,-5300.8203,1225.488,4857.2822
153,158,30,-4946.23,1490.72,6115.7759
155,158,30,-4360.856,1773.376,7493.2681
157,158,30,-3412.478,2079.2639,8946.4863
157,156,30,-3085.5339,2408.384,8859.9424
155,156,30,-4048.3362,2073.4561,7440.3804
153,156,30,-4650.5381,1759.824,6078.5142
151,156,30,-5013.542,1455.8719,4833.2422
149,156,30,-5223.8921,1159.6639,3709.3721
147,156,30,-5351.3042,863.456,2666.0361
145,156,30,-5428.2319,565.312,1682.8
143,156,30,-5481.1201,269.104,747.644
141,156,30,-5519.584,-25.168,-173.088
139,156,30,-5546.0283,-317.504,-1098.6281
137,156,30,-5558.0483,-611.776,-2067.4399
135,156,30,-5543.624,-902.176,-3097.554
133,156,30,-5472.7061,-1190.64,-4225.0303
131,156,30,-5303.2241,-1475.2319,-5476.312
129,156,30,-4967.8662,-1755.952,-6858.6123
127,156,30,-4350.0381,-2038.608,-8406.7881
125,156,30,-3288.6721,-2325.136,-10057.1338
125,154,30,-2950.9102,-2679.4241,-9951.3584
127,154,30,-4003.8621,-2371.6001,-8351.4961
129,154,30,-4628.9019,-2054.0959,-6823.7539
131,154,30,-4971.4722,-1734.656,-5459.4839
133,154,30,-5144.5601,-1409.408,-4225.0303
135,154,30,-5215.478,-1074.48,-3113.1802
137,154,30,-5228.7002,-735.68,-2095.0859
139,154,30,-5215.478,-393.008,-1144.3041
141,154,30,-5187.832,-50.336,-230.784
143,154,30,-5150.5703,294.272,676.726
145,154,30,-5101.2881,642.752,1599.8621
147,154,30,-5024.3599,991.232,2569.876
149,154,30,-4899.3521,1331.968,3598.7881
151,154,30,-4687.8003,1674.64,4708.2339
153,154,30,-4328.4019,2019.248,5937.8799
155,154,30,-3723.7961,2373.5359,7286.5239
157,154,30,-2744.166,2741.376,8704.8838
157,152,30,-2366.738,3087.9199,8518.5742
155,152,30,-3342.762,2694.9119,7150.6982
153,152,30,-3950.9741,2305.7759,5828.498
151,152,30,-4315.1802,1918.576,4619.2861
149,152,30,-4523.126,1535.248,3533.8801
147,152,30,-4646.9321,1142.24,2525.4021
145,152,30,-4721.4561,747.296,1583.0341
143,152,30,-4771.9399,348.48,681.534
141,152,30,-4806.7979,-48.4,-204.34
139,152,30,-4836.8481,-441.408,-1090.214
137,152,30,-4850.0703,-836.352,-2019.36
135,152,30,-4840.4541,-1223.552,-3009.8081
133,152,30,-4775.5459,-1608.816,-4097.6182
131,152,30,-4609.6699,-1984.4,-5310.436
129,152,30,-4273.1099,-2350.304,-6659.0801
127,152,30,-3652.8782,-2702.656,-8166.3882
125,152,30,-2580.6941,-3045.3279,-9771.0586
125,150,30,-2192.448,-3434.4639,-9549.8906
127,150,30,-3240.592,-3064.688,-8004.1182
129,150,30,-3852.4102,-2671.6799,-6536.4761
131,150,30,-4184.1621,-2267.0559,-5219.084
133,150,30,-4347.6343,-1845.0079,-4036.3162
135,150,30,-4408.936,-1409.408,-2973.748
137,150,30,-4416.1479,-969.936,-2012.1481
139,150,30,-4396.916,-524.656,-1114.254
141,150,30,-4368.0679,-75.504,-252.42
143,150,30,-4333.21,377.52,601.0
145,150,30,-4286.332,830.544,1476.056
147,150,30,-4214.2119,1279.696,2393.1821
149,150,30,-4097.6182,1721.104,3368.0042
151,150,30,-3894.48,2156.7041,4428.168
153,150,30,-3542.2939,2590.3679,5610.936
155,150,30,-2947.304,3020.1599,6903.0859
157,150,30,-1971.28,3448.0159,8257.7402
157,148,30,-1548.176,3827.4719,7950.0283
155,148,30,-2495.3521,3374.448,6660.2822
153,148,30,-3080.7261,2902.064,5409.0
151,148,30,-3424.498,2420.0,4267.1001
149,148,30,-3621.626,1937.936,3246.6021
147,148,30,-3732.21,1442.3199,2305.436
145,148,30,-3798.3201,937.024,1426.774
143,148,30,-3845.198,431.728,592.586
141,148,30,-3882.46,-73.568,-223.572
139,148,30,-3912.51,-574.992,-1042.134
137,148,30,-3934.146,-1076.416,-1903.968
135,148,30,-3930.54,-1572.032,-2827.104
133,148,30,-3877.6521,-2063.7759,-3850.0061
131,148,30,-3728.604,-2541.968,-4995.5122
129,148,30,-3416.084,-2996.928,-6272.0361
127,148,30,-2821.094,-3438.3359,-7718.042
125,148,30,-1784.9701,-3842.96,-9248.1885
125,146,30,-1341.432,-4282.4321,-8893.5986
127,146,30,-2330.678,-3844.896,-7434.3701
129,146,30,-2901.6282,-3360.896,-6049.666
131,146,30,-3205.7341,-2853.6641,-4815.2119
133,146,30,-3345.166,-2321.2639,-3718.988
135,146,30,-3392.0439,-1775.312,-2741.762
137,146,30,-3389.6401,-1219.6801,-1857.0901
139,146,30,-3365.6001,-660.176,-1038.5281
141,146,30,-3334.3481,-102.608,-265.642
143,146,30,-3299.49,458.832,503.638
145,146,30,-3257.4202,1026.08,1294.5541
147,146,30,-3194.916,1587.52,2126.3381
149,146,30,-3091.5439,2141.2161,3021.8281
151,146,30,-2907.6379,2681.3601,3997.8521
153,146,30,-2584.3,3213.76,5092.874
155,146,30,-2027.774,3732.6079,6292.4702
157,146,30,-1108.244,4222.416,7550.9644
157,144,30,-629.848,4646.3999,7102.6182
155,144,30,-1500.0961,4117.8721,5918.6479
153,144,30,-2028.9761,3552.5601,4783.96
151,144,30,-2333.082,2964.0159,3749.0381
149,144,30,-2501.3621,2367.728,2828.3062
147,144,30,-2598.7241,1757.8879,1991.714
145,144,30,-2657.6221,1138.368,1216.4241
143,144,30,-2698.49,518.848,484.406
141,144,30,-2732.146,-100.672,-228.38
139,144,30,-2764.6001,-716.32,-949.58
137,144,30,-2791.0439,-1333.9041,-1712.85
135,144,30,-2798.2561,-1947.616,-2536.22
133,144,30,-2759.792,-2553.584,-3454.5481
131,144,30,-2637.188,-3149.8721,-4495.48
129,144,30,-2364.334,-3717.1199,-5668.6323
127,144,30,-1825.838,-4257.2642,-7002.8521
125,144,30,-872.652,-4745.1357,-8426.0205
125,142,30,-350.984,-5246.5601,-7900.7461
127,142,30,-1241.666,-4708.3521,-6566.5259
129,142,30,-1741.698,-4108.1919,-5314.042
131,142,30,-1997.724,-3477.0559,-4209.4043
133,142,30,-2109.51,-2816.8799,-3238.188
135,142,30,-2141.9641,-2147.0239,-2382.364
137,142,30,-2135.9541,-1475.2319,-1621.498
139,142,30,-2109.51,-799.568,-923.136
141,142,30,-2078.2581,-127.776,-264.44
143,142,30,-2048.208,547.888,388.246
145,142,30,-2008.542,1227.424,1056.558
147,142,30,-1954.452,1906.96,1765.738
149,142,30,-1865.504,2578.752,2537.4221
151,142,30,-1710.446,3235.0559,3383.6301
153,142,30,-1430.38,3885.552,4347.6343
155,142,30,-939.964,4510.8799,5413.8081
157,142,30,-114.19,5097.4878,6541.2842
157,140,30,455.558,5571.8081,5910.2339
155,140,30,-304.106,4929.0562,4882.5239
153,140,30,-756.058,4239.8398,3901.6921
151,140,30,-1014.488,3525.4561,3026.636
149,140,30,-1156.324,2807.2,2260.9622
147,140,30,-1239.262,2079.2639,1574.62
145,140,30,-1289.746,1343.584,942.368
143,140,30,-1329.412,609.84,349.782
141,140,30,-1360.6641,-125.84,-229.582
139,140,30,-1390.714,-853.776,-813.754
137,140,30,-1415.9561,-1587.52,-1436.39
135,140,30,-1424.37,-2323.2,-2119.126
133,140,30,-1397.926,-3056.9441,-2889.6082
131,140,30,-1298.16,-3786.8159,-3776.6841
129,140,30,-1067.376,-4487.6479,-4788.7681
127,140,30,-605.808,-5167.1841,-5963.1221
125,140,30,233.188,-5784.7681,-7236.04
125,138,30,887.076,-6334.5918,-6464.356
127,138,30,122.604,-5641.5039,-5320.0522
129,138,30,-305.308,-4884.5278,-4265.8979
131,138,30,-522.87,-4102.3838,-3352.3782
133,138,30,-617.828,-3304.752,-2565.0681
135,138,30,-647.878,-2503.248,-1885.938
137,138,30,-645.474,-1711.424,-1290.948
139,138,30,-625.04,-921.536,-752.452
141,138,30,-598.596,-143.264,-250.016
143,138,30,-567.344,640.816,245.208
145,138,30,-526.476,1432.64,754.856
147,138,30,-474.79,2220.592,1296.958
149,138,30,-394.256,3008.5439,1889.5441
151,138,30,-257.228,3790.688,2553.0481
153,138,30,-19.232,4574.7681,3321.126
155,138,30,396.66,5339.4878,4191.374
157,138,30,1095.022,6061.6162,5126.5303
157,136,30,1811.4141,6547.5518,4253.8779
155,136,30,1181.566,5749.9199,3466.5681
153,136,30,798.128,4909.6958,2728.54
151,136,30,570.95,4055.9199,2084.2681
149,136,30,436.326,3211.824,1531.348
147,136,30,350.984,2367.728,1040.932
145,136,30,295.692,1527.504,599.798
143,136,30,254.824,696.96,188.714
141,136,30,225.976,-133.584,-213.956
139,136,30,203.138,-962.192,-621.434
137,136,30,189.916,-1800.48,-1062.568
135,136,30,195.926,-2646.512,-1554.186
133,136,30,234.39,-3508.032,-2116.7219
131,136,30,332.954,-4379.2319,-2783.832
129,136,30,539.698,-5242.688,-3566.334
127,136,30,933.954,-6092.5918,-4485.8643
125,136,30,1644.3361,-6894.0962,-5501.5542
125,134,30,2483.332,-7409.0718,-4443.7939
127,134,30,1834.2521,-6512.7041,-3613.2122
129,134,30,1454.42,-5567.936,-2859.5581
131,134,30,1244.0701,-4627.04,-2227.3062
133,134,30,1127.4761,-3691.9519,-1697.224
135,134,30,1069.78,-2774.2881,-1251.282
137,134,30,1046.942,-1881.792,-872.652
139,134,30,1045.74,-1004.784,-536.092
141,134,30,1061.366,-143.264,-228.38
143,134,30,1090.214,718.256,72.12
145,134,30,1137.092,1587.52,379.832
147,134,30,1203.202,2466.4639,711.584
149,134,30,1299.3621,3358.96,1080.598
151,134,30,1443.6021,4257.2642,1503.702
153,134,30,1668.376,5180.7358,2006.1381
155,134,30,2028.9761,6102.272,2585.502
157,134,30,2608.3401,7000.5762,3221.3601
157,132,30,3525.4661,7401.3281,2062.6321
155,132,30,2994.1821,6417.8398,1635.922
153,132,30,2643.198,5418.8638,1244.0701
151,132,30,2406.4041,4433.4399,908.712
149,132,30,2244.134,3482.864,631.05
147,132,30,2125.136,2553.584,396.66
145,132,30,2042.198,1645.6,188.714
143,132,30,1985.704,753.104,-3.606
141,132,30,1956.8561,-129.712,-191.118
139,132,30,1950.8461,-1012.528,-385.842
137,132,30,1970.078,-1912.7679,-601.0
135,132,30,2019.36,-2840.1121,-852.218
133,132,30,2108.3081,-3800.3679,-1153.92
131,132,30,2251.3459,-4797.4082,-1522.9341
129,132,30,2482.1301,-5809.936,-1971.28
127,132,30,2860.76,-6851.5039,-2520.594
125,132,30,3468.9722,-7871.7759,-3138.4221
125,130,30,4561.5898,-8198.96,-1718.86
127,130,30,3975.0142,-7074.144,-1375.088
129,130,30,3578.354,-5960.9438,-1069.78
131,130,30,3305.5,-4886.4639,-823.37
133,130,30,3111.978,-3852.6399,-632.252
135,130,30,2980.96,-2865.28,-485.608
137,130,30,2898.022,-1926.3199,-371.418
139,130,30,2853.5481,-1016.4,-277.662
141,130,30,2848.74,-133.584,-199.532
143,130,30,2878.79,753.104,-128.614
145,130,30,2948.5061,1651.408,-57.696
147,130,30,3055.4841,2572.9441,19.232
149,130,30,3203.3301,3523.52,110.584
151,130,30,3404.064,4503.1357,221.168
153,130,30,3670.908,5538.896,365.408
155,130,30,4037.5181,6611.4399,539.698
157,130,30,4550.772,7695.6001,726.008
157,128,30,5657.814,7815.6318,-682.736
155,128,30,5149.3682,6665.6479,-592.586
153,128,30,4747.8999,5550.5122,-524.072
151,128,30,4430.5723,4489.584,-459.164
149,128,30,4182.96,3500.2881,-397.862
147,128,30,3989.438,2551.6479,-337.762
145,128,30,3852.4102,1641.728,-281.268
143,128,30,3764.6641,760.848,-229.582
141,128,30,3732.21,-108.416,-183.906
139,128,30,3747.8362,-977.68,-141.836
137,128,30,3817.552,-1872.1119,-106.978
135,128,30,3943.762,-2801.3921,-79.332
133,128,30,4128.8701,-3784.8799,-60.1
131,128,30,4382.4922,-4834.1919,-57.696
129,128,30,4715.4463,-5931.9038,-70.918
127,128,30,5163.792,-7112.8638,-100.968
125,128,30,5770.8022,-8328.6719,-120.2
125,126,30,7058.144,-8177.6641,1579.428
127,126,30,6417.478,-6927.0078,1238.0601
129,126,30,5892.2041,-5742.1758,964.004
131,126,30,5472.7061,-4646.3999,730.816
133,126,30,5143.3579,-3630.0,526.476
135,126,30,4893.3423,-2681.3601,338.964
137,126,30,4722.6582,-1792.736,168.28
139,126,30,4621.6899,-938.96,4.808
141,126,30,4590.438,-112.288,-155.058
143,126,30,4625.2959,716.32,-319.732
145,126,30,4733.4761,1558.48,-497.628
147,126,30,4905.3623,2433.552,-693.554
149,126,30,5145.7622,3349.28,-909.914
151,126,30,5458.2822,4315.3437,-1159.9301
153,126,30,5844.124,5362.7202,-1452.016
155,126,30,6314.106,6487.5361,-1804.202
157,126,30,6868.228,7687.856,-2240.5281
157,124,30,8078.6421,7252.2559,-3803.1282
155,124,30,7460.814,6094.5278,-3023.03
153,124,30,6906.6919,5016.1758,-2385.97
151,124,30,6439.1143,4024.9441,-1864.302
149,124,30,6060.4839,3120.832,-1433.9861
147,124,30,5763.5903,2270.928,-1062.568
145,124,30,5549.6343,1463.616,-736.826
143,124,30,5421.02,685.344,-441.134
141,124,30,5377.748,-81.312,-161.068
139,124,30,5419.8179,-844.096,112.988
137,124,30,5547.23,-1630.1119,399.064
135,124,30,5765.9941,-2450.9761,709.18
133,124,30,6077.312,-3322.176,1060.1641
131,124,30,6490.8003,-4268.8799,1470.046
129,124,30,7001.6499,-5291.0879,1959.26
127,124,30,7626.6899,-6421.7119,2566.27
125,124,30,8357.5059,-7639.4561,3328.3381
125,122,30,9569.1221,-6675.3281,4995.5122
127,122,30,8768.5898,-5618.272,3848.804
129,122,30,8052.1982,-4636.7202,2934.082
131,122,30,7449.9961,-3748.0959,2205.6699
133,122,30,6963.186,-2927.2319,1605.8721
135,122,30,6589.3643,-2162.512,1099.8301
137,122,30,6328.5303,-1442.3199,658.696
139,122,30,6171.0679,-751.168,259.632
141,122,30,6118.1802,-79.376,-120.2
143,122,30,6161.4521,594.352,-506.042
145,122,30,6306.894,1281.632,-912.318
147,122,30,6554.5063,1996.016,-1365.472
149,122,30,6899.48,2741.376,-1879.928
151,122,30,7341.8159,3537.072,-2485.7361
153,122,30,7893.5342,4408.272,-3234.582
155,122,30,8540.21,5362.7202,-4166.1318
157,122,30,9251.7939,6400.416,-5338.082
157,120,30,10190.5566,5202.0317,-6615.8081
155,120,30,9426.084,4404.3999,-5158.9839
153,120,30,8712.0957,3655.168,-3994.2461
151,120,30,8095.4702,2956.272,-3060.292
149,120,30,7596.6401,2309.6479,-2309.042
147,120,30,7210.7983,1690.1281,-1669.578
145,120,30,6935.54,1097.712,-1114.254
143,120,30,6773.27,520.784,-613.02
141,120,30,6723.9883,-44.528,-138.23
139,120,30,6784.0879,-607.904,331.752
137,120,30,6954.772,-1179.024,825.774
135,120,30,7246.8579,-1771.4399,1377.4921
133,120,30,7660.3462,-2389.0239,2013.3501
131,120,30,8202.4482,-3043.3921,2775.418
129,120,30,8867.1543,-3732.6079,3704.564
127,120,30,9658.0703,-4476.0317,4888.5342
125,120,30,10531.9238,-5262.0479,6397.0439
