x,y,z,Bx,By,Bz
189,120,0,-13916.7559,5376.272,8320.2441
191,120,0,-13907.1406,2700.72,6834.5723
193,120,0,-13883.1006,1359.072,5624.1582
195,120,0,-13838.626,636.944,4639.7202
197,120,0,-13011.6504,247.808,3856.0161
199,120,0,-11398.5664,34.848,3221.3601
201,120,0,-9952.5605,-79.376,2711.7122
203,120,0,-8728.9238,-135.52,2287.406
205,120,0,-7720.4463,-158.752,1946.0381
207,120,0,-6862.2183,-162.624,1665.972
207,122,0,-6829.7642,216.832,1674.386
205,122,0,-7643.5181,284.592,1948.442
203,122,0,-8611.1279,387.2,2282.5981
201,122,0,-9749.4219,545.952,2688.874
199,122,0,-11092.0566,795.696,3179.29
197,122,0,-12636.626,1184.832,3777.886
195,122,0,-13711.2139,1819.84,4509.9043
193,122,0,-13874.6865,2863.344,5398.1821
191,122,0,-13898.7266,4638.6558,6442.7202
189,122,0,-13913.1504,7769.168,7629.0942
189,124,0,-13891.5146,7982.1279,6941.5503
191,124,0,-13879.4941,5442.0962,6042.4541
193,124,0,-13850.6465,3769.3921,5173.4082
195,124,0,-13439.5625,2669.7439,4390.9062
197,124,0,-12184.6738,1943.744,3720.1902
199,124,0,-10768.7178,1450.064,3149.24
201,124,0,-9547.4863,1117.072,2679.2581
203,124,0,-8476.5039,877.008,2281.396
205,124,0,-7558.1763,704.704,1950.8461
207,124,0,-6758.8462,578.864,1674.386
207,126,0,-6618.2119,902.176,1662.3661
205,126,0,-7351.4321,1064.8,1924.402
203,126,0,-8200.0439,1277.76,2240.5281
201,126,0,-9166.4521,1558.48,2617.9561
199,126,0,-10260.2725,1936.0,3066.302
197,126,0,-11489.918,2449.04,3595.1821
195,126,0,-12762.8359,3151.8079,4211.8081
193,126,0,-13615.0547,4115.936,4900.5542
191,126,0,-13851.8486,5426.6079,5645.7939
189,126,0,-13866.2725,7105.1201,6360.9839
189,128,0,-13826.6064,6048.064,5982.354
191,128,0,-13636.6904,5107.168,5371.7383
193,128,0,-13086.1738,4208.8638,4713.042
195,128,0,-12096.9277,3438.3359,4079.5881
197,128,0,-10946.6143,2820.752,3511.042
199,128,0,-9852.7939,2332.8799,3013.4141
201,128,0,-8871.9619,1951.488,2590.3101
203,128,0,-7964.4521,1641.728,2220.094
205,128,0,-7161.5161,1397.792,1908.776
207,128,0,-6429.498,1200.3199,1638.326
207,130,0,-6232.3701,1463.616,1614.286
205,130,0,-6881.4502,1674.64,1861.8981
203,130,0,-7614.6699,1932.1279,2159.9941
201,130,0,-8435.6357,2241.8879,2508.574
199,130,0,-9332.3281,2611.6641,2913.6479
197,130,0,-10311.958,3051.136,3382.428
195,130,0,-11366.1123,3568.0481,3922.126
193,130,0,-12447.9121,4143.04,4524.3281
191,130,0,-13261.666,4721.9038,5142.1562
189,130,0,-13670.3467,5165.248,5722.7222
189,132,0,-13621.0645,4661.8882,5589.3003
191,132,0,-12952.752,4489.584,5019.5522
193,132,0,-11980.334,4125.6162,4414.9463
195,132,0,-10908.1504,3688.0801,3839.188
197,132,0,-9908.0859,3258.2881,3321.126
199,132,0,-8980.1426,2857.5359,2864.366
201,132,0,-8131.5303,2501.312,2472.5142
203,132,0,-7338.21,2193.488,2120.3281
205,132,0,-6638.646,1926.3199,1835.454
207,132,0,-6014.8081,1697.8719,1590.246
207,134,0,-5782.8223,1908.896,1558.994
205,134,0,-6356.1763,2143.1521,1792.182
203,134,0,-7005.2563,2412.2561,2068.6421
201,134,0,-7726.4561,2716.208,2394.384
199,134,0,-8523.3818,3055.0081,2773.0142
197,134,0,-9415.2666,3418.9761,3214.1479
195,134,0,-10405.7139,3796.4961,3718.988
193,134,0,-11515.1602,4154.6558,4287.5342
191,134,0,-12720.7666,4429.5679,4904.1602
189,134,0,-13617.458,4520.5601,5497.9482
189,136,0,-13615.0547,4696.7358,5447.4639
191,136,0,-12574.1221,4561.2158,4841.6562
193,136,0,-11245.9121,4295.9839,4229.8379
195,136,0,-10089.5879,3961.0559,3661.292
197,136,0,-9094.332,3604.832,3158.856
199,136,0,-8214.4678,3250.5439,2723.7319
201,136,0,-7419.9463,2919.488,2341.4961
203,136,0,-6721.584,2613.6001,2024.1681
205,136,0,-6098.9482,2338.688,1753.718
207,136,0,-5546.0283,2094.752,1522.9341
207,138,0,-5288.8003,2263.1841,1484.47
205,138,0,-5802.0542,2510.9919,1700.8301
203,138,0,-6387.4282,2791.7119,1964.068
201,138,0,-7044.9224,3097.6001,2271.78
199,138,0,-7785.354,3428.656,2633.582
197,138,0,-8639.9766,3779.072,3057.8879
195,138,0,-9638.8379,4141.104,3555.5161
193,138,0,-10828.8184,4495.3921,4122.8599
191,138,0,-12280.834,4820.6401,4752.708
189,138,0,-13568.1758,5089.7441,5382.5562
189,140,0,-13423.9365,5573.7441,5310.436
191,140,0,-11957.4961,5167.1841,4681.79
193,140,0,-10504.2783,4766.4321,4057.9521
195,140,0,-9308.2881,4367.6162,3490.6082
197,140,0,-8314.2344,3980.416,2998.99
199,140,0,-7456.0063,3618.384,2569.876
201,140,0,-6736.0083,3279.584,2218.8921
203,140,0,-6100.1499,2962.0801,1915.988
205,140,0,-5535.21,2675.552,1659.962
207,140,0,-5027.9663,2412.2561,1442.4
207,142,0,-4756.314,2555.52,1400.3301
205,142,0,-5209.4683,2820.752,1601.0641
203,142,0,-5731.1362,3116.96,1845.0701
201,142,0,-6327.3281,3440.272,2135.9541
199,142,0,-7013.6699,3794.5601,2480.928
197,142,0,-7815.4043,4175.9521,2889.6082
195,142,0,-8772.1963,4588.3198,3372.812
193,142,0,-9936.9346,5033.6001,3930.54
191,142,0,-11370.9199,5513.728,4548.3682
189,142,0,-13004.4385,6051.936,5186.6299
189,144,0,-12493.5879,6487.5361,5050.8042
191,144,0,-10814.3945,5854.4639,4428.168
193,144,0,-9457.3359,5304.6401,3827.168
195,144,0,-8344.2842,4810.96,3285.0662
197,144,0,-7425.9561,4365.6802,2816.2861
199,144,0,-6657.8779,3961.0559,2416.02
201,144,0,-6002.7881,3595.1521,2081.864
203,144,0,-5429.4341,3260.2239,1798.192
205,144,0,-4933.0083,2954.3359,1556.5901
207,144,0,-4493.0762,2681.3601,1352.25
207,146,0,-4219.02,2785.9041,1302.968
205,146,0,-4615.6802,3068.5601,1491.682
203,146,0,-5074.8442,3384.1279,1717.6581
201,146,0,-5603.7241,3732.6079,1989.3101
199,146,0,-6214.3403,4114.0,2310.2441
197,146,0,-6937.9443,4539.9199,2694.884
195,146,0,-7798.5762,5012.3042,3148.0381
193,146,0,-8853.9326,5544.7041,3676.918
191,146,0,-10140.0723,6146.7998,4265.8979
189,146,0,-11738.7324,6843.7598,4881.3223
189,148,0,-10928.584,7141.9038,4690.2041
191,148,0,-9468.1543,6410.0962,4106.0322
193,148,0,-8269.7598,5767.3437,3542.2939
195,148,0,-7287.7261,5198.1602,3035.05
197,148,0,-6484.79,4700.6079,2601.1279
199,148,0,-5808.064,4255.3281,2233.3162
201,148,0,-5238.3159,3860.384,1923.2001
203,148,0,-4739.4863,3496.416,1658.76
205,148,0,-4306.7661,3173.104,1435.188
207,148,0,-3929.3381,2882.7041,1248.8781
207,150,0,-3638.4541,2958.208,1194.788
205,150,0,-3976.2161,3256.3521,1365.472
203,150,0,-4364.4619,3587.408,1572.2161
201,150,0,-4816.4141,3959.1199,1819.828
199,150,0,-5334.4761,4367.6162,2111.9141
197,150,0,-5952.3042,4828.3838,2462.8979
195,150,0,-6693.938,5351.104,2877.5881
193,150,0,-7595.438,5943.52,3361.9941
191,150,0,-8695.2686,6615.312,3901.6921
189,150,0,-10055.9326,7374.2241,4461.8242
189,152,0,-9188.0879,7571.6958,4227.4341
191,152,0,-7954.8359,6787.6157,3704.564
193,152,0,-6953.5703,6092.5918,3198.522
195,152,0,-6130.2002,5478.8799,2744.166
197,152,0,-5459.4839,4942.6079,2354.718
199,152,0,-4894.5439,4464.416,2020.562
201,152,0,-4420.9561,4042.3679,1742.9
203,152,0,-4006.2661,3664.8479,1503.702
205,152,0,-3650.4741,3324.1121,1302.968
207,152,0,-3340.3582,3022.0959,1134.688
207,154,0,-3043.4641,3064.688,1074.588
205,154,0,-3313.9141,3368.6399,1228.444
203,154,0,-3624.03,3711.312,1409.946
201,154,0,-3988.2361,4096.5762,1629.912
199,154,0,-4406.5322,4526.3682,1890.7461
197,154,0,-4906.564,5014.2397,2203.2661
195,154,0,-5505.1602,5562.1279,2568.6741
193,154,0,-6238.3799,6191.3281,2994.1821
191,154,0,-7144.688,6903.7759,3468.9722
189,154,0,-8275.7705,7714.96,3960.5901
189,156,0,-7368.2603,7825.312,3699.7561
191,156,0,-6360.9839,6990.896,3251.4102
193,156,0,-5561.6543,6266.832,2816.2861
195,156,0,-4917.3823,5626.0161,2423.2319
197,156,0,-4387.3003,5064.5762,2081.864
199,156,0,-3946.166,4570.896,1788.576
201,156,0,-3578.354,4135.2959,1543.368
203,156,0,-3258.6221,3744.2239,1336.624
205,156,0,-2979.7581,3399.616,1159.9301
207,156,0,-2740.5601,3091.792,1013.286
207,158,0,-2441.262,3099.5359,950.782
205,158,0,-2641.9961,3405.4241,1081.8
203,158,0,-2872.78,3751.968,1240.464
201,158,0,-3142.0281,4139.168,1430.38
199,158,0,-3452.144,4572.832,1653.952
197,158,0,-3824.7642,5068.4478,1920.796
195,158,0,-4275.5142,5629.8882,2234.5181
193,158,0,-4835.646,6276.5122,2599.926
191,158,0,-5527.998,7018.0,3000.1921
189,158,0,-6404.2563,7864.0317,3408.8721
189,160,0,-5463.0903,7852.416,3137.22
191,160,0,-4722.6582,7000.5762,2775.418
193,160,0,-4139.688,6259.0879,2413.616
195,160,0,-3674.5142,5610.5278,2080.6621
197,160,0,-3299.49,5047.1519,1792.182
199,160,0,-2990.5762,4557.3437,1545.772
201,160,0,-2729.7419,4127.5518,1340.23
203,160,0,-2506.1702,3740.3521,1163.536
205,160,0,-2310.2441,3393.8079,1013.286
207,160,0,-2138.3582,3089.856,883.47
207,162,0,-1843.868,3062.752,819.764
205,162,0,-1974.886,3360.896,931.55
203,162,0,-2126.3381,3699.696,1064.972
201,162,0,-2300.6279,4077.2161,1222.4341
199,162,0,-2503.7661,4501.2002,1408.744
197,162,0,-2745.3682,4985.2002,1631.114
195,162,0,-3037.4541,5538.896,1891.948
193,162,0,-3405.2661,6179.7119,2192.448
191,162,0,-3874.0461,6915.3921,2524.2
189,162,0,-4483.46,7773.04,2857.1541
189,164,0,-3542.2939,7622.0317,2602.3301
191,164,0,-3077.1201,6779.8721,2305.436
193,164,0,-2724.9341,6061.6162,2009.744
195,164,0,-2450.8779,5436.2881,1739.2941
197,164,0,-2232.114,4896.144,1502.5
199,164,0,-2051.814,4421.8242,1299.3621
201,164,0,-1901.5641,4009.4561,1129.88
203,164,0,-1770.546,3639.6799,983.236
205,164,0,-1657.558,3310.5601,859.43
207,164,0,-1557.792,3020.1599,756.058
207,166,0,-1282.5341,2958.208,693.554
205,166,0,-1347.442,3236.9919,783.704
203,166,0,-1419.562,3552.5601,890.682
201,166,0,-1504.9041,3908.7839,1019.296
199,166,0,-1602.266,4305.6641,1168.344
197,166,0,-1718.86,4762.5601,1348.644
195,166,0,-1861.8981,5279.4722,1557.792
193,166,0,-2043.4,5877.6958,1800.5961
191,166,0,-2281.396,6570.7842,2069.844
189,166,0,-2605.936,7385.8398,2347.5061
189,168,0,-1733.2841,7068.3359,2120.3281
191,168,0,-1545.772,6309.4238,1869.11
193,168,0,-1415.9561,5660.8638,1626.306
195,168,0,-1318.594,5095.5518,1408.744
197,168,0,-1244.0701,4603.8081,1221.2321
199,168,0,-1183.97,4172.0801,1061.366
201,168,0,-1133.486,3794.5601,926.742
203,168,0,-1090.214,3453.824,812.552
205,168,0,-1048.144,3151.8079,712.786
207,168,0,-1010.882,2882.7041,631.05
207,170,0,-758.462,2789.7759,569.748
205,170,0,-765.674,3043.3921,639.464
203,170,0,-771.684,3327.9839,722.402
201,170,0,-776.492,3649.3599,820.966
199,170,0,-782.502,4001.7119,935.156
197,170,0,-789.714,4404.3999,1073.386
195,170,0,-800.532,4861.2959,1236.858
193,170,0,-819.764,5382.0801,1427.9761
191,170,0,-854.622,5976.4321,1646.74
189,170,0,-917.126,6661.7759,1881.13
189,172,0,-222.37,6210.688,1658.76
191,172,0,-251.218,5620.208,1452.016
193,172,0,-292.086,5089.7441,1263.302
195,172,0,-336.56,4617.3599,1097.426
197,172,0,-378.63,4197.248,955.59
199,172,0,-417.094,3827.4719,836.592
201,172,0,-450.75,3498.3521,735.624
203,172,0,-478.396,3198.272,649.08
205,172,0,-502.436,2927.2319,574.556
207,172,0,-520.466,2689.104,510.85
207,174,0,-298.096,2572.9441,454.356
205,174,0,-254.824,2793.6479,507.244
203,174,0,-204.34,3043.3921,568.546
201,174,0,-144.24,3316.3679,639.464
199,174,0,-75.726,3620.3201,722.402
197,174,0,3.606,3959.1199,823.37
195,174,0,91.352,4336.6401,939.964
193,174,0,187.512,4758.688,1076.9921
191,174,0,284.874,5221.3921,1233.2521
189,174,0,375.024,5724.752,1401.532
189,176,0,854.622,5287.2158,1157.526
191,176,0,735.624,4853.5518,1039.73
193,176,0,602.202,4448.9277,918.328
195,176,0,467.578,4071.408,808.946
197,176,0,342.57,3728.7361,712.786
199,176,0,230.784,3420.9119,631.05
201,176,0,132.22,3140.1919,560.132
203,176,0,46.878,2886.5759,498.83
205,176,0,-27.646,2658.1279,447.144
207,176,0,-91.352,2450.9761,402.67
207,178,0,97.362,2323.2,350.984
205,178,0,179.098,2510.9919,385.842
203,178,0,275.258,2716.208,426.71
201,178,0,385.842,2948.5281,474.79
199,178,0,510.85,3198.272,530.082
197,178,0,652.686,3478.9919,594.99
195,178,0,808.946,3786.8159,669.514
193,178,0,974.822,4125.6162,753.654
191,178,0,1139.496,4491.52,840.198
189,178,0,1281.332,4882.5918,912.318
189,180,0,1674.386,4530.2397,712.786
191,180,0,1508.51,4164.3359,674.322
193,180,0,1314.988,3825.5359,615.424
195,180,0,1119.062,3515.7759,552.92
197,180,0,933.954,3236.9919,495.224
199,180,0,765.674,2983.376,444.74
201,180,0,617.828,2756.864,402.67
203,180,0,486.81,2547.7759,364.206
205,180,0,370.216,2359.9839,331.752
207,180,0,271.652,2189.616,302.904
207,180,2,248.814,2226.3999,253.622
205,180,2,343.772,2400.6399,277.662
203,180,2,455.558,2594.24,305.308
201,180,2,582.97,2809.136,336.56
199,180,2,726.008,3045.3279,372.62
197,180,2,889.48,3308.624,412.286
195,180,2,1070.9821,3599.0239,454.356
193,180,2,1268.11,3922.3359,495.224
191,180,2,1477.2581,4280.4961,526.476
189,180,2,1687.608,4669.6318,530.082
189,178,2,1266.9081,5058.7681,669.514
191,178,2,1087.8101,4640.5918,647.878
193,178,2,914.722,4253.3921,599.798
195,178,2,750.048,3895.2319,543.304
197,178,2,601.0,3569.9839,488.012
199,178,2,465.174,3275.7119,438.73
201,178,2,347.378,3014.3521,393.054
203,178,2,240.4,2772.3521,353.388
205,178,2,151.452,2557.4561,319.732
207,178,2,72.12,2361.9199,288.48
207,176,2,-120.2,2491.6321,325.742
205,176,2,-61.302,2702.656,360.6
203,176,2,6.01,2938.8479,402.67
201,176,2,84.14,3200.208,450.75
199,176,2,174.29,3486.7361,506.042
197,176,2,276.46,3811.9839,568.546
195,176,2,391.852,4170.144,638.262
193,176,2,519.264,4567.0239,712.786
191,176,2,656.292,5002.624,784.906
189,176,2,801.734,5475.0078,836.592
189,174,2,270.45,5929.9678,1016.892
191,174,2,168.28,5393.6958,937.56
193,174,2,75.726,4903.8882,842.602
195,174,2,-9.616,4460.5439,750.048
197,174,2,-82.938,4063.6641,663.504
199,174,2,-150.25,3707.4399,586.576
201,174,2,-207.946,3391.8721,520.466
203,174,2,-257.228,3103.408,462.77
205,174,2,-299.298,2847.856,412.286
207,174,2,-335.358,2615.5359,369.014
207,172,2,-562.536,2729.76,409.882
205,172,2,-551.718,2973.696,459.164
203,172,2,-537.294,3250.5439,516.86
201,172,2,-519.264,3558.3679,582.97
199,172,2,-500.032,3901.04,659.898
197,172,2,-475.992,4286.3042,750.048
195,172,2,-448.346,4723.8398,852.218
193,172,2,-419.498,5215.584,967.61
191,172,2,-387.044,5769.2798,1086.608
189,172,2,-348.58,6390.7358,1194.788
189,170,2,-1068.578,6841.8237,1366.6741
191,170,2,-1020.498,6142.9277,1244.0701
193,170,2,-976.024,5527.2798,1108.244
195,170,2,-942.368,4987.1357,977.226
197,170,2,-911.116,4512.8159,858.228
199,170,2,-885.874,4094.6399,753.654
201,170,2,-864.238,3724.864,663.504
203,170,2,-846.208,3393.8079,584.172
205,170,2,-828.178,3097.6001,515.658
207,170,2,-811.35,2832.3679,459.164
207,168,2,-1067.376,2925.2959,501.234
205,168,2,-1114.254,3200.208,564.94
203,168,2,-1165.9401,3511.9041,639.464
201,168,2,-1224.838,3860.384,727.21
199,168,2,-1292.15,4253.3921,829.38
197,168,2,-1371.4821,4698.6719,949.58
195,168,2,-1466.4401,5209.7759,1085.406
193,168,2,-1580.63,5790.5762,1235.656
191,168,2,-1716.4561,6460.4321,1391.916
189,168,2,-1882.332,7232.896,1531.348
189,166,2,-2768.2061,7563.9521,1702.032
191,166,2,-2478.5239,6739.2158,1554.186
193,166,2,-2238.124,6028.7041,1385.906
195,166,2,-2038.592,5409.1841,1218.828
197,166,2,-1873.9181,4870.9761,1066.1741
199,166,2,-1733.2841,4398.5918,930.348
201,166,2,-1616.6901,3984.2881,814.956
203,166,2,-1513.318,3618.384,712.786
205,166,2,-1423.168,3293.136,627.444
207,166,2,-1343.8361,3002.7361,554.122
207,164,2,-1622.7001,3062.752,597.394
205,164,2,-1734.4861,3360.896,675.524
203,164,2,-1864.302,3699.696,769.28
201,164,2,-2013.3501,4079.1521,879.864
199,164,2,-2184.0339,4508.9438,1008.478
197,164,2,-2387.1721,4996.8159,1158.728
195,164,2,-2628.7742,5556.3198,1328.2101
193,164,2,-2918.4561,6201.0078,1515.722
191,164,2,-3274.248,6946.3682,1706.8401
189,164,2,-3704.564,7813.6958,1876.322
189,162,2,-4676.9819,7982.1279,2066.238
191,162,2,-4116.8501,7107.0562,1883.5341
193,162,2,-3646.8682,6342.3359,1674.386
195,162,2,-3256.218,5678.2881,1466.4401
197,162,2,-2937.688,5103.2959,1277.7261
199,162,2,-2668.4399,4599.936,1113.052
201,162,2,-2440.0601,4160.4639,968.812
203,162,2,-2242.9321,3765.52,845.006
205,162,2,-2072.248,3418.9761,739.23
207,162,2,-1923.2001,3109.2161,649.08
207,160,2,-2222.498,3136.3201,694.756
205,160,2,-2408.8081,3449.9519,789.714
203,160,2,-2621.562,3804.24,903.904
201,160,2,-2866.77,4203.0562,1037.326
199,160,2,-3150.4421,4646.3999,1193.5861
197,160,2,-3487.002,5155.5679,1373.886
195,160,2,-3892.0762,5742.1758,1583.0341
193,160,2,-4380.0879,6412.0317,1813.818
191,160,2,-4967.8662,7184.4961,2050.6121
189,160,2,-5675.8442,8075.0562,2263.366
189,158,2,-6647.0601,8096.3521,2460.4941
191,158,2,-5821.2861,7219.3437,2229.71
193,158,2,-5122.9243,6450.752,1972.4821
195,158,2,-4538.752,5777.0239,1721.264
197,158,2,-4054.3462,5190.416,1494.0861
199,158,2,-3646.8682,4675.4399,1295.756
201,158,2,-3304.2981,4226.2881,1125.072
203,158,2,-3009.8081,3823.6001,978.428
205,158,2,-2754.9841,3465.4399,852.218
207,158,2,-2532.614,3149.8721,747.644
207,156,2,-2836.72,3140.1919,792.118
205,156,2,-3093.948,3455.76,902.702
203,156,2,-3390.842,3810.0481,1034.922
201,156,2,-3733.4121,4210.7998,1191.182
199,156,2,-4133.6782,4658.0161,1373.886
197,156,2,-4608.4683,5169.1201,1590.246
195,156,2,-5172.2061,5749.9199,1835.454
193,156,2,-5850.1343,6415.9038,2110.7122
191,156,2,-6661.4839,7172.8799,2396.7881
189,156,2,-7637.5083,8047.9521,2666.0361
189,154,2,-8584.6846,7939.5361,2860.76
191,154,2,-7501.6821,7101.248,2572.28
193,154,2,-6583.354,6359.7598,2263.366
195,154,2,-5815.2759,5705.3921,1968.876
197,154,2,-5174.6099,5134.272,1705.6381
199,154,2,-4633.71,4627.04,1473.652
201,154,2,-4176.9502,4183.6958,1276.524
203,154,2,-3781.4922,3782.9441,1105.84
205,154,2,-3442.5281,3430.592,962.802
207,154,2,-3145.634,3113.0879,840.198
207,152,2,-3446.134,3066.624,882.268
205,152,2,-3773.0781,3376.384,1007.276
203,152,2,-4154.1123,3724.864,1158.728
201,152,2,-4594.0439,4115.936,1337.826
199,152,2,-5103.6919,4549.6001,1545.772
197,152,2,-5708.2983,5043.2798,1792.182
195,152,2,-6421.084,5598.9121,2073.45
193,152,2,-7278.1104,6235.856,2393.1821
191,152,2,-8302.2139,6956.0479,2727.3381
189,152,2,-9521.042,7773.04,3047.0701
189,150,2,-10420.1387,7569.7598,3217.7542
191,150,2,-9109.958,6789.5518,2883.5981
193,150,2,-7989.6943,6096.4639,2531.4121
195,150,2,-7048.5283,5482.752,2198.458
197,150,2,-6257.6123,4942.6079,1899.16
199,150,2,-5594.1079,4464.416,1639.5281
201,150,2,-5030.3701,4042.3679,1418.36
203,150,2,-4543.5601,3657.104,1228.444
205,150,2,-4119.2539,3314.4319,1064.972
207,150,2,-3751.4421,3008.5439,926.742
207,148,2,-4043.5281,2929.168,966.408
205,148,2,-4438.9858,3225.376,1104.6381
203,148,2,-4896.9482,3558.3679,1271.7161
201,148,2,-5425.8281,3926.208,1468.844
199,148,2,-6032.8379,4332.7681,1699.6281
197,148,2,-6752.8359,4791.6001,1972.4821
195,148,2,-7606.2563,5306.5762,2286.2041
193,148,2,-8635.168,5895.1201,2640.7939
191,148,2,-9855.1982,6555.2959,3013.4141
189,148,2,-11295.1943,7310.3359,3370.408
189,146,2,-12125.7764,7002.5117,3501.426
191,146,2,-10600.4385,6292.0,3140.8262
193,146,2,-9295.0664,5674.416,2757.3879
195,146,2,-8196.4385,5124.5918,2395.5859
197,146,2,-7278.1104,4636.7202,2069.844
199,146,2,-6504.022,4199.1841,1787.374
201,146,2,-5847.73,3806.176,1544.5701
203,146,2,-5270.77,3449.9519,1335.422
205,146,2,-4770.7383,3126.6399,1158.728
207,146,2,-4339.2202,2836.24,1009.68
207,144,2,-4616.8823,2725.8879,1044.538
205,144,2,-5072.4399,3006.6079,1194.788
203,144,2,-5595.3101,3316.3679,1373.886
201,144,2,-6201.1182,3660.9761,1587.842
199,144,2,-6893.4702,4034.624,1835.454
197,144,2,-7714.436,4448.9277,2128.7419
195,144,2,-8685.6523,4901.9521,2466.5042
193,144,2,-9849.1885,5407.248,2840.3262
191,144,2,-11239.9023,5972.5601,3235.7842
189,144,2,-12814.5225,6617.248,3612.01
189,142,2,-13316.958,6158.416,3709.3721
191,142,2,-11874.5586,5618.272,3337.9541
193,142,2,-10428.5518,5126.5278,2937.688
195,142,2,-9215.7344,4671.5679,2556.6541
197,142,2,-8197.6406,4249.52,2212.8821
199,142,2,-7340.6143,3860.384,1912.3821
201,142,2,-6607.394,3504.1599,1653.952
203,142,2,-5963.1221,3175.04,1431.582
205,142,2,-5401.7881,2873.0239,1241.666
207,142,2,-4905.3623,2600.0481,1080.598
207,140,2,-5162.5903,2460.656,1109.446
205,140,2,-5677.0459,2722.0159,1269.312
203,140,2,-6263.6221,3014.3521,1460.4301
201,140,2,-6933.1362,3333.792,1686.406
199,140,2,-7692.8003,3678.3999,1949.644
197,140,2,-8579.876,4048.176,2256.1541
195,140,2,-9613.5957,4435.376,2607.1379
193,140,2,-10849.252,4834.1919,2991.7781
191,140,2,-12327.7119,5240.752,3398.054
189,140,2,-13577.792,5647.312,3777.886
189,138,2,-13681.1641,5145.8882,3830.7742
191,138,2,-12689.5146,4886.4639,3471.376
193,138,2,-11292.79,4567.0239,3074.7161
195,138,2,-10061.9424,4212.7358,2684.0662
197,138,2,-9007.7881,3848.7681,2329.4761
199,138,2,-8103.8843,3490.6079,2020.562
201,138,2,-7312.9683,3155.6799,1750.1121
203,138,2,-6608.5962,2842.0481,1516.9241
205,138,2,-5982.354,2561.3279,1314.988
207,138,2,-5431.8379,2305.7759,1144.3041
207,136,2,-5675.8442,2137.344,1169.546
205,136,2,-6249.1982,2385.1521,1339.0281
203,136,2,-6893.4702,2662.0,1540.964
201,136,2,-7623.084,2971.76,1778.9601
199,136,2,-8435.6357,3306.688,2053.0161
197,136,2,-9358.7725,3660.9761,2370.344
195,136,2,-10397.2998,4017.2,2726.136
193,136,2,-11590.8857,4350.1919,3115.584
191,136,2,-12862.6025,4613.4878,3511.042
189,136,2,-13719.6279,4741.2642,3877.6521
189,134,2,-13722.0322,4568.96,3930.54
191,134,2,-13062.1338,4491.52,3586.7681
193,134,2,-11971.9199,4224.3521,3194.916
195,134,2,-10837.2324,3866.1919,2806.6702
197,134,2,-9803.5117,3484.8,2447.272
199,134,2,-8856.3359,3111.1521,2121.53
201,134,2,-8012.5322,2768.48,1840.2621
203,134,2,-7242.0503,2456.7839,1592.65
205,134,2,-6552.1021,2181.8721,1381.098
207,134,2,-5933.0723,1943.744,1199.5961
207,132,2,-6159.0483,1734.656,1221.2321
205,132,2,-6800.916,1966.976,1401.532
203,132,2,-7519.7119,2238.0159,1615.488
201,132,2,-8327.4561,2555.52,1866.7061
199,132,2,-9203.7139,2911.7439,2156.3879
197,132,2,-10174.9307,3318.304,2488.1401
195,132,2,-11211.0547,3755.8401,2857.1541
193,132,2,-12318.0967,4197.248,3256.218
191,132,2,-13229.2119,4561.2158,3655.282
189,132,2,-13714.8203,4729.6479,4005.064
189,130,2,-13760.4961,5285.2798,4132.4761
191,130,2,-13515.2881,4845.8081,3783.896
193,130,2,-12812.1182,4259.2002,3372.812
195,130,2,-11807.2461,3668.72,2960.5261
197,130,2,-10721.8398,3136.3201,2574.6841
199,130,2,-9690.5244,2679.4241,2229.71
201,130,2,-8743.3486,2296.0959,1928.0081
203,130,2,-7870.6963,1976.656,1663.568
205,130,2,-7082.1841,1709.488,1433.9861
207,130,2,-6386.2261,1490.72,1242.868
207,128,2,-6585.7583,1225.488,1258.494
205,128,2,-7310.564,1424.896,1450.8141
203,128,2,-8135.1362,1672.704,1679.194
201,128,2,-9067.8877,1992.144,1952.0481
199,128,2,-10093.1943,2385.1521,2265.77
197,128,2,-11237.498,2894.3201,2632.3801
195,128,2,-12434.6904,3533.2,3045.8682
193,128,2,-13359.0283,4332.7681,3491.8101
191,128,2,-13744.8701,5267.856,3938.9541
189,128,2,-13848.2422,6245.5361,4338.0181
189,126,2,-13880.6963,7436.1758,4652.9419
191,126,2,-13869.8779,5693.7759,4178.1519
193,126,2,-13752.082,4317.2798,3663.696
195,126,2,-13131.8506,3297.0081,3173.28
197,126,2,-11925.042,2551.6479,2726.136
199,126,2,-10640.1045,2011.504,2337.8901
201,126,2,-9486.1846,1612.688,2003.734
203,126,2,-8459.6758,1316.48,1718.86
205,126,2,-7556.9741,1091.9041,1476.056
207,126,2,-6767.2603,921.536,1271.7161
207,124,2,-6898.2783,590.48,1276.524
205,124,2,-7713.2344,720.192,1478.4601
203,124,2,-8660.4102,896.368,1722.4661
201,124,2,-9775.8662,1146.1119,2019.36
199,124,2,-11051.1885,1502.3359,2367.9399
197,124,2,-12526.042,2023.12,2792.2461
195,124,2,-13601.832,2789.7759,3277.854
193,124,2,-13867.4746,3961.0559,3835.582
191,124,2,-13891.5146,5742.1758,4446.1982
189,124,2,-13904.7363,8440.96,5071.2383
189,122,2,-13922.7666,8379.0078,5547.23
191,122,2,-13910.7461,5041.3437,4753.9102
193,122,2,-13890.3125,3120.832,4031.5081
195,122,2,-13841.0303,1984.4,3401.6602
197,122,2,-13070.5479,1291.312,2869.1741
199,122,2,-11541.6045,861.52,2417.2219
201,122,2,-10112.4258,588.544,2056.6221
203,122,2,-8904.416,414.304,1748.91
205,122,2,-7882.7163,302.016,1490.48
207,122,2,-7012.4683,226.512,1280.13
207,120,2,-7040.1143,-162.624,1269.312
205,120,2,-7922.3823,-158.752,1477.2581
203,120,2,-8982.5459,-133.584,1733.2841
201,120,2,-10253.0605,-71.632,2045.8041
199,120,2,-11762.7725,52.272,2419.626
197,120,2,-13351.8164,288.464,2887.2041
195,120,2,-13863.8682,720.192,3450.9421
193,120,2,-13896.3223,1515.8879,4152.9102
191,120,2,-13915.5547,2987.248,4987.0981
189,120,2,-13922.7666,5895.1201,5975.1421
189,120,4,-13927.5742,6204.8799,3738.22
191,120,4,-13914.3525,3202.144,3186.502
193,120,4,-13898.7266,1645.6,2692.48
195,120,4,-13872.2822,797.632,2263.366
197,120,4,-13570.5801,336.864,1903.968
199,120,4,-12182.2705,83.248,1604.67
201,120,4,-10608.8525,-54.208,1359.462
203,120,4,-9272.2285,-125.84,1152.718
205,120,4,-8163.9844,-156.816,984.438
207,120,4,-7227.626,-166.496,842.602
207,122,4,-7190.3643,220.704,849.814
205,122,4,-8071.4302,294.272,984.438
203,122,4,-9123.1797,408.496,1147.91
201,122,4,-10369.6543,584.672,1348.644
199,122,4,-11843.3066,863.456,1586.64
197,122,4,-13324.1699,1306.8,1870.312
195,122,4,-13856.6563,2019.248,2205.6699
193,122,4,-13897.5244,3198.272,2598.7241
191,122,4,-13911.9482,5196.2241,3036.252
189,122,4,-13920.3623,8679.0879,3521.8601
189,124,4,-13907.1406,8808.7998,3251.4102
191,124,4,-13895.1201,5995.792,2871.5781
193,124,4,-13872.2822,4131.4238,2500.1602
195,124,4,-13753.2842,2904.0,2153.9841
197,124,4,-12899.8643,2094.752,1846.272
199,124,4,-11479.1006,1546.864,1577.024
201,124,4,-10155.6982,1179.024,1348.644
203,124,4,-8984.9502,919.6,1153.92
205,124,4,-7980.0781,733.744,990.448
207,124,4,-7108.6279,598.224,851.016
207,126,4,-6961.9839,929.28,847.41
205,126,4,-7760.1123,1101.584,977.226
203,126,4,-8680.8438,1330.032,1134.688
201,126,4,-9736.2002,1633.984,1319.796
199,126,4,-10928.584,2042.48,1534.954
197,126,4,-12259.1982,2600.0481,1783.7681
195,126,4,-13398.6943,3372.512,2066.238
193,126,4,-13837.4238,4435.376,2371.5461
191,126,4,-13871.0801,5877.6958,2684.0662
189,126,4,-13881.8984,7734.3198,2970.1421
189,128,4,-13855.4541,6472.0479,2758.5901
191,128,4,-13832.6162,5445.9678,2539.8259
193,128,4,-13574.1865,4466.3521,2277.79
195,128,4,-12806.1084,3631.936,2004.936
197,128,4,-11671.4199,2964.0159,1747.708
199,128,4,-10492.2578,2435.488,1512.116
201,128,4,-9417.6699,2026.9919,1306.574
203,128,4,-8434.4346,1699.808,1127.4761
205,128,4,-7554.5703,1440.384,971.216
207,128,4,-6758.8462,1239.04,835.39
207,130,4,-6543.688,1508.144,825.774
205,130,4,-7251.666,1730.7839,950.782
203,130,4,-8053.4004,2001.824,1098.6281
201,130,4,-8947.6885,2329.0081,1268.11
199,130,4,-9932.126,2718.144,1461.6321
197,130,4,-10995.8965,3184.72,1680.396
195,130,4,-12123.3721,3730.6719,1924.402
193,130,4,-13064.5381,4338.5762,2175.6201
191,130,4,-13616.2559,4952.2881,2412.4141
189,130,4,-13823.0,5424.6719,2598.7241
189,132,4,-13784.5361,4820.6401,2504.968
191,132,4,-13463.6025,4646.3999,2337.8901
193,132,4,-12683.5039,4272.752,2120.3281
195,132,4,-11641.3701,3821.6641,1882.332
197,132,4,-10577.6006,3372.512,1655.1541
199,132,4,-9569.1221,2954.3359,1443.6021
201,132,4,-8636.3701,2584.5601,1253.686
203,132,4,-7769.728,2261.248,1079.396
205,132,4,-7005.2563,1984.4,937.56
207,132,4,-6322.52,1746.272,816.158
207,134,4,-6080.918,1959.2319,802.936
205,134,4,-6709.564,2203.168,920.732
203,134,4,-7419.9463,2483.8879,1057.76
201,134,4,-8212.0645,2801.3921,1216.4241
199,134,4,-9087.1201,3147.936,1397.926
197,134,4,-10055.9326,3527.3921,1601.0641
195,134,4,-11118.5,3914.592,1822.2321
193,134,4,-12274.8242,4270.8159,2056.6221
191,134,4,-13268.8779,4543.792,2272.9819
189,134,4,-13784.5361,4623.168,2443.666
189,136,4,-13780.9307,4779.9839,2411.2122
191,136,4,-13147.4766,4659.9521,2242.9321
193,136,4,-12000.7686,4402.4639,2027.774
195,136,4,-10803.5762,4067.5359,1800.5961
197,136,4,-9734.998,3703.5679,1580.63
199,136,4,-8769.792,3341.5359,1379.896
201,136,4,-7897.1401,3002.7361,1192.384
203,136,4,-7125.4561,2687.168,1037.326
205,136,4,-6443.9219,2404.512,903.904
207,136,4,-5835.71,2150.896,788.512
207,138,4,-5574.876,2323.2,771.684
205,138,4,-6137.4121,2580.688,882.268
203,138,4,-6778.0781,2869.1521,1010.882
201,138,4,-7506.4902,3186.656,1162.334
199,138,4,-8323.8506,3525.4561,1335.422
197,138,4,-9262.6123,3885.552,1531.348
195,138,4,-10344.4121,4253.3921,1750.1121
193,138,4,-11584.876,4607.6802,1979.6941
191,138,4,-12910.6826,4927.1201,2205.6699
189,138,4,-13746.0723,5182.6719,2388.374
189,140,4,-13659.5283,5693.7759,2365.5361
191,140,4,-12664.2725,5291.0879,2182.832
193,140,4,-11266.3467,4888.3999,1959.26
195,140,4,-10015.0645,4487.6479,1729.678
197,140,4,-8936.8701,4092.7039,1514.52
199,140,4,-7989.6943,3720.9919,1308.978
201,140,4,-7187.96,3370.5759,1139.496
203,140,4,-6481.1841,3045.3279,991.65
205,140,4,-5862.1543,2747.1841,863.036
207,140,4,-5316.4463,2481.9519,754.856
207,142,4,-5038.7842,2619.408,734.422
205,142,4,-5543.624,2892.384,838.996
203,142,4,-6124.1899,3198.272,961.6
201,142,4,-6788.896,3533.2,1105.84
199,142,4,-7550.9644,3897.168,1270.514
197,142,4,-8440.4443,4294.0479,1461.6321
195,142,4,-9484.9824,4719.9678,1676.79
193,142,4,-10726.6484,5178.7998,1905.17
191,142,4,-12178.6641,5670.5439,2138.3582
189,142,4,-13484.0361,6220.3682,2330.678
189,144,4,-13046.5078,6692.752,2288.6082
191,144,4,-11630.5518,6048.064,2095.0859
193,144,4,-10254.2617,5478.8799,1870.312
195,144,4,-9064.2822,4965.8398,1644.3361
197,144,4,-8040.1782,4505.0718,1426.774
199,144,4,-7174.7383,4083.0239,1239.262
201,144,4,-6446.3262,3701.6321,1078.194
203,144,4,-5805.6602,3349.28,937.56
205,144,4,-5249.1343,3033.7119,816.158
207,144,4,-4758.7183,2745.248,715.19
207,146,4,-4470.2383,2853.6641,691.15
205,146,4,-4918.584,3146.0,788.512
203,146,4,-5433.04,3473.1841,903.904
201,146,4,-6025.626,3835.2161,1038.5281
199,146,4,-6708.3623,4234.0317,1195.99
197,146,4,-7516.106,4681.248,1377.4921
195,146,4,-8463.2822,5178.7998,1580.63
193,146,4,-9590.7578,5736.3682,1804.202
191,146,4,-10912.958,6363.6318,2026.572
189,146,4,-12417.8623,7078.0161,2226.104
189,148,4,-11604.1084,7412.9438,2153.9841
191,148,4,-10218.2021,6652.0962,1964.068
193,148,4,-8989.7578,5986.1118,1745.3041
195,148,4,-7938.0083,5387.8882,1531.348
197,148,4,-7048.5283,4861.2959,1336.624
199,148,4,-6290.0659,4392.7842,1161.1321
201,148,4,-5646.9961,3974.6079,1010.882
203,148,4,-5084.46,3595.1521,876.258
205,148,4,-4597.6499,3254.416,764.472
207,148,4,-4173.3442,2950.4639,668.312
207,150,4,-3874.0461,3031.7759,641.868
205,150,4,-4252.6763,3339.6001,730.816
203,150,4,-4693.8101,3686.144,836.592
201,150,4,-5203.458,4075.28,961.6
199,150,4,-5788.832,4505.0718,1105.84
197,150,4,-6479.9819,4992.9438,1271.7161
195,150,4,-7294.938,5542.7681,1460.4301
193,150,4,-8262.5479,6170.0317,1665.972
191,150,4,-9387.6201,6878.6079,1870.312
189,150,4,-10694.1943,7674.3042,2057.824
189,152,4,-9786.6846,7906.624,1953.25
191,152,4,-8617.1377,7078.0161,1784.9701
193,152,4,-7595.438,6346.208,1593.8521
195,152,4,-6714.3721,5695.7119,1402.734
197,152,4,-5969.1323,5122.6558,1224.838
199,152,4,-5329.668,4613.4878,1064.972
201,152,4,-4787.5659,4168.208,926.742
203,152,4,-4317.584,3769.3921,806.542
205,152,4,-3913.7122,3415.104,703.17
207,152,4,-3562.728,3099.5359,615.424
207,154,4,-3239.3901,3149.8721,587.778
205,154,4,-3545.9001,3469.312,667.11
203,154,4,-3901.6921,3825.5359,760.866
201,154,4,-4317.584,4234.0317,872.652
199,154,4,-4795.98,4687.0562,1002.468
197,154,4,-5363.3242,5202.0317,1152.718
195,154,4,-6025.626,5786.7041,1320.998
193,154,4,-6805.7241,6452.688,1500.0961
191,154,4,-7722.8501,7213.5361,1680.396
189,154,4,-8784.2158,8076.9922,1834.2521
189,156,4,-7820.2119,8198.96,1717.6581
191,156,4,-6891.0659,7310.3359,1580.63
193,156,4,-6084.5239,6534.0,1417.1581
195,156,4,-5394.5762,5854.4639,1252.484
197,156,4,-4805.5962,5254.3042,1098.6281
199,156,4,-4306.7661,4731.584,957.994
201,156,4,-3883.6621,4272.752,834.188
203,156,4,-3515.8501,3860.384,728.412
205,156,4,-3199.7241,3496.416,637.06
207,156,4,-2924.4661,3173.104,557.728
207,158,4,-2608.3401,3184.72,528.88
205,158,4,-2841.5281,3504.1599,598.596
203,158,4,-3111.978,3868.1279,681.534
201,158,4,-3424.498,4278.5601,778.896
199,158,4,-3783.896,4735.4561,890.682
197,158,4,-4211.8081,5260.1118,1020.498
195,158,4,-4714.2441,5858.3359,1164.738
193,158,4,-5306.8301,6549.4878,1318.594
191,158,4,-5996.7783,7339.376,1465.238
189,158,4,-6791.3003,8243.4883,1587.842
189,160,4,-5799.6499,8222.1924,1465.238
191,160,4,-5143.3579,7321.9521,1363.068
193,160,4,-4567.6001,6530.1279,1229.646
195,160,4,-4069.9722,5840.9121,1091.416
197,160,4,-3650.4741,5242.688,959.196
199,160,4,-3292.2781,4721.9038,841.4
201,160,4,-2989.374,4265.0078,735.624
203,160,4,-2723.7319,3856.512,644.272
205,160,4,-2495.3521,3492.5439,564.94
207,160,4,-2295.8201,3171.168,497.628
207,162,4,-1989.3101,3142.1279,465.174
205,162,4,-2147.9741,3455.76,525.274
203,162,4,-2330.678,3810.0481,596.192
201,162,4,-2542.23,4208.8638,679.13
199,162,4,-2785.0339,4658.0161,772.886
197,162,4,-3071.1101,5172.9922,881.066
195,162,4,-3404.064,5757.6641,1000.064
193,162,4,-3797.1182,6437.2002,1126.274
191,162,4,-4255.0801,7219.3437,1246.474
189,162,4,-4777.9502,8115.7119,1336.624
189,164,4,-3806.7341,7945.3437,1223.636
191,164,4,-3419.6899,7072.208,1145.506
193,164,4,-3078.322,6315.2319,1040.932
195,164,4,-2781.428,5656.9922,927.944
197,164,4,-2527.8062,5082.0,819.764
199,164,4,-2307.8401,4580.5762,719.998
201,164,4,-2121.53,4141.104,632.252
203,164,4,-1956.8561,3750.032,556.526
205,164,4,-1816.222,3403.488,489.214
207,164,4,-1691.214,3097.6001,432.72
207,166,4,-1402.734,3035.6479,400.266
205,166,4,-1489.2781,3327.9839,450.75
203,166,4,-1589.0441,3660.9761,509.648
201,166,4,-1704.436,4036.5601,576.96
199,166,4,-1834.2521,4458.6079,655.09
197,166,4,-1986.906,4938.7358,744.038
195,166,4,-2162.3979,5488.5601,841.4
193,166,4,-2365.5361,6117.7598,943.57
191,166,4,-2596.3201,6843.7598,1039.73
189,166,4,-2851.144,7685.9199,1109.446
189,168,4,-1964.068,7358.7358,1008.478
191,168,4,-1833.05,6576.5918,948.378
193,168,4,-1705.6381,5895.1201,863.036
195,168,4,-1587.842,5298.832,770.482
197,168,4,-1483.2681,4778.0479,683.938
199,168,4,-1390.714,4319.2158,603.404
201,168,4,-1311.3821,3916.5281,532.486
203,168,4,-1240.464,3560.304,471.184
205,168,4,-1179.162,3240.864,415.892
207,168,4,-1122.668,2958.208,369.014
207,170,4,-857.026,2863.344,337.762
205,170,4,-879.864,3130.512,378.63
203,170,4,-905.106,3430.592,425.508
201,170,4,-932.752,3767.4561,480.8
199,170,4,-962.802,4144.9761,542.102
197,170,4,-998.862,4572.832,610.616
195,170,4,-1038.5281,5058.7681,687.544
193,170,4,-1076.9921,5614.3999,768.078
191,170,4,-1114.254,6241.6641,843.804
189,170,4,-1137.092,6957.9839,900.298
189,172,4,-411.084,6520.4478,795.724
191,172,4,-473.588,5887.376,752.452
193,172,4,-513.254,5318.1919,688.746
195,172,4,-539.698,4809.0239,619.03
197,172,4,-560.132,4361.8081,551.718
199,172,4,-574.556,3964.928,490.416
201,172,4,-586.576,3614.512,436.326
203,172,4,-593.788,3295.072,388.246
205,172,4,-601.0,3012.416,344.974
207,172,4,-605.808,2758.8,307.712
207,174,4,-371.418,2642.6399,278.864
205,174,4,-340.166,2874.96,308.914
203,174,4,-302.904,3138.2561,344.974
201,174,4,-259.632,3430.592,385.842
199,174,4,-209.148,3751.968,431.518
197,174,4,-149.048,4117.8721,484.406
195,174,4,-79.332,4526.3682,540.9
193,174,4,4.808,4983.2642,598.596
191,174,4,105.776,5490.4961,649.08
189,174,4,235.592,6051.936,677.928
189,176,4,786.108,5602.7842,569.748
191,176,4,609.414,5112.9761,556.526
193,176,4,459.164,4659.9521,519.264
195,176,4,330.55,4251.4561,474.79
197,176,4,217.562,3877.8079,427.912
199,176,4,121.402,3544.8159,384.64
201,176,4,36.06,3246.6719,344.974
203,176,4,-36.06,2977.5679,308.914
205,176,4,-99.766,2733.6321,277.662
207,176,4,-152.654,2516.8,250.016
207,178,4,44.474,2385.1521,223.572
205,178,4,118.998,2582.624,246.41
203,178,4,205.542,2801.3921,272.854
201,178,4,306.51,3047.2639,302.904
199,178,4,420.7,3314.4319,334.156
197,178,4,551.718,3616.448,370.216
195,178,4,700.766,3951.376,406.276
193,178,4,870.248,4319.2158,438.73
191,178,4,1058.962,4725.7759,462.77
189,178,4,1276.524,5163.312,462.77
189,180,4,1710.446,4758.688,376.226
191,180,4,1466.4401,4361.8081,384.64
193,180,4,1241.666,3997.8401,371.418
195,180,4,1038.5281,3662.9119,346.176
197,180,4,857.026,3360.896,316.126
199,180,4,697.16,3091.792,287.278
201,180,4,556.526,2847.856,260.834
203,180,4,432.72,2627.1521,235.592
205,180,4,323.338,2427.7439,213.956
207,180,4,229.582,2247.696,195.926
207,180,6,217.562,2261.248,139.432
205,180,6,308.914,2441.2959,152.654
203,180,6,414.69,2642.6399,167.078
201,180,6,537.294,2865.28,183.906
199,180,6,676.726,3111.1521,201.936
197,180,6,837.794,3384.1279,221.168
195,180,6,1020.498,3690.0159,239.198
193,180,6,1230.848,4026.8799,253.622
191,180,6,1471.248,4396.6558,257.228
189,180,6,1745.3041,4793.5361,246.41
189,178,6,1310.1801,5219.4561,281.268
191,178,6,1063.77,4781.9199,290.884
193,178,6,859.43,4371.4878,281.268
195,178,6,683.938,3997.8401,264.44
197,178,6,533.688,3657.104,242.804
199,178,6,402.67,3349.28,221.168
201,178,6,290.884,3076.304,201.936
203,178,6,192.32,2824.624,181.502
205,178,6,108.18,2601.9839,165.876
207,178,6,34.858,2400.6399,150.25
207,176,6,-164.674,2532.2881,162.27
205,176,6,-112.988,2751.0559,179.098
203,176,6,-52.888,2994.9919,199.532
201,176,6,18.03,3266.032,219.966
199,176,6,99.766,3568.0481,244.006
197,176,6,194.724,3904.9119,269.248
195,176,6,307.712,4280.4961,294.49
193,176,6,442.336,4698.6719,317.328
191,176,6,607.01,5161.376,331.752
189,176,6,814.956,5662.7998,326.944
189,174,6,248.814,6127.4399,377.428
191,174,6,90.15,5560.1919,375.024
193,174,6,-24.04,5045.2158,355.792
195,174,6,-112.988,4580.5762,328.146
197,174,6,-182.704,4164.3359,298.096
199,174,6,-240.4,3792.624,269.248
201,174,6,-286.076,3463.5039,242.804
203,174,6,-325.742,3165.3599,217.562
205,174,6,-358.196,2900.1279,195.926
207,174,6,-387.044,2660.064,176.694
207,172,6,-620.232,2774.2881,191.118
205,172,6,-617.828,3027.9041,211.552
203,172,6,-614.222,3314.4319,236.794
201,172,6,-609.414,3631.936,263.238
199,172,6,-601.0,3988.1599,294.49
197,172,6,-590.182,4390.8481,326.944
195,172,6,-572.152,4843.8721,361.802
193,172,6,-540.9,5356.9121,395.458
191,172,6,-488.012,5935.7759,421.902
189,172,6,-397.862,6576.5918,431.518
189,170,6,-1133.486,7018.0,480.8
191,170,6,-1143.1021,6309.4238,467.578
193,170,6,-1120.264,5676.3521,437.528
195,170,6,-1085.406,5114.9121,400.266
197,170,6,-1044.538,4619.2959,360.6
199,170,6,-1004.872,4185.6318,323.338
201,170,6,-968.812,3804.24,289.682
203,170,6,-936.358,3459.6321,258.43
205,170,6,-905.106,3155.6799,231.986
207,170,6,-878.662,2882.7041,207.946
207,168,6,-1139.496,2973.696,221.168
205,168,6,-1198.394,3256.3521,246.41
203,168,6,-1264.504,3579.6641,276.46
201,168,6,-1340.23,3941.696,308.914
199,168,6,-1424.37,4346.3198,347.378
197,168,6,-1519.328,4809.0239,389.448
195,168,6,-1625.104,5333.6802,432.72
193,168,6,-1736.89,5935.7759,474.79
191,168,6,-1848.676,6623.0562,509.648
189,168,6,-1946.0381,7405.2002,524.072
189,166,6,-2841.5281,7745.936,567.344
191,166,6,-2629.9761,6909.584,551.718
193,166,6,-2417.2219,6179.7119,516.86
195,166,6,-2218.8921,5542.7681,471.184
197,166,6,-2042.198,4985.2002,424.306
199,166,6,-1883.5341,4497.3281,378.63
201,166,6,-1747.708,4069.4719,337.762
203,166,6,-1625.104,3688.0801,300.5
205,166,6,-1519.328,3353.1521,268.046
207,166,6,-1425.572,3053.072,237.996
207,164,6,-1715.254,3115.0239,251.218
205,164,6,-1842.666,3420.9119,281.268
203,164,6,-1989.3101,3769.3921,316.126
201,164,6,-2158.792,4164.3359,355.792
199,164,6,-2351.1121,4607.6802,400.266
197,164,6,-2574.6841,5112.9761,449.548
195,164,6,-2828.3062,5691.8398,501.234
193,164,6,-3119.1899,6357.8237,550.516
191,164,6,-3442.5281,7124.48,590.182
189,164,6,-3791.1082,8011.168,609.414
189,162,6,-4780.354,8195.0879,662.302
191,162,6,-4304.3623,7294.8481,640.666
193,162,6,-3866.834,6504.96,597.394
195,162,6,-3479.79,5817.6802,542.102
197,162,6,-3144.4321,5223.3281,484.406
199,162,6,-2852.3459,4702.5439,430.316
201,162,6,-2601.1279,4245.6479,382.236
203,162,6,-2381.1621,3841.0239,338.964
205,162,6,-2190.0439,3480.928,300.5
207,162,6,-2024.1681,3163.4241,266.844
207,160,6,-2334.2839,3190.5281,278.864
205,160,6,-2537.4221,3511.9041,314.924
203,160,6,-2771.812,3877.8079,354.59
201,160,6,-3042.262,4288.2397,401.468
199,160,6,-3352.3782,4749.0078,453.154
197,160,6,-3714.1802,5277.5361,512.052
195,160,6,-4137.2842,5883.5039,573.354
193,160,6,-4625.2959,6582.3999,634.656
191,160,6,-5183.0239,7381.9678,686.342
189,160,6,-5803.2563,8299.6318,715.19
189,158,6,-6802.1182,8328.6719,772.886
191,158,6,-6065.292,7420.688,739.23
193,158,6,-5394.5762,6621.1201,681.534
195,158,6,-4808.0,5920.2881,615.424
197,158,6,-4300.7559,5312.3838,548.112
199,158,6,-3864.4302,4778.0479,485.608
201,158,6,-3494.2141,4313.4082,429.114
203,158,6,-3170.876,3895.2319,378.63
205,158,6,-2893.2141,3527.3921,334.156
207,158,6,-2649.208,3200.208,295.692
207,156,6,-2962.9302,3190.5281,307.712
205,156,6,-3241.7939,3515.7759,347.378
203,156,6,-3565.1321,3881.6799,393.054
201,156,6,-3937.752,4294.0479,445.942
199,156,6,-4371.6743,4760.624,506.042
197,156,6,-4876.5142,5289.1519,573.354
195,156,6,-5467.8979,5893.1841,645.474
193,156,6,-6154.2402,6584.3359,719.998
191,156,6,-6941.5503,7374.2241,784.906
189,156,6,-7833.4341,8280.2715,829.38
189,154,6,-8814.2666,8162.1758,881.066
191,154,6,-7813.0,7294.8481,831.784
193,154,6,-6912.7021,6524.3198,760.866
195,154,6,-6136.21,5842.8481,683.938
197,154,6,-5465.4941,5248.4961,607.01
199,154,6,-4887.332,4723.8398,534.89
201,154,6,-4395.7139,4265.0078,471.184
203,154,6,-3967.802,3852.6399,414.69
205,154,6,-3601.1921,3488.6719,366.61
207,154,6,-3281.46,3163.4241,322.136
207,152,6,-3590.374,3116.96,332.954
205,152,6,-3942.5601,3434.4639,377.428
203,152,6,-4352.4419,3792.624,427.912
201,152,6,-4827.2319,4195.312,486.81
199,152,6,-5375.3442,4640.5918,555.324
197,152,6,-6017.2119,5153.6318,631.05
195,152,6,-6763.6543,5730.5601,712.786
193,152,6,-7633.9023,6388.7998,795.724
191,152,6,-8639.9766,7136.0962,872.652
189,152,6,-9787.8857,7980.1919,932.752
189,150,6,-10709.8203,7753.6802,972.418
191,150,6,-9476.5684,6952.1758,911.116
193,150,6,-8375.5361,6237.792,828.178
195,150,6,-7413.936,5602.7842,741.634
197,150,6,-6589.3643,5043.2798,656.292
199,150,6,-5877.7803,4551.5361,579.364
201,150,6,-5276.7803,4117.8721,509.648
203,150,6,-4751.5059,3722.928,448.346
205,150,6,-4297.1499,3370.5759,394.256
207,150,6,-3902.894,3056.9441,348.58
207,148,6,-4202.1919,2973.696,356.994
205,148,6,-4625.2959,3277.6479,403.872
203,148,6,-5115.7119,3618.384,457.962
201,148,6,-5681.854,3999.7759,521.668
199,148,6,-6330.9341,4417.9521,593.788
197,148,6,-7094.2041,4888.3999,674.322
195,148,6,-7986.0884,5420.7998,763.27
193,148,6,-9033.0303,6020.96,855.824
191,148,6,-10239.8379,6700.4961,939.964
189,148,6,-11596.8965,7465.2158,1004.872
189,146,6,-12427.4785,7132.2241,1026.5081
191,146,6,-11003.1084,6415.9038,964.004
193,146,6,-9714.5645,5780.896,878.662
195,146,6,-8596.7041,5219.4561,786.108
197,146,6,-7641.1143,4719.9678,697.16
199,146,6,-6821.3501,4268.8799,613.02
201,146,6,-6121.7861,3868.1279,538.496
203,146,6,-5509.9683,3502.2239,473.588
205,146,6,-4978.6841,3171.168,415.892
207,146,6,-4515.9141,2874.96,366.61
207,144,6,-4795.98,2762.6719,373.822
205,144,6,-5282.79,3049.2,423.104
203,144,6,-5841.7202,3366.7041,479.598
201,144,6,-6487.1943,3719.0559,544.506
199,144,6,-7224.02,4100.4478,617.828
197,144,6,-8090.6621,4524.4321,706.776
195,144,6,-9097.9385,4991.0078,796.926
193,144,6,-10279.5039,5502.1118,891.884
191,144,6,-11642.5723,6075.168,977.226
189,144,6,-13039.2959,6723.728,1043.3361
189,142,6,-13490.0459,6249.4082,1051.75
191,142,6,-12271.2178,5705.3921,994.054
193,142,6,-10857.666,5211.7119,911.116
195,142,6,-9635.2324,4750.9438,819.764
197,142,6,-8581.0781,4321.1519,727.21
199,142,6,-7669.9619,3922.3359,640.666
201,142,6,-6892.2681,3556.4319,563.738
203,142,6,-6208.3301,3219.5679,495.224
205,142,6,-5608.5322,2911.7439,435.124
207,142,6,-5084.46,2634.896,384.64
207,140,6,-5348.8999,2493.5679,389.448
205,140,6,-5893.4062,2760.7361,439.932
203,140,6,-6518.4463,3058.8799,497.628
201,140,6,-7228.8281,3386.064,566.142
199,140,6,-8032.9663,3734.5439,643.07
197,140,6,-8960.9102,4108.1919,727.21
195,140,6,-10031.8926,4499.2642,818.562
193,140,6,-11281.9727,4901.9521,911.116
191,140,6,-12672.6865,5306.5762,995.256
189,140,6,-13666.7402,5715.0718,1045.74
189,138,6,-13748.4766,5198.1602,1039.73
191,138,6,-12982.8018,4948.416,996.458
193,138,6,-11719.5,4630.9121,925.54
195,138,6,-10488.6523,4276.624,838.996
197,138,6,-9406.8525,3908.7839,750.048
199,138,6,-8457.2725,3546.752,664.706
201,138,6,-7620.6802,3206.0159,585.374
203,138,6,-6874.2383,2886.5759,515.658
205,138,6,-6207.1279,2596.176,450.75
207,138,6,-5621.7539,2334.8159,396.66
207,136,6,-5871.77,2164.448,400.266
205,136,6,-6477.5781,2416.1279,451.952
203,136,6,-7162.7183,2700.72,513.254
201,136,6,-7934.4023,3016.2881,584.172
199,136,6,-8786.6201,3355.0879,662.302
197,136,6,-9751.8262,3715.1841,748.846
195,136,6,-10825.2119,4077.2161,840.198
193,136,6,-12027.2119,4412.144,930.348
191,136,6,-13159.4961,4673.5039,996.458
189,136,6,-13780.9307,4797.4082,1033.72
189,134,6,-13785.7383,4642.5278,1038.5281
191,134,6,-13332.584,4568.96,1006.074
193,134,6,-12391.418,4301.792,939.964
195,134,6,-11259.1338,3939.76,858.228
197,134,6,-10202.5762,3552.5601,770.482
199,134,6,-9216.9365,3171.168,683.938
201,134,6,-8328.6582,2818.8159,603.404
203,134,6,-7517.3081,2499.376,528.88
205,134,6,-6784.0879,2214.7839,463.972
207,134,6,-6131.4023,1970.848,405.074
207,132,6,-6362.186,1757.8879,408.68
205,132,6,-7040.1143,1996.016,463.972
203,132,6,-7803.3843,2276.7361,528.88
201,132,6,-8654.4004,2600.0481,603.404
199,132,6,-9577.5361,2967.8879,685.14
197,132,6,-10586.0146,3386.064,775.29
195,132,6,-11659.4004,3837.1521,871.45
193,132,6,-12699.1299,4290.1758,957.994
191,132,6,-13467.208,4667.6958,1027.71
189,132,6,-13780.9307,4845.8081,1061.366
189,130,6,-13819.3945,5476.9438,1108.244
191,130,6,-13630.6807,5010.3682,1064.972
193,130,6,-13143.8701,4394.7202,986.842
195,130,6,-12253.1885,3777.136,894.288
197,130,6,-11140.1357,3223.4399,798.128
199,130,6,-10067.9521,2747.1841,705.574
201,130,6,-9072.6963,2350.304,621.434
203,130,6,-8157.9741,2019.248,543.304
205,130,6,-7329.7959,1742.4,474.79
207,130,6,-6596.5762,1515.8879,412.286
207,128,6,-6799.7144,1246.7839,413.488
205,128,6,-7567.792,1450.064,471.184
203,128,6,-8440.4443,1711.424,539.698
201,128,6,-9423.6797,2040.5439,620.232
199,128,6,-10499.4697,2452.9119,710.382
197,128,6,-11695.46,2987.248,812.552
195,128,6,-12819.3301,3660.9761,918.328
193,128,6,-13582.6006,4505.0718,1025.306
191,128,6,-13837.4238,5494.3682,1117.86
189,128,6,-13865.0703,6537.8721,1186.374
189,126,6,-13884.3027,7838.8638,1293.3521
191,126,6,-13874.6865,5993.856,1191.182
193,126,6,-13843.4346,4534.1118,1070.9821
195,126,6,-13459.9961,3448.0159,949.58
197,126,6,-12397.4287,2660.064,832.986
199,126,6,-11060.8047,2087.0081,727.21
201,126,6,-9853.9961,1668.832,633.454
203,126,6,-8774.6006,1357.136,550.516
205,126,6,-7820.2119,1120.944,480.8
207,126,6,-6992.0342,942.832,418.296
207,124,6,-7132.668,600.16,415.892
205,124,6,-7994.502,735.68,475.992
203,124,6,-8999.374,921.536,546.91
201,124,6,-10176.1318,1186.7679,633.454
199,124,6,-11515.1602,1562.3521,734.422
197,124,6,-12937.126,2117.9839,849.814
195,124,6,-13770.1123,2940.7839,976.024
193,124,6,-13879.4941,4191.4399,1117.86
191,124,6,-13899.9287,6086.7842,1266.9081
189,124,6,-13909.5439,8946.2559,1417.1581
189,122,6,-13923.9678,8878.4961,1514.52
191,122,6,-13915.5547,5384.0161,1331.816
193,122,6,-13895.1201,3337.6641,1162.334
195,122,6,-13863.8682,2116.0481,1006.074
197,122,6,-13456.3906,1370.688,866.642
199,122,6,-12040.4346,906.048,742.836
201,122,6,-10539.1357,619.52,632.252
203,122,6,-9265.0166,431.728,545.708
205,122,6,-8188.0239,311.696,471.184
207,122,6,-7266.0903,232.32,406.276
207,120,6,-7294.938,-166.496,399.064
205,120,6,-8230.0938,-162.624,463.972
203,120,6,-9340.7422,-133.584,538.496
201,120,6,-10684.5781,-63.888,626.242
199,120,6,-12279.6318,73.568,730.816
197,120,6,-13609.0439,332.992,858.228
195,120,6,-13881.8984,801.504,1008.478
193,120,6,-13908.3418,1663.024,1177.96
191,120,6,-13925.1699,3238.928,1361.866
189,120,6,-13932.3818,6274.5762,1550.5801
189,120,8,-13932.3818,6282.3198,-548.112
191,120,8,-13925.1699,3291.2,-408.68
193,120,8,-13905.9385,1707.552,-301.702
195,120,8,-13877.0898,838.288,-223.572
197,120,8,-13641.498,358.16,-168.28
199,120,8,-12378.1963,90.992,-127.412
201,120,8,-10779.5361,-54.208,-98.564
203,120,8,-9405.6504,-129.712,-80.534
205,120,8,-8276.9717,-158.752,-62.504
207,120,8,-7327.3921,-166.496,-46.878
207,122,8,-7287.7261,228.448,-42.07
205,122,8,-8191.6304,303.952,-52.888
203,122,8,-9267.4199,422.048,-68.514
201,122,8,-10534.3281,605.968,-92.554
199,122,8,-12028.4141,890.56,-121.402
197,122,8,-13447.9766,1347.4559,-158.664
195,122,8,-13867.4746,2081.2,-209.148
193,122,8,-13897.5244,3287.3279,-266.844
191,122,8,-13910.7461,5320.1279,-349.782
189,122,8,-13925.1699,8816.5439,-439.932
189,124,8,-13909.5439,8986.9121,-376.226
191,124,8,-13901.1299,6127.4399,-305.308
193,124,8,-13883.1006,4226.2881,-235.592
195,124,8,-13804.9707,2967.8879,-182.704
197,124,8,-13046.5078,2139.28,-138.23
199,124,8,-11656.9961,1573.968,-105.776
201,124,8,-10309.5537,1196.448,-80.534
203,124,8,-9120.7764,929.28,-60.1
205,124,8,-8093.0659,739.552,-46.878
207,124,8,-7198.7783,604.032,-36.06
207,126,8,-7050.9321,940.896,-30.05
205,126,8,-7862.2822,1115.136,-40.868
203,126,8,-8803.4482,1347.4559,-54.09
201,126,8,-9878.0361,1657.2159,-72.12
199,126,8,-11092.0566,2075.3921,-96.16
197,126,8,-12426.2764,2644.5759,-127.412
195,126,8,-13493.6523,3434.4639,-168.28
193,126,8,-13854.252,4520.5601,-219.966
191,126,8,-13877.0898,5993.856,-282.47
189,126,8,-13884.3027,7893.0718,-355.792
189,128,8,-13862.666,6594.0161,-350.984
191,128,8,-13842.2324,5538.896,-271.652
193,128,8,-13616.2559,4537.9839,-205.542
195,128,8,-12928.7119,3684.208,-153.856
197,128,8,-11832.4883,3006.6079,-112.988
199,128,8,-10646.1143,2468.3999,-86.544
201,128,8,-9555.9004,2052.1599,-62.504
203,128,8,-8548.624,1719.168,-45.676
205,128,8,-7654.3359,1455.8719,-32.454
207,128,8,-6851.3999,1248.72,-27.646
207,130,8,-6638.646,1519.76,-20.434
205,130,8,-7358.644,1744.3359,-30.05
203,130,8,-8178.4082,2019.248,-40.868
201,130,8,-9088.3223,2348.3679,-57.696
199,130,8,-10085.9824,2743.312,-81.736
197,130,8,-11156.9639,3217.6321,-110.584
195,130,8,-12278.4307,3771.3279,-145.442
193,130,8,-13167.9102,4388.9121,-194.724
191,130,8,-13643.9023,5016.1758,-262.036
189,130,8,-13823.0,5505.9839,-349.782
189,132,8,-13786.9404,4863.2319,-341.368
191,132,8,-13494.8545,4683.1841,-252.42
193,132,8,-12783.2705,4307.6001,-182.704
195,132,8,-11784.4082,3852.6399,-131.018
197,132,8,-10724.2441,3399.616,-93.756
199,132,8,-9708.5537,2977.5679,-64.908
201,132,8,-8758.9746,2605.856,-48.08
203,132,8,-7885.1201,2280.6079,-36.06
205,132,8,-7107.4263,1999.8879,-22.838
207,132,8,-6411.4683,1759.824,-12.02
207,134,8,-6168.6641,1974.72,-6.01
205,134,8,-6810.5322,2218.656,-13.222
203,134,8,-7535.3384,2501.312,-24.04
201,134,8,-8343.082,2818.8159,-39.666
199,134,8,-9231.3604,3169.2319,-60.1
197,134,8,-10212.1924,3548.688,-86.544
195,134,8,-11269.9521,3935.8879,-125.008
193,134,8,-12396.2266,4294.0479,-174.29
191,134,8,-13331.3818,4563.1519,-235.592
189,134,8,-13780.9307,4640.5918,-322.136
189,136,8,-13791.748,4781.9199,-296.894
191,136,8,-13218.3945,4669.6318,-213.956
193,136,8,-12134.1904,4416.0161,-151.452
195,136,8,-10953.8262,4084.96,-104.574
197,136,8,-9881.6426,3722.928,-69.716
199,136,8,-8904.416,3360.896,-45.676
201,136,8,-8024.5522,3022.0959,-33.656
203,136,8,-7242.0503,2704.592,-18.03
205,136,8,-6546.0923,2420.0,-7.212
207,136,8,-5921.0522,2162.512,1.202
207,138,8,-5659.0161,2336.752,8.414
205,138,8,-6233.5723,2596.176,2.404
203,138,8,-6891.0659,2886.5759,-7.212
201,138,8,-7636.3062,3204.0801,-20.434
199,138,8,-8469.292,3544.8159,-36.06
197,138,8,-9417.6699,3902.9761,-60.1
195,138,8,-10497.0664,4266.9438,-92.554
193,138,8,-11729.1162,4621.2319,-134.624
191,138,8,-12985.2061,4932.9277,-183.906
189,138,8,-13754.4863,5180.7358,-257.228
189,140,8,-13665.5381,5695.7119,-219.966
191,140,8,-12748.4121,5300.7681,-156.26
193,140,8,-11403.374,4903.8882,-106.978
195,140,8,-10164.1123,4503.1357,-69.716
197,140,8,-9088.3223,4114.0,-43.272
199,140,8,-8139.9443,3740.3521,-22.838
201,140,8,-7312.9683,3389.936,-12.02
203,140,8,-6589.3643,3062.752,0.0
205,140,8,-5954.708,2764.6079,7.212
207,140,8,-5396.98,2493.5679,13.222
207,142,8,-5118.1162,2634.896,20.434
205,142,8,-5634.9761,2909.8081,15.626
203,142,8,-6231.168,3217.6321,10.818
201,142,8,-6912.7021,3554.4961,1.202
199,142,8,-7691.5981,3920.3999,-12.02
197,142,8,-8594.2998,4315.3437,-32.454
195,142,8,-9642.4443,4741.2642,-55.292
193,142,8,-10870.8887,5198.1602,-88.948
191,142,8,-12286.8438,5686.0317,-126.21
189,142,8,-13502.0664,6228.1118,-179.098
189,144,8,-13081.3662,6715.9839,-143.038
191,144,8,-11747.1465,6075.168,-96.16
193,144,8,-10402.1084,5507.9199,-58.898
195,144,8,-9225.3506,4996.8159,-32.454
197,144,8,-8201.2461,4532.1758,-14.424
199,144,8,-7311.7661,4108.1919,-3.606
201,144,8,-6564.1221,3724.864,8.414
203,144,8,-5906.6279,3370.5759,18.03
205,144,8,-5339.2842,3051.136,24.04
207,144,8,-4836.8481,2762.6719,26.444
207,146,8,-4548.3682,2871.0879,33.656
205,146,8,-5006.3301,3167.2959,30.05
203,146,8,-5537.6143,3496.416,27.646
201,146,8,-6145.8262,3860.384,20.434
199,146,8,-6847.7939,4265.0078,10.818
197,146,8,-7667.5581,4714.1602,-2.404
195,146,8,-8623.1484,5211.7119,-21.636
193,146,8,-9741.0078,5771.2158,-45.676
191,146,8,-11033.1582,6404.2881,-76.928
189,146,8,-12469.5479,7120.6079,-112.988
189,148,8,-11661.8047,7469.0879,-85.342
191,148,8,-10342.0078,6706.3042,-48.08
193,148,8,-9149.624,6028.7041,-20.434
195,148,8,-8091.8643,5428.5439,-3.606
197,148,8,-7189.1621,4898.0801,12.02
199,148,8,-6417.478,4423.7598,22.838
201,148,8,-5758.7822,4001.7119,31.252
203,148,8,-5180.6201,3620.3201,36.06
205,148,8,-4681.79,3275.7119,39.666
207,148,8,-4243.0601,2967.8879,38.464
207,150,8,-3938.9541,3047.2639,44.474
205,150,8,-4330.8062,3358.96,44.474
203,150,8,-4785.1621,3711.312,43.272
201,150,8,-5310.436,4102.3838,39.666
199,150,8,-5910.2339,4537.9839,34.858
197,150,8,-6615.8081,5029.728,25.242
195,150,8,-7439.1782,5589.2319,10.818
193,150,8,-8403.1826,6224.2397,-7.212
191,150,8,-9501.8105,6940.5601,-36.06
189,150,8,-10748.2842,7745.936,-68.514
189,152,8,-9837.168,7987.936,-49.282
191,152,8,-8725.3184,7151.584,-14.424
193,152,8,-7725.2539,6404.2881,9.616
195,152,8,-6847.7939,5744.1118,27.646
197,152,8,-6096.5439,5163.312,39.666
199,152,8,-5447.4639,4650.272,46.878
201,152,8,-4890.938,4197.248,50.484
203,152,8,-4407.7339,3794.5601,52.888
205,152,8,-3987.0342,3434.4639,54.09
207,152,8,-3609.606,3120.832,55.292
207,154,8,-3299.49,3165.3599,60.1
205,154,8,-3616.8181,3488.6719,60.1
203,154,8,-3984.6301,3850.7039,60.1
201,154,8,-4412.542,4259.2002,60.1
199,154,8,-4904.1602,4719.9678,56.494
197,154,8,-5481.1201,5244.624,50.484
195,154,8,-6148.23,5838.9761,40.868
193,154,8,-6922.3184,6516.5762,25.242
191,154,8,-7811.7983,7290.9761,2.404
189,154,8,-8817.8721,8171.856,-27.646
189,156,8,-7834.6362,8299.6318,-10.818
191,156,8,-6966.792,7393.584,21.636
193,156,8,-6190.3003,6603.6958,40.868
195,156,8,-5507.564,5910.6079,55.292
197,156,8,-4918.584,5302.7041,63.706
199,156,8,-4410.1382,4772.2397,67.312
201,156,8,-3975.0142,4303.728,68.514
203,156,8,-3596.384,3889.4241,68.514
205,156,8,-3269.4399,3521.584,66.11
207,156,8,-2983.364,3194.3999,62.504
207,158,8,-2664.834,3202.144,67.312
205,158,8,-2907.6379,3527.3921,69.716
203,158,8,-3188.906,3895.2319,72.12
201,158,8,-3512.2441,4311.4722,73.322
199,158,8,-3882.46,4776.1118,73.322
197,158,8,-4317.584,5310.4478,69.716
195,158,8,-4821.2222,5918.3521,63.706
193,158,8,-5404.1919,6621.1201,51.686
191,158,8,-6065.292,7422.624,31.252
189,158,8,-6799.7144,8340.2881,1.202
189,160,8,-5792.438,8318.9922,14.424
191,160,8,-5197.4482,7405.2002,44.474
193,160,8,-4654.144,6603.6958,64.908
195,160,8,-4169.7383,5898.9922,73.322
197,160,8,-3747.8362,5293.0239,79.332
199,160,8,-3382.428,4762.5601,81.736
201,160,8,-3069.908,4297.9199,80.534
203,160,8,-2793.448,3885.552,78.13
205,160,8,-2555.4521,3519.6479,74.524
207,160,8,-2348.708,3194.3999,70.918
207,162,8,-2037.39,3165.3599,74.524
205,162,8,-2203.2661,3482.864,79.332
203,162,8,-2396.7881,3841.0239,82.938
201,162,8,-2616.7542,4247.584,85.342
199,162,8,-2869.1741,4702.5439,87.746
197,162,8,-3158.856,5223.3281,87.746
195,162,8,-3490.6082,5815.7441,84.14
193,162,8,-3871.6421,6504.96,74.524
191,162,8,-4297.1499,7294.8481,57.696
189,162,8,-4753.9102,8204.7676,28.848
189,164,8,-3776.6841,8020.8481,46.878
191,164,8,-3452.144,7139.9678,73.322
193,164,8,-3143.23,6379.1201,87.746
195,164,8,-2859.5581,5713.1357,94.958
197,164,8,-2604.7341,5130.3999,96.16
199,164,8,-2381.1621,4623.168,94.958
201,164,8,-2186.438,4175.9521,92.554
203,164,8,-2015.754,3781.0081,87.746
205,164,8,-1865.504,3428.656,81.736
207,164,8,-1734.4861,3120.832,76.928
207,166,8,-1443.6021,3056.9441,78.13
205,166,8,-1536.156,3353.1521,84.14
203,166,8,-1644.3361,3690.0159,90.15
201,166,8,-1766.9401,4069.4719,94.958
199,166,8,-1903.968,4497.3281,99.766
197,166,8,-2061.4299,4985.2002,103.372
195,166,8,-2235.72,5538.896,103.372
193,166,8,-2428.04,6177.7759,99.766
191,166,8,-2628.7742,6905.7119,88.948
189,166,8,-2824.7,7747.8721,67.312
189,168,8,-1940.0281,7412.9438,87.746
191,168,8,-1861.8981,6636.6079,104.574
193,168,8,-1760.9301,5951.2642,111.786
195,168,8,-1653.952,5351.104,112.988
197,168,8,-1550.5801,4824.5122,109.382
199,168,8,-1453.218,4357.936,104.574
201,168,8,-1367.876,3951.376,99.766
203,168,8,-1290.948,3587.408,92.554
205,168,8,-1222.4341,3264.0959,86.544
207,168,8,-1161.1321,2977.5679,79.332
207,170,8,-890.682,2882.7041,80.534
205,170,8,-920.732,3153.7439,87.746
203,170,8,-950.782,3457.696,93.756
201,170,8,-985.64,3800.3679,100.968
199,170,8,-1021.7,4181.7598,108.18
197,170,8,-1061.366,4617.3599,114.19
195,170,8,-1099.8301,5107.168,117.796
193,170,8,-1132.2841,5668.6079,120.2
191,170,8,-1145.506,6303.6157,116.594
189,170,8,-1121.4661,7018.0,105.776
189,172,8,-389.448,6592.0801,116.594
191,172,8,-496.426,5951.2642,125.008
193,172,8,-557.728,5372.3999,127.412
195,172,8,-593.788,4859.3599,123.806
197,172,8,-614.222,4404.3999,117.796
199,172,8,-625.04,3999.7759,110.584
201,172,8,-632.252,3645.488,103.372
203,172,8,-634.656,3322.176,94.958
205,172,8,-637.06,3033.7119,87.746
207,172,8,-637.06,2778.1599,80.534
207,174,8,-401.468,2660.064,81.736
205,174,8,-375.024,2898.1919,88.948
203,174,8,-342.57,3161.488,96.16
201,174,8,-302.904,3459.6321,103.372
199,174,8,-257.228,3786.8159,111.786
197,174,8,-199.532,4160.4639,118.998
195,174,8,-128.614,4574.7681,125.008
193,174,8,-36.06,5041.3437,129.816
191,174,8,86.544,5562.1279,129.816
189,174,8,264.44,6135.1841,117.796
189,176,8,828.178,5682.1602,118.998
191,176,8,604.606,5180.7358,128.614
193,176,8,430.316,4716.0962,129.816
195,176,8,289.682,4295.9839,125.008
197,176,8,175.492,3920.3999,117.796
199,176,8,80.534,3579.6641,109.382
201,176,8,-1.202,3275.7119,100.968
203,176,8,-69.716,3002.7361,92.554
205,176,8,-129.816,2754.928,85.342
207,176,8,-179.098,2536.1599,76.928
207,178,8,21.636,2400.6399,78.13
205,178,8,93.756,2598.1121,85.342
203,178,8,177.896,2822.688,94.958
201,178,8,275.258,3070.4961,103.372
199,178,8,387.044,3343.4719,111.786
197,178,8,518.062,3651.2959,120.2
195,178,8,669.514,3988.1599,128.614
193,178,8,851.016,4365.6802,133.422
191,178,8,1066.1741,4778.0479,131.018
189,178,8,1330.614,5219.4561,121.402
189,180,8,1763.334,4795.4722,127.412
191,180,8,1477.2581,4402.4639,133.422
193,180,8,1229.646,4034.624,132.22
195,180,8,1014.488,3697.76,126.21
197,180,8,828.178,3389.936,117.796
199,180,8,667.11,3116.96,109.382
201,180,8,527.678,2869.1521,99.766
203,180,8,406.276,2646.512,90.15
205,180,8,300.5,2443.2319,81.736
207,180,8,209.148,2261.248,74.524
207,180,10,207.946,2251.5679,15.626
205,180,10,298.096,2431.616,18.03
203,180,10,402.67,2631.0239,20.434
201,180,10,525.274,2851.728,21.636
199,180,10,664.706,3093.728,22.838
197,180,10,826.976,3364.7681,22.838
195,180,10,1014.488,3664.8479,22.838
193,180,10,1232.05,3997.8401,21.636
191,180,10,1484.47,4359.8721,20.434
189,180,10,1778.9601,4750.9438,19.232
189,178,10,1352.25,5186.5439,-31.252
191,178,10,1084.204,4752.8799,-25.242
193,178,10,865.44,4348.2559,-19.232
195,178,10,681.534,3974.6079,-13.222
197,178,10,526.476,3639.6799,-8.414
199,178,10,393.054,3333.792,-3.606
201,178,10,281.268,3062.752,-1.202
203,178,10,182.704,2814.9441,0.0
205,178,10,97.362,2592.304,1.202
207,178,10,26.444,2394.832,1.202
207,176,10,-171.886,2526.48,-10.818
205,176,10,-121.402,2741.376,-13.222
203,176,10,-62.504,2985.312,-16.828
201,176,10,8.414,3256.3521,-21.636
199,176,10,90.15,3554.4961,-27.646
197,176,10,187.512,3889.4241,-36.06
195,176,10,304.106,4265.0078,-45.676
193,176,10,448.346,4681.248,-57.696
191,176,10,627.444,5142.0161,-69.716
189,176,10,860.632,5643.4399,-81.736
189,174,10,295.692,6104.208,-137.028
191,174,10,114.19,5538.896,-120.2
193,174,10,-15.626,5023.9199,-103.372
195,174,10,-111.786,4561.2158,-85.342
197,174,10,-186.31,4150.7842,-69.716
199,174,10,-246.41,3781.0081,-57.696
201,174,10,-293.288,3453.824,-46.878
203,174,10,-332.954,3157.616,-38.464
205,174,10,-366.61,2892.384,-32.454
207,174,10,-393.054,2656.1919,-26.444
207,172,10,-627.444,2768.48,-40.868
205,172,10,-625.04,3022.0959,-49.282
203,172,10,-621.434,3306.688,-57.696
201,172,10,-615.424,3624.1919,-70.918
199,172,10,-605.808,3976.5439,-85.342
197,172,10,-591.384,4377.2959,-103.372
195,172,10,-567.344,4828.3838,-123.806
193,172,10,-530.082,5341.4238,-149.048
191,172,10,-462.77,5910.6079,-171.886
189,172,10,-350.984,6549.4878,-194.724
189,170,10,-1078.194,6977.3437,-265.642
191,170,10,-1110.6481,6276.5122,-235.592
193,170,10,-1101.032,5651.1841,-203.138
195,170,10,-1075.79,5095.5518,-171.886
197,170,10,-1040.932,4607.6802,-144.24
199,170,10,-1006.074,4175.9521,-118.998
201,170,10,-971.216,3796.4961,-99.766
203,170,10,-938.762,3455.76,-82.938
205,170,10,-909.914,3149.8721,-69.716
207,170,10,-882.268,2880.7681,-58.898
207,168,10,-1145.506,2969.824,-74.524
205,168,10,-1203.202,3254.416,-87.746
203,168,10,-1269.312,3573.856,-105.776
201,168,10,-1342.634,3933.9519,-126.21
199,168,10,-1424.37,4336.6401,-151.452
197,168,10,-1515.722,4797.4082,-181.502
195,168,10,-1614.286,5318.1919,-216.36
193,168,10,-1716.4561,5914.48,-257.228
191,168,10,-1811.4141,6592.0801,-300.5
189,168,10,-1883.5341,7364.5439,-341.368
189,166,10,-2763.3979,7705.2798,-429.114
191,166,10,-2580.6941,6878.6079,-376.226
193,166,10,-2387.1721,6158.416,-320.934
195,166,10,-2202.064,5527.2798,-270.45
197,166,10,-2032.582,4977.4561,-227.178
199,166,10,-1881.13,4489.584,-188.714
201,166,10,-1747.708,4067.5359,-157.462
203,166,10,-1628.7101,3688.0801,-132.22
205,166,10,-1524.136,3351.2161,-110.584
207,166,10,-1431.582,3053.072,-93.756
207,164,10,-1717.6581,3115.0239,-112.988
205,164,10,-1845.0701,3420.9119,-133.422
203,164,10,-1991.714,3769.3921,-157.462
201,164,10,-2158.792,4162.3999,-188.714
199,164,10,-2346.304,4603.8081,-225.976
197,164,10,-2563.866,5107.168,-270.45
195,164,10,-2807.8721,5680.2241,-322.136
193,164,10,-3083.1301,6344.272,-383.438
191,164,10,-3386.0342,7103.1841,-450.75
189,164,10,-3702.1602,7978.2559,-518.062
189,162,10,-4685.396,8177.6641,-603.404
191,162,10,-4240.6562,7281.2959,-526.476
193,162,10,-3824.7642,6495.2798,-450.75
195,162,10,-3453.3459,5811.8721,-379.832
197,162,10,-3128.8062,5217.52,-319.732
199,162,10,-2843.9321,4698.6719,-266.844
201,162,10,-2597.522,4245.6479,-224.774
203,162,10,-2379.96,3839.0879,-187.512
205,162,10,-2190.0439,3480.928,-157.462
207,162,10,-2024.1681,3163.4241,-133.422
207,160,10,-2331.8801,3190.5281,-153.856
205,160,10,-2535.0181,3511.9041,-180.3
203,160,10,-2768.2061,3875.8721,-215.158
201,160,10,-3035.05,4286.3042,-256.026
199,160,10,-3340.3582,4747.0718,-305.308
197,160,10,-3696.1501,5275.6001,-364.206
195,160,10,-4107.2339,5879.6318,-433.922
193,160,10,-4580.8223,6576.5918,-514.456
191,160,10,-5115.7119,7376.1602,-599.798
189,160,10,-5709.5,8297.6963,-686.342
189,158,10,-6716.7759,8332.5439,-768.078
191,158,10,-6000.3843,7418.752,-673.12
193,158,10,-5350.1021,6619.1841,-578.162
195,158,10,-4777.9502,5920.2881,-488.012
197,158,10,-4282.7261,5310.4478,-409.882
199,158,10,-3856.0161,4779.9839,-343.772
201,158,10,-3490.6082,4313.4082,-289.682
203,158,10,-3170.876,3899.104,-244.006
205,158,10,-2894.416,3529.3279,-205.542
207,158,10,-2651.6121,3204.0801,-173.088
207,156,10,-2965.334,3194.3999,-194.724
205,156,10,-3244.198,3517.7119,-229.582
203,156,10,-3565.1321,3883.616,-271.652
201,156,10,-3936.55,4295.9839,-323.338
199,156,10,-4363.2603,4762.5601,-383.438
197,156,10,-4862.0903,5291.0879,-456.76
195,156,10,-5441.4541,5897.0562,-542.102
193,156,10,-6112.1699,6588.208,-640.666
191,156,10,-6881.4502,7378.0962,-746.442
189,156,10,-7752.8999,8288.0156,-851.016
189,154,10,-8731.3281,8171.856,-931.55
191,154,10,-7750.4961,7296.7842,-818.562
193,154,10,-6873.0361,6528.1919,-705.574
195,154,10,-6106.1602,5848.6558,-598.596
197,154,10,-5446.2622,5252.3682,-504.84
199,154,10,-4877.7163,4729.6479,-424.306
201,154,10,-4390.9062,4266.9438,-356.994
203,154,10,-3965.3982,3856.512,-301.702
205,154,10,-3601.1921,3492.5439,-254.824
207,154,10,-3283.864,3169.2319,-216.36
207,152,10,-3593.98,3120.832,-236.794
205,152,10,-3944.9641,3438.3359,-278.864
203,152,10,-4353.644,3798.4319,-329.348
201,152,10,-4823.626,4201.1201,-390.65
199,152,10,-5366.9302,4648.3359,-462.77
197,152,10,-6000.3843,5157.5039,-550.516
195,152,10,-6736.0083,5736.3682,-651.484
193,152,10,-7600.2461,6396.5439,-766.876
191,152,10,-8585.8857,7141.9038,-890.682
189,152,10,-9713.3623,7989.8721,-1015.69
189,150,10,-10635.2959,7757.5518,-1097.426
191,150,10,-9423.6797,6956.0479,-966.408
193,150,10,-8337.0723,6243.6001,-834.188
195,150,10,-7387.4922,5608.5918,-710.382
197,150,10,-6574.9399,5051.0239,-601.0
199,150,10,-5875.376,4559.2798,-506.042
201,150,10,-5271.9722,4123.6802,-425.508
203,150,10,-4751.5059,3730.6719,-358.196
205,150,10,-4299.5542,3376.384,-302.904
207,150,10,-3907.7021,3064.688,-257.228
207,148,10,-4207.0,2981.4399,-277.662
205,148,10,-4630.104,3285.3921,-326.944
203,148,10,-5119.3179,3626.1279,-387.044
201,148,10,-5680.6523,4005.584,-457.962
199,148,10,-6326.126,4425.6958,-543.304
197,148,10,-7084.5879,4900.0161,-644.272
195,148,10,-7966.856,5428.5439,-760.866
193,148,10,-9004.1826,6026.7681,-894.288
191,148,10,-10194.1621,6706.3042,-1037.326
189,148,10,-11540.4023,7472.96,-1179.162
189,146,10,-12367.3779,7130.2881,-1257.292
191,146,10,-10956.2305,6417.8398,-1110.6481
193,146,10,-9685.7158,5786.7041,-961.6
195,146,10,-8579.876,5227.2002,-818.562
197,146,10,-7635.104,4729.6479,-694.756
199,146,10,-6821.3501,4282.4321,-586.576
201,146,10,-6124.1899,3879.7439,-495.224
203,146,10,-5514.7759,3513.8401,-419.498
205,146,10,-4983.4922,3182.7839,-354.59
207,146,10,-4520.7222,2884.6399,-300.5
207,144,10,-4803.1919,2772.3521,-320.934
205,144,10,-5290.002,3058.8799,-376.226
203,144,10,-5846.5283,3376.384,-444.74
201,144,10,-6490.8003,3728.7361,-525.274
199,144,10,-7224.02,4112.064,-622.636
197,144,10,-8082.248,4534.1118,-738.028
195,144,10,-9083.5146,4996.8159,-867.844
193,144,10,-10249.4541,5507.9199,-1016.892
191,144,10,-11602.9063,6075.168,-1173.152
189,144,10,-12992.418,6721.792,-1333.0181
189,142,10,-13446.7744,6239.728,-1408.744
191,142,10,-12217.1279,5703.4561,-1245.272
193,142,10,-10819.2021,5215.584,-1078.194
195,142,10,-9611.1924,4758.688,-919.53
197,142,10,-8569.0586,4330.832,-778.896
199,142,10,-7673.5684,3935.8879,-658.696
201,142,10,-6895.874,3569.9839,-560.132
203,142,10,-6214.3403,3235.0559,-472.386
205,142,10,-5616.9463,2927.2319,-401.468
207,142,10,-5092.874,2648.448,-341.368
207,140,10,-5356.1123,2507.1199,-359.398
205,140,10,-5901.8203,2774.2881,-423.104
203,140,10,-6522.0522,3072.4319,-497.628
201,140,10,-7233.6362,3399.616,-588.98
199,140,10,-8032.9663,3748.0959,-693.554
197,140,10,-8957.3037,4119.8081,-818.562
195,140,10,-10013.8623,4510.8799,-965.206
193,140,10,-11248.3164,4909.6958,-1127.4761
191,140,10,-12628.2119,5308.5122,-1306.574
189,140,10,-13631.8818,5711.2002,-1482.066
189,138,10,-13725.6387,5194.2881,-1555.3881
191,138,10,-12935.9238,4950.3521,-1367.876
193,138,10,-11681.0361,4638.6558,-1182.7681
195,138,10,-10462.208,4286.3042,-1010.882
197,138,10,-9397.2363,3920.3999,-858.228
199,138,10,-8456.0703,3560.304,-726.008
201,138,10,-7619.478,3219.5679,-615.424
203,138,10,-6876.6421,2900.1279,-522.87
205,138,10,-6220.3501,2609.728,-444.74
207,138,10,-5634.9761,2350.304,-379.832
207,136,10,-5883.79,2179.936,-399.064
205,136,10,-6490.8003,2431.616,-466.376
203,136,10,-7174.7383,2716.208,-550.516
201,136,10,-7942.8159,3033.7119,-647.878
199,136,10,-8791.4277,3372.512,-762.068
197,136,10,-9743.4121,3728.7361,-897.894
195,136,10,-10802.374,4090.7681,-1052.952
193,136,10,-11980.334,4421.8242,-1229.646
191,136,10,-13106.6084,4679.312,-1424.37
189,136,10,-13762.9004,4797.4082,-1623.902
189,134,10,-13756.8906,4648.3359,-1685.204
191,134,10,-13288.1104,4578.6401,-1480.864
193,134,10,-12354.1563,4313.4082,-1280.13
195,134,10,-11235.0938,3955.248,-1096.224
197,134,10,-10189.3545,3569.9839,-932.752
199,134,10,-9220.542,3190.5281,-790.916
201,134,10,-8335.8701,2840.1121,-670.716
203,134,10,-7525.7222,2518.7361,-570.95
205,134,10,-6800.916,2236.0801,-485.608
207,134,10,-6150.6343,1988.272,-414.69
207,132,10,-6385.0239,1775.312,-431.518
205,132,10,-7062.9521,2013.4399,-504.84
203,132,10,-7823.8184,2294.1599,-593.788
201,132,10,-8671.2285,2619.408,-699.564
199,132,10,-9588.3545,2987.248,-823.37
197,132,10,-10588.418,3405.4241,-970.014
195,132,10,-11642.5723,3856.512,-1135.89
193,132,10,-12676.292,4307.6001,-1327.0081
191,132,10,-13439.5625,4683.1841,-1534.954
189,132,10,-13753.2842,4859.3599,-1745.3041
189,130,10,-13796.5566,5490.4961,-1811.4141
191,130,10,-13613.8525,5023.9199,-1597.458
193,130,10,-13127.042,4412.144,-1384.704
195,130,10,-12239.9658,3796.4961,-1186.374
197,130,10,-11140.1357,3244.7361,-1009.68
199,130,10,-10079.9727,2770.416,-855.824
201,130,10,-9088.3223,2371.6001,-724.806
203,130,10,-8178.4082,2038.608,-615.424
205,130,10,-7352.6343,1759.824,-524.072
207,130,10,-6623.02,1531.376,-447.144
207,128,10,-6826.1582,1262.272,-460.366
205,128,10,-7594.2363,1471.36,-540.9
203,128,10,-8465.6865,1732.72,-637.06
201,128,10,-9441.71,2061.8401,-752.452
199,128,10,-10512.6924,2476.144,-888.278
197,128,10,-11688.248,3010.48,-1046.942
195,128,10,-12814.5225,3684.208,-1230.848
193,128,10,-13565.7725,4524.4321,-1442.4
191,128,10,-13824.2021,5505.9839,-1663.568
189,128,10,-13854.252,6539.8081,-1890.7461
189,126,10,-13881.8984,7834.9922,-2002.532
191,126,10,-13871.0801,5999.6641,-1759.728
193,126,10,-13842.2324,4551.5361,-1518.126
195,126,10,-13464.8047,3471.248,-1293.3521
197,126,10,-12397.4287,2683.2959,-1095.022
199,126,10,-11076.4307,2110.24,-924.338
201,126,10,-9875.6318,1690.1281,-778.896
203,126,10,-8801.0439,1374.5599,-655.09
205,126,10,-7845.4541,1136.432,-555.324
207,126,10,-7020.8823,956.384,-472.386
207,124,10,-7162.7183,615.648,-484.406
205,124,10,-8024.5522,751.168,-569.748
203,124,10,-9024.6162,940.896,-674.322
201,124,10,-10196.5664,1208.064,-802.936
199,124,10,-11531.9883,1587.52,-951.984
197,124,10,-12937.126,2148.96,-1135.89
195,124,10,-13760.4961,2971.76,-1349.8461
193,124,10,-13869.8779,4214.6719,-1598.66
191,124,10,-13892.7158,6092.5918,-1875.12
189,124,10,-13901.1299,8924.96,-2164.802
189,122,10,-13915.5547,8826.2236,-2371.5461
191,122,10,-13905.9385,5387.8882,-2021.764
193,122,10,-13890.3125,3364.7681,-1700.8301
195,122,10,-13859.0605,2147.0239,-1417.1581
197,122,10,-13447.9766,1403.6,-1183.97
199,122,10,-12054.8584,937.024,-988.044
201,122,10,-10564.3779,642.752,-826.976
203,122,10,-9299.874,451.088,-693.554
205,122,10,-8221.6797,327.184,-582.97
207,122,10,-7305.7563,245.872,-494.022
207,120,10,-7338.21,-156.816,-497.628
205,120,10,-8269.7598,-151.008,-587.778
203,120,10,-9376.8018,-118.096,-697.16
201,120,10,-10715.8301,-44.528,-834.188
199,120,10,-12300.0664,100.672,-1001.266
197,120,10,-13606.6406,367.84,-1209.212
195,120,10,-13873.4844,842.16,-1465.238
193,120,10,-13899.9287,1701.744,-1778.9601
191,120,10,-13916.7559,3267.968,-2164.802
189,120,10,-13928.7764,6249.4082,-2634.7839
189,120,12,-13926.3721,6026.7681,-4662.5581
191,120,12,-13915.5547,3188.592,-3886.0662
193,120,12,-13898.7266,1680.448,-3221.3601
195,120,12,-13869.8779,840.224,-2666.0361
197,120,12,-13535.7227,369.776,-2212.8821
199,120,12,-12108.9482,108.416,-1846.272
201,120,12,-10566.7822,-36.784,-1549.3781
203,120,12,-9248.1885,-108.416,-1306.574
205,120,12,-8160.3779,-141.328,-1104.6381
207,120,12,-7232.4341,-147.136,-937.56
207,122,12,-7192.7681,243.936,-933.954
205,122,12,-8067.8242,319.44,-1090.214
203,122,12,-9108.7559,439.472,-1286.14
201,122,12,-10327.584,621.456,-1522.9341
199,122,12,-11768.7822,900.24,-1811.4141
197,122,12,-13230.4141,1343.584,-2157.5901
195,122,12,-13844.6367,2054.0959,-2577.0881
193,122,12,-13887.9082,3209.8879,-3071.1101
191,122,12,-13907.1406,5149.7598,-3644.4641
189,122,12,-13914.3525,8475.8076,-4276.7163
189,124,12,-13899.9287,8679.0879,-3922.126
191,124,12,-13893.918,5941.584,-3418.488
193,124,12,-13866.2725,4121.7441,-2932.8801
195,124,12,-13697.9922,2913.6799,-2488.1401
197,124,12,-12795.29,2110.24,-2104.7021
199,124,12,-11390.1523,1564.288,-1775.354
201,124,12,-10084.7803,1196.448,-1507.308
203,124,12,-8940.4766,933.152,-1275.322
205,124,12,-7952.4321,747.296,-1083.0021
207,124,12,-7097.8101,615.648,-923.136
207,126,12,-6942.752,950.576,-907.51
205,126,12,-7733.668,1122.88,-1055.3561
203,126,12,-8649.5918,1353.264,-1238.0601
201,126,12,-9684.5146,1657.2159,-1456.824
199,126,12,-10850.4541,2063.7759,-1715.254
197,126,12,-12140.2002,2615.5359,-2021.764
195,126,12,-13284.5039,3378.3201,-2376.354
193,126,12,-13806.1719,4423.7598,-2773.0142
191,126,12,-13871.0801,5835.104,-3199.7241
189,126,12,-13878.292,7649.1357,-3626.4341
189,128,12,-13848.2422,6419.7759,-3423.2961
191,128,12,-13773.7178,5413.0562,-3047.0701
193,128,12,-13480.4307,4452.7998,-2662.4299
195,128,12,-12661.8682,3631.936,-2294.6179
197,128,12,-11539.2002,2971.76,-1964.068
199,128,12,-10397.2998,2449.04,-1675.588
201,128,12,-9350.3584,2040.5439,-1427.9761
203,128,12,-8388.7578,1715.296,-1216.4241
205,128,12,-7528.126,1459.744,-1038.5281
207,128,12,-6763.6543,1254.528,-888.278
207,130,12,-6553.3042,1521.696,-866.642
205,130,12,-7251.666,1744.3359,-1006.074
203,130,12,-8046.188,2013.4399,-1173.152
201,130,12,-8921.2441,2338.688,-1372.6841
199,130,12,-9880.4404,2725.8879,-1609.478
197,130,12,-10905.7461,3188.592,-1879.928
195,130,12,-11987.5459,3730.6719,-2192.448
193,130,12,-12917.8945,4328.896,-2537.4221
191,130,12,-13535.7227,4929.0562,-2902.8301
189,130,12,-13740.0625,5393.6958,-3264.6321
189,132,12,-13697.9922,4785.792,-3155.25
191,132,12,-13308.5439,4621.2319,-2811.478
193,132,12,-12523.6387,4257.2642,-2462.8979
195,132,12,-11486.3125,3813.9199,-2129.9441
197,132,12,-10462.208,3370.5759,-1831.848
199,132,12,-9482.5781,2958.208,-1567.4081
201,132,12,-8590.6943,2594.24,-1341.432
203,132,12,-7757.708,2274.8,-1145.506
205,132,12,-7004.0542,1997.952,-979.63
207,132,12,-6328.5303,1759.824,-841.4
207,134,12,-6084.5239,1972.7839,-813.754
205,134,12,-6705.958,2216.72,-943.57
203,134,12,-7406.7241,2495.5039,-1101.032
201,134,12,-8190.4282,2809.136,-1284.938
199,134,12,-9043.8486,3153.7439,-1502.5
197,134,12,-9987.418,3525.4561,-1754.92
195,134,12,-11004.3105,3906.8479,-2043.4
193,134,12,-12108.9482,4257.2642,-2367.9399
191,134,12,-13103.002,4516.688,-2712.9141
189,134,12,-13699.1943,4582.5122,-3056.686
189,136,12,-13708.8105,4731.584,-2972.5461
191,136,12,-12976.792,4625.104,-2643.198
193,136,12,-11828.8818,4379.2319,-2307.8401
195,136,12,-10670.1543,4053.9839,-1992.916
197,136,12,-9637.6357,3697.76,-1711.6481
199,136,12,-8707.2881,3343.4719,-1462.834
201,136,12,-7875.5039,3008.5439,-1250.0801
203,136,12,-7117.042,2696.8479,-1068.578
205,136,12,-6441.5181,2414.1919,-915.924
207,136,12,-5840.5181,2160.5759,-786.108
207,138,12,-5577.2803,2330.9441,-756.058
205,138,12,-6133.8062,2588.4319,-876.258
203,138,12,-6768.4619,2874.96,-1022.902
201,138,12,-7486.0562,3190.5281,-1194.788
199,138,12,-8288.9922,3527.3921,-1397.926
197,138,12,-9203.7139,3879.7439,-1635.922
195,138,12,-10250.6563,4239.8398,-1909.978
193,138,12,-11450.252,4586.3838,-2218.8921
191,138,12,-12760.4326,4890.3359,-2547.0381
189,138,12,-13671.5479,5128.4639,-2873.9819
189,140,12,-13591.0146,5639.5679,-2776.6201
191,140,12,-12509.2139,5256.2397,-2467.7061
193,140,12,-11111.2881,4865.168,-2151.5801
195,140,12,-9900.874,4472.1602,-1852.282
197,140,12,-8858.7402,4088.832,-1584.2361
199,140,12,-7950.0283,3720.9919,-1351.048
201,140,12,-7169.9302,3376.384,-1152.718
203,140,12,-6471.5684,3051.136,-985.64
205,140,12,-5858.5483,2756.864,-845.006
207,140,12,-5316.4463,2489.696,-724.806
207,142,12,-5039.9863,2627.1521,-692.352
205,142,12,-5538.8159,2898.1919,-802.936
203,142,12,-6114.5742,3204.0801,-937.56
201,142,12,-6772.0684,3537.072,-1097.426
199,142,12,-7522.1162,3897.168,-1284.938
197,142,12,-8394.7686,4288.2397,-1508.51
195,142,12,-9409.2559,4706.416,-1763.334
193,142,12,-10607.6504,5155.5679,-2053.0161
191,142,12,-12015.1924,5637.6318,-2363.1321
189,142,12,-13363.8359,6166.1602,-2663.6321
189,144,12,-12896.2578,6652.0962,-2549.4421
191,144,12,-11467.0801,6017.0879,-2262.1641
193,144,12,-10126.8506,5459.52,-1971.28
195,144,12,-8969.3242,4958.0962,-1693.618
197,144,12,-7988.4922,4501.2002,-1446.006
199,144,12,-7144.688,4083.0239,-1230.848
201,144,12,-6425.8921,3703.5679,-1051.75
203,144,12,-5793.6401,3355.0879,-897.894
205,144,12,-5241.9219,3039.52,-768.078
207,144,12,-4757.5161,2752.9919,-659.898
207,146,12,-4472.6421,2861.408,-625.04
205,146,12,-4913.7759,3153.7439,-726.008
203,146,12,-5423.4243,3480.928,-847.41
201,146,12,-6010.0,3841.0239,-992.852
199,146,12,-6681.918,4237.9038,-1163.536
197,146,12,-7471.6323,4679.312,-1367.876
195,146,12,-8397.1719,5171.0562,-1602.266
193,146,12,-9488.5879,5720.8799,-1865.504
191,146,12,-10766.3145,6344.272,-2147.9741
189,146,12,-12233.9561,7052.8481,-2422.03
189,148,12,-11414.1924,7395.52,-2289.8101
191,148,12,-10075.1641,6642.416,-2031.38
193,148,12,-8894.7998,5976.4321,-1769.344
195,148,12,-7864.686,5382.0801,-1519.328
197,148,12,-6998.0439,4859.3599,-1296.958
199,148,12,-6256.4102,4392.7842,-1105.84
201,148,12,-5622.9561,3978.48,-942.368
203,148,12,-5070.0361,3600.96,-801.734
205,148,12,-4592.8423,3262.1599,-686.342
207,148,12,-4148.1021,2962.0801,-585.374
207,150,12,-3850.0061,3041.4561,-546.91
205,150,12,-4227.4341,3349.28,-638.262
203,150,12,-4663.7603,3697.76,-746.442
201,150,12,-5167.3979,4084.96,-876.258
199,150,12,-5741.9541,4512.8159,-1026.5081
197,150,12,-6418.6802,5000.688,-1208.01
195,150,12,-7214.4043,5550.5122,-1415.9561
193,150,12,-8144.752,6175.8398,-1650.3461
191,150,12,-9236.168,6874.7358,-1899.16
189,150,12,-10495.8643,7672.3682,-2143.166
189,152,12,-9590.7578,7906.624,-2000.1281
191,152,12,-8463.2822,7076.0801,-1774.152
193,152,12,-7477.6421,6342.3359,-1543.368
195,152,12,-6625.4243,5689.9038,-1324.604
197,152,12,-5897.0122,5120.7202,-1132.2841
199,152,12,-5279.1841,4617.3599,-962.802
201,152,12,-4750.3042,4174.0161,-820.966
203,152,12,-4286.332,3779.072,-698.362
205,152,12,-3889.6721,3422.8479,-597.394
207,152,12,-3544.698,3107.28,-513.254
207,154,12,-3236.9861,3151.8079,-474.79
205,154,12,-3541.092,3469.312,-551.718
203,154,12,-3892.0762,3829.408,-645.474
201,154,12,-4300.7559,4234.0317,-756.058
199,154,12,-4769.5361,4687.0562,-887.076
197,154,12,-5320.0522,5202.0317,-1042.134
195,154,12,-5960.7183,5786.7041,-1222.4341
193,154,12,-6711.9683,6456.5601,-1425.572
191,154,12,-7590.6304,7217.4082,-1640.73
189,154,12,-8607.5225,8088.6079,-1853.484
189,156,12,-7639.9121,8208.6396,-1705.6381
191,156,12,-6757.644,7314.208,-1513.318
193,156,12,-5993.1719,6532.064,-1314.988
195,156,12,-5330.8701,5850.5918,-1129.88
197,156,12,-4764.728,5256.2397,-962.802
199,156,12,-4277.918,4731.584,-818.562
201,156,12,-3866.834,4272.752,-697.16
203,156,12,-3506.2341,3864.2559,-594.99
205,156,12,-3194.916,3502.2239,-509.648
207,156,12,-2923.2642,3178.9119,-437.528
207,158,12,-2610.7441,3186.656,-399.064
205,158,12,-2840.3262,3506.0959,-462.77
203,158,12,-3107.1702,3870.064,-540.9
201,158,12,-3412.478,4278.5601,-632.252
199,158,12,-3763.4622,4735.4561,-741.634
197,158,12,-4176.9502,5260.1118,-872.652
195,158,12,-4655.3462,5854.4639,-1022.902
193,158,12,-5217.8823,6545.6157,-1192.384
191,158,12,-5866.9619,7337.4399,-1373.886
189,158,12,-6609.7983,8247.3604,-1550.5801
189,160,12,-5608.5322,8216.3838,-1400.3301
191,160,12,-5008.7339,7310.3359,-1244.0701
193,160,12,-4476.248,6522.3838,-1081.8
195,160,12,-4011.074,5833.168,-929.146
197,160,12,-3612.01,5238.8159,-793.32
199,160,12,-3270.6421,4719.9678,-676.726
201,160,12,-2974.95,4266.9438,-576.96
203,160,12,-2715.3181,3858.448,-492.82
205,160,12,-2490.5439,3498.3521,-421.902
207,160,12,-2295.8201,3178.9119,-363.004
207,162,12,-1989.3101,3147.936,-323.338
205,162,12,-2145.5701,3459.6321,-373.822
203,162,12,-2324.668,3810.0481,-435.124
201,162,12,-2531.4121,4208.8638,-509.648
199,162,12,-2765.802,4654.144,-597.394
197,162,12,-3038.656,5165.248,-701.968
195,162,12,-3349.9741,5747.9839,-820.966
193,162,12,-3711.7761,6419.7759,-956.792
191,162,12,-4124.062,7194.1758,-1102.234
189,162,12,-4583.2261,8088.6079,-1241.666
189,164,12,-3619.2222,7893.0718,-1086.608
191,164,12,-3295.884,7033.4878,-968.812
193,164,12,-2997.7881,6290.064,-845.006
195,164,12,-2732.146,5639.5679,-728.412
197,164,12,-2496.554,5072.3198,-623.838
199,164,12,-2289.8101,4574.7681,-532.486
201,164,12,-2109.51,4139.168,-454.356
203,164,12,-1950.8461,3751.968,-389.448
205,164,12,-1812.6161,3407.3599,-334.156
207,164,12,-1690.0121,3101.4719,-289.682
207,166,12,-1403.936,3039.52,-252.42
205,166,12,-1490.48,3329.9199,-290.884
203,166,12,-1587.842,3659.04,-336.56
201,166,12,-1698.426,4032.688,-393.054
199,166,12,-1823.4341,4450.8638,-459.164
197,166,12,-1966.472,4925.1841,-536.092
195,166,12,-2125.136,5467.2642,-626.242
193,166,12,-2303.032,6084.8481,-724.806
191,166,12,-2494.1501,6793.4238,-828.178
189,166,12,-2687.6721,7612.3521,-925.54
189,168,12,-1829.4441,7285.168,-774.088
191,168,12,-1748.91,6530.1279,-700.766
193,168,12,-1653.952,5864.144,-617.828
195,168,12,-1556.5901,5277.5361,-537.294
197,168,12,-1465.238,4766.4321,-462.77
199,168,12,-1382.3,4313.4082,-396.66
201,168,12,-1307.776,3914.592,-341.368
203,168,12,-1240.464,3558.3679,-293.288
205,168,12,-1180.364,3242.8,-253.622
207,168,12,-1125.072,2960.144,-219.966
207,170,12,-861.834,2865.28,-186.31
205,170,12,-885.874,3130.512,-213.956
203,170,12,-909.914,3430.592,-245.208
201,170,12,-935.156,3765.52,-284.874
199,170,12,-962.802,4137.2319,-329.348
197,170,12,-991.65,4561.2158,-383.438
195,170,12,-1020.498,5039.4082,-443.538
193,170,12,-1043.3361,5585.3599,-508.446
191,170,12,-1052.952,6201.0078,-573.354
189,170,12,-1031.316,6897.9678,-627.444
189,172,12,-314.924,6485.6001,-501.234
191,172,12,-418.296,5858.3359,-463.972
193,172,12,-484.406,5294.96,-415.892
195,172,12,-526.476,4795.4722,-365.408
197,172,12,-556.526,4350.1919,-317.328
199,172,12,-575.758,3957.1841,-275.258
201,172,12,-588.98,3608.7041,-237.996
203,172,12,-599.798,3293.136,-205.542
205,172,12,-608.212,3010.48,-179.098
207,172,12,-611.818,2758.8,-157.462
207,174,12,-378.63,2642.6399,-126.21
205,174,12,-348.58,2874.96,-143.038
203,174,12,-310.116,3134.384,-163.472
201,174,12,-266.844,3424.7839,-186.31
199,174,12,-213.956,3744.2239,-215.158
197,174,12,-149.048,4108.1919,-247.612
195,174,12,-70.918,4510.8799,-283.672
193,174,12,26.444,4967.7759,-322.136
191,174,12,153.856,5475.0078,-358.196
189,174,12,330.55,6036.4478,-383.438
189,176,12,885.874,5589.2319,-282.47
191,176,12,659.898,5097.4878,-266.844
193,176,12,480.8,4646.3999,-242.804
195,176,12,336.56,4237.9038,-216.36
197,176,12,213.956,3870.064,-189.916
199,176,12,112.988,3539.0081,-165.876
201,176,12,26.444,3240.864,-145.442
203,176,12,-46.878,2975.6321,-126.21
205,176,12,-110.584,2733.6321,-111.786
207,176,12,-163.472,2518.7361,-99.766
207,178,12,34.858,2383.2161,-73.322
205,178,12,108.18,2578.752,-81.736
203,178,12,194.724,2797.52,-91.352
201,178,12,295.692,3041.4561,-100.968
199,178,12,409.882,3306.688,-115.392
197,178,12,545.708,3604.832,-131.018
195,178,12,703.17,3937.824,-147.846
193,178,12,888.278,4303.728,-165.876
191,178,12,1107.042,4704.48,-179.098
189,178,12,1371.4821,5136.208,-186.31
189,180,12,1792.182,4708.3521,-98.564
191,180,12,1506.1061,4326.96,-102.17
193,180,12,1254.8881,3970.7361,-98.564
195,180,12,1037.326,3643.552,-90.15
197,180,12,846.208,3347.344,-81.736
199,180,12,681.534,3080.176,-73.322
201,180,12,539.698,2840.1121,-66.11
203,180,12,415.892,2623.28,-58.898
205,180,12,307.712,2423.8721,-52.888
207,180,12,215.158,2247.696,-50.484
207,180,14,223.572,2214.7839,-105.776
205,180,14,317.328,2387.0879,-114.19
203,180,14,426.71,2576.8159,-125.008
201,180,14,551.718,2787.8401,-137.028
199,180,14,695.958,3018.2239,-151.452
197,180,14,860.632,3273.7759,-168.28
195,180,14,1051.75,3558.3679,-185.108
193,180,14,1269.312,3872.0,-203.138
191,180,14,1514.52,4216.6079,-215.158
189,180,14,1790.98,4588.3198,-216.36
189,178,14,1383.5021,5012.3042,-346.176
191,178,14,1134.688,4599.936,-334.156
193,178,14,923.136,4212.7358,-308.914
195,178,14,738.028,3858.448,-277.662
197,178,14,578.162,3540.9441,-247.612
199,178,14,438.73,3250.5439,-219.966
201,178,14,320.934,2993.0559,-195.926
203,178,14,216.36,2756.864,-175.492
205,178,14,126.21,2543.9041,-157.462
207,178,14,50.484,2352.24,-141.836
207,176,14,-139.432,2478.0801,-179.098
205,176,14,-84.14,2687.168,-199.532
203,176,14,-18.03,2919.488,-223.572
201,176,14,61.302,3176.9761,-252.42
199,176,14,151.452,3463.5039,-286.076
197,176,14,257.228,3781.0081,-324.54
195,176,14,381.034,4135.2959,-369.014
193,176,14,526.476,4530.2397,-414.69
191,176,14,699.564,4967.7759,-456.76
189,176,14,912.318,5449.8398,-485.608
189,174,14,366.61,5891.248,-639.464
191,174,14,209.148,5351.104,-598.596
193,174,14,87.746,4861.2959,-540.9
195,174,14,-13.222,4421.8242,-479.598
197,174,14,-97.362,4030.752,-420.7
199,174,14,-167.078,3682.272,-367.812
201,174,14,-224.774,3368.6399,-322.136
203,174,14,-274.056,3085.9839,-283.672
205,174,14,-317.328,2832.3679,-250.016
207,174,14,-352.186,2603.9199,-221.168
207,172,14,-576.96,2716.208,-263.238
205,172,14,-566.142,2958.208,-296.894
203,172,14,-551.718,3229.248,-338.964
201,172,14,-533.688,3533.2,-387.044
199,172,14,-512.052,3870.064,-443.538
197,172,14,-483.204,4247.584,-509.648
195,172,14,-448.346,4677.376,-585.374
193,172,14,-403.872,5161.376,-667.11
191,172,14,-344.974,5703.4561,-746.442
189,172,14,-258.43,6313.2959,-808.946
189,170,14,-950.782,6712.1118,-1002.468
191,170,14,-955.59,6050.0,-918.328
193,170,14,-943.57,5457.584,-817.36
195,170,14,-926.742,4932.9277,-715.19
197,170,14,-907.51,4472.1602,-621.434
199,170,14,-889.48,4061.728,-538.496
201,170,14,-872.652,3699.696,-466.376
203,170,14,-855.824,3372.512,-406.276
205,170,14,-837.794,3082.1121,-354.59
207,170,14,-822.168,2820.752,-311.318
207,168,14,-1074.588,2909.8081,-358.196
205,168,14,-1120.264,3182.7839,-407.478
203,168,14,-1170.748,3488.6719,-467.578
201,168,14,-1226.04,3831.344,-538.496
199,168,14,-1287.342,4214.6719,-622.636
197,168,14,-1357.058,4650.272,-721.2
195,168,14,-1436.39,5143.9521,-835.39
193,168,14,-1522.9341,5705.3921,-962.802
191,168,14,-1616.6901,6342.3359,-1092.618
189,168,14,-1711.6481,7070.272,-1211.616
189,166,14,-2539.8259,7397.4561,-1441.198
191,166,14,-2339.092,6621.1201,-1288.5441
193,166,14,-2151.5801,5941.584,-1129.88
195,166,14,-1986.906,5347.2319,-979.63
197,166,14,-1842.666,4824.5122,-843.804
199,166,14,-1717.6581,4365.6802,-726.008
201,166,14,-1607.074,3959.1199,-626.242
203,166,14,-1509.712,3595.1521,-540.9
205,166,14,-1423.168,3275.7119,-468.78
207,166,14,-1346.24,2989.1841,-408.68
207,164,14,-1623.902,3049.2,-459.164
205,164,14,-1733.2841,3343.4719,-526.476
203,164,14,-1858.292,3674.5281,-607.01
201,164,14,-2001.3301,4050.1121,-703.17
199,164,14,-2162.3979,4472.1602,-817.36
197,164,14,-2347.5061,4948.416,-951.984
195,164,14,-2561.4622,5494.3682,-1109.446
193,164,14,-2810.2761,6119.6958,-1288.5441
191,164,14,-3102.3621,6839.8882,-1482.066
189,164,14,-3432.9121,7670.4321,-1674.386
189,162,14,-4370.4722,7879.52,-1906.3721
191,162,14,-3910.106,7021.8721,-1686.406
193,162,14,-3509.8401,6274.5762,-1465.238
195,162,14,-3168.4722,5624.0801,-1260.8981
197,162,14,-2878.79,5060.7041,-1081.8
199,162,14,-2629.9761,4567.0239,-926.742
201,162,14,-2414.8181,4133.3599,-795.724
203,162,14,-2224.9021,3744.2239,-683.938
205,162,14,-2060.228,3401.552,-590.182
207,162,14,-1914.786,3095.6641,-513.254
207,160,14,-2211.6799,3122.7681,-566.142
205,160,14,-2393.1821,3430.592,-651.484
203,160,14,-2598.7241,3781.0081,-753.654
201,160,14,-2835.5181,4174.0161,-876.258
199,160,14,-3105.968,4613.4878,-1021.7
197,160,14,-3420.8921,5114.9121,-1194.788
195,160,14,-3793.512,5691.8398,-1397.926
193,160,14,-4231.04,6357.8237,-1628.7101
191,160,14,-4751.5059,7122.5439,-1879.928
189,160,14,-5360.9199,8007.2959,-2134.752
189,158,14,-6335.7422,8051.8237,-2354.718
191,158,14,-5598.916,7172.8799,-2081.864
193,158,14,-4965.4619,6404.2881,-1804.202
195,158,14,-4430.5723,5736.3682,-1549.3781
197,158,14,-3978.6201,5155.5679,-1324.604
199,158,14,-3595.1821,4648.3359,-1133.486
201,158,14,-3268.238,4203.0562,-972.418
203,158,14,-2983.364,3804.24,-834.188
205,158,14,-2735.752,3449.9519,-718.796
207,158,14,-2518.1899,3134.384,-620.232
207,156,14,-2819.8921,3126.6399,-674.322
205,156,14,-3071.1101,3436.3999,-777.694
203,156,14,-3361.9941,3788.752,-901.5
201,156,14,-3693.7461,4185.6318,-1050.548
199,156,14,-4078.386,4630.9121,-1227.2421
197,156,14,-4530.3379,5138.144,-1437.592
195,156,14,-5061.6221,5715.0718,-1684.0021
193,156,14,-5692.6719,6377.1841,-1962.8661
191,156,14,-6441.5181,7134.1602,-2269.376
189,156,14,-7333.4023,8011.168,-2579.4919
189,154,14,-8279.376,7902.752,-2793.448
191,154,14,-7275.7061,7062.5278,-2465.302
193,154,14,-6418.6802,6322.9761,-2137.156
195,154,14,-5695.0762,5670.5439,-1833.05
197,154,14,-5085.6621,5103.2959,-1566.2061
199,154,14,-4567.6001,4599.936,-1335.422
201,154,14,-4127.668,4158.5278,-1143.1021
203,154,14,-3745.4321,3763.584,-979.63
205,154,14,-3416.084,3413.168,-843.804
207,154,14,-3126.4021,3101.4719,-729.614
207,152,14,-3423.2961,3055.0081,-781.3
205,152,14,-3745.4321,3360.896,-900.298
203,152,14,-4116.8501,3705.5039,-1046.942
201,152,14,-4544.7622,4090.7681,-1221.2321
199,152,14,-5037.582,4522.4961,-1426.774
197,152,14,-5615.7441,5010.3682,-1674.386
195,152,14,-6296.0762,5562.1279,-1960.462
193,152,14,-7111.0322,6195.2002,-2289.8101
191,152,14,-8073.834,6911.52,-2646.804
189,152,14,-9218.1377,7724.6401,-3009.8081
189,150,14,-10105.2139,7503.936,-3218.9561
191,150,14,-8869.5586,6731.4722,-2836.72
193,150,14,-7809.394,6048.064,-2456.8879
195,150,14,-6909.0962,5444.0317,-2103.5
197,150,14,-6153.0381,4907.7598,-1796.99
199,150,14,-5513.5742,4435.376,-1533.7521
201,150,14,-4966.6641,4017.2,-1310.1801
203,150,14,-4494.2783,3635.8079,-1121.4661
205,150,14,-4080.79,3297.0081,-964.004
207,150,14,-3723.7961,2994.9919,-832.986
207,148,14,-4013.478,2915.616,-882.268
205,148,14,-4401.7241,3207.9519,-1020.498
203,148,14,-4846.4639,3537.072,-1186.374
201,148,14,-5362.1221,3901.04,-1385.906
199,148,14,-5949.8999,4303.728,-1617.8921
197,148,14,-6645.8579,4756.752,-1897.958
195,148,14,-7464.4199,5263.9839,-2223.7
193,148,14,-8444.0498,5838.9761,-2598.7241
191,148,14,-9600.374,6487.5361,-3006.2021
189,148,14,-10973.0586,7221.2798,-3419.6899
189,146,14,-11782.0039,6897.9678,-3610.8081
191,146,14,-10334.7959,6210.688,-3181.6941
193,146,14,-9090.7266,5606.6558,-2752.5801
195,146,14,-8040.1782,5072.3198,-2359.5261
197,146,14,-7160.314,4596.064,-2016.9561
199,146,14,-6412.6699,4166.272,-1721.264
201,146,14,-5774.4082,3777.136,-1472.4501
203,146,14,-5217.8823,3426.72,-1260.8981
205,146,14,-4732.2739,3109.2161,-1084.204
207,146,14,-4309.1699,2820.752,-935.156
207,144,14,-4582.0239,2712.3359,-982.034
205,144,14,-5029.168,2987.248,-1133.486
203,144,14,-5538.8159,3293.136,-1317.392
201,144,14,-6127.7959,3630.0,-1538.5601
199,144,14,-6800.916,3999.7759,-1798.192
197,144,14,-7591.832,4404.3999,-2109.51
195,144,14,-8520.9785,4847.7441,-2468.908
193,144,14,-9625.6162,5333.6802,-2878.79
191,144,14,-10945.4121,5877.6958,-3329.54
189,144,14,-12509.2139,6499.1519,-3786.3
189,142,14,-13002.0342,6034.5122,-3947.3682
191,142,14,-11537.998,5519.5361,-3477.386
193,142,14,-10167.7178,5054.896,-3013.4141
195,142,14,-9017.4043,4617.3599,-2587.906
197,142,14,-8049.7939,4208.8638,-2212.8821
199,142,14,-7225.2222,3827.4719,-1890.7461
201,142,14,-6513.6382,3477.0559,-1619.094
203,142,14,-5889.8003,3151.8079,-1387.108
205,142,14,-5341.688,2855.6001,-1191.182
207,142,14,-4857.2822,2588.4319,-1030.114
207,140,14,-5112.106,2450.9761,-1072.184
205,140,14,-5616.9463,2708.4639,-1239.262
203,140,14,-6187.896,2994.9919,-1439.996
201,140,14,-6836.9761,3308.624,-1679.194
199,140,14,-7572.6001,3643.552,-1961.6641
197,140,14,-8423.6162,4001.7119,-2292.2141
195,140,14,-9408.0537,4375.3599,-2678.0562
193,140,14,-10577.6006,4760.624,-3119.1899
191,140,14,-11968.3145,5140.0801,-3599.99
189,140,14,-13367.4424,5519.5361,-4091.6082
189,138,14,-13515.2881,5023.9199,-4217.8179
191,138,14,-12337.3281,4791.6001,-3722.594
193,138,14,-10981.4727,4495.3921,-3235.7842
195,138,14,-9827.5518,4158.5278,-2782.6301
197,138,14,-8834.7002,3808.1121,-2385.97
199,138,14,-7969.2603,3461.5679,-2043.4
201,138,14,-7208.394,3132.448,-1752.516
203,138,14,-6523.2539,2826.5601,-1502.5
205,138,14,-5916.2441,2545.8401,-1290.948
207,138,14,-5378.9502,2294.1599,-1114.254
207,136,14,-5618.1479,2129.6001,-1153.92
205,136,14,-6180.6841,2373.5359,-1334.22
203,136,14,-6809.3301,2646.512,-1550.5801
201,136,14,-7517.3081,2948.5281,-1807.808
199,136,14,-8296.2041,3273.7759,-2105.9041
197,136,14,-9173.6641,3620.3201,-2456.8879
195,136,14,-10155.6982,3964.928,-2861.9622
193,136,14,-11272.3564,4282.4321,-3318.7222
191,136,14,-12534.4561,4526.3682,-3816.3501
189,136,14,-13560.9639,4632.8481,-4329.604
189,134,14,-13557.3584,4476.0317,-4435.3799
191,134,14,-12713.5547,4414.0801,-3931.7422
193,134,14,-11619.7344,4166.272,-3430.5081
195,134,14,-10558.3682,3827.4719,-2961.728
197,134,14,-9585.9502,3457.696,-2547.0381
199,134,14,-8690.46,3093.728,-2185.2361
201,134,14,-7879.1104,2756.864,-1873.9181
203,134,14,-7142.2842,2449.04,-1610.6801
205,134,14,-6465.5581,2178.0,-1384.704
207,134,14,-5864.5581,1939.8719,-1192.384
207,132,14,-6089.332,1732.72,-1227.2421
205,132,14,-6716.7759,1961.168,-1421.9661
203,132,14,-7421.1479,2228.3359,-1653.952
201,132,14,-8200.0439,2540.032,-1928.0081
199,132,14,-9041.4443,2888.512,-2245.3359
197,132,14,-9960.9746,3285.3921,-2617.9561
195,132,14,-10938.2002,3713.248,-3039.8582
193,132,14,-11962.3047,4139.168,-3518.2542
191,132,14,-12873.4199,4489.584,-4030.3062
189,132,14,-13539.3281,4646.3999,-4548.3682
189,130,14,-13595.8223,5202.0317,-4692.6079
191,130,14,-13215.9902,4776.1118,-4179.354
193,130,14,-12495.9922,4208.8638,-3652.8782
195,130,14,-11493.5244,3637.7439,-3160.0581
197,130,14,-10471.8242,3116.96,-2714.116
199,130,14,-9495.7998,2671.6799,-2327.072
201,130,14,-8593.0986,2296.0959,-1995.3201
203,130,14,-7755.3042,1976.656,-1708.042
205,130,14,-6995.6401,1711.424,-1465.238
207,130,14,-6315.3081,1494.592,-1262.1
207,128,14,-6511.2339,1235.168,-1289.746
205,128,14,-7224.02,1432.64,-1500.0961
203,128,14,-8025.7539,1680.448,-1748.91
201,128,14,-8924.8506,1994.08,-2043.4
199,128,14,-9909.2881,2383.2161,-2389.5759
197,128,14,-10989.8857,2884.6399,-2795.8521
195,128,14,-12114.958,3508.032,-3261.0261
193,128,14,-13059.7305,4286.3042,-3786.3
191,128,14,-13594.6201,5188.48,-4342.8262
189,128,14,-13767.708,6133.248,-4894.5439
189,126,14,-13869.8779,7275.4878,-5181.8223
191,126,14,-13851.8486,5600.8481,-4580.8223
193,126,14,-13624.6699,4276.624,-3970.2061
195,126,14,-12862.6025,3287.3279,-3402.8621
197,126,14,-11654.5918,2555.52,-2899.2241
199,126,14,-10424.9463,2023.12,-2467.7061
201,126,14,-9323.9141,1630.1119,-2102.2981
203,126,14,-8335.8701,1333.9041,-1790.98
205,126,14,-7460.814,1109.328,-1531.348
207,126,14,-6692.7363,937.024,-1314.988
207,124,14,-6827.3604,609.84,-1333.0181
205,124,14,-7626.6899,739.552,-1555.3881
203,124,14,-8549.8262,917.664,-1821.03
201,124,14,-9628.0205,1169.344,-2145.5701
199,124,14,-10851.6563,1523.632,-2526.604
197,124,14,-12266.4102,2040.5439,-2989.374
195,124,14,-13473.2178,2793.6479,-3530.2742
193,124,14,-13851.8486,3930.0801,-4161.3242
191,124,14,-13881.8984,5635.6958,-4862.0903
189,124,14,-13896.3223,8212.5117,-5594.1079
189,122,14,-13913.1504,8055.6958,-6101.3521
191,122,14,-13904.7363,4946.48,-5202.2559
193,122,14,-13883.1006,3116.96,-4387.3003
195,122,14,-13776.1221,2013.4399,-3681.7261
197,122,14,-12821.7344,1324.224,-3084.332
199,122,14,-11309.6182,896.368,-2591.512
201,122,14,-9942.9443,621.456,-2184.0339
203,122,14,-8777.0039,441.408,-1848.676
205,122,14,-7785.354,323.312,-1571.014
207,122,14,-6937.9443,245.872,-1341.432
207,120,14,-6966.792,-139.392,-1343.8361
205,120,14,-7828.626,-131.648,-1572.2161
203,120,14,-8852.7305,-98.736,-1852.282
201,120,14,-10079.9727,-29.04,-2197.2561
199,120,14,-11534.3926,106.48,-2613.1479
197,120,14,-13121.0322,350.416,-3130.0081
195,120,14,-13850.6465,786.016,-3767.0681
193,120,14,-13895.1201,1566.224,-4550.772
191,120,14,-13915.5547,2971.76,-5503.958
189,120,14,-13921.5645,5641.5039,-6639.8481
189,120,16,-13922.7666,5190.416,-8584.6846
191,120,16,-13909.5439,2762.6719,-7073.77
193,120,16,-13886.7061,1471.36,-5833.3062
195,120,16,-13760.4961,749.232,-4817.6162
197,120,16,-12694.3223,344.608,-4007.468
199,120,16,-11088.4502,114.224,-3354.782
201,120,16,-9719.3721,-13.552,-2822.2961
203,120,16,-8559.4424,-81.312,-2383.5662
205,120,16,-7589.4282,-112.288,-2026.572
207,120,16,-6756.4419,-123.904,-1732.082
207,122,16,-6720.3823,245.872,-1729.678
205,122,16,-7504.0859,317.504,-2013.3501
203,122,16,-8436.8379,425.92,-2360.728
201,122,16,-9517.4365,592.416,-2783.832
199,122,16,-10792.7578,844.096,-3298.2881
197,122,16,-12290.4502,1237.104,-3919.7222
195,122,16,-13557.3584,1858.5599,-4676.9819
193,122,16,-13865.0703,2865.28,-5592.9062
191,122,16,-13901.1299,4539.9199,-6674.7061
189,122,16,-13905.9385,7418.752,-7905.5542
189,124,16,-13884.3027,7711.0879,-7258.8779
191,124,16,-13868.6758,5316.2559,-6281.6523
193,124,16,-13785.7383,3728.7361,-5360.9199
195,124,16,-13083.7705,2665.8721,-4539.9541
197,124,16,-11784.4082,1961.168,-3847.6021
199,124,16,-10454.9961,1471.36,-3251.4102
201,124,16,-9305.8838,1136.432,-2762.196
203,124,16,-8297.4063,892.496,-2347.5061
205,124,16,-7411.5322,720.192,-2003.734
207,124,16,-6636.2422,598.224,-1717.6581
207,126,16,-6499.2144,915.728,-1694.8201
205,126,16,-7205.9902,1078.3521,-1965.27
203,126,16,-8019.7441,1291.312,-2293.416
201,126,16,-8938.0723,1570.0959,-2684.0662
199,126,16,-9970.5898,1939.8719,-3149.24
197,126,16,-11116.0967,2437.4241,-3700.958
195,126,16,-12350.5498,3118.896,-4345.23
193,126,16,-13351.8164,4048.176,-5084.46
191,126,16,-13754.4863,5296.896,-5894.6079
189,126,16,-13850.6465,6905.7119,-6722.7861
189,128,16,-13607.8418,5895.1201,-6374.2061
191,128,16,-13342.2002,4994.8799,-5633.7739
193,128,16,-12639.0303,4137.2319,-4899.3521
195,128,16,-11631.7539,3393.8079,-4210.606
197,128,16,-10576.3984,2793.6479,-3607.2021
199,128,16,-9565.5166,2317.3921,-3084.332
201,128,16,-8643.582,1941.808,-2641.9961
203,128,16,-7792.5659,1639.792,-2259.76
205,128,16,-7016.0742,1397.792,-1934.0181
207,128,16,-6329.7319,1206.1281,-1662.3661
207,130,16,-6130.2002,1463.616,-1625.104
205,130,16,-6755.2402,1672.704,-1881.13
203,130,16,-7458.4102,1924.384,-2186.438
201,130,16,-8232.498,2228.3359,-2547.0381
199,130,16,-9083.5146,2588.4319,-2970.1421
197,130,16,-9994.6299,3014.3521,-3465.366
195,130,16,-10961.0381,3509.968,-4041.124
193,130,16,-11926.2441,4061.728,-4691.4062
191,130,16,-12762.8359,4609.6162,-5399.3843
189,130,16,-13342.2002,5031.6641,-6121.7861
189,132,16,-13231.6162,4528.3042,-5972.7383
191,132,16,-12443.1045,4375.3599,-5261.1543
193,132,16,-11462.2725,4032.688,-4572.4082
195,132,16,-10501.874,3618.384,-3940.156
197,132,16,-9584.748,3204.0801,-3386.0342
199,132,16,-8725.3184,2818.8159,-2904.032
201,132,16,-7921.1802,2481.9519,-2490.5439
203,132,16,-7190.3643,2179.936,-2139.5601
205,132,16,-6518.4463,1918.576,-1841.464
207,132,16,-5916.2441,1694.0,-1589.0441
207,134,16,-5690.2681,1901.152,-1544.5701
205,134,16,-6245.5923,2129.6001,-1781.364
203,134,16,-6863.4199,2392.896,-2065.0361
201,134,16,-7550.9644,2687.168,-2402.7981
199,134,16,-8304.6182,3012.416,-2797.054
197,134,16,-9131.5938,3364.7681,-3261.0261
195,134,16,-10040.3066,3722.928,-3801.926
193,134,16,-11049.9863,4055.9199,-4422.1582
191,134,16,-12173.8564,4307.6001,-5115.7119
189,134,16,-13246.04,4373.4238,-5847.73
189,136,16,-13268.8779,4530.2397,-5746.7622
191,136,16,-12016.3945,4427.6318,-5021.9561
193,136,16,-10781.9404,4187.5679,-4334.4121
195,136,16,-9728.9883,3875.8721,-3718.988
197,136,16,-8811.8623,3537.072,-3187.7041
199,136,16,-7993.3003,3202.144,-2727.3381
201,136,16,-7256.4741,2886.5759,-2341.4961
203,136,16,-6591.7681,2592.304,-2010.946
205,136,16,-5993.1719,2321.2639,-1732.082
207,136,16,-5455.8779,2083.136,-1497.692
207,138,16,-5208.2661,2245.76,-1444.8041
205,138,16,-5704.6919,2489.696,-1665.972
203,138,16,-6263.6221,2762.6719,-1931.614
201,138,16,-6893.4702,3058.8799,-2247.74
199,138,16,-7595.438,3376.384,-2620.3601
197,138,16,-8397.1719,3713.248,-3066.302
195,138,16,-9331.126,4055.9199,-3589.1721
193,138,16,-10416.5322,4383.104,-4193.7783
191,138,16,-11735.126,4675.4399,-4878.918
189,138,16,-13171.5166,4903.8882,-5619.3501
189,140,16,-12961.166,5380.144,-5481.1201
191,140,16,-11443.04,5016.1758,-4763.5259
193,140,16,-10102.8105,4646.3999,-4090.406
195,140,16,-8995.7686,4274.688,-3489.406
197,140,16,-8070.228,3914.592,-2977.354
199,140,16,-7278.1104,3566.1121,-2544.634
201,140,16,-6591.7681,3238.928,-2180.428
203,140,16,-5981.1523,2931.104,-1869.11
205,140,16,-5440.252,2652.3201,-1611.8821
207,140,16,-4961.856,2398.7041,-1394.3201
207,142,16,-4699.8203,2532.2881,-1335.422
205,142,16,-5140.9541,2789.7759,-1539.7621
203,142,16,-5645.7939,3076.304,-1786.172
201,142,16,-6219.1479,3391.8721,-2081.864
199,142,16,-6875.4399,3732.6079,-2432.8481
197,142,16,-7637.5083,4100.4478,-2851.144
195,142,16,-8535.4023,4493.4561,-3346.3682
193,142,16,-9628.0205,4915.5039,-3926.9341
191,142,16,-10950.2197,5366.5918,-4584.4282
189,142,16,-12575.3242,5862.208,-5294.8101
189,144,16,-12000.7686,6307.4878,-5098.8843
191,144,16,-10442.9766,5718.9438,-4420.9561
193,144,16,-9178.4717,5196.2241,-3787.502
195,144,16,-8130.3281,4729.6479,-3226.168
197,144,16,-7258.8779,4301.792,-2746.5701
199,144,16,-6522.0522,3908.7839,-2342.698
201,144,16,-5895.8101,3552.5601,-2004.936
203,144,16,-5341.688,3223.4399,-1720.062
205,144,16,-4862.0903,2923.3599,-1480.864
207,144,16,-4435.3799,2654.2561,-1280.13
207,146,16,-4139.688,2760.7361,-1217.626
205,146,16,-4529.1362,3035.6479,-1405.1381
203,146,16,-4976.2803,3343.4719,-1629.912
201,146,16,-5484.7261,3686.144,-1900.3621
199,146,16,-6071.3022,4057.856,-2221.2961
197,146,16,-6758.8462,4470.2241,-2605.936
195,146,16,-7576.2061,4930.9922,-3062.696
193,146,16,-8566.6543,5438.2241,-3598.7881
191,146,16,-9778.2705,6017.0879,-4208.2021
189,146,16,-11259.1338,6679.2002,-4863.292
189,148,16,-10486.248,6996.7041,-4615.6802
191,148,16,-9129.1904,6293.936,-4002.6602
193,148,16,-8011.3301,5672.48,-3425.7
195,148,16,-7086.9922,5120.7202,-2916.052
197,148,16,-6320.1162,4634.7842,-2485.7361
199,148,16,-5674.6421,4199.1841,-2121.53
201,148,16,-5127.7319,3810.0481,-1816.222
203,148,16,-4646.9321,3459.6321,-1556.5901
205,148,16,-4227.4341,3142.1279,-1340.23
207,148,16,-3860.824,2855.6001,-1159.9301
207,150,16,-3579.5562,2929.168,-1093.8201
205,150,16,-3908.9041,3221.5039,-1260.8981
203,150,16,-4286.332,3546.752,-1460.4301
201,150,16,-4722.6582,3912.656,-1703.234
199,150,16,-5219.084,4311.4722,-1988.108
197,150,16,-5806.8623,4766.4321,-2333.082
195,150,16,-6505.2241,5275.6001,-2741.762
193,150,16,-7349.0283,5854.4639,-3220.158
191,150,16,-8380.3438,6506.896,-3765.866
189,150,16,-9644.8486,7250.3198,-4346.4321
189,152,16,-8793.832,7469.0879,-4074.78
191,152,16,-7657.9424,6690.8159,-3536.2842
193,152,16,-6727.5942,6011.2798,-3033.8481
195,152,16,-5957.1123,5405.312,-2583.0981
197,152,16,-5318.8501,4876.7842,-2202.064
199,152,16,-4782.7583,4408.272,-1877.524
201,152,16,-4325.998,3995.9041,-1608.276
203,152,16,-3930.54,3624.1919,-1378.694
205,152,16,-3589.1721,3291.2,-1188.7781
207,152,16,-3287.47,2991.1199,-1028.912
207,154,16,-2995.384,3033.7119,-960.398
205,154,16,-3258.6221,3333.792,-1105.84
203,154,16,-3560.324,3670.656,-1280.13
201,154,16,-3908.9041,4050.1121,-1489.2781
199,154,16,-4306.7661,4474.0962,-1738.092
197,154,16,-4779.1519,4954.2241,-2039.7941
195,154,16,-5339.2842,5494.3682,-2391.98
193,154,16,-6012.4043,6117.7598,-2807.8721
191,154,16,-6840.582,6824.3999,-3279.0562
189,154,16,-7861.0801,7641.3921,-3781.4922
189,156,16,-6953.5703,7751.7441,-3501.426
191,156,16,-6064.0903,6913.4561,-3042.262
193,156,16,-5345.2939,6187.4561,-2610.7441
195,156,16,-4755.1123,5556.3198,-2228.5081
197,156,16,-4265.8979,5002.624,-1899.16
199,156,16,-3853.6121,4514.752,-1620.296
201,156,16,-3503.8301,4088.832,-1389.5121
203,156,16,-3199.7241,3703.5679,-1194.788
205,156,16,-2932.8801,3366.7041,-1031.316
207,156,16,-2699.6921,3062.752,-894.288
207,158,16,-2406.4041,3066.624,-823.37
205,158,16,-2602.3301,3366.7041,-944.772
203,158,16,-2827.104,3705.5039,-1091.416
201,158,16,-3083.1301,4088.832,-1269.312
199,158,16,-3375.2161,4514.752,-1478.4601
197,158,16,-3722.594,5000.688,-1730.88
195,158,16,-4131.2739,5554.3838,-2030.178
193,158,16,-4627.7002,6195.2002,-2379.96
191,158,16,-5231.104,6927.0078,-2775.418
189,158,16,-5981.1523,7780.7842,-3199.7241
189,160,16,-5042.3901,7742.064,-2914.8501
191,160,16,-4434.1782,6894.0962,-2533.8162
193,160,16,-3941.3582,6166.1602,-2178.0239
195,160,16,-3537.4861,5529.2158,-1859.494
197,160,16,-3202.1282,4979.3921,-1589.0441
199,160,16,-2919.658,4497.3281,-1360.6641
201,160,16,-2676.854,4073.344,-1168.344
203,160,16,-2465.302,3693.8879,-1006.074
205,160,16,-2280.1941,3357.0239,-870.248
207,160,16,-2115.52,3056.9441,-756.058
207,162,16,-1828.2421,3025.968,-686.342
205,162,16,-1955.6541,3320.24,-786.108
203,162,16,-2101.0959,3649.3599,-905.106
201,162,16,-2266.9719,4019.136,-1048.144
199,162,16,-2454.4841,4433.4399,-1216.4241
197,162,16,-2673.248,4901.9521,-1419.562
195,162,16,-2929.2742,5440.1602,-1659.962
193,162,16,-3239.3901,6057.7441,-1941.23
191,162,16,-3615.616,6772.1279,-2260.9622
189,162,16,-4079.5881,7598.7998,-2604.7341
189,164,16,-3187.7041,7387.7759,-2304.2341
191,164,16,-2855.9521,6607.5679,-2013.3501
193,164,16,-2584.3,5926.0962,-1736.89
195,164,16,-2359.5261,5333.6802,-1490.48
197,164,16,-2172.0142,4814.832,-1278.928
199,164,16,-2012.1481,4354.064,-1098.6281
201,164,16,-1873.9181,3953.312,-947.176
203,164,16,-1752.516,3593.2161,-818.562
205,164,16,-1643.134,3269.9041,-710.382
207,164,16,-1546.974,2985.312,-620.232
207,166,16,-1277.7261,2923.3599,-554.122
205,166,16,-1342.634,3196.3359,-629.848
203,166,16,-1414.754,3504.1599,-721.2
201,166,16,-1495.2881,3848.7681,-831.784
199,166,16,-1584.2361,4235.9678,-961.6
197,166,16,-1688.8101,4673.5039,-1116.6581
195,166,16,-1807.808,5169.1201,-1299.3621
193,166,16,-1950.8461,5730.5601,-1508.51
191,166,16,-2126.3381,6371.376,-1742.9
189,166,16,-2343.9001,7108.9922,-1985.704
189,168,16,-1573.418,6801.168,-1687.608
191,168,16,-1455.6221,6121.6318,-1503.702
193,168,16,-1364.27,5523.4082,-1313.786
195,168,16,-1290.948,4991.0078,-1138.2941
197,168,16,-1232.05,4520.5601,-982.034
199,168,16,-1179.162,4108.1919,-848.612
201,168,16,-1133.486,3738.416,-736.826
203,168,16,-1092.618,3407.3599,-639.464
205,168,16,-1054.1541,3113.0879,-558.93
207,168,16,-1019.296,2849.792,-490.416
207,170,16,-771.684,2758.8,-427.912
205,170,16,-780.098,3006.6079,-483.204
203,170,16,-786.108,3285.3921,-550.516
201,170,16,-790.916,3595.1521,-628.646
199,170,16,-794.522,3939.76,-722.402
197,170,16,-798.128,4328.896,-831.784
195,170,16,-802.936,4766.4321,-960.398
193,170,16,-810.148,5263.9839,-1104.6381
191,170,16,-824.572,5821.5518,-1257.292
189,170,16,-848.612,6454.624,-1396.724
189,172,16,-192.32,6088.7197,-1149.1121
191,172,16,-248.814,5511.792,-1046.942
193,172,16,-302.904,4994.8799,-929.146
195,172,16,-353.388,4537.9839,-813.754
197,172,16,-400.266,4131.4238,-709.18
199,172,16,-438.73,3771.3279,-617.828
201,172,16,-471.184,3448.0159,-540.9
203,172,16,-498.83,3155.6799,-473.588
205,172,16,-521.668,2892.384,-417.094
207,172,16,-538.496,2658.1279,-369.014
207,174,16,-319.732,2545.8401,-312.52
205,174,16,-280.066,2762.6719,-349.782
203,174,16,-231.986,3004.6719,-393.054
201,174,16,-174.29,3273.7759,-445.942
199,174,16,-106.978,3569.9839,-506.042
197,174,16,-27.646,3901.04,-576.96
195,174,16,62.504,4272.752,-657.494
193,174,16,167.078,4688.9922,-748.846
191,174,16,281.268,5155.5679,-840.198
189,174,16,414.69,5680.2241,-917.126
189,176,16,935.156,5263.9839,-721.2
191,176,16,747.644,4807.0879,-667.11
193,176,16,582.97,4390.8481,-601.0
195,176,16,436.326,4015.2639,-533.688
197,176,16,306.51,3678.3999,-469.982
199,176,16,194.724,3372.512,-414.69
201,176,16,97.362,3099.5359,-366.61
203,176,16,14.424,2853.6641,-324.54
205,176,16,-57.696,2627.1521,-289.682
207,176,16,-117.796,2425.8081,-259.632
207,178,16,67.312,2298.032,-210.35
205,178,16,145.442,2480.0159,-230.784
203,178,16,237.996,2683.2959,-254.824
201,178,16,344.974,2907.8721,-283.672
199,178,16,467.578,3151.8079,-316.126
197,178,16,609.414,3426.72,-355.792
195,178,16,771.684,3728.7361,-400.266
193,178,16,956.792,4065.6001,-448.346
191,178,16,1162.334,4433.4399,-495.224
189,178,16,1391.916,4832.2559,-531.284
189,180,16,1786.172,4427.6318,-361.802
191,180,16,1531.348,4075.28,-346.176
193,180,16,1294.5541,3750.032,-319.732
195,180,16,1078.194,3453.824,-289.682
197,180,16,885.874,3180.8479,-260.834
199,180,16,717.594,2938.8479,-235.592
201,180,16,570.95,2716.208,-213.956
203,180,16,443.538,2514.864,-194.724
205,180,16,331.752,2330.9441,-177.896
207,180,16,236.794,2164.448,-163.472
207,180,18,254.824,2114.1121,-209.148
205,180,18,350.984,2270.928,-225.976
203,180,18,465.174,2443.2319,-245.208
201,180,18,596.192,2632.96,-268.046
199,180,18,745.24,2840.1121,-294.49
197,180,18,918.328,3066.624,-326.944
195,180,18,1115.4561,3320.24,-364.206
193,180,18,1335.422,3595.1521,-408.68
191,180,18,1572.2161,3901.04,-456.76
189,180,18,1817.4241,4232.0962,-504.84
189,178,18,1446.006,4630.9121,-719.998
191,178,18,1233.2521,4257.2642,-650.282
193,178,18,1027.71,3914.592,-576.96
195,178,18,837.794,3600.96,-509.648
197,178,18,667.11,3316.3679,-451.952
199,178,18,516.86,3058.8799,-401.468
201,178,18,388.246,2826.5601,-359.398
203,178,18,275.258,2613.6001,-323.338
205,178,18,177.896,2420.0,-290.884
207,178,18,94.958,2243.824,-265.642
207,176,18,-80.534,2365.792,-323.338
205,176,18,-14.424,2555.52,-356.994
203,176,18,63.706,2768.48,-397.862
201,176,18,153.856,3000.8,-445.942
199,176,18,259.632,3256.3521,-503.638
197,176,18,381.034,3542.8799,-572.152
195,176,18,521.668,3858.448,-651.484
193,176,18,675.524,4208.8638,-744.038
191,176,18,843.804,4599.936,-847.41
189,176,18,1015.69,5033.6001,-950.782
189,174,18,515.658,5438.2241,-1208.01
191,174,18,402.67,4950.3521,-1079.396
193,174,18,284.874,4514.752,-945.974
195,174,18,170.684,4123.6802,-825.774
197,174,18,66.11,3777.136,-721.2
199,174,18,-25.242,3463.5039,-631.05
201,174,18,-103.372,3180.8479,-556.526
203,174,18,-170.684,2925.2959,-490.416
205,174,18,-227.178,2694.9119,-435.124
207,174,18,-275.258,2483.8879,-389.448
207,172,18,-482.002,2592.304,-454.356
205,172,18,-455.558,2813.0081,-509.648
203,172,18,-421.902,3062.752,-575.758
201,172,18,-381.034,3335.728,-653.888
199,172,18,-334.156,3639.6799,-746.442
197,172,18,-277.662,3978.48,-857.026
195,172,18,-213.956,4359.8721,-989.246
193,172,18,-149.048,4787.728,-1143.1021
191,172,18,-88.948,5267.856,-1313.786
189,172,18,-51.686,5811.8721,-1484.47
189,170,18,-669.514,6154.5439,-1801.798
191,170,18,-628.646,5575.6802,-1590.246
193,170,18,-623.838,5058.7681,-1379.896
195,170,18,-638.262,4596.064,-1189.98
197,170,18,-656.292,4185.6318,-1028.912
199,170,18,-673.12,3819.728,-891.884
201,170,18,-687.544,3494.48,-777.694
203,170,18,-698.362,3198.272,-680.332
205,170,18,-704.372,2931.104,-597.394
207,170,18,-707.978,2691.04,-527.678
207,168,18,-941.166,2776.2239,-601.0
205,168,18,-964.004,3025.968,-679.13
203,168,18,-986.842,3306.688,-774.088
201,168,18,-1008.478,3618.384,-887.076
199,168,18,-1031.316,3964.928,-1022.902
197,168,18,-1057.76,4356.0,-1183.97
195,168,18,-1089.012,4793.5361,-1377.4921
193,168,18,-1132.2841,5287.2158,-1604.67
191,168,18,-1202.0,5840.9121,-1869.11
189,168,18,-1323.402,6462.3682,-2152.782
189,166,18,-2020.562,6762.4478,-2536.22
191,166,18,-1822.2321,6100.3359,-2185.2361
193,166,18,-1680.396,5509.856,-1871.514
195,166,18,-1574.62,4985.2002,-1601.0641
197,166,18,-1489.2781,4520.5601,-1372.6841
199,166,18,-1417.1581,4108.1919,-1181.566
201,166,18,-1353.452,3742.2881,-1022.902
203,166,18,-1294.5541,3411.2319,-887.076
205,166,18,-1241.666,3118.896,-775.29
207,166,18,-1192.384,2853.6641,-679.13
207,164,18,-1447.208,2909.8081,-754.856
205,164,18,-1525.338,3180.8479,-860.632
203,164,18,-1611.8821,3486.7361,-988.044
201,164,18,-1708.042,3827.4719,-1138.2941
199,164,18,-1816.222,4208.8638,-1319.796
197,164,18,-1938.826,4640.5918,-1538.5601
195,164,18,-2081.864,5124.5918,-1799.394
193,164,18,-2258.5581,5680.2241,-2114.3181
191,164,18,-2483.332,6311.3599,-2488.1401
189,164,18,-2780.2261,7035.4238,-2923.2642
189,162,18,-3613.2122,7267.7441,-3303.0959
191,162,18,-3197.3201,6499.1519,-2818.6899
193,162,18,-2876.386,5833.168,-2393.1821
195,162,18,-2620.3601,5252.3682,-2033.7841
197,162,18,-2412.4141,4747.0718,-1735.688
199,162,18,-2235.72,4299.856,-1485.672
201,162,18,-2081.864,3908.7839,-1280.13
203,162,18,-1946.0381,3554.4961,-1107.042
205,162,18,-1823.4341,3238.928,-960.398
207,162,18,-1715.254,2956.272,-838.996
207,160,18,-1990.5121,2981.4399,-919.53
205,160,18,-2132.3481,3267.968,-1051.75
203,160,18,-2289.8101,3589.344,-1211.616
201,160,18,-2467.7061,3949.4399,-1402.734
199,160,18,-2668.4399,4348.2559,-1631.114
197,160,18,-2902.8301,4803.2158,-1907.574
195,160,18,-3182.896,5322.064,-2242.9321
193,160,18,-3523.062,5920.2881,-2646.804
191,160,18,-3954.5801,6609.5039,-3127.604
189,160,18,-4517.1162,7416.8159,-3681.7261
189,158,18,-5417.4141,7467.1519,-4048.3362
191,158,18,-4720.2539,6667.584,-3455.75
193,158,18,-4180.5562,5972.5601,-2930.4761
195,158,18,-3753.8459,5370.4639,-2483.332
197,158,18,-3404.064,4845.8081,-2111.9141
199,158,18,-3110.7761,4383.104,-1804.202
201,158,18,-2859.5581,3976.5439,-1549.3781
203,158,18,-2640.7939,3612.5759,-1336.624
205,158,18,-2447.272,3285.3921,-1156.324
207,158,18,-2274.1841,2994.9919,-1006.074
207,156,18,-2553.0481,2987.248,-1086.608
205,156,18,-2757.3879,3277.6479,-1246.474
203,156,18,-2989.374,3602.896,-1438.7941
201,156,18,-3250.208,3964.928,-1669.578
199,156,18,-3551.9102,4373.4238,-1947.24
197,156,18,-3905.2981,4834.1919,-2282.5981
195,156,18,-4325.998,5356.9121,-2687.6721
193,156,18,-4838.0503,5955.1357,-3174.4822
191,156,18,-5483.5239,6638.5439,-3752.644
189,156,18,-6330.9341,7440.0479,-4420.9561
189,154,18,-7195.1724,7343.248,-4779.1519
191,154,18,-6238.3799,6578.5278,-4075.9822
193,154,18,-5489.5342,5910.6079,-3450.9421
195,154,18,-4892.1401,5320.1279,-2922.062
197,154,18,-4402.9263,4803.2158,-2480.928
199,154,18,-3995.448,4346.3198,-2115.52
201,154,18,-3646.8682,3941.696,-1811.4141
203,154,18,-3341.5601,3577.728,-1557.792
205,154,18,-3074.7161,3254.416,-1347.442
207,154,18,-2839.124,2964.0159,-1169.546
207,152,18,-3115.584,2919.488,-1247.676
205,152,18,-3381.2261,3206.0159,-1433.9861
203,152,18,-3685.332,3525.4561,-1658.76
201,152,18,-4030.3062,3883.616,-1928.0081
199,152,18,-4426.9663,4276.624,-2250.144
197,152,18,-4889.7363,4723.8398,-2641.9961
195,152,18,-5442.6562,5227.2002,-3114.3821
193,152,18,-6116.978,5798.3198,-3685.332
191,152,18,-6963.186,6446.8799,-4362.0581
189,152,18,-8050.9961,7186.4321,-5143.3579
189,150,18,-8856.3359,6988.96,-5489.5342
191,150,18,-7674.77,6288.1279,-4672.1743
193,150,18,-6740.8159,5668.6079,-3952.176
195,150,18,-5991.9702,5118.7842,-3341.5601
197,150,18,-5374.1421,4630.9121,-2834.3162
199,150,18,-4859.686,4197.248,-2414.8181
201,150,18,-4420.9561,3811.9839,-2069.844
203,150,18,-4035.114,3459.6321,-1776.556
205,150,18,-3696.1501,3146.0,-1533.7521
207,150,18,-3398.054,2863.344,-1330.614
207,148,18,-3667.302,2787.8401,-1405.1381
205,148,18,-3993.0442,3062.752,-1615.488
203,148,18,-4363.2603,3368.6399,-1869.11
201,148,18,-4782.7583,3707.4399,-2174.418
199,148,18,-5261.1543,4079.1521,-2538.624
197,148,18,-5826.0942,4495.3921,-2980.96
195,148,18,-6498.0122,4960.0317,-3518.2542
193,148,18,-7320.1802,5484.688,-4166.1318
191,148,18,-8338.2744,6073.2319,-4936.6143
189,148,18,-9640.04,6737.2798,-5822.4883
189,146,18,-10376.8662,6448.8159,-6141.0181
191,146,18,-8992.1621,5827.3599,-5217.8823
193,146,18,-7889.9282,5281.4082,-4406.5322
195,146,18,-7005.2563,4793.5361,-3727.4021
197,146,18,-6282.854,4354.064,-3162.4622
199,146,18,-5671.0361,3953.312,-2692.48
201,146,18,-5151.772,3597.0879,-2304.2341
203,146,18,-4696.2139,3267.968,-1980.896
205,146,18,-4294.7461,2969.824,-1708.042
207,146,18,-3938.9541,2700.72,-1482.066
207,144,18,-4193.7783,2598.1121,-1550.5801
205,144,18,-4570.0039,2857.5359,-1782.566
203,144,18,-4999.1182,3144.064,-2061.4299
201,144,18,-5483.5239,3459.6321,-2399.1921
199,144,18,-6035.2422,3802.304,-2800.6602
197,144,18,-6683.1201,4177.8882,-3288.6721
195,144,18,-7449.9961,4590.2559,-3877.6521
193,144,18,-8380.3438,5041.3437,-4589.2358
191,144,18,-9547.4863,5535.0239,-5437.8481
189,144,18,-11060.8047,6094.5278,-6425.8921
189,142,18,-11650.9863,5689.9038,-6678.312
191,142,18,-10098.002,5215.584,-5674.6421
193,142,18,-8886.3857,4785.792,-4803.1919
195,142,18,-7916.3721,4381.168,-4067.5681
197,142,18,-7114.6382,3997.8401,-3454.5481
199,142,18,-6433.104,3643.552,-2946.1021
201,142,18,-5846.5283,3316.3679,-2522.998
203,142,18,-5326.062,3012.416,-2168.408
205,142,18,-4864.4941,2733.6321,-1873.9181
207,142,18,-4455.814,2481.9519,-1626.306
207,140,18,-4693.8101,2350.304,-1687.608
205,140,18,-5122.9243,2594.24,-1940.0281
203,140,18,-5606.1279,2863.344,-2244.134
201,140,18,-6150.6343,3157.616,-2608.3401
199,140,18,-6760.0483,3473.1841,-3041.0601
197,140,18,-7463.2183,3810.0481,-3563.9302
195,140,18,-8284.1846,4160.4639,-4190.1719
193,140,18,-9271.0264,4520.5601,-4946.23
191,140,18,-10504.2783,4880.6558,-5841.7202
189,140,18,-12116.1602,5238.8159,-6880.248
189,138,18,-12411.8525,4799.3437,-7042.5181
191,138,18,-10862.4746,4570.896,-6011.2021
193,138,18,-9653.2617,4280.4961,-5109.7021
195,138,18,-8673.6318,3959.1199,-4345.23
197,138,18,-7845.4541,3626.1279,-3703.3621
199,138,18,-7127.8604,3298.9441,-3166.0681
201,138,18,-6490.8003,2993.0559,-2718.9241
203,138,18,-5918.6479,2702.656,-2337.8901
205,138,18,-5404.1919,2439.3601,-2018.1581
207,138,18,-4943.8262,2203.168,-1751.3141
207,136,18,-5168.6001,2042.48,-1807.808
205,136,18,-5650.6021,2272.864,-2080.6621
203,136,18,-6187.896,2528.416,-2406.4041
201,136,18,-6784.0879,2813.0081,-2795.8521
199,136,18,-7436.7739,3118.896,-3253.814
197,136,18,-8168.792,3444.144,-3799.522
195,136,18,-8987.3545,3773.2639,-4449.8042
193,136,18,-9936.9346,4081.0879,-5220.2861
191,136,18,-11075.2285,4325.0239,-6121.7861
189,136,18,-12520.0322,4446.9922,-7162.7183
189,134,18,-12528.4463,4292.1118,-7261.2822
191,134,18,-11308.416,4206.9277,-6261.2183
193,134,18,-10273.4941,3957.1841,-5365.728
195,134,18,-9367.1865,3630.0,-4592.8423
197,134,18,-8551.0283,3279.584,-3932.9441
199,134,18,-7804.5859,2940.7839,-3371.6101
201,134,18,-7123.0522,2625.2161,-2898.022
203,134,18,-6490.8003,2338.688,-2494.1501
205,134,18,-5919.8501,2083.136,-2153.9841
207,134,18,-5400.5859,1860.496,-1865.504
207,132,18,-5612.1382,1661.088,-1915.988
205,132,18,-6155.4419,1875.984,-2208.074
203,132,18,-6758.8462,2123.792,-2557.856
201,132,18,-7423.5522,2412.2561,-2972.5461
199,132,18,-8135.1362,2737.5039,-3454.5481
197,132,18,-8908.0225,3105.344,-4029.104
195,132,18,-9728.9883,3502.2239,-4698.6182
193,132,18,-10605.2461,3901.04,-5482.3223
191,132,18,-11534.3926,4241.7759,-6373.0039
189,132,18,-12532.0518,4410.208,-7362.25
189,130,18,-12670.2822,4840.0,-7505.2881
191,130,18,-11959.9004,4439.248,-6554.5063
193,130,18,-11113.6924,3916.5281,-5660.2183
195,130,18,-10235.0303,3395.7439,-4859.686
197,130,18,-9370.792,2925.2959,-4167.334
199,130,18,-8546.2197,2516.8,-3572.344
201,130,18,-7778.1421,2174.1279,-3069.908
203,130,18,-7064.1543,1881.792,-2638.3901
205,130,18,-6407.8623,1637.856,-2271.78
207,130,18,-5820.084,1434.576,-1964.068
207,128,18,-6000.3843,1186.7679,-2003.734
205,128,18,-6620.6162,1368.752,-2316.2542
203,128,18,-7315.3721,1597.2,-2691.2781
201,128,18,-8085.854,1881.792,-3137.22
199,128,18,-8921.2441,2234.144,-3657.686
197,128,18,-9835.9658,2679.4241,-4279.1201
195,128,18,-10792.7578,3235.0559,-5001.522
193,128,18,-11763.9746,3924.272,-5840.5181
191,128,18,-12599.3643,4721.9038,-6767.2603
189,128,18,-13110.2139,5560.1919,-7748.0923
189,126,18,-13690.7803,6415.9038,-8151.9644
191,126,18,-13434.7539,4977.4561,-7111.0322
193,126,18,-12643.8379,3839.0879,-6106.1602
195,126,18,-11535.5938,2985.312,-5208.2661
197,126,18,-10411.7246,2350.304,-4432.9761
199,126,18,-9375.6006,1883.728,-3776.6841
201,126,18,-8433.2324,1533.312,-3221.3601
203,126,18,-7593.0342,1268.08,-2757.3879
205,126,18,-6839.3799,1062.864,-2366.738
207,126,18,-6168.6641,904.112,-2038.592
207,124,18,-6293.6719,594.352,-2062.6321
205,124,18,-6989.6304,712.448,-2391.98
203,124,18,-7787.7583,873.136,-2791.0439
201,124,18,-8712.0957,1099.6479,-3275.45
199,124,18,-9751.8262,1411.344,-3850.0061
197,124,18,-10952.624,1856.624,-4548.3682
195,124,18,-12297.6621,2501.312,-5378.9502
193,124,18,-13444.3701,3459.6321,-6371.8022
191,124,18,-13847.04,4888.3999,-7514.9043
189,124,18,-13878.292,7045.104,-8767.3877
189,122,18,-13903.5342,6741.1519,-9565.5166
191,122,18,-13889.1104,4197.248,-8028.1582
193,122,18,-13823.0,2694.9119,-6696.3423
195,122,18,-12986.4082,1771.4399,-5584.4922
197,122,18,-11512.7559,1194.512,-4681.79
199,122,18,-10146.082,826.672,-3942.5601
201,122,18,-8990.96,590.48,-3336.752
203,122,18,-7990.896,429.792,-2834.3162
205,122,18,-7136.2739,325.248,-2419.626
207,122,18,-6397.0439,251.68,-2077.0562
207,120,18,-6424.6899,-108.416,-2077.0562
205,120,18,-7177.1421,-100.672,-2417.2219
203,120,18,-8060.6123,-69.696,-2833.114
201,120,18,-9109.958,-7.744,-3345.166
199,120,18,-10340.8066,108.416,-3961.792
197,120,18,-11845.71,315.568,-4733.4761
195,120,18,-13393.8867,675.664,-5698.6821
193,120,18,-13867.4746,1312.608,-6915.106
191,120,18,-13899.9287,2445.168,-8444.0498
189,120,18,-13921.5645,4582.5122,-10399.7041
189,120,20,-13911.9482,3916.5281,-11857.7305
191,120,20,-13883.1006,2147.0239,-9642.4443
193,120,20,-13729.2441,1180.96,-7869.4941
195,120,20,-12598.1621,627.264,-6479.9819
197,120,20,-11013.9258,305.888,-5390.9702
199,120,20,-9682.1104,116.16,-4520.7222
201,120,20,-8577.4717,9.68,-3821.158
203,120,20,-7625.4883,-48.4,-3242.9961
205,120,20,-6815.3403,-77.44,-2771.812
207,120,20,-6119.3823,-90.992,-2381.1621
207,122,20,-6084.5239,249.744,-2379.96
205,122,20,-6743.2202,315.568,-2756.186
203,122,20,-7513.7021,412.368,-3218.9561
201,122,20,-8400.7783,555.632,-3776.6841
199,122,20,-9433.2959,770.528,-4453.4102
197,122,20,-10640.1045,1095.776,-5282.79
195,122,20,-12052.4541,1599.136,-6302.0859
193,122,20,-13413.1182,2392.896,-7575.0039
191,122,20,-13862.666,3686.144,-9140.0078
189,122,20,-13893.918,5856.3999,-11048.7842
189,124,20,-13853.0498,6344.272,-10176.1318
191,124,20,-13559.7627,4464.416,-8641.1777
193,124,20,-12658.2627,3200.208,-7293.7363
195,124,20,-11403.374,2342.5601,-6148.23
197,124,20,-10220.6064,1754.016,-5196.2461
199,124,20,-9154.4326,1343.584,-4399.3203
201,124,20,-8225.2861,1055.12,-3749.0381
203,124,20,-7398.3101,846.032,-3200.926
205,124,20,-6665.0903,689.216,-2746.5701
207,124,20,-6007.5962,578.864,-2364.334
207,126,20,-5884.9922,875.072,-2336.688
205,126,20,-6477.5781,1022.208,-2694.884
203,126,20,-7150.6982,1213.8719,-3132.4121
201,126,20,-7901.9482,1459.744,-3652.8782
199,126,20,-8736.1357,1783.056,-4271.9082
197,126,20,-9659.2725,2208.9761,-5011.1382
195,126,20,-10647.3164,2785.9041,-5897.0122
193,126,20,-11661.8047,3562.24,-6935.54
191,126,20,-12596.96,4596.064,-8137.54
189,126,20,-13161.9004,5929.9678,-9468.1543
189,128,20,-12219.5322,5285.2798,-9055.8682
191,128,20,-11628.1484,4479.9038,-7826.2222
193,128,20,-10870.8887,3728.7361,-6714.3721
195,128,20,-10030.6904,3084.0481,-5732.3379
197,128,20,-9195.2998,2561.3279,-4899.3521
199,128,20,-8389.96,2145.0879,-4191.374
201,128,20,-7642.3159,1810.16,-3595.1821
203,128,20,-6933.1362,1542.9919,-3085.5339
205,128,20,-6300.8843,1326.16,-2660.0261
207,128,20,-5727.5303,1148.048,-2299.426
207,130,20,-5547.23,1393.92,-2252.5481
205,130,20,-6068.8979,1583.6479,-2590.3101
203,130,20,-6650.666,1815.968,-2998.99
201,130,20,-7282.918,2088.9441,-3482.1941
199,130,20,-7959.644,2416.1279,-4050.74
197,130,20,-8680.8438,2797.52,-4720.2539
195,130,20,-9436.9023,3246.6719,-5519.584
193,130,20,-10197.7686,3742.2881,-6455.9419
191,130,20,-10923.7764,4255.3281,-7546.1562
189,130,20,-11607.7139,4685.1201,-8790.2266
189,132,20,-11393.7578,4334.7041,-8685.6523
191,132,20,-10537.9346,4127.5518,-7407.9263
193,132,20,-9763.8457,3779.072,-6322.52
195,132,20,-9022.2119,3384.1279,-5399.3843
197,132,20,-8315.4365,2996.928,-4619.2861
199,132,20,-7633.9023,2648.448,-3961.792
201,132,20,-6996.8423,2334.8159,-3410.074
203,132,20,-6401.8521,2057.968,-2936.4861
205,132,20,-5853.7402,1817.9039,-2537.4221
207,132,20,-5351.3042,1612.688,-2199.6602
207,134,20,-5140.9541,1806.288,-2140.762
205,134,20,-5598.916,2019.248,-2458.0901
203,134,20,-6106.1602,2263.1841,-2839.124
201,134,20,-6656.6763,2536.1599,-3292.2781
199,134,20,-7254.0703,2838.176,-3827.168
197,134,20,-7897.1401,3165.3599,-4464.228
195,134,20,-8591.8965,3506.0959,-5223.8921
193,134,20,-9359.9746,3835.2161,-6137.4121
191,134,20,-10239.8379,4104.3198,-7248.0601
189,134,20,-11314.4258,4232.0962,-8595.502
189,136,20,-11275.9619,4367.6162,-8531.7959
191,136,20,-10040.3066,4220.48,-7156.708
193,136,20,-9091.9277,3966.864,-6041.252
195,136,20,-8295.002,3660.9761,-5120.52
197,136,20,-7599.0439,3337.6641,-4366.8662
199,136,20,-6955.9741,3024.032,-3735.8162
201,136,20,-6385.0239,2729.76,-3212.946
203,136,20,-5853.7402,2452.9119,-2768.2061
205,136,20,-5366.9302,2205.104,-2394.384
207,136,20,-4926.998,1982.464,-2080.6621
207,138,20,-4699.8203,2139.28,-2010.946
205,138,20,-5106.0962,2365.792,-2306.6379
203,138,20,-5558.0483,2619.408,-2663.6321
201,138,20,-6055.6763,2896.2561,-3089.1401
199,138,20,-6601.3843,3192.4639,-3595.1821
197,138,20,-7214.4043,3506.0959,-4205.7979
195,138,20,-7913.9683,3829.408,-4951.0381
193,138,20,-8740.9443,4146.9121,-5859.75
191,138,20,-9756.6338,4437.312,-6988.4282
189,138,20,-11112.4902,4675.4399,-8399.5762
189,140,20,-10833.626,5062.6401,-8236.1045
191,140,20,-9464.5479,4719.9678,-6848.9961
193,140,20,-8436.8379,4373.4238,-5733.54
195,140,20,-7601.4482,4026.8799,-4826.0303
197,140,20,-6904.2881,3690.0159,-4097.6182
199,140,20,-6300.8843,3364.7681,-3494.2141
201,140,20,-5774.4082,3064.688,-3001.394
203,140,20,-5291.2041,2778.1599,-2583.0981
205,140,20,-4859.686,2518.7361,-2234.5181
207,140,20,-4441.3901,2284.48,-1940.0281
207,142,20,-4202.1919,2410.3201,-1866.7061
205,142,20,-4561.5898,2650.384,-2139.5601
203,142,20,-4965.4619,2919.488,-2471.312
201,142,20,-5413.8081,3209.8879,-2866.77
199,142,20,-5915.042,3523.52,-3342.762
197,142,20,-6488.396,3864.2559,-3922.126
195,142,20,-7165.1221,4224.3521,-4632.5083
193,142,20,-7980.0781,4609.6162,-5513.5742
191,142,20,-9002.9805,5018.1118,-6612.2021
189,142,20,-10373.2598,5461.4561,-7993.3003
189,144,20,-9839.5723,5827.3599,-7709.6279
191,144,20,-8548.624,5306.5762,-6383.8223
193,144,20,-7568.9941,4845.8081,-5324.8599
195,144,20,-6787.6943,4423.7598,-4477.4502
197,144,20,-6142.2202,4034.624,-3788.7041
199,144,20,-5589.3003,3676.4639,-3227.3701
201,144,20,-5112.106,3353.1521,-2770.6101
203,144,20,-4678.1841,3053.072,-2381.1621
205,144,20,-4301.958,2780.0959,-2061.4299
207,144,20,-3960.5901,2528.416,-1792.182
207,146,20,-3712.978,2627.1521,-1710.446
205,146,20,-4023.094,2882.7041,-1960.462
203,146,20,-4372.876,3165.3599,-2262.1641
201,146,20,-4765.9302,3477.0559,-2626.3701
199,146,20,-5209.4683,3815.856,-3063.8979
197,146,20,-5723.9243,4191.4399,-3597.5862
195,146,20,-6328.5303,4603.8081,-4252.6763
193,146,20,-7062.9521,5060.7041,-5071.2383
191,146,20,-7984.8862,5564.064,-6089.332
189,146,20,-9209.7246,6137.1201,-7364.6543
189,148,20,-8543.8164,6406.2241,-6994.438
191,148,20,-7421.1479,5796.3838,-5802.0542
193,148,20,-6568.9302,5254.3042,-4840.4541
195,148,20,-5887.396,4766.4321,-4062.76
197,148,20,-5326.062,4332.7681,-3437.72
199,148,20,-4846.4639,3941.696,-2931.678
201,148,20,-4430.5723,3593.2161,-2510.978
203,148,20,-4067.5681,3271.8401,-2161.196
205,148,20,-3744.23,2979.5039,-1870.312
207,148,20,-3453.3459,2714.272,-1623.902
207,150,20,-3194.916,2782.032,-1536.156
205,150,20,-3453.3459,3051.136,-1759.728
203,150,20,-3744.23,3347.344,-2030.178
201,150,20,-4072.376,3680.3359,-2357.1221
199,150,20,-4440.188,4044.304,-2747.772
197,150,20,-4868.1001,4450.8638,-3224.9661
195,150,20,-5375.3442,4905.8237,-3813.946
193,150,20,-5997.98,5414.9922,-4544.7622
191,150,20,-6778.0781,5986.1118,-5454.6763
189,150,20,-7816.606,6626.9277,-6585.7583
189,152,20,-7082.1841,6816.6558,-6177.0781
191,152,20,-6149.4321,6140.9922,-5132.54
193,152,20,-5448.666,5546.6401,-4289.938
195,152,20,-4892.1401,5016.1758,-3604.7981
197,152,20,-4432.9761,4549.6001,-3051.8782
199,152,20,-4048.3362,4129.4878,-2598.7241
201,152,20,-3714.1802,3757.7759,-2228.5081
203,152,20,-3423.2961,3418.9761,-1920.796
205,152,20,-3162.4622,3113.0879,-1661.1641
207,152,20,-2929.2742,2836.24,-1446.006
207,154,20,-2663.6321,2874.96,-1354.6541
205,154,20,-2864.366,3147.936,-1549.3781
203,154,20,-3090.342,3455.76,-1783.7681
201,154,20,-3345.166,3798.4319,-2067.4399
199,154,20,-3632.4441,4179.8242,-2408.8081
197,154,20,-3965.3982,4605.7441,-2825.9021
195,154,20,-4358.4521,5087.8081,-3335.55
193,154,20,-4836.8481,5633.7598,-3967.802
191,154,20,-5448.666,6253.2798,-4752.708
189,154,20,-6275.6421,6965.728,-5733.54
189,156,20,-5485.9282,7054.7842,-5308.0322
191,156,20,-4771.9399,6324.9121,-4418.5522
193,156,20,-4251.4741,5691.8398,-3698.554
195,156,20,-3843.9961,5136.208,-3113.1802
197,156,20,-3508.6382,4646.3999,-2638.3901
199,156,20,-3223.7642,4214.6719,-2250.144
201,156,20,-2979.7581,3831.344,-1934.0181
203,156,20,-2763.3979,3486.7361,-1669.578
205,156,20,-2569.876,3176.9761,-1448.41
207,156,20,-2394.384,2900.1279,-1264.504
207,158,20,-2128.7419,2904.0,-1168.344
205,158,20,-2271.78,3176.9761,-1333.0181
203,158,20,-2431.646,3484.8,-1531.348
201,158,20,-2608.3401,3827.4719,-1770.546
199,158,20,-2806.6702,4206.9277,-2055.4199
197,158,20,-3038.656,4640.5918,-2407.606
195,158,20,-3307.9041,5126.5278,-2835.5181
193,158,20,-3639.656,5686.0317,-3369.2061
191,158,20,-4061.5581,6326.8481,-4030.3062
189,158,20,-4642.124,7074.144,-4851.272
189,160,20,-3811.542,7027.6802,-4423.3599
191,160,20,-3364.3979,6284.2559,-3684.1301
193,160,20,-3039.8582,5649.248,-3086.7361
195,160,20,-2786.2361,5095.5518,-2602.3301
197,160,20,-2577.0881,4613.4878,-2211.6799
199,160,20,-2399.1921,4189.5039,-1894.3521
201,160,20,-2244.134,3811.9839,-1632.316
203,160,20,-2103.5,3471.248,-1412.35
205,160,20,-1976.088,3167.2959,-1228.444
207,160,20,-1860.696,2894.3201,-1074.588
207,162,20,-1597.458,2865.28,-978.428
205,162,20,-1684.0021,3130.512,-1113.052
203,162,20,-1777.7581,3428.656,-1272.918
201,162,20,-1879.928,3759.7119,-1466.4401
199,162,20,-1991.714,4125.6162,-1697.224
197,162,20,-2117.9241,4539.9199,-1980.896
195,162,20,-2262.1641,5006.4961,-2324.668
193,162,20,-2437.656,5540.832,-2753.782
191,162,20,-2661.228,6150.6719,-3286.2681
189,162,20,-2967.738,6865.0562,-3960.5901
189,164,20,-2218.8921,6628.8638,-3526.668
191,164,20,-2018.1581,5982.2397,-2941.2939
193,164,20,-1877.524,5411.1201,-2473.7161
195,164,20,-1769.344,4903.8882,-2095.0859
197,164,20,-1680.396,4454.7358,-1788.576
199,164,20,-1601.0641,4053.9839,-1537.358
201,164,20,-1531.348,3695.824,-1328.2101
203,164,20,-1464.036,3374.448,-1155.1221
205,164,20,-1401.532,3084.0481,-1008.478
207,164,20,-1341.432,2824.624,-887.076
207,166,20,-1098.6281,2766.5439,-795.724
205,166,20,-1129.88,3014.3521,-899.096
203,166,20,-1163.536,3291.2,-1022.902
201,166,20,-1195.99,3599.0239,-1171.9501
199,166,20,-1229.646,3939.76,-1351.048
197,166,20,-1262.1,4321.1519,-1568.61
195,166,20,-1300.564,4749.0078,-1833.05
193,166,20,-1349.8461,5227.2002,-2156.3879
191,166,20,-1423.168,5759.6001,-2561.4622
189,166,20,-1551.782,6344.272,-3063.8979
189,168,20,-960.398,6071.2959,-2633.582
191,168,20,-875.056,5533.0879,-2228.5081
193,168,20,-855.824,5035.5361,-1889.5441
195,168,20,-858.228,4584.4478,-1611.8821
197,168,20,-865.44,4181.7598,-1385.906
199,168,20,-871.45,3819.728,-1195.99
201,168,20,-875.056,3494.48,-1042.134
203,168,20,-873.854,3200.208,-909.914
205,168,20,-869.046,2934.9761,-801.734
207,168,20,-860.632,2696.8479,-706.776
207,170,20,-637.06,2609.728,-621.434
205,170,20,-622.636,2834.304,-697.16
203,170,20,-601.0,3085.9839,-787.31
201,170,20,-572.152,3360.896,-894.288
199,170,20,-536.092,3662.9119,-1022.902
197,170,20,-492.82,4001.7119,-1179.162
195,170,20,-443.538,4377.2959,-1367.876
193,170,20,-393.054,4801.2798,-1599.8621
191,170,20,-360.6,5267.856,-1878.7261
189,170,20,-385.842,5790.5762,-2210.478
189,172,20,170.684,5492.4321,-1848.676
191,172,20,125.008,4998.752,-1583.0341
193,172,20,38.464,4561.2158,-1355.8561
195,172,20,-56.494,4172.0801,-1167.142
197,172,20,-145.442,3821.6641,-1010.882
199,172,20,-222.37,3506.0959,-882.268
201,172,20,-287.278,3221.5039,-774.088
203,172,20,-342.57,2964.0159,-681.534
205,172,20,-388.246,2727.824,-604.606
207,172,20,-424.306,2514.864,-540.9
207,174,20,-228.38,2410.3201,-460.366
205,174,20,-171.886,2605.856,-512.052
203,174,20,-106.978,2820.752,-570.95
201,174,20,-27.646,3060.8159,-641.868
199,174,20,64.908,3320.24,-727.21
197,174,20,174.29,3608.7041,-828.178
195,174,20,296.894,3928.144,-950.782
193,174,20,435.124,4286.3042,-1102.234
191,174,20,573.354,4687.0562,-1286.14
189,174,20,697.16,5140.0801,-1503.702
189,176,20,1155.1221,4768.3682,-1205.6061
191,176,20,976.024,4371.4878,-1034.922
193,176,20,793.32,4017.2,-893.086
195,176,20,620.232,3693.8879,-776.492
197,176,20,463.972,3403.488,-681.534
199,176,20,329.348,3138.2561,-602.202
201,176,20,211.552,2898.1919,-534.89
203,176,20,111.786,2679.4241,-477.194
205,176,20,26.444,2480.0159,-429.114
207,176,20,-45.676,2296.0959,-388.246
207,178,20,120.2,2176.064,-320.934
205,178,20,207.946,2340.624,-348.58
203,178,20,308.914,2520.6719,-382.236
201,178,20,429.114,2720.0801,-421.902
199,178,20,564.94,2934.9761,-468.78
197,178,20,723.604,3171.168,-524.072
195,178,20,905.106,3430.592,-592.586
193,178,20,1109.446,3719.0559,-677.928
191,178,20,1329.412,4032.688,-786.108
189,178,20,1551.782,4377.2959,-917.126
189,180,20,1891.948,4003.6479,-663.504
191,180,20,1643.134,3705.5039,-570.95
193,180,20,1396.724,3428.656,-498.83
195,180,20,1168.344,3178.9119,-441.134
197,180,20,962.802,2946.592,-395.458
199,180,20,783.704,2733.6321,-355.792
201,180,20,627.444,2543.9041,-324.54
203,180,20,492.82,2365.792,-298.096
205,180,20,375.024,2201.2319,-275.258
207,180,20,274.056,2054.0959,-254.824
207,180,22,296.894,1986.3359,-287.278
205,180,22,397.862,2125.728,-306.51
203,180,22,519.264,2276.7361,-329.348
201,180,22,658.696,2437.4241,-355.792
199,180,22,818.562,2613.6001,-385.842
197,180,22,1006.074,2803.3279,-424.306
195,180,22,1221.2321,3008.5439,-471.184
193,180,22,1468.844,3231.1841,-536.092
191,180,22,1744.1021,3473.1841,-625.04
189,180,22,2038.592,3730.6719,-759.664
189,178,22,1747.708,4090.7681,-1058.962
191,178,22,1477.2581,3794.5601,-881.066
193,178,22,1224.838,3519.6479,-753.654
195,178,22,997.66,3264.0959,-657.494
197,178,22,799.33,3029.8401,-582.97
199,178,22,628.646,2813.0081,-521.668
201,178,22,482.002,2615.5359,-469.982
203,178,22,354.59,2431.616,-427.912
205,178,22,247.612,2263.1841,-390.65
207,178,22,156.26,2108.304,-359.398
207,176,22,0.0,2220.592,-432.72
205,176,22,79.332,2390.96,-473.588
203,176,22,171.886,2574.8799,-522.87
201,176,22,281.268,2776.2239,-579.364
199,176,22,409.882,2994.9919,-647.878
197,176,22,560.132,3235.0559,-730.816
195,176,22,736.826,3496.416,-832.986
193,176,22,938.762,3784.8799,-965.206
191,176,22,1165.9401,4100.4478,-1138.2941
189,176,22,1405.1381,4448.9277,-1377.4921
189,174,22,1002.468,4803.2158,-1729.678
191,174,22,813.754,4408.272,-1442.4
193,174,22,623.838,4055.9199,-1223.636
195,174,22,450.75,3736.48,-1054.1541
197,174,22,299.298,3448.0159,-918.328
199,174,22,169.482,3182.7839,-806.542
201,174,22,61.302,2940.7839,-715.19
203,174,22,-31.252,2720.0801,-638.262
205,174,22,-108.18,2516.8,-572.152
207,174,22,-171.886,2330.9441,-515.658
207,172,22,-355.792,2429.6799,-598.596
205,172,22,-308.914,2629.0879,-665.908
203,172,22,-250.016,2845.9199,-745.24
201,172,22,-179.098,3084.0481,-840.198
199,172,22,-93.756,3343.4719,-951.984
197,172,22,9.616,3631.936,-1089.012
195,172,22,132.22,3947.5039,-1258.494
193,172,22,270.45,4295.9839,-1472.4501
191,172,22,417.094,4685.1201,-1745.3041
189,172,22,543.304,5118.7842,-2110.7122
189,170,22,62.504,5391.7598,-2529.0081
191,170,22,-7.212,4946.48,-2101.0959
193,170,22,-109.382,4536.0479,-1772.9501
195,170,22,-213.956,4160.4639,-1512.116
197,170,22,-304.106,3819.728,-1305.3721
199,170,22,-379.832,3509.968,-1135.89
201,170,22,-441.134,3231.1841,-996.458
203,170,22,-490.416,2971.76,-877.46
205,170,22,-527.678,2737.5039,-777.694
207,170,22,-556.526,2524.5439,-693.554
207,168,22,-764.472,2605.856,-783.704
205,168,22,-757.26,2826.5601,-879.864
203,168,22,-741.634,3072.4319,-994.054
201,168,22,-718.796,3345.408,-1131.082
199,168,22,-685.14,3641.616,-1294.5541
197,168,22,-640.666,3970.7361,-1494.0861
195,168,22,-584.172,4336.6401,-1740.496
193,168,22,-516.86,4737.3921,-2049.4102
191,168,22,-448.346,5171.0562,-2442.4641
189,168,22,-411.084,5631.8237,-2966.5361
189,166,22,-891.884,5887.376,-3442.5281
191,166,22,-919.53,5401.4399,-2841.5281
193,166,22,-951.984,4936.7998,-2381.1621
195,166,22,-980.832,4510.8799,-2020.562
197,166,22,-1001.266,4121.7441,-1732.082
199,166,22,-1012.084,3771.3279,-1496.49
201,166,22,-1015.69,3457.696,-1301.766
203,166,22,-1010.882,3169.2319,-1138.2941
205,166,22,-1002.468,2909.8081,-1001.266
207,166,22,-988.044,2675.552,-884.672
207,164,22,-1215.222,2729.76,-982.034
205,164,22,-1253.686,2971.76,-1109.446
203,164,22,-1289.746,3240.864,-1263.302
201,164,22,-1323.402,3539.0081,-1447.208
199,164,22,-1354.6541,3866.1919,-1667.1741
197,164,22,-1381.098,4232.0962,-1935.2201
195,164,22,-1401.532,4640.5918,-2266.9719
193,164,22,-1418.36,5093.6162,-2681.6621
191,164,22,-1430.38,5600.8481,-3215.3501
189,164,22,-1438.7941,6162.2881,-3926.9341
189,162,22,-2091.48,6410.0962,-4423.3599
191,162,22,-1995.3201,5784.7681,-3638.4541
193,162,22,-1915.988,5240.752,-3036.252
195,162,22,-1843.868,4758.688,-2561.4622
197,162,22,-1777.7581,4332.7681,-2182.832
199,162,22,-1711.6481,3953.312,-1876.322
201,162,22,-1645.5381,3612.5759,-1626.306
203,162,22,-1580.63,3302.8159,-1413.552
205,162,22,-1518.126,3024.032,-1236.858
207,162,22,-1455.6221,2772.3521,-1087.8101
207,160,22,-1703.234,2797.52,-1189.98
205,160,22,-1790.98,3053.072,-1352.25
203,160,22,-1884.7361,3337.6641,-1545.772
201,160,22,-1983.3,3653.2319,-1777.7581
199,160,22,-2085.47,4001.7119,-2057.824
197,160,22,-2196.054,4390.8481,-2397.99
195,160,22,-2316.2542,4830.3198,-2821.094
193,160,22,-2452.0801,5329.8081,-3353.5801
191,160,22,-2615.552,5902.8638,-4037.5181
189,160,22,-2833.114,6570.7842,-4940.2202
189,158,22,-3569.9402,6628.8638,-5440.252
191,158,22,-3236.9861,5966.752,-4467.834
193,158,22,-2991.7781,5387.8882,-3714.1802
195,158,22,-2788.6401,4882.5918,-3122.7961
197,158,22,-2615.552,4435.376,-2651.6121
199,158,22,-2460.4941,4036.5601,-2270.5781
201,158,22,-2319.8601,3684.208,-1959.26
203,158,22,-2190.0439,3362.832,-1700.8301
205,158,22,-2068.6421,3072.4319,-1483.2681
207,158,22,-1954.452,2811.072,-1298.16
207,156,22,-2206.8721,2807.2,-1401.532
205,156,22,-2347.5061,3064.688,-1595.0541
203,156,22,-2500.1602,3353.1521,-1828.2421
201,156,22,-2664.834,3676.4639,-2110.7122
199,156,22,-2846.3359,4032.688,-2449.676
197,156,22,-3048.272,4431.5039,-2866.77
195,156,22,-3277.854,4878.7202,-3380.0242
193,156,22,-3543.4961,5382.0801,-4029.104
191,156,22,-3871.6421,5955.1357,-4857.2822
189,156,22,-4316.3818,6609.5039,-5958.314
189,154,22,-5007.5322,6535.936,-6453.5381
191,154,22,-4481.0562,5908.6719,-5286.396
193,154,22,-4078.386,5353.04,-4384.896
195,154,22,-3751.4421,4853.5518,-3679.322
197,154,22,-3473.78,4412.144,-3117.988
199,154,22,-3229.7742,4013.3279,-2663.6321
201,154,22,-3011.01,3659.04,-2291.012
203,154,22,-2811.478,3337.6641,-1982.098
205,154,22,-2629.9761,3047.2639,-1723.6681
207,154,22,-2464.1001,2785.9041,-1508.51
207,152,22,-2715.3181,2747.1841,-1607.074
205,152,22,-2907.6379,3002.7361,-1834.2521
203,152,22,-3119.1899,3291.2,-2107.106
201,152,22,-3351.176,3608.7041,-2436.4541
199,152,22,-3608.4041,3959.1199,-2831.9121
197,152,22,-3895.6821,4346.3198,-3318.7222
195,152,22,-4222.626,4779.9839,-3919.7222
193,152,22,-4609.6699,5263.9839,-4680.5879
191,152,22,-5077.248,5806.064,-5653.0059
189,152,22,-5696.2783,6410.0962,-6948.7622
189,150,22,-6338.146,6249.4082,-7418.7441
191,150,22,-5654.208,5676.3521,-6062.8882
193,150,22,-5122.9243,5159.4399,-5023.1582
195,150,22,-4685.396,4690.9277,-4208.2021
197,150,22,-4312.7759,4268.8799,-3561.5261
199,150,22,-3984.6301,3889.4241,-3038.656
201,150,22,-3694.948,3548.688,-2613.1479
203,150,22,-3430.5081,3235.0559,-2257.356
205,150,22,-3190.1082,2950.4639,-1959.26
207,150,22,-2970.1421,2694.9119,-1709.244
207,148,22,-3212.946,2627.1521,-1803.0
205,148,22,-3456.9521,2874.96,-2060.228
203,148,22,-3722.594,3153.7439,-2371.5461
201,148,22,-4015.8821,3457.696,-2745.3682
199,148,22,-4339.2202,3788.752,-3190.1082
197,148,22,-4704.6279,4154.6558,-3740.624
195,148,22,-5121.7222,4557.3437,-4423.3599
193,148,22,-5612.1382,5008.4321,-5290.002
191,148,22,-6202.3203,5502.1118,-6400.6499
189,148,22,-6958.3779,6048.064,-7865.8882
189,146,22,-7535.3384,5815.7441,-8287.79
191,146,22,-6723.9883,5308.5122,-6764.856
193,146,22,-6082.1201,4841.936,-5600.1182
195,146,22,-5553.2402,4417.9521,-4691.4062
197,146,22,-5101.2881,4034.624,-3972.6101
199,146,22,-4701.022,3680.3359,-3388.438
201,146,22,-4347.6343,3357.0239,-2912.446
203,146,22,-4024.2961,3062.752,-2514.584
205,146,22,-3731.0081,2791.7119,-2181.6301
207,146,22,-3460.5581,2545.8401,-1902.766
207,144,22,-3692.5439,2450.9761,-1989.3101
205,144,22,-3981.0242,2687.168,-2274.1841
203,144,22,-4295.9482,2950.4639,-2614.3501
201,144,22,-4645.73,3236.9919,-3026.636
199,144,22,-5024.3599,3546.752,-3519.4561
197,144,22,-5452.272,3883.616,-4125.2642
195,144,22,-5940.2842,4251.4561,-4875.312
193,144,22,-6507.6279,4644.4639,-5820.084
191,144,22,-7192.7681,5074.2559,-7037.71
189,144,22,-8072.6323,5548.5762,-8662.8145
189,142,22,-8558.2402,5234.9438,-8993.3643
191,142,22,-7642.3159,4828.3838,-7345.4224
193,142,22,-6923.52,4443.1201,-6091.7363
195,142,22,-6329.7319,4077.2161,-5113.3081
197,142,22,-5818.8823,3732.6079,-4332.0083
199,142,22,-5368.1323,3409.2959,-3699.7561
201,142,22,-4960.6543,3109.2161,-3181.6941
203,142,22,-4586.832,2828.4961,-2748.9741
205,142,22,-4244.2622,2572.9441,-2385.97
207,142,22,-3929.3381,2340.624,-2079.46
207,140,22,-4148.1021,2218.656,-2157.5901
205,140,22,-4479.854,2443.2319,-2468.908
203,140,22,-4845.2622,2691.04,-2840.3262
201,140,22,-5239.5181,2964.0159,-3285.0662
199,140,22,-5667.4302,3252.48,-3815.1479
197,140,22,-6141.0181,3564.176,-4463.0259
195,140,22,-6667.4941,3891.3599,-5258.75
193,140,22,-7275.7061,4228.2241,-6258.814
191,140,22,-8005.3203,4567.0239,-7538.9443
189,140,22,-8954.9004,4900.0161,-9248.1885
189,138,22,-9251.7939,4580.5762,-9440.5078
191,138,22,-8337.0723,4326.96,-7754.1021
193,138,22,-7618.2764,4032.688,-6467.9619
195,138,22,-7014.8721,3719.0559,-5458.2822
197,138,22,-6477.5781,3403.488,-4642.124
199,138,22,-5989.5659,3097.6001,-3976.2161
201,138,22,-5541.2202,2811.072,-3425.7
203,138,22,-5121.7222,2543.9041,-2962.9302
205,138,22,-4732.2739,2301.9041,-2571.0781
207,138,22,-4374.0781,2081.2,-2241.73
207,136,22,-4582.0239,1930.192,-2311.446
205,136,22,-4960.6543,2143.1521,-2646.804
203,136,22,-5370.5361,2379.344,-3043.4641
201,136,22,-5812.8721,2642.6399,-3517.052
199,136,22,-6280.4502,2925.2959,-4077.1841
197,136,22,-6786.4922,3231.1841,-4755.1123
195,136,22,-7324.9883,3546.752,-5574.876
193,136,22,-7916.3721,3856.512,-6589.3643
191,136,22,-8589.4922,4133.3599,-7867.0903
189,136,22,-9441.71,4325.0239,-9557.1025
189,134,22,-9573.9297,4212.7358,-9625.6162
191,134,22,-8863.5479,4024.9441,-8028.1582
193,134,22,-8242.1143,3734.5439,-6768.4619
195,134,22,-7669.9619,3405.4241,-5753.9741
197,134,22,-7126.6582,3072.4319,-4919.7861
199,134,22,-6603.7881,2754.928,-4226.2319
201,134,22,-6109.7661,2464.5281,-3648.0701
203,134,22,-5638.582,2201.2319,-3152.8459
205,134,22,-5198.6499,1966.976,-2736.9541
207,134,22,-4789.9702,1759.824,-2383.5662
207,132,22,-4981.0879,1572.032,-2444.8682
205,132,22,-5413.8081,1769.504,-2803.064
203,132,22,-5882.5879,1996.016,-3226.168
201,132,22,-6385.0239,2259.312,-3731.0081
199,132,22,-6909.0962,2553.584,-4318.7861
197,132,22,-7462.0161,2890.448,-5026.7642
195,132,22,-8025.7539,3258.2881,-5868.1641
193,132,22,-8591.8965,3647.4241,-6887.46
191,132,22,-9155.6338,4007.52,-8124.3184
189,132,22,-9734.998,4282.4321,-9682.1104
189,130,22,-10045.1143,4549.6001,-9789.0879
191,130,22,-9600.374,4092.7039,-8331.0625
193,130,22,-9064.2822,3591.28,-7102.6182
195,130,22,-8475.3018,3120.832,-6071.3022
197,130,22,-7863.4844,2698.7839,-5201.0542
199,130,22,-7264.8882,2336.752,-4470.2383
201,130,22,-6693.938,2028.928,-3854.814
203,130,22,-6145.8262,1765.632,-3329.54
205,130,22,-5636.1782,1544.928,-2881.1941
207,130,22,-5168.6001,1361.0079,-2504.968
207,128,22,-5333.2739,1124.816,-2554.25
205,128,22,-5829.7002,1291.312,-2934.082
203,128,22,-6376.6104,1496.528,-3389.6401
201,128,22,-6971.6001,1748.208,-3929.3381
199,128,22,-7602.6499,2056.032,-4563.9941
197,128,22,-8278.1738,2443.2319,-5324.8599
195,128,22,-8968.1221,2919.488,-6225.1582
193,128,22,-9646.0498,3504.1599,-7299.7461
191,128,22,-10238.6357,4197.248,-8554.6338
189,128,22,-10679.7705,4967.7759,-10028.2861
189,126,22,-11760.3682,5395.6318,-10467.0166
191,126,22,-11184.6104,4234.0317,-8939.2744
193,126,22,-10418.9365,3324.1121,-7606.2563
195,126,22,-9593.1621,2631.0239,-6469.1641
197,126,22,-8773.3984,2110.24,-5508.7661
199,126,22,-7999.3101,1717.2319,-4708.2339
201,126,22,-7281.7163,1419.088,-4037.5181
203,126,22,-6625.4243,1186.7679,-3472.5781
205,126,22,-6026.8281,1006.72,-2995.384
207,126,22,-5488.332,865.392,-2596.3201
207,124,22,-5598.916,578.864,-2623.9661
205,124,22,-6165.0581,683.408,-3025.4341
203,124,22,-6800.916,826.672,-3507.436
201,124,22,-7519.7119,1018.336,-4092.8101
199,124,22,-8317.8398,1277.76,-4786.3643
197,124,22,-9216.9365,1645.6,-5634.9761
195,124,22,-10204.9805,2160.5759,-6653.0703
193,124,22,-11283.1738,2902.064,-7898.3423
191,124,22,-12397.4287,3978.48,-9390.0244
189,124,22,-13224.4043,5558.2559,-11165.3779
189,122,22,-13855.4541,5006.4961,-11945.4766
191,122,22,-13447.9766,3262.1599,-9958.5703
193,122,22,-12223.1387,2185.7439,-8249.3262
195,122,22,-10843.2422,1498.464,-6881.4502
197,122,22,-9653.2617,1053.184,-5781.6201
199,122,22,-8633.9658,756.976,-4890.938
201,122,22,-7744.4863,559.504,-4162.5259
203,122,22,-6965.5903,423.984,-3559.1221
205,122,22,-6280.4502,329.12,-3056.686
207,122,22,-5681.854,265.232,-2639.592
207,120,22,-5710.7021,-65.824,-2635.9861
205,120,22,-6321.3184,-56.144,-3050.676
203,120,22,-7026.8921,-25.168,-3551.9102
201,120,22,-7846.6562,29.04,-4166.1318
199,120,22,-8789.0244,123.904,-4904.1602
197,120,22,-9917.7021,290.4,-5832.104
195,120,22,-11271.1543,563.376,-6988.4282
193,120,22,-12843.3701,1029.952,-8480.1104
191,120,22,-13819.3945,1815.968,-10408.1182
189,120,22,-13885.5039,3223.4399,-12629.4141
189,120,24,-13744.8701,2569.072,-12848.1787
191,120,24,-12760.4326,1527.504,-10822.8086
193,120,24,-11281.9727,902.176,-8871.9619
195,120,24,-9987.418,516.912,-7356.2402
197,120,24,-8904.416,280.72,-6171.0679
199,120,24,-7974.0684,135.52,-5220.2861
201,120,24,-7180.748,48.4,-4452.208
203,120,24,-6481.1841,-3.872,-3811.542
205,120,24,-5865.7603,-30.976,-3285.0662
207,120,24,-5324.8599,-44.528,-2841.5281
207,122,24,-5293.6079,263.296,-2843.9321
205,122,24,-5806.8623,323.312,-3270.6421
203,122,24,-6394.6401,406.56,-3788.7041
201,122,24,-7052.1343,528.528,-4410.1382
199,122,24,-7792.5659,702.768,-5161.3882
197,122,24,-8627.9561,956.384,-6074.9082
195,122,24,-9575.1318,1333.9041,-7199.98
193,122,24,-10644.9121,1897.28,-8601.5117
191,122,24,-11838.498,2758.8,-10357.6338
189,122,24,-12985.2061,4108.1919,-12326.5098
189,124,24,-11456.2627,4803.2158,-11691.8545
191,124,24,-10741.0723,3517.7119,-9873.2285
193,124,24,-9918.9043,2617.4719,-8326.2539
195,124,24,-9088.3223,1982.464,-7041.3159
197,124,24,-8298.6084,1531.376,-5983.5562
199,124,24,-7559.3779,1206.1281,-5106.0962
201,124,24,-6889.8643,969.936,-4380.0879
203,124,24,-6275.6421,795.696,-3771.876
205,124,24,-5720.3179,662.112,-3259.824
207,124,24,-5221.4883,561.44,-2830.71
207,126,24,-5113.3081,834.416,-2798.2561
205,126,24,-5574.876,964.128,-3208.1379
203,126,24,-6089.332,1130.624,-3699.7561
201,126,24,-6643.4541,1341.6479,-4282.7261
199,126,24,-7242.0503,1612.688,-4975.0781
197,126,24,-7870.6963,1965.04,-5804.458
195,126,24,-8520.9785,2427.7439,-6793.7041
193,126,24,-9146.0186,3037.584,-7971.6641
191,126,24,-9690.5244,3837.1521,-9375.6006
189,126,24,-10030.6904,4874.8481,-11029.5518
189,128,24,-9024.6162,4681.248,-10586.0146
191,128,24,-8864.75,3930.0801,-9039.04
193,128,24,-8495.7363,3283.4561,-7730.062
195,128,24,-8007.7241,2741.376,-6613.4043
197,128,24,-7475.2383,2303.8401,-5678.248
199,128,24,-6930.7319,1949.552,-4882.5239
201,128,24,-6400.6499,1666.896,-4219.02
203,128,24,-5892.2041,1432.64,-3648.0701
205,128,24,-5416.2119,1242.912,-3166.0681
207,128,24,-4977.4819,1086.0959,-2756.186
207,130,24,-4817.6162,1312.608,-2700.894
205,130,24,-5220.2861,1486.848,-3089.1401
203,130,24,-5655.4102,1692.064,-3549.5061
201,130,24,-6115.7759,1932.1279,-4091.6082
199,130,24,-6588.1621,2214.7839,-4728.668
197,130,24,-7062.9521,2553.584,-5482.3223
195,130,24,-7523.3184,2950.4639,-6385.0239
193,130,24,-7928.3921,3405.4241,-7454.8042
191,130,24,-8228.8926,3904.9119,-8739.7422
189,130,24,-8345.4863,4417.9521,-10305.9482
189,132,24,-7934.4023,4241.7759,-10188.1523
191,132,24,-7779.3442,3889.4241,-8579.876
193,132,24,-7493.2681,3500.2881,-7296.1401
195,132,24,-7124.2539,3116.96,-6240.7842
197,132,24,-6714.3721,2762.6719,-5363.3242
199,132,24,-6282.854,2445.168,-4627.7002
201,132,24,-5852.5381,2166.384,-4007.468
203,132,24,-5428.2319,1920.512,-3476.1841
205,132,24,-5026.7642,1703.6799,-3025.4341
207,132,24,-4643.3262,1517.824,-2638.3901
207,134,24,-4457.0161,1701.744,-2571.0781
205,134,24,-4804.394,1893.408,-2931.678
203,134,24,-5177.0142,2116.0481,-3361.9941
201,134,24,-5565.2603,2363.856,-3869.238
199,134,24,-5965.5259,2636.832,-4469.0361
197,134,24,-6365.792,2936.9119,-5185.4282
195,134,24,-6754.0381,3260.2239,-6041.252
193,134,24,-7117.042,3595.1521,-7091.8003
191,134,24,-7428.3604,3914.592,-8399.5762
189,134,24,-7654.3359,4187.5679,-10096.7998
189,136,24,-7439.1782,4266.9438,-10027.084
191,136,24,-7142.2842,4017.2,-8293.7998
193,136,24,-6803.3203,3722.928,-6974.0039
195,136,24,-6439.1143,3411.2319,-5923.4561
197,136,24,-6061.686,3105.344,-5071.2383
199,136,24,-5680.6523,2813.0081,-4366.8662
201,136,24,-5309.2339,2541.968,-3780.29
203,136,24,-4942.624,2294.1599,-3280.2581
205,136,24,-4595.2461,2067.6479,-2858.356
207,136,24,-4265.8979,1862.432,-2498.958
207,138,24,-4063.9622,2011.504,-2417.2219
205,138,24,-4364.4619,2216.72,-2753.782
203,138,24,-4689.002,2447.104,-3155.25
201,138,24,-5026.7642,2700.72,-3633.646
199,138,24,-5376.5459,2969.824,-4200.9902
197,138,24,-5741.9541,3260.2239,-4888.5342
195,138,24,-6113.3721,3562.24,-5722.7222
193,138,24,-6482.3862,3873.936,-6768.4619
191,138,24,-6850.1982,4175.9521,-8099.0762
189,138,24,-7193.9702,4454.7358,-9880.4404
189,140,24,-6906.6919,4702.5439,-9695.332
191,140,24,-6542.4863,4379.2319,-7936.8062
193,140,24,-6168.6641,4053.9839,-6612.2021
195,140,24,-5799.6499,3730.6719,-5578.4819
197,140,24,-5439.0503,3422.8479,-4756.314
199,140,24,-5090.4702,3126.6399,-4081.9922
201,140,24,-4759.9199,2851.728,-3527.8701
203,140,24,-4440.188,2594.24,-3059.0901
205,140,24,-4138.4858,2358.0481,-2667.238
207,140,24,-3853.6121,2143.1521,-2333.082
207,142,24,-3640.8582,2259.312,-2242.9321
205,142,24,-3900.49,2478.0801,-2554.25
203,142,24,-4180.5562,2720.0801,-2928.072
201,142,24,-4476.248,2983.376,-3372.812
199,142,24,-4787.5659,3266.032,-3904.0962
197,142,24,-5113.3081,3568.0481,-4554.3779
195,142,24,-5455.8779,3893.2959,-5352.5059
193,142,24,-5821.2861,4234.0317,-6364.5903
191,142,24,-6186.6943,4590.2559,-7665.1543
189,142,24,-6544.8901,4965.8398,-9411.6602
189,144,24,-6138.6143,5217.52,-9084.7158
191,144,24,-5800.8521,4805.1519,-7400.7144
193,144,24,-5455.8779,4417.9521,-6148.23
195,144,24,-5114.5103,4059.792,-5172.2061
197,144,24,-4787.5659,3720.9919,-4393.3101
199,144,24,-4482.2583,3403.488,-3765.866
201,144,24,-4194.98,3113.0879,-3252.6121
203,144,24,-3920.9241,2842.0481,-2819.8921
205,144,24,-3662.4941,2594.24,-2456.8879
207,144,24,-3419.6899,2365.792,-2150.3779
207,146,24,-3198.522,2454.8479,-2053.0161
205,146,24,-3417.2861,2683.2959,-2337.8901
203,146,24,-3652.8782,2938.8479,-2676.854
201,146,24,-3901.6921,3215.696,-3083.1301
199,146,24,-4167.334,3515.7759,-3572.344
197,146,24,-4448.6021,3842.96,-4172.1421
195,146,24,-4744.2939,4197.248,-4911.3721
193,146,24,-5054.4102,4582.5122,-5846.5283
191,146,24,-5377.748,4994.8799,-7059.3462
189,146,24,-5687.8643,5442.0962,-8688.0566
189,148,24,-5205.8623,5643.4399,-8258.9424
191,148,24,-4930.604,5174.9277,-6731.2002
193,148,24,-4637.3159,4741.2642,-5582.0879
195,148,24,-4359.6543,4334.7041,-4690.2041
197,148,24,-4092.8101,3964.928,-3985.832
199,148,24,-3841.592,3626.1279,-3416.084
201,148,24,-3604.7981,3318.304,-2948.5061
203,148,24,-3378.822,3031.7759,-2556.6541
205,148,24,-3164.866,2772.3521,-2228.5081
207,148,24,-2965.334,2534.2239,-1950.8461
207,150,24,-2734.55,2598.1121,-1845.0701
205,150,24,-2910.042,2836.24,-2098.6921
203,150,24,-3096.3521,3099.5359,-2402.7981
201,150,24,-3294.6821,3391.8721,-2768.2061
199,150,24,-3502.6282,3705.5039,-3202.1282
197,150,24,-3723.7961,4055.9199,-3734.614
195,150,24,-3955.782,4437.312,-4400.522
193,150,24,-4196.1821,4859.3599,-5238.3159
191,150,24,-4441.3901,5320.1279,-6323.7222
189,150,24,-4675.7803,5817.6802,-7774.5361
189,152,24,-4140.8901,5959.0078,-7294.938
191,152,24,-3946.166,5438.2241,-5952.3042
193,152,24,-3743.0281,4965.8398,-4945.0283
195,152,24,-3542.2939,4530.2397,-4157.7183
197,152,24,-3348.772,4135.2959,-3533.8801
199,152,24,-3162.4622,3777.136,-3029.04
201,152,24,-2984.5662,3453.824,-2616.7542
203,152,24,-2812.6799,3159.552,-2271.78
205,152,24,-2650.4102,2890.448,-1982.098
207,152,24,-2496.554,2644.5759,-1739.2941
207,154,24,-2262.1641,2679.4241,-1627.5081
205,154,24,-2389.5759,2923.3599,-1847.474
203,154,24,-2525.4021,3192.4639,-2110.7122
201,154,24,-2666.0361,3490.6079,-2426.8381
199,154,24,-2812.6799,3817.792,-2805.468
197,154,24,-2964.1321,4179.8242,-3269.4399
195,154,24,-3120.3921,4580.5762,-3842.7942
193,154,24,-3275.45,5023.9199,-4563.9941
191,154,24,-3428.104,5513.728,-5500.3521
189,154,24,-3569.9402,6057.7441,-6756.4419
189,156,24,-2989.374,6119.6958,-6247.9961
191,156,24,-2904.032,5560.1919,-5107.2979
193,156,24,-2803.064,5058.7681,-4249.0703
195,156,24,-2694.884,4609.6162,-3581.96
197,156,24,-2580.6941,4206.9277,-3050.676
199,156,24,-2465.302,3842.96,-2620.3601
201,156,24,-2351.1121,3515.7759,-2268.1741
203,156,24,-2239.3259,3215.696,-1972.4821
205,156,24,-2128.7419,2946.592,-1726.072
207,156,24,-2021.764,2700.72,-1516.9241
207,158,24,-1784.9701,2704.592,-1402.734
205,158,24,-1867.9081,2944.656,-1587.842
203,158,24,-1952.0481,3213.76,-1809.01
201,158,24,-2034.9861,3509.968,-2074.6521
199,158,24,-2115.52,3831.344,-2390.7781
197,158,24,-2193.6501,4193.376,-2777.822
195,158,24,-2264.5681,4594.1279,-3257.4202
193,158,24,-2323.4661,5047.1519,-3862.0261
191,158,24,-2361.9299,5550.5122,-4640.9219
189,158,24,-2370.344,6123.5679,-5677.0459
189,160,24,-1751.3141,6067.4238,-5149.3682
191,160,24,-1823.4341,5500.1758,-4229.8379
193,160,24,-1847.474,5002.624,-3531.4761
195,160,24,-1840.2621,4561.2158,-2986.97
197,160,24,-1812.6161,4166.272,-2554.25
199,160,24,-1770.546,3810.0481,-2200.8621
201,160,24,-1721.264,3492.5439,-1913.584
203,160,24,-1665.972,3200.208,-1668.376
205,160,24,-1608.276,2934.9761,-1464.036
207,160,24,-1548.176,2692.9761,-1289.746
207,162,24,-1317.392,2665.8721,-1176.7581
205,162,24,-1354.6541,2900.1279,-1325.806
203,162,24,-1388.3101,3155.6799,-1503.702
201,162,24,-1415.9561,3442.208,-1717.6581
199,162,24,-1433.9861,3750.032,-1973.6841
197,162,24,-1438.7941,4096.5762,-2283.8
195,162,24,-1425.572,4476.0317,-2664.834
193,162,24,-1383.5021,4900.0161,-3146.8359
191,162,24,-1299.3621,5374.3359,-3764.6641
189,162,24,-1137.092,5908.6719,-4582.0239
189,164,24,-597.394,5684.0962,-4074.78
191,164,24,-814.956,5213.6479,-3364.3979
193,164,24,-945.974,4778.0479,-2824.7
195,164,24,-1028.912,4377.2959,-2400.394
197,164,24,-1078.194,4013.3279,-2061.4299
199,164,24,-1107.042,3680.3359,-1786.172
201,164,24,-1119.062,3382.1919,-1557.792
203,164,24,-1117.86,3105.344,-1366.6741
205,164,24,-1109.446,2855.6001,-1204.4041
207,164,24,-1093.8201,2627.1521,-1067.376
207,166,24,-879.864,2574.8799,-959.196
205,166,24,-875.056,2789.7759,-1074.588
203,166,24,-861.834,3027.9041,-1211.616
201,166,24,-837.794,3291.2,-1375.088
199,166,24,-799.33,3577.728,-1571.014
197,166,24,-741.634,3895.2319,-1809.01
195,166,24,-661.1,4237.9038,-2098.6921
193,166,24,-545.708,4613.4878,-2466.5042
191,166,24,-385.842,5012.3042,-2935.2839
189,166,24,-152.654,5424.6719,-3568.738
189,168,24,235.592,5188.48,-3111.978
191,168,24,15.626,4812.896,-2568.6741
193,168,24,-164.674,4441.1841,-2162.3979
195,168,24,-306.51,4088.832,-1847.474
197,168,24,-415.892,3765.52,-1596.256
199,168,24,-500.032,3467.376,-1390.714
201,168,24,-563.738,3196.3359,-1222.4341
203,168,24,-613.02,2944.656,-1076.9921
205,168,24,-647.878,2716.208,-956.792
207,168,24,-671.918,2509.0559,-853.42
207,170,24,-475.992,2427.7439,-751.25
205,170,24,-435.124,2623.28,-834.188
203,170,24,-381.034,2838.176,-933.954
201,170,24,-312.52,3072.4319,-1050.548
199,170,24,-227.178,3326.0481,-1188.7781
197,170,24,-117.796,3604.832,-1358.26
195,170,24,16.828,3908.7839,-1568.61
193,170,24,183.906,4235.9678,-1831.848
191,170,24,383.438,4588.3198,-2176.822
189,170,24,615.424,4963.9038,-2650.4102
189,172,24,1006.074,4721.9038,-2230.9121
191,172,24,742.836,4359.8721,-1840.2621
193,172,24,515.658,4028.8159,-1555.3881
195,172,24,323.338,3722.928,-1336.624
197,172,24,163.472,3442.208,-1167.142
199,172,24,33.656,3184.72,-1025.306
201,172,24,-73.322,2948.5281,-908.712
203,172,24,-161.068,2727.824,-811.35
205,172,24,-233.188,2524.5439,-726.008
207,172,24,-290.884,2340.624,-655.09
207,174,24,-118.998,2241.8879,-562.536
205,174,24,-48.08,2414.1919,-616.626
203,174,24,39.666,2598.1121,-680.332
201,174,24,145.442,2799.4561,-756.058
199,174,24,269.248,3016.2881,-845.006
197,174,24,420.7,3252.48,-954.388
195,174,24,599.798,3509.968,-1087.8101
193,174,24,816.158,3788.752,-1259.696
191,174,24,1073.386,4092.7039,-1488.076
189,174,24,1382.3,4425.6958,-1809.01
189,176,24,1709.244,4110.1279,-1442.4
191,176,24,1373.886,3819.728,-1193.5861
193,176,24,1092.618,3550.624,-1018.094
195,176,24,855.824,3300.8799,-887.076
197,176,24,655.09,3068.5601,-783.704
199,176,24,486.81,2853.6641,-700.766
201,176,24,346.176,2652.3201,-629.848
203,176,24,225.976,2468.3999,-570.95
205,176,24,125.008,2298.032,-519.264
207,176,24,39.666,2139.28,-474.79
207,178,24,185.108,2028.928,-393.054
205,178,24,280.066,2170.2561,-423.104
203,178,24,393.054,2325.136,-457.962
201,178,24,525.274,2491.6321,-498.83
199,178,24,679.13,2669.7439,-545.708
197,178,24,863.036,2861.408,-602.202
195,178,24,1076.9921,3068.5601,-673.12
193,178,24,1330.614,3289.2639,-766.876
191,178,24,1629.912,3523.52,-894.288
189,178,24,1988.108,3773.2639,-1087.8101
189,180,24,2221.2961,3440.272,-775.29
191,180,24,1860.696,3233.1199,-641.868
193,180,24,1549.3781,3031.7759,-556.526
195,180,24,1282.5341,2838.176,-496.426
197,180,24,1054.1541,2660.064,-451.952
199,180,24,859.43,2489.696,-415.892
201,180,24,692.352,2330.9441,-385.842
203,180,24,548.112,2181.8721,-360.6
205,180,24,424.306,2044.416,-337.762
207,180,24,318.53,1914.704,-317.328
207,180,26,340.166,1839.2,-334.156
205,180,26,445.942,1955.36,-352.186
203,180,26,572.152,2081.2,-370.216
201,180,26,718.796,2214.7839,-390.65
199,180,26,888.278,2356.1121,-413.488
197,180,26,1089.012,2501.312,-438.73
195,180,26,1327.0081,2656.1919,-469.982
193,180,26,1609.478,2814.9441,-510.85
191,180,26,1950.8461,2977.5679,-567.344
189,180,26,2373.95,3136.3201,-651.484
189,178,26,2206.8721,3448.0159,-970.014
191,178,26,1780.162,3260.2239,-840.198
193,178,26,1442.4,3068.5601,-742.836
195,178,26,1164.738,2882.7041,-669.514
197,178,26,933.954,2704.592,-609.414
199,178,26,740.432,2536.1599,-560.132
201,178,26,576.96,2377.408,-516.86
203,178,26,437.528,2224.4639,-479.598
205,178,26,319.732,2085.072,-445.942
207,178,26,218.764,1951.488,-415.892
207,176,26,86.544,2056.032,-498.83
205,176,26,175.492,2199.2959,-539.698
203,176,26,284.874,2356.1121,-585.374
201,176,26,412.286,2522.6079,-639.464
199,176,26,564.94,2698.7839,-700.766
197,176,26,747.644,2888.512,-775.29
195,176,26,967.61,3091.792,-864.238
193,176,26,1236.858,3302.8159,-974.822
191,176,26,1569.812,3527.3921,-1120.264
189,176,26,1998.926,3757.7759,-1316.1901
189,174,26,1752.516,4052.0481,-1697.224
191,174,26,1336.624,3790.688,-1443.6021
193,174,26,1014.488,3540.9441,-1251.282
195,174,26,756.058,3302.8159,-1099.8301
197,174,26,548.112,3080.176,-978.428
199,174,26,375.024,2869.1521,-876.258
201,174,26,234.39,2671.6799,-790.916
203,174,26,116.594,2487.76,-715.19
205,174,26,20.434,2317.3921,-650.282
207,174,26,-61.302,2158.6399,-593.788
207,172,26,-221.168,2251.5679,-689.948
205,172,26,-152.654,2420.0,-757.26
203,172,26,-68.514,2603.9199,-836.592
201,172,26,34.858,2801.3921,-927.944
199,172,26,161.068,3014.3521,-1034.922
197,172,26,317.328,3242.8,-1164.738
195,172,26,510.85,3490.6079,-1323.402
193,172,26,753.654,3751.968,-1518.126
191,172,26,1061.366,4028.8159,-1769.344
189,172,26,1462.834,4321.1519,-2103.5
189,170,26,1162.334,4551.5361,-2530.21
191,170,26,775.29,4255.3281,-2139.5601
193,170,26,482.002,3959.1199,-1835.454
195,170,26,252.42,3676.4639,-1593.8521
197,170,26,74.524,3411.2319,-1399.1281
199,170,26,-67.312,3161.488,-1235.656
201,170,26,-177.896,2933.04,-1101.032
203,170,26,-266.844,2718.144,-983.236
205,170,26,-337.762,2520.6719,-883.47
207,170,26,-393.054,2336.752,-796.926
207,168,26,-572.152,2410.3201,-900.298
205,168,26,-533.688,2601.9839,-998.862
203,168,26,-479.598,2811.072,-1115.4561
201,168,26,-408.68,3039.52,-1252.484
199,168,26,-316.126,3283.4561,-1412.35
197,168,26,-193.522,3548.688,-1605.8721
195,168,26,-33.656,3833.28,-1840.2621
193,168,26,179.098,4137.2319,-2127.54
191,168,26,462.77,4452.7998,-2492.948
189,168,26,855.824,4768.3682,-2965.334
189,166,26,544.506,4989.0718,-3422.094
191,166,26,138.23,4652.208,-2898.022
193,166,26,-138.23,4313.4082,-2478.5239
195,166,26,-334.156,3988.1599,-2138.3582
197,166,26,-475.992,3686.144,-1861.8981
199,166,26,-578.162,3403.488,-1633.5181
201,166,26,-652.686,3144.064,-1441.198
203,166,26,-706.776,2904.0,-1276.524
205,166,26,-742.836,2681.3601,-1134.688
207,166,26,-765.674,2478.0801,-1015.69
207,164,26,-964.004,2528.416,-1126.274
205,164,26,-957.994,2737.5039,-1258.494
203,164,26,-942.368,2967.8879,-1414.754
201,164,26,-911.116,3219.5679,-1602.266
199,164,26,-859.43,3490.6079,-1822.2321
197,164,26,-780.098,3788.752,-2085.47
195,164,26,-662.302,4110.1279,-2405.2021
193,164,26,-488.012,4458.6079,-2795.8521
191,164,26,-227.178,4828.3838,-3283.864
189,164,26,181.502,5219.4561,-3900.49
189,162,26,-241.602,5420.7998,-4420.9561
191,162,26,-620.232,4989.0718,-3729.8062
193,162,26,-854.622,4588.3198,-3172.0781
195,162,26,-1002.468,4218.5439,-2721.3281
197,162,26,-1096.224,3881.6799,-2355.9199
199,162,26,-1150.314,3571.9199,-2054.218
201,162,26,-1179.162,3291.2,-1801.798
203,162,26,-1188.7781,3029.8401,-1586.64
205,162,26,-1186.374,2789.7759,-1401.532
207,162,26,-1173.152,2571.0081,-1247.676
207,160,26,-1388.3101,2596.176,-1363.068
205,160,26,-1421.9661,2818.8159,-1532.55
203,160,26,-1447.208,3064.688,-1734.4861
201,160,26,-1461.6321,3329.9199,-1972.4821
199,160,26,-1459.228,3620.3201,-2253.75
197,160,26,-1432.7841,3939.76,-2590.3101
195,160,26,-1372.6841,4290.1758,-3005.0
193,160,26,-1258.494,4677.376,-3518.2542
191,160,26,-1061.366,5099.4238,-4155.314
189,160,26,-723.604,5566.0,-4972.6743
189,158,26,-1212.818,5635.6958,-5518.3823
191,158,26,-1501.298,5165.248,-4620.4883
193,158,26,-1658.76,4735.4561,-3905.2981
195,158,26,-1738.092,4342.4478,-3334.3481
197,158,26,-1766.9401,3986.2239,-2870.376
199,158,26,-1765.738,3659.04,-2489.342
201,158,26,-1742.9,3362.832,-2175.6201
203,158,26,-1708.042,3089.856,-1907.574
205,158,26,-1662.3661,2838.176,-1681.598
207,158,26,-1609.478,2611.6641,-1489.2781
207,156,26,-1830.646,2609.728,-1605.8721
205,156,26,-1903.968,2836.24,-1810.212
203,156,26,-1974.886,3087.9199,-2054.218
201,156,26,-2037.39,3362.832,-2346.304
199,156,26,-2087.874,3660.9761,-2691.2781
197,156,26,-2120.3281,3990.0959,-3109.574
195,156,26,-2125.136,4352.1279,-3620.4241
193,156,26,-2084.2681,4749.0078,-4252.6763
191,156,26,-1966.472,5178.7998,-5050.8042
189,156,26,-1712.85,5651.1841,-6083.3223
189,154,26,-2181.6301,5610.5278,-6609.7983
191,154,26,-2401.5959,5159.4399,-5507.564
193,154,26,-2484.5339,4735.4561,-4637.3159
195,154,26,-2495.3521,4342.4478,-3942.5601
197,154,26,-2460.4941,3982.3521,-3386.0342
199,154,26,-2400.394,3653.2319,-2926.8701
201,154,26,-2324.668,3353.1521,-2547.0381
203,154,26,-2238.124,3076.304,-2226.104
205,154,26,-2147.9741,2824.624,-1955.6541
207,154,26,-2054.218,2594.24,-1724.87
207,152,26,-2276.5881,2561.3279,-1839.0601
205,152,26,-2390.7781,2787.8401,-2079.46
203,152,26,-2506.1702,3037.584,-2365.5361
201,152,26,-2617.9561,3312.4961,-2709.3081
199,152,26,-2721.3281,3608.7041,-3115.584
197,152,26,-2811.478,3935.8879,-3607.2021
195,152,26,-2877.5881,4290.1758,-4207.0
193,152,26,-2900.426,4677.376,-4957.0479
191,152,26,-2847.5381,5089.7441,-5905.4263
189,152,26,-2649.208,5533.0879,-7133.8701
189,150,26,-3081.928,5424.6719,-7624.2861
191,150,26,-3261.0261,5004.5601,-6340.5503
193,150,26,-3289.874,4603.8081,-5330.8701
195,150,26,-3240.592,4226.2881,-4525.5303
197,150,26,-3150.4421,3875.8721,-3875.248
199,150,26,-3036.252,3554.4961,-3346.3682
201,150,26,-2908.8401,3264.0959,-2908.8401
203,150,26,-2774.2161,2993.0559,-2537.4221
205,150,26,-2638.3901,2743.312,-2223.7
207,150,26,-2503.7661,2516.8,-1958.058
207,148,26,-2721.3281,2454.8479,-2067.4399
205,148,26,-2876.386,2677.488,-2341.4961
203,148,26,-3033.8481,2923.3599,-2669.6421
201,148,26,-3192.512,3188.592,-3059.0901
199,148,26,-3342.762,3475.1199,-3519.4561
197,148,26,-3487.002,3788.752,-4079.5881
195,148,26,-3607.2021,4127.5518,-4767.1323
193,148,26,-3684.1301,4493.4561,-5626.562
191,148,26,-3676.918,4880.6558,-6705.958
189,148,26,-3509.8401,5287.2158,-8095.4702
189,146,26,-3900.49,5124.5918,-8524.584
191,146,26,-4059.1541,4743.2002,-7093.002
193,146,26,-4048.3362,4371.4878,-5955.9102
195,146,26,-3954.5801,4019.136,-5056.814
197,146,26,-3813.946,3691.9519,-4333.21
199,146,26,-3650.4741,3386.064,-3737.0181
201,146,26,-3477.386,3105.344,-3246.6021
203,146,26,-3297.0862,2843.9839,-2830.71
205,146,26,-3119.1899,2603.9199,-2479.7261
207,146,26,-2943.698,2383.2161,-2179.2261
207,144,26,-3152.8459,2296.0959,-2280.1941
205,144,26,-3345.166,2509.0559,-2585.502
203,144,26,-3541.092,2743.312,-2944.9001
201,144,26,-3741.8262,3000.8,-3378.822
199,144,26,-3937.752,3273.7759,-3887.2681
197,144,26,-4122.8599,3571.9199,-4507.5
195,144,26,-4283.9282,3887.488,-5261.1543
193,144,26,-4402.9263,4224.3521,-6197.5122
191,144,26,-4429.3701,4576.7041,-7385.0879
189,144,26,-4276.7163,4942.6079,-8908.0225
189,142,26,-4627.7002,4747.0718,-9249.3906
191,142,26,-4775.5459,4406.3359,-7713.2344
193,142,26,-4739.4863,4073.344,-6498.0122
195,142,26,-4614.478,3750.032,-5526.7959
197,142,26,-4436.582,3444.144,-4738.2842
199,142,26,-4232.2422,3153.7439,-4091.6082
201,142,26,-4018.2861,2886.5759,-3555.5161
203,142,26,-3798.3201,2636.832,-3099.958
205,142,26,-3580.7581,2406.448,-2714.116
207,142,26,-3368.0042,2195.4241,-2384.7681
207,140,26,-3563.9302,2083.136,-2472.5142
205,140,26,-3793.512,2286.416,-2806.6702
203,140,26,-4030.3062,2512.928,-3203.3301
201,140,26,-4270.7061,2758.8,-3670.908
199,140,26,-4505.0962,3022.0959,-4223.8281
197,140,26,-4726.2642,3304.752,-4888.5342
195,140,26,-4919.7861,3602.896,-5691.4702
193,140,26,-5062.8242,3914.592,-6689.1299
191,140,26,-5104.894,4232.0962,-7933.2002
189,140,26,-4958.25,4553.4722,-9529.4561
189,138,26,-5250.3359,4369.5518,-9751.8262
191,138,26,-5409.0,4073.344,-8183.2163
193,138,26,-5372.9399,3767.4561,-6933.1362
195,138,26,-5232.3062,3457.696,-5919.8501
197,138,26,-5029.168,3163.4241,-5094.0762
199,138,26,-4793.5762,2880.7681,-4410.1382
201,138,26,-4539.9541,2619.408,-3835.582
203,138,26,-4281.5239,2377.408,-3343.9641
205,138,26,-4023.094,2156.7041,-2928.072
207,138,26,-3770.6741,1957.296,-2573.4819
207,136,26,-3956.9841,1817.9039,-2655.218
205,136,26,-4227.4341,2009.568,-3015.8181
203,136,26,-4507.5,2224.4639,-3440.124
201,136,26,-4788.7681,2464.5281,-3941.3582
199,136,26,-5061.6221,2723.9519,-4527.9341
197,136,26,-5318.8501,3008.5439,-5228.7002
195,136,26,-5537.6143,3310.5601,-6064.0903
193,136,26,-5685.46,3622.2559,-7080.9819
191,136,26,-5719.1162,3933.9519,-8335.8701
189,136,26,-5540.0181,4235.9678,-9916.5
189,134,26,-5834.5083,4174.0161,-10043.9121
191,134,26,-6036.4443,3844.896,-8534.2002
193,134,26,-6013.606,3504.1599,-7294.938
195,134,26,-5859.75,3169.2319,-6272.0361
197,134,26,-5628.9663,2851.728,-5417.4141
199,134,26,-5353.708,2559.3921,-4698.6182
201,134,26,-5056.814,2296.0959,-4091.6082
203,134,26,-4750.3042,2057.968,-3568.738
205,134,26,-4444.9961,1846.944,-3122.7961
207,134,26,-4149.3042,1659.152,-2738.156
207,132,26,-4319.9883,1484.912,-2807.8721
205,132,26,-4634.9121,1661.088,-3193.7141
203,132,26,-4965.4619,1864.368,-3649.272
201,132,26,-5302.022,2100.5601,-4185.3643
199,132,26,-5628.9663,2365.792,-4806.7979
197,132,26,-5936.6782,2669.7439,-5538.8159
195,132,26,-6197.5122,3008.5439,-6404.2563
193,132,26,-6377.812,3384.1279,-7443.9863
191,132,26,-6409.064,3781.0081,-8674.834
189,132,26,-6196.3101,4195.312,-10178.5361
189,130,26,-6679.5142,4286.3042,-10370.8564
191,130,26,-6873.0361,3757.7759,-8933.2646
193,130,26,-6806.9263,3269.9041,-7686.79
195,130,26,-6591.7681,2838.176,-6629.0303
197,130,26,-6285.2583,2466.4639,-5729.9341
199,130,26,-5935.4761,2147.0239,-4969.0679
201,130,26,-5570.0679,1877.92,-4322.3921
203,130,26,-5197.4482,1647.536,-3763.4622
205,130,26,-4833.2422,1452.0,-3283.864
207,130,26,-4488.2681,1285.504,-2875.1841
207,128,26,-4634.9121,1068.672,-2929.2742
205,128,26,-5002.7241,1215.808,-3341.5601
203,128,26,-5396.98,1395.856,-3828.3701
201,128,26,-5811.6699,1616.5599,-4404.1279
199,128,26,-6226.3604,1877.92,-5071.2383
197,128,26,-6643.4541,2205.104,-5868.1641
195,128,26,-7019.6802,2601.9839,-6797.3101
193,128,26,-7320.1802,3095.6641,-7905.5542
191,128,26,-7471.6323,3688.0801,-9188.0879
189,128,26,-7368.2603,4388.9121,-10684.5781
189,126,26,-8267.3564,4406.3359,-11160.5703
191,126,26,-8214.4678,3523.52,-9594.3643
193,126,26,-7917.5742,2830.4319,-8221.6797
195,126,26,-7501.6821,2294.1599,-7052.1343
197,126,26,-7026.8921,1883.728,-6064.0903
199,126,26,-6538.8799,1564.288,-5228.7002
201,126,26,-6059.2822,1312.608,-4521.9243
203,126,26,-5598.916,1115.136,-3922.126
205,126,26,-5168.6001,956.384,-3412.478
207,126,26,-4765.9302,828.608,-2979.7581
207,124,26,-4865.6963,565.312,-3008.606
205,124,26,-5287.5981,660.176,-3442.5281
203,124,26,-5750.3682,786.016,-3956.9841
201,124,26,-6257.6123,948.64,-4576.0142
199,124,26,-6793.7041,1163.536,-5303.2241
197,124,26,-7369.4619,1453.936,-6179.4819
195,124,26,-7958.4424,1843.072,-7224.02
193,124,26,-8551.0283,2379.344,-8492.1299
191,124,26,-9078.7061,3120.832,-10012.6602
189,124,26,-9433.2959,4154.6558,-11736.3281
189,122,26,-10701.4063,3442.208,-12313.2881
191,122,26,-9976.6006,2418.064,-10511.4902
193,122,26,-9192.8965,1726.912,-8825.084
195,122,26,-8428.4238,1250.656,-7451.1982
197,122,26,-7712.0322,923.472,-6334.54
199,122,26,-7053.3359,696.96,-5415.0103
201,122,26,-6446.3262,538.208,-4654.144
203,122,26,-5894.6079,423.984,-4015.8821
205,122,26,-5394.5762,342.672,-3479.79
207,122,26,-4942.624,282.656,-3030.2419
207,120,26,-4969.0679,-17.424,-3026.636
205,120,26,-5429.4341,-1.936,-3468.9722
203,120,26,-5947.4961,25.168,-4002.6602
201,120,26,-6535.2739,73.568,-4650.5381
199,120,26,-7180.748,152.944,-5419.8179
197,120,26,-7912.7661,280.72,-6364.5903
195,120,26,-8737.3379,480.128,-7530.5303
193,120,26,-9674.8984,797.632,-9000.5762
191,120,26,-10720.6387,1285.504,-10857.666
189,120,26,-11875.7598,2057.968,-12766.4424
189,120,28,-9329.9238,1641.728,-12289.248
191,120,28,-8754.166,1084.16,-10513.8945
193,120,28,-8127.9243,706.64,-8862.3457
195,120,28,-7505.2881,449.152,-7510.0962
197,120,28,-6915.106,280.72,-6412.6699
199,120,28,-6363.3882,168.432,-5503.958
201,120,28,-5856.144,96.8,-4756.314
203,120,28,-5384.96,50.336,-4118.0522
205,120,28,-4953.4419,21.296,-3585.5662
207,120,28,-4560.3882,3.872,-3132.4121
207,122,28,-4531.54,280.72,-3132.4121
205,122,28,-4904.1602,334.928,-3569.9402
203,122,28,-5314.042,410.432,-4094.012
201,122,28,-5755.1763,513.04,-4714.2441
199,122,28,-6227.562,648.56,-5445.0601
197,122,28,-6723.9883,840.224,-6322.52
195,122,28,-7232.4341,1113.2,-7374.27
193,122,28,-7736.0723,1494.592,-8644.7842
191,122,28,-8190.4282,2032.8,-10177.334
189,122,28,-8519.7764,2791.7119,-11882.9727
189,124,28,-7585.8223,3529.3279,-11391.3545
191,124,28,-7512.5,2723.9519,-9808.3203
193,124,28,-7248.0601,2121.856,-8427.2217
195,124,28,-6881.4502,1672.704,-7245.6562
197,124,28,-6466.7603,1339.712,-6247.9961
199,124,28,-6038.8481,1088.032,-5396.98
201,124,28,-5620.5522,898.304,-4689.002
203,124,28,-5208.2661,753.104,-4077.1841
205,124,28,-4824.8281,638.88,-3560.324
207,124,28,-4466.6323,549.824,-3119.1899
207,126,28,-4371.6743,795.696,-3084.332
205,126,28,-4702.2241,911.856,-3505.032
203,126,28,-5054.4102,1055.12,-4001.458
201,126,28,-5419.8179,1233.2319,-4585.6299
199,126,28,-5787.6299,1455.8719,-5267.1641
197,126,28,-6148.23,1734.656,-6067.6963
195,126,28,-6472.77,2090.8799,-7005.2563
193,126,28,-6713.1699,2553.584,-8099.0762
191,126,28,-6815.3403,3142.1279,-9365.9844
189,126,28,-6675.9082,3889.4241,-10787.9502
189,128,28,-5898.2139,4026.8799,-10327.584
191,128,28,-6183.0879,3389.936,-9031.8281
193,128,28,-6207.1279,2859.4719,-7864.686
195,128,28,-6065.292,2418.064,-6829.7642
197,128,28,-5828.498,2063.7759,-5942.688
199,128,28,-5534.0083,1769.504,-5174.6099
201,128,28,-5216.6802,1531.376,-4519.52
203,128,28,-4888.5342,1330.032,-3948.5701
205,128,28,-4563.9941,1163.536,-3460.5581
207,128,28,-4253.8779,1026.08,-3039.8582
207,130,28,-4114.4463,1235.168,-2979.7581
205,130,28,-4396.916,1386.176,-3376.418
203,130,28,-4687.8003,1568.16,-3845.198
201,130,28,-4977.4819,1777.248,-4388.502
199,130,28,-5251.5381,2025.056,-5012.3403
197,130,28,-5489.5342,2315.4561,-5741.9541
195,130,28,-5669.834,2656.1919,-6592.9702
193,130,28,-5738.3481,3053.072,-7573.8022
191,130,28,-5632.5723,3513.8401,-8697.6719
189,130,28,-5251.5381,4040.4319,-9952.5605
189,132,28,-4749.1021,4034.624,-9712.1602
191,132,28,-5181.8223,3604.832,-8481.3125
193,132,28,-5334.4761,3207.9519,-7388.6943
195,132,28,-5311.6382,2851.728,-6435.5083
197,132,28,-5183.0239,2530.3521,-5614.542
199,132,28,-4984.6938,2247.696,-4902.958
201,132,28,-4747.8999,1997.952,-4294.7461
203,132,28,-4488.2681,1781.12,-3764.6641
205,132,28,-4223.8281,1589.4559,-3306.7021
207,132,28,-3960.5901,1422.96,-2913.6479
207,134,28,-3795.916,1593.328,-2835.5181
205,134,28,-4032.71,1765.632,-3205.7341
203,134,28,-4271.9082,1963.104,-3640.8582
201,134,28,-4502.6919,2183.8081,-4148.1021
199,134,28,-4710.6382,2431.616,-4733.4761
197,134,28,-4877.7163,2704.592,-5417.4141
195,134,28,-4978.6841,3006.6079,-6213.1382
193,134,28,-4969.0679,3331.856,-7147.0923
191,134,28,-4787.5659,3682.272,-8239.71
189,134,28,-4329.604,4046.24,-9492.1943
189,136,28,-3991.842,4102.3838,-9323.9141
191,136,28,-4451.0059,3779.072,-8073.834
193,136,28,-4644.5283,3463.5039,-6995.6401
195,136,28,-4672.1743,3155.6799,-6071.3022
197,136,28,-4594.0439,2867.2161,-5286.396
199,136,28,-4451.0059,2598.1121,-4615.6802
201,136,28,-4268.3022,2352.24,-4045.9321
203,136,28,-4061.5581,2127.6641,-3549.5061
205,136,28,-3845.198,1924.384,-3122.7961
207,136,28,-3626.4341,1742.4,-2756.186
207,138,28,-3446.134,1877.92,-2666.0361
205,138,28,-3643.262,2063.7759,-3008.606
203,138,28,-3837.9861,2270.928,-3414.8821
201,138,28,-4024.2961,2499.376,-3887.2681
199,138,28,-4186.5659,2743.312,-4436.582
197,138,28,-4311.5742,3010.48,-5084.46
195,138,28,-4378.8862,3291.2,-5850.1343
193,138,28,-4341.624,3589.344,-6757.644
191,138,28,-4144.4961,3893.2959,-7838.2422
189,138,28,-3682.928,4203.0562,-9113.5645
189,140,28,-3386.0342,4336.6401,-8887.5879
191,140,28,-3839.188,4030.752,-7644.7202
193,140,28,-4041.124,3728.7361,-6579.748
195,140,28,-4088.002,3430.592,-5684.2583
197,140,28,-4038.72,3149.8721,-4936.6143
199,140,28,-3930.54,2884.6399,-4301.958
201,140,28,-3787.502,2636.832,-3768.27
203,140,28,-3619.2222,2404.512,-3304.2981
205,140,28,-3441.3262,2193.488,-2908.8401
207,140,28,-3261.0261,2001.824,-2571.0781
207,142,28,-3071.1101,2108.304,-2471.312
205,142,28,-3232.178,2303.8401,-2787.438
203,142,28,-3390.842,2518.7361,-3161.26
201,142,28,-3537.4861,2752.9919,-3599.99
199,142,28,-3666.1001,3002.7361,-4109.6382
197,142,28,-3761.0581,3273.7759,-4717.8501
195,142,28,-3799.522,3556.4319,-5440.252
193,142,28,-3747.8362,3858.448,-6312.9043
191,142,28,-3544.698,4166.272,-7355.0381
189,142,28,-3086.7361,4479.9038,-8600.3105
189,144,28,-2776.6201,4630.9121,-8284.1846
191,144,28,-3227.3701,4309.5361,-7094.2041
193,144,28,-3436.5181,3993.968,-6085.7261
195,144,28,-3502.6282,3688.0801,-5246.73
197,144,28,-3480.9919,3397.6799,-4545.9639
199,144,28,-3402.8621,3122.7681,-3956.9841
201,144,28,-3293.48,2867.2161,-3464.1641
203,144,28,-3163.6641,2627.1521,-3041.0601
205,144,28,-3021.8281,2408.384,-2678.0562
207,144,28,-2875.1841,2205.104,-2366.738
207,146,28,-2679.2581,2286.416,-2258.5581
205,146,28,-2805.468,2489.696,-2545.8359
203,146,28,-2930.4761,2714.272,-2886.002
201,146,28,-3041.0601,2956.272,-3283.864
199,146,28,-3133.614,3215.696,-3749.0381
197,146,28,-3196.1182,3494.48,-4305.564
195,146,28,-3205.7341,3790.688,-4970.27
193,146,28,-3132.4121,4108.1919,-5775.6099
191,146,28,-2917.2542,4435.376,-6745.624
189,146,28,-2462.8979,4772.2397,-7910.3623
189,148,28,-2133.55,4901.9521,-7518.5103
191,148,28,-2577.0881,4559.2798,-6427.0942
193,148,28,-2800.6602,4222.416,-5507.564
195,148,28,-2893.2141,3897.168,-4738.2842
197,148,28,-2900.426,3591.28,-4106.0322
199,148,28,-2859.5581,3306.688,-3578.354
201,148,28,-2786.2361,3043.3921,-3133.614
203,148,28,-2691.2781,2797.52,-2751.3779
205,148,28,-2585.502,2567.136,-2426.8381
207,148,28,-2472.5142,2358.0481,-2145.5701
207,150,28,-2269.376,2412.2561,-2030.178
205,150,28,-2363.1321,2621.344,-2286.2041
203,150,28,-2450.8779,2851.728,-2586.7041
201,150,28,-2526.604,3101.4719,-2940.092
199,150,28,-2581.896,3368.6399,-3354.782
197,150,28,-2605.936,3659.04,-3847.6021
195,150,28,-2580.6941,3968.8,-4440.188
193,150,28,-2474.918,4301.792,-5156.5801
191,150,28,-2242.9321,4650.272,-6025.626
189,150,28,-1798.192,5008.4321,-7064.1543
189,152,28,-1441.198,5093.6162,-6611.0
191,152,28,-1884.7361,4731.584,-5659.0161
193,152,28,-2127.54,4375.3599,-4853.6763
195,152,28,-2251.3459,4038.4961,-4185.3643
197,152,28,-2297.022,3722.928,-3631.2422
199,152,28,-2293.416,3428.656,-3166.0681
201,152,28,-2259.76,3155.6799,-2776.6201
203,152,28,-2204.468,2904.0,-2441.262
205,152,28,-2135.9541,2671.6799,-2153.9841
207,152,28,-2060.228,2458.72,-1911.1801
207,154,28,-1853.484,2487.76,-1788.576
205,154,28,-1911.1801,2696.8479,-2008.542
203,154,28,-1960.462,2929.168,-2265.77
201,154,28,-1997.724,3182.7839,-2571.0781
199,154,28,-2010.946,3453.824,-2928.072
197,154,28,-1991.714,3750.032,-3353.5801
195,154,28,-1925.604,4067.5359,-3860.824
193,154,28,-1783.7681,4410.208,-4473.8442
191,154,28,-1525.338,4772.2397,-5215.478
189,154,28,-1074.588,5147.8237,-6102.5542
189,156,28,-694.756,5172.9922,-5616.9463
191,156,28,-1152.718,4791.6001,-4820.02
193,156,28,-1429.178,4427.6318,-4149.3042
195,156,28,-1592.65,4086.896,-3590.374
197,156,28,-1682.8,3769.3921,-3122.7961
199,156,28,-1722.4661,3473.1841,-2729.7419
201,156,28,-1729.678,3202.144,-2400.394
203,156,28,-1715.254,2948.5281,-2117.9241
205,156,28,-1685.204,2716.208,-1875.12
207,156,28,-1643.134,2505.1841,-1664.77
207,158,28,-1438.7941,2505.1841,-1539.7621
205,158,28,-1462.834,2714.272,-1723.6681
203,158,28,-1474.854,2942.72,-1938.826
201,158,28,-1470.046,3190.5281,-2191.2461
199,158,28,-1442.4,3457.696,-2486.938
197,158,28,-1379.896,3748.0959,-2839.124
195,158,28,-1269.312,4061.728,-3256.218
193,158,28,-1083.0021,4402.4639,-3759.856
191,158,28,-786.108,4766.4321,-4362.0581
189,158,28,-312.52,5147.8237,-5076.0459
189,160,28,72.12,5078.1279,-4570.0039
191,160,28,-414.69,4710.2881,-3953.3782
193,160,28,-732.018,4356.0,-3423.2961
195,160,28,-941.166,4024.9441,-2974.95
197,160,28,-1075.79,3719.0559,-2602.3301
199,160,28,-1159.9301,3434.4639,-2285.002
201,160,28,-1209.212,3171.168,-2016.9561
203,160,28,-1234.454,2927.2319,-1786.172
205,160,28,-1240.464,2700.72,-1587.842
207,160,28,-1233.2521,2493.5679,-1415.9561
207,162,28,-1037.326,2468.3999,-1292.15
205,162,28,-1026.5081,2667.8081,-1438.7941
203,162,28,-1003.67,2886.5759,-1611.8821
201,162,28,-960.398,3122.7681,-1813.818
199,162,28,-893.086,3376.384,-2048.208
197,162,28,-788.512,3651.2959,-2324.668
195,162,28,-633.454,3945.5679,-2650.4102
193,162,28,-405.074,4263.0718,-3041.0601
191,162,28,-68.514,4596.064,-3500.2241
189,162,28,433.922,4948.416,-4038.72
189,164,28,766.876,4778.0479,-3563.9302
191,164,28,262.036,4462.48,-3110.7761
193,164,28,-85.342,4152.7202,-2715.3181
195,164,28,-330.55,3854.5759,-2376.354
197,164,28,-503.638,3573.856,-2091.48
199,164,28,-628.646,3308.624,-1847.474
201,164,28,-715.19,3064.688,-1640.73
203,164,28,-776.492,2836.24,-1460.4301
205,164,28,-817.36,2625.2161,-1304.17
207,164,28,-842.602,2429.6799,-1170.748
207,166,28,-659.898,2379.344,-1051.75
205,166,28,-619.03,2565.2,-1163.536
203,166,28,-563.738,2764.6079,-1293.3521
201,166,28,-486.81,2981.4399,-1446.006
199,166,28,-382.236,3215.696,-1622.7001
197,166,28,-242.804,3463.5039,-1829.4441
195,166,28,-56.494,3728.7361,-2072.248
193,166,28,201.936,4007.52,-2358.324
191,166,28,552.92,4292.1118,-2697.2881
189,166,28,1055.3561,4576.7041,-3090.342
189,168,28,1314.988,4377.2959,-2670.844
191,168,28,832.986,4121.7441,-2342.698
193,168,28,477.194,3858.448,-2056.6221
195,168,28,210.35,3597.0879,-1813.818
197,168,28,9.616,3349.28,-1608.276
199,168,28,-145.442,3115.0239,-1432.7841
201,168,28,-264.44,2894.3201,-1282.5341
203,168,28,-355.792,2687.168,-1150.314
205,168,28,-427.912,2497.4399,-1036.124
207,168,28,-480.8,2317.3921,-937.56
207,170,28,-314.924,2245.76,-825.774
205,170,28,-248.814,2412.2561,-905.106
203,170,28,-164.674,2592.304,-997.66
201,170,28,-60.1,2783.968,-1102.234
199,170,28,72.12,2989.1841,-1223.636
197,170,28,237.996,3207.9519,-1365.472
195,170,28,449.548,3436.3999,-1532.55
193,170,28,723.604,3678.3999,-1732.082
191,170,28,1078.194,3924.272,-1965.27
189,170,28,1555.3881,4166.272,-2242.9321
189,172,28,1786.172,3947.5039,-1853.484
191,172,28,1316.1901,3722.928,-1639.5281
193,172,28,957.994,3496.416,-1455.6221
195,172,28,676.726,3275.7119,-1298.16
197,172,28,454.356,3062.752,-1164.738
199,172,28,277.662,2859.4719,-1050.548
201,172,28,134.624,2671.6799,-951.984
203,172,28,16.828,2491.6321,-864.238
205,172,28,-79.332,2321.2639,-787.31
207,172,28,-157.462,2164.448,-719.998
207,174,28,-9.616,2073.4561,-616.626
205,174,28,76.928,2218.656,-667.11
203,174,28,182.704,2371.6001,-723.604
201,174,28,310.116,2538.0959,-788.512
199,174,28,462.77,2710.3999,-860.632
197,174,28,650.282,2892.384,-944.772
195,174,28,877.46,3085.9839,-1043.3361
193,174,28,1164.738,3287.3279,-1158.728
191,174,28,1526.54,3490.6079,-1295.756
189,174,28,1997.724,3695.824,-1453.218
189,176,28,2179.2261,3434.4639,-1109.446
191,176,28,1716.4561,3262.1599,-1009.68
193,176,28,1354.6541,3082.1121,-918.328
195,176,28,1063.77,2904.0,-838.996
197,176,28,828.178,2733.6321,-770.482
199,176,28,632.252,2567.136,-710.382
201,176,28,469.982,2408.384,-656.292
203,176,28,334.156,2257.376,-607.01
205,176,28,218.764,2114.1121,-562.536
207,176,28,122.604,1980.528,-524.072
207,178,28,247.612,1877.92,-432.72
205,178,28,349.782,1996.016,-456.76
203,178,28,472.386,2123.792,-484.406
201,178,28,615.424,2259.312,-514.456
199,178,28,783.704,2398.7041,-545.708
197,178,28,983.236,2545.8401,-580.566
195,178,28,1222.4341,2696.8479,-620.232
193,178,28,1514.52,2851.728,-664.706
191,178,28,1872.7161,3002.7361,-713.988
189,178,28,2327.072,3146.0,-764.472
189,180,28,2444.8682,2863.344,-471.184
191,180,28,2012.1481,2751.0559,-465.174
193,180,28,1658.76,2625.2161,-451.952
195,180,28,1367.876,2495.5039,-438.73
197,180,28,1125.072,2365.792,-423.104
199,180,28,920.732,2238.0159,-408.68
201,180,28,746.442,2114.1121,-394.256
203,180,28,597.394,1994.08,-377.428
205,180,28,468.78,1879.856,-363.004
207,180,28,359.398,1773.376,-347.378
207,180,30,375.024,1690.1281,-352.186
205,180,30,483.204,1786.928,-361.802
203,180,30,610.616,1887.6,-371.418
201,180,30,757.26,1992.144,-377.428
199,180,30,927.944,2096.688,-381.034
197,180,30,1129.88,2205.104,-381.034
195,180,30,1367.876,2311.584,-373.822
193,180,30,1651.548,2412.2561,-358.196
191,180,30,1991.714,2507.1199,-324.54
189,180,30,2402.7981,2582.624,-263.238
189,178,30,2330.678,2840.1121,-532.486
191,178,30,1901.5641,2741.376,-562.536
193,178,30,1550.5801,2627.1521,-566.142
195,178,30,1259.696,2503.248,-557.728
197,178,30,1019.296,2377.408,-540.9
199,178,30,817.36,2251.5679,-521.668
201,178,30,649.08,2131.5359,-500.032
203,178,30,502.436,2011.504,-478.396
205,178,30,379.832,1897.28,-455.558
207,178,30,276.46,1788.864,-433.922
207,176,30,164.674,1883.728,-522.87
205,176,30,262.036,2001.824,-554.122
203,176,30,379.832,2127.6641,-590.182
201,176,30,518.062,2259.312,-627.444
199,176,30,683.938,2396.7681,-667.11
197,176,30,882.268,2540.032,-707.978
195,176,30,1121.4661,2683.2959,-750.048
193,176,30,1414.754,2826.5601,-789.714
191,176,30,1775.354,2965.9519,-822.168
189,176,30,2226.104,3093.728,-834.188
189,174,30,2102.2981,3335.728,-1157.526
191,174,30,1639.5281,3186.656,-1108.244
193,174,30,1271.7161,3025.968,-1040.932
195,174,30,976.024,2861.408,-971.216
197,174,30,738.028,2700.72,-901.5
199,174,30,540.9,2541.968,-837.794
201,174,30,381.034,2390.96,-777.694
203,174,30,246.41,2243.824,-721.2
205,174,30,134.624,2104.4319,-670.716
207,174,30,42.07,1972.7839,-623.838
207,172,30,-91.352,2056.032,-723.604
205,172,30,-7.212,2197.3601,-781.3
203,172,30,96.16,2346.4319,-847.41
201,172,30,223.572,2505.1841,-920.732
199,172,30,376.226,2671.6799,-1001.266
197,172,30,566.142,2843.9839,-1091.416
195,172,30,801.734,3024.032,-1189.98
193,172,30,1096.224,3209.8879,-1296.958
191,172,30,1470.046,3389.936,-1408.744
189,172,30,1947.24,3562.24,-1509.712
189,170,30,1778.9601,3769.3921,-1876.322
191,170,30,1293.3521,3583.5359,-1738.092
193,170,30,915.924,3384.1279,-1589.0441
195,170,30,619.03,3184.72,-1446.006
197,170,30,387.044,2989.1841,-1316.1901
199,170,30,203.138,2799.4561,-1197.192
201,170,30,57.696,2619.408,-1092.618
203,170,30,-62.504,2449.04,-997.66
205,170,30,-158.664,2286.416,-912.318
207,170,30,-234.39,2133.4719,-834.188
207,168,30,-385.842,2199.2959,-942.368
205,168,30,-320.934,2358.0481,-1032.5181
203,168,30,-235.592,2530.3521,-1133.486
201,168,30,-128.614,2714.272,-1247.676
199,168,30,8.414,2905.936,-1377.4921
197,168,30,185.108,3109.2161,-1521.7321
195,168,30,409.882,3320.24,-1686.406
193,168,30,703.17,3539.0081,-1867.9081
191,168,30,1086.608,3755.8401,-2063.834
189,168,30,1587.842,3961.0559,-2257.356
189,166,30,1389.5121,4144.9761,-2657.6221
191,166,30,873.854,3920.3999,-2424.4341
193,166,30,486.81,3688.0801,-2188.842
195,166,30,195.926,3453.824,-1970.078
197,166,30,-24.04,3227.312,-1770.546
199,166,30,-191.118,3010.48,-1592.65
201,166,30,-319.732,2805.2639,-1436.39
203,166,30,-417.094,2611.6641,-1296.958
205,166,30,-490.416,2429.6799,-1173.152
207,166,30,-546.91,2259.312,-1064.972
207,164,30,-713.988,2305.7759,-1181.566
205,164,30,-671.918,2481.9519,-1302.968
203,164,30,-611.818,2669.7439,-1442.4
201,164,30,-527.678,2874.96,-1603.468
199,164,30,-412.286,3089.856,-1784.9701
197,164,30,-257.228,3318.304,-1992.916
195,164,30,-48.08,3558.3679,-2228.5081
193,164,30,239.198,3808.1121,-2492.948
191,164,30,626.242,4063.6641,-2782.6301
189,164,30,1157.526,4315.3437,-3079.5242
189,162,30,907.51,4464.416,-3524.2642
191,162,30,375.024,4193.376,-3180.4919
193,162,30,-13.222,3920.3999,-2840.3262
195,162,30,-293.288,3653.2319,-2530.21
197,162,30,-494.022,3399.616,-2257.356
199,162,30,-637.06,3161.488,-2014.552
201,162,30,-739.23,2936.9119,-1803.0
203,162,30,-811.35,2723.9519,-1616.6901
205,162,30,-859.43,2526.48,-1452.016
207,162,30,-890.682,2342.5601,-1308.978
207,160,30,-1072.184,2365.792,-1430.38
205,160,30,-1055.3561,2553.584,-1587.842
203,160,30,-1022.902,2756.864,-1769.344
201,160,30,-966.408,2973.696,-1978.4921
199,160,30,-879.864,3206.0159,-2216.488
197,160,30,-751.25,3453.824,-2489.342
195,160,30,-566.142,3717.1199,-2806.6702
193,160,30,-295.692,3995.9041,-3166.0681
191,160,30,85.342,4286.3042,-3567.5361
189,160,30,625.04,4578.6401,-3994.2461
189,158,30,338.964,4650.272,-4461.8242
191,158,30,-198.33,4350.1919,-3983.428
193,158,30,-573.354,4053.9839,-3526.668
195,158,30,-831.784,3765.52,-3117.988
197,158,30,-1003.67,3494.48,-2759.792
199,158,30,-1119.062,3238.928,-2450.8779
201,158,30,-1191.182,3002.7361,-2181.6301
203,158,30,-1234.454,2778.1599,-1944.8361
205,158,30,-1253.686,2571.0081,-1739.2941
207,158,30,-1256.09,2379.344,-1560.196
207,156,30,-1443.6021,2377.408,-1682.8
205,156,30,-1456.824,2569.072,-1875.12
203,156,30,-1454.42,2778.1599,-2097.49
201,156,30,-1429.178,3004.6719,-2354.718
199,156,30,-1372.6841,3246.6719,-2651.6121
197,156,30,-1274.12,3504.1599,-2996.5859
195,156,30,-1119.062,3781.0081,-3394.448
193,156,30,-873.854,4071.408,-3852.4102
191,156,30,-507.244,4373.4238,-4370.4722
189,156,30,37.262,4683.1841,-4942.624
189,154,30,-253.622,4677.376,-5398.1821
191,154,30,-798.128,4375.3599,-4783.96
193,154,30,-1157.526,4073.344,-4211.8081
195,154,30,-1391.916,3781.0081,-3704.564
197,154,30,-1536.156,3504.1599,-3265.834
199,154,30,-1620.296,3242.8,-2887.2041
201,154,30,-1661.1641,2998.864,-2557.856
203,154,30,-1670.78,2770.416,-2274.1841
205,154,30,-1659.962,2559.3921,-2026.572
207,154,30,-1632.316,2363.856,-1810.212
207,152,30,-1821.03,2334.8159,-1930.412
205,152,30,-1864.302,2528.416,-2157.5901
203,152,30,-1893.15,2739.4399,-2422.03
201,152,30,-1901.5641,2967.8879,-2727.3381
199,152,30,-1878.7261,3209.8879,-3080.7261
197,152,30,-1811.4141,3469.312,-3491.8101
195,152,30,-1681.598,3746.1599,-3967.802
193,152,30,-1459.228,4038.4961,-4521.9243
191,152,30,-1103.436,4338.5762,-5152.9741
189,152,30,-550.516,4642.5278,-5850.1343
189,150,30,-830.582,4582.5122,-6276.8442
191,150,30,-1388.3101,4288.2397,-5543.624
193,150,30,-1741.698,3992.032,-4866.8979
195,150,30,-1955.6541,3703.5679,-4269.5039
197,150,30,-2074.6521,3428.656,-3753.8459
199,150,30,-2126.3381,3171.168,-3310.3081
201,150,30,-2134.752,2929.168,-2929.2742
203,150,30,-2113.116,2700.72,-2596.3201
205,150,30,-2068.6421,2489.696,-2305.436
207,150,30,-2010.946,2296.0959,-2055.4199
207,148,30,-2197.2561,2243.824,-2169.6101
205,148,30,-2270.5781,2431.616,-2428.04
203,148,30,-2330.678,2640.7041,-2730.9441
201,148,30,-2370.344,2865.28,-3081.928
199,148,30,-2377.5562,3101.4719,-3485.8
197,148,30,-2341.4961,3357.0239,-3956.9841
195,148,30,-2238.124,3628.064,-4505.0962
193,148,30,-2034.9861,3914.592,-5145.7622
191,148,30,-1684.0021,4206.9277,-5875.376
189,148,30,-1116.6581,4499.2642,-6675.9082
189,146,30,-1385.906,4404.3999,-7056.9419
191,146,30,-1959.26,4119.8081,-6233.5723
193,146,30,-2309.042,3831.344,-5466.6963
195,146,30,-2506.1702,3550.624,-4792.374
197,146,30,-2599.926,3287.3279,-4209.4043
199,146,30,-2625.168,3031.7759,-3705.7661
201,146,30,-2603.532,2795.584,-3275.45
203,146,30,-2548.24,2574.8799,-2898.022
205,146,30,-2473.7161,2367.728,-2572.28
207,146,30,-2385.97,2178.0,-2288.6082
207,144,30,-2567.4722,2102.4961,-2394.384
205,144,30,-2669.6421,2284.48,-2682.864
203,144,30,-2758.5901,2485.824,-3020.626
201,144,30,-2828.3062,2704.592,-3412.478
199,144,30,-2866.77,2936.9119,-3863.228
197,144,30,-2858.356,3186.656,-4390.9062
195,144,30,-2777.822,3449.9519,-5001.522
193,144,30,-2591.512,3726.8,-5708.2983
191,144,30,-2245.3359,4009.4561,-6508.8301
189,144,30,-1659.962,4297.9199,-7401.916
189,142,30,-1931.614,4185.6318,-7709.6279
191,142,30,-2514.584,3902.9761,-6821.3501
193,142,30,-2858.356,3622.2559,-5995.5762
195,142,30,-3039.8582,3349.28,-5262.356
197,142,30,-3111.978,3087.9199,-4620.4883
199,142,30,-3109.574,2840.1121,-4069.9722
201,142,30,-3057.8879,2609.728,-3595.1821
203,142,30,-2972.5461,2392.896,-3179.29
205,142,30,-2867.9722,2193.488,-2817.488
207,142,30,-2748.9741,2011.504,-2503.7661
207,140,30,-2920.8601,1908.896,-2598.7241
205,140,30,-3053.0801,2085.072,-2917.2542
203,140,30,-3175.6841,2278.6719,-3288.6721
201,140,30,-3276.6521,2491.6321,-3718.988
199,140,30,-3345.166,2720.0801,-4209.4043
197,140,30,-3364.3979,2965.9519,-4781.5562
195,140,30,-3306.7021,3225.376,-5437.8481
193,140,30,-3134.8162,3500.2881,-6195.1079
191,140,30,-2797.054,3782.9441,-7049.73
189,140,30,-2210.478,4073.344,-7982.4819
189,138,30,-2492.948,3976.5439,-8233.7002
191,138,30,-3073.5142,3678.3999,-7314.1699
193,138,30,-3407.6702,3386.064,-6449.9321
195,138,30,-3569.9402,3107.28,-5673.4399
197,138,30,-3618.02,2843.9839,-4990.7041
199,138,30,-3586.7681,2596.176,-4400.522
201,138,30,-3502.6282,2369.6641,-3887.2681
203,138,30,-3384.832,2158.6399,-3435.3162
205,138,30,-3246.6021,1965.04,-3042.262
207,138,30,-3097.554,1792.736,-2700.894
207,136,30,-3259.824,1664.96,-2786.2361
205,136,30,-3424.498,1831.4559,-3131.21
203,136,30,-3579.5562,2017.312,-3532.678
201,136,30,-3717.7861,2226.3999,-3997.8521
199,136,30,-3819.9561,2452.9119,-4525.5303
197,136,30,-3871.6421,2702.656,-5137.3481
195,136,30,-3843.9961,2969.824,-5829.7002
193,136,30,-3697.3521,3262.1599,-6624.2222
191,136,30,-3376.418,3568.0481,-7507.6919
189,136,30,-2798.2561,3895.2319,-8464.4844
189,134,30,-3139.624,3835.2161,-8695.2686
191,134,30,-3691.342,3477.0559,-7756.5063
193,134,30,-3996.6501,3144.064,-6862.2183
195,134,30,-4125.2642,2834.304,-6052.0703
197,134,30,-4134.8799,2553.584,-5333.2739
199,134,30,-4062.76,2298.032,-4703.4263
201,134,30,-3940.156,2071.52,-4151.708
203,134,30,-3781.4922,1864.368,-3666.1001
205,134,30,-3607.2021,1680.448,-3241.7939
207,134,30,-3422.094,1517.824,-2876.386
207,132,30,-3569.9402,1359.072,-2949.708
205,132,30,-3774.28,1510.08,-3321.126
203,132,30,-3969.0042,1686.256,-3753.8459
201,132,30,-4152.9102,1885.6639,-4251.4741
199,132,30,-4303.1602,2112.176,-4817.6162
197,132,30,-4405.3301,2371.6001,-5465.4941
195,132,30,-4429.3701,2663.936,-6203.522
193,132,30,-4334.4121,2998.864,-7043.7202
191,132,30,-4063.9622,3370.5759,-7962.0483
189,132,30,-3542.2939,3786.8159,-8948.8906
189,130,30,-4009.8721,3730.6719,-9246.9863
191,130,30,-4473.8442,3256.3521,-8257.7402
193,130,30,-4697.416,2840.1121,-7305.7563
195,130,30,-4747.8999,2478.0801,-6435.5083
197,130,30,-4687.8003,2172.1919,-5660.2183
199,130,30,-4551.9741,1906.96,-4983.4922
201,130,30,-4370.4722,1684.3199,-4393.3101
203,130,30,-4160.1221,1488.7839,-3870.4402
205,130,30,-3937.752,1320.3521,-3412.478
207,130,30,-3711.7761,1179.024,-3018.2222
207,128,30,-3836.7842,981.552,-3074.7161
205,128,30,-4081.9922,1107.392,-3472.5781
203,128,30,-4329.604,1260.3359,-3937.752
201,128,30,-4571.2061,1440.384,-4472.6421
199,128,30,-4789.9702,1655.28,-5085.6621
197,128,30,-4973.876,1914.704,-5793.6401
195,128,30,-5091.6719,2228.3359,-6598.98
193,128,30,-5102.4902,2611.6641,-7522.1162
191,128,30,-4954.644,3070.4961,-8534.2002
189,128,30,-4573.6099,3622.2559,-9618.4043
189,126,30,-5204.6602,3403.488,-10066.75
191,126,30,-5472.7061,2803.3279,-8903.2139
193,126,30,-5524.3921,2317.3921,-7813.0
195,126,30,-5436.646,1926.3199,-6836.9761
197,126,30,-5257.5483,1616.5599,-5977.5459
199,126,30,-5024.3599,1368.752,-5232.3062
201,126,30,-4765.9302,1169.344,-4588.0342
203,126,30,-4491.874,1008.656,-4029.104
205,126,30,-4216.6162,875.072,-3542.2939
207,126,30,-3949.772,766.656,-3125.2
207,124,30,-4035.114,536.272,-3156.4521
205,124,30,-4318.7861,617.584,-3572.344
203,124,30,-4615.6802,720.192,-4062.76
201,124,30,-4923.3921,853.776,-4637.3159
199,124,30,-5225.0942,1020.272,-5299.6182
197,124,30,-5517.1802,1237.104,-6080.918
195,124,30,-5770.8022,1517.824,-6981.2163
193,124,30,-5955.9102,1887.6,-8035.3701
191,124,30,-6024.4243,2365.792,-9237.3701
189,124,30,-5903.022,2985.312,-10580.0039
189,122,30,-6577.3442,2315.4561,-11082.4404
191,122,30,-6540.082,1755.952,-9605.1826
193,122,30,-6346.5601,1337.776,-8297.4063
195,122,30,-6068.8979,1026.08,-7171.1323
197,122,30,-5744.3579,797.632,-6216.7441
199,122,30,-5402.9902,627.264,-5402.9902
201,122,30,-5060.4199,503.36,-4710.6382
203,122,30,-4723.8599,408.496,-4118.0522
205,122,30,-4401.7241,336.864,-3609.606
207,122,30,-4097.6182,284.592,-3176.886
207,120,30,-4122.8599,25.168,-3170.876
205,120,30,-4435.3799,40.656,-3598.7881
203,120,30,-4771.9399,69.696,-4103.6279
201,120,30,-5130.1362,114.224,-4702.2241
199,120,30,-5501.5542,180.048,-5395.7783
197,120,30,-5888.5981,276.848,-6227.562
195,120,30,-6276.8442,418.176,-7218.0103
193,120,30,-6643.4541,623.392,-8406.7881
191,120,30,-6954.772,913.792,-9815.5322
189,120,30,-7157.9102,1320.3521,-11469.4844
