x,y,z,Bx,By,Bz
80,120,0,-9269.8242,168.432,-2467.7061
82,120,0,-10510.2881,118.096,-2924.4661
84,120,0,-12020.0,1.936,-3497.8201
86,120,0,-13475.6221,-228.448,-4214.2119
88,120,0,-13865.0703,-667.92,-5115.7119
90,120,0,-13895.1201,-1500.4,-6255.208
92,120,0,-13907.1406,-3111.1521,-7684.3862
94,120,0,-13919.1602,-6433.3281,-9488.5879
94,122,0,-13914.3525,-9196.0,-8731.3281
92,122,0,-13898.7266,-5242.688,-7305.7563
90,122,0,-13886.7061,-3091.792,-6067.6963
88,122,0,-13847.04,-1893.408,-5036.3799
86,122,0,-13274.8887,-1188.704,-4184.1621
84,122,0,-11845.71,-778.272,-3497.8201
82,122,0,-10418.9365,-524.656,-2932.8801
80,122,0,-9212.1279,-373.648,-2477.322
80,124,0,-9059.4746,-863.456,-2461.696
82,124,0,-10167.7178,-1091.9041,-2900.426
84,124,0,-11450.252,-1422.96,-3434.114
86,124,0,-12815.7246,-1920.512,-4075.9822
88,124,0,-13693.1846,-2683.2959,-4847.666
90,124,0,-13863.8682,-3877.8079,-5756.3779
92,124,0,-13886.7061,-5777.0239,-6782.8862
94,124,0,-13893.918,-8268.6563,-7766.1221
94,126,0,-13871.0801,-6799.2319,-7120.6479
92,126,0,-13857.8584,-5345.2959,-6353.772
90,126,0,-13820.5967,-4038.4961,-5494.3423
88,126,0,-13411.916,-3087.9199,-4696.2139
86,126,0,-12362.5703,-2400.6399,-3984.6301
84,126,0,-11087.248,-1910.832,-3383.6301
82,126,0,-9908.0859,-1550.736,-2866.77
80,126,0,-8861.1445,-1289.376,-2437.656
80,128,0,-8625.5518,-1653.344,-2399.1921
82,128,0,-9583.5459,-1934.064,-2806.6702
84,128,0,-10644.9121,-2282.5439,-3291.0762
86,128,0,-11800.0342,-2718.144,-3858.4202
88,128,0,-12886.6426,-3250.5439,-4511.106
90,128,0,-13588.6104,-3877.8079,-5234.71
92,128,0,-13824.2021,-4536.0479,-5981.1523
94,128,0,-13843.4346,-4960.0317,-6611.0
94,130,0,-13845.8379,-3759.7119,-6347.7622
92,130,0,-13758.0918,-3868.1279,-5772.0039
90,130,0,-13402.2998,-3676.4639,-5074.8442
88,130,0,-12552.4863,-3327.9839,-4396.916
86,130,0,-11414.1924,-2940.7839,-3771.876
84,130,0,-10326.3818,-2578.752,-3229.7742
82,130,0,-9304.6826,-2255.4399,-2758.5901
80,130,0,-8381.5459,-1974.72,-2359.5261
80,132,0,-8120.7119,-2261.248,-2309.042
82,132,0,-8992.1621,-2540.032,-2690.0759
84,132,0,-9969.3877,-2843.9839,-3142.0281
86,132,0,-11048.7842,-3157.616,-3668.5042
88,132,0,-12229.1484,-3440.272,-4267.1001
90,132,0,-13284.5039,-3618.384,-4931.8062
92,132,0,-13791.748,-3550.624,-5615.7441
94,132,0,-13862.666,-3142.1279,-6193.9062
94,134,0,-13873.4844,-3269.9041,-6128.998
92,134,0,-13843.4346,-3668.72,-5549.6343
90,134,0,-13288.1104,-3773.2639,-4857.2822
88,134,0,-12083.7061,-3641.616,-4198.5859
86,134,0,-10810.7881,-3393.8079,-3598.7881
84,134,0,-9710.958,-3107.28,-3084.332
82,134,0,-8732.5303,-2811.072,-2638.3901
80,134,0,-7862.2822,-2532.2881,-2259.76
80,136,0,-7591.832,-2782.032,-2204.468
82,136,0,-8424.8184,-3078.24,-2568.6741
84,136,0,-9382.8125,-3388.0,-3001.394
86,136,0,-10500.6719,-3697.76,-3509.8401
88,136,0,-11834.8926,-3974.6079,-4102.4263
90,136,0,-13219.5967,-4164.3359,-4768.334
92,136,0,-13851.8486,-4197.248,-5472.7061
94,136,0,-13883.1006,-4026.8799,-6086.9282
94,138,0,-13883.1006,-5058.7681,-6030.4341
92,138,0,-13854.252,-4975.52,-5413.8081
90,138,0,-13128.2441,-4694.7998,-4697.416
88,138,0,-11626.9463,-4375.3599,-4031.5081
86,138,0,-10248.252,-4026.8799,-3441.3262
84,138,0,-9112.3623,-3682.272,-2937.688
82,138,0,-8141.146,-3347.344,-2507.3721
80,138,0,-7311.7661,-3029.8401,-2147.9741
80,140,0,-6995.6401,-3262.1599,-2081.864
82,140,0,-7785.354,-3610.6399,-2428.04
84,140,0,-8710.8945,-3988.1599,-2841.5281
86,140,0,-9821.542,-4398.5918,-3334.3481
88,140,0,-11184.6104,-4838.064,-3912.51
90,140,0,-12789.2803,-5312.3838,-4573.6099
92,140,0,-13823.0,-5850.5918,-5291.2041
94,140,0,-13878.292,-6379.1201,-5922.2539
94,142,0,-13866.2725,-7387.7759,-5769.6001
92,142,0,-13663.1338,-6644.3521,-5162.5903
90,142,0,-12372.1865,-5889.312,-4458.2183
88,142,0,-10751.8906,-5277.5361,-3811.542
86,142,0,-9424.8818,-4747.0718,-3242.9961
84,142,0,-8347.8906,-4282.4321,-2763.3979
82,142,0,-7431.9663,-3864.2559,-2354.718
80,142,0,-6659.0801,-3488.6719,-2013.3501
80,144,0,-6286.46,-3688.0801,-1931.614
82,144,0,-6995.6401,-4096.5762,-2254.9521
84,144,0,-7838.2422,-4555.4082,-2641.9961
86,144,0,-8844.3164,-5078.1279,-3104.7661
88,144,0,-10073.9619,-5684.0962,-3649.272
90,144,0,-11589.6846,-6398.48,-4274.312
92,144,0,-13231.6162,-7275.4878,-4953.4419
94,144,0,-13841.0303,-8150.5601,-5547.23
94,146,0,-13565.7725,-8630.6875,-5300.8203
92,146,0,-12500.7998,-7745.936,-4747.8999
90,146,0,-10832.4238,-6795.3599,-4101.2241
88,146,0,-9456.1338,-6013.2158,-3506.2341
86,146,0,-8309.4258,-5356.9121,-2983.364
84,146,0,-7369.4619,-4795.4722,-2541.0281
82,146,0,-6562.9199,-4303.728,-2163.6001
80,146,0,-5864.5581,-3875.8721,-1852.282
80,148,0,-5441.4541,-4023.0081,-1757.324
82,148,0,-6050.8682,-4474.0962,-2049.4102
84,148,0,-6767.2603,-4992.9438,-2400.394
86,148,0,-7618.2764,-5587.2959,-2817.488
88,148,0,-8643.582,-6282.3198,-3309.106
90,148,0,-9887.6523,-7099.312,-3870.4402
92,148,0,-11388.9502,-8067.312,-4473.8442
94,148,0,-12720.7666,-8977.2324,-4989.502
94,150,0,-11612.5225,-9174.7041,-4679.3862
92,150,0,-10370.8564,-8301.5684,-4210.606
90,150,0,-9033.0303,-7314.208,-3650.4741
88,150,0,-7919.978,-6479.792,-3133.614
86,150,0,-6998.0439,-5761.5361,-2669.6421
84,150,0,-6222.7539,-5147.8237,-2272.9819
82,150,0,-5566.4619,-4609.6162,-1938.826
80,150,0,-5007.5322,-4143.04,-1659.962
80,152,0,-4557.9839,-4224.3521,-1552.984
82,152,0,-5042.3901,-4698.6719,-1807.808
84,152,0,-5613.3403,-5246.5601,-2114.3181
86,152,0,-6287.6621,-5873.8237,-2478.5239
88,152,0,-7093.002,-6599.8237,-2905.2341
90,152,0,-8060.6123,-7441.9839,-3386.0342
92,152,0,-9240.9766,-8423.5361,-3904.0962
94,152,0,-10325.1807,-9296.6719,-4333.21
94,154,0,-9227.7539,-9347.0078,-4011.074
92,154,0,-8220.4785,-8499.04,-3618.02
90,154,0,-7184.354,-7519.4238,-3150.4421
88,154,0,-6335.7422,-6673.3921,-2705.7021
86,154,0,-5628.9663,-5941.584,-2312.6479
84,154,0,-5039.9863,-5312.3838,-1977.29
82,154,0,-4535.146,-4762.5601,-1690.0121
80,154,0,-4077.1841,-4274.688,-1442.4
80,156,0,-3619.2222,-4288.2397,-1333.0181
82,156,0,-3976.2161,-4764.4961,-1549.3781
84,156,0,-4395.7139,-5310.4478,-1806.6061
86,156,0,-4892.1401,-5937.7119,-2111.9141
88,156,0,-5487.1299,-6663.7119,-2466.5042
90,156,0,-6211.936,-7507.8081,-2871.5781
92,156,0,-7102.6182,-8485.4883,-3297.0862
94,156,0,-7903.1499,-9333.4561,-3639.656
94,158,0,-6799.7144,-9257.9521,-3307.9041
92,158,0,-6077.312,-8423.5361,-3000.1921
90,158,0,-5336.8799,-7459.4082,-2620.3601
88,158,0,-4735.8799,-6626.9277,-2260.9622
86,158,0,-4239.4541,-5908.6719,-1938.826
84,158,0,-3825.9661,-5291.0879,-1664.77
82,158,0,-3472.5781,-4747.0718,-1430.38
80,158,0,-3168.4722,-4270.8159,-1230.848
80,160,0,-2718.9241,-4224.3521,-1117.86
82,160,0,-2955.718,-4685.1201,-1292.15
84,160,0,-3229.7742,-5209.7759,-1498.894
86,160,0,-3550.708,-5809.936,-1742.9
88,160,0,-3940.156,-6506.896,-2027.774
90,160,0,-4407.7339,-7314.208,-2346.304
92,160,0,-4994.3101,-8258.9756,-2681.6621
94,160,0,-5531.604,-9070.1602,-2944.9001
94,162,0,-4443.7939,-8832.0322,-2617.9561
92,162,0,-4002.6602,-8046.0161,-2390.7781
90,162,0,-3563.9302,-7138.0317,-2103.5
88,162,0,-3214.1479,-6363.6318,-1824.636
86,162,0,-2923.2642,-5687.9678,-1575.822
84,162,0,-2680.46,-5105.2319,-1357.058
82,162,0,-2471.312,-4596.064,-1170.748
80,162,0,-2288.6082,-4148.8481,-1012.084
80,164,0,-1872.7161,-4044.304,-903.904
82,164,0,-1995.3201,-4470.2241,-1038.5281
84,164,0,-2134.752,-4954.2241,-1198.394
86,164,0,-2295.8201,-5505.9839,-1384.704
88,164,0,-2489.342,-6142.9277,-1601.0641
90,164,0,-2722.53,-6878.6079,-1841.464
92,164,0,-3015.8181,-7732.3838,-2089.0759
94,164,0,-3273.0461,-8454.5117,-2270.5781
94,166,0,-2343.9001,-8075.0562,-1972.4821
92,166,0,-2131.146,-7387.7759,-1818.626
90,166,0,-1962.8661,-6590.144,-1611.8821
88,166,0,-1833.05,-5904.7998,-1408.744
86,166,0,-1724.87,-5306.5762,-1223.636
84,166,0,-1634.72,-4785.792,-1060.1641
82,166,0,-1555.3881,-4326.96,-920.732
80,166,0,-1482.066,-3920.3999,-800.532
80,168,0,-1114.254,-3779.072,-698.362
82,168,0,-1139.496,-4152.7202,-796.926
84,168,0,-1162.334,-4580.5762,-912.318
86,168,0,-1187.576,-5062.6401,-1048.144
88,168,0,-1215.222,-5610.5278,-1202.0
90,168,0,-1250.0801,-6237.792,-1372.6841
92,168,0,-1298.16,-6963.792,-1543.368
94,168,0,-1341.432,-7562.0161,-1656.3561
94,170,0,-574.556,-7068.3359,-1397.926
92,170,0,-556.526,-6506.896,-1304.17
90,170,0,-604.606,-5862.208,-1167.142
88,170,0,-651.484,-5300.7681,-1028.912
86,170,0,-691.15,-4799.3437,-900.298
84,170,0,-723.604,-4357.936,-787.31
82,170,0,-750.048,-3964.928,-687.544
80,170,0,-766.876,-3614.512,-603.404
80,172,0,-454.356,-3436.3999,-510.85
82,172,0,-400.266,-3755.8401,-578.162
84,172,0,-330.55,-4110.1279,-655.09
86,172,0,-248.814,-4505.0718,-745.24
88,172,0,-152.654,-4952.2881,-847.41
90,172,0,-39.666,-5451.7759,-959.196
92,172,0,90.15,-6015.1519,-1068.578
94,172,0,198.33,-6466.2397,-1133.486
94,174,0,763.27,-5937.7119,-914.722
92,174,0,651.484,-5515.6641,-861.834
90,174,0,463.972,-5035.5361,-778.896
88,174,0,298.096,-4601.8721,-692.352
86,174,0,156.26,-4208.8638,-611.818
84,174,0,33.656,-3856.512,-540.9
82,174,0,-69.716,-3537.072,-478.396
80,174,0,-157.462,-3246.6719,-424.306
80,176,0,100.968,-3049.2,-342.57
82,176,0,213.956,-3306.688,-381.034
84,176,0,347.378,-3589.344,-425.508
86,176,0,502.436,-3901.04,-477.194
88,176,0,681.534,-4241.7759,-536.092
90,176,0,885.874,-4615.4238,-599.798
92,176,0,1117.86,-5021.9839,-663.504
94,176,0,1302.968,-5333.6802,-694.756
94,178,0,1696.022,-4812.896,-503.638
92,178,0,1507.308,-4545.728,-485.608
90,178,0,1253.686,-4206.9277,-443.538
88,178,0,1021.7,-3889.4241,-400.266
86,178,0,816.158,-3595.1521,-360.6
84,178,0,634.656,-3324.1121,-324.54
82,178,0,475.992,-3072.4319,-292.086
80,178,0,340.166,-2843.9839,-264.44
80,180,0,545.708,-2636.832,-192.32
82,180,0,699.564,-2834.304,-206.744
84,180,0,877.46,-3051.136,-223.572
86,180,0,1078.194,-3283.4561,-242.804
88,180,0,1306.574,-3535.136,-264.44
90,180,0,1558.994,-3808.1121,-286.076
92,180,0,1831.848,-4090.7681,-308.914
94,180,0,2034.9861,-4305.6641,-307.712
94,180,2,2066.238,-4448.9277,-135.826
92,180,2,1841.464,-4232.0962,-161.068
90,180,2,1561.3981,-3930.0801,-164.674
88,180,2,1305.3721,-3645.488,-159.866
86,180,2,1075.79,-3374.448,-150.25
84,180,2,875.056,-3128.5759,-140.634
82,180,2,697.16,-2900.1279,-131.018
80,180,2,543.304,-2692.9761,-122.604
80,178,2,325.742,-2904.0,-177.896
82,178,2,456.76,-3140.1919,-194.724
84,178,2,611.818,-3401.552,-213.956
86,178,2,792.118,-3688.0801,-235.592
88,178,2,996.458,-3995.9041,-257.228
90,178,2,1232.05,-4326.96,-276.46
92,178,2,1497.692,-4681.248,-287.278
94,178,2,1718.86,-4948.416,-275.258
94,176,2,1396.724,-5376.272,-411.084
92,176,2,1115.4561,-5149.7598,-421.902
90,176,2,871.45,-4733.52,-397.862
88,176,2,663.504,-4348.2559,-364.206
86,176,2,484.406,-3992.032,-328.146
84,176,2,331.752,-3670.656,-295.692
82,176,2,200.734,-3376.384,-264.44
80,176,2,88.948,-3107.28,-237.996
80,174,2,-183.906,-3308.624,-300.5
82,174,2,-102.17,-3608.7041,-337.762
84,174,2,-3.606,-3937.824,-378.63
86,174,2,114.19,-4301.792,-424.306
88,174,2,256.026,-4708.3521,-474.79
90,174,2,425.508,-5161.376,-524.072
92,174,2,631.05,-5655.0562,-562.536
94,174,2,813.754,-6048.064,-569.748
94,172,2,331.752,-6516.5762,-723.604
92,172,2,62.504,-6171.9678,-715.19
90,172,2,-86.544,-5596.9761,-663.504
88,172,2,-204.34,-5078.1279,-599.798
86,172,2,-299.298,-4617.3599,-533.688
84,172,2,-375.024,-4206.9277,-472.386
82,172,2,-437.528,-3835.2161,-415.892
80,172,2,-486.81,-3506.0959,-367.812
80,170,2,-812.552,-3686.144,-436.326
82,170,2,-804.138,-4044.304,-495.224
84,170,2,-786.108,-4448.9277,-563.738
86,170,2,-760.866,-4905.8237,-639.464
88,170,2,-726.008,-5422.7358,-723.604
90,170,2,-674.322,-6005.4722,-805.34
92,170,2,-601.0,-6667.584,-876.258
94,170,2,-519.264,-7207.728,-908.712
94,168,2,-1245.272,-7693.6641,-1093.8201
92,168,2,-1367.876,-7155.4561,-1055.3561
90,168,2,-1343.8361,-6410.0962,-967.61
88,168,2,-1312.584,-5759.6001,-865.44
86,168,2,-1278.928,-5192.3521,-763.27
84,168,2,-1244.0701,-4688.9922,-669.514
82,168,2,-1209.212,-4245.6479,-585.374
80,168,2,-1173.152,-3854.5759,-512.052
80,166,2,-1554.186,-4001.7119,-585.374
82,166,2,-1640.73,-4419.8882,-670.716
84,166,2,-1734.4861,-4892.272,-768.078
86,166,2,-1836.656,-5430.48,-879.864
88,166,2,-1953.25,-6051.936,-1003.67
90,166,2,-2081.864,-6762.4478,-1128.678
92,166,2,-2220.094,-7583.312,-1241.666
94,166,2,-2318.658,-8276.4004,-1310.1801
94,164,2,-3247.804,-8669.4082,-1526.54
92,164,2,-3137.22,-7964.7041,-1443.6021
90,164,2,-2870.376,-7078.0161,-1307.776
88,164,2,-2637.188,-6315.2319,-1158.728
86,164,2,-2432.8481,-5653.1201,-1014.488
84,164,2,-2253.75,-5076.1919,-882.268
82,164,2,-2098.6921,-4572.832,-766.876
80,164,2,-1959.26,-4131.4238,-665.908
80,162,2,-2383.5662,-4234.0317,-744.038
82,162,2,-2579.4919,-4690.9277,-857.026
84,162,2,-2804.2661,-5217.52,-988.044
86,162,2,-3063.8979,-5819.6162,-1138.2941
88,162,2,-3365.6001,-6516.5762,-1306.574
90,162,2,-3720.1902,-7320.0161,-1482.066
92,162,2,-4132.4761,-8258.9756,-1647.942
94,162,2,-4472.6421,-9070.1602,-1765.738
94,160,2,-5520.7861,-9308.2881,-1996.5221
92,160,2,-5169.8022,-8497.1035,-1864.302
90,160,2,-4613.2759,-7523.2959,-1673.1841
88,160,2,-4140.8901,-6686.9438,-1472.4501
86,160,2,-3735.8162,-5960.9438,-1281.332
84,160,2,-3389.6401,-5335.6162,-1108.244
82,160,2,-3090.342,-4787.728,-957.994
80,160,2,-2830.71,-4309.5361,-828.178
80,158,2,-3281.46,-4354.064,-907.51
82,158,2,-3603.5959,-4840.0,-1049.3461
84,158,2,-3975.0142,-5397.5679,-1215.222
86,158,2,-4411.3398,-6038.3838,-1407.542
88,158,2,-4924.5942,-6781.8081,-1625.104
90,158,2,-5526.7959,-7639.4561,-1853.484
92,158,2,-6240.7842,-8636.4961,-2073.45
94,158,2,-6861.0161,-9515.4404,-2244.134
94,156,2,-7975.27,-9596.752,-2482.1301
92,156,2,-7335.8062,-8727.4883,-2298.2241
90,156,2,-6476.376,-7718.832,-2050.6121
88,156,2,-5747.9639,-6845.6958,-1794.5861
86,156,2,-5126.5303,-6088.7197,-1552.984
84,156,2,-4597.6499,-5438.2241,-1336.624
82,156,2,-4144.4961,-4870.9761,-1150.314
80,156,2,-3753.8459,-4373.4238,-991.65
80,154,2,-4211.8081,-4354.064,-1069.78
82,154,2,-4663.7603,-4847.7441,-1240.464
84,154,2,-5191.438,-5414.9922,-1442.4
86,154,2,-5809.2661,-6069.3599,-1676.79
88,154,2,-6543.688,-6828.272,-1943.634
90,154,2,-7403.1182,-7705.2798,-2229.71
92,154,2,-8410.3945,-8715.8721,-2506.1702
94,154,2,-9305.8838,-9625.792,-2728.54
94,152,2,-10434.5625,-9577.3916,-2960.5261
92,152,2,-9536.668,-8667.4717,-2724.9341
90,152,2,-8383.9502,-7653.0078,-2420.8281
88,152,2,-7391.0981,-6774.064,-2109.51
86,152,2,-6544.8901,-6017.0879,-1818.626
84,152,2,-5827.2959,-5366.5918,-1562.6
82,152,2,-5214.2759,-4795.4722,-1339.0281
80,152,2,-4687.8003,-4301.792,-1149.1121
80,150,2,-5138.5503,-4218.5439,-1223.636
82,150,2,-5721.52,-4698.6719,-1423.168
84,150,2,-6407.8623,-5254.3042,-1661.1641
86,150,2,-7219.2119,-5891.248,-1938.826
88,150,2,-8173.6001,-6634.6719,-2252.5481
90,150,2,-9299.874,-7502.0,-2589.1082
92,150,2,-10623.2764,-8520.3359,-2925.668
94,150,2,-11807.2461,-9453.4883,-3198.522
94,148,2,-12826.542,-9259.8877,-3412.478
92,148,2,-11749.5498,-8301.5684,-3122.7961
90,148,2,-10275.8984,-7298.7197,-2763.3979
88,148,2,-9011.3945,-6450.752,-2401.5959
86,148,2,-7938.0083,-5728.624,-2067.4399
84,148,2,-7034.104,-5111.04,-1772.9501
82,148,2,-6264.8242,-4572.832,-1516.9241
80,148,2,-5606.1279,-4100.4478,-1299.3621
80,146,2,-6028.0303,-3951.376,-1366.6741
82,146,2,-6732.4023,-4396.6558,-1592.65
84,146,2,-7571.3979,-4905.8237,-1860.696
86,146,2,-8554.6338,-5486.624,-2169.6101
88,146,2,-9737.4023,-6171.9678,-2524.2
90,146,2,-11142.54,-6977.3437,-2905.2341
92,146,2,-12735.1904,-7951.1519,-3289.874
94,146,2,-13637.8926,-8893.9844,-3610.8081
94,144,2,-13848.2422,-8408.0479,-3776.6841
92,144,2,-13488.8447,-7478.7681,-3446.134
90,144,2,-12030.8184,-6574.6558,-3044.666
88,144,2,-10477.834,-5833.168,-2644.4001
86,144,2,-9194.0986,-5209.7759,-2275.386
84,144,2,-8121.9141,-4671.5679,-1949.644
82,144,2,-7212.0,-4197.248,-1669.578
80,144,2,-6436.71,-3775.2,-1430.38
80,142,2,-6810.5322,-3566.1121,-1488.076
82,142,2,-7614.6699,-3953.312,-1734.4861
84,142,2,-8565.4521,-4386.9761,-2024.1681
86,142,2,-9696.5342,-4867.104,-2360.728
88,142,2,-11066.8145,-5414.9922,-2742.9641
90,142,2,-12672.6865,-6044.1919,-3156.4521
92,142,2,-13753.2842,-6812.7842,-3567.5361
94,142,2,-13874.6865,-7598.7998,-3911.3081
94,140,2,-13883.1006,-6636.6079,-4017.084
92,140,2,-13847.04,-6011.2798,-3673.312
90,140,2,-13151.082,-5455.6479,-3257.4202
88,140,2,-11623.3398,-4961.9678,-2837.9221
86,140,2,-10201.374,-4508.9438,-2447.272
84,140,2,-9013.7979,-4090.7681,-2096.2881
82,140,2,-8018.542,-3701.6321,-1795.7881
80,140,2,-7160.314,-3345.408,-1542.166
80,138,2,-7478.8442,-3105.344,-1590.246
82,138,2,-8339.4766,-3428.656,-1849.8781
84,138,2,-9351.5605,-3775.2,-2157.5901
86,138,2,-10537.9346,-4131.4238,-2510.978
88,138,2,-11969.5166,-4487.6479,-2908.8401
90,138,2,-13390.2803,-4818.7041,-3334.3481
92,138,2,-13859.0605,-5109.104,-3749.0381
94,138,2,-13891.5146,-5300.7681,-4091.6082
94,136,2,-13886.7061,-4241.7759,-4157.7183
92,136,2,-13866.2725,-4313.4082,-3825.9661
90,136,2,-13510.4805,-4272.752,-3414.8821
88,136,2,-12282.0361,-4073.344,-2986.97
86,136,2,-10891.3223,-3792.624,-2584.3
84,136,2,-9704.9482,-3478.9919,-2220.094
82,136,2,-8679.6426,-3163.4241,-1905.17
80,136,2,-7775.7383,-2855.6001,-1632.316
80,134,2,-8047.3901,-2600.0481,-1674.386
82,134,2,-8947.6885,-2888.512,-1950.8461
84,134,2,-9974.1963,-3194.3999,-2271.78
86,134,2,-11126.9141,-3488.6719,-2637.188
88,134,2,-12437.0938,-3742.2881,-3047.0701
90,134,2,-13508.0762,-3877.8079,-3478.5881
92,134,2,-13855.4541,-3773.2639,-3895.6821
94,134,2,-13879.4941,-3364.7681,-4229.8379
94,132,2,-13871.0801,-3223.4399,-4333.21
92,132,2,-13844.6367,-3657.104,-4002.6602
90,132,2,-13538.126,-3722.928,-3578.354
88,132,2,-12637.8281,-3540.9441,-3138.4221
86,132,2,-11445.4443,-3252.48,-2717.7222
84,132,2,-10301.1406,-2933.04,-2337.8901
82,132,2,-9260.208,-2621.344,-2002.532
80,132,2,-8320.2441,-2332.8799,-1715.254
80,130,2,-8576.2705,-2044.416,-1753.718
82,130,2,-9536.668,-2330.9441,-2047.006
84,130,2,-10601.6406,-2667.8081,-2390.7781
86,130,2,-11749.5498,-3043.3921,-2783.832
88,130,2,-12851.7842,-3446.0801,-3226.168
90,130,2,-13585.0039,-3808.1121,-3693.7461
92,130,2,-13839.8281,-4015.2639,-4146.8999
94,130,2,-13859.0605,-3879.7439,-4519.52
94,128,2,-13860.2627,-5124.5918,-4781.5562
92,128,2,-13849.4443,-4750.9438,-4372.876
90,128,2,-13725.6387,-4055.9199,-3866.834
88,128,2,-13243.6367,-3395.7439,-3358.3879
86,128,2,-12225.542,-2834.304,-2887.2041
84,128,2,-11007.916,-2377.408,-2466.5042
82,128,2,-9876.834,-2011.504,-2103.5
80,128,2,-8844.3164,-1719.168,-1790.98
80,126,2,-9083.5146,-1349.392,-1821.03
82,126,2,-10168.9199,-1626.24,-2139.5601
84,126,2,-11403.374,-2007.632,-2522.998
86,126,2,-12687.1104,-2524.5439,-2968.9399
88,126,2,-13592.2158,-3250.5439,-3488.2041
90,126,2,-13854.252,-4259.2002,-4060.356
92,126,2,-13872.2822,-5639.5679,-4667.3662
94,126,2,-13878.292,-7039.2959,-5201.0542
94,124,2,-13898.7266,-8832.0322,-5746.7622
92,124,2,-13893.918,-6195.2002,-5038.7842
90,124,2,-13874.6865,-4160.4639,-4305.564
88,124,2,-13826.6064,-2873.0239,-3644.4641
86,124,2,-13187.1426,-2048.2881,-3072.312
84,124,2,-11857.7305,-1513.952,-2590.3101
82,124,2,-10491.0566,-1159.6639,-2182.832
80,124,2,-9298.6719,-915.728,-1843.868
80,122,2,-9451.3262,-423.984,-1854.686
82,122,2,-10708.6182,-590.48,-2199.6602
84,122,2,-12202.7041,-863.456,-2621.562
86,122,2,-13523.7021,-1310.672,-3136.0181
88,122,2,-13867.4746,-2067.6479,-3763.4622
90,122,2,-13890.3125,-3358.96,-4513.5103
92,122,2,-13909.5439,-5653.1201,-5404.1919
94,122,2,-13916.7559,-9871.6641,-6406.6602
94,120,2,-13922.7666,-7108.9922,-6928.3281
92,120,2,-13914.3525,-3508.032,-5715.5103
90,120,2,-13898.7266,-1726.912,-4699.8203
88,120,2,-13875.8887,-795.696,-3866.834
86,120,2,-13683.5684,-300.08,-3193.7141
84,120,2,-12503.2041,-42.592,-2655.218
82,120,2,-10908.1504,89.056,-2217.6899
80,120,2,-9558.3037,147.136,-1859.494
80,120,4,-9817.9365,135.52,-1221.2321
82,120,4,-11200.2363,69.696,-1450.8141
84,120,4,-12794.0879,-73.568,-1741.698
86,120,4,-13800.1621,-354.288,-2098.6921
88,120,4,-13881.8984,-884.752,-2536.22
90,120,4,-13903.5342,-1875.984,-3072.312
92,120,4,-13926.3721,-3748.0959,-3721.3921
94,120,4,-13926.3721,-7511.6802,-4505.0962
94,122,4,-13920.3623,-10409.8721,-4199.7881
92,122,4,-13909.5439,-6020.96,-3549.5061
90,122,4,-13893.918,-3577.728,-2972.5461
88,122,4,-13873.4844,-2199.2959,-2483.332
86,122,4,-13691.9824,-1384.24,-2068.6421
84,122,4,-12624.6064,-909.92,-1730.88
82,122,4,-11101.6719,-613.712,-1449.6121
80,122,4,-9763.8457,-431.728,-1221.2321
80,124,4,-9589.5566,-940.896,-1208.01
82,124,4,-10813.1924,-1196.448,-1426.774
84,124,4,-12225.542,-1572.032,-1691.214
86,124,4,-13462.4004,-2137.344,-2007.3401
88,124,4,-13850.6465,-3006.6079,-2376.354
90,124,4,-13879.4941,-4369.5518,-2803.064
92,124,4,-13899.9287,-6512.7041,-3271.844
94,124,4,-13908.3418,-9339.2637,-3758.6541
94,126,4,-13892.7158,-7534.9121,-3377.6201
92,126,4,-13886.7061,-5978.3682,-3019.4241
90,126,4,-13869.8779,-4485.7119,-2639.592
88,126,4,-13741.2646,-3403.488,-2276.5881
86,126,4,-13059.7305,-2623.28,-1942.432
84,126,4,-11822.8721,-2071.52,-1657.558
82,126,4,-10525.9141,-1666.896,-1403.936
80,126,4,-9376.8018,-1372.624,-1191.182
80,128,4,-9117.1699,-1746.272,-1165.9401
82,128,4,-10171.3242,-2052.1599,-1361.866
84,128,4,-11337.2646,-2435.488,-1592.65
86,128,4,-12566.9102,-2915.616,-1860.696
88,128,4,-13487.6426,-3517.7119,-2157.5901
90,128,4,-13824.2021,-4234.0317,-2471.312
92,128,4,-13861.4639,-5006.4961,-2771.812
94,128,4,-13865.0703,-5558.2559,-3038.656
94,130,4,-13867.4746,-4187.5679,-2806.6702
92,130,4,-13850.6465,-4203.0562,-2590.3101
90,130,4,-13697.9922,-3957.1841,-2341.4961
88,130,4,-13181.1318,-3558.3679,-2069.844
86,130,4,-12158.2305,-3128.5759,-1798.192
84,130,4,-10977.8662,-2731.696,-1550.5801
82,130,4,-9866.0166,-2377.408,-1330.614
80,130,4,-8852.7305,-2075.3921,-1137.092
80,132,4,-8579.876,-2361.9199,-1107.042
82,132,4,-9534.2646,-2660.064,-1284.938
84,132,4,-10600.4385,-2985.312,-1492.884
86,132,4,-11772.3887,-3320.24,-1726.072
88,132,4,-12903.4707,-3628.064,-1976.088
90,132,4,-13634.2861,-3835.2161,-2226.104
92,132,4,-13845.8379,-3790.688,-2441.262
94,132,4,-13872.2822,-3395.7439,-2617.9561
94,134,4,-13880.6963,-3436.3999,-2501.3621
92,134,4,-13859.0605,-3862.3201,-2343.9001
90,134,4,-13629.4785,-3961.0559,-2149.176
88,134,4,-12764.0381,-3819.728,-1915.988
86,134,4,-11505.5439,-3556.4319,-1676.79
84,134,4,-10321.5742,-3250.5439,-1456.824
82,134,4,-9255.4004,-2934.9761,-1252.484
80,134,4,-8309.4258,-2634.896,-1076.9921
80,136,4,-8022.1479,-2890.448,-1044.538
82,136,4,-8936.8701,-3202.144,-1211.616
84,136,4,-9985.0146,-3527.3921,-1402.734
86,136,4,-11197.832,-3848.7681,-1617.8921
88,136,4,-12571.7178,-4137.2319,-1849.8781
90,136,4,-13610.2461,-4340.5122,-2075.854
92,136,4,-13860.2627,-4379.2319,-2265.77
94,136,4,-13886.7061,-4210.7998,-2416.02
94,138,4,-13890.3125,-5310.4478,-2359.5261
92,138,4,-13868.6758,-5174.9277,-2211.6799
90,138,4,-13566.9746,-4886.4639,-2026.572
88,138,4,-12364.9746,-4553.4722,-1804.202
86,138,4,-10916.5645,-4193.376,-1578.2261
84,138,4,-9694.1299,-3831.344,-1369.078
82,138,4,-8636.3701,-3477.0559,-1177.96
80,138,4,-7730.062,-3142.1279,-1014.488
80,140,4,-7397.1079,-3380.2561,-978.428
82,140,4,-8266.1543,-3742.2881,-1134.688
84,140,4,-9284.248,-4139.168,-1314.988
86,140,4,-10488.6523,-4563.1519,-1520.53
88,140,4,-11927.4463,-5023.9199,-1741.698
90,140,4,-13368.6445,-5519.5361,-1962.8661
92,140,4,-13856.6563,-6073.2319,-2153.9841
94,140,4,-13886.7061,-6617.248,-2307.8401
94,142,4,-13879.4941,-7662.688,-2259.76
92,142,4,-13826.6064,-6907.6479,-2101.0959
90,142,4,-12973.1865,-6135.1841,-1912.3821
88,142,4,-11463.4746,-5496.3042,-1694.8201
86,142,4,-10059.5381,-4940.6719,-1477.2581
84,142,4,-8894.7998,-4450.8638,-1277.7261
82,142,4,-7897.1401,-4009.4561,-1098.6281
80,142,4,-7043.7202,-3612.5759,-943.57
80,144,4,-6649.4644,-3815.856,-902.702
82,144,4,-7436.7739,-4241.7759,-1046.942
84,144,4,-8369.5264,-4725.7759,-1216.4241
86,144,4,-9465.75,-5273.6641,-1407.542
88,144,4,-10775.9307,-5912.5439,-1619.094
90,144,4,-12321.7021,-6661.7759,-1834.2521
92,144,4,-13578.9941,-7573.6318,-2024.1681
94,144,4,-13861.4639,-8489.3604,-2187.6401
94,146,4,-13728.042,-9014.0156,-2105.9041
92,146,4,-12997.2266,-8084.7358,-1950.8461
90,146,4,-11523.5742,-7097.376,-1765.738
88,146,4,-10113.6279,-6276.5122,-1560.196
86,146,4,-8896.002,-5577.6162,-1355.8561
84,146,4,-7873.1001,-4983.2642,-1169.546
82,146,4,-6990.832,-4460.5439,-1004.872
80,146,4,-6238.3799,-4003.6479,-863.036
80,148,4,-5793.6401,-4154.6558,-816.158
82,148,4,-6469.1641,-4632.8481,-948.378
84,148,4,-7261.2822,-5178.7998,-1103.436
86,148,4,-8195.2363,-5809.936,-1276.524
88,148,4,-9287.8545,-6545.6157,-1467.642
90,148,4,-10557.166,-7411.0078,-1665.972
92,148,4,-12009.1826,-8429.3438,-1841.464
94,148,4,-13113.8203,-9391.5361,-1991.714
94,150,4,-12117.3623,-9618.0479,-1875.12
92,150,4,-10935.7959,-8688.7676,-1741.698
90,150,4,-9644.8486,-7651.0718,-1574.62
88,150,4,-8516.1699,-6764.3838,-1391.916
86,150,4,-7532.9341,-5999.6641,-1210.4141
84,150,4,-6684.3223,-5345.2959,-1044.538
82,150,4,-5960.7183,-4778.0479,-897.894
80,150,4,-5338.082,-4282.4321,-771.684
80,152,4,-4851.272,-4369.5518,-722.402
82,152,4,-5390.9702,-4872.9121,-837.794
84,152,4,-6025.626,-5453.7119,-972.418
86,152,4,-6762.4521,-6117.7598,-1125.072
88,152,4,-7627.8921,-6892.1602,-1292.15
90,152,4,-8621.9463,-7786.5918,-1461.6321
92,152,4,-9759.0381,-8818.4795,-1608.276
94,152,4,-10756.6982,-9763.248,-1735.688
94,154,4,-9581.1426,-9815.5195,-1596.256
92,154,4,-8680.8438,-8905.5996,-1490.48
90,154,4,-7698.8101,-7867.9038,-1355.8561
88,154,4,-6833.3701,-6969.6001,-1200.798
86,154,4,-6076.1104,-6189.3921,-1048.144
84,154,4,-5424.626,-5521.4722,-907.51
82,154,4,-4863.292,-4936.7998,-781.3
80,154,4,-4377.6841,-4425.6958,-671.918
80,156,4,-3870.4402,-4439.248,-615.424
82,156,4,-4274.312,-4944.5439,-713.988
84,156,4,-4743.0923,-5525.3437,-828.178
86,156,4,-5288.8003,-6189.3921,-954.388
88,156,4,-5922.2539,-6963.792,-1093.8201
90,156,4,-6651.8682,-7854.3521,-1232.05
92,156,4,-7482.4502,-8886.2402,-1352.25
94,156,4,-8195.2363,-9796.1602,-1447.208
94,158,4,-7118.2441,-9720.6563,-1298.16
92,158,4,-6406.6602,-8822.3516,-1222.4341
90,158,4,-5721.52,-7805.9521,-1119.062
88,158,4,-5121.7222,-6923.1357,-997.66
86,158,4,-4596.4482,-6162.2881,-872.652
84,158,4,-4140.8901,-5505.9839,-757.26
82,158,4,-3747.8362,-4929.0562,-653.888
80,158,4,-3402.8621,-4425.6958,-563.738
80,160,4,-2929.2742,-4375.3599,-509.648
82,160,4,-3198.522,-4859.3599,-588.98
84,160,4,-3511.042,-5420.7998,-680.332
86,160,4,-3869.238,-6061.6162,-782.502
88,160,4,-4281.5239,-6803.104,-890.682
90,160,4,-4751.5059,-7660.752,-997.66
92,160,4,-5282.79,-8651.9844,-1086.608
94,160,4,-5722.7222,-9521.248,-1151.516
94,162,4,-4655.3462,-9281.1836,-1003.67
92,162,4,-4245.4639,-8435.1523,-956.792
90,162,4,-3862.0261,-7478.7681,-884.672
88,162,4,-3513.446,-6652.0962,-793.32
86,162,4,-3204.532,-5937.7119,-698.362
84,162,4,-2929.2742,-5316.2559,-608.212
82,162,4,-2688.874,-4772.2397,-527.678
80,162,4,-2472.5142,-4297.9199,-455.558
80,164,4,-2033.7841,-4191.4399,-400.266
82,164,4,-2182.832,-4642.5278,-460.366
84,164,4,-2348.708,-5157.5039,-531.284
86,164,4,-2536.22,-5744.1118,-607.01
88,164,4,-2746.5701,-6423.6479,-688.746
90,164,4,-2972.5461,-7201.9199,-765.674
92,164,4,-3212.946,-8106.0317,-825.774
94,164,4,-3392.0439,-8880.4316,-861.834
94,166,4,-2434.05,-8477.7441,-726.008
92,166,4,-2286.2041,-7740.1279,-706.776
90,166,4,-2174.418,-6901.8398,-659.898
88,166,4,-2053.0161,-6171.9678,-598.596
86,166,4,-1932.816,-5535.0239,-530.082
84,166,4,-1821.03,-4981.3281,-465.174
82,166,4,-1716.4561,-4493.4561,-403.872
80,166,4,-1620.296,-4061.728,-352.186
80,168,4,-1230.848,-3910.72,-301.702
82,168,4,-1272.918,-4309.5361,-344.974
84,168,4,-1316.1901,-4762.5601,-393.054
86,168,4,-1357.058,-5277.5361,-448.346
88,168,4,-1393.118,-5860.272,-503.638
90,168,4,-1417.1581,-6526.2559,-554.122
92,168,4,-1415.9561,-7285.168,-587.778
94,168,4,-1382.3,-7920.1758,-598.596
94,170,4,-605.808,-7405.2002,-480.8
92,170,4,-641.868,-6806.9761,-480.8
90,170,4,-736.826,-6131.312,-457.962
88,170,4,-793.32,-5535.0239,-420.7
86,170,4,-828.178,-5002.624,-376.226
84,170,4,-847.41,-4532.1758,-331.752
82,170,4,-858.228,-4114.0,-292.086
80,170,4,-860.632,-3742.2881,-256.026
80,172,4,-530.082,-3560.304,-209.148
82,172,4,-486.81,-3899.104,-236.794
84,172,4,-429.114,-4274.688,-265.642
86,172,4,-356.994,-4694.7998,-299.298
88,172,4,-263.238,-5172.9922,-334.156
90,172,4,-140.634,-5703.4561,-363.004
92,172,4,28.848,-6290.064,-378.63
94,172,4,198.33,-6768.2559,-372.62
94,174,4,726.008,-6264.896,-268.046
92,174,4,610.616,-5775.0879,-284.874
90,174,4,388.246,-5271.728,-277.662
88,174,4,215.158,-4809.0239,-258.43
86,174,4,72.12,-4388.9121,-234.39
84,174,4,-40.868,-4011.3921,-209.148
82,174,4,-137.028,-3670.656,-186.31
80,174,4,-215.158,-3360.896,-164.674
80,176,4,60.1,-3155.6799,-121.402
82,176,4,167.078,-3432.5281,-135.826
84,176,4,294.49,-3736.48,-150.25
86,176,4,444.74,-4069.4719,-165.876
88,176,4,623.838,-4435.376,-180.3
90,176,4,836.592,-4834.1919,-192.32
92,176,4,1097.426,-5262.0479,-191.118
94,176,4,1328.2101,-5595.04,-171.886
94,178,4,1708.042,-5105.2319,-75.726
92,178,4,1510.9141,-4779.9839,-100.968
90,178,4,1232.05,-4417.9521,-110.584
88,178,4,991.65,-4075.28,-109.382
86,178,4,782.502,-3753.9041,-104.574
84,178,4,604.606,-3459.6321,-96.16
82,178,4,449.548,-3190.5281,-87.746
80,178,4,316.126,-2944.656,-80.534
80,180,4,537.294,-2727.824,-42.07
82,180,4,689.948,-2940.7839,-42.07
84,180,4,867.844,-3175.04,-42.07
86,180,4,1069.78,-3428.656,-42.07
88,180,4,1302.968,-3709.376,-38.464
90,180,4,1565.004,-4003.6479,-30.05
92,180,4,1859.494,-4315.3437,-12.02
94,180,4,2102.2981,-4557.3437,22.838
94,180,6,2147.9741,-4632.8481,144.24
92,180,6,1902.766,-4377.2959,106.978
90,180,6,1596.256,-4059.792,82.938
88,180,6,1328.2101,-3757.7759,66.11
86,180,6,1090.214,-3473.1841,54.09
84,180,6,884.672,-3211.824,45.676
82,180,6,704.372,-2971.76,39.666
80,180,6,550.516,-2752.9919,33.656
80,178,6,322.136,-2969.824,13.222
82,178,6,453.154,-3217.6321,15.626
84,178,6,609.414,-3490.6079,19.232
86,178,6,789.714,-3788.752,22.838
88,178,6,1001.266,-4114.0,30.05
90,178,6,1250.0801,-4462.48,40.868
92,178,6,1540.964,-4830.3198,60.1
94,178,6,1796.99,-5114.9121,90.15
94,176,6,1443.6021,-5567.936,32.454
92,176,6,1140.698,-5310.4478,12.02
90,176,6,867.844,-4878.7202,-2.404
88,176,6,646.676,-4479.9038,-9.616
86,176,6,462.77,-4108.1919,-10.818
84,176,6,310.116,-3769.3921,-10.818
82,176,6,180.3,-3461.5679,-10.818
80,176,6,72.12,-3180.8479,-9.616
80,174,6,-212.754,-3388.0,-31.252
82,174,6,-135.826,-3695.824,-36.06
84,174,6,-39.666,-4042.3679,-39.666
86,174,6,75.726,-4423.7598,-44.474
88,174,6,222.37,-4845.8081,-45.676
90,174,6,407.478,-5312.3838,-43.272
92,174,6,645.474,-5817.6802,-30.05
94,174,6,873.854,-6220.3682,-7.212
94,172,6,316.126,-6768.2559,-61.302
92,172,6,74.524,-6340.3999,-75.726
90,172,6,-114.19,-5751.856,-85.342
88,172,6,-250.016,-5219.4561,-85.342
86,172,6,-349.782,-4739.3281,-79.332
84,172,6,-423.104,-4311.4722,-70.918
82,172,6,-479.598,-3928.144,-62.504
80,172,6,-524.072,-3583.5359,-54.09
80,170,6,-864.238,-3769.3921,-76.928
82,170,6,-861.834,-4141.104,-88.948
84,170,6,-851.016,-4561.2158,-100.968
86,170,6,-829.38,-5035.5361,-112.988
88,170,6,-789.714,-5571.8081,-123.806
90,170,6,-718.796,-6173.9038,-127.412
92,170,6,-602.202,-6845.6958,-120.2
94,170,6,-465.174,-7407.1357,-103.372
94,168,6,-1252.484,-7943.4077,-158.664
92,168,6,-1371.4821,-7347.1201,-164.674
90,168,6,-1399.1281,-6588.208,-170.684
88,168,6,-1389.5121,-5918.3521,-162.27
86,168,6,-1360.6641,-5325.936,-147.846
84,168,6,-1320.998,-4807.0879,-131.018
82,168,6,-1278.928,-4346.3198,-114.19
80,168,6,-1233.2521,-3941.696,-99.766
80,166,6,-1626.306,-4090.7681,-122.604
82,166,6,-1723.6681,-4520.5601,-141.836
84,166,6,-1825.838,-5012.3042,-163.472
86,166,6,-1935.2201,-5571.8081,-183.906
88,166,6,-2047.006,-6212.624,-203.138
90,166,6,-2152.782,-6946.3682,-215.158
92,166,6,-2236.9221,-7784.6558,-212.754
94,166,6,-2272.9819,-8504.8477,-204.34
94,164,6,-3279.0562,-8940.4482,-260.834
92,164,6,-3173.28,-8181.5361,-260.834
90,164,6,-2965.334,-7277.4238,-259.632
88,164,6,-2757.3879,-6489.4722,-244.006
86,164,6,-2555.4521,-5800.2559,-219.966
84,164,6,-2369.1421,-5205.9038,-193.522
82,164,6,-2200.8621,-4683.1841,-169.482
80,164,6,-2048.208,-4222.416,-146.644
80,162,6,-2484.5339,-4328.896,-171.886
82,162,6,-2696.0859,-4803.2158,-197.128
84,162,6,-2935.2839,-5349.168,-227.178
86,162,6,-3206.936,-5974.4961,-257.228
88,162,6,-3508.6382,-6696.624,-287.278
90,162,6,-3840.3901,-7527.168,-308.914
92,162,6,-4190.1719,-8487.4238,-312.52
94,162,6,-4457.0161,-9331.5195,-316.126
94,160,6,-5616.9463,-9600.624,-376.226
92,160,6,-5261.1543,-8742.9756,-361.802
90,160,6,-4770.7383,-7742.064,-353.388
88,160,6,-4319.9883,-6878.6079,-325.742
86,160,6,-3912.51,-6123.5679,-292.086
84,160,6,-3554.314,-5475.0078,-257.228
82,160,6,-3234.582,-4905.8237,-223.572
80,160,6,-2955.718,-4408.272,-192.32
80,158,6,-3419.6899,-4456.6719,-216.36
82,158,6,-3763.4622,-4960.0317,-250.016
84,158,6,-4155.314,-5538.896,-288.48
86,158,6,-4607.2661,-6202.9438,-329.348
88,158,6,-5125.3281,-6971.5361,-367.812
90,158,6,-5707.0962,-7860.1602,-400.266
92,158,6,-6352.5703,-8884.3037,-412.286
94,158,6,-6893.4702,-9798.0957,-429.114
94,156,6,-8036.5723,-9883.2803,-502.436
92,156,6,-7480.0459,-8979.168,-466.376
90,156,6,-6693.938,-7939.5361,-448.346
88,156,6,-5983.5562,-7039.2959,-411.084
86,156,6,-5354.9102,-6255.2158,-366.61
84,156,6,-4808.0,-5581.4878,-320.934
82,156,6,-4327.2002,-4989.0718,-277.662
80,156,6,-3910.106,-4474.0962,-237.996
80,154,6,-4380.0879,-4454.7358,-260.834
82,154,6,-4859.686,-4965.8398,-302.904
84,154,6,-5415.0103,-5554.3838,-349.782
86,154,6,-6058.0801,-6233.9199,-399.064
88,154,6,-6799.7144,-7019.936,-449.548
90,154,6,-7644.7202,-7925.9839,-492.82
92,154,6,-8581.0781,-8967.5518,-518.062
94,154,6,-9390.0244,-9914.2559,-546.91
94,152,6,-10554.7617,-9867.792,-614.222
92,152,6,-9731.3926,-8911.4082,-566.142
90,152,6,-8651.9961,-7867.9038,-538.496
88,152,6,-7680.7803,-6965.728,-491.618
86,152,6,-6820.1479,-6179.7119,-436.326
84,152,6,-6073.7061,-5500.1758,-381.034
82,152,6,-5430.6362,-4913.5679,-328.146
80,152,6,-4872.9082,-4402.4639,-283.672
80,150,6,-5338.082,-4313.4082,-304.106
82,150,6,-5953.5063,-4810.96,-352.186
84,150,6,-6675.9082,-5385.9521,-407.478
86,150,6,-7513.7021,-6046.1279,-465.174
88,150,6,-8482.5137,-6816.6558,-524.072
90,150,6,-9596.7686,-7711.0879,-576.96
92,150,6,-10837.2324,-8748.7842,-608.212
94,150,6,-11939.4658,-9724.5283,-651.484
94,148,6,-12974.3887,-9507.6963,-703.17
92,148,6,-11999.5664,-8518.4004,-645.474
90,148,6,-10600.4385,-7496.1919,-611.818
88,148,6,-9347.9541,-6624.9922,-557.728
86,148,6,-8255.3359,-5875.7598,-496.426
84,148,6,-7317.7764,-5234.9438,-433.922
82,148,6,-6510.0322,-4677.376,-378.63
80,148,6,-5814.0742,-4191.4399,-326.944
80,146,6,-6247.9961,-4038.4961,-346.176
82,146,6,-6993.2363,-4499.2642,-401.468
84,146,6,-7867.0903,-5023.9199,-461.568
86,146,6,-8885.1846,-5626.0161,-524.072
88,146,6,-10090.79,-6332.6558,-588.98
90,146,6,-11481.5039,-7159.3281,-643.07
92,146,6,-12935.9238,-8150.5601,-670.716
94,146,6,-13685.9727,-9112.752,-713.988
94,144,6,-13859.0605,-8603.584,-742.836
92,144,6,-13577.792,-7654.9438,-693.554
90,144,6,-12379.3984,-6739.2158,-664.706
88,144,6,-10856.4639,-5982.2397,-611.818
86,144,6,-9549.8906,-5341.4238,-544.506
84,144,6,-8442.8486,-4785.792,-478.396
82,144,6,-7486.0562,-4297.9199,-419.498
80,144,6,-6675.9082,-3860.384,-361.802
80,142,6,-7056.9419,-3647.4241,-379.832
82,142,6,-7901.9482,-4046.24,-438.73
84,142,6,-8893.5986,-4495.3921,-503.638
86,142,6,-10061.9424,-4987.1357,-572.152
88,142,6,-11452.6563,-5550.5122,-635.858
90,142,6,-12958.7627,-6191.3281,-685.14
92,142,6,-13814.5859,-6963.792,-709.18
94,142,6,-13878.292,-7763.3599,-741.634
94,140,6,-13881.8984,-6781.8081,-757.26
92,140,6,-13857.8584,-6154.5439,-724.806
90,140,6,-13409.5127,-5591.168,-709.18
88,140,6,-12024.8086,-5089.7441,-658.696
86,140,6,-10582.4082,-4623.168,-592.586
84,140,6,-9367.1865,-4191.4399,-521.668
82,140,6,-8325.0518,-3792.624,-454.356
80,140,6,-7421.1479,-3424.7839,-391.852
80,138,6,-7745.688,-3180.8479,-409.882
82,138,6,-8647.1885,-3515.7759,-472.386
84,138,6,-9708.5537,-3875.8721,-544.506
86,138,6,-10934.5938,-4243.7119,-613.02
88,138,6,-12373.3887,-4611.5518,-681.534
90,138,6,-13559.7627,-4952.2881,-733.22
92,138,6,-13862.666,-5252.3682,-746.442
94,138,6,-13893.918,-5459.52,-764.472
94,136,6,-13890.3125,-4371.4878,-802.936
92,136,6,-13867.4746,-4466.3521,-783.704
90,136,6,-13633.084,-4412.144,-769.28
88,136,6,-12647.4443,-4199.1841,-716.392
86,136,6,-11292.79,-3904.9119,-643.07
84,136,6,-10071.5586,-3577.728,-568.546
82,136,6,-9002.9805,-3248.6079,-494.022
80,136,6,-8058.208,-2931.104,-425.508
80,134,6,-8343.082,-2671.6799,-443.538
82,134,6,-9286.6523,-2973.696,-513.254
84,134,6,-10358.8359,-3295.072,-591.384
86,134,6,-11547.6143,-3606.7681,-671.918
88,134,6,-12796.4922,-3877.8079,-752.452
90,134,6,-13641.498,-4032.688,-814.956
92,134,6,-13860.2627,-3951.376,-838.996
94,134,6,-13883.1006,-3562.24,-864.238
94,132,6,-13872.2822,-3467.376,-953.186
92,132,6,-13856.6563,-3877.8079,-920.732
90,132,6,-13660.7305,-3908.7839,-877.46
88,132,6,-12990.0146,-3697.76,-801.734
86,132,6,-11881.7705,-3382.1919,-713.988
84,132,6,-10699.002,-3039.52,-623.838
82,132,6,-9611.1924,-2706.5281,-538.496
80,132,6,-8625.5518,-2404.512,-462.77
80,130,6,-8894.7998,-2116.0481,-480.8
82,130,6,-9903.2783,-2420.0,-560.132
84,130,6,-11022.3398,-2782.032,-655.09
86,130,6,-12207.5127,-3188.592,-754.856
88,130,6,-13214.7881,-3626.1279,-859.43
90,130,6,-13714.8203,-4034.624,-955.59
92,130,6,-13847.04,-4297.9199,-1028.912
94,130,6,-13865.0703,-4216.6079,-1098.6281
94,128,6,-13862.666,-5610.5278,-1272.918
92,128,6,-13862.666,-5124.5918,-1165.9401
90,128,6,-13831.4141,-4338.5762,-1056.558
88,128,6,-13545.3379,-3608.7041,-932.752
86,128,6,-12663.0703,-2993.0559,-807.744
84,128,6,-11450.252,-2497.4399,-692.352
82,128,6,-10261.4746,-2102.4961,-588.98
80,128,6,-9173.6641,-1788.864,-498.83
80,126,6,-9433.2959,-1415.2159,-514.456
82,126,6,-10580.0039,-1713.36,-610.616
84,126,6,-11879.3662,-2127.6641,-723.604
86,126,6,-13106.6084,-2692.9761,-854.622
88,126,6,-13756.8906,-3488.6719,-1002.468
90,126,6,-13861.4639,-4594.1279,-1162.334
92,126,6,-13877.0898,-6104.208,-1325.806
94,126,6,-13879.4941,-7664.624,-1507.308
94,124,6,-13901.1299,-9517.376,-1752.516
92,124,6,-13897.5244,-6727.6001,-1495.2881
90,124,6,-13884.3027,-4526.3682,-1277.7261
88,124,6,-13855.4541,-3122.7681,-1078.194
86,124,6,-13533.3184,-2220.592,-906.308
84,124,6,-12362.5703,-1633.984,-757.26
82,124,6,-10923.7764,-1242.912,-632.252
80,124,6,-9659.2725,-975.744,-528.88
80,122,6,-9833.5625,-466.576,-537.294
82,122,6,-11170.1865,-654.368,-645.474
84,122,6,-12700.332,-960.256,-778.896
86,122,6,-13717.2246,-1457.808,-938.762
88,122,6,-13874.6865,-2296.0959,-1135.89
90,122,6,-13897.5244,-3713.248,-1369.078
92,122,6,-13911.9482,-6204.8799,-1644.3361
94,122,6,-13921.5645,-10700.2715,-1974.886
94,120,6,-13928.7764,-7848.5439,-2132.3481
92,120,6,-13920.3623,-3974.6079,-1752.516
90,120,6,-13909.5439,-2009.568,-1436.39
88,120,6,-13887.9082,-966.064,-1175.556
86,120,6,-13841.0303,-402.688,-964.004
84,120,6,-12979.1963,-108.416,-790.916
82,120,6,-11396.1621,48.4,-652.686
80,120,6,-9951.3584,123.904,-545.708
80,120,8,-9997.0342,108.416,129.816
82,120,8,-11419.0,29.04,145.442
84,120,8,-12994.8223,-135.52,161.068
86,120,8,-13838.626,-441.408,177.896
88,120,8,-13887.9082,-1020.272,198.33
90,120,8,-13905.9385,-2075.3921,212.754
92,120,8,-13920.3623,-4048.176,222.37
94,120,8,-13932.3818,-7968.5762,215.158
94,122,8,-13923.9678,-10891.9355,218.764
92,122,8,-13910.7461,-6355.8882,231.986
90,122,8,-13903.5342,-3810.0481,228.38
88,122,8,-13879.4941,-2352.24,213.956
86,122,8,-13770.1123,-1488.7839,195.926
84,122,8,-12821.7344,-979.616,177.896
82,122,8,-11303.6084,-665.984,159.866
80,122,8,-9926.1162,-468.512,140.634
80,124,8,-9742.21,-981.552,144.24
82,124,8,-10997.0986,-1254.528,163.472
84,124,8,-12434.6904,-1653.344,181.502
86,124,8,-13560.9639,-2251.5679,204.34
88,124,8,-13854.252,-3167.2959,228.38
90,124,8,-13883.1006,-4603.8081,254.824
92,124,8,-13895.1201,-6843.7598,276.46
94,124,8,-13909.5439,-9769.0557,233.188
94,126,8,-13890.3125,-8032.4639,328.146
92,126,8,-13886.7061,-6274.5762,343.772
90,126,8,-13867.4746,-4704.48,300.5
88,126,8,-13797.7578,-3562.24,263.238
86,126,8,-13224.4043,-2741.376,230.784
84,126,8,-12018.7979,-2156.7041,199.532
82,126,8,-10690.5879,-1726.912,171.886
80,126,8,-9519.8398,-1419.088,152.654
80,128,8,-9244.582,-1790.8,158.664
82,128,8,-10321.5742,-2110.24,185.108
84,128,8,-11506.7461,-2514.864,213.956
86,128,8,-12712.3525,-3024.032,248.814
88,128,8,-13552.5498,-3660.9761,293.288
90,128,8,-13839.8281,-4425.6958,347.378
92,128,8,-13859.0605,-5262.0479,417.094
94,128,8,-13868.6758,-5898.9922,445.942
94,130,8,-13862.666,-4416.0161,545.708
92,130,8,-13850.6465,-4412.144,492.82
90,130,8,-13725.6387,-4117.8721,397.862
88,130,8,-13279.6963,-3686.144,328.146
86,130,8,-12310.8838,-3229.248,271.652
84,130,8,-11128.1162,-2811.072,228.38
82,130,8,-9999.4385,-2439.3601,194.724
80,130,8,-8970.5264,-2121.856,168.28
80,132,8,-8689.2578,-2404.512,175.492
82,132,8,-9658.0703,-2712.3359,206.744
84,132,8,-10736.2646,-3053.072,246.41
86,132,8,-11909.416,-3403.488,295.692
88,132,8,-12996.0244,-3734.5439,363.004
90,132,8,-13661.9326,-3966.864,449.548
92,132,8,-13854.252,-3962.9919,563.738
94,132,8,-13874.6865,-3600.96,638.262
94,134,8,-13880.6963,-3620.3201,704.372
92,134,8,-13861.4639,-4001.7119,619.03
90,134,8,-13654.7207,-4071.408,483.204
88,134,8,-12850.582,-3912.656,387.044
86,134,8,-11628.1484,-3631.936,313.722
84,134,8,-10445.3799,-3312.4961,258.43
82,134,8,-9365.9844,-2985.312,215.158
80,134,8,-8407.9902,-2675.552,183.906
80,136,8,-8115.9043,-2929.168,187.512
82,136,8,-9041.4443,-3248.6079,222.37
84,136,8,-10096.7998,-3579.6641,266.844
86,136,8,-11306.0117,-3912.656,325.742
88,136,8,-12645.04,-4210.7998,405.074
90,136,8,-13628.2764,-4427.6318,509.648
92,136,8,-13866.2725,-4485.7119,647.878
94,136,8,-13884.3027,-4332.7681,747.644
94,138,8,-13886.7061,-5420.7998,756.058
92,138,8,-13862.666,-5254.3042,662.302
90,138,8,-13574.1865,-4961.9678,515.658
88,138,8,-12437.0938,-4623.168,412.286
86,138,8,-11015.1279,-4253.3921,330.55
84,138,8,-9796.2998,-3883.616,270.45
82,138,8,-8732.5303,-3519.6479,225.976
80,138,8,-7816.606,-3178.9119,191.118
80,140,8,-7478.8442,-3415.104,191.118
82,140,8,-8358.708,-3784.8799,228.38
84,140,8,-9384.0146,-4185.6318,274.056
86,140,8,-10584.8125,-4615.4238,332.954
88,140,8,-12003.1719,-5080.064,409.882
90,140,8,-13383.0684,-5579.5518,515.658
92,140,8,-13856.6563,-6133.248,649.08
94,140,8,-13884.3027,-6677.2642,739.23
94,142,8,-13877.0898,-7711.0879,701.968
92,142,8,-13825.4043,-6957.9839,622.636
90,142,8,-12994.8223,-6193.2642,496.426
88,142,8,-11533.1904,-5554.3838,400.266
86,142,8,-10147.2842,-4992.9438,326.944
84,142,8,-8984.9502,-4499.2642,268.046
82,142,8,-7982.4819,-4050.1121,224.774
80,142,8,-7119.4463,-3647.4241,188.714
80,144,8,-6723.9883,-3854.5759,186.31
82,144,8,-7522.1162,-4284.3682,219.966
84,144,8,-8462.0801,-4774.1758,265.642
86,144,8,-9558.3037,-5327.8721,318.53
88,144,8,-10851.6563,-5964.8159,388.246
90,144,8,-12361.3682,-6715.9839,474.79
92,144,8,-13565.7725,-7620.0962,588.98
94,144,8,-13857.8584,-8537.7598,651.484
94,146,8,-13697.9922,-9070.1602,608.212
92,146,8,-12968.3779,-8144.752,550.516
90,146,8,-11558.4326,-7157.3921,447.144
88,146,8,-10180.9404,-6336.5278,366.61
86,146,8,-8980.1426,-5629.8882,302.904
84,146,8,-7960.8462,-5031.6641,253.622
82,146,8,-7068.9619,-4505.0718,213.956
80,146,8,-6310.5,-4042.3679,181.502
80,148,8,-5859.75,-4191.4399,175.492
82,148,8,-6543.688,-4675.4399,204.34
84,148,8,-7341.8159,-5231.0718,241.602
86,148,8,-8278.1738,-5866.0801,289.682
88,148,8,-9359.9746,-6607.5679,348.58
90,148,8,-10598.0342,-7472.96,421.902
92,148,8,-11980.334,-8493.2324,512.052
94,148,8,-13046.5078,-9467.04,557.728
94,150,8,-12013.9902,-9705.168,519.264
92,150,8,-10910.5537,-8760.4004,473.588
90,150,8,-9680.9082,-7722.7041,393.054
88,150,8,-8584.6846,-6832.144,328.146
86,150,8,-7611.064,-6059.6802,272.854
84,150,8,-6762.4521,-5399.5039,230.784
82,150,8,-6032.8379,-4820.6401,197.128
80,150,8,-5394.5762,-4323.0879,167.078
80,152,8,-4911.3721,-4408.272,159.866
82,152,8,-5457.0801,-4917.4399,183.906
84,152,8,-6094.1401,-5502.1118,215.158
86,152,8,-6833.3701,-6177.7759,254.824
88,152,8,-7680.7803,-6957.9839,302.904
90,152,8,-8644.7842,-7860.1602,365.408
92,152,8,-9718.1699,-8899.792,442.336
94,152,8,-10666.5479,-9863.9199,478.396
94,154,8,-9519.8398,-9916.1924,456.76
92,154,8,-8637.5723,-8990.7842,411.084
90,154,8,-7712.0322,-7949.2158,342.57
88,154,8,-6876.6421,-7045.104,287.278
86,154,8,-6136.21,-6255.2158,241.602
84,154,8,-5488.332,-5575.6802,205.542
82,154,8,-4923.3921,-4981.3281,176.694
80,154,8,-4430.5723,-4464.416,152.654
80,156,8,-3937.752,-4483.7759,145.442
82,156,8,-4345.23,-4994.8799,165.876
84,156,8,-4817.6162,-5585.3599,192.32
86,156,8,-5360.9199,-6259.0879,223.572
88,156,8,-5981.1523,-7041.2319,265.642
90,156,8,-6677.1104,-7941.4722,317.328
92,156,8,-7456.0063,-8979.168,382.236
94,156,8,-8120.7119,-9910.3838,413.488
94,158,8,-6987.2261,-9827.1357,403.872
92,158,8,-6382.6201,-8921.0879,359.398
90,158,8,-5753.9741,-7893.0718,300.5
88,158,8,-5181.8223,-7006.3838,253.622
86,158,8,-4667.3662,-6231.9839,215.158
84,158,8,-4213.0103,-5564.064,186.31
82,158,8,-3810.3401,-4979.3921,161.068
80,158,8,-3460.5581,-4466.3521,141.836
80,160,8,-2978.5562,-4416.0161,135.826
82,160,8,-3253.814,-4909.6958,153.856
84,160,8,-3567.5361,-5476.9438,174.29
86,160,8,-3922.126,-6125.5039,200.734
88,160,8,-4321.1899,-6876.6719,234.39
90,160,8,-4761.1221,-7742.064,277.662
92,160,8,-5238.3159,-8741.04,334.156
94,160,8,-5632.5723,-9627.7275,366.61
94,162,8,-4600.0542,-9391.5361,372.62
92,162,8,-4190.1719,-8516.4639,317.328
90,162,8,-3858.4202,-7554.272,265.642
88,162,8,-3527.8701,-6719.856,228.38
86,162,8,-3229.7742,-5993.856,195.926
84,162,8,-2959.324,-5364.6558,170.684
82,162,8,-2712.9141,-4810.96,149.048
80,162,8,-2497.7561,-4330.832,131.018
80,164,8,-2054.218,-4224.3521,125.008
82,164,8,-2205.6699,-4681.248,140.634
84,164,8,-2372.748,-5202.0317,157.462
86,164,8,-2555.4521,-5798.3198,180.3
88,164,8,-2752.5801,-6483.6641,207.946
90,164,8,-2952.1121,-7269.6802,244.006
92,164,8,-3145.634,-8177.6641,290.884
94,164,8,-3281.46,-8967.5518,322.136
94,166,8,-2333.082,-8557.1201,318.53
92,166,8,-2220.094,-7804.0161,274.056
90,166,8,-2147.9741,-6963.792,231.986
88,166,8,-2053.0161,-6231.9839,200.734
86,166,8,-1944.8361,-5585.3599,174.29
84,166,8,-1837.858,-5027.792,153.856
82,166,8,-1734.4861,-4532.1758,134.624
80,166,8,-1637.124,-4094.6399,120.2
80,168,8,-1240.464,-3945.5679,120.2
82,168,8,-1283.7361,-4348.2559,132.22
84,168,8,-1324.604,-4807.0879,147.846
86,168,8,-1364.27,-5327.8721,167.078
88,168,8,-1388.3101,-5920.2881,188.714
90,168,8,-1389.5121,-6588.208,217.562
92,168,8,-1351.048,-7349.0562,254.824
94,168,8,-1282.5341,-7995.6802,284.874
94,170,8,-538.496,-7492.3198,287.278
92,170,8,-581.768,-6866.9922,240.4
90,170,8,-709.18,-6191.3281,207.946
88,170,8,-787.31,-5593.104,182.704
86,170,8,-830.582,-5054.896,162.27
84,170,8,-853.42,-4578.6401,145.442
82,170,8,-864.238,-4152.7202,131.018
80,170,8,-866.642,-3777.136,117.796
80,172,8,-528.88,-3589.344,115.392
82,172,8,-485.608,-3933.9519,127.412
84,172,8,-426.71,-4317.2798,140.634
86,172,8,-352.186,-4743.2002,156.26
88,172,8,-250.016,-5225.2642,175.492
90,172,8,-108.18,-5757.6641,197.128
92,172,8,90.15,-6344.272,224.774
94,172,8,289.682,-6828.272,252.42
94,174,8,842.602,-6292.0,256.026
92,174,8,669.514,-5833.168,216.36
90,174,8,423.104,-5327.8721,189.916
88,174,8,233.188,-4861.2959,169.482
86,174,8,84.14,-4437.312,151.452
84,174,8,-33.656,-4053.9839,137.028
82,174,8,-129.816,-3705.5039,123.806
80,174,8,-209.148,-3391.8721,112.988
80,176,8,70.918,-3184.72,115.392
82,176,8,179.098,-3465.4399,126.21
84,176,8,308.914,-3775.2,139.432
86,176,8,462.77,-4114.0,153.856
88,176,8,649.08,-4485.7119,169.482
90,176,8,875.056,-4886.4639,188.714
92,176,8,1155.1221,-5318.1919,211.552
94,176,8,1409.946,-5662.7998,239.198
94,178,8,1781.364,-5192.3521,252.42
92,178,8,1573.418,-4847.7441,212.754
90,178,8,1275.322,-4477.9678,189.916
88,178,8,1022.902,-4125.6162,169.482
86,178,8,806.542,-3800.3679,152.654
84,178,8,623.838,-3498.3521,138.23
82,178,8,466.376,-3223.4399,125.008
80,178,8,331.752,-2971.76,111.786
80,180,8,557.728,-2754.928,116.594
82,180,8,712.786,-2973.696,128.614
84,180,8,893.086,-3213.76,143.038
86,180,8,1099.8301,-3475.1199,158.664
88,180,8,1340.23,-3761.6479,176.694
90,180,8,1615.488,-4065.6001,197.128
92,180,8,1929.2101,-4388.9121,221.168
94,180,8,2193.6501,-4642.5278,252.42
94,180,10,2238.124,-4615.4238,337.762
92,180,10,1965.27,-4375.3599,314.924
90,180,10,1651.548,-4052.0481,293.288
88,180,10,1375.088,-3748.0959,269.248
86,180,10,1131.082,-3463.5039,246.41
84,180,10,921.934,-3204.0801,224.774
82,180,10,738.028,-2964.0159,204.34
80,180,10,579.364,-2743.312,187.512
80,178,10,352.186,-2958.208,201.936
82,178,10,486.81,-3206.0159,222.37
84,178,10,646.676,-3478.9919,245.208
86,178,10,831.784,-3775.2,269.248
88,178,10,1049.3461,-4098.5122,295.692
90,178,10,1304.17,-4446.9922,323.338
92,178,10,1603.468,-4812.896,347.378
94,178,10,1866.7061,-5103.2959,372.62
94,176,10,1565.004,-5486.624,375.024
92,176,10,1210.4141,-5277.5361,383.438
90,176,10,927.944,-4853.5518,355.792
88,176,10,699.564,-4456.6719,325.742
86,176,10,508.446,-4088.832,295.692
84,176,10,350.984,-3751.968,268.046
82,176,10,217.562,-3446.0801,242.804
80,176,10,104.574,-3167.2959,218.764
80,174,10,-177.896,-3372.512,237.996
82,174,10,-96.16,-3680.3359,265.642
84,174,10,3.606,-4023.0081,294.49
86,174,10,127.412,-4398.5918,326.944
88,174,10,280.066,-4814.832,363.004
90,174,10,473.588,-5275.6001,400.266
92,174,10,723.604,-5771.2158,433.922
94,174,10,960.398,-6170.0317,462.77
94,172,10,472.386,-6661.7759,494.022
92,172,10,164.674,-6284.2559,492.82
90,172,10,-39.666,-5709.2642,450.75
88,172,10,-185.108,-5188.48,407.478
86,172,10,-294.49,-4712.2241,365.408
84,172,10,-376.226,-4292.1118,328.146
82,172,10,-438.73,-3910.72,293.288
80,172,10,-488.012,-3569.9839,263.238
80,170,10,-825.774,-3751.968,286.076
82,170,10,-818.562,-4121.7441,320.934
84,170,10,-801.734,-4536.0479,360.6
86,170,10,-770.482,-5008.4321,405.074
88,170,10,-719.998,-5536.96,455.558
90,170,10,-635.858,-6127.4399,508.446
92,170,10,-501.234,-6789.5518,561.334
94,170,10,-350.984,-7349.0562,599.798
94,168,10,-1095.022,-7862.0962,661.1
92,168,10,-1250.0801,-7283.2319,640.666
90,168,10,-1300.564,-6537.8721,576.96
88,168,10,-1308.978,-5879.6318,515.658
86,168,10,-1294.5541,-5296.896,457.962
84,168,10,-1264.504,-4783.856,405.074
82,168,10,-1229.646,-4328.896,359.398
80,168,10,-1191.182,-3926.208,318.53
80,166,10,-1581.832,-4075.28,346.176
82,166,10,-1671.9821,-4503.1357,390.65
84,166,10,-1766.9401,-4991.0078,444.74
86,166,10,-1864.302,-5542.7681,503.638
88,166,10,-1960.462,-6175.8398,573.354
90,166,10,-2045.8041,-6901.8398,646.676
92,166,10,-2103.5,-7726.5762,724.806
94,166,10,-2120.3281,-8444.832,775.29
94,164,10,-2966.5361,-8828.1602,826.976
92,164,10,-3027.8381,-8125.3921,817.36
90,164,10,-2849.9421,-7230.96,729.614
88,164,10,-2664.834,-6454.624,644.272
86,164,10,-2479.7261,-5773.1519,566.142
84,164,10,-2306.6379,-5184.6079,496.426
82,164,10,-2147.9741,-4667.6958,435.124
80,164,10,-2002.532,-4210.7998,382.236
80,162,10,-2435.252,-4315.3437,411.084
82,162,10,-2638.3901,-4785.792,469.982
84,162,10,-2866.77,-5327.8721,537.294
86,162,10,-3123.998,-5947.3921,616.626
88,162,10,-3406.468,-6663.7119,705.574
90,162,10,-3712.978,-7486.5117,805.34
92,162,10,-4032.71,-8435.1523,909.914
94,162,10,-4281.5239,-9285.0557,976.024
94,160,10,-5371.7383,-9548.3516,1061.366
92,160,10,-5086.8643,-8690.7041,1014.488
90,160,10,-4630.104,-7703.3437,899.096
88,160,10,-4207.0,-6847.6318,787.31
86,160,10,-3819.9561,-6098.3999,685.14
84,160,10,-3476.1841,-5453.7119,594.99
82,160,10,-3170.876,-4890.3359,516.86
80,160,10,-2901.6282,-4396.6558,449.548
80,158,10,-3361.9941,-4443.1201,482.002
82,158,10,-3694.948,-4944.5439,554.122
84,158,10,-4073.5781,-5521.4722,639.464
86,158,10,-4507.5,-6179.7119,740.432
88,158,10,-5005.1279,-6946.3682,854.622
90,158,10,-5560.4521,-7827.248,980.832
92,158,10,-6168.6641,-8841.7119,1113.052
94,158,10,-6690.332,-9759.376,1193.5861
94,156,10,-7746.8901,-9850.3682,1259.696
92,156,10,-7293.7363,-8936.5762,1222.4341
90,156,10,-6541.2842,-7910.4961,1078.194
88,156,10,-5859.75,-7014.1279,939.964
86,156,10,-5255.144,-6237.792,813.754
84,156,10,-4726.2642,-5567.936,701.968
82,156,10,-4261.0898,-4981.3281,607.01
80,156,10,-3857.218,-4466.3521,525.274
80,154,10,-4323.5942,-4448.9277,558.93
82,154,10,-4792.374,-4956.1602,645.474
84,154,10,-5332.0723,-5544.7041,748.846
86,154,10,-5953.5063,-6216.4961,870.248
88,154,10,-6673.5039,-6996.7041,1009.68
90,154,10,-7486.0562,-7895.0078,1163.536
92,154,10,-8387.5566,-8928.832,1324.604
94,154,10,-9186.8857,-9873.5996,1424.37
94,152,10,-10301.1406,-9829.0723,1508.51
92,152,10,-9525.8506,-8872.6875,1437.592
90,152,10,-8481.3125,-7840.7998,1260.8981
88,152,10,-7541.3481,-6942.4961,1092.618
86,152,10,-6708.3623,-6164.2241,941.166
84,152,10,-5987.1621,-5492.4321,808.946
82,152,10,-5357.314,-4907.7598,693.554
80,152,10,-4815.2119,-4394.7202,597.394
80,150,10,-5276.7803,-4309.5361,629.848
82,150,10,-5878.9819,-4807.0879,732.018
84,150,10,-6584.5562,-5378.208,853.42
86,150,10,-7399.5122,-6036.4478,997.66
88,150,10,-8343.082,-6799.2319,1163.536
90,150,10,-9418.8721,-7683.9839,1346.24
92,150,10,-10624.4785,-8712.0,1542.166
94,150,10,-11708.6826,-9676.1279,1663.568
94,148,10,-12784.4727,-9470.9121,1756.1221
92,148,10,-11777.1963,-8483.5518,1652.75
90,148,10,-10418.9365,-7474.896,1441.198
88,148,10,-9204.916,-6615.312,1242.868
86,148,10,-8137.54,-5871.8882,1063.77
84,148,10,-7222.8184,-5236.8799,911.116
82,148,10,-6435.5083,-4683.1841,778.896
80,148,10,-5757.5801,-4197.248,667.11
80,146,10,-6190.3003,-4046.24,695.958
82,146,10,-6919.9141,-4505.0718,810.148
84,146,10,-7774.5361,-5027.792,949.58
86,146,10,-8769.792,-5626.0161,1114.254
88,146,10,-9940.54,-6324.9121,1304.17
90,146,10,-11297.5986,-7143.8398,1520.53
92,146,10,-12759.2305,-8121.52,1754.92
94,146,10,-13617.458,-9081.7764,1911.1801
94,144,10,-13842.2324,-8601.6484,1997.724
92,144,10,-13496.0566,-7639.4561,1859.494
90,144,10,-12184.6738,-6737.2798,1608.276
88,144,10,-10705.0117,-5989.9839,1379.896
86,144,10,-9436.9023,-5351.104,1177.96
84,144,10,-8345.4863,-4803.2158,1000.064
82,144,10,-7424.7539,-4311.4722,854.622
80,144,10,-6627.8281,-3875.8721,730.816
80,142,10,-7008.8623,-3668.72,754.856
82,142,10,-7834.6362,-4065.6001,879.864
84,142,10,-8803.4482,-4512.8159,1032.5181
86,142,10,-9939.3379,-5006.4961,1212.818
88,142,10,-11292.79,-5564.064,1427.9761
90,142,10,-12797.6943,-6206.8159,1674.386
92,142,10,-13762.9004,-6971.5361,1944.8361
94,142,10,-13871.0801,-7759.4878,2128.7419
94,140,10,-13884.3027,-6843.7598,2198.458
92,140,10,-13848.2422,-6183.584,2016.9561
90,140,10,-13267.6758,-5622.144,1733.2841
88,140,10,-11863.7402,-5120.7202,1482.066
86,140,10,-10464.6123,-4656.0801,1260.8981
84,140,10,-9274.6318,-4224.3521,1072.184
82,140,10,-8260.1445,-3821.6641,914.722
80,140,10,-7375.4722,-3446.0801,780.098
80,138,10,-7702.416,-3207.9519,796.926
82,138,10,-8591.8965,-3546.752,929.146
84,138,10,-9626.8184,-3908.7839,1090.214
86,138,10,-10826.4141,-4282.4321,1282.5341
88,138,10,-12233.9561,-4658.0161,1508.51
90,138,10,-13480.4307,-5006.4961,1765.738
92,138,10,-13853.0498,-5312.3838,2061.4299
94,138,10,-13881.8984,-5527.2798,2275.386
94,136,10,-13883.1006,-4483.7759,2289.8101
92,136,10,-13860.2627,-4551.5361,2083.0659
90,136,10,-13575.3887,-4481.8398,1789.7781
88,136,10,-12548.8799,-4259.2002,1531.348
86,136,10,-11205.0439,-3955.248,1305.3721
84,136,10,-10009.0537,-3622.2559,1111.85
82,136,10,-8957.3037,-3287.3279,949.58
80,136,10,-8028.1582,-2965.9519,812.552
80,134,10,-8317.8398,-2708.4639,820.966
82,134,10,-9249.3906,-3016.2881,955.59
84,134,10,-10304.7461,-3345.408,1119.062
86,134,10,-11471.8887,-3666.7839,1308.978
88,134,10,-12711.1504,-3953.312,1533.7521
90,134,10,-13597.0244,-4123.6802,1787.374
92,134,10,-13850.6465,-4065.6001,2074.6521
94,134,10,-13872.2822,-3701.6321,2282.5981
94,132,10,-13869.8779,-3645.488,2252.5481
92,132,10,-13848.2422,-4011.3921,2055.4199
90,132,10,-13625.8721,-4017.2,1783.7681
88,132,10,-12921.5,-3784.8799,1537.358
86,132,10,-11824.0742,-3453.824,1318.594
84,132,10,-10661.7402,-3099.5359,1129.88
82,132,10,-9588.3545,-2756.864,967.61
80,132,10,-8618.3398,-2445.168,829.38
80,130,10,-8896.002,-2158.6399,834.188
82,130,10,-9897.2686,-2472.272,968.812
84,130,10,-11003.1084,-2843.9839,1127.4761
86,130,10,-12173.8564,-3266.032,1312.584
88,130,10,-13175.1221,-3724.864,1527.7421
90,130,10,-13695.5879,-4160.4639,1766.9401
92,130,10,-13845.8379,-4450.8638,2026.572
94,130,10,-13857.8584,-4406.3359,2214.084
94,128,10,-13861.4639,-5815.7441,2182.832
92,128,10,-13859.0605,-5285.2798,2014.552
90,128,10,-13829.0098,-4472.1602,1766.9401
88,128,10,-13523.7021,-3717.1199,1531.348
86,128,10,-12654.6563,-3080.176,1319.796
84,128,10,-11446.6465,-2569.072,1135.89
82,128,10,-10263.8779,-2160.5759,976.024
80,128,10,-9184.4824,-1835.328,837.794
80,126,10,-9448.9219,-1461.6799,840.198
82,126,10,-10594.4277,-1771.4399,974.822
84,126,10,-11890.1846,-2199.2959,1133.486
86,126,10,-13109.0127,-2783.968,1319.796
88,126,10,-13759.2939,-3600.96,1534.954
90,126,10,-13860.2627,-4733.52,1768.1421
92,126,10,-13878.292,-6276.5122,2019.36
94,126,10,-13879.4941,-7887.2642,2179.2261
94,124,10,-13896.3223,-9666.4482,2209.2761
92,124,10,-13896.3223,-6921.2002,2056.6221
90,124,10,-13883.1006,-4679.312,1796.99
88,124,10,-13857.8584,-3238.928,1550.5801
86,124,10,-13550.1465,-2311.584,1330.614
84,124,10,-12399.832,-1703.6799,1141.9
82,124,10,-10958.6338,-1299.056,979.63
80,124,10,-9691.7266,-1020.272,841.4
80,122,10,-9873.2285,-511.104,838.996
82,122,10,-11214.6602,-708.576,976.024
84,122,10,-12746.0078,-1028.016,1140.698
86,122,10,-13743.668,-1546.864,1335.422
88,122,10,-13874.6865,-2412.2561,1567.4081
90,122,10,-13899.9287,-3870.064,1831.848
92,122,10,-13911.9482,-6415.9038,2120.3281
94,122,10,-13916.7559,-10975.1836,2426.8381
94,120,10,-13925.1699,-8144.752,2583.0981
92,120,10,-13916.7559,-4172.0801,2211.6799
90,120,10,-13903.5342,-2147.0239,1882.332
88,120,10,-13884.3027,-1060.928,1595.0541
86,120,10,-13836.2227,-472.384,1349.8461
84,120,10,-13035.6904,-158.752,1146.708
82,120,10,-11443.04,7.744,970.014
80,120,10,-10003.0439,89.056,830.582
80,120,12,-9821.542,69.696,1491.682
82,120,12,-11207.4482,-15.488,1754.92
84,120,12,-12804.9063,-183.92,2073.45
86,120,12,-13796.5566,-497.552,2461.696
88,120,12,-13879.4941,-1070.608,2934.082
90,120,12,-13898.7266,-2127.6641,3501.426
92,120,12,-13914.3525,-4096.5762,4167.334
94,120,12,-13921.5645,-8011.168,4933.0083
94,122,12,-13919.1602,-10841.5996,4621.6899
92,122,12,-13907.1406,-6359.7598,4009.8721
90,122,12,-13892.7158,-3839.0879,3429.3062
88,122,12,-13872.2822,-2392.896,2911.2441
86,122,12,-13683.5684,-1533.312,2462.8979
84,122,12,-12640.2324,-1020.272,2090.2781
82,122,12,-11113.6924,-700.832,1772.9501
80,122,12,-9781.876,-503.36,1509.712
80,124,12,-9593.1621,-1012.528,1504.9041
82,124,12,-10807.1826,-1289.376,1759.728
84,124,12,-12207.5127,-1690.1281,2062.6321
86,124,12,-13447.9766,-2288.3521,2420.8281
88,124,12,-13847.04,-3200.208,2837.9221
90,124,12,-13877.0898,-4617.3599,3306.7021
92,124,12,-13897.5244,-6826.3359,3811.542
94,124,12,-13902.332,-9772.9277,4223.8281
94,126,12,-13880.6963,-7999.5518,4026.7002
92,126,12,-13877.0898,-6272.6401,3687.7361
90,126,12,-13861.4639,-4721.9038,3228.572
88,126,12,-13713.6182,-3591.28,2794.6501
86,126,12,-13011.6504,-2770.416,2397.99
84,126,12,-11786.8125,-2183.8081,2053.0161
82,126,12,-10510.2881,-1755.952,1753.718
80,126,12,-9364.7822,-1446.192,1500.0961
80,128,12,-9093.1299,-1817.9039,1488.076
82,128,12,-10128.0518,-2141.2161,1730.88
84,128,12,-11268.75,-2547.7759,2016.9561
86,128,12,-12482.7705,-3060.8159,2352.314
88,128,12,-13419.1279,-3699.696,2734.55
90,128,12,-13783.334,-4460.5439,3151.644
92,128,12,-13850.6465,-5289.1519,3585.5662
94,128,12,-13857.8584,-5916.416,3911.3081
94,130,12,-13853.0498,-4460.5439,3872.844
92,130,12,-13836.2227,-4470.2241,3556.718
90,130,12,-13636.6904,-4172.0801,3126.4021
88,130,12,-13054.9219,-3728.7361,2716.52
86,130,12,-12041.6357,-3266.032,2339.092
84,130,12,-10896.1299,-2842.0481,2008.542
82,130,12,-9808.3203,-2466.4639,1721.264
80,130,12,-8815.4678,-2147.0239,1474.854
80,132,12,-8529.3926,-2429.6799,1456.824
82,132,12,-9458.5381,-2739.4399,1694.8201
84,132,12,-10491.0566,-3084.0481,1976.088
86,132,12,-11614.9258,-3442.208,2304.2341
88,132,12,-12739.998,-3782.9441,2680.46
90,132,12,-13551.3486,-4026.8799,3096.3521
92,132,12,-13835.0205,-4038.4961,3535.082
94,132,12,-13867.4746,-3695.824,3866.834
94,134,12,-13868.6758,-3707.4399,3872.844
92,134,12,-13853.0498,-4071.408,3543.4961
90,134,12,-13540.5303,-4125.6162,3090.342
88,134,12,-12576.5264,-3949.4399,2670.844
86,134,12,-11336.0625,-3660.9761,2289.8101
84,134,12,-10197.7686,-3339.6001,1962.8661
82,134,12,-9165.25,-3008.5439,1679.194
80,134,12,-8240.9121,-2698.7839,1438.7941
80,136,12,-7941.6143,-2944.656,1412.35
82,136,12,-8827.4883,-3266.032,1644.3361
84,136,12,-9829.9561,-3602.896,1921.998
86,136,12,-10985.0781,-3935.8879,2248.9421
88,136,12,-12316.8945,-4237.9038,2628.7742
90,136,12,-13487.6426,-4466.3521,3056.686
92,136,12,-13851.8486,-4536.0479,3519.4561
94,136,12,-13875.8887,-4398.5918,3868.0361
94,138,12,-13884.3027,-5416.9277,3829.572
92,138,12,-13849.4443,-5273.6641,3485.8
90,138,12,-13407.1084,-4977.4561,3025.4341
88,138,12,-12089.7158,-4634.7842,2601.1279
86,138,12,-10708.6182,-4265.0078,2221.2961
84,138,12,-9540.2744,-3895.2319,1897.958
82,138,12,-8516.1699,-3531.2639,1617.8921
80,138,12,-7615.8721,-3190.5281,1375.088
80,140,12,-7281.7163,-3422.8479,1340.23
82,140,12,-8118.3081,-3788.752,1566.2061
84,140,12,-9094.332,-4189.5039,1836.656
86,140,12,-10249.4541,-4615.4238,2153.9841
88,140,12,-11618.5322,-5074.2559,2522.998
90,140,12,-13082.5684,-5567.936,2938.8901
92,140,12,-13836.2227,-6113.8882,3398.054
94,140,12,-13877.0898,-6646.2881,3733.4121
94,142,12,-13867.4746,-7616.2241,3608.4041
92,142,12,-13717.2246,-6899.9038,3293.48
90,142,12,-12684.7061,-6150.6719,2861.9622
88,142,12,-11179.8018,-5527.2798,2461.696
86,142,12,-9839.5723,-4975.52,2104.7021
84,142,12,-8721.7119,-4489.584,1795.7881
82,142,12,-7744.4863,-4046.24,1522.9341
80,142,12,-6928.3281,-3647.4241,1304.17
80,144,12,-6531.668,-3848.7681,1257.292
82,144,12,-7293.7363,-4272.752,1467.642
84,144,12,-8180.812,-4754.8159,1716.4561
86,144,12,-9230.1582,-5296.896,2009.744
88,144,12,-10473.0264,-5922.2241,2351.1121
90,144,12,-11946.6777,-6657.9038,2730.9441
92,144,12,-13371.0479,-7540.7197,3138.4221
94,144,12,-13833.8184,-8437.0879,3432.9121
94,146,12,-13597.0244,-8938.5117,3269.4399
92,146,12,-12663.0703,-8044.0801,2990.5762
90,146,12,-11162.9746,-7081.8882,2605.936
88,146,12,-9822.7441,-6280.3838,2253.75
86,146,12,-8667.6221,-5593.104,1931.614
84,146,12,-7689.1943,-5006.4961,1652.75
82,146,12,-6847.7939,-4485.7119,1412.35
80,146,12,-6127.7959,-4032.688,1209.212
80,148,12,-5679.4502,-4179.8242,1150.314
82,148,12,-6328.5303,-4652.208,1339.0281
84,148,12,-7086.9922,-5196.2241,1561.3981
86,148,12,-7971.6641,-5817.6802,1823.4341
88,148,12,-9010.1924,-6539.8081,2122.7319
90,148,12,-10217.0,-7387.7759,2458.0901
92,148,12,-11588.4824,-8379.0078,2805.468
94,148,12,-12776.0586,-9341.2002,3051.8782
94,150,12,-11690.6523,-9569.6475,2864.366
92,150,12,-10547.5498,-8644.2402,2634.7839
90,150,12,-9329.9238,-7629.7759,2316.2542
88,150,12,-8264.9521,-6760.5122,2010.946
86,150,12,-7328.5942,-6005.4722,1729.678
84,150,12,-6525.6582,-5360.7842,1485.672
82,150,12,-5829.7002,-4793.5361,1272.918
80,150,12,-5229.9019,-4301.792,1092.618
80,152,12,-4757.5161,-4383.104,1028.912
82,152,12,-5273.1743,-4882.5918,1191.182
84,152,12,-5875.376,-5455.6479,1383.5021
86,152,12,-6573.7383,-6115.8237,1609.478
88,152,12,-7383.8862,-6876.6719,1865.504
90,152,12,-8316.6377,-7757.5518,2146.772
92,152,12,-9375.6006,-8773.9521,2438.8582
94,152,12,-10346.8164,-9720.6563,2637.188
94,154,12,-9198.9063,-9782.6084,2450.8779
92,154,12,-8321.4463,-8868.8164,2262.1641
90,154,12,-7404.3203,-7844.6719,1997.724
88,154,12,-6597.7783,-6959.9199,1742.9
86,154,12,-5888.5981,-6189.3921,1504.9041
84,154,12,-5276.7803,-5527.2798,1300.564
82,154,12,-4744.2939,-4946.48,1120.264
80,154,12,-4281.5239,-4439.248,965.206
80,156,12,-3798.3201,-4452.7998,899.096
82,156,12,-4181.7583,-4956.1602,1036.124
84,156,12,-4624.0942,-5531.1519,1195.99
86,156,12,-5133.7422,-6191.3281,1383.5021
88,156,12,-5721.52,-6956.0479,1596.256
90,156,12,-6397.0439,-7836.9277,1827.04
92,156,12,-7155.5063,-8853.3281,2066.238
94,156,12,-7841.8481,-9776.7998,2220.094
94,158,12,-6679.5142,-9691.6162,2037.39
92,158,12,-6101.3521,-8793.3115,1894.3521
90,158,12,-5487.1299,-7790.4639,1682.8
88,158,12,-4937.8159,-6919.2642,1477.2581
86,158,12,-4453.4102,-6164.2241,1283.7361
84,158,12,-4026.7002,-5509.856,1111.85
82,158,12,-3657.686,-4936.7998,962.802
80,158,12,-3315.116,-4433.4399,836.592
80,160,12,-2846.3359,-4381.168,769.28
82,160,12,-3098.7561,-4865.168,881.066
84,160,12,-3388.438,-5420.7998,1010.882
86,160,12,-3716.584,-6055.8081,1161.1321
88,160,12,-4091.6082,-6789.5518,1330.614
90,160,12,-4514.7119,-7635.584,1516.9241
92,160,12,-4979.8862,-8615.2002,1705.6381
94,160,12,-5384.96,-9492.208,1824.636
94,162,12,-4354.8462,-9248.2715,1681.598
92,162,12,-3949.772,-8388.6875,1538.5601
90,162,12,-3627.636,-7445.856,1375.088
88,162,12,-3327.136,-6634.6719,1214.02
86,162,12,-3053.0801,-5924.1602,1062.568
84,162,12,-2803.064,-5312.3838,926.742
82,162,12,-2584.3,-4774.1758,807.744
80,162,12,-2388.374,-4301.792,704.372
80,164,12,-1955.6541,-4193.376,641.868
82,164,12,-2089.0759,-4640.5918,729.614
84,164,12,-2235.72,-5151.6958,831.784
86,164,12,-2397.99,-5732.4961,947.176
88,164,12,-2575.886,-6404.2881,1078.194
90,164,12,-2758.5901,-7170.9438,1217.626
92,164,12,-2941.2939,-8055.6958,1357.058
94,164,12,-3083.1301,-8837.8398,1447.208
94,166,12,-2166.0042,-8431.2803,1313.786
92,166,12,-2036.188,-7685.9199,1208.01
90,166,12,-1973.6841,-6866.9922,1090.214
88,166,12,-1891.948,-6152.6079,972.418
86,166,12,-1803.0,-5525.3437,858.228
84,166,12,-1712.85,-4977.4561,754.856
82,166,12,-1626.306,-4493.4561,663.504
80,166,12,-1544.5701,-4067.5359,584.172
80,168,12,-1156.324,-3914.592,525.274
82,168,12,-1186.374,-4311.4722,592.586
84,168,12,-1212.818,-4758.688,670.716
86,168,12,-1235.656,-5265.9199,757.26
88,168,12,-1244.0701,-5840.9121,852.218
90,168,12,-1234.454,-6493.3437,951.984
92,168,12,-1188.7781,-7230.96,1049.3461
94,168,12,-1123.87,-7864.0317,1110.6481
94,170,12,-488.012,-7430.3682,1031.316
92,170,12,-439.932,-6758.5762,914.722
90,170,12,-570.95,-6104.208,836.592
88,170,12,-657.494,-5521.4722,754.856
86,170,12,-712.786,-4996.8159,674.322
84,170,12,-748.846,-4532.1758,598.596
82,170,12,-772.886,-4117.8721,531.284
80,170,12,-787.31,-3750.032,472.386
80,172,12,-456.76,-3566.1121,423.104
82,172,12,-402.67,-3901.04,472.386
84,172,12,-332.954,-4274.688,527.678
86,172,12,-246.41,-4690.9277,587.778
88,172,12,-134.624,-5159.4399,653.888
90,172,12,13.222,-5676.3521,719.998
92,172,12,212.754,-6245.5361,781.3
94,172,12,406.276,-6717.9199,823.37
94,174,12,926.742,-6210.688,734.422
92,174,12,774.088,-5746.0479,671.918
90,174,12,528.88,-5256.2397,623.838
88,174,12,334.156,-4803.2158,572.152
86,174,12,176.694,-4388.9121,516.86
84,174,12,50.484,-4015.2639,466.376
82,174,12,-55.292,-3676.4639,419.498
80,174,12,-144.24,-3368.6399,377.428
80,176,12,131.018,-3163.4241,335.358
82,176,12,246.41,-3438.3359,371.418
84,176,12,384.64,-3742.2881,409.882
86,176,12,545.708,-4073.344,449.548
88,176,12,738.028,-4437.312,492.82
90,176,12,967.61,-4830.3198,534.89
92,176,12,1245.272,-5248.4961,569.748
94,176,12,1492.884,-5587.2959,596.192
94,178,12,1859.494,-5134.272,530.082
92,178,12,1653.952,-4793.5361,486.81
90,178,12,1358.26,-4429.5679,459.164
88,178,12,1102.234,-4084.96,426.71
86,178,12,882.268,-3763.584,390.65
84,178,12,692.352,-3471.248,356.994
82,178,12,527.678,-3202.144,324.54
80,178,12,387.044,-2956.272,295.692
80,180,12,607.01,-2739.4399,263.238
82,180,12,768.078,-2956.272,287.278
84,180,12,955.59,-3190.5281,312.52
86,180,12,1168.344,-3448.0159,340.166
88,180,12,1415.9561,-3730.6719,367.812
90,180,12,1693.618,-4030.752,393.054
92,180,12,2008.542,-4352.1279,412.286
94,180,12,2271.78,-4613.4878,433.922
94,180,14,2298.2241,-4543.792,516.86
92,180,14,2037.39,-4265.0078,501.234
90,180,14,1733.2841,-3951.376,478.396
88,180,14,1460.4301,-3659.04,449.548
86,180,14,1214.02,-3384.1279,415.892
84,180,14,998.862,-3136.3201,382.236
82,180,14,808.946,-2907.8721,350.984
80,180,14,643.07,-2696.8479,322.136
80,178,14,425.508,-2905.936,371.418
82,178,14,567.344,-3144.064,408.68
84,178,14,734.422,-3403.488,448.346
86,178,14,926.742,-3688.0801,491.618
88,178,14,1146.708,-3995.9041,537.294
90,178,14,1399.1281,-4328.896,579.364
92,178,14,1684.0021,-4681.248,613.02
94,178,14,1941.23,-4981.3281,633.454
94,176,14,1589.0441,-5413.0562,741.634
92,176,14,1300.564,-5128.4639,738.028
90,176,14,1034.922,-4721.9038,692.352
88,176,14,808.946,-4342.4478,635.858
86,176,14,614.222,-3992.032,578.162
84,176,14,449.548,-3672.592,524.072
82,176,14,306.51,-3378.3201,473.588
80,176,14,185.108,-3111.1521,427.912
80,174,14,-85.342,-3308.624,486.81
82,174,14,7.212,-3602.896,542.102
84,174,14,120.2,-3930.0801,604.606
86,174,14,252.42,-4288.2397,671.918
88,174,14,412.286,-4685.1201,745.24
90,174,14,604.606,-5122.6558,818.562
92,174,14,838.996,-5595.04,882.268
94,174,14,1068.578,-5999.6641,924.338
94,172,14,592.586,-6475.9199,1056.558
92,172,14,311.318,-6082.9121,1048.144
90,172,14,120.2,-5536.96,965.206
88,172,14,-27.646,-5039.4082,875.056
86,172,14,-146.644,-4592.1919,783.704
84,172,14,-239.198,-4189.5039,700.766
82,172,14,-317.328,-3827.4719,623.838
80,172,14,-381.034,-3498.3521,556.526
80,170,14,-705.574,-3678.3999,626.242
82,170,14,-682.736,-4030.752,704.372
84,170,14,-646.676,-4429.5679,793.32
86,170,14,-599.798,-4874.8481,894.288
88,170,14,-536.092,-5378.208,1006.074
90,170,14,-448.346,-5937.7119,1120.264
92,170,14,-324.54,-6568.8481,1229.646
94,170,14,-186.31,-7139.9678,1305.3721
94,168,14,-786.108,-7581.376,1444.8041
92,168,14,-1038.5281,-7045.104,1436.39
90,168,14,-1079.396,-6332.6558,1301.766
88,168,14,-1095.022,-5707.3281,1163.536
86,168,14,-1096.224,-5151.6958,1031.316
84,168,14,-1087.8101,-4665.7598,909.914
82,168,14,-1074.588,-4230.1602,801.734
80,168,14,-1056.558,-3842.96,706.776
80,166,14,-1430.38,-3988.1599,782.502
82,166,14,-1496.49,-4398.5918,889.48
84,166,14,-1566.2061,-4863.2319,1013.286
86,166,14,-1638.326,-5389.8237,1155.1221
88,166,14,-1712.85,-5991.9199,1312.584
90,166,14,-1786.172,-6679.2002,1483.2681
92,166,14,-1851.0801,-7467.1519,1651.548
94,166,14,-1893.15,-8228.0,1774.152
94,164,14,-2738.156,-8613.2637,1967.6741
92,164,14,-2727.3381,-7848.5439,1884.7361
90,164,14,-2545.8359,-6996.7041,1688.8101
88,164,14,-2375.1521,-6257.1519,1492.884
86,164,14,-2217.6899,-5610.5278,1307.776
84,164,14,-2074.6521,-5049.0879,1144.3041
82,164,14,-1946.0381,-4553.4722,998.862
80,164,14,-1828.2421,-4117.8721,873.854
80,162,14,-2241.73,-4220.48,956.792
82,162,14,-2414.8181,-4671.5679,1093.8201
84,162,14,-2607.1379,-5186.5439,1254.8881
86,162,14,-2827.104,-5777.0239,1442.4
88,162,14,-3078.322,-6454.624,1653.952
90,162,14,-3364.3979,-7238.7041,1885.938
92,162,14,-3682.928,-8146.688,2121.53
94,162,14,-3981.0242,-9031.4404,2294.6179
94,160,14,-5109.7021,-9339.2637,2573.4819
92,160,14,-4696.2139,-8392.5596,2382.364
90,160,14,-4238.252,-7447.792,2114.3181
88,160,14,-3839.188,-6632.7358,1853.484
86,160,14,-3488.2041,-5922.2241,1609.478
84,160,14,-3186.502,-5308.5122,1396.724
82,160,14,-2919.658,-4770.3042,1212.818
80,160,14,-2687.6721,-4297.9199,1052.952
80,158,14,-3127.604,-4342.4478,1140.698
82,158,14,-3420.8921,-4822.5762,1312.584
84,158,14,-3755.0481,-5368.5278,1516.9241
86,158,14,-4145.6982,-6001.6001,1754.92
88,158,14,-4598.8521,-6727.6001,2028.9761
90,158,14,-5120.52,-7563.9521,2327.072
92,158,14,-5729.9341,-8533.8877,2635.9861
94,158,14,-6345.3579,-9494.1436,2878.79
94,156,14,-7626.6899,-9641.2803,3212.946
92,156,14,-6808.1279,-8626.8164,2914.8501
90,156,14,-6053.272,-7641.3921,2568.6741
88,156,14,-5407.7983,-6789.5518,2234.5181
86,156,14,-4850.0703,-6050.0,1931.614
84,156,14,-4370.4722,-5413.0562,1665.972
82,156,14,-3956.9841,-4851.6162,1437.592
80,156,14,-3596.384,-4361.8081,1240.464
80,154,14,-4042.3262,-4344.3838,1328.2101
82,154,14,-4459.4199,-4832.2559,1536.156
84,154,14,-4945.0283,-5393.6958,1786.172
86,154,14,-5509.9683,-6032.5762,2075.854
88,154,14,-6172.27,-6772.1279,2408.8081
90,154,14,-6945.1562,-7625.9038,2780.2261
92,154,14,-7840.646,-8615.2002,3168.4722
94,154,14,-8801.0439,-9650.96,3501.426
94,152,14,-9759.0381,-9589.0078,3700.958
92,152,14,-8930.8604,-8559.0557,3446.134
90,152,14,-7892.332,-7573.6318,3021.8281
88,152,14,-6994.438,-6721.792,2616.7542
86,152,14,-6225.1582,-5978.3682,2248.9421
84,152,14,-5566.4619,-5341.4238,1931.614
82,152,14,-5000.3203,-4781.9199,1658.76
80,152,14,-4513.5103,-4294.0479,1425.572
80,150,14,-4953.4419,-4216.6079,1509.712
82,150,14,-5497.9482,-4688.9922,1752.516
84,150,14,-6133.8062,-5234.9438,2044.6021
86,150,14,-6876.6421,-5860.272,2389.5759
88,150,14,-7750.4961,-6584.3359,2785.0339
90,150,14,-8772.1963,-7420.688,3226.168
92,150,14,-9962.1758,-8400.3037,3694.948
94,150,14,-11215.8623,-9428.3203,4095.2141
94,148,14,-12503.2041,-9215.3604,4418.5522
92,148,14,-11053.5918,-8183.4722,3958.186
90,148,14,-9712.1602,-7223.2158,3452.144
88,148,14,-8558.2402,-6406.2241,2977.354
86,148,14,-7576.2061,-5703.4561,2551.8459
84,148,14,-6737.21,-5095.5518,2181.6301
82,148,14,-6025.626,-4567.0239,1866.7061
80,148,14,-5412.606,-4102.3838,1598.66
80,146,14,-5826.0942,-3957.1841,1674.386
82,146,14,-6485.9922,-4396.6558,1948.442
84,146,14,-7258.8779,-4898.0801,2280.1941
86,146,14,-8166.3882,-5467.2642,2669.6421
88,146,14,-9252.9961,-6129.376,3126.4021
90,146,14,-10536.7324,-6903.7759,3637.252
92,146,14,-12053.6563,-7833.0562,4188.9702
94,146,14,-13390.2803,-8864.9443,4685.396
94,144,14,-13734.0527,-8440.96,4869.3022
92,144,14,-12934.7227,-7385.8398,4423.3599
90,144,14,-11388.9502,-6532.064,3839.188
88,144,14,-9979.0039,-5821.5518,3295.884
86,144,14,-8790.2266,-5213.6479,2812.6799
84,144,14,-7802.1821,-4683.1841,2401.5959
82,144,14,-6959.5801,-4210.7998,2049.4102
80,144,14,-6228.7642,-3786.8159,1753.718
80,142,14,-6600.1821,-3589.344,1817.4241
82,142,14,-7349.0283,-3972.6719,2115.52
84,142,14,-8232.498,-4406.3359,2476.1201
86,142,14,-9275.834,-4880.6558,2905.2341
88,142,14,-10533.126,-5416.9277,3408.8721
90,142,14,-12046.4443,-6030.6401,3981.0242
92,142,14,-13493.6523,-6758.5762,4608.4683
94,142,14,-13859.0605,-7602.6719,5177.0142
94,140,14,-13867.4746,-6677.2642,5357.314
92,140,14,-13705.2041,-6034.5122,4770.7383
90,140,14,-12616.1924,-5494.3682,4127.668
88,140,14,-11084.8438,-5010.3682,3538.688
86,140,14,-9779.4727,-4559.2798,3020.626
84,140,14,-8689.2578,-4139.168,2574.6841
82,140,14,-7764.9199,-3746.1599,2197.2561
80,140,14,-6955.9741,-3380.2561,1876.322
80,138,14,-7273.3022,-3153.7439,1925.604
82,138,14,-8082.248,-3482.864,2242.9321
84,138,14,-9025.8184,-3839.0879,2626.3701
86,138,14,-10120.8398,-4203.0562,3075.918
88,138,14,-11432.2227,-4572.832,3606.0
90,138,14,-12880.6318,-4917.4399,4205.7979
92,138,14,-13796.5566,-5223.3281,4868.1001
94,138,14,-13875.8887,-5465.3281,5514.7759
94,136,14,-13877.0898,-4410.208,5556.8462
92,136,14,-13814.5859,-4522.4961,4941.4219
90,136,14,-13084.9727,-4435.376,4287.5342
88,136,14,-11765.1758,-4204.9922,3686.5342
86,136,14,-10492.2578,-3901.04,3155.25
84,136,14,-9393.6299,-3569.9839,2697.2881
82,136,14,-8433.2324,-3238.928,2306.6379
80,136,14,-7577.4082,-2919.488,1973.6841
80,134,14,-7863.4844,-2671.6799,2010.946
82,134,14,-8713.2979,-2973.696,2336.688
84,134,14,-9677.3018,-3298.9441,2729.7419
86,134,14,-10749.4863,-3618.384,3186.502
88,134,14,-11963.5059,-3906.8479,3720.1902
90,134,14,-13128.2441,-4088.832,4315.1802
92,134,14,-13782.1318,-4055.9199,4961.856
94,134,14,-13871.0801,-3649.3599,5583.29
94,132,14,-13860.2627,-3579.6641,5571.27
92,132,14,-13729.2441,-3990.0959,4983.4922
90,132,14,-13212.3838,-3978.48,4357.25
88,132,14,-12230.3506,-3740.3521,3770.6741
86,132,14,-11090.8545,-3411.2319,3242.9961
84,132,14,-10023.4785,-3060.8159,2782.6301
82,132,14,-9040.2422,-2723.9519,2383.5662
80,132,14,-8147.1562,-2416.1279,2043.4
80,130,14,-8421.2119,-2137.344,2069.844
82,130,14,-9338.3379,-2445.168,2406.4041
84,130,14,-10355.2305,-2809.136,2806.6702
86,130,14,-11435.8281,-3219.5679,3269.4399
88,130,14,-12541.668,-3664.8479,3801.926
90,130,14,-13367.4424,-4088.832,4387.3003
92,130,14,-13711.2139,-4367.6162,5005.1279
94,130,14,-13839.8281,-4280.4961,5582.0879
94,128,14,-13837.4238,-5701.52,5660.2183
92,128,14,-13814.5859,-5118.7842,5092.874
90,128,14,-13604.2363,-4356.0,4472.6421
88,128,14,-12980.3984,-3637.7439,3877.6521
86,128,14,-11947.8799,-3027.9041,3334.3481
84,128,14,-10787.9502,-2534.2239,2859.5581
82,128,14,-9700.1406,-2139.28,2448.4741
80,128,14,-8701.2783,-1819.84,2097.49
80,126,14,-8959.708,-1455.8719,2116.7219
82,126,14,-10015.0645,-1757.8879,2466.5042
84,126,14,-11211.0547,-2168.3201,2884.8
86,126,14,-12493.5879,-2727.824,3374.0142
88,126,14,-13496.0566,-3504.1599,3942.5601
90,126,14,-13839.8281,-4572.832,4572.4082
92,126,14,-13862.666,-6009.3437,5237.1143
94,126,14,-13868.6758,-7776.9121,5871.77
94,124,14,-13897.5244,-9809.7119,6228.7642
92,124,14,-13892.7158,-6597.8882,5482.3223
90,124,14,-13866.2725,-4495.3921,4737.082
88,124,14,-13788.1426,-3142.1279,4050.74
86,124,14,-13045.3066,-2265.1199,3449.74
84,124,14,-11706.2783,-1686.256,2935.2839
82,124,14,-10368.4521,-1295.184,2496.554
80,124,14,-9196.502,-1026.08,2129.9441
80,122,14,-9373.1963,-532.4,2134.752
82,122,14,-10614.8623,-724.064,2503.7661
84,122,14,-12088.5146,-1033.824,2949.708
86,122,14,-13464.8047,-1525.568,3488.2041
88,122,14,-13857.8584,-2340.624,4137.2842
90,122,14,-13890.3125,-3711.312,4898.1499
92,122,14,-13908.3418,-6100.3359,5769.6001
94,122,14,-13916.7559,-10396.3203,6714.3721
94,120,14,-13923.9678,-7771.104,7251.666
92,120,14,-13920.3623,-3992.032,6082.1201
90,120,14,-13897.5244,-2081.2,5079.6519
88,120,14,-13872.2822,-1055.12,4238.252
86,120,14,-13666.7402,-497.552,3541.092
84,120,14,-12444.3066,-197.472,2976.1521
82,120,14,-10822.8086,-36.784,2503.7661
80,120,14,-9488.5879,44.528,2126.3381
80,120,16,-9100.3418,23.232,2702.0959
82,120,16,-10333.5938,-58.08,3181.6941
84,120,16,-11831.2861,-214.896,3769.4722
86,120,16,-13369.8467,-495.616,4499.0859
88,120,16,-13866.2725,-1010.592,5406.5962
90,120,16,-13895.1201,-1943.744,6537.6782
92,120,16,-13915.5547,-3701.6321,7919.978
94,120,16,-13923.9678,-7232.896,9616.0
94,122,16,-13913.1504,-9803.9043,8849.124
92,122,16,-13910.7461,-5775.0879,7547.3579
90,122,16,-13881.8984,-3521.584,6358.5801
88,122,16,-13839.8281,-2232.208,5340.4863
86,122,16,-13088.5781,-1461.6799,4484.6621
84,122,16,-11635.3604,-995.104,3783.896
82,122,16,-10235.0303,-698.896,3199.7241
80,122,16,-9047.4541,-514.976,2721.3281
80,124,16,-8869.5586,-998.976,2710.51
82,124,16,-9946.5498,-1256.464,3169.6741
84,124,16,-11188.2158,-1628.176,3724.998
86,124,16,-12572.9199,-2172.1919,4389.7041
88,124,16,-13587.4082,-2996.928,5177.0142
90,124,16,-13851.8486,-4268.8799,6088.1299
92,124,16,-13884.3027,-6245.5361,7093.002
94,124,16,-13892.7158,-9325.7119,8118.3081
94,126,16,-13856.6563,-7517.4878,7641.1143
92,126,16,-13845.8379,-5806.064,6791.3003
90,126,16,-13694.3867,-4421.8242,5899.416
88,126,16,-13122.2344,-3397.6799,5067.6323
86,126,16,-12015.1924,-2650.384,4325.998
84,126,16,-10791.5566,-2114.1121,3692.5439
82,126,16,-9660.4746,-1713.36,3148.0381
80,126,16,-8654.4004,-1419.088,2691.2781
80,128,16,-8391.1621,-1775.312,2661.228
82,128,16,-9303.4805,-2081.2,3097.554
84,128,16,-10305.9482,-2464.5281,3615.616
86,128,16,-11393.7578,-2942.72,4228.6362
88,128,16,-12494.79,-3533.2,4931.8062
90,128,16,-13303.7363,-4232.0962,5720.3179
92,128,16,-13641.498,-4981.3281,6552.1021
94,128,16,-13722.0322,-5602.7842,7367.0581
94,130,16,-13726.8398,-4224.3521,7282.918
92,130,16,-13514.0859,-4301.792,6472.77
90,130,16,-12913.0859,-4015.2639,5642.188
88,130,16,-12013.9902,-3597.0879,4872.9082
86,130,16,-10959.8359,-3155.6799,4176.9502
84,130,16,-9948.9541,-2752.9919,3580.7581
82,130,16,-8995.7686,-2394.832,3065.1001
80,130,16,-8120.7119,-2090.8799,2628.7742
80,132,16,-7845.4541,-2359.9839,2586.7041
82,132,16,-8656.8037,-2660.064,3005.0
84,132,16,-9557.1025,-2991.1199,3507.436
86,132,16,-10541.54,-3337.6641,4098.8203
88,132,16,-11607.7139,-3666.7839,4783.96
90,132,16,-12682.3018,-3916.5281,5564.0581
92,132,16,-13515.2881,-3955.248,6417.478
94,132,16,-13836.2227,-3556.4319,7290.1304
94,134,16,-13861.4639,-3614.512,7338.21
92,134,16,-13598.2266,-4015.2639,6431.9023
90,134,16,-12641.4346,-4030.752,5546.0283
88,134,16,-11408.1826,-3842.96,4756.314
86,134,16,-10273.4941,-3554.4961,4060.356
84,134,16,-9277.0361,-3236.9919,3472.5781
82,134,16,-8373.1318,-2917.552,2968.9399
80,134,16,-7565.3882,-2621.344,2544.634
80,136,16,-7251.666,-2851.728,2478.5239
82,136,16,-8024.5522,-3161.488,2892.012
84,136,16,-8896.002,-3484.8,3384.832
86,136,16,-9908.0859,-3811.9839,3971.408
88,136,16,-11090.8545,-4114.0,4663.7603
90,136,16,-12502.002,-4350.1919,5478.7163
92,136,16,-13612.6504,-4445.0562,6380.2163
94,136,16,-13869.8779,-4301.792,7345.4224
94,138,16,-13873.4844,-5351.104,7287.7261
92,138,16,-13615.0547,-5111.04,6328.5303
90,138,16,-12356.5605,-4812.896,5415.0103
88,138,16,-10876.8984,-4476.0317,4610.8721
86,138,16,-9652.0605,-4114.0,3917.3181
84,138,16,-8631.5625,-3757.7759,3335.55
82,138,16,-7721.6479,-3411.2319,2831.9121
80,138,16,-6959.5801,-3087.9199,2428.04
80,140,16,-6643.4541,-3300.8799,2360.728
82,140,16,-7365.856,-3649.3599,2752.5801
84,140,16,-8206.0537,-4026.8799,3226.168
86,140,16,-9203.7139,-4431.5039,3794.7141
88,140,16,-10406.916,-4865.168,4471.4399
90,140,16,-11902.2041,-5331.7441,5262.356
92,140,16,-13449.1787,-5850.5918,6169.8662
94,140,16,-13865.0703,-6470.1118,7130.2642
94,142,16,-13849.4443,-7422.624,6906.6919
92,142,16,-13056.124,-6549.4878,5995.5762
90,142,16,-11440.6357,-5854.4639,5126.5303
88,142,16,-10012.6602,-5271.728,4364.4619
86,142,16,-8828.6904,-4754.8159,3699.7561
84,142,16,-7847.8579,-4305.6641,3145.634
82,142,16,-7007.6602,-3887.488,2674.45
80,142,16,-6308.0962,-3511.9041,2289.8101
80,144,16,-5939.082,-3697.76,2202.064
82,144,16,-6589.3643,-4096.5762,2567.4722
84,144,16,-7350.23,-4543.792,3008.606
86,144,16,-8252.9326,-5047.1519,3536.2842
88,144,16,-9344.3486,-5624.0801,4163.728
90,144,16,-10685.7803,-6301.6802,4895.7461
92,144,16,-12320.5,-7112.8638,5719.1162
94,144,16,-13647.5078,-8125.3921,6588.1621
94,146,16,-13070.5479,-8621.0078,6251.6021
92,146,16,-11479.1006,-7558.144,5461.8882
90,146,16,-9999.4385,-6679.2002,4691.4062
88,146,16,-8772.1963,-5947.3921,4001.458
86,146,16,-7733.668,-5312.3838,3393.2461
84,146,16,-6892.2681,-4770.3042,2892.012
82,146,16,-6173.4722,-4290.1758,2468.908
80,146,16,-5556.8462,-3866.1919,2113.116
80,148,16,-5143.3579,-3999.7759,2009.744
82,148,16,-5691.4702,-4441.1841,2337.8901
84,148,16,-6338.146,-4942.6079,2733.3481
86,148,16,-7097.8101,-5513.728,3204.532
88,148,16,-8002.916,-6177.7759,3761.0581
90,148,16,-9096.7363,-6950.2397,4405.3301
92,148,16,-10410.5225,-7860.1602,5115.7119
94,148,16,-12009.1826,-8950.1279,5856.144
94,150,16,-10854.0605,-9176.6396,5470.3022
92,150,16,-9464.5479,-8100.2241,4808.0
90,150,16,-8290.1943,-7169.0078,4150.5059
88,150,16,-7323.7861,-6375.248,3560.324
86,150,16,-6506.4263,-5684.0962,3037.4541
84,150,16,-5818.8823,-5091.6802,2595.1182
82,150,16,-5229.9019,-4568.96,2218.8921
80,150,16,-4717.8501,-4114.0,1903.968
80,152,16,-4281.5239,-4187.5679,1790.98
82,152,16,-4711.8398,-4650.272,2074.6521
84,152,16,-5217.8823,-5178.7998,2414.8181
86,152,16,-5812.8721,-5784.7681,2821.094
88,152,16,-6517.2441,-6481.728,3299.49
90,152,16,-7356.2402,-7287.104,3845.198
92,152,16,-8382.748,-8218.3203,4447.3999
94,152,16,-9631.626,-9304.416,5061.6221
94,154,16,-8489.7266,-9383.792,4668.5679
92,154,16,-7423.5522,-8303.5039,4124.062
90,154,16,-6541.2842,-7362.6079,3579.5562
88,154,16,-5809.2661,-6553.3599,3081.928
86,154,16,-5193.8423,-5848.6558,2640.7939
84,154,16,-4667.3662,-5240.752,2264.5681
82,154,16,-4227.4341,-4704.48,1947.24
80,154,16,-3840.3901,-4232.0962,1675.588
80,156,16,-3384.832,-4237.9038,1557.792
82,156,16,-3698.554,-4700.6079,1794.5861
84,156,16,-4063.9622,-5233.0078,2080.6621
86,156,16,-4491.874,-5838.9761,2419.626
88,156,16,-5000.3203,-6537.8721,2817.488
90,156,16,-5609.7339,-7345.1841,3268.238
92,156,16,-6347.7622,-8282.208,3758.6541
94,156,16,-7257.6763,-9370.2402,4251.4741
94,158,16,-6112.1699,-9296.6719,3860.824
92,158,16,-5375.3442,-8224.1279,3434.114
90,158,16,-4771.9399,-7298.7197,3000.1921
88,158,16,-4281.5239,-6503.0239,2596.3201
86,158,16,-3869.238,-5809.936,2238.124
84,158,16,-3518.2542,-5213.6479,1929.2101
82,158,16,-3217.7542,-4688.9922,1665.972
80,158,16,-2953.314,-4226.2881,1441.198
80,160,16,-2514.584,-4174.0161,1319.796
82,160,16,-2714.116,-4619.2959,1513.318
84,160,16,-2941.2939,-5130.3999,1744.1021
86,160,16,-3208.1379,-5711.2002,2015.754
88,160,16,-3520.658,-6382.9922,2331.8801
90,160,16,-3895.6821,-7157.3921,2688.874
92,160,16,-4352.4419,-8059.5679,3069.908
94,160,16,-4917.3823,-9118.5596,3444.9321
94,162,16,-3794.7141,-8855.2637,3068.7061
92,162,16,-3406.468,-7846.6079,2756.186
90,162,16,-3089.1401,-6977.3437,2426.8381
88,162,16,-2827.104,-6237.792,2114.3181
86,162,16,-2604.7341,-5589.2319,1835.454
84,162,16,-2413.616,-5027.792,1592.65
82,162,16,-2247.74,-4536.0479,1383.5021
80,162,16,-2098.6921,-4100.4478,1205.6061
80,164,16,-1697.224,-3995.9041,1090.214
82,164,16,-1790.98,-4408.272,1242.868
84,164,16,-1893.15,-4876.7842,1421.9661
86,164,16,-2009.744,-5407.248,1631.114
88,164,16,-2143.166,-6020.96,1871.514
90,164,16,-2298.2241,-6719.856,2139.5601
92,164,16,-2483.332,-7531.04,2419.626
94,164,16,-2703.2981,-8485.4883,2686.47
94,166,16,-1730.88,-8049.8882,2347.5061
92,166,16,-1655.1541,-7188.3682,2134.752
90,166,16,-1584.2361,-6439.1357,1899.16
88,166,16,-1521.7321,-5786.7041,1673.1841
86,166,16,-1466.4401,-5213.6479,1464.036
84,166,16,-1413.552,-4714.1602,1280.13
82,166,16,-1365.472,-4270.8159,1119.062
80,166,16,-1317.392,-3875.8721,982.034
80,168,16,-957.994,-3732.6079,878.662
82,168,16,-959.196,-4096.5762,992.852
84,168,16,-954.388,-4507.0078,1125.072
86,168,16,-947.176,-4969.7119,1278.928
88,168,16,-931.55,-5494.3682,1452.016
90,168,16,-908.712,-6086.7842,1641.932
92,168,16,-877.46,-6762.4478,1834.2521
94,168,16,-828.178,-7534.9121,2002.532
94,170,16,-55.292,-6998.6401,1711.6481
92,170,16,-198.33,-6326.8481,1583.0341
90,170,16,-311.318,-5726.688,1429.178
88,170,16,-401.468,-5194.2881,1274.12
86,170,16,-475.992,-4719.9678,1127.4761
84,170,16,-534.89,-4295.9839,997.66
82,170,16,-584.172,-3914.592,882.268
80,170,16,-620.232,-3575.792,781.3
80,172,16,-313.722,-3401.552,691.15
82,172,16,-242.804,-3711.312,772.886
84,172,16,-153.856,-4053.9839,865.44
86,172,16,-49.282,-4435.376,971.216
88,172,16,75.726,-4859.3599,1089.012
90,172,16,221.168,-5331.7441,1214.02
92,172,16,397.862,-5848.6558,1334.22
94,172,16,611.818,-6423.6479,1430.38
94,174,16,1171.9501,-5866.0801,1185.172
92,174,16,913.52,-5387.8882,1120.264
90,174,16,693.554,-4940.6719,1030.114
88,174,16,504.84,-4528.3042,932.752
86,174,16,340.166,-4150.7842,837.794
84,174,16,200.734,-3811.9839,751.25
82,174,16,80.534,-3498.3521,673.12
80,174,16,-22.838,-3215.696,603.404
80,176,16,230.784,-3022.0959,524.072
82,176,16,356.994,-3275.7119,576.96
84,176,16,506.042,-3554.4961,638.262
86,176,16,675.524,-3856.512,706.776
88,176,16,871.45,-4189.5039,780.098
90,176,16,1092.618,-4545.728,854.622
92,176,16,1342.634,-4932.9277,921.934
94,176,16,1623.902,-5337.5518,964.004
94,178,16,2008.542,-4861.2959,774.088
92,178,16,1720.062,-4508.9438,750.048
90,178,16,1450.8141,-4175.9521,704.372
88,178,16,1205.6061,-3860.384,649.08
86,178,16,983.236,-3568.0481,593.788
84,178,16,788.512,-3298.9441,539.698
82,178,16,615.424,-3051.136,491.618
80,178,16,467.578,-2824.624,449.548
80,180,16,671.918,-2619.408,382.236
82,180,16,837.794,-2818.8159,415.892
84,180,16,1030.114,-3035.6479,450.75
86,180,16,1245.272,-3269.9041,489.214
88,180,16,1490.48,-3527.3921,528.88
90,180,16,1758.526,-3806.176,566.142
92,180,16,2048.208,-4104.3198,594.99
94,180,16,2353.5161,-4425.6958,602.202
94,180,18,2358.324,-4237.9038,717.594
92,180,18,2090.2781,-3937.824,686.342
90,180,18,1811.4141,-3659.04,640.666
88,180,18,1546.974,-3401.552,590.182
86,180,18,1300.564,-3159.552,543.304
84,180,18,1080.598,-2940.7839,500.032
82,180,18,883.47,-2735.5679,460.366
80,180,18,712.786,-2545.8401,424.306
80,178,18,516.86,-2741.376,502.436
82,178,18,668.312,-2954.3359,550.516
84,178,18,845.006,-3184.72,604.606
86,178,18,1046.942,-3436.3999,665.908
88,178,18,1271.7161,-3707.4399,733.22
90,178,18,1518.126,-3999.7759,806.542
92,178,18,1776.556,-4311.4722,878.662
94,178,18,2036.188,-4642.5278,936.358
94,176,18,1680.396,-5093.6162,1181.566
92,176,18,1437.592,-4718.0317,1096.224
90,176,18,1197.192,-4359.8721,996.458
88,176,18,973.62,-4026.8799,896.692
86,176,18,769.28,-3719.0559,807.744
84,176,18,591.384,-3434.4639,726.008
82,176,18,433.922,-3173.104,655.09
80,176,18,298.096,-2934.9761,592.586
80,174,18,54.09,-3120.832,685.14
82,174,18,164.674,-3384.1279,763.27
84,174,18,296.894,-3676.4639,852.218
86,174,18,448.346,-3992.032,954.388
88,174,18,622.636,-4344.3838,1070.9821
90,174,18,817.36,-4725.7759,1199.5961
92,174,18,1028.912,-5142.0161,1335.422
94,174,18,1250.0801,-5591.168,1458.026
94,172,18,735.624,-6117.7598,1766.9401
92,172,18,558.93,-5589.2319,1610.6801
90,172,18,388.246,-5105.2319,1438.7941
88,172,18,230.784,-4671.5679,1277.7261
86,172,18,91.352,-4274.688,1131.082
84,172,18,-27.646,-3916.5281,1002.468
82,172,18,-129.816,-3593.2161,890.682
80,172,18,-216.36,-3298.9441,794.522
80,170,18,-509.648,-3465.4399,901.5
82,170,18,-457.962,-3782.9441,1014.488
84,170,18,-390.65,-4137.2319,1146.708
86,170,18,-311.318,-4532.1758,1301.766
88,170,18,-217.562,-4975.52,1480.864
90,170,18,-111.786,-5471.1357,1682.8
92,170,18,-1.202,-6024.832,1902.766
94,170,18,105.776,-6655.9678,2113.116
94,168,18,-616.626,-7167.0718,2490.5439
92,168,18,-631.05,-6456.5601,2236.9221
90,168,18,-667.11,-5829.2959,1971.28
88,168,18,-709.18,-5277.5361,1727.274
86,168,18,-750.048,-4787.728,1509.712
84,168,18,-783.704,-4356.0,1323.402
82,168,18,-808.946,-3966.864,1161.1321
80,168,18,-826.976,-3620.3201,1022.902
80,166,18,-1163.536,-3755.8401,1141.9
82,166,18,-1187.576,-4123.6802,1298.16
84,166,18,-1208.01,-4537.9839,1483.2681
86,166,18,-1229.646,-5004.5601,1700.8301
88,166,18,-1253.686,-5536.96,1959.26
90,166,18,-1288.5441,-6142.9277,2251.3459
92,166,18,-1346.24,-6836.0161,2575.886
94,166,18,-1452.016,-7647.2002,2906.436
94,164,18,-2364.334,-8073.1201,3349.9741
92,164,18,-2127.54,-7194.1758,2961.728
90,164,18,-1961.6641,-6437.2002,2579.4919
88,164,18,-1841.464,-5782.832,2234.5181
86,164,18,-1746.506,-5211.7119,1935.2201
84,164,18,-1665.972,-4714.1602,1680.396
82,164,18,-1593.8521,-4268.8799,1462.834
80,164,18,-1526.54,-3877.8079,1277.7261
80,162,18,-1901.5641,-3972.6719,1405.1381
82,162,18,-2014.552,-4379.2319,1609.478
84,162,18,-2141.9641,-4840.0,1853.484
86,162,18,-2289.8101,-5364.6558,2144.3679
88,162,18,-2464.1001,-5964.8159,2486.938
90,162,18,-2682.864,-6657.9038,2888.406
92,162,18,-2973.748,-7463.2798,3341.5601
94,162,18,-3381.2261,-8415.792,3823.562
94,160,18,-4442.5923,-8677.1523,4315.1802
92,160,18,-3871.6421,-7691.728,3768.27
90,160,18,-3453.3459,-6851.5039,3249.0061
88,160,18,-3132.4121,-6129.376,2792.2461
86,160,18,-2872.78,-5500.1758,2399.1921
84,160,18,-2656.4202,-4954.2241,2067.4399
82,160,18,-2467.7061,-4474.0962,1787.374
80,160,18,-2301.8301,-4048.176,1549.3781
80,158,18,-2700.894,-4090.7681,1684.0021
82,158,18,-2917.2542,-4522.4961,1940.0281
84,158,18,-3163.6641,-5012.3042,2247.74
86,158,18,-3454.5481,-5571.8081,2617.9561
88,158,18,-3801.926,-6216.4961,3059.0901
90,158,18,-4231.04,-6957.9839,3577.1521
92,158,18,-4785.1621,-7817.5679,4172.1421
94,158,18,-5536.4121,-8830.0957,4818.8179
94,156,18,-6635.04,-8913.3438,5329.668
92,156,18,-5738.3481,-7904.688,4620.4883
90,156,18,-5052.0059,-7031.5518,3955.782
88,156,18,-4515.9141,-6276.5122,3376.418
86,156,18,-4078.386,-5622.144,2882.396
84,156,18,-3711.7761,-5051.0239,2471.312
82,156,18,-3398.054,-4549.6001,2122.7319
80,156,18,-3125.2,-4110.1279,1833.05
80,154,18,-3527.8701,-4094.6399,1964.068
82,154,18,-3852.4102,-4536.0479,2274.1841
84,154,18,-4227.4341,-5037.4722,2650.4102
86,154,18,-4667.3662,-5608.5918,3101.1602
88,154,18,-5195.0439,-6264.896,3644.4641
90,154,18,-5840.5181,-7019.936,4282.7261
92,154,18,-6653.0703,-7893.0718,5023.1582
94,154,18,-7725.2539,-8913.3438,5838.1143
94,152,18,-8825.084,-8855.2637,6351.3682
92,152,18,-7611.064,-7840.7998,5469.1001
90,152,18,-6672.3022,-6971.5361,4661.356
88,152,18,-5919.8501,-6220.3682,3960.5901
86,152,18,-5299.6182,-5562.1279,3365.6001
84,152,18,-4782.7583,-4992.9438,2871.5781
82,152,18,-4338.0181,-4491.52,2456.8879
80,152,18,-3955.782,-4050.1121,2110.7122
80,150,18,-4354.8462,-3978.48,2238.124
82,150,18,-4787.5659,-4408.272,2599.926
84,150,18,-5290.002,-4898.0801,3041.0601
86,150,18,-5880.1841,-5455.6479,3573.5461
88,150,18,-6585.7583,-6096.4639,4213.0103
90,150,18,-7445.188,-6836.0161,4976.2803
92,150,18,-8517.3721,-7699.4722,5860.9521
94,150,18,-9911.6924,-8713.9355,6846.5923
94,148,18,-11024.7441,-8512.5918,7344.2202
92,148,18,-9478.9727,-7505.8721,6287.6621
90,148,18,-8270.9619,-6663.7119,5333.2739
88,148,18,-7298.5439,-5939.6479,4509.9043
86,148,18,-6501.6182,-5316.2559,3819.9561
84,148,18,-5834.5083,-4778.0479,3247.804
82,148,18,-5268.3662,-4299.856,2769.408
80,148,18,-4774.3442,-3879.7439,2372.748
80,146,18,-5151.772,-3748.0959,2486.938
82,146,18,-5681.854,-4148.8481,2895.6182
84,146,18,-6298.48,-4601.8721,3394.448
86,146,18,-7028.0942,-5112.9761,3997.8521
88,146,18,-7911.564,-5703.4561,4732.2739
90,146,18,-8992.1621,-6386.8638,5610.936
92,146,18,-10357.6338,-7203.856,6651.8682
94,146,18,-12114.958,-8193.1523,7819.0103
94,144,18,-13039.2959,-7759.4878,8276.9717
92,144,18,-11265.1445,-6822.4639,7034.104
90,144,18,-9747.0186,-6065.4878,5928.2642
88,144,18,-8547.4219,-5434.3521,4994.3101
86,144,18,-7584.6201,-4888.3999,4217.8179
84,144,18,-6786.4922,-4408.272,3575.95
82,144,18,-6112.1699,-3978.48,3048.272
80,144,18,-5526.7959,-3593.2161,2604.7341
80,142,18,-5866.9619,-3415.104,2699.6921
82,142,18,-6476.376,-3771.3279,3146.8359
84,142,18,-7186.7583,-4166.272,3692.5439
86,142,18,-8026.9561,-4601.8721,4353.644
88,142,18,-9051.0605,-5085.8721,5161.3882
90,142,18,-10327.584,-5637.6318,6137.4121
92,142,18,-11986.3438,-6286.1919,7308.1602
94,142,18,-13600.6299,-7108.9922,8648.3906
94,140,18,-13804.9707,-6274.5762,8951.2939
92,140,18,-12596.96,-5680.2241,7565.3882
90,140,18,-10892.5244,-5186.5439,6363.3882
88,140,18,-9552.2939,-4739.3281,5356.1123
86,140,18,-8483.7158,-4319.2158,4521.9243
84,140,18,-7594.2363,-3928.144,3835.582
82,140,18,-6842.9863,-3558.3679,3268.238
80,140,18,-6192.7041,-3219.5679,2794.6501
80,138,18,-6492.002,-3008.5439,2871.5781
82,138,18,-7153.1021,-3320.24,3340.3582
84,138,18,-7917.5742,-3657.104,3917.3181
86,138,18,-8805.8525,-4005.584,4612.0742
88,138,18,-9879.2383,-4356.0,5458.2822
90,138,18,-11209.8525,-4688.9922,6476.376
92,138,18,-12865.0059,-4994.8799,7708.4263
94,138,18,-13851.8486,-5258.1758,9129.1904
94,136,18,-13845.8379,-4317.2798,9190.4922
92,136,18,-12994.8223,-4402.4639,7811.7983
90,136,18,-11515.1602,-4278.5601,6602.5859
88,136,18,-10220.6064,-4040.4319,5583.29
86,136,18,-9167.6543,-3742.2881,4732.2739
84,136,18,-8273.3662,-3420.9119,4026.7002
82,136,18,-7492.0659,-3103.408,3438.9221
80,136,18,-6796.1079,-2803.3279,2943.698
80,134,18,-7066.5581,-2572.9441,3002.5959
82,134,18,-7766.1221,-2859.4719,3489.406
84,134,18,-8555.8359,-3171.168,4079.5881
86,134,18,-9433.2959,-3484.8,4782.7583
88,134,18,-10436.9658,-3775.2,5631.3701
90,134,18,-11599.2998,-3980.416,6630.2319
92,134,18,-12897.46,-4003.6479,7803.3843
94,134,18,-13786.9404,-3674.5281,9123.1797
94,132,18,-13605.4385,-3591.28,9022.2119
92,132,18,-12810.916,-3924.272,7811.7983
90,132,18,-11779.6006,-3858.448,6697.5439
88,132,18,-10739.8701,-3602.896,5716.7119
86,132,18,-9778.2705,-3279.584,4880.1201
84,132,18,-8893.5986,-2940.7839,4168.5361
82,132,18,-8077.4399,-2621.344,3567.5361
80,132,18,-7335.8062,-2329.0081,3059.0901
80,130,18,-7596.6401,-2061.8401,3105.968
82,130,18,-8361.1123,-2352.24,3608.4041
84,130,18,-9207.3203,-2694.9119,4214.2119
86,130,18,-10108.8203,-3080.176,4925.7959
88,130,18,-11059.6025,-3504.1599,5772.0039
90,130,18,-11997.1621,-3912.656,6729.998
92,130,18,-12801.2998,-4208.8638,7806.9902
94,130,18,-13369.8467,-4170.144,8939.2744
94,128,18,-13392.6846,-5358.8481,8992.1621
92,128,18,-13134.2539,-4781.9199,7928.3921
90,128,18,-12541.668,-4077.2161,6870.6323
88,128,18,-11614.9258,-3422.8479,5895.8101
86,128,18,-10599.2363,-2869.1521,5038.7842
84,128,18,-9617.2021,-2418.064,4304.3623
82,128,18,-8698.874,-2054.0959,3679.322
80,128,18,-7858.6763,-1759.824,3151.644
80,126,18,-8097.874,-1413.28,3184.0981
82,126,18,-8990.96,-1690.1281,3709.3721
84,126,18,-10000.6406,-2061.8401,4350.0381
86,126,18,-11104.0762,-2563.2639,5109.7021
88,126,18,-12279.6318,-3250.5439,6007.5962
90,126,18,-13213.5859,-4185.6318,7030.498
92,126,18,-13652.3164,-5440.1602,8153.166
94,126,18,-13756.8906,-7008.3198,9267.4199
94,124,18,-13886.7061,-8559.0557,9879.2383
92,124,18,-13869.8779,-5815.7441,8582.2803
90,124,18,-13747.2744,-4021.072,7315.3721
88,124,18,-13026.0742,-2859.4719,6191.502
86,124,18,-11744.7422,-2098.624,5233.5083
84,124,18,-10446.582,-1597.2,4432.9761
82,124,18,-9310.6924,-1248.72,3765.866
80,124,18,-8311.8301,-1006.72,3209.3401
80,122,18,-8475.3018,-542.08,3220.158
82,122,18,-9530.6582,-716.32,3773.0781
84,122,18,-10784.3438,-991.232,4460.6221
86,122,18,-12266.4102,-1413.28,5300.8203
88,122,18,-13556.1563,-2106.3679,6335.7422
90,122,18,-13865.0703,-3258.2881,7587.0239
92,122,18,-13895.1201,-5258.1758,9095.5342
94,122,18,-13909.5439,-8861.0723,10820.4043
94,120,18,-13922.7666,-6491.4082,11797.6299
92,120,18,-13909.5439,-3372.512,9642.4443
90,120,18,-13886.7061,-1800.48,7873.1001
88,120,18,-13779.7285,-950.576,6481.1841
86,120,18,-12721.9678,-480.128,5377.748
84,120,18,-11123.3086,-218.768,4499.0859
82,120,18,-9757.8359,-73.568,3789.906
80,120,18,-8621.9463,0.0,3212.946
80,120,20,-8071.4302,-25.168,3643.262
82,120,20,-9060.6758,-98.736,4277.918
84,120,20,-10250.6563,-230.384,5067.6323
86,120,20,-11705.0762,-462.704,6060.4839
88,120,20,-13260.4639,-869.264,7312.9683
90,120,20,-13860.2627,-1587.52,8928.4561
92,120,20,-13893.918,-2894.3201,11039.168
94,120,20,-13916.7559,-5445.9678,13101.7998
94,122,20,-13903.5342,-7713.0239,12405.8418
92,122,20,-13879.4941,-4685.1201,10509.0859
90,122,20,-13756.8906,-2958.208,8689.2578
88,122,20,-12840.9658,-1941.808,7224.02
86,122,20,-11385.3438,-1316.48,6035.2422
84,122,20,-10081.1738,-929.28,5083.2583
82,122,20,-8960.9102,-677.6,4303.1602
80,122,20,-8005.3203,-514.976,3663.696
80,124,20,-7844.252,-962.192,3648.0701
82,124,20,-8713.2979,-1190.64,4259.8882
84,124,20,-9704.9482,-1512.016,5003.9263
86,124,20,-10827.6162,-1972.7839,5909.0322
88,124,20,-12081.3018,-2656.1919,7001.6499
90,124,20,-13218.3945,-3688.0801,8317.8398
92,124,20,-13761.6982,-5267.856,9847.9863
94,124,20,-13860.2627,-7718.832,11503.1406
94,126,20,-13330.1807,-6580.4639,10827.6162
92,126,20,-13030.8818,-5114.9121,9416.4678
90,126,20,-12334.9238,-3943.6321,8053.4004
88,126,20,-11344.4766,-3078.24,6856.208
86,126,20,-10320.3721,-2437.4241,5822.4883
84,126,20,-9356.3682,-1972.7839,4958.25
82,126,20,-8454.8682,-1618.496,4231.04
80,126,20,-7638.71,-1359.072,3620.4241
80,128,20,-7405.522,-1692.064,3577.1521
82,128,20,-8135.1362,-1972.7839,4157.7183
84,128,20,-8928.4561,-2317.3921,4853.6763
86,128,20,-9777.0684,-2747.1841,5685.46
88,128,20,-10643.71,-3275.7119,6668.6963
90,128,20,-11465.8779,-3906.8479,7816.606
92,128,20,-12132.9883,-4601.8721,9112.3623
94,128,20,-12502.002,-5234.9438,10519.9043
94,130,20,-12363.7725,-4226.2881,10537.9346
92,130,20,-11693.0566,-4152.7202,9051.0605
90,130,20,-10956.2305,-3813.9199,7722.8501
88,130,20,-10177.334,-3397.6799,6589.3643
86,130,20,-9371.9941,-2977.5679,5614.542
84,130,20,-8595.502,-2603.9199,4803.1919
82,130,20,-7850.2622,-2274.8,4110.8398
80,130,20,-7153.1021,-1996.016,3527.8701
80,132,20,-6885.0562,-2255.4399,3464.1641
82,132,20,-7526.9243,-2534.2239,4024.2961
84,132,20,-8221.6797,-2847.856,4696.2139
86,132,20,-8972.9297,-3180.8479,5503.958
88,132,20,-9769.8564,-3511.9041,6466.7603
90,132,20,-10629.2861,-3792.624,7630.2959
92,132,20,-11569.25,-3926.208,9023.4141
94,132,20,-12665.4746,-3722.928,10697.7998
94,134,20,-13066.9424,-3773.2639,10911.7559
92,134,20,-11656.9961,-3990.0959,9102.7461
90,134,20,-10485.0459,-3912.656,7621.8823
88,134,20,-9533.0625,-3684.208,6434.3062
86,134,20,-8697.6719,-3386.064,5446.2622
84,134,20,-7948.8262,-3082.1121,4644.5283
82,134,20,-7231.2319,-2778.1599,3955.782
80,134,20,-6607.394,-2499.376,3401.6602
80,136,20,-6338.146,-2716.208,3327.136
82,136,20,-6933.1362,-3004.6719,3870.4402
84,136,20,-7594.2363,-3310.5601,4527.9341
86,136,20,-8340.6777,-3624.1919,5327.2642
88,136,20,-9207.3203,-3926.208,6311.7021
90,136,20,-10260.2725,-4179.8242,7530.5303
92,136,20,-11618.5322,-4334.7041,9059.4746
94,136,20,-13333.7861,-4303.728,11030.7539
94,138,20,-13361.4326,-5114.9121,11012.7246
92,138,20,-11542.8066,-4853.5518,9033.0303
90,138,20,-10079.9727,-4553.4722,7466.8242
88,138,20,-8974.1318,-4228.2241,6238.3799
86,138,20,-8075.0361,-3889.4241,5246.73
84,138,20,-7305.7563,-3556.4319,4444.9961
82,138,20,-6647.0601,-3233.1199,3792.3101
80,138,20,-6068.8979,-2933.04,3252.6121
80,140,20,-5772.0039,-3126.6399,3156.4521
82,140,20,-6321.3184,-3446.0801,3674.5142
84,140,20,-6946.3579,-3792.624,4306.7661
86,140,20,-7675.9722,-4162.3999,5083.2583
88,140,20,-8554.6338,-4557.3437,6049.666
90,140,20,-9653.2617,-4975.52,7260.0801
92,140,20,-11111.2881,-5436.2881,8804.6504
94,140,20,-13059.7305,-5980.3042,10801.1719
94,142,20,-12526.042,-6717.9199,10461.0059
92,142,20,-10628.084,-5988.0479,8573.8662
90,142,20,-9238.5723,-5391.7598,7076.1743
88,142,20,-8176.0039,-4894.208,5900.6182
86,142,20,-7304.5542,-4437.312,4946.23
84,142,20,-6600.1821,-4030.752,4192.5762
82,142,20,-5993.1719,-3657.104,3569.9402
80,142,20,-5454.6763,-3318.304,3056.686
80,144,20,-5102.4902,-3477.0559,2940.092
82,144,20,-5584.4922,-3833.28,3418.488
84,144,20,-6141.0181,-4232.0962,4008.6702
86,144,20,-6797.3101,-4677.376,4733.4761
88,144,20,-7584.6201,-5178.7998,5631.3701
90,144,20,-8560.6445,-5755.728,6758.8462
92,144,20,-9822.7441,-6431.3921,8169.9941
94,144,20,-11586.0781,-7269.6802,9964.5801
94,146,20,-10665.3467,-7672.3682,9447.7197
92,146,20,-9123.1797,-6803.104,7806.9902
90,146,20,-7971.6641,-6071.2959,6470.3662
88,146,20,-7078.5781,-5449.8398,5407.7983
86,146,20,-6353.772,-4905.8237,4547.166
84,146,20,-5750.3682,-4433.4399,3856.0161
82,146,20,-5221.4883,-4003.6479,3286.2681
80,146,20,-4767.1323,-3626.1279,2816.2861
80,148,20,-4396.916,-3742.2881,2675.6521
82,148,20,-4797.1821,-4133.3599,3107.1702
84,148,20,-5262.356,-4576.7041,3638.4541
86,148,20,-5803.2563,-5074.2559,4286.332
88,148,20,-6448.73,-5643.4399,5086.8643
90,148,20,-7242.0503,-6297.8081,6080.918
92,148,20,-8252.9326,-7056.7197,7310.564
94,148,20,-9646.0498,-7956.96,8838.3066
94,150,20,-8691.6621,-8162.1758,8268.5586
92,150,20,-7463.2183,-7258.064,6880.248
90,150,20,-6566.5259,-6479.792,5738.3481
88,150,20,-5869.3662,-5808.0,4816.4141
86,150,20,-5290.002,-5217.52,4065.1641
84,150,20,-4808.0,-4702.5439,3454.5481
82,150,20,-4388.502,-4245.6479,2948.5061
80,150,20,-4021.8921,-3839.0879,2532.614
80,152,20,-3632.4441,-3904.9119,2376.354
82,152,20,-3938.9541,-4313.4082,2752.5801
84,152,20,-4294.7461,-4778.0479,3212.946
86,152,20,-4708.2339,-5300.7681,3774.28
88,152,20,-5201.0542,-5898.9922,4464.228
90,152,20,-5804.458,-6582.3999,5311.6382
92,152,20,-6583.354,-7366.48,6356.1763
94,152,20,-7680.7803,-8284.1436,7644.7202
94,154,20,-6720.3823,-8349.9678,7058.144
92,154,20,-5772.0039,-7436.1758,5900.6182
90,154,20,-5101.2881,-6648.2241,4943.8262
88,154,20,-4588.0342,-5959.0078,4166.1318
86,154,20,-4169.7383,-5354.9761,3529.072
84,154,20,-3818.7542,-4828.3838,3011.01
82,154,20,-3514.6479,-4361.8081,2581.896
80,154,20,-3245.4001,-3945.5679,2223.7
80,156,20,-2851.144,-3957.1841,2063.834
82,156,20,-3062.696,-4363.7441,2378.7581
84,156,20,-3305.5,-4824.5122,2763.3979
86,156,20,-3585.5662,-5347.2319,3230.9761
88,156,20,-3922.126,-5947.3921,3804.3301
90,156,20,-4339.2202,-6628.8638,4506.2979
92,156,20,-4896.9482,-7420.688,5371.7383
94,156,20,-5710.7021,-8338.3516,6427.0942
94,158,20,-4749.1021,-8272.5283,5839.3159
92,158,20,-4083.1941,-7364.5439,4907.7661
90,158,20,-3638.4541,-6586.272,4133.6782
88,158,20,-3311.51,-5912.5439,3499.022
86,158,20,-3050.676,-5322.064,2980.96
84,158,20,-2830.71,-4807.0879,2556.6541
82,158,20,-2639.592,-4346.3198,2202.064
80,158,20,-2466.5042,-3941.696,1906.3721
80,160,20,-2079.46,-3893.2959,1744.1021
82,160,20,-2197.2561,-4284.3682,2000.1281
84,160,20,-2329.4761,-4729.6479,2311.446
86,160,20,-2480.928,-5229.1357,2685.2681
88,160,20,-2662.4299,-5802.1919,3143.23
90,160,20,-2895.6182,-6458.4961,3702.1602
92,160,20,-3221.3601,-7217.4082,4384.896
94,160,20,-3741.8262,-8113.7759,5213.0742
94,162,20,-2792.2461,-7881.4561,4632.5083
92,162,20,-2429.2419,-7031.5518,3929.3381
90,162,20,-2215.2861,-6299.7441,3333.146
88,162,20,-2072.248,-5672.48,2842.73
86,162,20,-1961.6641,-5118.7842,2436.4541
84,162,20,-1869.11,-4634.7842,2102.2981
82,162,20,-1784.9701,-4204.9922,1823.4341
80,162,20,-1706.8401,-3821.6641,1586.64
80,164,20,-1352.25,-3726.8,1432.7841
82,164,20,-1384.704,-4088.832,1633.5181
84,164,20,-1414.754,-4495.3921,1873.9181
86,164,20,-1448.41,-4954.2241,2161.196
88,164,20,-1488.076,-5475.0078,2512.1799
90,164,20,-1546.974,-6069.3599,2934.082
92,164,20,-1652.75,-6752.7681,3443.73
94,164,20,-1871.514,-7556.208,4048.3362
94,166,20,-1050.548,-7174.8159,3529.072
92,166,20,-954.388,-6448.8159,3029.04
90,166,20,-939.964,-5817.6802,2595.1182
88,166,20,-955.59,-5267.856,2233.3162
86,166,20,-978.428,-4776.1118,1929.2101
84,166,20,-995.256,-4346.3198,1677.9921
82,166,20,-1007.276,-3959.1199,1465.238
80,166,20,-1010.882,-3612.5759,1286.14
80,168,20,-695.958,-3480.928,1146.708
82,168,20,-655.09,-3800.3679,1294.5541
84,168,20,-602.202,-4158.5278,1471.248
86,168,20,-536.092,-4559.2798,1684.0021
88,168,20,-457.962,-5004.5601,1935.2201
90,168,20,-376.226,-5505.9839,2238.124
92,168,20,-305.308,-6073.2319,2597.522
94,168,20,-292.086,-6721.792,3015.8181
94,170,20,365.408,-6253.2798,2571.0781
92,170,20,266.844,-5686.0317,2233.3162
90,170,20,129.816,-5184.6079,1936.422
88,170,20,-6.01,-4737.3921,1684.0021
86,170,20,-129.816,-4328.896,1471.248
84,170,20,-234.39,-3964.928,1293.3521
82,170,20,-324.54,-3633.8721,1141.9
80,170,20,-395.458,-3335.728,1012.084
80,172,20,-125.008,-3175.04,887.076
82,172,20,-25.242,-3448.0159,990.448
84,172,20,94.958,-3746.1599,1111.85
86,172,20,235.592,-4075.28,1257.292
88,172,20,397.862,-4435.376,1429.178
90,172,20,578.162,-4832.2559,1632.316
92,172,20,766.876,-5267.856,1871.514
94,172,20,931.55,-5751.856,2146.772
94,174,20,1402.734,-5262.0479,1780.162
92,174,20,1198.394,-4859.3599,1566.2061
90,174,20,974.822,-4485.7119,1373.886
88,174,20,762.068,-4139.168,1211.616
86,174,20,569.748,-3817.792,1073.386
84,174,20,402.67,-3525.4561,955.59
82,174,20,256.026,-3254.416,854.622
80,174,20,132.22,-3006.6079,766.876
80,176,20,354.59,-2830.4319,659.898
82,176,20,496.426,-3051.136,726.008
84,176,20,663.504,-3291.2,802.936
86,176,20,853.42,-3552.5601,891.884
88,176,20,1069.78,-3833.28,998.862
90,176,20,1306.574,-4135.2959,1122.668
92,176,20,1555.3881,-4456.6719,1270.514
94,176,20,1784.9701,-4797.4082,1439.996
94,178,20,2110.7122,-4373.4238,1140.698
92,178,20,1871.514,-4081.0879,1016.892
90,178,20,1609.478,-3802.304,907.51
88,178,20,1353.452,-3537.072,813.754
86,178,20,1119.062,-3289.2639,734.422
84,178,20,911.116,-3058.8799,665.908
82,178,20,724.806,-2843.9839,607.01
80,178,20,564.94,-2644.5759,555.324
80,180,20,744.038,-2456.7839,462.77
82,180,20,918.328,-2631.0239,498.83
84,180,20,1117.86,-2816.8799,538.496
86,180,20,1342.634,-3020.1599,585.374
88,180,20,1593.8521,-3236.9919,639.464
90,180,20,1865.504,-3467.376,700.766
92,180,20,2145.5701,-3717.1199,774.088
94,180,20,2400.394,-3986.2239,855.824
94,180,22,2539.8259,-3693.8879,978.428
92,180,22,2256.1541,-3477.0559,829.38
90,180,22,1953.25,-3266.032,730.816
88,180,22,1667.1741,-3064.688,658.696
86,180,22,1402.734,-2871.0879,602.202
84,180,22,1171.9501,-2692.9761,556.526
82,180,22,966.408,-2520.6719,516.86
80,180,22,787.31,-2361.9199,482.002
80,178,22,619.03,-2540.032,582.97
82,178,22,783.704,-2720.0801,633.454
84,178,22,976.024,-2913.6799,692.352
86,178,22,1195.99,-3118.896,760.866
88,178,22,1444.8041,-3337.6641,845.006
90,178,22,1722.4661,-3568.0481,949.58
92,178,22,2016.9561,-3804.24,1091.416
94,178,22,2305.436,-4050.1121,1300.564
94,176,22,2042.198,-4446.9922,1651.548
92,176,22,1759.728,-4164.3359,1389.5121
90,176,22,1471.248,-3885.552,1200.798
88,176,22,1205.6061,-3624.1919,1057.76
86,176,22,968.812,-3374.448,942.368
84,176,22,763.27,-3140.1919,848.612
82,176,22,582.97,-2921.4241,768.078
80,176,22,429.114,-2716.208,698.362
80,174,22,219.966,-2882.7041,816.158
82,174,22,355.792,-3109.2161,903.904
84,174,22,515.658,-3355.0879,1006.074
86,174,22,703.17,-3616.448,1127.4761
88,174,22,923.136,-3901.04,1275.322
90,174,22,1173.152,-4206.9277,1460.4301
92,174,22,1446.006,-4530.2397,1702.032
94,174,22,1717.6581,-4872.9121,2037.39
94,172,22,1324.604,-5320.1279,2460.4941
92,172,22,1084.204,-4915.5039,2063.834
90,172,22,835.39,-4537.9839,1765.738
88,172,22,609.414,-4191.4399,1534.954
86,172,22,412.286,-3868.1279,1345.038
84,172,22,247.612,-3571.9199,1192.384
82,172,22,105.776,-3298.9441,1062.568
80,172,22,-12.02,-3047.2639,950.782
80,170,22,-265.642,-3200.208,1086.608
82,170,22,-174.29,-3471.248,1218.828
84,170,22,-60.1,-3769.3921,1375.088
86,170,22,78.13,-4098.5122,1562.6
88,170,22,244.006,-4460.5439,1793.384
90,170,22,435.124,-4855.4878,2077.0562
92,170,22,646.676,-5289.1519,2443.666
94,170,22,840.198,-5778.96,2940.092
94,168,22,286.076,-6210.688,3459.356
92,168,22,156.26,-5662.7998,2883.5981
90,168,22,-4.808,-5169.1201,2442.4641
88,168,22,-153.856,-4727.7119,2099.894
86,168,22,-283.672,-4328.896,1821.03
84,168,22,-388.246,-3966.864,1591.448
82,168,22,-473.588,-3639.6799,1400.3301
80,168,22,-539.698,-3341.5359,1239.262
80,166,22,-830.582,-3465.4399,1388.3101
82,166,22,-796.926,-3781.0081,1573.418
84,166,22,-747.644,-4131.4238,1794.5861
86,166,22,-682.736,-4518.624,2061.4299
88,166,22,-598.596,-4954.2241,2390.7781
90,166,22,-501.234,-5442.0962,2801.8621
92,166,22,-405.074,-5989.9839,3323.53
94,166,22,-358.196,-6615.312,4027.9021
94,164,22,-1056.558,-6969.6001,4636.1143
92,164,22,-1012.084,-6293.936,3830.7742
90,164,22,-1037.326,-5699.584,3216.552
88,164,22,-1074.588,-5172.9922,2738.156
86,164,22,-1108.244,-4704.48,2349.9102
84,164,22,-1131.082,-4290.1758,2037.39
82,164,22,-1144.3041,-3914.592,1776.556
80,164,22,-1144.3041,-3577.728,1555.3881
80,162,22,-1468.844,-3664.8479,1717.6581
82,162,22,-1503.702,-4015.2639,1960.462
84,162,22,-1533.7521,-4406.3359,2254.9521
86,162,22,-1560.196,-4843.8721,2613.1479
88,162,22,-1584.2361,-5337.5518,3056.686
90,162,22,-1615.488,-5893.1841,3609.606
92,162,22,-1674.386,-6528.1919,4319.9883
94,162,22,-1833.05,-7263.8721,5282.79
94,160,22,-2639.592,-7482.6401,5961.9199
92,160,22,-2372.748,-6725.6641,4878.918
90,160,22,-2227.3062,-6061.6162,4065.1641
88,160,22,-2126.3381,-5482.752,3434.114
86,160,22,-2044.6021,-4965.8398,2928.072
84,160,22,-1967.6741,-4512.8159,2518.1899
82,160,22,-1891.948,-4102.3838,2180.428
80,160,22,-1817.4241,-3736.48,1897.958
80,158,22,-2162.3979,-3777.136,2063.834
82,158,22,-2277.79,-4150.7842,2371.5461
84,158,22,-2396.7881,-4567.0239,2744.166
86,158,22,-2529.0081,-5035.5361,3199.7241
88,158,22,-2674.45,-5564.064,3767.0681
90,158,22,-2851.144,-6162.2881,4481.0562
92,158,22,-3089.1401,-6843.7598,5401.7881
94,158,22,-3472.5781,-7623.9678,6647.0601
94,156,22,-4312.7759,-7703.3437,7346.624
92,156,22,-3829.572,-6921.2002,5983.5562
90,156,22,-3505.032,-6231.9839,4958.25
88,156,22,-3255.0161,-5620.208,4160.1221
86,156,22,-3044.666,-5083.936,3527.8701
84,156,22,-2860.76,-4605.7441,3019.4241
82,156,22,-2691.2781,-4179.8242,2599.926
80,156,22,-2532.614,-3800.3679,2248.9421
80,154,22,-2884.8,-3788.752,2414.8181
82,154,22,-3080.7261,-4170.144,2787.438
84,154,22,-3297.0862,-4596.064,3241.7939
86,154,22,-3538.688,-5076.1919,3799.522
88,154,22,-3813.946,-5616.3359,4495.48
90,154,22,-4140.8901,-6228.1118,5372.9399
92,154,22,-4551.9741,-6919.2642,6502.8203
94,154,22,-5149.3682,-7709.1519,8035.3701
94,152,22,-5983.5562,-7660.752,8727.7217
92,152,22,-5294.8101,-6878.6079,7079.7803
90,152,22,-4799.5859,-6191.3281,5845.3262
88,152,22,-4402.9263,-5583.4238,4887.332
86,152,22,-4063.9622,-5043.2798,4125.2642
84,152,22,-3767.0681,-4565.0879,3513.446
82,152,22,-3501.426,-4137.2319,3011.01
80,152,22,-3259.824,-3755.8401,2596.3201
80,150,22,-3609.606,-3691.9519,2756.186
82,150,22,-3889.6721,-4065.6001,3192.512
84,150,22,-4202.1919,-4485.7119,3728.604
86,150,22,-4553.1763,-4956.1602,4386.0981
88,150,22,-4954.644,-5488.5601,5207.064
90,150,22,-5424.626,-6086.7842,6240.7842
92,150,22,-6010.0,-6764.3838,7587.0239
94,150,22,-6815.3403,-7531.04,9399.6406
94,148,22,-7651.9321,-7354.8638,10079.9727
92,148,22,-6752.8359,-6599.8237,8136.3384
90,148,22,-6082.1201,-5939.6479,6689.1299
88,148,22,-5536.4121,-5358.8481,5572.4722
86,148,22,-5073.6421,-4843.8721,4690.2041
84,148,22,-4668.5679,-4385.04,3979.822
82,148,22,-4305.564,-3974.6079,3401.6602
80,148,22,-3979.822,-3604.832,2923.2642
80,146,22,-4315.1802,-3490.6079,3068.7061
82,146,22,-4669.77,-3841.0239,3560.324
84,146,22,-5071.2383,-4235.9678,4166.1318
86,146,22,-5521.9883,-4671.5679,4912.5742
88,146,22,-6044.8579,-5165.248,5850.1343
90,146,22,-6662.686,-5720.8799,7042.5181
92,146,22,-7425.9561,-6353.9521,8600.3105
94,146,22,-8456.0703,-7093.5039,10721.8398
94,144,22,-9242.1777,-6746.96,11340.8701
92,144,22,-8106.2881,-6050.0,9088.3223
90,144,22,-7250.4644,-5463.3921,7431.9663
88,144,22,-6567.728,-4948.416,6167.4619
86,144,22,-5993.1719,-4487.6479,5180.6201
84,144,22,-5494.3423,-4075.28,4393.3101
82,144,22,-5053.208,-3701.6321,3750.24
80,144,22,-4655.3462,-3360.896,3217.7542
80,142,22,-4961.856,-3204.0801,3340.3582
82,142,22,-5382.5562,-3523.52,3880.0562
84,142,22,-5856.144,-3879.7439,4547.166
86,142,22,-6388.6299,-4259.2002,5360.9199
88,142,22,-7007.6602,-4679.312,6391.0342
90,142,22,-7746.8901,-5142.0161,7706.022
92,142,22,-8682.0459,-5662.7998,9453.7305
94,142,22,-9975.3984,-6276.5122,11785.6104
94,140,22,-10572.792,-5689.9038,12113.7559
92,140,22,-9202.5117,-5211.7119,9797.502
90,140,22,-8216.8721,-4793.5361,7993.3003
88,140,22,-7435.5723,-4400.5278,6633.8379
86,140,22,-6786.4922,-4024.9441,5572.4722
84,140,22,-6222.7539,-3674.5281,4726.2642
82,140,22,-5722.7222,-3341.5359,4036.3162
80,140,22,-5267.1641,-3033.7119,3464.1641
80,138,22,-5543.624,-2845.9199,3563.9302
82,138,22,-6012.4043,-3134.384,4134.8799
84,138,22,-6531.668,-3446.0801,4836.8481
86,138,22,-7107.4263,-3771.3279,5695.0762
88,138,22,-7764.9199,-4104.3198,6770.8662
90,138,22,-8541.4121,-4429.5679,8138.7422
92,138,22,-9530.6582,-4735.4561,9964.5801
94,138,22,-10945.4121,-5004.5601,12283.2383
94,136,22,-11029.5518,-4377.2959,12313.2881
92,136,22,-9755.4326,-4311.4722,10090.79
90,136,22,-8838.3066,-4114.0,8298.6084
88,136,22,-8094.2681,-3841.0239,6931.9341
86,136,22,-7443.9863,-3537.072,5846.5283
84,136,22,-6858.6123,-3229.248,4977.4819
82,136,22,-6321.3184,-2929.168,4261.0898
80,136,22,-5818.8823,-2648.448,3661.292
80,134,22,-6072.5039,-2435.488,3740.624
82,134,22,-6583.354,-2704.592,4333.21
84,134,22,-7135.0723,-3002.7361,5055.6123
86,134,22,-7718.042,-3308.624,5919.8501
88,134,22,-8345.4863,-3612.5759,6996.8423
90,134,22,-9027.0205,-3875.8721,8326.2539
92,134,22,-9811.9258,-4034.624,10049.9219
94,134,22,-10856.4639,-3974.6079,12177.4619
94,132,22,-10608.8525,-3943.6321,11981.5361
92,132,22,-9916.5,-3966.864,10040.3066
90,132,22,-9293.8643,-3759.7119,8417.6064
88,132,22,-8674.834,-3449.9519,7117.042
86,132,22,-8067.8242,-3113.0879,6055.6763
84,132,22,-7464.4199,-2782.032,5175.812
82,132,22,-6882.6523,-2480.0159,4436.582
80,132,22,-6333.3379,-2208.9761,3819.9561
80,130,22,-6573.7383,-1955.36,3882.46
82,130,22,-7149.4961,-2224.4639,4495.48
84,130,22,-7763.7183,-2538.0959,5237.1143
86,130,22,-8394.7686,-2900.1279,6119.3823
88,130,22,-9024.6162,-3308.624,7181.9502
90,130,22,-9608.7881,-3734.5439,8451.2617
92,130,22,-10110.0225,-4125.6162,9992.2266
94,130,22,-10517.5,-4350.1919,11800.0342
94,128,22,-10866.0801,-5118.7842,11765.1758
92,128,22,-10649.7197,-4443.1201,10119.6387
90,128,22,-10171.3242,-3767.4561,8626.7539
88,128,22,-9537.8701,-3171.168,7350.23
86,128,22,-8843.1143,-2669.7439,6262.4199
84,128,22,-8142.3481,-2265.1199,5354.9102
82,128,22,-7463.2183,-1937.936,4589.2358
80,128,22,-6823.7539,-1670.7679,3946.166
80,126,22,-7043.7202,-1345.52,3991.842
82,126,22,-7727.6582,-1591.392,4637.3159
84,126,22,-8481.3125,-1916.64,5417.4141
86,126,22,-9291.46,-2346.4319,6356.1763
88,126,22,-10132.8604,-2925.2959,7484.854
90,126,22,-10949.0186,-3699.696,8823.8818
92,126,22,-11623.3398,-4743.2002,10386.4824
94,126,22,-11979.1318,-6082.9121,11993.5566
94,124,22,-13535.7227,-6783.7441,12563.3047
92,124,22,-12950.3486,-4758.688,10915.3623
90,124,22,-11993.5566,-3409.2959,9174.8662
88,124,22,-10874.4941,-2512.928,7714.436
86,124,22,-9826.3506,-1903.088,6513.6382
84,124,22,-8874.3662,-1484.912,5526.7959
82,124,22,-8013.7344,-1188.704,4708.2339
80,124,22,-7245.6562,-971.872,4027.9021
80,122,22,-7392.3003,-545.952,4043.5281
82,122,22,-8206.0537,-696.96,4721.4561
84,122,22,-9155.6338,-927.344,5559.25
86,122,22,-10259.0703,-1271.952,6590.5659
88,122,22,-11559.6338,-1810.16,7882.7163
90,122,22,-12935.9238,-2662.0,9490.9922
92,122,22,-13778.5264,-4075.28,11516.3623
94,122,22,-13877.0898,-6472.0479,13207.5762
94,120,22,-13902.332,-4433.4399,13694.3867
92,120,22,-13866.2725,-2481.9519,12017.5967
90,120,22,-13560.9639,-1417.152,9825.1484
88,120,22,-12172.6543,-809.248,8053.4004
86,120,22,-10649.7197,-456.896,6680.7163
84,120,22,-9404.4482,-255.552,5602.522
82,120,22,-8363.5166,-135.52,4738.2842
80,120,22,-7482.4502,-65.824,4035.114
80,120,24,-6846.5923,-90.992,4297.1499
82,120,24,-7567.792,-154.88,5007.5322
84,120,24,-8410.3945,-263.296,5891.002
86,120,24,-9402.0439,-441.408,6990.832
88,120,24,-10583.6104,-731.808,8383.9502
90,120,24,-12003.1719,-1208.064,10178.5361
92,120,24,-13411.916,-2003.76,12294.0566
94,120,24,-13861.4639,-3364.7681,13788.1426
94,122,24,-13512.8838,-5182.6719,13502.0664
92,122,24,-12556.0918,-3432.5281,11935.8604
90,122,24,-11319.2344,-2327.072,9968.1865
88,122,24,-10168.9199,-1628.176,8307.0225
86,122,24,-9153.2305,-1171.28,6974.0039
84,122,24,-8263.75,-873.136,5911.436
82,122,24,-7474.0361,-667.92,5032.7739
80,122,24,-6779.2803,-530.464,4316.3818
80,124,24,-6639.8481,-935.088,4297.1499
82,124,24,-7269.6963,-1128.688,4989.502
84,124,24,-7964.4521,-1395.856,5827.2959
86,124,24,-8726.5205,-1767.568,6844.188
88,124,24,-9539.0723,-2294.1599,8082.248
90,124,24,-10378.0684,-3053.072,9596.7686
92,124,24,-11158.166,-4160.4639,11419.0
94,124,24,-11754.3584,-5802.1919,12963.5703
94,126,24,-10037.9023,-5575.6802,12553.6885
92,126,24,-9945.3486,-4367.6162,10980.2705
90,126,24,-9528.2539,-3440.272,9323.9141
88,126,24,-8956.1025,-2745.248,7930.7964
86,126,24,-8314.2344,-2220.592,6752.8359
84,126,24,-7673.5684,-1829.52,5780.418
82,126,24,-7052.1343,-1529.4399,4955.8462
80,126,24,-6466.7603,-1295.184,4270.7061
80,128,24,-6258.814,-1610.752,4215.4141
82,128,24,-6776.876,-1858.5599,4872.9082
84,128,24,-7315.3721,-2164.448,5657.814
86,128,24,-7858.6763,-2541.968,6597.7783
88,128,24,-8371.9297,-3008.5439,7718.042
90,128,24,-8787.8223,-3575.792,9052.2617
92,128,24,-9010.1924,-4249.52,10630.4883
94,128,24,-8902.0117,-5012.3042,12278.4307
94,130,24,-8310.6279,-4489.584,12285.6426
92,130,24,-8433.2324,-4084.96,10541.54
90,130,24,-8260.1445,-3637.7439,8932.0625
88,130,24,-7921.1802,-3204.0801,7614.6699
86,130,24,-7482.4502,-2803.3279,6506.4263
84,130,24,-7005.2563,-2454.8479,5589.3003
82,130,24,-6513.6382,-2152.832,4812.8081
80,130,24,-6035.2422,-1895.344,4158.9199
80,132,24,-5793.6401,-2133.4719,4081.9922
82,132,24,-6228.7642,-2390.96,4710.6382
84,132,24,-6677.1104,-2685.2319,5467.8979
86,132,24,-7117.042,-3008.5439,6375.4082
88,132,24,-7523.3184,-3349.28,7468.0264
90,132,24,-7858.6763,-3691.9519,8813.0645
92,132,24,-8067.8242,-3992.032,10491.0566
94,132,24,-8066.6221,-4185.6318,12413.0547
94,134,24,-8004.1182,-4172.0801,12580.1318
92,134,24,-7869.4941,-4053.9839,10555.9639
90,134,24,-7581.0142,-3821.6641,8774.6006
88,134,24,-7222.8184,-3531.2639,7404.3203
86,134,24,-6818.9463,-3217.6321,6291.2681
84,134,24,-6399.4482,-2915.616,5390.9702
82,134,24,-5973.9399,-2627.1521,4636.1143
80,134,24,-5554.4419,-2361.9199,4005.064
80,136,24,-5308.0322,-2563.2639,3911.3081
82,136,24,-5690.2681,-2830.4319,4517.1162
84,136,24,-6092.938,-3120.832,5253.9419
86,136,24,-6500.416,-3422.8479,6150.6343
88,136,24,-6909.0962,-3728.7361,7258.8779
90,136,24,-7305.7563,-4021.072,8662.8145
92,136,24,-7663.9521,-4268.8799,10497.0664
94,136,24,-7944.0181,-4431.5039,12657.0605
94,138,24,-7780.5459,-4865.168,12651.0498
92,138,24,-7445.188,-4594.1279,10450.1885
90,138,24,-7040.1143,-4294.0479,8567.8564
88,138,24,-6626.626,-3972.6719,7156.708
86,138,24,-6216.7441,-3651.2959,6041.252
84,138,24,-5817.6802,-3339.6001,5155.3779
82,138,24,-5424.626,-3037.584,4418.5522
80,138,24,-5050.8042,-2758.8,3813.946
80,140,24,-4780.354,-2931.104,3696.1501
82,140,24,-5122.9243,-3221.5039,4274.312
84,140,24,-5485.9282,-3535.136,4979.8862
86,140,24,-5866.9619,-3868.1279,5847.73
88,140,24,-6264.8242,-4218.5439,6933.1362
90,140,24,-6674.7061,-4586.3838,8325.0518
92,140,24,-7080.9819,-4963.9038,10178.5361
94,140,24,-7436.7739,-5356.9121,12485.1738
94,142,24,-6986.0239,-5813.8081,12190.6846
92,142,24,-6677.1104,-5331.7441,9909.2881
90,142,24,-6296.0762,-4884.5278,8100.2783
88,142,24,-5907.8301,-4470.2241,6745.624
86,142,24,-5529.2002,-4086.896,5677.0459
84,142,24,-5167.3979,-3732.6079,4835.646
82,142,24,-4822.4243,-3403.488,4142.0923
80,142,24,-4497.8843,-3097.6001,3572.344
80,144,24,-4199.7881,-3240.864,3428.104
82,144,24,-4490.6719,-3558.3679,3961.792
84,144,24,-4803.1919,-3904.9119,4618.084
86,144,24,-5131.3379,-4282.4321,5428.2319
88,144,24,-5473.9082,-4696.7358,6440.3159
90,144,24,-5826.0942,-5149.7598,7737.2739
92,144,24,-6163.856,-5645.376,9453.7305
94,144,24,-6434.3062,-6191.3281,11766.3779
94,146,24,-5869.3662,-6489.4722,11269.9521
92,146,24,-5648.1982,-5914.48,9037.8379
90,146,24,-5358.5161,-5384.0161,7410.3301
88,146,24,-5053.208,-4900.0161,6179.4819
86,146,24,-4745.4961,-4458.6079,5207.064
84,146,24,-4452.208,-4063.6641,4437.7842
82,146,24,-4166.1318,-3697.76,3803.1282
80,146,24,-3895.6821,-3366.7041,3281.46
80,148,24,-3569.9402,-3469.312,3113.1802
82,148,24,-3799.522,-3810.0481,3593.98
84,148,24,-4043.5281,-4183.6958,4181.7583
86,148,24,-4295.9482,-4598.0,4904.1602
88,148,24,-4557.9839,-5056.832,5810.4683
90,148,24,-4817.6162,-5560.1919,6963.186
92,148,24,-5056.814,-6115.8237,8472.8984
94,148,24,-5235.9121,-6721.792,10576.3984
94,150,24,-4608.4683,-6896.0317,9920.1064
92,150,24,-4482.2583,-6274.5762,7986.0884
90,150,24,-4295.9482,-5701.52,6571.334
88,150,24,-4090.406,-5180.7358,5497.9482
86,150,24,-3874.0461,-4710.2881,4645.73
84,150,24,-3657.686,-4286.3042,3965.3982
82,150,24,-3448.5381,-3901.04,3404.064
80,150,24,-3244.198,-3552.5601,2943.698
80,152,24,-2907.6379,-3606.7681,2762.196
82,152,24,-3066.302,-3955.248,3179.29
84,152,24,-3233.3801,-4344.3838,3688.938
86,152,24,-3401.6602,-4774.1758,4312.7759
88,152,24,-3567.5361,-5250.4321,5094.0762
90,152,24,-3721.3921,-5778.96,6082.1201
92,152,24,-3852.4102,-6363.6318,7381.4819
94,152,24,-3930.54,-6998.6401,9184.4824
94,154,24,-3276.6521,-7050.9121,8499.3418
92,154,24,-3253.814,-6413.9678,6855.0063
90,154,24,-3179.29,-5829.2959,5659.0161
88,154,24,-3075.918,-5298.832,4747.8999
86,154,24,-2958.1221,-4816.7681,4027.9021
84,154,24,-2830.71,-4385.04,3448.5381
82,154,24,-2700.894,-3993.968,2974.95
80,154,24,-2569.876,-3641.616,2579.4919
80,156,24,-2234.5181,-3645.488,2389.5759
82,156,24,-2324.668,-3993.968,2739.3582
84,156,24,-2412.4141,-4379.2319,3164.866
86,156,24,-2491.7461,-4807.0879,3686.5342
88,156,24,-2560.26,-5285.2798,4335.6143
90,156,24,-2608.3401,-5809.936,5157.7822
92,156,24,-2628.7742,-6396.5439,6239.582
94,156,24,-2595.1182,-7037.3599,7749.2939
94,158,24,-1935.2201,-6969.6001,7048.5283
92,158,24,-2026.572,-6338.4639,5696.2783
90,158,24,-2065.0361,-5765.4082,4720.2539
88,158,24,-2068.6421,-5246.5601,3977.418
86,158,24,-2049.4102,-4778.0479,3392.0439
84,158,24,-2010.946,-4356.0,2918.4561
82,158,24,-1960.462,-3974.6079,2529.0081
80,158,24,-1899.16,-3630.0,2204.468
80,160,24,-1573.418,-3585.4719,2014.552
82,160,24,-1596.256,-3918.4639,2297.022
84,160,24,-1607.074,-4288.2397,2639.592
86,160,24,-1601.0641,-4694.7998,3055.4841
88,160,24,-1573.418,-5151.6958,3573.5461
90,160,24,-1515.722,-5655.0562,4229.8379
92,160,24,-1419.562,-6212.624,5091.6719
94,160,24,-1268.11,-6834.0801,6309.2983
94,162,24,-626.242,-6642.416,5613.3403
92,162,24,-837.794,-6051.936,4556.7822
90,162,24,-992.852,-5515.6641,3798.3201
88,162,24,-1102.234,-5033.6001,3222.562
86,162,24,-1176.7581,-4596.064,2764.6001
84,162,24,-1222.4341,-4201.1201,2395.5859
82,162,24,-1247.676,-3844.896,2087.874
80,162,24,-1254.8881,-3521.584,1829.4441
80,164,24,-954.388,-3434.4639,1649.144
82,164,24,-914.722,-3740.3521,1867.9081
84,164,24,-854.622,-4079.1521,2129.9441
86,164,24,-770.482,-4450.8638,2448.4741
88,164,24,-653.888,-4863.2319,2842.73
90,164,24,-496.426,-5318.1919,3336.752
92,164,24,-288.48,-5821.5518,3991.842
94,164,24,-13.222,-6375.248,4911.3721
94,166,24,548.112,-6067.4238,4283.9282
92,166,24,222.37,-5564.064,3502.6282
90,166,24,-31.252,-5099.4238,2942.4961
88,166,24,-231.986,-4679.312,2515.7861
86,166,24,-388.246,-4292.1118,2174.418
84,166,24,-507.244,-3943.6321,1900.3621
82,166,24,-598.596,-3624.1919,1670.78
80,166,24,-665.908,-3331.856,1477.2581
80,168,24,-396.66,-3211.824,1310.1801
82,168,24,-304.106,-3480.928,1470.046
84,168,24,-185.108,-3775.2,1659.962
86,168,24,-34.858,-4098.5122,1890.7461
88,168,24,153.856,-4450.8638,2173.2161
90,168,24,390.65,-4834.1919,2526.604
92,168,24,687.544,-5252.3682,2997.7881
94,168,24,1058.962,-5701.52,3662.4941
94,170,24,1503.702,-5316.2559,3120.3921
92,170,24,1102.234,-4925.1841,2563.866
90,170,24,776.492,-4559.2798,2175.6201
88,170,24,512.052,-4218.5439,1881.13
86,170,24,294.49,-3899.104,1645.5381
84,170,24,118.998,-3602.896,1452.016
82,170,24,-24.04,-3329.9199,1289.746
80,170,24,-140.634,-3078.24,1152.718
80,172,24,90.15,-2933.04,1003.67
82,172,24,224.774,-3161.488,1113.052
84,172,24,388.246,-3405.4241,1240.464
86,172,24,584.172,-3668.72,1391.916
88,172,24,822.168,-3953.312,1580.63
90,172,24,1109.446,-4255.3281,1818.626
92,172,24,1455.6221,-4572.832,2134.752
94,172,24,1879.928,-4903.8882,2597.522
94,174,24,2192.448,-4499.2642,2149.176
92,174,24,1765.738,-4230.1602,1771.748
90,174,24,1408.744,-3961.0559,1518.126
88,174,24,1108.244,-3697.76,1328.2101
86,174,24,854.622,-3448.0159,1177.96
84,174,24,641.868,-3211.824,1056.558
82,174,24,462.77,-2989.1841,953.186
80,174,24,310.116,-2780.0959,863.036
80,176,24,500.032,-2617.4719,733.22
82,176,24,663.504,-2803.3279,800.532
84,176,24,855.824,-2998.864,876.258
86,176,24,1080.598,-3207.9519,966.408
88,176,24,1345.038,-3426.72,1078.194
90,176,24,1651.548,-3651.2959,1220.03
92,176,24,2013.3501,-3879.7439,1417.1581
94,176,24,2436.4541,-4100.4478,1722.4661
94,178,24,2634.7839,-3734.5439,1354.6541
92,178,24,2229.71,-3554.4961,1115.4561
90,178,24,1875.12,-3362.832,964.004
88,178,24,1563.802,-3167.2959,860.632
86,178,24,1292.15,-2975.6321,780.098
84,178,24,1056.558,-2791.7119,713.988
82,178,24,852.218,-2617.4719,658.696
80,178,24,676.726,-2450.9761,609.414
80,180,24,829.38,-2278.6719,498.83
82,180,24,1010.882,-2423.8721,530.082
84,180,24,1223.636,-2574.8799,562.536
86,180,24,1464.036,-2733.6321,602.202
88,180,24,1741.698,-2898.1919,650.282
90,180,24,2055.4199,-3066.624,717.594
92,180,24,2406.4041,-3235.0559,817.36
94,180,24,2795.8521,-3395.7439,992.852
94,180,26,3002.5959,-3058.8799,823.37
92,180,26,2525.4021,-2956.272,712.786
90,180,26,2131.146,-2834.304,646.676
88,180,26,1798.192,-2700.72,603.404
86,180,26,1509.712,-2565.2,569.748
84,180,26,1262.1,-2427.7439,542.102
82,180,26,1045.74,-2296.0959,516.86
80,180,26,859.43,-2166.384,492.82
80,178,26,721.2,-2329.0081,607.01
82,178,26,899.096,-2474.208,647.878
84,178,26,1108.244,-2627.1521,693.554
86,178,26,1352.25,-2783.968,746.442
88,178,26,1639.5281,-2942.72,808.946
90,178,26,1978.4921,-3097.6001,887.076
92,178,26,2387.1721,-3242.8,994.054
94,178,26,2904.032,-3366.7041,1158.728
94,176,26,2783.832,-3697.76,1524.136
92,176,26,2240.5281,-3546.752,1307.776
90,176,26,1816.222,-3370.5759,1152.718
88,176,26,1472.4501,-3190.5281,1036.124
86,176,26,1185.172,-3004.6719,942.368
84,176,26,944.772,-2826.5601,864.238
82,176,26,740.432,-2652.3201,795.724
80,176,26,566.142,-2485.824,735.624
80,174,26,393.054,-2636.832,867.844
82,174,26,554.122,-2822.688,949.58
84,174,26,747.644,-3016.2881,1040.932
86,174,26,979.63,-3219.5679,1147.91
88,174,26,1260.8981,-3430.592,1276.524
90,174,26,1605.8721,-3645.488,1436.39
92,174,26,2038.592,-3854.5759,1644.3361
94,174,26,2613.1479,-4050.1121,1930.412
94,172,26,2400.394,-4410.208,2377.5562
92,172,26,1813.818,-4174.0161,2026.572
90,172,26,1376.29,-3924.272,1762.1321
88,172,26,1033.72,-3678.3999,1555.3881
86,172,26,758.462,-3438.3359,1385.906
84,172,26,536.092,-3206.0159,1244.0701
82,172,26,350.984,-2989.1841,1123.87
80,172,26,199.532,-2785.9041,1019.296
80,170,26,-10.818,-2919.488,1170.748
82,170,26,122.604,-3142.1279,1298.16
84,170,26,289.682,-3382.1919,1447.208
86,170,26,498.83,-3637.7439,1623.902
88,170,26,760.866,-3908.7839,1836.656
90,170,26,1091.416,-4191.4399,2098.6921
92,170,26,1524.136,-4481.8398,2432.8481
94,170,26,2123.9341,-4774.1758,2881.1941
94,168,26,1807.808,-5112.9761,3418.488
92,168,26,1212.818,-4781.9199,2889.6082
90,168,26,787.31,-4450.8638,2482.1301
88,168,26,468.78,-4135.2959,2162.3979
86,168,26,223.572,-3833.28,1897.958
84,168,26,31.252,-3552.5601,1681.598
82,168,26,-118.998,-3291.2,1498.894
80,168,26,-236.794,-3047.2639,1340.23
80,166,26,-480.8,-3157.616,1507.308
82,166,26,-385.842,-3415.104,1691.214
84,166,26,-256.026,-3697.76,1906.3721
86,166,26,-88.948,-4001.7119,2163.6001
88,166,26,133.422,-4328.896,2477.322
90,166,26,430.316,-4681.248,2864.366
92,166,26,836.592,-5049.0879,3355.9841
94,166,26,1426.774,-5432.416,4008.6702
94,164,26,1022.902,-5707.3281,4632.5083
92,164,26,445.942,-5293.0239,3881.2581
90,164,26,57.696,-4892.272,3301.894
88,164,26,-215.158,-4514.752,2845.134
86,164,26,-413.488,-4158.5278,2472.5142
84,164,26,-557.728,-3835.2161,2168.408
82,164,26,-664.706,-3535.136,1911.1801
80,164,26,-740.432,-3256.3521,1694.8201
80,162,26,-1010.882,-3335.728,1875.12
82,162,26,-961.6,-3622.2559,2119.126
84,162,26,-883.47,-3935.8879,2408.8081
86,162,26,-768.078,-4278.5601,2759.792
88,162,26,-601.0,-4654.144,3186.502
90,162,26,-359.398,-5054.896,3717.7861
92,162,26,-2.404,-5484.688,4393.3101
94,162,26,558.93,-5935.7759,5292.4062
94,160,26,86.544,-6113.8882,5975.1421
92,160,26,-456.76,-5647.312,4969.0679
90,160,26,-789.714,-5198.1602,4196.1821
88,160,26,-1001.266,-4778.0479,3586.7681
86,160,26,-1139.496,-4386.9761,3093.948
84,160,26,-1224.838,-4028.8159,2692.48
82,160,26,-1274.12,-3697.76,2357.1221
80,160,26,-1298.16,-3397.6799,2073.45
80,158,26,-1586.64,-3436.3999,2257.356
82,158,26,-1591.448,-3742.2881,2568.6741
84,158,26,-1569.812,-4079.1521,2938.8901
86,158,26,-1518.126,-4446.9922,3388.438
88,158,26,-1417.1581,-4849.6802,3941.3582
90,158,26,-1240.464,-5283.3437,4628.9019
92,158,26,-941.166,-5749.9199,5505.1602
94,158,26,-417.094,-6231.9839,6660.2822
94,156,26,-915.924,-6305.5518,7361.0483
92,156,26,-1424.37,-5817.6802,6098.9482
90,156,26,-1698.426,-5343.3599,5121.7222
88,156,26,-1843.868,-4900.0161,4353.644
86,156,26,-1913.584,-4491.52,3734.614
84,156,26,-1936.422,-4115.936,3232.178
82,156,26,-1925.604,-3769.3921,2812.6799
80,156,26,-1893.15,-3455.76,2459.292
80,154,26,-2187.6401,-3448.0159,2641.9961
82,154,26,-2248.9421,-3763.584,3020.626
84,154,26,-2289.8101,-4110.1279,3474.9822
86,154,26,-2303.032,-4487.6479,4026.7002
88,154,26,-2270.5781,-4900.0161,4705.8301
90,154,26,-2159.9941,-5347.2319,5549.6343
92,154,26,-1918.3921,-5821.5518,6625.4243
94,154,26,-1426.774,-6309.4238,8032.9663
94,152,26,-1925.604,-6274.5762,8721.7119
92,152,26,-2405.2021,-5786.7041,7208.394
90,152,26,-2623.9661,-5316.2559,6038.8481
88,152,26,-2704.5,-4872.9121,5113.3081
86,152,26,-2708.106,-4460.5439,4370.4722
84,152,26,-2662.4299,-4083.0239,3763.4622
82,152,26,-2590.3101,-3734.5439,3259.824
80,152,26,-2500.1602,-3415.104,2840.3262
80,150,26,-2795.8521,-3364.7681,3015.8181
82,150,26,-2912.446,-3674.5281,3458.1541
84,150,26,-3015.8181,-4017.2,3995.448
86,150,26,-3091.5439,-4390.8481,4645.73
88,150,26,-3122.7961,-4799.3437,5447.4639
90,150,26,-3077.1201,-5234.9438,6439.1143
92,150,26,-2888.406,-5695.7119,7707.2241
94,150,26,-2423.2319,-6175.8398,9365.9844
94,148,26,-2894.416,-6032.5762,10021.0742
92,148,26,-3358.3879,-5573.7441,8262.5479
90,148,26,-3530.2742,-5124.5918,6901.8843
88,148,26,-3550.708,-4698.6719,5828.498
86,148,26,-3489.406,-4301.792,4966.6641
84,148,26,-3381.2261,-3935.8879,4265.8979
82,148,26,-3249.0061,-3599.0239,3687.7361
80,148,26,-3102.3621,-3289.2639,3200.926
80,146,26,-3388.438,-3192.4639,3364.3979
82,146,26,-3559.1221,-3490.6079,3865.6321
84,146,26,-3718.988,-3817.792,4475.0459
86,146,26,-3856.0161,-4172.0801,5214.2759
88,146,26,-3949.772,-4555.4082,6125.3921
90,146,26,-3960.5901,-4961.9678,7262.4844
92,146,26,-3813.946,-5395.6318,8716.9043
94,146,26,-3352.3782,-5829.2959,10610.0537
94,144,26,-3763.4622,-5595.04,11166.5801
92,144,26,-4238.252,-5184.6079,9191.6943
90,144,26,-4372.876,-4779.9839,7657.9424
88,144,26,-4340.4219,-4390.8481,6454.7402
86,144,26,-4223.8281,-4024.9441,5494.3423
84,144,26,-4060.356,-3688.0801,4711.8398
82,144,26,-3872.844,-3370.5759,4067.5681
80,144,26,-3674.5142,-3078.24,3526.668
80,142,26,-3942.5601,-2942.72,3666.1001
82,142,26,-4160.1221,-3221.5039,4216.6162
84,142,26,-4370.4722,-3523.52,4884.9282
86,142,26,-4556.7822,-3846.832,5690.2681
88,142,26,-4698.6182,-4191.4399,6691.5342
90,142,26,-4755.1123,-4553.4722,7939.21
92,142,26,-4642.124,-4929.0562,9539.0723
94,142,26,-4166.1318,-5302.7041,11592.0879
94,140,26,-4511.106,-4991.0078,11884.1738
92,140,26,-5003.9263,-4661.8882,9881.6426
90,140,26,-5119.3179,-4323.0879,8240.9121
88,140,26,-5053.208,-3990.0959,6953.5703
86,140,26,-4895.7461,-3664.8479,5921.0522
84,140,26,-4690.2041,-3358.96,5083.2583
82,140,26,-4458.2183,-3066.624,4388.502
80,140,26,-4215.4141,-2795.584,3806.7341
80,138,26,-4464.228,-2631.0239,3923.3281
82,138,26,-4722.6582,-2888.512,4506.2979
84,138,26,-4972.6743,-3169.2319,5214.2759
86,138,26,-5195.0439,-3465.4399,6067.6963
88,138,26,-5365.728,-3771.3279,7112.2339
90,138,26,-5439.0503,-4083.0239,8410.3945
92,138,26,-5326.062,-4385.04,10071.5586
94,138,26,-4830.8379,-4667.6958,12054.8584
94,136,26,-5072.4399,-4404.3999,12131.7861
92,136,26,-5606.1279,-4154.6558,10235.0303
90,136,26,-5743.1562,-3872.0,8603.916
88,136,26,-5675.8442,-3571.9199,7298.5439
86,136,26,-5499.1499,-3271.8401,6240.7842
84,136,26,-5264.7603,-2981.4399,5374.1421
82,136,26,-4995.5122,-2708.4639,4649.3359
80,136,26,-4708.2339,-2452.9119,4033.9121
80,134,26,-4940.2202,-2259.312,4128.8701
82,134,26,-5243.124,-2505.1841,4739.4863
84,134,26,-5534.0083,-2780.0959,5473.9082
86,134,26,-5786.4282,-3070.4961,6345.3579
88,134,26,-5973.9399,-3380.2561,7403.1182
90,134,26,-6038.8481,-3693.8879,8682.0459
92,134,26,-5888.5981,-3995.9041,10279.5039
94,134,26,-5327.2642,-4259.2002,12096.9277
94,132,26,-5625.3599,-4282.4321,12047.6465
92,132,26,-6209.5322,-3930.0801,10348.0186
90,132,26,-6374.2061,-3569.9839,8815.4678
88,132,26,-6306.894,-3213.76,7549.7622
86,132,26,-6104.958,-2876.896,6494.4062
84,132,26,-5826.0942,-2569.072,5606.1279
82,132,26,-5506.3623,-2294.1599,4854.8779
80,132,26,-5172.2061,-2048.2881,4217.8179
80,130,26,-5390.9702,-1814.032,4293.5439
82,130,26,-5753.9741,-2052.1599,4930.604
84,130,26,-6109.7661,-2332.8799,5692.6719
86,130,26,-6428.2959,-2658.1279,6586.96
88,130,26,-6673.5039,-3037.584,7654.3359
90,130,26,-6779.2803,-3465.4399,8912.8301
92,130,26,-6643.4541,-3945.5679,10406.916
94,130,26,-6096.5439,-4468.2881,12021.2021
94,128,26,-6804.522,-4745.1357,12142.6045
92,128,26,-7257.6763,-3982.3521,10619.6699
90,128,26,-7306.958,-3349.28,9121.9785
88,128,26,-7121.8501,-2828.4961,7835.8384
86,128,26,-6806.9263,-2402.5759,6740.8159
84,128,26,-6424.6899,-2057.968,5817.6802
82,128,26,-6016.0103,-1775.312,5030.3701
80,128,26,-5602.522,-1544.928,4360.856
80,126,26,-5794.8423,-1246.7839,4414.9463
82,126,26,-6245.5923,-1455.8719,5083.2583
84,126,26,-6719.1802,-1726.912,5893.4062
86,126,26,-7180.748,-2073.4561,6845.3901
88,126,26,-7607.458,-2530.3521,7988.4922
90,126,26,-7939.21,-3128.5759,9337.1357
92,126,26,-8079.8442,-3918.4639,10924.9785
94,126,26,-7873.1001,-4952.2881,12458.7305
94,124,26,-9234.9658,-4857.4238,12890.248
92,124,26,-9089.5244,-3610.6399,11416.5967
90,124,26,-8684.4502,-2723.9519,9673.6963
88,124,26,-8157.9741,-2096.688,8212.0645
86,124,26,-7587.0239,-1647.536,7000.4482
84,124,26,-7022.084,-1324.224,5996.7783
82,124,26,-6477.5781,-1086.0959,5156.5801
80,124,26,-5963.1221,-906.048,4452.208
80,122,26,-6083.3223,-530.464,4466.6323
82,122,26,-6631.4341,-656.304,5167.3979
84,122,26,-7240.8481,-836.352,6024.4243
86,122,26,-7901.9482,-1093.84,7064.1543
88,122,26,-8623.1484,-1473.296,8347.8906
90,122,26,-9373.1963,-2030.864,9926.1162
92,122,26,-10135.2646,-2861.408,11812.0547
94,122,26,-10791.5566,-4106.2559,13345.8066
94,120,26,-12176.2598,-2559.3921,13635.4883
92,120,26,-11059.6025,-1633.984,12169.0479
90,120,26,-9993.4277,-1043.504,10195.3643
88,120,26,-9035.4346,-664.048,8493.332
86,120,26,-8179.6104,-422.048,7144.688
84,120,26,-7429.562,-267.168,6064.0903
82,120,26,-6756.4419,-170.368,5181.8223
80,120,26,-6157.8462,-112.288,4454.6123
80,120,28,-5513.5742,-135.52,4542.3579
82,120,28,-5967.9302,-189.728,5229.9019
84,120,28,-6469.1641,-274.912,6067.6963
86,120,28,-7005.2563,-404.624,7082.1841
88,120,28,-7575.0039,-602.096,8323.8506
90,120,28,-8163.9844,-902.176,9857.6025
92,120,28,-8721.7119,-1335.84,11689.4502
94,120,28,-9173.6641,-1976.656,13209.9805
94,122,28,-8255.3359,-3271.8401,12914.2881
92,122,28,-8100.2783,-2392.896,11462.2725
90,122,28,-7745.688,-1761.76,9722.9785
88,122,28,-7299.7461,-1320.3521,8280.5781
86,122,28,-6822.5522,-1004.784,7073.77
84,122,28,-6348.9644,-787.952,6084.5239
82,122,28,-5886.1943,-625.328,5252.7402
80,122,28,-5449.8682,-513.04,4555.5801
80,124,28,-5332.0723,-865.392,4535.146
82,124,28,-5719.1162,-1024.144,5205.8623
84,124,28,-6120.584,-1237.104,6007.5962
86,124,28,-6512.436,-1515.8879,6955.9741
88,124,28,-6871.834,-1893.408,8087.0562
90,124,28,-7151.8999,-2406.448,9426.084
92,124,28,-7276.9082,-3107.28,10994.6943
94,124,28,-7127.8604,-4052.0481,12488.7803
94,126,28,-6070.1001,-4365.6802,12015.1924
92,126,28,-6482.3862,-3511.9041,10606.4482
90,126,28,-6564.1221,-2843.9839,9179.6738
88,126,28,-6440.3159,-2329.0081,7939.21
86,126,28,-6189.0981,-1928.256,6862.2183
84,126,28,-5876.5781,-1622.368,5948.6982
82,126,28,-5534.0083,-1378.432,5164.9941
80,126,28,-5180.6201,-1186.7679,4497.8843
80,128,28,-5002.7241,-1467.488,4438.9858
82,128,28,-5304.4263,-1680.448,5073.6421
84,128,28,-5590.502,-1936.0,5823.6899
86,128,28,-5832.104,-2249.6321,6701.1499
88,128,28,-5987.1621,-2632.96,7721.6479
90,128,28,-5993.1719,-3105.344,8897.2041
92,128,28,-5758.7822,-3682.272,10221.8086
94,128,28,-5140.9541,-4394.7202,11632.9561
94,130,28,-4414.9463,-4313.4082,11396.1621
92,130,28,-5158.9839,-3761.6479,10006.6504
90,130,28,-5501.5542,-3281.52,8715.7021
88,130,28,-5582.0879,-2871.0879,7583.418
86,130,28,-5497.9482,-2512.928,6586.96
84,130,28,-5315.2441,-2210.9121,5738.3481
82,130,28,-5073.6421,-1949.552,5001.522
80,130,28,-4803.1919,-1726.912,4369.27
80,132,28,-4596.4482,-1945.6799,4282.7261
82,132,28,-4830.8379,-2174.1279,4888.5342
84,132,28,-5031.5723,-2435.488,5598.916
86,132,28,-5174.6099,-2727.824,6429.498
88,132,28,-5211.8721,-3051.136,7394.7041
90,132,28,-5084.46,-3409.2959,8520.9785
92,132,28,-4690.2041,-3800.3679,9810.7246
94,132,28,-3863.228,-4226.2881,11237.498
94,134,28,-3438.9221,-4216.6079,11165.3779
92,134,28,-4298.3521,-3875.8721,9709.7559
90,134,28,-4728.668,-3544.8159,8398.374
88,134,28,-4886.1299,-3227.312,7284.1201
86,134,28,-4877.7163,-2923.3599,6316.5103
84,134,28,-4765.9302,-2644.5759,5499.1499
82,134,28,-4590.438,-2385.1521,4794.7783
80,134,28,-4378.8862,-2152.832,4193.7783
80,136,28,-4158.9199,-2330.9441,4086.8
82,136,28,-4342.8262,-2569.072,4662.5581
84,136,28,-4493.0762,-2824.624,5342.8901
86,136,28,-4584.4282,-3103.408,6147.0283
88,136,28,-4576.0142,-3393.8079,7095.4062
90,136,28,-4408.936,-3693.8879,8222.8818
92,136,28,-3976.2161,-3992.032,9540.2744
94,136,28,-3097.554,-4290.1758,11059.6025
94,138,28,-2793.448,-4446.9922,10922.5742
92,138,28,-3663.696,-4164.3359,9403.2461
90,138,28,-4103.6279,-3868.1279,8071.4302
88,138,28,-4281.5239,-3573.856,6954.772
86,138,28,-4304.3623,-3283.4561,6011.2021
84,138,28,-4231.04,-3006.6079,5222.6899
82,138,28,-4097.6182,-2745.248,4547.166
80,138,28,-3930.54,-2503.248,3977.418
80,140,28,-3694.948,-2650.384,3847.6021
82,140,28,-3836.7842,-2900.1279,4389.7041
84,140,28,-3948.5701,-3167.2959,5036.3799
86,140,28,-4006.2661,-3451.8879,5805.6602
88,140,28,-3973.812,-3748.0959,6721.584
90,140,28,-3793.512,-4053.9839,7819.0103
92,140,28,-3363.196,-4356.0,9133.998
94,140,28,-2497.7561,-4646.3999,10673.7598
94,142,28,-2191.2461,-4861.2959,10358.8359
92,142,28,-3036.252,-4559.2798,8869.5586
90,142,28,-3473.78,-4239.8398,7588.2261
88,142,28,-3666.1001,-3924.272,6520.8501
86,142,28,-3712.978,-3616.448,5622.9561
84,142,28,-3669.7061,-3326.0481,4881.3223
82,142,28,-3574.748,-3049.2,4246.666
80,142,28,-3446.134,-2791.7119,3714.1802
80,144,28,-3194.916,-2911.7439,3560.324
82,144,28,-3300.6921,-3176.9761,4060.356
84,144,28,-3374.0142,-3459.6321,4656.5479
86,144,28,-3399.2561,-3761.6479,5368.1323
88,144,28,-3337.9541,-4083.0239,6222.7539
90,144,28,-3138.4221,-4414.0801,7248.0601
92,144,28,-2709.3081,-4749.0078,8476.5039
94,144,28,-1882.332,-5068.4478,9926.1162
94,146,28,-1557.792,-5252.3682,9469.3564
92,146,28,-2355.9199,-4919.376,8111.0962
90,146,28,-2793.448,-4568.96,6939.146
88,146,28,-3007.4041,-4224.3521,5964.3242
86,146,28,-3086.7361,-3893.2959,5145.7622
84,146,28,-3081.928,-3581.6001,4470.2383
82,146,28,-3026.636,-3289.2639,3892.0762
80,146,28,-2936.4861,-3016.2881,3402.8621
80,148,28,-2668.4399,-3099.5359,3224.9661
82,148,28,-2732.146,-3378.3201,3673.312
84,148,28,-2764.6001,-3676.4639,4208.2021
86,148,28,-2750.176,-3995.9041,4845.2622
88,148,28,-2652.814,-4338.5762,5608.5322
90,148,28,-2428.04,-4692.8638,6524.4561
92,148,28,-1996.5221,-5054.896,7620.6802
94,148,28,-1212.818,-5405.312,8918.8398
94,150,28,-852.218,-5521.4722,8371.9297
92,150,28,-1615.488,-5161.376,7179.5459
90,150,28,-2056.6221,-4789.6641,6153.0381
88,150,28,-2297.022,-4427.6318,5299.6182
86,150,28,-2416.02,-4079.1521,4580.8223
84,150,28,-2454.4841,-3755.8401,3985.832
82,150,28,-2442.4641,-3449.9519,3476.1841
80,150,28,-2397.99,-3167.2959,3048.272
80,152,28,-2123.9341,-3211.824,2855.9521
82,152,28,-2143.166,-3492.5439,3240.592
84,152,28,-2129.9441,-3798.4319,3703.3621
86,152,28,-2068.6421,-4127.5518,4252.6763
88,152,28,-1932.816,-4477.9678,4908.9683
90,152,28,-1679.194,-4845.8081,5696.2783
92,152,28,-1235.656,-5221.3921,6638.646
94,152,28,-477.194,-5593.104,7751.6982
94,154,28,-96.16,-5624.0801,7162.7183
92,154,28,-842.602,-5252.3682,6155.4419
90,154,28,-1296.958,-4872.9121,5291.2041
88,154,28,-1569.812,-4507.0078,4572.4082
86,154,28,-1729.678,-4154.6558,3965.3982
84,154,28,-1815.02,-3827.4719,3460.5581
82,154,28,-1848.676,-3521.584,3032.646
80,154,28,-1849.8781,-3238.928,2666.0361
80,156,28,-1579.428,-3240.864,2470.1101
82,156,28,-1554.186,-3517.7119,2792.2461
84,156,28,-1496.49,-3821.6641,3176.886
86,156,28,-1389.5121,-4143.04,3628.8381
88,156,28,-1210.4141,-4489.584,4173.3442
90,156,28,-921.934,-4853.5518,4823.626
92,156,28,-461.568,-5229.1357,5602.522
94,156,28,282.47,-5600.8481,6520.8501
94,158,28,658.696,-5540.832,5911.436
92,158,28,-73.322,-5178.7998,5101.2881
90,158,28,-545.708,-4810.96,4405.3301
88,158,28,-852.218,-4452.7998,3822.3601
86,158,28,-1055.3561,-4114.0,3334.3481
84,158,28,-1183.97,-3796.4961,2923.2642
82,158,28,-1265.7061,-3500.2881,2574.6841
80,158,28,-1310.1801,-3225.376,2275.386
80,160,28,-1050.548,-3186.656,2078.2581
82,160,28,-982.034,-3451.8879,2336.688
84,160,28,-879.864,-3738.416,2640.7939
86,160,28,-728.412,-4046.24,3002.5959
88,160,28,-507.244,-4373.4238,3430.5081
90,160,28,-185.108,-4718.0317,3940.156
92,160,28,292.086,-5072.3198,4549.5703
94,160,28,1025.306,-5424.6719,5269.5679
94,162,28,1381.098,-5269.792,4660.1543
92,162,28,663.504,-4938.7358,4050.74
90,162,28,174.29,-4601.8721,3525.4661
88,162,28,-165.876,-4272.752,3083.1301
86,162,28,-408.68,-3957.1841,2706.9041
84,162,28,-581.768,-3664.8479,2389.5759
82,162,28,-705.574,-3388.0,2117.9241
80,162,28,-792.118,-3130.512,1884.7361
80,164,28,-550.516,-3055.0081,1694.8201
82,164,28,-444.74,-3297.0081,1890.7461
84,164,28,-301.702,-3558.3679,2121.53
86,164,28,-111.786,-3837.1521,2391.98
88,164,28,147.846,-4131.4238,2708.106
90,164,28,500.032,-4439.248,3084.332
92,164,28,994.054,-4754.8159,3530.2742
94,164,28,1708.042,-5066.5122,4047.134
94,166,28,2010.946,-4830.3198,3490.6082
92,166,28,1313.786,-4551.5361,3069.908
90,166,28,814.956,-4265.0078,2700.894
88,166,28,449.548,-3978.48,2385.97
86,166,28,174.29,-3703.5679,2117.9241
84,166,28,-33.656,-3442.208,1885.938
82,166,28,-194.724,-3196.3359,1687.608
80,166,28,-317.328,-2965.9519,1513.318
80,168,28,-102.17,-2859.4719,1339.0281
82,168,28,33.656,-3072.4319,1479.662
84,168,28,210.35,-3300.8799,1641.932
86,168,28,430.316,-3540.9441,1829.4441
88,168,28,716.392,-3792.624,2047.006
90,168,28,1087.8101,-4048.176,2303.032
92,168,28,1584.2361,-4305.6641,2601.1279
94,168,28,2270.5781,-4551.5361,2938.8901
94,170,28,2503.7661,-4257.2642,2450.8779
92,170,28,1837.858,-4050.1121,2191.2461
90,170,28,1347.442,-3827.4719,1958.058
88,170,28,972.418,-3599.0239,1756.1221
86,170,28,676.726,-3372.512,1579.428
84,170,28,443.538,-3153.7439,1426.774
82,170,28,254.824,-2942.72,1292.15
80,170,28,103.372,-2747.1841,1174.354
80,172,28,287.278,-2619.408,1018.094
82,172,28,448.346,-2799.4561,1109.446
84,172,28,645.474,-2987.248,1211.616
86,172,28,885.874,-3178.9119,1327.0081
88,172,28,1183.97,-3380.2561,1460.4301
90,172,28,1557.792,-3579.6641,1614.286
92,172,28,2038.592,-3769.3921,1789.7781
94,172,28,2681.6621,-3937.824,1980.896
94,174,28,2829.5081,-3622.2559,1572.2161
92,174,28,2221.2961,-3490.6079,1439.996
90,174,28,1753.718,-3333.792,1313.786
88,174,28,1383.5021,-3163.4241,1202.0
86,174,28,1083.0021,-2989.1841,1103.436
84,174,28,838.996,-2816.8799,1016.892
82,174,28,634.656,-2646.512,938.762
80,174,28,462.77,-2481.9519,866.642
80,176,28,613.02,-2340.624,728.412
82,176,28,788.512,-2485.824,778.896
84,176,28,997.66,-2634.896,832.986
86,176,28,1244.0701,-2785.9041,890.682
88,176,28,1542.166,-2936.9119,954.388
90,176,28,1901.5641,-3080.176,1027.71
92,176,28,2351.1121,-3209.8879,1109.446
94,176,28,2931.678,-3308.624,1192.384
94,178,28,3006.2021,-3012.416,857.026
92,178,28,2468.908,-2938.8479,814.956
90,178,28,2042.198,-2834.304,771.684
88,178,28,1692.416,-2716.208,732.018
86,178,28,1396.724,-2586.4961,695.958
84,178,28,1149.1121,-2454.8479,661.1
82,178,28,936.358,-2323.2,628.646
80,178,28,753.654,-2195.4241,596.192
80,180,28,872.652,-2042.48,478.396
82,180,28,1055.3561,-2154.7681,494.022
84,180,28,1269.312,-2267.0559,506.042
86,180,28,1515.722,-2379.344,516.86
88,180,28,1805.4041,-2485.824,526.476
90,180,28,2143.166,-2586.4961,533.688
92,180,28,2547.0381,-2669.7439,539.698
94,180,28,3051.8782,-2725.8879,540.9
94,180,30,2986.97,-2443.2319,260.834
92,180,30,2525.4021,-2421.936,347.378
90,180,30,2137.156,-2367.728,399.064
88,180,30,1807.808,-2296.0959,429.114
86,180,30,1525.338,-2210.9121,447.144
84,180,30,1282.5341,-2117.9839,454.356
82,180,30,1072.184,-2023.12,454.356
80,180,30,890.682,-1926.3199,449.548
80,178,30,783.704,-2067.6479,568.546
82,178,30,962.802,-2178.0,590.182
84,178,30,1171.9501,-2288.3521,607.01
86,178,30,1417.1581,-2398.7041,620.232
88,178,30,1705.6381,-2499.376,627.444
90,178,30,2049.4102,-2590.3679,621.434
92,178,30,2461.696,-2660.064,598.596
94,178,30,2968.9399,-2698.7839,536.092
94,176,30,2937.688,-2965.9519,832.986
92,176,30,2399.1921,-2905.936,865.44
90,176,30,1960.462,-2814.9441,859.43
88,176,30,1602.266,-2704.592,836.592
86,176,30,1304.17,-2582.624,806.542
84,176,30,1056.558,-2458.72,771.684
82,176,30,843.804,-2330.9441,734.422
80,176,30,664.706,-2205.104,697.16
80,174,30,528.88,-2334.8159,832.986
82,174,30,700.766,-2476.144,889.48
84,174,30,909.914,-2619.408,947.176
86,174,30,1158.728,-2764.6079,1007.276
88,174,30,1460.4301,-2905.936,1068.578
90,174,30,1831.848,-3039.52,1125.072
92,174,30,2292.2141,-3155.6799,1167.142
94,174,30,2870.376,-3242.8,1170.748
94,172,30,2783.832,-3519.6479,1537.358
92,172,30,2175.6201,-3405.4241,1494.0861
90,172,30,1696.022,-3264.0959,1414.754
88,172,30,1313.786,-3109.2161,1324.604
86,172,30,1004.872,-2944.656,1234.454
84,172,30,756.058,-2782.032,1145.506
82,172,30,549.314,-2619.408,1062.568
80,172,30,378.63,-2462.592,985.64
80,170,30,212.754,-2578.752,1139.496
82,170,30,373.822,-2751.0559,1238.0601
84,170,30,573.354,-2929.168,1346.24
86,170,30,819.764,-3113.0879,1466.4401
88,170,30,1127.4761,-3300.8799,1593.8521
90,170,30,1514.52,-3480.928,1727.274
92,170,30,2010.946,-3649.3599,1855.8881
94,170,30,2656.4202,-3796.4961,1950.8461
94,168,30,2503.7661,-4052.0481,2391.98
92,168,30,1841.464,-3883.616,2246.5381
90,168,30,1329.412,-3688.0801,2069.844
88,168,30,933.954,-3484.8,1894.3521
86,168,30,625.04,-3277.6479,1727.274
84,168,30,382.236,-3074.3679,1574.62
82,168,30,188.714,-2876.896,1436.39
80,168,30,33.656,-2689.104,1310.1801
80,166,30,-157.462,-2783.968,1479.662
82,166,30,-16.828,-2985.312,1629.912
84,166,30,165.876,-3196.3359,1796.99
86,166,30,399.064,-3417.04,1984.5021
88,166,30,701.968,-3645.488,2196.054
90,166,30,1097.426,-3873.936,2423.2319
92,166,30,1617.8921,-4092.7039,2657.6221
94,166,30,2311.446,-4294.0479,2875.1841
94,164,30,2105.9041,-4505.0718,3378.822
92,164,30,1394.3201,-4284.3682,3103.564
90,164,30,863.036,-4042.3679,2810.2761
88,164,30,465.174,-3794.5601,2532.614
86,164,30,167.078,-3550.624,2278.9919
84,164,30,-57.696,-3314.4319,2051.814
82,164,30,-230.784,-3085.9839,1848.676
80,164,30,-361.802,-2871.0879,1669.578
80,162,30,-574.556,-2938.8479,1849.8781
82,162,30,-460.366,-3161.488,2054.218
84,162,30,-302.904,-3401.552,2287.406
86,162,30,-90.15,-3651.2959,2555.4521
88,162,30,195.926,-3910.72,2855.9521
90,162,30,586.576,-4177.8882,3192.512
92,162,30,1121.4661,-4439.248,3554.314
94,162,30,1859.494,-4687.0562,3913.7122
94,160,30,1608.276,-4832.2559,4465.4302
92,160,30,854.622,-4570.896,4041.124
90,160,30,312.52,-4297.9199,3619.2222
88,160,30,-74.524,-4017.2,3226.168
86,160,30,-355.792,-3742.2881,2872.78
84,160,30,-556.526,-3478.9919,2562.6641
82,160,30,-700.766,-3229.248,2291.012
80,160,30,-802.936,-2994.9919,2050.6121
80,158,30,-1031.316,-3029.8401,2235.72
82,158,30,-947.176,-3267.968,2500.1602
84,158,30,-819.764,-3523.52,2804.2661
86,158,30,-634.656,-3796.4961,3155.25
88,158,30,-367.812,-4081.0879,3556.718
90,158,30,10.818,-4369.5518,4009.8721
92,158,30,552.92,-4659.9521,4507.5
94,158,30,1328.2101,-4934.8638,5020.7539
94,156,30,1049.3461,-5000.688,5582.0879
92,156,30,263.238,-4723.8398,5009.936
90,156,30,-286.076,-4425.6958,4448.6021
88,156,30,-662.302,-4127.5518,3937.752
86,156,30,-919.53,-3835.2161,3484.5981
84,156,30,-1092.618,-3558.3679,3089.1401
82,156,30,-1204.4041,-3295.072,2744.166
80,156,30,-1274.12,-3047.2639,2441.262
80,154,30,-1509.712,-3043.3921,2625.168
82,154,30,-1459.228,-3291.2,2950.9102
84,154,30,-1364.27,-3558.3679,3328.3381
86,154,30,-1209.212,-3839.0879,3763.4622
88,154,30,-966.408,-4135.2959,4268.3022
90,154,30,-601.0,-4437.312,4840.4541
92,154,30,-54.09,-4739.3281,5467.8979
94,154,30,753.654,-5025.856,6128.998
94,152,30,468.78,-5014.2397,6673.5039
92,152,30,-353.388,-4731.584,5961.9199
90,152,30,-905.106,-4431.5039,5270.77
88,152,30,-1269.312,-4127.5518,4642.124
86,152,30,-1502.5,-3829.408,4089.2041
84,152,30,-1644.3361,-3544.8159,3608.4041
82,152,30,-1724.87,-3277.6479,3191.3101
80,152,30,-1759.728,-3024.032,2828.3062
80,150,30,-2000.1281,-2983.376,3007.4041
82,150,30,-1983.3,-3231.1841,3390.842
84,150,30,-1920.796,-3498.3521,3836.7842
86,150,30,-1795.7881,-3781.0081,4356.0479
88,150,30,-1578.2261,-4077.2161,4954.644
90,150,30,-1223.636,-4377.2959,5633.7739
92,150,30,-670.716,-4677.376,6391.0342
94,150,30,170.684,-4960.0317,7190.3643
94,148,30,-105.776,-4878.7202,7694.002
92,148,30,-965.206,-4601.8721,6847.7939
90,148,30,-1524.136,-4309.5361,6036.4443
88,148,30,-1877.524,-4007.52,5300.8203
86,148,30,-2087.874,-3713.248,4656.5479
84,148,30,-2200.8621,-3434.4639,4098.8203
82,148,30,-2246.5381,-3169.2319,3613.2122
80,148,30,-2247.74,-2921.4241,3192.512
80,146,30,-2483.332,-2842.0481,3359.5901
82,146,30,-2500.1602,-3085.9839,3794.7141
84,146,30,-2472.5142,-3345.408,4306.7661
86,146,30,-2377.5562,-3618.384,4895.7461
88,146,30,-2180.428,-3906.8479,5579.6841
90,146,30,-1836.656,-4197.248,6359.7822
92,146,30,-1272.918,-4487.6479,7230.0303
94,146,30,-393.054,-4758.688,8145.9541
94,144,30,-651.484,-4628.9761,8566.6543
92,144,30,-1551.782,-4363.7441,7624.2861
90,144,30,-2123.9341,-4079.1521,6711.9683
88,144,30,-2466.5042,-3792.624,5888.5981
86,144,30,-2655.218,-3513.8401,5167.3979
84,144,30,-2739.3582,-3244.7361,4542.3579
82,144,30,-2753.782,-2987.248,3999.054
80,144,30,-2718.9241,-2747.1841,3525.4661
80,142,30,-2946.1021,-2634.896,3670.908
82,142,30,-2997.7881,-2867.2161,4154.1123
84,142,30,-2998.99,-3116.96,4717.8501
86,142,30,-2931.678,-3380.2561,5368.1323
88,142,30,-2757.3879,-3657.104,6124.1899
90,142,30,-2423.2319,-3937.824,6981.2163
92,142,30,-1851.0801,-4214.6719,7938.0083
94,142,30,-929.146,-4479.9038,8936.8701
94,140,30,-1193.5861,-4336.6401,9255.4004
92,140,30,-2125.136,-4067.5359,8244.5186
90,140,30,-2703.2981,-3790.688,7269.6963
88,140,30,-3035.05,-3513.8401,6382.6201
86,140,30,-3202.1282,-3240.864,5601.3203
84,140,30,-3258.6221,-2981.4399,4920.9883
82,140,30,-3241.7939,-2735.5679,4330.8062
80,140,30,-3174.4822,-2507.1199,3816.3501
80,138,30,-3390.842,-2365.792,3943.762
82,138,30,-3474.9822,-2586.4961,4461.8242
84,138,30,-3509.8401,-2828.4961,5066.4302
86,138,30,-3471.376,-3084.0481,5762.3882
88,138,30,-3318.7222,-3357.0239,6564.1221
90,138,30,-2998.99,-3635.8079,7469.228
92,138,30,-2428.04,-3918.4639,8471.6963
94,138,30,-1494.0861,-4201.1201,9506.6182
94,136,30,-1795.7881,-4102.3838,9720.5742
92,136,30,-2721.3281,-3792.624,8698.874
90,136,30,-3286.2681,-3490.6079,7694.002
88,136,30,-3599.99,-3202.144,6776.876
86,136,30,-3740.624,-2927.2319,5955.9102
84,136,30,-3762.26,-2667.8081,5237.1143
82,136,30,-3708.1702,-2429.6799,4610.8721
80,136,30,-3603.5959,-2207.04,4061.5581
80,134,30,-3807.936,-2036.672,4166.1318
82,134,30,-3930.54,-2249.6321,4713.042
84,134,30,-4008.6702,-2489.696,5354.9102
86,134,30,-4009.8721,-2749.1199,6083.3223
88,134,30,-3895.6821,-3039.52,6921.1162
90,134,30,-3609.606,-3349.28,7851.4644
92,134,30,-3069.908,-3682.272,8869.5586
94,134,30,-2172.0142,-4042.3679,9903.2783
94,132,30,-2595.1182,-4021.072,10101.6084
92,132,30,-3444.9321,-3595.1521,9077.5039
90,132,30,-3950.9741,-3213.76,8053.4004
88,132,30,-4208.2021,-2873.0239,7105.022
86,132,30,-4293.5439,-2569.072,6255.208
84,132,30,-4263.4941,-2299.968,5503.958
82,132,30,-4157.7183,-2059.9041,4840.4541
80,132,30,-4007.468,-1846.944,4263.4941
80,130,30,-4197.3843,-1633.984,4347.6343
82,130,30,-4375.2803,-1835.328,4928.2002
84,130,30,-4514.7119,-2073.4561,5603.7241
86,130,30,-4585.6299,-2352.24,6374.2061
88,130,30,-4548.3682,-2677.488,7254.0703
90,130,30,-4348.8359,-3055.0081,8227.6904
92,130,30,-3910.106,-3496.416,9283.0459
94,130,30,-3137.22,-4015.2639,10363.6445
94,128,30,-3769.4722,-3966.864,10718.2344
92,128,30,-4437.7842,-3355.0879,9582.3438
90,128,30,-4793.5762,-2855.6001,8474.1006
88,128,30,-4926.998,-2443.2319,7457.208
86,128,30,-4905.3623,-2102.4961,6543.688
84,128,30,-4785.1621,-1823.712,5739.5503
82,128,30,-4604.8623,-1591.392,5036.3799
80,128,30,-4388.502,-1397.792,4423.3599
80,126,30,-4549.5703,-1132.5599,4479.854
82,126,30,-4797.1821,-1302.928,5096.48
84,126,30,-5023.1582,-1517.824,5817.6802
86,126,30,-5204.6602,-1786.928,6650.666
88,126,30,-5304.4263,-2127.6641,7611.064
90,126,30,-5275.5781,-2557.4561,8695.2686
92,126,30,-5048.3999,-3103.408,9908.0859
94,126,30,-4536.3481,-3788.752,11185.8125
94,124,30,-5335.6782,-3395.7439,11683.4404
92,124,30,-5680.6523,-2687.168,10303.5439
90,124,30,-5768.3979,-2137.344,8978.9404
88,124,30,-5687.8643,-1721.104,7809.394
86,124,30,-5503.958,-1403.6,6793.7041
84,124,30,-5258.75,-1163.536,5921.0522
82,124,30,-4982.29,-977.68,5169.8022
80,124,30,-4692.6079,-834.416,4521.9243
80,122,30,-4795.98,-509.168,4538.752
82,122,30,-5112.106,-611.776,5181.8223
84,122,30,-5433.04,-751.168,5948.6982
86,122,30,-5739.5503,-937.024,6850.1982
88,122,30,-6012.4043,-1192.576,7917.5742
90,122,30,-6214.3403,-1541.056,9166.4521
92,122,30,-6287.6621,-2021.184,10629.2861
94,122,30,-6149.4321,-2662.0,12112.5547
94,120,30,-6800.916,-1591.392,12429.8818
92,120,30,-6776.876,-1128.688,10902.1406
90,120,30,-6574.9399,-793.76,9339.54
88,120,30,-6274.4399,-555.632,8018.542
86,120,30,-5929.4663,-393.008,6906.6919
84,120,30,-5568.8662,-280.72,5977.5459
82,120,30,-5210.6699,-203.28,5193.8423
80,120,30,-4860.8882,-152.944,4529.1362
